# Blender 4.2.1 LTS
# www.blender.org
mtllib ala02Dragon.mtl
o Object002
v -0.598594 0.036023 1.169416
v -0.616094 0.168567 1.381218
v -0.667794 0.242369 1.326394
v -0.637594 0.119987 1.111681
v -0.687294 0.359370 1.533650
v -0.627194 0.283662 1.587620
v -0.740094 0.418942 1.486653
v -0.713994 0.299591 1.278083
v -0.687394 0.171127 1.069031
v -0.761794 0.603947 1.839920
v -0.754294 0.522744 1.679886
v -0.692494 0.449044 1.722318
v -0.691294 0.513375 1.877935
v -0.627394 0.358408 1.767788
v -0.621294 0.406736 1.914664
v -0.298094 0.218386 1.634276
v -0.287594 0.287794 1.803564
v -0.513894 0.275904 1.811998
v -0.520694 0.197129 1.648045
v -0.292394 0.277987 1.945386
v -0.503594 0.320906 1.944927
v -0.297794 0.115281 1.428731
v -0.504894 0.103469 1.438890
v -0.481694 -0.006864 1.216065
v -0.284294 0.032284 1.196560
v 0.659906 -0.109252 1.462401
v 0.522106 -0.031978 1.486185
v 0.484106 -0.112611 1.290828
v 0.606206 -0.193949 1.282751
v 0.291406 -0.020755 1.318025
v 0.313606 0.059591 1.527967
v 0.270406 -0.107018 1.098539
v 0.446106 -0.204124 1.079129
v 0.556406 -0.285936 1.076234
v -0.001594 0.006038 1.139491
v 0.003406 0.100704 1.362593
v 0.015906 0.199387 1.576537
v 0.020106 -0.405906 0.199886
v -0.164394 -0.418824 0.258004
v -0.153694 -0.487490 0.226971
v 0.008806 -0.485256 0.198219
v 0.168606 -0.518669 0.166737
v 0.215906 -0.456013 0.260923
v 0.024206 -0.379634 0.292355
v 0.202006 -0.470332 0.185843
v -0.190394 -0.311538 0.287514
v 0.898806 -0.950041 0.026322
v 0.920606 -0.906539 0.070916
v 0.846206 -0.875303 0.072667
v 0.821406 -0.918480 0.010870
v 0.870806 -0.850024 0.158049
v 0.941606 -0.882765 0.145413
v 0.801906 -0.815458 0.170621
v 0.773906 -0.840670 0.076978
v 0.748706 -0.877108 -0.011774
v 0.362806 -0.639773 0.134922
v 0.413906 -0.582578 0.146409
v 0.328706 -0.526223 0.162022
v 0.280306 -0.572682 0.151732
v 0.350206 -0.516849 0.236356
v 0.438506 -0.574359 0.223417
v 0.230506 -0.607276 0.158721
v 0.289806 -0.657477 0.150062
v 0.133106 -0.561113 0.168972
v 0.318906 -0.699635 0.140030
v 0.361306 -0.711716 0.132910
v -0.317494 -0.641739 0.333432
v -0.247094 -0.559639 0.302381
v -0.294594 -0.500710 0.319135
v -0.394094 -0.600298 0.342766
v -0.355694 -0.415236 0.335719
v -0.501994 -0.533469 0.371643
v -0.288594 -0.666373 0.309650
v -0.235494 -0.594844 0.276918
v -0.152194 -0.537782 0.223645
v -0.008294 -0.535099 0.199186
v -0.058894 0.468957 0.775454
v -0.162094 0.584474 0.741798
v -0.141994 0.660959 0.962027
v -0.030894 0.550339 0.993699
v -0.257694 0.760035 0.912917
v -0.292994 0.657603 0.711493
v -0.224694 0.852504 1.117278
v -0.125794 0.733555 1.181144
v 0.000606 0.629893 1.208176
v 0.394506 0.593776 1.537974
v 0.351906 0.520324 1.397405
v 0.197606 0.602908 1.404435
v 0.240606 0.678968 1.542016
v 0.156306 0.529885 1.214910
v 0.308906 0.449163 1.205199
v 0.033906 0.698851 1.399490
v 0.065606 0.763721 1.547110
v -0.159794 1.025384 1.421971
v -0.065294 0.885527 1.508525
v -0.107794 0.801936 1.376114
v -0.195894 0.933787 1.299912
v -0.571094 0.790295 1.101709
v -0.400194 0.864197 1.087136
v -0.435594 0.755777 0.892193
v -0.592894 0.659273 0.921570
v -0.469994 0.641940 0.706326
v -0.610594 0.526864 0.757485
v -1.066294 1.485050 2.828859
v -0.981394 1.443107 2.875229
v -1.047394 1.653794 3.029848
v -1.117794 1.676849 2.985253
v -0.965094 1.640369 3.064000
v -0.885394 1.416735 2.911223
v -1.058094 1.831262 3.244377
v -1.134394 1.841798 3.205311
v -1.187794 1.859364 3.152539
v -0.288394 0.288009 2.037957
v -0.491794 0.352110 2.040561
v -0.473394 0.386101 2.115582
v -0.275694 0.315864 2.102799
v -0.600694 0.473253 2.105357
v -0.611494 0.443399 2.019480
v -0.239294 0.420197 2.196768
v -0.428694 0.481634 2.241482
v -0.451194 0.425507 2.186972
v -0.257694 0.357225 2.158410
v -0.569994 0.550402 2.257804
v -0.585694 0.507431 2.189782
v -0.692894 0.583769 2.072160
v -0.690394 0.555342 1.986165
v -0.768194 0.654580 1.948976
v -0.772994 0.691085 2.031787
v -0.696494 0.611058 2.159921
v -0.780494 0.726043 2.114094
v -0.700194 0.645343 2.235787
v -0.792994 0.767536 2.189589
v 0.029406 0.236860 1.771111
v 0.344606 0.124691 1.721804
v 0.336106 0.069839 1.893556
v 0.015206 0.175397 1.933228
v 0.007906 0.165512 2.037727
v 0.320006 0.045853 2.011848
v 0.318206 0.083531 2.091081
v 0.014306 0.202990 2.103016
v 0.027806 0.262995 2.137055
v 0.327706 0.153719 2.129774
v 0.339806 0.229859 2.140603
v 0.040506 0.332668 2.153395
v 0.564706 0.027627 1.658733
v 0.714706 -0.054204 1.609547
v 0.734506 -0.075862 1.754867
v 0.575006 -0.001187 1.820264
v 2.392906 -0.438446 1.500585
v 2.456906 -0.401857 1.560313
v 2.401406 -0.522046 1.638337
v 2.337606 -0.542277 1.581547
v 2.427706 -0.493658 1.691350
v 2.484106 -0.374848 1.613852
v 2.294706 -0.531205 1.755839
v 2.271006 -0.554122 1.707271
v 2.258906 -0.559890 1.645508
v 2.407506 -0.411869 1.786516
v 2.340806 -0.456164 1.815334
v 2.319306 -0.497581 1.791886
v 2.439706 -0.459575 1.739356
v 2.485806 -0.348533 1.671939
v 2.447906 -0.322286 1.740606
v 2.231006 -0.360310 1.447335
v 2.249506 -0.446968 1.476986
v 2.092306 -0.447834 1.443392
v 2.179806 -0.285859 1.444027
v 2.098706 -0.396213 1.391628
v 2.065406 -0.326927 1.382303
v 2.280806 -0.244691 1.470165
v 2.363106 -0.329426 1.461847
v -0.136294 1.085039 1.487327
v -0.036594 0.948952 1.583650
v -0.128094 1.130189 1.539397
v -0.014294 1.003926 1.621470
v 0.119606 0.891276 1.659433
v 0.082506 0.819245 1.638752
v 1.436306 -0.531967 1.393301
v 1.520006 -0.434683 1.561482
v 1.393506 -0.379392 1.581393
v 1.326906 -0.480053 1.408940
v 1.428306 -0.370932 1.761798
v 1.583506 -0.412661 1.729133
v 1.274406 -0.323386 1.597363
v 1.295506 -0.309687 1.779359
v 1.219106 -0.424935 1.421669
v 1.620906 -0.416893 1.843646
v 1.456006 -0.373240 1.883218
v 1.489506 -0.337895 1.957911
v 1.655506 -0.392576 1.916297
v 1.344706 -0.289264 1.987140
v 1.314906 -0.327407 1.909158
v 1.289206 0.413143 1.656528
v 1.233406 0.347734 1.602826
v 1.075606 0.463850 1.599401
v 1.129106 0.549187 1.654187
v 1.018006 0.372001 1.589954
v 1.166406 0.265059 1.591851
v 0.903206 0.467466 1.590998
v 0.944206 0.562279 1.610210
v 0.979906 0.645431 1.677115
v 1.292206 0.391426 1.817774
v 1.303206 0.419350 1.741240
v 1.149706 0.570425 1.765161
v 1.129506 0.525803 1.861503
v 1.000306 0.675224 1.791322
v 0.988006 0.635815 1.898730
v 0.961206 0.573987 1.969232
v 0.928306 0.507225 2.027292
v 1.062806 0.398005 1.983211
v 1.101706 0.467815 1.928069
v 1.231706 0.275748 1.937026
v 1.265706 0.340259 1.877664
v -0.134594 1.177994 1.610571
v -0.009994 1.049529 1.674709
v -0.018594 1.082562 1.738512
v -0.150394 1.215392 1.691179
v 0.141206 0.974985 1.759992
v 0.138706 0.944216 1.702031
v 0.120306 0.977988 1.885533
v 0.132806 0.986370 1.821983
v -0.032494 1.103204 1.804533
v -0.041394 1.108081 1.877777
v -0.167594 1.243530 1.777841
v -0.173894 1.261662 1.868544
v -0.952094 1.126069 2.530675
v -0.850294 1.046639 2.575285
v -0.926794 1.223725 2.732384
v -1.019794 1.289068 2.677467
v -0.811794 1.186143 2.765405
v -0.722894 0.998665 2.593640
v -0.600094 0.974768 2.590526
v -0.702294 1.170473 2.778086
v -0.516394 1.120249 2.799778
v -0.413794 0.919502 2.596738
v -0.612794 1.339328 2.998351
v -0.790194 1.403886 2.941718
v -0.091894 0.796474 2.624574
v -0.169594 0.986472 2.855157
v 0.191706 0.764229 2.961029
v 0.240906 0.596770 2.696775
v 0.132606 0.946830 3.230582
v -0.251894 1.186508 3.089973
v 0.543706 0.459233 2.750051
v 0.515906 0.593478 3.044767
v 0.772506 0.475890 3.104373
v 0.775206 0.349051 2.795394
v 0.748106 0.616850 3.421848
v 0.474706 0.750508 3.344167
v 2.699906 -0.094878 3.318619
v 2.883206 0.011675 3.745364
v 2.893806 -0.059941 3.740066
v 2.612906 -0.195541 2.863698
v 2.570006 -0.139415 2.868692
v 2.651106 -0.068379 3.331954
v 2.516806 -0.107524 2.868511
v 2.852106 0.066951 3.756097
v 1.456906 0.387592 2.747270
v 1.218106 0.522946 2.748671
v 1.306706 0.609478 3.051995
v 1.566006 0.439040 3.092310
v 1.058706 0.725041 3.038111
v 1.002906 0.625793 2.758846
v 1.098506 0.834129 3.335500
v 1.372906 0.714339 3.370212
v 1.665806 0.547530 3.437624
v -0.261794 1.428586 2.470459
v -0.295194 1.546661 2.647803
v -0.099094 1.401850 2.730585
v -0.086994 1.277345 2.532941
v -0.128394 1.554819 2.926493
v -0.344894 1.697605 2.827513
v 0.100706 1.427288 3.004367
v 0.114106 1.285228 2.788199
v 0.103506 1.155823 2.576302
v 1.533606 0.298262 3.590698
v 1.500106 0.154942 3.224005
v 1.724006 0.059692 3.255361
v 1.787106 0.205216 3.634543
v 1.690106 0.022096 2.844257
v 1.476106 0.072318 2.839607
v 1.922106 -0.078304 2.859411
v 1.979306 -0.054959 3.291651
v 2.066806 0.071001 3.697932
v -0.658594 1.779326 2.284722
v -0.695994 1.903604 2.390467
v -0.441994 1.794027 2.486110
v -0.396394 1.682639 2.341807
v -0.504094 1.935213 2.646295
v -0.743794 2.056483 2.522830
v 2.362106 -0.168820 1.708265
v 2.314806 -0.168153 1.799113
v 2.353306 -0.234119 1.809274
v 2.423406 -0.241991 1.715672
v 2.306006 -0.216249 1.912045
v 2.276406 -0.159316 1.893042
v 2.362406 -0.293346 1.825760
v 2.316206 -0.266977 1.930646
v 1.693106 -0.346089 1.971264
v 1.523106 -0.282708 2.007256
v 1.550806 -0.221808 2.031326
v 1.728106 -0.279959 1.993899
v 1.374706 -0.224956 2.028395
v 1.399706 -0.157046 2.045110
v -0.171294 1.214075 2.052639
v -0.043594 1.053421 2.038764
v -0.047894 1.076447 1.959575
v -0.163194 1.254341 1.971159
v 0.102606 0.939259 1.945935
v 0.108006 0.930710 2.015413
v -0.199194 1.243752 2.165419
v -0.229794 1.320247 2.300435
v -0.076694 1.160402 2.338399
v -0.055694 1.086998 2.176558
v 0.090206 1.031863 2.362089
v 0.093006 0.954021 2.178592
v -0.590694 0.670866 2.345606
v -0.732894 0.767970 2.341821
v -0.710494 0.690187 2.287112
v -0.568194 0.593783 2.297139
v -0.813094 0.822919 2.251363
v -0.844094 0.898194 2.318351
v -0.780394 0.893282 2.439632
v -0.643294 0.822128 2.443168
v -0.889394 0.999388 2.410095
v -0.246294 0.611794 2.282745
v -0.442594 0.637422 2.327533
v -0.420794 0.542967 2.277710
v -0.229894 0.498960 2.225385
v -0.506894 0.795009 2.429953
v -0.314994 0.750717 2.417728
v 0.049906 0.408294 2.169703
v 0.346306 0.285956 2.165158
v 0.332006 0.344054 2.257942
v 0.039706 0.506072 2.248196
v -0.016994 0.630186 2.416342
v 0.290106 0.447515 2.449920
v 0.799806 0.171978 2.303087
v 0.596506 0.251523 2.274626
v 0.599606 0.193438 2.188701
v 0.791306 0.105493 2.232101
v 0.589006 0.139909 2.156816
v 0.774206 0.048516 2.207331
v 0.570306 0.334231 2.481144
v 0.782806 0.235175 2.516945
v 2.316506 -0.145442 2.129416
v 2.354906 -0.194464 2.141886
v 2.310006 -0.204667 1.993424
v 2.274806 -0.154421 1.974658
v 2.325106 -0.256944 2.004562
v 2.371506 -0.247687 2.144027
v 2.456506 -0.167061 2.452431
v 2.409906 -0.120707 2.444957
v 2.465806 -0.226750 2.457763
v 0.912606 0.470427 2.119309
v 1.060206 0.380057 2.078389
v 1.082906 0.396139 2.224291
v 0.933506 0.500503 2.262294
v 1.268606 0.284949 2.177531
v 1.235806 0.268707 2.031307
v 1.349106 0.329353 2.429582
v 1.136106 0.441511 2.461945
v 0.954806 0.537873 2.490940
v -0.039394 1.061072 2.093814
v -0.182694 1.208373 2.099495
v 0.105106 0.932240 2.076422
v -0.356194 1.580840 2.204402
v -0.323894 1.500808 2.091111
v -0.581494 1.600276 2.069179
v -0.618494 1.681164 2.170480
v -2.326394 3.225898 3.625577
v -2.350894 3.206647 3.592210
v -2.314894 3.235321 3.581122
v -2.297594 3.252189 3.626583
v -2.348494 3.239623 3.541143
v -2.371494 3.214757 3.557064
v -2.308794 3.291077 3.535545
v -2.278694 3.285254 3.581780
v -2.257294 3.301553 3.631603
v -2.441194 3.341850 3.617996
v -2.423894 3.385409 3.604108
v -2.445694 3.357103 3.556653
v -2.462994 3.302230 3.594681
v -2.393794 3.428738 3.537045
v -2.378094 3.461619 3.589634
v -2.383594 3.377946 3.498862
v -2.438194 3.310713 3.514102
v -2.458194 3.254513 3.563857
v -2.396594 3.344803 3.686653
v -2.366694 3.393021 3.688096
v -2.398394 3.399922 3.649060
v -2.428094 3.337978 3.656216
v -2.351194 3.474929 3.641489
v -2.317694 3.465278 3.689242
v -2.241994 3.329820 3.681676
v -2.289794 3.272173 3.673660
v -2.303694 3.308146 3.711021
v -2.247194 3.371111 3.726991
v -2.361294 3.258844 3.686949
v -2.339094 3.229239 3.655661
v -2.228694 3.348861 3.593598
v -2.209494 3.367332 3.642998
v -2.256294 3.360245 3.546474
v -2.188794 3.414862 3.557624
v -2.167294 3.403078 3.610142
v -2.141494 3.407025 3.661885
v -2.283394 3.396166 3.503757
v -2.346494 3.322622 3.492358
v -2.208994 3.455283 3.515191
v -2.311494 3.454176 3.480356
v -2.221294 3.512939 3.481358
v -2.312894 3.559910 3.574407
v -2.323994 3.517802 3.514463
v -2.226594 3.588368 3.497640
v -2.213694 3.635640 3.561282
v -2.248094 3.547284 3.690650
v -2.282194 3.565949 3.636407
v -2.188094 3.639690 3.631595
v -2.160094 3.613156 3.691267
v -2.280594 3.426610 3.723634
v -2.213894 3.502370 3.728867
v -2.186194 3.442232 3.734544
v -2.121094 3.498310 3.746087
v -2.135094 3.561025 3.729148
v -2.121794 3.433374 3.722801
v -2.188394 3.397526 3.689893
v -2.099394 3.407593 3.626563
v -2.080894 3.408007 3.689948
v -2.116694 3.426646 3.569345
v -2.049394 3.418060 3.584160
v -2.039194 3.399901 3.646133
v -2.023794 3.411338 3.707727
v -2.126594 3.468917 3.522011
v -2.127094 3.529565 3.494617
v -2.043694 3.524463 3.514424
v -2.050394 3.460196 3.531664
v -2.100594 3.650196 3.562574
v -2.116894 3.600410 3.507378
v -2.027294 3.586850 3.531730
v -2.007894 3.631491 3.579196
v -2.063294 3.628992 3.692019
v -2.081194 3.655771 3.632782
v -1.989994 3.653871 3.642720
v -1.979094 3.629951 3.705557
v -2.052894 3.518872 3.751590
v -2.053194 3.580448 3.734099
v -1.987294 3.517667 3.763937
v -1.978594 3.580290 3.747693
v -2.006394 3.454181 3.755060
v -2.065294 3.452877 3.741074
v -1.949794 3.474393 3.152621
v -2.029594 3.493809 3.108863
v -1.992194 3.514998 3.056159
v -1.908794 3.496202 3.102116
v -2.102194 3.516784 3.072628
v -2.062294 3.540554 3.012495
v -2.015494 3.581377 3.007226
v -1.959594 3.567428 3.027595
v -1.872994 3.546669 3.069261
v -1.922494 3.418446 3.265438
v -1.855994 3.397495 3.313231
v -1.882394 3.448648 3.372639
v -2.000994 3.442876 3.211845
v -1.938494 3.485136 3.316281
v -2.017094 3.507970 3.261775
v -1.865794 3.455042 3.209800
v -1.792394 3.427272 3.266588
v -1.849494 3.591824 3.391397
v -1.921694 3.616514 3.342779
v -1.946094 3.546102 3.349134
v -1.882094 3.519245 3.402007
v -2.007694 3.638521 3.296938
v -2.024294 3.568492 3.294167
v -1.813994 3.649649 3.372510
v -1.885294 3.665447 3.311641
v -1.845594 3.692650 3.268494
v -1.768594 3.684713 3.334825
v -1.927894 3.719343 3.218424
v -1.972494 3.696927 3.271270
v -1.717494 3.685378 3.278640
v -1.805594 3.691255 3.214965
v -1.774694 3.659082 3.162367
v -1.681894 3.642707 3.224573
v -1.860394 3.682037 3.103842
v -1.885794 3.725277 3.158185
v -1.763794 3.596684 3.125798
v -1.670794 3.573695 3.188452
v -1.713194 3.509314 3.213544
v -1.856094 3.617049 3.071675
v -1.786594 3.526548 3.131584
v -1.825794 3.484087 3.168003
v -1.751894 3.469360 3.242323
v -1.991994 3.449458 3.540551
v -1.992494 3.410224 3.600182
v -1.983094 3.516924 3.523526
v -1.941194 3.445933 3.548260
v -1.931894 3.514441 3.528648
v -1.939794 3.405337 3.609831
v -1.965194 3.580850 3.542949
v -1.911794 3.582549 3.545389
v -1.943694 3.631221 3.588237
v -1.888694 3.630601 3.597636
v -1.916394 3.628655 3.723237
v -1.925694 3.656244 3.656240
v -1.869794 3.657418 3.668898
v -1.860494 3.623078 3.738948
v -1.929994 3.510002 3.780183
v -1.918094 3.573932 3.763201
v -1.861794 3.562209 3.780431
v -1.873894 3.492997 3.799246
v -1.950694 3.445491 3.770668
v -1.967594 3.403761 3.724085
v -1.916194 3.376277 3.735328
v -1.896494 3.421716 3.786731
v -1.929894 3.377938 3.671508
v -1.983494 3.392090 3.664276
v -1.879594 3.524797 3.531208
v -1.894394 3.451615 3.545673
v -1.849394 3.460047 3.536687
v -1.829894 3.535770 3.532133
v -1.845494 3.384827 3.570653
v -1.885294 3.400632 3.605689
v -1.852294 3.413105 3.402396
v -1.850894 3.492235 3.439028
v -1.837794 3.472798 3.462816
v -1.838194 3.364969 3.430512
v -1.784094 3.550473 3.474248
v -1.805894 3.570127 3.437176
v -1.763294 3.626596 3.599736
v -1.712394 3.628342 3.566987
v -1.758494 3.602465 3.524891
v -1.800094 3.598299 3.548349
v -1.742394 3.610595 3.483393
v -1.669094 3.638836 3.498065
v -1.786494 3.536087 3.514224
v -1.825894 3.631680 3.604836
v -1.853994 3.589797 3.551678
v -1.765894 3.631942 3.433331
v -1.710194 3.665611 3.406356
v -1.798794 3.619945 3.752154
v -1.806694 3.656954 3.677107
v -1.741094 3.647912 3.672198
v -1.731994 3.614937 3.756544
v -1.815194 3.465214 3.825173
v -1.800594 3.545616 3.798640
v -1.736394 3.531538 3.817680
v -1.759694 3.439579 3.860154
v -1.855494 3.370156 3.501376
v -1.826494 3.462163 3.499549
v -1.532594 3.595024 3.396250
v -1.602194 3.621824 3.299704
v -1.648994 3.659947 3.355397
v -1.591594 3.624955 3.448254
v -1.417994 3.514471 3.463405
v -1.326894 3.488722 3.582073
v -1.309394 3.416136 3.537016
v -1.417994 3.442103 3.438344
v -1.554094 3.441449 3.347397
v -1.500294 3.532620 3.339612
v -1.462994 3.562816 3.516497
v -1.390294 3.536680 3.638139
v -1.581794 3.551068 3.248331
v -1.647094 3.482463 3.286486
v -1.638094 3.383358 3.336601
v -1.691794 3.430954 3.300246
v -1.743894 3.388950 3.313026
v -1.703694 3.323435 3.339079
v -1.811894 3.373951 3.346871
v -1.790394 3.325899 3.363502
v -1.697394 3.252454 3.342838
v -1.767594 3.262796 3.374137
v -1.742094 3.189314 3.376966
v -1.676894 3.187452 3.339411
v -1.799894 3.189526 3.448090
v -1.818394 3.273057 3.442436
v -1.711194 3.111180 3.372936
v -1.673394 3.036037 3.363750
v -1.658594 3.114778 3.322882
v -1.623894 3.045555 3.317795
v -1.723894 3.019817 3.424766
v -1.768694 3.102769 3.439810
v -1.521694 3.043338 3.274445
v -1.552494 3.102973 3.286552
v -1.551794 3.104947 3.243546
v -1.536994 3.061498 3.219430
v -1.583294 3.153683 3.285899
v -1.581594 3.143436 3.231418
v -1.565694 3.116559 3.157526
v -1.594394 3.108948 3.313450
v -1.621094 3.170863 3.318895
v -1.558294 3.043635 3.310082
v -1.468794 2.909600 3.103532
v -1.436894 2.942446 3.048817
v -1.382094 2.831383 3.020428
v -1.416594 2.792130 3.064727
v -1.329394 2.886691 3.010794
v -1.382994 2.981042 3.025811
v -1.248694 2.776528 3.002591
v -1.302294 2.703872 2.987476
v -1.360294 2.654808 3.012647
v -1.428094 3.067922 3.017669
v -1.488594 3.040137 3.058319
v -1.533494 3.128725 3.048685
v -1.456694 3.153038 2.998304
v -1.518294 3.014093 3.128946
v -1.387394 3.179500 2.992576
v -1.362594 3.105639 3.023088
v -1.307894 3.155262 3.064043
v -1.329294 3.216228 3.023380
v -1.273594 3.093161 3.089432
v -1.323594 3.030710 3.037023
v -1.458894 3.336081 3.354240
v -1.507594 3.367575 3.378008
v -1.399194 3.381286 3.419831
v -1.369194 3.341186 3.390907
v -1.300094 3.350876 3.499973
v -1.286894 3.301419 3.453090
v -1.583194 3.337004 3.355671
v -1.529194 3.302280 3.349735
v -1.576794 3.264932 3.319052
v -1.631194 3.284327 3.343563
v -1.498694 3.308012 3.299555
v -1.425194 3.335203 3.327704
v -1.487194 3.311865 3.324159
v -1.413694 3.337713 3.296063
v -1.638894 3.228593 3.330149
v -1.604794 3.211232 3.293902
v -1.621794 3.205304 3.234135
v -1.590294 3.278710 3.250457
v -1.612094 3.316529 3.150606
v -1.599694 3.210864 3.148132
v -1.507194 3.325114 3.254991
v -1.509794 3.372263 3.192661
v -1.409894 3.354483 3.255591
v -1.406394 3.400520 3.201788
v -1.545994 3.313131 3.005652
v -1.550894 3.221316 3.032312
v -1.469894 3.320857 2.901477
v -1.465094 3.239905 2.954663
v -1.537694 3.482376 3.001586
v -1.523194 3.479585 2.920849
v -1.539794 3.399265 2.962218
v -1.571994 3.419015 3.061401
v -1.480694 3.401732 2.867442
v -1.487894 3.458831 2.861873
v -1.333194 3.345298 2.909704
v -1.287394 3.396483 2.948745
v -1.283394 3.328441 3.007344
v -1.332894 3.277652 2.966036
v -1.277494 3.430252 2.999938
v -1.272894 3.392509 3.058955
v -1.292094 3.269372 3.079114
v -1.279994 3.328436 3.138947
v -1.394694 3.255947 2.944551
v -1.393794 3.324440 2.877842
v -1.312894 3.491238 3.000119
v -1.311294 3.449971 3.100126
v -1.381494 3.526718 3.008776
v -1.394794 3.470357 3.115489
v -1.315894 3.387128 3.186933
v -1.365094 3.496710 2.859850
v -1.342594 3.429807 2.866360
v -1.405994 3.405603 2.819944
v -1.430694 3.505314 2.817810
v -1.494194 3.447144 3.107119
v -1.472894 3.520549 3.009687
v -1.455594 3.555362 2.905814
v -1.369594 3.529146 2.914298
v -1.316394 3.472789 2.920367
v -0.529394 1.018243 1.376164
v -0.343894 1.066559 1.372980
v -0.369394 0.964694 1.257752
v -0.548494 0.912614 1.259639
v -0.327094 1.132862 1.433757
v -0.516994 1.086430 1.441825
v -0.511494 1.139595 1.493528
v -0.320794 1.184832 1.481472
v -0.667294 0.975066 1.385564
v -0.643694 1.049234 1.457954
v -0.748694 1.033585 1.464285
v -0.777694 0.952440 1.385843
v -0.729294 1.103764 1.528592
v -0.628294 1.107578 1.515576
v -0.512894 1.203743 1.563100
v -0.323894 1.248307 1.549242
v -0.517794 1.269859 1.643114
v -0.331794 1.305382 1.631305
v -0.725494 1.180513 1.593554
v -0.623794 1.173339 1.587476
v -0.625394 1.238307 1.666231
v -0.724094 1.235040 1.674276
v -0.521994 1.335664 1.723188
v -0.337894 1.356522 1.726410
v -0.523594 1.398071 1.798382
v -0.333694 1.400699 1.820003
v -0.628994 1.297063 1.742361
v -0.724694 1.277724 1.752245
v -0.635994 1.350084 1.814517
v -0.732394 1.322246 1.819965
v -0.526594 1.505039 1.938680
v -0.548694 1.545965 1.996856
v -0.304294 1.457674 2.028210
v -0.300594 1.443546 1.997326
v -0.314094 1.430990 1.919551
v -0.521994 1.454308 1.869848
v -0.647794 1.398099 1.880978
v -0.746594 1.365256 1.883052
v -0.676094 1.444920 1.950410
v -0.782794 1.411193 1.950755
v -0.723794 0.739151 1.114206
v -0.697494 0.865863 1.267060
v -0.811794 0.850476 1.272921
v -0.872394 0.729125 1.129236
v -0.854594 0.591170 0.946580
v -0.737094 0.612838 0.939722
v -0.749994 0.504624 0.774151
v -0.856194 0.486760 0.791287
v -0.945594 0.640780 1.144751
v -0.918794 0.526517 0.978392
v -0.876094 0.459591 1.032297
v -0.911294 0.574584 1.215491
v -0.901394 0.424225 0.823880
v -0.860194 0.358900 0.860849
v -0.876394 0.864099 1.296075
v -0.866994 0.940235 1.385866
v -0.930994 0.816605 1.260440
v -0.948394 0.907020 1.378411
v -0.944694 0.680417 1.371473
v -0.969794 0.741584 1.292112
v -1.009694 0.837169 1.417614
v -0.999994 0.769371 1.498331
v -0.860294 1.114777 1.543137
v -0.864794 1.035895 1.461258
v -0.963894 0.998684 1.489890
v -0.973094 1.076382 1.591683
v -0.833994 0.515415 1.377806
v -0.862194 0.638509 1.560745
v -0.907694 0.659178 1.467131
v -0.865694 0.548020 1.295529
v -0.971894 0.738842 1.594089
v -0.937294 0.737824 1.729593
v -0.813494 0.587606 1.629444
v -0.841394 0.674822 1.789757
v -0.789794 0.472073 1.438011
v -1.039794 1.003450 1.641376
v -1.033994 0.929235 1.535297
v -1.033194 0.851838 1.599132
v -1.044094 0.914273 1.692683
v -1.009994 0.805558 1.654012
v -1.013694 0.833260 1.733961
v -0.859494 0.729203 1.905655
v -0.858694 0.779622 1.991590
v -0.954194 0.846433 1.952495
v -0.949694 0.794306 1.861094
v -0.981894 1.134013 1.669482
v -0.861394 1.179603 1.618344
v -0.866794 1.236189 1.687132
v -0.991394 1.182346 1.734270
v -1.026594 0.920434 1.897698
v -1.018694 0.872361 1.816203
v -1.050694 0.961082 1.769173
v -1.057994 1.004613 1.836764
v -1.044794 1.095450 1.785875
v -1.039594 1.053044 1.721254
v -0.999594 1.229512 1.799512
v -0.873394 1.285876 1.753912
v -0.879594 1.328015 1.819809
v -1.003594 1.276121 1.864378
v -1.053294 1.143814 1.849659
v -1.063894 1.056323 1.903505
v -1.064294 1.111783 1.964684
v -1.056794 1.195157 1.913024
v -0.948494 0.907685 2.032682
v -1.031994 0.976310 1.974260
v -0.955594 0.990830 2.108158
v -1.031794 1.037563 2.030445
v -0.868694 0.881009 2.148406
v -0.859194 0.828837 2.072831
v -1.048494 1.211780 2.076442
v -1.042894 1.300071 2.038129
v -1.052794 1.246732 1.974604
v -1.058694 1.166974 2.017861
v -1.000094 1.321725 1.926895
v -0.995194 1.368426 1.993386
v -0.883594 1.363799 1.886492
v -0.895694 1.397828 1.954257
v -1.037294 1.098205 2.056499
v -1.017794 1.112935 2.105211
v -0.856894 1.464689 2.031645
v -0.731794 1.495687 2.031348
v -0.792394 1.565524 2.116082
v -0.973794 1.510850 2.132455
v -0.919094 1.018083 2.281331
v -0.889294 0.943010 2.213563
v -0.956894 1.052780 2.180671
v -0.975194 1.129297 2.245098
v -0.926094 1.434784 2.022000
v -0.996094 1.421292 2.069052
v -1.017694 1.238788 2.222859
v -1.010094 1.164345 2.157996
v -1.042294 1.269193 2.136564
v -1.046694 1.340688 2.205480
v -1.041294 1.434012 2.181941
v -1.036794 1.360563 2.107124
v -0.986794 1.605022 2.236294
v -0.832794 1.656871 2.207552
v -0.862894 1.760057 2.307221
v -1.003894 1.706833 2.333363
v -1.007494 1.224015 2.474762
v -0.956694 1.108980 2.366188
v -1.000594 1.217736 2.325600
v -1.035494 1.328252 2.427837
v -1.061094 1.431052 2.404323
v -1.036294 1.325288 2.304319
v -1.061294 1.427313 2.289074
v -1.078394 1.530365 2.388221
v -1.064894 1.624431 2.365182
v -1.051394 1.522598 2.267505
v -1.022494 1.817095 2.436777
v -0.894394 1.870104 2.413834
v -1.051594 1.950081 2.563926
v -0.934694 2.007858 2.544630
v -1.109394 1.553910 2.763206
v -1.061294 1.378748 2.610695
v -1.069994 1.474392 2.556196
v -1.110694 1.635684 2.704480
v -1.107994 1.712718 2.669743
v -1.080494 1.564175 2.526549
v -1.095394 1.650726 2.503136
v -1.113794 1.789119 2.639864
v -1.103194 1.870719 2.602596
v -1.080194 1.737810 2.472532
v -1.218294 1.890380 3.089417
v -1.156294 1.725749 2.922647
v -1.159894 1.793300 2.865496
v -1.222994 1.943652 3.032725
v -1.838194 3.319374 3.617891
v -1.869594 3.331051 3.731049
v -1.876494 3.352819 3.659965
v -1.806294 3.247145 3.706299
v -1.717094 3.027231 3.613203
v -1.751694 3.120894 3.648199
v -1.790894 3.113746 3.544405
v -1.747294 3.021411 3.516239
v -1.823294 3.205418 3.556754
v -1.849794 3.375701 3.810181
v -1.807294 3.341756 3.833087
v -1.846894 3.286800 3.532769
v -1.715194 3.114573 3.844528
v -1.712494 3.113936 3.788274
v -1.777594 3.006118 3.846431
v -1.797494 3.031704 3.899280
v -1.816994 3.058183 3.963842
v -1.727394 3.108965 3.923163
v -1.710994 3.206902 3.899822
v -1.735894 3.224081 3.816745
v -1.805994 3.057942 4.031478
v -1.729094 3.116835 4.000529
v -1.783694 3.056987 4.116971
v -1.718494 3.134050 4.067313
v -1.697394 3.195162 4.029391
v -1.702294 3.198182 3.973715
v -1.911794 2.590330 4.006649
v -1.789494 2.599207 4.109559
v -1.816394 2.647885 4.134558
v -1.939794 2.647954 4.033419
v -1.650694 2.635244 4.194427
v -1.670594 2.681364 4.212739
v -1.691794 2.734765 4.223933
v -1.839194 2.707823 4.148217
v -1.961794 2.715463 4.053208
v -1.681394 2.315814 3.790062
v -1.629694 2.279468 3.738534
v -1.572394 2.322426 3.870894
v -1.602794 2.371128 3.917377
v -1.537494 2.274653 3.812633
v -1.578094 2.242561 3.685117
v -1.474894 2.329134 3.906862
v -1.493294 2.384508 3.970249
v -1.507894 2.436496 4.019378
v -1.516094 2.205143 3.617818
v -1.488894 2.227142 3.737665
v -1.430994 2.192495 3.690896
v -1.426794 2.148249 3.534367
v -1.413794 2.236187 3.772728
v -1.443194 2.271150 3.830228
v -1.729594 2.328170 3.578384
v -1.654994 2.289835 3.520445
v -1.654794 2.270688 3.619401
v -1.717894 2.314545 3.674429
v -1.590794 2.237376 3.563931
v -1.584494 2.259558 3.465674
v -1.675194 2.408966 3.428871
v -1.611994 2.367921 3.388630
v -1.644294 2.322031 3.445174
v -1.714694 2.358519 3.493292
v -1.578994 2.297916 3.400383
v -1.568094 2.340525 3.369025
v -1.515294 2.229018 3.406734
v -1.521894 2.204438 3.500947
v -1.428494 2.153600 3.409714
v -1.423794 2.183752 3.329235
v -1.314394 2.081562 3.197930
v -1.309194 2.046092 3.263497
v -1.290494 2.027110 3.335649
v -1.679994 2.602589 3.582880
v -1.597194 2.556055 3.532142
v -1.683894 2.518993 3.482235
v -1.770294 2.572344 3.538702
v -1.594394 2.468773 3.431924
v -1.499994 2.500809 3.489446
v -1.756094 2.462417 3.489990
v -1.831394 2.523711 3.559795
v -1.211294 2.018312 3.001511
v -1.154594 1.867497 2.830086
v -1.141794 1.947080 2.803648
v -1.193794 2.102689 2.978521
v -1.081894 2.403686 2.831682
v -1.001294 2.216918 2.683104
v -1.089794 2.113144 2.741182
v -1.170194 2.306996 2.927491
v -0.803994 2.256523 2.692601
v -0.929094 2.473840 2.907785
v -1.179094 2.185079 2.949120
v -1.126594 2.028910 2.774678
v -1.189494 2.557337 2.937220
v -1.120494 2.652151 2.965711
v -1.266094 2.501386 2.979647
v -1.413394 2.250232 3.294232
v -1.305394 2.152970 3.166897
v -1.280094 2.233895 3.147188
v -1.386194 2.367731 3.318114
v -1.510794 2.283010 3.349934
v -1.507694 2.354500 3.348459
v -1.443094 2.449927 3.418678
v -1.534794 2.412332 3.385240
v -1.340594 2.523048 3.332705
v -1.382494 2.530375 3.416555
v -1.389294 2.627041 3.401418
v -1.370394 2.643341 3.320446
v -1.437994 2.565064 3.486221
v -1.405694 2.626973 3.473917
v -1.366094 2.661697 3.244582
v -1.335394 2.538437 3.243244
v -1.335194 2.541771 3.153422
v -1.382494 2.664946 3.166245
v -1.299994 2.443972 3.145519
v -1.315994 2.407886 3.210400
v -1.316494 2.511071 3.058560
v -1.257394 2.385478 3.061960
v -1.391094 2.648971 3.082983
v -1.258894 2.301469 3.099923
v -2.077794 3.467018 3.168199
v -2.148194 3.503367 3.136127
v -2.089094 3.529297 3.215744
v -2.134994 3.540941 3.185193
v -2.030794 3.705033 3.037256
v -1.945794 3.698173 3.063590
v -1.943094 3.634870 3.031643
v -2.024394 3.639604 3.003821
v -2.061694 3.747130 3.149133
v -2.120694 3.723347 3.173766
v -2.057494 3.717406 3.230978
v -2.006894 3.740382 3.177701
v -2.093394 3.651259 3.251806
v -2.166094 3.656797 3.196155
v -2.097194 3.584847 3.240631
v -2.152694 3.590320 3.187795
v -2.049394 3.737332 3.096627
v -1.968694 3.738214 3.117718
v -2.169394 3.642336 3.055608
v -2.198394 3.656040 3.112960
v -2.132794 3.713668 3.098686
v -2.118494 3.680144 3.036332
v -2.196094 3.573631 3.122391
v -2.168794 3.575823 3.042101
v -2.100294 3.611806 3.008972
v -2.431294 3.228142 3.642408
v -2.394594 3.197808 3.615160
v -2.421094 3.209431 3.546083
v -2.393894 3.263585 3.508163
v -2.437194 3.281754 3.653529
v -2.386494 3.303192 3.700291
v -2.334994 3.357344 3.717331
v -1.505694 2.615218 3.558709
v -1.566494 2.667233 3.614599
v -1.506794 2.745356 3.535127
v -1.445794 2.677165 3.503551
v -1.675694 2.945997 3.406978
v -1.705394 2.938359 3.491903
v -1.639494 2.875330 3.474110
v -1.621694 2.880337 3.389245
v -1.624394 2.877378 3.573709
v -1.676794 2.946425 3.588657
v -1.496994 2.767766 3.357736
v -1.424794 2.718157 3.337557
v -1.444894 2.694549 3.411929
v -1.508094 2.755199 3.436371
v -1.561794 2.820671 3.373504
v -1.576694 2.812245 3.455200
v -1.569394 2.811050 3.555688
v -1.463994 2.879456 3.170800
v -1.506794 2.980033 3.197621
v -1.490894 2.960985 3.256352
v -1.447694 2.858479 3.249752
v -1.467994 2.803080 3.300318
v -1.416694 2.762529 3.201348
v -1.407894 2.745258 3.271202
v -1.555294 2.934964 3.305905
v -1.506794 2.907098 3.288358
v -1.523094 2.858867 3.320293
v -1.578794 2.913234 3.334134
v -1.436594 2.769654 3.126542
v -1.516894 2.975244 3.300162
v -1.582394 2.984484 3.307417
v -1.629294 2.971029 3.349531
v -1.631294 2.598108 4.175268
v -1.553294 2.604168 4.264195
v -1.574294 2.640843 4.286118
v -1.531094 2.574236 4.243152
v -1.609894 2.569612 4.152494
v -1.456594 2.580145 4.325505
v -1.478994 2.617798 4.345336
v -1.497394 2.661349 4.366341
v -1.694194 2.969299 3.707206
v -1.707394 3.054063 3.740840
v -1.758894 2.951286 3.805200
v -1.749294 2.879053 3.765938
v -1.669394 2.884092 3.684707
v -1.637994 2.803774 3.671116
v -1.724694 2.717349 3.694343
v -1.729994 2.793911 3.740624
v -1.607294 2.730553 3.650280
v -1.717194 2.656483 3.635182
v -1.840994 2.691518 3.645698
v -1.860194 2.754874 3.693485
v -1.948894 2.694544 3.712247
v -1.916694 2.638892 3.664152
v -1.988694 2.758332 3.758275
v -1.883094 2.824654 3.739184
v -1.818094 2.632157 3.592784
v -1.880994 2.582692 3.616390
v -1.853494 2.506900 3.952716
v -1.822194 2.471781 3.925046
v -1.709194 2.498166 4.031347
v -1.736094 2.528530 4.057590
v -1.678594 2.463905 4.000966
v -1.783394 2.431814 3.889686
v -1.587594 2.543840 4.128160
v -1.546994 2.517659 4.110833
v -1.885694 2.448179 3.710700
v -1.933294 2.498286 3.756458
v -1.924594 2.536414 3.675910
v -1.874694 2.480580 3.624565
v -1.959894 2.586624 3.718555
v -1.964994 2.543038 3.792241
v -1.882794 2.544903 3.979149
v -1.762794 2.560195 4.083903
v -1.990294 2.636930 3.762019
v -2.025294 2.696010 3.809350
v -1.991494 2.589630 3.827053
v -2.021494 2.646251 3.865391
v -1.813394 2.385467 3.646358
v -1.789794 2.370997 3.738056
v -1.853594 2.429026 3.796545
v -1.734494 2.375067 3.842256
v -1.926694 2.516826 3.866476
v -1.896894 2.474908 3.836811
v -1.800094 2.415393 3.556773
v -1.955894 2.558162 3.895964
v -1.987994 2.607384 3.928396
v -0.536294 2.104887 3.177573
v -0.431694 1.898100 3.007730
v -0.579994 2.137824 2.822654
v -0.662294 2.348638 2.995644
v -0.198894 1.746839 3.121439
v -0.285994 1.944592 3.301802
v -0.003294 1.786404 3.423785
v 0.053906 1.602652 3.222656
v -0.630394 2.283127 3.320401
v -0.369294 2.110657 3.457566
v -0.431894 2.232674 3.576025
v -0.702194 2.405521 3.430540
v -0.073794 2.085951 3.704443
v -0.046094 1.955596 3.586511
v 1.123306 0.995315 3.637055
v 1.413206 0.893497 3.681672
v 1.156006 1.192052 3.897963
v 1.450106 1.107342 3.953684
v 1.735506 0.758389 3.754223
v 1.788106 0.996254 4.032290
v 3.045706 0.189385 4.139127
v 3.029406 0.252752 4.132660
v 3.174806 0.456960 4.456965
v 3.221606 0.393637 4.469286
v 3.200806 0.319969 4.500631
v 3.028706 0.126084 4.147417
v 1.584806 0.711001 4.199936
v 1.559106 0.490790 3.916406
v 1.844006 0.402618 3.970062
v 1.896806 0.622171 4.270248
v 2.150506 0.258718 4.061334
v 2.233906 0.483499 4.377126
v 0.654406 1.042304 3.938150
v 0.361506 1.173775 3.856352
v 0.417806 0.956295 3.617650
v 0.702106 0.817763 3.702562
v 0.064306 1.156142 3.484759
v -0.000794 1.361877 3.716082
v -0.762494 1.763132 3.326866
v -0.960594 1.821059 3.264629
v -0.872594 1.630805 3.092503
v -0.689194 1.565727 3.160867
v -0.404794 1.588323 3.505980
v -0.334594 1.390952 3.307211
v -0.078194 1.674857 4.058493
v -0.490994 1.895610 3.831716
v -0.454594 1.761640 3.691227
v -0.047594 1.537743 3.914267
v -0.826794 1.927856 3.509179
v -0.872994 2.053489 3.652514
v -1.150994 1.992431 3.444682
v -1.238894 2.006446 3.399817
v -1.219694 2.137277 3.637918
v -1.329794 2.116727 3.585120
v -1.078794 2.128454 3.586446
v -1.036094 1.990690 3.450304
v -0.219494 2.161006 4.547812
v -0.640594 2.327298 4.313333
v -0.618594 2.295181 4.261851
v -0.192594 2.130622 4.494639
v -1.020294 2.431692 4.143700
v -1.015694 2.389898 4.106891
v -1.026694 2.321951 4.104390
v -0.616894 2.238583 4.238039
v -0.171894 2.097168 4.442581
v 0.422306 1.902606 4.931943
v 0.143006 2.013755 4.760770
v 0.169706 1.968384 4.703427
v 0.457106 1.851219 4.862723
v 0.178706 1.934355 4.666621
v 0.466206 1.816986 4.819739
v 2.203606 1.116052 5.512074
v 1.773506 1.303162 5.336075
v 1.789806 1.265598 5.272993
v 2.217706 1.093034 5.447256
v 2.148906 1.177035 5.643858
v 1.708706 1.344861 5.471902
v 1.407406 1.431729 5.237864
v 1.336706 1.465856 5.360603
v 1.436006 1.406483 5.172353
v 1.892006 1.485975 4.597909
v 1.548106 1.593604 4.483154
v 1.586706 1.687261 4.533679
v 1.920106 1.572853 4.642408
v 1.359106 1.823923 4.381865
v 1.293306 1.700455 4.341876
v 1.372106 1.901616 4.506146
v 1.597806 1.754976 4.613801
v 1.919506 1.637890 4.715221
v -0.725594 2.463526 3.503143
v -0.456894 2.302922 3.645988
v -0.443694 2.378112 3.681905
v -0.723494 2.540159 3.528760
v -0.085694 2.213577 3.827062
v -0.082994 2.157057 3.769375
v -0.173194 2.502788 4.165368
v -0.144494 2.470178 4.106057
v -0.456894 2.652261 3.895116
v -0.723394 2.798393 3.768134
v -0.490294 2.655480 3.948580
v -0.701794 2.799770 3.711133
v -0.750394 2.779110 3.841053
v -0.508394 2.683883 4.020050
v -0.209394 2.526386 4.249724
v -0.385194 2.503114 3.679940
v -0.670194 2.717943 3.589945
v -0.374194 2.607124 3.743109
v -0.695494 2.630967 3.552391
v -0.038094 2.453864 3.935620
v -0.028994 2.355234 3.835033
v -0.418294 2.639034 3.831776
v -0.682094 2.770803 3.650180
v -0.107894 2.443466 4.040960
v -0.756994 2.518697 3.156365
v -0.802294 2.636346 3.272742
v -0.946494 2.665485 3.065369
v -0.957194 2.812518 3.196164
v -0.831694 2.715311 3.333858
v -0.816394 2.632951 3.357615
v -0.861594 2.777315 3.391251
v -0.964094 2.902879 3.267336
v -0.954494 2.952783 3.340195
v -0.876594 2.823132 3.465291
v -0.865294 2.875456 3.516481
v -0.972594 2.977221 3.418106
v -0.973194 3.003962 3.503880
v -0.858694 2.921368 3.586702
v -1.276494 2.952219 3.041922
v -1.232994 3.024769 3.103512
v -1.174894 2.956151 3.115446
v -1.208294 2.865627 3.047076
v -1.102094 2.770787 3.049744
v -1.102394 2.884872 3.147807
v -1.266294 3.277093 3.386690
v -1.344094 3.320457 3.351094
v -1.326594 3.319799 3.298872
v -1.232594 3.260539 3.293167
v -1.077294 2.968651 3.223064
v -1.151394 3.028579 3.200417
v -1.055594 3.022667 3.292223
v -1.125594 3.088813 3.271395
v -1.174994 3.165622 3.265470
v -1.178494 3.205445 3.354563
v -1.131794 3.136149 3.391821
v -1.119694 3.117008 3.328215
v -1.159894 3.174130 3.313169
v -1.234694 3.174530 3.170021
v -1.197094 3.107034 3.183412
v -1.260794 3.293320 3.207989
v -1.278294 3.219843 3.138815
v -1.320094 3.343010 3.246129
v -1.052694 3.058481 3.357901
v -1.078494 3.058229 3.441872
v 3.654006 1.078956 5.335500
v 3.735006 0.991656 5.397943
v 3.693406 0.915124 5.315060
v 3.601006 0.979213 5.222566
v 3.779206 0.848011 5.388201
v 3.810706 0.902194 5.449113
v 3.718306 0.809992 5.343313
v 3.651206 0.834622 5.268064
v 3.522406 0.866159 5.135931
v 3.721906 0.755931 5.365816
v 3.627606 0.766867 5.281119
v 3.615406 0.703068 5.311026
v 3.702606 0.691376 5.383725
v 3.543406 0.700301 5.218493
v 3.552106 0.771996 5.168235
v 3.803506 0.776628 5.421356
v 3.845206 0.821125 5.484635
v 3.833706 0.740715 5.517420
v 3.783406 0.705861 5.445918
v 3.802106 0.918182 5.629793
v 3.847106 0.862959 5.561385
v 3.818306 0.948688 5.521830
v 3.791406 0.977004 5.586229
v 3.781606 0.829687 5.683610
v 3.830606 0.779273 5.603827
v 3.741606 0.639455 5.488091
v 3.671206 0.633015 5.424526
v 3.775506 0.662930 5.553270
v 3.664606 0.614050 5.566969
v 3.650806 0.607089 5.510496
v 3.618606 0.612341 5.450069
v 3.714906 0.724945 5.698803
v 3.767306 0.693787 5.627580
v 3.659606 0.628324 5.629236
v 3.635706 0.660868 5.675125
v 3.526306 0.657151 5.669599
v 3.508906 0.609684 5.605124
v 3.382006 0.653530 5.676489
v 3.358406 0.580603 5.596899
v 3.517106 0.585058 5.546451
v 3.366906 0.553949 5.515875
v -0.209894 1.895688 4.408461
v 0.142106 1.754320 4.611094
v 0.169606 1.858739 4.633976
v -0.183994 2.001506 4.419829
v 0.432806 1.665796 4.741750
v 0.457906 1.755471 4.775620
v -0.119294 1.805353 4.170694
v -0.550094 2.027800 3.944845
v -0.521494 1.978512 3.901311
v -0.101694 1.755152 4.133396
v -0.899094 2.133506 3.714069
v -0.940194 2.170110 3.756655
v -1.083294 2.181887 3.648470
v -1.141094 2.198236 3.686300
v -1.054594 2.220927 4.091832
v -0.641294 2.136348 4.229356
v -1.052294 2.157235 4.020302
v -0.650294 2.054216 4.185576
v -1.245694 2.272279 3.987189
v -1.245194 2.335106 4.046000
v -1.345294 2.335571 4.004513
v -1.221994 2.240922 3.915941
v -1.329594 2.291327 3.930778
v -1.291694 2.259335 3.845832
v -0.639394 2.028858 4.122470
v -0.619494 2.027759 4.059702
v -1.027294 2.146478 3.949619
v -1.013594 2.149139 3.888955
v -0.167594 1.859981 4.267667
v -0.200494 1.850980 4.340615
v -1.196994 2.231021 3.830949
v -1.178894 2.223729 3.754566
v -1.273594 2.219601 3.739809
v -0.983494 2.161090 3.821231
v -1.358894 2.192113 3.709301
v -1.366994 2.250241 3.798762
v -1.188594 2.223805 3.880128
v -1.392594 2.293645 3.885901
v -1.415694 2.344141 3.961963
v -0.586794 2.037577 4.001382
v -0.137994 1.850756 4.214630
v -1.531294 2.478812 4.058373
v -1.640594 2.421606 3.961065
v -1.506894 2.548684 4.219452
v -1.478694 2.527466 4.201963
v -1.430894 2.545573 4.302143
v -1.401494 2.521483 4.274195
v -1.422194 2.398528 4.029054
v -1.422294 2.455296 4.077091
v -1.338194 2.405437 4.050325
v -1.319094 2.465514 4.110895
v -1.233594 2.409776 4.065008
v -1.222694 2.451864 4.102662
v -1.449994 2.500269 4.160703
v -1.437994 2.483502 4.122214
v -1.342894 2.479748 4.164181
v -1.358194 2.489971 4.206456
v -1.443194 2.510863 4.198590
v -1.372894 2.503583 4.245946
v -1.197494 2.467726 4.145773
v -1.223894 2.475736 4.174852
v -1.025194 2.460064 4.206895
v -1.038594 2.488720 4.263270
v -1.299094 2.515784 4.346566
v -1.331594 2.545873 4.387295
v -1.122794 2.519887 4.475275
v -1.160394 2.549823 4.526472
v -1.360194 2.592108 4.419439
v -1.194694 2.600659 4.570511
v -1.250594 2.490806 4.258097
v -1.271194 2.501788 4.302286
v -1.070694 2.522776 4.373394
v -1.093694 2.516156 4.424971
v -1.051694 2.514349 4.317336
v -1.238294 2.483406 4.214273
v -0.827194 2.529654 4.723821
v -0.503194 2.502134 5.051109
v -0.564894 2.508626 5.114277
v -0.879794 2.528140 4.785744
v -0.928294 2.574778 4.840328
v -0.620994 2.564672 5.170187
v -0.266894 2.222019 4.640673
v -0.669094 2.367998 4.391043
v -0.323494 2.306276 4.752497
v -0.702094 2.413058 4.477087
v -0.382394 2.398276 4.863718
v -0.739194 2.460299 4.558775
v -0.770794 2.504985 4.626014
v -0.433394 2.472456 4.955371
v -0.465294 2.506608 5.006714
v -0.794694 2.531584 4.674960
v -0.000394 2.519254 5.689775
v -0.083894 2.550490 5.765042
v -0.287394 2.538190 5.460096
v -0.220094 2.505256 5.396306
v -0.343294 2.611079 5.513663
v -0.144694 2.640324 5.823237
v 0.078806 2.101220 4.875836
v 0.338706 2.002870 5.071065
v 0.002906 2.222348 5.019694
v 0.244706 2.147597 5.246637
v 0.179206 2.329186 5.422575
v -0.063094 2.362376 5.166316
v -0.123794 2.469782 5.289326
v 0.115206 2.464559 5.572423
v 0.061306 2.516062 5.643071
v -0.169694 2.509062 5.351623
v 0.801506 2.463630 6.501290
v 1.143206 2.411474 6.755280
v 1.049206 2.397629 6.848372
v 0.702806 2.462709 6.587292
v 1.468606 2.322329 7.156929
v 1.560506 2.348084 7.053691
v 1.363706 2.359569 7.255769
v 0.947006 2.437852 6.941349
v 0.607506 2.522613 6.669321
v 1.164906 2.376030 6.685213
v 1.177506 2.257827 6.584697
v 0.841406 2.450907 6.431764
v 0.856706 2.336202 6.343099
v 1.602006 2.200015 6.838757
v 1.572306 2.300301 6.976166
v 0.321506 2.908502 5.504920
v 0.349906 2.795449 5.458524
v 0.014106 2.885353 5.120708
v -0.010694 2.976354 5.173812
v -0.358694 2.970122 4.744911
v -0.351194 3.055270 4.778697
v -0.365694 3.142625 4.831931
v -0.033094 3.074938 5.221349
v 0.296506 3.038109 5.540365
v -0.598794 3.033899 4.412566
v -0.607694 3.097798 4.446910
v -0.783994 3.127973 4.183602
v -0.769794 3.076014 4.157469
v -0.811494 3.179785 4.211632
v -0.629194 3.162891 4.489882
v -0.523494 2.735177 4.137966
v -0.238194 2.584831 4.387833
v -0.751294 2.813739 3.946008
v -0.765394 2.869379 4.036758
v -0.546394 2.791235 4.258016
v -0.260794 2.674864 4.526529
v -0.324794 2.851975 4.678791
v -0.597394 2.921072 4.372955
v -0.604694 2.976626 4.397035
v -0.342294 2.914170 4.711502
v -0.790894 2.975716 4.124635
v -0.775994 3.027199 4.139713
v -0.571894 2.857530 4.329682
v -0.783494 2.920760 4.092867
v -0.293794 2.767427 4.620276
v -1.013994 3.149913 3.877471
v -1.089394 3.196787 3.789389
v -1.079994 3.226193 3.846972
v -1.005294 3.178686 3.911272
v -1.140094 3.285148 3.825610
v -1.184294 3.251007 3.726972
v -1.116194 3.277069 3.930949
v -1.052694 3.234400 3.933356
v -0.997694 3.201387 3.956081
v -0.967494 2.989112 3.761017
v -0.879094 2.891341 3.766833
v -0.857994 2.933606 3.675427
v -0.952994 3.025520 3.620141
v -0.929094 2.894597 3.905919
v -0.885894 2.852611 3.858194
v -0.903394 3.114923 3.986564
v -0.906694 3.154672 4.011207
v -0.931394 3.190900 4.035794
v -1.044594 3.093204 3.554234
v -1.145194 3.142823 3.491519
v -1.116194 3.175975 3.606265
v -1.024594 3.102840 3.661377
v -1.022694 3.096583 3.721775
v -1.062394 3.133483 3.717204
v -1.015094 3.076407 3.823218
v -1.010794 3.021842 3.813990
v -1.147094 3.220470 3.657947
v -1.218694 3.288297 3.578546
v -1.212594 3.242478 3.519228
v -1.245994 3.339833 3.631146
v -1.014294 3.118802 3.844575
v -1.087094 3.164067 3.744081
v -1.207094 3.211055 3.434558
v -0.926794 3.026386 3.950925
v -0.914894 3.072795 3.968570
v -0.940394 2.962543 3.937060
v -0.952194 3.231468 4.264655
v -0.862994 3.221351 4.247100
v -0.984294 3.226112 4.055005
v -1.055794 3.248670 4.060668
v -0.761094 3.211448 4.618736
v -0.686194 3.217791 4.549172
v -0.444294 3.174129 4.917519
v -0.531394 3.164474 5.001677
v -0.948194 3.242343 4.519394
v -0.837394 3.251011 4.738451
v -0.807194 3.217156 4.682508
v -0.964494 3.228699 4.393477
v -0.579294 3.196536 5.061319
v -0.622694 3.235233 5.114163
v -0.106194 3.129362 5.300545
v -0.204494 3.105260 5.388771
v 0.119306 3.113765 5.710466
v 0.226206 3.137340 5.618541
v -0.262894 3.146211 5.442109
v -0.333294 3.197699 5.489661
v -0.042894 3.198915 5.798406
v 0.049006 3.138788 5.759107
v 1.015506 2.968129 6.659404
v 0.942406 2.984104 6.766666
v 1.249506 2.999075 6.992292
v 1.337906 2.980096 6.887966
v 1.079506 3.044291 7.088743
v 0.799106 3.027251 6.867386
v 1.386306 3.054368 7.337228
v 1.588106 3.021916 7.252727
v 1.694806 3.002671 7.161273
v 1.246406 2.574293 7.347684
v 0.850706 2.628579 7.034776
v 0.884106 2.522458 7.007938
v 1.300606 2.473162 7.312725
v 0.555006 2.601396 6.724866
v 0.522706 2.692239 6.753645
v -0.672794 2.727400 5.223864
v -0.648994 2.648116 5.200019
v -0.377594 2.683367 5.544764
v -0.413794 2.751860 5.573253
v -0.181694 2.713318 5.852010
v -0.217194 2.778296 5.874192
v -1.220694 2.660595 4.605851
v -1.383094 2.641894 4.445994
v -1.398094 2.694654 4.468298
v -1.233894 2.723694 4.629300
v -0.961894 2.643743 4.880678
v -0.977994 2.720452 4.903380
v -1.238694 2.775091 4.646586
v -1.405694 2.744957 4.490887
v -1.230594 2.832885 4.648067
v -1.400594 2.794501 4.513882
v -1.527794 2.768642 4.444560
v -1.512994 2.711260 4.395030
v -1.595294 2.687167 4.312929
v -1.622194 2.735478 4.339191
v -0.985694 2.784611 4.916378
v -0.999694 2.842397 4.928749
v -0.690294 2.800586 5.239552
v -0.726694 2.866225 5.265954
v -1.381494 2.843322 4.542430
v -1.443594 2.849736 4.537315
v -1.247094 2.887809 4.666921
v -1.301194 2.943835 4.712140
v -1.098494 3.225768 4.161352
v -1.073994 3.242292 4.284520
v -1.147194 3.273145 4.266757
v -1.185394 3.248518 4.125289
v -1.062994 3.309392 4.484668
v -1.015194 3.266773 4.472761
v -1.282494 3.306416 4.099656
v -1.242794 3.279701 4.113520
v -1.230594 3.301830 4.039660
v -1.253094 3.318990 4.012449
v -1.189794 3.292477 4.032492
v -1.209494 3.326025 3.971616
v -1.127394 3.271488 4.044984
v -1.166294 3.308660 3.943133
v 2.948506 2.426018 7.920629
v 2.878406 2.416418 8.032224
v 2.799106 2.363629 7.986924
v 2.887206 2.367424 7.858738
v 2.977806 2.475798 7.965033
v 2.938206 2.490722 8.050175
v 2.868206 2.512216 8.100372
v 2.796806 2.480855 8.101127
v 2.700506 2.442657 8.069223
v 2.879506 2.805559 7.944167
v 2.804106 2.772647 8.054338
v 2.887106 2.737653 8.059762
v 2.954106 2.700525 7.896597
v 2.912506 2.725880 7.832032
v 2.947106 2.724939 7.988623
v 2.791906 2.869570 7.883227
v 2.847306 2.769888 7.748922
v 2.686006 2.819243 8.012507
v 2.632906 2.631487 8.093627
v 2.759406 2.633673 8.126386
v 2.767306 2.702659 8.100783
v 2.639606 2.728433 8.070157
v 2.874906 2.622367 8.113315
v 2.884806 2.678045 8.094653
v 2.986406 2.607490 8.026262
v 2.979006 2.660737 8.010006
v 2.981806 2.587730 7.881496
v 2.971106 2.644898 7.881583
v 2.868906 2.566104 8.113244
v 2.764306 2.557350 8.124709
v 2.651606 2.539048 8.090255
v 2.972606 2.558387 8.044773
v 2.992506 2.529770 7.921543
v 2.905206 2.441175 7.742393
v 2.958506 2.487765 7.825207
v 2.930006 2.566130 7.775617
v 2.879406 2.543906 7.679944
v 2.913406 2.641532 7.782820
v 2.851106 2.648147 7.694132
v -1.392594 3.567987 4.505354
v -1.295794 3.679287 4.830664
v -1.226894 3.668963 4.807737
v -1.325294 3.557913 4.479739
v -1.103294 3.810695 5.198225
v -1.176194 3.839067 5.225821
v -1.046894 3.760357 5.175126
v -1.167494 3.638281 4.783166
v -1.267594 3.525261 4.454810
v -1.471194 3.554519 4.507331
v -1.380094 3.665620 4.830294
v -1.472494 3.626558 4.847592
v -1.559294 3.515018 4.528000
v -1.376794 3.804597 5.258945
v -1.272294 3.837007 5.235436
v -1.479694 3.374110 4.083971
v -1.450294 3.463937 4.257533
v -1.386894 3.451138 4.238117
v -1.421494 3.361968 4.069582
v -1.334694 3.418336 4.225170
v -1.368494 3.342312 4.064096
v -1.533294 3.372314 4.095435
v -1.518294 3.452633 4.265338
v -1.601194 3.420862 4.292460
v -1.615394 3.343865 4.106351
v -1.253094 3.364345 3.911261
v -1.294594 3.350966 3.976782
v -1.352794 3.380711 3.950505
v -1.323294 3.420659 3.849016
v -1.323794 3.326038 4.078312
v -1.680594 3.258249 4.052940
v -1.608094 3.358112 3.988503
v -1.718694 3.320657 3.937738
v -1.689794 3.302693 3.985820
v -1.630794 3.412424 3.915308
v -1.755694 3.327909 3.878983
v -1.702194 3.428770 3.894344
v -1.293194 3.407050 3.688008
v -1.343194 3.490028 3.745411
v -1.233094 3.366996 3.774054
v -1.197994 3.338348 3.853821
v -1.667994 3.528306 3.835512
v -1.607894 3.525105 3.850020
v -1.570094 3.596604 3.744776
v -1.659394 3.611694 3.750474
v -1.425994 3.382263 3.947883
v -1.421394 3.454119 3.871629
v -1.503394 3.440768 3.884310
v -1.494194 3.378708 3.961236
v -1.610694 3.623730 3.609346
v -1.532294 3.597275 3.563947
v -1.473594 3.575725 3.685986
v -1.678394 3.635242 3.647151
v -1.568094 3.507949 3.864827
v -1.516494 3.537602 3.832286
v -1.559994 3.418876 3.898299
v -1.432894 3.529922 3.792158
v -1.547694 3.370932 3.975249
v -1.704994 3.180861 4.131399
v -1.691894 3.250458 4.224169
v -1.753094 3.097409 4.209974
v -1.748894 3.151173 4.322867
v -1.703594 2.829224 4.377425
v -1.662194 2.782772 4.358565
v -1.587094 2.812507 4.464696
v -1.644194 2.855210 4.491438
v -1.730794 2.862742 4.222356
v -1.712694 2.791596 4.219641
v -1.732994 2.876579 4.404067
v -1.761794 2.922491 4.343492
v -1.704994 2.913453 4.501851
v -1.766694 2.977804 4.470806
v -1.758594 3.004199 4.278303
v -1.782494 2.956516 4.176791
v -1.786794 3.061633 4.407911
v -1.498594 2.951482 4.761038
v -1.583394 2.881062 4.602611
v -1.509494 2.853685 4.567379
v -1.412594 2.951221 4.715826
v -1.719594 3.225343 4.482691
v -1.674894 3.332190 4.380137
v -1.641294 3.432949 4.612202
v -1.670794 3.320808 4.709730
v -1.728194 3.037262 4.611972
v -1.740594 3.131052 4.560863
v -1.681594 3.219832 4.775736
v -1.651394 3.120439 4.804836
v -1.587294 3.020014 4.796188
v -1.661894 2.949640 4.619614
v -1.587794 3.432338 5.021656
v -1.554494 3.542510 4.928410
v -1.459094 3.715541 5.337194
v -1.498694 3.604199 5.423934
v -1.267194 3.271422 5.426154
v -1.367894 3.319422 5.471839
v -1.476794 3.152679 5.079808
v -1.381494 3.103256 5.031114
v -1.540194 3.248897 5.095976
v -1.442494 3.412303 5.490396
v -1.578794 3.335978 5.077775
v -1.478494 3.505959 5.472044
v -1.407994 3.873706 5.920421
v -1.364994 3.986834 5.850149
v -1.331494 4.126484 6.366521
v -1.297194 4.254367 6.309165
v -1.195394 4.331673 6.234428
v -1.273094 4.059381 5.779429
v -1.091494 3.620496 6.365332
v -1.204494 3.701482 6.386171
v -1.271694 3.523672 5.952157
v -1.160994 3.467326 5.915570
v -1.357794 3.630223 5.965638
v -1.282094 3.837046 6.385180
v -1.317694 3.985717 6.382669
v -1.391494 3.754499 5.952991
v -0.720494 4.795328 8.029384
v -0.607594 4.901415 7.982196
v -0.709794 4.714954 7.643969
v -0.798794 4.625530 7.680923
v -0.604494 4.769816 7.608358
v -0.468894 4.951635 7.934990
v -0.730494 4.650942 7.315645
v -0.829894 4.599789 7.349116
v -0.905694 4.508565 7.385937
v -0.839094 4.378561 7.780749
v -0.857694 4.514982 7.736808
v -0.942494 4.396191 7.445012
v -0.929794 4.263153 7.491613
v -0.753994 4.511716 8.122519
v -0.776994 4.660891 8.080542
v -0.505294 4.304641 8.129016
v -0.659794 4.365463 8.151362
v -0.757394 4.229284 7.794879
v -0.606394 4.169277 7.746923
v -0.851294 4.119918 7.486462
v -0.722794 4.040644 7.430046
v 1.616406 0.066156 1.582069
v 1.377206 0.162795 1.591132
v 1.441106 0.240577 1.605603
v 1.672706 0.135178 1.604173
v 1.495406 0.300808 1.653387
v 1.722706 0.195214 1.641846
v 1.502406 0.281218 1.794438
v 1.515106 0.313548 1.726647
v 1.744806 0.206700 1.786644
v 1.751006 0.225457 1.707706
v 1.470406 0.226057 1.847051
v 1.438206 0.166138 1.912961
v 1.675506 0.104957 1.914267
v 1.702106 0.140050 1.839979
v 2.609106 1.161999 4.781789
v 2.260106 1.312873 4.644734
v 2.261706 1.361715 4.709488
v 2.625506 1.211721 4.844438
v 2.582906 1.090875 4.677525
v 2.242906 1.232054 4.546770
v 1.886106 1.421203 4.540861
v 1.873806 1.333386 4.445515
v 2.302006 -0.339558 1.936618
v 2.342406 -0.367497 1.852301
v 2.237906 -0.414062 1.926405
v 2.290006 -0.441012 1.861579
v 2.171706 -0.539122 1.642466
v 2.217506 -0.521695 1.549740
v 2.059106 -0.515744 1.590753
v 2.082806 -0.489548 1.500380
v 2.275606 -0.354031 2.133599
v 2.244506 -0.379646 1.991196
v 2.298606 -0.325426 1.999975
v 2.337206 -0.312413 2.140030
v 3.531006 0.596318 5.401995
v 3.574706 0.640433 5.348245
v 3.376706 0.600764 5.308284
v 3.486306 0.619236 5.253209
v 3.392706 0.633752 5.017206
v 3.482306 0.679622 5.135726
v 3.416206 0.591444 5.178592
v 3.334406 0.561233 5.061406
v 3.295606 0.596548 5.205982
v 3.221306 0.574301 5.071782
v 3.374306 0.560662 5.417922
v 3.518406 0.576996 5.472892
v 3.602306 0.769356 5.733332
v 3.682806 0.909610 5.722665
v 3.583006 0.999380 5.783675
v 3.476306 0.813839 5.720874
v 2.582706 2.868437 7.962344
v 2.707406 2.915994 7.819492
v 2.618706 2.949126 7.745553
v 2.467906 2.927327 7.905880
v 2.783606 2.813094 7.671959
v 2.711806 2.846019 7.599607
v 2.506206 2.749097 8.034630
v 2.491606 2.612803 8.032703
v 2.381306 2.777385 8.042752
v 2.303306 2.584563 8.024989
v 2.739106 2.291054 7.723537
v 2.804706 2.364770 7.599725
v 2.846306 2.407012 7.671787
v 2.815506 2.337551 7.795448
v 2.834406 2.520334 7.595388
v 2.783106 2.492371 7.494227
v 2.795006 2.654232 7.614148
v 2.732406 2.669416 7.542510
v 3.679006 1.154107 5.473871
v 3.752306 1.051419 5.499619
v 3.738406 1.058650 5.602011
v 3.655606 1.187795 5.640218
v 3.718606 1.006299 5.677176
v 3.658306 1.105959 5.746636
v 1.556206 1.473297 5.760113
v 1.185406 1.583255 5.615106
v 2.016406 1.372637 5.932048
v 1.857606 1.658356 6.273933
v 1.386806 1.702796 6.096185
v 1.025406 1.797423 5.913279
v 1.248906 1.992247 6.388536
v 0.909906 2.078071 6.171809
v 1.712906 1.966823 6.585200
v 0.898506 -0.026187 1.156167
v 1.080906 -0.192082 1.184065
v 0.997406 -0.270006 0.940050
v 0.820106 -0.107359 0.926251
v 1.191106 -0.422377 0.967089
v 1.299006 -0.323480 1.201836
v 1.099506 -0.496343 0.715926
v 0.913206 -0.349472 0.697045
v 0.753106 -0.178526 0.687655
v 1.149406 -0.536261 1.262954
v 1.071606 -0.635073 1.080961
v 1.177006 -0.693369 1.063986
v 1.257106 -0.594228 1.249652
v 1.364206 -0.644763 1.231167
v 1.281106 -0.742551 1.040534
v 1.790306 -0.604199 1.023569
v 1.769406 -0.635038 1.052829
v 1.643806 -0.701816 0.852522
v 1.662906 -0.674495 0.822399
v 1.903106 -0.529327 1.203552
v 1.883606 -0.557722 1.232627
v 1.845706 -0.582595 1.261757
v 1.733306 -0.661652 1.082943
v 1.616006 -0.729839 0.884166
v 1.980506 -0.510864 1.385362
v 1.949506 -0.531868 1.428913
v 1.993206 -0.481963 1.342335
v 1.997306 -0.436630 1.302458
v 1.948806 -0.387618 1.308643
v 1.884306 -0.490605 1.187319
v 1.834306 -0.461060 1.187337
v 1.771206 -0.560092 1.004710
v 1.675206 -0.628920 0.788403
v 1.640206 -0.576269 0.765111
v 1.725606 -0.532833 0.995959
v 1.503906 -0.072210 1.494657
v 1.269906 0.026296 1.502552
v 1.329206 0.102683 1.561012
v 1.567606 0.008889 1.548689
v 1.121506 0.213573 1.551259
v 1.066806 0.151240 1.485554
v 1.178306 -0.085335 1.378689
v 0.983606 0.061513 1.352242
v 1.409706 -0.193467 1.378112
v 3.147106 0.460530 4.835097
v 3.243406 0.451506 4.831601
v 3.070006 0.241212 4.549363
v 3.150106 0.263089 4.530835
v 3.309306 0.500517 4.797550
v 2.115806 0.879525 4.127101
v 2.032806 0.626359 3.850369
v 2.324206 0.507798 3.946858
v 2.415506 0.731133 4.254395
v 2.211906 0.305561 3.594271
v 1.930906 0.397474 3.527387
v 2.190406 1.084351 4.366171
v 1.838406 1.191052 4.267834
v 2.514206 0.942469 4.493809
v 3.006506 0.073268 4.164234
v 2.875406 -0.122259 3.757056
v 2.963106 0.015966 4.194585
v 2.835506 -0.189926 3.786459
v 2.435106 -0.296663 2.456418
v 2.593706 -0.283473 2.866762
v 2.529206 -0.358985 2.875881
v 2.371206 -0.336831 2.455117
v 2.758906 -0.245986 3.308106
v 2.687006 -0.312075 3.332370
v 2.781306 -0.154045 3.292857
v 1.897506 0.081230 2.814548
v 1.669406 0.219723 2.780256
v 1.795406 0.264652 3.162163
v 2.045906 0.145676 3.219269
v 1.491206 1.244102 5.037844
v 1.821906 1.090522 5.153872
v 1.798306 1.167944 5.218316
v 1.464406 1.329516 5.098993
v 2.212806 0.997859 5.390584
v 2.212306 0.902571 5.324718
v 2.446906 -0.261380 1.568836
v 2.452806 -0.246735 1.635991
v 2.372606 -0.165951 1.626651
v 2.356306 -0.175518 1.558443
v 2.424506 -0.291006 1.512939
v 2.333906 -0.203535 1.505681
v 2.160606 -0.473600 1.869435
v 2.231006 -0.489332 1.834610
v 2.185806 -0.519427 1.785409
v 2.101706 -0.515937 1.808150
v 2.077906 -0.532370 1.719887
v 2.164306 -0.537086 1.720483
v 1.703906 0.079639 2.133332
v 1.478906 0.176990 2.150858
v 1.563806 0.201587 2.424127
v 1.791506 0.092498 2.426250
v 1.442806 0.164646 2.004133
v 1.672406 0.089096 1.987229
v 1.454706 0.002122 2.476694
v 1.643406 -0.042699 2.466215
v 1.421406 -0.099576 2.215464
v 1.591006 -0.141157 2.192498
v 1.783006 -0.202096 2.168725
v 1.855406 -0.117083 2.458943
v 1.566406 -0.190606 2.072806
v 1.410506 -0.133530 2.095269
v 1.750006 -0.244424 2.039271
v 2.605606 2.411315 8.004834
v 2.719406 2.330971 7.922564
v 2.630806 2.309695 7.856763
v 2.509306 2.382847 7.938500
v 2.529906 2.514228 8.026111
v 2.402006 2.474141 7.985490
v 1.146106 2.838138 6.417176
v 1.451306 2.830714 6.653699
v 1.448606 2.731333 6.611505
v 1.150506 2.732693 6.360375
v 1.819106 2.749504 6.868305
v 1.824406 2.860994 6.902699
v 1.825506 2.664340 6.816062
v 1.451506 2.645668 6.553045
v 1.139706 2.627456 6.311265
v 1.420706 2.960440 6.744725
v 1.105806 2.966309 6.516268
v 1.787906 2.988886 7.010126
v 1.811206 1.671408 4.871261
v 1.762606 1.668606 4.939974
v 2.163606 1.573510 5.029740
v 2.202406 1.562776 4.966623
v 2.090406 1.615390 5.159540
v 1.683806 1.693542 5.069785
v 2.505006 1.479319 5.319196
v 2.583706 1.436982 5.177436
v 2.621106 1.421853 5.110118
v 2.142406 1.769879 5.983811
v 2.355206 1.627725 5.602748
v 1.927906 1.709989 5.433459
v 1.729106 1.856402 5.780284
v 1.528606 1.773162 5.326324
v 1.356806 1.928425 5.633863
v 3.407706 0.702652 4.962853
v 3.493906 0.758459 5.073997
v 3.439606 0.834751 5.029481
v 3.356706 0.771796 4.921340
v 3.278606 0.638784 4.723191
v 3.333406 0.572268 4.750728
v 2.308506 0.698876 4.659826
v 1.939606 0.819756 4.556377
v 1.968406 0.971111 4.776277
v 2.353606 0.849805 4.885317
v 1.641206 1.105567 4.633655
v 1.615006 0.929624 4.447662
v 1.627106 1.195990 4.821211
v 1.642406 1.176511 4.748585
v 1.983206 1.060415 4.876456
v 1.969406 1.096716 4.943812
v 2.370906 0.920015 4.995816
v 2.362906 0.947319 5.059477
v 3.280806 1.320333 6.276175
v 3.241906 1.268976 6.303468
v 3.433006 1.158615 5.964768
v 3.245406 1.369436 6.219747
v 3.510606 1.227307 5.964643
v 3.454806 1.298008 5.900340
v 3.051106 1.567290 6.622992
v 3.103906 1.516151 6.703559
v 3.086506 1.393171 6.803003
v 3.617906 1.169452 5.820459
v 3.570906 1.245218 5.741285
v 3.553606 1.078263 5.848512
v 2.672906 1.426654 5.029159
v 2.262906 1.564866 4.894085
v 2.303006 1.523890 4.814625
v 2.700306 1.387527 4.944796
v 1.870906 1.660987 4.795681
v 2.283606 1.433889 4.766996
v 2.672906 1.301564 4.883979
v 1.560006 1.195532 4.944687
v 1.883006 1.063612 5.064748
v 1.848506 1.058780 5.106473
v 1.524806 1.205932 4.988699
v 2.232206 0.866403 5.253246
v 2.270606 0.889413 5.193519
v 1.931206 1.096212 5.014237
v 2.323806 0.939814 5.135646
v 1.596806 1.198504 4.888600
v 2.911906 1.926380 7.000052
v 2.817706 2.162805 7.387448
v 2.941906 1.846542 7.096545
v 2.771806 2.243569 7.289261
v 2.720206 2.087703 7.429800
v 2.855406 1.763763 7.143643
v 2.722406 2.219402 7.610935
v 2.772206 2.404398 7.421753
v 2.795906 2.306200 7.528358
v 1.222406 2.155067 5.911375
v 1.556906 2.082517 6.118336
v 1.147406 2.385537 6.116170
v 1.460206 2.348103 6.360886
v 1.939106 2.000735 6.378347
v 1.862706 2.356046 6.609496
v 1.448706 2.539820 6.476124
v 1.853706 2.580415 6.714064
v 1.134506 2.531472 6.233713
v 2.279906 2.804585 8.078568
v 2.318206 2.945524 7.962809
v 2.039206 2.965555 7.977017
v 2.042406 2.900872 8.145268
v 1.951606 2.749740 8.210790
v 2.173306 2.647204 8.074397
v 1.033506 2.770041 7.429665
v 0.662006 2.829454 7.118433
v 0.791906 2.707825 7.058918
v 1.183806 2.649834 7.370839
v 0.455606 2.762655 6.786721
v 0.332306 2.866515 6.852593
v -0.544594 4.552714 7.223580
v -0.422494 4.675038 7.525417
v -0.411994 4.533604 7.503357
v -0.522194 4.414389 7.178429
v -0.224394 4.692436 7.837682
v -0.249094 4.837654 7.845412
v -0.188794 4.571424 7.816771
v -0.389894 4.407264 7.466826
v -0.510594 4.284039 7.133207
v -0.498594 4.765029 7.560740
v -0.340694 4.938478 7.879626
v -0.622994 4.646900 7.265402
v 2.051606 -0.102747 1.525470
v 1.850206 -0.028746 1.568190
v 1.901806 0.025588 1.593119
v 2.101206 -0.062812 1.557196
v 1.944506 0.075801 1.623361
v 2.136506 -0.026389 1.594213
v 1.944606 0.088633 1.836002
v 1.911306 0.061558 1.906797
v 2.103206 -0.003915 1.891509
v 2.134706 0.000610 1.811120
v 2.164306 0.000039 1.725730
v 1.985106 0.125985 1.761403
v 2.695206 0.118425 3.727911
v 2.479706 0.197474 3.670746
v 2.609306 0.382490 4.045595
v 2.851106 0.309808 4.101875
v 2.714306 0.585990 4.372228
v 2.989206 0.532186 4.407471
v 3.281906 0.971133 5.052394
v 2.994006 1.080279 4.956191
v 3.058506 1.178523 5.007113
v 3.371306 1.086993 5.100469
v 3.102506 1.279072 5.086772
v 3.424406 1.196259 5.209198
v 2.124806 -0.315881 2.129494
v 2.075306 -0.367241 1.995837
v 2.174506 -0.392351 1.989641
v 2.213906 -0.352506 2.128856
v 2.149806 -0.420088 1.937822
v 2.050106 -0.399289 1.947693
v 3.085906 0.690149 5.433383
v 3.102306 0.703814 5.346318
v 3.266706 0.601624 5.388366
v 3.255406 0.586784 5.486773
v 3.256606 0.619132 5.287282
v 3.097206 0.697739 5.245892
v 2.835706 0.265984 4.541901
v 2.717306 0.044196 4.196952
v 2.871306 0.010009 4.209339
v 2.987106 0.243037 4.553937
v 2.732506 -0.189915 3.803403
v 2.589206 -0.128800 3.786357
v 2.406806 2.971530 7.804240
v 2.538106 2.966577 7.669672
v 2.397606 2.969332 7.543269
v 2.273006 2.961801 7.683874
v 2.633406 2.867511 7.529093
v 2.480506 2.873333 7.409341
v 3.599606 1.216797 5.433130
v 3.433406 1.267026 5.351031
v 3.412306 1.328031 5.481105
v 3.561006 1.243279 5.582806
v 3.579206 1.137415 5.283115
v 2.833506 1.582620 6.475941
v 2.508406 1.620364 6.264444
v 2.365306 2.003980 6.604967
v 2.676606 1.956969 6.831088
v 2.289706 2.386147 6.838203
v 2.559906 2.305409 7.107225
v 1.420106 -0.595948 0.776060
v 1.271006 -0.570067 0.748473
v 1.375306 -0.488514 0.988624
v 1.532406 -0.493350 0.993237
v 1.500706 -0.368288 1.195896
v 1.660106 -0.380956 1.184766
v 1.996506 -0.265152 1.407395
v 2.103306 -0.212582 1.456701
v 1.978706 -0.142528 1.490234
v 1.885406 -0.200767 1.436458
v 2.185806 -0.177496 1.497779
v 2.232506 -0.141423 1.532834
v 2.259706 -0.111747 1.574417
v 1.790906 -0.076753 1.531076
v 1.715306 -0.143750 1.470209
v 2.281506 -0.097956 1.634200
v 2.160506 -0.008516 1.651301
v 2.280506 -0.096084 1.710381
v 2.246206 -0.093305 1.798176
v 2.214106 -0.088292 1.885859
v 1.977506 0.113885 1.677032
v 2.213706 -0.086990 1.959444
v 2.104406 -0.003566 1.955389
v 2.157106 0.020548 2.097698
v 2.263206 -0.074722 2.109083
v 1.909506 0.052422 1.969946
v 1.957706 0.079192 2.109676
v 2.461406 -0.091772 2.863707
v 2.615406 -0.054825 3.325451
v 2.517706 -0.016354 3.302631
v 2.356306 -0.065914 2.852554
v 2.807006 0.090331 3.751580
v 2.977406 0.283150 4.123815
v 3.119906 0.492642 4.438522
v 2.313206 0.063047 3.261344
v 2.153006 0.001038 2.834050
v 3.288906 0.804723 4.900823
v 3.365306 0.873136 5.008868
v 3.225306 0.924155 4.970236
v 3.157806 0.851462 4.864860
v 3.426206 0.915023 5.101457
v 3.520606 1.026470 5.165595
v 2.957106 1.032897 4.884871
v 2.903306 0.952721 4.789714
v 1.689706 -0.591912 1.323975
v 1.790706 -0.518352 1.498543
v 1.661606 -0.481982 1.531317
v 1.566906 -0.566035 1.359113
v 1.743006 -0.448906 1.691534
v 1.877206 -0.495757 1.658705
v 1.921906 -0.530655 1.776382
v 1.783806 -0.477281 1.809456
v 1.822706 -0.457935 1.883880
v 1.962306 -0.508218 1.854940
v 1.971106 -0.512347 1.621953
v 2.009706 -0.541451 1.741596
v 2.042606 -0.517581 1.828509
v 1.885606 -0.531066 1.465322
v 1.782706 -0.600806 1.293167
v 2.009006 -0.455910 1.909355
v 1.864406 -0.409297 1.937817
v 1.901906 -0.347348 1.967772
v 1.926506 -0.312960 2.014205
v 1.971706 -0.262997 2.144655
v 2.097506 -0.465803 1.886989
v 2.996206 0.627779 5.039824
v 3.057006 0.684898 5.161020
v 2.743206 0.765205 5.100389
v 2.709706 0.716128 4.983265
v 2.761406 0.788025 5.165180
v 2.751806 0.817366 5.256538
v 2.714106 0.777789 5.329637
v 3.207706 0.625510 5.198864
v 3.144806 0.601538 5.057785
v 2.319106 -0.297280 2.886040
v 2.442906 -0.259506 3.346077
v 2.229706 -0.172722 3.325518
v 2.138006 -0.200829 2.876421
v 2.354206 -0.037616 3.747513
v 2.465806 0.145603 4.133825
v 2.571806 0.368217 4.465470
v 2.580206 -0.313781 3.350098
v 2.437106 -0.349559 2.885581
v 3.078006 0.725102 5.573776
v 3.141706 0.837451 5.681294
v 2.720706 0.906978 5.535454
v 2.684906 0.800065 5.460513
v 3.204606 0.948579 5.778063
v 2.732906 0.969383 5.660971
v 2.728506 0.990856 5.717519
v 3.129106 1.075050 5.943594
v 2.665006 1.057312 5.829747
v 3.209006 0.998428 5.828125
v 3.446606 0.974753 5.784601
v 3.450506 1.044600 5.843721
v 3.355806 1.141616 5.965982
v 3.364606 0.830526 5.705804
v 3.264206 0.666634 5.658733
v 2.425006 2.064547 7.325029
v 2.404206 2.185493 7.503554
v 2.050206 2.288879 7.237179
v 2.079606 2.174216 7.071575
v 2.404806 2.248110 7.598037
v 2.028206 2.318981 7.346687
v 1.932306 2.283682 7.462799
v 2.324506 2.279711 7.698361
v 2.204906 2.320064 7.792665
v 1.814706 2.302428 7.566591
v 2.609306 2.265993 7.696069
v 2.527606 2.293771 7.804064
v 2.407406 2.354270 7.890808
v 2.611406 2.188244 7.603951
v 2.626306 2.065084 7.412229
v 1.717306 2.401447 7.640203
v 2.091706 2.406653 7.861833
v 1.986206 2.490713 7.911713
v 1.627106 2.486335 7.693014
v 1.556306 2.564432 7.708939
v 1.893706 2.565780 7.940051
v 1.702606 2.734663 7.974360
v 1.399006 2.730373 7.741049
v 2.178006 2.520989 8.002082
v 2.073306 2.582264 8.049599
v 1.851506 2.723667 8.094344
v 2.290906 2.441370 7.949857
v -0.377494 4.467168 8.492262
v -0.508994 4.533855 8.493590
v -0.388694 4.660842 8.776672
v -0.278794 4.590255 8.788248
v -0.455194 4.772423 8.741494
v -0.607594 4.654059 8.469622
v -0.455694 4.886442 8.697658
v -0.629394 4.794988 8.429797
v -0.578694 4.929558 8.381480
v -0.409394 4.991362 8.655562
v -0.300394 5.063885 8.612877
v -0.451894 5.017426 8.331716
v -0.311494 5.048344 8.284818
v -0.181194 5.097444 8.568944
v -0.198394 5.024065 8.233551
v -0.085194 5.083406 8.515685
v -0.017194 5.006719 8.484312
v -0.113494 4.941723 8.196804
v -0.066194 4.819953 8.190214
v 0.018406 4.899621 8.492039
v 0.026806 4.793692 8.518675
v -0.059994 4.699872 8.202400
v 1.896306 2.975082 7.829611
v 2.145206 2.956925 7.753023
v 1.899806 2.982498 7.530462
v 1.682906 3.053583 7.599425
v 2.017206 2.964864 7.453740
v 2.120506 2.951209 7.313198
v 2.184106 2.863665 7.184809
v 2.275306 2.970685 7.866453
v 2.004706 2.964049 7.923574
v 2.182806 2.745129 7.150304
v 2.491006 2.736909 7.365849
v 2.499906 2.620480 7.317499
v 2.185706 2.645532 7.106670
v 2.222106 2.550899 7.005594
v 2.519306 2.507519 7.241768
v 2.678606 2.459467 7.360556
v 2.694206 2.263282 7.236264
v 2.673406 2.568887 7.423220
v 2.653806 2.704934 7.477352
v 3.229706 1.370440 5.746912
v 3.351406 1.364349 5.580832
v 3.016206 1.408502 5.384391
v 2.909006 1.400869 5.544346
v 3.069106 1.396613 5.297628
v 3.102406 1.353370 5.191451
v 3.498206 1.282896 5.685082
v 3.382306 1.330569 5.847806
v 3.190706 1.387076 6.174144
v 3.038406 1.402054 6.075451
v 2.996106 1.579575 6.574372
v 2.843406 1.949739 6.935328
v 2.722506 1.449245 5.864985
v 2.742606 1.764349 7.107415
v 2.528106 1.764103 7.038103
v 2.691106 1.399084 6.687197
v 2.926506 1.390449 6.756562
v 3.160606 1.249084 6.305212
v 2.929306 1.194205 6.270530
v 2.306706 1.511138 6.506763
v 2.505506 1.254946 6.125563
v 2.159306 1.861189 6.833230
v 1.651506 -0.501189 0.988384
v 1.546006 -0.580795 0.771984
v 1.767006 -0.421642 1.185111
v 1.599206 -0.691637 1.155174
v 1.679506 -0.683536 1.117000
v 1.571706 -0.760906 0.921363
v 1.500306 -0.784872 0.964428
v 1.395006 -0.779714 1.007657
v 1.485806 -0.682077 1.198674
v 1.618106 -0.239511 1.349927
v 1.779206 -0.278962 1.329962
v 1.882806 -0.338843 1.322058
v 3.217506 0.674160 4.701683
v 3.092506 0.727619 4.659032
v 2.824106 0.800900 4.608982
v 2.927306 0.478891 4.824985
v 2.658606 0.581361 4.750602
v 3.075606 0.463117 4.833820
v 2.222706 -0.273227 2.448379
v 2.057306 -0.206087 2.453194
v 2.312606 -0.316603 2.450794
v 2.346106 -0.082234 2.433735
v 2.238706 -0.021558 2.422379
v 2.035206 0.026914 2.422645
v 3.244006 0.601824 5.568704
v 3.072906 0.694365 5.493128
v 2.690506 0.769666 5.388884
v -1.879494 2.840243 4.131891
v -1.854094 2.774901 4.138806
v -1.973894 2.828097 4.096625
v -1.981694 2.780812 4.068681
v -2.044494 2.837842 3.802822
v -1.918794 2.903992 3.778868
v -1.955694 2.985187 3.818996
v -2.089694 2.920225 3.855508
v -2.115094 2.791115 3.964842
v -2.140294 2.849729 3.911267
v -2.085394 2.770153 3.857937
v -2.070294 2.717243 3.911853
v -2.097694 2.989577 3.923842
v -1.965594 3.037592 3.895105
v -2.064594 3.033081 3.977715
v -1.968594 3.072688 3.974808
v -2.149894 2.926445 3.978039
v -2.124894 2.862341 4.023437
v -2.077994 2.935663 4.082203
v -2.091594 2.997817 4.032417
v -1.956394 3.017592 4.129083
v -1.966794 3.071534 4.053318
v -2.036794 2.871192 4.090946
v -1.920794 2.922318 4.143594
v -2.068294 2.812009 4.042090
v -2.054694 2.744446 4.004141
v -2.022594 2.674499 3.964370
v -1.210994 3.306010 4.256014
v -1.263294 3.342948 4.246507
v -1.177194 3.426688 4.497733
v -1.122894 3.356501 4.479915
v -1.225894 3.480108 4.453061
v -1.299594 3.380665 4.232563
v -1.020594 3.693680 5.183783
v -0.995494 3.629027 5.208638
v -1.084094 3.542966 4.826615
v -1.127694 3.585071 4.785209
v -0.921894 3.346767 4.819303
v -0.874694 3.294648 4.788207
v -0.684094 3.297198 5.171853
v -0.756494 3.367748 5.214728
v -0.980194 3.405629 4.817997
v -1.021394 3.466930 4.836674
v -0.897194 3.498624 5.221092
v -0.831194 3.432967 5.221915
v -1.022094 3.524666 4.929916
v -0.946594 3.567185 5.241321
v 0.667706 3.410326 7.530139
v 1.026806 3.180272 7.442883
v 0.774006 3.200372 7.180279
v 0.453906 3.411757 7.256027
v 0.521506 3.168670 6.963868
v 0.232206 3.371806 7.034811
v -0.097494 4.392361 7.772362
v -0.298394 4.227624 7.419115
v -0.361694 4.328760 7.438546
v -0.156894 4.501560 7.796474
v -0.495194 4.203677 7.106802
v -0.448194 4.104707 7.104797
v 0.027606 3.555133 7.086733
v 0.223206 3.606899 7.320986
v 0.042906 3.816331 7.364512
v -0.139794 3.735703 7.115708
v 0.232306 3.892128 7.666639
v 0.418206 3.640628 7.605429
v 0.050806 4.169021 7.722586
v -0.147594 4.039480 7.396413
v -0.315794 3.931976 7.116274
v 1.274806 3.194168 7.715464
v 0.839606 3.389733 7.846834
v 0.976906 3.393478 8.110629
v 1.444806 3.151897 7.960153
v 0.116006 4.586003 8.516723
v 0.029206 4.508411 8.173419
v -0.033294 4.630886 8.197042
v 0.053606 4.724962 8.528375
v 0.529506 3.981323 8.334160
v 0.387206 3.934920 8.025476
v 0.181306 4.242806 8.112892
v 0.293606 4.302802 8.445734
v 0.578206 3.654653 7.941257
v 0.720006 3.687042 8.225927
v 1.529206 3.117863 8.088229
v 1.519206 3.122249 8.065404
v 1.035706 3.387761 8.238865
v 1.041206 3.393578 8.281675
v 0.633106 4.022007 8.521890
v 0.800606 3.708662 8.392014
v 0.835106 3.716040 8.499467
v 0.675906 4.030626 8.657743
v 1.045206 3.384593 8.410999
v 1.521506 3.094575 8.205805
v 1.439006 3.015495 8.221417
v 0.943606 3.317613 8.418103
v 0.624906 3.986740 8.784030
v 0.792506 3.670923 8.607342
v 0.675306 3.614372 8.610260
v 0.495706 3.928568 8.783913
v 1.383906 3.020093 8.176838
v 1.268306 3.016840 8.087266
v 0.871906 3.279502 8.388632
v 0.753806 3.229633 8.292281
v 0.308306 3.841768 8.546103
v 0.470906 3.516975 8.437526
v 0.584606 3.563821 8.566360
v 0.409406 3.890591 8.700003
v -0.178794 4.337862 8.456051
v -0.291894 4.422913 8.494462
v -0.424394 4.258798 8.121732
v -0.333294 4.178560 8.090502
v -0.057494 4.458397 8.753822
v -0.181594 4.557713 8.789553
v 0.545606 3.176522 8.083065
v 1.005806 2.963099 7.882103
v 0.703206 2.975314 7.583276
v 0.341106 3.212722 7.761144
v 0.283406 3.458882 8.210819
v 0.138106 3.772060 8.291664
v -0.006694 3.743710 7.929566
v 0.125406 3.471638 7.867591
v -0.178294 3.991367 8.016394
v -0.013994 4.100691 8.373110
v 0.141506 4.208177 8.642557
v -0.654094 3.974708 7.403604
v -0.535694 4.116039 7.730608
v -0.468494 4.031441 7.708087
v -0.590794 3.888630 7.379278
v 0.098706 3.219341 7.438695
v 0.390706 3.009648 7.271801
v 0.096806 2.996839 7.007128
v -0.124894 3.201154 7.149521
v -0.081094 3.439272 7.530887
v -0.215394 3.648642 7.593464
v -0.380694 3.566131 7.282496
v -0.268794 3.391965 7.229144
v -0.493894 3.741923 7.335757
v -0.351694 3.861891 7.656446
v -0.342594 3.162238 6.736935
v -0.181094 3.010948 6.618695
v -0.069094 3.019165 6.783941
v -0.256494 3.185047 6.915579
v -0.014294 2.901490 6.503687
v 0.121506 2.894931 6.653092
v -0.378994 3.349098 6.998573
v -0.472794 3.503666 7.054513
v -0.536794 3.448701 6.888923
v -0.452094 3.308610 6.825591
v -1.199094 3.230421 5.408811
v -1.088094 3.427909 5.891475
v -1.125894 3.198194 5.418528
v -1.026194 3.368637 5.885870
v -0.937194 3.511528 6.308475
v -1.006794 3.579913 6.331605
v -1.213694 3.054731 5.045968
v -1.067694 3.040814 5.186043
v -1.026994 3.159523 5.465324
v -1.064694 2.955611 5.020346
v -0.853594 2.988709 5.363801
v -0.909594 3.061167 5.445448
v -0.929694 3.141742 5.583214
v -1.036394 2.892626 4.951127
v -0.788194 2.926270 5.306654
v -1.307294 3.075067 5.006767
v 0.791406 -0.974028 0.040138
v 0.871306 -0.997975 0.055976
v 0.717506 -0.948329 0.028662
v 1.005106 -0.938534 0.064932
v 0.986206 -0.985021 0.040924
v 1.062306 -1.012034 0.059389
v 1.023706 -0.917021 0.130461
v 1.083306 -0.964830 0.055455
v 1.107206 -0.946119 0.116182
v 1.139106 -0.979519 0.051322
v 1.107306 -1.023729 0.066336
v 1.142706 -1.034749 0.069639
v 1.180706 -1.006177 0.039983
v 1.254806 -0.960382 0.073178
v 1.183306 -0.965457 0.106703
v 1.066306 -0.759810 -0.248704
v 1.213806 -0.771604 -0.199213
v 1.216506 -0.782822 -0.271771
v 0.900906 -0.670852 -0.293686
v 1.080106 -0.748626 -0.316729
v 0.923006 -0.653825 -0.345420
v 0.904806 -0.647825 -0.221203
v 1.075606 -0.726827 -0.170587
v 1.224806 -0.740595 -0.120648
v 0.738506 -0.526032 -0.299926
v 0.757706 -0.510767 -0.346645
v 0.596106 -0.357011 -0.332459
v 0.743706 -0.510321 -0.230111
v 0.604806 -0.353120 -0.279513
v 0.605706 -0.350046 -0.212554
v 0.374306 -0.105578 -0.215793
v 0.459006 -0.231934 -0.251418
v 0.457806 -0.214954 -0.303562
v 0.363206 -0.091706 -0.261887
v 0.467706 -0.234318 -0.182045
v 0.382106 -0.116301 -0.152851
v 0.965906 -1.030561 0.080068
v 1.050606 -1.055693 0.106543
v 1.146406 -1.068023 0.102112
v 1.101606 -1.067837 0.113835
v 1.301606 -1.076311 0.026407
v 1.262606 -1.020476 0.018152
v 1.210606 -1.053498 0.071129
v 1.237406 -1.116959 0.083735
v 1.247606 -0.969245 -0.049193
v 1.316906 -1.022706 -0.056058
v 1.326306 -0.958839 -0.127505
v 1.305706 -0.917748 0.041623
v 1.283406 -0.906847 -0.081501
v 1.340006 -0.874648 0.004178
v 1.364306 -0.893226 -0.165142
v 1.322006 -0.854142 -0.117594
v 1.332806 -0.805169 -0.149029
v 1.385106 -0.824699 -0.214300
v 1.348006 -0.764039 -0.077717
v 1.364306 -0.819542 -0.040275
v 1.313706 -0.785030 -0.240897
v 1.299206 -0.778809 -0.173327
v 1.304006 -0.746874 -0.096456
v -0.620194 0.310110 -0.078833
v -0.641194 0.258958 -0.062405
v -0.566694 0.276211 -0.038475
v -0.545394 0.260901 -0.106725
v -0.455994 0.278969 -0.015526
v -0.438094 0.235424 -0.089977
v -0.444394 0.242181 -0.141838
v -0.727994 0.259788 -0.016916
v -0.672694 0.263076 0.042204
v -0.826594 0.280570 0.067376
v -0.747194 0.266308 0.197726
v -0.613894 0.283381 0.096886
v -0.787594 0.240862 0.129869
v -0.881594 0.220078 0.195736
v -0.856594 0.261946 0.277632
v -0.903194 0.275146 0.132219
v -0.964294 0.272610 0.190379
v -0.946694 0.233483 0.246090
v -0.930094 0.262244 0.313269
v -0.844594 0.420543 1.094372
v -0.824294 0.317423 0.903648
v -0.818994 0.234326 0.937697
v -0.815594 0.383531 1.163267
v -0.760094 0.350134 1.221439
v -0.742894 0.212706 1.013841
v 1.205606 -0.302732 1.920239
v 1.233406 -0.275470 2.005879
v 1.136206 -0.289233 2.024053
v 1.188106 -0.268737 1.790141
v 1.109206 -0.298257 1.920721
v 1.093706 -0.243132 1.791763
v 1.266806 -0.200116 2.045952
v 1.295806 -0.115881 2.052692
v 1.210006 -0.091816 2.076199
v 1.177906 -0.197077 2.076803
v 0.442506 0.678967 1.670493
v 0.425206 0.648565 1.611268
v 0.264706 0.731671 1.622803
v 0.276006 0.767174 1.683903
v 1.195506 1.281950 4.694758
v 1.371206 1.264496 4.780724
v 1.333306 1.266450 4.855504
v 1.148106 1.272685 4.794497
v 1.399906 1.266546 4.699205
v 1.223906 1.289983 4.602927
v 1.400906 1.236974 4.625870
v 1.386606 1.151133 4.532394
v 1.207406 1.242624 4.543811
v 1.190506 1.165226 4.462932
v 0.286106 2.017663 4.004838
v 0.627606 1.869478 4.130544
v 0.622706 1.808483 4.070056
v 0.283806 1.956043 3.945276
v 0.285306 1.887252 3.874192
v 0.618006 1.742118 3.997371
v 0.288806 0.808946 2.017295
v 0.291906 0.814905 1.954539
v 0.474906 0.720403 1.968545
v 0.470406 0.721959 2.031676
v 0.494206 0.753977 1.916749
v 0.310906 0.850716 1.901824
v 0.167906 2.801364 6.392921
v 0.316006 2.764844 6.540843
v 0.239806 2.817241 6.582966
v 0.096406 2.846223 6.434062
v -0.913894 4.522215 7.149620
v -0.981694 4.431155 7.179000
v -0.819394 4.582383 7.114298
v -0.891994 4.554137 6.958039
v -1.000994 4.494009 7.002340
v -1.072394 4.389977 7.031443
v -0.703394 4.583109 7.053785
v -0.761394 4.552697 6.887058
v -0.623594 4.476074 7.004542
v -0.664594 4.443562 6.822212
v -0.576094 4.207553 6.903700
v -0.593694 4.337773 6.949913
v -0.618094 4.297771 6.762372
v -0.615994 4.157166 6.728521
v -0.563894 4.128184 6.889022
v -0.612594 4.075635 6.728889
v -0.519794 4.038389 6.892447
v -0.569294 3.992324 6.735177
v 0.844006 2.651863 5.943637
v 0.960206 2.635233 6.102218
v 0.962006 2.551944 6.040236
v 0.854806 2.577543 5.897952
v 0.973006 2.438493 5.944273
v 0.858806 2.480940 5.827478
v 1.263906 1.885442 4.757967
v 1.216306 1.900543 4.849485
v 1.449906 1.786320 4.889461
v 1.498206 1.776156 4.807260
v 1.376006 1.814019 5.017413
v 1.153506 1.936886 4.973017
v 1.338306 1.930338 4.642500
v 1.562206 1.785775 4.710995
v -0.627294 3.604523 5.960877
v -0.521994 3.511452 5.947641
v -0.666994 3.476166 5.614791
v -0.756494 3.551666 5.617367
v -0.567394 3.392243 5.597905
v -0.395794 3.407835 5.920928
v -0.219494 3.283335 5.864871
v -0.445294 3.289749 5.548649
v 0.969006 2.151665 5.434437
v 0.892006 2.314226 5.665075
v 1.027106 2.247810 5.763822
v 1.125306 2.050153 5.520039
v 1.062406 2.021617 5.186454
v 1.252406 1.898973 5.250040
v 0.264006 0.374144 0.989195
v 0.116406 0.450564 1.000968
v 0.075606 0.366216 0.785361
v 0.213606 0.289581 0.774468
v 1.060906 -0.224266 1.618347
v 1.161806 -0.270942 1.611256
v 1.099206 -0.358492 1.434159
v 0.984706 -0.298646 1.446193
v 0.765606 -0.444378 1.094918
v 0.824906 -0.349121 1.287944
v 0.755606 -0.304055 1.287261
v 0.699106 -0.396679 1.088729
v 0.847306 -0.497338 1.096588
v 0.911406 -0.398775 1.283592
v 0.896706 -0.253579 1.452469
v 0.823206 -0.213354 1.454886
v 0.920906 -0.177954 1.759010
v 0.899606 -0.146717 1.603644
v 0.975706 -0.183521 1.613672
v 1.003506 -0.216507 1.778593
v 0.818806 -0.108950 1.597069
v 0.751406 -0.169215 1.455898
v 0.842206 -0.128962 1.742905
v 0.956006 -0.564315 1.091290
v 1.028006 -0.463679 1.273218
v 0.634706 -0.347173 1.081062
v 0.689206 -0.255415 1.283918
v 0.668206 -0.818691 -0.027457
v 0.641006 -0.909274 0.022255
v 0.576806 -0.873988 0.041677
v 0.569606 -0.794726 0.033954
v 0.520406 -0.665987 0.121725
v 0.473306 -0.627486 0.133498
v 0.425706 -0.672880 0.097229
v 0.470606 -0.707102 0.073508
v 0.500106 -0.618823 0.215606
v 0.549106 -0.655271 0.209747
v 0.508806 -0.831694 0.075425
v 0.533406 -0.864646 0.067501
v 0.437106 -0.768935 0.102259
v 0.474606 -0.800009 0.086109
v 0.516206 -0.742328 0.054396
v 0.400506 -0.737387 0.120186
v 0.545706 0.048036 0.707294
v 0.607406 0.120072 0.933801
v 0.696806 0.020174 0.926532
v 0.638506 -0.046091 0.692104
v 0.771806 0.101755 1.149442
v 0.678106 0.200864 1.153482
v 0.389206 0.173986 0.739841
v 0.459406 0.273181 0.948306
v 0.533006 0.203854 0.939373
v 0.464906 0.117687 0.723026
v 0.595606 0.280787 1.159257
v 0.512506 0.342945 1.170584
v 0.373306 0.322591 0.968459
v 0.422306 0.393424 1.187952
v 0.310406 0.226328 0.759166
v 0.563506 0.407769 1.369629
v 0.653706 0.348238 1.359048
v 0.709606 0.412155 1.508560
v 0.614106 0.475053 1.515747
v 0.812906 0.347328 1.495272
v 0.746806 0.275470 1.350977
v 0.469006 0.461753 1.383319
v 0.513906 0.530722 1.527338
v 0.977306 0.319859 1.548973
v 0.924206 0.260635 1.484177
v 0.859906 0.399582 1.571765
v 0.750306 0.454796 1.596910
v 0.649506 0.519143 1.599950
v 0.679406 0.564931 1.648675
v 0.791006 0.530379 1.609684
v 0.850206 0.183298 1.344009
v 1.198206 1.005862 4.318429
v 1.378206 0.981294 4.369987
v 1.376206 0.772779 4.143748
v 1.216406 0.802609 4.112944
v 0.570206 0.616137 1.659684
v 0.548806 0.584839 1.601149
v 1.372306 0.557481 3.874371
v 1.230406 0.594145 3.850710
v 1.240006 0.409017 3.537866
v 1.364806 0.364436 3.559588
v 1.078906 0.848011 4.076404
v 1.106006 0.640397 3.820029
v 0.992706 0.693672 3.784212
v 0.958506 0.908527 4.031447
v 1.024506 0.506846 3.485165
v 1.129806 0.459128 3.511621
v 0.602406 1.626549 3.855751
v 0.288206 1.764306 3.743510
v 0.577806 1.466774 3.668738
v 0.303506 1.611835 3.556945
v 0.912406 0.543360 3.464207
v 0.872806 0.736070 3.755248
v 0.830006 0.955878 3.996976
v 0.568206 1.294671 3.436252
v 0.325706 1.438104 3.336953
v 0.337606 1.266868 3.102461
v 0.555006 1.128007 3.186019
v 0.745006 1.377608 3.741628
v 0.722606 1.202137 3.500937
v 0.836306 1.138771 3.545322
v 0.860806 1.318420 3.793415
v 0.815706 0.976096 3.269893
v 0.701906 1.038162 3.237038
v 0.931406 0.916755 3.301188
v 0.951206 1.075754 3.589349
v 0.980106 1.262198 3.842562
v 1.241606 0.269686 3.186215
v 1.348606 0.214953 3.204597
v 1.239606 0.162328 2.826023
v 1.334606 0.107537 2.836330
v 1.036006 0.369226 3.150578
v 1.141806 0.328266 3.165410
v 1.030406 0.243828 2.819701
v 1.139506 0.211752 2.819757
v 0.927206 0.405292 3.136924
v 0.923106 0.283034 2.815230
v 0.343406 1.147552 2.858801
v 0.537906 1.006878 2.930728
v 0.507006 0.896637 2.680889
v 0.316306 1.022555 2.629327
v 0.751906 0.754473 2.731746
v 0.646506 0.818851 2.709780
v 0.677106 0.919386 2.970657
v 0.788206 0.859039 2.994963
v 1.257606 1.346005 4.984060
v 1.293706 1.289265 4.921101
v 1.100406 1.306248 4.894472
v 1.064206 1.385824 4.981080
v 0.859206 0.696760 2.750546
v 0.901206 0.802098 3.017898
v 1.191406 1.510704 5.135612
v 1.231106 1.446057 5.045100
v 1.016306 1.582355 5.119737
v 1.042906 1.496297 5.048823
v 0.730306 1.494302 4.917868
v 0.873406 1.408200 4.981172
v 0.875406 1.539261 5.030218
v 0.747706 1.608078 4.958711
v 0.880906 1.645017 5.062957
v 0.755306 1.689502 4.997859
v 0.323306 0.870583 1.838359
v 0.503006 0.779172 1.847222
v 0.496906 0.776998 1.771809
v 0.325006 0.867910 1.770646
v 0.632506 1.677384 4.876477
v 0.610006 1.583100 4.836962
v 0.632706 1.737082 4.929131
v 0.908506 -0.255863 1.894882
v 0.819906 -0.206047 1.884835
v 0.806806 -0.246113 2.046816
v 0.911206 -0.291942 2.046390
v 0.711006 -0.136457 1.897937
v 0.694506 -0.157589 2.049275
v 0.472206 0.733421 1.715405
v 0.309206 0.832399 1.713478
v 1.008206 -0.287183 1.909256
v 1.027406 -0.299699 2.037816
v 0.546306 -0.028442 2.061162
v 0.563606 0.047924 2.130611
v 0.724706 -0.077416 2.178517
v 0.851706 -0.168196 2.206522
v 0.968706 -0.204926 2.188122
v 0.910406 -0.019674 2.222951
v 1.021106 -0.058380 2.193402
v 0.551406 -0.049008 1.951989
v 1.039606 0.076734 2.278675
v 1.140106 0.039184 2.251092
v 1.135806 0.100440 2.499187
v 1.031806 0.138325 2.512594
v 1.236106 0.065711 2.487098
v 1.234406 -0.001359 2.228666
v 1.080506 -0.204601 2.133002
v 1.119506 -0.075228 2.129993
v 0.936406 0.115379 2.300955
v 0.926506 0.178849 2.522009
v 1.316006 -0.047922 2.221489
v 1.310206 -0.081979 2.102087
v 1.227406 -0.048129 2.118599
v 1.134806 -0.016962 2.154931
v 1.034606 0.008244 2.202184
v 1.326906 0.025163 2.484840
v 0.927306 0.042562 2.236002
v 0.282806 0.806833 2.082267
v 0.279206 0.829154 2.194996
v 0.464206 0.729850 2.216444
v 0.468006 0.721605 2.097078
v 0.472506 0.785571 2.431951
v 0.291506 0.907464 2.393478
v 0.006606 2.594922 6.166246
v 0.113406 2.621519 6.267835
v 0.068406 2.713257 6.286646
v -0.034894 2.695008 6.187558
v 0.205306 2.729061 6.378963
v 0.246706 2.645716 6.358420
v 0.038406 2.787688 6.289688
v -0.056494 2.774348 6.188517
v 0.212506 2.498597 5.985282
v 0.095906 2.495179 6.088910
v 0.016206 2.506919 5.961660
v 0.127106 2.509507 5.867505
v -0.068094 2.600217 6.035837
v 0.397106 2.609811 6.481513
v 0.478406 2.527921 6.414974
v 0.324306 2.550722 6.298040
v 0.422706 2.521795 6.208148
v 0.578006 2.514119 6.328970
v 0.200006 2.528144 6.196572
v 0.306606 2.511140 6.096435
v 0.356106 2.691587 6.514859
v -0.102994 2.698345 6.059011
v -0.120294 2.778420 6.064403
v 0.879006 2.965462 6.367209
v 0.727806 3.002281 6.240202
v 0.958206 2.890353 6.223095
v 0.829506 2.940979 6.072173
v 0.614006 2.986758 6.393381
v 0.777906 2.954354 6.515921
v 0.970206 2.757461 6.149407
v 0.871806 2.801038 5.970539
v 0.532206 2.236327 4.627613
v 0.167006 2.351267 4.464496
v 0.134706 2.433408 4.618098
v 0.487306 2.322320 4.798860
v 0.106106 2.547248 4.786923
v 0.441806 2.437070 5.002494
v 0.199606 2.308910 4.376285
v 0.233406 2.275777 4.310149
v 0.566406 2.194715 4.539093
v 0.591706 2.147154 4.476120
v 0.958906 2.050528 4.640312
v 0.912006 2.051982 4.718152
v 1.052106 1.993539 4.788994
v 1.109306 2.008264 4.705396
v 0.999506 2.031833 4.902192
v 0.867206 2.090974 4.821356
v 0.734506 2.147412 4.740369
v 0.674806 2.226759 4.925474
v 0.797806 2.167413 5.014854
v 0.610206 2.335273 5.149876
v 0.725506 2.279726 5.245702
v 0.774606 2.109693 4.645197
v 0.808706 2.080091 4.575185
v 1.241006 1.522889 4.234129
v 1.522106 1.430946 4.339936
v 1.490906 1.290601 4.175624
v 1.196406 1.369182 4.103473
v 0.923306 2.110984 5.103507
v 0.843006 2.225954 5.341054
v 0.815206 1.668184 4.065590
v 0.785206 1.544229 3.928726
v 0.899106 1.485659 3.988156
v 0.939806 1.624452 4.114853
v 1.537406 1.523801 4.425250
v 1.264006 1.617884 4.303787
v 1.063306 1.580445 4.167003
v 1.089906 1.673632 4.224224
v 0.963206 1.710397 4.169616
v 0.993706 1.793720 4.191869
v 1.124706 1.759905 4.249382
v 1.019806 1.433835 4.040701
v 0.599006 1.406935 4.261073
v 0.292606 1.508010 4.197398
v 0.318706 1.361877 4.055830
v 0.619106 1.248133 4.127736
v 0.847406 1.813488 4.170949
v 0.831506 1.744584 4.126270
v 1.032806 1.199780 4.416004
v 1.051506 1.050142 4.273473
v 0.927006 1.111054 4.226249
v 0.907106 1.262735 4.364708
v 0.276906 1.585205 4.272099
v 0.592406 1.483785 4.335325
v 0.583106 1.522525 4.394022
v 0.261606 1.623072 4.312732
v 0.773906 1.387612 4.398528
v 0.764606 1.409465 4.458353
v 0.779506 1.322816 4.319997
v 0.901806 1.315508 4.448833
v 0.897906 1.329036 4.506766
v 0.797506 1.163949 4.187155
v 0.697406 1.793678 5.114701
v 0.809806 1.756537 5.189226
v 0.705506 1.871640 5.358417
v 0.601006 1.908844 5.274118
v 0.813206 1.801024 5.444514
v 0.927506 1.682366 5.260036
v 0.692906 1.987413 5.670291
v 0.593506 2.045275 5.568312
v 0.496106 2.078352 5.473895
v 1.039906 1.258734 4.496799
v 1.049606 1.281423 4.550984
v 0.583706 1.829866 5.042068
v 0.493706 1.942575 5.192492
v 0.392706 2.103743 5.383518
v 1.092906 1.587583 5.301739
v 1.157206 1.539524 5.198463
v 0.985306 1.625419 5.172342
v 0.862906 1.699341 5.106543
v 0.742906 1.736043 5.037708
v 0.961506 1.709361 5.515667
v 0.828406 1.918552 5.766903
v 0.650406 2.135944 4.375629
v 0.281206 2.253973 4.229052
v 0.342706 2.257965 4.124895
v 0.705906 2.121938 4.252487
v 0.620306 1.770883 4.971555
v 1.198006 1.901648 4.283785
v 1.059406 1.939692 4.226320
v 1.065406 2.027834 4.375660
v 1.204606 1.981620 4.432365
v 0.332806 2.149370 4.039648
v 0.697306 2.017940 4.139705
v 0.929206 2.072987 4.317810
v 0.918706 1.968279 4.181841
v 1.024206 2.063222 4.520447
v 0.870806 2.077921 4.463368
v 0.139206 1.667676 4.543128
v 0.181306 1.649836 4.446311
v 0.461806 1.500983 4.574048
v 0.420306 1.553397 4.681824
v 1.170706 2.018742 4.580100
v 0.901906 1.299124 4.883358
v 0.748306 1.386641 4.824674
v 0.805306 1.341869 4.697725
v 0.960906 1.263406 4.751941
v 0.230106 1.649016 4.370571
v 0.529506 1.513211 4.477115
v 0.663806 1.425622 4.644703
v 0.724606 1.422225 4.544625
v 0.861206 1.333655 4.591272
v 0.608306 1.469682 4.763189
v 0.285306 2.504013 5.924372
v 0.379706 2.512714 6.027864
v 0.428106 2.424171 5.948155
v 0.336606 2.431793 5.847092
v 0.541306 2.424722 6.046854
v 0.492006 2.516888 6.135909
v 1.017106 1.271785 4.638877
v 0.253706 2.453176 5.737940
v 0.195206 2.507483 5.815709
v 0.672006 2.402728 6.163791
v 0.731306 2.176613 5.994455
v 0.601706 2.218539 5.884752
v 0.499906 2.250020 5.780144
v 0.414506 2.280544 5.675914
v 0.642106 2.517567 6.250659
v 0.362306 2.655843 5.345034
v 0.040506 2.757947 5.029683
v 0.029006 2.823727 5.081316
v 0.362706 2.729365 5.413104
v 0.068706 2.657929 4.928915
v 0.387406 2.543266 5.200576
v 0.321506 2.302575 5.575721
v 0.774306 2.367312 5.565701
v 0.659206 2.408903 5.467855
v 0.637306 2.550912 5.624821
v 0.747706 2.517516 5.723231
v 0.528906 2.585877 5.525204
v 0.535306 2.669034 5.595942
v 0.643706 2.637681 5.690281
v 0.535806 2.745004 5.632061
v 0.646806 2.714517 5.722075
v 0.550206 2.455793 5.367271
v -0.036594 3.327578 6.642104
v 0.204306 3.157648 6.580227
v 0.095206 3.177536 6.408256
v -0.129394 3.338196 6.468520
v 0.312606 3.078411 6.345521
v 0.429206 3.040644 6.513853
v 0.215306 3.123792 6.179897
v 0.004606 3.215847 6.242719
v -0.211894 3.360353 6.303904
v 0.745806 2.604135 5.789075
v 0.742306 2.679902 5.823655
v -0.082994 3.258503 6.078654
v -0.290294 3.388199 6.139725
v 0.124006 3.182491 6.012680
v 0.544006 3.000603 6.466684
v 0.708506 2.966778 6.609410
v 0.581406 3.010189 6.687977
v 0.338006 3.152697 6.766046
v 0.078006 3.344227 6.829324
v -0.254294 2.833239 5.901419
v -0.448094 2.812920 5.599967
v -0.502194 2.879802 5.640046
v -0.325594 2.898226 5.955268
v -0.467994 3.149180 6.479590
v -0.315994 3.013049 6.365745
v -0.253794 3.016535 6.482172
v -0.406294 3.157828 6.595882
v -0.095894 2.915822 6.372036
v -0.159894 2.914496 6.255285
v -0.082794 2.843383 6.201244
v -0.142994 2.846920 6.079682
v -0.218394 2.917680 6.134888
v -0.601394 2.961433 5.710887
v -0.704994 3.054131 5.785792
v -0.461794 2.999274 6.055869
v -0.597294 3.123475 6.157569
v -0.371194 3.019752 6.246210
v -0.521094 3.151980 6.359041
v -0.004894 2.852050 6.311185
v -0.943394 3.902807 7.065378
v -0.826894 3.819001 7.009683
v -0.735994 3.902173 7.163116
v -0.825294 3.983485 7.202352
v -0.657594 3.794693 7.135093
v -0.722394 3.708183 6.967813
v -1.066694 3.715443 6.796010
v -0.939094 3.670300 6.737689
v -0.898494 3.727094 6.880726
v -1.030194 3.793983 6.945513
v -0.773094 3.659234 6.816419
v -0.821794 3.623985 6.678307
v -0.627594 3.581861 6.932696
v -0.570994 3.653713 7.101798
v -0.811194 3.805526 5.976985
v -0.905194 3.719405 5.618652
v -0.925494 3.793990 5.606588
v -0.843894 3.877658 5.975997
v -0.930294 3.875861 5.605155
v -0.849994 3.963579 5.989915
v -0.963994 3.645757 6.582416
v -0.867494 3.594210 6.536874
v -1.076194 3.677568 6.630831
v -0.669894 3.913249 6.383914
v -0.731794 3.868488 6.209670
v -0.770094 3.939081 6.211205
v -0.711994 3.985119 6.383397
v -0.778194 4.025089 6.225236
v -0.710694 4.071095 6.386835
v -0.731594 3.707602 5.971586
v -0.841194 3.635188 5.620285
v -0.920194 4.255501 6.106211
v -1.048494 4.048899 5.698900
v -1.158194 4.078793 5.736477
v -1.051394 4.342661 6.163250
v -0.968594 3.976522 5.642172
v -0.857594 4.111253 6.038403
v -0.664794 4.027684 6.559775
v -0.617994 3.952280 6.562656
v -0.645994 4.116130 6.551233
v -1.287494 4.316515 6.781051
v -1.262894 4.156278 6.787199
v -1.183794 4.219230 6.919340
v -1.188694 4.358131 6.911321
v -1.160394 4.084464 6.928906
v -1.217094 4.009080 6.785363
v -1.077794 4.156128 7.074689
v -1.086694 4.276722 7.052383
v -1.287294 4.099037 6.632102
v -1.237494 3.948680 6.627434
v -1.320994 4.256770 6.623510
v -0.938694 4.072099 7.254437
v -1.001894 4.203831 7.258090
v -1.035194 4.020613 7.087687
v -1.116094 3.934942 6.947240
v -1.164594 3.849098 6.801930
v -1.002194 4.324560 7.219265
v -0.425394 3.645122 6.535440
v -0.536994 3.811330 6.554678
v -0.480094 3.839385 6.730980
v -0.356694 3.659519 6.714400
v -0.475794 3.644272 6.358547
v -0.586994 3.788587 6.375536
v -1.181594 3.790043 6.640647
v -0.648194 3.757493 6.201662
v -0.537294 3.634265 6.186915
v -0.213994 3.494509 6.684428
v -0.111894 3.517090 6.875648
v -0.264994 3.688571 6.901624
v -0.361294 3.503656 6.338712
v -0.293194 3.493783 6.507349
v -0.414094 3.874289 6.904243
v -0.848194 3.416265 6.292735
v -0.782694 3.476729 6.516725
v -0.692994 3.360302 6.486931
v -0.757594 3.312066 6.270484
v -0.641094 3.387872 6.615874
v -0.726194 3.512658 6.648068
v -0.428394 3.515361 6.170715
v -0.671594 3.546735 6.780481
v -0.582294 3.422086 6.741045
v -0.683694 3.222691 6.226568
v -0.782894 3.137261 5.845130
v -0.855794 3.215422 5.882241
v -0.564094 3.272771 6.560437
v -0.615094 3.260981 6.435769
v -0.942994 3.295276 5.889319
v -0.503894 3.294558 6.680357
v 0.735506 0.699804 1.739665
v 0.748606 0.724813 1.829449
v 0.864506 0.714334 1.812352
v 0.847806 0.680900 1.711385
v 0.859006 0.685513 1.913576
v 0.745606 0.707721 1.919596
v 0.637106 0.738796 1.842868
v 0.633706 0.722553 1.922638
v 0.625706 0.723950 1.761770
v 0.711106 0.640943 1.679051
v 0.822206 0.611376 1.645147
v 0.599606 0.671544 1.707343
v 0.614306 0.680050 1.976397
v 0.593506 0.640186 2.030802
v 0.705806 0.606386 2.035575
v 0.728906 0.665561 1.983888
v 0.717906 0.612881 2.255054
v 0.601006 0.655410 2.239015
v 0.616106 0.717904 2.454396
v 0.729206 0.666757 2.472337
v 0.816406 0.576803 2.042813
v 0.801106 0.532804 2.128950
v 0.701006 0.581154 2.121636
v 0.820706 0.567989 2.267558
v 0.839906 0.634782 1.984819
v 0.596106 0.641429 2.111036
v 0.830006 0.609225 2.489749
v 0.422406 3.040445 6.309515
v 0.496506 3.034186 6.246880
v 0.328306 3.100287 6.144362
v 0.407706 3.108454 6.088650
v 0.677006 2.871872 5.728764
v 0.778406 2.839258 5.836655
v 0.636906 3.032815 5.808528
v 0.732206 2.991055 5.936304
v 0.312806 3.165790 5.923373
v 0.430606 3.177654 5.808342
v 0.539206 3.140866 5.955220
v 0.518706 3.054568 5.692668
v 0.232506 3.152695 5.975115
v 0.629606 3.075948 6.102062
v 0.553306 2.894228 5.637689
v -1.117994 4.507524 6.869977
v -0.974494 4.579800 6.799022
v -1.058794 4.580107 6.633372
v -1.228494 4.502023 6.724144
v -1.274794 4.420570 6.562161
v -1.128994 4.496843 6.478314
v -0.961294 4.473742 6.400981
v -0.882494 4.535262 6.551088
v -0.747594 4.409393 6.479222
v -0.832494 4.350806 6.339884
v -0.681694 4.444098 6.638542
v -0.813094 4.560103 6.715678
v -0.649094 4.265327 6.585699
v -0.717694 4.224910 6.427652
v -0.782794 4.182786 6.273416
v 0.220006 4.266687 8.791768
v 0.270306 4.305212 8.825025
v 0.040206 4.600943 8.993347
v 0.011606 4.531557 8.900505
v -0.201994 4.691769 9.025352
v -0.227794 4.651968 8.936869
v -0.124294 4.627989 8.937473
v -0.100594 4.665277 9.027446
v -0.351094 4.867353 8.975723
v -0.384894 4.830548 8.881276
v -0.331894 4.721560 8.921329
v -0.300494 4.760721 9.010839
v -0.360494 4.977765 8.938681
v -0.394494 4.940284 8.840917
v -0.350994 5.044680 8.796636
v -0.318094 5.084159 8.896876
v -0.211594 5.159860 8.853797
v -0.240394 5.114608 8.752198
v -0.120294 5.150998 8.705106
v -0.087194 5.188472 8.809119
v 0.094006 5.089271 8.718340
v 0.048206 5.053018 8.618115
v -0.021294 5.132224 8.649514
v 0.017106 5.165960 8.754353
v 0.130306 4.984775 8.727012
v 0.089606 4.949102 8.629282
v 0.101706 4.847766 8.667106
v 0.142306 4.886662 8.762531
v 0.219206 4.649867 8.690632
v 0.405306 4.361295 8.629128
v 0.472006 4.386986 8.763979
v 0.270306 4.714021 8.835234
v 0.188206 4.824618 8.793675
v 0.141806 4.784781 8.690764
v 0.367806 4.335011 8.845548
v 0.198706 4.620365 8.958061
v -0.142294 4.815601 9.256793
v -0.179094 4.747054 9.141267
v -0.079094 4.722392 9.134727
v -0.052394 4.785843 9.245252
v 0.024006 4.716644 9.116934
v 0.039806 4.785399 9.211510
v -0.210694 4.881216 9.257073
v -0.262094 4.818978 9.132587
v -0.307194 4.920465 9.111423
v -0.250694 4.970304 9.251336
v -0.246594 5.074627 9.237803
v -0.308694 5.031292 9.085124
v -0.259494 5.133103 9.053717
v -0.196494 5.169623 9.219221
v -0.109294 5.229049 9.202762
v -0.161494 5.200873 9.023520
v -0.006194 5.246283 9.178082
v -0.046994 5.218455 8.989203
v 0.157506 5.146154 9.086679
v 0.140906 5.134010 8.891977
v 0.056106 5.197180 8.937319
v 0.089106 5.210709 9.133008
v -0.091294 4.868614 9.363840
v -0.156894 4.919570 9.368262
v -0.096794 4.974273 9.441444
v -0.030794 4.939295 9.443642
v -0.144694 5.012321 9.421089
v -0.195094 4.995112 9.365095
v -0.127694 5.077851 9.435173
v -0.194094 5.085912 9.359382
v -0.108994 5.144609 9.413518
v -0.148394 5.169546 9.348293
v 0.186906 5.000772 9.048473
v 0.185806 4.949547 8.898295
v 0.175206 5.039116 8.883444
v 0.190406 5.074565 9.057180
v -0.042694 5.167444 9.432529
v -0.067494 5.222681 9.339084
v 0.046006 5.170525 9.419719
v 0.031306 5.240053 9.321075
v 0.024106 5.056136 9.474900
v -0.054394 5.069756 9.472542
v 0.121906 4.934900 9.363603
v 0.143606 5.027824 9.388016
v 0.094406 5.039460 9.442677
v 0.043706 4.930075 9.420759
v 0.125706 5.146744 9.389393
v 0.178206 5.106437 9.343499
v 0.119006 5.203290 9.280485
v 0.177106 5.144168 9.234258
v 0.145506 4.878244 9.084845
v 0.108706 4.818204 9.140857
v 0.131206 4.751006 9.054450
v 0.192006 4.818954 8.968711
v 0.067606 4.853823 9.303222
v -0.007694 4.847095 9.349440
v 0.168606 4.937548 9.056169
v 0.193506 5.021548 9.257409
v 0.171006 4.987077 9.298298
v 0.174106 4.964506 9.192898
v 0.197006 5.020908 9.173323
v 0.143906 4.909502 9.222639
v 0.111706 4.859936 9.232317
v 0.170106 5.025030 9.341363
v 0.194206 5.061824 9.290391
v 0.200406 5.081486 9.192912
v -0.685594 0.030606 0.883620
v -0.743994 0.061596 0.851656
v -0.744494 -0.065177 0.724812
v -0.687894 -0.093898 0.733171
v -0.799694 -0.057432 0.738125
v -0.824394 0.061512 0.836821
v -0.627694 -0.008666 0.914908
v -0.622694 -0.126963 0.751654
v -0.541894 -0.161933 0.783200
v -0.567194 -0.067971 0.960628
v -0.687094 -0.258348 0.565013
v -0.612594 -0.301726 0.551192
v -0.616594 -0.218175 0.636705
v -0.687994 -0.184418 0.635355
v -0.526694 -0.247209 0.655208
v -0.515194 -0.331435 0.556296
v -0.688894 -0.341940 0.503799
v -0.610294 -0.397464 0.478714
v -0.700294 -0.431098 0.468280
v -0.618194 -0.493163 0.434578
v -0.504894 -0.421247 0.463110
v -0.268494 -0.038622 0.972218
v -0.455794 -0.120144 1.011211
v -0.426594 -0.205729 0.830639
v -0.253194 -0.109240 0.782805
v -0.401794 -0.265662 0.690016
v -0.236494 -0.155919 0.641086
v -0.381894 -0.314252 0.572250
v -0.220294 -0.203656 0.523733
v -0.368394 -0.364167 0.451488
v -0.204094 -0.253325 0.403407
v -0.010194 -0.092976 0.927318
v 0.241106 -0.199411 0.884305
v -0.015594 -0.182502 0.746030
v 0.216206 -0.283647 0.699572
v -0.010294 -0.246189 0.614095
v 0.209006 -0.343841 0.568697
v 0.000606 -0.297322 0.505780
v 0.211806 -0.387994 0.463308
v 0.013506 -0.344519 0.394348
v 0.216306 -0.426826 0.355789
v 0.406806 -0.288748 0.861773
v 0.513206 -0.364637 0.855212
v 0.376306 -0.359452 0.669928
v 0.483306 -0.425038 0.657046
v 0.363606 -0.411649 0.537272
v 0.468006 -0.470944 0.521780
v 0.360806 -0.451641 0.433232
v 0.460306 -0.508755 0.418025
v 0.358306 -0.489422 0.328472
v 0.451706 -0.546841 0.314839
v 0.832406 -0.788616 0.270325
v 0.899306 -0.823950 0.252813
v 0.927006 -0.804131 0.355333
v 0.860906 -0.768059 0.376471
v 0.968306 -0.857563 0.233709
v 0.995406 -0.837775 0.332595
v 0.923706 -0.735977 0.627118
v 0.994306 -0.778166 0.601855
v 1.077306 -0.755128 0.826717
v 0.989106 -0.702562 0.848189
v 1.067806 -0.814838 0.574487
v 1.166706 -0.798452 0.800095
v 0.952006 -0.790278 0.457984
v 0.886906 -0.752810 0.482329
v 1.020206 -0.824440 0.432254
v 0.890306 -0.636455 0.860937
v 0.839106 -0.681652 0.644382
v 0.795106 -0.571380 0.866896
v 0.754806 -0.624225 0.654084
v 1.268106 -0.874547 0.524251
v 1.377406 -0.849902 0.736010
v 1.271706 -0.834390 0.770201
v 1.163406 -0.849784 0.549361
v 1.450206 -0.847316 0.463863
v 1.525106 -0.798823 0.662090
v 1.464606 -0.833481 0.698215
v 1.369906 -0.876258 0.495589
v 1.110006 -0.858791 0.409525
v 1.209706 -0.886576 0.388256
v 1.081506 -0.872207 0.311267
v 1.175206 -0.900781 0.291409
v 1.051406 -0.892362 0.213645
v 1.139706 -0.921811 0.195084
v 1.586206 -0.734985 0.600927
v 1.561806 -0.766604 0.629984
v 1.498006 -0.812872 0.433257
v 1.530506 -0.779649 0.405820
v 1.310106 -0.898279 0.365856
v 1.394806 -0.879839 0.338106
v 1.268406 -0.916709 0.272795
v 1.348906 -0.904796 0.247926
v 1.226706 -0.940735 0.180113
v 1.302406 -0.930119 0.156689
v 1.448206 -0.847677 0.307203
v 1.485006 -0.812004 0.276454
v 1.401706 -0.872840 0.216289
v 1.437306 -0.834879 0.181906
v 1.352606 -0.895905 0.124742
v 1.386106 -0.854646 0.088267
v 1.599406 -0.684072 0.573172
v 1.544406 -0.655406 0.568336
v 1.543606 -0.723743 0.383859
v 1.485106 -0.691878 0.383877
v 1.500306 -0.750684 0.250863
v 1.444106 -0.709744 0.247021
v 1.454206 -0.774706 0.148098
v 1.409706 -0.723766 0.134062
v 1.403106 -0.797030 0.047772
v 1.373806 -0.741319 0.020341
v 1.041206 -0.542461 0.480897
v 1.205406 -0.620802 0.516371
v 1.170906 -0.639091 0.313104
v 1.008506 -0.563393 0.277789
v 1.348906 -0.654240 0.551647
v 1.307806 -0.676525 0.353506
v 1.464806 -0.659929 0.565124
v 1.411406 -0.689180 0.375556
v 1.377906 -0.700062 0.236181
v 1.284006 -0.684079 0.211036
v 1.352106 -0.708768 0.121898
v 1.265506 -0.694484 0.096632
v 1.325306 -0.722588 0.005840
v 1.244606 -0.712115 -0.018814
v 0.672806 -0.272914 0.275907
v 0.703706 -0.235136 0.466587
v 0.860006 -0.401065 0.467656
v 0.830906 -0.428730 0.269016
v 1.147606 -0.649995 0.166163
v 0.985006 -0.574910 0.127037
v 1.126306 -0.664570 0.047385
v 0.958406 -0.594141 0.004525
v 1.099906 -0.691393 -0.070268
v 0.927506 -0.621189 -0.117593
v 0.810106 -0.446301 0.120601
v 0.650606 -0.299671 0.133758
v 0.785406 -0.469123 -0.000664
v 0.627406 -0.326744 0.016477
v 0.759906 -0.492678 -0.124042
v 0.609306 -0.346199 -0.105863
v 0.588506 -0.104795 0.477823
v 0.494206 -0.011673 0.497621
v 0.549106 -0.151820 0.295417
v 0.447306 -0.066250 0.322098
v 0.522806 -0.182073 0.157653
v 0.420106 -0.093865 0.184980
v 0.501406 -0.205455 0.041458
v 0.402506 -0.109042 0.067736
v 0.284606 0.030816 0.370445
v 0.330906 0.093663 0.542105
v 0.409606 0.049352 0.519187
v 0.362006 -0.009631 0.346518
v 0.481306 -0.225346 -0.078316
v 0.388606 -0.119758 -0.051246
v -0.187494 0.506789 0.542388
v -0.327894 0.561408 0.531857
v -0.079794 0.398157 0.571193
v -0.097994 0.336621 0.397990
v -0.212494 0.437037 0.374972
v -0.358394 0.482547 0.379390
v -0.150294 0.152542 -0.099365
v -0.144694 0.146167 -0.156467
v -0.303194 0.180848 -0.151746
v -0.287194 0.236465 -0.035284
v -0.295194 0.206710 -0.092508
v -0.147694 0.181897 -0.036747
v -0.272694 0.277374 0.052438
v -0.137994 0.215679 0.054584
v -0.426194 0.322746 0.083460
v -0.254694 0.326199 0.153695
v -0.403194 0.379997 0.167260
v -0.125594 0.251981 0.162177
v -0.021294 0.105746 -0.109395
v -0.026694 0.117912 -0.042563
v 0.066806 0.043243 -0.056932
v 0.081506 0.056815 -0.126259
v 0.105506 0.090700 -0.173477
v -0.006294 0.118073 -0.163758
v -0.382194 0.426662 0.264203
v -0.235294 0.377288 0.253836
v -0.113194 0.289551 0.269329
v -0.503194 0.550735 0.549526
v -0.629294 0.429770 0.626542
v -0.526594 0.472914 0.428557
v -0.653494 0.372066 0.517572
v -0.679094 0.361047 0.421039
v -0.542194 0.413893 0.336660
v -0.561194 0.367747 0.251988
v -0.699094 0.331858 0.343215
v -0.582594 0.323115 0.171950
v -0.721094 0.301437 0.268660
v -0.773194 0.433122 0.647249
v -0.878294 0.419783 0.676873
v -0.796794 0.386363 0.551807
v -0.894194 0.368730 0.593478
v -0.812694 0.354195 0.476721
v -0.902294 0.333515 0.520112
v -0.825794 0.324861 0.410072
v -0.910394 0.308095 0.449738
v -0.884394 0.268827 0.648934
v -0.865194 0.302079 0.739691
v -0.901594 0.357804 0.714480
v -0.908694 0.313908 0.628790
v -0.841394 0.294535 0.343293
v -0.920794 0.282529 0.378941
v -0.747994 -0.292192 0.530652
v -0.795694 -0.256929 0.571147
v -0.805894 -0.312345 0.515823
v -0.760094 -0.369155 0.485125
v -0.746094 -0.219919 0.585853
v -0.795794 -0.197703 0.621220
v -0.961094 0.224372 0.330722
v -1.018594 0.281649 0.240971
v -1.024994 0.205827 0.285749
v -0.973294 0.183511 0.343247
v -0.746094 -0.152509 0.643547
v -0.797594 -0.140446 0.675574
v -1.039194 0.155854 0.311709
v -0.955194 0.113651 0.353103
v -1.031094 0.109854 0.355936
v -0.926594 -0.016762 0.277418
v -0.929594 0.213290 0.488513
v -0.933194 0.261377 0.474711
v -0.948594 0.238491 0.398817
v -0.951994 0.187136 0.409068
v -0.826794 0.166772 0.693823
v -0.818294 0.193682 0.789906
v -0.828894 0.261453 0.771307
v -0.846194 0.228679 0.672242
v -0.906394 0.239871 0.567005
v -0.919794 0.284116 0.550181
v -0.866194 0.193746 0.582778
v -0.840594 0.130183 0.605455
v -0.890594 0.156662 0.498984
v -0.858894 0.088141 0.521015
v -0.916594 0.119139 0.413922
v -0.881494 0.044789 0.435799
v -0.848294 -0.191921 0.521128
v -0.831494 -0.241742 0.527343
v -0.828594 -0.206694 0.571038
v -0.849294 -0.159258 0.563000
v -0.832294 -0.156357 0.620456
v -0.846794 -0.113837 0.606029
v -0.842594 -0.011999 0.678899
v -0.827594 0.077045 0.693628
v -0.836594 0.050931 0.625482
v -0.843394 -0.019252 0.635498
v -0.850794 0.015531 0.556631
v -0.851294 -0.045837 0.586452
v -0.868494 -0.021051 0.488332
v -0.883994 -0.054979 0.432177
v -0.871594 -0.100766 0.492567
v -0.862294 -0.074984 0.536164
v -0.836094 0.081637 0.766734
v -0.842094 -0.033662 0.722868
v -0.834394 -0.104559 0.670267
v -0.846294 -0.070498 0.648787
v -0.850794 -0.085021 0.596170
v -0.846094 -0.058640 0.629760
v -0.857494 -0.118116 0.556057
v -0.863294 -0.146627 0.517147
v 0.590206 -0.422856 0.857004
v 0.654206 -0.471022 0.862123
v 0.559706 -0.479537 0.654281
v 0.622106 -0.526828 0.655783
v 0.541306 -0.522991 0.517217
v 0.601306 -0.566958 0.516429
v 0.530306 -0.556900 0.412155
v 0.587006 -0.597176 0.410134
v 0.684706 -0.573855 0.656815
v 0.719606 -0.518364 0.866342
v 0.694906 -0.795270 0.088441
v 0.622406 -0.747137 0.101368
v 0.725806 -0.773792 0.184420
v 0.654206 -0.730057 0.196271
v 0.597906 -0.691435 0.204026
v 0.567206 -0.704596 0.111551
v 0.517506 -0.591921 0.308662
v 0.570306 -0.629029 0.305541
v 0.756106 -0.746510 0.285392
v 0.682406 -0.703279 0.296471
v 0.782906 -0.723677 0.392642
v 0.706206 -0.677070 0.403353
v 0.643206 -0.636138 0.408082
v 0.623006 -0.665007 0.302265
v 0.038306 0.287677 0.585538
v 0.004906 0.217851 0.415591
v 0.163306 0.206684 0.577909
v 0.120406 0.136194 0.409186
v 0.807406 -0.705508 0.500090
v 0.727906 -0.654896 0.511021
v 0.661306 -0.609881 0.515374
v 0.254106 0.142745 0.563224
v 0.208306 0.075126 0.393363
v -0.017194 0.152507 0.168678
v -0.010094 0.177489 0.282661
v 0.097006 0.094206 0.276347
v 0.083206 0.068608 0.161678
v 0.233206 -0.000669 -0.168037
v 0.238906 0.019795 -0.212869
v 0.184806 0.060833 -0.188058
v 0.164206 0.027918 -0.145958
v 0.161606 0.026072 -0.079943
v 0.204506 -0.060856 -0.110129
v 0.311506 -0.036258 -0.129412
v 0.289806 -0.050865 -0.194545
v 0.297406 -0.018992 -0.231739
v 0.069006 0.046847 0.046198
v -0.023694 0.132872 0.054685
v 0.242006 -0.000813 -0.009829
v 0.165706 0.027857 0.017807
v 0.174806 0.032084 0.137053
v 0.250006 -0.001517 0.110892
v 0.322706 -0.044284 0.089284
v 0.312606 -0.048572 -0.030272
v 0.186406 0.044934 0.255909
v 0.262906 0.008078 0.230736
v 0.338106 -0.032598 0.207788
v 0.198306 4.881155 8.921655
v -0.996594 0.205280 0.255121
vn -0.7327 -0.6282 0.2618
vn -0.8540 -0.4861 0.1854
vn -0.8599 -0.4754 0.1857
vn -0.8246 -0.5192 0.2244
vn -0.7390 -0.6104 0.2851
vn -0.7659 -0.5908 0.2537
vn -0.8094 -0.5428 0.2242
vn -0.8268 -0.5268 0.1973
vn -0.7748 -0.5490 0.3135
vn -0.7647 -0.5978 0.2405
vn -0.8240 -0.5208 0.2230
vn -0.8269 -0.5183 0.2182
vn -0.7971 -0.5583 0.2302
vn -0.7568 -0.6030 0.2523
vn -0.7447 -0.6138 0.2621
vn 0.0297 -0.9174 0.3969
vn -0.3443 -0.8798 0.3277
vn -0.3252 -0.8641 0.3842
vn -0.0786 -0.9887 0.1278
vn -0.2500 -0.9662 0.0632
vn -0.4141 -0.8504 0.3244
vn 0.0697 -0.9092 0.4106
vn -0.1597 -0.8824 0.4426
vn 0.1356 -0.9230 0.3601
vn -0.2908 -0.8668 0.4051
vn -0.4286 -0.7787 0.4581
vn -0.4096 -0.8083 0.4229
vn -0.4979 -0.7290 0.4698
vn -0.3250 -0.8673 0.3771
vn -0.3456 -0.8492 0.3993
vn -0.3197 -0.8739 0.3661
vn -0.3473 -0.8482 0.3998
vn -0.4653 -0.7820 0.4147
vn -0.5518 -0.7232 0.4154
vn -0.1470 -0.9070 0.3946
vn -0.1765 -0.9043 0.3887
vn -0.1571 -0.9320 0.3266
vn 0.0303 -0.6717 0.7402
vn 0.2818 -0.3165 0.9058
vn 0.4026 -0.1488 0.9032
vn 0.1824 -0.0484 0.9820
vn 0.0535 -0.1868 0.9809
vn -0.3346 -0.9051 0.2623
vn -0.2135 -0.7216 0.6585
vn -0.2128 -0.9131 0.3479
vn 0.1332 -0.6620 0.7376
vn -0.1808 -0.0703 0.9810
vn -0.3494 -0.7838 0.5134
vn -0.2679 -0.1224 0.9556
vn -0.3540 -0.8653 0.3549
vn -0.3035 -0.7514 0.5859
vn -0.3189 -0.8762 0.3612
vn -0.3862 -0.8536 0.3497
vn -0.4121 -0.8086 0.4200
vn -0.3061 -0.1809 0.9347
vn 0.2346 -0.1739 0.9564
vn -0.2415 -0.6720 0.7001
vn 0.0865 -0.1429 0.9860
vn -0.4288 -0.8624 0.2691
vn -0.2802 -0.6800 0.6776
vn -0.5154 -0.8075 0.2869
vn 0.1507 -0.0672 0.9863
vn 0.0976 -0.0440 0.9942
vn 0.1505 -0.0732 0.9859
vn 0.2798 -0.0036 0.9600
vn 0.3978 -0.0286 0.9170
vn 0.3587 0.0417 0.9325
vn 0.2374 0.0677 0.9691
vn 0.4755 -0.4123 0.7771
vn 0.4577 -0.1146 0.8817
vn 0.6753 -0.3620 0.6426
vn 0.5572 -0.0590 0.8283
vn 0.4081 -0.1406 0.9020
vn 0.1714 -0.1160 0.9784
vn 0.1387 -0.0782 0.9872
vn 0.6656 0.6741 -0.3203
vn 0.7207 0.6249 -0.3001
vn 0.6189 0.7083 -0.3395
vn 0.3777 0.8144 -0.4406
vn 0.6558 0.6743 -0.3395
vn 0.2300 0.8492 -0.4754
vn 0.5113 0.7523 -0.4154
vn 0.7451 0.5988 -0.2935
vn 0.5678 0.7408 -0.3589
vn 0.3550 0.7264 -0.5884
vn 0.4274 0.7815 -0.4545
vn 0.3599 0.7421 -0.5655
vn 0.4646 0.7949 -0.3902
vn 0.3816 0.8045 -0.4550
vn 0.3867 0.8385 -0.3840
vn 0.5412 0.7298 -0.4178
vn 0.6229 0.4842 -0.6144
vn 0.7359 0.5322 -0.4186
vn 0.6129 0.6146 -0.4966
vn 0.7534 0.4086 -0.5152
vn 0.5292 0.6936 -0.4887
vn -0.3596 0.7783 -0.5147
vn -0.2513 0.8509 -0.4614
vn -0.4457 0.7470 -0.4933
vn -0.1207 0.8676 -0.4825
vn -0.3697 0.8199 -0.4372
vn -0.4750 0.7431 -0.4714
vn -0.7768 -0.5035 0.3784
vn -0.4657 -0.6678 0.5807
vn -0.7387 -0.5694 0.3606
vn -0.3274 -0.6705 0.6658
vn -0.5143 -0.5863 0.6259
vn -0.3661 -0.5899 0.7197
vn -0.2824 -0.7605 0.5846
vn -0.4956 -0.7368 0.4600
vn -0.7343 -0.6243 0.2664
vn -0.4229 -0.8272 0.3700
vn -0.3852 -0.7752 0.5007
vn -0.3245 -0.9037 0.2794
vn -0.2609 -0.8000 0.5403
vn -0.6586 -0.6690 0.3446
vn -0.7307 -0.6182 0.2898
vn 0.0228 -0.4411 0.8972
vn -0.2802 -0.7132 0.6425
vn -0.1293 -0.6415 0.7562
vn -0.0990 -0.5874 0.8032
vn -0.3959 -0.6655 0.6328
vn -0.5386 -0.6868 0.4880
vn -0.7983 -0.5803 0.1614
vn -0.8100 -0.5514 0.1995
vn -0.7500 -0.6193 0.2325
vn -0.7786 -0.5913 0.2099
vn -0.7575 -0.6061 0.2425
vn -0.8091 -0.5571 0.1872
vn -0.6863 -0.6368 0.3514
vn -0.8205 -0.5350 0.2014
vn -0.2299 -0.9709 -0.0669
vn -0.3624 -0.9319 0.0167
vn -0.3647 -0.8873 -0.2824
vn -0.3100 -0.9240 -0.2237
vn -0.3459 -0.9135 0.2141
vn -0.3696 -0.9246 0.0920
vn -0.2638 -0.6923 0.6717
vn -0.2479 -0.6587 0.7104
vn -0.0940 -0.3549 0.9302
vn -0.1239 -0.3022 0.9451
vn -0.1153 -0.2640 0.9576
vn -0.0120 -0.2360 0.9717
vn -0.4016 -0.9065 0.1302
vn -0.4427 -0.8709 0.2134
vn -0.4883 -0.8382 -0.2429
vn -0.4526 -0.8474 -0.2776
vn 0.5007 -0.4449 -0.7425
vn 0.5963 -0.7986 -0.0814
vn 0.2740 -0.8783 -0.3919
vn 0.7048 -0.6909 0.1610
vn 0.8436 -0.2809 -0.4576
vn 0.9723 -0.1308 -0.1936
vn 0.2403 -0.8714 0.4277
vn 0.0873 -0.9738 0.2100
vn -0.0380 -0.9968 -0.0699
vn 0.6720 -0.2015 0.7126
vn 0.5569 -0.5104 0.6552
vn 0.3852 -0.7136 0.5851
vn 0.9799 0.0675 0.1879
vn 0.7565 -0.4551 0.4696
vn 0.8244 0.1939 0.5318
vn 0.2299 -0.0981 -0.9683
vn 0.1497 -0.5184 -0.8420
vn 0.4591 -0.6860 -0.5645
vn 0.2564 0.2932 -0.9210
vn 0.5879 -0.2543 -0.7679
vn 0.3549 0.3656 -0.8604
vn 0.1596 0.3719 -0.9145
vn 0.3731 0.0395 -0.9270
vn 0.6202 0.4831 -0.6180
vn 0.6024 0.6218 -0.5004
vn 0.6747 0.3946 -0.6238
vn 0.7027 0.2595 -0.6625
vn 0.4190 0.2760 -0.8651
vn 0.4725 0.4410 -0.7631
vn -0.1705 -0.7922 0.5860
vn -0.3500 -0.8690 0.3499
vn -0.2902 -0.7451 0.6004
vn -0.3273 -0.9415 0.0802
vn -0.2454 -0.8946 0.3733
vn -0.2210 -0.9660 0.1345
vn -0.3697 -0.8673 0.3333
vn -0.3777 -0.9259 -0.0050
vn -0.3266 -0.7368 0.5919
vn -0.2201 -0.9368 0.2720
vn -0.1148 -0.7619 0.6374
vn -0.2390 -0.9468 0.2156
vn -0.1749 -0.8113 0.5578
vn -0.0471 -0.7194 0.6930
vn -0.2266 -0.9508 0.2114
vn 0.4643 0.6824 -0.5645
vn 0.1727 0.2448 -0.9541
vn 0.4627 0.6473 -0.6057
vn 0.1583 0.2505 -0.9551
vn 0.1757 0.2647 -0.9482
vn 0.1761 0.2642 -0.9483
vn 0.0374 0.2011 -0.9788
vn 0.0715 0.4174 -0.9059
vn 0.2536 0.7897 -0.5586
vn 0.5472 0.6407 0.5386
vn 0.6334 0.7697 0.0805
vn 0.5989 0.5865 0.5453
vn 0.5902 0.8020 0.0920
vn 0.4390 0.8979 0.0314
vn 0.4807 0.7104 0.5141
vn 0.4570 0.5231 0.7193
vn 0.6043 0.6124 0.5097
vn 0.5422 0.4271 0.7236
vn 0.5347 0.7171 0.4471
vn 0.4834 0.5006 0.7181
vn 0.6751 0.6290 -0.3854
vn 0.6603 0.7306 -0.1740
vn 0.5901 0.7317 -0.3413
vn 0.6034 0.7723 -0.1985
vn 0.5427 0.8046 -0.2410
vn 0.5087 0.6195 -0.5979
vn 0.5342 0.7568 0.3767
vn 0.6669 0.7448 -0.0207
vn 0.7081 0.6929 0.1360
vn 0.5405 0.8389 0.0646
vn 0.6638 0.7349 -0.1390
vn 0.7350 0.6730 -0.0827
vn -0.7909 -0.5663 0.2321
vn -0.5467 -0.6168 0.5662
vn -0.8202 -0.4874 0.2994
vn -0.2955 -0.6560 0.6945
vn -0.5306 -0.6901 0.4922
vn -0.2454 -0.7104 0.6597
vn -0.2390 -0.6898 0.6834
vn -0.3332 -0.7348 0.5908
vn -0.1771 -0.7150 0.6763
vn -0.2837 -0.7533 0.5934
vn -0.4416 -0.6576 0.6104
vn -0.3716 -0.6059 0.7034
vn -0.4727 -0.7481 0.4658
vn -0.5371 -0.7528 0.3805
vn -0.4425 -0.7662 0.4660
vn -0.4921 -0.7822 0.3821
vn -0.5665 -0.7188 0.4030
vn -0.5076 -0.7204 0.4726
vn -0.4756 -0.8087 0.3462
vn -0.4528 -0.8271 0.3330
vn -0.4401 -0.8279 0.3477
vn -0.4402 -0.8340 0.3327
vn -0.4736 -0.7875 0.3944
vn -0.5154 -0.7582 0.3993
vn 0.4686 0.8326 -0.2952
vn 0.8284 0.3274 -0.4546
vn 0.9556 -0.0743 -0.2852
vn 0.9141 0.2182 -0.3418
vn 0.6423 0.7226 -0.2555
vn 0.4021 0.8550 -0.3275
vn 0.4026 0.8985 -0.1749
vn 0.5909 0.6152 -0.5219
vn 0.5418 0.7850 -0.3004
vn 0.4742 0.8073 -0.3513
vn 0.5900 0.7329 -0.3388
vn 0.4276 0.8253 -0.3689
vn 0.4212 0.8355 -0.3530
vn 0.4132 0.8353 -0.3626
vn 0.4393 0.8004 -0.4080
vn 0.4661 0.7759 -0.4251
vn 0.5346 0.6997 -0.4739
vn 0.8037 0.5548 -0.2150
vn 0.5920 0.6922 -0.4127
vn 0.6213 0.6835 -0.3832
vn 0.5915 0.6781 -0.4362
vn 0.7793 0.5733 -0.2530
vn 0.7604 0.5862 -0.2795
vn 0.5784 0.6899 -0.4353
vn 0.5523 0.7143 -0.4297
vn 0.5566 0.7030 -0.4427
vn -0.3885 -0.8136 0.4326
vn -0.4125 -0.8767 0.2477
vn -0.4151 -0.7954 0.4416
vn -0.3250 -0.9310 0.1662
vn -0.3834 -0.8815 0.2756
vn -0.2380 -0.9450 0.2244
vn -0.4434 -0.8878 0.1237
vn -0.4435 -0.8622 0.2445
vn -0.4329 -0.7917 0.4310
vn 0.1425 0.7294 -0.6691
vn 0.7069 0.6368 -0.3078
vn 0.6862 0.6607 -0.3042
vn 0.7418 0.5955 -0.3085
vn 0.1890 0.6913 -0.6974
vn 0.2012 0.6820 -0.7031
vn 0.6944 0.6796 0.2366
vn 0.8114 0.4044 0.4221
vn 0.7743 0.5114 0.3726
vn 0.9123 0.3875 0.1324
vn 0.7437 0.5956 0.3035
vn 0.7965 0.5900 0.1318
vn 0.8330 0.1448 0.5340
vn 0.9863 0.0308 0.1621
vn -0.0347 -0.5177 0.8548
vn -0.0834 -0.5736 0.8149
vn -0.0332 -0.5486 0.8354
vn -0.0471 -0.5744 0.8172
vn -0.0002 -0.3905 0.9206
vn -0.1604 -0.5895 0.7917
vn 0.7913 0.5552 0.2561
vn 0.7226 0.6426 0.2549
vn 0.7975 0.5824 0.1574
vn 0.5698 0.7504 0.3350
vn 0.7192 0.6948 0.0017
vn 0.5944 0.8033 0.0374
vn 0.8273 0.5513 -0.1078
vn 0.6618 0.6839 -0.3069
vn 0.6841 0.7085 -0.1737
vn 0.8231 0.5422 -0.1686
vn 0.5747 0.7326 -0.3648
vn 0.6041 0.7705 -0.2035
vn -0.2288 -0.5760 0.7848
vn -0.6367 -0.5935 0.4924
vn -0.2662 -0.5944 0.7588
vn -0.8131 -0.5302 0.2401
vn -0.5994 -0.5918 0.5390
vn -0.7992 -0.5476 0.2477
vn -0.5557 -0.6610 0.5043
vn -0.2256 -0.6518 0.7241
vn -0.7883 -0.5705 0.2305
vn -0.0556 -0.6195 0.7830
vn 0.0256 -0.4898 0.8715
vn 0.0521 -0.4247 0.9038
vn 0.0116 -0.5395 0.8419
vn -0.0915 -0.6448 0.7588
vn -0.1861 -0.7305 0.6570
vn -0.1193 -0.4548 0.8826
vn -0.2476 -0.6216 0.7432
vn -0.3677 -0.8270 0.4253
vn -0.2958 -0.7246 0.6224
vn -0.4018 -0.7851 0.4713
vn -0.4447 -0.8152 0.3711
vn -0.3742 -0.8153 0.4419
vn -0.3404 -0.6148 0.7115
vn -0.3297 -0.5011 0.8001
vn -0.3668 -0.8391 0.4016
vn -0.2663 -0.3176 0.9101
vn -0.2729 -0.2089 0.9391
vn -0.4077 -0.8517 0.3292
vn -0.3997 -0.8705 0.2873
vn 0.7944 0.5553 -0.2462
vn 0.9028 0.3789 -0.2034
vn 0.8068 0.5692 -0.1582
vn 0.9762 -0.0640 -0.2070
vn 0.8588 0.4142 -0.3015
vn 0.9481 -0.0935 -0.3039
vn 0.8636 0.4243 -0.2723
vn 0.6206 0.7562 -0.2074
vn 0.9479 -0.1159 -0.2967
vn 0.5271 0.6229 0.5781
vn 0.5501 0.8350 0.0144
vn 0.4752 0.8491 -0.2307
vn 0.5306 0.8440 0.0782
vn 0.4883 0.8411 -0.2325
vn 0.4395 0.8666 -0.2366
vn 0.4942 0.8669 -0.0657
vn 0.4476 0.8449 -0.2930
vn 0.4196 0.8576 -0.2975
vn 0.4488 0.8513 -0.2718
vn 0.6975 0.7090 -0.1043
vn 0.8009 0.5954 0.0643
vn 0.6066 0.7933 -0.0525
vn 0.6867 0.6657 -0.2921
vn 0.6846 0.6780 -0.2677
vn 0.0327 0.7902 -0.6120
vn 0.0791 0.7769 -0.6247
vn 0.5587 -0.8074 0.1896
vn 0.6650 -0.6847 -0.2983
vn 0.7197 -0.6900 0.0765
vn 0.4220 -0.6016 -0.6782
vn 0.3746 -0.9189 -0.1241
vn 0.2675 -0.8255 -0.4969
vn 0.5932 -0.4516 -0.6665
vn 0.7643 -0.5486 -0.3391
vn 0.7864 -0.6176 -0.0053
vn -0.8921 0.3419 0.2954
vn -0.8906 0.3945 -0.2262
vn -0.9889 0.0862 0.1213
vn -0.7787 0.4828 -0.4006
vn -0.8486 0.4976 0.1797
vn -0.8275 0.5564 0.0744
vn -0.4034 0.1933 -0.8944
vn -0.6828 0.0021 -0.7306
vn -0.9099 -0.3296 -0.2519
vn -0.6202 0.2362 0.7480
vn -0.7516 0.4725 0.4602
vn -0.8160 0.2504 0.5211
vn -0.7331 0.5289 0.4277
vn -0.5750 0.3644 0.7325
vn -0.5672 0.4169 0.7102
vn 0.5578 -0.6787 0.4776
vn 0.1782 -0.4367 0.8818
vn 0.6903 -0.6201 0.3727
vn 0.2657 -0.3510 0.8979
vn -0.0941 -0.5618 0.8219
vn 0.2813 -0.7993 0.5310
vn 0.7301 -0.6140 -0.3001
vn 0.7005 -0.7128 0.0343
vn 0.6104 -0.4788 -0.6310
vn 0.4190 -0.6911 -0.5889
vn 0.4103 -0.8814 -0.2343
vn 0.1989 -0.9673 0.1575
vn 0.3664 -0.3216 -0.8731
vn 0.1960 -0.2209 -0.9554
vn 0.2889 -0.4953 -0.8193
vn -0.1688 0.0489 -0.9844
vn 0.0301 -0.0615 -0.9977
vn -0.6203 0.5095 -0.5964
vn -0.2600 0.5571 -0.7887
vn -0.7200 0.6930 -0.0373
vn -0.3706 0.8984 -0.2356
vn -0.6262 0.6665 0.4045
vn -0.3549 0.8910 0.2830
vn -0.4870 0.5226 0.6998
vn -0.2768 0.6888 0.6700
vn -0.2867 0.2495 0.9250
vn 0.0397 -0.2992 0.9534
vn -0.2921 0.1634 0.9423
vn -0.1105 -0.0168 0.9937
vn -0.2000 0.3989 0.8949
vn 0.4834 -0.7501 0.4512
vn 0.0157 -0.6676 0.7444
vn -0.0013 -0.9890 -0.1478
vn -0.0818 -0.9289 0.3613
vn 0.1001 -0.8532 -0.5118
vn -0.0157 -0.8919 -0.4520
vn -0.0846 -0.9945 -0.0615
vn -0.1804 -0.8577 0.4815
vn 0.1444 -0.5513 -0.8217
vn 0.1763 -0.1016 -0.9791
vn 0.1804 -0.0517 -0.9822
vn 0.0477 -0.5379 -0.8417
vn 0.1288 0.4929 -0.8605
vn 0.2431 0.4517 -0.8584
vn 0.0663 0.9105 -0.4081
vn 0.1519 0.8291 -0.5381
vn -0.0292 0.9897 0.1400
vn -0.0120 0.9999 0.0059
vn -0.1157 0.7895 0.6027
vn -0.1281 0.8080 0.5751
vn -0.1495 0.0919 0.9845
vn -0.2200 0.1137 0.9688
vn -0.1582 0.4740 0.8662
vn -0.1765 0.4631 0.8685
vn -0.1339 -0.4582 0.8787
vn -0.2531 -0.3846 0.8877
vn 0.0333 -0.9089 -0.4157
vn 0.1122 -0.7779 -0.6184
vn 0.1929 -0.8051 -0.5610
vn -0.3331 -0.7853 -0.5218
vn -0.0385 -0.9050 -0.4236
vn 0.1840 -0.2116 -0.9599
vn -0.1874 -0.5559 -0.8099
vn 0.3097 -0.3217 -0.8947
vn 0.4090 -0.3977 -0.8214
vn -0.3386 -0.9408 0.0134
vn -0.3348 -0.9315 -0.1420
vn -0.7871 -0.4221 0.4497
vn -0.3324 -0.9399 0.0778
vn -0.6679 -0.4676 0.5791
vn -0.5727 -0.5124 0.6399
vn 0.1002 -0.8776 -0.4689
vn 0.1499 -0.7845 -0.6017
vn -0.5147 0.4395 0.7361
vn -0.5971 -0.0940 0.7966
vn -0.6951 0.0620 0.7162
vn -0.3455 0.4397 0.8290
vn -0.5818 -0.1899 0.7909
vn -0.1604 0.7712 0.6161
vn 0.0224 0.9553 0.2949
vn -0.3981 0.7256 0.5612
vn -0.0753 0.9598 0.2702
vn 0.1016 0.9449 0.3113
vn -0.0950 0.7565 0.6471
vn -0.3955 0.3233 0.8597
vn 0.2950 0.9478 -0.1209
vn 0.4908 0.6903 -0.5315
vn 0.2924 0.9490 -0.1176
vn 0.5342 0.6649 -0.5220
vn 0.5026 0.6249 -0.5974
vn 0.3300 0.9351 -0.1292
vn 0.5822 0.1021 -0.8066
vn 0.5610 -0.0736 -0.8245
vn 0.4342 -0.6412 -0.6327
vn 0.5079 0.1641 -0.8456
vn 0.4866 -0.5206 -0.7016
vn 0.2787 -0.8044 -0.5246
vn 0.3570 -0.7042 -0.6137
vn 0.0625 -0.5816 -0.8111
vn -0.0100 -0.9121 -0.4097
vn 0.1305 -0.0197 -0.9913
vn 0.0520 -0.6138 -0.7877
vn 0.0601 -0.0253 -0.9979
vn -0.0655 -0.8854 -0.4602
vn 0.1131 0.4606 -0.8804
vn 0.0372 0.4849 -0.8738
vn 0.0772 0.8238 -0.5616
vn 0.0588 0.8499 -0.5236
vn -0.0250 0.9996 0.0109
vn -0.0117 0.9987 0.0503
vn -0.1244 0.7803 0.6129
vn -0.1013 0.7510 0.6525
vn -0.1845 0.4419 0.8779
vn -0.1717 0.4260 0.8883
vn -0.2683 0.1342 0.9539
vn -0.2987 0.1453 0.9432
vn -0.3591 -0.3279 0.8738
vn -0.3633 -0.7977 0.4814
vn -0.5823 -0.7284 0.3611
vn -0.4936 -0.2476 0.8337
vn -0.1759 -0.9842 -0.0184
vn -0.3513 -0.9257 -0.1403
vn -0.1180 -0.4723 -0.8735
vn -0.6025 -0.0414 -0.7970
vn 0.0089 0.0671 -0.9977
vn -0.2475 0.2764 -0.9286
vn -0.9188 -0.3070 -0.2479
vn -0.4659 -0.7139 -0.5228
vn -0.7826 0.1004 0.6143
vn -0.9052 0.2026 0.3735
vn -0.9026 -0.3824 0.1976
vn -0.9473 -0.2240 -0.2290
vn -0.8115 0.4647 0.3544
vn -0.6298 0.4026 0.6643
vn -0.0412 0.9498 -0.3100
vn -0.5661 0.7698 -0.2950
vn -0.2508 0.6825 -0.6865
vn -0.5837 0.7788 0.2296
vn -0.1484 0.9861 -0.0754
vn -0.0062 0.9903 0.1386
vn -0.7621 0.4954 -0.4170
vn -0.0423 0.5668 -0.8228
vn 0.0175 0.8910 -0.4536
vn -0.0230 0.9522 0.3048
vn -0.4553 0.6980 0.5527
vn 0.0599 0.9949 0.0811
vn 0.1298 0.9909 0.0356
vn -0.0251 0.7515 0.6592
vn 0.0410 0.7791 0.6256
vn -0.1505 0.4429 0.8839
vn -0.1592 0.5321 0.8316
vn -0.3728 0.2116 0.9035
vn -0.4343 0.2871 0.8538
vn -0.9965 -0.0216 -0.0813
vn -0.9364 0.3367 -0.0989
vn 0.5861 0.7922 -0.1702
vn 0.3738 0.9273 0.0194
vn 0.3617 0.9294 0.0739
vn 0.6039 0.7212 -0.3393
vn 0.7223 0.5429 -0.4284
vn 0.7856 0.5958 -0.1670
vn 0.8228 0.4078 -0.3959
vn 0.6444 0.2080 -0.7358
vn 0.4400 -0.3149 -0.8410
vn 0.7619 0.1743 -0.6237
vn 0.5092 0.8537 -0.1089
vn 0.5196 0.8542 0.0177
vn 0.6247 -0.0491 -0.7793
vn 0.3198 -0.5706 -0.7564
vn 0.2263 -0.2490 -0.9417
vn 0.0265 -0.5676 -0.8229
vn -0.0869 -0.2121 -0.9734
vn 0.2603 -0.5112 -0.8191
vn -0.5137 -0.7225 -0.4627
vn -0.5954 -0.4014 -0.6960
vn -0.5976 -0.2527 -0.7609
vn -0.6227 -0.2070 -0.7546
vn -0.2830 -0.0447 -0.9581
vn -0.4256 -0.0158 -0.9048
vn -0.8871 -0.2627 -0.3796
vn -0.8913 -0.2561 -0.3743
vn -0.6748 -0.2066 -0.7085
vn -0.6669 -0.2752 -0.6924
vn -0.4593 -0.0585 -0.8864
vn -0.4043 -0.1355 -0.9045
vn -0.8092 -0.3657 -0.4598
vn -0.8521 -0.3227 -0.4121
vn -0.8876 -0.3534 -0.2955
vn -0.8725 -0.4862 0.0477
vn -0.9195 -0.3835 0.0862
vn -0.8429 -0.4272 -0.3271
vn -0.7891 -0.4124 -0.4552
vn -0.8432 -0.5376 -0.0021
vn -0.9114 -0.3900 -0.1311
vn -0.3749 -0.1447 -0.9157
vn -0.5056 -0.0394 -0.8619
vn -0.3968 -0.1039 -0.9120
vn -0.8882 -0.2768 -0.3668
vn -0.4793 -0.0604 -0.8756
vn -0.8040 -0.1812 -0.5663
vn 0.0103 0.1362 -0.9906
vn -0.5916 -0.1587 -0.7904
vn -0.1011 -0.0195 -0.9947
vn 0.1178 0.2844 -0.9514
vn -0.2716 0.1253 -0.9542
vn -0.6900 -0.1490 -0.7083
vn -0.1571 -0.2278 -0.9610
vn -0.7156 -0.3236 -0.6191
vn -0.2283 -0.3599 -0.9046
vn -0.6281 -0.3545 -0.6927
vn -0.8905 -0.3853 -0.2420
vn 0.3915 -0.0925 -0.9155
vn 0.7504 0.0006 -0.6609
vn 0.3425 -0.3747 -0.8616
vn 0.7470 -0.2834 -0.6014
vn 0.6828 0.1952 -0.7040
vn 0.3910 0.1077 -0.9141
vn -0.0911 0.8300 -0.5503
vn 0.4503 0.5671 -0.6897
vn 0.4081 0.8292 -0.3819
vn 0.2666 0.2599 -0.9281
vn 0.7332 0.5189 -0.4396
vn 0.6869 0.6746 -0.2704
vn 0.1867 0.1252 -0.9744
vn -0.1658 0.7077 -0.6867
vn -0.5285 0.7124 -0.4617
vn -0.0862 0.1593 -0.9835
vn -0.3751 0.9123 0.1646
vn -0.3292 0.9315 -0.1549
vn -0.0541 0.9715 0.2307
vn -0.0923 0.9919 -0.0872
vn -0.3585 0.1857 -0.9149
vn -0.9579 0.1163 -0.2626
vn -0.9970 -0.0740 -0.0225
vn -0.7895 0.5514 0.2696
vn -0.9537 0.2909 0.0758
vn -0.9563 -0.1820 -0.2287
vn -0.4027 0.7318 0.5498
vn -0.3638 0.7944 0.4864
vn -0.0471 0.8507 0.5235
vn -0.0308 0.7721 0.6348
vn -0.7753 -0.2109 -0.5954
vn -0.8426 -0.1572 -0.5151
vn -0.4893 -0.4642 -0.7383
vn -0.3419 -0.4674 -0.8153
vn -0.7787 0.6262 0.0395
vn -0.9047 -0.0776 -0.4188
vn -0.8951 0.4396 0.0745
vn -0.6510 -0.2896 -0.7017
vn -0.8671 0.3623 -0.3420
vn -0.7467 0.0793 -0.6604
vn 0.6597 -0.4013 -0.6354
vn 0.9232 -0.2930 -0.2487
vn 0.6519 -0.5098 -0.5613
vn 0.9609 0.2704 -0.0595
vn 0.9104 -0.0730 -0.4073
vn 0.9562 -0.1546 -0.2485
vn 0.9820 0.1499 0.1146
vn 0.9843 0.1767 0.0009
vn 0.2354 -0.5852 -0.7760
vn 0.1701 -0.5804 -0.7963
vn 0.6382 0.6496 0.4131
vn 0.2266 0.9278 0.2964
vn 0.7024 0.7063 0.0877
vn 0.5930 0.6527 0.4715
vn 0.0403 0.8251 0.5636
vn 0.6064 0.5035 -0.6154
vn 0.0887 -0.2947 -0.9515
vn -0.1031 0.4763 -0.8732
vn 0.7176 -0.0400 -0.6953
vn -0.3882 0.7502 0.5353
vn -0.3506 0.8794 0.3221
vn -0.2879 0.9336 -0.2132
vn 0.4823 0.8514 -0.2062
vn 0.8340 0.4159 -0.3626
vn -0.2422 0.7217 -0.6484
vn 0.0052 0.8165 -0.5773
vn -0.2729 0.7707 -0.5758
vn 0.0575 0.7093 -0.7026
vn 0.0817 0.6686 -0.7391
vn -0.2462 0.6939 -0.6767
vn -0.2604 0.6973 -0.6678
vn 0.1063 0.7103 -0.6959
vn -0.2107 0.7097 -0.6722
vn -0.0677 0.7016 -0.7094
vn -0.2088 0.7296 -0.6512
vn -0.1028 0.7167 -0.6898
vn -0.0633 0.6816 -0.7290
vn -0.2151 0.7181 -0.6618
vn -0.2739 0.7179 -0.6400
vn -0.2725 0.7415 -0.6131
vn 0.1415 0.7802 -0.6093
vn 0.2011 0.8412 -0.5019
vn -0.1812 0.7305 -0.6585
vn -0.1993 0.7701 -0.6060
vn -0.0502 0.7451 -0.6650
vn -0.0882 0.8346 -0.5437
vn -0.2474 0.7550 -0.6073
vn 0.2789 0.8483 -0.4501
vn -0.1943 0.7747 -0.6017
vn 0.3745 0.8446 -0.3827
vn -0.2728 0.7678 -0.5797
vn -0.3159 0.7464 -0.5857
vn -0.1134 0.8398 -0.5308
vn -0.1180 0.8154 -0.5667
vn 0.0017 0.8263 -0.5633
vn 0.6888 0.6886 -0.2268
vn 0.6456 0.7353 -0.2063
vn 0.0230 0.8121 -0.5831
vn 0.5106 0.8124 -0.2815
vn -0.1085 0.8064 -0.5813
vn -0.3165 0.7382 -0.5957
vn -0.2876 0.7227 -0.6285
vn -0.1382 0.8002 -0.5836
vn -0.1524 0.7810 -0.6056
vn -0.2071 0.7626 -0.6128
vn -0.1236 0.7612 -0.6366
vn -0.2110 0.7878 -0.5787
vn -0.4413 0.6856 -0.5790
vn -0.4831 0.7039 -0.5207
vn -0.2310 0.7969 -0.5582
vn -0.1863 0.8382 -0.5125
vn -0.5562 0.7205 -0.4141
vn -0.9732 0.0731 -0.2182
vn -0.8795 -0.4507 0.1529
vn -0.8653 -0.4743 0.1621
vn -0.9880 0.0440 -0.1481
vn -0.9998 -0.0033 -0.0175
vn -0.1909 0.7038 -0.6843
vn -0.5809 0.5440 -0.6055
vn -0.5404 0.6171 -0.5719
vn -0.1560 0.7359 -0.6589
vn -0.9679 -0.0448 -0.2473
vn -0.9528 0.0544 -0.2988
vn -0.8655 -0.4943 0.0813
vn -0.9003 -0.4343 -0.0274
vn -0.2554 0.7057 -0.6609
vn -0.5962 0.5761 -0.5592
vn -0.6456 0.5797 -0.4971
vn -0.2130 0.6715 -0.7097
vn -0.8312 -0.5207 0.1948
vn -0.7590 -0.6298 0.1653
vn -0.8347 -0.5137 0.1987
vn -0.7625 -0.6375 0.1104
vn -0.7515 -0.6392 0.1634
vn -0.7034 -0.6809 0.2041
vn -0.7852 -0.5911 0.1843
vn -0.6896 -0.6820 0.2437
vn -0.8130 -0.5408 0.2158
vn -0.9425 0.2483 -0.2237
vn -0.9671 -0.2526 -0.0303
vn -0.9870 -0.1605 -0.0039
vn -0.9411 0.1875 -0.2813
vn -0.8658 -0.4904 0.0996
vn -0.8697 -0.4728 0.1418
vn -0.6793 -0.6727 0.2933
vn -0.7160 -0.5887 0.3753
vn -0.7046 -0.6167 0.3511
vn -0.7171 -0.6430 0.2689
vn -0.2934 0.7337 -0.6128
vn -0.2621 0.7582 -0.5970
vn -0.6906 0.5475 -0.4726
vn -0.7124 0.5152 -0.4765
vn -0.8829 -0.4216 0.2067
vn -0.9917 -0.1282 -0.0055
vn -0.9931 -0.1164 -0.0128
vn -0.8813 -0.4418 0.1675
vn -0.9461 0.2530 -0.2024
vn -0.9473 0.2027 -0.2479
vn -0.2386 0.7878 -0.5678
vn -0.2448 0.8214 -0.5152
vn -0.7103 0.5385 -0.4532
vn -0.6995 0.5802 -0.4173
vn -0.9533 0.1921 -0.2332
vn -0.9949 -0.0962 0.0310
vn -0.9928 -0.0673 0.0989
vn -0.9586 0.2249 -0.1746
vn -0.8719 -0.3761 0.3135
vn -0.7308 -0.5190 0.4434
vn -0.8703 -0.3141 0.3793
vn -0.7612 -0.5647 0.3187
vn -0.8131 -0.5180 0.2656
vn -0.7965 -0.4471 0.4070
vn -0.9789 -0.0623 0.1947
vn -0.9571 0.2679 -0.1105
vn -0.9858 -0.0225 0.1664
vn -0.6771 0.6210 -0.3948
vn -0.9580 0.2644 -0.1113
vn -0.6786 0.6064 -0.4145
vn -0.2530 0.8353 -0.4881
vn -0.2860 0.7969 -0.5321
vn -0.9180 -0.1751 0.3558
vn -0.8756 -0.2698 0.4006
vn -0.2426 0.6964 -0.6754
vn -0.2372 0.6663 -0.7069
vn -0.2104 0.7444 -0.6337
vn -0.5589 0.5862 -0.5865
vn -0.8460 -0.4909 0.2079
vn -0.8691 -0.4085 0.2790
vn -0.8739 -0.4655 0.1398
vn -0.9163 -0.3715 0.1497
vn -0.3689 0.7253 -0.5813
vn -0.7213 0.5202 -0.4574
vn -0.9157 -0.2803 0.2880
vn -0.9894 -0.0948 0.1099
vn -0.9476 -0.2855 0.1430
vn -0.9936 -0.1123 -0.0112
vn -0.9569 0.2155 -0.1945
vn -0.9283 0.2210 -0.2989
vn -0.2492 0.6482 -0.7195
vn -0.2582 0.6282 -0.7340
vn -0.5781 0.5376 -0.6138
vn -0.5896 0.5020 -0.6327
vn -0.8971 -0.4367 0.0673
vn -0.9428 -0.3310 0.0391
vn -0.9267 -0.3752 0.0202
vn -0.9662 -0.2569 -0.0221
vn -0.9631 -0.2657 0.0433
vn -0.9924 -0.0882 -0.0854
vn -0.9792 -0.2029 0.0094
vn -0.9935 -0.0465 -0.1036
vn -0.9002 0.2392 -0.3638
vn -0.8932 0.2377 -0.3817
vn -0.6051 0.4874 -0.6295
vn -0.2929 0.6150 -0.7322
vn -0.6453 0.4744 -0.5988
vn -0.3393 0.5718 -0.7469
vn -0.9626 -0.2709 0.0060
vn -0.9852 -0.1512 -0.0805
vn -0.9632 -0.2681 0.0172
vn -0.9823 -0.0950 -0.1616
vn -0.9885 -0.1468 -0.0352
vn -0.9924 -0.0349 -0.1178
vn -0.9864 -0.0867 -0.1395
vn -0.9858 -0.0249 -0.1663
vn -0.9000 0.2240 -0.3740
vn -0.9196 0.1885 -0.3448
vn -0.9085 -0.4172 -0.0230
vn -0.9707 -0.1218 -0.2069
vn -0.9457 -0.1531 -0.2868
vn -0.9467 -0.3220 0.0122
vn -0.9310 -0.3605 -0.0583
vn -0.7200 -0.6668 0.1922
vn -0.8477 -0.4738 0.2385
vn -0.6685 -0.7011 -0.2480
vn -0.8854 -0.4251 0.1880
vn -0.9157 -0.3891 0.1011
vn -0.8876 -0.4584 0.0440
vn -0.9449 -0.3229 0.0537
vn -0.8720 -0.4193 0.2528
vn -0.6100 -0.2831 0.7401
vn -0.6753 -0.3039 0.6720
vn -0.9779 -0.2049 -0.0420
vn -0.9663 0.2488 -0.0658
vn -0.9982 -0.0525 0.0287
vn -0.5251 0.5717 -0.6304
vn -0.3716 0.8110 -0.4520
vn -0.2414 0.9482 -0.2066
vn -0.8441 0.5248 -0.1096
vn -0.9830 -0.0662 0.1712
vn -0.8807 -0.3272 0.3424
vn -0.7899 0.6127 -0.0263
vn -0.3359 0.9354 0.1105
vn -0.6699 0.6776 0.3035
vn -0.8519 0.5213 -0.0501
vn -0.9564 0.2883 0.0461
vn -0.9771 0.1648 0.1348
vn -0.5632 -0.6163 0.5504
vn -0.4513 -0.4737 0.7563
vn -0.6056 -0.4899 0.6270
vn -0.4783 -0.5508 0.6840
vn -0.3882 -0.6246 0.6776
vn -0.6454 -0.3562 0.6757
vn -0.5380 -0.4469 0.7147
vn -0.5251 -0.2060 0.8257
vn -0.5614 -0.3777 0.7363
vn -0.4054 -0.8440 0.3512
vn -0.2651 -0.7924 0.5494
vn -0.2812 -0.7441 0.6060
vn -0.2526 -0.8508 0.4607
vn -0.3822 -0.8849 0.2663
vn -0.3793 -0.9020 0.2062
vn -0.2130 -0.7992 0.5620
vn -0.2840 -0.7300 0.6217
vn -0.2742 -0.7033 0.6559
vn -0.2398 -0.8955 0.3749
vn -0.2435 -0.8938 0.3766
vn -0.3985 -0.9054 0.1463
vn -0.4779 -0.8693 0.1266
vn -0.0821 -0.8608 0.5024
vn -0.1187 -0.8588 0.4983
vn -0.6315 -0.7457 -0.2126
vn -0.5073 -0.8618 0.0058
vn -0.5410 -0.8380 0.0710
vn -0.4909 -0.8687 -0.0667
vn -0.5832 -0.7632 -0.2784
vn -0.5833 -0.7437 -0.3267
vn -0.5337 0.0394 -0.8447
vn -0.6315 -0.5498 -0.5468
vn -0.6798 -0.5118 -0.5253
vn -0.6055 -0.5255 -0.5977
vn -0.4862 0.0017 -0.8738
vn -0.4617 -0.0499 -0.8856
vn -0.5396 -0.8344 -0.1118
vn -0.6670 -0.7297 -0.1504
vn -0.6329 -0.6647 -0.3969
vn -0.7547 -0.4564 -0.4713
vn -0.8195 -0.5673 -0.0813
vn -0.8912 -0.2828 -0.3546
vn -0.6663 -0.7338 0.1330
vn -0.0232 0.7006 -0.7132
vn -0.1568 0.5897 -0.7923
vn -0.2404 0.5426 -0.8048
vn -0.0617 0.6120 -0.7885
vn -0.0232 0.6778 -0.7349
vn -0.1897 0.6254 -0.7569
vn -0.5999 0.0384 -0.7992
vn -0.6751 0.0621 -0.7351
vn -0.9620 -0.0064 -0.2730
vn -0.9562 0.0676 -0.2847
vn -0.9115 0.0206 -0.4107
vn -0.9062 0.0498 -0.4199
vn -0.3911 0.4417 -0.8074
vn -0.7999 0.2395 -0.5502
vn -0.8422 -0.0158 -0.5390
vn 0.2775 0.6776 -0.6811
vn 0.3300 0.6666 -0.6683
vn -0.9198 0.1558 -0.3602
vn -0.9100 0.0170 -0.4142
vn -0.2741 0.1853 -0.9437
vn 0.1684 0.4300 -0.8870
vn -0.6783 -0.2082 -0.7047
vn -0.8298 -0.0104 -0.5580
vn -0.8377 0.0584 -0.5430
vn -0.6496 0.0033 -0.7603
vn -0.6286 0.3274 -0.7054
vn -0.5658 -0.2862 -0.7733
vn -0.2936 0.3236 -0.8995
vn -0.1040 0.5508 -0.8281
vn -0.4184 0.5806 -0.6984
vn -0.9388 0.0259 -0.3436
vn -0.8873 -0.3639 -0.2833
vn -0.9045 -0.3630 -0.2239
vn -0.6022 0.3021 -0.7389
vn -0.8126 0.2572 -0.5230
vn -0.8255 -0.1841 -0.5335
vn -0.9742 -0.2116 -0.0785
vn -0.9329 -0.3600 0.0078
vn -0.9365 -0.3507 -0.0014
vn -0.9082 -0.3804 0.1748
vn -0.9444 -0.2496 -0.2142
vn -0.9224 -0.0041 -0.3863
vn -0.8686 -0.4066 -0.2832
vn -0.8881 -0.2693 -0.3724
vn -0.9227 -0.3533 -0.1546
vn -0.8993 -0.0829 -0.4294
vn -0.3945 -0.9147 0.0874
vn -0.6748 -0.7380 -0.0002
vn -0.6585 -0.4251 0.6211
vn -0.5709 -0.4889 0.6596
vn 0.0424 0.6906 -0.7220
vn 0.3888 0.2122 -0.8966
vn 0.1057 0.2276 -0.9680
vn 0.3493 0.6464 -0.6783
vn -0.1151 0.9929 0.0309
vn -0.2736 0.7460 0.6071
vn 0.0634 0.9780 0.1988
vn -0.5502 0.2206 0.8053
vn -0.5582 0.7767 0.2919
vn -0.7976 0.2274 0.5587
vn -0.7572 -0.2065 0.6196
vn -0.6381 -0.2280 0.7354
vn 0.1862 0.9546 -0.2326
vn -0.0800 0.9373 -0.3391
vn -0.7329 0.2893 -0.6157
vn -0.5300 0.8097 -0.2519
vn -0.3904 0.5561 -0.7337
vn -0.9344 0.3537 -0.0419
vn -0.9462 -0.3145 0.0761
vn -0.3039 -0.0193 -0.9525
vn -0.6584 -0.3617 -0.6601
vn -0.6228 -0.5728 0.5329
vn -0.3825 -0.7752 -0.5027
vn -0.1286 -0.9640 0.2328
vn -0.0925 -0.4181 -0.9037
vn -0.7812 -0.1017 0.6159
vn -0.4393 -0.1735 0.8814
vn -0.2872 0.0489 0.9566
vn -0.4885 0.2700 -0.8297
vn -0.4731 0.2767 -0.8364
vn -0.7644 -0.4989 -0.4084
vn -0.7794 -0.3675 -0.5074
vn -0.8148 -0.5788 -0.0330
vn -0.7275 -0.6830 -0.0651
vn -0.7451 -0.4551 -0.4876
vn -0.7113 -0.5293 -0.4624
vn -0.7993 -0.5896 -0.1160
vn -0.8566 -0.5113 0.0696
vn -0.6389 -0.6190 -0.4567
vn -0.7287 -0.6384 -0.2478
vn -0.6913 -0.7083 -0.1431
vn -0.7120 -0.5686 -0.4120
vn -0.6973 -0.7108 -0.0922
vn -0.6520 -0.5931 -0.4724
vn -0.7702 -0.5815 -0.2622
vn -0.9219 -0.3856 0.0373
vn -0.9290 -0.2973 -0.2206
vn -0.9417 -0.3350 0.0316
vn -0.8975 -0.3071 -0.3166
vn -0.7217 -0.4363 -0.5374
vn -0.9148 -0.3997 0.0583
vn -0.8132 -0.5496 -0.1912
vn -0.4316 -0.1899 -0.8818
vn -0.5928 -0.3821 -0.7089
vn -0.5871 -0.3626 -0.7237
vn -0.6131 -0.1996 -0.7644
vn -0.9491 -0.3081 -0.0654
vn -0.5851 -0.0814 -0.8068
vn -0.3599 -0.1212 -0.9251
vn -0.6275 -0.3114 -0.7136
vn -0.5243 -0.6686 0.5272
vn -0.5619 -0.6021 0.5672
vn -0.4749 -0.7532 0.4552
vn -0.4175 -0.6665 0.6176
vn -0.3513 -0.7608 0.5456
vn -0.4969 -0.6679 0.5540
vn -0.5264 -0.5840 0.6180
vn -0.5240 -0.5400 0.6587
vn -0.9872 -0.0795 -0.1383
vn -0.5212 0.3665 -0.7708
vn -0.9439 -0.1176 -0.3087
vn -0.4112 0.2661 -0.8718
vn -0.8355 -0.1981 -0.5126
vn -0.7160 -0.1033 -0.6904
vn -0.1457 0.5609 -0.8150
vn -0.3002 0.3283 -0.8956
vn -0.5546 0.0938 -0.8268
vn -0.0334 0.6692 -0.7423
vn -0.1478 0.5206 -0.8409
vn -0.6356 0.2081 -0.7434
vn -0.1868 0.5712 -0.7993
vn -0.6578 0.2122 -0.7227
vn -0.5880 0.1338 -0.7977
vn -0.1569 0.4183 -0.8947
vn -0.6866 0.1457 -0.7123
vn -0.2595 0.5578 -0.7884
vn -0.4631 -0.7386 0.4899
vn -0.2787 -0.7599 0.5873
vn -0.2959 -0.7515 0.5897
vn -0.2568 -0.7726 0.5807
vn -0.4163 -0.7784 0.4698
vn -0.4100 -0.7820 0.4694
vn -0.3057 -0.7893 0.5326
vn -0.2850 -0.8260 0.4863
vn -0.7491 -0.6516 -0.1193
vn -0.8443 -0.2556 -0.4710
vn -0.8084 -0.3489 -0.4742
vn -0.8714 -0.1765 -0.4578
vn -0.8095 -0.5800 -0.0910
vn -0.8593 -0.5080 -0.0600
vn -0.5119 -0.6939 0.5064
vn -0.3358 -0.7107 0.6182
vn -0.8805 -0.1630 -0.4451
vn -0.8515 -0.2448 -0.4637
vn -0.8799 -0.4707 -0.0643
vn -0.8868 -0.4590 -0.0548
vn -0.5703 -0.8072 0.1521
vn -0.5815 -0.7821 0.2241
vn -0.6914 -0.7068 -0.1499
vn -0.4303 -0.7822 0.4505
vn -0.6728 -0.6822 0.2861
vn -0.6266 -0.7328 0.2654
vn -0.7483 -0.4396 -0.4968
vn -0.6972 -0.6568 0.2872
vn -0.7379 -0.5981 0.3126
vn 0.7829 0.5790 -0.2278
vn 0.7743 0.5573 -0.2996
vn 0.7505 0.6074 -0.2605
vn 0.7668 0.5825 -0.2695
vn 0.6006 0.6671 -0.4408
vn 0.5930 0.6735 -0.4413
vn 0.5813 0.6575 -0.4794
vn 0.5772 0.6818 -0.4495
vn 0.5720 0.6918 -0.4408
vn 0.5578 0.6915 -0.4590
vn 0.7839 0.5938 -0.1816
vn 0.7932 0.5830 -0.1759
vn 0.5438 0.6201 -0.5655
vn 0.5697 0.6325 -0.5249
vn 0.4177 0.7429 -0.5231
vn 0.3919 0.6820 -0.6175
vn 0.3971 0.7292 -0.5573
vn 0.4530 0.6617 -0.5975
vn 0.3558 0.6928 -0.6273
vn 0.3995 0.6549 -0.6415
vn 0.9127 -0.0638 -0.4036
vn 0.6945 0.4209 -0.5836
vn 0.6455 0.4896 -0.5862
vn 0.9092 0.0284 -0.4155
vn 0.8590 -0.5083 -0.0612
vn 0.9153 -0.3525 -0.1947
vn -0.3544 -0.7027 0.6170
vn -0.4122 -0.7286 0.5471
vn -0.4168 -0.6972 0.5833
vn -0.3656 -0.7537 0.5461
vn -0.4336 -0.7213 0.5402
vn -0.4169 -0.6833 0.5994
vn -0.4891 -0.6593 0.5710
vn -0.5230 -0.7056 0.4780
vn -0.4963 -0.7121 0.4967
vn -0.5727 -0.6913 0.4406
vn -0.4989 -0.6848 0.5312
vn -0.5684 -0.6795 0.4638
vn -0.4817 -0.6992 0.5283
vn -0.3648 -0.6562 0.6606
vn -0.5031 -0.6361 0.5850
vn -0.3014 -0.7404 0.6008
vn -0.5522 -0.6820 0.4796
vn -0.5810 -0.6658 0.4681
vn -0.5547 -0.6535 0.5150
vn -0.5790 -0.6653 0.4713
vn -0.5626 -0.6650 0.4912
vn -0.4564 -0.7338 0.5032
vn -0.5703 -0.6550 0.4958
vn -0.4764 -0.6799 0.5575
vn -0.1636 -0.8100 0.5631
vn 0.0522 -0.7894 0.6116
vn -0.2734 -0.8770 0.3951
vn -0.2304 -0.7570 0.6114
vn -0.1259 -0.7521 0.6469
vn -0.4821 -0.8332 0.2709
vn -0.4673 -0.6292 0.6210
vn -0.4824 -0.8227 0.3008
vn -0.4281 -0.8430 0.3258
vn -0.3135 -0.7756 0.5479
vn -0.3271 -0.3508 0.8775
vn -0.2875 -0.0319 0.9572
vn -0.4219 -0.1935 0.8858
vn -0.5411 -0.5194 0.6613
vn -0.5254 -0.7967 0.2987
vn -0.5542 -0.7228 0.4129
vn -0.5550 -0.7410 0.3781
vn -0.5254 -0.7842 0.3303
vn -0.5777 -0.4900 0.6528
vn -0.5823 -0.5764 0.5734
vn -0.3840 -0.8890 0.2496
vn -0.4893 -0.6640 0.5654
vn -0.4251 -0.7253 0.5415
vn -0.3931 -0.8668 0.3067
vn -0.4242 -0.8732 0.2400
vn -0.3773 -0.9181 0.1215
vn -0.3645 -0.9136 0.1804
vn -0.3907 -0.9129 0.1179
vn -0.4303 -0.8202 0.3771
vn 0.3937 0.4628 -0.7942
vn 0.5339 0.4413 -0.7213
vn 0.4257 0.5136 -0.7450
vn 0.6072 0.3752 -0.7003
vn 0.5011 0.3667 -0.7838
vn 0.5027 0.1195 -0.8561
vn 0.5754 0.7695 -0.2771
vn 0.5219 0.7757 -0.3548
vn 0.3911 0.8391 -0.3782
vn 0.5601 0.5132 -0.6503
vn 0.4528 0.0622 -0.8894
vn 0.7888 0.4130 -0.4553
vn 0.7169 0.0773 -0.6929
vn 0.4978 0.2729 -0.8233
vn 0.5245 0.6171 -0.5866
vn 0.5128 0.8512 -0.1119
vn 0.5373 0.8356 -0.1140
vn 0.4211 0.8981 0.1267
vn 0.4481 0.8438 0.2953
vn 0.5776 0.8162 0.0116
vn 0.4415 0.8972 0.0040
vn 0.4454 0.8900 0.0974
vn 0.5311 0.8152 -0.2310
vn 0.5181 0.8437 -0.1405
vn 0.4746 0.1356 -0.8697
vn 0.6002 0.4583 -0.6555
vn 0.6191 0.1599 -0.7688
vn 0.5629 0.7050 -0.4314
vn 0.4770 0.8642 -0.1603
vn 0.5222 0.2800 -0.8055
vn 0.4846 0.8746 -0.0165
vn 0.6357 0.7027 -0.3195
vn 0.4229 0.9009 0.0977
vn 0.7850 0.5671 -0.2494
vn 0.8636 0.4828 -0.1448
vn 0.5652 0.5626 -0.6033
vn 0.6654 0.5265 -0.5292
vn 0.8468 0.4640 -0.2599
vn 0.9594 0.2508 -0.1293
vn 0.8094 0.5387 -0.2338
vn 0.7168 0.4746 -0.5108
vn 0.7914 0.5587 -0.2480
vn 0.7945 0.4785 -0.3740
vn 0.7115 0.5085 -0.4850
vn 0.7413 0.6636 -0.1005
vn 0.6684 0.6916 -0.2736
vn 0.6986 0.6580 -0.2810
vn 0.4020 0.2604 -0.8778
vn 0.6394 0.3170 -0.7005
vn 0.6152 0.3920 -0.6840
vn 0.4352 0.3565 -0.8268
vn 0.4157 0.5232 -0.7439
vn 0.5678 0.4745 -0.6727
vn 0.3698 0.9279 -0.0474
vn 0.4008 0.8922 0.2084
vn 0.6186 0.7855 0.0192
vn 0.7233 0.6873 -0.0664
vn 0.5890 0.4981 -0.6364
vn 0.6391 0.5883 -0.4953
vn 0.6752 0.4271 -0.6014
vn 0.7288 0.4912 -0.4770
vn 0.7680 0.5108 -0.3864
vn 0.7566 0.6534 0.0266
vn 0.7667 0.6392 0.0607
vn 0.7450 0.6249 -0.2331
vn 0.7629 0.6096 -0.2154
vn 0.7529 0.3287 -0.5701
vn 0.7884 0.3427 -0.5108
vn 0.8845 0.1641 -0.4368
vn 0.8912 0.4512 -0.0467
vn 0.4895 0.7275 0.4807
vn 0.7050 0.7021 -0.1005
vn 0.6838 0.7258 -0.0748
vn 0.7509 0.4174 -0.5118
vn 0.7365 0.1352 -0.6628
vn 0.7059 0.1945 -0.6810
vn 0.7310 0.0414 -0.6811
vn 0.7807 0.3647 -0.5075
vn 0.8509 0.2870 -0.4400
vn 0.6625 -0.1834 -0.7263
vn 0.7271 -0.1377 -0.6725
vn 0.6728 0.1726 -0.7194
vn 0.6875 -0.3895 -0.6130
vn 0.5889 -0.5421 -0.5994
vn 0.6061 -0.3214 -0.7275
vn 0.5381 -0.5357 -0.6508
vn 0.7096 -0.5348 -0.4588
vn 0.7935 -0.2313 -0.5629
vn 0.9639 -0.0029 -0.2664
vn 0.9110 -0.4072 -0.0647
vn 0.7581 -0.2332 -0.6090
vn 0.6991 -0.5370 -0.4722
vn 0.8001 0.2995 0.5197
vn 0.9068 0.4121 -0.0885
vn 0.8450 0.4611 0.2710
vn 0.6466 -0.0074 0.7628
vn 0.9775 0.1451 0.1531
vn 0.8900 -0.2384 0.3887
vn 0.5384 -0.8162 -0.2098
vn 0.3760 -0.8215 -0.4287
vn 0.6640 -0.7324 0.1508
vn 0.2941 -0.9377 0.1849
vn 0.2639 -0.9628 -0.0573
vn 0.2680 -0.9247 -0.2705
vn 0.6373 -0.5952 0.4895
vn 0.2696 -0.8573 0.4386
vn 0.3997 -0.3948 0.8273
vn 0.1142 -0.6541 0.7478
vn -0.0119 -0.6218 0.7830
vn -0.0612 -0.5080 0.8592
vn 0.0914 -0.8646 0.4941
vn 0.1611 -0.9543 0.2518
vn -0.0757 -0.8636 0.4985
vn -0.0622 -0.9913 0.1159
vn -0.5588 -0.4015 0.7257
vn -0.5120 -0.1756 0.8409
vn -0.4771 -0.0691 0.8762
vn -0.5117 -0.2604 0.8188
vn -0.5261 -0.2874 0.8004
vn -0.5449 -0.3033 0.7817
vn -0.5734 -0.6543 0.4931
vn -0.5607 -0.6737 0.4815
vn -0.5573 -0.6317 0.5388
vn -0.4563 -0.7505 0.4781
vn -0.4656 -0.8606 0.2063
vn -0.2740 -0.9594 0.0667
vn -0.1121 -0.8664 0.4866
vn -0.0303 -0.9111 0.4110
vn -0.4078 -0.1828 0.8946
vn -0.4101 -0.4015 0.8189
vn -0.4367 -0.8469 0.3035
vn -0.4602 -0.6747 0.5770
vn -0.4509 -0.7679 0.4550
vn -0.3180 -0.4187 0.8506
vn -0.3496 -0.6952 0.6280
vn -0.4275 -0.8965 0.1160
vn -0.3557 -0.8750 0.3285
vn -0.2354 -0.9378 0.2552
vn -0.3518 -0.9315 0.0924
vn -0.2434 -0.9541 -0.1745
vn -0.3404 -0.9389 -0.0500
vn -0.2729 -0.9466 -0.1717
vn -0.3694 -0.9140 -0.1676
vn -0.4688 -0.8797 0.0797
vn -0.3003 -0.9522 0.0563
vn -0.1647 -0.9749 0.1497
vn -0.0056 -0.8838 0.4678
vn -0.1759 -0.9605 -0.2155
vn -0.0535 -0.8440 0.5337
vn -0.0598 -0.8866 0.4587
vn -0.4416 -0.8963 -0.0394
vn -0.2175 -0.8746 0.4333
vn -0.3403 -0.7866 0.5152
vn -0.2697 -0.9487 -0.1651
vn -0.5168 -0.8379 0.1757
vn -0.2625 -0.7541 0.6020
vn -0.2225 -0.7830 0.5808
vn -0.4244 -0.8182 0.3878
vn -0.4225 -0.7915 0.4417
vn -0.3810 -0.8562 0.3489
vn -0.3233 -0.8849 0.3354
vn -0.2915 -0.6614 0.6911
vn -0.2048 -0.7583 0.6189
vn -0.1730 -0.5724 0.8015
vn -0.0983 -0.8683 0.4862
vn -0.1582 -0.4471 0.8804
vn -0.1165 -0.8023 0.5855
vn -0.2840 -0.9070 0.3109
vn -0.1109 -0.9710 0.2117
vn -0.1595 -0.9617 0.2232
vn -0.2178 -0.8941 0.3913
vn -0.3252 -0.8947 0.3061
vn -0.2216 -0.9378 0.2671
vn -0.0381 -0.9722 0.2309
vn -0.0698 -0.9374 0.3411
vn -0.2558 -0.8972 0.3601
vn -0.2944 -0.8796 0.3736
vn -0.3838 -0.7850 0.4863
vn -0.1350 -0.9693 0.2056
vn -0.2128 -0.9247 0.3158
vn -0.4930 -0.6344 0.5954
vn -0.3577 -0.8374 0.4132
vn -0.5171 -0.6687 0.5343
vn -0.0233 -0.9803 0.1962
vn -0.0758 -0.9741 0.2132
vn -0.0233 -0.9990 0.0393
vn 0.0217 -0.9998 0.0022
vn -0.0244 -0.9822 0.1864
vn -0.1672 -0.9536 0.2503
vn -0.0175 -0.9993 -0.0323
vn -0.0125 -0.9997 -0.0193
vn -0.2363 -0.9591 0.1557
vn -0.5158 -0.7324 0.4444
vn -0.2535 -0.9417 0.2214
vn -0.5510 -0.6568 0.5149
vn -0.4938 -0.8084 0.3205
vn -0.4193 -0.8580 0.2967
vn -0.4261 -0.8552 0.2951
vn -0.4914 -0.7927 0.3608
vn -0.4130 -0.8478 0.3327
vn -0.3561 -0.8696 0.3420
vn -0.4765 -0.7864 0.3930
vn -0.4246 -0.8285 0.3651
vn -0.1661 -0.9733 0.1584
vn -0.1883 -0.9717 0.1429
vn -0.1306 -0.9874 0.0896
vn -0.3765 -0.8597 0.3451
vn -0.0856 -0.9908 0.1048
vn -0.5981 -0.6338 0.4904
vn -0.4514 -0.8631 0.2267
vn -0.7212 -0.6073 0.3332
vn -0.5273 -0.7806 0.3355
vn -0.5351 -0.7866 0.3081
vn -0.5430 -0.7443 0.3887
vn -0.5761 -0.7163 0.3938
vn -0.5277 -0.7334 0.4286
vn -0.4343 -0.8245 0.3627
vn -0.5724 -0.6939 0.4368
vn -0.4807 -0.7954 0.3693
vn -0.1613 -0.9764 0.1438
vn -0.2264 -0.9592 0.1696
vn -0.1775 -0.9832 -0.0416
vn -0.1554 -0.9875 -0.0280
vn -0.2567 -0.9660 0.0322
vn -0.1006 -0.9938 -0.0479
vn -0.2160 -0.9736 0.0745
vn -0.1577 -0.9806 0.1167
vn -0.4124 -0.8348 0.3647
vn -0.4004 -0.8615 0.3123
vn -0.5095 -0.7996 0.3179
vn -0.4586 -0.7583 0.4633
vn -0.5292 -0.5852 0.6144
vn -0.4703 -0.8232 0.3180
vn -0.6333 -0.5350 0.5592
vn -0.3662 -0.7532 0.5464
vn -0.3681 -0.8040 0.4670
vn 0.5902 0.3736 -0.7156
vn 0.6831 0.4941 -0.5378
vn 0.6929 0.4572 -0.5576
vn 0.7443 0.3505 -0.5685
vn 0.7424 0.3331 -0.5813
vn 0.5526 0.7625 -0.3364
vn 0.5573 0.7056 -0.4377
vn 0.7532 0.4525 -0.4774
vn 0.7339 0.5188 -0.4385
vn 0.8046 0.2420 -0.5423
vn 0.8078 0.2700 -0.5240
vn 0.5989 0.7201 -0.3504
vn 0.6085 0.6934 -0.3859
vn 0.5712 0.7775 -0.2631
vn 0.5699 0.7648 -0.3006
vn 0.4941 0.8054 -0.3274
vn 0.5740 0.7091 -0.4095
vn 0.6150 0.7164 -0.3294
vn 0.5918 0.6941 -0.4100
vn 0.6725 0.5291 -0.5174
vn 0.7989 0.2104 -0.5634
vn 0.7044 0.4838 -0.5193
vn 0.7428 0.4486 -0.4970
vn 0.7862 0.1992 -0.5850
vn 0.8001 0.0394 -0.5986
vn 0.6649 0.6162 -0.4221
vn 0.6997 0.5269 -0.4824
vn 0.6255 0.6249 -0.4672
vn 0.7528 0.4362 -0.4931
vn 0.7134 0.6208 -0.3250
vn 0.6784 0.5517 -0.4852
vn 0.6969 0.6685 -0.2598
vn 0.7208 0.5605 -0.4078
vn 0.7539 0.6156 -0.2293
vn 0.5503 0.8331 -0.0553
vn 0.5719 0.7877 -0.2290
vn 0.5814 0.7235 -0.3723
vn 0.7312 0.6283 0.2657
vn 0.6471 0.7460 0.1574
vn 0.7069 0.7064 -0.0374
vn 0.5963 0.7076 0.3790
vn 0.7386 0.6166 -0.2726
vn 0.6193 0.7826 0.0635
vn 0.6927 0.5450 -0.4724
vn 0.7539 0.2415 -0.6110
vn 0.5532 0.7627 -0.3350
vn 0.6370 0.7109 -0.2979
vn 0.7186 0.6659 -0.2003
vn 0.7022 0.6783 -0.2164
vn 0.7223 0.6912 -0.0222
vn 0.7994 0.5960 0.0757
vn 0.7116 0.7001 -0.0584
vn 0.9245 0.1999 -0.3245
vn 0.9280 0.3632 -0.0834
vn 0.7118 0.7010 -0.0438
vn 0.7646 0.6029 -0.2278
vn 0.7476 0.5937 -0.2978
vn 0.8175 0.5555 -0.1521
vn 0.8335 0.3533 -0.4249
vn 0.7193 0.6622 -0.2102
vn 0.7408 0.6716 0.0081
vn 0.7726 0.0686 -0.6312
vn 0.7948 0.0377 -0.6057
vn 0.7957 0.1983 -0.5724
vn 0.0846 0.9964 -0.0113
vn 0.3789 0.9085 -0.1759
vn 0.2473 0.9670 0.0619
vn 0.3009 0.9418 -0.1498
vn 0.0604 0.9974 0.0393
vn 0.1485 0.9888 0.0158
vn 0.1990 0.9795 -0.0315
vn 0.2302 0.9673 -0.1064
vn 0.4260 0.8790 -0.2141
vn 0.3148 0.9401 -0.1305
vn 0.2045 0.9759 -0.0764
vn 0.4252 0.8787 -0.2170
vn 0.5075 0.8174 -0.2727
vn 0.4960 0.8248 -0.2715
vn 0.1518 0.9862 -0.0665
vn -0.0189 0.9967 -0.0788
vn 0.1447 0.9877 -0.0597
vn 0.5171 0.5550 -0.6516
vn 0.4437 0.8400 -0.3124
vn 0.3947 0.8708 -0.2931
vn 0.3754 0.8862 -0.2714
vn 0.2923 0.9184 -0.2669
vn 0.0164 0.9975 -0.0693
vn 0.0855 0.9808 -0.1755
vn 0.0384 0.9912 -0.1267
vn 0.2155 0.9326 -0.2895
vn 0.0733 0.9800 -0.1849
vn 0.2077 0.9133 -0.3504
vn 0.1693 0.9588 -0.2280
vn 0.1119 0.9861 -0.1230
vn 0.0873 0.9941 -0.0641
vn -0.5815 -0.5768 0.5737
vn -0.5740 -0.5713 0.5867
vn -0.5673 -0.5798 0.5849
vn -0.6516 -0.5587 0.5131
vn -0.6038 -0.4891 0.6294
vn -0.6310 -0.5842 0.5105
vn -0.7040 -0.3531 0.6162
vn -0.6636 -0.5432 0.5143
vn -0.6658 -0.5612 0.4917
vn -0.6677 -0.4178 0.6161
vn -0.7646 -0.5265 0.3719
vn -0.7125 -0.5737 0.4039
vn -0.5535 -0.5190 0.6514
vn -0.5709 -0.4351 0.6962
vn -0.6137 -0.4874 0.6212
vn -0.6554 -0.3387 0.6751
vn -0.6467 -0.4713 0.5997
vn -0.6938 -0.2824 0.6625
vn -0.5268 -0.3924 0.7540
vn -0.6829 -0.1152 0.7214
vn -0.6789 -0.1931 0.7084
vn -0.4467 -0.3701 0.8145
vn -0.3412 -0.6917 0.6365
vn -0.4712 -0.5884 0.6571
vn -0.5790 -0.5849 0.5680
vn -0.5570 -0.6564 0.5089
vn -0.7166 -0.2652 0.6452
vn -0.6655 -0.4836 0.5686
vn -0.5830 -0.6712 0.4578
vn -0.0276 -0.7635 0.6453
vn -0.3319 -0.5575 0.7609
vn -0.2626 -0.8472 0.4618
vn -0.5352 -0.6160 0.5781
vn 0.2941 0.9362 -0.1925
vn 0.4502 0.8437 -0.2923
vn 0.1349 0.9904 0.0303
vn 0.3499 0.9336 0.0776
vn 0.5878 0.7380 -0.3315
vn 0.5122 0.8190 -0.2587
vn 0.5157 0.8561 -0.0327
vn 0.3142 0.8968 0.3116
vn 0.3147 0.8805 0.3545
vn 0.2909 0.8959 0.3358
vn 0.5057 0.8621 0.0328
vn 0.3929 0.8631 0.3173
vn 0.2615 0.9336 0.2450
vn 0.5178 0.8477 0.1157
vn 0.7521 -0.6574 0.0461
vn 0.1621 -0.8732 0.4596
vn 0.5785 -0.8150 -0.0324
vn 0.8776 -0.4419 0.1860
vn 0.3877 -0.7350 0.5562
vn 0.3241 -0.3415 0.8823
vn 0.6254 -0.4380 0.6458
vn 0.0488 -0.4770 0.8775
vn -0.1977 -0.5760 0.7932
vn 0.5936 0.7948 0.1263
vn 0.1524 0.7081 0.6895
vn 0.4462 0.6078 0.6569
vn 0.8597 0.4642 -0.2131
vn 0.7858 0.5851 0.2006
vn 0.4651 0.8778 0.1143
vn 0.7931 0.4870 -0.3659
vn 0.7773 0.5039 -0.3767
vn 0.0335 0.7416 0.6701
vn -0.3003 0.0491 0.9526
vn -0.0174 0.4307 0.9023
vn -0.1540 0.4149 0.8967
vn 0.3558 0.1146 0.9275
vn -0.0770 0.1637 0.9835
vn 0.4088 0.3407 0.8466
vn 0.9071 0.0992 0.4091
vn 0.9520 0.1154 -0.2835
vn 0.8937 0.3347 0.2987
vn 0.9207 0.2479 -0.3015
vn 0.3251 -0.1257 0.9373
vn -0.0814 -0.1605 0.9837
vn -0.3405 -0.2340 0.9107
vn 0.7960 -0.1412 0.5886
vn 0.9891 -0.1212 -0.0834
vn 0.9023 -0.2489 -0.3520
vn 0.8625 0.1199 -0.4916
vn 0.8208 -0.3925 -0.4151
vn 0.8580 0.0872 -0.5062
vn 0.8218 0.2521 -0.5109
vn 0.8022 0.2698 -0.5327
vn -0.0821 0.9400 -0.3311
vn 0.1701 0.9162 -0.3629
vn 0.1550 0.9067 -0.3921
vn 0.3716 0.8354 -0.4050
vn -0.0534 0.9405 -0.3357
vn 0.0776 0.9144 -0.3974
vn 0.7378 0.5599 -0.3770
vn 0.5487 0.7361 -0.3964
vn 0.4901 0.7525 -0.4399
vn -0.2837 0.9180 -0.2770
vn -0.5948 0.7897 -0.1501
vn -0.3108 0.9098 -0.2750
vn -0.6166 0.7693 -0.1670
vn -0.5851 0.7794 -0.2240
vn -0.1983 0.9133 -0.3557
vn 0.0149 0.9724 -0.2327
vn 0.2080 0.8582 -0.4693
vn 0.2251 0.9565 -0.1857
vn -0.0776 0.9080 -0.4117
vn 0.5290 0.7134 -0.4596
vn 0.3152 0.9470 -0.0621
vn -0.3146 0.8812 -0.3528
vn -0.6510 0.7239 -0.2285
vn -0.2122 0.9590 -0.1880
vn -0.6377 0.7651 -0.0893
vn 0.3030 0.8837 0.3568
vn 0.2010 0.8814 0.4275
vn 0.4214 0.8732 0.2450
vn 0.5004 0.8111 0.3027
vn 0.4266 0.9029 -0.0531
vn -0.9049 0.4137 0.0997
vn -0.3943 0.8349 0.3839
vn -0.7714 0.2341 0.5917
vn -0.1306 0.5977 0.7910
vn -0.7778 -0.0928 0.6216
vn -0.3376 0.4225 0.8411
vn 0.8085 0.5881 -0.0226
vn 0.6893 0.6875 0.2284
vn 0.6822 0.7247 -0.0971
vn -0.1744 0.6229 0.7626
vn -0.0567 0.6684 0.7417
vn 0.2316 0.9118 0.3390
vn 0.1181 0.8755 0.4685
vn 0.0322 0.8789 0.4759
vn 0.2426 0.7292 0.6398
vn 0.0368 0.6008 0.7985
vn -0.0101 0.9322 0.3618
vn 0.3680 0.9298 -0.0049
vn 0.3862 0.9131 0.1309
vn 0.2226 0.9741 0.0400
vn 0.1631 0.9866 0.0089
vn 0.2004 0.7550 0.6243
vn 0.0775 0.5445 0.8352
vn 0.0557 0.6356 0.7700
vn 0.4216 0.8086 0.4104
vn -0.0768 0.9510 0.2995
vn -0.9252 0.3701 -0.0840
vn -0.8893 0.4410 -0.1213
vn -0.9570 0.2889 0.0254
vn -0.9466 0.3078 -0.0964
vn -0.7127 -0.6381 0.2913
vn -0.3828 -0.7550 0.5323
vn -0.4663 -0.7648 0.4446
vn -0.8532 -0.2134 0.4759
vn -0.7485 -0.2415 0.6177
vn -0.6133 -0.6665 0.4238
vn -0.9521 -0.3037 -0.0351
vn -0.7913 -0.5587 0.2485
vn -0.6732 -0.6048 0.4254
vn -0.9149 -0.2922 0.2787
vn -0.9996 -0.0151 -0.0250
vn -0.6894 0.0762 0.7203
vn -0.9958 0.0911 0.0133
vn -0.1279 -0.8645 0.4861
vn -0.3287 -0.8263 0.4574
vn -0.0111 -0.8763 0.4816
vn 0.0820 -0.9007 0.4267
vn -0.8745 0.4761 -0.0924
vn -0.8606 0.5093 -0.0064
vn -0.9389 0.3417 0.0417
vn -0.9490 0.2860 0.1326
vn -0.9687 0.1529 0.1953
vn -0.9544 0.0333 0.2966
vn -0.8817 -0.2671 0.3889
vn -0.8182 -0.3331 0.4686
vn -0.6190 -0.6183 0.4843
vn -0.5447 -0.6533 0.5258
vn -0.8558 0.5171 0.0149
vn -0.8694 0.4920 -0.0468
vn -0.9618 0.2166 0.1673
vn -0.9807 0.1387 0.1378
vn -0.3045 -0.8496 0.4306
vn -0.4749 -0.7352 0.4837
vn -0.2081 -0.8580 0.4695
vn -0.7975 -0.4277 0.4255
vn -0.4656 -0.7736 0.4298
vn -0.8014 -0.4661 0.3749
vn -0.9372 -0.1358 0.3213
vn -0.9409 -0.1828 0.2852
vn -0.8492 0.5099 -0.1374
vn -0.9946 0.0797 0.0658
vn -0.9858 0.1361 0.0983
vn -0.4986 0.7845 -0.3687
vn -0.8626 0.4742 -0.1766
vn -0.5256 0.7833 -0.3321
vn -0.3948 -0.8651 0.3093
vn -0.5237 -0.7553 0.3941
vn -0.3205 -0.8646 0.3870
vn -0.8400 -0.4236 0.3392
vn -0.6960 -0.6444 0.3167
vn -0.8969 -0.3297 0.2947
vn -0.9566 -0.1515 0.2490
vn -0.9607 -0.1555 0.2298
vn -0.8199 0.5723 0.0131
vn -0.6197 0.7710 -0.1471
vn -0.8087 0.5881 -0.0032
vn -0.3169 0.8964 -0.3099
vn -0.5569 0.8164 -0.1525
vn -0.2171 0.9334 -0.2856
vn -0.3029 0.9284 -0.2154
vn -0.6351 0.7716 -0.0356
vn -0.8531 0.5134 0.0932
vn -0.9094 -0.2315 0.3455
vn -0.9591 0.1899 0.2099
vn -0.9058 -0.2334 0.3537
vn -0.8893 -0.2411 0.3886
vn -0.9589 0.2233 0.1750
vn -0.9549 0.1958 0.2234
vn -0.3437 -0.8234 0.4516
vn -0.5657 -0.7075 0.4236
vn -0.3618 -0.8313 0.4220
vn -0.5635 -0.6734 0.4786
vn -0.5914 -0.6950 0.4089
vn -0.4453 -0.7841 0.4322
vn 0.0941 0.3363 -0.9371
vn 0.1453 0.3162 -0.9375
vn 0.1219 0.3485 -0.9294
vn 0.0920 0.2537 -0.9629
vn 0.3411 0.7253 -0.5980
vn 0.2567 0.6501 -0.7151
vn 0.3314 0.7023 0.6300
vn 0.2722 0.7815 0.5613
vn 0.4027 0.9116 0.0829
vn 0.3603 0.9183 -0.1643
vn 0.3119 0.6080 0.7302
vn 0.3616 0.8448 0.3944
vn 0.2418 0.9037 0.3533
vn 0.2121 0.7222 0.6584
vn 0.4739 0.6416 -0.6031
vn 0.4601 0.5854 -0.6676
vn 0.4194 0.4501 -0.7884
vn 0.4945 0.6131 -0.6161
vn 0.4472 0.6773 -0.5841
vn 0.3884 0.6211 -0.6807
vn 0.4349 0.6400 -0.6335
vn 0.3790 0.6646 -0.6440
vn 0.7570 -0.2126 0.6179
vn 0.8376 -0.4076 0.3636
vn 0.3592 -0.7565 0.5466
vn 0.4753 -0.5861 0.6562
vn -0.0289 -0.8632 -0.5041
vn -0.0181 -0.9922 -0.1237
vn -0.1479 -0.9824 -0.1140
vn 0.2458 -0.8886 -0.3874
vn 0.2838 -0.9583 0.0338
vn 0.8414 -0.5402 -0.0141
vn 0.7426 -0.6443 -0.1831
vn 0.4486 -0.8592 0.2461
vn 0.4767 -0.7635 -0.4357
vn 0.2849 -0.9186 -0.2737
vn -0.0067 -0.9940 -0.1093
vn 0.4638 -0.8505 -0.2479
vn 0.8175 -0.5377 -0.2063
vn 0.3930 -0.9164 -0.0765
vn 0.3599 -0.9228 0.1378
vn 0.7426 -0.5494 -0.3830
vn -0.1603 -0.9690 0.1881
vn -0.2344 -0.8964 0.3762
vn 0.2097 -0.9755 -0.0668
vn -0.0507 -0.9753 -0.2150
vn 0.0076 -0.1983 0.9801
vn 0.4104 0.0114 0.9118
vn 0.3929 -0.3489 0.8508
vn -0.0757 -0.2794 0.9572
vn 0.0414 0.7645 0.6433
vn 0.3389 0.9408 0.0025
vn 0.2129 0.8245 0.5242
vn 0.3756 0.9227 0.0865
vn 0.7325 0.5487 -0.4030
vn 0.6536 0.5963 -0.4661
vn -0.0689 0.3344 0.9399
vn -0.2029 -0.1259 0.9711
vn 0.2400 0.2335 0.9423
vn 0.0691 -0.3290 0.9418
vn 0.4567 -0.8609 0.2240
vn 0.8239 -0.4615 -0.3290
vn 0.4721 -0.8805 -0.0433
vn 0.8721 0.0748 -0.4836
vn 0.9363 -0.3373 -0.0981
vn 0.8453 0.2140 -0.4895
vn 0.7732 0.2833 -0.5673
vn 0.7197 0.3184 -0.6170
vn 0.7475 0.6336 -0.1995
vn 0.8482 0.4739 0.2365
vn 0.7341 0.6686 0.1187
vn 0.8350 0.5251 -0.1645
vn 0.7443 0.2059 0.6353
vn 0.8366 0.1448 0.5284
vn -0.3391 -0.8798 0.3331
vn -0.4567 -0.8539 0.2496
vn -0.3866 -0.8303 0.4014
vn -0.3922 -0.7673 0.5074
vn -0.3528 -0.7974 0.4896
vn -0.5480 -0.7398 0.3905
vn -0.4385 -0.6783 0.5896
vn -0.6287 -0.5849 0.5125
vn -0.3574 -0.7372 0.5735
vn 0.6280 0.6139 -0.4783
vn 0.6129 0.6648 -0.4271
vn 0.6525 0.6360 -0.4120
vn 0.4680 0.7596 -0.4516
vn 0.5533 0.6541 -0.5158
vn 0.3121 0.7437 -0.5911
vn 0.5214 0.7768 -0.3531
vn 0.6406 0.6788 -0.3589
vn 0.6953 0.6281 -0.3493
vn -0.3456 -0.7222 0.5991
vn -0.3325 -0.8231 0.4604
vn -0.2915 -0.7509 0.5925
vn -0.1835 -0.8032 0.5668
vn -0.2347 -0.8720 0.4296
vn 0.8530 -0.3135 -0.4173
vn 0.6881 -0.7158 -0.1188
vn 0.8203 -0.5372 -0.1964
vn 0.8192 -0.3480 -0.4559
vn 0.6508 -0.7505 -0.1147
vn 0.4379 -0.8958 0.0758
vn 0.6280 -0.7697 -0.1151
vn 0.6009 -0.7984 -0.0387
vn 0.5020 -0.8638 0.0428
vn 0.5495 -0.8094 -0.2069
vn 0.2590 -0.9657 0.0192
vn 0.7050 -0.6049 -0.3702
vn 0.6809 0.0095 -0.7323
vn 0.3299 0.5487 -0.7682
vn 0.6143 0.4066 -0.6762
vn 0.4048 0.6715 -0.6207
vn 0.7149 0.4166 -0.5616
vn 0.9403 -0.0014 -0.3403
vn 0.4520 0.7865 -0.4208
vn 0.4733 0.7452 -0.4698
vn 0.1356 0.5717 -0.8092
vn 0.1842 0.4215 -0.8879
vn 0.1152 0.4620 -0.8794
vn 0.3292 0.4583 -0.8256
vn 0.2830 0.5235 -0.8036
vn 0.4178 0.5295 -0.7383
vn 0.4109 0.6056 -0.6815
vn 0.5452 0.5830 -0.6024
vn 0.1788 0.6731 -0.7177
vn 0.3161 -0.8786 0.3580
vn -0.0528 -0.8421 0.5368
vn 0.1900 -0.8435 0.5025
vn 0.5654 -0.7812 0.2645
vn 0.8169 -0.5765 0.0163
vn 0.4519 0.6379 -0.6236
vn 0.4827 0.6560 -0.5802
vn 0.4638 0.6019 -0.6501
vn 0.5240 0.5753 -0.6281
vn 0.4101 0.7478 -0.5221
vn 0.4599 0.7101 -0.5332
vn 0.4466 0.6130 -0.6518
vn 0.3802 0.6720 -0.6355
vn 0.5025 0.5524 -0.6651
vn 0.8566 -0.5157 -0.0158
vn 0.8980 -0.4293 -0.0966
vn 0.5168 -0.8020 0.2996
vn 0.5051 -0.8448 0.1768
vn 0.7377 -0.6288 -0.2457
vn 0.8457 -0.4555 -0.2780
vn 0.3509 -0.9316 -0.0954
vn 0.1112 -0.9923 -0.0544
vn 0.8282 -0.5304 -0.1810
vn 0.3743 -0.9264 0.0407
vn 0.8917 0.3107 -0.3290
vn 0.4105 0.8956 -0.1718
vn 0.5457 0.7549 -0.3638
vn 0.3845 0.8424 -0.3776
vn 0.5693 0.7892 -0.2303
vn -0.4660 -0.7307 0.4990
vn -0.4993 -0.5519 0.6679
vn -0.4585 -0.6382 0.6185
vn -0.4229 -0.4853 0.7653
vn -0.5082 -0.7403 0.4402
vn -0.4398 -0.7121 0.5473
vn 0.8532 0.5208 0.0274
vn 0.6615 0.7472 -0.0646
vn 0.8283 0.4273 -0.3624
vn 0.5433 0.7162 -0.4381
vn 0.7100 0.2488 -0.6588
vn 0.3706 0.5820 -0.7238
vn 0.1529 -0.8053 0.5728
vn 0.0195 -0.9167 0.3991
vn 0.0907 -0.8148 0.5726
vn 0.0830 -0.9287 0.3615
vn -0.0787 -0.9866 0.1427
vn -0.0065 -0.9999 0.0156
vn 0.2324 0.9693 -0.0803
vn 0.4694 0.8558 -0.2173
vn 0.3278 0.9415 -0.0781
vn 0.3987 0.8979 -0.1867
vn 0.3703 0.9261 -0.0720
vn 0.2603 0.9608 0.0957
vn -0.2526 -0.9263 0.2797
vn -0.2980 -0.8964 0.3280
vn -0.1981 -0.9427 0.2684
vn -0.2496 -0.8983 0.3616
vn -0.2196 -0.9002 0.3762
vn -0.3467 -0.9065 0.2411
vn -0.2144 -0.8308 0.5135
vn -0.2998 -0.8669 0.3982
vn -0.2005 -0.8353 0.5120
vn 0.0316 -0.9354 0.3522
vn -0.0054 -0.9253 0.3792
vn -0.2792 -0.6472 0.7093
vn -0.1621 -0.7120 0.6832
vn -0.3104 -0.3267 0.8927
vn -0.1097 -0.4733 0.8741
vn 0.5706 0.5382 -0.6203
vn 0.5423 0.4085 -0.7342
vn 0.6613 0.3306 -0.6734
vn 0.5528 0.3460 -0.7581
vn 0.5127 0.4500 -0.7312
vn 0.5180 0.4435 -0.7315
vn 0.4711 0.6251 -0.6223
vn 0.4854 0.5105 -0.7098
vn 0.6401 0.3697 -0.6735
vn 0.2618 0.8649 -0.4283
vn 0.2623 0.8964 -0.3573
vn 0.2721 0.8951 -0.3533
vn 0.2626 0.9522 0.1558
vn 0.2945 0.9543 -0.0505
vn 0.2516 0.9621 0.1053
vn 0.2839 0.9447 -0.1642
vn 0.2568 0.9632 0.0796
vn 0.2848 0.9558 -0.0732
vn 0.3476 0.9264 -0.1445
vn 0.2530 0.9636 -0.0858
vn 0.1853 0.9820 0.0355
vn 0.4038 0.8891 -0.2155
vn 0.2441 0.9469 -0.2094
vn 0.3163 0.8959 -0.3120
vn 0.4036 0.8997 -0.1662
vn 0.3293 0.9265 -0.1818
vn 0.4368 0.8424 -0.3154
vn 0.8227 -0.1399 -0.5510
vn 0.6349 0.4037 -0.6587
vn 0.8862 -0.0797 -0.4563
vn 0.6370 0.4412 -0.6322
vn 0.9293 0.0018 -0.3694
vn 0.6490 0.4919 -0.5804
vn -0.4362 -0.6959 0.5704
vn -0.4381 -0.6827 0.5848
vn -0.3924 -0.7035 0.5925
vn -0.4095 -0.7281 0.5497
vn -0.4441 -0.6965 0.5636
vn -0.3865 -0.6618 0.6424
vn -0.3140 -0.9485 0.0423
vn -0.4175 -0.7619 0.4951
vn -0.3512 -0.9307 0.1023
vn -0.4263 -0.8408 0.3337
vn -0.3549 -0.9327 0.0646
vn -0.4282 -0.8005 0.4194
vn 0.8941 0.1854 0.4076
vn 0.5681 -0.6723 0.4746
vn 0.3510 -0.6776 0.6462
vn 0.5589 0.8287 0.0284
vn 0.7871 0.1609 0.5955
vn 0.5281 0.8381 0.1372
vn 0.6565 0.7170 -0.2341
vn 0.9326 0.3415 0.1165
vn 0.5588 -0.6027 0.5697
vn 0.8714 0.2341 0.4312
vn 0.6274 0.7706 0.1115
vn 0.4789 -0.4766 0.7372
vn 0.2985 0.9538 -0.0329
vn 0.3949 0.6858 -0.6114
vn 0.2668 0.9575 -0.1096
vn 0.4107 0.6991 -0.5853
vn 0.3039 0.9527 0.0080
vn 0.4097 0.4238 -0.8078
vn 0.3801 0.3270 -0.8652
vn -0.2958 -0.9457 -0.1344
vn -0.4121 -0.9107 -0.0278
vn -0.4048 -0.9021 0.1495
vn -0.3077 -0.9499 -0.0549
vn -0.1920 -0.8630 -0.4673
vn -0.0971 -0.8281 -0.5520
vn -0.1870 -0.9000 -0.3938
vn -0.1474 -0.8748 -0.4615
vn -0.2445 -0.9564 -0.1595
vn 0.8081 0.5506 -0.2093
vn 0.9598 -0.0524 0.2757
vn 0.7870 0.4950 -0.3683
vn 0.2342 -0.5800 0.7803
vn 0.9109 0.0502 0.4095
vn 0.5262 -0.6896 0.4976
vn 0.3560 -0.6841 0.6366
vn 0.8721 0.2787 -0.4022
vn 0.9854 -0.1368 0.1018
vn 0.4543 0.7590 -0.4664
vn 0.5963 0.5885 -0.5459
vn 0.5433 0.7075 -0.4521
vn 0.4247 0.7181 -0.5513
vn 0.4991 0.5691 -0.6535
vn 0.4161 0.4826 -0.7707
vn 0.4766 0.4860 -0.7326
vn 0.4213 0.6121 -0.6692
vn 0.6155 0.4922 -0.6155
vn 0.3036 0.2339 0.9236
vn 0.2052 0.8005 0.5632
vn 0.2112 0.9586 0.1908
vn 0.4155 0.5484 0.7257
vn 0.0431 -0.3587 0.9325
vn 0.2250 -0.3476 0.9102
vn -0.4244 -0.8206 0.3828
vn -0.5304 -0.6811 0.5048
vn -0.5194 -0.6971 0.4942
vn -0.5117 -0.7664 0.3883
vn -0.4387 -0.8111 0.3868
vn -0.3954 -0.8568 0.3309
vn 0.7545 0.4802 -0.4473
vn 0.8419 0.2253 -0.4904
vn 0.8836 0.2534 -0.3937
vn 0.8420 0.2303 -0.4879
vn 0.7268 0.4209 -0.5427
vn 0.7209 0.4514 -0.5259
vn 0.7739 0.3966 -0.4937
vn 0.7809 0.3652 -0.5068
vn 0.8803 0.2645 -0.3939
vn 0.2062 0.8427 -0.4973
vn 0.2554 0.8574 -0.4468
vn 0.2447 0.8772 -0.4132
vn 0.0912 0.5519 -0.8289
vn 0.0756 0.4261 -0.9015
vn 0.1544 0.5618 -0.8127
vn 0.0627 0.4616 -0.8849
vn 0.1978 0.5983 -0.7764
vn 0.3418 0.7020 -0.6248
vn 0.3116 0.7985 0.5151
vn 0.2433 0.9243 0.2940
vn 0.4848 0.8640 0.1361
vn 0.5701 0.7826 0.2500
vn 0.6096 0.7917 0.0400
vn 0.4625 0.8612 0.2108
vn 0.3571 0.8028 -0.4775
vn 0.4325 0.7100 -0.5557
vn 0.2965 0.7607 -0.5774
vn 0.4315 0.7639 -0.4798
vn 0.3892 0.6474 -0.6553
vn 0.2987 0.6934 -0.6557
vn 0.4072 0.4030 -0.8197
vn 0.3818 0.3372 -0.8605
vn 0.4192 0.3242 -0.8480
vn 0.4180 0.4357 -0.7971
vn 0.3869 0.6327 -0.6708
vn 0.4705 0.6547 -0.5916
vn -0.3093 -0.8946 0.3225
vn -0.0312 -0.9101 0.4131
vn -0.1935 -0.9533 0.2318
vn 0.0050 -0.8098 0.5867
vn -0.1981 -0.8366 0.5108
vn -0.0814 -0.6967 0.7128
vn -0.3584 -0.9270 -0.1103
vn -0.3560 -0.9150 -0.1899
vn -0.3945 -0.9184 -0.0305
vn -0.3349 -0.9416 0.0347
vn -0.3677 -0.9252 -0.0939
vn -0.3900 -0.9009 0.1905
vn -0.3029 -0.7298 0.6128
vn -0.0438 -0.8577 0.5124
vn -0.0682 -0.8020 0.5935
vn -0.1639 -0.9081 0.3853
vn -0.3364 -0.7740 0.5364
vn -0.3950 -0.8163 0.4214
vn 0.0846 0.9883 0.1266
vn 0.1623 0.9634 -0.2135
vn -0.0406 0.9992 -0.0004
vn 0.2532 0.9561 -0.1473
vn 0.5567 0.6248 -0.5475
vn 0.4793 0.6156 -0.6256
vn 0.5865 0.7690 -0.2542
vn 0.4199 0.8228 -0.3829
vn 0.4109 0.8938 -0.1796
vn 0.5255 0.8500 -0.0362
vn 0.6145 0.5588 -0.5569
vn 0.3448 0.8277 -0.4427
vn 0.4384 0.6168 -0.6538
vn 0.4780 0.6578 -0.5821
vn 0.4167 0.8365 -0.3559
vn 0.5216 0.6101 -0.5964
vn 0.6215 0.5926 -0.5124
vn 0.0560 0.9320 -0.3582
vn 0.1937 0.8550 -0.4812
vn 0.0273 0.8868 -0.4613
vn 0.3256 0.8763 -0.3551
vn 0.0809 0.7973 -0.5981
vn 0.1458 0.7892 -0.5966
vn 0.1832 0.5131 -0.8385
vn 0.0755 0.5889 -0.8047
vn 0.1571 0.5656 -0.8096
vn 0.1244 0.6401 -0.7581
vn 0.1615 0.5222 -0.8374
vn 0.2428 0.6178 -0.7479
vn 0.4170 0.7335 -0.5367
vn 0.0964 0.5639 -0.8202
vn 0.1170 0.6571 -0.7447
vn 0.5750 0.8003 -0.1699
vn 0.5330 0.8021 -0.2695
vn 0.6542 0.7472 0.1169
vn 0.6797 0.6975 0.2268
vn 0.6794 0.7250 0.1130
vn 0.4014 0.8169 -0.4141
vn 0.6847 0.7119 -0.1563
vn 0.4676 0.8727 -0.1408
vn 0.4402 0.8856 -0.1482
vn 0.7279 0.6557 -0.2005
vn 0.1836 0.9829 -0.0140
vn 0.1656 0.9819 -0.0916
vn 0.3935 0.8625 -0.3181
vn 0.4001 0.8575 -0.3235
vn 0.2778 0.9513 -0.1338
vn 0.3021 0.9449 -0.1261
vn 0.3726 0.7813 -0.5008
vn 0.3808 0.7036 -0.6000
vn 0.4737 0.6199 -0.6256
vn 0.3710 0.8588 -0.3533
vn 0.3083 0.9422 -0.1309
vn 0.4566 0.6094 -0.6482
vn 0.4302 0.6083 -0.6670
vn 0.4471 0.6202 -0.6446
vn 0.4353 0.6396 -0.6335
vn 0.4698 0.3980 -0.7879
vn 0.5522 0.2928 -0.7806
vn 0.4329 0.5968 -0.6756
vn 0.4249 0.6020 -0.6761
vn 0.0043 -0.8983 0.4394
vn -0.1717 -0.9110 0.3749
vn -0.0507 -0.8463 0.5303
vn -0.2665 -0.9583 0.1029
vn -0.1047 -0.9406 0.3229
vn -0.2417 -0.9699 0.0295
vn -0.3229 -0.9358 0.1413
vn -0.1924 -0.8111 0.5524
vn -0.2159 -0.9718 0.0944
vn -0.0601 -0.8532 0.5181
vn -0.0899 -0.9959 -0.0118
vn -0.0014 -1.0000 0.0031
vn 0.0981 -0.9046 0.4148
vn 0.0319 -0.9770 0.2108
vn 0.2022 -0.9373 0.2840
vn -0.0487 -0.5691 0.8209
vn -0.0988 -0.6065 0.7889
vn 0.0254 -0.6555 0.7548
vn -0.2249 -0.8164 0.5319
vn -0.2732 -0.8950 0.3527
vn 0.0630 -0.7671 0.6384
vn -0.2638 -0.7936 0.5483
vn -0.3802 -0.8198 0.4283
vn -0.4037 -0.7648 0.5020
vn -0.3583 -0.8767 0.3209
vn -0.3293 -0.8628 0.3835
vn -0.2545 -0.9519 -0.1703
vn -0.1413 -0.9261 -0.3499
vn -0.3929 -0.8824 0.2588
vn -0.3086 -0.8351 0.4553
vn -0.4317 -0.8953 0.1102
vn -0.4128 -0.8705 0.2679
vn -0.4724 -0.8747 0.1082
vn -0.3859 -0.8138 0.4346
vn -0.3749 -0.8831 0.2822
vn -0.4069 -0.7387 0.5374
vn -0.4127 -0.6788 0.6074
vn -0.1674 -0.9580 0.2331
vn -0.2551 -0.9633 0.0835
vn -0.4310 -0.6770 0.5965
vn -0.3450 -0.6604 0.6670
vn -0.3190 -0.7192 0.6173
vn -0.2666 -0.5230 0.8096
vn -0.0842 -0.6477 0.7572
vn -0.2841 -0.8680 0.4073
vn -0.2089 -0.8990 0.3850
vn 0.0556 -0.8822 0.4677
vn 0.0079 -0.7558 0.6547
vn -0.2365 -0.8902 0.3893
vn 0.0510 -0.5350 0.8433
vn 0.1321 -0.6758 0.7251
vn 0.1786 -0.8246 0.5367
vn -0.1117 -0.3477 0.9309
vn -0.2974 -0.5052 0.8101
vn -0.4055 -0.7367 0.5411
vn -0.3660 -0.8647 0.3439
vn -0.4618 -0.7094 0.5324
vn -0.3719 -0.7894 0.4884
vn -0.2414 -0.8977 0.3687
vn -0.1366 -0.9905 0.0167
vn 0.0054 -0.9988 -0.0496
vn -0.1156 -0.9650 0.2352
vn -0.1547 -0.8767 0.4554
vn -0.2371 -0.9149 0.3267
vn -0.0668 -0.9249 0.3743
vn 0.0087 -0.9054 0.4244
vn -0.1194 -0.7867 0.6057
vn -0.0387 -0.8025 0.5955
vn -0.1038 -0.7872 0.6079
vn -0.3966 -0.7517 0.5269
vn -0.2456 -0.7441 0.6213
vn -0.3042 -0.7144 0.6302
vn -0.4733 -0.6768 0.5638
vn -0.5333 -0.6181 0.5775
vn -0.3868 -0.6739 0.6294
vn -0.4370 -0.7146 0.5463
vn -0.4516 -0.7368 0.5032
vn -0.0935 -0.6818 0.7255
vn -0.0463 -0.6147 0.7874
vn -0.4085 -0.7461 0.5259
vn -0.1197 -0.6254 0.7711
vn -0.5571 -0.6299 0.5411
vn -0.6778 -0.5321 0.5074
vn -0.4083 -0.7733 0.4851
vn -0.4104 -0.7772 0.4770
vn -0.8632 -0.1094 0.4928
vn -0.8259 -0.2368 0.5117
vn -0.8745 0.3213 0.3633
vn -0.9000 0.2255 0.3730
vn -0.7375 0.6508 0.1806
vn -0.7125 0.6810 0.1689
vn -0.4112 0.9115 -0.0140
vn -0.0875 0.9801 -0.1779
vn -0.4247 0.9042 -0.0442
vn -0.1607 0.9667 -0.1990
vn 0.3299 0.8830 -0.3339
vn 0.3057 0.8747 -0.3762
vn 0.7422 0.4955 -0.4513
vn 0.7304 0.5575 -0.3945
vn 0.9126 0.1774 -0.3685
vn 0.9073 0.1248 -0.4015
vn 0.9090 0.1316 -0.3954
vn 0.9107 0.2019 -0.3604
vn 0.2247 0.9734 -0.0457
vn 0.1866 0.9820 -0.0299
vn 0.2839 0.9537 -0.0991
vn 0.0847 0.9961 -0.0239
vn 0.0029 0.9999 -0.0149
vn 0.2174 0.9485 -0.2304
vn 0.5135 0.5642 -0.6465
vn 0.0233 0.9964 0.0819
vn 0.1249 0.9884 -0.0869
vn 0.5721 0.2840 -0.7694
vn 0.5677 0.3167 -0.7599
vn 0.5539 0.4325 -0.7114
vn 0.5334 0.5363 -0.6541
vn 0.5081 0.6980 -0.5047
vn 0.5810 0.5272 -0.6201
vn 0.5956 0.5895 -0.5456
vn 0.6265 0.4486 -0.6374
vn 0.6235 0.3894 -0.6779
vn 0.6334 0.3289 -0.7005
vn 0.1614 0.9861 0.0383
vn 0.0874 0.9962 -0.0005
vn 0.1170 0.9931 0.0022
vn 0.2234 0.9597 -0.1704
vn 0.3034 0.9528 -0.0130
vn 0.3464 0.8465 -0.4043
vn 0.4682 0.8836 0.0050
vn 0.3241 0.9451 0.0414
vn 0.2964 0.9443 -0.1431
vn 0.2240 0.9634 -0.1473
vn 0.3998 0.8192 -0.4113
vn 0.5273 0.6842 -0.5038
vn 0.3137 0.9426 -0.1145
vn -0.2118 -0.7166 0.6646
vn -0.3509 -0.7146 0.6052
vn -0.2937 -0.8240 0.4846
vn -0.1347 -0.8530 0.5043
vn 0.1844 -0.9111 0.3688
vn -0.0388 -0.9267 0.3737
vn -0.3247 -0.8647 0.3833
vn -0.4484 -0.7686 0.4564
vn -0.4994 -0.6628 0.5580
vn 0.2105 0.8742 -0.4377
vn -0.0823 0.9366 -0.3407
vn 0.3529 0.7095 -0.6099
vn 0.3337 -0.9173 0.2173
vn 0.4787 -0.8736 0.0875
vn 0.1735 -0.9024 0.3944
vn 0.2380 -0.9379 0.2525
vn -0.0461 -0.9267 0.3730
vn 0.0062 -0.8581 0.5134
vn 0.0892 0.7333 -0.6740
vn 0.2044 0.7018 -0.6825
vn 0.2881 0.6165 -0.7327
vn 0.5090 0.6229 -0.5941
vn 0.4091 0.6706 -0.6189
vn 0.3918 0.6112 -0.6877
vn -0.4148 -0.7020 0.5789
vn -0.2660 -0.7450 0.6118
vn -0.0861 -0.7993 0.5947
vn -0.3832 -0.9054 0.1828
vn -0.4054 -0.9020 0.1484
vn -0.3746 -0.9205 0.1107
vn 0.5197 0.8449 -0.1270
vn 0.3879 0.9213 -0.0259
vn 0.2557 0.9663 0.0302
vn -0.4103 -0.8365 0.3631
vn -0.3957 -0.9028 0.1683
vn -0.2305 -0.9698 0.0800
vn -0.5217 -0.0808 0.8493
vn -0.3944 -0.1610 0.9047
vn -0.3053 -0.3874 0.8699
vn -0.4314 -0.3834 0.8166
vn -0.1550 0.3938 -0.9060
vn -0.2087 0.6157 -0.7599
vn -0.5704 0.1146 -0.8133
vn -0.6497 0.3435 -0.6781
vn -0.8483 -0.4846 0.2133
vn -0.8370 -0.3038 -0.4552
vn -0.8396 -0.5431 0.0072
vn -0.9479 -0.1305 -0.2907
vn -0.1908 0.8415 -0.5055
vn -0.5636 0.8217 -0.0844
vn -0.6663 0.6306 -0.3981
vn -0.1555 0.9694 -0.1898
vn -0.9719 0.2211 0.0806
vn -0.8141 -0.2563 0.5211
vn -0.6215 0.0918 0.7780
vn -0.7191 0.5740 0.3915
vn -0.2868 0.5109 0.8104
vn -0.1860 0.9213 0.3416
vn -0.2764 -0.1154 0.9541
vn -0.4267 -0.2811 0.8596
vn -0.5457 -0.4550 0.7037
vn -0.6293 -0.5410 0.5580
vn -0.7149 -0.5719 0.4022
vn 0.5391 0.7714 -0.3380
vn 0.6708 0.6479 -0.3609
vn 0.6332 0.6771 -0.3750
vn 0.7382 0.5242 -0.4246
vn 0.7521 0.5268 -0.3960
vn 0.7126 0.5860 -0.3858
vn 0.9068 0.2962 -0.2998
vn 0.8798 0.3861 -0.2773
vn 0.7745 0.5174 -0.3641
vn 0.7748 0.5065 -0.3784
vn 0.5704 0.7631 -0.3039
vn 0.5473 0.7815 -0.2996
vn 0.6361 0.7025 -0.3191
vn 0.5855 0.7489 -0.3103
vn 0.6956 0.6339 -0.3381
vn 0.7066 0.6386 -0.3049
vn 0.7413 0.5721 -0.3509
vn 0.6397 0.7021 -0.3129
vn 0.7592 0.5728 -0.3090
vn 0.7710 0.5650 -0.2938
vn 0.5249 0.7863 -0.3258
vn 0.3705 0.8344 -0.4080
vn 0.4526 0.7535 -0.4768
vn 0.3397 0.8910 -0.3012
vn 0.3563 0.8067 -0.4715
vn 0.4551 0.7325 -0.5063
vn 0.6954 0.5232 -0.4926
vn 0.7049 0.4773 -0.5247
vn 0.7164 0.4852 -0.5014
vn 0.8368 0.3457 -0.4246
vn 0.6469 0.5321 -0.5462
vn 0.7543 0.4486 -0.4794
vn 0.5319 0.6617 -0.5284
vn 0.5772 0.5939 -0.5605
vn 0.5351 0.6555 -0.5328
vn 0.5940 0.5900 -0.5469
vn 0.6708 0.5821 -0.4596
vn 0.6167 0.6754 -0.4042
vn 0.6783 0.5566 -0.4797
vn 0.6105 0.5521 -0.5678
vn 0.6645 0.5266 -0.5302
vn 0.3181 0.9256 -0.2050
vn 0.5086 0.8134 -0.2823
vn 0.5315 0.8123 -0.2400
vn 0.3933 0.9171 -0.0649
vn 0.7510 0.4780 -0.4556
vn 0.8329 0.4184 -0.3623
vn 0.8250 0.3454 -0.4473
vn 0.7823 0.5074 -0.3614
vn 0.6728 0.5990 -0.4342
vn 0.7370 0.5671 -0.3677
vn 0.6829 0.5786 -0.4460
vn 0.7079 0.5881 -0.3912
vn 0.6515 0.6647 -0.3656
vn 0.6602 0.6422 -0.3895
vn 0.4132 0.9048 0.1029
vn 0.5581 0.8042 -0.2047
vn 0.6571 0.7492 -0.0832
vn 0.3995 0.9165 -0.0222
vn 0.7089 0.6117 -0.3512
vn 0.8679 0.4892 0.0860
vn 0.7158 0.5811 -0.3874
vn 0.8870 0.4517 0.0956
vn 0.4054 0.5604 0.7222
vn -0.1352 -0.5466 0.8264
vn 0.6756 0.2371 0.6981
vn 0.1074 -0.4855 0.8676
vn 0.5981 -0.0799 0.7975
vn 0.0211 -0.4734 0.8806
vn 0.5493 0.0005 0.8356
vn -0.1763 -0.4060 0.8967
vn -0.3600 -0.8217 0.4418
vn -0.2809 -0.8316 0.4791
vn -0.1162 -0.6964 0.7082
vn -0.2614 -0.7828 0.5648
vn -0.6437 -0.4949 0.5838
vn -0.3161 -0.5767 0.7533
vn -0.5429 -0.5182 0.6608
vn -0.5123 -0.5983 0.6161
vn -0.5035 -0.6974 0.5100
vn -0.4482 -0.7674 0.4584
vn -0.5458 -0.6921 0.4723
vn -0.4839 -0.6959 0.5305
vn -0.4107 -0.7741 0.4818
vn -0.3489 -0.7932 0.4992
vn -0.2883 -0.8677 0.4049
vn -0.3872 -0.8728 0.2973
vn -0.4288 -0.8115 0.3969
vn -0.5382 -0.7819 0.3145
vn -0.7167 -0.4910 0.4952
vn -0.7138 -0.5390 0.4472
vn -0.6532 -0.5928 0.4710
vn -0.6998 -0.5883 0.4051
vn -0.6488 -0.5391 0.5370
vn -0.6375 -0.6146 0.4647
vn -0.6190 -0.5588 0.5519
vn -0.5461 -0.6986 0.4624
vn -0.6228 -0.6118 0.4876
vn -0.5852 -0.6698 0.4571
vn -0.6610 -0.5949 0.4574
vn -0.3768 -0.8592 0.3460
vn -0.4019 -0.8539 0.3307
vn -0.5059 -0.7556 0.4161
vn -0.5510 -0.7276 0.4086
vn -0.6547 -0.5556 0.5125
vn -0.6706 -0.5750 0.4687
vn -0.6287 -0.6192 0.4704
vn -0.6446 -0.6120 0.4583
vn -0.6341 -0.5800 0.5114
vn -0.6740 -0.5727 0.4666
vn -0.5781 -0.7461 0.3302
vn -0.4483 -0.8418 0.3007
vn -0.5564 -0.7448 0.3683
vn -0.3788 -0.8952 0.2349
vn -0.4624 -0.8406 0.2820
vn -0.3826 -0.8859 0.2624
vn -0.6544 -0.6242 0.4268
vn -0.6783 -0.5826 0.4478
vn -0.6972 -0.5992 0.3936
vn -0.6734 -0.6426 0.3655
vn -0.4812 -0.7859 0.3883
vn -0.3888 -0.8162 0.4274
vn -0.6219 -0.6929 0.3649
vn -0.6195 -0.6853 0.3829
vn -0.4262 -0.8308 0.3578
vn -0.4558 -0.7913 0.4076
vn -0.4903 -0.7762 0.3964
vn -0.5290 -0.7583 0.3809
vn -0.5014 -0.7599 0.4137
vn -0.4114 -0.8186 0.4008
vn -0.4996 -0.7976 0.3380
vn -0.5478 -0.7606 0.3485
vn -0.5874 -0.7337 0.3416
vn -0.5565 -0.6858 0.4690
vn -0.4944 -0.7923 0.3574
vn -0.2340 -0.8732 0.4274
vn 0.0165 0.5656 0.8245
vn 0.0944 0.5009 0.8603
vn -0.2291 -0.6612 0.7144
vn -0.1307 0.1265 0.9833
vn -0.0141 0.3999 0.9164
vn -0.2773 -0.8891 0.3643
vn -0.1008 -0.4857 0.8683
vn -0.2178 -0.9047 0.3662
vn -0.0601 -0.4570 0.8874
vn 0.0652 0.4994 0.8639
vn 0.1803 0.5744 0.7984
vn 0.2084 -0.0988 0.9730
vn 0.4457 -0.8013 0.3990
vn -0.0225 -0.9215 0.3878
vn 0.3402 0.9345 -0.1045
vn 0.1547 0.9523 -0.2629
vn 0.0892 0.9849 0.1482
vn 0.5752 0.8113 0.1050
vn 0.2525 0.8612 0.4411
vn 0.4343 0.6797 0.5911
vn 0.5639 0.7725 -0.2920
vn 0.3430 0.8565 -0.3857
vn 0.2026 0.9143 -0.3508
vn 0.6995 0.7045 0.1199
vn 0.5515 0.5850 0.5947
vn 0.6793 0.5856 0.4423
vn 0.6979 0.6864 -0.2043
vn 0.6996 0.7056 -0.1127
vn 0.6833 0.7277 -0.0598
vn 0.7002 0.7125 0.0450
vn 0.7218 0.4979 0.4808
vn 0.7367 0.5634 0.3739
vn 0.7258 0.6811 -0.0960
vn 0.7354 0.6757 -0.0506
vn 0.7585 0.6503 0.0431
vn 0.0039 0.6629 0.7487
vn 0.0247 0.7018 0.7119
vn 0.2623 0.5975 0.7577
vn 0.1420 0.6582 0.7393
vn 0.6695 0.3464 0.6571
vn 0.3402 0.4988 0.7971
vn 0.5378 0.2850 0.7934
vn 0.7456 0.2170 0.6300
vn 0.9696 0.0741 0.2330
vn 0.6704 0.5463 0.5022
vn 0.6873 0.2217 0.6917
vn 0.7328 -0.6731 -0.0992
vn 0.8652 -0.4143 0.2824
vn 0.7452 -0.6294 -0.2203
vn 0.9505 -0.1921 0.2442
vn 0.8851 0.4593 0.0746
vn 0.7187 0.1374 0.6816
vn 0.6835 0.6056 0.4074
vn 0.7878 0.4718 -0.3961
vn 0.9180 -0.2305 -0.3228
vn 0.2536 0.9629 0.0920
vn 0.4128 0.8925 -0.1816
vn 0.3537 0.8616 -0.3640
vn 0.3150 0.1889 0.9301
vn 0.0617 0.7561 0.6515
vn 0.0262 0.9996 0.0042
vn 0.4405 0.7138 0.5445
vn 0.0727 0.9291 -0.3627
vn 0.2595 0.9356 -0.2395
vn 0.4141 0.6859 0.5983
vn -0.1101 0.9917 -0.0664
vn 0.4032 0.7492 0.5255
vn 0.4313 0.6765 0.5969
vn -0.3110 0.9133 -0.2632
vn -0.0547 0.9852 0.1624
vn -0.2298 0.9449 -0.2331
vn 0.0758 0.9920 0.1009
vn -0.2309 0.8967 -0.3777
vn 0.4599 0.6539 0.6007
vn 0.5525 0.6440 0.5292
vn -0.0375 0.9744 0.2218
vn -0.5175 0.8262 -0.2227
vn -0.9003 -0.4025 0.1657
vn -0.9547 -0.2785 0.1047
vn -0.8556 -0.4657 0.2259
vn -0.9019 -0.3324 0.2758
vn -0.8196 -0.5050 0.2706
vn -0.7748 -0.5731 0.2669
vn -0.6993 -0.5809 0.4165
vn -0.1106 -0.9931 0.0378
vn 0.1092 -0.7713 0.6270
vn 0.1854 -0.8712 0.4545
vn -0.2890 -0.9514 -0.1062
vn -0.0599 -0.9872 -0.1476
vn -0.2460 -0.9443 -0.2187
vn 0.1866 -0.3260 0.9267
vn -0.0310 -0.5226 0.8520
vn 0.2342 -0.4630 0.8549
vn 0.3923 -0.3538 0.8491
vn 0.2943 0.6816 -0.6699
vn 0.3454 0.7632 -0.5461
vn 0.3219 0.5379 -0.7792
vn 0.3439 0.7408 -0.5770
vn 0.0087 -0.9971 -0.0751
vn -0.2066 -0.9774 0.0451
vn -0.0186 -0.9945 0.1035
vn -0.2595 -0.9580 0.1223
vn -0.1406 -0.9426 0.3029
vn -0.1678 -0.9830 -0.0746
vn -0.3542 -0.7817 0.5134
vn -0.3350 -0.6557 0.6766
vn -0.2486 -0.7105 0.6583
vn -0.3086 -0.6669 0.6782
vn 0.5035 0.3489 -0.7905
vn 0.4501 0.6188 -0.6438
vn 0.5415 0.5918 -0.5971
vn 0.5431 0.6145 -0.5722
vn 0.4840 0.6340 -0.6031
vn 0.4558 0.8103 0.3683
vn 0.3779 0.8532 0.3595
vn 0.4961 0.8640 0.0855
vn 0.4896 0.8717 0.0206
vn 0.2953 0.8264 0.4795
vn 0.4200 0.7678 0.4839
vn -0.4989 -0.6826 0.5341
vn -0.4389 -0.8596 0.2617
vn -0.3710 -0.8782 0.3018
vn -0.5798 -0.7098 0.4001
vn -0.6503 0.7541 0.0918
vn -0.8417 0.4662 0.2723
vn -0.3250 0.9396 -0.1076
vn -0.2193 0.9708 0.0975
vn -0.5440 0.7670 0.3403
vn -0.7667 0.4018 0.5007
vn 0.2905 0.8990 -0.3279
vn 0.3753 0.9140 -0.1544
vn 0.7816 0.5047 -0.3666
vn 0.8163 0.5492 -0.1790
vn 0.9178 0.2764 -0.2849
vn 0.9610 0.2055 -0.1849
vn 0.9387 0.1942 -0.2847
vn 0.9725 0.0630 -0.2240
vn 0.8900 0.2879 -0.3535
vn 0.9255 0.2082 -0.3165
vn 0.8084 0.4349 -0.3967
vn 0.8149 0.4473 -0.3687
vn 0.7946 0.1916 -0.5762
vn 0.7188 0.4572 -0.5238
vn 0.7274 0.4281 -0.5362
vn 0.7777 0.2697 -0.5679
vn 0.6834 0.5477 -0.4826
vn 0.6799 0.5216 -0.5154
vn 0.4182 0.8611 0.2891
vn 0.3836 0.9212 0.0648
vn 0.3490 0.9081 0.2312
vn 0.4276 0.9037 -0.0233
vn 0.4823 0.8722 0.0818
vn 0.5195 0.8530 -0.0491
vn 0.4242 0.8992 0.1076
vn 0.4189 0.8794 0.2261
vn 0.6227 0.7011 -0.3474
vn 0.5893 0.7361 -0.3329
vn 0.6338 0.6988 -0.3317
vn 0.5525 0.7673 -0.3257
vn 0.5940 0.7408 -0.3137
vn 0.5464 0.7920 -0.2723
vn 0.5088 0.7993 -0.3198
vn 0.4314 0.8688 -0.2430
vn 0.6124 0.7519 -0.2443
vn 0.6288 0.6686 -0.3971
vn 0.5861 0.7665 -0.2626
vn 0.6273 0.6681 -0.4003
vn 0.5066 0.8514 -0.1360
vn 0.5809 0.8022 -0.1381
vn 0.4738 0.7934 -0.3822
vn 0.5094 0.7683 -0.3876
vn 0.3706 0.8440 -0.3877
vn 0.4225 0.7954 -0.4345
vn -0.3615 -0.8882 0.2837
vn -0.3361 -0.7518 0.5673
vn -0.3997 -0.8890 0.2236
vn -0.3479 -0.7552 0.5555
vn -0.5235 -0.7367 0.4281
vn -0.4954 -0.6980 0.5171
vn -0.5684 -0.7112 0.4136
vn -0.3736 -0.7374 0.5628
vn -0.4298 -0.7205 0.5442
vn -0.3718 -0.7423 0.5574
vn -0.4116 -0.7270 0.5496
vn -0.4007 -0.8630 -0.3078
vn -0.4331 -0.8777 0.2051
vn -0.2903 -0.9105 -0.2944
vn -0.4460 -0.8633 0.2363
vn -0.4305 -0.8646 0.2591
vn -0.4469 -0.7337 0.5118
vn -0.4522 -0.8514 -0.2658
vn -0.4645 -0.7600 0.4546
vn -0.3660 -0.7241 0.5846
vn -0.4374 -0.7626 0.4766
vn -0.5300 -0.6892 0.4941
vn -0.5793 -0.7036 0.4115
vn 0.2767 0.3874 0.8794
vn 0.4840 0.1920 0.8537
vn -0.0377 -0.4377 0.8983
vn 0.2111 -0.3344 0.9185
vn -0.4177 -0.7242 0.5486
vn 0.2294 -0.2720 0.9345
vn 0.1966 -0.3148 0.9286
vn -0.5413 -0.7864 0.2976
vn -0.5436 -0.7803 0.3093
vn -0.4028 -0.6911 0.6001
vn 0.4996 0.1351 0.8557
vn 0.4281 0.1253 0.8950
vn 0.0902 -0.2967 0.9507
vn 0.4448 0.1487 0.8832
vn 0.3990 0.0505 0.9156
vn 0.4500 0.0659 0.8906
vn 0.5963 0.7116 -0.3716
vn 0.6591 0.6351 -0.4028
vn 0.6662 0.6578 -0.3514
vn 0.6357 0.6110 -0.4718
vn 0.6523 0.6274 -0.4254
vn 0.6203 0.6423 -0.4502
vn 0.4406 0.7676 -0.4655
vn 0.6096 0.6545 -0.4473
vn 0.5138 0.7473 -0.4213
vn 0.5657 0.7158 -0.4095
vn 0.4788 0.7595 -0.4404
vn 0.4569 0.8061 -0.3761
vn 0.3638 0.8386 -0.4055
vn 0.3801 0.8464 -0.3729
vn 0.4162 0.7785 -0.4698
vn 0.4826 0.7489 -0.4542
vn 0.4246 0.7426 -0.5180
vn 0.4282 0.7905 -0.4379
vn 0.4122 0.7359 -0.5372
vn 0.3906 0.6995 -0.5985
vn 0.5289 0.6803 -0.5074
vn 0.3759 0.8146 -0.4417
vn 0.3383 0.7415 -0.5794
vn 0.3109 0.5088 -0.8028
vn 0.4360 0.5713 -0.6954
vn 0.1719 0.5053 -0.8457
vn 0.1613 0.5584 -0.8138
vn 0.3848 0.6674 -0.6376
vn 0.0618 0.4848 -0.8724
vn -0.1325 0.3323 -0.9338
vn 0.5669 0.6121 -0.5513
vn -0.3257 -0.6680 0.6692
vn -0.3217 -0.7155 0.6201
vn -0.3391 -0.6646 0.6658
vn -0.3249 -0.7198 0.6135
vn 0.2455 0.6579 -0.7120
vn 0.3729 0.7182 -0.5874
vn -0.3503 -0.7782 0.5213
vn -0.4166 -0.8149 0.4030
vn -0.3468 -0.7671 0.5397
vn -0.3826 -0.8170 0.4315
vn -0.4468 -0.7514 0.4855
vn -0.4459 -0.7451 0.4959
vn -0.4582 -0.6820 0.5701
vn -0.4721 -0.6715 0.5711
vn -0.4052 -0.8276 0.3884
vn -0.4545 -0.8110 0.3684
vn 0.5102 0.6232 -0.5927
vn 0.5703 0.6663 -0.4805
vn 0.5512 0.6337 -0.5428
vn -0.4421 -0.7387 0.5088
vn -0.4046 -0.8216 0.4016
vn -0.4628 -0.6681 0.5826
vn 0.5571 0.6341 -0.5363
vn 0.5881 0.6648 -0.4605
vn 0.6042 0.6833 -0.4100
vn 0.5870 0.6515 -0.4805
vn 0.5854 0.6903 -0.4252
vn 0.5715 0.6612 -0.4860
vn 0.5558 0.6758 -0.4842
vn 0.5583 0.6080 -0.5645
vn 0.5505 0.6100 -0.5700
vn 0.5139 0.7461 -0.4233
vn 0.5497 0.7176 -0.4277
vn 0.5139 0.7024 -0.4926
vn 0.4873 0.7698 -0.4123
vn 0.4931 0.6393 -0.5900
vn -0.4171 -0.8582 0.2993
vn -0.4975 -0.8176 0.2898
vn -0.3702 -0.8937 0.2535
vn -0.3579 -0.8695 0.3403
vn -0.4520 -0.8357 0.3120
vn -0.3072 -0.8967 0.3188
vn -0.3609 -0.8841 0.2968
vn -0.4635 -0.8459 0.2639
vn -0.3744 -0.8678 0.3266
vn -0.3897 -0.8564 0.3386
vn 0.5898 0.7176 -0.3705
vn 0.5448 0.7375 -0.3991
vn 0.5898 0.7101 -0.3845
vn 0.5607 0.7066 -0.4316
vn 0.5148 0.7851 -0.3444
vn 0.5392 0.7541 -0.3750
vn 0.4925 0.7812 -0.3836
vn 0.5232 0.7727 -0.3596
vn -0.2782 -0.8899 0.3613
vn -0.0767 -0.8768 0.4747
vn -0.2945 -0.6807 0.6707
vn -0.0936 -0.6381 0.7643
vn 0.4611 0.8014 -0.3810
vn 0.4596 0.8130 -0.3576
vn -0.3021 -0.6976 0.6497
vn -0.3615 -0.8617 0.3560
vn -0.4186 -0.7230 0.5496
vn -0.2035 -0.6058 0.7692
vn -0.6142 -0.3809 0.6912
vn -0.4339 -0.3142 0.8444
vn -0.6007 -0.2334 0.7647
vn -0.3564 -0.5303 0.7693
vn -0.5614 -0.4703 0.6809
vn -0.5677 -0.4927 0.6595
vn 0.4801 0.8633 0.1556
vn 0.3819 0.9127 0.1453
vn 0.3968 0.8364 -0.3782
vn 0.4801 0.8267 -0.2933
vn -0.6071 -0.2918 0.7391
vn -0.6132 -0.3368 0.7145
vn -0.5746 -0.6265 0.5266
vn -0.4686 -0.8054 -0.3631
vn -0.5045 -0.8517 0.1419
vn -0.3318 -0.8737 -0.3558
vn -0.2358 -0.9532 0.1890
vn -0.5411 -0.7839 -0.3044
vn -0.6002 -0.7738 0.2023
vn 0.3710 0.5207 -0.7689
vn 0.2826 0.5962 -0.7515
vn -0.1517 -0.9470 -0.2833
vn 0.0491 -0.9544 0.2945
vn -0.3177 -0.3744 0.8711
vn -0.4432 -0.3774 0.8131
vn -0.4750 -0.7563 0.4498
vn -0.2530 -0.4757 0.8424
vn 0.0033 -0.1507 0.9886
vn 0.1486 -0.5438 0.8259
vn 0.3348 -0.1831 0.9243
vn -0.4918 -0.8581 -0.1478
vn -0.1896 -0.8589 0.4757
vn -0.3011 -0.9175 0.2599
vn -0.3067 -0.9109 0.2761
vn -0.3507 -0.9062 0.2363
vn -0.2163 -0.8899 0.4015
vn -0.3510 -0.8729 0.3389
vn 0.4128 -0.4573 0.7877
vn 0.4211 -0.3255 0.8466
vn -0.3430 -0.8976 0.2768
vn -0.2845 -0.8213 0.4944
vn -0.2942 -0.8355 0.4641
vn -0.1029 -0.8083 0.5797
vn -0.3950 -0.8658 0.3071
vn 0.1108 -0.6895 0.7158
vn 0.1348 -0.5286 0.8381
vn -0.2861 -0.9292 0.2338
vn -0.0868 -0.4693 0.8788
vn 0.5077 0.8609 -0.0327
vn 0.5210 0.8182 -0.2431
vn 0.4816 0.8762 -0.0157
vn 0.5168 0.7905 -0.3286
vn 0.4980 0.8504 -0.1698
vn 0.5414 0.7594 -0.3609
vn -0.5966 -0.6066 0.5255
vn -0.5662 -0.3503 0.7461
vn -0.7461 -0.3250 0.5812
vn -0.5755 -0.4466 0.6851
vn -0.4315 -0.5856 0.6862
vn -0.5069 -0.5924 0.6262
vn -0.5985 -0.4661 0.6516
vn -0.7832 -0.3213 0.5324
vn 0.0280 -0.9994 -0.0213
vn -0.3876 -0.9198 0.0613
vn -0.0659 -0.9965 -0.0505
vn -0.7528 -0.5892 0.2934
vn -0.2498 -0.9338 0.2561
vn -0.3438 -0.9238 0.1684
vn -0.3024 -0.8840 0.3566
vn -0.5969 -0.6719 0.4385
vn -0.0820 -0.9931 0.0838
vn -0.1184 -0.9914 -0.0555
vn 0.0403 -0.9932 0.1089
vn -0.1610 -0.8893 0.4281
vn -0.6665 -0.5325 0.5217
vn -0.8590 -0.3230 0.3972
vn 0.2370 0.9652 -0.1107
vn 0.3022 0.9477 0.1028
vn 0.6306 0.6702 -0.3914
vn 0.6769 0.6998 -0.2283
vn 0.1696 0.9800 0.1044
vn 0.0557 0.9984 0.0079
vn 0.7966 0.2800 -0.5358
vn 0.8415 0.2443 -0.4819
vn 0.4543 0.8491 -0.2694
vn 0.4890 0.7867 -0.3769
vn 0.5055 0.8074 -0.3042
vn 0.4699 0.8378 -0.2781
vn 0.5250 0.7417 -0.4175
vn 0.5668 0.7739 -0.2825
vn 0.4638 0.8587 -0.2182
vn 0.4296 0.8952 -0.1188
vn 0.4617 0.8318 -0.3081
vn 0.3926 0.9044 -0.1671
vn 0.1749 0.9732 0.1492
vn 0.3860 0.9146 0.1203
vn 0.3308 0.9006 0.2820
vn 0.5093 0.8544 -0.1031
vn 0.3672 0.9299 -0.0223
vn 0.4766 0.8653 -0.1550
vn 0.5513 0.8087 -0.2052
vn 0.5233 0.8307 -0.1901
vn 0.4838 0.8547 -0.1881
vn 0.6014 0.7669 -0.2239
vn 0.5654 0.7882 -0.2429
vn 0.4375 0.8817 -0.1765
vn 0.2876 0.9573 -0.0295
vn 0.4326 0.4951 -0.7535
vn 0.3717 0.6627 -0.6501
vn 0.3932 0.5972 -0.6991
vn 0.4188 0.6100 -0.6726
vn 0.5539 0.8161 -0.1650
vn 0.5850 0.7754 -0.2378
vn 0.5417 0.5740 -0.6141
vn 0.5430 0.5425 -0.6409
vn 0.4586 0.5462 -0.7010
vn 0.4621 0.4599 -0.7583
vn 0.4608 0.5328 -0.7098
vn 0.4805 0.3307 -0.8122
vn 0.4452 0.2393 -0.8629
vn 0.3773 0.2983 -0.8767
vn 0.4559 0.4367 -0.7755
vn 0.3069 0.0860 -0.9479
vn 0.4375 0.0535 -0.8976
vn 0.4823 0.5553 -0.6775
vn -0.4383 -0.6372 0.6339
vn -0.4610 -0.6730 0.5783
vn -0.4566 -0.6310 0.6272
vn -0.4345 -0.6692 0.6028
vn 0.3535 0.3180 -0.8797
vn 0.3712 0.4879 -0.7901
vn 0.2381 0.2160 -0.9469
vn -0.4561 -0.6433 0.6149
vn -0.4866 -0.6322 0.6029
vn -0.4370 -0.6852 0.5827
vn -0.5177 -0.6755 0.5251
vn -0.4321 -0.7070 0.5599
vn -0.4591 -0.7171 0.5244
vn -0.4147 -0.9042 0.1019
vn -0.4572 -0.8302 0.3188
vn -0.5266 -0.8482 0.0571
vn -0.5397 -0.7519 0.3786
vn -0.5154 -0.7930 0.3248
vn -0.5092 -0.6422 0.5730
vn -0.4402 -0.8975 0.0268
vn -0.4788 -0.6199 0.6217
vn -0.4717 -0.8199 0.3244
vn -0.5866 -0.7690 0.2542
vn -0.5180 -0.7894 0.3294
vn -0.6121 -0.7606 0.2164
vn -0.5311 -0.8161 0.2278
vn -0.5595 -0.8130 0.1611
vn -0.6435 -0.6870 0.3376
vn -0.5755 -0.7153 0.3964
vn -0.6433 -0.6957 0.3196
vn -0.3557 -0.7925 0.4954
vn -0.1837 -0.9678 0.1718
vn -0.5266 -0.7863 0.3231
vn -0.5235 -0.7881 0.3238
vn -0.5657 -0.7134 0.4136
vn -0.4298 -0.8883 0.1619
vn -0.5248 -0.8085 0.2663
vn -0.4908 -0.8600 0.1397
vn -0.5549 -0.7400 0.3802
vn -0.4942 -0.7430 0.4515
vn -0.5718 -0.7912 0.2168
vn -0.6429 -0.6821 0.3485
vn 0.3412 0.9345 0.1014
vn 0.4791 0.8351 -0.2705
vn 0.2781 0.9592 0.0502
vn 0.3450 0.8780 -0.3317
vn -0.5291 -0.7534 0.3905
vn 0.5243 0.4254 -0.7376
vn 0.4191 0.4470 -0.7903
vn 0.3721 0.8842 -0.2825
vn 0.4681 0.8357 -0.2872
vn 0.3016 0.3394 -0.8910
vn 0.4847 0.2846 -0.8271
vn 0.2930 0.3999 -0.8685
vn 0.3273 0.9062 -0.2677
vn 0.1911 0.9806 0.0446
vn 0.1980 0.9802 -0.0005
vn -0.5322 -0.7727 0.3459
vn -0.4117 -0.9037 -0.1173
vn -0.3998 -0.9155 -0.0446
vn -0.5425 -0.6621 0.5170
vn 0.3780 0.9214 0.0905
vn -0.2967 -0.8564 0.4225
vn -0.5763 -0.7499 0.3248
vn -0.4766 -0.8771 -0.0594
vn -0.1901 -0.9813 0.0290
vn -0.4278 -0.9026 -0.0474
vn -0.2850 -0.9201 -0.2687
vn -0.4480 -0.8777 -0.1704
vn -0.4202 -0.8947 -0.1513
vn -0.4283 -0.9015 -0.0616
vn -0.5667 -0.7092 0.4195
vn -0.2463 -0.9458 0.2117
vn -0.2181 -0.9315 0.2911
vn -0.5177 -0.6956 0.4981
vn -0.5548 -0.7452 0.3699
vn -0.5291 -0.6650 0.5271
vn -0.2672 -0.9202 0.2859
vn -0.1033 -0.9866 -0.1263
vn -0.5294 -0.7852 0.3211
vn -0.2619 -0.9544 0.1431
vn -0.6132 -0.5857 0.5301
vn -0.6637 -0.5862 0.4647
vn -0.6132 -0.6359 0.4686
vn -0.6410 -0.6660 0.3816
vn -0.6289 -0.6826 0.3723
vn -0.3717 -0.8904 0.2629
vn 0.6868 0.5619 -0.4610
vn 0.6693 0.5173 -0.5333
vn 0.7019 0.4818 -0.5245
vn 0.6432 0.5860 -0.4929
vn 0.6599 0.4198 -0.6231
vn 0.5812 0.6886 -0.4337
vn 0.6266 0.7084 -0.3250
vn -0.5922 -0.6846 0.4249
vn 0.6152 0.6836 -0.3927
vn 0.6076 0.6997 -0.3758
vn 0.6528 0.5243 -0.5468
vn 0.6645 0.5257 -0.5311
vn 0.6922 0.3776 -0.6151
vn 0.6820 0.3452 -0.6448
vn 0.6897 0.5253 -0.4984
vn 0.6692 0.1237 -0.7327
vn 0.6886 0.0858 -0.7201
vn 0.6458 0.6885 -0.3301
vn 0.5478 0.7728 -0.3205
vn 0.4692 0.8747 -0.1216
vn 0.5825 0.7831 -0.2180
vn 0.3708 0.9287 0.0005
vn 0.4529 0.8586 -0.2403
vn 0.3715 0.9209 -0.1183
vn 0.3372 0.9372 0.0893
vn 0.4701 0.8820 -0.0337
vn 0.5880 0.7926 -0.1612
vn 0.7072 0.3774 -0.5979
vn 0.7473 0.1195 -0.6536
vn 0.4280 0.8983 -0.0991
vn 0.5754 0.7970 -0.1834
vn 0.3176 0.9470 -0.0475
vn 0.1474 0.9801 -0.1326
vn 0.3003 0.9165 -0.2643
vn 0.2649 0.9641 -0.0185
vn 0.4309 0.8266 -0.3619
vn 0.5070 0.7519 -0.4214
vn -0.6263 -0.6439 0.4396
vn -0.5263 -0.7754 0.3488
vn -0.5857 -0.7138 0.3840
vn -0.4515 -0.8318 0.3230
vn -0.6878 -0.4447 0.5737
vn -0.5732 -0.7621 0.3009
vn -0.4738 -0.8447 0.2490
vn -0.5784 -0.7468 0.3282
vn -0.4361 -0.8740 0.2142
vn -0.4775 -0.8490 0.2261
vn -0.4635 -0.8511 0.2465
vn -0.8379 -0.3111 0.4486
vn -0.6724 -0.6153 0.4115
vn -0.6840 -0.6089 0.4017
vn -0.4697 -0.8371 0.2806
vn -0.4852 -0.8223 0.2973
vn -0.5374 -0.7852 0.3078
vn -0.4593 -0.8362 0.2997
vn -0.5476 -0.7752 0.3148
vn -0.4726 -0.8469 0.2436
vn -0.5704 -0.7726 0.2788
vn -0.5380 -0.7365 0.4100
vn -0.3907 -0.6007 0.6975
vn -0.5172 -0.6716 0.5305
vn -0.4367 -0.7343 0.5197
vn -0.6422 -0.5810 0.5000
vn -0.3292 -0.7006 0.6331
vn -0.5428 -0.6663 0.5113
vn -0.4862 -0.7912 0.3708
vn -0.2212 -0.8336 0.5061
vn -0.4412 -0.6411 0.6280
vn -0.4607 -0.7972 0.3901
vn -0.2170 -0.9307 0.2944
vn -0.4636 -0.8199 0.3358
vn -0.6772 -0.5695 0.4660
vn -0.6675 -0.6156 0.4190
vn 0.7982 0.4889 -0.3518
vn 0.9530 0.1460 -0.2656
vn 0.9182 0.2528 -0.3049
vn 0.8646 0.3968 -0.3082
vn 0.9111 0.2681 -0.3131
vn 0.9420 0.1473 -0.3016
vn -0.2620 -0.9347 0.2401
vn -0.5343 -0.7603 0.3694
vn -0.4526 -0.8610 0.2320
vn 0.7907 0.4940 -0.3615
vn 0.8820 0.2985 -0.3648
vn 0.8994 0.2529 -0.3566
vn 0.7725 0.5021 -0.3887
vn 0.9259 0.1322 -0.3539
vn 0.9285 0.0571 -0.3668
vn 0.6785 0.6394 -0.3617
vn 0.5335 0.6839 -0.4976
vn -0.0995 0.8894 -0.4462
vn 0.0206 0.8686 -0.4951
vn 0.2721 0.8489 -0.4531
vn 0.6581 0.6375 -0.4006
vn 0.8400 0.3645 -0.4019
vn 0.8070 0.4839 -0.3384
vn 0.9337 0.1536 -0.3235
vn 0.9543 -0.0398 -0.2962
vn -0.9196 0.1404 0.3670
vn -0.8230 -0.0496 0.5658
vn -0.7764 0.2585 0.5749
vn -0.8381 -0.1710 0.5180
vn -0.9015 -0.1901 0.3887
vn -0.8992 -0.2697 0.3446
vn -0.8506 -0.1102 0.5141
vn -0.8474 0.0947 0.5225
vn -0.9473 -0.2404 0.2119
vn -0.9213 -0.2952 0.2529
vn -0.9934 0.0541 0.1011
vn -0.6439 -0.6186 0.4503
vn -0.9130 -0.1733 0.3693
vn -0.6864 -0.3958 0.6100
vn -0.7564 -0.3260 0.5671
vn -0.8361 -0.4110 0.3633
vn -0.9310 0.1844 0.3150
vn 0.7444 0.6067 -0.2790
vn 0.7760 0.5143 -0.3652
vn 0.7060 0.6030 -0.3715
vn 0.7419 0.6184 -0.2593
vn 0.7864 0.5327 -0.3128
vn 0.7472 0.5816 -0.3216
vn -0.8251 -0.4998 0.2633
vn 0.6816 0.6582 -0.3196
vn 0.6962 0.6162 -0.3683
vn 0.5872 0.6731 -0.4496
vn 0.6559 0.5997 -0.4585
vn 0.6361 0.6863 -0.3527
vn 0.6673 0.6955 -0.2664
vn 0.6892 0.6893 -0.2235
vn 0.7365 0.5224 -0.4297
vn -0.6836 -0.6002 0.4154
vn -0.6654 -0.6482 0.3703
vn -0.6598 -0.6597 0.3598
vn -0.6525 -0.6757 0.3429
vn -0.6596 -0.6095 0.4398
vn -0.6622 -0.6123 0.4320
vn 0.6629 0.7041 -0.2544
vn -0.6637 -0.6443 0.3800
vn -0.6931 -0.6055 0.3912
vn -0.5913 -0.7401 0.3203
vn -0.6177 -0.7146 0.3282
vn -0.6141 -0.7172 0.3295
vn -0.6318 -0.7038 0.3247
vn -0.6304 -0.6746 0.3841
vn -0.6248 -0.7011 0.3436
vn -0.6589 -0.6510 0.3770
vn 0.0447 0.8612 -0.5062
vn 0.2024 0.9792 -0.0123
vn 0.0639 0.8461 -0.5293
vn 0.2847 0.8467 0.4495
vn 0.1264 0.9917 -0.0237
vn 0.1715 0.9032 0.3935
vn 0.1890 0.9818 0.0171
vn 0.1427 0.8901 0.4329
vn 0.1714 0.8615 -0.4780
vn -0.0677 0.5657 -0.8218
vn -0.0385 0.5895 -0.8068
vn 0.1140 0.6554 -0.7467
vn 0.1353 0.7525 0.6445
vn 0.3530 0.8923 0.2815
vn 0.2239 0.8308 0.5096
vn 0.1243 0.7282 0.6740
vn 0.3964 0.8804 -0.2602
vn 0.4383 0.8371 -0.3274
vn 0.4732 0.8359 -0.2782
vn 0.4406 0.8723 -0.2120
vn 0.3548 0.7228 0.5931
vn 0.4180 0.9068 0.0543
vn 0.4630 0.8812 0.0954
vn 0.4604 0.8551 -0.2385
vn 0.3037 0.6726 0.6748
vn 0.4769 0.8785 -0.0296
vn 0.4919 0.8313 -0.2587
vn 0.2896 0.9520 0.0992
vn 0.2011 0.9564 0.2118
vn 0.1745 0.9499 0.2591
vn 0.1003 0.9424 0.3192
vn 0.7889 0.2036 -0.5798
vn 0.6503 0.6343 -0.4180
vn 0.6809 0.1996 -0.7046
vn 0.6938 0.6735 -0.2550
vn -0.0569 0.9909 0.1217
vn 0.1339 0.9493 -0.2845
vn 0.3628 0.9292 0.0711
vn 0.2352 0.9526 -0.1929
vn 0.5356 0.5837 -0.6102
vn 0.0998 0.9934 0.0558
vn 0.3650 0.9120 0.1872
vn 0.6017 0.2176 -0.7685
vn -0.5217 0.7424 0.4203
vn -0.1232 0.9829 0.1369
vn -0.1902 0.9684 -0.1612
vn -0.6971 0.6993 0.1579
vn -0.8182 0.5523 -0.1594
vn -0.3456 0.8501 -0.3973
vn 0.1503 0.8495 -0.5057
vn 0.2738 0.8810 -0.3858
vn 0.6741 0.5418 -0.5021
vn 0.6080 0.5805 -0.5416
vn 0.3771 0.9144 -0.1470
vn 0.7848 0.5617 -0.2617
vn 0.9341 0.1718 -0.3131
vn 0.8611 0.2325 -0.4522
vn 0.8553 0.2979 -0.4239
vn -0.4552 -0.5068 0.7321
vn -0.1736 -0.3727 0.9116
vn -0.0356 -0.6630 0.7477
vn -0.4076 -0.6880 0.6004
vn -0.3983 -0.7895 0.4669
vn -0.2823 -0.8261 0.4877
vn -0.2021 -0.8488 0.4886
vn -0.3833 -0.7906 0.4775
vn -0.9214 -0.1288 0.3667
vn -0.7220 -0.5012 0.4770
vn -0.7288 -0.4995 0.4683
vn -0.9013 -0.1108 0.4187
vn -0.9434 0.2326 0.2363
vn -0.9269 0.2602 0.2705
vn -0.7545 0.6554 0.0333
vn -0.7679 0.6400 0.0278
vn -0.4703 0.8640 -0.1798
vn -0.1704 0.9409 -0.2926
vn -0.4497 0.8805 -0.1500
vn -0.0997 0.9707 -0.2185
vn 0.7407 0.5186 -0.4271
vn 0.2831 0.8585 -0.4276
vn 0.3157 0.8898 -0.3295
vn 0.7115 0.4879 -0.5057
vn 0.9135 0.1375 -0.3830
vn 0.8730 0.1396 -0.4673
vn 0.8906 0.1821 -0.4167
vn 0.8851 0.1168 -0.4505
vn 0.6681 0.5545 -0.4961
vn 0.8370 0.4971 0.2285
vn 0.7077 0.4810 -0.5175
vn 0.9105 0.4102 0.0513
vn 0.7749 0.3708 -0.5119
vn 0.8582 0.3799 -0.3451
vn 0.2591 -0.0449 0.9648
vn 0.5727 -0.1578 0.8044
vn -0.4022 -0.7381 0.5416
vn -0.0583 -0.8585 0.5095
vn -0.0021 -0.8606 0.5093
vn -0.4071 -0.7565 0.5119
vn 0.2798 -0.7549 0.5931
vn 0.4133 -0.7903 0.4524
vn -0.7383 -0.4700 0.4837
vn -0.9136 -0.1209 0.3881
vn -0.7200 -0.4697 0.5108
vn -0.8903 -0.1246 0.4380
vn -0.9235 0.2761 0.2663
vn -0.7344 0.6717 0.0976
vn -0.8974 0.2988 0.3247
vn -0.7024 0.6872 0.1855
vn -0.3870 0.9194 -0.0700
vn -0.3596 0.9314 0.0568
vn -0.0241 0.9897 -0.1408
vn 0.7716 0.6265 -0.1105
vn 0.3451 0.9242 -0.1636
vn 0.4663 0.8776 -0.1110
vn 0.7515 0.6194 -0.2272
vn 0.0702 0.9960 -0.0561
vn -0.6037 -0.4920 0.6273
vn -0.3828 -0.3328 0.8618
vn -0.2779 -0.7154 0.6410
vn -0.0392 -0.4998 0.8652
vn -0.6242 -0.1252 0.7712
vn -0.8118 -0.1497 0.5644
vn -0.8247 0.2657 0.4992
vn -0.5016 0.5345 0.6802
vn -0.5745 0.1845 0.7974
vn -0.6332 0.6582 0.4071
vn 0.9899 -0.1392 -0.0280
vn 0.9534 0.2078 -0.2187
vn 0.9723 0.2136 -0.0948
vn 0.9850 0.1162 -0.1275
vn -0.2746 0.8942 0.3535
vn 0.2643 0.6283 0.7317
vn -0.1401 0.6418 0.7540
vn 0.1749 0.9437 0.2807
vn -0.2110 0.1122 0.9710
vn 0.2115 0.0382 0.9766
vn 0.6923 -0.5309 0.4887
vn 0.5555 -0.0665 0.8289
vn 0.3511 -0.5542 0.7547
vn 0.6187 0.4934 0.6114
vn 0.7801 -0.1639 0.6039
vn 0.8751 0.2646 0.4052
vn 0.5858 0.8010 0.1239
vn 0.8448 0.5346 0.0244
vn 0.9202 -0.2831 0.2703
vn 0.7002 -0.3556 0.6191
vn 0.9460 0.0258 0.3232
vn 0.7856 -0.5141 0.3443
vn 0.5171 -0.7419 0.4268
vn 0.1480 -0.8097 0.5678
vn 0.9683 -0.2135 0.1298
vn 0.9592 -0.2506 0.1307
vn 0.9141 -0.3983 0.0763
vn 0.9810 -0.1939 -0.0026
vn 0.8531 -0.4859 0.1900
vn 0.8839 -0.3917 0.2554
vn 0.7562 -0.5621 0.3351
vn 0.8624 -0.2905 0.4146
vn 0.9812 -0.0043 0.1931
vn 0.9836 0.1794 -0.0168
vn -0.6337 -0.5862 0.5049
vn -0.1704 -0.6805 0.7126
vn -0.4609 -0.6653 0.5873
vn -0.4206 -0.5986 0.6817
vn -0.2883 -0.5932 0.7517
vn -0.7213 -0.4005 0.5651
vn -0.6999 -0.6020 0.3844
vn -0.4881 -0.6951 0.5278
vn -0.4673 -0.7747 0.4261
vn -0.6629 -0.6934 0.2824
vn -0.2011 -0.6355 0.7455
vn -0.3559 -0.7134 0.6036
vn -0.3093 -0.6818 0.6630
vn -0.2598 -0.7990 0.5424
vn -0.2409 -0.6476 0.7229
vn -0.0358 -0.7541 0.6557
vn -0.0990 -0.5039 0.8581
vn 0.2194 -0.1012 0.9704
vn -0.0404 -0.5204 0.8530
vn 0.3585 -0.0790 0.9302
vn 0.2548 -0.6504 0.7156
vn 0.1901 -0.9124 0.3624
vn 0.0212 -0.9130 0.4074
vn 0.1952 -0.9083 0.3699
vn -0.0717 -0.9088 0.4109
vn 0.1551 -0.8931 0.4222
vn 0.1727 -0.9113 0.3738
vn 0.3086 -0.8459 0.4349
vn 0.1484 -0.9061 0.3962
vn 0.4516 -0.7815 0.4305
vn 0.1300 -0.8983 0.4197
vn -0.2213 -0.8822 0.4156
vn -0.3422 -0.8418 0.4174
vn -0.2693 -0.8723 0.4082
vn -0.3196 -0.8539 0.4108
vn -0.3096 -0.8683 0.3875
vn -0.3098 -0.8703 0.3829
vn -0.3279 -0.8759 0.3540
vn -0.3107 -0.8887 0.3371
vn -0.3204 -0.8926 0.3172
vn -0.3213 -0.8992 0.2970
vn -0.4540 -0.8024 0.3872
vn -0.5445 -0.7613 0.3521
vn -0.3997 -0.8400 0.3670
vn -0.5011 -0.8015 0.3264
vn -0.3715 -0.8588 0.3527
vn -0.4823 -0.8117 0.3294
vn -0.3755 -0.8660 0.3302
vn -0.4808 -0.8130 0.3285
vn -0.3998 -0.8629 0.3091
vn -0.4923 -0.8085 0.3225
vn -0.3951 -0.8640 0.3122
vn -0.3823 -0.8911 0.2443
vn -0.4193 -0.8716 0.2539
vn -0.3622 -0.8792 0.3094
vn -0.3231 -0.8938 0.3109
vn -0.3346 -0.9110 0.2411
vn -0.4596 -0.8542 0.2432
vn -0.3832 -0.8704 0.3092
vn -0.4553 -0.8265 0.3310
vn -0.3373 -0.9208 0.1960
vn -0.4050 -0.8877 0.2188
vn -0.2977 -0.9137 0.2768
vn -0.3969 -0.7848 0.4761
vn -0.4011 -0.8923 0.2072
vn -0.4423 -0.8687 0.2231
vn -0.3448 -0.9185 0.1935
vn -0.5011 -0.8227 0.2686
vn -0.5295 -0.7811 0.3310
vn -0.5018 -0.7970 0.3361
vn -0.5329 -0.7961 0.2868
vn -0.0918 -0.9849 0.1468
vn -0.1669 -0.9576 0.2350
vn -0.2466 -0.9534 0.1739
vn 0.0724 -0.9831 0.1681
vn 0.4835 -0.8752 0.0152
vn 0.3756 -0.9235 0.0774
vn 0.1920 -0.9770 0.0925
vn 0.5800 -0.8146 0.0008
vn -0.1565 -0.9715 0.1778
vn -0.2729 -0.9439 0.1860
vn -0.1793 -0.9534 0.2426
vn -0.2766 -0.9296 0.2435
vn -0.2752 -0.9074 0.3175
vn -0.1956 -0.9257 0.3238
vn 0.8422 -0.5192 -0.1452
vn 0.6368 -0.7703 -0.0331
vn 0.8353 -0.5304 -0.1445
vn 0.6951 -0.7165 -0.0578
vn 0.4019 -0.9146 0.0449
vn 0.0871 -0.9868 0.1365
vn 0.0437 -0.9796 0.1959
vn 0.3645 -0.9295 0.0556
vn 0.0335 -0.9638 0.2644
vn 0.3893 -0.9187 0.0668
vn 0.5923 -0.8046 -0.0422
vn 0.8042 -0.5598 -0.1998
vn 0.5778 -0.8111 -0.0912
vn 0.7664 -0.5901 -0.2538
vn 0.5997 -0.7901 -0.1272
vn 0.7546 -0.5976 -0.2710
vn 0.8826 0.2568 -0.3939
vn 0.2034 0.9142 -0.3505
vn 0.8787 0.3311 -0.3439
vn 0.2651 0.9335 -0.2415
vn 0.8884 0.2490 -0.3856
vn 0.3929 0.8852 -0.2492
vn 0.9044 0.0843 -0.4182
vn 0.5548 0.7761 -0.3000
vn 0.9182 -0.0876 -0.3864
vn 0.7054 0.6256 -0.3332
vn 0.5356 0.8133 -0.2274
vn 0.3690 0.9197 -0.1343
vn 0.5264 0.8351 -0.1598
vn 0.3675 0.9037 -0.2196
vn 0.1771 0.9579 -0.2259
vn 0.2223 0.9672 -0.1227
vn 0.0048 0.9702 -0.2424
vn 0.1017 0.9845 -0.1426
vn 0.1833 0.9753 -0.1235
vn 0.2384 0.9648 -0.1110
vn 0.2519 0.9538 -0.1638
vn 0.2346 0.9594 -0.1568
vn 0.3085 0.9211 -0.2376
vn 0.2177 0.9441 -0.2475
vn 0.6678 0.7042 -0.2412
vn 0.6518 0.7139 -0.2560
vn 0.6359 0.7479 -0.1904
vn 0.6932 0.6586 -0.2928
vn 0.3602 0.9211 -0.1479
vn 0.5154 0.8347 -0.1939
vn 0.3464 0.9105 -0.2257
vn 0.5014 0.8199 -0.2764
vn 0.3315 0.8845 -0.3283
vn 0.5167 0.7956 -0.3163
vn 0.6428 0.7219 -0.2563
vn 0.6133 0.7576 -0.2235
vn 0.6395 0.7269 -0.2504
vn 0.6090 0.7473 -0.2658
vn 0.6510 0.7206 -0.2386
vn 0.6592 0.7381 -0.1438
vn 0.5482 0.7517 -0.3668
vn 0.6535 0.6784 -0.3357
vn 0.6187 0.7313 -0.2871
vn 0.5292 0.7915 -0.3057
vn 0.5744 0.7868 -0.2256
vn 0.6209 0.7405 -0.2572
vn 0.6530 0.7188 -0.2387
vn 0.6297 0.7587 -0.1669
vn 0.3790 0.8709 -0.3129
vn 0.4244 0.8190 -0.3862
vn 0.4222 0.8550 -0.3013
vn 0.3838 0.8238 -0.4172
vn 0.6996 0.6926 -0.1758
vn 0.7066 0.7029 -0.0821
vn 0.5550 0.7370 -0.3857
vn 0.1218 0.8724 -0.4734
vn 0.6870 0.6524 -0.3199
vn 0.4721 0.7639 -0.4399
vn 0.0329 0.8807 -0.4726
vn 0.3190 0.9141 -0.2504
vn 0.2500 0.8939 0.3720
vn 0.3131 0.9062 0.2843
vn 0.2546 0.8556 -0.4507
vn 0.3962 0.8427 -0.3647
vn 0.2391 0.8647 -0.4418
vn 0.4862 0.8089 -0.3306
vn 0.2918 0.8505 -0.4376
vn 0.3651 0.8055 -0.4668
vn -0.0248 0.8849 -0.4651
vn -0.0139 0.8686 -0.4952
vn 0.5731 0.7521 -0.3253
vn 0.4079 0.9078 0.0975
vn 0.5189 0.8428 -0.1432
vn 0.3962 0.9155 0.0699
vn 0.3488 0.8443 0.4069
vn 0.3377 0.7362 0.5865
vn 0.2743 0.8108 0.5171
vn 0.4275 0.7810 -0.4553
vn -0.0010 0.8985 -0.4389
vn 0.6847 0.6414 -0.3460
vn 0.6416 0.6908 -0.3335
vn -0.4524 0.7973 -0.3995
vn -0.4396 0.7985 -0.4112
vn -0.4398 0.8101 -0.3876
vn -0.3667 0.9039 -0.2202
vn -0.3543 0.9177 -0.1796
vn -0.3646 0.8419 -0.3979
vn -0.3438 0.8614 -0.3739
vn -0.3310 0.9009 -0.2807
vn -0.3097 0.8727 -0.3775
vn -0.3223 0.8937 -0.3122
vn -0.1453 0.8802 -0.4517
vn -0.6673 0.6720 -0.3212
vn -0.7326 0.6457 -0.2155
vn -0.1713 0.9066 -0.3856
vn -0.7120 0.6783 -0.1816
vn -0.2272 0.9211 -0.3161
vn -0.2643 0.9048 -0.3338
vn -0.6588 0.7328 -0.1704
vn -0.8280 -0.4419 0.3451
vn -0.9926 -0.0803 0.0913
vn -0.9868 -0.0343 0.1581
vn -0.8314 -0.4712 0.2946
vn -0.2542 0.9033 -0.3456
vn -0.6022 0.7804 -0.1682
vn -0.0173 -0.5943 0.8041
vn -0.3013 -0.6219 0.7228
vn -0.1648 -0.3316 0.9289
vn 0.1429 -0.2318 0.9622
vn 0.0274 -0.6458 0.7630
vn -0.2266 -0.6592 0.7170
vn -0.7854 0.6023 0.1426
vn 0.6135 0.4650 0.6383
vn 0.3442 0.6282 0.6977
vn -0.7941 0.1723 0.5829
vn -0.0117 -0.6851 0.7283
vn -0.1970 -0.6588 0.7261
vn 0.3596 0.5063 0.7838
vn -0.5898 -0.2719 0.7604
vn 0.7285 0.5821 0.3612
vn -0.1112 0.4705 0.8753
vn -0.9137 -0.2551 0.3165
vn -0.9365 0.3274 0.1258
vn -0.9225 -0.1420 0.3589
vn -0.9718 0.2094 0.1082
vn -0.9879 -0.0732 0.1366
vn -0.9286 -0.3176 0.1917
vn -0.8736 -0.3770 0.3077
vn -0.9979 -0.0214 0.0610
vn -0.9866 0.0818 0.1415
vn -0.8607 -0.3631 0.3568
vn -0.9594 -0.1301 0.2501
vn -0.8422 -0.3844 0.3780
vn -0.8424 -0.3706 0.3912
vn -0.9419 -0.1473 0.3017
vn -0.9273 -0.1533 0.3415
vn -0.8243 -0.3111 0.4729
vn -0.9073 -0.2757 0.3174
vn -0.8135 -0.4208 0.4013
vn -0.9323 -0.2595 0.2518
vn -0.8416 -0.2807 0.4615
vn -0.8065 -0.4205 0.4157
vn -0.9638 -0.1627 0.2113
vn -0.9937 0.1026 0.0455
vn -0.9893 0.0581 0.1339
vn -0.9948 0.0777 0.0653
vn -0.9982 0.0587 0.0079
vn -0.9799 0.0448 0.1942
vn -0.9871 0.0558 0.1499
vn -0.9716 0.0363 0.2338
vn -0.6275 0.3521 0.6945
vn -0.9710 0.0120 0.2388
vn -0.9806 0.0313 0.1936
vn -0.9964 -0.0083 0.0846
vn -0.8487 -0.2165 0.4826
vn -0.8050 -0.4015 0.4367
vn -0.9912 -0.0721 0.1110
vn -0.9949 0.0665 0.0756
vn -0.9875 -0.0225 0.1561
vn -0.9731 -0.0855 0.2139
vn -0.9523 -0.1554 0.2628
vn -0.5772 -0.7482 0.3272
vn -0.5760 -0.7466 0.3329
vn -0.5612 -0.7675 0.3098
vn -0.5766 -0.7586 0.3033
vn -0.5473 -0.7759 0.3137
vn -0.5570 -0.7745 0.2998
vn -0.5314 -0.7850 0.3184
vn -0.5395 -0.7833 0.3089
vn -0.5613 -0.7727 0.2963
vn -0.5568 -0.7636 0.3271
vn -0.4031 -0.8353 0.3739
vn -0.4278 -0.7385 0.5212
vn -0.4278 -0.8360 0.3437
vn -0.4774 -0.8123 0.3350
vn -0.5234 -0.7884 0.3233
vn -0.4643 -0.7173 0.5194
vn -0.5247 -0.7868 0.3251
vn -0.5268 -0.7854 0.3249
vn -0.4286 -0.8455 0.3185
vn -0.4688 -0.8216 0.3243
vn -0.4530 -0.8496 0.2701
vn -0.4888 -0.8237 0.2874
vn -0.5065 -0.7983 0.3258
vn -0.5209 -0.7994 0.2994
vn 0.5752 0.7173 -0.3931
vn 0.6290 0.6919 -0.3546
vn 0.4700 0.7654 -0.4397
vn 0.5041 0.7731 -0.3850
vn -0.4770 -0.8438 0.2460
vn -0.5105 -0.8167 0.2691
vn -0.5401 -0.7914 0.2863
vn 0.4316 0.7858 -0.4430
vn 0.4318 0.8285 -0.3566
vn 0.6269 0.7513 -0.2064
vn 0.5150 0.8114 -0.2764
vn 0.4939 0.8439 -0.2094
vn 0.6422 0.7196 -0.2643
vn 0.5049 0.6970 0.5091
vn 0.6277 0.6027 0.4928
vn 0.4990 0.6803 0.5369
vn 0.5356 0.6908 0.4858
vn 0.5108 0.8561 -0.0784
vn 0.4568 0.8801 0.1294
vn 0.4345 0.9007 -0.0033
vn 0.6815 0.7227 0.1156
vn 0.6476 0.5299 0.5476
vn 0.5960 0.7820 -0.1824
vn 0.4471 0.8864 -0.1199
vn 0.4606 0.8552 -0.2378
vn 0.2663 0.9632 -0.0363
vn 0.3376 0.9339 -0.1175
vn 0.4261 0.9010 -0.0816
vn 0.5469 0.8298 -0.1115
vn 0.4985 0.8594 -0.1137
vn 0.3966 0.8947 -0.2056
vn 0.4016 0.9004 -0.1670
vn 0.4876 0.8525 -0.1883
vn -0.4098 0.4326 -0.8031
vn -0.4805 -0.8140 0.3266
vn -0.7285 0.4495 0.5170
vn 0.5943 0.8032 0.0400
vn 0.9976 0.0636 0.0272
vn 0.0906 0.8193 0.5661
vn 0.6721 -0.2111 0.7097
vn 0.0187 0.5221 0.8527
vn 0.7082 0.6245 -0.3292
vt 0.000000 0.000000
s 1
usemtl _17174_Tiamat_v1default
f 1/1/1 3/1/2 4/1/3
f 5/1/4 2/1/5 6/1/6
f 7/1/7 3/1/2 5/1/4
f 4/1/3 8/1/8 9/1/9
f 10/1/10 12/1/11 13/1/12
f 5/1/4 11/1/13 7/1/7
f 6/1/6 12/1/11 5/1/4
f 13/1/12 14/1/14 15/1/15
f 16/1/16 18/1/17 19/1/18
f 18/1/17 17/1/19 20/1/20
f 15/1/15 18/1/17 21/1/21
f 19/1/18 14/1/14 6/1/6
f 22/1/22 24/1/23 25/1/24
f 16/1/16 23/1/25 22/1/22
f 6/1/6 23/1/25 19/1/18
f 24/1/23 2/1/5 1/1/1
f 26/1/26 28/1/27 29/1/28
f 30/1/29 27/1/30 31/1/31
f 32/1/32 28/1/27 30/1/29
f 29/1/28 33/1/33 34/1/34
f 25/1/24 36/1/35 22/1/22
f 30/1/29 35/1/36 32/1/32
f 31/1/31 36/1/35 30/1/29
f 22/1/22 37/1/37 16/1/16
f 38/1/38 39/1/39 40/1/40
f 38/1/38 41/1/41 42/1/42
f 43/1/43 38/1/38 45/1/44
f 44/1/45 46/1/46 39/1/39
f 47/1/47 49/1/48 50/1/49
f 51/1/50 48/1/51 52/1/52
f 53/1/53 49/1/48 51/1/50
f 54/1/54 55/1/55 50/1/49
f 56/1/56 58/1/57 59/1/58
f 60/1/59 57/1/60 61/1/61
f 45/1/44 60/1/59 43/1/43
f 59/1/58 45/1/44 42/1/42
f 59/1/58 63/1/62 56/1/56
f 42/1/42 62/1/63 59/1/58
f 56/1/56 65/1/64 66/1/65
f 67/1/66 69/1/67 70/1/68
f 40/1/40 39/1/39 69/1/67
f 71/1/69 39/1/39 46/1/46
f 70/1/68 71/1/69 72/1/70
f 67/1/66 74/1/71 68/1/72
f 75/1/73 40/1/40 68/1/72
f 40/1/40 76/1/74 41/1/41
f 41/1/41 64/1/75 42/1/42
f 77/1/76 79/1/77 80/1/78
f 81/1/79 78/1/80 82/1/81
f 83/1/82 79/1/77 81/1/79
f 80/1/78 84/1/83 85/1/84
f 86/1/85 88/1/86 89/1/87
f 90/1/88 87/1/89 91/1/90
f 90/1/88 92/1/91 88/1/86
f 92/1/91 89/1/87 88/1/86
f 94/1/92 96/1/93 97/1/94
f 92/1/91 95/1/95 93/1/96
f 85/1/84 96/1/93 92/1/91
f 97/1/94 84/1/83 83/1/82
f 98/1/97 100/1/98 101/1/99
f 81/1/79 99/1/100 83/1/82
f 82/1/81 100/1/98 81/1/79
f 101/1/99 102/1/101 103/1/102
f 104/1/103 106/1/104 107/1/105
f 108/1/106 105/1/107 109/1/108
f 110/1/109 106/1/104 108/1/106
f 107/1/105 111/1/110 112/1/111
f 20/1/20 114/1/112 21/1/21
f 115/1/113 113/1/114 116/1/115
f 117/1/116 114/1/112 115/1/113
f 21/1/21 118/1/117 15/1/15
f 119/1/118 121/1/119 122/1/120
f 120/1/121 123/1/122 124/1/123
f 117/1/116 121/1/119 124/1/123
f 122/1/120 115/1/113 116/1/115
f 118/1/117 125/1/124 126/1/125
f 127/1/126 125/1/124 128/1/127
f 10/1/10 126/1/125 127/1/126
f 118/1/117 13/1/12 15/1/15
f 129/1/128 124/1/123 123/1/122
f 130/1/129 131/1/130 132/1/131
f 128/1/127 129/1/128 130/1/129
f 125/1/124 124/1/123 129/1/128
f 16/1/16 133/1/132 17/1/19
f 134/1/133 37/1/37 31/1/31
f 135/1/134 133/1/132 134/1/133
f 136/1/135 20/1/20 17/1/19
f 20/1/20 137/1/136 113/1/114
f 138/1/137 136/1/135 135/1/134
f 139/1/138 137/1/136 138/1/137
f 113/1/114 140/1/139 116/1/115
f 141/1/140 122/1/120 116/1/115
f 142/1/141 140/1/139 139/1/138
f 143/1/142 141/1/140 142/1/141
f 144/1/143 119/1/118 122/1/120
f 31/1/31 145/1/144 134/1/133
f 146/1/145 27/1/30 26/1/26
f 147/1/146 145/1/144 146/1/145
f 134/1/133 148/1/147 135/1/134
f 149/1/148 151/1/149 152/1/150
f 153/1/151 150/1/152 154/1/153
f 155/1/154 151/1/149 153/1/151
f 152/1/150 156/1/155 157/1/156
f 158/1/157 159/1/158 160/1/159
f 153/1/151 160/1/159 155/1/154
f 153/1/151 162/1/160 161/1/161
f 163/1/162 161/1/161 162/1/160
f 164/1/163 165/1/164 166/1/165
f 167/1/166 168/1/167 169/1/168
f 170/1/169 164/1/163 167/1/166
f 165/1/164 171/1/170 149/1/148
f 172/1/171 95/1/95 94/1/92
f 172/1/171 174/1/172 175/1/173
f 173/1/174 175/1/173 176/1/175
f 95/1/95 177/1/176 93/1/96
f 178/1/177 180/1/178 181/1/179
f 182/1/180 179/1/181 183/1/182
f 184/1/183 182/1/180 185/1/184
f 186/1/185 180/1/178 184/1/183
f 183/1/182 188/1/186 182/1/180
f 189/1/187 187/1/188 190/1/189
f 191/1/190 188/1/186 189/1/187
f 182/1/180 192/1/191 185/1/184
f 193/1/192 195/1/193 196/1/194
f 197/1/195 194/1/196 198/1/197
f 199/1/198 195/1/193 197/1/195
f 196/1/194 200/1/199 201/1/200
f 202/1/201 204/1/202 205/1/203
f 196/1/194 203/1/204 193/1/192
f 201/1/200 204/1/202 196/1/194
f 205/1/203 206/1/205 207/1/206
f 208/1/207 210/1/208 211/1/209
f 212/1/210 211/1/209 210/1/208
f 205/1/203 213/1/211 202/1/201
f 205/1/203 208/1/207 211/1/209
f 174/1/172 215/1/212 175/1/173
f 216/1/213 214/1/214 217/1/215
f 218/1/216 215/1/212 216/1/213
f 219/1/217 176/1/175 175/1/173
f 220/1/218 222/1/219 223/1/220
f 216/1/213 221/1/221 218/1/216
f 217/1/215 222/1/219 216/1/213
f 223/1/220 224/1/222 225/1/223
f 226/1/224 228/1/225 229/1/226
f 230/1/227 227/1/228 231/1/229
f 109/1/108 228/1/225 230/1/227
f 229/1/226 105/1/107 104/1/103
f 231/1/229 233/1/230 230/1/227
f 234/1/231 232/1/232 235/1/233
f 236/1/234 233/1/230 234/1/231
f 230/1/227 237/1/235 109/1/108
f 235/1/233 239/1/236 234/1/231
f 240/1/237 238/1/238 241/1/239
f 242/1/240 239/1/236 240/1/237
f 234/1/231 243/1/241 236/1/234
f 241/1/239 245/1/242 240/1/237
f 246/1/243 244/1/244 247/1/245
f 248/1/246 245/1/242 246/1/243
f 240/1/237 249/1/247 242/1/240
f 250/1/248 251/1/249 252/1/250
f 253/1/251 254/1/252 250/1/248
f 255/1/253 254/1/252 256/1/254
f 255/1/253 257/1/255 251/1/249
f 258/1/256 260/1/257 261/1/258
f 262/1/259 259/1/260 263/1/261
f 264/1/262 260/1/257 262/1/259
f 261/1/258 265/1/263 266/1/264
f 267/1/265 269/1/266 270/1/267
f 271/1/268 268/1/269 272/1/270
f 273/1/271 269/1/266 271/1/268
f 270/1/267 274/1/272 275/1/273
f 276/1/274 278/1/275 279/1/276
f 280/1/277 277/1/278 281/1/279
f 282/1/280 278/1/275 280/1/277
f 279/1/276 283/1/281 284/1/282
f 285/1/283 287/1/284 288/1/285
f 289/1/286 286/1/287 290/1/288
f 272/1/270 287/1/284 289/1/286
f 288/1/285 268/1/269 267/1/265
f 291/1/289 293/1/290 294/1/291
f 295/1/292 292/1/293 296/1/294
f 297/1/295 295/1/292 298/1/296
f 294/1/291 297/1/295 163/1/162
f 190/1/189 300/1/297 189/1/187
f 301/1/298 299/1/299 302/1/300
f 303/1/301 301/1/298 304/1/302
f 189/1/187 303/1/301 191/1/190
f 305/1/303 307/1/304 308/1/305
f 309/1/306 306/1/307 310/1/308
f 307/1/304 309/1/306 220/1/218
f 223/1/220 225/1/223 308/1/305
f 311/1/309 313/1/310 314/1/311
f 270/1/267 312/1/312 267/1/265
f 275/1/273 313/1/310 270/1/267
f 314/1/311 315/1/313 316/1/314
f 317/1/315 319/1/316 320/1/317
f 321/1/318 318/1/319 322/1/320
f 132/1/131 319/1/316 321/1/318
f 320/1/317 131/1/130 123/1/122
f 231/1/229 323/1/321 324/1/322
f 325/1/323 227/1/228 226/1/224
f 322/1/320 323/1/321 325/1/323
f 324/1/322 318/1/319 317/1/315
f 326/1/324 328/1/325 329/1/326
f 320/1/317 327/1/327 317/1/315
f 123/1/122 328/1/325 320/1/317
f 329/1/326 120/1/121 119/1/118
f 235/1/233 330/1/328 331/1/329
f 324/1/322 232/1/232 231/1/229
f 317/1/315 330/1/328 324/1/322
f 331/1/329 327/1/327 326/1/324
f 332/1/330 333/1/331 334/1/332
f 329/1/326 335/1/333 326/1/324
f 119/1/118 332/1/330 329/1/326
f 333/1/331 144/1/143 143/1/142
f 241/1/239 336/1/334 337/1/335
f 331/1/329 238/1/238 235/1/233
f 326/1/324 336/1/334 331/1/329
f 337/1/335 335/1/333 334/1/332
f 338/1/336 340/1/337 341/1/338
f 333/1/331 339/1/339 334/1/332
f 143/1/142 340/1/337 333/1/331
f 341/1/338 342/1/340 343/1/341
f 247/1/245 344/1/342 345/1/343
f 337/1/335 244/1/244 241/1/239
f 334/1/332 344/1/342 337/1/335
f 345/1/343 339/1/339 338/1/336
f 346/1/344 348/1/345 349/1/346
f 350/1/347 347/1/348 351/1/349
f 298/1/296 348/1/345 350/1/347
f 349/1/346 295/1/292 296/1/294
f 256/1/254 352/1/350 353/1/351
f 254/1/252 253/1/251 354/1/352
f 351/1/349 352/1/350 354/1/352
f 353/1/351 347/1/348 346/1/344
f 209/1/353 356/1/354 210/1/208
f 357/1/355 355/1/356 358/1/357
f 359/1/358 356/1/354 357/1/355
f 210/1/208 360/1/359 212/1/210
f 361/1/360 259/1/260 258/1/256
f 357/1/355 361/1/360 359/1/358
f 358/1/357 362/1/361 357/1/355
f 259/1/260 363/1/362 263/1/261
f 364/1/363 306/1/307 305/1/303
f 314/1/311 365/1/364 311/1/309
f 316/1/314 364/1/363 314/1/311
f 306/1/307 366/1/365 310/1/308
f 267/1/265 367/1/366 288/1/285
f 368/1/367 312/1/312 311/1/309
f 369/1/368 367/1/366 368/1/367
f 288/1/285 370/1/369 285/1/283
f 371/1/370 373/1/371 374/1/372
f 375/1/373 372/1/374 376/1/375
f 377/1/376 373/1/371 375/1/373
f 374/1/372 378/1/377 379/1/378
f 380/1/379 382/1/380 383/1/381
f 384/1/382 381/1/383 385/1/384
f 386/1/385 382/1/380 384/1/382
f 383/1/381 387/1/386 388/1/387
f 389/1/388 391/1/389 392/1/390
f 393/1/391 390/1/392 394/1/393
f 385/1/384 391/1/389 393/1/391
f 392/1/390 381/1/383 380/1/379
f 379/1/378 396/1/394 374/1/372
f 397/1/395 395/1/396 398/1/397
f 399/1/398 396/1/394 397/1/395
f 374/1/372 400/1/399 371/1/370
f 379/1/378 401/1/400 402/1/401
f 403/1/402 378/1/377 377/1/376
f 404/1/403 401/1/400 403/1/402
f 405/1/404 406/1/405 402/1/401
f 407/1/406 408/1/407 386/1/385
f 409/1/408 410/1/409 411/1/410
f 409/1/408 403/1/402 407/1/406
f 408/1/407 403/1/402 377/1/376
f 385/1/384 413/1/411 384/1/382
f 414/1/412 412/1/413 415/1/414
f 411/1/410 413/1/411 414/1/412
f 384/1/382 410/1/409 386/1/385
f 394/1/393 417/1/415 393/1/391
f 418/1/416 416/1/417 419/1/418
f 415/1/414 417/1/415 418/1/416
f 393/1/391 412/1/413 385/1/384
f 394/1/393 421/1/419 416/1/417
f 422/1/420 420/1/421 398/1/397
f 423/1/422 421/1/419 422/1/420
f 416/1/417 424/1/423 419/1/418
f 406/1/405 426/1/424 402/1/401
f 425/1/425 423/1/422 422/1/420
f 398/1/397 426/1/424 422/1/420
f 402/1/401 395/1/396 379/1/378
f 406/1/405 427/1/426 428/1/427
f 429/1/428 405/1/404 404/1/403
f 430/1/429 427/1/426 429/1/428
f 428/1/427 431/1/430 432/1/431
f 404/1/403 433/1/432 429/1/428
f 409/1/408 434/1/433 433/1/432
f 435/1/434 433/1/432 434/1/433
f 429/1/428 436/1/435 430/1/429
f 415/1/414 438/1/436 414/1/412
f 439/1/437 437/1/438 440/1/439
f 435/1/434 438/1/436 439/1/437
f 414/1/412 434/1/433 411/1/410
f 419/1/418 442/1/440 418/1/416
f 443/1/441 441/1/442 444/1/443
f 442/1/440 443/1/441 440/1/439
f 418/1/416 437/1/438 415/1/414
f 445/1/444 424/1/423 423/1/422
f 447/1/445 446/1/446 445/1/444
f 444/1/443 446/1/446 448/1/447
f 424/1/423 441/1/442 419/1/418
f 432/1/431 450/1/448 428/1/427
f 445/1/444 449/1/449 447/1/445
f 423/1/422 450/1/448 445/1/444
f 425/1/425 406/1/405 428/1/427
f 451/1/450 453/1/451 454/1/452
f 455/1/453 453/1/451 452/1/454
f 457/1/455 453/1/451 456/1/456
f 454/1/452 458/1/457 459/1/458
f 460/1/459 461/1/460 462/1/461
f 463/1/462 464/1/463 465/1/464
f 451/1/450 460/1/459 463/1/462
f 461/1/460 466/1/465 467/1/466
f 468/1/467 470/1/468 471/1/469
f 469/1/470 473/1/471 470/1/468
f 465/1/464 470/1/468 473/1/471
f 471/1/469 464/1/463 462/1/461
f 468/1/467 475/1/472 469/1/470
f 476/1/473 474/1/474 477/1/475
f 478/1/476 475/1/472 476/1/473
f 469/1/470 479/1/477 472/1/478
f 477/1/475 481/1/479 476/1/473
f 482/1/480 480/1/481 483/1/482
f 484/1/483 481/1/479 482/1/480
f 476/1/473 485/1/484 478/1/476
f 486/1/485 487/1/486 488/1/487
f 489/1/488 490/1/489 459/1/458
f 482/1/480 489/1/488 484/1/483
f 486/1/485 483/1/482 487/1/486
f 459/1/458 491/1/490 454/1/452
f 488/1/487 491/1/490 490/1/489
f 491/1/490 492/1/491 467/1/466
f 454/1/452 466/1/465 451/1/450
f 430/1/429 493/1/492 494/1/493
f 495/1/494 436/1/435 435/1/434
f 496/1/495 495/1/494 497/1/496
f 494/1/493 496/1/495 498/1/497
f 497/1/496 499/1/498 500/1/499
f 439/1/437 495/1/494 435/1/434
f 440/1/439 499/1/498 439/1/437
f 500/1/499 501/1/500 502/1/501
f 444/1/443 504/1/502 443/1/441
f 505/1/503 503/1/504 506/1/505
f 502/1/501 504/1/502 505/1/503
f 443/1/441 501/1/500 440/1/439
f 447/1/445 508/1/506 448/1/447
f 509/1/507 507/1/508 510/1/509
f 506/1/505 508/1/506 509/1/507
f 448/1/447 503/1/504 444/1/443
f 447/1/445 511/1/510 507/1/508
f 512/1/511 449/1/449 432/1/431
f 513/1/512 511/1/510 512/1/511
f 514/1/513 507/1/508 511/1/510
f 498/1/497 516/1/514 494/1/493
f 515/1/515 513/1/512 512/1/511
f 432/1/431 516/1/514 512/1/511
f 494/1/493 431/1/430 430/1/429
f 497/1/496 518/1/516 496/1/495
f 519/1/517 517/1/518 520/1/519
f 518/1/516 519/1/517 521/1/520
f 498/1/497 518/1/516 522/1/521
f 462/1/461 524/1/522 471/1/469
f 525/1/523 523/1/524 526/1/525
f 527/1/526 524/1/522 525/1/523
f 471/1/469 528/1/527 468/1/467
f 529/1/528 531/1/529 532/1/530
f 533/1/531 530/1/532 534/1/533
f 531/1/529 533/1/531 527/1/526
f 532/1/530 535/1/534 520/1/519
f 502/1/501 537/1/535 500/1/499
f 532/1/530 536/1/536 529/1/528
f 520/1/519 537/1/535 532/1/530
f 500/1/499 517/1/518 497/1/496
f 533/1/531 528/1/527 527/1/526
f 539/1/537 533/1/531 534/1/533
f 474/1/474 539/1/537 477/1/475
f 468/1/467 538/1/538 474/1/474
f 506/1/505 541/1/539 505/1/503
f 542/1/540 540/1/541 543/1/542
f 529/1/528 541/1/539 542/1/540
f 505/1/503 536/1/536 502/1/501
f 510/1/509 545/1/543 509/1/507
f 546/1/544 544/1/545 547/1/546
f 543/1/542 545/1/543 546/1/544
f 509/1/507 540/1/541 506/1/505
f 525/1/523 526/1/525 548/1/547
f 548/1/547 521/1/520 519/1/517
f 549/1/548 519/1/517 520/1/519
f 535/1/534 527/1/526 525/1/523
f 550/1/549 552/1/550 553/1/551
f 480/1/481 551/1/552 483/1/482
f 477/1/475 552/1/550 480/1/481
f 553/1/551 539/1/537 534/1/533
f 554/1/553 555/1/554 556/1/555
f 557/1/556 558/1/557 559/1/558
f 550/1/549 554/1/553 559/1/558
f 555/1/554 560/1/559 561/1/560
f 562/1/561 559/1/558 558/1/557
f 487/1/486 563/1/562 488/1/487
f 483/1/482 562/1/561 487/1/486
f 559/1/558 551/1/552 550/1/549
f 564/1/563 563/1/562 558/1/557
f 566/1/564 564/1/563 567/1/565
f 467/1/466 565/1/566 566/1/564
f 492/1/491 488/1/487 563/1/562
f 467/1/466 568/1/567 461/1/460
f 569/1/568 566/1/564 567/1/565
f 526/1/525 568/1/567 569/1/568
f 523/1/524 462/1/461 461/1/460
f 567/1/565 571/1/569 569/1/568
f 572/1/570 570/1/571 573/1/572
f 574/1/573 571/1/569 572/1/570
f 569/1/568 575/1/574 526/1/525
f 576/1/575 572/1/570 573/1/572
f 577/1/576 578/1/577 579/1/578
f 580/1/579 576/1/575 577/1/576
f 572/1/570 581/1/580 574/1/573
f 582/1/581 584/1/582 585/1/583
f 586/1/584 584/1/582 583/1/585
f 584/1/582 587/1/586 588/1/587
f 586/1/584 589/1/588 590/1/589
f 591/1/590 583/1/585 582/1/581
f 579/1/578 589/1/588 591/1/590
f 590/1/589 578/1/577 573/1/572
f 592/1/591 594/1/592 595/1/593
f 596/1/594 593/1/595 597/1/596
f 594/1/592 596/1/594 598/1/597
f 599/1/598 600/1/599 595/1/593
f 601/1/600 603/1/601 604/1/602
f 597/1/596 602/1/603 601/1/600
f 605/1/604 593/1/595 592/1/591
f 603/1/601 605/1/604 588/1/587
f 604/1/602 607/1/605 601/1/600
f 608/1/606 606/1/607 609/1/608
f 610/1/609 607/1/605 608/1/606
f 601/1/600 611/1/610 597/1/596
f 612/1/611 614/1/612 615/1/613
f 613/1/614 558/1/557 557/1/556
f 556/1/555 614/1/612 557/1/556
f 615/1/613 616/1/615 617/1/616
f 618/1/617 619/1/618 620/1/619
f 621/1/620 567/1/565 564/1/563
f 558/1/557 618/1/617 564/1/563
f 613/1/614 612/1/611 619/1/618
f 622/1/621 620/1/619 619/1/618
f 612/1/611 624/1/622 619/1/618
f 625/1/623 624/1/622 623/1/624
f 626/1/625 621/1/620 620/1/619
f 590/1/589 627/1/626 586/1/584
f 573/1/572 626/1/625 590/1/589
f 570/1/571 567/1/565 621/1/620
f 628/1/627 587/1/586 586/1/584
f 629/1/628 627/1/626 620/1/619
f 629/1/628 630/1/629 631/1/630
f 631/1/630 588/1/587 587/1/586
f 629/1/628 633/1/631 630/1/629
f 622/1/621 629/1/628 620/1/619
f 625/1/623 632/1/632 622/1/621
f 633/1/631 634/1/633 635/1/634
f 630/1/629 637/1/635 631/1/630
f 636/1/636 638/1/637 639/1/638
f 604/1/602 637/1/635 639/1/638
f 631/1/630 603/1/601 588/1/587
f 640/1/639 642/1/640 643/1/641
f 644/1/642 641/1/643 645/1/644
f 638/1/637 642/1/640 644/1/642
f 643/1/641 636/1/636 630/1/629
f 646/1/645 648/1/646 649/1/647
f 650/1/648 648/1/646 647/1/649
f 652/1/650 651/1/651 653/1/652
f 652/1/650 609/1/608 649/1/647
f 654/1/653 639/1/638 638/1/637
f 646/1/645 654/1/653 655/1/654
f 654/1/653 649/1/647 609/1/608
f 639/1/638 606/1/607 604/1/602
f 650/1/648 657/1/655 651/1/651
f 658/1/656 657/1/655 656/1/657
f 660/1/658 659/1/659 635/1/634
f 653/1/652 657/1/655 660/1/658
f 661/1/660 663/1/661 664/1/662
f 655/1/654 662/1/663 646/1/645
f 655/1/654 638/1/637 644/1/642
f 645/1/644 663/1/661 644/1/642
f 635/1/634 665/1/664 633/1/631
f 666/1/665 659/1/659 658/1/656
f 640/1/639 665/1/664 666/1/665
f 633/1/631 643/1/641 630/1/629
f 667/1/666 666/1/665 658/1/656
f 668/1/667 664/1/662 667/1/666
f 645/1/644 667/1/666 664/1/662
f 641/1/643 640/1/639 666/1/665
f 669/1/668 662/1/663 661/1/660
f 668/1/667 658/1/656 656/1/657
f 669/1/668 656/1/657 650/1/648
f 647/1/649 646/1/645 662/1/663
f 670/1/669 672/1/670 673/1/671
f 97/1/94 671/1/672 94/1/92
f 83/1/82 672/1/670 97/1/94
f 673/1/671 99/1/100 98/1/97
f 94/1/92 674/1/673 172/1/171
f 675/1/674 671/1/672 670/1/669
f 676/1/675 674/1/673 675/1/674
f 172/1/171 677/1/676 174/1/172
f 670/1/669 679/1/677 675/1/674
f 680/1/678 678/1/679 681/1/680
f 682/1/681 679/1/677 680/1/678
f 675/1/674 683/1/682 676/1/675
f 684/1/683 677/1/676 676/1/675
f 686/1/684 685/1/685 684/1/683
f 217/1/215 685/1/685 687/1/686
f 677/1/676 214/1/214 174/1/172
f 682/1/681 689/1/687 683/1/682
f 690/1/688 688/1/689 691/1/690
f 686/1/684 689/1/687 690/1/688
f 676/1/675 689/1/687 684/1/683
f 692/1/691 687/1/686 686/1/684
f 693/1/692 692/1/691 694/1/693
f 695/1/694 225/1/223 224/1/222
f 687/1/686 224/1/222 217/1/215
f 686/1/684 696/1/695 692/1/691
f 691/1/690 696/1/695 690/1/688
f 698/1/696 697/1/697 699/1/698
f 692/1/691 698/1/696 694/1/693
f 700/1/699 702/1/700 703/1/701
f 368/1/367 701/1/702 369/1/368
f 311/1/309 702/1/700 368/1/367
f 702/1/700 365/1/364 305/1/303
f 704/1/703 705/1/704 700/1/699
f 703/1/701 305/1/303 308/1/305
f 704/1/703 308/1/305 225/1/223
f 695/1/694 694/1/693 705/1/704
f 694/1/693 706/1/705 705/1/704
f 699/1/698 706/1/705 698/1/696
f 708/1/706 707/1/707 709/1/708
f 700/1/699 706/1/705 708/1/706
f 98/1/97 711/1/709 673/1/671
f 712/1/710 710/1/711 713/1/712
f 681/1/680 711/1/709 712/1/710
f 673/1/671 678/1/679 670/1/669
f 714/1/713 710/1/711 715/1/714
f 101/1/99 710/1/711 98/1/97
f 103/1/102 715/1/714 101/1/99
f 714/1/713 716/1/715 717/1/716
f 718/1/717 720/1/718 721/1/719
f 714/1/713 718/1/717 713/1/712
f 717/1/716 719/1/720 714/1/713
f 722/1/721 720/1/718 719/1/720
f 712/1/710 725/1/722 681/1/680
f 726/1/723 712/1/710 713/1/712
f 727/1/724 724/1/725 726/1/723
f 721/1/719 729/1/726 718/1/717
f 730/1/727 728/1/728 731/1/729
f 726/1/723 730/1/727 727/1/724
f 729/1/726 726/1/723 713/1/712
f 732/1/730 734/1/731 735/1/732
f 680/1/678 732/1/730 682/1/681
f 681/1/680 733/1/733 680/1/678
f 734/1/731 725/1/722 727/1/724
f 736/1/734 738/1/735 739/1/736
f 740/1/737 737/1/738 741/1/739
f 731/1/729 738/1/735 740/1/737
f 739/1/736 728/1/728 721/1/719
f 741/1/739 742/1/740 743/1/741
f 744/1/742 737/1/738 736/1/734
f 7/1/7 742/1/740 744/1/742
f 743/1/741 11/1/13 10/1/10
f 745/1/743 747/1/744 748/1/745
f 745/1/743 734/1/731 746/1/746
f 727/1/724 746/1/746 734/1/731
f 731/1/729 746/1/746 730/1/727
f 740/1/737 747/1/744 731/1/729
f 741/1/739 749/1/747 740/1/737
f 748/1/745 749/1/747 750/1/748
f 10/1/10 751/1/749 743/1/741
f 128/1/127 751/1/749 127/1/126
f 753/1/750 751/1/749 752/1/751
f 743/1/741 754/1/752 741/1/739
f 735/1/732 756/1/753 732/1/730
f 757/1/754 755/1/755 758/1/756
f 691/1/690 756/1/753 757/1/754
f 732/1/730 688/1/689 682/1/681
f 759/1/757 754/1/752 753/1/750
f 761/1/758 759/1/757 762/1/759
f 748/1/745 760/1/760 761/1/758
f 754/1/752 750/1/748 741/1/739
f 762/1/759 764/1/761 761/1/758
f 755/1/755 763/1/762 758/1/756
f 745/1/743 755/1/755 735/1/732
f 761/1/758 745/1/743 748/1/745
f 758/1/756 766/1/763 757/1/754
f 767/1/764 765/1/765 768/1/766
f 699/1/698 766/1/763 767/1/764
f 757/1/754 697/1/697 691/1/690
f 758/1/756 769/1/767 765/1/765
f 770/1/768 763/1/762 762/1/759
f 771/1/769 769/1/767 770/1/768
f 765/1/765 772/1/770 768/1/766
f 753/1/750 774/1/771 759/1/757
f 773/1/772 776/1/773 774/1/771
f 770/1/768 776/1/773 771/1/769
f 759/1/757 770/1/768 762/1/759
f 132/1/131 778/1/774 130/1/129
f 773/1/772 777/1/775 775/1/776
f 753/1/750 778/1/774 773/1/772
f 130/1/129 752/1/751 128/1/127
f 779/1/777 781/1/778 782/1/779
f 783/1/780 780/1/781 784/1/782
f 768/1/766 781/1/778 783/1/780
f 782/1/779 772/1/770 771/1/769
f 768/1/766 785/1/783 767/1/764
f 786/1/784 783/1/780 784/1/782
f 709/1/708 785/1/783 786/1/784
f 767/1/764 707/1/707 699/1/698
f 771/1/769 787/1/785 782/1/779
f 788/1/786 776/1/773 775/1/776
f 782/1/779 788/1/786 779/1/777
f 709/1/708 790/1/787 708/1/706
f 791/1/788 789/1/789 792/1/790
f 369/1/368 790/1/787 791/1/788
f 708/1/706 701/1/702 700/1/699
f 322/1/320 794/1/791 321/1/318
f 795/1/792 793/1/793 796/1/794
f 775/1/776 794/1/791 795/1/792
f 321/1/318 777/1/775 132/1/131
f 786/1/784 789/1/789 709/1/708
f 784/1/782 797/1/795 786/1/784
f 797/1/795 798/1/796 792/1/790
f 796/1/794 800/1/797 795/1/792
f 801/1/798 799/1/799 802/1/800
f 779/1/777 800/1/797 801/1/798
f 795/1/792 788/1/786 775/1/776
f 802/1/800 804/1/801 801/1/798
f 798/1/796 803/1/802 792/1/790
f 784/1/782 804/1/801 798/1/796
f 801/1/798 780/1/781 779/1/777
f 792/1/790 806/1/803 791/1/788
f 807/1/804 805/1/805 808/1/806
f 285/1/283 806/1/803 807/1/804
f 791/1/788 370/1/369 369/1/368
f 226/1/224 810/1/807 325/1/323
f 811/1/808 809/1/809 812/1/810
f 796/1/794 810/1/807 811/1/808
f 325/1/323 793/1/793 322/1/320
f 812/1/810 814/1/811 811/1/808
f 815/1/812 813/1/813 816/1/814
f 802/1/800 814/1/811 815/1/812
f 811/1/808 799/1/799 796/1/794
f 816/1/814 818/1/815 815/1/812
f 805/1/805 817/1/816 808/1/806
f 792/1/790 818/1/815 805/1/805
f 815/1/812 803/1/802 802/1/800
f 807/1/804 819/1/817 820/1/818
f 821/1/819 820/1/818 819/1/817
f 290/1/288 820/1/818 822/1/820
f 807/1/804 286/1/287 285/1/283
f 104/1/103 824/1/821 229/1/226
f 825/1/822 823/1/823 826/1/824
f 812/1/810 824/1/821 825/1/822
f 229/1/226 809/1/809 226/1/224
f 826/1/824 828/1/825 825/1/822
f 829/1/826 827/1/827 830/1/828
f 816/1/814 828/1/825 829/1/826
f 825/1/822 813/1/813 812/1/810
f 830/1/828 832/1/829 829/1/826
f 819/1/817 831/1/830 821/1/819
f 808/1/806 832/1/829 819/1/817
f 829/1/826 817/1/816 816/1/814
f 833/1/831 107/1/105 112/1/111
f 835/1/832 833/1/831 836/1/833
f 826/1/824 834/1/834 835/1/832
f 107/1/105 823/1/823 104/1/103
f 522/1/521 521/1/520 837/1/835
f 838/1/836 837/1/835 840/1/837
f 839/1/838 838/1/836 513/1/512
f 515/1/515 498/1/497 522/1/521
f 841/1/839 843/1/840 844/1/841
f 845/1/842 842/1/843 840/1/837
f 574/1/573 843/1/840 845/1/842
f 844/1/841 581/1/580 580/1/579
f 846/1/844 514/1/513 513/1/512
f 847/1/845 838/1/836 840/1/837
f 547/1/546 846/1/844 847/1/845
f 514/1/513 544/1/545 510/1/509
f 845/1/842 575/1/574 574/1/573
f 837/1/835 845/1/842 840/1/837
f 521/1/520 848/1/846 837/1/835
f 575/1/574 548/1/547 526/1/525
f 849/1/847 850/1/848 851/1/849
f 852/1/850 853/1/851 854/1/852
f 849/1/847 854/1/852 855/1/853
f 856/1/854 840/1/837 850/1/848
f 853/1/851 858/1/855 854/1/852
f 857/1/856 859/1/857 860/1/858
f 861/1/859 858/1/855 860/1/858
f 854/1/852 862/1/860 855/1/853
f 863/1/861 865/1/862 866/1/863
f 867/1/864 865/1/862 864/1/865
f 869/1/866 865/1/862 868/1/867
f 866/1/863 870/1/868 871/1/869
f 872/1/870 874/1/871 875/1/872
f 876/1/873 873/1/874 877/1/875
f 878/1/876 874/1/871 876/1/873
f 875/1/872 879/1/877 880/1/878
f 877/1/875 882/1/879 876/1/873
f 883/1/880 881/1/881 884/1/882
f 885/1/883 882/1/879 883/1/880
f 876/1/873 886/1/884 878/1/876
f 887/1/885 889/1/886 890/1/887
f 891/1/888 888/1/889 892/1/890
f 877/1/875 889/1/886 891/1/888
f 890/1/887 873/1/874 872/1/870
f 893/1/891 895/1/892 896/1/893
f 897/1/894 894/1/895 898/1/896
f 892/1/890 895/1/892 897/1/894
f 896/1/893 888/1/889 887/1/885
f 892/1/890 900/1/897 891/1/888
f 901/1/898 899/1/899 902/1/900
f 884/1/882 900/1/897 901/1/898
f 891/1/888 881/1/881 877/1/875
f 902/1/900 904/1/901 901/1/898
f 833/1/831 903/1/902 836/1/833
f 112/1/111 904/1/901 833/1/831
f 901/1/898 905/1/903 884/1/882
f 906/1/904 908/1/905 909/1/906
f 910/1/907 907/1/908 911/1/909
f 893/1/891 908/1/905 910/1/907
f 909/1/906 912/1/910 913/1/911
f 836/1/833 915/1/912 835/1/832
f 916/1/913 914/1/914 917/1/915
f 830/1/828 915/1/912 916/1/913
f 835/1/832 827/1/827 826/1/824
f 918/1/916 920/1/917 921/1/918
f 922/1/919 918/1/916 923/1/920
f 822/1/820 922/1/919 290/1/288
f 822/1/820 821/1/819 920/1/917
f 917/1/915 925/1/921 916/1/913
f 920/1/917 924/1/922 921/1/918
f 821/1/819 925/1/921 920/1/917
f 916/1/913 831/1/830 830/1/828
f 926/1/923 927/1/924 923/1/920
f 926/1/923 918/1/916 921/1/918
f 599/1/598 928/1/925 600/1/599
f 927/1/924 599/1/598 598/1/597
f 902/1/900 930/1/926 903/1/902
f 931/1/927 929/1/928 932/1/929
f 917/1/915 930/1/926 931/1/927
f 903/1/902 914/1/914 836/1/833
f 933/1/930 897/1/894 898/1/896
f 934/1/931 932/1/929 929/1/928
f 933/1/930 929/1/928 902/1/900
f 897/1/894 899/1/899 892/1/890
f 911/1/909 936/1/932 910/1/907
f 935/1/933 932/1/929 934/1/931
f 898/1/896 936/1/932 934/1/931
f 910/1/907 894/1/895 893/1/891
f 937/1/934 939/1/935 940/1/936
f 937/1/934 932/1/929 935/1/933
f 941/1/937 935/1/933 911/1/909
f 938/1/938 941/1/937 942/1/939
f 940/1/936 944/1/940 937/1/934
f 945/1/941 943/1/942 946/1/943
f 944/1/940 945/1/941 947/1/944
f 948/1/945 932/1/929 937/1/934
f 947/1/944 949/1/946 950/1/947
f 951/1/948 945/1/941 946/1/943
f 600/1/599 949/1/946 951/1/948
f 950/1/947 928/1/925 921/1/918
f 931/1/927 924/1/922 917/1/915
f 948/1/945 931/1/927 932/1/929
f 947/1/944 952/1/949 948/1/945
f 921/1/918 952/1/949 950/1/947
f 455/1/453 953/1/950 954/1/951
f 463/1/462 452/1/454 451/1/450
f 465/1/464 953/1/950 463/1/462
f 956/1/952 953/1/950 955/1/953
f 957/1/954 959/1/955 960/1/956
f 484/1/483 959/1/955 958/1/957
f 459/1/458 959/1/955 489/1/488
f 457/1/455 959/1/955 458/1/457
f 961/1/958 963/1/959 964/1/960
f 965/1/961 962/1/962 966/1/963
f 472/1/478 963/1/959 965/1/961
f 964/1/960 479/1/477 478/1/476
f 965/1/961 473/1/471 472/1/478
f 968/1/964 965/1/961 966/1/963
f 956/1/952 967/1/965 968/1/964
f 473/1/471 955/1/953 465/1/464
f 957/1/954 970/1/966 958/1/957
f 964/1/960 969/1/967 961/1/958
f 478/1/476 970/1/966 964/1/960
f 958/1/957 485/1/484 484/1/483
f 971/1/968 973/1/969 974/1/970
f 973/1/969 972/1/971 966/1/963
f 961/1/958 973/1/969 962/1/962
f 974/1/970 969/1/967 957/1/954
f 956/1/952 975/1/972 954/1/951
f 968/1/964 966/1/963 972/1/971
f 971/1/968 975/1/972 972/1/971
f 455/1/453 954/1/951 975/1/972
f 971/1/968 977/1/973 976/1/974
f 960/1/956 974/1/970 957/1/954
f 457/1/455 977/1/973 960/1/956
f 977/1/973 456/1/456 455/1/453
f 978/1/975 400/1/399 399/1/398
f 980/1/976 978/1/975 388/1/387
f 376/1/375 979/1/977 980/1/976
f 400/1/399 372/1/374 371/1/370
f 388/1/387 981/1/978 980/1/976
f 408/1/407 387/1/386 386/1/385
f 377/1/376 981/1/978 408/1/407
f 376/1/375 981/1/978 375/1/373
f 380/1/379 982/1/979 392/1/390
f 978/1/975 383/1/381 388/1/387
f 982/1/979 978/1/975 399/1/398
f 392/1/390 983/1/980 389/1/388
f 389/1/388 984/1/981 390/1/392
f 397/1/395 983/1/980 399/1/398
f 398/1/397 984/1/981 397/1/395
f 390/1/392 420/1/421 394/1/393
f 985/1/982 941/1/937 911/1/909
f 986/1/983 907/1/908 906/1/904
f 987/1/984 985/1/982 986/1/983
f 941/1/937 988/1/985 942/1/939
f 580/1/579 990/1/986 844/1/841
f 991/1/987 989/1/988 992/1/989
f 993/1/990 990/1/986 991/1/987
f 844/1/841 994/1/991 841/1/839
f 995/1/992 997/1/993 998/1/994
f 939/1/935 996/1/995 940/1/936
f 942/1/939 997/1/993 939/1/935
f 998/1/994 988/1/985 987/1/984
f 992/1/989 1000/1/996 991/1/987
f 998/1/994 999/1/997 995/1/992
f 987/1/984 1000/1/996 998/1/994
f 991/1/987 1001/1/998 993/1/990
f 592/1/591 1003/1/999 605/1/604
f 1004/1/1000 1002/1/1001 1005/1/1002
f 582/1/581 1003/1/999 1004/1/1000
f 605/1/604 585/1/583 588/1/587
f 1006/1/1003 1005/1/1002 1007/1/1004
f 943/1/942 1007/1/1004 946/1/943
f 1008/1/1005 943/1/942 940/1/936
f 996/1/995 995/1/992 1006/1/1003
f 1009/1/1006 1011/1/1007 1012/1/1008
f 1005/1/1002 1011/1/1007 1010/1/1009
f 995/1/992 1011/1/1007 1006/1/1003
f 1012/1/1008 999/1/997 992/1/989
f 946/1/943 1013/1/1010 951/1/948
f 1002/1/1001 1007/1/1004 1005/1/1002
f 592/1/591 595/1/593 1013/1/1010
f 951/1/948 595/1/593 600/1/599
f 1014/1/1011 591/1/590 582/1/581
f 1004/1/1000 1005/1/1002 1010/1/1009
f 1009/1/1006 1014/1/1011 1010/1/1009
f 591/1/590 1015/1/1012 579/1/578
f 579/1/578 1016/1/1013 577/1/576
f 1012/1/1008 1015/1/1012 1009/1/1006
f 992/1/989 1016/1/1013 1012/1/1008
f 577/1/576 989/1/988 580/1/579
f 867/1/864 1018/1/1014 1019/1/1015
f 1020/1/1016 1017/1/1017 1021/1/1018
f 1022/1/1019 1018/1/1014 1020/1/1016
f 1019/1/1015 1023/1/1020 1024/1/1021
f 841/1/839 1026/1/1022 842/1/843
f 1027/1/1023 1025/1/1024 1028/1/1025
f 851/1/849 1026/1/1022 1027/1/1023
f 842/1/843 850/1/848 840/1/837
f 1029/1/1026 994/1/991 993/1/990
f 1030/1/1027 1031/1/1028 1032/1/1029
f 1028/1/1025 1029/1/1026 1032/1/1029
f 994/1/991 1025/1/1024 841/1/839
f 1033/1/1030 1034/1/1031 1031/1/1028
f 1030/1/1027 993/1/990 1001/1/998
f 1033/1/1030 1001/1/998 987/1/984
f 986/1/983 906/1/904 1034/1/1031
f 1031/1/1028 1036/1/1032 1032/1/1029
f 1037/1/1033 1035/1/1034 1038/1/1035
f 1039/1/1036 1036/1/1032 1037/1/1033
f 1040/1/1037 1028/1/1025 1032/1/1029
f 1035/1/1034 1042/1/1038 1038/1/1035
f 1034/1/1031 1035/1/1034 1031/1/1028
f 909/1/906 1034/1/1031 906/1/904
f 913/1/911 1041/1/1039 909/1/906
f 1043/1/1040 1045/1/1041 1046/1/1042
f 1047/1/1043 1044/1/1044 1048/1/1045
f 1049/1/1046 1047/1/1043 1050/1/1047
f 1046/1/1042 1049/1/1046 1021/1/1018
f 1051/1/1048 1053/1/1049 1054/1/1050
f 1055/1/1051 1052/1/1052 1056/1/1053
f 1038/1/1035 1053/1/1049 1055/1/1051
f 1054/1/1050 1042/1/1038 913/1/911
f 1057/1/1054 864/1/865 863/1/861
f 1046/1/1042 1057/1/1054 1043/1/1040
f 1021/1/1018 1058/1/1055 1046/1/1042
f 864/1/865 1017/1/1017 867/1/864
f 1039/1/1036 1059/1/1056 1060/1/1057
f 1055/1/1051 1037/1/1033 1038/1/1035
f 1056/1/1053 1059/1/1056 1055/1/1051
f 1062/1/1058 1059/1/1056 1061/1/1059
f 1051/1/1048 1064/1/1060 1065/1/1061
f 890/1/887 1063/1/1062 887/1/885
f 872/1/870 1064/1/1060 890/1/887
f 1065/1/1061 1066/1/1063 1048/1/1045
f 1044/1/1044 1067/1/1064 1068/1/1065
f 1056/1/1053 1068/1/1065 1067/1/1064
f 1065/1/1061 1052/1/1052 1051/1/1048
f 1048/1/1045 1068/1/1065 1065/1/1061
f 887/1/885 1069/1/1066 896/1/893
f 1054/1/1050 1063/1/1062 1051/1/1048
f 913/1/911 1069/1/1066 1054/1/1050
f 896/1/893 912/1/910 893/1/891
f 1061/1/1059 1067/1/1064 1070/1/1067
f 1057/1/1054 1067/1/1064 1043/1/1040
f 863/1/861 1070/1/1067 1057/1/1054
f 1061/1/1059 1071/1/1068 1062/1/1058
f 1072/1/1069 1074/1/1070 1075/1/1071
f 289/1/286 1073/1/1072 272/1/270
f 290/1/288 1074/1/1070 289/1/286
f 1075/1/1071 922/1/919 923/1/920
f 272/1/270 1076/1/1073 271/1/268
f 1077/1/1074 1073/1/1072 1072/1/1069
f 1078/1/1075 1076/1/1073 1077/1/1074
f 271/1/268 1079/1/1076 273/1/271
f 1072/1/1069 1081/1/1077 1077/1/1074
f 1082/1/1078 1080/1/1079 1083/1/1080
f 1084/1/1081 1081/1/1077 1082/1/1078
f 1077/1/1074 1085/1/1082 1078/1/1075
f 1086/1/1083 265/1/263 264/1/262
f 1088/1/1084 1087/1/1085 1086/1/1083
f 1090/1/1086 1089/1/1087 1091/1/1088
f 266/1/264 1087/1/1085 1090/1/1086
f 1092/1/1089 251/1/249 257/1/255
f 1093/1/1090 1094/1/1091 1095/1/1092
f 1096/1/1093 1092/1/1089 1095/1/1092
f 1097/1/1094 252/1/250 251/1/249
f 1098/1/1095 1100/1/1096 1101/1/1097
f 279/1/276 1099/1/1098 276/1/274
f 284/1/282 1100/1/1096 279/1/276
f 1101/1/1097 1102/1/1099 1103/1/1100
f 1104/1/1101 1106/1/1102 1107/1/1103
f 1108/1/1104 1105/1/1105 1109/1/1106
f 242/1/240 1106/1/1102 1108/1/1104
f 1107/1/1103 249/1/247 248/1/246
f 1110/1/1107 1112/1/1108 1113/1/1109
f 108/1/106 1111/1/1110 110/1/109
f 109/1/108 1112/1/1108 108/1/106
f 1113/1/1109 237/1/235 236/1/234
f 1109/1/1106 1115/1/1111 1108/1/1104
f 1113/1/1109 1114/1/1112 1110/1/1107
f 236/1/234 1115/1/1111 1113/1/1109
f 1108/1/1104 243/1/241 242/1/240
f 1116/1/1113 1118/1/1114 1119/1/1115
f 1120/1/1116 1117/1/1117 1121/1/1118
f 1110/1/1107 1118/1/1114 1120/1/1116
f 1119/1/1115 1114/1/1112 1109/1/1106
f 1122/1/1119 111/1/110 110/1/109
f 1122/1/1119 1124/1/1120 1125/1/1121
f 905/1/903 1125/1/1121 884/1/882
f 111/1/110 905/1/903 112/1/111
f 1121/1/1118 1127/1/1122 1120/1/1116
f 1122/1/1119 1126/1/1123 1124/1/1120
f 110/1/109 1127/1/1122 1122/1/1119
f 1120/1/1116 1111/1/1110 1110/1/1107
f 1128/1/1124 1130/1/1125 1131/1/1126
f 1129/1/1127 1132/1/1128 1133/1/1129
f 1130/1/1125 1133/1/1129 1134/1/1130
f 1135/1/1131 1136/1/1132 1131/1/1126
f 1137/1/1133 1139/1/1134 1140/1/1135
f 1131/1/1126 1138/1/1136 1128/1/1124
f 1136/1/1132 1139/1/1134 1131/1/1126
f 1140/1/1135 1141/1/1137 1142/1/1138
f 1143/1/1139 1145/1/1140 1146/1/1141
f 1147/1/1142 1144/1/1143 1143/1/1139
f 1149/1/1144 1148/1/1145 1150/1/1146
f 1151/1/1147 1144/1/1143 1149/1/1144
f 1152/1/1148 1154/1/1149 1155/1/1150
f 1156/1/1151 1153/1/1152 1157/1/1153
f 1158/1/1154 1154/1/1149 1156/1/1151
f 1155/1/1150 1159/1/1155 1160/1/1156
f 1083/1/1080 1162/1/1157 1082/1/1078
f 1163/1/1158 1161/1/1159 1164/1/1160
f 1162/1/1157 1163/1/1158 1165/1/1161
f 1082/1/1078 1166/1/1162 1084/1/1081
f 1167/1/1163 1168/1/1164 1169/1/1165
f 1170/1/1166 1169/1/1165 1172/1/1167
f 1171/1/1168 1170/1/1166 1173/1/1169
f 1167/1/1163 1174/1/1170 1175/1/1171
f 1176/1/1172 1163/1/1158 1164/1/1160
f 1177/1/1173 1176/1/1172 1179/1/1174
f 1176/1/1172 1178/1/1175 1180/1/1176
f 1181/1/1177 1163/1/1158 1176/1/1172
f 1182/1/1178 1178/1/1175 1177/1/1173
f 1182/1/1178 1183/1/1179 1172/1/1167
f 1168/1/1164 1182/1/1178 1169/1/1165
f 1184/1/1180 1180/1/1176 1178/1/1175
f 1185/1/1181 1075/1/1071 923/1/920
f 1186/1/1182 1187/1/1183 1188/1/1184
f 1083/1/1080 1185/1/1181 1186/1/1182
f 1075/1/1071 1080/1/1079 1072/1/1069
f 1186/1/1182 1188/1/1184 1189/1/1185
f 1164/1/1160 1190/1/1186 1189/1/1185
f 1083/1/1080 1190/1/1186 1161/1/1159
f 1191/1/1187 1192/1/1188 1193/1/1189
f 1194/1/1190 1177/1/1173 1179/1/1174
f 1179/1/1174 1164/1/1160 1189/1/1185
f 1191/1/1187 1189/1/1185 1188/1/1184
f 1177/1/1173 1195/1/1191 1183/1/1179
f 1194/1/1190 1193/1/1189 1196/1/1192
f 1197/1/1193 1195/1/1191 1196/1/1192
f 1198/1/1194 1172/1/1167 1183/1/1179
f 597/1/596 1199/1/1195 596/1/594
f 1200/1/1196 611/1/610 610/1/609
f 1201/1/1197 1199/1/1195 1200/1/1196
f 596/1/594 1202/1/1198 598/1/597
f 598/1/597 1203/1/1199 927/1/924
f 1202/1/1198 1201/1/1197 1204/1/1200
f 1188/1/1184 1203/1/1199 1204/1/1200
f 927/1/924 1187/1/1183 923/1/920
f 617/1/616 1206/1/1201 615/1/613
f 1207/1/1202 1205/1/1203 1208/1/1204
f 625/1/623 1206/1/1201 1207/1/1202
f 623/1/624 612/1/611 615/1/613
f 1204/1/1200 1192/1/1188 1188/1/1184
f 1201/1/1197 1209/1/1205 1204/1/1200
f 1211/1/1206 1210/1/1207 1212/1/1208
f 1192/1/1188 1211/1/1206 1193/1/1189
f 1213/1/1209 1208/1/1204 1214/1/1210
f 1215/1/1211 1217/1/1212 1214/1/1210
f 1213/1/1209 1216/1/1213 1212/1/1208
f 610/1/609 1219/1/1214 1200/1/1196
f 1213/1/1209 1218/1/1215 1208/1/1204
f 1212/1/1208 1219/1/1214 1213/1/1209
f 1200/1/1196 1210/1/1207 1201/1/1197
f 653/1/652 1221/1/1216 652/1/650
f 1220/1/1217 1208/1/1204 1218/1/1215
f 608/1/606 1218/1/1215 610/1/609
f 652/1/650 608/1/606 609/1/608
f 1207/1/1202 634/1/633 625/1/623
f 1207/1/1202 1208/1/1204 1220/1/1217
f 1220/1/1217 653/1/652 660/1/658
f 635/1/634 1222/1/1218 660/1/658
f 1223/1/1219 1196/1/1192 1193/1/1189
f 1212/1/1208 1223/1/1219 1211/1/1206
f 1223/1/1219 1216/1/1213 1215/1/1211
f 1224/1/1220 1197/1/1193 1196/1/1192
f 1225/1/1221 1227/1/1222 1228/1/1223
f 1229/1/1224 1226/1/1225 1230/1/1226
f 1231/1/1227 1227/1/1222 1229/1/1224
f 1228/1/1223 1232/1/1228 1233/1/1229
f 1231/1/1227 1235/1/1230 1232/1/1228
f 1236/1/1231 1234/1/1232 1237/1/1233
f 1238/1/1234 1235/1/1230 1236/1/1231
f 1239/1/1235 1233/1/1229 1232/1/1228
f 1229/1/1224 1234/1/1232 1231/1/1227
f 1241/1/1236 1229/1/1224 1230/1/1226
f 1242/1/1237 1240/1/1238 1241/1/1236
f 1234/1/1232 1243/1/1239 1237/1/1233
f 1244/1/1240 1246/1/1241 1247/1/1242
f 1248/1/1243 1245/1/1244 1244/1/1240
f 1241/1/1236 1249/1/1245 1242/1/1237
f 1230/1/1226 1245/1/1244 1241/1/1236
f 1237/1/1233 1250/1/1246 1251/1/1247
f 1252/1/1248 1243/1/1239 1242/1/1237
f 1253/1/1249 1250/1/1246 1252/1/1248
f 1251/1/1247 1254/1/1250 1255/1/1251
f 1248/1/1243 1257/1/1252 1249/1/1245
f 1258/1/1253 1256/1/1254 1259/1/1255
f 1258/1/1253 1252/1/1248 1257/1/1252
f 1242/1/1237 1257/1/1252 1252/1/1248
f 1260/1/1256 1258/1/1253 1259/1/1255
f 1262/1/1257 1261/1/1258 1260/1/1256
f 1264/1/1259 1263/1/1260 1265/1/1261
f 1253/1/1249 1261/1/1258 1264/1/1259
f 1266/1/1262 1268/1/1263 1269/1/1264
f 1270/1/1265 1268/1/1263 1267/1/1266
f 1141/1/1137 1271/1/1267 1142/1/1138
f 1269/1/1264 1141/1/1137 1136/1/1132
f 1272/1/1268 1274/1/1269 1275/1/1270
f 1276/1/1271 1273/1/1272 1277/1/1273
f 1121/1/1118 1274/1/1269 1276/1/1271
f 1275/1/1270 1117/1/1117 1116/1/1113
f 1278/1/1274 1276/1/1271 1277/1/1273
f 1126/1/1123 1279/1/1275 1124/1/1120
f 1276/1/1271 1126/1/1123 1121/1/1118
f 1134/1/1130 1281/1/1276 1135/1/1131
f 1280/1/1277 1282/1/1278 1283/1/1279
f 1266/1/1262 1269/1/1264 1281/1/1276
f 1136/1/1132 1281/1/1276 1269/1/1264
f 1284/1/1280 1285/1/1281 1286/1/1282
f 1287/1/1283 1288/1/1284 1289/1/1285
f 1284/1/1280 1287/1/1283 1282/1/1278
f 1280/1/1277 1134/1/1130 1285/1/1281
f 1290/1/1286 1283/1/1279 1282/1/1278
f 1291/1/1287 1292/1/1288 1293/1/1289
f 1294/1/1290 1290/1/1286 1291/1/1287
f 1283/1/1279 1295/1/1291 1266/1/1262
f 1293/1/1289 1296/1/1292 1297/1/1293
f 1296/1/1292 1289/1/1285 1298/1/1294
f 1298/1/1294 1124/1/1120 1279/1/1275
f 1279/1/1275 1277/1/1273 1299/1/1295
f 1124/1/1120 1300/1/1296 1125/1/1121
f 1298/1/1294 1289/1/1285 1301/1/1297
f 885/1/883 1300/1/1296 1301/1/1297
f 883/1/880 884/1/882 1125/1/1121
f 1293/1/1289 1302/1/1298 1296/1/1292
f 1282/1/1278 1302/1/1298 1292/1/1288
f 1296/1/1292 1287/1/1283 1289/1/1285
f 878/1/876 1303/1/1299 1304/1/1300
f 1301/1/1297 886/1/884 885/1/883
f 1289/1/1285 1303/1/1299 1301/1/1297
f 1304/1/1300 1288/1/1284 1286/1/1282
f 1305/1/1301 1306/1/1302 1294/1/1290
f 1291/1/1287 1299/1/1295 1305/1/1301
f 1277/1/1273 1305/1/1301 1299/1/1295
f 1273/1/1272 1272/1/1268 1306/1/1302
f 880/1/878 1308/1/1303 875/1/872
f 1047/1/1043 1307/1/1304 1050/1/1047
f 1048/1/1045 1308/1/1303 1047/1/1043
f 875/1/872 1066/1/1063 872/1/870
f 1021/1/1018 1309/1/1305 1020/1/1016
f 1050/1/1047 1309/1/1305 1049/1/1046
f 1311/1/1306 1310/1/1307 1312/1/1308
f 1020/1/1016 1311/1/1306 1022/1/1019
f 1313/1/1309 1304/1/1300 1286/1/1282
f 1314/1/1310 1315/1/1311 1316/1/1312
f 880/1/878 1313/1/1309 1314/1/1310
f 1304/1/1300 879/1/877 878/1/876
f 1134/1/1130 1317/1/1313 1285/1/1281
f 1318/1/1314 1133/1/1129 1132/1/1128
f 1316/1/1312 1317/1/1313 1318/1/1314
f 1315/1/1311 1286/1/1282 1285/1/1281
f 1319/1/1315 1321/1/1316 1322/1/1317
f 1050/1/1047 1320/1/1318 1319/1/1315
f 1314/1/1310 1307/1/1304 880/1/878
f 1316/1/1312 1321/1/1316 1320/1/1318
f 1312/1/1308 1323/1/1319 1324/1/1320
f 1319/1/1315 1310/1/1307 1050/1/1047
f 1322/1/1317 1323/1/1319 1319/1/1315
f 1318/1/1314 1326/1/1321 1316/1/1312
f 1132/1/1128 1325/1/1322 1318/1/1314
f 1328/1/1323 1325/1/1322 1327/1/1324
f 1312/1/1308 1330/1/1325 1311/1/1306
f 1331/1/1326 1330/1/1325 1329/1/1327
f 1333/1/1328 1332/1/1329 1334/1/1330
f 1022/1/1019 1330/1/1325 1333/1/1328
f 1335/1/1331 1324/1/1320 1322/1/1317
f 1336/1/1332 1335/1/1331 1337/1/1333
f 1329/1/1327 1338/1/1334 1331/1/1326
f 1324/1/1320 1329/1/1327 1312/1/1308
f 1328/1/1323 1340/1/1335 1326/1/1321
f 1335/1/1331 1339/1/1336 1337/1/1333
f 1322/1/1317 1340/1/1335 1335/1/1331
f 1326/1/1321 1321/1/1316 1316/1/1312
f 1332/1/1329 1331/1/1326 1341/1/1337
f 1342/1/1338 1344/1/1339 1341/1/1337
f 1345/1/1340 1343/1/1341 1346/1/1342
f 1334/1/1330 1344/1/1339 1345/1/1340
f 1347/1/1343 1129/1/1127 1128/1/1124
f 1347/1/1343 1350/1/1344 1348/1/1345
f 1328/1/1323 1348/1/1345 1350/1/1344
f 1129/1/1127 1327/1/1324 1132/1/1128
f 1349/1/1346 1352/1/1347 1350/1/1344
f 1353/1/1348 1351/1/1349 1354/1/1350
f 1352/1/1347 1353/1/1348 1337/1/1333
f 1350/1/1344 1339/1/1336 1328/1/1323
f 1354/1/1350 1356/1/1351 1353/1/1348
f 1341/1/1337 1355/1/1352 1342/1/1338
f 1331/1/1326 1356/1/1351 1341/1/1337
f 1338/1/1334 1337/1/1333 1353/1/1348
f 1357/1/1353 1359/1/1354 1360/1/1355
f 1361/1/1356 1358/1/1357 1362/1/1358
f 1346/1/1342 1359/1/1354 1361/1/1356
f 1343/1/1341 1342/1/1338 1360/1/1355
f 1128/1/1124 1363/1/1359 1347/1/1343
f 1364/1/1360 1138/1/1136 1137/1/1133
f 1365/1/1361 1364/1/1360 1366/1/1362
f 1347/1/1343 1365/1/1361 1349/1/1346
f 1366/1/1362 1368/1/1363 1365/1/1361
f 1369/1/1364 1367/1/1365 1370/1/1366
f 1354/1/1350 1368/1/1363 1369/1/1364
f 1365/1/1361 1351/1/1349 1349/1/1346
f 1370/1/1366 1372/1/1367 1369/1/1364
f 1360/1/1355 1371/1/1368 1357/1/1353
f 1342/1/1338 1372/1/1367 1360/1/1355
f 1369/1/1364 1355/1/1352 1354/1/1350
f 1373/1/1369 1375/1/1370 1376/1/1371
f 1377/1/1372 1374/1/1373 1378/1/1374
f 1379/1/1375 1375/1/1370 1377/1/1372
f 1376/1/1371 1380/1/1376 1381/1/1377
f 1382/1/1378 1374/1/1373 1373/1/1369
f 1383/1/1379 1384/1/1380 1385/1/1381
f 1386/1/1382 1382/1/1378 1383/1/1379
f 1374/1/1373 1387/1/1383 1378/1/1374
f 1388/1/1384 1390/1/1385 1391/1/1386
f 1390/1/1385 1392/1/1387 1393/1/1388
f 1394/1/1389 1391/1/1386 1393/1/1388
f 1395/1/1390 1388/1/1384 1391/1/1386
f 1392/1/1387 1398/1/1391 1393/1/1388
f 1399/1/1392 1397/1/1393 1400/1/1394
f 1401/1/1395 1398/1/1391 1399/1/1392
f 1393/1/1388 1402/1/1396 1394/1/1389
f 1175/1/1171 1403/1/1397 1404/1/1398
f 1405/1/1399 1174/1/1170 1173/1/1169
f 1406/1/1400 1403/1/1397 1405/1/1399
f 1404/1/1398 1407/1/1401 1408/1/1402
f 1409/1/1403 1411/1/1404 1412/1/1405
f 1410/1/1406 1413/1/1407 1414/1/1408
f 1400/1/1394 1411/1/1404 1414/1/1408
f 1397/1/1393 1392/1/1387 1412/1/1405
f 1413/1/1407 1415/1/1409 1416/1/1410
f 1417/1/1411 1410/1/1406 1409/1/1403
f 1408/1/1402 1415/1/1409 1417/1/1411
f 1416/1/1410 1407/1/1401 1406/1/1400
f 1418/1/1412 1420/1/1413 1421/1/1414
f 1422/1/1415 1419/1/1416 1423/1/1417
f 1424/1/1418 1420/1/1413 1422/1/1415
f 1421/1/1414 1425/1/1419 1426/1/1420
f 1427/1/1421 1429/1/1422 1430/1/1423
f 1170/1/1166 1428/1/1424 1173/1/1169
f 1429/1/1422 1170/1/1166 1172/1/1167
f 1430/1/1423 1198/1/1194 1197/1/1193
f 1431/1/1425 1428/1/1424 1427/1/1421
f 1405/1/1399 1431/1/1425 1406/1/1400
f 1432/1/1426 1405/1/1399 1173/1/1169
f 1400/1/1394 1434/1/1427 1399/1/1392
f 1421/1/1414 1433/1/1428 1418/1/1412
f 1426/1/1420 1434/1/1427 1421/1/1414
f 1399/1/1392 1435/1/1429 1401/1/1395
f 1197/1/1193 1436/1/1430 1430/1/1423
f 1224/1/1220 1215/1/1211 1437/1/1431
f 1438/1/1432 1436/1/1430 1437/1/1431
f 1439/1/1433 1427/1/1421 1430/1/1423
f 1440/1/1434 1441/1/1435 1442/1/1436
f 1440/1/1434 1443/1/1437 1427/1/1421
f 1441/1/1435 1439/1/1433 1438/1/1432
f 1423/1/1417 1444/1/1438 1445/1/1439
f 1438/1/1432 1446/1/1440 1445/1/1439
f 616/1/615 1446/1/1440 617/1/616
f 616/1/615 556/1/555 1447/1/1441
f 1448/1/1442 1442/1/1436 1441/1/1435
f 1444/1/1438 1441/1/1435 1438/1/1432
f 1449/1/1443 1444/1/1438 1423/1/1417
f 1448/1/1442 1419/1/1416 1418/1/1412
f 617/1/616 1450/1/1444 1205/1/1203
f 1437/1/1431 1446/1/1440 1438/1/1432
f 1215/1/1211 1450/1/1444 1437/1/1431
f 1205/1/1203 1214/1/1210 1208/1/1204
f 1413/1/1407 1452/1/1445 1414/1/1408
f 1448/1/1442 1451/1/1446 1442/1/1436
f 1452/1/1445 1448/1/1442 1418/1/1412
f 1414/1/1408 1433/1/1428 1400/1/1394
f 1431/1/1425 1427/1/1421 1443/1/1437
f 1451/1/1446 1443/1/1437 1442/1/1436
f 1451/1/1446 1413/1/1407 1416/1/1410
f 1453/1/1447 1416/1/1410 1406/1/1400
f 1454/1/1448 1456/1/1449 1457/1/1450
f 1435/1/1429 1455/1/1451 1401/1/1395
f 1426/1/1420 1456/1/1449 1435/1/1429
f 1425/1/1419 1424/1/1418 1457/1/1450
f 1458/1/1452 1455/1/1451 1454/1/1448
f 1460/1/1453 1458/1/1452 1461/1/1454
f 1459/1/1455 1460/1/1453 1394/1/1389
f 1455/1/1451 1402/1/1396 1401/1/1395
f 1462/1/1456 1464/1/1457 1465/1/1458
f 1466/1/1459 1463/1/1460 1467/1/1461
f 1464/1/1457 1466/1/1459 1461/1/1454
f 1465/1/1458 1458/1/1452 1454/1/1448
f 1460/1/1453 1395/1/1390 1394/1/1389
f 1461/1/1454 1468/1/1462 1460/1/1453
f 1470/1/1463 1468/1/1462 1469/1/1464
f 1396/1/1465 1395/1/1390 1468/1/1462
f 1466/1/1459 1469/1/1464 1461/1/1454
f 1466/1/1459 1473/1/1466 1472/1/1467
f 1474/1/1468 1472/1/1467 1473/1/1466
f 1469/1/1464 1475/1/1469 1470/1/1463
f 1476/1/1470 1478/1/1471 1479/1/1472
f 1480/1/1473 1477/1/1474 1481/1/1475
f 1482/1/1476 1478/1/1471 1480/1/1473
f 1479/1/1472 1483/1/1477 1484/1/1478
f 1485/1/1479 1487/1/1480 1488/1/1481
f 1489/1/1482 1486/1/1483 1490/1/1484
f 1381/1/1377 1487/1/1480 1489/1/1482
f 1488/1/1481 1380/1/1376 1379/1/1375
f 1491/1/1485 1493/1/1486 1494/1/1487
f 1361/1/1356 1492/1/1488 1346/1/1342
f 1362/1/1358 1493/1/1486 1361/1/1356
f 1494/1/1487 1495/1/1489 1496/1/1490
f 1334/1/1330 1498/1/1491 1333/1/1328
f 1499/1/1492 1497/1/1493 1500/1/1494
f 1024/1/1021 1498/1/1491 1499/1/1492
f 1333/1/1328 1023/1/1020 1022/1/1019
f 1500/1/1494 1501/1/1495 1502/1/1496
f 1345/1/1340 1497/1/1493 1334/1/1330
f 1346/1/1342 1501/1/1495 1345/1/1340
f 1502/1/1496 1492/1/1488 1491/1/1485
f 1500/1/1494 1504/1/1497 1499/1/1492
f 1503/1/1498 1505/1/1499 1506/1/1500
f 1504/1/1497 1506/1/1500 1507/1/1501
f 1499/1/1492 1508/1/1502 1024/1/1021
f 1024/1/1021 1509/1/1503 1019/1/1015
f 1510/1/1504 1508/1/1502 1507/1/1501
f 869/1/866 1509/1/1503 1510/1/1504
f 1019/1/1015 868/1/867 867/1/864
f 1511/1/1505 1512/1/1506 1505/1/1499
f 1502/1/1496 1503/1/1498 1500/1/1494
f 1491/1/1485 1511/1/1505 1502/1/1496
f 1514/1/1507 1512/1/1506 1511/1/1505
f 1506/1/1500 1516/1/1508 1507/1/1501
f 1505/1/1499 1515/1/1509 1506/1/1500
f 1518/1/1510 1515/1/1509 1517/1/1511
f 1454/1/1448 1520/1/1512 1465/1/1458
f 1521/1/1513 1519/1/1514 1522/1/1515
f 1523/1/1516 1520/1/1512 1521/1/1513
f 1465/1/1458 1524/1/1517 1462/1/1456
f 1525/1/1518 1527/1/1519 1528/1/1520
f 1529/1/1521 1526/1/1522 1522/1/1515
f 1528/1/1520 1529/1/1521 1530/1/1523
f 1531/1/1524 1457/1/1450 1424/1/1418
f 1532/1/1525 1530/1/1523 1529/1/1521
f 1522/1/1515 1531/1/1524 1529/1/1521
f 1519/1/1514 1454/1/1448 1457/1/1450
f 1533/1/1526 1535/1/1527 1536/1/1528
f 1537/1/1529 1534/1/1530 1533/1/1526
f 1539/1/1531 1534/1/1530 1538/1/1532
f 1535/1/1527 1540/1/1533 1541/1/1534
f 1542/1/1535 1543/1/1536 1544/1/1537
f 1545/1/1538 1542/1/1535 1547/1/1539
f 1548/1/1540 1546/1/1541 1549/1/1542
f 1543/1/1536 1548/1/1540 1550/1/1543
f 1551/1/1544 1553/1/1545 1554/1/1546
f 1555/1/1547 1553/1/1545 1552/1/1548
f 1556/1/1549 1543/1/1536 1553/1/1545
f 1550/1/1543 1553/1/1545 1543/1/1536
f 1557/1/1550 1556/1/1549 1555/1/1547
f 1559/1/1551 1558/1/1552 1557/1/1550
f 1545/1/1538 1558/1/1552 1560/1/1553
f 1544/1/1537 1558/1/1552 1547/1/1539
f 1561/1/1554 1540/1/1533 1539/1/1531
f 1561/1/1554 1552/1/1548 1562/1/1555
f 1563/1/1556 1552/1/1548 1551/1/1544
f 1541/1/1534 1562/1/1555 1563/1/1556
f 1564/1/1557 1538/1/1532 1537/1/1529
f 1565/1/1558 1559/1/1551 1557/1/1550
f 1555/1/1547 1564/1/1557 1557/1/1550
f 1538/1/1532 1561/1/1554 1539/1/1531
f 1536/1/1528 1567/1/1559 1533/1/1526
f 1568/1/1560 1566/1/1561 1569/1/1562
f 1559/1/1551 1567/1/1559 1568/1/1560
f 1533/1/1526 1565/1/1558 1537/1/1529
f 1549/1/1542 1570/1/1563 1571/1/1564
f 1560/1/1553 1546/1/1541 1545/1/1538
f 1559/1/1551 1570/1/1563 1560/1/1553
f 1571/1/1564 1568/1/1560 1569/1/1562
f 1572/1/1565 1574/1/1566 1575/1/1567
f 1576/1/1568 1573/1/1569 1577/1/1570
f 1578/1/1571 1574/1/1566 1576/1/1568
f 1575/1/1567 1579/1/1572 1580/1/1573
f 1572/1/1565 1582/1/1574 1573/1/1569
f 1583/1/1575 1581/1/1576 1584/1/1577
f 1585/1/1578 1582/1/1574 1583/1/1575
f 1573/1/1569 1586/1/1579 1577/1/1570
f 1587/1/1580 1589/1/1581 1590/1/1582
f 1575/1/1567 1588/1/1583 1572/1/1565
f 1580/1/1573 1589/1/1581 1575/1/1567
f 1590/1/1582 1591/1/1584 1592/1/1585
f 1587/1/1580 1594/1/1586 1588/1/1583
f 1595/1/1587 1593/1/1588 1596/1/1589
f 1584/1/1577 1594/1/1586 1595/1/1587
f 1588/1/1583 1581/1/1576 1572/1/1565
f 1530/1/1523 1598/1/1590 1528/1/1520
f 1599/1/1591 1597/1/1592 1600/1/1593
f 1592/1/1585 1598/1/1590 1599/1/1591
f 1528/1/1520 1601/1/1594 1525/1/1518
f 1602/1/1595 1596/1/1589 1603/1/1596
f 1604/1/1597 1603/1/1596 1606/1/1598
f 1604/1/1597 855/1/853 862/1/860
f 1602/1/1595 862/1/860 861/1/859
f 1607/1/1599 856/1/854 855/1/853
f 1604/1/1597 1606/1/1598 1608/1/1600
f 547/1/546 1607/1/1599 1608/1/1600
f 856/1/854 847/1/845 840/1/837
f 1609/1/1601 1610/1/1602 1600/1/1593
f 1611/1/1603 1423/1/1417 1447/1/1441
f 1609/1/1601 1447/1/1441 556/1/555
f 555/1/554 561/1/560 1610/1/1602
f 1597/1/1592 1611/1/1603 1600/1/1593
f 1532/1/1525 1597/1/1592 1530/1/1523
f 1422/1/1415 1532/1/1525 1424/1/1418
f 1422/1/1415 1423/1/1417 1611/1/1603
f 547/1/546 1613/1/1604 546/1/544
f 1614/1/1605 1608/1/1600 1606/1/1598
f 1614/1/1605 1615/1/1606 1616/1/1607
f 1616/1/1607 543/1/542 546/1/544
f 1617/1/1608 1590/1/1582 1592/1/1585
f 1599/1/1591 1600/1/1593 1618/1/1609
f 1619/1/1610 1617/1/1608 1618/1/1609
f 1620/1/1611 1587/1/1580 1590/1/1582
f 534/1/533 1622/1/1612 553/1/551
f 1623/1/1613 1621/1/1614 1615/1/1606
f 560/1/559 1623/1/1613 561/1/560
f 553/1/551 560/1/559 550/1/549
f 1624/1/1615 530/1/532 529/1/528
f 542/1/540 543/1/542 1616/1/1607
f 1621/1/1614 1616/1/1607 1615/1/1606
f 1621/1/1614 534/1/533 530/1/532
f 1614/1/1605 1626/1/1616 1615/1/1606
f 1625/1/1617 1614/1/1605 1606/1/1598
f 1619/1/1610 1625/1/1617 1627/1/1618
f 561/1/560 1628/1/1619 1610/1/1602
f 1626/1/1616 1623/1/1613 1615/1/1606
f 1626/1/1616 1619/1/1610 1618/1/1609
f 1610/1/1602 1618/1/1609 1600/1/1593
f 1587/1/1580 1629/1/1620 1593/1/1588
f 1627/1/1618 1620/1/1611 1619/1/1610
f 1606/1/1598 1629/1/1620 1627/1/1618
f 1593/1/1588 1603/1/1596 1596/1/1589
f 861/1/859 1630/1/1621 1602/1/1595
f 1630/1/1621 860/1/858 859/1/857
f 1631/1/1622 1632/1/1623 1633/1/1624
f 1631/1/1622 1596/1/1589 1602/1/1595
f 1634/1/1625 1636/1/1626 1637/1/1627
f 1634/1/1625 1638/1/1628 1639/1/1629
f 1635/1/1630 1639/1/1629 869/1/866
f 1636/1/1626 1510/1/1504 1507/1/1501
f 1634/1/1625 1641/1/1631 1638/1/1628
f 1637/1/1627 1640/1/1632 1634/1/1625
f 1640/1/1632 1642/1/1633 1643/1/1634
f 1644/1/1635 1645/1/1636 1638/1/1628
f 1646/1/1637 1641/1/1631 1643/1/1634
f 1644/1/1635 1646/1/1637 1633/1/1624
f 1645/1/1636 1632/1/1623 859/1/857
f 1647/1/1638 1648/1/1639 1649/1/1640
f 1637/1/1627 1636/1/1626 1649/1/1640
f 1649/1/1640 1636/1/1626 1507/1/1501
f 1650/1/1641 1516/1/1508 1518/1/1510
f 1633/1/1624 1652/1/1642 1631/1/1622
f 1653/1/1643 1651/1/1644 1654/1/1645
f 1584/1/1577 1652/1/1642 1653/1/1643
f 1631/1/1622 1595/1/1587 1596/1/1589
f 1643/1/1634 1656/1/1646 1646/1/1637
f 1657/1/1647 1655/1/1648 1658/1/1649
f 1654/1/1645 1656/1/1646 1657/1/1647
f 1646/1/1637 1651/1/1644 1633/1/1624
f 1647/1/1638 1660/1/1650 1648/1/1639
f 1655/1/1648 1659/1/1651 1658/1/1649
f 1642/1/1633 1655/1/1648 1643/1/1634
f 1637/1/1627 1660/1/1650 1642/1/1633
f 1654/1/1645 1662/1/1652 1653/1/1643
f 1663/1/1653 1661/1/1654 1664/1/1655
f 1585/1/1578 1662/1/1652 1663/1/1653
f 1653/1/1643 1583/1/1575 1584/1/1577
f 1665/1/1656 1667/1/1657 1668/1/1658
f 1669/1/1659 1666/1/1660 1670/1/1661
f 1658/1/1649 1667/1/1657 1669/1/1659
f 1668/1/1658 1659/1/1651 1647/1/1638
f 1669/1/1659 1657/1/1647 1658/1/1649
f 1670/1/1661 1671/1/1662 1669/1/1659
f 1664/1/1655 1671/1/1662 1672/1/1663
f 1657/1/1647 1661/1/1654 1654/1/1645
f 1664/1/1655 1674/1/1664 1663/1/1653
f 1675/1/1665 1674/1/1664 1673/1/1666
f 1677/1/1667 1674/1/1664 1676/1/1668
f 1663/1/1653 1678/1/1669 1585/1/1578
f 1679/1/1670 1681/1/1671 1682/1/1672
f 1683/1/1673 1680/1/1674 1684/1/1675
f 1670/1/1661 1681/1/1671 1683/1/1673
f 1682/1/1672 1666/1/1660 1665/1/1656
f 1684/1/1675 1686/1/1676 1683/1/1673
f 1673/1/1666 1685/1/1677 1675/1/1665
f 1664/1/1655 1686/1/1676 1673/1/1666
f 1683/1/1673 1672/1/1663 1670/1/1661
f 1687/1/1678 1689/1/1679 1690/1/1680
f 1691/1/1681 1688/1/1682 1692/1/1683
f 1693/1/1684 1689/1/1679 1691/1/1681
f 1690/1/1680 1694/1/1685 1695/1/1686
f 1696/1/1687 1698/1/1688 1699/1/1689
f 1700/1/1690 1697/1/1691 1696/1/1687
f 1690/1/1680 1701/1/1692 1687/1/1678
f 1695/1/1686 1697/1/1691 1690/1/1680
f 1702/1/1693 1704/1/1694 1705/1/1695
f 1696/1/1687 1703/1/1696 1700/1/1690
f 1699/1/1689 1704/1/1694 1696/1/1687
f 1705/1/1695 1706/1/1697 1707/1/1698
f 1708/1/1699 1710/1/1700 1711/1/1701
f 194/1/196 1709/1/1702 198/1/197
f 193/1/192 1710/1/1700 194/1/196
f 1711/1/1701 1712/1/1703 1713/1/1704
f 1714/1/1705 203/1/204 202/1/201
f 1716/1/1706 1715/1/1707 1714/1/1705
f 1715/1/1707 1717/1/1708 1713/1/1704
f 203/1/204 1712/1/1703 193/1/192
f 202/1/201 1718/1/1709 1714/1/1705
f 1719/1/1710 213/1/211 212/1/210
f 1718/1/1709 1719/1/1710 1720/1/1711
f 1714/1/1705 1721/1/1712 1716/1/1706
f 1722/1/1713 1724/1/1714 1725/1/1715
f 1726/1/1716 1723/1/1717 1722/1/1713
f 1728/1/1718 1727/1/1719 1729/1/1720
f 1152/1/1148 1723/1/1717 1728/1/1718
f 298/1/296 1731/1/1721 297/1/295
f 1730/1/1722 1732/1/1723 1733/1/1724
f 159/1/158 1731/1/1721 1733/1/1724
f 297/1/295 158/1/157 163/1/162
f 157/1/156 1735/1/1725 152/1/150
f 1736/1/1726 1735/1/1725 1734/1/1727
f 165/1/164 1737/1/1728 166/1/165
f 152/1/150 165/1/164 149/1/148
f 1738/1/1729 1740/1/1730 1741/1/1731
f 1730/1/1722 1739/1/1732 1732/1/1723
f 298/1/296 1740/1/1730 1730/1/1722
f 1741/1/1731 350/1/347 351/1/349
f 1255/1/1251 1743/1/1733 1251/1/1247
f 1742/1/1734 1744/1/1735 1745/1/1736
f 1238/1/1234 1743/1/1733 1745/1/1736
f 1237/1/1233 1743/1/1733 1236/1/1231
f 1746/1/1737 1748/1/1738 1749/1/1739
f 1745/1/1736 1747/1/1740 1238/1/1234
f 1748/1/1738 1745/1/1736 1744/1/1735
f 1749/1/1739 1750/1/1741 1751/1/1742
f 1265/1/1261 1753/1/1743 1264/1/1259
f 1742/1/1734 1752/1/1744 1744/1/1735
f 1255/1/1251 1753/1/1743 1742/1/1734
f 1264/1/1259 1254/1/1250 1253/1/1249
f 1259/1/1255 1754/1/1745 1260/1/1256
f 1755/1/1746 1256/1/1254 1248/1/1243
f 1755/1/1746 1756/1/1747 1757/1/1748
f 1757/1/1748 1262/1/1257 1260/1/1256
f 1758/1/1749 1760/1/1750 1761/1/1751
f 1550/1/1543 1759/1/1752 1758/1/1749
f 1549/1/1542 1759/1/1752 1548/1/1540
f 1760/1/1750 1762/1/1753 1763/1/1754
f 1764/1/1755 1765/1/1756 1551/1/1544
f 1758/1/1749 1554/1/1546 1550/1/1543
f 1764/1/1755 1758/1/1749 1761/1/1751
f 1765/1/1756 1766/1/1757 1767/1/1758
f 1768/1/1759 1770/1/1760 1771/1/1761
f 1772/1/1762 1769/1/1763 1773/1/1764
f 1569/1/1562 1770/1/1760 1772/1/1762
f 1771/1/1761 1566/1/1561 1536/1/1528
f 1569/1/1562 1774/1/1765 1571/1/1564
f 1775/1/1766 1772/1/1762 1773/1/1764
f 1762/1/1753 1775/1/1766 1763/1/1754
f 1571/1/1564 1762/1/1753 1549/1/1542
f 1776/1/1767 1226/1/1225 1225/1/1221
f 1778/1/1768 1776/1/1767 1779/1/1769
f 1247/1/1242 1777/1/1770 1778/1/1768
f 1226/1/1225 1246/1/1241 1230/1/1226
f 1247/1/1242 1780/1/1771 1244/1/1240
f 1781/1/1772 1778/1/1768 1779/1/1769
f 1780/1/1771 1781/1/1772 1756/1/1747
f 1244/1/1240 1755/1/1746 1248/1/1243
f 1150/1/1146 1782/1/1773 1783/1/1774
f 1784/1/1775 1148/1/1145 1147/1/1142
f 1785/1/1776 1782/1/1773 1784/1/1775
f 1783/1/1774 1786/1/1777 1787/1/1778
f 1787/1/1778 1788/1/1779 1789/1/1780
f 1790/1/1781 1786/1/1777 1785/1/1776
f 1790/1/1781 1383/1/1379 1788/1/1779
f 1383/1/1379 1789/1/1780 1788/1/1779
f 1791/1/1782 1793/1/1783 1794/1/1784
f 1795/1/1785 1792/1/1786 1796/1/1787
f 1797/1/1788 1793/1/1783 1795/1/1785
f 1794/1/1784 1798/1/1789 1799/1/1790
f 1800/1/1791 1802/1/1792 1803/1/1793
f 1804/1/1794 1802/1/1792 1805/1/1795
f 178/1/177 1803/1/1793 1804/1/1794
f 1800/1/1791 181/1/179 186/1/185
f 1806/1/1796 1808/1/1797 1809/1/1798
f 1810/1/1799 1807/1/1800 1806/1/1796
f 1812/1/1801 1807/1/1800 1811/1/1802
f 1814/1/1803 1807/1/1800 1813/1/1804
f 1812/1/1801 1815/1/1805 1816/1/1806
f 1817/1/1807 1811/1/1802 1810/1/1799
f 166/1/165 1815/1/1805 1817/1/1807
f 1816/1/1806 1737/1/1728 1736/1/1726
f 1818/1/1808 1817/1/1807 1810/1/1799
f 1819/1/1809 1820/1/1810 1821/1/1811
f 1818/1/1808 1819/1/1809 169/1/168
f 1817/1/1807 168/1/167 166/1/165
f 1822/1/1812 1806/1/1796 1809/1/1798
f 1823/1/1813 1824/1/1814 1825/1/1815
f 1821/1/1811 1822/1/1812 1825/1/1815
f 1806/1/1796 1820/1/1810 1810/1/1799
f 1826/1/1816 1828/1/1817 1829/1/1818
f 1830/1/1819 1827/1/1820 1831/1/1821
f 198/1/197 1828/1/1817 1830/1/1819
f 1829/1/1818 1709/1/1702 1708/1/1699
f 1831/1/1821 1832/1/1822 1833/1/1823
f 1834/1/1824 1827/1/1820 1826/1/1816
f 1796/1/1787 1832/1/1822 1834/1/1824
f 1833/1/1823 1792/1/1786 1791/1/1782
f 1751/1/1742 1836/1/1825 1749/1/1739
f 1835/1/1826 1837/1/1827 1838/1/1828
f 1096/1/1093 1836/1/1825 1838/1/1828
f 1749/1/1739 1839/1/1829 1746/1/1737
f 1091/1/1088 1841/1/1830 1090/1/1086
f 1842/1/1831 1840/1/1832 1843/1/1833
f 1844/1/1834 1841/1/1830 1842/1/1831
f 1090/1/1086 1845/1/1835 266/1/264
f 1729/1/1720 1846/1/1836 1847/1/1837
f 1848/1/1838 1727/1/1719 1726/1/1716
f 1843/1/1833 1846/1/1836 1848/1/1838
f 1847/1/1837 1840/1/1832 1091/1/1088
f 1849/1/1839 1838/1/1828 1837/1/1827
f 1850/1/1840 1851/1/1841 1852/1/1842
f 252/1/250 1849/1/1839 1850/1/1840
f 1097/1/1094 1096/1/1093 1838/1/1828
f 1853/1/1843 1854/1/1844 1855/1/1845
f 1741/1/1731 1856/1/1846 1738/1/1729
f 351/1/349 1853/1/1843 1741/1/1731
f 1854/1/1844 354/1/352 253/1/251
f 1857/1/1847 1850/1/1840 1852/1/1842
f 1854/1/1844 1858/1/1848 1855/1/1845
f 253/1/251 1857/1/1847 1854/1/1844
f 1850/1/1840 1859/1/1849 252/1/250
f 1860/1/1850 1862/1/1851 1863/1/1852
f 261/1/258 1861/1/1853 258/1/256
f 266/1/264 1862/1/1851 261/1/258
f 1863/1/1852 1845/1/1835 1844/1/1834
f 1864/1/1854 1866/1/1855 1867/1/1856
f 1868/1/1857 1865/1/1858 1869/1/1859
f 1146/1/1141 1866/1/1855 1868/1/1857
f 1145/1/1140 1151/1/1147 1867/1/1856
f 154/1/153 1871/1/1860 162/1/160
f 1872/1/1861 1870/1/1862 1873/1/1863
f 294/1/291 1872/1/1861 291/1/289
f 163/1/162 1871/1/1860 294/1/291
f 149/1/148 1874/1/1864 150/1/152
f 1875/1/1865 171/1/170 170/1/169
f 1875/1/1865 1870/1/1862 1874/1/1864
f 150/1/152 1870/1/1862 154/1/153
f 1732/1/1723 1877/1/1866 1733/1/1724
f 1878/1/1867 1876/1/1868 1879/1/1869
f 155/1/154 1877/1/1866 1878/1/1867
f 1733/1/1724 160/1/159 159/1/158
f 1879/1/1869 1881/1/1870 1878/1/1867
f 1734/1/1727 1880/1/1871 1736/1/1726
f 156/1/155 1734/1/1727 157/1/156
f 1878/1/1867 156/1/155 155/1/154
f 1882/1/1872 1884/1/1873 1885/1/1874
f 361/1/360 1883/1/1875 359/1/358
f 258/1/256 1884/1/1873 361/1/360
f 1885/1/1874 1861/1/1853 1860/1/1850
f 359/1/358 1886/1/1876 360/1/359
f 1887/1/1877 1883/1/1875 1882/1/1872
f 1887/1/1877 1719/1/1710 1886/1/1876
f 212/1/210 1886/1/1876 1719/1/1710
f 281/1/279 1889/1/1878 280/1/277
f 1890/1/1879 1889/1/1878 1888/1/1880
f 1892/1/1881 1889/1/1878 1891/1/1882
f 280/1/277 1893/1/1883 282/1/280
f 304/1/302 1894/1/1884 1895/1/1885
f 301/1/298 1896/1/1886 1894/1/1884
f 1892/1/1881 1894/1/1884 1896/1/1886
f 1895/1/1885 1891/1/1882 1890/1/1879
f 1541/1/1534 1898/1/1887 1535/1/1527
f 1899/1/1888 1897/1/1889 1900/1/1890
f 1899/1/1888 1768/1/1759 1771/1/1761
f 1536/1/1528 1898/1/1887 1771/1/1761
f 1901/1/1891 1902/1/1892 1900/1/1890
f 1563/1/1556 1897/1/1889 1541/1/1534
f 1551/1/1544 1901/1/1891 1563/1/1556
f 1765/1/1756 1767/1/1758 1902/1/1892
f 1903/1/1893 1905/1/1894 1906/1/1895
f 1907/1/1896 1904/1/1897 1908/1/1898
f 1909/1/1899 1905/1/1894 1907/1/1896
f 1906/1/1895 1910/1/1900 1911/1/1901
f 1476/1/1470 1912/1/1902 1913/1/1903
f 1914/1/1904 1479/1/1472 1484/1/1478
f 1908/1/1898 1912/1/1902 1914/1/1904
f 1913/1/1903 1904/1/1897 1903/1/1893
f 1915/1/1905 1917/1/1906 1918/1/1907
f 1919/1/1908 1916/1/1909 1920/1/1910
f 1921/1/1911 1917/1/1906 1919/1/1908
f 1918/1/1907 1922/1/1912 1923/1/1913
f 1924/1/1914 1926/1/1915 1927/1/1916
f 1919/1/1908 1925/1/1917 1921/1/1911
f 1920/1/1910 1926/1/1915 1919/1/1908
f 1927/1/1916 1928/1/1918 1929/1/1919
f 1746/1/1737 1931/1/1920 1747/1/1740
f 1932/1/1921 1930/1/1922 1933/1/1923
f 1233/1/1229 1931/1/1920 1932/1/1921
f 1747/1/1740 1239/1/1235 1238/1/1234
f 1094/1/1091 1935/1/1924 1095/1/1092
f 1933/1/1923 1935/1/1924 1934/1/1925
f 1930/1/1922 1839/1/1829 1935/1/1924
f 1095/1/1092 1839/1/1829 1096/1/1093
f 1103/1/1100 1937/1/1926 1101/1/1097
f 1938/1/1927 1936/1/1928 1939/1/1929
f 1940/1/1930 1937/1/1926 1938/1/1927
f 1101/1/1097 1941/1/1931 1098/1/1095
f 1942/1/1932 1944/1/1933 1945/1/1934
f 1938/1/1927 1943/1/1935 1940/1/1930
f 1939/1/1929 1944/1/1933 1938/1/1927
f 1947/1/1936 1944/1/1933 1946/1/1937
f 1948/1/1938 1949/1/1939 1950/1/1940
f 1951/1/1941 1952/1/1942 1953/1/1943
f 1954/1/1944 1948/1/1938 1951/1/1941
f 1955/1/1945 1956/1/1946 1949/1/1939
f 1953/1/1943 1957/1/1947 1958/1/1948
f 1952/1/1942 1950/1/1940 1959/1/1949
f 1781/1/1772 1959/1/1949 1756/1/1747
f 1781/1/1772 1779/1/1769 1958/1/1948
f 1923/1/1913 1961/1/1950 1918/1/1907
f 1962/1/1951 1960/1/1952 1963/1/1953
f 1160/1/1156 1961/1/1950 1962/1/1951
f 1918/1/1907 1964/1/1954 1915/1/1905
f 1965/1/1955 1155/1/1150 1160/1/1156
f 1966/1/1956 1962/1/1951 1963/1/1953
f 1965/1/1955 1966/1/1956 1725/1/1715
f 1155/1/1150 1724/1/1714 1152/1/1148
f 1967/1/1957 1969/1/1958 1970/1/1959
f 1971/1/1960 1968/1/1961 1972/1/1962
f 1869/1/1859 1969/1/1958 1971/1/1960
f 1970/1/1959 1865/1/1858 1864/1/1854
f 1972/1/1962 1973/1/1963 1974/1/1964
f 1968/1/1961 1967/1/1957 1975/1/1965
f 1942/1/1932 1973/1/1963 1975/1/1965
f 1974/1/1964 1945/1/1934 1947/1/1936
f 1955/1/1945 1954/1/1944 1976/1/1966
f 1977/1/1967 1976/1/1966 1979/1/1968
f 1977/1/1967 1981/1/1969 1978/1/1970
f 1978/1/1970 1981/1/1969 1956/1/1946
f 1982/1/1971 1980/1/1972 1977/1/1967
f 1977/1/1967 1983/1/1973 1984/1/1974
f 1769/1/1763 1983/1/1973 1773/1/1764
f 1982/1/1971 1769/1/1763 1768/1/1759
f 1929/1/1919 1986/1/1975 1927/1/1916
f 1987/1/1976 1986/1/1975 1985/1/1977
f 1989/1/1978 1988/1/1979 1990/1/1980
f 1927/1/1916 1989/1/1978 1924/1/1914
f 1990/1/1980 1991/1/1981 1992/1/1982
f 1993/1/1983 1988/1/1979 1987/1/1976
f 1911/1/1901 1991/1/1981 1993/1/1983
f 1910/1/1900 1909/1/1899 1992/1/1982
f 1994/1/1984 1995/1/1985 1996/1/1986
f 1997/1/1987 1998/1/1988 1999/1/1989
f 1767/1/1758 1994/1/1984 1999/1/1989
f 1995/1/1985 1766/1/1757 1761/1/1751
f 2000/1/1990 2002/1/1991 2003/1/1992
f 2004/1/1993 2001/1/1994 2005/1/1995
f 1490/1/1484 2002/1/1991 2004/1/1993
f 2003/1/1992 1486/1/1483 1485/1/1479
f 2006/1/1996 2008/1/1997 2009/1/1998
f 2010/1/1999 2007/1/2000 2011/1/2001
f 2012/1/2002 2008/1/1997 2010/1/1999
f 2009/1/1998 2013/1/2003 2014/1/2004
f 2011/1/2001 2015/1/2005 2016/1/2006
f 2017/1/2007 2007/1/2000 2006/1/1996
f 1693/1/1684 2015/1/2005 2017/1/2007
f 2016/1/2006 1691/1/1681 1692/1/1683
f 2018/1/2008 2020/1/2009 2021/1/2010
f 1711/1/1701 2019/1/2011 1708/1/1699
f 1713/1/1704 2020/1/2009 1711/1/1701
f 2021/1/2010 2022/1/2012 2023/1/2013
f 2024/1/2014 2025/1/2015 2026/1/2016
f 2027/1/2017 2028/1/2018 2029/1/2019
f 2024/1/2014 2029/1/2019 1716/1/1706
f 2025/1/2015 1721/1/1712 1720/1/1711
f 2030/1/2020 2032/1/2021 2033/1/2022
f 1842/1/1831 2031/1/2023 1844/1/1834
f 1843/1/1833 2032/1/2021 1842/1/1831
f 2033/1/2022 2034/1/2024 2035/1/2025
f 2036/1/2026 2038/1/2027 2039/1/2028
f 1966/1/1956 2037/1/2029 1725/1/1715
f 1963/1/1953 2038/1/2027 1966/1/1956
f 2039/1/2028 2040/1/2030 2041/1/2031
f 2042/1/2032 2044/1/2033 2045/1/2034
f 2046/1/2035 2043/1/2036 2047/1/2037
f 1732/1/1723 2044/1/2033 2046/1/2035
f 2045/1/2034 1739/1/1732 1738/1/1729
f 2048/1/2038 2050/1/2039 2051/1/2040
f 2052/1/2041 2049/1/2042 2053/1/2043
f 1744/1/1735 2050/1/2039 2052/1/2041
f 2051/1/2040 1752/1/1744 1265/1/1261
f 2054/1/2044 2056/1/2045 2057/1/2046
f 2058/1/2047 2055/1/2048 2059/1/2049
f 1852/1/1842 2056/1/2045 2058/1/2047
f 2057/1/2046 1851/1/1841 1837/1/1827
f 2060/1/2050 2062/1/2051 2063/1/2052
f 1760/1/1750 2060/1/2050 1761/1/1751
f 1763/1/1754 2061/1/2053 1760/1/1750
f 2062/1/2051 2064/1/2054 2065/1/2055
f 2066/1/2056 2067/1/2057 2068/1/2058
f 1776/1/1767 2069/1/2059 1779/1/1769
f 1225/1/1221 2066/1/2056 1776/1/1767
f 2067/1/2057 2070/1/2060 2041/1/2031
f 2071/1/2061 2073/1/2062 2074/1/2063
f 2072/1/2064 1924/1/1914 1989/1/1978
f 1990/1/1980 2073/1/2062 1989/1/1978
f 2074/1/2063 2075/1/2065 2076/1/2066
f 2077/1/2067 2079/1/2068 2080/1/2069
f 1795/1/1785 2078/1/2070 1797/1/1788
f 1796/1/1787 2079/1/2068 1795/1/1785
f 2080/1/2069 2081/1/2071 2082/1/2072
f 169/1/168 2084/1/2073 167/1/166
f 2085/1/2074 2083/1/2075 2086/1/2076
f 2018/1/2008 2084/1/2073 2085/1/2074
f 167/1/166 2087/1/2077 170/1/169
f 2021/1/2010 2087/1/2077 2018/1/2008
f 2023/1/2013 2088/1/2078 2021/1/2010
f 1873/1/1863 2088/1/2078 2089/1/2079
f 170/1/169 2088/1/2078 1875/1/1865
f 1708/1/1699 2090/1/2080 1829/1/1818
f 2085/1/2074 2019/1/2011 2018/1/2008
f 2086/1/2076 2090/1/2080 2085/1/2074
f 1829/1/1818 2091/1/2081 1826/1/1816
f 1873/1/1863 2092/1/2082 1872/1/1861
f 2093/1/2083 2089/1/2079 2023/1/2013
f 2094/1/2084 2093/1/2083 2028/1/2018
f 291/1/289 2092/1/2082 2094/1/2084
f 2028/1/2018 2095/1/2085 2094/1/2084
f 2096/1/2086 2027/1/2017 2026/1/2016
f 296/1/294 2095/1/2085 2096/1/2086
f 2094/1/2084 292/1/293 291/1/289
f 1717/1/1708 1716/1/1706 2029/1/2019
f 2028/1/2018 2097/1/2087 2029/1/2019
f 2097/1/2087 2093/1/2083 2023/1/2013
f 1717/1/1708 2022/1/2012 1713/1/1704
f 296/1/294 2098/1/2088 349/1/346
f 2026/1/2016 2098/1/2088 2096/1/2086
f 2100/1/2089 2098/1/2088 2099/1/2090
f 349/1/346 2101/1/2091 346/1/344
f 2025/1/2015 2099/1/2090 2026/1/2016
f 1720/1/1711 2102/1/2092 2025/1/2015
f 2102/1/2092 1887/1/1877 1882/1/1872
f 2099/1/2090 2103/1/2093 2100/1/2089
f 256/1/254 2105/1/2094 255/1/253
f 2106/1/2095 2104/1/2096 2107/1/2097
f 2030/1/2020 2105/1/2094 2106/1/2095
f 255/1/253 2108/1/2098 257/1/255
f 257/1/255 2109/1/2099 1093/1/1090
f 2033/1/2022 2108/1/2098 2030/1/2020
f 2035/1/2025 2109/1/2099 2033/1/2022
f 1093/1/1090 2110/1/2100 1094/1/1091
f 1844/1/1834 2111/1/2101 1863/1/1852
f 2106/1/2095 2031/1/2023 2030/1/2020
f 2107/1/2097 2111/1/2101 2106/1/2095
f 1863/1/1852 2112/1/2102 1860/1/1850
f 1933/1/1923 2114/1/2103 1932/1/1921
f 2115/1/2104 2113/1/2105 2116/1/2106
f 2036/1/2026 2114/1/2103 2115/1/2104
f 1932/1/1921 2117/1/2107 1233/1/1229
f 1233/1/1229 2118/1/2108 1228/1/1223
f 2039/1/2028 2117/1/2107 2036/1/2026
f 2041/1/2031 2118/1/2108 2039/1/2028
f 1228/1/1223 2070/1/2060 1225/1/1221
f 1725/1/1715 2119/1/2109 1722/1/1713
f 2115/1/2104 2037/1/2029 2036/1/2026
f 2116/1/2106 2119/1/2109 2115/1/2104
f 1722/1/1713 2120/1/2110 1726/1/1716
f 2121/1/2111 2123/1/2112 2124/1/2113
f 2125/1/2114 2122/1/2115 2126/1/2116
f 183/1/182 2123/1/2112 2125/1/2114
f 2124/1/2113 179/1/181 178/1/177
f 2126/1/2116 2128/1/2117 2125/1/2114
f 2129/1/2118 2127/1/2119 2130/1/2120
f 190/1/189 2128/1/2117 2129/1/2118
f 2125/1/2114 187/1/188 183/1/182
f 2127/1/2119 2131/1/2121 2132/1/2122
f 1880/1/1871 2131/1/2121 1736/1/1726
f 2133/1/2123 1880/1/1871 1879/1/1869
f 2130/1/2120 2132/1/2122 2133/1/2123
f 1812/1/1801 2134/1/2124 2135/1/2125
f 2131/1/2121 1816/1/1806 1736/1/1726
f 2126/1/2116 2134/1/2124 2131/1/2121
f 2135/1/2125 2122/1/2115 2121/1/2111
f 2130/1/2120 2137/1/2126 2129/1/2118
f 2138/1/2127 2136/1/2128 2047/1/2037
f 302/1/300 2137/1/2126 2138/1/2127
f 2129/1/2118 299/1/299 190/1/189
f 2047/1/2037 2139/1/2129 2138/1/2127
f 2140/1/2130 2043/1/2036 2042/1/2032
f 1892/1/1881 2139/1/2129 2140/1/2130
f 2138/1/2127 1896/1/1886 302/1/300
f 1879/1/1869 2141/1/2131 2133/1/2123
f 2046/1/2035 1876/1/1868 1732/1/1723
f 2047/1/2037 2141/1/2131 2046/1/2035
f 2133/1/2123 2136/1/2128 2130/1/2120
f 2142/1/2132 2144/1/2133 2145/1/2134
f 2146/1/2135 2143/1/2136 2053/1/2043
f 1947/1/1936 2144/1/2133 2146/1/2135
f 2145/1/2134 1946/1/1937 1939/1/1929
f 2147/1/2137 1974/1/1964 1947/1/1936
f 2053/1/2043 2147/1/2137 2146/1/2135
f 2049/1/2042 2048/1/2038 2148/1/2138
f 1974/1/1964 2148/1/2138 1972/1/1962
f 1751/1/1742 2149/1/2139 2150/1/2140
f 2052/1/2041 1750/1/1741 1744/1/1735
f 2053/1/2043 2149/1/2139 2052/1/2041
f 2143/1/2136 2142/1/2132 2150/1/2140
f 2151/1/2141 2153/1/2142 2154/1/2143
f 2155/1/2144 2152/1/2145 2059/1/2049
f 284/1/282 2153/1/2142 2155/1/2144
f 2154/1/2143 283/1/281 282/1/280
f 2059/1/2049 2156/1/2146 2155/1/2144
f 2157/1/2147 2055/1/2048 2054/1/2044
f 1103/1/1100 2156/1/2146 2157/1/2147
f 2155/1/2144 1102/1/1099 284/1/282
f 1855/1/1845 2158/1/2148 2159/1/2149
f 2058/1/2047 1858/1/1848 1852/1/1842
f 2059/1/2049 2158/1/2148 2058/1/2047
f 2159/1/2149 2152/1/2145 2151/1/2141
f 2160/1/2150 2162/1/2151 2163/1/2152
f 2161/1/2153 2164/1/2154 2165/1/2155
f 2162/1/2151 2165/1/2155 1146/1/1141
f 2163/1/2152 1868/1/1857 1869/1/1859
f 2165/1/2155 1143/1/1139 1146/1/1141
f 2166/1/2156 2165/1/2155 2164/1/2154
f 2167/1/2157 2166/1/2156 2169/1/2158
f 1143/1/1139 2168/1/2159 1147/1/1142
f 2170/1/2160 2169/1/2158 2164/1/2154
f 1756/1/1747 2171/1/2161 2170/1/2160
f 1950/1/1940 2171/1/2161 1959/1/1949
f 2169/1/2158 2172/1/2162 2167/1/2157
f 1262/1/1257 2173/1/2163 2174/1/2164
f 2170/1/2160 1757/1/1748 1756/1/1747
f 2164/1/2154 2173/1/2163 2170/1/2160
f 2161/1/2153 2160/1/2150 2174/1/2164
f 2175/1/2165 2177/1/2166 2178/1/2167
f 2176/1/2168 2179/1/2169 2180/1/2170
f 2177/1/2166 2180/1/2170 1378/1/1374
f 2178/1/2167 1387/1/1383 1386/1/1382
f 1378/1/1374 2181/1/2171 1377/1/1372
f 2180/1/2170 2179/1/2169 2182/1/2172
f 2183/1/2173 2181/1/2171 2182/1/2172
f 1377/1/1372 2184/1/2174 1379/1/1375
f 2179/1/2169 2186/1/2175 2182/1/2172
f 1899/1/1888 2185/1/2176 1768/1/1759
f 1900/1/1890 2186/1/2175 1899/1/1888
f 2182/1/2172 2187/1/2177 2183/1/2173
f 1980/1/1972 2188/1/2178 2189/1/2179
f 2185/1/2176 1982/1/1971 1768/1/1759
f 2179/1/2169 2188/1/2178 2185/1/2176
f 2189/1/2179 2176/1/2168 2175/1/2165
f 1379/1/1375 2190/1/2180 1488/1/1481
f 2191/1/2181 2184/1/2174 2183/1/2173
f 2192/1/2182 2190/1/2180 2191/1/2181
f 2193/1/2183 1485/1/1479 1488/1/1481
f 1485/1/1479 2194/1/2184 2003/1/1992
f 2195/1/2185 2193/1/2183 2192/1/2182
f 2196/1/2186 2194/1/2184 2195/1/2185
f 2003/1/1992 2197/1/2187 2000/1/1990
f 2192/1/2182 2199/1/2188 2195/1/2185
f 1999/1/1989 2198/1/2189 1767/1/1758
f 2199/1/2188 1999/1/1989 1998/1/1988
f 2195/1/2185 2200/1/2190 2196/1/2186
f 1767/1/1758 2201/1/2191 1902/1/1892
f 2191/1/2181 2198/1/2189 2192/1/2182
f 2183/1/2173 2201/1/2191 2191/1/2181
f 1902/1/1892 2187/1/2177 1900/1/1890
f 1702/1/1693 2203/1/2192 1703/1/1696
f 2204/1/2193 2202/1/2194 2205/1/2195
f 2206/1/2196 2203/1/2192 2204/1/2193
f 1703/1/1696 2207/1/2197 1700/1/1690
f 2207/1/2197 2208/1/2198 2209/1/2199
f 2210/1/2200 2208/1/2198 2211/1/2201
f 1687/1/1678 2209/1/2199 2210/1/2200
f 2207/1/2197 1701/1/1692 1700/1/1690
f 2211/1/2201 2213/1/2202 2210/1/2200
f 2214/1/2203 2212/1/2204 2215/1/2205
f 1692/1/1683 2213/1/2202 2214/1/2203
f 2210/1/2200 1688/1/1682 1687/1/1678
f 1692/1/1683 2216/1/2206 2016/1/2006
f 2217/1/2207 2214/1/2203 2215/1/2205
f 2218/1/2208 2216/1/2206 2217/1/2207
f 2016/1/2006 2219/1/2209 2011/1/2001
f 2011/1/2001 2220/1/2210 2010/1/1999
f 2221/1/2211 2219/1/2209 2218/1/2208
f 2222/1/2212 2220/1/2210 2221/1/2211
f 2223/1/2213 2012/1/2002 2010/1/1999
f 2224/1/2214 2226/1/2215 2227/1/2216
f 2228/1/2217 2225/1/2218 2063/1/2052
f 1484/1/1478 2226/1/2215 2228/1/2217
f 2227/1/2216 1483/1/1477 1482/1/1476
f 1484/1/1478 2229/1/2219 1914/1/1904
f 2062/1/2051 2228/1/2217 2063/1/2052
f 2065/1/2055 2229/1/2219 2062/1/2051
f 2230/1/2220 1908/1/1898 1914/1/1904
f 1996/1/1986 2231/1/2221 2232/1/2222
f 2060/1/2050 1995/1/1985 1761/1/1751
f 2063/1/2052 2231/1/2221 2060/1/2050
f 2232/1/2222 2225/1/2218 2224/1/2214
f 1908/1/1898 2233/1/2223 1907/1/1896
f 2234/1/2224 2230/1/2220 2065/1/2055
f 2235/1/2225 2233/1/2223 2234/1/2224
f 1907/1/1896 2236/1/2226 1909/1/1899
f 1909/1/1899 2237/1/2227 1992/1/1982
f 2238/1/2228 2236/1/2226 2235/1/2225
f 2076/1/2066 2237/1/2227 2238/1/2228
f 2075/1/2065 1990/1/1980 1992/1/1982
f 2238/1/2228 2240/1/2229 2076/1/2066
f 2235/1/2225 2239/1/2230 2238/1/2228
f 1773/1/1764 2239/1/2230 2241/1/2231
f 1983/1/1973 2240/1/2229 2239/1/2230
f 1763/1/1754 2242/1/2232 2064/1/2054
f 2241/1/2231 1775/1/1766 1773/1/1764
f 2235/1/2225 2242/1/2232 2241/1/2231
f 2065/1/2055 2242/1/2232 2234/1/2224
f 2243/1/2233 2245/1/2234 2246/1/2235
f 2247/1/2236 2244/1/2237 2068/1/2058
f 1923/1/1913 2245/1/2234 2247/1/2236
f 1922/1/1912 1921/1/1911 2246/1/2235
f 1960/1/1952 1923/1/1913 2247/1/2236
f 2067/1/2057 2247/1/2236 2068/1/2058
f 2041/1/2031 2248/1/2238 2067/1/2057
f 2040/1/2030 1963/1/1953 1960/1/1952
f 1953/1/1943 2249/1/2239 2250/1/2240
f 2069/1/2059 1958/1/1948 1779/1/1769
f 2068/1/2058 2249/1/2239 2069/1/2059
f 2244/1/2237 2243/1/2233 2250/1/2240
f 1953/1/1943 2251/1/2241 1951/1/1941
f 2252/1/2242 2250/1/2240 2243/1/2233
f 2071/1/2061 2251/1/2241 2252/1/2242
f 1951/1/1941 2253/1/2243 1954/1/1944
f 1954/1/1944 2254/1/2244 1976/1/1966
f 2074/1/2063 2253/1/2243 2071/1/2061
f 2254/1/2244 2074/1/2063 2076/1/2066
f 2240/1/2229 1976/1/1966 2254/1/2244
f 1924/1/1914 2255/1/2245 1925/1/1917
f 2252/1/2242 2072/1/2064 2071/1/2061
f 2243/1/2233 2255/1/2245 2252/1/2242
f 2255/1/2245 2246/1/2235 1921/1/1911
f 2256/1/2246 1981/1/1969 1980/1/1972
f 2189/1/2179 2257/1/2247 2256/1/2246
f 2258/1/2248 2256/1/2246 2257/1/2247
f 1981/1/1969 2259/1/2249 1956/1/1946
f 2260/1/2250 1949/1/1939 1956/1/1946
f 2259/1/2249 2258/1/2248 2261/1/2251
f 2167/1/2157 2260/1/2250 2261/1/2251
f 1949/1/1939 2172/1/2162 1950/1/1940
f 2258/1/2248 2263/1/2252 2261/1/2251
f 1784/1/1775 2262/1/2253 1785/1/1776
f 1147/1/1142 2263/1/2252 1784/1/1775
f 2168/1/2159 2167/1/2157 2261/1/2251
f 1785/1/1776 2264/1/2254 1790/1/1781
f 2257/1/2247 2262/1/2253 2258/1/2248
f 2175/1/2165 2264/1/2254 2257/1/2247
f 1790/1/1781 2178/1/2167 1386/1/1382
f 2265/1/2255 1825/1/1815 1824/1/1814
f 2080/1/2069 2266/1/2256 2077/1/2067
f 2265/1/2255 2080/1/2069 2082/1/2072
f 1825/1/1815 2267/1/2257 1821/1/1811
f 2121/1/2111 2269/1/2258 2135/1/2125
f 2270/1/2259 2268/1/2260 2271/1/2261
f 1814/1/1803 2269/1/2258 2270/1/2259
f 2135/1/2125 1813/1/1804 1812/1/1801
f 2272/1/2262 1804/1/1794 1805/1/1795
f 2271/1/2261 2273/1/2263 2272/1/2262
f 2124/1/2113 2268/1/2260 2121/1/2111
f 178/1/177 2273/1/2263 2124/1/2113
f 1826/1/1816 2274/1/2264 1834/1/1824
f 2275/1/2265 2091/1/2081 2086/1/2076
f 2082/1/2072 2274/1/2264 2275/1/2265
f 1834/1/1824 2081/1/2071 1796/1/1787
f 1821/1/1811 2276/1/2266 1819/1/1809
f 2275/1/2265 2267/1/2257 2082/1/2072
f 2086/1/2076 2276/1/2266 2275/1/2265
f 1819/1/1809 2083/1/2075 169/1/168
f 1094/1/1091 2277/1/2267 1934/1/1925
f 2278/1/2268 2110/1/2100 2035/1/2025
f 2116/1/2106 2277/1/2267 2278/1/2268
f 1934/1/1925 2113/1/2105 1933/1/1923
f 2035/1/2025 2279/1/2269 2278/1/2268
f 1848/1/1838 2034/1/2024 1843/1/1833
f 1726/1/1716 2279/1/2269 1848/1/1838
f 2278/1/2268 2120/1/2110 2116/1/2106
f 2054/1/2044 2281/1/2270 2157/1/2147
f 2145/1/2134 2280/1/2271 2142/1/2132
f 1939/1/1929 2281/1/2270 2145/1/2134
f 2157/1/2147 1936/1/1928 1103/1/1100
f 2142/1/2132 2282/1/2272 2150/1/2140
f 2057/1/2046 2280/1/2271 2054/1/2044
f 1837/1/1827 2282/1/2272 2057/1/2046
f 1835/1/1826 1751/1/1742 2150/1/2140
f 2042/1/2032 2284/1/2273 2140/1/2130
f 2154/1/2143 2283/1/2274 2151/1/2141
f 282/1/280 2284/1/2273 2154/1/2143
f 2140/1/2130 1893/1/1883 1892/1/1881
f 2285/1/2275 2045/1/2034 1738/1/1729
f 2159/1/2149 1856/1/1846 1855/1/1845
f 2151/1/2141 2285/1/2275 2159/1/2149
f 2045/1/2034 2283/1/2274 2042/1/2032
f 2286/1/2276 353/1/351 346/1/344
f 2287/1/2277 2101/1/2091 2100/1/2089
f 2286/1/2276 2287/1/2277 2107/1/2097
f 2104/1/2096 256/1/254 353/1/351
f 1860/1/1850 2288/1/2278 1885/1/1874
f 2287/1/2277 2112/1/2102 2107/1/2097
f 2100/1/2089 2288/1/2278 2287/1/2277
f 2103/1/2093 1882/1/1872 1885/1/1874
f 2174/1/2164 1263/1/1260 1262/1/1257
f 2289/1/2279 2174/1/2164 2160/1/2150
f 2051/1/2040 2290/1/2280 2048/1/2038
f 1265/1/1261 2289/1/2279 2051/1/2040
f 2163/1/2152 2290/1/2280 2160/1/2150
f 2163/1/2152 1971/1/1960 2291/1/2281
f 1972/1/1962 2291/1/2281 1971/1/1960
f 2290/1/2280 2148/1/2138 2048/1/2038
f 1638/1/1628 2293/1/2282 1639/1/1629
f 2292/1/2283 2294/1/2284 2295/1/2285
f 2293/1/2282 2295/1/2285 871/1/869
f 1639/1/1629 870/1/868 869/1/866
f 1039/1/1036 2297/1/2286 1040/1/1037
f 2298/1/2287 2296/1/2288 2299/1/2289
f 851/1/849 2297/1/2286 2298/1/2287
f 1028/1/1025 2297/1/2286 1027/1/1023
f 2300/1/2290 2302/1/2291 2303/1/2292
f 2296/1/2288 2301/1/2293 2299/1/2289
f 1039/1/1036 2302/1/2291 2296/1/2288
f 2303/1/2292 1060/1/1057 1062/1/1058
f 2299/1/2289 2305/1/2294 2298/1/2287
f 2306/1/2295 2305/1/2294 2304/1/2296
f 853/1/851 2305/1/2294 2307/1/2297
f 2298/1/2287 852/1/850 851/1/849
f 2299/1/2289 2308/1/2298 2304/1/2296
f 2309/1/2299 2301/1/2293 2300/1/2290
f 2310/1/2300 2308/1/2298 2309/1/2299
f 2304/1/2296 2311/1/2301 2306/1/2295
f 2311/1/2301 2310/1/2300 2312/1/2302
f 2312/1/2302 859/1/857 857/1/856
f 2307/1/2297 857/1/856 853/1/851
f 2313/1/2303 2307/1/2297 2306/1/2295
f 1645/1/1636 859/1/857 2312/1/2302
f 2310/1/2300 2315/1/2304 2312/1/2302
f 2294/1/2284 2315/1/2304 2314/1/2305
f 2292/1/2283 1638/1/1628 1645/1/1636
f 2314/1/2305 2295/1/2285 2294/1/2284
f 2309/1/2299 2314/1/2305 2310/1/2300
f 2300/1/2290 2316/1/2306 2309/1/2299
f 2295/1/2285 2317/1/2307 871/1/869
f 871/1/869 2318/1/2308 866/1/863
f 2303/1/2292 2317/1/2307 2300/1/2290
f 1062/1/1058 2318/1/2308 2303/1/2292
f 866/1/863 1071/1/1068 863/1/861
f 1522/1/1515 2319/1/2309 1521/1/1513
f 2320/1/2310 1526/1/1522 1525/1/1518
f 2320/1/2310 2322/1/2311 2319/1/2309
f 1521/1/1513 2322/1/2311 1523/1/1516
f 2323/1/2312 1591/1/1584 1580/1/1573
f 2320/1/2310 2323/1/2312 2321/1/2313
f 2324/1/2314 2320/1/2310 1525/1/1518
f 1601/1/1594 1592/1/1585 1591/1/1584
f 1579/1/1572 1578/1/1571 2325/1/2315
f 2325/1/2315 2326/1/2316 2327/1/2317
f 2321/1/2313 2328/1/2318 2327/1/2317
f 1580/1/1573 2328/1/2318 2323/1/2312
f 1523/1/1516 2330/1/2319 1524/1/1517
f 2331/1/2320 2329/1/2321 2332/1/2322
f 1467/1/1461 2330/1/2319 2331/1/2320
f 1462/1/1456 2330/1/2319 1463/1/1460
f 1523/1/1516 2333/1/2323 2329/1/2321
f 2321/1/2313 2333/1/2323 2322/1/2311
f 2335/1/2324 2333/1/2323 2334/1/2325
f 2329/1/2321 2336/1/2326 2332/1/2322
f 2335/1/2324 2337/1/2327 2338/1/2328
f 2327/1/2317 2334/1/2325 2321/1/2313
f 2326/1/2316 2337/1/2327 2327/1/2317
f 2339/1/2329 2341/1/2330 2342/1/2331
f 1480/1/1473 2340/1/2332 1482/1/1476
f 1481/1/1475 2341/1/2330 1480/1/1473
f 2342/1/2331 2343/1/2333 2344/1/2334
f 2345/1/2335 2347/1/2336 2348/1/2337
f 2349/1/2338 2346/1/2339 2350/1/2340
f 2014/1/2004 2347/1/2336 2349/1/2338
f 2348/1/2337 2013/1/2003 2012/1/2002
f 2344/1/2334 2352/1/2341 2342/1/2331
f 2353/1/2342 2351/1/2343 2354/1/2344
f 2355/1/2345 2352/1/2341 2353/1/2342
f 2342/1/2331 2356/1/2346 2339/1/2329
f 2357/1/2347 2346/1/2339 2345/1/2335
f 2355/1/2345 2358/1/2348 2357/1/2347
f 2354/1/2344 2358/1/2348 2353/1/2342
f 2359/1/2349 2346/1/2339 2358/1/2348
f 1482/1/1476 2360/1/2350 2227/1/2216
f 2361/1/2351 2340/1/2332 2339/1/2329
f 2362/1/2352 2360/1/2350 2361/1/2351
f 2227/1/2216 2363/1/2353 2224/1/2214
f 2364/1/2354 2366/1/2355 2367/1/2356
f 2348/1/2337 2365/1/2357 2345/1/2335
f 2012/1/2002 2366/1/2355 2348/1/2337
f 2367/1/2356 2223/1/2213 2222/1/2212
f 2368/1/2358 2370/1/2359 2371/1/2360
f 2357/1/2347 2369/1/2361 2355/1/2345
f 2345/1/2335 2370/1/2359 2357/1/2347
f 2371/1/2360 2365/1/2357 2364/1/2354
f 2355/1/2345 2372/1/2362 2356/1/2346
f 2373/1/2363 2369/1/2361 2368/1/2358
f 2361/1/2351 2373/1/2363 2362/1/2352
f 2339/1/2329 2372/1/2362 2361/1/2351
f 2374/1/2364 2376/1/2365 2377/1/2366
f 2232/1/2222 2374/1/2364 1996/1/1986
f 2224/1/2214 2375/1/2367 2232/1/2222
f 2376/1/2365 2363/1/2353 2362/1/2352
f 2368/1/2358 2379/1/2368 2373/1/2363
f 2380/1/2369 2378/1/2370 2381/1/2371
f 2377/1/2366 2379/1/2368 2380/1/2369
f 2373/1/2363 2376/1/2365 2362/1/2352
f 2377/1/2366 2383/1/2372 2374/1/2364
f 2384/1/2373 2382/1/2374 2385/1/2375
f 1998/1/1988 2383/1/2372 2384/1/2373
f 2374/1/2364 1997/1/1987 1996/1/1986
f 2381/1/2371 2387/1/2376 2380/1/2369
f 2388/1/2377 2386/1/2378 2389/1/2379
f 2385/1/2375 2387/1/2376 2388/1/2377
f 2382/1/2374 2377/1/2366 2380/1/2369
f 2390/1/2380 2384/1/2373 2385/1/2375
f 2391/1/2381 2392/1/2382 2393/1/2383
f 2196/1/2186 2390/1/2380 2391/1/2381
f 2384/1/2373 2200/1/2190 1998/1/1988
f 2394/1/2384 2396/1/2385 2397/1/2386
f 2393/1/2383 2396/1/2385 2395/1/2387
f 2388/1/2377 2392/1/2382 2385/1/2375
f 2388/1/2377 2389/1/2379 2397/1/2386
f 2398/1/2388 2400/1/2389 2401/1/2390
f 2402/1/2391 2399/1/2392 2398/1/2388
f 2205/1/2195 2399/1/2392 2403/1/2393
f 2400/1/2389 2202/1/2194 1702/1/1693
f 2393/1/2383 2405/1/2394 2391/1/2381
f 2406/1/2395 2404/1/2396 2407/1/2397
f 2000/1/1990 2405/1/2394 2406/1/2395
f 2391/1/2381 2197/1/2187 2196/1/2186
f 2395/1/2387 2404/1/2396 2393/1/2383
f 2409/1/2398 2395/1/2387 2394/1/2384
f 2410/1/2399 2408/1/2400 2409/1/2398
f 2407/1/2397 2408/1/2400 2411/1/2401
f 2401/1/2390 2413/1/2402 2398/1/2388
f 2409/1/2398 2412/1/2403 2410/1/2399
f 2394/1/2384 2413/1/2402 2409/1/2398
f 2398/1/2388 2414/1/2404 2402/1/2391
f 1707/1/1698 2416/1/2405 1705/1/1695
f 2417/1/2406 2415/1/2407 2418/1/2408
f 2401/1/2390 2416/1/2405 2417/1/2406
f 1705/1/1695 2400/1/2389 1702/1/1693
f 2407/1/2397 2420/1/2409 2406/1/2395
f 2421/1/2410 2419/1/2411 2422/1/2412
f 2005/1/1995 2420/1/2409 2421/1/2410
f 2406/1/2395 2001/1/1994 2000/1/1990
f 2411/1/2401 2419/1/2411 2407/1/2397
f 2424/1/2413 2411/1/2401 2410/1/2399
f 2425/1/2414 2423/1/2415 2424/1/2413
f 2422/1/2412 2423/1/2415 2426/1/2416
f 2418/1/2408 2428/1/2417 2417/1/2406
f 2424/1/2413 2427/1/2418 2425/1/2414
f 2410/1/2399 2428/1/2417 2424/1/2413
f 2417/1/2406 2412/1/2403 2401/1/2390
f 2429/1/2419 2431/1/2420 2432/1/2421
f 2433/1/2422 2431/1/2420 2430/1/2423
f 2421/1/2410 2434/1/2424 2005/1/1995
f 2421/1/2410 2432/1/2421 2431/1/2420
f 2422/1/2412 2435/1/2425 2432/1/2421
f 2436/1/2426 2426/1/2416 2425/1/2414
f 2437/1/2427 2435/1/2425 2436/1/2426
f 2432/1/2421 2438/1/2428 2429/1/2419
f 1665/1/1656 2440/1/2429 1682/1/1672
f 2439/1/2430 2442/1/2431 2440/1/2429
f 2443/1/2432 2440/1/2429 2442/1/2431
f 1682/1/1672 2444/1/2433 1679/1/1670
f 2441/1/2434 2446/1/2435 2447/1/2436
f 2448/1/2437 2445/1/2438 1518/1/1510
f 2449/1/2439 2446/1/2435 2448/1/2437
f 2447/1/2436 2450/1/2440 2451/1/2441
f 1505/1/1499 1512/1/1506 2452/1/2442
f 1512/1/1506 2453/1/2443 2452/1/2442
f 2448/1/2437 2453/1/2443 2449/1/2439
f 1518/1/1510 2452/1/2442 2448/1/2437
f 2439/1/2430 2445/1/2438 2441/1/2434
f 1668/1/1658 2439/1/2430 1665/1/1656
f 2454/1/2444 1668/1/1658 1647/1/1638
f 2454/1/2444 1650/1/1641 1518/1/1510
f 50/1/49 2456/1/2445 47/1/47
f 2457/1/2446 50/1/49 55/1/55
f 2458/1/2447 2459/1/2448 2460/1/2449
f 2461/1/2450 2462/1/2451 2463/1/2452
f 52/1/52 2458/1/2447 2461/1/2450
f 48/1/51 47/1/47 2459/1/2448
f 2464/1/2453 2465/1/2454 2466/1/2455
f 2467/1/2456 2468/1/2457 2469/1/2458
f 2463/1/2452 2464/1/2453 2469/1/2458
f 2462/1/2451 2460/1/2449 2465/1/2454
f 2470/1/2459 2471/1/2460 2472/1/2461
f 2473/1/2462 2474/1/2463 2475/1/2464
f 2476/1/2465 2470/1/2459 2473/1/2462
f 2471/1/2460 2477/1/2466 2478/1/2467
f 2479/1/2468 2480/1/2469 2481/1/2470
f 2482/1/2471 2483/1/2472 2484/1/2473
f 2476/1/2465 2479/1/2468 2482/1/2471
f 2480/1/2469 2473/1/2462 2475/1/2464
f 2485/1/2474 2487/1/2475 2488/1/2476
f 2489/1/2477 2485/1/2474 2490/1/2478
f 2484/1/2473 2486/1/2479 2489/1/2477
f 2481/1/2470 2487/1/2475 2486/1/2479
f 2460/1/2449 2491/1/2480 2492/1/2481
f 2456/1/2445 2459/1/2448 47/1/47
f 2493/1/2482 2465/1/2454 2494/1/2483
f 2492/1/2481 2465/1/2454 2460/1/2449
f 2495/1/2484 2497/1/2485 2498/1/2486
f 2496/1/2487 2468/1/2457 2467/1/2456
f 2466/1/2455 2497/1/2485 2467/1/2456
f 2499/1/2488 2500/1/2489 2501/1/2490
f 2502/1/2491 2503/1/2492 2504/1/2493
f 2502/1/2491 2468/1/2457 2496/1/2487
f 2500/1/2489 2496/1/2487 2495/1/2484
f 2501/1/2490 2506/1/2494 2503/1/2492
f 2507/1/2495 2505/1/2496 2508/1/2497
f 2506/1/2494 2507/1/2495 2509/1/2498
f 2504/1/2493 2506/1/2494 2510/1/2499
f 2511/1/2500 2507/1/2495 2508/1/2497
f 2471/1/2460 2511/1/2500 2472/1/2461
f 2478/1/2467 2512/1/2501 2471/1/2460
f 2513/1/2502 2509/1/2498 2507/1/2495
f 2514/1/2503 2515/1/2504 2516/1/2505
f 2517/1/2506 2516/1/2505 2518/1/2507
f 2517/1/2506 2519/1/2508 2520/1/2509
f 2515/1/2504 2522/1/2510 2516/1/2505
f 2522/1/2510 2521/1/2511 2523/1/2512
f 2524/1/2513 2522/1/2510 2526/1/2514
f 2516/1/2505 2525/1/2515 2518/1/2507
f 2524/1/2513 2527/1/2516 2528/1/2517
f 2529/1/2518 2526/1/2514 2523/1/2512
f 2530/1/2519 2527/1/2516 2529/1/2518
f 2528/1/2517 2531/1/2520 2532/1/2521
f 721/1/719 2533/1/2522 739/1/736
f 2534/1/2523 720/1/718 723/1/2524
f 2533/1/2522 2534/1/2523 2535/1/2525
f 739/1/736 2536/1/2526 736/1/734
f 736/1/734 2537/1/2527 744/1/742
f 2538/1/2528 2536/1/2526 2535/1/2525
f 9/1/9 2537/1/2527 2538/1/2528
f 744/1/742 8/1/8 7/1/7
f 2539/1/2529 2540/1/2530 2541/1/2531
f 2542/1/2532 2543/1/2533 2544/1/2534
f 185/1/184 2539/1/2529 2542/1/2532
f 2540/1/2530 192/1/191 191/1/190
f 191/1/190 2545/1/2535 2540/1/2530
f 2546/1/2536 303/1/301 304/1/302
f 2547/1/2537 2545/1/2535 2546/1/2536
f 2540/1/2530 2548/1/2538 2541/1/2531
f 2549/1/2539 2551/1/2540 2552/1/2541
f 89/1/87 2550/1/2542 86/1/85
f 93/1/96 2551/1/2540 89/1/87
f 177/1/176 176/1/175 2552/1/2541
f 2553/1/2543 2555/1/2544 2556/1/2545
f 2557/1/2546 2553/1/2543 2558/1/2547
f 1942/1/1932 2554/1/2548 2557/1/2546
f 1967/1/1957 2554/1/2548 1975/1/1965
f 2559/1/2549 2557/1/2546 2558/1/2547
f 2560/1/2550 2561/1/2551 2562/1/2552
f 1940/1/1930 2559/1/2549 2560/1/2550
f 2557/1/2546 1943/1/1935 1942/1/1932
f 2563/1/2553 2565/1/2554 2566/1/2555
f 2567/1/2556 2565/1/2554 2568/1/2557
f 1084/1/1081 2566/1/2555 2567/1/2556
f 2563/1/2553 1166/1/1162 1165/1/1161
f 310/1/308 2570/1/2558 309/1/306
f 2571/1/2559 2569/1/2560 2572/1/2561
f 2573/1/2562 2570/1/2558 2571/1/2559
f 309/1/306 2574/1/2563 220/1/218
f 2575/1/2564 2577/1/2565 2578/1/2566
f 2004/1/1993 2576/1/2567 1490/1/1484
f 2005/1/1995 2577/1/2565 2004/1/1993
f 2578/1/2566 2434/1/2424 2433/1/2422
f 1695/1/1686 2579/1/2568 2580/1/2569
f 2581/1/2570 1694/1/1685 1693/1/1684
f 2582/1/2571 2579/1/2568 2581/1/2570
f 2580/1/2569 2583/1/2572 2584/1/2573
f 2582/1/2571 2585/1/2574 2586/1/2575
f 2017/1/2007 2581/1/2570 1693/1/1684
f 2006/1/1996 2585/1/2574 2017/1/2007
f 2586/1/2575 2587/1/2576 2588/1/2577
f 2014/1/2004 2590/1/2578 2009/1/1998
f 2591/1/2579 2589/1/2580 2592/1/2581
f 2588/1/2577 2590/1/2578 2591/1/2579
f 2009/1/1998 2587/1/2576 2006/1/1996
f 2592/1/2581 2593/1/2582 2594/1/2583
f 2349/1/2338 2589/1/2580 2014/1/2004
f 2350/1/2340 2593/1/2582 2349/1/2338
f 2594/1/2583 2595/1/2584 2596/1/2585
f 2597/1/2586 2599/1/2587 2600/1/2588
f 1993/1/1983 2598/1/2589 1911/1/1901
f 1987/1/1976 2599/1/2587 1993/1/1983
f 2600/1/2588 2601/1/2590 2602/1/2591
f 2603/1/2592 2605/1/2593 2606/1/2594
f 2607/1/2595 2604/1/2596 2608/1/2597
f 1920/1/1910 2605/1/2593 2607/1/2595
f 2606/1/2594 1916/1/1909 1915/1/1905
f 1158/1/1154 2610/1/2598 1159/1/1155
f 2606/1/2594 2609/1/2599 2603/1/2592
f 1915/1/1905 2610/1/2598 2606/1/2594
f 1159/1/1155 1964/1/1954 1160/1/1156
f 2611/1/2600 2613/1/2601 2614/1/2602
f 2615/1/2603 2612/1/2604 2616/1/2605
f 2332/1/2322 2613/1/2601 2615/1/2603
f 2614/1/2602 2336/1/2326 2335/1/2324
f 2616/1/2605 2618/1/2606 2615/1/2603
f 1473/1/1466 2617/1/2607 1474/1/1468
f 1467/1/1461 2618/1/2606 1473/1/1466
f 2615/1/2603 2331/1/2320 2332/1/2322
f 2619/1/2608 2621/1/2609 2622/1/2610
f 2602/1/2591 2621/1/2609 2620/1/2611
f 1985/1/1977 2601/1/2590 1987/1/1976
f 2622/1/2610 1985/1/1977 1929/1/1919
f 2608/1/2597 2624/1/2612 2607/1/2595
f 2622/1/2610 2623/1/2613 2619/1/2608
f 1929/1/1919 2624/1/2612 2622/1/2610
f 2607/1/2595 1928/1/1918 1920/1/1910
f 91/1/90 2626/1/2614 90/1/88
f 2627/1/2615 2625/1/2616 2628/1/2617
f 77/1/76 2626/1/2614 2627/1/2615
f 90/1/88 80/1/78 85/1/84
f 2544/1/2534 2630/1/2618 2542/1/2532
f 2631/1/2619 2629/1/2620 2632/1/2621
f 184/1/183 2631/1/2619 186/1/185
f 184/1/183 2542/1/2532 2630/1/2618
f 2633/1/2622 2635/1/2623 2636/1/2624
f 2633/1/2622 2638/1/2625 2634/1/2626
f 2639/1/2627 2638/1/2625 2632/1/2621
f 2640/1/2628 2634/1/2626 2639/1/2627
f 2641/1/2629 2643/1/2630 2644/1/2631
f 2639/1/2627 2642/1/2632 2640/1/2628
f 2632/1/2621 2643/1/2630 2639/1/2627
f 2644/1/2631 2629/1/2620 2544/1/2534
f 2640/1/2628 2645/1/2633 2646/1/2634
f 2647/1/2635 2642/1/2632 2641/1/2629
f 147/1/146 2645/1/2633 2647/1/2635
f 2646/1/2634 146/1/145 26/1/26
f 2637/1/2636 2649/1/2637 2638/1/2625
f 2648/1/2638 1800/1/1791 2649/1/2637
f 186/1/185 2649/1/2637 1800/1/1791
f 2631/1/2619 2638/1/2625 2649/1/2637
f 34/1/34 2651/1/2639 29/1/28
f 2636/1/2624 2651/1/2639 2650/1/2640
f 2646/1/2634 2635/1/2623 2640/1/2628
f 29/1/28 2646/1/2634 26/1/26
f 55/1/55 2653/1/2641 2457/1/2446
f 2654/1/2642 2652/1/2643 2655/1/2644
f 2656/1/2645 2658/1/2646 2659/1/2647
f 2660/1/2648 2656/1/2645 2661/1/2649
f 61/1/61 2657/1/2650 2660/1/2648
f 57/1/60 56/1/56 2658/1/2646
f 2655/1/2644 2663/1/2651 2654/1/2642
f 2659/1/2647 2665/1/2652 2666/1/2653
f 2666/1/2653 2662/1/2654 2655/1/2644
f 2659/1/2647 2667/1/2655 2664/1/2656
f 66/1/65 2658/1/2646 56/1/56
f 2668/1/2657 2670/1/2658 2671/1/2659
f 2672/1/2660 2669/1/2661 2673/1/2662
f 2672/1/2660 1794/1/1784 2670/1/2658
f 2671/1/2659 1794/1/1784 1799/1/1790
f 2674/1/2663 2676/1/2664 2677/1/2665
f 2678/1/2666 2675/1/2667 2679/1/2668
f 2673/1/2662 2676/1/2664 2678/1/2666
f 2677/1/2665 2669/1/2661 2668/1/2657
f 2679/1/2668 2680/1/2669 2681/1/2670
f 2682/1/2671 2675/1/2667 2674/1/2663
f 2628/1/2617 2680/1/2669 2682/1/2671
f 2681/1/2670 2625/1/2616 91/1/90
f 2679/1/2668 2684/1/2672 2678/1/2666
f 2685/1/2673 2683/1/2674 2686/1/2675
f 2687/1/2676 2684/1/2672 2685/1/2673
f 2678/1/2666 2688/1/2677 2673/1/2662
f 2686/1/2675 2689/1/2678 2690/1/2679
f 2681/1/2670 2683/1/2674 2679/1/2668
f 91/1/90 2689/1/2678 2681/1/2670
f 2690/1/2679 87/1/89 86/1/85
f 1830/1/1819 197/1/195 198/1/197
f 1831/1/1821 2691/1/2680 1830/1/1819
f 2687/1/2676 2691/1/2680 2692/1/2681
f 2693/1/2682 199/1/198 197/1/195
f 2687/1/2676 2694/1/2683 2693/1/2682
f 2695/1/2684 2685/1/2673 2686/1/2675
f 2694/1/2683 2695/1/2684 2696/1/2685
f 2693/1/2682 2697/1/2686 199/1/198
f 2673/1/2662 2698/1/2687 2672/1/2660
f 2692/1/2681 2688/1/2677 2687/1/2676
f 1833/1/1823 2692/1/2681 1831/1/1821
f 1791/1/1782 2698/1/2687 1833/1/1823
f 2562/1/2552 2700/1/2688 2560/1/2550
f 2701/1/2689 2699/1/2690 2702/1/2691
f 1098/1/1095 2700/1/2688 2701/1/2689
f 2560/1/2550 1941/1/1931 1940/1/1930
f 2703/1/2692 2550/1/2542 2549/1/2539
f 2703/1/2692 2696/1/2685 2695/1/2684
f 2695/1/2684 2690/1/2679 2704/1/2693
f 86/1/85 2704/1/2693 2690/1/2679
f 2701/1/2689 1099/1/1098 1098/1/1095
f 2706/1/2694 2701/1/2689 2702/1/2691
f 2707/1/2695 2705/1/2696 2706/1/2694
f 276/1/274 2705/1/2696 2708/1/2697
f 2702/1/2691 2710/1/2698 2706/1/2694
f 2711/1/2699 2709/1/2700 2712/1/2701
f 2713/1/2702 2710/1/2698 2711/1/2699
f 2706/1/2694 2714/1/2703 2707/1/2695
f 2715/1/2704 2567/1/2556 2568/1/2557
f 2715/1/2704 2718/1/2705 2716/1/2706
f 1078/1/1075 2716/1/2706 2718/1/2705
f 2567/1/2556 1085/1/1082 1084/1/1081
f 248/1/246 2720/1/2707 1107/1/1103
f 2711/1/2699 2719/1/2708 2713/1/2702
f 2712/1/2701 2720/1/2707 2711/1/2699
f 1107/1/1103 2721/1/2709 1104/1/1101
f 2717/1/2710 2723/1/2711 2718/1/2705
f 2724/1/2712 2722/1/2713 2725/1/2714
f 273/1/271 2723/1/2711 2724/1/2712
f 2718/1/2705 1079/1/1076 1078/1/1075
f 2717/1/2710 2727/1/2715 2722/1/2713
f 2728/1/2716 2726/1/2717 2729/1/2718
f 2730/1/2719 2727/1/2715 2728/1/2716
f 2722/1/2713 2731/1/2720 2725/1/2714
f 264/1/262 2733/1/2721 1086/1/1083
f 2728/1/2716 2732/1/2722 2730/1/2719
f 2729/1/2718 2733/1/2721 2728/1/2716
f 1086/1/1083 2734/1/2723 1088/1/1084
f 2707/1/2695 2736/1/2724 2708/1/2697
f 2735/1/2725 2738/1/2726 2736/1/2724
f 281/1/279 2736/1/2724 2738/1/2726
f 2708/1/2697 277/1/278 276/1/274
f 2714/1/2703 2739/1/2727 2740/1/2728
f 2741/1/2729 2740/1/2728 2739/1/2727
f 2735/1/2725 2742/1/2730 2737/1/2731
f 2735/1/2725 2714/1/2703 2740/1/2728
f 2739/1/2727 2744/1/2732 2741/1/2729
f 2713/1/2702 2743/1/2733 2739/1/2727
f 246/1/243 2719/1/2708 248/1/246
f 246/1/243 2744/1/2732 2743/1/2733
f 2724/1/2712 274/1/272 273/1/271
f 2746/1/2734 2724/1/2712 2725/1/2714
f 2747/1/2735 2745/1/2736 2746/1/2734
f 274/1/272 2748/1/2737 275/1/273
f 2749/1/2738 2751/1/2739 2752/1/2740
f 2746/1/2734 2750/1/2741 2747/1/2735
f 2725/1/2714 2751/1/2739 2746/1/2734
f 2752/1/2740 2731/1/2720 2730/1/2719
f 1864/1/1854 2754/1/2742 1970/1/1959
f 2755/1/2743 2753/1/2744 2756/1/2745
f 2556/1/2545 2754/1/2742 2755/1/2743
f 1970/1/1959 2555/1/2544 1967/1/1957
f 263/1/261 2758/1/2746 262/1/259
f 2752/1/2740 2757/1/2747 2749/1/2738
f 2730/1/2719 2758/1/2746 2752/1/2740
f 262/1/259 2732/1/2722 264/1/262
f 1151/1/1147 2760/1/2748 1867/1/1856
f 2759/1/2749 2761/1/2750 2762/1/2751
f 2756/1/2745 2760/1/2748 2762/1/2751
f 1867/1/1856 2753/1/2744 1864/1/1854
f 2763/1/2752 2765/1/2753 2766/1/2754
f 2762/1/2751 2764/1/2755 2756/1/2745
f 2765/1/2753 2762/1/2751 2761/1/2750
f 2766/1/2754 2767/1/2756 2768/1/2757
f 220/1/218 2769/1/2758 221/1/221
f 2770/1/2759 2574/1/2563 2573/1/2562
f 2771/1/2760 2769/1/2758 2770/1/2759
f 218/1/216 2769/1/2758 2772/1/2761
f 2766/1/2754 2774/1/2762 2763/1/2752
f 2773/1/2763 2766/1/2754 2768/1/2757
f 1142/1/1138 2773/1/2763 2775/1/2764
f 2774/1/2762 1271/1/1267 1270/1/1265
f 2641/1/2629 2777/1/2765 2647/1/2635
f 2778/1/2766 2776/1/2767 2779/1/2768
f 2780/1/2769 2778/1/2766 2781/1/2770
f 2780/1/2769 2647/1/2635 2777/1/2765
f 2771/1/2760 2783/1/2771 2772/1/2761
f 2552/1/2541 2782/1/2772 2549/1/2539
f 2783/1/2771 2552/1/2541 176/1/175
f 2772/1/2761 219/1/217 218/1/216
f 2779/1/2768 2784/1/2773 2785/1/2774
f 2644/1/2631 2776/1/2767 2641/1/2629
f 2544/1/2534 2784/1/2773 2644/1/2631
f 2785/1/2774 2543/1/2533 2541/1/2531
f 139/1/138 2787/1/2775 142/1/141
f 2788/1/2776 2786/1/2777 2781/1/2770
f 343/1/341 2787/1/2775 2788/1/2776
f 142/1/141 342/1/340 143/1/142
f 2781/1/2770 2789/1/2778 2788/1/2776
f 2779/1/2768 2789/1/2778 2778/1/2766
f 2791/1/2779 2790/1/2780 2792/1/2781
f 2788/1/2776 2791/1/2779 343/1/341
f 135/1/134 2793/1/2782 138/1/137
f 2780/1/2769 148/1/147 147/1/146
f 2793/1/2782 2780/1/2769 2781/1/2770
f 138/1/137 2786/1/2777 139/1/138
f 2794/1/2783 2796/1/2784 2797/1/2785
f 2798/1/2786 2795/1/2787 2799/1/2788
f 2737/1/2731 2796/1/2784 2798/1/2786
f 2797/1/2785 2742/1/2730 2741/1/2729
f 2792/1/2781 2800/1/2789 2801/1/2790
f 2790/1/2780 2779/1/2768 2785/1/2774
f 2800/1/2789 2785/1/2774 2541/1/2531
f 2801/1/2790 2548/1/2538 2547/1/2537
f 338/1/336 2803/1/2791 345/1/343
f 2797/1/2785 2802/1/2792 2794/1/2783
f 2741/1/2729 2803/1/2791 2797/1/2785
f 345/1/343 2744/1/2732 247/1/245
f 1890/1/1879 2805/1/2793 1895/1/1885
f 2806/1/2794 2804/1/2795 2799/1/2788
f 2547/1/2537 2805/1/2793 2806/1/2794
f 1895/1/1885 2546/1/2536 304/1/302
f 2799/1/2788 2807/1/2796 2806/1/2794
f 2808/1/2797 2795/1/2787 2794/1/2783
f 2807/1/2796 2808/1/2797 2792/1/2781
f 2801/1/2790 2547/1/2537 2806/1/2794
f 281/1/279 2809/1/2798 1888/1/1880
f 2798/1/2786 2738/1/2726 2737/1/2731
f 2799/1/2788 2809/1/2798 2798/1/2786
f 2804/1/2795 1890/1/1879 1888/1/1880
f 343/1/341 2810/1/2799 341/1/338
f 2808/1/2797 2791/1/2779 2792/1/2781
f 2794/1/2783 2810/1/2799 2808/1/2797
f 341/1/338 2802/1/2792 338/1/336
f 310/1/308 2811/1/2800 2569/1/2560
f 2812/1/2801 366/1/365 316/1/314
f 2812/1/2801 2814/1/2802 2811/1/2800
f 2572/1/2561 2811/1/2800 2814/1/2802
f 2815/1/2803 2748/1/2737 2747/1/2735
f 2813/1/2804 2816/1/2805 2815/1/2803
f 316/1/314 2816/1/2805 2812/1/2801
f 2748/1/2737 315/1/313 275/1/273
f 2817/1/2806 2819/1/2807 2820/1/2808
f 2821/1/2809 2818/1/2810 2822/1/2811
f 2575/1/2564 2819/1/2807 2821/1/2809
f 2820/1/2808 2823/1/2812 2824/1/2813
f 2825/1/2814 2827/1/2815 2828/1/2816
f 2829/1/2817 2826/1/2818 2817/1/2806
f 1362/1/1358 2827/1/2815 2829/1/2817
f 1358/1/1357 1357/1/1353 2828/1/2816
f 1381/1/1377 2831/1/2819 1376/1/1371
f 2832/1/2820 2830/1/2821 2822/1/2811
f 2833/1/2822 2831/1/2819 2832/1/2820
f 1376/1/1371 2834/1/2823 1373/1/1369
f 2832/1/2820 2836/1/2824 2833/1/2822
f 2822/1/2811 2835/1/2825 2832/1/2820
f 2817/1/2806 2835/1/2825 2818/1/2810
f 2836/1/2824 2826/1/2818 2825/1/2814
f 1490/1/1484 2837/1/2826 1489/1/1482
f 2821/1/2809 2576/1/2567 2575/1/2564
f 2822/1/2811 2837/1/2826 2821/1/2809
f 1489/1/1482 2830/1/2821 1381/1/1377
f 2829/1/2817 1495/1/1489 1362/1/1358
f 2820/1/2808 2829/1/2817 2817/1/2806
f 2824/1/2813 2838/1/2827 2820/1/2808
f 1496/1/1490 1495/1/1489 2838/1/2827
f 2840/1/2828 1913/1/1903 1903/1/1893
f 2841/1/2829 2842/1/2830 2843/1/2831
f 2844/1/2832 2840/1/2828 2841/1/2829
f 1476/1/1470 2840/1/2828 2845/1/2833
f 1911/1/1901 2846/1/2834 1906/1/1895
f 2847/1/2835 2598/1/2589 2597/1/2586
f 2843/1/2831 2846/1/2834 2847/1/2835
f 1906/1/1895 2842/1/2830 1903/1/1893
f 2848/1/2836 2850/1/2837 2851/1/2838
f 1404/1/1398 2849/1/2839 1175/1/1171
f 1408/1/1402 2850/1/2837 1404/1/1398
f 2851/1/2838 2852/1/2840 2853/1/2841
f 1168/1/1164 2854/1/2842 2855/1/2843
f 2849/1/2839 1167/1/1163 1175/1/1171
f 2848/1/2836 2854/1/2842 2849/1/2839
f 2855/1/2843 2856/1/2844 2857/1/2845
f 2858/1/2846 2860/1/2847 2861/1/2848
f 2862/1/2849 2859/1/2850 2863/1/2851
f 2608/1/2597 2860/1/2847 2862/1/2849
f 2604/1/2596 2603/1/2592 2861/1/2848
f 2863/1/2851 2865/1/2852 2866/1/2853
f 2851/1/2838 2864/1/2854 2848/1/2836
f 2853/1/2841 2865/1/2852 2851/1/2838
f 2866/1/2853 2867/1/2855 2868/1/2856
f 2857/1/2845 2869/1/2857 2870/1/2858
f 2864/1/2854 2856/1/2844 2848/1/2836
f 2863/1/2851 2869/1/2857 2864/1/2854
f 2859/1/2850 2858/1/2846 2870/1/2858
f 2871/1/2859 2873/1/2860 2874/1/2861
f 1847/1/1837 2872/1/2862 1729/1/1720
f 1091/1/1088 2873/1/2860 1847/1/1837
f 2874/1/2861 1089/1/1087 1088/1/1084
f 2862/1/2849 2623/1/2613 2608/1/2597
f 2866/1/2853 2862/1/2849 2863/1/2851
f 2868/1/2856 2875/1/2863 2866/1/2853
f 2876/1/2864 2623/1/2613 2875/1/2863
f 2568/1/2557 2878/1/2865 2715/1/2704
f 2879/1/2866 2877/1/2867 2880/1/2868
f 2729/1/2718 2878/1/2865 2879/1/2866
f 2715/1/2704 2726/1/2717 2717/1/2710
f 1729/1/1720 2881/1/2869 1728/1/1718
f 2882/1/2870 2872/1/2862 2871/1/2859
f 2881/1/2869 2882/1/2870 1157/1/1153
f 1728/1/1718 1153/1/1152 1152/1/1148
f 2871/1/2859 2884/1/2871 2882/1/2870
f 2885/1/2872 2883/1/2873 2880/1/2868
f 2886/1/2874 2884/1/2871 2885/1/2872
f 2882/1/2870 2887/1/2875 1157/1/1153
f 2880/1/2868 2888/1/2876 2879/1/2866
f 2874/1/2861 2883/1/2873 2871/1/2859
f 1088/1/1084 2888/1/2876 2874/1/2861
f 2879/1/2866 2734/1/2723 2729/1/2718
f 2889/1/2877 2891/1/2878 2892/1/2879
f 1119/1/1115 2890/1/2880 1116/1/1113
f 1109/1/1106 2891/1/2878 1119/1/1115
f 2892/1/2879 1105/1/1105 1104/1/1101
f 2564/1/2881 2894/1/2882 2565/1/2554
f 2893/1/2883 2886/1/2874 2885/1/2872
f 2880/1/2868 2894/1/2882 2885/1/2872
f 2565/1/2554 2877/1/2867 2568/1/2557
f 2562/1/2552 2896/1/2884 2699/1/2690
f 2897/1/2885 2895/1/2886 2898/1/2887
f 2712/1/2701 2896/1/2884 2897/1/2885
f 2699/1/2690 2709/1/2700 2702/1/2691
f 1116/1/1113 2899/1/2888 1275/1/1270
f 2900/1/2889 2890/1/2880 2889/1/2877
f 2901/1/2890 2899/1/2888 2900/1/2889
f 1275/1/1270 2902/1/2891 1272/1/1268
f 2900/1/2889 2904/1/2892 2901/1/2890
f 2889/1/2877 2903/1/2893 2900/1/2889
f 2906/1/2894 2905/1/2895 2898/1/2887
f 2904/1/2892 2906/1/2894 2907/1/2896
f 2898/1/2887 2908/1/2897 2897/1/2885
f 2892/1/2879 2905/1/2895 2889/1/2877
f 1104/1/1101 2908/1/2897 2892/1/2879
f 2897/1/2885 2721/1/2709 2712/1/2701
f 2909/1/2898 2911/1/2899 2912/1/2900
f 2913/1/2901 2910/1/2902 2914/1/2903
f 2915/1/2904 2911/1/2899 2913/1/2901
f 2917/1/2905 2911/1/2899 2916/1/2906
f 2907/1/2896 2918/1/2907 2919/1/2908
f 2895/1/2886 2906/1/2894 2898/1/2887
f 2562/1/2552 2918/1/2907 2895/1/2886
f 2561/1/2551 2558/1/2547 2919/1/2908
f 1137/1/1133 2921/1/2909 1364/1/1360
f 2912/1/2900 2920/1/2910 2909/1/2898
f 2922/1/2911 2912/1/2900 2917/1/2905
f 1366/1/1362 2921/1/2909 2922/1/2911
f 1150/1/1146 2924/1/2912 1149/1/1144
f 2925/1/2913 2923/1/2914 2914/1/2903
f 2761/1/2750 2924/1/2912 2925/1/2913
f 1149/1/1144 2759/1/2749 1151/1/1147
f 2914/1/2903 2926/1/2915 2925/1/2913
f 2927/1/2916 2910/1/2902 2909/1/2898
f 2768/1/2757 2926/1/2915 2927/1/2916
f 2767/1/2756 2761/1/2750 2925/1/2913
f 2914/1/2903 2928/1/2917 2913/1/2901
f 1783/1/1774 2923/1/2914 1150/1/1146
f 1787/1/1778 2928/1/2917 1783/1/1774
f 2913/1/2901 2929/1/2918 2915/1/2904
f 2857/1/2845 2931/1/2919 2855/1/2843
f 2932/1/2920 2930/1/2921 2933/1/2922
f 1180/1/1176 2931/1/2919 2932/1/2920
f 2855/1/2843 1184/1/1180 1168/1/1164
f 2775/1/2764 1140/1/1135 1142/1/1138
f 2927/1/2916 2775/1/2764 2768/1/2757
f 2909/1/2898 2934/1/2923 2927/1/2916
f 1140/1/1135 2920/1/2910 1137/1/1133
f 1157/1/1153 2935/1/2924 1156/1/1151
f 2936/1/2925 2887/1/2875 2886/1/2874
f 2937/1/2926 2935/1/2924 2936/1/2925
f 1156/1/1151 2938/1/2927 1158/1/1154
f 2932/1/2920 1181/1/1177 1180/1/1176
f 2932/1/2920 2940/1/2928 2939/1/2929
f 2564/1/2881 2939/1/2929 2940/1/2928
f 1165/1/1161 2939/1/2929 2563/1/2553
f 2933/1/2922 2942/1/2930 2940/1/2928
f 2936/1/2925 2941/1/2931 2937/1/2926
f 2886/1/2874 2942/1/2930 2936/1/2925
f 2940/1/2928 2893/1/2883 2564/1/2881
f 2858/1/2846 2944/1/2932 2870/1/2858
f 2944/1/2932 2943/1/2933 2937/1/2926
f 2933/1/2922 2944/1/2932 2941/1/2931
f 2870/1/2858 2930/1/2921 2857/1/2845
f 2945/1/2934 1267/1/1266 1266/1/1262
f 2946/1/2935 1295/1/1291 1294/1/1290
f 2946/1/2935 2947/1/2936 2948/1/2937
f 1267/1/1266 2948/1/2937 1270/1/1265
f 2943/1/2933 2938/1/2927 2937/1/2926
f 2861/1/2848 2943/1/2933 2858/1/2846
f 2949/1/2938 2861/1/2848 2603/1/2592
f 1158/1/1154 2949/1/2938 2609/1/2599
f 2756/1/2745 2950/1/2939 2755/1/2743
f 2951/1/2940 2764/1/2755 2763/1/2752
f 2952/1/2941 2950/1/2939 2951/1/2940
f 2755/1/2743 2953/1/2942 2556/1/2545
f 2947/1/2936 2954/1/2943 2955/1/2944
f 1306/1/1302 2946/1/2935 1294/1/1290
f 2954/1/2943 1306/1/1302 1272/1/1268
f 2902/1/2891 2901/1/2890 2955/1/2944
f 2952/1/2941 2957/1/2945 2958/1/2946
f 2955/1/2944 2956/1/2947 2947/1/2936
f 2957/1/2945 2955/1/2944 2901/1/2890
f 2958/1/2946 2904/1/2892 2907/1/2896
f 2947/1/2936 2959/1/2948 2948/1/2937
f 2951/1/2940 2956/1/2947 2952/1/2941
f 2763/1/2752 2959/1/2948 2951/1/2940
f 2948/1/2937 2774/1/2762 1270/1/1265
f 2836/1/2824 2960/1/2949 2961/1/2950
f 2962/1/2951 2960/1/2949 2963/1/2952
f 2964/1/2953 2961/1/2950 2962/1/2951
f 2833/1/2822 2961/1/2950 2965/1/2954
f 2556/1/2545 2966/1/2955 2553/1/2543
f 2958/1/2946 2953/1/2942 2952/1/2941
f 2907/1/2896 2966/1/2955 2958/1/2946
f 2553/1/2543 2919/1/2908 2558/1/2547
f 2967/1/2956 1371/1/1368 1370/1/1366
f 2963/1/2952 2968/1/2957 2967/1/2956
f 2828/1/2816 2960/1/2949 2825/1/2814
f 2828/1/2816 1371/1/1368 2968/1/2957
f 1789/1/1780 2969/1/2958 2970/1/2959
f 2964/1/2953 2970/1/2959 2969/1/2958
f 2915/1/2904 2970/1/2959 2971/1/2960
f 1789/1/1780 2929/1/2918 1787/1/1778
f 2915/1/2904 2972/1/2961 2916/1/2906
f 2962/1/2951 2971/1/2960 2964/1/2953
f 2963/1/2952 2972/1/2961 2962/1/2951
f 2916/1/2906 2973/1/2962 2917/1/2905
f 2965/1/2954 2834/1/2823 2833/1/2822
f 2969/1/2958 2965/1/2954 2964/1/2953
f 1385/1/1381 2974/1/2963 2969/1/2958
f 2834/1/2823 1384/1/1380 1373/1/1369
f 2975/1/2964 2977/1/2965 2978/1/2966
f 1412/1/1405 2976/1/2967 1409/1/1403
f 1392/1/1387 2977/1/2965 1412/1/1405
f 2978/1/2966 1390/1/1385 1389/1/2968
f 1409/1/1403 2979/1/2969 1417/1/1411
f 2980/1/2970 2976/1/2967 2975/1/2964
f 2853/1/2841 2979/1/2969 2980/1/2970
f 1417/1/1411 2852/1/2840 1408/1/1402
f 2917/1/2905 2981/1/2971 2922/1/2911
f 2967/1/2956 2973/1/2962 2963/1/2952
f 1370/1/1366 2981/1/2971 2967/1/2956
f 2922/1/2911 1367/1/1365 1366/1/1362
f 2619/1/2608 2982/1/2972 2620/1/2611
f 2983/1/2973 2876/1/2864 2868/1/2856
f 2984/1/2974 2982/1/2972 2983/1/2973
f 2620/1/2611 2985/1/2975 2602/1/2591
f 2984/1/2974 2987/1/2976 2988/1/2977
f 2978/1/2966 2986/1/2978 2975/1/2964
f 1389/1/2968 2987/1/2976 2978/1/2966
f 2988/1/2977 2989/1/2979 2990/1/2980
f 2975/1/2964 2991/1/2981 2980/1/2970
f 2983/1/2973 2986/1/2978 2984/1/2974
f 2868/1/2856 2991/1/2981 2983/1/2973
f 2980/1/2970 2867/1/2855 2853/1/2841
f 2992/1/2982 2994/1/2983 2995/1/2984
f 2996/1/2985 2993/1/2986 2997/1/2987
f 2998/1/2988 2994/1/2983 2996/1/2985
f 2995/1/2984 2999/1/2989 3000/1/2990
f 2602/1/2591 3001/1/2991 2600/1/2588
f 2988/1/2977 2985/1/2975 2984/1/2974
f 2990/1/2980 3001/1/2991 2988/1/2977
f 2600/1/2588 3002/1/2992 2597/1/2586
f 3000/1/2990 3003/1/2993 3004/1/2994
f 3005/1/2995 2999/1/2989 2998/1/2988
f 1474/1/1468 3003/1/2993 3005/1/2995
f 3004/1/2994 2617/1/2607 2616/1/2605
f 2844/1/2832 3007/1/2996 2845/1/2833
f 3008/1/2997 3006/1/2998 2997/1/2987
f 1481/1/1475 3007/1/2996 3008/1/2997
f 2845/1/2833 1477/1/1474 1476/1/1470
f 2344/1/2334 3009/1/2999 3010/1/3000
f 3008/1/2997 2343/1/2333 1481/1/1475
f 2997/1/2987 3009/1/2999 3008/1/2997
f 3010/1/3000 2993/1/2986 2992/1/2982
f 1496/1/1490 3012/1/3001 1494/1/1487
f 3013/1/3002 3011/1/3003 3014/1/3004
f 1514/1/1507 3012/1/3001 3013/1/3002
f 1513/1/3005 1491/1/1485 1494/1/1487
f 3015/1/3006 3017/1/3007 3018/1/3008
f 3019/1/3009 3016/1/3010 3020/1/3011
f 2433/1/2422 3017/1/3007 3019/1/3009
f 3018/1/3008 2430/1/2423 2429/1/2419
f 2839/1/3012 3021/1/3013 3022/1/3014
f 3023/1/3015 3021/1/3013 3020/1/3011
f 3014/1/3004 3022/1/3014 3023/1/3015
f 3011/1/3003 1496/1/1490 2839/1/3012
f 2449/1/2439 3024/1/3016 3025/1/3017
f 3013/1/3002 2453/1/2443 1514/1/1507
f 3014/1/3004 3024/1/3016 3013/1/3002
f 3025/1/3017 3026/1/3018 3027/1/3019
f 3027/1/3019 3028/1/3020 3029/1/3021
f 3023/1/3015 3026/1/3018 3014/1/3004
f 3020/1/3011 3028/1/3020 3023/1/3015
f 3029/1/3021 3016/1/3010 3015/1/3006
f 2433/1/2422 3030/1/3022 2578/1/2566
f 3020/1/3011 3030/1/3022 3019/1/3009
f 3030/1/3022 3021/1/3013 2824/1/2813
f 2823/1/2812 2575/1/2564 2578/1/2566
f 3031/1/3023 3033/1/3024 3034/1/3025
f 3035/1/3026 3032/1/3027 3036/1/3028
f 2418/1/2408 3033/1/3024 3035/1/3026
f 3034/1/3025 2415/1/2407 1707/1/1698
f 3037/1/3029 3039/1/3030 3040/1/3031
f 3041/1/3032 3038/1/3033 3042/1/3034
f 3039/1/3030 3041/1/3032 3036/1/3028
f 3040/1/3031 3032/1/3027 3031/1/3023
f 3036/1/3028 3044/1/3035 3035/1/3026
f 2436/1/2426 3043/1/3036 2437/1/2427
f 2425/1/2414 3044/1/3035 2436/1/2426
f 3035/1/3026 2427/1/2418 2418/1/2408
f 3045/1/3037 3047/1/3038 3048/1/3039
f 2326/1/2316 3047/1/3038 3046/1/3040
f 3047/1/3038 2325/1/2315 1578/1/1571
f 3048/1/3039 3049/1/3041 3050/1/3042
f 3042/1/3034 3051/1/3043 3052/1/3044
f 3053/1/3045 3038/1/3033 3037/1/3029
f 1679/1/1670 3051/1/3043 3053/1/3045
f 2444/1/2433 2443/1/2432 3052/1/3044
f 3054/1/3046 3056/1/3047 3057/1/3048
f 3048/1/3039 3055/1/3049 3045/1/3037
f 3050/1/3042 3056/1/3047 3048/1/3039
f 3057/1/3048 3058/1/3050 3059/1/3051
f 3060/1/3052 3046/1/3040 3045/1/3037
f 2614/1/2602 3060/1/3052 2611/1/2600
f 2338/1/2328 2614/1/2602 2335/1/2324
f 3046/1/3040 2338/1/2328 2326/1/2316
f 3062/1/3053 3064/1/3054 3065/1/3055
f 1586/1/1579 3063/1/3056 1577/1/1570
f 1678/1/1669 1586/1/1579 1585/1/1578
f 3065/1/3055 1678/1/1669 1677/1/1667
f 1577/1/1570 3066/1/3057 1576/1/1568
f 3063/1/3056 3062/1/3053 3067/1/3058
f 3066/1/3057 3067/1/3058 3050/1/3042
f 3049/1/3041 1578/1/1571 1576/1/1568
f 3057/1/3048 3069/1/3059 3054/1/3046
f 3059/1/3051 3068/1/3060 3057/1/3048
f 3070/1/3061 2592/1/2581 2594/1/2583
f 2596/1/2585 3068/1/3060 2594/1/2583
f 3071/1/3062 3073/1/3063 3074/1/3064
f 3075/1/3065 3072/1/3066 3076/1/3067
f 3077/1/3068 3073/1/3063 3075/1/3065
f 3074/1/3064 3078/1/3069 2584/1/2573
f 3076/1/3067 3079/1/3070 3080/1/3071
f 3081/1/3072 3072/1/3066 3071/1/3062
f 1675/1/1665 3079/1/3070 3081/1/3072
f 3080/1/3071 1685/1/1677 1684/1/1675
f 1707/1/1698 3082/1/3073 3034/1/3025
f 3083/1/3074 1706/1/1697 1699/1/1689
f 3077/1/3068 3082/1/3073 3083/1/3074
f 3084/1/3075 3031/1/3023 3034/1/3025
f 3031/1/3023 3085/1/3076 3040/1/3031
f 3075/1/3065 3084/1/3075 3077/1/3068
f 3076/1/3067 3085/1/3076 3075/1/3065
f 3040/1/3031 3086/1/3077 3037/1/3029
f 3078/1/3069 3083/1/3074 3087/1/3078
f 1698/1/1688 3083/1/3074 1699/1/1689
f 1695/1/1686 3087/1/3078 1698/1/1688
f 2584/1/2573 3087/1/3078 2580/1/2569
f 3088/1/3079 3090/1/3080 3091/1/3081
f 3092/1/3082 3089/1/3083 3088/1/3079
f 3054/1/3046 3089/1/3083 3093/1/3084
f 3090/1/3080 3069/1/3059 2596/1/2585
f 3037/1/3029 3094/1/3085 3053/1/3045
f 3080/1/3071 3086/1/3077 3076/1/3067
f 1684/1/1675 3094/1/3085 3080/1/3071
f 3053/1/3045 1680/1/1674 1679/1/1670
f 3093/1/3084 3055/1/3049 3054/1/3046
f 3096/1/3086 3093/1/3084 3092/1/3082
f 2611/1/2600 3095/1/3087 3096/1/3086
f 3045/1/3037 3095/1/3087 3060/1/3052
f 2992/1/2982 3098/1/3088 3010/1/3000
f 3099/1/3089 3097/1/3090 3091/1/3081
f 2354/1/2344 3098/1/3088 3099/1/3089
f 3010/1/3000 2351/1/2343 2344/1/2334
f 3000/1/2990 3101/1/3091 2995/1/2984
f 3088/1/3079 3100/1/3092 3092/1/3082
f 3091/1/3081 3101/1/3091 3088/1/3079
f 2995/1/2984 3097/1/3090 2992/1/2982
f 2350/1/2340 3102/1/3093 2595/1/2584
f 3099/1/3089 2359/1/2349 2354/1/2344
f 3091/1/3081 3102/1/3093 3099/1/3089
f 3102/1/3093 2596/1/2585 2595/1/2584
f 2443/1/2432 3104/1/3094 3052/1/3044
f 3105/1/3095 3103/1/3096 3106/1/3097
f 3107/1/3098 3104/1/3094 3105/1/3095
f 3052/1/3044 3108/1/3099 3042/1/3034
f 3092/1/3082 3109/1/3100 3096/1/3086
f 3004/1/2994 3100/1/3092 3000/1/2990
f 2616/1/2605 3109/1/3100 3004/1/2994
f 3096/1/3086 2612/1/2604 2611/1/2600
f 3042/1/3034 3110/1/3101 3041/1/3032
f 3111/1/3102 3108/1/3099 3107/1/3098
f 2437/1/2427 3110/1/3101 3111/1/3102
f 3041/1/3032 3043/1/3036 3036/1/3028
f 3027/1/3019 3113/1/3103 3025/1/3017
f 3114/1/3104 3112/1/3105 3106/1/3097
f 2451/1/2441 3113/1/3103 3114/1/3104
f 3025/1/3017 2450/1/2440 2449/1/2439
f 3015/1/3006 3116/1/3106 3029/1/3021
f 3105/1/3095 3115/1/3107 3107/1/3098
f 3106/1/3097 3116/1/3106 3105/1/3095
f 3029/1/3021 3112/1/3105 3027/1/3019
f 2451/1/2441 3117/1/3108 2447/1/2436
f 3106/1/3097 3117/1/3108 3114/1/3104
f 2442/1/2431 3103/1/3096 2443/1/2432
f 2447/1/2436 2442/1/2431 2441/1/2434
f 3107/1/3098 3118/1/3109 3111/1/3102
f 3018/1/3008 3115/1/3107 3015/1/3006
f 2429/1/2419 3118/1/3109 3018/1/3008
f 3111/1/3102 2438/1/2428 2437/1/2427
f 3119/1/3110 3121/1/3111 3122/1/3112
f 3123/1/3113 3120/1/3114 3124/1/3115
f 207/1/206 3121/1/3111 3123/1/3113
f 3122/1/3112 206/1/205 201/1/200
f 3124/1/3115 3125/1/3116 3126/1/3117
f 3127/1/3118 3120/1/3114 3119/1/3110
f 2770/1/2759 3127/1/3118 2771/1/2760
f 2770/1/2759 3126/1/3117 3125/1/3116
f 2696/1/2685 3129/1/3119 2697/1/2686
f 3122/1/3112 3128/1/3120 3119/1/3110
f 201/1/200 3129/1/3119 3122/1/3112
f 2697/1/2686 200/1/199 199/1/198
f 2782/1/2772 3127/1/3118 3130/1/3121
f 3119/1/3110 3130/1/3121 3127/1/3118
f 3128/1/3120 2696/1/2685 2703/1/2692
f 2549/1/2539 3130/1/3121 2703/1/2692
f 2573/1/2562 3131/1/3122 3126/1/3117
f 2571/1/2559 2572/1/2561 3132/1/3123
f 3133/1/3124 3131/1/3122 3132/1/3123
f 3126/1/3117 3134/1/3125 3124/1/3115
f 3135/1/3126 3137/1/3127 3138/1/3128
f 2815/1/2803 3136/1/3129 2813/1/2804
f 2747/1/2735 3137/1/3127 2815/1/2803
f 3138/1/3128 2750/1/2741 2749/1/2738
f 3139/1/3130 355/1/356 209/1/353
f 3141/1/3131 3139/1/3130 3133/1/3124
f 3135/1/3126 3140/1/3132 3141/1/3131
f 358/1/357 3140/1/3132 3142/1/3133
f 3124/1/3115 3143/1/3134 3123/1/3113
f 3139/1/3130 3134/1/3125 3133/1/3124
f 209/1/353 3143/1/3134 3139/1/3130
f 3123/1/3113 208/1/207 207/1/206
f 2813/1/2804 3144/1/3135 2814/1/2802
f 3141/1/3131 3136/1/3129 3135/1/3126
f 3144/1/3135 3141/1/3131 3133/1/3124
f 2814/1/2802 3132/1/3123 2572/1/2561
f 3142/1/3133 363/1/362 358/1/357
f 3138/1/3128 3142/1/3133 3135/1/3126
f 2749/1/2738 3145/1/3136 3138/1/3128
f 2757/1/2747 363/1/362 3145/1/3136
f 2997/1/2987 3146/1/3137 2996/1/2985
f 2844/1/2832 3146/1/3137 3006/1/2998
f 3148/1/3138 3147/1/3139 3149/1/3140
f 2996/1/2985 3148/1/3138 2998/1/2988
f 2990/1/2980 3151/1/3141 3002/1/2992
f 3152/1/3142 3151/1/3141 3150/1/3143
f 2847/1/2835 3153/1/3144 2843/1/2831
f 2597/1/2586 3151/1/3141 2847/1/2835
f 3154/1/3145 1471/1/3146 1470/1/1463
f 3156/1/3147 3154/1/3145 3149/1/3140
f 3152/1/3142 3155/1/3148 3156/1/3147
f 1471/1/3146 3157/1/3149 1396/1/1465
f 2998/1/2988 3158/1/3150 3005/1/2995
f 3149/1/3140 3158/1/3150 3148/1/3138
f 3158/1/3150 3154/1/3145 1470/1/1463
f 1475/1/1469 1474/1/1468 3005/1/2995
f 2843/1/2831 3159/1/3151 2841/1/2829
f 3156/1/3147 3153/1/3144 3152/1/3142
f 3149/1/3140 3159/1/3151 3156/1/3147
f 2841/1/2829 3147/1/3139 2844/1/2832
f 3152/1/3142 3160/1/3152 3157/1/3149
f 2989/1/2979 3150/1/3143 2990/1/2980
f 3160/1/3152 2989/1/2979 1389/1/2968
f 1388/1/1384 3157/1/3149 3160/1/3152
f 2584/1/2573 3161/1/3153 3074/1/3064
f 3162/1/3154 2583/1/2572 2582/1/2571
f 3163/1/3155 3161/1/3153 3162/1/3154
f 3074/1/3064 3164/1/3156 3071/1/3062
f 3071/1/3062 3165/1/3157 3081/1/3072
f 3166/1/3158 3164/1/3156 3163/1/3155
f 1676/1/1668 3166/1/3158 1677/1/1667
f 3081/1/3072 1676/1/1668 1675/1/1665
f 1677/1/1667 3167/1/3159 3065/1/3055
f 3168/1/3160 3166/1/3158 3163/1/3155
f 3169/1/3161 3167/1/3159 3168/1/3160
f 3065/1/3055 3170/1/3162 3062/1/3053
f 2588/1/2577 3172/1/3163 2586/1/2575
f 3168/1/3160 3171/1/3164 3169/1/3161
f 3163/1/3155 3172/1/3163 3168/1/3160
f 2586/1/2575 3162/1/3154 2582/1/2571
f 2592/1/2581 3173/1/3165 2591/1/2579
f 3174/1/3166 3070/1/3061 3059/1/3051
f 3169/1/3161 3173/1/3165 3174/1/3166
f 2591/1/2579 3171/1/3164 2588/1/2577
f 3062/1/3053 3175/1/3167 3067/1/3058
f 3174/1/3166 3170/1/3162 3169/1/3161
f 3059/1/3051 3175/1/3167 3174/1/3166
f 3067/1/3058 3058/1/3050 3050/1/3042
f 3176/1/3168 2397/1/2386 2389/1/2379
f 3177/1/3169 3178/1/3170 3179/1/3171
f 2402/1/2391 3176/1/3168 3179/1/3171
f 2397/1/2386 2414/1/2404 2394/1/2384
f 3180/1/3172 3182/1/3173 3183/1/3174
f 2403/1/2393 3181/1/3175 2205/1/2195
f 3179/1/3171 2403/1/2393 2402/1/2391
f 3178/1/3170 3182/1/3173 3179/1/3171
f 3184/1/3176 3186/1/3177 3187/1/3178
f 2204/1/2193 3185/1/3179 2206/1/2196
f 2205/1/2195 3186/1/3177 2204/1/2193
f 3187/1/3178 3181/1/3175 3180/1/3172
f 3185/1/3179 3188/1/3180 3189/1/3181
f 3190/1/3182 3188/1/3180 3191/1/3183
f 2211/1/2201 3189/1/3181 3190/1/3182
f 2208/1/2198 3185/1/3179 3189/1/3181
f 3191/1/3183 3193/1/3184 3190/1/3182
f 3194/1/3185 3192/1/3186 3195/1/3187
f 2215/1/2205 3193/1/3184 3194/1/3185
f 3190/1/3182 2212/1/2204 2211/1/2201
f 3196/1/3188 3198/1/3189 3199/1/3190
f 2217/1/2207 3197/1/3191 2218/1/2208
f 2215/1/2205 3198/1/3189 2217/1/2207
f 3199/1/3190 3194/1/3185 3195/1/3187
f 3200/1/3192 3197/1/3191 3196/1/3188
f 3202/1/3193 3200/1/3192 3203/1/3194
f 3202/1/3193 2221/1/2211 3201/1/3195
f 2218/1/2208 3201/1/3195 2221/1/2211
f 2364/1/2354 3205/1/3196 2371/1/2360
f 3206/1/3197 3204/1/3198 3207/1/3199
f 2381/1/2371 3205/1/3196 3206/1/3197
f 2371/1/2360 2378/1/2370 2368/1/2358
f 3203/1/3194 3209/1/3200 3202/1/3193
f 3208/1/3201 3204/1/3198 3209/1/3200
f 2367/1/2356 3204/1/3198 2364/1/2354
f 3202/1/3193 2367/1/2356 2222/1/2212
f 2389/1/2379 3210/1/3202 3177/1/3169
f 2386/1/2378 2381/1/2371 3206/1/3197
f 3210/1/3202 3206/1/3197 3207/1/3199
f 3211/1/3203 3178/1/3170 3177/1/3169
f 3212/1/3204 3214/1/3205 3215/1/3206
f 3183/1/3174 3213/1/3207 3180/1/3172
f 3183/1/3174 3178/1/3170 3216/1/3208
f 3217/1/3209 3214/1/3205 3216/1/3208
f 3212/1/3204 3219/1/3210 3213/1/3207
f 3220/1/3211 3218/1/3212 3221/1/3213
f 3184/1/3176 3219/1/3210 3220/1/3211
f 3180/1/3172 3219/1/3210 3187/1/3178
f 3221/1/3213 3223/1/3214 3220/1/3211
f 3224/1/3215 3222/1/3216 3225/1/3217
f 3191/1/3183 3223/1/3214 3224/1/3215
f 3220/1/3211 3188/1/3180 3184/1/3176
f 3225/1/3217 3227/1/3218 3224/1/3215
f 3226/1/3219 3229/1/3220 3227/1/3218
f 3192/1/3186 3229/1/3220 3195/1/3187
f 3224/1/3215 3192/1/3186 3191/1/3183
f 3230/1/3221 3232/1/3222 3233/1/3223
f 3199/1/3190 3231/1/3224 3196/1/3188
f 3195/1/3187 3232/1/3222 3199/1/3190
f 3233/1/3223 3229/1/3220 3228/1/3225
f 3212/1/3204 3235/1/3226 3218/1/3212
f 3236/1/3227 3234/1/3228 3237/1/3229
f 3238/1/3230 3235/1/3226 3236/1/3227
f 3239/1/3231 3218/1/3212 3235/1/3226
f 3238/1/3230 3241/1/3232 3239/1/3231
f 3242/1/3233 3241/1/3232 3240/1/3234
f 3225/1/3217 3241/1/3232 3243/1/3235
f 3239/1/3231 3222/1/3216 3221/1/3213
f 3244/1/3236 3246/1/3237 3247/1/3238
f 3200/1/3192 3245/1/3239 3203/1/3194
f 3196/1/3188 3246/1/3237 3200/1/3192
f 3247/1/3238 3231/1/3224 3230/1/3221
f 3242/1/3233 3249/1/3240 3243/1/3235
f 3250/1/3241 3249/1/3240 3248/1/3242
f 3228/1/3225 3249/1/3240 3251/1/3243
f 3243/1/3235 3226/1/3219 3225/1/3217
f 3237/1/3229 3253/1/3244 3236/1/3227
f 3248/1/3242 3252/1/3245 3250/1/3241
f 3242/1/3233 3253/1/3244 3248/1/3242
f 3236/1/3227 3240/1/3234 3238/1/3230
f 3254/1/3246 3256/1/3247 3257/1/3248
f 3258/1/3249 3255/1/3250 3259/1/3251
f 3250/1/3241 3256/1/3247 3258/1/3249
f 3257/1/3248 3252/1/3245 3237/1/3229
f 3228/1/3225 3260/1/3252 3233/1/3223
f 3258/1/3249 3251/1/3243 3250/1/3241
f 3259/1/3251 3260/1/3252 3258/1/3249
f 3233/1/3223 3261/1/3253 3230/1/3221
f 3262/1/3254 3264/1/3255 3265/1/3256
f 3263/1/3257 3217/1/3209 3216/1/3208
f 3264/1/3255 3216/1/3208 3178/1/3170
f 3265/1/3256 3211/1/3203 3207/1/3199
f 3266/1/3258 3215/1/3206 3217/1/3209
f 3257/1/3248 3266/1/3258 3254/1/3246
f 3237/1/3229 3267/1/3259 3257/1/3248
f 3215/1/3206 3234/1/3228 3212/1/3204
f 3268/1/3260 3262/1/3254 3265/1/3256
f 3265/1/3256 3207/1/3199 3208/1/3201
f 3208/1/3201 3203/1/3194 3245/1/3239
f 3245/1/3239 3244/1/3236 3268/1/3260
f 3269/1/3261 3271/1/3262 3272/1/3263
f 3273/1/3264 3270/1/3265 3254/1/3246
f 3262/1/3254 3271/1/3262 3273/1/3264
f 3272/1/3263 3268/1/3260 3244/1/3236
f 3273/1/3264 3254/1/3246 3266/1/3258
f 3217/1/3209 3274/1/3266 3266/1/3258
f 3273/1/3264 3263/1/3257 3262/1/3254
f 3259/1/3251 3275/1/3267 3276/1/3268
f 3270/1/3265 3255/1/3250 3254/1/3246
f 3276/1/3268 3270/1/3265 3269/1/3261
f 3230/1/3221 3277/1/3269 3247/1/3238
f 3276/1/3268 3261/1/3253 3259/1/3251
f 3269/1/3261 3277/1/3269 3276/1/3268
f 3247/1/3238 3272/1/3263 3244/1/3236
f 3278/1/3270 3280/1/3271 3281/1/3272
f 2538/1/2528 3278/1/3270 9/1/9
f 3279/1/3273 2538/1/2528 2535/1/2525
f 3282/1/3274 3279/1/3273 3283/1/3275
f 3284/1/3276 3285/1/3277 3286/1/3278
f 3287/1/3279 1/1/1 4/1/3
f 9/1/9 3284/1/3276 4/1/3
f 3281/1/3272 3284/1/3276 3278/1/3270
f 3288/1/3280 3290/1/3281 3291/1/3282
f 3292/1/3283 3289/1/3284 3293/1/3285
f 3286/1/3278 3290/1/3281 3292/1/3283
f 3291/1/3282 3285/1/3277 3281/1/3272
f 3294/1/3286 3289/1/3284 3288/1/3280
f 3296/1/3287 3295/1/3288 3294/1/3286
f 3297/1/3289 72/1/70 3298/1/3290
f 3293/1/3285 3295/1/3288 3298/1/3290
f 3299/1/3291 3301/1/3292 3302/1/3293
f 3300/1/3294 3299/1/3291 25/1/24
f 1/1/1 3300/1/3294 24/1/23
f 3301/1/3292 3287/1/3279 3286/1/3278
f 3302/1/3293 3303/1/3295 3304/1/3296
f 3303/1/3295 3301/1/3292 3286/1/3278
f 3292/1/3283 3293/1/3285 3305/1/3297
f 3304/1/3296 3305/1/3297 3306/1/3298
f 3307/1/3299 3305/1/3297 3293/1/3285
f 3298/1/3290 72/1/70 71/1/69
f 3308/1/3300 71/1/69 46/1/46
f 3306/1/3298 3307/1/3299 3308/1/3300
f 32/1/32 3309/1/3301 3310/1/3302
f 3299/1/3291 35/1/36 25/1/24
f 3302/1/3293 3309/1/3301 3299/1/3291
f 3310/1/3302 3311/1/3303 3312/1/3304
f 3312/1/3304 3313/1/3305 3314/1/3306
f 3304/1/3296 3311/1/3303 3302/1/3293
f 3306/1/3298 3313/1/3305 3304/1/3296
f 3314/1/3306 3315/1/3307 3316/1/3308
f 3308/1/3300 3315/1/3307 3306/1/3298
f 46/1/46 3317/1/3309 3308/1/3300
f 3318/1/3310 44/1/45 43/1/43
f 3316/1/3308 3317/1/3309 3318/1/3310
f 34/1/34 3319/1/3311 3320/1/3312
f 3310/1/3302 33/1/33 32/1/32
f 3312/1/3304 3319/1/3311 3310/1/3302
f 3320/1/3312 3321/1/3313 3322/1/3314
f 3322/1/3314 3323/1/3315 3324/1/3316
f 3314/1/3306 3321/1/3313 3312/1/3304
f 3316/1/3308 3323/1/3315 3314/1/3306
f 3324/1/3316 3325/1/3317 3326/1/3318
f 3318/1/3310 3325/1/3317 3316/1/3308
f 43/1/43 3327/1/3319 3318/1/3310
f 3328/1/3320 60/1/59 61/1/61
f 3326/1/3318 3327/1/3319 3328/1/3320
f 3329/1/3321 3331/1/3322 3332/1/3323
f 53/1/53 3330/1/3324 3329/1/3321
f 3333/1/3325 51/1/50 52/1/52
f 3334/1/3326 3330/1/3324 3333/1/3325
f 3335/1/3327 3337/1/3328 3338/1/3329
f 3339/1/3330 3337/1/3328 3336/1/3331
f 1802/1/1792 3340/1/3332 1805/1/1795
f 1801/1/3333 3337/1/3328 1802/1/1792
f 3332/1/3323 3341/1/3334 3342/1/3335
f 3343/1/3336 3331/1/3322 3334/1/3326
f 3339/1/3330 3341/1/3334 3343/1/3336
f 3342/1/3335 3336/1/3331 3335/1/3327
f 3338/1/3329 3345/1/3337 3335/1/3327
f 2648/1/2638 3338/1/3329 1801/1/3333
f 2648/1/2638 3346/1/3338 3344/1/3339
f 3347/1/3340 3344/1/3339 3346/1/3338
f 3348/1/3341 3350/1/3342 3351/1/3343
f 2272/1/2262 3349/1/3344 2271/1/2261
f 1805/1/1795 3350/1/3342 2272/1/2262
f 3351/1/3343 3340/1/3332 3339/1/3330
f 3352/1/3345 3354/1/3346 3355/1/3347
f 1814/1/1803 3354/1/3346 3353/1/3348
f 2271/1/2261 3354/1/3346 2270/1/2259
f 3355/1/3347 3349/1/3344 3348/1/3341
f 3351/1/3343 3357/1/3349 3348/1/3341
f 3339/1/3330 3356/1/3350 3351/1/3343
f 3334/1/3326 3356/1/3350 3343/1/3336
f 3359/1/3351 3356/1/3350 3358/1/3352
f 3333/1/3325 3358/1/3352 3334/1/3326
f 52/1/52 3360/1/3353 3333/1/3325
f 2463/1/2452 3360/1/3353 2461/1/2450
f 3358/1/3352 3361/1/3354 3359/1/3351
f 3362/1/3355 3364/1/3356 3365/1/3357
f 1809/1/1798 3363/1/3358 3362/1/3355
f 3353/1/3348 1808/1/1797 1814/1/1803
f 3352/1/3345 3363/1/3358 3353/1/3348
f 3355/1/3347 3367/1/3359 3352/1/3345
f 3348/1/3341 3366/1/3360 3355/1/3347
f 3368/1/3361 3357/1/3349 3359/1/3351
f 3369/1/3362 3366/1/3360 3368/1/3361
f 3359/1/3351 3370/1/3363 3368/1/3361
f 2469/1/2458 3361/1/3354 2463/1/2452
f 2468/1/2457 3370/1/3363 2469/1/2458
f 3368/1/3361 3371/1/3364 3369/1/3362
f 3365/1/3357 3372/1/3365 3373/1/3366
f 3367/1/3359 3364/1/3356 3352/1/3345
f 3374/1/3367 3367/1/3359 3369/1/3362
f 3373/1/3366 3374/1/3367 3375/1/3368
f 3369/1/3362 3376/1/3369 3374/1/3367
f 2502/1/2491 3371/1/3364 2468/1/2457
f 3377/1/3370 2502/1/2491 2504/1/2493
f 3375/1/3368 3376/1/3369 3377/1/3370
f 3378/1/3371 3379/1/3372 1824/1/1814
f 3362/1/3355 1823/1/1813 1809/1/1798
f 3365/1/3357 3378/1/3371 3362/1/3355
f 3379/1/3372 3380/1/3373 3381/1/3374
f 3381/1/3374 3382/1/3375 3383/1/3376
f 3373/1/3366 3380/1/3373 3365/1/3357
f 3375/1/3368 3382/1/3375 3373/1/3366
f 3384/1/3377 3385/1/3378 3383/1/3376
f 3377/1/3370 3384/1/3377 3375/1/3368
f 2504/1/2493 3386/1/3379 3377/1/3370
f 3387/1/3380 2510/1/2499 2509/1/2498
f 3386/1/3379 3387/1/3380 3385/1/3378
f 3388/1/3381 3390/1/3382 3391/1/3383
f 1797/1/1788 3389/1/3384 3388/1/3381
f 3392/1/3385 2078/1/2070 2077/1/2067
f 3393/1/3386 3389/1/3384 3392/1/3385
f 2077/1/2067 3394/1/3387 3392/1/3385
f 3379/1/3372 2266/1/2256 1824/1/1814
f 3381/1/3374 3394/1/3387 3379/1/3372
f 3392/1/3385 3395/1/3388 3393/1/3386
f 3393/1/3386 3396/1/3389 3397/1/3390
f 3383/1/3376 3395/1/3388 3381/1/3374
f 3385/1/3378 3396/1/3389 3383/1/3376
f 3397/1/3390 3398/1/3391 3399/1/3392
f 3387/1/3380 3398/1/3391 3385/1/3378
f 2509/1/2498 3400/1/3393 3387/1/3380
f 3401/1/3394 2513/1/2502 2478/1/2467
f 3399/1/3392 3400/1/3393 3401/1/3394
f 3402/1/3395 3404/1/3396 3405/1/3397
f 3403/1/3398 1798/1/1789 3404/1/3396
f 3388/1/3381 1798/1/1789 1797/1/1788
f 3391/1/3383 3404/1/3396 3388/1/3381
f 3391/1/3383 3406/1/3399 3407/1/3400
f 3397/1/3390 3390/1/3382 3393/1/3386
f 3399/1/3392 3406/1/3399 3397/1/3390
f 3407/1/3400 3408/1/3401 3409/1/3402
f 3401/1/3394 3408/1/3401 3399/1/3392
f 2478/1/2467 3410/1/3403 3401/1/3394
f 3411/1/3404 2477/1/2466 2476/1/2465
f 3409/1/3402 3410/1/3403 3411/1/3404
f 3405/1/3397 3413/1/3405 3402/1/3395
f 3407/1/3400 3405/1/3397 3391/1/3383
f 3409/1/3402 3412/1/3406 3407/1/3400
f 3415/1/3407 3412/1/3406 3414/1/3408
f 3411/1/3404 3414/1/3408 3409/1/3402
f 2476/1/2465 3416/1/3409 3411/1/3404
f 2484/1/2473 3416/1/3409 2482/1/2471
f 3414/1/3408 3417/1/3410 3415/1/3407
f 2671/1/2659 3419/1/3411 2668/1/2657
f 1799/1/1790 3418/1/3412 2671/1/2659
f 3420/1/3413 3403/1/3398 3402/1/3395
f 3421/1/3414 3418/1/3412 3420/1/3413
f 3420/1/3413 3423/1/3415 3421/1/3414
f 3402/1/3395 3422/1/3416 3420/1/3413
f 3424/1/3417 3413/1/3405 3415/1/3407
f 3425/1/3418 3422/1/3416 3424/1/3417
f 3426/1/3419 3428/1/3420 3429/1/3421
f 2677/1/2665 3427/1/3422 2674/1/2663
f 2668/1/2657 3428/1/3420 2677/1/2665
f 3429/1/3421 3419/1/3411 3421/1/3414
f 3415/1/3407 3430/1/3423 3424/1/3417
f 2489/1/2477 3417/1/3410 2484/1/2473
f 2490/1/2478 3430/1/3423 2489/1/2477
f 3424/1/3417 3431/1/3424 3425/1/3418
f 82/1/81 3432/1/3425 3433/1/3426
f 3434/1/3427 78/1/80 77/1/76
f 3434/1/3427 3436/1/3428 3432/1/3425
f 3433/1/3426 3436/1/3428 3437/1/3429
f 3438/1/3430 3439/1/3431 3440/1/3432
f 3440/1/3432 2520/1/2509 2519/1/2508
f 3441/1/3433 2519/1/2508 2518/1/2507
f 3443/1/3434 3442/1/3435 3441/1/3433
f 3441/1/3433 3445/1/3436 3443/1/3434
f 2518/1/2507 3444/1/3437 3441/1/3433
f 3447/1/3438 3446/1/3439 3448/1/3440
f 3449/1/3441 3444/1/3437 3447/1/3438
f 3450/1/3442 3451/1/3443 3452/1/3444
f 3453/1/3445 3454/1/3446 3455/1/3447
f 3450/1/3442 3455/1/3447 3439/1/3431
f 3438/1/3430 3443/1/3434 3451/1/3443
f 3448/1/3440 3457/1/3448 3447/1/3438
f 3436/1/3428 3456/1/3449 3437/1/3429
f 3435/1/3450 3457/1/3448 3436/1/3428
f 3447/1/3438 3458/1/3451 3449/1/3441
f 103/1/102 3459/1/3452 3460/1/3453
f 3433/1/3426 102/1/101 82/1/81
f 3437/1/3429 3459/1/3452 3433/1/3426
f 3460/1/3453 3461/1/3454 3462/1/3455
f 3463/1/3456 3462/1/3455 3461/1/3454
f 3437/1/3429 3464/1/3457 3461/1/3454
f 3465/1/3458 3456/1/3449 3448/1/3440
f 3466/1/3459 3464/1/3457 3465/1/3458
f 3448/1/3440 3467/1/3460 3465/1/3458
f 2525/1/2515 3446/1/3439 2518/1/2507
f 2524/1/2513 3467/1/3460 2525/1/2515
f 3465/1/3458 3468/1/3461 3466/1/3459
f 717/1/716 3469/1/3462 3470/1/3463
f 3460/1/3453 716/1/715 103/1/102
f 3462/1/3455 3469/1/3462 3460/1/3453
f 3472/1/3464 3469/1/3462 3471/1/3465
f 3471/1/3465 3474/1/3466 3472/1/3464
f 3473/1/3467 3471/1/3465 3462/1/3455
f 3475/1/3468 3463/1/3456 3466/1/3459
f 3476/1/3469 3473/1/3467 3475/1/3468
f 3477/1/3470 3479/1/3471 3480/1/3472
f 3478/1/3473 722/1/721 3479/1/3471
f 722/1/721 717/1/716 3470/1/3463
f 3480/1/3472 3470/1/3463 3472/1/3464
f 3466/1/3459 3481/1/3474 3475/1/3468
f 2528/1/2517 3468/1/3461 2524/1/2513
f 2532/1/2521 3481/1/3474 2528/1/2517
f 3475/1/3468 3482/1/3475 3476/1/3469
f 3483/1/3476 3484/1/3477 3485/1/3478
f 3294/1/3286 3486/1/3479 3296/1/3287
f 3288/1/3280 3483/1/3476 3294/1/3286
f 3484/1/3477 3487/1/3480 3488/1/3481
f 3489/1/3482 2532/1/2521 2531/1/2520
f 2531/1/2520 2530/1/2519 3490/1/3483
f 3491/1/3484 3492/1/3485 3489/1/3482
f 3291/1/3282 3487/1/3480 3288/1/3280
f 3281/1/3272 3493/1/3486 3291/1/3282
f 3494/1/3487 3280/1/3271 3282/1/3274
f 3488/1/3481 3493/1/3486 3494/1/3487
f 3495/1/3488 3496/1/3489 3492/1/3485
f 3497/1/3490 3498/1/3491 3496/1/3489
f 3499/1/3492 3501/1/3493 3502/1/3494
f 3476/1/3469 3501/1/3493 3500/1/3495
f 3489/1/3482 3482/1/3475 2532/1/2521
f 3501/1/3493 3489/1/3482 3492/1/3485
f 3503/1/3496 3505/1/3497 3506/1/3498
f 3504/1/3499 2534/1/2523 3505/1/3497
f 723/1/2524 3505/1/3497 2534/1/2523
f 3506/1/3498 3478/1/3473 3477/1/3470
f 3499/1/3492 3508/1/3500 3500/1/3495
f 3480/1/3472 3507/1/3501 3477/1/3470
f 3472/1/3464 3508/1/3500 3480/1/3472
f 3500/1/3495 3474/1/3466 3476/1/3469
f 3506/1/3498 3510/1/3502 3503/1/3496
f 3477/1/3470 3509/1/3503 3506/1/3498
f 3511/1/3504 3507/1/3501 3499/1/3492
f 3510/1/3502 3511/1/3504 3512/1/3505
f 3502/1/3494 3511/1/3504 3499/1/3492
f 3502/1/3494 3492/1/3485 3496/1/3489
f 3514/1/3506 3496/1/3489 3498/1/3491
f 3512/1/3505 3513/1/3507 3514/1/3506
f 3515/1/3508 3517/1/3509 3518/1/3510
f 3484/1/3477 3516/1/3511 3485/1/3478
f 3488/1/3481 3517/1/3509 3484/1/3477
f 3518/1/3510 3519/1/3512 3520/1/3513
f 3521/1/3514 3523/1/3515 3524/1/3516
f 3510/1/3502 3522/1/3517 3503/1/3496
f 3512/1/3505 3523/1/3515 3510/1/3502
f 3524/1/3516 3525/1/3518 3526/1/3519
f 3512/1/3505 3527/1/3520 3525/1/3518
f 3528/1/3521 3514/1/3506 3498/1/3491
f 3529/1/3522 3527/1/3520 3528/1/3521
f 3525/1/3518 3530/1/3523 3526/1/3519
f 3531/1/3524 3532/1/3525 3282/1/3274
f 3504/1/3499 3283/1/3275 2535/1/2525
f 3503/1/3496 3531/1/3524 3504/1/3499
f 3532/1/3525 3522/1/3517 3521/1/3514
f 3520/1/3513 3533/1/3526 3534/1/3527
f 3494/1/3487 3519/1/3512 3488/1/3481
f 3282/1/3274 3533/1/3526 3494/1/3487
f 3532/1/3525 3521/1/3514 3534/1/3527
f 3526/1/3519 3536/1/3528 3524/1/3516
f 3534/1/3527 3535/1/3529 3520/1/3513
f 3524/1/3516 3534/1/3527 3521/1/3514
f 3530/1/3523 3535/1/3529 3526/1/3519
f 3529/1/3522 3537/1/3530 3530/1/3523
f 3518/1/3510 3538/1/3531 3515/1/3508
f 3520/1/3513 3537/1/3530 3518/1/3510
f 2650/1/2640 3540/1/3532 2636/1/2624
f 3320/1/3312 2650/1/2640 34/1/34
f 3322/1/3314 3539/1/3533 3320/1/3312
f 3541/1/3534 3540/1/3532 3539/1/3533
f 3542/1/3535 3543/1/3536 3544/1/3537
f 3324/1/3316 3541/1/3534 3322/1/3314
f 3326/1/3318 3543/1/3536 3324/1/3316
f 3544/1/3537 3545/1/3538 3546/1/3539
f 3540/1/3532 3547/1/3540 3548/1/3541
f 3346/1/3338 3547/1/3540 3347/1/3340
f 2633/1/2622 3346/1/3338 2637/1/2636
f 2636/1/2624 3548/1/3541 2633/1/2622
f 3549/1/3542 3550/1/3543 2655/1/2644
f 55/1/55 3549/1/3542 2652/1/2643
f 3551/1/3544 54/1/54 53/1/53
f 3552/1/3545 3549/1/3542 3551/1/3544
f 3553/1/3546 3550/1/3543 3552/1/3545
f 2661/1/2649 3554/1/3547 3553/1/3546
f 2666/1/2653 2656/1/2645 2659/1/2647
f 3550/1/3543 2666/1/2653 2655/1/2644
f 3328/1/3320 3545/1/3538 3326/1/3318
f 61/1/61 3555/1/3548 3328/1/3320
f 3556/1/3549 2660/1/2648 2661/1/2649
f 3546/1/3539 3555/1/3548 3556/1/3549
f 3552/1/3545 3557/1/3550 3558/1/3551
f 3329/1/3321 3551/1/3544 53/1/53
f 3332/1/3323 3557/1/3550 3329/1/3321
f 3558/1/3551 3559/1/3552 3560/1/3553
f 3560/1/3553 3562/1/3554 3558/1/3551
f 3556/1/3549 3561/1/3555 3546/1/3539
f 2661/1/2649 3562/1/3554 3556/1/3549
f 3558/1/3551 3553/1/3546 3552/1/3545
f 3435/1/3450 3563/1/3556 3564/1/3557
f 2627/1/2615 3434/1/3427 77/1/76
f 2628/1/2617 3563/1/3556 2627/1/2615
f 3564/1/3557 3565/1/3558 3566/1/3559
f 3342/1/3335 3559/1/3552 3332/1/3323
f 3335/1/3327 3567/1/3560 3342/1/3335
f 3568/1/3561 3345/1/3337 3347/1/3340
f 3560/1/3553 3567/1/3560 3568/1/3561
f 3568/1/3561 3561/1/3555 3560/1/3553
f 3347/1/3340 3569/1/3562 3568/1/3561
f 3544/1/3537 3547/1/3540 3542/1/3535
f 3546/1/3539 3569/1/3562 3544/1/3537
f 2682/1/2671 3565/1/3558 2628/1/2617
f 2674/1/2663 3570/1/3563 2682/1/2671
f 3571/1/3564 3427/1/3422 3426/1/3419
f 3566/1/3559 3570/1/3563 3571/1/3564
f 3572/1/3565 3574/1/3566 3575/1/3567
f 3449/1/3441 3573/1/3568 3572/1/3565
f 3564/1/3557 3458/1/3451 3435/1/3450
f 3566/1/3559 3573/1/3568 3564/1/3557
f 3576/1/3569 3577/1/3570 3578/1/3571
f 3454/1/3446 3579/1/3572 3578/1/3571
f 3580/1/3573 3453/1/3445 3452/1/3444
f 3579/1/3572 3580/1/3573 3581/1/3574
f 3576/1/3569 3581/1/3574 3582/1/3575
f 3583/1/3576 3582/1/3575 2490/1/2478
f 3583/1/3576 2485/1/2474 2488/1/2476
f 3583/1/3576 3584/1/3577 3577/1/3570
f 3575/1/3567 3586/1/3578 3572/1/3565
f 3451/1/3443 3585/1/3579 3452/1/3444
f 3443/1/3434 3586/1/3578 3451/1/3443
f 3572/1/3565 3445/1/3436 3449/1/3441
f 3587/1/3580 3581/1/3574 3580/1/3573
f 3452/1/3444 3588/1/3581 3580/1/3573
f 3589/1/3582 3585/1/3579 3575/1/3567
f 3590/1/3583 3588/1/3581 3589/1/3582
f 3591/1/3584 3587/1/3580 3590/1/3583
f 3425/1/3418 3592/1/3585 3591/1/3584
f 3582/1/3575 3431/1/3424 2490/1/2478
f 3592/1/3585 3582/1/3575 3581/1/3574
f 3575/1/3567 3593/1/3586 3589/1/3582
f 3571/1/3564 3574/1/3566 3566/1/3559
f 3426/1/3419 3593/1/3586 3571/1/3564
f 3589/1/3582 3594/1/3587 3590/1/3583
f 3590/1/3583 3595/1/3588 3591/1/3584
f 3429/1/3421 3594/1/3587 3426/1/3419
f 3421/1/3414 3595/1/3588 3429/1/3421
f 3591/1/3584 3423/1/3415 3425/1/3418
f 20/1/20 21/1/21 18/1/17
f 40/1/40 41/1/41 38/1/38
f 42/1/42 45/1/44 38/1/38
f 39/1/39 38/1/38 44/1/45
f 50/1/49 49/1/48 54/1/54
f 69/1/67 68/1/72 40/1/40
f 68/1/72 74/1/71 75/1/73
f 124/1/123 121/1/119 120/1/121
f 123/1/122 131/1/130 129/1/128
f 17/1/19 133/1/132 136/1/135
f 116/1/115 140/1/139 141/1/140
f 122/1/120 141/1/140 144/1/143
f 160/1/159 161/1/161 158/1/157
f 166/1/165 168/1/167 164/1/163
f 175/1/173 173/1/174 172/1/171
f 176/1/175 177/1/176 173/1/174
f 175/1/173 215/1/212 219/1/217
f 252/1/250 1859/1/1849 250/1/248
f 250/1/248 1859/1/1849 253/1/251
f 251/1/249 250/1/248 255/1/253
f 220/1/218 223/1/220 307/1/304
f 308/1/305 307/1/304 223/1/220
f 334/1/332 335/1/333 332/1/330
f 354/1/352 352/1/350 254/1/252
f 305/1/303 365/1/364 364/1/363
f 402/1/401 401/1/400 405/1/404
f 386/1/385 410/1/409 407/1/406
f 422/1/420 426/1/424 425/1/425
f 440/1/439 437/1/438 442/1/440
f 428/1/427 450/1/448 425/1/425
f 462/1/461 464/1/463 460/1/459
f 488/1/487 490/1/489 486/1/485
f 467/1/466 466/1/465 491/1/490
f 512/1/511 516/1/514 515/1/515
f 521/1/520 522/1/521 518/1/516
f 527/1/526 535/1/534 531/1/529
f 548/1/547 549/1/548 525/1/523
f 519/1/517 549/1/548 548/1/547
f 520/1/519 535/1/534 549/1/548
f 525/1/523 549/1/548 535/1/534
f 556/1/555 557/1/556 554/1/553
f 559/1/558 554/1/553 557/1/556
f 558/1/557 563/1/562 562/1/561
f 563/1/562 565/1/566 492/1/491
f 461/1/460 568/1/567 523/1/524
f 573/1/572 578/1/577 576/1/575
f 588/1/587 585/1/583 584/1/582
f 598/1/597 599/1/598 594/1/592
f 595/1/593 594/1/592 599/1/598
f 557/1/556 614/1/612 613/1/614
f 620/1/619 621/1/620 618/1/617
f 564/1/563 618/1/617 621/1/620
f 619/1/618 618/1/617 613/1/614
f 619/1/618 624/1/622 622/1/621
f 620/1/619 627/1/626 626/1/625
f 621/1/620 626/1/625 570/1/571
f 586/1/584 627/1/626 628/1/627
f 631/1/630 628/1/627 629/1/628
f 587/1/586 628/1/627 631/1/630
f 639/1/638 637/1/635 636/1/636
f 649/1/647 648/1/646 652/1/650
f 638/1/637 655/1/654 654/1/653
f 609/1/608 606/1/607 654/1/653
f 644/1/642 663/1/661 655/1/654
f 658/1/656 668/1/667 667/1/666
f 666/1/665 667/1/666 641/1/643
f 661/1/660 668/1/667 669/1/668
f 656/1/657 669/1/668 668/1/667
f 650/1/648 647/1/649 669/1/668
f 662/1/663 669/1/668 647/1/649
f 694/1/693 695/1/694 693/1/692
f 224/1/222 693/1/692 695/1/694
f 305/1/303 703/1/701 702/1/700
f 700/1/699 703/1/701 704/1/703
f 308/1/305 704/1/703 703/1/701
f 225/1/223 695/1/694 704/1/703
f 705/1/704 704/1/703 695/1/694
f 713/1/712 718/1/717 729/1/726
f 792/1/790 789/1/789 797/1/795
f 837/1/835 839/1/838 522/1/521
f 513/1/512 515/1/515 839/1/838
f 522/1/521 839/1/838 515/1/515
f 513/1/512 838/1/836 846/1/844
f 851/1/849 852/1/850 849/1/847
f 854/1/852 849/1/847 852/1/850
f 855/1/853 856/1/854 849/1/847
f 850/1/848 849/1/847 856/1/854
f 860/1/858 858/1/855 857/1/856
f 920/1/917 919/1/3589 822/1/820
f 923/1/920 918/1/916 926/1/923
f 921/1/918 928/1/925 926/1/923
f 898/1/896 934/1/931 933/1/930
f 929/1/928 933/1/930 934/1/931
f 902/1/900 899/1/899 933/1/930
f 934/1/931 936/1/932 935/1/933
f 935/1/933 938/1/938 937/1/934
f 942/1/939 939/1/935 938/1/938
f 947/1/944 948/1/945 944/1/940
f 937/1/934 944/1/940 948/1/945
f 966/1/963 962/1/962 973/1/969
f 972/1/971 975/1/972 968/1/964
f 975/1/972 976/1/974 455/1/453
f 455/1/453 976/1/974 977/1/973
f 399/1/398 983/1/980 982/1/979
f 911/1/909 907/1/908 985/1/982
f 1007/1/1004 1008/1/1005 1006/1/1003
f 940/1/936 996/1/995 1008/1/1005
f 1006/1/1003 1008/1/1005 996/1/995
f 1013/1/1010 1002/1/1001 592/1/591
f 582/1/581 1004/1/1000 1014/1/1011
f 1010/1/1009 1014/1/1011 1004/1/1000
f 993/1/990 1030/1/1027 1029/1/1026
f 1032/1/1029 1029/1/1026 1030/1/1027
f 1031/1/1028 1030/1/1027 1033/1/1030
f 1001/1/998 1033/1/1030 1030/1/1027
f 987/1/984 986/1/983 1033/1/1030
f 1034/1/1031 1033/1/1030 986/1/983
f 1032/1/1029 1036/1/1032 1040/1/1037
f 257/1/255 1093/1/1090 1092/1/1089
f 1095/1/1092 1092/1/1089 1093/1/1090
f 251/1/249 1092/1/1089 1097/1/1094
f 1125/1/1121 1123/1/3590 1122/1/1119
f 1133/1/1129 1130/1/1125 1129/1/1127
f 1134/1/1130 1135/1/1131 1130/1/1125
f 1131/1/1126 1130/1/1125 1135/1/1131
f 1165/1/1161 1166/1/1162 1162/1/1157
f 1169/1/1165 1171/1/1168 1167/1/1163
f 1173/1/1169 1174/1/1170 1171/1/1168
f 1164/1/1160 1179/1/1174 1176/1/1172
f 1180/1/1176 1181/1/1177 1176/1/1172
f 1177/1/1173 1183/1/1179 1182/1/1178
f 1172/1/1167 1169/1/1165 1182/1/1178
f 1178/1/1175 1182/1/1178 1184/1/1180
f 923/1/920 1187/1/1183 1185/1/1181
f 1189/1/1185 1190/1/1186 1186/1/1182
f 1193/1/1189 1194/1/1190 1191/1/1187
f 1179/1/1174 1191/1/1187 1194/1/1190
f 1189/1/1185 1191/1/1187 1179/1/1174
f 1188/1/1184 1192/1/1188 1191/1/1187
f 1196/1/1192 1195/1/1191 1194/1/1190
f 1183/1/1179 1195/1/1191 1198/1/1194
f 1204/1/1200 1203/1/1199 1202/1/1198
f 615/1/613 1206/1/1201 623/1/624
f 1214/1/1210 1217/1/1212 1213/1/1209
f 1218/1/1215 1221/1/1216 1220/1/1217
f 1220/1/1217 1222/1/1218 1207/1/1202
f 660/1/658 1222/1/1218 1220/1/1217
f 1193/1/1189 1211/1/1206 1223/1/1219
f 1215/1/1211 1224/1/1220 1223/1/1219
f 1196/1/1192 1223/1/1219 1224/1/1220
f 1232/1/1228 1235/1/1230 1239/1/1235
f 1277/1/1273 1279/1/1275 1278/1/1274
f 1283/1/1279 1281/1/1276 1280/1/1277
f 1281/1/1276 1283/1/1279 1266/1/1262
f 1286/1/1282 1288/1/1284 1284/1/1280
f 1282/1/1278 1280/1/1277 1284/1/1280
f 1285/1/1281 1284/1/1280 1280/1/1277
f 1282/1/1278 1292/1/1288 1290/1/1286
f 1297/1/1293 1299/1/1295 1293/1/1289
f 1298/1/1294 1297/1/1293 1296/1/1292
f 1279/1/1275 1297/1/1293 1298/1/1294
f 1299/1/1295 1297/1/1293 1279/1/1275
f 1301/1/1297 1300/1/1296 1298/1/1294
f 1125/1/1121 1300/1/1296 883/1/880
f 1294/1/1290 1291/1/1287 1305/1/1301
f 1306/1/1302 1305/1/1301 1273/1/1272
f 1286/1/1282 1315/1/1311 1313/1/1309
f 1285/1/1281 1317/1/1313 1315/1/1311
f 1320/1/1318 1314/1/1310 1316/1/1312
f 1337/1/1333 1338/1/1334 1336/1/1332
f 1341/1/1337 1344/1/1339 1332/1/1329
f 1337/1/1333 1339/1/1336 1352/1/1347
f 1353/1/1348 1356/1/1351 1338/1/1334
f 1360/1/1355 1359/1/1354 1343/1/1341
f 1373/1/1369 1384/1/1380 1382/1/1378
f 1393/1/1388 1391/1/1386 1390/1/1385
f 1414/1/1408 1411/1/1404 1410/1/1406
f 1412/1/1405 1411/1/1404 1397/1/1393
f 1172/1/1167 1198/1/1194 1429/1/1422
f 1173/1/1169 1428/1/1424 1432/1/1426
f 1437/1/1431 1436/1/1430 1224/1/1220
f 1430/1/1423 1436/1/1430 1439/1/1433
f 1442/1/1436 1443/1/1437 1440/1/1434
f 1427/1/1421 1439/1/1433 1440/1/1434
f 1445/1/1439 1447/1/1441 1423/1/1417
f 1445/1/1439 1444/1/1438 1438/1/1432
f 1447/1/1441 1445/1/1439 616/1/615
f 1441/1/1435 1449/1/1443 1448/1/1442
f 1423/1/1417 1419/1/1416 1449/1/1443
f 1418/1/1412 1433/1/1428 1452/1/1445
f 1443/1/1437 1453/1/1447 1431/1/1425
f 1416/1/1410 1453/1/1447 1451/1/1446
f 1406/1/1400 1431/1/1425 1453/1/1447
f 1457/1/1450 1456/1/1449 1425/1/1419
f 1394/1/1389 1402/1/1396 1459/1/1455
f 1461/1/1454 1458/1/1452 1464/1/1457
f 1468/1/1462 1471/1/3146 1396/1/1465
f 1506/1/1500 1504/1/1497 1503/1/1498
f 1507/1/1501 1508/1/1502 1504/1/1497
f 1505/1/1499 1503/1/1498 1511/1/1505
f 1511/1/1505 1513/1/3005 1514/1/1507
f 1424/1/1418 1532/1/1525 1531/1/1524
f 1529/1/1521 1531/1/1524 1532/1/1525
f 1457/1/1450 1531/1/1524 1519/1/1514
f 1544/1/1537 1547/1/1539 1542/1/1535
f 1537/1/1529 1565/1/1558 1564/1/1557
f 1557/1/1550 1564/1/1557 1565/1/1558
f 1603/1/1596 1605/1/3591 1602/1/1595
f 862/1/860 1605/1/3591 1604/1/1597
f 855/1/853 1604/1/1597 1607/1/1599
f 1608/1/1600 1607/1/1599 1604/1/1597
f 1600/1/1593 1611/1/1603 1609/1/1601
f 1447/1/1441 1609/1/1601 1611/1/1603
f 556/1/555 555/1/554 1609/1/1601
f 1610/1/1602 1609/1/1601 555/1/554
f 1611/1/1603 1612/1/3592 1422/1/1415
f 1616/1/1607 1613/1/1604 1614/1/1605
f 546/1/544 1613/1/1604 1616/1/1607
f 1592/1/1585 1599/1/1591 1617/1/1608
f 1618/1/1609 1617/1/1608 1599/1/1591
f 1590/1/1582 1617/1/1608 1620/1/1611
f 529/1/528 542/1/540 1624/1/1615
f 1616/1/1607 1624/1/1615 542/1/540
f 530/1/532 1624/1/1615 1621/1/1614
f 1606/1/1598 1627/1/1618 1625/1/1617
f 1618/1/1609 1628/1/1619 1626/1/1616
f 859/1/857 1632/1/1623 1630/1/1621
f 1602/1/1595 1630/1/1621 1631/1/1622
f 1639/1/1629 1635/1/1630 1634/1/1625
f 869/1/866 1510/1/1504 1635/1/1630
f 1643/1/1634 1641/1/1631 1640/1/1632
f 1638/1/1628 1641/1/1631 1644/1/1635
f 1633/1/1624 1632/1/1623 1644/1/1635
f 1649/1/1640 1650/1/1641 1647/1/1638
f 1649/1/1640 1648/1/1639 1637/1/1627
f 1507/1/1501 1516/1/1508 1649/1/1640
f 1713/1/1704 1712/1/1703 1715/1/1707
f 1720/1/1711 1721/1/1712 1718/1/1709
f 1733/1/1724 1731/1/1721 1730/1/1722
f 1745/1/1736 1743/1/1733 1742/1/1734
f 1744/1/1735 1750/1/1741 1748/1/1738
f 1757/1/1748 1754/1/1745 1755/1/1746
f 1260/1/1256 1754/1/1745 1757/1/1748
f 1551/1/1544 1554/1/1546 1764/1/1755
f 1761/1/1751 1766/1/1757 1764/1/1755
f 1756/1/1747 1755/1/1746 1780/1/1771
f 1810/1/1799 1820/1/1810 1818/1/1808
f 169/1/168 168/1/167 1818/1/1808
f 1809/1/1798 1823/1/1813 1822/1/1812
f 1825/1/1815 1822/1/1812 1823/1/1813
f 1838/1/1828 1836/1/1825 1835/1/1826
f 1837/1/1827 1851/1/1841 1849/1/1839
f 1838/1/1828 1849/1/1839 1097/1/1094
f 1855/1/1845 1856/1/1846 1853/1/1843
f 1852/1/1842 1858/1/1848 1857/1/1847
f 1867/1/1856 1866/1/1855 1145/1/1140
f 1771/1/1761 1898/1/1887 1899/1/1888
f 1900/1/1890 1897/1/1889 1901/1/1891
f 1902/1/1892 1901/1/1891 1765/1/1756
f 1950/1/1940 1952/1/1942 1948/1/1938
f 1949/1/1939 1948/1/1938 1955/1/1945
f 1959/1/1949 1957/1/1947 1952/1/1942
f 1958/1/1948 1957/1/1947 1781/1/1772
f 1160/1/1156 1962/1/1951 1965/1/1955
f 1725/1/1715 1724/1/1714 1965/1/1955
f 1975/1/1965 1973/1/1963 1968/1/1961
f 1976/1/1966 1978/1/1970 1955/1/1945
f 1956/1/1946 1955/1/1945 1978/1/1970
f 1977/1/1967 1984/1/1974 1982/1/1971
f 1992/1/1982 1991/1/1981 1910/1/1900
f 1996/1/1986 1997/1/1987 1994/1/1984
f 1999/1/1989 1994/1/1984 1997/1/1987
f 2026/1/2016 2027/1/2017 2024/1/2014
f 2029/1/2019 2024/1/2014 2027/1/2017
f 1716/1/1706 1721/1/1712 2024/1/2014
f 2068/1/2058 2069/1/2059 2066/1/2056
f 1989/1/1978 2073/1/2062 2072/1/2064
f 2029/1/2019 2097/1/2087 1717/1/1708
f 2023/1/2013 2022/1/2012 2097/1/2087
f 1882/1/1872 2103/1/2093 2102/1/2092
f 1947/1/1936 2146/1/2135 2147/1/2137
f 2148/1/2138 2147/1/2137 2049/1/2042
f 2150/1/2140 2149/1/2139 2143/1/2136
f 2165/1/2155 2162/1/2151 2161/1/2153
f 1146/1/1141 1868/1/1857 2162/1/2151
f 2164/1/2154 2169/1/2158 2166/1/2156
f 2174/1/2164 2173/1/2163 2161/1/2153
f 2180/1/2170 2177/1/2166 2176/1/2168
f 1378/1/1374 1387/1/1383 2177/1/2166
f 2182/1/2172 2181/1/2171 2180/1/2170
f 1488/1/1481 2190/1/2180 2193/1/2183
f 1998/1/1988 2200/1/2190 2199/1/2188
f 2010/1/1999 2220/1/2210 2223/1/2213
f 1914/1/1904 2229/1/2219 2230/1/2220
f 1992/1/1982 2237/1/2227 2075/1/2065
f 2246/1/2235 2245/1/2234 1922/1/1912
f 2247/1/2236 2248/1/2238 1960/1/1952
f 1960/1/1952 2248/1/2238 2040/1/2030
f 2250/1/2240 2249/1/2239 2244/1/2237
f 2076/1/2066 2240/1/2229 2254/1/2244
f 1921/1/1911 1925/1/1917 2255/1/2245
f 1980/1/1972 2189/1/2179 2256/1/2246
f 1956/1/1946 2259/1/2249 2260/1/2250
f 2261/1/2251 2260/1/2250 2259/1/2249
f 2261/1/2251 2263/1/2252 2168/1/2159
f 1824/1/1814 2266/1/2256 2265/1/2255
f 2082/1/2072 2267/1/2257 2265/1/2255
f 2150/1/2140 2282/1/2272 1835/1/1826
f 1738/1/1729 1856/1/1846 2285/1/2275
f 346/1/344 2101/1/2091 2286/1/2276
f 2107/1/2097 2104/1/2096 2286/1/2276
f 353/1/351 2286/1/2276 2104/1/2096
f 1885/1/1874 2288/1/2278 2103/1/2093
f 2160/1/2150 2290/1/2280 2289/1/2279
f 2295/1/2285 2293/1/2282 2292/1/2283
f 871/1/869 870/1/868 2293/1/2282
f 2312/1/2302 2313/1/2303 2311/1/2301
f 857/1/856 2313/1/2303 2312/1/2302
f 2306/1/2295 2311/1/2301 2313/1/2303
f 2312/1/2302 2315/1/2304 1645/1/1636
f 1645/1/1636 2315/1/2304 2292/1/2283
f 1525/1/1518 1601/1/1594 2324/1/2314
f 1591/1/1584 2324/1/2314 1601/1/1594
f 2325/1/2315 2328/1/2318 1579/1/1572
f 2327/1/2317 2328/1/2318 2325/1/2315
f 2380/1/2369 2387/1/2376 2382/1/2374
f 2385/1/2375 2392/1/2382 2390/1/2380
f 2397/1/2386 2396/1/2385 2388/1/2377
f 2452/1/2442 1517/1/1511 1505/1/1499
f 1647/1/1638 1650/1/1641 2454/1/2444
f 1518/1/1510 2445/1/2438 2454/1/2444
f 2460/1/2449 2462/1/2451 2458/1/2447
f 2459/1/2448 2458/1/2447 48/1/51
f 2466/1/2455 2467/1/2456 2464/1/2453
f 2469/1/2458 2464/1/2453 2467/1/2456
f 2465/1/2454 2464/1/2453 2462/1/2451
f 2472/1/2461 2474/1/2463 2470/1/2459
f 2481/1/2470 2483/1/2472 2479/1/2468
f 2486/1/2479 2483/1/2472 2481/1/2470
f 2498/1/2486 2497/1/2485 2493/1/2482
f 2467/1/2456 2497/1/2485 2496/1/2487
f 2501/1/2490 2503/1/2492 2499/1/2488
f 2496/1/2487 2499/1/2488 2502/1/2491
f 2509/1/2498 2510/1/2499 2506/1/2494
f 2507/1/2495 2512/1/2501 2513/1/2502
f 2516/1/2505 2517/1/2506 2514/1/2503
f 2518/1/2507 2519/1/2508 2517/1/2506
f 2523/1/2512 2526/1/2514 2522/1/2510
f 2535/1/2525 2536/1/2526 2533/1/2522
f 2541/1/2531 2543/1/2533 2539/1/2529
f 2552/1/2541 2551/1/2540 177/1/176
f 2558/1/2547 2561/1/2551 2559/1/2549
f 2658/1/2646 2657/1/2650 57/1/60
f 197/1/195 2691/1/2680 2693/1/2682
f 2696/1/2685 2697/1/2686 2694/1/2683
f 2695/1/2684 2704/1/2693 2703/1/2692
f 2762/1/2751 2760/1/2748 2759/1/2749
f 2761/1/2750 2767/1/2756 2765/1/2753
f 2768/1/2757 2775/1/2764 2773/1/2763
f 176/1/175 219/1/217 2783/1/2771
f 2781/1/2770 2786/1/2777 2793/1/2782
f 2785/1/2774 2800/1/2789 2790/1/2780
f 2541/1/2531 2548/1/2538 2800/1/2789
f 2792/1/2781 2801/1/2790 2807/1/2796
f 2806/1/2794 2807/1/2796 2801/1/2790
f 1888/1/1880 2809/1/2798 2804/1/2795
f 2828/1/2816 2827/1/2815 1358/1/1357
f 2838/1/2827 2839/1/3012 1496/1/1490
f 1903/1/1893 2842/1/2830 2840/1/2828
f 2861/1/2848 2860/1/2847 2604/1/2596
f 2870/1/2858 2869/1/2857 2859/1/2850
f 1157/1/1153 1153/1/1152 2881/1/2869
f 2885/1/2872 2894/1/2882 2893/1/2883
f 2919/1/2908 2918/1/2907 2561/1/2551
f 2925/1/2913 2926/1/2915 2767/1/2756
f 2937/1/2926 2941/1/2931 2944/1/2932
f 1266/1/1262 1295/1/1291 2945/1/2934
f 2948/1/2937 2945/1/2934 2946/1/2935
f 2603/1/2592 2609/1/2599 2949/1/2938
f 1272/1/1268 2902/1/2891 2954/1/2943
f 2955/1/2944 2954/1/2943 2902/1/2891
f 2901/1/2890 2904/1/2892 2957/1/2945
f 1494/1/1487 3012/1/3001 1513/1/3005
f 2839/1/3012 3022/1/3014 3011/1/3003
f 2824/1/2813 2823/1/2812 3030/1/3022
f 2578/1/2566 3030/1/3022 2823/1/2812
f 3036/1/3028 3032/1/3027 3039/1/3030
f 1578/1/1571 3049/1/3041 3047/1/3038
f 3052/1/3044 3051/1/3043 2444/1/2433
f 3067/1/3058 3066/1/3057 3063/1/3056
f 3050/1/3042 3049/1/3041 3066/1/3057
f 1576/1/1568 3066/1/3057 3049/1/3041
f 2594/1/2583 3068/1/3060 3070/1/3061
f 3034/1/3025 3082/1/3073 3084/1/3075
f 2703/1/2692 3130/1/3121 3128/1/3120
f 3132/1/3123 3131/1/3122 2571/1/2559
f 3133/1/3124 3132/1/3123 3144/1/3135
f 1470/1/1463 1475/1/1469 3158/1/3150
f 3005/1/2995 3158/1/3150 1475/1/1469
f 1389/1/2968 1388/1/1384 3160/1/3152
f 2389/1/2379 3177/1/3169 3176/1/3168
f 3179/1/3171 3176/1/3168 3177/1/3169
f 3206/1/3197 3210/1/3202 2386/1/2378
f 3207/1/3199 3211/1/3203 3210/1/3202
f 3177/1/3169 3210/1/3202 3211/1/3203
f 3216/1/3208 3214/1/3205 3183/1/3174
f 3216/1/3208 3264/1/3255 3263/1/3257
f 3178/1/3170 3211/1/3203 3264/1/3255
f 3265/1/3256 3596/1/3593 3268/1/3260
f 3208/1/3201 3596/1/3593 3265/1/3256
f 3245/1/3239 3596/1/3593 3208/1/3201
f 3268/1/3260 3596/1/3593 3245/1/3239
f 3266/1/3258 3274/1/3266 3273/1/3264
f 2535/1/2525 3283/1/3275 3279/1/3273
f 3286/1/3278 3287/1/3279 3284/1/3276
f 4/1/3 3284/1/3276 3287/1/3279
f 3298/1/3290 3295/1/3288 3297/1/3289
f 25/1/24 24/1/23 3300/1/3294
f 3286/1/3278 3292/1/3283 3303/1/3295
f 3305/1/3297 3303/1/3295 3292/1/3283
f 3293/1/3285 3298/1/3290 3307/1/3299
f 71/1/69 3307/1/3299 3298/1/3290
f 1824/1/1814 1823/1/1813 3378/1/3371
f 3383/1/3376 3382/1/3375 3384/1/3377
f 3385/1/3378 3384/1/3377 3386/1/3379
f 3440/1/3432 3442/1/3435 3438/1/3430
f 2519/1/2508 3442/1/3435 3440/1/3432
f 3452/1/3444 3453/1/3445 3450/1/3442
f 3455/1/3447 3450/1/3442 3453/1/3445
f 3439/1/3431 3438/1/3430 3450/1/3442
f 3451/1/3443 3450/1/3442 3438/1/3430
f 3461/1/3454 3464/1/3457 3463/1/3456
f 3462/1/3455 3463/1/3456 3473/1/3467
f 3470/1/3463 3479/1/3471 722/1/721
f 3485/1/3478 3486/1/3479 3483/1/3476
f 2531/1/2520 3597/1/3594 3489/1/3482
f 3490/1/3483 3597/1/3594 2531/1/2520
f 3489/1/3482 3597/1/3594 3491/1/3484
f 3492/1/3485 3491/1/3484 3495/1/3488
f 3496/1/3489 3495/1/3488 3497/1/3490
f 3492/1/3485 3502/1/3494 3501/1/3493
f 3496/1/3489 3513/1/3507 3502/1/3494
f 3282/1/3274 3283/1/3275 3531/1/3524
f 3534/1/3527 3533/1/3526 3532/1/3525
f 2655/1/2644 2652/1/2643 3549/1/3542
f 3578/1/3571 3579/1/3572 3576/1/3569
f 3581/1/3574 3576/1/3569 3579/1/3572
f 3582/1/3575 3583/1/3576 3576/1/3569
f 2490/1/2478 2485/1/2474 3583/1/3576
f 2488/1/2476 3584/1/3577 3583/1/3576
f 3577/1/3570 3576/1/3569 3583/1/3576
f 3580/1/3573 3588/1/3581 3587/1/3580
f 3581/1/3574 3587/1/3580 3592/1/3585
f 1/1/1 2/1/5 3/1/2
f 5/1/4 3/1/2 2/1/5
f 7/1/7 8/1/8 3/1/2
f 4/1/3 3/1/2 8/1/8
f 10/1/10 11/1/13 12/1/11
f 5/1/4 12/1/11 11/1/13
f 6/1/6 14/1/14 12/1/11
f 13/1/12 12/1/11 14/1/14
f 16/1/16 17/1/19 18/1/17
f 15/1/15 14/1/14 18/1/17
f 19/1/18 18/1/17 14/1/14
f 22/1/22 23/1/25 24/1/23
f 16/1/16 19/1/18 23/1/25
f 6/1/6 2/1/5 23/1/25
f 24/1/23 23/1/25 2/1/5
f 26/1/26 27/1/30 28/1/27
f 30/1/29 28/1/27 27/1/30
f 32/1/32 33/1/33 28/1/27
f 29/1/28 28/1/27 33/1/33
f 25/1/24 35/1/36 36/1/35
f 30/1/29 36/1/35 35/1/36
f 31/1/31 37/1/37 36/1/35
f 22/1/22 36/1/35 37/1/37
f 43/1/43 44/1/45 38/1/38
f 47/1/47 48/1/51 49/1/48
f 51/1/50 49/1/48 48/1/51
f 53/1/53 54/1/54 49/1/48
f 56/1/56 57/1/60 58/1/57
f 60/1/59 58/1/57 57/1/60
f 45/1/44 58/1/57 60/1/59
f 59/1/58 58/1/57 45/1/44
f 59/1/58 62/1/63 63/1/62
f 42/1/42 64/1/75 62/1/63
f 56/1/56 63/1/62 65/1/64
f 67/1/66 68/1/72 69/1/67
f 71/1/69 69/1/67 39/1/39
f 70/1/68 69/1/67 71/1/69
f 67/1/66 73/1/3595 74/1/71
f 40/1/40 75/1/73 76/1/74
f 41/1/41 76/1/74 64/1/75
f 77/1/76 78/1/80 79/1/77
f 81/1/79 79/1/77 78/1/80
f 83/1/82 84/1/83 79/1/77
f 80/1/78 79/1/77 84/1/83
f 86/1/85 87/1/89 88/1/86
f 90/1/88 88/1/86 87/1/89
f 90/1/88 85/1/84 92/1/91
f 92/1/91 93/1/96 89/1/87
f 94/1/92 95/1/95 96/1/93
f 92/1/91 96/1/93 95/1/95
f 85/1/84 84/1/83 96/1/93
f 97/1/94 96/1/93 84/1/83
f 98/1/97 99/1/100 100/1/98
f 81/1/79 100/1/98 99/1/100
f 82/1/81 102/1/101 100/1/98
f 101/1/99 100/1/98 102/1/101
f 104/1/103 105/1/107 106/1/104
f 108/1/106 106/1/104 105/1/107
f 110/1/109 111/1/110 106/1/104
f 107/1/105 106/1/104 111/1/110
f 20/1/20 113/1/114 114/1/112
f 115/1/113 114/1/112 113/1/114
f 117/1/116 118/1/117 114/1/112
f 21/1/21 114/1/112 118/1/117
f 119/1/118 120/1/121 121/1/119
f 117/1/116 115/1/113 121/1/119
f 122/1/120 121/1/119 115/1/113
f 118/1/117 117/1/116 125/1/124
f 127/1/126 126/1/125 125/1/124
f 10/1/10 13/1/12 126/1/125
f 118/1/117 126/1/125 13/1/12
f 130/1/129 129/1/128 131/1/130
f 128/1/127 125/1/124 129/1/128
f 125/1/124 117/1/116 124/1/123
f 16/1/16 37/1/37 133/1/132
f 134/1/133 133/1/132 37/1/37
f 135/1/134 136/1/135 133/1/132
f 20/1/20 136/1/135 137/1/136
f 138/1/137 137/1/136 136/1/135
f 139/1/138 140/1/139 137/1/136
f 113/1/114 137/1/136 140/1/139
f 142/1/141 141/1/140 140/1/139
f 143/1/142 144/1/143 141/1/140
f 31/1/31 27/1/30 145/1/144
f 146/1/145 145/1/144 27/1/30
f 147/1/146 148/1/147 145/1/144
f 134/1/133 145/1/144 148/1/147
f 149/1/148 150/1/152 151/1/149
f 153/1/151 151/1/149 150/1/152
f 155/1/154 156/1/155 151/1/149
f 152/1/150 151/1/149 156/1/155
f 153/1/151 161/1/161 160/1/159
f 153/1/151 154/1/153 162/1/160
f 163/1/162 158/1/157 161/1/161
f 167/1/166 164/1/163 168/1/167
f 170/1/169 171/1/170 164/1/163
f 165/1/164 164/1/163 171/1/170
f 172/1/171 173/1/174 95/1/95
f 95/1/95 173/1/174 177/1/176
f 178/1/177 179/1/181 180/1/178
f 182/1/180 180/1/178 179/1/181
f 184/1/183 180/1/178 182/1/180
f 186/1/185 181/1/179 180/1/178
f 183/1/182 187/1/188 188/1/186
f 189/1/187 188/1/186 187/1/188
f 191/1/190 192/1/191 188/1/186
f 182/1/180 188/1/186 192/1/191
f 193/1/192 194/1/196 195/1/193
f 197/1/195 195/1/193 194/1/196
f 199/1/198 200/1/199 195/1/193
f 196/1/194 195/1/193 200/1/199
f 202/1/201 203/1/204 204/1/202
f 196/1/194 204/1/202 203/1/204
f 201/1/200 206/1/205 204/1/202
f 205/1/203 204/1/202 206/1/205
f 208/1/207 209/1/353 210/1/208
f 212/1/210 213/1/211 211/1/209
f 205/1/203 211/1/209 213/1/211
f 205/1/203 207/1/206 208/1/207
f 174/1/172 214/1/214 215/1/212
f 216/1/213 215/1/212 214/1/214
f 218/1/216 219/1/217 215/1/212
f 220/1/218 221/1/221 222/1/219
f 216/1/213 222/1/219 221/1/221
f 217/1/215 224/1/222 222/1/219
f 223/1/220 222/1/219 224/1/222
f 226/1/224 227/1/228 228/1/225
f 230/1/227 228/1/225 227/1/228
f 109/1/108 105/1/107 228/1/225
f 229/1/226 228/1/225 105/1/107
f 231/1/229 232/1/232 233/1/230
f 234/1/231 233/1/230 232/1/232
f 236/1/234 237/1/235 233/1/230
f 230/1/227 233/1/230 237/1/235
f 235/1/233 238/1/238 239/1/236
f 240/1/237 239/1/236 238/1/238
f 242/1/240 243/1/241 239/1/236
f 234/1/231 239/1/236 243/1/241
f 241/1/239 244/1/244 245/1/242
f 246/1/243 245/1/242 244/1/244
f 248/1/246 249/1/247 245/1/242
f 240/1/237 245/1/242 249/1/247
f 255/1/253 250/1/248 254/1/252
f 258/1/256 259/1/260 260/1/257
f 262/1/259 260/1/257 259/1/260
f 264/1/262 265/1/263 260/1/257
f 261/1/258 260/1/257 265/1/263
f 267/1/265 268/1/269 269/1/266
f 271/1/268 269/1/266 268/1/269
f 273/1/271 274/1/272 269/1/266
f 270/1/267 269/1/266 274/1/272
f 276/1/274 277/1/278 278/1/275
f 280/1/277 278/1/275 277/1/278
f 282/1/280 283/1/281 278/1/275
f 279/1/276 278/1/275 283/1/281
f 285/1/283 286/1/287 287/1/284
f 289/1/286 287/1/284 286/1/287
f 272/1/270 268/1/269 287/1/284
f 288/1/285 287/1/284 268/1/269
f 291/1/289 292/1/293 293/1/290
f 295/1/292 293/1/290 292/1/293
f 297/1/295 293/1/290 295/1/292
f 294/1/291 293/1/290 297/1/295
f 190/1/189 299/1/299 300/1/297
f 301/1/298 300/1/297 299/1/299
f 303/1/301 300/1/297 301/1/298
f 189/1/187 300/1/297 303/1/301
f 305/1/303 306/1/307 307/1/304
f 309/1/306 307/1/304 306/1/307
f 311/1/309 312/1/312 313/1/310
f 270/1/267 313/1/310 312/1/312
f 275/1/273 315/1/313 313/1/310
f 314/1/311 313/1/310 315/1/313
f 317/1/315 318/1/319 319/1/316
f 321/1/318 319/1/316 318/1/319
f 132/1/131 131/1/130 319/1/316
f 320/1/317 319/1/316 131/1/130
f 231/1/229 227/1/228 323/1/321
f 325/1/323 323/1/321 227/1/228
f 322/1/320 318/1/319 323/1/321
f 324/1/322 323/1/321 318/1/319
f 326/1/324 327/1/327 328/1/325
f 320/1/317 328/1/325 327/1/327
f 123/1/122 120/1/121 328/1/325
f 329/1/326 328/1/325 120/1/121
f 235/1/233 232/1/232 330/1/328
f 324/1/322 330/1/328 232/1/232
f 317/1/315 327/1/327 330/1/328
f 331/1/329 330/1/328 327/1/327
f 329/1/326 332/1/330 335/1/333
f 119/1/118 144/1/143 332/1/330
f 333/1/331 332/1/330 144/1/143
f 241/1/239 238/1/238 336/1/334
f 331/1/329 336/1/334 238/1/238
f 326/1/324 335/1/333 336/1/334
f 337/1/335 336/1/334 335/1/333
f 338/1/336 339/1/339 340/1/337
f 333/1/331 340/1/337 339/1/339
f 143/1/142 342/1/340 340/1/337
f 341/1/338 340/1/337 342/1/340
f 247/1/245 244/1/244 344/1/342
f 337/1/335 344/1/342 244/1/244
f 334/1/332 339/1/339 344/1/342
f 345/1/343 344/1/342 339/1/339
f 346/1/344 347/1/348 348/1/345
f 350/1/347 348/1/345 347/1/348
f 298/1/296 295/1/292 348/1/345
f 349/1/346 348/1/345 295/1/292
f 256/1/254 254/1/252 352/1/350
f 351/1/349 347/1/348 352/1/350
f 353/1/351 352/1/350 347/1/348
f 209/1/353 355/1/356 356/1/354
f 357/1/355 356/1/354 355/1/356
f 359/1/358 360/1/359 356/1/354
f 210/1/208 356/1/354 360/1/359
f 361/1/360 362/1/361 259/1/260
f 357/1/355 362/1/361 361/1/360
f 358/1/357 363/1/362 362/1/361
f 259/1/260 362/1/361 363/1/362
f 314/1/311 364/1/363 365/1/364
f 316/1/314 366/1/365 364/1/363
f 306/1/307 364/1/363 366/1/365
f 267/1/265 312/1/312 367/1/366
f 368/1/367 367/1/366 312/1/312
f 369/1/368 370/1/369 367/1/366
f 288/1/285 367/1/366 370/1/369
f 371/1/370 372/1/374 373/1/371
f 375/1/373 373/1/371 372/1/374
f 377/1/376 378/1/377 373/1/371
f 374/1/372 373/1/371 378/1/377
f 380/1/379 381/1/383 382/1/380
f 384/1/382 382/1/380 381/1/383
f 386/1/385 387/1/386 382/1/380
f 383/1/381 382/1/380 387/1/386
f 389/1/388 390/1/392 391/1/389
f 393/1/391 391/1/389 390/1/392
f 385/1/384 381/1/383 391/1/389
f 392/1/390 391/1/389 381/1/383
f 379/1/378 395/1/396 396/1/394
f 397/1/395 396/1/394 395/1/396
f 399/1/398 400/1/399 396/1/394
f 374/1/372 396/1/394 400/1/399
f 379/1/378 378/1/377 401/1/400
f 403/1/402 401/1/400 378/1/377
f 404/1/403 405/1/404 401/1/400
f 409/1/408 407/1/406 410/1/409
f 409/1/408 404/1/403 403/1/402
f 408/1/407 407/1/406 403/1/402
f 385/1/384 412/1/413 413/1/411
f 414/1/412 413/1/411 412/1/413
f 411/1/410 410/1/409 413/1/411
f 384/1/382 413/1/411 410/1/409
f 394/1/393 416/1/417 417/1/415
f 418/1/416 417/1/415 416/1/417
f 415/1/414 412/1/413 417/1/415
f 393/1/391 417/1/415 412/1/413
f 394/1/393 420/1/421 421/1/419
f 422/1/420 421/1/419 420/1/421
f 423/1/422 424/1/423 421/1/419
f 416/1/417 421/1/419 424/1/423
f 406/1/405 425/1/425 426/1/424
f 398/1/397 395/1/396 426/1/424
f 402/1/401 426/1/424 395/1/396
f 406/1/405 405/1/404 427/1/426
f 429/1/428 427/1/426 405/1/404
f 430/1/429 431/1/430 427/1/426
f 428/1/427 427/1/426 431/1/430
f 404/1/403 409/1/408 433/1/432
f 409/1/408 411/1/410 434/1/433
f 435/1/434 436/1/435 433/1/432
f 429/1/428 433/1/432 436/1/435
f 415/1/414 437/1/438 438/1/436
f 439/1/437 438/1/436 437/1/438
f 435/1/434 434/1/433 438/1/436
f 414/1/412 438/1/436 434/1/433
f 419/1/418 441/1/442 442/1/440
f 443/1/441 442/1/440 441/1/442
f 418/1/416 442/1/440 437/1/438
f 445/1/444 446/1/446 424/1/423
f 447/1/445 448/1/447 446/1/446
f 444/1/443 441/1/442 446/1/446
f 424/1/423 446/1/446 441/1/442
f 432/1/431 449/1/449 450/1/448
f 445/1/444 450/1/448 449/1/449
f 423/1/422 425/1/425 450/1/448
f 451/1/450 452/1/454 453/1/451
f 455/1/453 456/1/456 453/1/451
f 457/1/455 458/1/457 453/1/451
f 454/1/452 453/1/451 458/1/457
f 463/1/462 460/1/459 464/1/463
f 451/1/450 466/1/465 460/1/459
f 461/1/460 460/1/459 466/1/465
f 468/1/467 469/1/470 470/1/468
f 469/1/470 472/1/478 473/1/471
f 465/1/464 464/1/463 470/1/468
f 471/1/469 470/1/468 464/1/463
f 468/1/467 474/1/474 475/1/472
f 476/1/473 475/1/472 474/1/474
f 478/1/476 479/1/477 475/1/472
f 469/1/470 475/1/472 479/1/477
f 477/1/475 480/1/481 481/1/479
f 482/1/480 481/1/479 480/1/481
f 484/1/483 485/1/484 481/1/479
f 476/1/473 481/1/479 485/1/484
f 489/1/488 486/1/485 490/1/489
f 482/1/480 486/1/485 489/1/488
f 486/1/485 482/1/480 483/1/482
f 459/1/458 490/1/489 491/1/490
f 488/1/487 492/1/491 491/1/490
f 454/1/452 491/1/490 466/1/465
f 430/1/429 436/1/435 493/1/492
f 495/1/494 493/1/492 436/1/435
f 496/1/495 493/1/492 495/1/494
f 494/1/493 493/1/492 496/1/495
f 497/1/496 495/1/494 499/1/498
f 439/1/437 499/1/498 495/1/494
f 440/1/439 501/1/500 499/1/498
f 500/1/499 499/1/498 501/1/500
f 444/1/443 503/1/504 504/1/502
f 505/1/503 504/1/502 503/1/504
f 502/1/501 501/1/500 504/1/502
f 443/1/441 504/1/502 501/1/500
f 447/1/445 507/1/508 508/1/506
f 509/1/507 508/1/506 507/1/508
f 506/1/505 503/1/504 508/1/506
f 448/1/447 508/1/506 503/1/504
f 447/1/445 449/1/449 511/1/510
f 512/1/511 511/1/510 449/1/449
f 513/1/512 514/1/513 511/1/510
f 514/1/513 510/1/509 507/1/508
f 498/1/497 515/1/515 516/1/514
f 432/1/431 431/1/430 516/1/514
f 494/1/493 516/1/514 431/1/430
f 497/1/496 517/1/518 518/1/516
f 519/1/517 518/1/516 517/1/518
f 498/1/497 496/1/495 518/1/516
f 462/1/461 523/1/524 524/1/522
f 525/1/523 524/1/522 523/1/524
f 527/1/526 528/1/527 524/1/522
f 471/1/469 524/1/522 528/1/527
f 529/1/528 530/1/532 531/1/529
f 533/1/531 531/1/529 530/1/532
f 532/1/530 531/1/529 535/1/534
f 502/1/501 536/1/536 537/1/535
f 532/1/530 537/1/535 536/1/536
f 520/1/519 517/1/518 537/1/535
f 500/1/499 537/1/535 517/1/518
f 533/1/531 538/1/538 528/1/527
f 539/1/537 538/1/538 533/1/531
f 474/1/474 538/1/538 539/1/537
f 468/1/467 528/1/527 538/1/538
f 506/1/505 540/1/541 541/1/539
f 542/1/540 541/1/539 540/1/541
f 529/1/528 536/1/536 541/1/539
f 505/1/503 541/1/539 536/1/536
f 510/1/509 544/1/545 545/1/543
f 546/1/544 545/1/543 544/1/545
f 543/1/542 540/1/541 545/1/543
f 509/1/507 545/1/543 540/1/541
f 550/1/549 551/1/552 552/1/550
f 480/1/481 552/1/550 551/1/552
f 477/1/475 539/1/537 552/1/550
f 553/1/551 552/1/550 539/1/537
f 550/1/549 560/1/559 554/1/553
f 555/1/554 554/1/553 560/1/559
f 487/1/486 562/1/561 563/1/562
f 483/1/482 551/1/552 562/1/561
f 559/1/558 562/1/561 551/1/552
f 564/1/563 565/1/566 563/1/562
f 566/1/564 565/1/566 564/1/563
f 467/1/466 492/1/491 565/1/566
f 467/1/466 566/1/564 568/1/567
f 569/1/568 568/1/567 566/1/564
f 526/1/525 523/1/524 568/1/567
f 567/1/565 570/1/571 571/1/569
f 572/1/570 571/1/569 570/1/571
f 574/1/573 575/1/574 571/1/569
f 569/1/568 571/1/569 575/1/574
f 577/1/576 576/1/575 578/1/577
f 580/1/579 581/1/580 576/1/575
f 572/1/570 576/1/575 581/1/580
f 582/1/581 583/1/585 584/1/582
f 586/1/584 587/1/586 584/1/582
f 586/1/584 583/1/585 589/1/588
f 591/1/590 589/1/588 583/1/585
f 579/1/578 578/1/577 589/1/588
f 590/1/589 589/1/588 578/1/577
f 592/1/591 593/1/595 594/1/592
f 596/1/594 594/1/592 593/1/595
f 601/1/600 602/1/603 603/1/601
f 597/1/596 593/1/595 602/1/603
f 605/1/604 602/1/603 593/1/595
f 603/1/601 602/1/603 605/1/604
f 604/1/602 606/1/607 607/1/605
f 608/1/606 607/1/605 606/1/607
f 610/1/609 611/1/610 607/1/605
f 601/1/600 607/1/605 611/1/610
f 612/1/611 613/1/614 614/1/612
f 556/1/555 616/1/615 614/1/612
f 615/1/613 614/1/612 616/1/615
f 558/1/557 613/1/614 618/1/617
f 612/1/611 623/1/624 624/1/622
f 625/1/623 622/1/621 624/1/622
f 590/1/589 626/1/625 627/1/626
f 573/1/572 570/1/571 626/1/625
f 629/1/628 628/1/627 627/1/626
f 629/1/628 632/1/632 633/1/631
f 622/1/621 632/1/632 629/1/628
f 625/1/623 634/1/633 632/1/632
f 633/1/631 632/1/632 634/1/633
f 630/1/629 636/1/636 637/1/635
f 604/1/602 603/1/601 637/1/635
f 631/1/630 637/1/635 603/1/601
f 640/1/639 641/1/643 642/1/640
f 644/1/642 642/1/640 641/1/643
f 638/1/637 636/1/636 642/1/640
f 643/1/641 642/1/640 636/1/636
f 646/1/645 647/1/649 648/1/646
f 650/1/648 651/1/651 648/1/646
f 652/1/650 648/1/646 651/1/651
f 646/1/645 649/1/647 654/1/653
f 639/1/638 654/1/653 606/1/607
f 650/1/648 656/1/657 657/1/655
f 658/1/656 659/1/659 657/1/655
f 660/1/658 657/1/655 659/1/659
f 653/1/652 651/1/651 657/1/655
f 661/1/660 662/1/663 663/1/661
f 655/1/654 663/1/661 662/1/663
f 645/1/644 664/1/662 663/1/661
f 635/1/634 659/1/659 665/1/664
f 666/1/665 665/1/664 659/1/659
f 640/1/639 643/1/641 665/1/664
f 633/1/631 665/1/664 643/1/641
f 668/1/667 661/1/660 664/1/662
f 645/1/644 641/1/643 667/1/666
f 670/1/669 671/1/672 672/1/670
f 97/1/94 672/1/670 671/1/672
f 83/1/82 99/1/100 672/1/670
f 673/1/671 672/1/670 99/1/100
f 94/1/92 671/1/672 674/1/673
f 675/1/674 674/1/673 671/1/672
f 676/1/675 677/1/676 674/1/673
f 172/1/171 674/1/673 677/1/676
f 670/1/669 678/1/679 679/1/677
f 680/1/678 679/1/677 678/1/679
f 682/1/681 683/1/682 679/1/677
f 675/1/674 679/1/677 683/1/682
f 684/1/683 685/1/685 677/1/676
f 686/1/684 687/1/686 685/1/685
f 217/1/215 214/1/214 685/1/685
f 677/1/676 685/1/685 214/1/214
f 682/1/681 688/1/689 689/1/687
f 690/1/688 689/1/687 688/1/689
f 686/1/684 684/1/683 689/1/687
f 676/1/675 683/1/682 689/1/687
f 692/1/691 693/1/692 687/1/686
f 687/1/686 693/1/692 224/1/222
f 686/1/684 690/1/688 696/1/695
f 691/1/690 697/1/697 696/1/695
f 698/1/696 696/1/695 697/1/697
f 692/1/691 696/1/695 698/1/696
f 700/1/699 701/1/702 702/1/700
f 368/1/367 702/1/700 701/1/702
f 311/1/309 365/1/364 702/1/700
f 694/1/693 698/1/696 706/1/705
f 699/1/698 707/1/707 706/1/705
f 708/1/706 706/1/705 707/1/707
f 700/1/699 705/1/704 706/1/705
f 98/1/97 710/1/711 711/1/709
f 712/1/710 711/1/709 710/1/711
f 681/1/680 678/1/679 711/1/709
f 673/1/671 711/1/709 678/1/679
f 714/1/713 713/1/712 710/1/711
f 101/1/99 715/1/714 710/1/711
f 103/1/102 716/1/715 715/1/714
f 714/1/713 715/1/714 716/1/715
f 718/1/717 719/1/720 720/1/718
f 714/1/713 719/1/720 718/1/717
f 717/1/716 722/1/721 719/1/720
f 722/1/721 723/1/2524 720/1/718
f 712/1/710 724/1/725 725/1/722
f 726/1/723 724/1/725 712/1/710
f 727/1/724 725/1/722 724/1/725
f 721/1/719 728/1/728 729/1/726
f 730/1/727 729/1/726 728/1/728
f 726/1/723 729/1/726 730/1/727
f 732/1/730 733/1/733 734/1/731
f 680/1/678 733/1/733 732/1/730
f 681/1/680 725/1/722 733/1/733
f 734/1/731 733/1/733 725/1/722
f 736/1/734 737/1/738 738/1/735
f 740/1/737 738/1/735 737/1/738
f 731/1/729 728/1/728 738/1/735
f 739/1/736 738/1/735 728/1/728
f 741/1/739 737/1/738 742/1/740
f 744/1/742 742/1/740 737/1/738
f 7/1/7 11/1/13 742/1/740
f 743/1/741 742/1/740 11/1/13
f 745/1/743 746/1/746 747/1/744
f 745/1/743 735/1/732 734/1/731
f 727/1/724 730/1/727 746/1/746
f 731/1/729 747/1/744 746/1/746
f 740/1/737 749/1/747 747/1/744
f 741/1/739 750/1/748 749/1/747
f 748/1/745 747/1/744 749/1/747
f 10/1/10 127/1/126 751/1/749
f 128/1/127 752/1/751 751/1/749
f 753/1/750 754/1/752 751/1/749
f 743/1/741 751/1/749 754/1/752
f 735/1/732 755/1/755 756/1/753
f 757/1/754 756/1/753 755/1/755
f 691/1/690 688/1/689 756/1/753
f 732/1/730 756/1/753 688/1/689
f 759/1/757 760/1/760 754/1/752
f 761/1/758 760/1/760 759/1/757
f 748/1/745 750/1/748 760/1/760
f 754/1/752 760/1/760 750/1/748
f 762/1/759 763/1/762 764/1/761
f 755/1/755 764/1/761 763/1/762
f 745/1/743 764/1/761 755/1/755
f 761/1/758 764/1/761 745/1/743
f 758/1/756 765/1/765 766/1/763
f 767/1/764 766/1/763 765/1/765
f 699/1/698 697/1/697 766/1/763
f 757/1/754 766/1/763 697/1/697
f 758/1/756 763/1/762 769/1/767
f 770/1/768 769/1/767 763/1/762
f 771/1/769 772/1/770 769/1/767
f 765/1/765 769/1/767 772/1/770
f 753/1/750 773/1/772 774/1/771
f 773/1/772 775/1/776 776/1/773
f 770/1/768 774/1/771 776/1/773
f 759/1/757 774/1/771 770/1/768
f 132/1/131 777/1/775 778/1/774
f 773/1/772 778/1/774 777/1/775
f 753/1/750 752/1/751 778/1/774
f 130/1/129 778/1/774 752/1/751
f 779/1/777 780/1/781 781/1/778
f 783/1/780 781/1/778 780/1/781
f 768/1/766 772/1/770 781/1/778
f 782/1/779 781/1/778 772/1/770
f 768/1/766 783/1/780 785/1/783
f 786/1/784 785/1/783 783/1/780
f 709/1/708 707/1/707 785/1/783
f 767/1/764 785/1/783 707/1/707
f 771/1/769 776/1/773 787/1/785
f 788/1/786 787/1/785 776/1/773
f 782/1/779 787/1/785 788/1/786
f 709/1/708 789/1/789 790/1/787
f 791/1/788 790/1/787 789/1/789
f 369/1/368 701/1/702 790/1/787
f 708/1/706 790/1/787 701/1/702
f 322/1/320 793/1/793 794/1/791
f 795/1/792 794/1/791 793/1/793
f 775/1/776 777/1/775 794/1/791
f 321/1/318 794/1/791 777/1/775
f 786/1/784 797/1/795 789/1/789
f 784/1/782 798/1/796 797/1/795
f 796/1/794 799/1/799 800/1/797
f 801/1/798 800/1/797 799/1/799
f 779/1/777 788/1/786 800/1/797
f 795/1/792 800/1/797 788/1/786
f 802/1/800 803/1/802 804/1/801
f 798/1/796 804/1/801 803/1/802
f 784/1/782 780/1/781 804/1/801
f 801/1/798 804/1/801 780/1/781
f 792/1/790 805/1/805 806/1/803
f 807/1/804 806/1/803 805/1/805
f 285/1/283 370/1/369 806/1/803
f 791/1/788 806/1/803 370/1/369
f 226/1/224 809/1/809 810/1/807
f 811/1/808 810/1/807 809/1/809
f 796/1/794 793/1/793 810/1/807
f 325/1/323 810/1/807 793/1/793
f 812/1/810 813/1/813 814/1/811
f 815/1/812 814/1/811 813/1/813
f 802/1/800 799/1/799 814/1/811
f 811/1/808 814/1/811 799/1/799
f 816/1/814 817/1/816 818/1/815
f 805/1/805 818/1/815 817/1/816
f 792/1/790 803/1/802 818/1/815
f 815/1/812 818/1/815 803/1/802
f 807/1/804 808/1/806 819/1/817
f 821/1/819 822/1/820 820/1/818
f 290/1/288 286/1/287 820/1/818
f 807/1/804 820/1/818 286/1/287
f 104/1/103 823/1/823 824/1/821
f 825/1/822 824/1/821 823/1/823
f 812/1/810 809/1/809 824/1/821
f 229/1/226 824/1/821 809/1/809
f 826/1/824 827/1/827 828/1/825
f 829/1/826 828/1/825 827/1/827
f 816/1/814 813/1/813 828/1/825
f 825/1/822 828/1/825 813/1/813
f 830/1/828 831/1/830 832/1/829
f 819/1/817 832/1/829 831/1/830
f 808/1/806 817/1/816 832/1/829
f 829/1/826 832/1/829 817/1/816
f 833/1/831 834/1/834 107/1/105
f 835/1/832 834/1/834 833/1/831
f 826/1/824 823/1/823 834/1/834
f 107/1/105 834/1/834 823/1/823
f 838/1/836 839/1/838 837/1/835
f 841/1/839 842/1/843 843/1/840
f 845/1/842 843/1/840 842/1/843
f 574/1/573 581/1/580 843/1/840
f 844/1/841 843/1/840 581/1/580
f 847/1/845 846/1/844 838/1/836
f 547/1/546 544/1/545 846/1/844
f 514/1/513 846/1/844 544/1/545
f 845/1/842 848/1/846 575/1/574
f 837/1/835 848/1/846 845/1/842
f 521/1/520 548/1/547 848/1/846
f 575/1/574 848/1/846 548/1/547
f 853/1/851 857/1/856 858/1/855
f 861/1/859 862/1/860 858/1/855
f 854/1/852 858/1/855 862/1/860
f 863/1/861 864/1/865 865/1/862
f 867/1/864 868/1/867 865/1/862
f 869/1/866 870/1/868 865/1/862
f 866/1/863 865/1/862 870/1/868
f 872/1/870 873/1/874 874/1/871
f 876/1/873 874/1/871 873/1/874
f 878/1/876 879/1/877 874/1/871
f 875/1/872 874/1/871 879/1/877
f 877/1/875 881/1/881 882/1/879
f 883/1/880 882/1/879 881/1/881
f 885/1/883 886/1/884 882/1/879
f 876/1/873 882/1/879 886/1/884
f 887/1/885 888/1/889 889/1/886
f 891/1/888 889/1/886 888/1/889
f 877/1/875 873/1/874 889/1/886
f 890/1/887 889/1/886 873/1/874
f 893/1/891 894/1/895 895/1/892
f 897/1/894 895/1/892 894/1/895
f 892/1/890 888/1/889 895/1/892
f 896/1/893 895/1/892 888/1/889
f 892/1/890 899/1/899 900/1/897
f 901/1/898 900/1/897 899/1/899
f 884/1/882 881/1/881 900/1/897
f 891/1/888 900/1/897 881/1/881
f 902/1/900 903/1/902 904/1/901
f 833/1/831 904/1/901 903/1/902
f 112/1/111 905/1/903 904/1/901
f 901/1/898 904/1/901 905/1/903
f 906/1/904 907/1/908 908/1/905
f 910/1/907 908/1/905 907/1/908
f 893/1/891 912/1/910 908/1/905
f 909/1/906 908/1/905 912/1/910
f 836/1/833 914/1/914 915/1/912
f 916/1/913 915/1/912 914/1/914
f 830/1/828 827/1/827 915/1/912
f 835/1/832 915/1/912 827/1/827
f 918/1/916 919/1/3589 920/1/917
f 922/1/919 919/1/3589 918/1/916
f 822/1/820 919/1/3589 922/1/919
f 917/1/915 924/1/922 925/1/921
f 920/1/917 925/1/921 924/1/922
f 821/1/819 831/1/830 925/1/921
f 916/1/913 925/1/921 831/1/830
f 599/1/598 926/1/923 928/1/925
f 927/1/924 926/1/923 599/1/598
f 902/1/900 929/1/928 930/1/926
f 931/1/927 930/1/926 929/1/928
f 917/1/915 914/1/914 930/1/926
f 903/1/902 930/1/926 914/1/914
f 897/1/894 933/1/930 899/1/899
f 911/1/909 935/1/933 936/1/932
f 898/1/896 894/1/895 936/1/932
f 910/1/907 936/1/932 894/1/895
f 937/1/934 938/1/938 939/1/935
f 941/1/937 938/1/938 935/1/933
f 940/1/936 943/1/942 944/1/940
f 945/1/941 944/1/940 943/1/942
f 947/1/944 945/1/941 949/1/946
f 951/1/948 949/1/946 945/1/941
f 600/1/599 928/1/925 949/1/946
f 950/1/947 949/1/946 928/1/925
f 931/1/927 952/1/949 924/1/922
f 948/1/945 952/1/949 931/1/927
f 947/1/944 950/1/947 952/1/949
f 921/1/918 924/1/922 952/1/949
f 455/1/453 452/1/454 953/1/950
f 463/1/462 953/1/950 452/1/454
f 465/1/464 955/1/953 953/1/950
f 956/1/952 954/1/951 953/1/950
f 957/1/954 958/1/957 959/1/955
f 484/1/483 489/1/488 959/1/955
f 459/1/458 458/1/457 959/1/955
f 457/1/455 960/1/956 959/1/955
f 961/1/958 962/1/962 963/1/959
f 965/1/961 963/1/959 962/1/962
f 472/1/478 479/1/477 963/1/959
f 964/1/960 963/1/959 479/1/477
f 965/1/961 967/1/965 473/1/471
f 968/1/964 967/1/965 965/1/961
f 956/1/952 955/1/953 967/1/965
f 473/1/471 967/1/965 955/1/953
f 957/1/954 969/1/967 970/1/966
f 964/1/960 970/1/966 969/1/967
f 478/1/476 485/1/484 970/1/966
f 958/1/957 970/1/966 485/1/484
f 971/1/968 972/1/971 973/1/969
f 961/1/958 969/1/967 973/1/969
f 974/1/970 973/1/969 969/1/967
f 956/1/952 968/1/964 975/1/972
f 971/1/968 976/1/974 975/1/972
f 971/1/968 974/1/970 977/1/973
f 960/1/956 977/1/973 974/1/970
f 457/1/455 456/1/456 977/1/973
f 978/1/975 979/1/977 400/1/399
f 980/1/976 979/1/977 978/1/975
f 376/1/375 372/1/374 979/1/977
f 400/1/399 979/1/977 372/1/374
f 388/1/387 387/1/386 981/1/978
f 408/1/407 981/1/978 387/1/386
f 377/1/376 375/1/373 981/1/978
f 376/1/375 980/1/976 981/1/978
f 380/1/379 383/1/381 982/1/979
f 978/1/975 982/1/979 383/1/381
f 392/1/390 982/1/979 983/1/980
f 389/1/388 983/1/980 984/1/981
f 397/1/395 984/1/981 983/1/980
f 398/1/397 420/1/421 984/1/981
f 390/1/392 984/1/981 420/1/421
f 986/1/983 985/1/982 907/1/908
f 987/1/984 988/1/985 985/1/982
f 941/1/937 985/1/982 988/1/985
f 580/1/579 989/1/988 990/1/986
f 991/1/987 990/1/986 989/1/988
f 993/1/990 994/1/991 990/1/986
f 844/1/841 990/1/986 994/1/991
f 995/1/992 996/1/995 997/1/993
f 939/1/935 997/1/993 996/1/995
f 942/1/939 988/1/985 997/1/993
f 998/1/994 997/1/993 988/1/985
f 992/1/989 999/1/997 1000/1/996
f 998/1/994 1000/1/996 999/1/997
f 987/1/984 1001/1/998 1000/1/996
f 991/1/987 1000/1/996 1001/1/998
f 592/1/591 1002/1/1001 1003/1/999
f 1004/1/1000 1003/1/999 1002/1/1001
f 582/1/581 585/1/583 1003/1/999
f 605/1/604 1003/1/999 585/1/583
f 943/1/942 1008/1/1005 1007/1/1004
f 1009/1/1006 1010/1/1009 1011/1/1007
f 1005/1/1002 1006/1/1003 1011/1/1007
f 995/1/992 999/1/997 1011/1/1007
f 1012/1/1008 1011/1/1007 999/1/997
f 946/1/943 1007/1/1004 1013/1/1010
f 1002/1/1001 1013/1/1010 1007/1/1004
f 951/1/948 1013/1/1010 595/1/593
f 1009/1/1006 1015/1/1012 1014/1/1011
f 591/1/590 1014/1/1011 1015/1/1012
f 579/1/578 1015/1/1012 1016/1/1013
f 1012/1/1008 1016/1/1013 1015/1/1012
f 992/1/989 989/1/988 1016/1/1013
f 577/1/576 1016/1/1013 989/1/988
f 867/1/864 1017/1/1017 1018/1/1014
f 1020/1/1016 1018/1/1014 1017/1/1017
f 1022/1/1019 1023/1/1020 1018/1/1014
f 1019/1/1015 1018/1/1014 1023/1/1020
f 841/1/839 1025/1/1024 1026/1/1022
f 1027/1/1023 1026/1/1022 1025/1/1024
f 851/1/849 850/1/848 1026/1/1022
f 842/1/843 1026/1/1022 850/1/848
f 1028/1/1025 1025/1/1024 1029/1/1026
f 994/1/991 1029/1/1026 1025/1/1024
f 1031/1/1028 1035/1/1034 1036/1/1032
f 1037/1/1033 1036/1/1032 1035/1/1034
f 1039/1/1036 1040/1/1037 1036/1/1032
f 1035/1/1034 1041/1/1039 1042/1/1038
f 1034/1/1031 1041/1/1039 1035/1/1034
f 909/1/906 1041/1/1039 1034/1/1031
f 913/1/911 1042/1/1038 1041/1/1039
f 1043/1/1040 1044/1/1044 1045/1/1041
f 1047/1/1043 1045/1/1041 1044/1/1044
f 1049/1/1046 1045/1/1041 1047/1/1043
f 1046/1/1042 1045/1/1041 1049/1/1046
f 1051/1/1048 1052/1/1052 1053/1/1049
f 1055/1/1051 1053/1/1049 1052/1/1052
f 1038/1/1035 1042/1/1038 1053/1/1049
f 1054/1/1050 1053/1/1049 1042/1/1038
f 1057/1/1054 1058/1/1055 864/1/865
f 1046/1/1042 1058/1/1055 1057/1/1054
f 1021/1/1018 1017/1/1017 1058/1/1055
f 864/1/865 1058/1/1055 1017/1/1017
f 1039/1/1036 1037/1/1033 1059/1/1056
f 1055/1/1051 1059/1/1056 1037/1/1033
f 1056/1/1053 1061/1/1059 1059/1/1056
f 1062/1/1058 1060/1/1057 1059/1/1056
f 1051/1/1048 1063/1/1062 1064/1/1060
f 890/1/887 1064/1/1060 1063/1/1062
f 872/1/870 1066/1/1063 1064/1/1060
f 1065/1/1061 1064/1/1060 1066/1/1063
f 1044/1/1044 1043/1/1040 1067/1/1064
f 1056/1/1053 1052/1/1052 1068/1/1065
f 1065/1/1061 1068/1/1065 1052/1/1052
f 1048/1/1045 1044/1/1044 1068/1/1065
f 887/1/885 1063/1/1062 1069/1/1066
f 1054/1/1050 1069/1/1066 1063/1/1062
f 913/1/911 912/1/910 1069/1/1066
f 896/1/893 1069/1/1066 912/1/910
f 1061/1/1059 1056/1/1053 1067/1/1064
f 1057/1/1054 1070/1/1067 1067/1/1064
f 863/1/861 1071/1/1068 1070/1/1067
f 1061/1/1059 1070/1/1067 1071/1/1068
f 1072/1/1069 1073/1/1072 1074/1/1070
f 289/1/286 1074/1/1070 1073/1/1072
f 290/1/288 922/1/919 1074/1/1070
f 1075/1/1071 1074/1/1070 922/1/919
f 272/1/270 1073/1/1072 1076/1/1073
f 1077/1/1074 1076/1/1073 1073/1/1072
f 1078/1/1075 1079/1/1076 1076/1/1073
f 271/1/268 1076/1/1073 1079/1/1076
f 1072/1/1069 1080/1/1079 1081/1/1077
f 1082/1/1078 1081/1/1077 1080/1/1079
f 1084/1/1081 1085/1/1082 1081/1/1077
f 1077/1/1074 1081/1/1077 1085/1/1082
f 1086/1/1083 1087/1/1085 265/1/263
f 1088/1/1084 1089/1/1087 1087/1/1085
f 1090/1/1086 1087/1/1085 1089/1/1087
f 266/1/264 265/1/263 1087/1/1085
f 1096/1/1093 1097/1/1094 1092/1/1089
f 1098/1/1095 1099/1/1098 1100/1/1096
f 279/1/276 1100/1/1096 1099/1/1098
f 284/1/282 1102/1/1099 1100/1/1096
f 1101/1/1097 1100/1/1096 1102/1/1099
f 1104/1/1101 1105/1/1105 1106/1/1102
f 1108/1/1104 1106/1/1102 1105/1/1105
f 242/1/240 249/1/247 1106/1/1102
f 1107/1/1103 1106/1/1102 249/1/247
f 1110/1/1107 1111/1/1110 1112/1/1108
f 108/1/106 1112/1/1108 1111/1/1110
f 109/1/108 237/1/235 1112/1/1108
f 1113/1/1109 1112/1/1108 237/1/235
f 1109/1/1106 1114/1/1112 1115/1/1111
f 1113/1/1109 1115/1/1111 1114/1/1112
f 236/1/234 243/1/241 1115/1/1111
f 1108/1/1104 1115/1/1111 243/1/241
f 1116/1/1113 1117/1/1117 1118/1/1114
f 1120/1/1116 1118/1/1114 1117/1/1117
f 1110/1/1107 1114/1/1112 1118/1/1114
f 1119/1/1115 1118/1/1114 1114/1/1112
f 1122/1/1119 1123/1/3590 111/1/110
f 905/1/903 1123/1/3590 1125/1/1121
f 111/1/110 1123/1/3590 905/1/903
f 1121/1/1118 1126/1/1123 1127/1/1122
f 1122/1/1119 1127/1/1122 1126/1/1123
f 110/1/109 1111/1/1110 1127/1/1122
f 1120/1/1116 1127/1/1122 1111/1/1110
f 1128/1/1124 1129/1/1127 1130/1/1125
f 1137/1/1133 1138/1/1136 1139/1/1134
f 1131/1/1126 1139/1/1134 1138/1/1136
f 1136/1/1132 1141/1/1137 1139/1/1134
f 1140/1/1135 1139/1/1134 1141/1/1137
f 1143/1/1139 1144/1/1143 1145/1/1140
f 1147/1/1142 1148/1/1145 1144/1/1143
f 1149/1/1144 1144/1/1143 1148/1/1145
f 1151/1/1147 1145/1/1140 1144/1/1143
f 1152/1/1148 1153/1/1152 1154/1/1149
f 1156/1/1151 1154/1/1149 1153/1/1152
f 1158/1/1154 1159/1/1155 1154/1/1149
f 1155/1/1150 1154/1/1149 1159/1/1155
f 1083/1/1080 1161/1/1159 1162/1/1157
f 1163/1/1158 1162/1/1157 1161/1/1159
f 1082/1/1078 1162/1/1157 1166/1/1162
f 1170/1/1166 1171/1/1168 1169/1/1165
f 1167/1/1163 1171/1/1168 1174/1/1170
f 1177/1/1173 1178/1/1175 1176/1/1172
f 1181/1/1177 1165/1/1161 1163/1/1158
f 1168/1/1164 1184/1/1180 1182/1/1178
f 1186/1/1182 1185/1/1181 1187/1/1183
f 1083/1/1080 1080/1/1079 1185/1/1181
f 1075/1/1071 1185/1/1181 1080/1/1079
f 1164/1/1160 1161/1/1159 1190/1/1186
f 1083/1/1080 1186/1/1182 1190/1/1186
f 1177/1/1173 1194/1/1190 1195/1/1191
f 1197/1/1193 1198/1/1194 1195/1/1191
f 597/1/596 611/1/610 1199/1/1195
f 1200/1/1196 1199/1/1195 611/1/610
f 1201/1/1197 1202/1/1198 1199/1/1195
f 596/1/594 1199/1/1195 1202/1/1198
f 598/1/597 1202/1/1198 1203/1/1199
f 1188/1/1184 1187/1/1183 1203/1/1199
f 927/1/924 1203/1/1199 1187/1/1183
f 617/1/616 1205/1/1203 1206/1/1201
f 1207/1/1202 1206/1/1201 1205/1/1203
f 625/1/623 623/1/624 1206/1/1201
f 1204/1/1200 1209/1/1205 1192/1/1188
f 1201/1/1197 1210/1/1207 1209/1/1205
f 1211/1/1206 1209/1/1205 1210/1/1207
f 1192/1/1188 1209/1/1205 1211/1/1206
f 1215/1/1211 1216/1/1213 1217/1/1212
f 1213/1/1209 1217/1/1212 1216/1/1213
f 610/1/609 1218/1/1215 1219/1/1214
f 1213/1/1209 1219/1/1214 1218/1/1215
f 1212/1/1208 1210/1/1207 1219/1/1214
f 1200/1/1196 1219/1/1214 1210/1/1207
f 653/1/652 1220/1/1217 1221/1/1216
f 608/1/606 1221/1/1216 1218/1/1215
f 652/1/650 1221/1/1216 608/1/606
f 1207/1/1202 1222/1/1218 634/1/633
f 635/1/634 634/1/633 1222/1/1218
f 1212/1/1208 1216/1/1213 1223/1/1219
f 1225/1/1221 1226/1/1225 1227/1/1222
f 1229/1/1224 1227/1/1222 1226/1/1225
f 1231/1/1227 1232/1/1228 1227/1/1222
f 1228/1/1223 1227/1/1222 1232/1/1228
f 1231/1/1227 1234/1/1232 1235/1/1230
f 1236/1/1231 1235/1/1230 1234/1/1232
f 1238/1/1234 1239/1/1235 1235/1/1230
f 1229/1/1224 1240/1/1238 1234/1/1232
f 1241/1/1236 1240/1/1238 1229/1/1224
f 1242/1/1237 1243/1/1239 1240/1/1238
f 1234/1/1232 1240/1/1238 1243/1/1239
f 1244/1/1240 1245/1/1244 1246/1/1241
f 1248/1/1243 1249/1/1245 1245/1/1244
f 1241/1/1236 1245/1/1244 1249/1/1245
f 1230/1/1226 1246/1/1241 1245/1/1244
f 1237/1/1233 1243/1/1239 1250/1/1246
f 1252/1/1248 1250/1/1246 1243/1/1239
f 1253/1/1249 1254/1/1250 1250/1/1246
f 1251/1/1247 1250/1/1246 1254/1/1250
f 1248/1/1243 1256/1/1254 1257/1/1252
f 1258/1/1253 1257/1/1252 1256/1/1254
f 1258/1/1253 1253/1/1249 1252/1/1248
f 1242/1/1237 1249/1/1245 1257/1/1252
f 1260/1/1256 1261/1/1258 1258/1/1253
f 1262/1/1257 1263/1/1260 1261/1/1258
f 1264/1/1259 1261/1/1258 1263/1/1260
f 1253/1/1249 1258/1/1253 1261/1/1258
f 1266/1/1262 1267/1/1266 1268/1/1263
f 1270/1/1265 1271/1/1267 1268/1/1263
f 1141/1/1137 1268/1/1263 1271/1/1267
f 1269/1/1264 1268/1/1263 1141/1/1137
f 1272/1/1268 1273/1/1272 1274/1/1269
f 1276/1/1271 1274/1/1269 1273/1/1272
f 1121/1/1118 1117/1/1117 1274/1/1269
f 1275/1/1270 1274/1/1269 1117/1/1117
f 1126/1/1123 1278/1/1274 1279/1/1275
f 1276/1/1271 1278/1/1274 1126/1/1123
f 1134/1/1130 1280/1/1277 1281/1/1276
f 1136/1/1132 1135/1/1131 1281/1/1276
f 1287/1/1283 1284/1/1280 1288/1/1284
f 1291/1/1287 1290/1/1286 1292/1/1288
f 1294/1/1290 1295/1/1291 1290/1/1286
f 1283/1/1279 1290/1/1286 1295/1/1291
f 1124/1/1120 1298/1/1294 1300/1/1296
f 885/1/883 883/1/880 1300/1/1296
f 1293/1/1289 1292/1/1288 1302/1/1298
f 1282/1/1278 1287/1/1283 1302/1/1298
f 1296/1/1292 1302/1/1298 1287/1/1283
f 878/1/876 886/1/884 1303/1/1299
f 1301/1/1297 1303/1/1299 886/1/884
f 1289/1/1285 1288/1/1284 1303/1/1299
f 1304/1/1300 1303/1/1299 1288/1/1284
f 1291/1/1287 1293/1/1289 1299/1/1295
f 1277/1/1273 1273/1/1272 1305/1/1301
f 880/1/878 1307/1/1304 1308/1/1303
f 1047/1/1043 1308/1/1303 1307/1/1304
f 1048/1/1045 1066/1/1063 1308/1/1303
f 875/1/872 1308/1/1303 1066/1/1063
f 1021/1/1018 1049/1/1046 1309/1/1305
f 1050/1/1047 1310/1/1307 1309/1/1305
f 1311/1/1306 1309/1/1305 1310/1/1307
f 1020/1/1016 1309/1/1305 1311/1/1306
f 1314/1/1310 1313/1/1309 1315/1/1311
f 880/1/878 879/1/877 1313/1/1309
f 1304/1/1300 1313/1/1309 879/1/877
f 1134/1/1130 1133/1/1129 1317/1/1313
f 1318/1/1314 1317/1/1313 1133/1/1129
f 1316/1/1312 1315/1/1311 1317/1/1313
f 1319/1/1315 1320/1/1318 1321/1/1316
f 1050/1/1047 1307/1/1304 1320/1/1318
f 1314/1/1310 1320/1/1318 1307/1/1304
f 1312/1/1308 1310/1/1307 1323/1/1319
f 1319/1/1315 1323/1/1319 1310/1/1307
f 1322/1/1317 1324/1/1320 1323/1/1319
f 1318/1/1314 1325/1/1322 1326/1/1321
f 1132/1/1128 1327/1/1324 1325/1/1322
f 1328/1/1323 1326/1/1321 1325/1/1322
f 1312/1/1308 1329/1/1327 1330/1/1325
f 1331/1/1326 1332/1/1329 1330/1/1325
f 1333/1/1328 1330/1/1325 1332/1/1329
f 1022/1/1019 1311/1/1306 1330/1/1325
f 1335/1/1331 1336/1/1332 1324/1/1320
f 1329/1/1327 1336/1/1332 1338/1/1334
f 1324/1/1320 1336/1/1332 1329/1/1327
f 1328/1/1323 1339/1/1336 1340/1/1335
f 1335/1/1331 1340/1/1335 1339/1/1336
f 1322/1/1317 1321/1/1316 1340/1/1335
f 1326/1/1321 1340/1/1335 1321/1/1316
f 1342/1/1338 1343/1/1341 1344/1/1339
f 1345/1/1340 1344/1/1339 1343/1/1341
f 1334/1/1330 1332/1/1329 1344/1/1339
f 1347/1/1343 1348/1/1345 1129/1/1127
f 1347/1/1343 1349/1/1346 1350/1/1344
f 1328/1/1323 1327/1/1324 1348/1/1345
f 1129/1/1127 1348/1/1345 1327/1/1324
f 1349/1/1346 1351/1/1349 1352/1/1347
f 1353/1/1348 1352/1/1347 1351/1/1349
f 1350/1/1344 1352/1/1347 1339/1/1336
f 1354/1/1350 1355/1/1352 1356/1/1351
f 1341/1/1337 1356/1/1351 1355/1/1352
f 1331/1/1326 1338/1/1334 1356/1/1351
f 1357/1/1353 1358/1/1357 1359/1/1354
f 1361/1/1356 1359/1/1354 1358/1/1357
f 1346/1/1342 1343/1/1341 1359/1/1354
f 1128/1/1124 1138/1/1136 1363/1/1359
f 1364/1/1360 1363/1/1359 1138/1/1136
f 1365/1/1361 1363/1/1359 1364/1/1360
f 1347/1/1343 1363/1/1359 1365/1/1361
f 1366/1/1362 1367/1/1365 1368/1/1363
f 1369/1/1364 1368/1/1363 1367/1/1365
f 1354/1/1350 1351/1/1349 1368/1/1363
f 1365/1/1361 1368/1/1363 1351/1/1349
f 1370/1/1366 1371/1/1368 1372/1/1367
f 1360/1/1355 1372/1/1367 1371/1/1368
f 1342/1/1338 1355/1/1352 1372/1/1367
f 1369/1/1364 1372/1/1367 1355/1/1352
f 1373/1/1369 1374/1/1373 1375/1/1370
f 1377/1/1372 1375/1/1370 1374/1/1373
f 1379/1/1375 1380/1/1376 1375/1/1370
f 1376/1/1371 1375/1/1370 1380/1/1376
f 1383/1/1379 1382/1/1378 1384/1/1380
f 1386/1/1382 1387/1/1383 1382/1/1378
f 1374/1/1373 1382/1/1378 1387/1/1383
f 1388/1/1384 1389/1/2968 1390/1/1385
f 1394/1/1389 1395/1/1390 1391/1/1386
f 1395/1/1390 1396/1/1465 1388/1/1384
f 1392/1/1387 1397/1/1393 1398/1/1391
f 1399/1/1392 1398/1/1391 1397/1/1393
f 1401/1/1395 1402/1/1396 1398/1/1391
f 1393/1/1388 1398/1/1391 1402/1/1396
f 1175/1/1171 1174/1/1170 1403/1/1397
f 1405/1/1399 1403/1/1397 1174/1/1170
f 1406/1/1400 1407/1/1401 1403/1/1397
f 1404/1/1398 1403/1/1397 1407/1/1401
f 1409/1/1403 1410/1/1406 1411/1/1404
f 1400/1/1394 1397/1/1393 1411/1/1404
f 1413/1/1407 1410/1/1406 1415/1/1409
f 1417/1/1411 1415/1/1409 1410/1/1406
f 1408/1/1402 1407/1/1401 1415/1/1409
f 1416/1/1410 1415/1/1409 1407/1/1401
f 1418/1/1412 1419/1/1416 1420/1/1413
f 1422/1/1415 1420/1/1413 1419/1/1416
f 1424/1/1418 1425/1/1419 1420/1/1413
f 1421/1/1414 1420/1/1413 1425/1/1419
f 1427/1/1421 1428/1/1424 1429/1/1422
f 1170/1/1166 1429/1/1422 1428/1/1424
f 1430/1/1423 1429/1/1422 1198/1/1194
f 1431/1/1425 1432/1/1426 1428/1/1424
f 1405/1/1399 1432/1/1426 1431/1/1425
f 1400/1/1394 1433/1/1428 1434/1/1427
f 1421/1/1414 1434/1/1427 1433/1/1428
f 1426/1/1420 1435/1/1429 1434/1/1427
f 1399/1/1392 1434/1/1427 1435/1/1429
f 1197/1/1193 1224/1/1220 1436/1/1430
f 1438/1/1432 1439/1/1433 1436/1/1430
f 1441/1/1435 1440/1/1434 1439/1/1433
f 616/1/615 1445/1/1439 1446/1/1440
f 1444/1/1438 1449/1/1443 1441/1/1435
f 1448/1/1442 1449/1/1443 1419/1/1416
f 617/1/616 1446/1/1440 1450/1/1444
f 1437/1/1431 1450/1/1444 1446/1/1440
f 1215/1/1211 1214/1/1210 1450/1/1444
f 1205/1/1203 1450/1/1444 1214/1/1210
f 1413/1/1407 1451/1/1446 1452/1/1445
f 1448/1/1442 1452/1/1445 1451/1/1446
f 1414/1/1408 1452/1/1445 1433/1/1428
f 1451/1/1446 1453/1/1447 1443/1/1437
f 1454/1/1448 1455/1/1451 1456/1/1449
f 1435/1/1429 1456/1/1449 1455/1/1451
f 1426/1/1420 1425/1/1419 1456/1/1449
f 1458/1/1452 1459/1/1455 1455/1/1451
f 1460/1/1453 1459/1/1455 1458/1/1452
f 1455/1/1451 1459/1/1455 1402/1/1396
f 1462/1/1456 1463/1/1460 1464/1/1457
f 1466/1/1459 1464/1/1457 1463/1/1460
f 1465/1/1458 1464/1/1457 1458/1/1452
f 1460/1/1453 1468/1/1462 1395/1/1390
f 1461/1/1454 1469/1/1464 1468/1/1462
f 1470/1/1463 1471/1/3146 1468/1/1462
f 1466/1/1459 1472/1/1467 1469/1/1464
f 1466/1/1459 1467/1/1461 1473/1/1466
f 1474/1/1468 1475/1/1469 1472/1/1467
f 1469/1/1464 1472/1/1467 1475/1/1469
f 1476/1/1470 1477/1/1474 1478/1/1471
f 1480/1/1473 1478/1/1471 1477/1/1474
f 1482/1/1476 1483/1/1477 1478/1/1471
f 1479/1/1472 1478/1/1471 1483/1/1477
f 1485/1/1479 1486/1/1483 1487/1/1480
f 1489/1/1482 1487/1/1480 1486/1/1483
f 1381/1/1377 1380/1/1376 1487/1/1480
f 1488/1/1481 1487/1/1480 1380/1/1376
f 1491/1/1485 1492/1/1488 1493/1/1486
f 1361/1/1356 1493/1/1486 1492/1/1488
f 1362/1/1358 1495/1/1489 1493/1/1486
f 1494/1/1487 1493/1/1486 1495/1/1489
f 1334/1/1330 1497/1/1493 1498/1/1491
f 1499/1/1492 1498/1/1491 1497/1/1493
f 1024/1/1021 1023/1/1020 1498/1/1491
f 1333/1/1328 1498/1/1491 1023/1/1020
f 1500/1/1494 1497/1/1493 1501/1/1495
f 1345/1/1340 1501/1/1495 1497/1/1493
f 1346/1/1342 1492/1/1488 1501/1/1495
f 1502/1/1496 1501/1/1495 1492/1/1488
f 1500/1/1494 1503/1/1498 1504/1/1497
f 1499/1/1492 1504/1/1497 1508/1/1502
f 1024/1/1021 1508/1/1502 1509/1/1503
f 1510/1/1504 1509/1/1503 1508/1/1502
f 869/1/866 868/1/867 1509/1/1503
f 1019/1/1015 1509/1/1503 868/1/867
f 1502/1/1496 1511/1/1505 1503/1/1498
f 1491/1/1485 1513/1/3005 1511/1/1505
f 1506/1/1500 1515/1/1509 1516/1/1508
f 1505/1/1499 1517/1/1511 1515/1/1509
f 1518/1/1510 1516/1/1508 1515/1/1509
f 1454/1/1448 1519/1/1514 1520/1/1512
f 1521/1/1513 1520/1/1512 1519/1/1514
f 1523/1/1516 1524/1/1517 1520/1/1512
f 1465/1/1458 1520/1/1512 1524/1/1517
f 1525/1/1518 1526/1/1522 1527/1/1519
f 1529/1/1521 1527/1/1519 1526/1/1522
f 1528/1/1520 1527/1/1519 1529/1/1521
f 1522/1/1515 1519/1/1514 1531/1/1524
f 1533/1/1526 1534/1/1530 1535/1/1527
f 1537/1/1529 1538/1/1532 1534/1/1530
f 1539/1/1531 1540/1/1533 1534/1/1530
f 1535/1/1527 1534/1/1530 1540/1/1533
f 1545/1/1538 1546/1/1541 1542/1/1535
f 1548/1/1540 1542/1/1535 1546/1/1541
f 1543/1/1536 1542/1/1535 1548/1/1540
f 1551/1/1544 1552/1/1548 1553/1/1545
f 1555/1/1547 1556/1/1549 1553/1/1545
f 1556/1/1549 1544/1/1537 1543/1/1536
f 1550/1/1543 1554/1/1546 1553/1/1545
f 1557/1/1550 1558/1/1552 1556/1/1549
f 1559/1/1551 1560/1/1553 1558/1/1552
f 1545/1/1538 1547/1/1539 1558/1/1552
f 1544/1/1537 1556/1/1549 1558/1/1552
f 1561/1/1554 1562/1/1555 1540/1/1533
f 1561/1/1554 1555/1/1547 1552/1/1548
f 1563/1/1556 1562/1/1555 1552/1/1548
f 1541/1/1534 1540/1/1533 1562/1/1555
f 1555/1/1547 1561/1/1554 1564/1/1557
f 1538/1/1532 1564/1/1557 1561/1/1554
f 1536/1/1528 1566/1/1561 1567/1/1559
f 1568/1/1560 1567/1/1559 1566/1/1561
f 1559/1/1551 1565/1/1558 1567/1/1559
f 1533/1/1526 1567/1/1559 1565/1/1558
f 1549/1/1542 1546/1/1541 1570/1/1563
f 1560/1/1553 1570/1/1563 1546/1/1541
f 1559/1/1551 1568/1/1560 1570/1/1563
f 1571/1/1564 1570/1/1563 1568/1/1560
f 1572/1/1565 1573/1/1569 1574/1/1566
f 1576/1/1568 1574/1/1566 1573/1/1569
f 1578/1/1571 1579/1/1572 1574/1/1566
f 1575/1/1567 1574/1/1566 1579/1/1572
f 1572/1/1565 1581/1/1576 1582/1/1574
f 1583/1/1575 1582/1/1574 1581/1/1576
f 1585/1/1578 1586/1/1579 1582/1/1574
f 1573/1/1569 1582/1/1574 1586/1/1579
f 1587/1/1580 1588/1/1583 1589/1/1581
f 1575/1/1567 1589/1/1581 1588/1/1583
f 1580/1/1573 1591/1/1584 1589/1/1581
f 1590/1/1582 1589/1/1581 1591/1/1584
f 1587/1/1580 1593/1/1588 1594/1/1586
f 1595/1/1587 1594/1/1586 1593/1/1588
f 1584/1/1577 1581/1/1576 1594/1/1586
f 1588/1/1583 1594/1/1586 1581/1/1576
f 1530/1/1523 1597/1/1592 1598/1/1590
f 1599/1/1591 1598/1/1590 1597/1/1592
f 1592/1/1585 1601/1/1594 1598/1/1590
f 1528/1/1520 1598/1/1590 1601/1/1594
f 1604/1/1597 1605/1/3591 1603/1/1596
f 1602/1/1595 1605/1/3591 862/1/860
f 547/1/546 847/1/845 1607/1/1599
f 856/1/854 1607/1/1599 847/1/845
f 1597/1/1592 1612/1/3592 1611/1/1603
f 1532/1/1525 1612/1/3592 1597/1/1592
f 1422/1/1415 1612/1/3592 1532/1/1525
f 547/1/546 1608/1/1600 1613/1/1604
f 1614/1/1605 1613/1/1604 1608/1/1600
f 1619/1/1610 1620/1/1611 1617/1/1608
f 534/1/533 1621/1/1614 1622/1/1612
f 1623/1/1613 1622/1/1612 1621/1/1614
f 560/1/559 1622/1/1612 1623/1/1613
f 553/1/551 1622/1/1612 560/1/559
f 1621/1/1614 1624/1/1615 1616/1/1607
f 1614/1/1605 1625/1/1617 1626/1/1616
f 1619/1/1610 1626/1/1616 1625/1/1617
f 561/1/560 1623/1/1613 1628/1/1619
f 1626/1/1616 1628/1/1619 1623/1/1613
f 1610/1/1602 1628/1/1619 1618/1/1609
f 1587/1/1580 1620/1/1611 1629/1/1620
f 1627/1/1618 1629/1/1620 1620/1/1611
f 1606/1/1598 1603/1/1596 1629/1/1620
f 1593/1/1588 1629/1/1620 1603/1/1596
f 861/1/859 860/1/858 1630/1/1621
f 1631/1/1622 1630/1/1621 1632/1/1623
f 1634/1/1625 1635/1/1630 1636/1/1626
f 1636/1/1626 1635/1/1630 1510/1/1504
f 1634/1/1625 1640/1/1632 1641/1/1631
f 1637/1/1627 1642/1/1633 1640/1/1632
f 1646/1/1637 1644/1/1635 1641/1/1631
f 1645/1/1636 1644/1/1635 1632/1/1623
f 1650/1/1641 1649/1/1640 1516/1/1508
f 1633/1/1624 1651/1/1644 1652/1/1642
f 1653/1/1643 1652/1/1642 1651/1/1644
f 1584/1/1577 1595/1/1587 1652/1/1642
f 1631/1/1622 1652/1/1642 1595/1/1587
f 1643/1/1634 1655/1/1648 1656/1/1646
f 1657/1/1647 1656/1/1646 1655/1/1648
f 1654/1/1645 1651/1/1644 1656/1/1646
f 1646/1/1637 1656/1/1646 1651/1/1644
f 1647/1/1638 1659/1/1651 1660/1/1650
f 1655/1/1648 1660/1/1650 1659/1/1651
f 1642/1/1633 1660/1/1650 1655/1/1648
f 1637/1/1627 1648/1/1639 1660/1/1650
f 1654/1/1645 1661/1/1654 1662/1/1652
f 1663/1/1653 1662/1/1652 1661/1/1654
f 1585/1/1578 1583/1/1575 1662/1/1652
f 1653/1/1643 1662/1/1652 1583/1/1575
f 1665/1/1656 1666/1/1660 1667/1/1657
f 1669/1/1659 1667/1/1657 1666/1/1660
f 1658/1/1649 1659/1/1651 1667/1/1657
f 1668/1/1658 1667/1/1657 1659/1/1651
f 1669/1/1659 1671/1/1662 1657/1/1647
f 1670/1/1661 1672/1/1663 1671/1/1662
f 1664/1/1655 1661/1/1654 1671/1/1662
f 1657/1/1647 1671/1/1662 1661/1/1654
f 1664/1/1655 1673/1/1666 1674/1/1664
f 1675/1/1665 1676/1/1668 1674/1/1664
f 1677/1/1667 1678/1/1669 1674/1/1664
f 1663/1/1653 1674/1/1664 1678/1/1669
f 1679/1/1670 1680/1/1674 1681/1/1671
f 1683/1/1673 1681/1/1671 1680/1/1674
f 1670/1/1661 1666/1/1660 1681/1/1671
f 1682/1/1672 1681/1/1671 1666/1/1660
f 1684/1/1675 1685/1/1677 1686/1/1676
f 1673/1/1666 1686/1/1676 1685/1/1677
f 1664/1/1655 1672/1/1663 1686/1/1676
f 1683/1/1673 1686/1/1676 1672/1/1663
f 1687/1/1678 1688/1/1682 1689/1/1679
f 1691/1/1681 1689/1/1679 1688/1/1682
f 1693/1/1684 1694/1/1685 1689/1/1679
f 1690/1/1680 1689/1/1679 1694/1/1685
f 1696/1/1687 1697/1/1691 1698/1/1688
f 1700/1/1690 1701/1/1692 1697/1/1691
f 1690/1/1680 1697/1/1691 1701/1/1692
f 1695/1/1686 1698/1/1688 1697/1/1691
f 1702/1/1693 1703/1/1696 1704/1/1694
f 1696/1/1687 1704/1/1694 1703/1/1696
f 1699/1/1689 1706/1/1697 1704/1/1694
f 1705/1/1695 1704/1/1694 1706/1/1697
f 1708/1/1699 1709/1/1702 1710/1/1700
f 194/1/196 1710/1/1700 1709/1/1702
f 193/1/192 1712/1/1703 1710/1/1700
f 1711/1/1701 1710/1/1700 1712/1/1703
f 1714/1/1705 1715/1/1707 203/1/204
f 1716/1/1706 1717/1/1708 1715/1/1707
f 203/1/204 1715/1/1707 1712/1/1703
f 202/1/201 213/1/211 1718/1/1709
f 1719/1/1710 1718/1/1709 213/1/211
f 1714/1/1705 1718/1/1709 1721/1/1712
f 1722/1/1713 1723/1/1717 1724/1/1714
f 1726/1/1716 1727/1/1719 1723/1/1717
f 1728/1/1718 1723/1/1717 1727/1/1719
f 1152/1/1148 1724/1/1714 1723/1/1717
f 298/1/296 1730/1/1722 1731/1/1721
f 159/1/158 158/1/157 1731/1/1721
f 297/1/295 1731/1/1721 158/1/157
f 157/1/156 1734/1/1727 1735/1/1725
f 1736/1/1726 1737/1/1728 1735/1/1725
f 165/1/164 1735/1/1725 1737/1/1728
f 152/1/150 1735/1/1725 165/1/164
f 1738/1/1729 1739/1/1732 1740/1/1730
f 1730/1/1722 1740/1/1730 1739/1/1732
f 298/1/296 350/1/347 1740/1/1730
f 1741/1/1731 1740/1/1730 350/1/347
f 1255/1/1251 1742/1/1734 1743/1/1733
f 1238/1/1234 1236/1/1231 1743/1/1733
f 1237/1/1233 1251/1/1247 1743/1/1733
f 1746/1/1737 1747/1/1740 1748/1/1738
f 1745/1/1736 1748/1/1738 1747/1/1740
f 1749/1/1739 1748/1/1738 1750/1/1741
f 1265/1/1261 1752/1/1744 1753/1/1743
f 1742/1/1734 1753/1/1743 1752/1/1744
f 1255/1/1251 1254/1/1250 1753/1/1743
f 1264/1/1259 1753/1/1743 1254/1/1250
f 1259/1/1255 1256/1/1254 1754/1/1745
f 1755/1/1746 1754/1/1745 1256/1/1254
f 1758/1/1749 1759/1/1752 1760/1/1750
f 1550/1/1543 1548/1/1540 1759/1/1752
f 1549/1/1542 1762/1/1753 1759/1/1752
f 1760/1/1750 1759/1/1752 1762/1/1753
f 1758/1/1749 1764/1/1755 1554/1/1546
f 1765/1/1756 1764/1/1755 1766/1/1757
f 1768/1/1759 1769/1/1763 1770/1/1760
f 1772/1/1762 1770/1/1760 1769/1/1763
f 1569/1/1562 1566/1/1561 1770/1/1760
f 1771/1/1761 1770/1/1760 1566/1/1561
f 1569/1/1562 1772/1/1762 1774/1/1765
f 1775/1/1766 1774/1/1765 1772/1/1762
f 1762/1/1753 1774/1/1765 1775/1/1766
f 1571/1/1564 1774/1/1765 1762/1/1753
f 1776/1/1767 1777/1/1770 1226/1/1225
f 1778/1/1768 1777/1/1770 1776/1/1767
f 1247/1/1242 1246/1/1241 1777/1/1770
f 1226/1/1225 1777/1/1770 1246/1/1241
f 1247/1/1242 1778/1/1768 1780/1/1771
f 1781/1/1772 1780/1/1771 1778/1/1768
f 1244/1/1240 1780/1/1771 1755/1/1746
f 1150/1/1146 1148/1/1145 1782/1/1773
f 1784/1/1775 1782/1/1773 1148/1/1145
f 1785/1/1776 1786/1/1777 1782/1/1773
f 1783/1/1774 1782/1/1773 1786/1/1777
f 1787/1/1778 1786/1/1777 1788/1/1779
f 1790/1/1781 1788/1/1779 1786/1/1777
f 1790/1/1781 1386/1/1382 1383/1/1379
f 1383/1/1379 1385/1/1381 1789/1/1780
f 1791/1/1782 1792/1/1786 1793/1/1783
f 1795/1/1785 1793/1/1783 1792/1/1786
f 1797/1/1788 1798/1/1789 1793/1/1783
f 1794/1/1784 1793/1/1783 1798/1/1789
f 1800/1/1791 1801/1/3333 1802/1/1792
f 1804/1/1794 1803/1/1793 1802/1/1792
f 178/1/177 181/1/179 1803/1/1793
f 1800/1/1791 1803/1/1793 181/1/179
f 1806/1/1796 1807/1/1800 1808/1/1797
f 1810/1/1799 1811/1/1802 1807/1/1800
f 1812/1/1801 1813/1/1804 1807/1/1800
f 1814/1/1803 1808/1/1797 1807/1/1800
f 1812/1/1801 1811/1/1802 1815/1/1805
f 1817/1/1807 1815/1/1805 1811/1/1802
f 166/1/165 1737/1/1728 1815/1/1805
f 1816/1/1806 1815/1/1805 1737/1/1728
f 1819/1/1809 1818/1/1808 1820/1/1810
f 1817/1/1807 1818/1/1808 168/1/167
f 1821/1/1811 1820/1/1810 1822/1/1812
f 1806/1/1796 1822/1/1812 1820/1/1810
f 1826/1/1816 1827/1/1820 1828/1/1817
f 1830/1/1819 1828/1/1817 1827/1/1820
f 198/1/197 1709/1/1702 1828/1/1817
f 1829/1/1818 1828/1/1817 1709/1/1702
f 1831/1/1821 1827/1/1820 1832/1/1822
f 1834/1/1824 1832/1/1822 1827/1/1820
f 1796/1/1787 1792/1/1786 1832/1/1822
f 1833/1/1823 1832/1/1822 1792/1/1786
f 1751/1/1742 1835/1/1826 1836/1/1825
f 1096/1/1093 1839/1/1829 1836/1/1825
f 1749/1/1739 1836/1/1825 1839/1/1829
f 1091/1/1088 1840/1/1832 1841/1/1830
f 1842/1/1831 1841/1/1830 1840/1/1832
f 1844/1/1834 1845/1/1835 1841/1/1830
f 1090/1/1086 1841/1/1830 1845/1/1835
f 1729/1/1720 1727/1/1719 1846/1/1836
f 1848/1/1838 1846/1/1836 1727/1/1719
f 1843/1/1833 1840/1/1832 1846/1/1836
f 1847/1/1837 1846/1/1836 1840/1/1832
f 1850/1/1840 1849/1/1839 1851/1/1841
f 252/1/250 1097/1/1094 1849/1/1839
f 1741/1/1731 1853/1/1843 1856/1/1846
f 351/1/349 354/1/352 1853/1/1843
f 1854/1/1844 1853/1/1843 354/1/352
f 1854/1/1844 1857/1/1847 1858/1/1848
f 253/1/251 1859/1/1849 1857/1/1847
f 1850/1/1840 1857/1/1847 1859/1/1849
f 1860/1/1850 1861/1/1853 1862/1/1851
f 261/1/258 1862/1/1851 1861/1/1853
f 266/1/264 1845/1/1835 1862/1/1851
f 1863/1/1852 1862/1/1851 1845/1/1835
f 1864/1/1854 1865/1/1858 1866/1/1855
f 1868/1/1857 1866/1/1855 1865/1/1858
f 1146/1/1141 1145/1/1140 1866/1/1855
f 154/1/153 1870/1/1862 1871/1/1860
f 1872/1/1861 1871/1/1860 1870/1/1862
f 294/1/291 1871/1/1860 1872/1/1861
f 163/1/162 162/1/160 1871/1/1860
f 149/1/148 171/1/170 1874/1/1864
f 1875/1/1865 1874/1/1864 171/1/170
f 1875/1/1865 1873/1/1863 1870/1/1862
f 150/1/152 1874/1/1864 1870/1/1862
f 1732/1/1723 1876/1/1868 1877/1/1866
f 1878/1/1867 1877/1/1866 1876/1/1868
f 155/1/154 160/1/159 1877/1/1866
f 1733/1/1724 1877/1/1866 160/1/159
f 1879/1/1869 1880/1/1871 1881/1/1870
f 1734/1/1727 1881/1/1870 1880/1/1871
f 156/1/155 1881/1/1870 1734/1/1727
f 1878/1/1867 1881/1/1870 156/1/155
f 1882/1/1872 1883/1/1875 1884/1/1873
f 361/1/360 1884/1/1873 1883/1/1875
f 258/1/256 1861/1/1853 1884/1/1873
f 1885/1/1874 1884/1/1873 1861/1/1853
f 359/1/358 1883/1/1875 1886/1/1876
f 1887/1/1877 1886/1/1876 1883/1/1875
f 1887/1/1877 1720/1/1711 1719/1/1710
f 212/1/210 360/1/359 1886/1/1876
f 281/1/279 1888/1/1880 1889/1/1878
f 1890/1/1879 1891/1/1882 1889/1/1878
f 1892/1/1881 1893/1/1883 1889/1/1878
f 280/1/277 1889/1/1878 1893/1/1883
f 304/1/302 301/1/298 1894/1/1884
f 301/1/298 302/1/300 1896/1/1886
f 1892/1/1881 1891/1/1882 1894/1/1884
f 1895/1/1885 1894/1/1884 1891/1/1882
f 1541/1/1534 1897/1/1889 1898/1/1887
f 1899/1/1888 1898/1/1887 1897/1/1889
f 1536/1/1528 1535/1/1527 1898/1/1887
f 1563/1/1556 1901/1/1891 1897/1/1889
f 1551/1/1544 1765/1/1756 1901/1/1891
f 1903/1/1893 1904/1/1897 1905/1/1894
f 1907/1/1896 1905/1/1894 1904/1/1897
f 1909/1/1899 1910/1/1900 1905/1/1894
f 1906/1/1895 1905/1/1894 1910/1/1900
f 1476/1/1470 1479/1/1472 1912/1/1902
f 1914/1/1904 1912/1/1902 1479/1/1472
f 1908/1/1898 1904/1/1897 1912/1/1902
f 1913/1/1903 1912/1/1902 1904/1/1897
f 1915/1/1905 1916/1/1909 1917/1/1906
f 1919/1/1908 1917/1/1906 1916/1/1909
f 1921/1/1911 1922/1/1912 1917/1/1906
f 1918/1/1907 1917/1/1906 1922/1/1912
f 1924/1/1914 1925/1/1917 1926/1/1915
f 1919/1/1908 1926/1/1915 1925/1/1917
f 1920/1/1910 1928/1/1918 1926/1/1915
f 1927/1/1916 1926/1/1915 1928/1/1918
f 1746/1/1737 1930/1/1922 1931/1/1920
f 1932/1/1921 1931/1/1920 1930/1/1922
f 1233/1/1229 1239/1/1235 1931/1/1920
f 1747/1/1740 1931/1/1920 1239/1/1235
f 1094/1/1091 1934/1/1925 1935/1/1924
f 1933/1/1923 1930/1/1922 1935/1/1924
f 1930/1/1922 1746/1/1737 1839/1/1829
f 1095/1/1092 1935/1/1924 1839/1/1829
f 1103/1/1100 1936/1/1928 1937/1/1926
f 1938/1/1927 1937/1/1926 1936/1/1928
f 1940/1/1930 1941/1/1931 1937/1/1926
f 1101/1/1097 1937/1/1926 1941/1/1931
f 1942/1/1932 1943/1/1935 1944/1/1933
f 1938/1/1927 1944/1/1933 1943/1/1935
f 1939/1/1929 1946/1/1937 1944/1/1933
f 1947/1/1936 1945/1/1934 1944/1/1933
f 1951/1/1941 1948/1/1938 1952/1/1942
f 1954/1/1944 1955/1/1945 1948/1/1938
f 1953/1/1943 1952/1/1942 1957/1/1947
f 1781/1/1772 1957/1/1947 1959/1/1949
f 1923/1/1913 1960/1/1952 1961/1/1950
f 1962/1/1951 1961/1/1950 1960/1/1952
f 1160/1/1156 1964/1/1954 1961/1/1950
f 1918/1/1907 1961/1/1950 1964/1/1954
f 1966/1/1956 1965/1/1955 1962/1/1951
f 1155/1/1150 1965/1/1955 1724/1/1714
f 1967/1/1957 1968/1/1961 1969/1/1958
f 1971/1/1960 1969/1/1958 1968/1/1961
f 1869/1/1859 1865/1/1858 1969/1/1958
f 1970/1/1959 1969/1/1958 1865/1/1858
f 1972/1/1962 1968/1/1961 1973/1/1963
f 1942/1/1932 1945/1/1934 1973/1/1963
f 1974/1/1964 1973/1/1963 1945/1/1934
f 1977/1/1967 1978/1/1970 1976/1/1966
f 1977/1/1967 1980/1/1972 1981/1/1969
f 1977/1/1967 1979/1/1968 1983/1/1973
f 1769/1/1763 1984/1/1974 1983/1/1973
f 1982/1/1971 1984/1/1974 1769/1/1763
f 1929/1/1919 1985/1/1977 1986/1/1975
f 1987/1/1976 1988/1/1979 1986/1/1975
f 1989/1/1978 1986/1/1975 1988/1/1979
f 1927/1/1916 1986/1/1975 1989/1/1978
f 1990/1/1980 1988/1/1979 1991/1/1981
f 1993/1/1983 1991/1/1981 1988/1/1979
f 1911/1/1901 1910/1/1900 1991/1/1981
f 1767/1/1758 1766/1/1757 1994/1/1984
f 1995/1/1985 1994/1/1984 1766/1/1757
f 2000/1/1990 2001/1/1994 2002/1/1991
f 2004/1/1993 2002/1/1991 2001/1/1994
f 1490/1/1484 1486/1/1483 2002/1/1991
f 2003/1/1992 2002/1/1991 1486/1/1483
f 2006/1/1996 2007/1/2000 2008/1/1997
f 2010/1/1999 2008/1/1997 2007/1/2000
f 2012/1/2002 2013/1/2003 2008/1/1997
f 2009/1/1998 2008/1/1997 2013/1/2003
f 2011/1/2001 2007/1/2000 2015/1/2005
f 2017/1/2007 2015/1/2005 2007/1/2000
f 1693/1/1684 1691/1/1681 2015/1/2005
f 2016/1/2006 2015/1/2005 1691/1/1681
f 2018/1/2008 2019/1/2011 2020/1/2009
f 1711/1/1701 2020/1/2009 2019/1/2011
f 1713/1/1704 2022/1/2012 2020/1/2009
f 2021/1/2010 2020/1/2009 2022/1/2012
f 2025/1/2015 2024/1/2014 1721/1/1712
f 2030/1/2020 2031/1/2023 2032/1/2021
f 1842/1/1831 2032/1/2021 2031/1/2023
f 1843/1/1833 2034/1/2024 2032/1/2021
f 2033/1/2022 2032/1/2021 2034/1/2024
f 2036/1/2026 2037/1/2029 2038/1/2027
f 1966/1/1956 2038/1/2027 2037/1/2029
f 1963/1/1953 2040/1/2030 2038/1/2027
f 2039/1/2028 2038/1/2027 2040/1/2030
f 2042/1/2032 2043/1/2036 2044/1/2033
f 2046/1/2035 2044/1/2033 2043/1/2036
f 1732/1/1723 1739/1/1732 2044/1/2033
f 2045/1/2034 2044/1/2033 1739/1/1732
f 2048/1/2038 2049/1/2042 2050/1/2039
f 2052/1/2041 2050/1/2039 2049/1/2042
f 1744/1/1735 1752/1/1744 2050/1/2039
f 2051/1/2040 2050/1/2039 1752/1/1744
f 2054/1/2044 2055/1/2048 2056/1/2045
f 2058/1/2047 2056/1/2045 2055/1/2048
f 1852/1/1842 1851/1/1841 2056/1/2045
f 2057/1/2046 2056/1/2045 1851/1/1841
f 2060/1/2050 2061/1/2053 2062/1/2051
f 1760/1/1750 2061/1/2053 2060/1/2050
f 1763/1/1754 2064/1/2054 2061/1/2053
f 2062/1/2051 2061/1/2053 2064/1/2054
f 1776/1/1767 2066/1/2056 2069/1/2059
f 1225/1/1221 2070/1/2060 2066/1/2056
f 2067/1/2057 2066/1/2056 2070/1/2060
f 2071/1/2061 2072/1/2064 2073/1/2062
f 1990/1/1980 2075/1/2065 2073/1/2062
f 2074/1/2063 2073/1/2062 2075/1/2065
f 2077/1/2067 2078/1/2070 2079/1/2068
f 1795/1/1785 2079/1/2068 2078/1/2070
f 1796/1/1787 2081/1/2071 2079/1/2068
f 2080/1/2069 2079/1/2068 2081/1/2071
f 169/1/168 2083/1/2075 2084/1/2073
f 2085/1/2074 2084/1/2073 2083/1/2075
f 2018/1/2008 2087/1/2077 2084/1/2073
f 167/1/166 2084/1/2073 2087/1/2077
f 2021/1/2010 2088/1/2078 2087/1/2077
f 2023/1/2013 2089/1/2079 2088/1/2078
f 1873/1/1863 1875/1/1865 2088/1/2078
f 170/1/169 2087/1/2077 2088/1/2078
f 1708/1/1699 2019/1/2011 2090/1/2080
f 2085/1/2074 2090/1/2080 2019/1/2011
f 2086/1/2076 2091/1/2081 2090/1/2080
f 1829/1/1818 2090/1/2080 2091/1/2081
f 1873/1/1863 2089/1/2079 2092/1/2082
f 2093/1/2083 2092/1/2082 2089/1/2079
f 2094/1/2084 2092/1/2082 2093/1/2083
f 291/1/289 1872/1/1861 2092/1/2082
f 2028/1/2018 2027/1/2017 2095/1/2085
f 2096/1/2086 2095/1/2085 2027/1/2017
f 296/1/294 292/1/293 2095/1/2085
f 2094/1/2084 2095/1/2085 292/1/293
f 2028/1/2018 2093/1/2083 2097/1/2087
f 1717/1/1708 2097/1/2087 2022/1/2012
f 296/1/294 2096/1/2086 2098/1/2088
f 2026/1/2016 2099/1/2090 2098/1/2088
f 2100/1/2089 2101/1/2091 2098/1/2088
f 349/1/346 2098/1/2088 2101/1/2091
f 2025/1/2015 2102/1/2092 2099/1/2090
f 1720/1/1711 1887/1/1877 2102/1/2092
f 2099/1/2090 2102/1/2092 2103/1/2093
f 256/1/254 2104/1/2096 2105/1/2094
f 2106/1/2095 2105/1/2094 2104/1/2096
f 2030/1/2020 2108/1/2098 2105/1/2094
f 255/1/253 2105/1/2094 2108/1/2098
f 257/1/255 2108/1/2098 2109/1/2099
f 2033/1/2022 2109/1/2099 2108/1/2098
f 2035/1/2025 2110/1/2100 2109/1/2099
f 1093/1/1090 2109/1/2099 2110/1/2100
f 1844/1/1834 2031/1/2023 2111/1/2101
f 2106/1/2095 2111/1/2101 2031/1/2023
f 2107/1/2097 2112/1/2102 2111/1/2101
f 1863/1/1852 2111/1/2101 2112/1/2102
f 1933/1/1923 2113/1/2105 2114/1/2103
f 2115/1/2104 2114/1/2103 2113/1/2105
f 2036/1/2026 2117/1/2107 2114/1/2103
f 1932/1/1921 2114/1/2103 2117/1/2107
f 1233/1/1229 2117/1/2107 2118/1/2108
f 2039/1/2028 2118/1/2108 2117/1/2107
f 2041/1/2031 2070/1/2060 2118/1/2108
f 1228/1/1223 2118/1/2108 2070/1/2060
f 1725/1/1715 2037/1/2029 2119/1/2109
f 2115/1/2104 2119/1/2109 2037/1/2029
f 2116/1/2106 2120/1/2110 2119/1/2109
f 1722/1/1713 2119/1/2109 2120/1/2110
f 2121/1/2111 2122/1/2115 2123/1/2112
f 2125/1/2114 2123/1/2112 2122/1/2115
f 183/1/182 179/1/181 2123/1/2112
f 2124/1/2113 2123/1/2112 179/1/181
f 2126/1/2116 2127/1/2119 2128/1/2117
f 2129/1/2118 2128/1/2117 2127/1/2119
f 190/1/189 187/1/188 2128/1/2117
f 2125/1/2114 2128/1/2117 187/1/188
f 2127/1/2119 2126/1/2116 2131/1/2121
f 1880/1/1871 2132/1/2122 2131/1/2121
f 2133/1/2123 2132/1/2122 1880/1/1871
f 2130/1/2120 2127/1/2119 2132/1/2122
f 1812/1/1801 1816/1/1806 2134/1/2124
f 2131/1/2121 2134/1/2124 1816/1/1806
f 2126/1/2116 2122/1/2115 2134/1/2124
f 2135/1/2125 2134/1/2124 2122/1/2115
f 2130/1/2120 2136/1/2128 2137/1/2126
f 2138/1/2127 2137/1/2126 2136/1/2128
f 302/1/300 299/1/299 2137/1/2126
f 2129/1/2118 2137/1/2126 299/1/299
f 2047/1/2037 2043/1/2036 2139/1/2129
f 2140/1/2130 2139/1/2129 2043/1/2036
f 1892/1/1881 1896/1/1886 2139/1/2129
f 2138/1/2127 2139/1/2129 1896/1/1886
f 1879/1/1869 1876/1/1868 2141/1/2131
f 2046/1/2035 2141/1/2131 1876/1/1868
f 2047/1/2037 2136/1/2128 2141/1/2131
f 2133/1/2123 2141/1/2131 2136/1/2128
f 2142/1/2132 2143/1/2136 2144/1/2133
f 2146/1/2135 2144/1/2133 2143/1/2136
f 1947/1/1936 1946/1/1937 2144/1/2133
f 2145/1/2134 2144/1/2133 1946/1/1937
f 2053/1/2043 2049/1/2042 2147/1/2137
f 1974/1/1964 2147/1/2137 2148/1/2138
f 1751/1/1742 1750/1/1741 2149/1/2139
f 2052/1/2041 2149/1/2139 1750/1/1741
f 2053/1/2043 2143/1/2136 2149/1/2139
f 2151/1/2141 2152/1/2145 2153/1/2142
f 2155/1/2144 2153/1/2142 2152/1/2145
f 284/1/282 283/1/281 2153/1/2142
f 2154/1/2143 2153/1/2142 283/1/281
f 2059/1/2049 2055/1/2048 2156/1/2146
f 2157/1/2147 2156/1/2146 2055/1/2048
f 1103/1/1100 1102/1/1099 2156/1/2146
f 2155/1/2144 2156/1/2146 1102/1/1099
f 1855/1/1845 1858/1/1848 2158/1/2148
f 2058/1/2047 2158/1/2148 1858/1/1848
f 2059/1/2049 2152/1/2145 2158/1/2148
f 2159/1/2149 2158/1/2148 2152/1/2145
f 2160/1/2150 2161/1/2153 2162/1/2151
f 2163/1/2152 2162/1/2151 1868/1/1857
f 2165/1/2155 2166/1/2156 1143/1/1139
f 2167/1/2157 2168/1/2159 2166/1/2156
f 1143/1/1139 2166/1/2156 2168/1/2159
f 2170/1/2160 2171/1/2161 2169/1/2158
f 1756/1/1747 1959/1/1949 2171/1/2161
f 1950/1/1940 2172/1/2162 2171/1/2161
f 2169/1/2158 2171/1/2161 2172/1/2162
f 1262/1/1257 1757/1/1748 2173/1/2163
f 2170/1/2160 2173/1/2163 1757/1/1748
f 2164/1/2154 2161/1/2153 2173/1/2163
f 2175/1/2165 2176/1/2168 2177/1/2166
f 2178/1/2167 2177/1/2166 1387/1/1383
f 1378/1/1374 2180/1/2170 2181/1/2171
f 2183/1/2173 2184/1/2174 2181/1/2171
f 1377/1/1372 2181/1/2171 2184/1/2174
f 2179/1/2169 2185/1/2176 2186/1/2175
f 1899/1/1888 2186/1/2175 2185/1/2176
f 1900/1/1890 2187/1/2177 2186/1/2175
f 2182/1/2172 2186/1/2175 2187/1/2177
f 1980/1/1972 1982/1/1971 2188/1/2178
f 2185/1/2176 2188/1/2178 1982/1/1971
f 2179/1/2169 2176/1/2168 2188/1/2178
f 2189/1/2179 2188/1/2178 2176/1/2168
f 1379/1/1375 2184/1/2174 2190/1/2180
f 2191/1/2181 2190/1/2180 2184/1/2174
f 2192/1/2182 2193/1/2183 2190/1/2180
f 1485/1/1479 2193/1/2183 2194/1/2184
f 2195/1/2185 2194/1/2184 2193/1/2183
f 2196/1/2186 2197/1/2187 2194/1/2184
f 2003/1/1992 2194/1/2184 2197/1/2187
f 2192/1/2182 2198/1/2189 2199/1/2188
f 1999/1/1989 2199/1/2188 2198/1/2189
f 2195/1/2185 2199/1/2188 2200/1/2190
f 1767/1/1758 2198/1/2189 2201/1/2191
f 2191/1/2181 2201/1/2191 2198/1/2189
f 2183/1/2173 2187/1/2177 2201/1/2191
f 1902/1/1892 2201/1/2191 2187/1/2177
f 1702/1/1693 2202/1/2194 2203/1/2192
f 2204/1/2193 2203/1/2192 2202/1/2194
f 2206/1/2196 2207/1/2197 2203/1/2192
f 1703/1/1696 2203/1/2192 2207/1/2197
f 2207/1/2197 2206/1/2196 2208/1/2198
f 2210/1/2200 2209/1/2199 2208/1/2198
f 1687/1/1678 1701/1/1692 2209/1/2199
f 2207/1/2197 2209/1/2199 1701/1/1692
f 2211/1/2201 2212/1/2204 2213/1/2202
f 2214/1/2203 2213/1/2202 2212/1/2204
f 1692/1/1683 1688/1/1682 2213/1/2202
f 2210/1/2200 2213/1/2202 1688/1/1682
f 1692/1/1683 2214/1/2203 2216/1/2206
f 2217/1/2207 2216/1/2206 2214/1/2203
f 2218/1/2208 2219/1/2209 2216/1/2206
f 2016/1/2006 2216/1/2206 2219/1/2209
f 2011/1/2001 2219/1/2209 2220/1/2210
f 2221/1/2211 2220/1/2210 2219/1/2209
f 2222/1/2212 2223/1/2213 2220/1/2210
f 2224/1/2214 2225/1/2218 2226/1/2215
f 2228/1/2217 2226/1/2215 2225/1/2218
f 1484/1/1478 1483/1/1477 2226/1/2215
f 2227/1/2216 2226/1/2215 1483/1/1477
f 1484/1/1478 2228/1/2217 2229/1/2219
f 2062/1/2051 2229/1/2219 2228/1/2217
f 2065/1/2055 2230/1/2220 2229/1/2219
f 1996/1/1986 1995/1/1985 2231/1/2221
f 2060/1/2050 2231/1/2221 1995/1/1985
f 2063/1/2052 2225/1/2218 2231/1/2221
f 2232/1/2222 2231/1/2221 2225/1/2218
f 1908/1/1898 2230/1/2220 2233/1/2223
f 2234/1/2224 2233/1/2223 2230/1/2220
f 2235/1/2225 2236/1/2226 2233/1/2223
f 1907/1/1896 2233/1/2223 2236/1/2226
f 1909/1/1899 2236/1/2226 2237/1/2227
f 2238/1/2228 2237/1/2227 2236/1/2226
f 2076/1/2066 2075/1/2065 2237/1/2227
f 2238/1/2228 2239/1/2230 2240/1/2229
f 2235/1/2225 2241/1/2231 2239/1/2230
f 1773/1/1764 1983/1/1973 2239/1/2230
f 1983/1/1973 1979/1/1968 2240/1/2229
f 1763/1/1754 1775/1/1766 2242/1/2232
f 2241/1/2231 2242/1/2232 1775/1/1766
f 2235/1/2225 2234/1/2224 2242/1/2232
f 2065/1/2055 2064/1/2054 2242/1/2232
f 2243/1/2233 2244/1/2237 2245/1/2234
f 2247/1/2236 2245/1/2234 2244/1/2237
f 1923/1/1913 1922/1/1912 2245/1/2234
f 2067/1/2057 2248/1/2238 2247/1/2236
f 2041/1/2031 2040/1/2030 2248/1/2238
f 1953/1/1943 1958/1/1948 2249/1/2239
f 2069/1/2059 2249/1/2239 1958/1/1948
f 2068/1/2058 2244/1/2237 2249/1/2239
f 1953/1/1943 2250/1/2240 2251/1/2241
f 2252/1/2242 2251/1/2241 2250/1/2240
f 2071/1/2061 2253/1/2243 2251/1/2241
f 1951/1/1941 2251/1/2241 2253/1/2243
f 1954/1/1944 2253/1/2243 2254/1/2244
f 2074/1/2063 2254/1/2244 2253/1/2243
f 2240/1/2229 1979/1/1968 1976/1/1966
f 1924/1/1914 2072/1/2064 2255/1/2245
f 2252/1/2242 2255/1/2245 2072/1/2064
f 2243/1/2233 2246/1/2235 2255/1/2245
f 2189/1/2179 2175/1/2165 2257/1/2247
f 2258/1/2248 2259/1/2249 2256/1/2246
f 1981/1/1969 2256/1/2246 2259/1/2249
f 2167/1/2157 2172/1/2162 2260/1/2250
f 1949/1/1939 2260/1/2250 2172/1/2162
f 2258/1/2248 2262/1/2253 2263/1/2252
f 1784/1/1775 2263/1/2252 2262/1/2253
f 1147/1/1142 2168/1/2159 2263/1/2252
f 1785/1/1776 2262/1/2253 2264/1/2254
f 2257/1/2247 2264/1/2254 2262/1/2253
f 2175/1/2165 2178/1/2167 2264/1/2254
f 1790/1/1781 2264/1/2254 2178/1/2167
f 2080/1/2069 2265/1/2255 2266/1/2256
f 1825/1/1815 2265/1/2255 2267/1/2257
f 2121/1/2111 2268/1/2260 2269/1/2258
f 2270/1/2259 2269/1/2258 2268/1/2260
f 1814/1/1803 1813/1/1804 2269/1/2258
f 2135/1/2125 2269/1/2258 1813/1/1804
f 2272/1/2262 2273/1/2263 1804/1/1794
f 2271/1/2261 2268/1/2260 2273/1/2263
f 2124/1/2113 2273/1/2263 2268/1/2260
f 178/1/177 1804/1/1794 2273/1/2263
f 1826/1/1816 2091/1/2081 2274/1/2264
f 2275/1/2265 2274/1/2264 2091/1/2081
f 2082/1/2072 2081/1/2071 2274/1/2264
f 1834/1/1824 2274/1/2264 2081/1/2071
f 1821/1/1811 2267/1/2257 2276/1/2266
f 2275/1/2265 2276/1/2266 2267/1/2257
f 2086/1/2076 2083/1/2075 2276/1/2266
f 1819/1/1809 2276/1/2266 2083/1/2075
f 1094/1/1091 2110/1/2100 2277/1/2267
f 2278/1/2268 2277/1/2267 2110/1/2100
f 2116/1/2106 2113/1/2105 2277/1/2267
f 1934/1/1925 2277/1/2267 2113/1/2105
f 2035/1/2025 2034/1/2024 2279/1/2269
f 1848/1/1838 2279/1/2269 2034/1/2024
f 1726/1/1716 2120/1/2110 2279/1/2269
f 2278/1/2268 2279/1/2269 2120/1/2110
f 2054/1/2044 2280/1/2271 2281/1/2270
f 2145/1/2134 2281/1/2270 2280/1/2271
f 1939/1/1929 1936/1/1928 2281/1/2270
f 2157/1/2147 2281/1/2270 1936/1/1928
f 2142/1/2132 2280/1/2271 2282/1/2272
f 2057/1/2046 2282/1/2272 2280/1/2271
f 1837/1/1827 1835/1/1826 2282/1/2272
f 2042/1/2032 2283/1/2274 2284/1/2273
f 2154/1/2143 2284/1/2273 2283/1/2274
f 282/1/280 1893/1/1883 2284/1/2273
f 2140/1/2130 2284/1/2273 1893/1/1883
f 2159/1/2149 2285/1/2275 1856/1/1846
f 2151/1/2141 2283/1/2274 2285/1/2275
f 2045/1/2034 2285/1/2275 2283/1/2274
f 2287/1/2277 2286/1/2276 2101/1/2091
f 1860/1/1850 2112/1/2102 2288/1/2278
f 2287/1/2277 2288/1/2278 2112/1/2102
f 2100/1/2089 2103/1/2093 2288/1/2278
f 2174/1/2164 2289/1/2279 1263/1/1260
f 2051/1/2040 2289/1/2279 2290/1/2280
f 1265/1/1261 1263/1/1260 2289/1/2279
f 2163/1/2152 2291/1/2281 2290/1/2280
f 2163/1/2152 1869/1/1859 1971/1/1960
f 1972/1/1962 2148/1/2138 2291/1/2281
f 2290/1/2280 2291/1/2281 2148/1/2138
f 1638/1/1628 2292/1/2283 2293/1/2282
f 1639/1/1629 2293/1/2282 870/1/868
f 1039/1/1036 2296/1/2288 2297/1/2286
f 2298/1/2287 2297/1/2286 2296/1/2288
f 851/1/849 1027/1/1023 2297/1/2286
f 1028/1/1025 1040/1/1037 2297/1/2286
f 2300/1/2290 2301/1/2293 2302/1/2291
f 2296/1/2288 2302/1/2291 2301/1/2293
f 1039/1/1036 1060/1/1057 2302/1/2291
f 2303/1/2292 2302/1/2291 1060/1/1057
f 2299/1/2289 2304/1/2296 2305/1/2294
f 2306/1/2295 2307/1/2297 2305/1/2294
f 853/1/851 852/1/850 2305/1/2294
f 2298/1/2287 2305/1/2294 852/1/850
f 2299/1/2289 2301/1/2293 2308/1/2298
f 2309/1/2299 2308/1/2298 2301/1/2293
f 2310/1/2300 2311/1/2301 2308/1/2298
f 2304/1/2296 2308/1/2298 2311/1/2301
f 2307/1/2297 2313/1/2303 857/1/856
f 2310/1/2300 2314/1/2305 2315/1/2304
f 2294/1/2284 2292/1/2283 2315/1/2304
f 2314/1/2305 2316/1/2306 2295/1/2285
f 2309/1/2299 2316/1/2306 2314/1/2305
f 2300/1/2290 2317/1/2307 2316/1/2306
f 2295/1/2285 2316/1/2306 2317/1/2307
f 871/1/869 2317/1/2307 2318/1/2308
f 2303/1/2292 2318/1/2308 2317/1/2307
f 1062/1/1058 1071/1/1068 2318/1/2308
f 866/1/863 2318/1/2308 1071/1/1068
f 1522/1/1515 1526/1/1522 2319/1/2309
f 2320/1/2310 2319/1/2309 1526/1/1522
f 2320/1/2310 2321/1/2313 2322/1/2311
f 1521/1/1513 2319/1/2309 2322/1/2311
f 2323/1/2312 2324/1/2314 1591/1/1584
f 2320/1/2310 2324/1/2314 2323/1/2312
f 2321/1/2313 2323/1/2312 2328/1/2318
f 1580/1/1573 1579/1/1572 2328/1/2318
f 1523/1/1516 2329/1/2321 2330/1/2319
f 2331/1/2320 2330/1/2319 2329/1/2321
f 1467/1/1461 1463/1/1460 2330/1/2319
f 1462/1/1456 1524/1/1517 2330/1/2319
f 1523/1/1516 2322/1/2311 2333/1/2323
f 2321/1/2313 2334/1/2325 2333/1/2323
f 2335/1/2324 2336/1/2326 2333/1/2323
f 2329/1/2321 2333/1/2323 2336/1/2326
f 2335/1/2324 2334/1/2325 2337/1/2327
f 2327/1/2317 2337/1/2327 2334/1/2325
f 2326/1/2316 2338/1/2328 2337/1/2327
f 2339/1/2329 2340/1/2332 2341/1/2330
f 1480/1/1473 2341/1/2330 2340/1/2332
f 1481/1/1475 2343/1/2333 2341/1/2330
f 2342/1/2331 2341/1/2330 2343/1/2333
f 2345/1/2335 2346/1/2339 2347/1/2336
f 2349/1/2338 2347/1/2336 2346/1/2339
f 2014/1/2004 2013/1/2003 2347/1/2336
f 2348/1/2337 2347/1/2336 2013/1/2003
f 2344/1/2334 2351/1/2343 2352/1/2341
f 2353/1/2342 2352/1/2341 2351/1/2343
f 2355/1/2345 2356/1/2346 2352/1/2341
f 2342/1/2331 2352/1/2341 2356/1/2346
f 2357/1/2347 2358/1/2348 2346/1/2339
f 2355/1/2345 2353/1/2342 2358/1/2348
f 2354/1/2344 2359/1/2349 2358/1/2348
f 2359/1/2349 2350/1/2340 2346/1/2339
f 1482/1/1476 2340/1/2332 2360/1/2350
f 2361/1/2351 2360/1/2350 2340/1/2332
f 2362/1/2352 2363/1/2353 2360/1/2350
f 2227/1/2216 2360/1/2350 2363/1/2353
f 2364/1/2354 2365/1/2357 2366/1/2355
f 2348/1/2337 2366/1/2355 2365/1/2357
f 2012/1/2002 2223/1/2213 2366/1/2355
f 2367/1/2356 2366/1/2355 2223/1/2213
f 2368/1/2358 2369/1/2361 2370/1/2359
f 2357/1/2347 2370/1/2359 2369/1/2361
f 2345/1/2335 2365/1/2357 2370/1/2359
f 2371/1/2360 2370/1/2359 2365/1/2357
f 2355/1/2345 2369/1/2361 2372/1/2362
f 2373/1/2363 2372/1/2362 2369/1/2361
f 2361/1/2351 2372/1/2362 2373/1/2363
f 2339/1/2329 2356/1/2346 2372/1/2362
f 2374/1/2364 2375/1/2367 2376/1/2365
f 2232/1/2222 2375/1/2367 2374/1/2364
f 2224/1/2214 2363/1/2353 2375/1/2367
f 2376/1/2365 2375/1/2367 2363/1/2353
f 2368/1/2358 2378/1/2370 2379/1/2368
f 2380/1/2369 2379/1/2368 2378/1/2370
f 2377/1/2366 2376/1/2365 2379/1/2368
f 2373/1/2363 2379/1/2368 2376/1/2365
f 2377/1/2366 2382/1/2374 2383/1/2372
f 2384/1/2373 2383/1/2372 2382/1/2374
f 1998/1/1988 1997/1/1987 2383/1/2372
f 2374/1/2364 2383/1/2372 1997/1/1987
f 2381/1/2371 2386/1/2378 2387/1/2376
f 2388/1/2377 2387/1/2376 2386/1/2378
f 2385/1/2375 2382/1/2374 2387/1/2376
f 2391/1/2381 2390/1/2380 2392/1/2382
f 2196/1/2186 2200/1/2190 2390/1/2380
f 2384/1/2373 2390/1/2380 2200/1/2190
f 2394/1/2384 2395/1/2387 2396/1/2385
f 2393/1/2383 2392/1/2382 2396/1/2385
f 2388/1/2377 2396/1/2385 2392/1/2382
f 2398/1/2388 2399/1/2392 2400/1/2389
f 2402/1/2391 2403/1/2393 2399/1/2392
f 2205/1/2195 2202/1/2194 2399/1/2392
f 2400/1/2389 2399/1/2392 2202/1/2194
f 2393/1/2383 2404/1/2396 2405/1/2394
f 2406/1/2395 2405/1/2394 2404/1/2396
f 2000/1/1990 2197/1/2187 2405/1/2394
f 2391/1/2381 2405/1/2394 2197/1/2187
f 2395/1/2387 2408/1/2400 2404/1/2396
f 2409/1/2398 2408/1/2400 2395/1/2387
f 2410/1/2399 2411/1/2401 2408/1/2400
f 2407/1/2397 2404/1/2396 2408/1/2400
f 2401/1/2390 2412/1/2403 2413/1/2402
f 2409/1/2398 2413/1/2402 2412/1/2403
f 2394/1/2384 2414/1/2404 2413/1/2402
f 2398/1/2388 2413/1/2402 2414/1/2404
f 1707/1/1698 2415/1/2407 2416/1/2405
f 2417/1/2406 2416/1/2405 2415/1/2407
f 2401/1/2390 2400/1/2389 2416/1/2405
f 1705/1/1695 2416/1/2405 2400/1/2389
f 2407/1/2397 2419/1/2411 2420/1/2409
f 2421/1/2410 2420/1/2409 2419/1/2411
f 2005/1/1995 2001/1/1994 2420/1/2409
f 2406/1/2395 2420/1/2409 2001/1/1994
f 2411/1/2401 2423/1/2415 2419/1/2411
f 2424/1/2413 2423/1/2415 2411/1/2401
f 2425/1/2414 2426/1/2416 2423/1/2415
f 2422/1/2412 2419/1/2411 2423/1/2415
f 2418/1/2408 2427/1/2418 2428/1/2417
f 2424/1/2413 2428/1/2417 2427/1/2418
f 2410/1/2399 2412/1/2403 2428/1/2417
f 2417/1/2406 2428/1/2417 2412/1/2403
f 2429/1/2419 2430/1/2423 2431/1/2420
f 2433/1/2422 2434/1/2424 2431/1/2420
f 2421/1/2410 2431/1/2420 2434/1/2424
f 2421/1/2410 2422/1/2412 2432/1/2421
f 2422/1/2412 2426/1/2416 2435/1/2425
f 2436/1/2426 2435/1/2425 2426/1/2416
f 2437/1/2427 2438/1/2428 2435/1/2425
f 2432/1/2421 2435/1/2425 2438/1/2428
f 1665/1/1656 2439/1/2430 2440/1/2429
f 2439/1/2430 2441/1/2434 2442/1/2431
f 2443/1/2432 2444/1/2433 2440/1/2429
f 1682/1/1672 2440/1/2429 2444/1/2433
f 2441/1/2434 2445/1/2438 2446/1/2435
f 2448/1/2437 2446/1/2435 2445/1/2438
f 2449/1/2439 2450/1/2440 2446/1/2435
f 2447/1/2436 2446/1/2435 2450/1/2440
f 1512/1/1506 1514/1/1507 2453/1/2443
f 2448/1/2437 2452/1/2442 2453/1/2443
f 1518/1/1510 1517/1/1511 2452/1/2442
f 2439/1/2430 2454/1/2444 2445/1/2438
f 1668/1/1658 2454/1/2444 2439/1/2430
f 50/1/49 2455/1/3596 2456/1/2445
f 2457/1/2446 2455/1/3596 50/1/49
f 2461/1/2450 2458/1/2447 2462/1/2451
f 52/1/52 48/1/51 2458/1/2447
f 2463/1/2452 2462/1/2451 2464/1/2453
f 2473/1/2462 2470/1/2459 2474/1/2463
f 2476/1/2465 2477/1/2466 2470/1/2459
f 2471/1/2460 2470/1/2459 2477/1/2466
f 2482/1/2471 2479/1/2468 2483/1/2472
f 2476/1/2465 2473/1/2462 2479/1/2468
f 2480/1/2469 2479/1/2468 2473/1/2462
f 2485/1/2474 2486/1/2479 2487/1/2475
f 2489/1/2477 2486/1/2479 2485/1/2474
f 2484/1/2473 2483/1/2472 2486/1/2479
f 2460/1/2449 2459/1/2448 2491/1/2480
f 2456/1/2445 2491/1/2480 2459/1/2448
f 2493/1/2482 2466/1/2455 2465/1/2454
f 2492/1/2481 2494/1/2483 2465/1/2454
f 2495/1/2484 2496/1/2487 2497/1/2485
f 2466/1/2455 2493/1/2482 2497/1/2485
f 2502/1/2491 2499/1/2488 2503/1/2492
f 2500/1/2489 2499/1/2488 2496/1/2487
f 2501/1/2490 2505/1/2496 2506/1/2494
f 2507/1/2495 2506/1/2494 2505/1/2496
f 2504/1/2493 2503/1/2492 2506/1/2494
f 2511/1/2500 2512/1/2501 2507/1/2495
f 2471/1/2460 2512/1/2501 2511/1/2500
f 2478/1/2467 2513/1/2502 2512/1/2501
f 2515/1/2504 2521/1/2511 2522/1/2510
f 2524/1/2513 2525/1/2515 2522/1/2510
f 2516/1/2505 2522/1/2510 2525/1/2515
f 2524/1/2513 2526/1/2514 2527/1/2516
f 2529/1/2518 2527/1/2516 2526/1/2514
f 2530/1/2519 2531/1/2520 2527/1/2516
f 2528/1/2517 2527/1/2516 2531/1/2520
f 721/1/719 720/1/718 2533/1/2522
f 2534/1/2523 2533/1/2522 720/1/718
f 739/1/736 2533/1/2522 2536/1/2526
f 736/1/734 2536/1/2526 2537/1/2527
f 2538/1/2528 2537/1/2527 2536/1/2526
f 9/1/9 8/1/8 2537/1/2527
f 744/1/742 2537/1/2527 8/1/8
f 2542/1/2532 2539/1/2529 2543/1/2533
f 185/1/184 192/1/191 2539/1/2529
f 2540/1/2530 2539/1/2529 192/1/191
f 191/1/190 303/1/301 2545/1/2535
f 2546/1/2536 2545/1/2535 303/1/301
f 2547/1/2537 2548/1/2538 2545/1/2535
f 2540/1/2530 2545/1/2535 2548/1/2538
f 2549/1/2539 2550/1/2542 2551/1/2540
f 89/1/87 2551/1/2540 2550/1/2542
f 93/1/96 177/1/176 2551/1/2540
f 2553/1/2543 2554/1/2548 2555/1/2544
f 2557/1/2546 2554/1/2548 2553/1/2543
f 1942/1/1932 1975/1/1965 2554/1/2548
f 1967/1/1957 2555/1/2544 2554/1/2548
f 2560/1/2550 2559/1/2549 2561/1/2551
f 1940/1/1930 1943/1/1935 2559/1/2549
f 2557/1/2546 2559/1/2549 1943/1/1935
f 2563/1/2553 2564/1/2881 2565/1/2554
f 2567/1/2556 2566/1/2555 2565/1/2554
f 1084/1/1081 1166/1/1162 2566/1/2555
f 2563/1/2553 2566/1/2555 1166/1/1162
f 310/1/308 2569/1/2560 2570/1/2558
f 2571/1/2559 2570/1/2558 2569/1/2560
f 2573/1/2562 2574/1/2563 2570/1/2558
f 309/1/306 2570/1/2558 2574/1/2563
f 2575/1/2564 2576/1/2567 2577/1/2565
f 2004/1/1993 2577/1/2565 2576/1/2567
f 2005/1/1995 2434/1/2424 2577/1/2565
f 2578/1/2566 2577/1/2565 2434/1/2424
f 1695/1/1686 1694/1/1685 2579/1/2568
f 2581/1/2570 2579/1/2568 1694/1/1685
f 2582/1/2571 2583/1/2572 2579/1/2568
f 2580/1/2569 2579/1/2568 2583/1/2572
f 2582/1/2571 2581/1/2570 2585/1/2574
f 2017/1/2007 2585/1/2574 2581/1/2570
f 2006/1/1996 2587/1/2576 2585/1/2574
f 2586/1/2575 2585/1/2574 2587/1/2576
f 2014/1/2004 2589/1/2580 2590/1/2578
f 2591/1/2579 2590/1/2578 2589/1/2580
f 2588/1/2577 2587/1/2576 2590/1/2578
f 2009/1/1998 2590/1/2578 2587/1/2576
f 2592/1/2581 2589/1/2580 2593/1/2582
f 2349/1/2338 2593/1/2582 2589/1/2580
f 2350/1/2340 2595/1/2584 2593/1/2582
f 2594/1/2583 2593/1/2582 2595/1/2584
f 2597/1/2586 2598/1/2589 2599/1/2587
f 1993/1/1983 2599/1/2587 2598/1/2589
f 1987/1/1976 2601/1/2590 2599/1/2587
f 2600/1/2588 2599/1/2587 2601/1/2590
f 2603/1/2592 2604/1/2596 2605/1/2593
f 2607/1/2595 2605/1/2593 2604/1/2596
f 1920/1/1910 1916/1/1909 2605/1/2593
f 2606/1/2594 2605/1/2593 1916/1/1909
f 1158/1/1154 2609/1/2599 2610/1/2598
f 2606/1/2594 2610/1/2598 2609/1/2599
f 1915/1/1905 1964/1/1954 2610/1/2598
f 1159/1/1155 2610/1/2598 1964/1/1954
f 2611/1/2600 2612/1/2604 2613/1/2601
f 2615/1/2603 2613/1/2601 2612/1/2604
f 2332/1/2322 2336/1/2326 2613/1/2601
f 2614/1/2602 2613/1/2601 2336/1/2326
f 2616/1/2605 2617/1/2607 2618/1/2606
f 1473/1/1466 2618/1/2606 2617/1/2607
f 1467/1/1461 2331/1/2320 2618/1/2606
f 2615/1/2603 2618/1/2606 2331/1/2320
f 2619/1/2608 2620/1/2611 2621/1/2609
f 2602/1/2591 2601/1/2590 2621/1/2609
f 1985/1/1977 2621/1/2609 2601/1/2590
f 2622/1/2610 2621/1/2609 1985/1/1977
f 2608/1/2597 2623/1/2613 2624/1/2612
f 2622/1/2610 2624/1/2612 2623/1/2613
f 1929/1/1919 1928/1/1918 2624/1/2612
f 2607/1/2595 2624/1/2612 1928/1/1918
f 91/1/90 2625/1/2616 2626/1/2614
f 2627/1/2615 2626/1/2614 2625/1/2616
f 77/1/76 80/1/78 2626/1/2614
f 90/1/88 2626/1/2614 80/1/78
f 2544/1/2534 2629/1/2620 2630/1/2618
f 2631/1/2619 2630/1/2618 2629/1/2620
f 184/1/183 2630/1/2618 2631/1/2619
f 184/1/183 185/1/184 2542/1/2532
f 2633/1/2622 2634/1/2626 2635/1/2623
f 2633/1/2622 2637/1/2636 2638/1/2625
f 2639/1/2627 2634/1/2626 2638/1/2625
f 2640/1/2628 2635/1/2623 2634/1/2626
f 2641/1/2629 2642/1/2632 2643/1/2630
f 2639/1/2627 2643/1/2630 2642/1/2632
f 2632/1/2621 2629/1/2620 2643/1/2630
f 2644/1/2631 2643/1/2630 2629/1/2620
f 2640/1/2628 2642/1/2632 2645/1/2633
f 2647/1/2635 2645/1/2633 2642/1/2632
f 147/1/146 146/1/145 2645/1/2633
f 2646/1/2634 2645/1/2633 146/1/145
f 2637/1/2636 2648/1/2638 2649/1/2637
f 2648/1/2638 1801/1/3333 1800/1/1791
f 186/1/185 2631/1/2619 2649/1/2637
f 2631/1/2619 2632/1/2621 2638/1/2625
f 34/1/34 2650/1/2640 2651/1/2639
f 2636/1/2624 2635/1/2623 2651/1/2639
f 2646/1/2634 2651/1/2639 2635/1/2623
f 29/1/28 2651/1/2639 2646/1/2634
f 55/1/55 2652/1/2643 2653/1/2641
f 2654/1/2642 2653/1/2641 2652/1/2643
f 2656/1/2645 2657/1/2650 2658/1/2646
f 2660/1/2648 2657/1/2650 2656/1/2645
f 61/1/61 57/1/60 2657/1/2650
f 2655/1/2644 2662/1/2654 2663/1/2651
f 2659/1/2647 2664/1/2656 2665/1/2652
f 2666/1/2653 2665/1/2652 2662/1/2654
f 2659/1/2647 2658/1/2646 2667/1/2655
f 66/1/65 2667/1/2655 2658/1/2646
f 2668/1/2657 2669/1/2661 2670/1/2658
f 2672/1/2660 2670/1/2658 2669/1/2661
f 2672/1/2660 1791/1/1782 1794/1/1784
f 2671/1/2659 2670/1/2658 1794/1/1784
f 2674/1/2663 2675/1/2667 2676/1/2664
f 2678/1/2666 2676/1/2664 2675/1/2667
f 2673/1/2662 2669/1/2661 2676/1/2664
f 2677/1/2665 2676/1/2664 2669/1/2661
f 2679/1/2668 2675/1/2667 2680/1/2669
f 2682/1/2671 2680/1/2669 2675/1/2667
f 2628/1/2617 2625/1/2616 2680/1/2669
f 2681/1/2670 2680/1/2669 2625/1/2616
f 2679/1/2668 2683/1/2674 2684/1/2672
f 2685/1/2673 2684/1/2672 2683/1/2674
f 2687/1/2676 2688/1/2677 2684/1/2672
f 2678/1/2666 2684/1/2672 2688/1/2677
f 2686/1/2675 2683/1/2674 2689/1/2678
f 2681/1/2670 2689/1/2678 2683/1/2674
f 91/1/90 87/1/89 2689/1/2678
f 2690/1/2679 2689/1/2678 87/1/89
f 1830/1/1819 2691/1/2680 197/1/195
f 1831/1/1821 2692/1/2681 2691/1/2680
f 2687/1/2676 2693/1/2682 2691/1/2680
f 2687/1/2676 2685/1/2673 2694/1/2683
f 2695/1/2684 2694/1/2683 2685/1/2673
f 2693/1/2682 2694/1/2683 2697/1/2686
f 2673/1/2662 2688/1/2677 2698/1/2687
f 2692/1/2681 2698/1/2687 2688/1/2677
f 1833/1/1823 2698/1/2687 2692/1/2681
f 1791/1/1782 2672/1/2660 2698/1/2687
f 2562/1/2552 2699/1/2690 2700/1/2688
f 2701/1/2689 2700/1/2688 2699/1/2690
f 1098/1/1095 1941/1/1931 2700/1/2688
f 2560/1/2550 2700/1/2688 1941/1/1931
f 2703/1/2692 2704/1/2693 2550/1/2542
f 2695/1/2684 2686/1/2675 2690/1/2679
f 86/1/85 2550/1/2542 2704/1/2693
f 2701/1/2689 2705/1/2696 1099/1/1098
f 2706/1/2694 2705/1/2696 2701/1/2689
f 2707/1/2695 2708/1/2697 2705/1/2696
f 276/1/274 1099/1/1098 2705/1/2696
f 2702/1/2691 2709/1/2700 2710/1/2698
f 2711/1/2699 2710/1/2698 2709/1/2700
f 2713/1/2702 2714/1/2703 2710/1/2698
f 2706/1/2694 2710/1/2698 2714/1/2703
f 2715/1/2704 2716/1/2706 2567/1/2556
f 2715/1/2704 2717/1/2710 2718/1/2705
f 1078/1/1075 1085/1/1082 2716/1/2706
f 2567/1/2556 2716/1/2706 1085/1/1082
f 248/1/246 2719/1/2708 2720/1/2707
f 2711/1/2699 2720/1/2707 2719/1/2708
f 2712/1/2701 2721/1/2709 2720/1/2707
f 1107/1/1103 2720/1/2707 2721/1/2709
f 2717/1/2710 2722/1/2713 2723/1/2711
f 2724/1/2712 2723/1/2711 2722/1/2713
f 273/1/271 1079/1/1076 2723/1/2711
f 2718/1/2705 2723/1/2711 1079/1/1076
f 2717/1/2710 2726/1/2717 2727/1/2715
f 2728/1/2716 2727/1/2715 2726/1/2717
f 2730/1/2719 2731/1/2720 2727/1/2715
f 2722/1/2713 2727/1/2715 2731/1/2720
f 264/1/262 2732/1/2722 2733/1/2721
f 2728/1/2716 2733/1/2721 2732/1/2722
f 2729/1/2718 2734/1/2723 2733/1/2721
f 1086/1/1083 2733/1/2721 2734/1/2723
f 2707/1/2695 2735/1/2725 2736/1/2724
f 2735/1/2725 2737/1/2731 2738/1/2726
f 281/1/279 277/1/278 2736/1/2724
f 2708/1/2697 2736/1/2724 277/1/278
f 2714/1/2703 2713/1/2702 2739/1/2727
f 2741/1/2729 2742/1/2730 2740/1/2728
f 2735/1/2725 2740/1/2728 2742/1/2730
f 2735/1/2725 2707/1/2695 2714/1/2703
f 2739/1/2727 2743/1/2733 2744/1/2732
f 2713/1/2702 2719/1/2708 2743/1/2733
f 246/1/243 2743/1/2733 2719/1/2708
f 246/1/243 247/1/245 2744/1/2732
f 2724/1/2712 2745/1/2736 274/1/272
f 2746/1/2734 2745/1/2736 2724/1/2712
f 2747/1/2735 2748/1/2737 2745/1/2736
f 274/1/272 2745/1/2736 2748/1/2737
f 2749/1/2738 2750/1/2741 2751/1/2739
f 2746/1/2734 2751/1/2739 2750/1/2741
f 2725/1/2714 2731/1/2720 2751/1/2739
f 2752/1/2740 2751/1/2739 2731/1/2720
f 1864/1/1854 2753/1/2744 2754/1/2742
f 2755/1/2743 2754/1/2742 2753/1/2744
f 2556/1/2545 2555/1/2544 2754/1/2742
f 1970/1/1959 2754/1/2742 2555/1/2544
f 263/1/261 2757/1/2747 2758/1/2746
f 2752/1/2740 2758/1/2746 2757/1/2747
f 2730/1/2719 2732/1/2722 2758/1/2746
f 262/1/259 2758/1/2746 2732/1/2722
f 1151/1/1147 2759/1/2749 2760/1/2748
f 2756/1/2745 2753/1/2744 2760/1/2748
f 1867/1/1856 2760/1/2748 2753/1/2744
f 2763/1/2752 2764/1/2755 2765/1/2753
f 2762/1/2751 2765/1/2753 2764/1/2755
f 2766/1/2754 2765/1/2753 2767/1/2756
f 220/1/218 2574/1/2563 2769/1/2758
f 2770/1/2759 2769/1/2758 2574/1/2563
f 2771/1/2760 2772/1/2761 2769/1/2758
f 218/1/216 221/1/221 2769/1/2758
f 2766/1/2754 2773/1/2763 2774/1/2762
f 1142/1/1138 1271/1/1267 2773/1/2763
f 2774/1/2762 2773/1/2763 1271/1/1267
f 2641/1/2629 2776/1/2767 2777/1/2765
f 2778/1/2766 2777/1/2765 2776/1/2767
f 2780/1/2769 2777/1/2765 2778/1/2766
f 2780/1/2769 147/1/146 2647/1/2635
f 2771/1/2760 2782/1/2772 2783/1/2771
f 2552/1/2541 2783/1/2771 2782/1/2772
f 2772/1/2761 2783/1/2771 219/1/217
f 2779/1/2768 2776/1/2767 2784/1/2773
f 2644/1/2631 2784/1/2773 2776/1/2767
f 2544/1/2534 2543/1/2533 2784/1/2773
f 2785/1/2774 2784/1/2773 2543/1/2533
f 139/1/138 2786/1/2777 2787/1/2775
f 2788/1/2776 2787/1/2775 2786/1/2777
f 343/1/341 342/1/340 2787/1/2775
f 142/1/141 2787/1/2775 342/1/340
f 2781/1/2770 2778/1/2766 2789/1/2778
f 2779/1/2768 2790/1/2780 2789/1/2778
f 2791/1/2779 2789/1/2778 2790/1/2780
f 2788/1/2776 2789/1/2778 2791/1/2779
f 135/1/134 148/1/147 2793/1/2782
f 2780/1/2769 2793/1/2782 148/1/147
f 138/1/137 2793/1/2782 2786/1/2777
f 2794/1/2783 2795/1/2787 2796/1/2784
f 2798/1/2786 2796/1/2784 2795/1/2787
f 2737/1/2731 2742/1/2730 2796/1/2784
f 2797/1/2785 2796/1/2784 2742/1/2730
f 2792/1/2781 2790/1/2780 2800/1/2789
f 2801/1/2790 2800/1/2789 2548/1/2538
f 338/1/336 2802/1/2792 2803/1/2791
f 2797/1/2785 2803/1/2791 2802/1/2792
f 2741/1/2729 2744/1/2732 2803/1/2791
f 345/1/343 2803/1/2791 2744/1/2732
f 1890/1/1879 2804/1/2795 2805/1/2793
f 2806/1/2794 2805/1/2793 2804/1/2795
f 2547/1/2537 2546/1/2536 2805/1/2793
f 1895/1/1885 2805/1/2793 2546/1/2536
f 2799/1/2788 2795/1/2787 2807/1/2796
f 2808/1/2797 2807/1/2796 2795/1/2787
f 281/1/279 2738/1/2726 2809/1/2798
f 2798/1/2786 2809/1/2798 2738/1/2726
f 2799/1/2788 2804/1/2795 2809/1/2798
f 343/1/341 2791/1/2779 2810/1/2799
f 2808/1/2797 2810/1/2799 2791/1/2779
f 2794/1/2783 2802/1/2792 2810/1/2799
f 341/1/338 2810/1/2799 2802/1/2792
f 310/1/308 366/1/365 2811/1/2800
f 2812/1/2801 2811/1/2800 366/1/365
f 2812/1/2801 2813/1/2804 2814/1/2802
f 2572/1/2561 2569/1/2560 2811/1/2800
f 2815/1/2803 2816/1/2805 2748/1/2737
f 2813/1/2804 2812/1/2801 2816/1/2805
f 316/1/314 315/1/313 2816/1/2805
f 2748/1/2737 2816/1/2805 315/1/313
f 2817/1/2806 2818/1/2810 2819/1/2807
f 2821/1/2809 2819/1/2807 2818/1/2810
f 2575/1/2564 2823/1/2812 2819/1/2807
f 2820/1/2808 2819/1/2807 2823/1/2812
f 2825/1/2814 2826/1/2818 2827/1/2815
f 2829/1/2817 2827/1/2815 2826/1/2818
f 1362/1/1358 1358/1/1357 2827/1/2815
f 1381/1/1377 2830/1/2821 2831/1/2819
f 2832/1/2820 2831/1/2819 2830/1/2821
f 2833/1/2822 2834/1/2823 2831/1/2819
f 1376/1/1371 2831/1/2819 2834/1/2823
f 2832/1/2820 2835/1/2825 2836/1/2824
f 2822/1/2811 2818/1/2810 2835/1/2825
f 2817/1/2806 2826/1/2818 2835/1/2825
f 2836/1/2824 2835/1/2825 2826/1/2818
f 1490/1/1484 2576/1/2567 2837/1/2826
f 2821/1/2809 2837/1/2826 2576/1/2567
f 2822/1/2811 2830/1/2821 2837/1/2826
f 1489/1/1482 2837/1/2826 2830/1/2821
f 2829/1/2817 2838/1/2827 1495/1/1489
f 2820/1/2808 2838/1/2827 2829/1/2817
f 2824/1/2813 2839/1/3012 2838/1/2827
f 2841/1/2829 2840/1/2828 2842/1/2830
f 2844/1/2832 2845/1/2833 2840/1/2828
f 1476/1/1470 1913/1/1903 2840/1/2828
f 1911/1/1901 2598/1/2589 2846/1/2834
f 2847/1/2835 2846/1/2834 2598/1/2589
f 2843/1/2831 2842/1/2830 2846/1/2834
f 1906/1/1895 2846/1/2834 2842/1/2830
f 2848/1/2836 2849/1/2839 2850/1/2837
f 1404/1/1398 2850/1/2837 2849/1/2839
f 1408/1/1402 2852/1/2840 2850/1/2837
f 2851/1/2838 2850/1/2837 2852/1/2840
f 1168/1/1164 1167/1/1163 2854/1/2842
f 2849/1/2839 2854/1/2842 1167/1/1163
f 2848/1/2836 2856/1/2844 2854/1/2842
f 2855/1/2843 2854/1/2842 2856/1/2844
f 2858/1/2846 2859/1/2850 2860/1/2847
f 2862/1/2849 2860/1/2847 2859/1/2850
f 2608/1/2597 2604/1/2596 2860/1/2847
f 2863/1/2851 2864/1/2854 2865/1/2852
f 2851/1/2838 2865/1/2852 2864/1/2854
f 2853/1/2841 2867/1/2855 2865/1/2852
f 2866/1/2853 2865/1/2852 2867/1/2855
f 2857/1/2845 2856/1/2844 2869/1/2857
f 2864/1/2854 2869/1/2857 2856/1/2844
f 2863/1/2851 2859/1/2850 2869/1/2857
f 2871/1/2859 2872/1/2862 2873/1/2860
f 1847/1/1837 2873/1/2860 2872/1/2862
f 1091/1/1088 1089/1/1087 2873/1/2860
f 2874/1/2861 2873/1/2860 1089/1/1087
f 2862/1/2849 2875/1/2863 2623/1/2613
f 2866/1/2853 2875/1/2863 2862/1/2849
f 2868/1/2856 2876/1/2864 2875/1/2863
f 2876/1/2864 2619/1/2608 2623/1/2613
f 2568/1/2557 2877/1/2867 2878/1/2865
f 2879/1/2866 2878/1/2865 2877/1/2867
f 2729/1/2718 2726/1/2717 2878/1/2865
f 2715/1/2704 2878/1/2865 2726/1/2717
f 1729/1/1720 2872/1/2862 2881/1/2869
f 2882/1/2870 2881/1/2869 2872/1/2862
f 1728/1/1718 2881/1/2869 1153/1/1152
f 2871/1/2859 2883/1/2873 2884/1/2871
f 2885/1/2872 2884/1/2871 2883/1/2873
f 2886/1/2874 2887/1/2875 2884/1/2871
f 2882/1/2870 2884/1/2871 2887/1/2875
f 2880/1/2868 2883/1/2873 2888/1/2876
f 2874/1/2861 2888/1/2876 2883/1/2873
f 1088/1/1084 2734/1/2723 2888/1/2876
f 2879/1/2866 2888/1/2876 2734/1/2723
f 2889/1/2877 2890/1/2880 2891/1/2878
f 1119/1/1115 2891/1/2878 2890/1/2880
f 1109/1/1106 1105/1/1105 2891/1/2878
f 2892/1/2879 2891/1/2878 1105/1/1105
f 2564/1/2881 2893/1/2883 2894/1/2882
f 2880/1/2868 2877/1/2867 2894/1/2882
f 2565/1/2554 2894/1/2882 2877/1/2867
f 2562/1/2552 2895/1/2886 2896/1/2884
f 2897/1/2885 2896/1/2884 2895/1/2886
f 2712/1/2701 2709/1/2700 2896/1/2884
f 2699/1/2690 2896/1/2884 2709/1/2700
f 1116/1/1113 2890/1/2880 2899/1/2888
f 2900/1/2889 2899/1/2888 2890/1/2880
f 2901/1/2890 2902/1/2891 2899/1/2888
f 1275/1/1270 2899/1/2888 2902/1/2891
f 2900/1/2889 2903/1/2893 2904/1/2892
f 2889/1/2877 2905/1/2895 2903/1/2893
f 2906/1/2894 2903/1/2893 2905/1/2895
f 2904/1/2892 2903/1/2893 2906/1/2894
f 2898/1/2887 2905/1/2895 2908/1/2897
f 2892/1/2879 2908/1/2897 2905/1/2895
f 1104/1/1101 2721/1/2709 2908/1/2897
f 2897/1/2885 2908/1/2897 2721/1/2709
f 2909/1/2898 2910/1/2902 2911/1/2899
f 2913/1/2901 2911/1/2899 2910/1/2902
f 2915/1/2904 2916/1/2906 2911/1/2899
f 2917/1/2905 2912/1/2900 2911/1/2899
f 2907/1/2896 2906/1/2894 2918/1/2907
f 2895/1/2886 2918/1/2907 2906/1/2894
f 2562/1/2552 2561/1/2551 2918/1/2907
f 1137/1/1133 2920/1/2910 2921/1/2909
f 2912/1/2900 2921/1/2909 2920/1/2910
f 2922/1/2911 2921/1/2909 2912/1/2900
f 1366/1/1362 1364/1/1360 2921/1/2909
f 1150/1/1146 2923/1/2914 2924/1/2912
f 2925/1/2913 2924/1/2912 2923/1/2914
f 2761/1/2750 2759/1/2749 2924/1/2912
f 1149/1/1144 2924/1/2912 2759/1/2749
f 2914/1/2903 2910/1/2902 2926/1/2915
f 2927/1/2916 2926/1/2915 2910/1/2902
f 2768/1/2757 2767/1/2756 2926/1/2915
f 2914/1/2903 2923/1/2914 2928/1/2917
f 1783/1/1774 2928/1/2917 2923/1/2914
f 1787/1/1778 2929/1/2918 2928/1/2917
f 2913/1/2901 2928/1/2917 2929/1/2918
f 2857/1/2845 2930/1/2921 2931/1/2919
f 2932/1/2920 2931/1/2919 2930/1/2921
f 1180/1/1176 1184/1/1180 2931/1/2919
f 2855/1/2843 2931/1/2919 1184/1/1180
f 2775/1/2764 2934/1/2923 1140/1/1135
f 2927/1/2916 2934/1/2923 2775/1/2764
f 2909/1/2898 2920/1/2910 2934/1/2923
f 1140/1/1135 2934/1/2923 2920/1/2910
f 1157/1/1153 2887/1/2875 2935/1/2924
f 2936/1/2925 2935/1/2924 2887/1/2875
f 2937/1/2926 2938/1/2927 2935/1/2924
f 1156/1/1151 2935/1/2924 2938/1/2927
f 2932/1/2920 2939/1/2929 1181/1/1177
f 2932/1/2920 2933/1/2922 2940/1/2928
f 2564/1/2881 2563/1/2553 2939/1/2929
f 1165/1/1161 1181/1/1177 2939/1/2929
f 2933/1/2922 2941/1/2931 2942/1/2930
f 2936/1/2925 2942/1/2930 2941/1/2931
f 2886/1/2874 2893/1/2883 2942/1/2930
f 2940/1/2928 2942/1/2930 2893/1/2883
f 2858/1/2846 2943/1/2933 2944/1/2932
f 2933/1/2922 2930/1/2921 2944/1/2932
f 2870/1/2858 2944/1/2932 2930/1/2921
f 2946/1/2935 2945/1/2934 1295/1/1291
f 1267/1/1266 2945/1/2934 2948/1/2937
f 2943/1/2933 2949/1/2938 2938/1/2927
f 2861/1/2848 2949/1/2938 2943/1/2933
f 1158/1/1154 2938/1/2927 2949/1/2938
f 2756/1/2745 2764/1/2755 2950/1/2939
f 2951/1/2940 2950/1/2939 2764/1/2755
f 2952/1/2941 2953/1/2942 2950/1/2939
f 2755/1/2743 2950/1/2939 2953/1/2942
f 2947/1/2936 2946/1/2935 2954/1/2943
f 1306/1/1302 2954/1/2943 2946/1/2935
f 2952/1/2941 2956/1/2947 2957/1/2945
f 2955/1/2944 2957/1/2945 2956/1/2947
f 2958/1/2946 2957/1/2945 2904/1/2892
f 2947/1/2936 2956/1/2947 2959/1/2948
f 2951/1/2940 2959/1/2948 2956/1/2947
f 2763/1/2752 2774/1/2762 2959/1/2948
f 2948/1/2937 2959/1/2948 2774/1/2762
f 2836/1/2824 2825/1/2814 2960/1/2949
f 2962/1/2951 2961/1/2950 2960/1/2949
f 2964/1/2953 2965/1/2954 2961/1/2950
f 2833/1/2822 2836/1/2824 2961/1/2950
f 2556/1/2545 2953/1/2942 2966/1/2955
f 2958/1/2946 2966/1/2955 2953/1/2942
f 2907/1/2896 2919/1/2908 2966/1/2955
f 2553/1/2543 2966/1/2955 2919/1/2908
f 2967/1/2956 2968/1/2957 1371/1/1368
f 2963/1/2952 2960/1/2949 2968/1/2957
f 2828/1/2816 2968/1/2957 2960/1/2949
f 2828/1/2816 1357/1/1353 1371/1/1368
f 1789/1/1780 1385/1/1381 2969/1/2958
f 2964/1/2953 2971/1/2960 2970/1/2959
f 2915/1/2904 2929/1/2918 2970/1/2959
f 1789/1/1780 2970/1/2959 2929/1/2918
f 2915/1/2904 2971/1/2960 2972/1/2961
f 2962/1/2951 2972/1/2961 2971/1/2960
f 2963/1/2952 2973/1/2962 2972/1/2961
f 2916/1/2906 2972/1/2961 2973/1/2962
f 2965/1/2954 2974/1/2963 2834/1/2823
f 2969/1/2958 2974/1/2963 2965/1/2954
f 1385/1/1381 1384/1/1380 2974/1/2963
f 2834/1/2823 2974/1/2963 1384/1/1380
f 2975/1/2964 2976/1/2967 2977/1/2965
f 1412/1/1405 2977/1/2965 2976/1/2967
f 1392/1/1387 1390/1/1385 2977/1/2965
f 2978/1/2966 2977/1/2965 1390/1/1385
f 1409/1/1403 2976/1/2967 2979/1/2969
f 2980/1/2970 2979/1/2969 2976/1/2967
f 2853/1/2841 2852/1/2840 2979/1/2969
f 1417/1/1411 2979/1/2969 2852/1/2840
f 2917/1/2905 2973/1/2962 2981/1/2971
f 2967/1/2956 2981/1/2971 2973/1/2962
f 1370/1/1366 1367/1/1365 2981/1/2971
f 2922/1/2911 2981/1/2971 1367/1/1365
f 2619/1/2608 2876/1/2864 2982/1/2972
f 2983/1/2973 2982/1/2972 2876/1/2864
f 2984/1/2974 2985/1/2975 2982/1/2972
f 2620/1/2611 2982/1/2972 2985/1/2975
f 2984/1/2974 2986/1/2978 2987/1/2976
f 2978/1/2966 2987/1/2976 2986/1/2978
f 1389/1/2968 2989/1/2979 2987/1/2976
f 2988/1/2977 2987/1/2976 2989/1/2979
f 2975/1/2964 2986/1/2978 2991/1/2981
f 2983/1/2973 2991/1/2981 2986/1/2978
f 2868/1/2856 2867/1/2855 2991/1/2981
f 2980/1/2970 2991/1/2981 2867/1/2855
f 2992/1/2982 2993/1/2986 2994/1/2983
f 2996/1/2985 2994/1/2983 2993/1/2986
f 2998/1/2988 2999/1/2989 2994/1/2983
f 2995/1/2984 2994/1/2983 2999/1/2989
f 2602/1/2591 2985/1/2975 3001/1/2991
f 2988/1/2977 3001/1/2991 2985/1/2975
f 2990/1/2980 3002/1/2992 3001/1/2991
f 2600/1/2588 3001/1/2991 3002/1/2992
f 3000/1/2990 2999/1/2989 3003/1/2993
f 3005/1/2995 3003/1/2993 2999/1/2989
f 1474/1/1468 2617/1/2607 3003/1/2993
f 3004/1/2994 3003/1/2993 2617/1/2607
f 2844/1/2832 3006/1/2998 3007/1/2996
f 3008/1/2997 3007/1/2996 3006/1/2998
f 1481/1/1475 1477/1/1474 3007/1/2996
f 2845/1/2833 3007/1/2996 1477/1/1474
f 2344/1/2334 2343/1/2333 3009/1/2999
f 3008/1/2997 3009/1/2999 2343/1/2333
f 2997/1/2987 2993/1/2986 3009/1/2999
f 3010/1/3000 3009/1/2999 2993/1/2986
f 1496/1/1490 3011/1/3003 3012/1/3001
f 3013/1/3002 3012/1/3001 3011/1/3003
f 1514/1/1507 1513/1/3005 3012/1/3001
f 3015/1/3006 3016/1/3010 3017/1/3007
f 3019/1/3009 3017/1/3007 3016/1/3010
f 2433/1/2422 2430/1/2423 3017/1/3007
f 3018/1/3008 3017/1/3007 2430/1/2423
f 2839/1/3012 2824/1/2813 3021/1/3013
f 3023/1/3015 3022/1/3014 3021/1/3013
f 3014/1/3004 3011/1/3003 3022/1/3014
f 2449/1/2439 2453/1/2443 3024/1/3016
f 3013/1/3002 3024/1/3016 2453/1/2443
f 3014/1/3004 3026/1/3018 3024/1/3016
f 3025/1/3017 3024/1/3016 3026/1/3018
f 3027/1/3019 3026/1/3018 3028/1/3020
f 3023/1/3015 3028/1/3020 3026/1/3018
f 3020/1/3011 3016/1/3010 3028/1/3020
f 3029/1/3021 3028/1/3020 3016/1/3010
f 2433/1/2422 3019/1/3009 3030/1/3022
f 3020/1/3011 3021/1/3013 3030/1/3022
f 3031/1/3023 3032/1/3027 3033/1/3024
f 3035/1/3026 3033/1/3024 3032/1/3027
f 2418/1/2408 2415/1/2407 3033/1/3024
f 3034/1/3025 3033/1/3024 2415/1/2407
f 3037/1/3029 3038/1/3033 3039/1/3030
f 3041/1/3032 3039/1/3030 3038/1/3033
f 3040/1/3031 3039/1/3030 3032/1/3027
f 3036/1/3028 3043/1/3036 3044/1/3035
f 2436/1/2426 3044/1/3035 3043/1/3036
f 2425/1/2414 2427/1/2418 3044/1/3035
f 3035/1/3026 3044/1/3035 2427/1/2418
f 3045/1/3037 3046/1/3040 3047/1/3038
f 2326/1/2316 2325/1/2315 3047/1/3038
f 3048/1/3039 3047/1/3038 3049/1/3041
f 3042/1/3034 3038/1/3033 3051/1/3043
f 3053/1/3045 3051/1/3043 3038/1/3033
f 1679/1/1670 2444/1/2433 3051/1/3043
f 3054/1/3046 3055/1/3049 3056/1/3047
f 3048/1/3039 3056/1/3047 3055/1/3049
f 3050/1/3042 3058/1/3050 3056/1/3047
f 3057/1/3048 3056/1/3047 3058/1/3050
f 3060/1/3052 3061/1/3597 3046/1/3040
f 2614/1/2602 3061/1/3597 3060/1/3052
f 2338/1/2328 3061/1/3597 2614/1/2602
f 3046/1/3040 3061/1/3597 2338/1/2328
f 3062/1/3053 3063/1/3056 3064/1/3054
f 1586/1/1579 3064/1/3054 3063/1/3056
f 1678/1/1669 3064/1/3054 1586/1/1579
f 3065/1/3055 3064/1/3054 1678/1/1669
f 1577/1/1570 3063/1/3056 3066/1/3057
f 3057/1/3048 3068/1/3060 3069/1/3059
f 3059/1/3051 3070/1/3061 3068/1/3060
f 2596/1/2585 3069/1/3059 3068/1/3060
f 3071/1/3062 3072/1/3066 3073/1/3063
f 3075/1/3065 3073/1/3063 3072/1/3066
f 3077/1/3068 3078/1/3069 3073/1/3063
f 3074/1/3064 3073/1/3063 3078/1/3069
f 3076/1/3067 3072/1/3066 3079/1/3070
f 3081/1/3072 3079/1/3070 3072/1/3066
f 1675/1/1665 1685/1/1677 3079/1/3070
f 3080/1/3071 3079/1/3070 1685/1/1677
f 1707/1/1698 1706/1/1697 3082/1/3073
f 3083/1/3074 3082/1/3073 1706/1/1697
f 3077/1/3068 3084/1/3075 3082/1/3073
f 3031/1/3023 3084/1/3075 3085/1/3076
f 3075/1/3065 3085/1/3076 3084/1/3075
f 3076/1/3067 3086/1/3077 3085/1/3076
f 3040/1/3031 3085/1/3076 3086/1/3077
f 3078/1/3069 3077/1/3068 3083/1/3074
f 1698/1/1688 3087/1/3078 3083/1/3074
f 1695/1/1686 2580/1/2569 3087/1/3078
f 2584/1/2573 3078/1/3069 3087/1/3078
f 3088/1/3079 3089/1/3083 3090/1/3080
f 3092/1/3082 3093/1/3084 3089/1/3083
f 3054/1/3046 3069/1/3059 3089/1/3083
f 3090/1/3080 3089/1/3083 3069/1/3059
f 3037/1/3029 3086/1/3077 3094/1/3085
f 3080/1/3071 3094/1/3085 3086/1/3077
f 1684/1/1675 1680/1/1674 3094/1/3085
f 3053/1/3045 3094/1/3085 1680/1/1674
f 3093/1/3084 3095/1/3087 3055/1/3049
f 3096/1/3086 3095/1/3087 3093/1/3084
f 2611/1/2600 3060/1/3052 3095/1/3087
f 3045/1/3037 3055/1/3049 3095/1/3087
f 2992/1/2982 3097/1/3090 3098/1/3088
f 3099/1/3089 3098/1/3088 3097/1/3090
f 2354/1/2344 2351/1/2343 3098/1/3088
f 3010/1/3000 3098/1/3088 2351/1/2343
f 3000/1/2990 3100/1/3092 3101/1/3091
f 3088/1/3079 3101/1/3091 3100/1/3092
f 3091/1/3081 3097/1/3090 3101/1/3091
f 2995/1/2984 3101/1/3091 3097/1/3090
f 2350/1/2340 2359/1/2349 3102/1/3093
f 3099/1/3089 3102/1/3093 2359/1/2349
f 3091/1/3081 3090/1/3080 3102/1/3093
f 3102/1/3093 3090/1/3080 2596/1/2585
f 2443/1/2432 3103/1/3096 3104/1/3094
f 3105/1/3095 3104/1/3094 3103/1/3096
f 3107/1/3098 3108/1/3099 3104/1/3094
f 3052/1/3044 3104/1/3094 3108/1/3099
f 3092/1/3082 3100/1/3092 3109/1/3100
f 3004/1/2994 3109/1/3100 3100/1/3092
f 2616/1/2605 2612/1/2604 3109/1/3100
f 3096/1/3086 3109/1/3100 2612/1/2604
f 3042/1/3034 3108/1/3099 3110/1/3101
f 3111/1/3102 3110/1/3101 3108/1/3099
f 2437/1/2427 3043/1/3036 3110/1/3101
f 3041/1/3032 3110/1/3101 3043/1/3036
f 3027/1/3019 3112/1/3105 3113/1/3103
f 3114/1/3104 3113/1/3103 3112/1/3105
f 2451/1/2441 2450/1/2440 3113/1/3103
f 3025/1/3017 3113/1/3103 2450/1/2440
f 3015/1/3006 3115/1/3107 3116/1/3106
f 3105/1/3095 3116/1/3106 3115/1/3107
f 3106/1/3097 3112/1/3105 3116/1/3106
f 3029/1/3021 3116/1/3106 3112/1/3105
f 2451/1/2441 3114/1/3104 3117/1/3108
f 3106/1/3097 3103/1/3096 3117/1/3108
f 2442/1/2431 3117/1/3108 3103/1/3096
f 2447/1/2436 3117/1/3108 2442/1/2431
f 3107/1/3098 3115/1/3107 3118/1/3109
f 3018/1/3008 3118/1/3109 3115/1/3107
f 2429/1/2419 2438/1/2428 3118/1/3109
f 3111/1/3102 3118/1/3109 2438/1/2428
f 3119/1/3110 3120/1/3114 3121/1/3111
f 3123/1/3113 3121/1/3111 3120/1/3114
f 207/1/206 206/1/205 3121/1/3111
f 3122/1/3112 3121/1/3111 206/1/205
f 3124/1/3115 3120/1/3114 3125/1/3116
f 3127/1/3118 3125/1/3116 3120/1/3114
f 2770/1/2759 3125/1/3116 3127/1/3118
f 2770/1/2759 2573/1/2562 3126/1/3117
f 2696/1/2685 3128/1/3120 3129/1/3119
f 3122/1/3112 3129/1/3119 3128/1/3120
f 201/1/200 200/1/199 3129/1/3119
f 2697/1/2686 3129/1/3119 200/1/199
f 2782/1/2772 2771/1/2760 3127/1/3118
f 3119/1/3110 3128/1/3120 3130/1/3121
f 2549/1/2539 2782/1/2772 3130/1/3121
f 2573/1/2562 2571/1/2559 3131/1/3122
f 3133/1/3124 3134/1/3125 3131/1/3122
f 3126/1/3117 3131/1/3122 3134/1/3125
f 3135/1/3126 3136/1/3129 3137/1/3127
f 2815/1/2803 3137/1/3127 3136/1/3129
f 2747/1/2735 2750/1/2741 3137/1/3127
f 3138/1/3128 3137/1/3127 2750/1/2741
f 3139/1/3130 3140/1/3132 355/1/356
f 3141/1/3131 3140/1/3132 3139/1/3130
f 3135/1/3126 3142/1/3133 3140/1/3132
f 358/1/357 355/1/356 3140/1/3132
f 3124/1/3115 3134/1/3125 3143/1/3134
f 3139/1/3130 3143/1/3134 3134/1/3125
f 209/1/353 208/1/207 3143/1/3134
f 3123/1/3113 3143/1/3134 208/1/207
f 2813/1/2804 3136/1/3129 3144/1/3135
f 3141/1/3131 3144/1/3135 3136/1/3129
f 2814/1/2802 3144/1/3135 3132/1/3123
f 3142/1/3133 3145/1/3136 363/1/362
f 3138/1/3128 3145/1/3136 3142/1/3133
f 2749/1/2738 2757/1/2747 3145/1/3136
f 2757/1/2747 263/1/261 363/1/362
f 2997/1/2987 3006/1/2998 3146/1/3137
f 2844/1/2832 3147/1/3139 3146/1/3137
f 3148/1/3138 3146/1/3137 3147/1/3139
f 2996/1/2985 3146/1/3137 3148/1/3138
f 2990/1/2980 3150/1/3143 3151/1/3141
f 3152/1/3142 3153/1/3144 3151/1/3141
f 2847/1/2835 3151/1/3141 3153/1/3144
f 2597/1/2586 3002/1/2992 3151/1/3141
f 3154/1/3145 3155/1/3148 1471/1/3146
f 3156/1/3147 3155/1/3148 3154/1/3145
f 3152/1/3142 3157/1/3149 3155/1/3148
f 1471/1/3146 3155/1/3148 3157/1/3149
f 2998/1/2988 3148/1/3138 3158/1/3150
f 3149/1/3140 3154/1/3145 3158/1/3150
f 2843/1/2831 3153/1/3144 3159/1/3151
f 3156/1/3147 3159/1/3151 3153/1/3144
f 3149/1/3140 3147/1/3139 3159/1/3151
f 2841/1/2829 3159/1/3151 3147/1/3139
f 3152/1/3142 3150/1/3143 3160/1/3152
f 2989/1/2979 3160/1/3152 3150/1/3143
f 1388/1/1384 1396/1/1465 3157/1/3149
f 2584/1/2573 2583/1/2572 3161/1/3153
f 3162/1/3154 3161/1/3153 2583/1/2572
f 3163/1/3155 3164/1/3156 3161/1/3153
f 3074/1/3064 3161/1/3153 3164/1/3156
f 3071/1/3062 3164/1/3156 3165/1/3157
f 3166/1/3158 3165/1/3157 3164/1/3156
f 1676/1/1668 3165/1/3157 3166/1/3158
f 3081/1/3072 3165/1/3157 1676/1/1668
f 1677/1/1667 3166/1/3158 3167/1/3159
f 3168/1/3160 3167/1/3159 3166/1/3158
f 3169/1/3161 3170/1/3162 3167/1/3159
f 3065/1/3055 3167/1/3159 3170/1/3162
f 2588/1/2577 3171/1/3164 3172/1/3163
f 3168/1/3160 3172/1/3163 3171/1/3164
f 3163/1/3155 3162/1/3154 3172/1/3163
f 2586/1/2575 3172/1/3163 3162/1/3154
f 2592/1/2581 3070/1/3061 3173/1/3165
f 3174/1/3166 3173/1/3165 3070/1/3061
f 3169/1/3161 3171/1/3164 3173/1/3165
f 2591/1/2579 3173/1/3165 3171/1/3164
f 3062/1/3053 3170/1/3162 3175/1/3167
f 3174/1/3166 3175/1/3167 3170/1/3162
f 3059/1/3051 3058/1/3050 3175/1/3167
f 3067/1/3058 3175/1/3167 3058/1/3050
f 2402/1/2391 2414/1/2404 3176/1/3168
f 2397/1/2386 3176/1/3168 2414/1/2404
f 3180/1/3172 3181/1/3175 3182/1/3173
f 2403/1/2393 3182/1/3173 3181/1/3175
f 3179/1/3171 3182/1/3173 2403/1/2393
f 3178/1/3170 3183/1/3174 3182/1/3173
f 3184/1/3176 3185/1/3179 3186/1/3177
f 2204/1/2193 3186/1/3177 3185/1/3179
f 2205/1/2195 3181/1/3175 3186/1/3177
f 3187/1/3178 3186/1/3177 3181/1/3175
f 3185/1/3179 3184/1/3176 3188/1/3180
f 3190/1/3182 3189/1/3181 3188/1/3180
f 2211/1/2201 2208/1/2198 3189/1/3181
f 2208/1/2198 2206/1/2196 3185/1/3179
f 3191/1/3183 3192/1/3186 3193/1/3184
f 3194/1/3185 3193/1/3184 3192/1/3186
f 2215/1/2205 2212/1/2204 3193/1/3184
f 3190/1/3182 3193/1/3184 2212/1/2204
f 3196/1/3188 3197/1/3191 3198/1/3189
f 2217/1/2207 3198/1/3189 3197/1/3191
f 2215/1/2205 3194/1/3185 3198/1/3189
f 3199/1/3190 3198/1/3189 3194/1/3185
f 3200/1/3192 3201/1/3195 3197/1/3191
f 3202/1/3193 3201/1/3195 3200/1/3192
f 3202/1/3193 2222/1/2212 2221/1/2211
f 2218/1/2208 3197/1/3191 3201/1/3195
f 2364/1/2354 3204/1/3198 3205/1/3196
f 3206/1/3197 3205/1/3196 3204/1/3198
f 2381/1/2371 2378/1/2370 3205/1/3196
f 2371/1/2360 3205/1/3196 2378/1/2370
f 3203/1/3194 3208/1/3201 3209/1/3200
f 3208/1/3201 3207/1/3199 3204/1/3198
f 2367/1/2356 3209/1/3200 3204/1/3198
f 3202/1/3193 3209/1/3200 2367/1/2356
f 2389/1/2379 2386/1/2378 3210/1/3202
f 3212/1/3204 3213/1/3207 3214/1/3205
f 3183/1/3174 3214/1/3205 3213/1/3207
f 3217/1/3209 3215/1/3206 3214/1/3205
f 3212/1/3204 3218/1/3212 3219/1/3210
f 3220/1/3211 3219/1/3210 3218/1/3212
f 3184/1/3176 3187/1/3178 3219/1/3210
f 3180/1/3172 3213/1/3207 3219/1/3210
f 3221/1/3213 3222/1/3216 3223/1/3214
f 3224/1/3215 3223/1/3214 3222/1/3216
f 3191/1/3183 3188/1/3180 3223/1/3214
f 3220/1/3211 3223/1/3214 3188/1/3180
f 3225/1/3217 3226/1/3219 3227/1/3218
f 3226/1/3219 3228/1/3225 3229/1/3220
f 3192/1/3186 3227/1/3218 3229/1/3220
f 3224/1/3215 3227/1/3218 3192/1/3186
f 3230/1/3221 3231/1/3224 3232/1/3222
f 3199/1/3190 3232/1/3222 3231/1/3224
f 3195/1/3187 3229/1/3220 3232/1/3222
f 3233/1/3223 3232/1/3222 3229/1/3220
f 3212/1/3204 3234/1/3228 3235/1/3226
f 3236/1/3227 3235/1/3226 3234/1/3228
f 3238/1/3230 3239/1/3231 3235/1/3226
f 3239/1/3231 3221/1/3213 3218/1/3212
f 3238/1/3230 3240/1/3234 3241/1/3232
f 3242/1/3233 3243/1/3235 3241/1/3232
f 3225/1/3217 3222/1/3216 3241/1/3232
f 3239/1/3231 3241/1/3232 3222/1/3216
f 3244/1/3236 3245/1/3239 3246/1/3237
f 3200/1/3192 3246/1/3237 3245/1/3239
f 3196/1/3188 3231/1/3224 3246/1/3237
f 3247/1/3238 3246/1/3237 3231/1/3224
f 3242/1/3233 3248/1/3242 3249/1/3240
f 3250/1/3241 3251/1/3243 3249/1/3240
f 3228/1/3225 3226/1/3219 3249/1/3240
f 3243/1/3235 3249/1/3240 3226/1/3219
f 3237/1/3229 3252/1/3245 3253/1/3244
f 3248/1/3242 3253/1/3244 3252/1/3245
f 3242/1/3233 3240/1/3234 3253/1/3244
f 3236/1/3227 3253/1/3244 3240/1/3234
f 3254/1/3246 3255/1/3250 3256/1/3247
f 3258/1/3249 3256/1/3247 3255/1/3250
f 3250/1/3241 3252/1/3245 3256/1/3247
f 3257/1/3248 3256/1/3247 3252/1/3245
f 3228/1/3225 3251/1/3243 3260/1/3252
f 3258/1/3249 3260/1/3252 3251/1/3243
f 3259/1/3251 3261/1/3253 3260/1/3252
f 3233/1/3223 3260/1/3252 3261/1/3253
f 3262/1/3254 3263/1/3257 3264/1/3255
f 3265/1/3256 3264/1/3255 3211/1/3203
f 3266/1/3258 3267/1/3259 3215/1/3206
f 3257/1/3248 3267/1/3259 3266/1/3258
f 3237/1/3229 3234/1/3228 3267/1/3259
f 3215/1/3206 3267/1/3259 3234/1/3228
f 3269/1/3261 3270/1/3265 3271/1/3262
f 3273/1/3264 3271/1/3262 3270/1/3265
f 3262/1/3254 3268/1/3260 3271/1/3262
f 3272/1/3263 3271/1/3262 3268/1/3260
f 3217/1/3209 3263/1/3257 3274/1/3266
f 3273/1/3264 3274/1/3266 3263/1/3257
f 3259/1/3251 3255/1/3250 3275/1/3267
f 3270/1/3265 3275/1/3267 3255/1/3250
f 3276/1/3268 3275/1/3267 3270/1/3265
f 3230/1/3221 3261/1/3253 3277/1/3269
f 3276/1/3268 3277/1/3269 3261/1/3253
f 3269/1/3261 3272/1/3263 3277/1/3269
f 3247/1/3238 3277/1/3269 3272/1/3263
f 3278/1/3270 3279/1/3273 3280/1/3271
f 2538/1/2528 3279/1/3273 3278/1/3270
f 3282/1/3274 3280/1/3271 3279/1/3273
f 9/1/9 3278/1/3270 3284/1/3276
f 3281/1/3272 3285/1/3277 3284/1/3276
f 3288/1/3280 3289/1/3284 3290/1/3281
f 3292/1/3283 3290/1/3281 3289/1/3284
f 3286/1/3278 3285/1/3277 3290/1/3281
f 3291/1/3282 3290/1/3281 3285/1/3277
f 3294/1/3286 3295/1/3288 3289/1/3284
f 3296/1/3287 3297/1/3289 3295/1/3288
f 3293/1/3285 3289/1/3284 3295/1/3288
f 3299/1/3291 3300/1/3294 3301/1/3292
f 1/1/1 3287/1/3279 3300/1/3294
f 3301/1/3292 3300/1/3294 3287/1/3279
f 3302/1/3293 3301/1/3292 3303/1/3295
f 3304/1/3296 3303/1/3295 3305/1/3297
f 3308/1/3300 3307/1/3299 71/1/69
f 3306/1/3298 3305/1/3297 3307/1/3299
f 32/1/32 35/1/36 3309/1/3301
f 3299/1/3291 3309/1/3301 35/1/36
f 3302/1/3293 3311/1/3303 3309/1/3301
f 3310/1/3302 3309/1/3301 3311/1/3303
f 3312/1/3304 3311/1/3303 3313/1/3305
f 3304/1/3296 3313/1/3305 3311/1/3303
f 3306/1/3298 3315/1/3307 3313/1/3305
f 3314/1/3306 3313/1/3305 3315/1/3307
f 3308/1/3300 3317/1/3309 3315/1/3307
f 46/1/46 44/1/45 3317/1/3309
f 3318/1/3310 3317/1/3309 44/1/45
f 3316/1/3308 3315/1/3307 3317/1/3309
f 34/1/34 33/1/33 3319/1/3311
f 3310/1/3302 3319/1/3311 33/1/33
f 3312/1/3304 3321/1/3313 3319/1/3311
f 3320/1/3312 3319/1/3311 3321/1/3313
f 3322/1/3314 3321/1/3313 3323/1/3315
f 3314/1/3306 3323/1/3315 3321/1/3313
f 3316/1/3308 3325/1/3317 3323/1/3315
f 3324/1/3316 3323/1/3315 3325/1/3317
f 3318/1/3310 3327/1/3319 3325/1/3317
f 43/1/43 60/1/59 3327/1/3319
f 3328/1/3320 3327/1/3319 60/1/59
f 3326/1/3318 3325/1/3317 3327/1/3319
f 3329/1/3321 3330/1/3324 3331/1/3322
f 53/1/53 51/1/50 3330/1/3324
f 3333/1/3325 3330/1/3324 51/1/50
f 3334/1/3326 3331/1/3322 3330/1/3324
f 3335/1/3327 3336/1/3331 3337/1/3328
f 3339/1/3330 3340/1/3332 3337/1/3328
f 1802/1/1792 3337/1/3328 3340/1/3332
f 1801/1/3333 3338/1/3329 3337/1/3328
f 3332/1/3323 3331/1/3322 3341/1/3334
f 3343/1/3336 3341/1/3334 3331/1/3322
f 3339/1/3330 3336/1/3331 3341/1/3334
f 3342/1/3335 3341/1/3334 3336/1/3331
f 3338/1/3329 3344/1/3339 3345/1/3337
f 2648/1/2638 3344/1/3339 3338/1/3329
f 2648/1/2638 2637/1/2636 3346/1/3338
f 3347/1/3340 3345/1/3337 3344/1/3339
f 3348/1/3341 3349/1/3344 3350/1/3342
f 2272/1/2262 3350/1/3342 3349/1/3344
f 1805/1/1795 3340/1/3332 3350/1/3342
f 3351/1/3343 3350/1/3342 3340/1/3332
f 3352/1/3345 3353/1/3348 3354/1/3346
f 1814/1/1803 2270/1/2259 3354/1/3346
f 2271/1/2261 3349/1/3344 3354/1/3346
f 3355/1/3347 3354/1/3346 3349/1/3344
f 3351/1/3343 3356/1/3350 3357/1/3349
f 3339/1/3330 3343/1/3336 3356/1/3350
f 3334/1/3326 3358/1/3352 3356/1/3350
f 3359/1/3351 3357/1/3349 3356/1/3350
f 3333/1/3325 3360/1/3353 3358/1/3352
f 52/1/52 2461/1/2450 3360/1/3353
f 2463/1/2452 3361/1/3354 3360/1/3353
f 3358/1/3352 3360/1/3353 3361/1/3354
f 3362/1/3355 3363/1/3358 3364/1/3356
f 1809/1/1798 1808/1/1797 3363/1/3358
f 3353/1/3348 3363/1/3358 1808/1/1797
f 3352/1/3345 3364/1/3356 3363/1/3358
f 3355/1/3347 3366/1/3360 3367/1/3359
f 3348/1/3341 3357/1/3349 3366/1/3360
f 3368/1/3361 3366/1/3360 3357/1/3349
f 3369/1/3362 3367/1/3359 3366/1/3360
f 3359/1/3351 3361/1/3354 3370/1/3363
f 2469/1/2458 3370/1/3363 3361/1/3354
f 2468/1/2457 3371/1/3364 3370/1/3363
f 3368/1/3361 3370/1/3363 3371/1/3364
f 3365/1/3357 3364/1/3356 3372/1/3365
f 3367/1/3359 3372/1/3365 3364/1/3356
f 3374/1/3367 3372/1/3365 3367/1/3359
f 3373/1/3366 3372/1/3365 3374/1/3367
f 3369/1/3362 3371/1/3364 3376/1/3369
f 2502/1/2491 3376/1/3369 3371/1/3364
f 3377/1/3370 3376/1/3369 2502/1/2491
f 3375/1/3368 3374/1/3367 3376/1/3369
f 3362/1/3355 3378/1/3371 1823/1/1813
f 3365/1/3357 3380/1/3373 3378/1/3371
f 3379/1/3372 3378/1/3371 3380/1/3373
f 3381/1/3374 3380/1/3373 3382/1/3375
f 3373/1/3366 3382/1/3375 3380/1/3373
f 3375/1/3368 3384/1/3377 3382/1/3375
f 3377/1/3370 3386/1/3379 3384/1/3377
f 2504/1/2493 2510/1/2499 3386/1/3379
f 3387/1/3380 3386/1/3379 2510/1/2499
f 3388/1/3381 3389/1/3384 3390/1/3382
f 1797/1/1788 2078/1/2070 3389/1/3384
f 3392/1/3385 3389/1/3384 2078/1/2070
f 3393/1/3386 3390/1/3382 3389/1/3384
f 2077/1/2067 2266/1/2256 3394/1/3387
f 3379/1/3372 3394/1/3387 2266/1/2256
f 3381/1/3374 3395/1/3388 3394/1/3387
f 3392/1/3385 3394/1/3387 3395/1/3388
f 3393/1/3386 3395/1/3388 3396/1/3389
f 3383/1/3376 3396/1/3389 3395/1/3388
f 3385/1/3378 3398/1/3391 3396/1/3389
f 3397/1/3390 3396/1/3389 3398/1/3391
f 3387/1/3380 3400/1/3393 3398/1/3391
f 2509/1/2498 2513/1/2502 3400/1/3393
f 3401/1/3394 3400/1/3393 2513/1/2502
f 3399/1/3392 3398/1/3391 3400/1/3393
f 3402/1/3395 3403/1/3398 3404/1/3396
f 3403/1/3398 1799/1/1790 1798/1/1789
f 3388/1/3381 3404/1/3396 1798/1/1789
f 3391/1/3383 3405/1/3397 3404/1/3396
f 3391/1/3383 3390/1/3382 3406/1/3399
f 3397/1/3390 3406/1/3399 3390/1/3382
f 3399/1/3392 3408/1/3401 3406/1/3399
f 3407/1/3400 3406/1/3399 3408/1/3401
f 3401/1/3394 3410/1/3403 3408/1/3401
f 2478/1/2467 2477/1/2466 3410/1/3403
f 3411/1/3404 3410/1/3403 2477/1/2466
f 3409/1/3402 3408/1/3401 3410/1/3403
f 3405/1/3397 3412/1/3406 3413/1/3405
f 3407/1/3400 3412/1/3406 3405/1/3397
f 3409/1/3402 3414/1/3408 3412/1/3406
f 3415/1/3407 3413/1/3405 3412/1/3406
f 3411/1/3404 3416/1/3409 3414/1/3408
f 2476/1/2465 2482/1/2471 3416/1/3409
f 2484/1/2473 3417/1/3410 3416/1/3409
f 3414/1/3408 3416/1/3409 3417/1/3410
f 2671/1/2659 3418/1/3412 3419/1/3411
f 1799/1/1790 3403/1/3398 3418/1/3412
f 3420/1/3413 3418/1/3412 3403/1/3398
f 3421/1/3414 3419/1/3411 3418/1/3412
f 3420/1/3413 3422/1/3416 3423/1/3415
f 3402/1/3395 3413/1/3405 3422/1/3416
f 3424/1/3417 3422/1/3416 3413/1/3405
f 3425/1/3418 3423/1/3415 3422/1/3416
f 3426/1/3419 3427/1/3422 3428/1/3420
f 2677/1/2665 3428/1/3420 3427/1/3422
f 2668/1/2657 3419/1/3411 3428/1/3420
f 3429/1/3421 3428/1/3420 3419/1/3411
f 3415/1/3407 3417/1/3410 3430/1/3423
f 2489/1/2477 3430/1/3423 3417/1/3410
f 2490/1/2478 3431/1/3424 3430/1/3423
f 3424/1/3417 3430/1/3423 3431/1/3424
f 82/1/81 78/1/80 3432/1/3425
f 3434/1/3427 3432/1/3425 78/1/80
f 3434/1/3427 3435/1/3450 3436/1/3428
f 3433/1/3426 3432/1/3425 3436/1/3428
f 3441/1/3433 3442/1/3435 2519/1/2508
f 3443/1/3434 3438/1/3430 3442/1/3435
f 3441/1/3433 3444/1/3437 3445/1/3436
f 2518/1/2507 3446/1/3439 3444/1/3437
f 3447/1/3438 3444/1/3437 3446/1/3439
f 3449/1/3441 3445/1/3436 3444/1/3437
f 3448/1/3440 3456/1/3449 3457/1/3448
f 3436/1/3428 3457/1/3448 3456/1/3449
f 3435/1/3450 3458/1/3451 3457/1/3448
f 3447/1/3438 3457/1/3448 3458/1/3451
f 103/1/102 102/1/101 3459/1/3452
f 3433/1/3426 3459/1/3452 102/1/101
f 3437/1/3429 3461/1/3454 3459/1/3452
f 3460/1/3453 3459/1/3452 3461/1/3454
f 3437/1/3429 3456/1/3449 3464/1/3457
f 3465/1/3458 3464/1/3457 3456/1/3449
f 3466/1/3459 3463/1/3456 3464/1/3457
f 3448/1/3440 3446/1/3439 3467/1/3460
f 2525/1/2515 3467/1/3460 3446/1/3439
f 2524/1/2513 3468/1/3461 3467/1/3460
f 3465/1/3458 3467/1/3460 3468/1/3461
f 717/1/716 716/1/715 3469/1/3462
f 3460/1/3453 3469/1/3462 716/1/715
f 3462/1/3455 3471/1/3465 3469/1/3462
f 3472/1/3464 3470/1/3463 3469/1/3462
f 3471/1/3465 3473/1/3467 3474/1/3466
f 3475/1/3468 3473/1/3467 3463/1/3456
f 3476/1/3469 3474/1/3466 3473/1/3467
f 3477/1/3470 3478/1/3473 3479/1/3471
f 3478/1/3473 723/1/2524 722/1/721
f 3480/1/3472 3479/1/3471 3470/1/3463
f 3466/1/3459 3468/1/3461 3481/1/3474
f 2528/1/2517 3481/1/3474 3468/1/3461
f 2532/1/2521 3482/1/3475 3481/1/3474
f 3475/1/3468 3481/1/3474 3482/1/3475
f 3294/1/3286 3483/1/3476 3486/1/3479
f 3288/1/3280 3487/1/3480 3483/1/3476
f 3484/1/3477 3483/1/3476 3487/1/3480
f 3291/1/3282 3493/1/3486 3487/1/3480
f 3281/1/3272 3280/1/3271 3493/1/3486
f 3494/1/3487 3493/1/3486 3280/1/3271
f 3488/1/3481 3487/1/3480 3493/1/3486
f 3499/1/3492 3500/1/3495 3501/1/3493
f 3476/1/3469 3482/1/3475 3501/1/3493
f 3489/1/3482 3501/1/3493 3482/1/3475
f 3503/1/3496 3504/1/3499 3505/1/3497
f 3504/1/3499 2535/1/2525 2534/1/2523
f 723/1/2524 3478/1/3473 3505/1/3497
f 3506/1/3498 3505/1/3497 3478/1/3473
f 3499/1/3492 3507/1/3501 3508/1/3500
f 3480/1/3472 3508/1/3500 3507/1/3501
f 3472/1/3464 3474/1/3466 3508/1/3500
f 3500/1/3495 3508/1/3500 3474/1/3466
f 3506/1/3498 3509/1/3503 3510/1/3502
f 3477/1/3470 3507/1/3501 3509/1/3503
f 3511/1/3504 3509/1/3503 3507/1/3501
f 3510/1/3502 3509/1/3503 3511/1/3504
f 3502/1/3494 3513/1/3507 3511/1/3504
f 3514/1/3506 3513/1/3507 3496/1/3489
f 3512/1/3505 3511/1/3504 3513/1/3507
f 3515/1/3508 3516/1/3511 3517/1/3509
f 3484/1/3477 3517/1/3509 3516/1/3511
f 3488/1/3481 3519/1/3512 3517/1/3509
f 3518/1/3510 3517/1/3509 3519/1/3512
f 3521/1/3514 3522/1/3517 3523/1/3515
f 3510/1/3502 3523/1/3515 3522/1/3517
f 3512/1/3505 3525/1/3518 3523/1/3515
f 3524/1/3516 3523/1/3515 3525/1/3518
f 3512/1/3505 3514/1/3506 3527/1/3520
f 3528/1/3521 3527/1/3520 3514/1/3506
f 3529/1/3522 3530/1/3523 3527/1/3520
f 3525/1/3518 3527/1/3520 3530/1/3523
f 3504/1/3499 3531/1/3524 3283/1/3275
f 3503/1/3496 3522/1/3517 3531/1/3524
f 3532/1/3525 3531/1/3524 3522/1/3517
f 3520/1/3513 3519/1/3512 3533/1/3526
f 3494/1/3487 3533/1/3526 3519/1/3512
f 3282/1/3274 3532/1/3525 3533/1/3526
f 3526/1/3519 3535/1/3529 3536/1/3528
f 3534/1/3527 3536/1/3528 3535/1/3529
f 3524/1/3516 3536/1/3528 3534/1/3527
f 3530/1/3523 3537/1/3530 3535/1/3529
f 3529/1/3522 3538/1/3531 3537/1/3530
f 3518/1/3510 3537/1/3530 3538/1/3531
f 3520/1/3513 3535/1/3529 3537/1/3530
f 2650/1/2640 3539/1/3533 3540/1/3532
f 3320/1/3312 3539/1/3533 2650/1/2640
f 3322/1/3314 3541/1/3534 3539/1/3533
f 3541/1/3534 3542/1/3535 3540/1/3532
f 3542/1/3535 3541/1/3534 3543/1/3536
f 3324/1/3316 3543/1/3536 3541/1/3534
f 3326/1/3318 3545/1/3538 3543/1/3536
f 3544/1/3537 3543/1/3536 3545/1/3538
f 3540/1/3532 3542/1/3535 3547/1/3540
f 3346/1/3338 3548/1/3541 3547/1/3540
f 2633/1/2622 3548/1/3541 3346/1/3338
f 2636/1/2624 3540/1/3532 3548/1/3541
f 55/1/55 54/1/54 3549/1/3542
f 3551/1/3544 3549/1/3542 54/1/54
f 3552/1/3545 3550/1/3543 3549/1/3542
f 3553/1/3546 3554/1/3547 3550/1/3543
f 2661/1/2649 2656/1/2645 3554/1/3547
f 2666/1/2653 3554/1/3547 2656/1/2645
f 3550/1/3543 3554/1/3547 2666/1/2653
f 3328/1/3320 3555/1/3548 3545/1/3538
f 61/1/61 2660/1/2648 3555/1/3548
f 3556/1/3549 3555/1/3548 2660/1/2648
f 3546/1/3539 3545/1/3538 3555/1/3548
f 3552/1/3545 3551/1/3544 3557/1/3550
f 3329/1/3321 3557/1/3550 3551/1/3544
f 3332/1/3323 3559/1/3552 3557/1/3550
f 3558/1/3551 3557/1/3550 3559/1/3552
f 3560/1/3553 3561/1/3555 3562/1/3554
f 3556/1/3549 3562/1/3554 3561/1/3555
f 2661/1/2649 3553/1/3546 3562/1/3554
f 3558/1/3551 3562/1/3554 3553/1/3546
f 3435/1/3450 3434/1/3427 3563/1/3556
f 2627/1/2615 3563/1/3556 3434/1/3427
f 2628/1/2617 3565/1/3558 3563/1/3556
f 3564/1/3557 3563/1/3556 3565/1/3558
f 3342/1/3335 3567/1/3560 3559/1/3552
f 3335/1/3327 3345/1/3337 3567/1/3560
f 3568/1/3561 3567/1/3560 3345/1/3337
f 3560/1/3553 3559/1/3552 3567/1/3560
f 3568/1/3561 3569/1/3562 3561/1/3555
f 3347/1/3340 3547/1/3540 3569/1/3562
f 3544/1/3537 3569/1/3562 3547/1/3540
f 3546/1/3539 3561/1/3555 3569/1/3562
f 2682/1/2671 3570/1/3563 3565/1/3558
f 2674/1/2663 3427/1/3422 3570/1/3563
f 3571/1/3564 3570/1/3563 3427/1/3422
f 3566/1/3559 3565/1/3558 3570/1/3563
f 3572/1/3565 3573/1/3568 3574/1/3566
f 3449/1/3441 3458/1/3451 3573/1/3568
f 3564/1/3557 3573/1/3568 3458/1/3451
f 3566/1/3559 3574/1/3566 3573/1/3568
f 3454/1/3446 3453/1/3445 3579/1/3572
f 3580/1/3573 3579/1/3572 3453/1/3445
f 3575/1/3567 3585/1/3579 3586/1/3578
f 3451/1/3443 3586/1/3578 3585/1/3579
f 3443/1/3434 3445/1/3436 3586/1/3578
f 3572/1/3565 3586/1/3578 3445/1/3436
f 3452/1/3444 3585/1/3579 3588/1/3581
f 3589/1/3582 3588/1/3581 3585/1/3579
f 3590/1/3583 3587/1/3580 3588/1/3581
f 3591/1/3584 3592/1/3585 3587/1/3580
f 3425/1/3418 3431/1/3424 3592/1/3585
f 3582/1/3575 3592/1/3585 3431/1/3424
f 3575/1/3567 3574/1/3566 3593/1/3586
f 3571/1/3564 3593/1/3586 3574/1/3566
f 3426/1/3419 3594/1/3587 3593/1/3586
f 3589/1/3582 3593/1/3586 3594/1/3587
f 3590/1/3583 3594/1/3587 3595/1/3588
f 3429/1/3421 3595/1/3588 3594/1/3587
f 3421/1/3414 3423/1/3415 3595/1/3588
f 3591/1/3584 3595/1/3588 3423/1/3415
