# Blender 4.2.1 LTS
# www.blender.org
mtllib arco.mtl
o Cono.002
v -1.242092 0.425677 -0.365026
v -1.242049 0.376896 -0.360703
v -1.242007 0.329989 -0.347899
v -1.241968 0.286759 -0.327107
v -1.241934 0.248868 -0.299125
v -1.241907 0.217772 -0.265029
v -1.241886 0.194665 -0.226130
v -1.241873 0.180436 -0.183921
v -1.241869 0.175631 -0.140026
v -1.241873 0.180436 -0.096131
v -1.241886 0.194665 -0.053922
v -1.241907 0.217772 -0.015023
v -1.241934 0.248868 0.019073
v -1.241968 0.286759 0.047055
v -1.242007 0.329989 0.067847
v -1.242049 0.376896 0.080651
v -1.242092 0.425677 0.084974
v -1.242136 0.474459 0.080651
v -1.242178 0.521366 0.067847
v -1.242216 0.564595 0.047055
v -1.242250 0.602486 0.019073
v -1.242278 0.633583 -0.015023
v -1.242299 0.656690 -0.053922
v -1.242311 0.670919 -0.096131
v -1.242316 0.675723 -0.140026
v -1.242311 0.670919 -0.183921
v -1.242299 0.656690 -0.226130
v -1.242278 0.633583 -0.265029
v -1.242250 0.602486 -0.299125
v -1.242216 0.564595 -0.327107
v -1.242178 0.521366 -0.347899
v -1.242136 0.474459 -0.360703
v -1.032051 0.425865 -0.140026
vn 0.7297 -0.0597 -0.6811
vn 0.7323 -0.1787 -0.6572
vn 0.7369 -0.2925 -0.6094
vn 0.7431 -0.3971 -0.5386
vn 0.7500 -0.4884 -0.4461
vn 0.7565 -0.5621 -0.3343
vn 0.7616 -0.6140 -0.2072
vn 0.7644 -0.6409 -0.0702
vn 0.7644 -0.6409 0.0702
vn 0.7616 -0.6140 0.2072
vn 0.7565 -0.5621 0.3343
vn 0.7500 -0.4884 0.4461
vn 0.7431 -0.3971 0.5386
vn 0.7369 -0.2925 0.6094
vn 0.7323 -0.1787 0.6572
vn 0.7297 -0.0597 0.6811
vn 0.7296 0.0610 0.6811
vn 0.7319 0.1800 0.6572
vn 0.7364 0.2938 0.6094
vn 0.7424 0.3984 0.5386
vn 0.7491 0.4897 0.4461
vn 0.7555 0.5634 0.3343
vn 0.7605 0.6154 0.2072
vn 0.7632 0.6423 0.0702
vn 0.7632 0.6423 -0.0702
vn 0.7605 0.6154 -0.2072
vn 0.7555 0.5634 -0.3343
vn 0.7491 0.4897 -0.4461
vn 0.7424 0.3984 -0.5386
vn 0.7364 0.2938 -0.6094
vn -1.0000 -0.0009 -0.0000
vn 0.7319 0.1800 -0.6572
vn 0.7296 0.0610 -0.6811
vt 0.250000 0.490000
vt 0.250000 0.250000
vt 0.296822 0.485388
vt 0.341844 0.471731
vt 0.383337 0.449553
vt 0.419706 0.419706
vt 0.449553 0.383337
vt 0.471731 0.341844
vt 0.485388 0.296822
vt 0.490000 0.250000
vt 0.485388 0.203178
vt 0.471731 0.158156
vt 0.449553 0.116663
vt 0.419706 0.080294
vt 0.383337 0.050447
vt 0.341844 0.028269
vt 0.296822 0.014612
vt 0.250000 0.010000
vt 0.203178 0.014612
vt 0.158156 0.028269
vt 0.116663 0.050447
vt 0.080294 0.080294
vt 0.050447 0.116663
vt 0.028269 0.158156
vt 0.014612 0.203178
vt 0.010000 0.250000
vt 0.014612 0.296822
vt 0.028269 0.341844
vt 0.050447 0.383337
vt 0.080294 0.419706
vt 0.116663 0.449553
vt 0.158156 0.471731
vt 0.796822 0.014612
vt 0.514612 0.203178
vt 0.703178 0.485388
vt 0.203178 0.485388
vt 0.750000 0.490000
vt 0.796822 0.485388
vt 0.841844 0.471731
vt 0.883337 0.449553
vt 0.919706 0.419706
vt 0.949553 0.383337
vt 0.971731 0.341844
vt 0.985388 0.296822
vt 0.990000 0.250000
vt 0.985388 0.203178
vt 0.971731 0.158156
vt 0.949553 0.116663
vt 0.919706 0.080294
vt 0.883337 0.050447
vt 0.841844 0.028269
vt 0.750000 0.010000
vt 0.703178 0.014612
vt 0.658156 0.028269
vt 0.616663 0.050447
vt 0.580294 0.080294
vt 0.550447 0.116663
vt 0.528269 0.158156
vt 0.510000 0.250000
vt 0.514612 0.296822
vt 0.528269 0.341844
vt 0.550447 0.383337
vt 0.580294 0.419706
vt 0.616663 0.449553
vt 0.658156 0.471731
s 0
usemtl Material.002
f 1/1/1 33/2/1 2/3/1
f 2/3/2 33/2/2 3/4/2
f 3/4/3 33/2/3 4/5/3
f 4/5/4 33/2/4 5/6/4
f 5/6/5 33/2/5 6/7/5
f 6/7/6 33/2/6 7/8/6
f 7/8/7 33/2/7 8/9/7
f 8/9/8 33/2/8 9/10/8
f 9/10/9 33/2/9 10/11/9
f 10/11/10 33/2/10 11/12/10
f 11/12/11 33/2/11 12/13/11
f 12/13/12 33/2/12 13/14/12
f 13/14/13 33/2/13 14/15/13
f 14/15/14 33/2/14 15/16/14
f 15/16/15 33/2/15 16/17/15
f 16/17/16 33/2/16 17/18/16
f 17/18/17 33/2/17 18/19/17
f 18/19/18 33/2/18 19/20/18
f 19/20/19 33/2/19 20/21/19
f 20/21/20 33/2/20 21/22/20
f 21/22/21 33/2/21 22/23/21
f 22/23/22 33/2/22 23/24/22
f 23/24/23 33/2/23 24/25/23
f 24/25/24 33/2/24 25/26/24
f 25/26/25 33/2/25 26/27/25
f 26/27/26 33/2/26 27/28/26
f 27/28/27 33/2/27 28/29/27
f 28/29/28 33/2/28 29/30/28
f 29/30/29 33/2/29 30/31/29
f 30/31/30 33/2/30 31/32/30
f 16/33/31 24/34/31 32/35/31
f 31/32/32 33/2/32 32/36/32
f 32/36/33 33/2/33 1/1/33
f 32/35/31 1/37/31 2/38/31
f 2/38/31 3/39/31 4/40/31
f 4/40/31 5/41/31 6/42/31
f 6/42/31 7/43/31 8/44/31
f 8/44/31 9/45/31 10/46/31
f 10/46/31 11/47/31 12/48/31
f 12/48/31 13/49/31 14/50/31
f 14/50/31 15/51/31 16/33/31
f 16/33/31 17/52/31 18/53/31
f 18/53/31 19/54/31 20/55/31
f 20/55/31 21/56/31 22/57/31
f 22/57/31 23/58/31 24/34/31
f 24/34/31 25/59/31 26/60/31
f 26/60/31 27/61/31 28/62/31
f 28/62/31 29/63/31 30/64/31
f 30/64/31 31/65/31 32/35/31
f 32/35/31 2/38/31 8/44/31
f 2/38/31 4/40/31 8/44/31
f 4/40/31 6/42/31 8/44/31
f 8/44/31 10/46/31 16/33/31
f 10/46/31 12/48/31 16/33/31
f 12/48/31 14/50/31 16/33/31
f 16/33/31 18/53/31 24/34/31
f 18/53/31 20/55/31 24/34/31
f 20/55/31 22/57/31 24/34/31
f 24/34/31 26/60/31 32/35/31
f 26/60/31 28/62/31 32/35/31
f 28/62/31 30/64/31 32/35/31
f 32/35/31 8/44/31 16/33/31
o Mesh_0090.002
v -1.844612 -1.464324 0.054975
v -1.724622 -1.464956 0.262826
v -1.764611 -1.357654 0.055304
v -1.684620 -1.358078 0.193871
v -1.484622 -1.464956 0.262836
v -1.524621 -1.358078 0.193881
v -1.364622 -1.464325 0.054995
v -1.444622 -1.357654 0.055314
v -1.764611 -0.570990 0.057707
v -1.684620 -0.571414 0.196274
v -1.788192 -0.474331 0.058006
v -1.696411 -0.474818 0.218367
v -1.524621 -0.571414 0.196284
v -1.512830 -0.474818 0.218367
v -1.444622 -0.570990 0.057717
v -1.421031 -0.474331 0.058015
v -1.764611 -1.357654 0.055304
v -1.684620 -1.358078 0.193871
v -1.764611 -0.570990 0.057707
v -1.684620 -0.571414 0.196274
v -1.524621 -1.358078 0.193881
v -1.524621 -0.571414 0.196284
v -1.444622 -1.357654 0.055314
v -1.444622 -0.570990 0.057717
vn -0.7263 0.5434 0.4209
vn -0.4615 0.8454 0.2690
vn -0.8442 0.2220 0.4880
vn 0.0001 0.8445 0.5356
vn -0.2701 0.7617 0.5890
vn -0.2642 0.1230 0.9566
vn -0.0001 0.5421 0.8403
vn 0.3603 0.6769 0.6419
vn 0.4000 0.5979 0.6947
vn 0.7263 0.5434 0.4210
vn -0.8473 -0.2082 0.4885
vn -0.4878 -0.2496 0.8365
vn -0.8487 -0.2127 0.4843
vn -0.4842 -0.2508 0.8383
vn 0.4864 -0.2507 0.8370
vn 0.4834 -0.2496 0.8391
vn 0.8481 -0.2106 0.4862
vn 0.8490 -0.2087 0.4854
vn -0.8661 -0.0015 0.4999
vn -0.7500 0.4987 0.4345
vn -0.8614 -0.1048 0.4969
vn -0.0000 0.4973 0.8676
vn -0.0997 0.4874 0.8675
vn -0.7935 -0.1632 0.5863
vn -0.0001 -0.0031 1.0000
vn 0.6904 0.4481 0.5679
vn 0.5000 -0.0026 0.8660
vn 0.8660 -0.0015 0.5000
vt 0.670365 0.000151
vt 0.834279 0.234987
vt 0.573226 0.126162
vt 0.682504 0.282716
vt 0.834279 0.521372
vt 0.682506 0.473639
vt 0.670366 0.756205
vt 0.573222 0.630196
vt 0.834580 0.603832
vt 0.881608 0.418793
vt 0.945371 0.646501
vt 0.999849 0.432859
vt 0.881603 0.227870
vt 0.999841 0.213797
vt 0.834580 0.042825
vt 0.945371 0.000150
vt 0.000151 0.000151
vt 0.191072 0.000150
vt 0.000150 0.938858
vt 0.191072 0.938857
vt 0.381995 0.000151
vt 0.381995 0.938857
vt 0.572922 0.000152
vt 0.572921 0.938858
s 1
usemtl Tex_0028_0_png
f 34/66/34 35/67/35 36/68/34
f 36/68/34 35/67/35 37/69/36
f 35/67/37 38/70/38 37/69/39
f 37/69/40 38/70/41 39/71/42
f 38/70/41 40/72/43 39/71/42
f 39/71/42 40/72/43 41/73/43
f 42/74/44 43/75/45 44/76/46
f 44/76/46 43/75/45 45/77/47
f 43/75/45 46/78/48 45/77/47
f 45/77/47 46/78/48 47/79/49
f 46/78/48 48/80/50 47/79/49
f 47/79/49 48/80/50 49/81/51
usemtl Tex_0030_0_png
f 50/82/52 51/83/53 52/84/52
f 52/84/52 51/83/53 53/85/54
f 51/83/55 54/86/56 53/85/57
f 53/85/58 54/86/59 55/87/60
f 54/86/59 56/88/61 55/87/60
f 55/87/60 56/88/61 57/89/61
o Cono.001
v 1.239814 0.427372 -0.371563
v 1.239036 0.476142 -0.367240
v 1.238289 0.523039 -0.354436
v 1.237600 0.566259 -0.333644
v 1.236996 0.604142 -0.305662
v 1.236500 0.635231 -0.271567
v 1.236132 0.658333 -0.232667
v 1.235905 0.672559 -0.190459
v 1.235829 0.677362 -0.146563
v 1.235905 0.672559 -0.102668
v 1.236132 0.658333 -0.060460
v 1.236500 0.635231 -0.021560
v 1.236996 0.604142 0.012536
v 1.237600 0.566259 0.040517
v 1.238289 0.523039 0.061310
v 1.239036 0.476142 0.074113
v 1.239814 0.427372 0.078437
v 1.240591 0.378601 0.074113
v 1.241339 0.331704 0.061310
v 1.242028 0.288484 0.040517
v 1.242632 0.250602 0.012536
v 1.243128 0.219512 -0.021560
v 1.243496 0.196410 -0.060460
v 1.243723 0.182184 -0.102668
v 1.243799 0.177381 -0.146563
v 1.243723 0.182184 -0.190459
v 1.243496 0.196410 -0.232667
v 1.243128 0.219512 -0.271567
v 1.242632 0.250602 -0.305662
v 1.242028 0.288484 -0.333644
v 1.241339 0.331704 -0.354436
v 1.240591 0.378601 -0.367240
v 1.029720 0.424022 -0.146563
vn -0.7304 0.0487 -0.6813
vn -0.7347 0.1677 -0.6573
vn -0.7411 0.2814 -0.6095
vn -0.7489 0.3860 -0.5387
vn -0.7571 0.4772 -0.4461
vn -0.7647 0.5508 -0.3344
vn -0.7706 0.6027 -0.2073
vn -0.7738 0.6295 -0.0702
vn -0.7738 0.6295 0.0702
vn -0.7706 0.6027 0.2073
vn -0.7647 0.5508 0.3344
vn -0.7571 0.4772 0.4461
vn -0.7489 0.3860 0.5387
vn -0.7411 0.2814 0.6095
vn -0.7347 0.1677 0.6573
vn -0.7304 0.0487 0.6813
vn -0.7285 -0.0720 0.6813
vn -0.7290 -0.1911 0.6573
vn -0.7318 -0.3049 0.6095
vn -0.7362 -0.4096 0.5387
vn -0.7415 -0.5011 0.4461
vn -0.7468 -0.5749 0.3344
vn -0.7510 -0.6269 0.2073
vn -0.7533 -0.6539 0.0702
vn -0.7533 -0.6539 -0.0702
vn -0.7510 -0.6269 -0.2073
vn -0.7468 -0.5749 -0.3344
vn -0.7415 -0.5011 -0.4461
vn -0.7362 -0.4096 -0.5387
vn -0.7318 -0.3049 -0.6095
vn 0.9999 0.0159 -0.0000
vn -0.7290 -0.1911 -0.6573
vn -0.7285 -0.0720 -0.6813
vt 0.250000 0.490000
vt 0.250000 0.250000
vt 0.296822 0.485388
vt 0.341844 0.471731
vt 0.383337 0.449553
vt 0.419706 0.419706
vt 0.449553 0.383337
vt 0.471731 0.341844
vt 0.485388 0.296822
vt 0.490000 0.250000
vt 0.485388 0.203178
vt 0.471731 0.158156
vt 0.449553 0.116663
vt 0.419706 0.080294
vt 0.383337 0.050447
vt 0.341844 0.028269
vt 0.296822 0.014612
vt 0.250000 0.010000
vt 0.203178 0.014612
vt 0.158156 0.028269
vt 0.116663 0.050447
vt 0.080294 0.080294
vt 0.050447 0.116663
vt 0.028269 0.158156
vt 0.014612 0.203178
vt 0.010000 0.250000
vt 0.014612 0.296822
vt 0.028269 0.341844
vt 0.050447 0.383337
vt 0.080294 0.419706
vt 0.116663 0.449553
vt 0.158156 0.471731
vt 0.796822 0.014612
vt 0.514612 0.203178
vt 0.703178 0.485388
vt 0.203178 0.485388
vt 0.750000 0.490000
vt 0.796822 0.485388
vt 0.841844 0.471731
vt 0.883337 0.449553
vt 0.919706 0.419706
vt 0.949553 0.383337
vt 0.971731 0.341844
vt 0.985388 0.296822
vt 0.990000 0.250000
vt 0.985388 0.203178
vt 0.971731 0.158156
vt 0.949553 0.116663
vt 0.919706 0.080294
vt 0.883337 0.050447
vt 0.841844 0.028269
vt 0.750000 0.010000
vt 0.703178 0.014612
vt 0.658156 0.028269
vt 0.616663 0.050447
vt 0.580294 0.080294
vt 0.550447 0.116663
vt 0.528269 0.158156
vt 0.510000 0.250000
vt 0.514612 0.296822
vt 0.528269 0.341844
vt 0.550447 0.383337
vt 0.580294 0.419706
vt 0.616663 0.449553
vt 0.658156 0.471731
s 0
usemtl Material.003
f 58/90/62 90/91/62 59/92/62
f 59/92/63 90/91/63 60/93/63
f 60/93/64 90/91/64 61/94/64
f 61/94/65 90/91/65 62/95/65
f 62/95/66 90/91/66 63/96/66
f 63/96/67 90/91/67 64/97/67
f 64/97/68 90/91/68 65/98/68
f 65/98/69 90/91/69 66/99/69
f 66/99/70 90/91/70 67/100/70
f 67/100/71 90/91/71 68/101/71
f 68/101/72 90/91/72 69/102/72
f 69/102/73 90/91/73 70/103/73
f 70/103/74 90/91/74 71/104/74
f 71/104/75 90/91/75 72/105/75
f 72/105/76 90/91/76 73/106/76
f 73/106/77 90/91/77 74/107/77
f 74/107/78 90/91/78 75/108/78
f 75/108/79 90/91/79 76/109/79
f 76/109/80 90/91/80 77/110/80
f 77/110/81 90/91/81 78/111/81
f 78/111/82 90/91/82 79/112/82
f 79/112/83 90/91/83 80/113/83
f 80/113/84 90/91/84 81/114/84
f 81/114/85 90/91/85 82/115/85
f 82/115/86 90/91/86 83/116/86
f 83/116/87 90/91/87 84/117/87
f 84/117/88 90/91/88 85/118/88
f 85/118/89 90/91/89 86/119/89
f 86/119/90 90/91/90 87/120/90
f 87/120/91 90/91/91 88/121/91
f 73/122/92 81/123/92 89/124/92
f 88/121/93 90/91/93 89/125/93
f 89/125/94 90/91/94 58/90/94
f 89/124/92 58/126/92 59/127/92
f 59/127/92 60/128/92 61/129/92
f 61/129/92 62/130/92 63/131/92
f 63/131/92 64/132/92 65/133/92
f 65/133/92 66/134/92 67/135/92
f 67/135/92 68/136/92 69/137/92
f 69/137/92 70/138/92 71/139/92
f 71/139/92 72/140/92 73/122/92
f 73/122/92 74/141/92 75/142/92
f 75/142/92 76/143/92 77/144/92
f 77/144/92 78/145/92 79/146/92
f 79/146/92 80/147/92 81/123/92
f 81/123/92 82/148/92 83/149/92
f 83/149/92 84/150/92 85/151/92
f 85/151/92 86/152/92 87/153/92
f 87/153/92 88/154/92 89/124/92
f 89/124/92 59/127/92 65/133/92
f 59/127/92 61/129/92 65/133/92
f 61/129/92 63/131/92 65/133/92
f 65/133/92 67/135/92 73/122/92
f 67/135/92 69/137/92 73/122/92
f 69/137/92 71/139/92 73/122/92
f 73/122/92 75/142/92 81/123/92
f 75/142/92 77/144/92 81/123/92
f 77/144/92 79/146/92 81/123/92
f 81/123/92 83/149/92 89/124/92
f 83/149/92 85/151/92 89/124/92
f 85/151/92 87/153/92 89/124/92
f 89/124/92 65/133/92 73/122/92
o Mesh_0090.005
v -2.001651 -2.907523 -0.355025
v -2.001661 -2.910025 0.054975
v -2.001651 0.692479 -0.349523
v -2.001661 0.689957 0.060477
v -1.251671 -2.910027 0.054995
v -1.251671 0.689957 0.060497
v -1.251651 0.692479 -0.349503
v -1.251651 -2.907525 -0.354996
vn -1.0000 -0.0000 -0.0000
vn -0.0000 -0.0015 1.0000
vn -0.0000 0.0015 -1.0000
vn 1.0000 -0.0000 -0.0000
vt 0.375000 -0.996100
vt 1.000000 -0.996100
vt 0.375000 2.000000
vt 1.000000 2.000000
vt 0.000000 -0.996100
vt 0.000000 2.000000
s 1
usemtl Tex_0034_0_png
f 91/155/95 92/156/95 93/157/95
f 92/156/95 94/158/95 93/157/95
f 95/156/96 96/158/96 92/159/96
f 96/158/96 94/160/96 92/159/96
f 93/158/97 97/160/97 91/156/97
f 97/160/97 98/159/97 91/156/97
f 97/158/98 96/157/98 98/156/98
f 96/157/98 95/155/98 98/156/98
o skull01
v -1.582922 0.705684 0.367864
v -1.577420 0.724825 0.381120
v -1.591342 0.739278 0.362541
v -1.616354 0.680293 0.348918
v -1.621627 0.737715 0.343449
v -1.638449 0.673653 0.340617
v -1.343038 0.728340 0.328752
v -1.261202 0.800996 0.329973
v -1.315109 0.742012 0.355559
v -1.296163 0.869356 0.306096
v -1.351046 0.911153 0.315666
v -1.310616 0.889278 0.331047
v -1.731124 0.725215 0.301994
v -1.742159 0.634981 0.289397
v -1.768917 0.675606 0.316838
v -1.571987 0.844356 0.409465
v -1.594076 0.924825 0.407134
v -1.625363 0.899434 0.407066
v -1.587441 0.831075 0.408897
v -1.653829 0.885762 0.407292
v -1.602902 0.824825 0.409587
v -1.626168 0.822481 0.409776
v -1.792843 1.176387 0.085686
v -1.826632 1.269356 0.159709
v -1.740792 1.294356 0.156584
v -1.713839 1.206856 0.082951
v -1.882296 1.225606 0.163811
v -1.826632 1.269356 0.159709
v -1.792843 1.176387 0.085686
v -1.853585 1.142793 0.088615
v -1.739523 0.735762 0.280412
v -1.813156 0.779512 0.331487
v -1.841867 0.793184 0.321574
v -1.935812 1.178731 0.165959
v -1.915695 1.092012 0.103459
v -1.961593 1.077168 0.164787
v -1.707980 0.583028 0.186076
v -1.637619 0.649825 0.125725
v -1.673702 0.574043 0.185881
v -1.690011 0.559981 0.213615
v -1.616012 0.595723 0.226799
v -1.697824 0.559590 0.232463
v -1.406906 1.069356 0.280412
v -1.398898 0.914668 0.245549
v -1.409640 1.092793 0.259709
v -1.647872 1.224043 0.093694
v -1.656466 1.306075 0.151897
v -1.587393 1.282637 0.147209
v -1.479367 0.943965 0.422542
v -1.498068 0.954122 0.422469
v -1.529318 0.874825 0.430510
v -1.504806 0.864668 0.426274
v -1.495529 0.902559 0.387370
v -1.512472 0.843184 0.382073
v -1.442550 0.979512 0.406499
v -1.455929 1.000997 0.400407
v -1.473312 0.912325 0.371062
v -1.546261 0.805293 0.431194
v -1.517794 0.781856 0.429051
v -1.494552 0.774434 0.395268
v -1.560177 0.790059 0.428630
v -1.541305 0.762715 0.432988
v -1.497482 0.743575 0.427843
v -1.523703 0.732246 0.426518
v -1.464816 0.745528 0.400493
v -1.554806 0.884590 0.409447
v -1.563693 0.749825 0.430437
v -1.576651 0.781856 0.427477
v -1.597054 0.743184 0.417203
v -1.604904 0.775215 0.423689
v -1.546578 0.719356 0.427886
v -1.566220 0.709981 0.409020
v -1.664181 0.783809 0.417362
v -1.655978 0.761543 0.410588
v -1.670626 0.822481 0.409380
v -1.703390 0.771309 0.404216
v -1.710324 0.796309 0.408055
v -1.717843 0.827950 0.401445
v -1.598336 0.736934 0.392058
v -1.628756 0.758028 0.383147
v -1.658273 0.767403 0.369963
v -1.762960 0.784981 0.388689
v -1.748312 0.759981 0.388664
v -1.683566 0.754903 0.354485
v -1.781124 0.810762 0.377336
v -1.786984 0.727168 0.356096
v -1.762960 0.714668 0.359856
v -1.805929 0.754121 0.341545
v -1.704367 0.722090 0.342033
v -1.773312 0.659981 0.338518
v -1.748703 0.668575 0.346428
v -1.691769 0.697871 0.333244
v -1.732492 0.640059 0.350285
v -1.755245 0.603145 0.339006
v -1.688058 0.671309 0.333830
v -1.756906 0.585567 0.320061
v -1.676779 0.629512 0.366008
v -1.688839 0.585762 0.366448
v -1.648800 0.601973 0.378337
v -1.644503 0.641621 0.376116
v -1.580573 0.644746 0.401396
v -1.590731 0.674434 0.395879
v -1.562936 0.606270 0.383562
v -1.636154 0.576973 0.359905
v -1.682980 0.548457 0.346135
v -1.549044 0.669356 0.415610
v -1.527609 0.610762 0.406542
v -1.653341 0.727950 0.333489
v -1.659738 0.671309 0.333879
v -1.531124 0.677168 0.426183
v -1.509982 0.621700 0.420474
v -1.496945 0.685762 0.422234
v -1.477511 0.642403 0.429631
v -1.469308 1.008418 0.386540
v -1.526193 0.954512 0.404631
v -1.417550 0.979903 0.382439
v -1.413937 1.004122 0.377629
v -1.428292 1.017012 0.358977
v -1.445968 0.904122 0.352873
v -1.365109 0.963497 0.346672
v -1.365499 0.933809 0.358782
v -1.394992 0.972481 0.325969
v -1.330929 0.870528 0.347991
v -1.411105 0.877559 0.333293
v -1.374288 0.840450 0.327434
v -1.283273 0.822872 0.354485
v -1.323702 0.821700 0.358000
v -1.379562 0.803340 0.330315
v -1.327413 0.759200 0.373796
v -1.360616 0.783809 0.370012
v -1.399191 0.780684 0.347502
v -1.432492 0.750606 0.384905
v -1.400558 0.721700 0.388884
v -1.468722 0.773653 0.359807
v -1.380734 0.686153 0.372405
v -1.441867 0.708028 0.402934
v -1.369992 0.708418 0.336858
v -1.263546 0.811153 0.273283
v -1.297335 0.856075 0.264690
v -1.351827 0.733418 0.289885
v -1.400949 0.892012 0.282854
v -1.407394 1.023262 0.301799
v -1.439230 1.065450 0.339885
v -1.490792 1.046700 0.379070
v -1.468038 0.705684 0.424675
v -1.443917 0.657637 0.418879
v -1.419796 0.664278 0.399822
v -1.370577 0.627168 0.404912
v -1.343820 0.650215 0.376921
v -1.404073 0.604903 0.425560
v -1.447726 0.579707 0.424291
v -1.478976 0.557832 0.416164
v -1.517404 0.539864 0.399260
v -1.553292 0.537129 0.373454
v -1.437570 0.807247 0.322649
v -1.469991 0.824434 0.330901
v -1.490988 0.833809 0.348186
v -1.703195 0.887325 0.406731
v -1.749484 0.877950 0.401543
v -1.808078 0.843965 0.374455
v -1.748312 0.568379 0.296330
v -1.666427 0.530684 0.313909
v -1.605831 0.571895 0.328606
v -1.566781 0.584981 0.340276
v -1.546163 0.547090 0.339592
v -1.517404 0.511348 0.364836
v -1.487130 0.517989 0.394780
v -1.513204 0.528731 0.340569
v -1.456027 0.530489 0.417281
v -1.429171 0.553926 0.419934
v -1.391671 0.570723 0.421021
v -1.358859 0.587910 0.402825
v -1.343820 0.602168 0.372746
v -1.347726 0.661153 0.339885
v -1.350656 0.614278 0.343889
v -1.706906 1.054512 0.404118
v -1.741183 1.037325 0.402190
v -1.671456 1.077168 0.402824
v -1.810421 1.142793 0.375237
v -1.764718 1.174825 0.377702
v -1.764718 1.174825 0.377702
v -1.718331 1.199044 0.370281
v -1.869601 1.224825 0.310295
v -1.801632 1.263106 0.305022
v -1.801632 1.263106 0.305022
v -1.737863 1.288106 0.295158
v -1.883859 1.248262 0.238908
v -1.814913 1.288106 0.235295
v -1.814913 1.288106 0.235295
v -1.741476 1.320918 0.228069
v -1.947921 1.195918 0.239397
v -1.934640 1.170137 0.312248
v -1.860421 1.090450 0.367619
v -1.977023 1.083418 0.305315
v -1.909054 1.031856 0.363616
v -1.988937 1.092012 0.236955
v -1.969210 0.942012 0.289690
v -1.985421 0.940059 0.231780
v -1.918429 0.933418 0.335881
v -1.903976 0.804512 0.268889
v -1.910226 0.807246 0.226799
v -1.878781 0.801387 0.298967
v -1.765695 0.733028 0.252776
v -1.781515 0.719746 0.222502
v -1.785031 1.007637 0.397417
v -1.826632 0.968965 0.393804
v -1.855148 0.899043 0.367912
v -1.954171 0.931856 0.156389
v -1.881320 0.791621 0.164592
v -1.779367 0.691621 0.179045
v -1.715890 0.648653 0.266252
v -1.855929 0.959590 0.075920
v -1.782296 0.834200 0.075920
v -1.728488 0.748262 0.091936
v -1.724972 0.581075 0.354973
v -1.722531 0.546309 0.333000
v -1.710421 0.625215 0.358147
v -1.710421 0.527950 0.302580
v -1.734054 0.581270 0.263616
v -1.699581 0.550411 0.260686
v -1.614425 0.578145 0.272502
v -1.714230 0.652950 0.242522
v -1.724191 0.643965 0.221037
v -1.728292 0.632246 0.184514
v -1.681906 0.692012 0.105998
v -1.730050 0.584785 0.236858
v -1.725265 0.580684 0.215178
v -1.606637 0.636934 0.190178
v -1.558029 0.998262 0.403813
v -1.616525 1.110762 0.395012
v -1.531710 1.139668 0.363713
v -1.456417 1.145137 0.316057
v -1.646505 1.225606 0.353117
v -1.553610 1.242793 0.321330
v -1.467843 1.207637 0.282365
v -1.656417 1.305293 0.285197
v -1.565438 1.299043 0.271037
v -1.475558 1.234981 0.253557
v -1.411300 1.097481 0.235295
v -1.375656 0.916622 0.218791
v -1.653439 1.334200 0.219084
v -1.566000 1.313887 0.208342
v -1.476632 1.239668 0.201897
v -1.405831 1.095137 0.203264
v -1.493136 1.201387 0.141545
v -1.409445 1.074825 0.154045
v -1.359640 0.933028 0.199553
v -1.354171 0.939278 0.168498
v -1.596676 1.114668 0.067326
v -1.514523 1.004903 0.066740
v -1.462667 0.913887 0.079826
v -1.282882 0.817793 0.225822
v -1.299093 0.849434 0.228166
v -1.366866 0.763887 0.230119
v -1.294210 0.817793 0.197600
v -1.300070 0.852168 0.205998
v -1.379952 0.781465 0.184319
v -1.303976 0.820918 0.180803
v -1.303585 0.863106 0.191740
v -1.335812 0.826387 0.153459
v -1.326046 0.872871 0.167131
v -1.453878 0.777559 0.150725
v -1.449484 0.852950 0.092522
v -1.438156 0.812325 0.103459
v -1.778390 1.021700 0.050139
v -1.674728 1.082637 0.051897
v -1.655197 0.938106 0.045061
v -1.655197 0.938106 0.045061
v -1.730636 1.056075 0.048772
v -1.597933 0.851387 0.058147
v -1.597933 0.851387 0.058147
v -1.565365 0.795918 0.072990
v -1.533224 0.752950 0.094084
v -1.565365 0.795918 0.072990
v -1.533224 0.752950 0.094084
v -1.530538 0.738496 0.138030
v -1.530538 0.738496 0.138030
v -1.587094 0.693184 0.155217
v -1.730636 1.056075 0.048772
v -1.453878 0.777559 0.150725
v -1.379952 0.781465 0.184319
v -1.606637 0.636934 0.190178
v -1.587094 0.693184 0.155217
v -1.530538 0.738496 0.138030
v -1.366866 0.763887 0.230119
v -1.616012 0.595723 0.226799
v -1.614425 0.578145 0.272502
v -1.351827 0.733418 0.289885
v -1.343038 0.728340 0.328752
v -1.605831 0.571895 0.328606
v -1.566781 0.584981 0.340276
v -1.369992 0.708418 0.336858
v -1.350656 0.614278 0.343889
v -1.513204 0.528731 0.340569
v -1.546163 0.547090 0.339592
v -1.347726 0.661153 0.339885
v -1.487130 0.517989 0.394780
v -1.517404 0.511348 0.364836
v -1.343820 0.602168 0.372746
v -1.358859 0.587910 0.402825
v -1.456027 0.530489 0.417281
v -1.391671 0.570723 0.421021
v -1.429171 0.553926 0.419934
v -1.319796 0.583223 0.391472
v -1.304171 0.598848 0.374089
v -1.361398 0.672090 0.378899
v -1.377023 0.656465 0.396282
v -1.361788 0.555684 0.418313
v -1.339523 0.575020 0.403471
v -1.390890 0.651387 0.408537
v -1.413156 0.631856 0.423381
v -1.423312 0.522676 0.418212
v -1.388644 0.542207 0.419098
v -1.427902 0.610762 0.427104
v -1.462570 0.591426 0.426219
v -1.468234 0.484785 0.402873
v -1.435714 0.503340 0.418610
v -1.493331 0.595918 0.421117
v -1.525900 0.577364 0.405388
v -1.505538 0.464473 0.378948
v -1.482931 0.476387 0.399858
v -1.535226 0.572090 0.400481
v -1.557809 0.560371 0.379582
vn -0.7667 0.2315 0.5988
vn -0.9293 -0.3555 0.1004
vn -0.6296 -0.4745 0.6152
vn -0.5267 0.3507 0.7743
vn -0.3350 -0.3290 0.8829
vn -0.3655 0.3340 0.8688
vn 0.5762 -0.7812 -0.2400
vn 0.9587 -0.1680 0.2294
vn 0.7208 -0.5885 0.3662
vn 0.6861 0.6900 -0.2306
vn 0.4409 0.5468 -0.7118
vn 0.7443 0.5980 0.2973
vn -0.8396 -0.2371 -0.4888
vn -0.8005 0.0472 -0.5974
vn -0.7501 -0.0160 -0.6611
vn -0.2375 0.1285 0.9629
vn -0.0031 0.0320 0.9995
vn -0.0103 0.0215 0.9997
vn -0.1084 0.1671 0.9800
vn -0.0084 0.0286 0.9996
vn -0.0321 0.1754 0.9840
vn -0.0168 0.1433 0.9895
vn -0.2180 0.3772 -0.9001
vn -0.4135 0.7115 -0.5682
vn -0.1925 0.7555 -0.6263
vn -0.0687 0.4032 -0.9125
vn -0.5400 0.6480 -0.5371
vn -0.4136 0.7115 -0.5682
vn -0.3272 0.2985 -0.8966
vn -0.7615 -0.5739 0.3012
vn -0.7256 -0.6237 0.2907
vn -0.5203 -0.6295 0.5770
vn -0.7171 0.4688 -0.5157
vn -0.5404 0.1364 -0.8303
vn -0.8701 0.0972 -0.4833
vn -0.4683 -0.5373 -0.7015
vn 0.1440 -0.6348 -0.7591
vn 0.1760 -0.7617 -0.6236
vn -0.0246 -0.9775 -0.2094
vn 0.4873 -0.7810 -0.3907
vn -0.1508 -0.9724 -0.1781
vn 0.9471 0.2179 0.2356
vn 0.8064 0.4314 0.4046
vn 0.9581 0.2725 0.0879
vn 0.1317 0.4406 -0.8880
vn 0.0179 0.7511 -0.6599
vn 0.3208 0.6307 -0.7066
vn 0.3838 -0.0219 0.9231
vn -0.1581 0.3157 0.9356
vn -0.1551 0.1003 0.9828
vn 0.5270 -0.0685 0.8471
vn 0.8169 -0.3985 0.4170
vn 0.9498 -0.0041 0.3127
vn 0.4894 0.0664 0.8695
vn 0.0886 0.6156 0.7831
vn 0.5531 -0.4302 0.7135
vn -0.1307 0.0347 0.9908
vn 0.3214 0.0703 0.9443
vn 0.7325 0.4506 0.5103
vn -0.1616 0.1180 0.9798
vn 0.0039 0.0109 0.9999
vn 0.2766 0.1090 0.9548
vn 0.0621 -0.1086 0.9921
vn 0.4383 0.4430 0.7821
vn -0.2543 0.1373 0.9573
vn -0.2188 -0.1301 0.9670
vn -0.1810 0.1068 0.9777
vn -0.3282 -0.4680 0.8205
vn -0.1297 -0.0155 0.9914
vn -0.1910 -0.1580 0.9688
vn -0.6341 -0.2540 0.7304
vn -0.1359 -0.0506 0.9894
vn -0.2623 -0.6754 0.6893
vn -0.0756 0.1005 0.9921
vn -0.2073 -0.5525 0.8073
vn -0.2463 -0.0045 0.9692
vn -0.2351 0.0020 0.9720
vn -0.5367 -0.8386 -0.0932
vn -0.3974 -0.9100 -0.1185
vn -0.1093 -0.9284 0.3551
vn -0.4445 -0.0733 0.8928
vn -0.1915 -0.4622 0.8658
vn 0.1510 -0.6594 0.7365
vn -0.5046 -0.1650 0.8475
vn -0.6291 -0.3271 0.7051
vn -0.0389 -0.3882 0.9208
vn -0.9569 -0.2868 0.0468
vn 0.2671 -0.3283 0.9060
vn -0.7698 -0.2223 0.5983
vn -0.0106 -0.0944 0.9955
vn 0.1446 -0.0781 0.9864
vn -0.1602 0.1454 0.9763
vn -0.6537 -0.2333 0.7198
vn 0.0682 0.2031 0.9768
vn -0.9295 -0.3676 0.0302
vn -0.3240 0.3353 0.8846
vn -0.1907 -0.2251 0.9555
vn -0.1995 -0.2366 0.9509
vn -0.4519 0.3395 0.8249
vn -0.3148 -0.1784 0.9322
vn -0.5627 0.2016 0.8017
vn -0.3696 -0.4658 0.8040
vn 0.1266 -0.7148 0.6878
vn 0.0097 -0.6808 0.7324
vn -0.4219 -0.1715 0.8903
vn -0.4317 -0.2708 0.8604
vn -0.0780 -0.2284 0.9704
vn -0.1581 0.2563 0.9536
vn -0.1681 -0.0938 0.9813
vn -0.3071 -0.2211 0.9256
vn 0.0602 0.0303 0.9977
vn 0.0481 0.0207 0.9986
vn 0.1360 0.5504 0.8237
vn -0.1361 0.2312 0.9633
vn 0.4956 -0.1200 0.8602
vn 0.5080 0.5232 0.6842
vn 0.6137 0.6315 0.4739
vn 0.2848 -0.4037 0.8694
vn 0.7802 0.6127 0.1260
vn 0.3158 -0.0610 0.9469
vn 0.7980 0.4763 -0.3692
vn 0.0436 0.0995 0.9941
vn 0.0370 -0.3073 0.9509
vn -0.2279 -0.0717 0.9710
vn 0.4648 0.1721 0.8685
vn -0.1155 0.2801 0.9530
vn -0.2729 0.3638 0.8906
vn 0.3201 -0.0242 0.9471
vn -0.0946 0.4577 0.8841
vn -0.1596 0.7613 0.6284
vn 0.1882 0.5296 0.8271
vn 0.2755 0.0975 0.9564
vn 0.4417 0.6502 0.6181
vn 0.6307 0.1078 0.7685
vn 0.4338 0.2522 0.8650
vn 0.5923 -0.5735 -0.5659
vn 0.9378 -0.1522 -0.3122
vn 0.6404 0.7525 -0.1540
vn 0.5432 -0.7671 -0.3412
vn 0.7479 0.6220 -0.2320
vn 0.9630 0.1778 0.2025
vn 0.6685 0.3592 0.6512
vn 0.3205 0.3068 0.8962
vn 0.2593 0.0770 0.9627
vn 0.3145 0.1908 0.9299
vn 0.4173 0.2992 0.8581
vn 0.4777 0.3001 0.8257
vn 0.8017 0.3396 0.4918
vn 0.1806 0.1048 0.9780
vn -0.0449 -0.1101 0.9929
vn -0.2446 -0.2099 0.9467
vn -0.3914 -0.3770 0.8394
vn -0.7493 -0.5364 0.3884
vn 0.1113 0.1984 0.9738
vn 0.4156 0.0084 0.9095
vn 0.7077 -0.0261 0.7060
vn -0.0685 -0.0017 0.9977
vn -0.1997 -0.0957 0.9752
vn -0.4354 -0.2791 0.8559
vn -0.8699 -0.3854 -0.3076
vn 0.2769 -0.9524 0.1271
vn 0.4401 -0.8923 0.1009
vn 0.0011 -0.7400 -0.6726
vn -0.3065 -0.2800 -0.9098
vn -0.1179 -0.9790 -0.1663
vn -0.0060 -0.8867 0.4624
vn 0.0241 -0.4225 -0.9060
vn 0.0084 -0.5158 0.8567
vn 0.0063 -0.1493 0.9888
vn 0.3616 -0.3245 0.8740
vn 0.7648 -0.3424 0.5457
vn 0.8815 -0.4715 -0.0238
vn 0.5252 0.1108 -0.8437
vn 0.4634 -0.2883 -0.8380
vn -0.0617 0.0881 0.9942
vn -0.1183 0.0741 0.9902
vn -0.0008 0.1394 0.9902
vn -0.2903 0.2438 0.9254
vn -0.1509 0.3346 0.9302
vn -0.0319 0.4429 0.8960
vn -0.4128 0.6090 0.6773
vn -0.2766 0.7241 0.6318
vn -0.1540 0.7685 0.6211
vn -0.5636 0.8230 0.0703
vn -0.4476 0.8855 0.1245
vn -0.2613 0.9614 0.0864
vn -0.7993 0.5996 0.0397
vn -0.5619 0.4201 0.7126
vn -0.3399 0.2091 0.9169
vn -0.7941 0.1258 0.5946
vn -0.4677 0.0649 0.8815
vn -0.9844 0.1655 -0.0594
vn -0.8311 -0.2491 0.4971
vn -0.9667 -0.2499 -0.0549
vn -0.6178 -0.2528 0.7446
vn -0.6749 -0.6844 0.2759
vn -0.7370 -0.6750 -0.0359
vn -0.5583 -0.6259 0.5445
vn -0.5846 -0.6591 0.4731
vn -0.6346 -0.6468 0.4230
vn -0.1609 0.0692 0.9845
vn -0.2588 -0.0273 0.9656
vn -0.4664 -0.2565 0.8466
vn -0.7700 -0.2359 -0.5929
vn -0.6669 -0.5630 -0.4882
vn -0.6985 -0.6768 -0.2325
vn -0.9268 -0.0375 -0.3736
vn -0.4064 -0.1217 -0.9055
vn -0.2821 -0.2665 -0.9216
vn -0.2418 -0.3790 -0.8932
vn -0.3844 -0.2489 0.8890
vn -0.4489 -0.7053 0.5487
vn -0.2307 0.2339 0.9445
vn -0.3182 -0.9385 -0.1340
vn -0.8759 -0.2664 -0.4023
vn -0.1680 -0.8877 -0.4287
vn 0.4553 -0.8291 -0.3244
vn -0.9521 -0.2114 0.2210
vn -0.9133 -0.2648 0.3095
vn -0.7423 -0.4579 -0.4893
vn -0.1704 -0.4503 -0.8765
vn -0.9390 -0.3246 -0.1134
vn -0.8385 -0.4975 -0.2222
vn 0.5352 -0.6298 -0.5629
vn 0.1009 0.1099 0.9888
vn 0.1164 0.2449 0.9625
vn 0.3315 0.3570 0.8733
vn 0.6519 0.3958 0.6467
vn 0.0975 0.5085 0.8555
vn 0.3265 0.5525 0.7669
vn 0.7142 0.5167 0.4721
vn 0.0268 0.7891 0.6136
vn 0.3583 0.7966 0.4869
vn 0.7582 0.6153 0.2159
vn 0.9518 0.2886 0.1033
vn 0.6613 0.3948 0.6379
vn 0.0270 0.9996 -0.0116
vn 0.4252 0.8857 -0.1864
vn 0.7498 0.6051 -0.2678
vn 0.9338 0.3551 -0.0443
vn 0.5321 0.4364 -0.7255
vn 0.7461 0.3204 -0.5837
vn 0.7922 0.3873 0.4716
vn 0.8515 0.3209 -0.4148
vn 0.2149 0.2419 -0.9462
vn 0.3031 0.1135 -0.9462
vn 0.3895 -0.0042 -0.9210
vn 0.9259 -0.2505 -0.2829
vn 0.7686 0.6397 -0.0079
vn 0.4817 -0.7660 -0.4258
vn 0.8172 -0.3945 -0.4203
vn 0.8812 0.4714 0.0346
vn 0.3922 -0.7451 -0.5395
vn 0.6862 -0.3490 -0.6382
vn 0.8729 0.4070 -0.2692
vn 0.5190 -0.2744 -0.8095
vn 0.6741 0.2703 -0.6874
vn 0.3859 -0.7134 -0.5849
vn 0.3785 -0.1057 -0.9195
vn 0.3950 -0.3772 -0.8377
vn -0.1860 0.0258 -0.9822
vn 0.0502 0.1559 -0.9865
vn 0.0196 -0.0625 -0.9978
vn 0.0197 -0.0626 -0.9978
vn -0.0645 0.1238 -0.9902
vn 0.0721 -0.1572 -0.9849
vn 0.1266 -0.2522 -0.9594
vn 0.3180 -0.4908 -0.8112
vn 0.1265 -0.2522 -0.9594
vn 0.5344 -0.7695 -0.3498
vn 0.5344 -0.7695 -0.3497
vn 0.5686 -0.6819 -0.4602
vn 0.3859 -0.7133 -0.5850
vn 0.5351 -0.6299 -0.5630
vn 0.5685 -0.6819 -0.4603
vn 0.5343 -0.7695 -0.3498
vn 0.4873 -0.7809 -0.3908
vn 0.5432 -0.7671 -0.3413
vn 0.5762 -0.7813 -0.2401
vn 0.4401 -0.8923 0.1007
vn 0.0241 -0.4225 -0.9061
vn -0.3066 -0.2802 -0.9097
vn 0.5252 0.1109 -0.8437
vn -0.0060 -0.8866 0.4624
vn -0.1179 -0.9790 -0.1661
vn 0.8815 -0.4715 -0.0237
vn 0.7649 -0.3424 0.5457
vn 0.0084 -0.5157 0.8567
vn 0.3617 -0.3245 0.8740
vn 0.0064 -0.1493 0.9888
vn 0.5153 0.3515 0.7817
vn 0.5152 0.3515 0.7817
vn 0.4062 0.2144 0.8883
vn 0.4061 0.2142 0.8884
vn 0.4063 0.2144 0.8882
vn 0.0301 -0.0988 0.9946
vn 0.0299 -0.0986 0.9947
vn 0.0299 -0.0987 0.9947
vn -0.3178 -0.2231 0.9215
vn -0.3178 -0.2231 0.9216
vn -0.3181 -0.2231 0.9214
vn -0.3179 -0.2231 0.9215
vn -0.5551 -0.3080 0.7726
vn -0.5552 -0.3082 0.7725
vn -0.5551 -0.3082 0.7726
vt 0.409180 0.562500
vt 0.418701 0.567627
vt 0.408936 0.570801
vt 0.390625 0.563232
vt 0.399170 0.580811
vt 0.383789 0.567383
vt 0.664551 0.471680
vt 0.669434 0.529541
vt 0.638184 0.492188
vt 0.686523 0.574219
vt 0.668457 0.606445
vt 0.662109 0.579346
vt 0.296875 0.627441
vt 0.284668 0.589355
vt 0.315918 0.609863
vt 0.492188 0.629150
vt 0.505859 0.666260
vt 0.485352 0.658936
vt 0.485840 0.628662
vt 0.469971 0.666504
vt 0.479004 0.627930
vt 0.468018 0.633301
vt 0.880859 0.956818
vt 0.769531 0.992104
vt 0.768066 0.933533
vt 0.855957 0.904846
vt 0.229126 0.944305
vt 0.223145 0.988106
vt 0.119385 0.943329
vt 0.142578 0.908020
vt 0.280273 0.632324
vt 0.333252 0.668945
vt 0.326660 0.683594
vt 0.231567 0.909729
vt 0.165894 0.869995
vt 0.225830 0.853516
vt 0.189697 0.582031
vt 0.102661 0.606934
vt 0.178223 0.563721
vt 0.202148 0.555420
vt 0.197998 0.508545
vt 0.223511 0.551025
vt 0.690918 0.701904
vt 0.732422 0.625244
vt 0.706543 0.714355
vt 0.840820 0.873413
vt 0.770020 0.886047
vt 0.775391 0.853638
vt 0.556152 0.636719
vt 0.550781 0.644043
vt 0.524902 0.617188
vt 0.533203 0.610107
vt 0.561035 0.600342
vt 0.557617 0.583740
vt 0.578125 0.642578
vt 0.579590 0.656250
vt 0.571289 0.604492
vt 0.500000 0.589844
vt 0.507813 0.571289
vt 0.549316 0.560303
vt 0.490234 0.589844
vt 0.491455 0.570313
vt 0.505371 0.545654
vt 0.489502 0.546143
vt 0.547852 0.531982
vt 0.509277 0.641357
vt 0.475098 0.570313
vt 0.480469 0.590332
vt 0.453125 0.581055
vt 0.465820 0.594727
vt 0.472900 0.547363
vt 0.443848 0.549561
vt 0.439453 0.621826
vt 0.435059 0.609131
vt 0.447998 0.642334
vt 0.419678 0.627686
vt 0.426025 0.639160
vt 0.429199 0.659180
vt 0.424072 0.574219
vt 0.418701 0.587402
vt 0.407471 0.593994
vt 0.397461 0.649658
vt 0.395752 0.636719
vt 0.394287 0.596924
vt 0.387939 0.669189
vt 0.354980 0.630371
vt 0.363770 0.618896
vt 0.341064 0.653320
vt 0.380859 0.592041
vt 0.334473 0.595459
vt 0.350586 0.590820
vt 0.377197 0.585693
vt 0.349854 0.574707
vt 0.324951 0.567871
vt 0.373291 0.579834
vt 0.309082 0.565918
vt 0.367432 0.547852
vt 0.350830 0.536621
vt 0.365967 0.526123
vt 0.381104 0.541016
vt 0.419678 0.513184
vt 0.420166 0.533447
vt 0.406982 0.485352
vt 0.350586 0.504150
vt 0.327393 0.526123
vt 0.448242 0.520020
vt 0.434326 0.474121
vt 0.388184 0.583008
vt 0.378174 0.572510
vt 0.466309 0.518311
vt 0.457031 0.477051
vt 0.488525 0.514893
vt 0.486816 0.476563
vt 0.585449 0.670166
vt 0.539551 0.664307
vt 0.595215 0.639160
vt 0.604980 0.650635
vt 0.618652 0.666748
vt 0.587891 0.598877
vt 0.638672 0.626465
vt 0.624512 0.608643
vt 0.662109 0.641113
vt 0.636719 0.571777
vt 0.603027 0.585693
vt 0.609375 0.565918
vt 0.647949 0.541748
vt 0.628418 0.543945
vt 0.604492 0.556641
vt 0.619629 0.509033
vt 0.609863 0.528076
vt 0.593750 0.546875
vt 0.564941 0.528076
vt 0.574219 0.499023
vt 0.565918 0.555908
vt 0.583008 0.466309
vt 0.541992 0.501221
vt 0.651367 0.461914
vt 0.722656 0.539795
vt 0.726074 0.572266
vt 0.701660 0.472656
vt 0.704590 0.618408
vt 0.676758 0.680664
vt 0.635742 0.691650
vt 0.588867 0.692383
vt 0.511230 0.513184
vt 0.516113 0.473633
vt 0.544434 0.469727
vt 0.545898 0.423828
vt 0.584961 0.424316
vt 0.509766 0.426270
vt 0.482666 0.428223
vt 0.452881 0.425781
vt 0.420898 0.426270
vt 0.383789 0.433594
vt 0.593750 0.563477
vt 0.587891 0.571533
vt 0.577148 0.578125
vt 0.448975 0.677002
vt 0.428711 0.685791
vt 0.385010 0.689941
vt 0.291992 0.562012
vt 0.299805 0.512695
vt 0.323486 0.482422
vt 0.336670 0.468262
vt 0.344727 0.439941
vt 0.375244 0.414551
vt 0.415527 0.407715
vt 0.343506 0.420410
vt 0.453857 0.403809
vt 0.482666 0.405273
vt 0.513184 0.401855
vt 0.548340 0.398438
vt 0.588379 0.398926
vt 0.637207 0.433594
vt 0.625977 0.406250
vt 0.489990 0.771973
vt 0.468750 0.767700
vt 0.513672 0.766479
vt 0.440918 0.838013
vt 0.468506 0.853271
vt 0.522461 0.848633
vt 0.549805 0.836914
vt 0.375977 0.903931
vt 0.400635 0.951904
vt 0.599609 0.927917
vt 0.628418 0.901428
vt 0.309082 0.941315
vt 0.319580 0.992104
vt 0.673828 0.969604
vt 0.693359 0.924133
vt 0.298096 0.897949
vt 0.355469 0.866333
vt 0.409668 0.812744
vt 0.334473 0.829956
vt 0.383545 0.790039
vt 0.282959 0.848877
vt 0.309814 0.772217
vt 0.266602 0.784058
vt 0.349121 0.756958
vt 0.282959 0.712891
vt 0.250244 0.724609
vt 0.305176 0.701416
vt 0.262695 0.645264
vt 0.233398 0.652344
vt 0.439697 0.760498
vt 0.414795 0.749512
vt 0.382568 0.725342
vt 0.208374 0.792114
vt 0.200684 0.722168
vt 0.197021 0.647217
vt 0.264648 0.605225
vt 0.123047 0.808105
vt 0.102661 0.743164
vt 0.105469 0.689453
vt 0.337402 0.548584
vt 0.315430 0.542236
vt 0.351807 0.560303
vt 0.292480 0.536621
vt 0.260254 0.567627
vt 0.250000 0.540039
vt 0.246704 0.492676
vt 0.244629 0.607178
vt 0.227051 0.609619
vt 0.193237 0.610840
vt 0.106079 0.645996
vt 0.234741 0.573242
vt 0.212891 0.576904
vt 0.148682 0.531250
vt 0.540039 0.689453
vt 0.547852 0.758911
vt 0.598145 0.745850
vt 0.655273 0.736572
vt 0.589844 0.819092
vt 0.640137 0.798096
vt 0.684082 0.768677
vt 0.654297 0.863770
vt 0.676758 0.827271
vt 0.699707 0.782593
vt 0.729004 0.720703
vt 0.754883 0.630615
vt 0.710938 0.879333
vt 0.728027 0.841309
vt 0.743164 0.796143
vt 0.756348 0.723389
vt 0.790039 0.796143
vt 0.796387 0.728027
vt 0.775391 0.640869
vt 0.800293 0.646729
vt 0.883789 0.829590
vt 0.903809 0.759521
vt 0.909180 0.702393
vt 0.769531 0.557129
vt 0.762207 0.577881
vt 0.791016 0.508545
vt 0.797852 0.568115
vt 0.782227 0.585938
vt 0.844727 0.544434
vt 0.813965 0.580322
vt 0.795410 0.596680
vt 0.836426 0.594727
vt 0.808594 0.614014
vt 0.909668 0.561035
vt 0.919434 0.661377
vt 0.917480 0.637695
vt 0.081482 0.846924
vt 0.913574 0.857056
vt 0.987793 0.782104
vt 0.006298 0.768921
vt 0.052887 0.868042
vt 0.992188 0.721191
vt 0.002499 0.709717
vt 0.988770 0.668213
vt 0.981934 0.624023
vt 0.007996 0.658447
vt 0.014793 0.615479
vt 0.961426 0.549805
vt 0.041687 0.546143
vt 0.094849 0.549316
vt 0.951172 0.884521
vt 0.018494 0.360840
vt 0.052582 0.324219
vt 0.062500 0.466797
vt 0.027695 0.439941
vt 0.014297 0.400879
vt 0.098083 0.318359
vt 0.102356 0.476563
vt 0.141479 0.480957
vt 0.168335 0.320801
vt 0.197876 0.318359
vt 0.204102 0.479980
vt 0.210938 0.466309
vt 0.206787 0.326172
vt 0.249390 0.338379
vt 0.246094 0.458984
vt 0.231567 0.459961
vt 0.228271 0.335449
vt 0.299561 0.438965
vt 0.270996 0.453613
vt 0.276367 0.349609
vt 0.306396 0.355469
vt 0.322510 0.420410
vt 0.323486 0.375977
vt 0.328125 0.398926
vt 0.881836 0.428711
vt 0.937988 0.428711
vt 0.937988 0.545654
vt 0.881836 0.545654
vt 0.823730 0.410645
vt 0.879883 0.410645
vt 0.879883 0.527588
vt 0.823730 0.527588
vt 0.765625 0.379395
vt 0.821777 0.379395
vt 0.821777 0.496582
vt 0.765625 0.496582
vt 0.707520 0.355957
vt 0.763672 0.355957
vt 0.763672 0.473145
vt 0.707520 0.473145
vt 0.939941 0.428711
vt 0.996582 0.428711
vt 0.996582 0.545654
vt 0.939941 0.545654
s 1
usemtl gs_skull
f 99/161/99 100/162/100 101/163/101
f 102/164/102 99/161/99 101/163/101
f 101/163/101 103/165/103 102/164/102
f 102/164/102 103/165/103 104/166/104
f 105/167/105 106/168/106 107/169/107
f 108/170/108 109/171/109 110/172/110
f 106/168/106 108/170/108 110/172/110
f 111/173/111 112/174/112 113/175/113
f 114/176/114 115/177/115 116/178/116
f 116/178/116 117/179/117 114/176/114
f 116/178/116 118/180/118 119/181/119
f 118/180/118 120/182/120 119/181/119
f 119/181/119 117/179/117 116/178/116
f 121/183/121 122/184/122 123/185/123
f 123/185/123 124/186/124 121/183/121
f 125/187/125 126/188/126 127/189/121
f 127/189/121 128/190/127 125/187/125
f 129/191/128 111/173/111 130/192/129
f 130/192/129 131/193/130 129/191/128
f 112/174/112 111/173/111 129/191/128
f 132/194/131 125/187/125 128/190/127
f 128/190/127 133/195/132 132/194/131
f 132/194/131 133/195/132 134/196/133
f 135/197/134 136/198/135 137/199/136
f 135/197/134 137/199/136 138/200/137
f 139/201/138 138/200/137 137/199/136
f 138/200/137 139/201/138 140/202/139
f 141/203/140 142/204/141 143/205/142
f 144/206/143 124/186/124 123/185/123
f 123/185/123 145/207/144 144/206/143
f 146/208/145 144/206/143 145/207/144
f 147/209/146 148/210/147 149/211/148
f 149/211/148 150/212/149 147/209/146
f 151/213/150 147/209/146 150/212/149
f 150/212/149 152/214/151 151/213/150
f 148/210/147 147/209/146 153/215/152
f 153/215/152 147/209/146 151/213/150
f 153/215/152 154/216/153 148/210/147
f 151/213/150 155/217/154 153/215/152
f 155/217/154 151/213/150 152/214/151
f 114/176/114 156/218/155 149/211/148
f 150/212/149 149/211/148 156/218/155
f 156/218/155 114/176/114 117/179/117
f 156/218/155 157/219/156 150/212/149
f 158/220/157 152/214/151 150/212/149
f 150/212/149 157/219/156 158/220/157
f 157/219/156 156/218/155 159/221/158
f 117/179/117 159/221/158 156/218/155
f 159/221/158 160/222/159 157/219/156
f 158/220/157 157/219/156 161/223/160
f 161/223/160 157/219/156 160/222/159
f 160/222/159 162/224/161 161/223/160
f 161/223/160 163/225/162 158/220/157
f 114/176/114 164/226/163 115/177/115
f 164/226/163 149/211/148 148/210/147
f 149/211/148 164/226/163 114/176/114
f 165/227/164 160/222/159 159/221/158
f 166/228/165 159/221/158 117/179/117
f 117/179/117 119/181/119 166/228/165
f 159/221/158 166/228/165 165/227/164
f 167/229/166 165/227/164 166/228/165
f 119/181/119 120/182/120 168/230/167
f 166/228/165 168/230/167 167/229/166
f 168/230/167 166/228/165 119/181/119
f 169/231/168 162/224/161 160/222/159
f 160/222/159 165/227/164 169/231/168
f 165/227/164 167/229/166 170/232/169
f 170/232/169 169/231/168 165/227/164
f 171/233/170 168/230/167 120/182/120
f 168/230/167 171/233/170 172/234/171
f 172/234/171 167/229/166 168/230/167
f 173/235/172 120/182/120 118/180/118
f 120/182/120 173/235/172 171/233/170
f 174/236/173 172/234/171 171/233/170
f 175/237/174 171/233/170 173/235/172
f 171/233/170 175/237/174 174/236/173
f 173/235/172 176/238/175 175/237/174
f 177/239/176 167/229/166 172/234/171
f 172/234/171 178/240/177 177/239/176
f 170/232/169 167/229/166 177/239/176
f 101/163/101 100/162/100 177/239/176
f 177/239/176 178/240/177 101/163/101
f 177/239/176 100/162/100 170/232/169
f 101/163/101 178/240/177 179/241/178
f 179/241/178 178/240/177 172/234/171
f 172/234/171 174/236/173 179/241/178
f 179/241/178 103/165/103 101/163/101
f 180/242/179 175/237/174 176/238/175
f 175/237/174 180/242/179 181/243/180
f 181/243/180 174/236/173 175/237/174
f 179/241/178 174/236/173 181/243/180
f 103/165/103 179/241/178 182/244/181
f 181/243/180 182/244/181 179/241/178
f 176/238/175 183/245/182 180/242/179
f 184/246/183 180/242/179 183/245/182
f 181/243/180 180/242/179 184/246/183
f 184/246/183 185/247/184 181/243/180
f 182/244/181 181/243/180 185/247/184
f 130/192/129 186/248/185 183/245/182
f 183/245/182 186/248/185 184/246/183
f 184/246/183 186/248/185 113/175/113
f 111/173/111 113/175/113 186/248/185
f 186/248/185 130/192/129 111/173/111
f 185/247/184 187/249/186 182/244/181
f 185/247/184 184/246/183 188/250/187
f 113/175/113 188/250/187 184/246/183
f 188/250/187 189/251/188 185/247/184
f 187/249/186 185/247/184 189/251/188
f 189/251/188 190/252/189 187/249/186
f 191/253/190 189/251/188 188/250/187
f 188/250/187 192/254/191 191/253/190
f 189/251/188 191/253/190 193/255/192
f 193/255/192 190/252/189 189/251/188
f 194/256/193 113/175/113 112/174/112
f 194/256/193 192/254/191 188/250/187
f 188/250/187 113/175/113 194/256/193
f 195/257/194 196/258/195 197/259/196
f 197/259/196 198/260/197 195/257/194
f 104/166/104 195/257/194 198/260/197
f 198/260/197 102/164/102 104/166/104
f 99/161/99 102/164/102 198/260/197
f 198/260/197 197/259/196 199/261/198
f 198/260/197 200/262/199 99/161/99
f 199/261/198 200/262/199 198/260/197
f 200/262/199 170/232/169 100/162/100
f 100/162/100 99/161/99 200/262/199
f 201/263/200 199/261/198 197/259/196
f 202/264/201 197/259/196 196/258/195
f 197/259/196 202/264/201 201/263/200
f 196/258/195 203/265/202 202/264/201
f 200/262/199 199/261/198 204/266/203
f 169/231/168 170/232/169 204/266/203
f 204/266/203 170/232/169 200/262/199
f 205/267/204 204/266/203 199/261/198
f 199/261/198 201/263/200 205/267/204
f 104/166/104 103/165/103 206/268/205
f 187/249/186 190/252/189 206/268/205
f 182/244/181 206/268/205 103/165/103
f 206/268/205 182/244/181 187/249/186
f 206/268/205 207/269/206 104/166/104
f 195/257/194 104/166/104 207/269/206
f 207/269/206 206/268/205 190/252/189
f 190/252/189 193/255/192 207/269/206
f 204/266/203 208/270/207 169/231/168
f 162/224/161 169/231/168 208/270/207
f 209/271/208 208/270/207 204/266/203
f 204/266/203 205/267/204 209/271/208
f 208/270/207 210/272/209 162/224/161
f 161/223/160 162/224/161 210/272/209
f 208/270/207 209/271/208 211/273/210
f 211/273/210 210/272/209 208/270/207
f 154/216/153 212/274/211 213/275/212
f 213/275/212 148/210/147 154/216/153
f 115/177/115 164/226/163 213/275/212
f 148/210/147 213/275/212 164/226/163
f 154/216/153 153/215/152 214/276/213
f 214/276/213 153/215/152 155/217/154
f 212/274/211 154/216/153 215/277/214
f 214/276/213 215/277/214 154/216/153
f 215/277/214 216/278/215 212/274/211
f 155/217/154 217/279/216 214/276/213
f 216/278/215 215/277/214 218/280/217
f 218/280/217 215/277/214 214/276/213
f 218/280/217 110/172/110 109/171/109
f 110/172/110 218/280/217 219/281/218
f 219/281/218 214/276/213 217/279/216
f 214/276/213 219/281/218 218/280/217
f 218/280/217 220/282/219 216/278/215
f 109/171/109 220/282/219 218/280/217
f 219/281/218 221/283/220 110/172/110
f 217/279/216 222/284/221 219/281/218
f 221/283/220 219/281/218 222/284/221
f 222/284/221 223/285/222 221/283/220
f 110/172/110 224/286/223 106/168/106
f 224/286/223 110/172/110 221/283/220
f 107/169/107 106/168/106 224/286/223
f 221/283/220 225/287/224 224/286/223
f 225/287/224 221/283/220 223/285/222
f 223/285/222 226/288/225 225/287/224
f 224/286/223 227/289/226 107/169/107
f 227/289/226 224/286/223 225/287/224
f 228/290/227 225/287/224 226/288/225
f 225/287/224 228/290/227 227/289/226
f 226/288/225 229/291/228 228/290/227
f 158/220/157 163/225/162 230/292/229
f 230/292/229 228/290/227 229/291/228
f 228/290/227 230/292/229 231/293/230
f 231/293/230 227/289/226 228/290/227
f 229/291/228 232/294/231 230/292/229
f 152/214/151 158/220/157 232/294/231
f 230/292/229 232/294/231 158/220/157
f 233/295/232 107/169/107 227/289/226
f 227/289/226 231/293/230 233/295/232
f 234/296/233 231/293/230 230/292/229
f 230/292/229 163/225/162 234/296/233
f 235/297/234 105/167/105 107/169/107
f 107/169/107 233/295/232 235/297/234
f 108/170/108 106/168/106 236/298/235
f 236/298/235 237/299/236 108/170/108
f 238/300/237 236/298/235 106/168/106
f 106/168/106 105/167/105 238/300/237
f 239/301/238 109/171/109 108/170/108
f 220/282/219 109/171/109 239/301/238
f 108/170/108 237/299/236 239/301/238
f 142/204/141 239/301/238 237/299/236
f 239/301/238 240/302/239 220/282/219
f 240/302/239 239/301/238 142/204/141
f 142/204/141 141/203/140 240/302/239
f 220/282/219 240/302/239 241/303/240
f 241/303/240 216/278/215 220/282/219
f 241/303/240 240/302/239 141/203/140
f 216/278/215 241/303/240 242/304/241
f 242/304/241 212/274/211 216/278/215
f 243/305/242 234/296/233 163/225/162
f 163/225/162 161/223/160 243/305/242
f 210/272/209 243/305/242 161/223/160
f 244/306/243 243/305/242 210/272/209
f 210/272/209 211/273/210 244/306/243
f 234/296/233 243/305/242 244/306/243
f 231/293/230 234/296/233 245/307/244
f 244/306/243 245/307/244 234/296/233
f 245/307/244 233/295/232 231/293/230
f 233/295/232 245/307/244 246/308/245
f 246/308/245 247/309/246 233/295/232
f 245/307/244 244/306/243 248/310/247
f 248/310/247 246/308/245 245/307/244
f 249/311/248 248/310/247 244/306/243
f 244/306/243 211/273/210 249/311/248
f 249/311/248 211/273/210 209/271/208
f 250/312/249 209/271/208 205/267/204
f 209/271/208 250/312/249 249/311/248
f 205/267/204 251/313/250 250/312/249
f 251/313/250 205/267/204 201/263/200
f 201/263/200 252/314/251 251/313/250
f 229/291/228 226/288/225 253/315/252
f 253/315/252 226/288/225 223/285/222
f 223/285/222 222/284/221 253/315/252
f 253/315/252 232/294/231 229/291/228
f 253/315/252 254/316/253 232/294/231
f 222/284/221 217/279/216 254/316/253
f 254/316/253 253/315/252 222/284/221
f 255/317/254 232/294/231 254/316/253
f 217/279/216 155/217/154 255/317/254
f 255/317/254 254/316/253 217/279/216
f 232/294/231 255/317/254 152/214/151
f 152/214/151 255/317/254 155/217/154
f 176/238/175 173/235/172 256/318/255
f 118/180/118 256/318/255 173/235/172
f 183/245/182 176/238/175 257/319/256
f 256/318/255 257/319/256 176/238/175
f 257/319/256 258/320/257 183/245/182
f 183/245/182 258/320/257 130/192/129
f 131/193/130 130/192/129 258/320/257
f 112/174/112 259/321/258 194/256/193
f 203/265/202 260/322/259 261/323/260
f 261/323/260 202/264/201 203/265/202
f 262/324/261 201/263/200 202/264/201
f 252/314/251 201/263/200 262/324/261
f 202/264/201 261/323/260 262/324/261
f 262/324/261 263/325/262 252/314/251
f 264/326/263 252/314/251 263/325/262
f 251/313/250 252/314/251 264/326/263
f 264/326/263 265/327/264 251/313/250
f 250/312/249 251/313/250 265/327/264
f 263/325/262 266/328/265 264/326/263
f 265/327/264 267/329/266 250/312/249
f 250/312/249 267/329/266 268/330/267
f 268/330/267 249/311/248 250/312/249
f 269/331/268 248/310/247 249/311/248
f 249/311/248 268/330/267 269/331/268
f 248/310/247 269/331/268 270/332/269
f 270/332/269 246/308/245 248/310/247
f 271/333/270 247/309/246 246/308/245
f 246/308/245 270/332/269 271/333/270
f 272/334/271 235/297/234 233/295/232
f 233/295/232 247/309/246 272/334/271
f 273/335/272 272/334/271 247/309/246
f 247/309/246 271/333/270 273/335/272
f 274/336/273 116/178/116 115/177/115
f 118/180/118 116/178/116 274/336/273
f 256/318/255 118/180/118 275/337/274
f 274/336/273 275/337/274 118/180/118
f 115/177/115 276/338/275 274/336/273
f 277/339/276 275/337/274 274/336/273
f 274/336/273 278/340/277 277/339/276
f 279/341/277 274/336/273 276/338/275
f 276/338/275 280/342/278 279/341/277
f 281/343/279 277/339/276 278/340/277
f 278/340/277 282/344/280 281/343/279
f 283/345/280 279/341/277 280/342/278
f 280/342/278 284/346/281 283/345/280
f 285/347/282 281/343/279 282/344/280
f 282/344/280 286/348/283 285/347/282
f 125/187/125 285/347/282 286/348/283
f 286/348/283 126/188/126 125/187/125
f 287/349/283 283/345/280 284/346/281
f 122/184/122 287/349/283 288/350/284
f 288/350/284 123/185/123 122/184/122
f 284/346/281 288/350/284 287/349/283
f 289/351/285 285/347/282 125/187/125
f 125/187/125 132/194/131 289/351/285
f 281/343/279 285/347/282 289/351/285
f 289/351/285 290/352/286 281/343/279
f 291/353/287 277/339/276 281/343/279
f 281/343/279 290/352/286 291/353/287
f 292/354/288 290/352/286 289/351/285
f 291/353/287 290/352/286 292/354/288
f 292/354/288 293/355/289 291/353/287
f 294/356/290 289/351/285 132/194/131
f 132/194/131 134/196/133 294/356/290
f 289/351/285 294/356/290 292/354/288
f 295/357/291 292/354/288 294/356/290
f 296/358/292 294/356/290 134/196/133
f 294/356/290 296/358/292 295/357/291
f 297/359/293 293/355/289 292/354/288
f 292/354/288 295/357/291 297/359/293
f 298/360/294 295/357/291 296/358/292
f 296/358/292 299/361/295 298/360/294
f 300/362/296 297/359/293 295/357/291
f 297/359/293 300/362/296 131/193/130
f 129/191/128 131/193/130 300/362/296
f 295/357/291 298/360/294 300/362/296
f 301/363/297 298/360/294 299/361/295
f 300/362/296 298/360/294 301/363/297
f 301/363/297 129/191/128 300/362/296
f 299/361/295 302/364/298 301/363/297
f 257/319/256 256/318/255 303/365/299
f 303/365/299 275/337/274 277/339/276
f 275/337/274 303/365/299 256/318/255
f 277/339/276 291/353/287 303/365/299
f 304/366/300 303/365/299 291/353/287
f 291/353/287 293/355/289 304/366/300
f 303/365/299 304/366/300 257/319/256
f 257/319/256 304/366/300 305/367/301
f 293/355/289 297/359/293 305/367/301
f 305/367/301 258/320/257 257/319/256
f 258/320/257 305/367/301 131/193/130
f 305/367/301 304/366/300 293/355/289
f 131/193/130 305/367/301 297/359/293
f 134/196/133 306/368/302 296/358/292
f 299/361/295 296/358/292 306/368/302
f 306/368/302 134/196/133 133/195/132
f 306/368/302 307/369/303 299/361/295
f 302/364/298 299/361/295 307/369/303
f 307/369/303 308/370/304 302/364/298
f 309/371/305 129/191/128 301/363/297
f 129/191/128 309/371/305 112/174/112
f 310/372/306 133/195/132 128/190/127
f 307/369/303 306/368/302 310/372/306
f 133/195/132 310/372/306 306/368/302
f 310/372/306 311/373/307 307/369/303
f 312/374/308 308/370/304 307/369/303
f 307/369/303 311/373/307 312/374/308
f 191/253/190 192/254/191 313/375/309
f 203/265/202 196/258/195 313/375/309
f 260/322/259 203/265/202 314/376/310
f 192/254/191 194/256/193 314/376/310
f 314/376/310 194/256/193 259/321/258
f 314/376/310 313/375/309 192/254/191
f 313/375/309 314/376/310 203/265/202
f 193/255/192 191/253/190 315/377/311
f 207/269/206 315/377/311 195/257/194
f 196/258/195 195/257/194 315/377/311
f 313/375/309 315/377/311 191/253/190
f 315/377/311 313/375/309 196/258/195
f 315/377/311 207/269/206 193/255/192
f 314/376/310 316/378/312 260/322/259
f 259/321/258 316/378/312 314/376/310
f 317/379/313 259/321/258 112/174/112
f 112/174/112 309/371/305 317/379/313
f 259/321/258 317/379/313 318/380/314
f 318/380/314 316/378/312 259/321/258
f 260/322/259 316/378/312 318/380/314
f 261/323/260 260/322/259 319/381/315
f 140/202/139 139/201/138 319/381/315
f 318/380/314 319/381/315 260/322/259
f 319/381/315 318/380/314 140/202/139
f 317/379/313 309/371/305 320/382/316
f 301/363/297 320/382/316 309/371/305
f 320/382/316 301/363/297 302/364/298
f 302/364/298 321/383/317 320/382/316
f 321/383/317 302/364/298 308/370/304
f 308/370/304 322/384/318 321/383/317
f 136/198/135 135/197/134 322/384/318
f 322/384/318 323/385/319 136/198/135
f 323/385/319 322/384/318 308/370/304
f 308/370/304 312/374/308 323/385/319
f 324/386/320 320/382/316 321/383/317
f 320/382/316 324/386/320 317/379/313
f 318/380/314 317/379/313 324/386/320
f 324/386/320 140/202/139 318/380/314
f 325/387/321 138/200/137 140/202/139
f 321/383/317 325/387/321 324/386/320
f 138/200/137 325/387/321 135/197/134
f 322/384/318 135/197/134 325/387/321
f 325/387/321 321/383/317 322/384/318
f 140/202/139 324/386/320 325/387/321
f 326/388/322 137/199/136 136/198/135
f 137/199/136 326/388/322 139/201/138
f 213/275/212 327/389/323 115/177/115
f 276/338/275 115/177/115 327/389/323
f 327/389/323 213/275/212 212/274/211
f 212/274/211 242/304/241 327/389/323
f 327/389/323 328/390/324 276/338/275
f 328/390/324 327/389/323 242/304/241
f 280/342/278 276/338/275 328/390/324
f 329/391/325 242/304/241 241/303/240
f 242/304/241 329/391/325 328/390/324
f 141/203/140 330/392/326 241/303/240
f 330/392/326 141/203/140 143/205/142
f 241/303/240 330/392/326 329/391/325
f 328/390/324 331/393/327 280/342/278
f 331/393/327 328/390/324 329/391/325
f 284/346/281 280/342/278 331/393/327
f 332/394/328 329/391/325 330/392/326
f 329/391/325 332/394/328 331/393/327
f 143/205/142 333/395/329 330/392/326
f 330/392/326 333/395/329 332/394/328
f 331/393/327 334/396/330 284/346/281
f 288/350/284 284/346/281 334/396/330
f 334/396/330 331/393/327 332/394/328
f 332/394/328 335/397/331 334/396/330
f 335/397/331 332/394/328 333/395/329
f 333/395/329 336/398/332 335/397/331
f 337/399/333 143/205/142 142/204/141
f 333/395/329 143/205/142 337/399/333
f 337/399/333 336/398/332 333/395/329
f 142/204/141 338/400/334 337/399/333
f 339/401/335 334/396/330 335/397/331
f 339/401/335 145/207/144 123/185/123
f 123/185/123 288/350/284 339/401/335
f 334/396/330 339/401/335 288/350/284
f 145/207/144 339/401/335 340/402/336
f 340/402/336 146/208/145 145/207/144
f 340/402/336 335/397/331 336/398/332
f 335/397/331 340/402/336 339/401/335
f 146/208/145 340/402/336 341/403/337
f 341/403/337 336/398/332 337/399/333
f 336/398/332 341/403/337 340/402/336
f 342/404/338 337/399/333 338/400/334
f 337/399/333 342/404/338 341/403/337
f 144/206/143 146/208/145 343/405/339
f 343/405/339 341/403/337 342/404/338
f 341/403/337 343/405/339 146/208/145
f 342/404/338 344/406/340 343/405/339
f 344/406/340 342/404/338 345/407/341
f 338/400/334 345/407/341 342/404/338
f 345/407/341 346/408/342 344/406/340
f 343/405/339 347/409/343 144/206/143
f 124/186/124 144/206/143 347/409/343
f 348/410/344 347/409/343 343/405/339
f 343/405/339 344/406/340 348/410/344
f 349/411/345 348/410/344 344/406/340
f 344/406/340 346/408/342 349/411/345
f 237/299/236 236/298/235 350/412/346
f 338/400/334 142/204/141 351/413/347
f 350/412/346 351/413/347 237/299/236
f 237/299/236 351/413/347 142/204/141
f 236/298/235 238/300/237 352/414/348
f 352/414/348 350/412/346 236/298/235
f 353/415/349 350/412/346 352/414/348
f 351/413/347 354/416/350 338/400/334
f 354/416/350 351/413/347 350/412/346
f 345/407/341 338/400/334 354/416/350
f 350/412/346 353/415/349 354/416/350
f 352/414/348 355/417/351 353/415/349
f 356/418/352 353/415/349 355/417/351
f 354/416/350 357/419/353 345/407/341
f 357/419/353 354/416/350 353/415/349
f 353/415/349 356/418/352 357/419/353
f 358/420/354 356/418/352 355/417/351
f 359/421/355 357/419/353 356/418/352
f 359/421/355 346/408/342 345/407/341
f 345/407/341 357/419/353 359/421/355
f 356/418/352 358/420/354 359/421/355
f 355/417/351 360/422/356 358/420/354
f 346/408/342 359/421/355 361/423/357
f 361/423/357 359/421/355 358/420/354
f 361/423/357 349/411/345 346/408/342
f 360/422/356 362/424/358 358/420/354
f 358/420/354 362/424/358 361/423/357
f 311/373/307 310/372/306 363/425/359
f 128/190/127 363/425/359 310/372/306
f 347/409/343 364/426/360 124/186/124
f 364/426/360 347/409/343 348/410/344
f 348/410/344 365/427/361 364/426/360
f 363/425/359 366/428/362 311/373/307
f 366/428/362 363/425/359 367/429/363
f 367/429/363 363/425/359 128/190/127
f 128/190/127 127/189/121 367/429/363
f 368/430/364 365/427/361 348/410/344
f 348/410/344 349/411/345 368/430/364
f 369/431/364 312/374/308 311/373/307
f 311/373/307 366/428/362 369/431/364
f 349/411/345 361/423/357 370/432/365
f 370/432/365 368/430/364 349/411/345
f 361/423/357 362/424/358 371/433/366
f 371/433/366 370/432/365 361/423/357
f 372/434/367 323/385/319 312/374/308
f 312/374/308 369/431/364 372/434/367
f 373/435/366 136/198/135 323/385/319
f 323/385/319 372/434/367 373/435/366
f 362/424/358 360/422/356 374/436/368
f 374/436/368 371/433/366 362/424/358
f 136/198/135 373/435/366 375/437/369
f 136/198/135 376/438/370 326/388/322
f 375/437/369 376/438/370 136/198/135
f 377/439/363 364/426/360 365/427/361
f 377/439/363 121/183/121 124/186/124
f 124/186/124 364/426/360 377/439/363
f 378/440/371 379/441/351 380/442/372
f 380/442/372 381/443/373 378/440/371
f 378/440/371 381/443/373 382/444/374
f 380/442/372 379/441/351 383/445/348
f 383/445/348 384/446/375 380/442/372
f 385/447/315 384/446/375 383/445/348
f 383/445/348 386/448/376 385/447/315
f 386/448/376 387/449/377 388/450/378
f 388/450/378 385/447/315 386/448/376
f 389/451/261 388/450/378 387/449/377
f 387/449/377 390/452/234 389/451/261
f 391/453/272 392/454/379 393/455/380
f 389/451/261 390/452/234 394/456/381
f 394/456/381 393/455/380 389/451/261
f 393/455/380 394/456/381 391/453/272
f 395/457/382 396/458/383 397/459/384
f 392/454/379 391/453/272 397/459/384
f 397/459/384 396/458/383 392/454/379
f 397/459/384 398/460/385 395/457/382
f 399/461/386 395/457/382 398/460/385
f 398/460/385 400/462/387 399/461/386
f 401/463/388 399/461/386 400/462/387
f 402/464/389 403/465/389 404/466/390
f 404/466/390 405/467/389 402/464/389
f 406/468/391 407/469/392 408/470/393
f 408/470/393 409/471/393 406/468/391
f 410/472/394 411/473/395 412/474/396
f 412/474/396 413/475/396 410/472/394
f 414/476/397 415/477/398 416/478/399
f 416/478/399 417/479/400 414/476/397
f 418/480/401 419/481/401 420/482/402
f 420/482/402 421/483/403 418/480/401
o skull01.001
v 1.469966 0.792142 0.364565
v 1.489012 0.797962 0.377821
v 1.493541 0.817512 0.359242
v 1.430456 0.806330 0.345619
v 1.475722 0.842052 0.340151
v 1.412845 0.821234 0.337319
v 1.619719 0.603379 0.325453
v 1.725240 0.574374 0.326674
v 1.646405 0.587416 0.352260
v 1.763494 0.640946 0.302797
v 1.768619 0.709742 0.312367
v 1.772318 0.663923 0.327748
v 1.405557 0.927038 0.298695
v 1.323891 0.887103 0.286098
v 1.343365 0.931681 0.313539
v 1.592186 0.858563 0.406166
v 1.647608 0.920945 0.403835
v 1.609268 0.933335 0.403768
v 1.572627 0.864280 0.405599
v 1.582288 0.949748 0.403993
v 1.558960 0.873835 0.406288
v 1.544313 0.892063 0.406478
v 1.750167 1.224711 0.082387
v 1.809691 1.303715 0.156410
v 1.877441 1.245376 0.153285
v 1.818775 1.175084 0.079652
v 1.742670 1.326535 0.160512
v 1.809691 1.303715 0.156410
v 1.750167 1.224711 0.082387
v 1.688892 1.257324 0.085317
v 1.409821 0.939828 0.277113
v 1.406364 1.025408 0.328188
v 1.402176 1.056931 0.318276
v 1.674201 1.345850 0.162660
v 1.612463 1.281714 0.100160
v 1.575000 1.312104 0.161488
v 1.298966 0.830129 0.182777
v 1.393320 0.807550 0.122426
v 1.310118 0.796494 0.182582
v 1.289439 0.802502 0.210317
v 1.359740 0.759945 0.223500
v 1.284853 0.808838 0.229164
v 1.870805 0.842808 0.277113
v 1.745483 0.751776 0.242250
v 1.888964 0.857876 0.256410
v 1.869143 1.129148 0.090395
v 1.933231 1.181067 0.148598
v 1.951233 1.110382 0.143910
v 1.726182 0.835208 0.419243
v 1.724503 0.856423 0.419170
v 1.640989 0.839398 0.427211
v 1.645835 0.813312 0.422975
v 1.682659 0.826188 0.384071
v 1.623644 0.808028 0.378774
v 1.776052 0.823718 0.403200
v 1.786772 0.846646 0.397109
v 1.702956 0.812885 0.367763
v 1.573460 0.815702 0.427895
v 1.569327 0.779061 0.425752
v 1.575774 0.755530 0.391969
v 1.553102 0.819065 0.425331
v 1.540465 0.788338 0.429689
v 1.548305 0.741165 0.424544
v 1.524515 0.756973 0.423219
v 1.567749 0.714843 0.397194
v 1.635283 0.866090 0.406148
v 1.517454 0.800081 0.427138
v 1.537245 0.828405 0.424178
v 1.493702 0.824431 0.413904
v 1.516277 0.848472 0.420390
v 1.501239 0.769125 0.424587
v 1.482673 0.780481 0.405721
v 1.491171 0.902853 0.414063
v 1.476975 0.883839 0.407289
v 1.520079 0.929336 0.406081
v 1.459319 0.928911 0.400917
v 1.476499 0.948351 0.404756
v 1.498927 0.971902 0.398146
v 1.487763 0.822099 0.388759
v 1.488866 0.859100 0.379848
v 1.480637 0.888957 0.366664
v 1.438310 0.986306 0.385390
v 1.425335 0.960398 0.385365
v 1.456370 0.903348 0.351186
v 1.450023 1.015587 0.374037
v 1.376746 0.974934 0.352797
v 1.379361 0.947979 0.356557
v 1.389016 1.005509 0.338246
v 1.417522 0.902901 0.338735
v 1.327870 0.926848 0.335219
v 1.348489 0.910900 0.343129
v 1.404085 0.879138 0.329946
v 1.333419 0.881766 0.346987
v 1.290068 0.880721 0.335707
v 1.383838 0.861548 0.330531
v 1.274426 0.872531 0.316762
v 1.354945 0.829309 0.362709
v 1.311692 0.815572 0.363149
v 1.347108 0.790841 0.375038
v 1.382690 0.808850 0.372817
v 1.420158 0.756956 0.398097
v 1.439510 0.781655 0.392580
v 1.397514 0.721196 0.380263
v 1.333042 0.766611 0.356606
v 1.283610 0.790325 0.342836
v 1.457976 0.743938 0.412311
v 1.420536 0.694028 0.403243
v 1.450248 0.863317 0.330190
v 1.399275 0.837805 0.330580
v 1.474294 0.733172 0.422884
v 1.439314 0.685211 0.417175
v 1.500129 0.709201 0.418935
v 1.474371 0.669274 0.426332
v 1.785701 0.861908 0.383241
v 1.709500 0.880215 0.401332
v 1.790007 0.802972 0.379140
v 1.812281 0.813144 0.374330
v 1.815263 0.832206 0.355678
v 1.710984 0.785489 0.349574
v 1.804838 0.750063 0.343373
v 1.779736 0.734209 0.355483
v 1.796081 0.780014 0.322670
v 1.745526 0.670732 0.344692
v 1.707718 0.741782 0.329994
v 1.696674 0.690688 0.324135
v 1.731549 0.604801 0.351186
v 1.708529 0.638057 0.354701
v 1.662688 0.674881 0.327016
v 1.654108 0.607100 0.370497
v 1.656641 0.648351 0.366713
v 1.632994 0.678988 0.344203
v 1.589626 0.690511 0.381606
v 1.582798 0.647982 0.385585
v 1.589199 0.733448 0.356508
v 1.563802 0.611986 0.369106
v 1.548819 0.675162 0.399635
v 1.588325 0.615116 0.333559
v 1.732477 0.581875 0.269985
v 1.751721 0.634689 0.261391
v 1.619185 0.613515 0.286586
v 1.725371 0.741145 0.279555
v 1.831895 0.818092 0.298500
v 1.849910 0.867778 0.336586
v 1.806085 0.900787 0.375771
v 1.532588 0.695826 0.421376
v 1.505455 0.649414 0.415580
v 1.524170 0.632811 0.396523
v 1.519887 0.571319 0.401613
v 1.553795 0.561449 0.373622
v 1.482962 0.587265 0.422261
v 1.438044 0.610128 0.420992
v 1.402671 0.624403 0.412865
v 1.366660 0.646826 0.395961
v 1.344805 0.675424 0.370155
v 1.634344 0.725643 0.319350
v 1.631081 0.762193 0.327602
v 1.627496 0.784906 0.344887
v 1.556690 0.991986 0.403432
v 1.523598 1.025684 0.398244
v 1.463168 1.056283 0.371156
v 1.264701 0.855958 0.293031
v 1.277732 0.766760 0.310610
v 1.345313 0.738422 0.325307
v 1.377569 0.712816 0.336977
v 1.357041 0.674876 0.336293
v 1.342753 0.631282 0.361537
v 1.364822 0.609522 0.391481
v 1.359615 0.637237 0.337270
v 1.392256 0.590259 0.413982
v 1.426544 0.580519 0.416635
v 1.461067 0.558236 0.417722
v 1.493362 0.540095 0.399526
v 1.513513 0.535259 0.369447
v 1.560835 0.570685 0.336586
v 1.519939 0.547590 0.340590
v 1.694833 1.086230 0.400820
v 1.661739 1.105598 0.398891
v 1.733151 1.068860 0.399526
v 1.712421 1.221136 0.371938
v 1.764187 1.200279 0.374403
v 1.764187 1.200279 0.374403
v 1.809777 1.174591 0.366982
v 1.748936 1.315465 0.306996
v 1.818079 1.279349 0.301723
v 1.818079 1.279349 0.301723
v 1.873798 1.239513 0.291860
v 1.760813 1.340194 0.235610
v 1.831799 1.304111 0.231996
v 1.831799 1.304111 0.231996
v 1.899338 1.260428 0.224770
v 1.682010 1.365371 0.236098
v 1.667635 1.340183 0.308949
v 1.641282 1.234523 0.364320
v 1.571829 1.328446 0.302016
v 1.565650 1.243357 0.360317
v 1.572540 1.343119 0.233656
v 1.457536 1.244817 0.286391
v 1.447062 1.257344 0.228481
v 1.478011 1.197559 0.332582
v 1.377818 1.115176 0.265590
v 1.376704 1.121907 0.223500
v 1.388932 1.092350 0.295668
v 1.393263 0.960279 0.249477
v 1.373505 0.966303 0.219203
v 1.612949 1.126177 0.394118
v 1.557851 1.139975 0.390505
v 1.483686 1.125768 0.364613
v 1.457219 1.226673 0.153090
v 1.379360 1.089155 0.161293
v 1.351096 0.949171 0.175746
v 1.349673 0.872532 0.262953
v 1.534021 1.159426 0.072621
v 1.469034 1.029345 0.072621
v 1.426316 0.937390 0.088637
v 1.288066 0.843310 0.351674
v 1.260250 0.822313 0.329701
v 1.333004 0.855172 0.354848
v 1.251459 0.802153 0.299281
v 1.283280 0.851031 0.260317
v 1.276198 0.805308 0.257387
v 1.345868 0.749033 0.269203
v 1.354180 0.873482 0.239223
v 1.341218 0.876936 0.217738
v 1.329158 0.873987 0.181215
v 1.404549 0.867675 0.102699
v 1.288409 0.849590 0.233559
v 1.287579 0.843343 0.211879
v 1.399401 0.774549 0.186879
v 1.728826 0.930753 0.400514
v 1.791258 1.041118 0.391713
v 1.861723 0.985768 0.360414
v 1.907350 0.925625 0.312758
v 1.871198 1.128853 0.349818
v 1.936244 1.060340 0.318031
v 1.953520 0.969272 0.279067
v 1.932603 1.180600 0.281899
v 1.976955 1.100919 0.267738
v 1.972239 0.990645 0.250258
v 1.891989 0.861823 0.231996
v 1.759790 0.733355 0.215492
v 1.958461 1.193859 0.215785
v 1.989094 1.109481 0.205043
v 1.975584 0.994101 0.198598
v 1.893005 0.855960 0.199965
v 1.934493 0.987070 0.138246
v 1.874006 0.847917 0.150746
v 1.782275 0.728870 0.196254
v 1.790495 0.727692 0.165199
v 1.805352 1.026606 0.064027
v 1.758108 0.897899 0.063442
v 1.710068 0.804813 0.076527
v 1.727505 0.601705 0.222524
v 1.745195 0.632543 0.224867
v 1.636532 0.642732 0.226820
v 1.721330 0.611202 0.194301
v 1.746955 0.634852 0.202699
v 1.644136 0.663285 0.181020
v 1.718626 0.621093 0.177504
v 1.754209 0.643762 0.188442
v 1.705858 0.650765 0.150160
v 1.750153 0.667916 0.163832
v 1.600565 0.723133 0.147426
v 1.666166 0.760543 0.089223
v 1.638282 0.728902 0.100160
v 1.628358 1.128275 0.046840
v 1.735952 1.074583 0.048598
v 1.625427 0.979426 0.041762
v 1.625427 0.979426 0.041762
v 1.683208 1.106976 0.045473
v 1.583937 0.884149 0.054848
v 1.583937 0.884149 0.054848
v 1.555187 0.826609 0.069692
v 1.536682 0.776240 0.090785
v 1.555187 0.826609 0.069692
v 1.536682 0.776240 0.090785
v 1.526029 0.766111 0.134731
v 1.526029 0.766111 0.134731
v 1.457212 0.788826 0.151918
v 1.683208 1.106976 0.045473
v 1.600565 0.723133 0.147426
v 1.644136 0.663285 0.181020
v 1.399401 0.774549 0.186879
v 1.457212 0.788826 0.151918
v 1.526029 0.766111 0.134731
v 1.636532 0.642732 0.226820
v 1.359740 0.759945 0.223500
v 1.345868 0.749033 0.269203
v 1.619185 0.613515 0.286586
v 1.619719 0.603379 0.325453
v 1.345313 0.738422 0.325307
v 1.377569 0.712816 0.336977
v 1.588325 0.615116 0.333559
v 1.519939 0.547590 0.340590
v 1.359615 0.637237 0.337270
v 1.357041 0.674876 0.336293
v 1.560835 0.570685 0.336586
v 1.364822 0.609522 0.391481
v 1.342753 0.631282 0.361537
v 1.513513 0.535259 0.369447
v 1.493362 0.540095 0.399526
v 1.392256 0.590259 0.413982
v 1.461067 0.558236 0.417722
v 1.426544 0.580519 0.416635
v 1.510725 0.504791 0.388173
v 1.532341 0.500209 0.370790
v 1.562552 0.588110 0.375600
v 1.540936 0.592692 0.392983
v 1.464747 0.524985 0.415014
v 1.493095 0.516858 0.400173
v 1.529119 0.601550 0.405239
v 1.500608 0.609571 0.420082
v 1.403538 0.558573 0.414913
v 1.438810 0.540154 0.415799
v 1.474886 0.610436 0.423805
v 1.439778 0.628960 0.422920
v 1.347286 0.575580 0.399574
v 1.380567 0.558431 0.415311
v 1.426776 0.657199 0.417818
v 1.393467 0.674390 0.402089
v 1.309922 0.595784 0.375649
v 1.332233 0.583324 0.396559
v 1.383963 0.679334 0.397182
v 1.361828 0.691879 0.376283
vn -0.2238 0.7690 0.5988
vn -0.8045 0.5853 0.1004
vn -0.7410 0.2692 0.6152
vn 0.0069 0.6328 0.7743
vn -0.4584 0.1015 0.8829
vn 0.0808 0.4885 0.8688
vn -0.3409 -0.9089 -0.2400
vn 0.3817 -0.8953 0.2294
vn -0.1005 -0.9251 0.3662
vn 0.9525 -0.1990 -0.2306
vn 0.6988 -0.0716 -0.7118
vn 0.9071 -0.2980 0.2973
vn -0.6564 0.5746 -0.4888
vn -0.3968 0.6968 -0.5974
vn -0.4223 0.6201 -0.6611
vn -0.0217 0.2691 0.9629
vn 0.0252 0.0201 0.9995
vn 0.0124 0.0203 0.9997
vn 0.0810 0.1820 0.9800
vn 0.0194 0.0226 0.9996
vn 0.1296 0.1226 0.9840
vn 0.1110 0.0922 0.9895
vn 0.1974 0.3884 -0.9001
vn 0.3711 0.7345 -0.5682
vn 0.5285 0.5732 -0.6263
vn 0.3006 0.2773 -0.9125
vn 0.2489 0.8059 -0.5371
vn 0.3710 0.7345 -0.5681
vn 0.0719 0.4371 -0.8966
vn -0.8962 0.3256 0.3012
vn -0.9184 0.2684 0.2907
vn -0.8114 0.0930 0.5770
vn 0.0021 0.8568 -0.5157
vn -0.1802 0.5274 -0.8303
vn -0.3927 0.7824 -0.4833
vn -0.7057 0.0998 -0.7015
vn -0.4537 -0.4667 -0.7591
vn -0.5426 -0.5628 -0.6236
vn -0.8329 -0.5122 -0.2094
vn -0.3892 -0.8342 -0.3907
vn -0.8974 -0.4036 -0.1781
vn 0.6990 -0.6753 0.2356
vn 0.8012 -0.4409 0.4046
vn 0.7507 -0.6547 0.0879
vn 0.4412 0.1298 -0.8880
vn 0.6395 0.3944 -0.6599
vn 0.7036 0.0748 -0.7066
vn 0.1908 -0.3338 0.9231
vn 0.1785 0.3047 0.9356
vn -0.0005 0.1847 0.9828
vn 0.2298 -0.4791 0.8471
vn 0.1112 -0.9021 0.4170
vn 0.5143 -0.7986 0.3127
vn 0.3225 -0.3741 0.8695
vn 0.5644 0.2612 0.7831
vn -0.0592 -0.6982 0.7135
vn -0.0421 0.1285 0.9908
vn 0.2341 -0.2311 0.9443
vn 0.7771 -0.3685 0.5103
vn 0.0109 0.1998 0.9798
vn 0.0112 0.0027 0.9999
vn 0.2422 -0.1724 0.9548
vn -0.0572 -0.1112 0.9921
vn 0.6103 -0.1260 0.7821
vn -0.0235 0.2881 0.9573
vn -0.2284 0.1125 0.9670
vn -0.0091 0.2100 0.9777
vn -0.5712 0.0201 0.8205
vn -0.0837 0.1003 0.9914
vn -0.2366 0.0740 0.9688
vn -0.5585 0.3931 0.7304
vn -0.1165 0.0864 0.9894
vn -0.7092 -0.1483 0.6893
vn 0.0431 0.1182 0.9921
vn -0.5762 -0.1274 0.8073
vn -0.1381 0.2040 0.9692
vn -0.1265 0.1981 0.9720
vn -0.9956 -0.0072 -0.0932
vn -0.9795 -0.1629 -0.1185
vn -0.8379 -0.4144 0.3551
vn -0.3038 0.3327 0.8928
vn -0.4919 -0.0914 0.8658
vn -0.4705 -0.4860 0.7365
vn -0.4134 0.3331 0.8475
vn -0.6172 0.3491 0.7051
vn -0.3467 -0.1790 0.9208
vn -0.7620 0.6459 0.0468
vn -0.1297 -0.4029 0.9060
vn -0.6060 0.5243 0.5983
vn -0.0849 -0.0425 0.9955
vn 0.0133 -0.1638 0.9864
vn 0.0346 0.2136 0.9763
vn -0.5520 0.4209 0.7198
vn 0.2075 0.0535 0.9768
vn -0.8148 0.5789 0.0302
vn 0.1045 0.4544 0.8846
vn -0.2927 0.0372 0.9555
vn -0.3071 0.0382 0.9509
vn 0.0383 0.5639 0.8249
vn -0.3211 0.1667 0.9322
vn -0.1377 0.5817 0.8017
vn -0.5920 0.0560 0.8040
vn -0.5303 -0.4957 0.6878
vn -0.5655 -0.3793 0.7324
vn -0.3737 0.2602 0.8903
vn -0.4623 0.2143 0.8604
vn -0.2340 -0.0591 0.9704
vn 0.1287 0.2723 0.9536
vn -0.1703 0.0898 0.9813
vn -0.3528 0.1370 0.9256
vn 0.0582 -0.0339 0.9977
vn 0.0436 -0.0291 0.9986
vn 0.5356 0.1860 0.8237
vn 0.1196 0.2401 0.9633
vn 0.1696 -0.4809 0.8602
vn 0.7156 -0.1407 0.6842
vn 0.8640 -0.1703 0.4739
vn -0.1832 -0.4589 0.8694
vn 0.9390 -0.3201 0.1260
vn 0.1211 -0.2980 0.9469
vn 0.8343 -0.4094 -0.3692
vn 0.1072 0.0177 0.9941
vn -0.2375 -0.1985 0.9509
vn -0.1843 0.1519 0.9710
vn 0.3976 -0.2958 0.8685
vn 0.1719 0.2495 0.9530
vn 0.1563 0.4271 0.8906
vn 0.1542 -0.2815 0.9471
vn 0.3322 0.3288 0.8841
vn 0.5512 0.5488 0.6284
vn 0.5466 0.1309 0.8271
vn 0.2319 -0.1778 0.9564
vn 0.7859 -0.0159 0.6181
vn 0.4341 -0.4700 0.7685
vn 0.4479 -0.2263 0.8650
vn -0.1580 -0.8092 -0.5659
vn 0.3836 -0.8691 -0.3122
vn 0.9799 -0.1267 -0.1540
vn -0.3470 -0.8736 -0.3412
vn 0.9291 -0.2879 -0.2320
vn 0.6740 -0.7105 0.2025
vn 0.6655 -0.3646 0.6512
vn 0.4319 -0.1015 0.8962
vn 0.2059 -0.1755 0.9627
vn 0.3314 -0.1596 0.9299
vn 0.4783 -0.1868 0.8581
vn 0.5120 -0.2369 0.8257
vn 0.7217 -0.4870 0.4918
vn 0.1863 -0.0943 0.9780
vn -0.1168 -0.0224 0.9929
vn -0.3092 0.0906 0.9467
vn -0.5294 0.1226 0.8394
vn -0.8581 0.3358 0.3884
vn 0.2270 0.0148 0.9738
vn 0.2336 -0.3439 0.9095
vn 0.3639 -0.6075 0.7060
vn -0.0388 0.0565 0.9977
vn -0.1891 0.1153 0.9752
vn -0.4713 0.2129 0.8559
vn -0.7973 0.5193 -0.3076
vn -0.6476 -0.7513 0.1271
vn -0.5082 -0.8553 0.1009
vn -0.6198 -0.4043 -0.6726
vn -0.4018 0.1043 -0.9098
vn -0.8850 -0.4348 -0.1663
vn -0.7466 -0.4783 0.4624
vn -0.3411 -0.2505 -0.9061
vn -0.4278 -0.2882 0.8567
vn -0.1217 -0.0867 0.9888
vn -0.0749 -0.4801 0.8740
vn 0.1298 -0.8279 0.5457
vn 0.0852 -0.9961 -0.0238
vn 0.3792 -0.3799 -0.8437
vn 0.0109 -0.5456 -0.8380
vn 0.0402 0.0998 0.9942
vn -0.0024 0.1395 0.9902
vn 0.1165 0.0767 0.9902
vn 0.0462 0.3763 0.9254
vn 0.1982 0.3089 0.9302
vn 0.3539 0.2681 0.8960
vn 0.2855 0.6780 0.6773
vn 0.4563 0.6266 0.6318
vn 0.5603 0.5480 0.6211
vn 0.3828 0.9212 0.0703
vn 0.4984 0.8580 0.1245
vn 0.4985 0.8579 0.1245
vn 0.6636 0.7431 0.0864
vn 0.0670 0.9970 0.0397
vn 0.0459 0.7000 0.7126
vn -0.0100 0.3989 0.9169
vn -0.3274 0.7344 0.5946
vn -0.2005 0.4275 0.8815
vn -0.3979 0.9155 -0.0594
vn -0.6619 0.5610 0.4971
vn -0.7364 0.6743 -0.0549
vn -0.5487 0.3801 0.7446
vn -0.9417 0.1927 0.2759
vn -0.9676 0.2499 -0.0359
vn -0.8291 0.1269 0.5445
vn -0.8712 0.1309 0.4731
vn -0.8882 0.1795 0.4230
vn -0.0297 0.1726 0.9845
vn -0.1639 0.2021 0.9656
vn -0.4693 0.2513 0.8466
vn -0.6174 0.5170 -0.5929
vn -0.8355 0.2522 -0.4882
vn -0.9481 0.2167 -0.2325
vn -0.5366 0.7566 -0.3736
vn -0.3235 0.2744 -0.9055
vn -0.3772 0.0912 -0.9216
vn -0.4496 -0.0039 -0.8932
vn -0.4182 0.1866 0.8890
vn -0.8360 -0.0081 0.5487
vn 0.0704 0.3209 0.9445
vn -0.9603 -0.2448 -0.1340
vn -0.7008 0.5891 -0.4023
vn -0.8358 -0.3431 -0.4287
vn -0.4469 -0.8337 -0.3244
vn -0.6962 0.6829 0.2210
vn -0.7198 0.6213 0.3095
vn -0.7885 0.3727 -0.4893
vn -0.4704 -0.1026 -0.8765
vn -0.7840 0.6103 -0.1134
vn -0.8741 0.4318 -0.2222
vn -0.2363 -0.7920 -0.5629
vn 0.1472 -0.0247 0.9888
vn 0.2688 0.0359 0.9625
vn 0.4800 -0.0833 0.8733
vn 0.6872 -0.3308 0.6467
vn 0.4795 0.1954 0.8555
vn 0.6412 0.0275 0.7669
vn 0.8225 -0.3171 0.4721
vn 0.6762 0.4077 0.6136
vn 0.8631 0.1339 0.4869
vn 0.9291 -0.3003 0.2159
vn 0.7608 -0.6407 0.1033
vn 0.6914 -0.3392 0.6379
vn 0.8527 0.5222 -0.0116
vn 0.9743 0.1263 -0.1864
vn 0.9160 -0.2988 -0.2678
vn 0.8067 -0.5893 -0.0443
vn 0.6560 -0.2083 -0.7255
vn 0.6753 -0.4508 -0.5837
vn 0.7565 -0.4530 0.4716
vn 0.7332 -0.5389 -0.4148
vn 0.3199 -0.0484 -0.9462
vn 0.2603 -0.1922 -0.9462
vn 0.2088 -0.3288 -0.9210
vn 0.2947 -0.9127 -0.2829
vn 0.9553 -0.2956 -0.0079
vn -0.3796 -0.8214 -0.4258
vn 0.1147 -0.9001 -0.4203
vn 0.8756 -0.4818 0.0346
vn -0.4109 -0.7349 -0.5395
vn 0.0814 -0.7656 -0.6382
vn 0.8170 -0.5100 -0.2692
vn 0.0529 -0.5847 -0.8095
vn 0.5940 -0.4178 -0.6874
vn -0.3877 -0.7124 -0.5849
vn 0.1177 -0.3749 -0.9195
vn -0.1009 -0.5367 -0.8377
vn -0.0798 0.1700 -0.9822
vn 0.1580 0.0429 -0.9865
vn -0.0417 -0.0505 -0.9978
vn -0.0417 -0.0506 -0.9978
vn 0.0686 0.1216 -0.9902
vn -0.0925 -0.1461 -0.9849
vn -0.1424 -0.2436 -0.9594
vn -0.2381 -0.5341 -0.8112
vn -0.1425 -0.2436 -0.9594
vn -0.3539 -0.8674 -0.3498
vn -0.3538 -0.8675 -0.3497
vn -0.2618 -0.8484 -0.4602
vn 0.0687 0.1216 -0.9902
vn -0.3877 -0.7124 -0.5850
vn -0.2364 -0.7919 -0.5630
vn -0.2618 -0.8483 -0.4603
vn -0.3891 -0.8342 -0.3908
vn -0.3471 -0.8735 -0.3413
vn -0.3409 -0.9089 -0.2401
vn -0.5082 -0.8553 0.1008
vn -0.3411 -0.2504 -0.9061
vn -0.4020 0.1043 -0.9097
vn -0.7466 -0.4782 0.4624
vn -0.8850 -0.4348 -0.1661
vn 0.0852 -0.9961 -0.0237
vn 0.1299 -0.8279 0.5457
vn -0.4278 -0.2881 0.8567
vn 0.5755 -0.2404 0.7817
vn 0.4012 -0.2237 0.8883
vn 0.4010 -0.2237 0.8884
vn 0.4012 -0.2238 0.8882
vn -0.0665 -0.0791 0.9946
vn -0.0664 -0.0788 0.9947
vn -0.0664 -0.0789 0.9947
vn -0.3603 0.1449 0.9215
vn -0.3602 0.1448 0.9216
vn -0.3604 0.1451 0.9214
vn -0.3603 0.1450 0.9215
vn -0.5608 0.2975 0.7726
vn -0.5610 0.2975 0.7725
vn -0.5610 0.2974 0.7726
vt 0.409180 0.562500
vt 0.418701 0.567627
vt 0.408936 0.570801
vt 0.390625 0.563232
vt 0.399170 0.580811
vt 0.383789 0.567383
vt 0.664551 0.471680
vt 0.669434 0.529541
vt 0.638184 0.492188
vt 0.686523 0.574219
vt 0.668457 0.606445
vt 0.662109 0.579346
vt 0.296875 0.627441
vt 0.284668 0.589355
vt 0.315918 0.609863
vt 0.492188 0.629150
vt 0.505859 0.666260
vt 0.485352 0.658936
vt 0.485840 0.628662
vt 0.469971 0.666504
vt 0.479004 0.627930
vt 0.468018 0.633301
vt 0.880859 0.956818
vt 0.769531 0.992104
vt 0.768066 0.933533
vt 0.855957 0.904846
vt 0.229126 0.944305
vt 0.223145 0.988106
vt 0.119385 0.943329
vt 0.142578 0.908020
vt 0.280273 0.632324
vt 0.333252 0.668945
vt 0.326660 0.683594
vt 0.231567 0.909729
vt 0.165894 0.869995
vt 0.225830 0.853516
vt 0.189697 0.582031
vt 0.102661 0.606934
vt 0.178223 0.563721
vt 0.202148 0.555420
vt 0.197998 0.508545
vt 0.223511 0.551025
vt 0.690918 0.701904
vt 0.732422 0.625244
vt 0.706543 0.714355
vt 0.840820 0.873413
vt 0.770020 0.886047
vt 0.775391 0.853638
vt 0.556152 0.636719
vt 0.550781 0.644043
vt 0.524902 0.617188
vt 0.533203 0.610107
vt 0.561035 0.600342
vt 0.557617 0.583740
vt 0.578125 0.642578
vt 0.579590 0.656250
vt 0.571289 0.604492
vt 0.500000 0.589844
vt 0.507813 0.571289
vt 0.549316 0.560303
vt 0.490234 0.589844
vt 0.491455 0.570313
vt 0.505371 0.545654
vt 0.489502 0.546143
vt 0.547852 0.531982
vt 0.509277 0.641357
vt 0.475098 0.570313
vt 0.480469 0.590332
vt 0.453125 0.581055
vt 0.465820 0.594727
vt 0.472900 0.547363
vt 0.443848 0.549561
vt 0.439453 0.621826
vt 0.435059 0.609131
vt 0.447998 0.642334
vt 0.419678 0.627686
vt 0.426025 0.639160
vt 0.429199 0.659180
vt 0.424072 0.574219
vt 0.418701 0.587402
vt 0.407471 0.593994
vt 0.397461 0.649658
vt 0.395752 0.636719
vt 0.394287 0.596924
vt 0.387939 0.669189
vt 0.354980 0.630371
vt 0.363770 0.618896
vt 0.341064 0.653320
vt 0.380859 0.592041
vt 0.334473 0.595459
vt 0.350586 0.590820
vt 0.377197 0.585693
vt 0.349854 0.574707
vt 0.324951 0.567871
vt 0.373291 0.579834
vt 0.309082 0.565918
vt 0.367432 0.547852
vt 0.350830 0.536621
vt 0.365967 0.526123
vt 0.381104 0.541016
vt 0.419678 0.513184
vt 0.420166 0.533447
vt 0.406982 0.485352
vt 0.350586 0.504150
vt 0.327393 0.526123
vt 0.448242 0.520020
vt 0.434326 0.474121
vt 0.388184 0.583008
vt 0.378174 0.572510
vt 0.466309 0.518311
vt 0.457031 0.477051
vt 0.488525 0.514893
vt 0.486816 0.476563
vt 0.585449 0.670166
vt 0.539551 0.664307
vt 0.595215 0.639160
vt 0.604980 0.650635
vt 0.618652 0.666748
vt 0.587891 0.598877
vt 0.638672 0.626465
vt 0.624512 0.608643
vt 0.662109 0.641113
vt 0.636719 0.571777
vt 0.603027 0.585693
vt 0.609375 0.565918
vt 0.647949 0.541748
vt 0.628418 0.543945
vt 0.604492 0.556641
vt 0.619629 0.509033
vt 0.609863 0.528076
vt 0.593750 0.546875
vt 0.564941 0.528076
vt 0.574219 0.499023
vt 0.565918 0.555908
vt 0.583008 0.466309
vt 0.541992 0.501221
vt 0.651367 0.461914
vt 0.722656 0.539795
vt 0.726074 0.572266
vt 0.701660 0.472656
vt 0.704590 0.618408
vt 0.676758 0.680664
vt 0.635742 0.691650
vt 0.588867 0.692383
vt 0.511230 0.513184
vt 0.516113 0.473633
vt 0.544434 0.469727
vt 0.545898 0.423828
vt 0.584961 0.424316
vt 0.509766 0.426270
vt 0.482666 0.428223
vt 0.452881 0.425781
vt 0.420898 0.426270
vt 0.383789 0.433594
vt 0.593750 0.563477
vt 0.587891 0.571533
vt 0.577148 0.578125
vt 0.448975 0.677002
vt 0.428711 0.685791
vt 0.385010 0.689941
vt 0.291992 0.562012
vt 0.299805 0.512695
vt 0.323486 0.482422
vt 0.336670 0.468262
vt 0.344727 0.439941
vt 0.375244 0.414551
vt 0.415527 0.407715
vt 0.343506 0.420410
vt 0.453857 0.403809
vt 0.482666 0.405273
vt 0.513184 0.401855
vt 0.548340 0.398438
vt 0.588379 0.398926
vt 0.637207 0.433594
vt 0.625977 0.406250
vt 0.489990 0.771973
vt 0.468750 0.767700
vt 0.513672 0.766479
vt 0.440918 0.838013
vt 0.468506 0.853271
vt 0.522461 0.848633
vt 0.549805 0.836914
vt 0.375977 0.903931
vt 0.400635 0.951904
vt 0.599609 0.927917
vt 0.628418 0.901428
vt 0.309082 0.941315
vt 0.319580 0.992104
vt 0.673828 0.969604
vt 0.693359 0.924133
vt 0.298096 0.897949
vt 0.355469 0.866333
vt 0.409668 0.812744
vt 0.334473 0.829956
vt 0.383545 0.790039
vt 0.282959 0.848877
vt 0.309814 0.772217
vt 0.266602 0.784058
vt 0.349121 0.756958
vt 0.282959 0.712891
vt 0.250244 0.724609
vt 0.305176 0.701416
vt 0.262695 0.645264
vt 0.233398 0.652344
vt 0.439697 0.760498
vt 0.414795 0.749512
vt 0.382568 0.725342
vt 0.208374 0.792114
vt 0.200684 0.722168
vt 0.197021 0.647217
vt 0.264648 0.605225
vt 0.123047 0.808105
vt 0.102661 0.743164
vt 0.105469 0.689453
vt 0.337402 0.548584
vt 0.315430 0.542236
vt 0.351807 0.560303
vt 0.292480 0.536621
vt 0.260254 0.567627
vt 0.250000 0.540039
vt 0.246704 0.492676
vt 0.244629 0.607178
vt 0.227051 0.609619
vt 0.193237 0.610840
vt 0.106079 0.645996
vt 0.234741 0.573242
vt 0.212891 0.576904
vt 0.148682 0.531250
vt 0.540039 0.689453
vt 0.547852 0.758911
vt 0.598145 0.745850
vt 0.655273 0.736572
vt 0.589844 0.819092
vt 0.640137 0.798096
vt 0.684082 0.768677
vt 0.654297 0.863770
vt 0.676758 0.827271
vt 0.699707 0.782593
vt 0.729004 0.720703
vt 0.754883 0.630615
vt 0.710938 0.879333
vt 0.728027 0.841309
vt 0.743164 0.796143
vt 0.756348 0.723389
vt 0.790039 0.796143
vt 0.796387 0.728027
vt 0.775391 0.640869
vt 0.800293 0.646729
vt 0.883789 0.829590
vt 0.903809 0.759521
vt 0.909180 0.702393
vt 0.769531 0.557129
vt 0.762207 0.577881
vt 0.791016 0.508545
vt 0.797852 0.568115
vt 0.782227 0.585938
vt 0.844727 0.544434
vt 0.813965 0.580322
vt 0.795410 0.596680
vt 0.836426 0.594727
vt 0.808594 0.614014
vt 0.909668 0.561035
vt 0.919434 0.661377
vt 0.917480 0.637695
vt 0.081482 0.846924
vt 0.913574 0.857056
vt 0.987793 0.782104
vt 0.006298 0.768921
vt 0.052887 0.868042
vt 0.992188 0.721191
vt 0.002499 0.709717
vt 0.988770 0.668213
vt 0.981934 0.624023
vt 0.007996 0.658447
vt 0.014793 0.615479
vt 0.961426 0.549805
vt 0.041687 0.546143
vt 0.094849 0.549316
vt 0.951172 0.884521
vt 0.018494 0.360840
vt 0.052582 0.324219
vt 0.062500 0.466797
vt 0.027695 0.439941
vt 0.014297 0.400879
vt 0.098083 0.318359
vt 0.102356 0.476563
vt 0.141479 0.480957
vt 0.168335 0.320801
vt 0.197876 0.318359
vt 0.204102 0.479980
vt 0.210938 0.466309
vt 0.206787 0.326172
vt 0.249390 0.338379
vt 0.246094 0.458984
vt 0.231567 0.459961
vt 0.228271 0.335449
vt 0.299561 0.438965
vt 0.270996 0.453613
vt 0.276367 0.349609
vt 0.306396 0.355469
vt 0.322510 0.420410
vt 0.323486 0.375977
vt 0.328125 0.398926
vt 0.881836 0.428711
vt 0.937988 0.428711
vt 0.937988 0.545654
vt 0.881836 0.545654
vt 0.823730 0.410645
vt 0.879883 0.410645
vt 0.879883 0.527588
vt 0.823730 0.527588
vt 0.765625 0.379395
vt 0.821777 0.379395
vt 0.821777 0.496582
vt 0.765625 0.496582
vt 0.707520 0.355957
vt 0.763672 0.355957
vt 0.763672 0.473145
vt 0.707520 0.473145
vt 0.939941 0.428711
vt 0.996582 0.428711
vt 0.996582 0.545654
vt 0.939941 0.545654
s 1
usemtl gs_skull.001
f 422/484/404 423/485/405 424/486/406
f 425/487/407 422/484/404 424/486/406
f 424/486/406 426/488/408 425/487/407
f 425/487/407 426/488/408 427/489/409
f 428/490/410 429/491/411 430/492/412
f 431/493/413 432/494/414 433/495/415
f 429/491/411 431/493/413 433/495/415
f 434/496/416 435/497/417 436/498/418
f 437/499/419 438/500/420 439/501/421
f 439/501/421 440/502/422 437/499/419
f 439/501/421 441/503/423 442/504/424
f 441/503/423 443/505/425 442/504/424
f 442/504/424 440/502/422 439/501/421
f 444/506/426 445/507/427 446/508/428
f 446/508/428 447/509/429 444/506/426
f 448/510/430 449/511/431 450/512/426
f 450/512/426 451/513/432 448/510/430
f 452/514/433 434/496/416 453/515/434
f 453/515/434 454/516/435 452/514/433
f 435/497/417 434/496/416 452/514/433
f 455/517/436 448/510/430 451/513/432
f 451/513/432 456/518/437 455/517/436
f 455/517/436 456/518/437 457/519/438
f 458/520/439 459/521/440 460/522/441
f 458/520/439 460/522/441 461/523/442
f 462/524/443 461/523/442 460/522/441
f 461/523/442 462/524/443 463/525/444
f 464/526/445 465/527/446 466/528/447
f 467/529/448 447/509/429 446/508/428
f 446/508/428 468/530/449 467/529/448
f 469/531/450 467/529/448 468/530/449
f 470/532/451 471/533/452 472/534/453
f 472/534/453 473/535/454 470/532/451
f 474/536/455 470/532/451 473/535/454
f 473/535/454 475/537/456 474/536/455
f 471/533/452 470/532/451 476/538/457
f 476/538/457 470/532/451 474/536/455
f 476/538/457 477/539/458 471/533/452
f 474/536/455 478/540/459 476/538/457
f 478/540/459 474/536/455 475/537/456
f 437/499/419 479/541/460 472/534/453
f 473/535/454 472/534/453 479/541/460
f 479/541/460 437/499/419 440/502/422
f 479/541/460 480/542/461 473/535/454
f 481/543/462 475/537/456 473/535/454
f 473/535/454 480/542/461 481/543/462
f 480/542/461 479/541/460 482/544/463
f 440/502/422 482/544/463 479/541/460
f 482/544/463 483/545/464 480/542/461
f 481/543/462 480/542/461 484/546/465
f 484/546/465 480/542/461 483/545/464
f 483/545/464 485/547/466 484/546/465
f 484/546/465 486/548/467 481/543/462
f 437/499/419 487/549/468 438/500/420
f 487/549/468 472/534/453 471/533/452
f 472/534/453 487/549/468 437/499/419
f 488/550/469 483/545/464 482/544/463
f 489/551/470 482/544/463 440/502/422
f 440/502/422 442/504/424 489/551/470
f 482/544/463 489/551/470 488/550/469
f 490/552/471 488/550/469 489/551/470
f 442/504/424 443/505/425 491/553/472
f 489/551/470 491/553/472 490/552/471
f 491/553/472 489/551/470 442/504/424
f 492/554/473 485/547/466 483/545/464
f 483/545/464 488/550/469 492/554/473
f 488/550/469 490/552/471 493/555/474
f 493/555/474 492/554/473 488/550/469
f 494/556/475 491/553/472 443/505/425
f 491/553/472 494/556/475 495/557/476
f 495/557/476 490/552/471 491/553/472
f 496/558/477 443/505/425 441/503/423
f 443/505/425 496/558/477 494/556/475
f 497/559/478 495/557/476 494/556/475
f 498/560/479 494/556/475 496/558/477
f 494/556/475 498/560/479 497/559/478
f 496/558/477 499/561/480 498/560/479
f 500/562/481 490/552/471 495/557/476
f 495/557/476 501/563/482 500/562/481
f 493/555/474 490/552/471 500/562/481
f 424/486/406 423/485/405 500/562/481
f 500/562/481 501/563/482 424/486/406
f 500/562/481 423/485/405 493/555/474
f 424/486/406 501/563/482 502/564/483
f 502/564/483 501/563/482 495/557/476
f 495/557/476 497/559/478 502/564/483
f 502/564/483 426/488/408 424/486/406
f 503/565/484 498/560/479 499/561/480
f 498/560/479 503/565/484 504/566/485
f 504/566/485 497/559/478 498/560/479
f 502/564/483 497/559/478 504/566/485
f 426/488/408 502/564/483 505/567/486
f 504/566/485 505/567/486 502/564/483
f 499/561/480 506/568/487 503/565/484
f 507/569/488 503/565/484 506/568/487
f 504/566/485 503/565/484 507/569/488
f 507/569/488 508/570/489 504/566/485
f 505/567/486 504/566/485 508/570/489
f 453/515/434 509/571/490 506/568/487
f 506/568/487 509/571/490 507/569/488
f 507/569/488 509/571/490 436/498/418
f 434/496/416 436/498/418 509/571/490
f 509/571/490 453/515/434 434/496/416
f 508/570/489 510/572/491 505/567/486
f 508/570/489 507/569/488 511/573/492
f 436/498/418 511/573/492 507/569/488
f 511/573/492 512/574/493 508/570/489
f 510/572/491 508/570/489 512/574/493
f 512/574/493 513/575/494 510/572/491
f 514/576/495 512/574/493 511/573/492
f 511/573/492 515/577/496 514/576/495
f 512/574/493 514/576/495 516/578/497
f 516/578/497 513/575/494 512/574/493
f 517/579/498 436/498/418 435/497/417
f 517/579/498 515/577/496 511/573/492
f 511/573/492 436/498/418 517/579/498
f 518/580/499 519/581/500 520/582/501
f 520/582/501 521/583/502 518/580/499
f 427/489/409 518/580/499 521/583/502
f 521/583/502 425/487/407 427/489/409
f 422/484/404 425/487/407 521/583/502
f 521/583/502 520/582/501 522/584/503
f 521/583/502 523/585/504 422/484/404
f 522/584/503 523/585/504 521/583/502
f 523/585/504 493/555/474 423/485/405
f 423/485/405 422/484/404 523/585/504
f 524/586/505 522/584/503 520/582/501
f 525/587/506 520/582/501 519/581/500
f 520/582/501 525/587/506 524/586/505
f 519/581/500 526/588/507 525/587/506
f 523/585/504 522/584/503 527/589/508
f 492/554/473 493/555/474 527/589/508
f 527/589/508 493/555/474 523/585/504
f 528/590/509 527/589/508 522/584/503
f 522/584/503 524/586/505 528/590/509
f 427/489/409 426/488/408 529/591/510
f 510/572/491 513/575/494 529/591/510
f 505/567/486 529/591/510 426/488/408
f 529/591/510 505/567/486 510/572/491
f 529/591/510 530/592/511 427/489/409
f 518/580/499 427/489/409 530/592/511
f 530/592/511 529/591/510 513/575/494
f 513/575/494 516/578/497 530/592/511
f 527/589/508 531/593/512 492/554/473
f 485/547/466 492/554/473 531/593/512
f 532/594/513 531/593/512 527/589/508
f 527/589/508 528/590/509 532/594/513
f 531/593/512 533/595/514 485/547/466
f 484/546/465 485/547/466 533/595/514
f 531/593/512 532/594/513 534/596/515
f 534/596/515 533/595/514 531/593/512
f 477/539/458 535/597/516 536/598/517
f 536/598/517 471/533/452 477/539/458
f 438/500/420 487/549/468 536/598/517
f 471/533/452 536/598/517 487/549/468
f 477/539/458 476/538/457 537/599/518
f 537/599/518 476/538/457 478/540/459
f 535/597/516 477/539/458 538/600/519
f 537/599/518 538/600/519 477/539/458
f 538/600/519 539/601/520 535/597/516
f 478/540/459 540/602/521 537/599/518
f 539/601/520 538/600/519 541/603/522
f 541/603/522 538/600/519 537/599/518
f 541/603/522 433/495/415 432/494/414
f 433/495/415 541/603/522 542/604/523
f 542/604/523 537/599/518 540/602/521
f 537/599/518 542/604/523 541/603/522
f 541/603/522 543/605/524 539/601/520
f 432/494/414 543/605/524 541/603/522
f 542/604/523 544/606/525 433/495/415
f 540/602/521 545/607/526 542/604/523
f 544/606/525 542/604/523 545/607/526
f 545/607/526 546/608/527 544/606/525
f 433/495/415 547/609/528 429/491/411
f 547/609/528 433/495/415 544/606/525
f 430/492/412 429/491/411 547/609/528
f 544/606/525 548/610/529 547/609/528
f 548/610/529 544/606/525 546/608/527
f 546/608/527 549/611/530 548/610/529
f 547/609/528 550/612/531 430/492/412
f 550/612/531 547/609/528 548/610/529
f 551/613/532 548/610/529 549/611/530
f 548/610/529 551/613/532 550/612/531
f 549/611/530 552/614/533 551/613/532
f 481/543/462 486/548/467 553/615/534
f 553/615/534 551/613/532 552/614/533
f 551/613/532 553/615/534 554/616/535
f 554/616/535 550/612/531 551/613/532
f 552/614/533 555/617/536 553/615/534
f 475/537/456 481/543/462 555/617/536
f 553/615/534 555/617/536 481/543/462
f 556/618/537 430/492/412 550/612/531
f 550/612/531 554/616/535 556/618/537
f 557/619/538 554/616/535 553/615/534
f 553/615/534 486/548/467 557/619/538
f 558/620/539 428/490/410 430/492/412
f 430/492/412 556/618/537 558/620/539
f 431/493/413 429/491/411 559/621/540
f 559/621/540 560/622/541 431/493/413
f 561/623/542 559/621/540 429/491/411
f 429/491/411 428/490/410 561/623/542
f 562/624/543 432/494/414 431/493/413
f 543/605/524 432/494/414 562/624/543
f 431/493/413 560/622/541 562/624/543
f 465/527/446 562/624/543 560/622/541
f 562/624/543 563/625/544 543/605/524
f 563/625/544 562/624/543 465/527/446
f 465/527/446 464/526/445 563/625/544
f 543/605/524 563/625/544 564/626/545
f 564/626/545 539/601/520 543/605/524
f 564/626/545 563/625/544 464/526/445
f 539/601/520 564/626/545 565/627/546
f 565/627/546 535/597/516 539/601/520
f 566/628/547 557/619/538 486/548/467
f 486/548/467 484/546/465 566/628/547
f 533/595/514 566/628/547 484/546/465
f 567/629/548 566/628/547 533/595/514
f 533/595/514 534/596/515 567/629/548
f 557/619/538 566/628/547 567/629/548
f 554/616/535 557/619/538 568/630/549
f 567/629/548 568/630/549 557/619/538
f 568/630/549 556/618/537 554/616/535
f 556/618/537 568/630/549 569/631/550
f 569/631/550 570/632/551 556/618/537
f 568/630/549 567/629/548 571/633/552
f 571/633/552 569/631/550 568/630/549
f 572/634/553 571/633/552 567/629/548
f 567/629/548 534/596/515 572/634/553
f 572/634/553 534/596/515 532/594/513
f 573/635/554 532/594/513 528/590/509
f 532/594/513 573/635/554 572/634/553
f 528/590/509 574/636/555 573/635/554
f 574/636/555 528/590/509 524/586/505
f 524/586/505 575/637/556 574/636/555
f 552/614/533 549/611/530 576/638/557
f 576/638/557 549/611/530 546/608/527
f 546/608/527 545/607/526 576/638/557
f 576/638/557 555/617/536 552/614/533
f 576/638/557 577/639/558 555/617/536
f 545/607/526 540/602/521 577/639/558
f 577/639/558 576/638/557 545/607/526
f 578/640/559 555/617/536 577/639/558
f 540/602/521 478/540/459 578/640/559
f 578/640/559 577/639/558 540/602/521
f 555/617/536 578/640/559 475/537/456
f 475/537/456 578/640/559 478/540/459
f 499/561/480 496/558/477 579/641/560
f 441/503/423 579/641/560 496/558/477
f 506/568/487 499/561/480 580/642/561
f 579/641/560 580/642/561 499/561/480
f 580/642/561 581/643/562 506/568/487
f 506/568/487 581/643/562 453/515/434
f 454/516/435 453/515/434 581/643/562
f 435/497/417 582/644/563 517/579/498
f 526/588/507 583/645/564 584/646/565
f 584/646/565 525/587/506 526/588/507
f 585/647/566 524/586/505 525/587/506
f 575/637/556 524/586/505 585/647/566
f 525/587/506 584/646/565 585/647/566
f 585/647/566 586/648/567 575/637/556
f 587/649/568 575/637/556 586/648/567
f 574/636/555 575/637/556 587/649/568
f 587/649/568 588/650/569 574/636/555
f 573/635/554 574/636/555 588/650/569
f 586/648/567 589/651/570 587/649/568
f 588/650/569 590/652/571 573/635/554
f 573/635/554 590/652/571 591/653/572
f 591/653/572 572/634/553 573/635/554
f 592/654/573 571/633/552 572/634/553
f 572/634/553 591/653/572 592/654/573
f 571/633/552 592/654/573 593/655/574
f 593/655/574 569/631/550 571/633/552
f 594/656/575 570/632/551 569/631/550
f 569/631/550 593/655/574 594/656/575
f 595/657/576 558/620/539 556/618/537
f 556/618/537 570/632/551 595/657/576
f 596/658/577 595/657/576 570/632/551
f 570/632/551 594/656/575 596/658/577
f 597/659/578 439/501/421 438/500/420
f 441/503/423 439/501/421 597/659/578
f 579/641/560 441/503/423 598/660/579
f 597/659/578 598/660/579 441/503/423
f 438/500/420 599/661/580 597/659/578
f 600/662/581 598/660/579 597/659/578
f 597/659/578 601/663/582 600/662/581
f 602/664/582 597/659/578 599/661/580
f 599/661/580 603/665/583 602/664/582
f 604/666/584 600/662/581 601/663/582
f 601/663/582 605/667/585 604/666/584
f 606/668/585 602/664/582 603/665/583
f 603/665/583 607/669/586 606/668/585
f 608/670/587 604/666/584 605/667/585
f 605/667/585 609/671/588 608/670/587
f 448/510/430 608/670/587 609/671/588
f 609/671/588 449/511/431 448/510/430
f 610/672/589 606/668/585 607/669/586
f 445/507/427 610/672/589 611/673/590
f 611/673/590 446/508/428 445/507/427
f 607/669/586 611/673/590 610/672/589
f 612/674/591 608/670/587 448/510/430
f 448/510/430 455/517/436 612/674/591
f 604/666/584 608/670/587 612/674/591
f 612/674/591 613/675/592 604/666/584
f 614/676/593 600/662/581 604/666/584
f 604/666/584 613/675/592 614/676/593
f 615/677/594 613/675/592 612/674/591
f 614/676/593 613/675/592 615/677/594
f 615/677/594 616/678/595 614/676/593
f 617/679/596 612/674/591 455/517/436
f 455/517/436 457/519/438 617/679/596
f 612/674/591 617/679/596 615/677/594
f 618/680/597 615/677/594 617/679/596
f 619/681/598 617/679/596 457/519/438
f 617/679/596 619/681/598 618/680/597
f 620/682/599 616/678/595 615/677/594
f 615/677/594 618/680/597 620/682/599
f 621/683/600 618/680/597 619/681/598
f 619/681/598 622/684/601 621/683/600
f 623/685/602 620/682/599 618/680/597
f 620/682/599 623/685/602 454/516/435
f 452/514/433 454/516/435 623/685/602
f 618/680/597 621/683/600 623/685/602
f 624/686/603 621/683/600 622/684/601
f 623/685/602 621/683/600 624/686/603
f 624/686/603 452/514/433 623/685/602
f 622/684/601 625/687/604 624/686/603
f 580/642/561 579/641/560 626/688/605
f 626/688/605 598/660/579 600/662/581
f 598/660/579 626/688/605 579/641/560
f 600/662/581 614/676/593 626/688/605
f 627/689/606 626/688/605 614/676/593
f 614/676/593 616/678/595 627/689/606
f 626/688/605 627/689/606 580/642/561
f 580/642/561 627/689/606 628/690/607
f 616/678/595 620/682/599 628/690/607
f 628/690/607 581/643/562 580/642/561
f 581/643/562 628/690/607 454/516/435
f 628/690/607 627/689/606 616/678/595
f 454/516/435 628/690/607 620/682/599
f 457/519/438 629/691/608 619/681/598
f 622/684/601 619/681/598 629/691/608
f 629/691/608 457/519/438 456/518/437
f 629/691/608 630/692/609 622/684/601
f 625/687/604 622/684/601 630/692/609
f 630/692/609 631/693/610 625/687/604
f 632/694/611 452/514/433 624/686/603
f 452/514/433 632/694/611 435/497/417
f 633/695/612 456/518/437 451/513/432
f 630/692/609 629/691/608 633/695/612
f 456/518/437 633/695/612 629/691/608
f 633/695/612 634/696/613 630/692/609
f 635/697/614 631/693/610 630/692/609
f 630/692/609 634/696/613 635/697/614
f 514/576/495 515/577/496 636/698/615
f 526/588/507 519/581/500 636/698/615
f 583/645/564 526/588/507 637/699/616
f 515/577/496 517/579/498 637/699/616
f 637/699/616 517/579/498 582/644/563
f 637/699/616 636/698/615 515/577/496
f 636/698/615 637/699/616 526/588/507
f 516/578/497 514/576/495 638/700/617
f 530/592/511 638/700/617 518/580/499
f 519/581/500 518/580/499 638/700/617
f 636/698/615 638/700/617 514/576/495
f 638/700/617 636/698/615 519/581/500
f 638/700/617 530/592/511 516/578/497
f 637/699/616 639/701/618 583/645/564
f 582/644/563 639/701/618 637/699/616
f 640/702/619 582/644/563 435/497/417
f 435/497/417 632/694/611 640/702/619
f 582/644/563 640/702/619 641/703/620
f 641/703/620 639/701/618 582/644/563
f 583/645/564 639/701/618 641/703/620
f 584/646/565 583/645/564 642/704/621
f 463/525/444 462/524/443 642/704/621
f 641/703/620 642/704/621 583/645/564
f 642/704/621 641/703/620 463/525/444
f 640/702/619 632/694/611 643/705/622
f 624/686/603 643/705/622 632/694/611
f 643/705/622 624/686/603 625/687/604
f 625/687/604 644/706/623 643/705/622
f 644/706/623 625/687/604 631/693/610
f 631/693/610 645/707/624 644/706/623
f 459/521/440 458/520/439 645/707/624
f 645/707/624 646/708/625 459/521/440
f 646/708/625 645/707/624 631/693/610
f 631/693/610 635/697/614 646/708/625
f 647/709/626 643/705/622 644/706/623
f 643/705/622 647/709/626 640/702/619
f 641/703/620 640/702/619 647/709/626
f 647/709/626 463/525/444 641/703/620
f 648/710/627 461/523/442 463/525/444
f 644/706/623 648/710/627 647/709/626
f 461/523/442 648/710/627 458/520/439
f 645/707/624 458/520/439 648/710/627
f 648/710/627 644/706/623 645/707/624
f 463/525/444 647/709/626 648/710/627
f 649/711/628 460/522/441 459/521/440
f 460/522/441 649/711/628 462/524/443
f 536/598/517 650/712/629 438/500/420
f 599/661/580 438/500/420 650/712/629
f 650/712/629 536/598/517 535/597/516
f 535/597/516 565/627/546 650/712/629
f 650/712/629 651/713/630 599/661/580
f 651/713/630 650/712/629 565/627/546
f 603/665/583 599/661/580 651/713/630
f 652/714/631 565/627/546 564/626/545
f 565/627/546 652/714/631 651/713/630
f 464/526/445 653/715/632 564/626/545
f 653/715/632 464/526/445 466/528/447
f 564/626/545 653/715/632 652/714/631
f 651/713/630 654/716/633 603/665/583
f 654/716/633 651/713/630 652/714/631
f 607/669/586 603/665/583 654/716/633
f 655/717/634 652/714/631 653/715/632
f 652/714/631 655/717/634 654/716/633
f 466/528/447 656/718/635 653/715/632
f 653/715/632 656/718/635 655/717/634
f 654/716/633 657/719/636 607/669/586
f 611/673/590 607/669/586 657/719/636
f 657/719/636 654/716/633 655/717/634
f 655/717/634 658/720/637 657/719/636
f 658/720/637 655/717/634 656/718/635
f 656/718/635 659/721/638 658/720/637
f 660/722/639 466/528/447 465/527/446
f 656/718/635 466/528/447 660/722/639
f 660/722/639 659/721/638 656/718/635
f 465/527/446 661/723/640 660/722/639
f 662/724/641 657/719/636 658/720/637
f 662/724/641 468/530/449 446/508/428
f 446/508/428 611/673/590 662/724/641
f 657/719/636 662/724/641 611/673/590
f 468/530/449 662/724/641 663/725/642
f 663/725/642 469/531/450 468/530/449
f 663/725/642 658/720/637 659/721/638
f 658/720/637 663/725/642 662/724/641
f 469/531/450 663/725/642 664/726/643
f 664/726/643 659/721/638 660/722/639
f 659/721/638 664/726/643 663/725/642
f 665/727/644 660/722/639 661/723/640
f 660/722/639 665/727/644 664/726/643
f 467/529/448 469/531/450 666/728/645
f 666/728/645 664/726/643 665/727/644
f 664/726/643 666/728/645 469/531/450
f 665/727/644 667/729/646 666/728/645
f 667/729/646 665/727/644 668/730/647
f 661/723/640 668/730/647 665/727/644
f 668/730/647 669/731/648 667/729/646
f 666/728/645 670/732/649 467/529/448
f 447/509/429 467/529/448 670/732/649
f 671/733/650 670/732/649 666/728/645
f 666/728/645 667/729/646 671/733/650
f 672/734/651 671/733/650 667/729/646
f 667/729/646 669/731/648 672/734/651
f 560/622/541 559/621/540 673/735/652
f 661/723/640 465/527/446 674/736/653
f 673/735/652 674/736/653 560/622/541
f 560/622/541 674/736/653 465/527/446
f 559/621/540 561/623/542 675/737/654
f 675/737/654 673/735/652 559/621/540
f 676/738/655 673/735/652 675/737/654
f 674/736/653 677/739/656 661/723/640
f 677/739/656 674/736/653 673/735/652
f 668/730/647 661/723/640 677/739/656
f 673/735/652 676/738/655 677/739/656
f 675/737/654 678/740/657 676/738/655
f 679/741/658 676/738/655 678/740/657
f 677/739/656 680/742/659 668/730/647
f 680/742/659 677/739/656 676/738/655
f 676/738/655 679/741/658 680/742/659
f 681/743/660 679/741/658 678/740/657
f 682/744/661 680/742/659 679/741/658
f 682/744/661 669/731/648 668/730/647
f 668/730/647 680/742/659 682/744/661
f 679/741/658 681/743/660 682/744/661
f 678/740/657 683/745/662 681/743/660
f 669/731/648 682/744/661 684/746/663
f 684/746/663 682/744/661 681/743/660
f 684/746/663 672/734/651 669/731/648
f 683/745/662 685/747/664 681/743/660
f 681/743/660 685/747/664 684/746/663
f 634/696/613 633/695/612 686/748/665
f 451/513/432 686/748/665 633/695/612
f 670/732/649 687/749/666 447/509/429
f 687/749/666 670/732/649 671/733/650
f 671/733/650 688/750/667 687/749/666
f 686/748/665 689/751/668 634/696/613
f 689/751/668 686/748/665 690/752/669
f 690/752/669 686/748/665 451/513/432
f 451/513/432 450/512/426 690/752/669
f 691/753/670 688/750/667 671/733/650
f 671/733/650 672/734/651 691/753/670
f 692/754/670 635/697/614 634/696/613
f 634/696/613 689/751/668 692/754/670
f 672/734/651 684/746/663 693/755/671
f 693/755/671 691/753/670 672/734/651
f 684/746/663 685/747/664 694/756/672
f 694/756/672 693/755/671 684/746/663
f 695/757/673 646/708/625 635/697/614
f 635/697/614 692/754/670 695/757/673
f 696/758/672 459/521/440 646/708/625
f 646/708/625 695/757/673 696/758/672
f 685/747/664 683/745/662 697/759/674
f 697/759/674 694/756/672 685/747/664
f 459/521/440 696/758/672 698/760/675
f 459/521/440 699/761/676 649/711/628
f 698/760/675 699/761/676 459/521/440
f 700/762/677 687/749/666 688/750/667
f 700/762/677 444/506/426 447/509/429
f 447/509/429 687/749/666 700/762/677
f 701/763/678 702/764/657 703/765/679
f 703/765/679 704/766/680 701/763/678
f 701/763/678 704/766/680 705/767/674
f 703/765/679 702/764/657 706/768/654
f 706/768/654 707/769/681 703/765/679
f 708/770/621 707/769/681 706/768/654
f 706/768/654 709/771/682 708/770/621
f 709/771/682 710/772/683 711/773/684
f 711/773/684 708/770/621 709/771/682
f 712/774/566 711/773/684 710/772/683
f 710/772/683 713/775/539 712/774/566
f 714/776/577 715/777/685 716/778/686
f 712/774/566 713/775/539 717/779/576
f 717/779/576 716/778/686 712/774/566
f 716/778/686 717/779/576 714/776/577
f 718/780/687 719/781/688 720/782/689
f 715/777/685 714/776/577 720/782/689
f 720/782/689 719/781/688 715/777/685
f 720/782/689 721/783/690 718/780/687
f 722/784/691 718/780/687 721/783/690
f 721/783/690 723/785/573 722/784/691
f 724/786/572 722/784/691 723/785/573
f 725/787/692 726/788/692 727/789/692
f 727/789/692 728/790/692 725/787/692
f 729/791/693 730/792/694 731/793/695
f 731/793/695 732/794/695 729/791/693
f 733/795/696 734/796/697 735/797/698
f 735/797/698 736/798/698 733/795/696
f 737/799/699 738/800/700 739/801/701
f 739/801/701 740/802/702 737/799/699
f 741/803/703 742/804/703 743/805/704
f 743/805/704 744/806/705 741/803/703
o Mesh_0090.001
v 1.230487 -2.907523 -0.355025
v 1.230477 -2.910025 0.054975
v 1.230487 0.692479 -0.349523
v 1.230477 0.689957 0.060477
v 1.980467 -2.910027 0.054995
v 1.980467 0.689957 0.060497
v 1.980487 0.692479 -0.349503
v 1.980487 -2.907525 -0.354996
vn -1.0000 -0.0000 -0.0000
vn -0.0000 -0.0015 1.0000
vn -0.0000 0.0015 -1.0000
vn 1.0000 -0.0000 -0.0000
vt 0.375000 -0.996100
vt 1.000000 -0.996100
vt 0.375000 2.000000
vt 1.000000 2.000000
vt 0.000000 -0.996100
vt 0.000000 2.000000
s 1
usemtl Tex_0034_0_png.002
f 745/807/706 746/808/706 747/809/706
f 746/808/706 748/810/706 747/809/706
f 749/808/707 750/810/707 746/811/707
f 750/810/707 748/812/707 746/811/707
f 747/810/708 751/812/708 745/808/708
f 751/812/708 752/811/708 745/808/708
f 751/810/709 750/809/709 752/808/709
f 750/809/709 749/807/709 752/808/709
o Mesh_0090.003
v 1.387526 -1.464324 0.054975
v 1.507516 -1.464956 0.262826
v 1.467526 -1.357654 0.055304
v 1.547517 -1.358078 0.193871
v 1.747516 -1.464956 0.262836
v 1.707517 -1.358078 0.193881
v 1.867516 -1.464325 0.054995
v 1.787516 -1.357654 0.055314
v 1.467526 -0.570990 0.057707
v 1.547517 -0.571414 0.196274
v 1.443946 -0.474331 0.058006
v 1.535726 -0.474818 0.218367
v 1.707517 -0.571414 0.196284
v 1.719307 -0.474818 0.218367
v 1.787516 -0.570990 0.057717
v 1.811106 -0.474331 0.058015
v 1.467526 -1.357654 0.055304
v 1.547517 -1.358078 0.193871
v 1.467526 -0.570990 0.057707
v 1.547517 -0.571414 0.196274
v 1.707517 -1.358078 0.193881
v 1.707517 -0.571414 0.196284
v 1.787516 -1.357654 0.055314
v 1.787516 -0.570990 0.057717
vn -0.7263 0.5434 0.4209
vn -0.4615 0.8454 0.2690
vn -0.8442 0.2220 0.4880
vn 0.0001 0.8445 0.5356
vn -0.2701 0.7617 0.5890
vn -0.2642 0.1230 0.9566
vn -0.0001 0.5421 0.8403
vn 0.3603 0.6769 0.6419
vn 0.4000 0.5979 0.6947
vn 0.7263 0.5434 0.4210
vn -0.8473 -0.2082 0.4885
vn -0.4878 -0.2496 0.8365
vn -0.8487 -0.2127 0.4843
vn -0.4842 -0.2508 0.8383
vn 0.4864 -0.2507 0.8370
vn 0.4834 -0.2496 0.8391
vn 0.8481 -0.2106 0.4862
vn 0.8490 -0.2087 0.4854
vn -0.8661 -0.0015 0.4999
vn -0.7500 0.4987 0.4345
vn -0.8614 -0.1048 0.4969
vn -0.0000 0.4973 0.8676
vn -0.0997 0.4874 0.8675
vn -0.7935 -0.1632 0.5863
vn -0.0001 -0.0031 1.0000
vn 0.6904 0.4481 0.5679
vn 0.5000 -0.0026 0.8660
vn 0.8660 -0.0015 0.5000
vt 0.670365 0.000151
vt 0.834279 0.234987
vt 0.573226 0.126162
vt 0.682504 0.282716
vt 0.834279 0.521372
vt 0.682506 0.473639
vt 0.670366 0.756205
vt 0.573222 0.630196
vt 0.834580 0.603832
vt 0.881608 0.418793
vt 0.945371 0.646501
vt 0.999849 0.432859
vt 0.881603 0.227870
vt 0.999841 0.213797
vt 0.834580 0.042825
vt 0.945371 0.000150
vt 0.000151 0.000151
vt 0.191072 0.000150
vt 0.000150 0.938858
vt 0.191072 0.938857
vt 0.381995 0.000151
vt 0.381995 0.938857
vt 0.572922 0.000152
vt 0.572921 0.938858
s 1
usemtl Tex_0028_0_png.002
f 753/813/710 754/814/711 755/815/710
f 755/815/710 754/814/711 756/816/712
f 754/814/713 757/817/714 756/816/715
f 756/816/716 757/817/717 758/818/718
f 757/817/717 759/819/719 758/818/718
f 758/818/718 759/819/719 760/820/719
f 761/821/720 762/822/721 763/823/722
f 763/823/722 762/822/721 764/824/723
f 762/822/721 765/825/724 764/824/723
f 764/824/723 765/825/724 766/826/725
f 765/825/724 767/827/726 766/826/725
f 766/826/725 767/827/726 768/828/727
usemtl Tex_0030_0_png.002
f 769/829/728 770/830/729 771/831/728
f 771/831/728 770/830/729 772/832/730
f 770/830/731 773/833/732 772/832/733
f 772/832/734 773/833/735 774/834/736
f 773/833/735 775/835/737 774/834/736
f 774/834/736 775/835/737 776/836/737
o Cubo.002
v -1.988889 0.904515 0.026801
v -1.988889 0.910968 -0.372379
v -1.988889 0.701946 0.023527
v -1.988889 0.708399 -0.375654
v -1.268889 0.904515 0.026801
v -1.268889 0.910968 -0.372379
v -1.268889 0.701946 0.023527
v -1.268889 0.708399 -0.375654
v 1.247027 0.904515 0.026801
v 1.247027 0.910968 -0.372379
v 1.247027 0.701946 0.023527
v 1.247027 0.708399 -0.375654
v 1.967027 0.904515 0.026801
v 1.967027 0.910968 -0.372379
v 1.967027 0.701946 0.023527
v 1.967027 0.708399 -0.375654
v 1.262148 1.000955 -0.370925
v 1.226543 1.081419 -0.369624
v 1.144109 1.153474 -0.368459
v 1.016925 1.217681 -0.367421
v 0.847153 1.273681 -0.366516
v 0.638618 1.320450 -0.365760
v 0.397139 1.356735 -0.365173
v 0.129913 1.381343 -0.364776
v -0.155280 1.393218 -0.364584
v -0.450535 1.391364 -0.364614
v -0.747827 1.374725 -0.364883
v -1.038543 1.342109 -0.365410
v -1.312696 1.292261 -0.366216
v -1.558305 1.224159 -0.367317
v -1.761722 1.137444 -0.368718
v -1.909220 1.032675 -0.370412
v -1.242330 0.998460 -0.347478
v -1.169434 1.072040 -0.322801
v -1.058971 1.133058 -0.298327
v -0.917050 1.183016 -0.274032
v -0.747924 1.222905 -0.249900
v -0.555664 1.253043 -0.225925
v -0.345425 1.273276 -0.202111
v -0.123739 1.283306 -0.178462
v 0.101877 1.282927 -0.154980
v 0.323562 1.272138 -0.131667
v 0.533801 1.251145 -0.108519
v 0.726062 1.220248 -0.085531
v 0.895188 1.179600 -0.062701
v 1.037109 1.128882 -0.040033
v 1.147571 1.067106 -0.017545
v 1.220468 0.992766 0.004741
v -1.284010 0.994502 0.028256
v -1.248405 1.074966 0.029557
v -1.165971 1.147021 0.030722
v -1.038788 1.211228 0.031760
v -0.869016 1.267228 0.032665
v -0.660480 1.313997 0.033421
v -0.419002 1.350282 0.034007
v -0.151775 1.374890 0.034405
v 0.133417 1.386765 0.034597
v 0.428672 1.384911 0.034567
v 0.725964 1.368272 0.034298
v 1.016681 1.335656 0.033771
v 1.290834 1.285809 0.032965
v 1.536443 1.217706 0.031864
v 1.739860 1.130991 0.030462
v 1.887357 1.026222 0.028769
v -1.950900 1.028717 0.005321
v -1.840694 1.140369 -0.016361
v -1.665305 1.238123 -0.038268
v -1.434433 1.320474 -0.060424
v -1.159634 1.386432 -0.082845
v -0.852643 1.435679 -0.105537
v -0.524111 1.468369 -0.128495
v -0.183316 1.484801 -0.151717
v 0.161453 1.485181 -0.175198
v 0.502249 1.469508 -0.198939
v 0.830781 1.437577 -0.222942
v 1.137772 1.389089 -0.247214
v 1.412572 1.323890 -0.271755
v 1.643443 1.242298 -0.296562
v 1.818832 1.145304 -0.321617
v 1.929039 1.034410 -0.346897
vn -1.0000 -0.0000 -0.0000
vn -0.0000 -0.9999 -0.0162
vn 1.0000 -0.0000 -0.0000
vn -0.0193 0.0856 0.9961
vn -0.0000 -0.0162 0.9999
vn -0.0000 0.0162 -0.9999
vn -0.9960 -0.0702 -0.0549
vn 0.9025 0.4269 0.0566
vn 0.9026 0.4268 0.0566
vn 0.0141 0.1267 -0.9918
vn -0.7999 -0.5809 -0.1506
vn -0.5444 -0.8157 -0.1954
vn -0.3678 -0.9030 -0.2223
vn -0.2506 -0.9353 -0.2500
vn -0.1671 -0.9438 -0.2853
vn -0.1024 -0.9379 -0.3314
vn -0.0483 -0.9193 -0.3906
vn -0.0000 -0.8850 -0.4657
vn 0.0446 -0.8280 -0.5590
vn 0.0853 -0.7371 -0.6704
vn 0.1180 -0.5996 -0.7916
vn 0.1345 -0.4143 -0.9002
vn 0.1345 -0.4143 -0.9001
vn 0.1275 -0.2101 -0.9693
vn 0.0994 -0.0370 -0.9944
vn 0.0602 0.0727 -0.9955
vn 0.0193 0.1176 -0.9929
vn -0.0602 0.0406 0.9974
vn -0.0994 -0.0691 0.9926
vn -0.1276 -0.2413 0.9620
vn -0.1345 -0.4431 0.8863
vn -0.1345 -0.4432 0.8863
vn -0.1181 -0.6249 0.7718
vn -0.1181 -0.6248 0.7718
vn -0.0854 -0.7583 0.6462
vn -0.0854 -0.7584 0.6462
vn -0.0446 -0.8456 0.5319
vn -0.0000 -0.8996 0.4368
vn 0.0482 -0.9315 0.3606
vn 0.1024 -0.9482 0.3008
vn 0.1670 -0.9525 0.2546
vn 0.2505 -0.9429 0.2196
vn 0.3677 -0.9097 0.1929
vn 0.5443 -0.8217 0.1689
vn 0.7998 -0.5857 0.1316
vn 0.7997 -0.5857 0.1317
vn 0.9960 -0.0720 0.0526
vn 0.9960 -0.0721 0.0526
vn 0.6443 0.7536 0.1301
vn 0.6443 0.7537 0.1301
vn 0.4395 0.8819 0.1706
vn 0.4396 0.8819 0.1706
vn 0.4396 0.8819 0.1705
vn 0.3035 0.9312 0.2018
vn 0.2097 0.9490 0.2353
vn 0.1404 0.9509 0.2758
vn 0.0857 0.9413 0.3264
vn 0.0399 0.9203 0.3891
vn -0.0000 0.8850 0.4657
vn -0.0351 0.8300 0.5566
vn -0.0647 0.7489 0.6595
vn -0.0860 0.6369 0.7661
vn -0.0950 0.4982 0.8619
vn -0.0891 0.3518 0.9318
vn -0.0890 0.3518 0.9318
vn -0.0700 0.2250 0.9718
vn -0.0432 0.1378 0.9895
vn -0.0141 0.0946 0.9954
vn 0.0432 0.1698 -0.9845
vn 0.0700 0.2563 -0.9641
vn 0.0890 0.3818 -0.9200
vn 0.0950 0.5259 -0.8452
vn 0.0860 0.6614 -0.7451
vn 0.0647 0.7699 -0.6349
vn 0.0351 0.8476 -0.5295
vn -0.0000 0.8996 -0.4368
vn -0.0399 0.9324 -0.3591
vn -0.0857 0.9514 -0.2958
vn -0.1405 0.9593 -0.2449
vn -0.2098 0.9561 -0.2044
vn -0.3036 0.9372 -0.1716
vn -0.3035 0.9372 -0.1716
vn -0.4396 0.8869 -0.1419
vn -0.4396 0.8869 -0.1420
vn -0.6443 0.7574 -0.1057
vn -0.9026 0.4284 -0.0428
vn -0.0193 0.0855 0.9962
vn -0.9960 -0.0703 -0.0549
vn -0.7997 -0.5812 -0.1505
vn -0.5443 -0.8158 -0.1954
vn -0.3677 -0.9030 -0.2222
vn -0.2505 -0.9353 -0.2500
vn -0.1670 -0.9438 -0.2853
vn -0.1024 -0.9379 -0.3313
vn -0.0482 -0.9193 -0.3905
vn -0.0000 -0.8850 -0.4656
vn 0.0447 -0.8280 -0.5590
vn 0.0854 -0.7371 -0.6704
vn 0.1181 -0.5996 -0.7916
vn 0.1276 -0.2100 -0.9693
vn 0.1276 -0.2101 -0.9693
vn 0.0602 0.0728 -0.9955
vn 0.0193 0.1178 -0.9929
vn -0.0602 0.0405 0.9974
vn -0.0994 -0.0691 0.9927
vn -0.1275 -0.2414 0.9620
vn -0.1275 -0.2413 0.9620
vn -0.1180 -0.6249 0.7718
vn -0.1180 -0.6248 0.7718
vn -0.0853 -0.7583 0.6463
vn -0.0853 -0.7583 0.6462
vn -0.0446 -0.8456 0.5320
vn -0.0000 -0.8995 0.4368
vn 0.0483 -0.9314 0.3607
vn 0.1024 -0.9481 0.3009
vn 0.1671 -0.9525 0.2547
vn 0.2506 -0.9428 0.2197
vn 0.3678 -0.9097 0.1930
vn 0.5444 -0.8216 0.1690
vn 0.7999 -0.5855 0.1317
vn 0.7999 -0.5855 0.1318
vn 0.9960 -0.0718 0.0527
vn 0.9960 -0.0718 0.0526
vn 0.4396 0.8818 0.1705
vn 0.2098 0.9490 0.2352
vn 0.1405 0.9509 0.2758
vn -0.0000 0.8850 0.4656
vn -0.0860 0.6370 0.7661
vn -0.0950 0.4983 0.8618
vn -0.0432 0.1379 0.9895
vn 0.0432 0.1697 -0.9846
vn 0.0891 0.3817 -0.9200
vn 0.0890 0.3817 -0.9200
vn 0.0950 0.5258 -0.8453
vn 0.0860 0.6613 -0.7451
vn 0.0648 0.7698 -0.6350
vn 0.0647 0.7698 -0.6350
vn -0.0399 0.9324 -0.3592
vn -0.1404 0.9593 -0.2449
vn -0.2097 0.9561 -0.2045
vn -0.4395 0.8869 -0.1420
vn -0.6442 0.7575 -0.1057
vn -0.6443 0.7575 -0.1057
vt 0.375000 0.000000
vt 0.625000 0.250000
vt 0.375000 0.250000
vt 0.625000 0.500000
vt 0.375000 0.500000
vt 0.625000 0.750000
vt 0.375000 0.750000
vt 0.125000 0.750000
vt 0.154412 0.750000
vt 0.125000 0.500000
vt 0.875000 0.750000
vt 0.625000 0.000000
vt 0.389706 0.044118
vt 0.639706 0.044118
vt 0.595588 0.750000
vt 0.860294 0.705882
vt 0.610294 0.705882
vt 0.404412 0.088235
vt 0.654412 0.088235
vt 0.419118 0.132353
vt 0.669118 0.132353
vt 0.433824 0.176471
vt 0.683824 0.176471
vt 0.448529 0.220588
vt 0.698529 0.220588
vt 0.463235 0.264706
vt 0.713235 0.264706
vt 0.477941 0.308824
vt 0.727941 0.308824
vt 0.492647 0.352941
vt 0.742647 0.352941
vt 0.507353 0.397059
vt 0.757353 0.397059
vt 0.522059 0.441177
vt 0.772059 0.441176
vt 0.536765 0.485294
vt 0.786765 0.485294
vt 0.551471 0.529412
vt 0.801471 0.529412
vt 0.566176 0.573529
vt 0.816176 0.573529
vt 0.580882 0.617647
vt 0.830882 0.617647
vt 0.595588 0.661765
vt 0.845588 0.661765
vt 0.610294 0.705882
vt 0.183823 0.750000
vt 0.213235 0.750000
vt 0.242647 0.750000
vt 0.375000 0.750000
vt 0.272059 0.750000
vt 0.301471 0.750000
vt 0.330882 0.750000
vt 0.360294 0.750000
vt 0.389706 0.750000
vt 0.419118 0.750000
vt 0.448529 0.750000
vt 0.477941 0.750000
vt 0.507353 0.750000
vt 0.536765 0.750000
vt 0.566176 0.750000
vt 0.595588 0.750000
vt 0.536765 0.750000
vt 0.507353 0.750000
vt 0.477941 0.750000
vt 0.448529 0.750000
vt 0.419118 0.750000
vt 0.389706 0.750000
vt 0.360294 0.750000
vt 0.330882 0.750000
vt 0.301471 0.750000
vt 0.272059 0.750000
vt 0.242647 0.750000
vt 0.213235 0.750000
vt 0.183824 0.750000
vt 0.154412 0.750000
vt 0.830882 0.617647
vt 0.580882 0.617647
vt 0.816176 0.573529
vt 0.566177 0.573529
vt 0.801471 0.529412
vt 0.551471 0.529412
vt 0.786765 0.485294
vt 0.536765 0.485294
vt 0.772059 0.441177
vt 0.522059 0.441176
vt 0.757353 0.397059
vt 0.507353 0.397059
vt 0.742647 0.352941
vt 0.492647 0.352941
vt 0.477941 0.308824
vt 0.463235 0.264706
vt 0.448529 0.220588
vt 0.669118 0.132353
vt 0.419118 0.132353
vt 0.654412 0.088235
vt 0.404412 0.088235
vt 0.389706 0.044118
vt 0.875000 0.500000
s 0
usemtl Material.017
f 777/837/738 780/838/738 779/839/738
f 779/839/739 784/840/739 783/841/739
f 783/841/740 782/842/740 781/843/740
f 785/844/741 840/843/741 824/845/741
f 779/846/742 781/843/742 777/844/742
f 784/840/743 778/847/743 782/842/743
f 785/837/738 788/838/738 787/839/738
f 787/839/739 792/840/739 791/841/739
f 791/841/740 790/842/740 789/843/740
f 786/848/744 824/849/744 793/850/744
f 787/846/742 789/843/742 785/844/742
f 792/840/743 786/847/743 790/842/743
f 789/843/745 856/851/746 840/843/746
f 790/842/747 793/852/747 856/853/747
f 793/850/748 823/854/748 794/855/748
f 794/855/749 822/856/749 795/857/749
f 795/857/750 821/858/750 796/859/750
f 796/859/751 820/860/751 797/861/751
f 797/861/752 819/862/752 798/863/752
f 798/863/753 818/864/753 799/865/753
f 799/865/754 817/866/754 800/867/754
f 800/867/755 816/868/755 801/869/755
f 801/869/756 815/870/756 802/871/756
f 802/871/757 814/872/757 803/873/757
f 803/873/758 813/874/758 804/875/758
f 804/875/759 812/876/760 805/877/759
f 805/877/761 811/878/761 806/879/761
f 806/879/762 810/880/762 807/881/762
f 807/881/763 809/882/763 808/852/763
f 808/852/764 782/842/764 778/847/764
f 824/845/765 839/843/765 823/883/765
f 823/883/766 838/843/766 822/884/766
f 822/884/767 837/843/767 821/885/767
f 821/885/768 836/886/769 820/887/769
f 820/887/770 835/886/771 819/888/771
f 819/888/772 834/886/772 818/889/773
f 818/889/774 833/886/774 817/890/774
f 817/890/775 832/886/775 816/891/775
f 816/891/776 831/886/776 815/892/776
f 815/892/777 830/843/777 814/893/777
f 814/893/778 829/843/778 813/894/778
f 813/894/779 828/843/779 812/895/779
f 812/895/780 827/843/780 811/896/780
f 811/896/781 826/843/781 810/897/781
f 810/897/782 825/843/782 809/898/783
f 809/898/784 781/843/785 782/842/785
f 840/843/786 855/897/786 839/843/787
f 839/843/788 854/899/789 838/843/790
f 838/843/791 853/900/791 837/843/791
f 837/843/792 852/901/792 836/886/792
f 836/886/793 851/902/793 835/886/793
f 835/886/794 850/903/794 834/886/794
f 834/886/795 849/904/795 833/886/795
f 833/886/796 848/905/796 832/886/796
f 832/886/797 847/906/797 831/886/797
f 831/886/798 846/907/798 830/843/798
f 830/843/799 845/908/799 829/843/799
f 829/843/800 844/909/800 828/843/800
f 828/843/801 843/910/801 827/843/802
f 827/843/803 842/911/803 826/843/803
f 826/843/804 841/912/804 825/843/804
f 825/843/805 777/844/805 781/843/805
f 856/853/806 794/881/806 855/880/806
f 855/880/807 795/913/807 854/914/807
f 854/914/808 796/915/808 853/916/808
f 853/916/809 797/917/809 852/918/809
f 852/918/810 798/919/810 851/920/810
f 851/920/811 799/921/811 850/922/811
f 850/922/812 800/923/812 849/924/812
f 849/924/813 801/925/813 848/926/813
f 848/926/814 802/865/814 847/927/814
f 847/927/815 803/863/815 846/928/815
f 846/928/816 804/861/816 845/929/816
f 845/929/817 805/859/817 844/858/817
f 844/858/818 806/930/819 843/931/818
f 843/931/820 807/932/820 842/933/821
f 842/933/822 808/850/822 841/934/822
f 841/934/823 778/848/823 777/837/823
f 777/837/738 778/848/738 780/838/738
f 779/839/739 780/838/739 784/840/739
f 783/841/740 784/840/740 782/842/740
f 785/844/824 789/843/824 840/843/824
f 779/846/742 783/841/742 781/843/742
f 784/840/743 780/935/743 778/847/743
f 785/837/738 786/848/738 788/838/738
f 787/839/739 788/838/739 792/840/739
f 791/841/740 792/840/740 790/842/740
f 786/848/825 785/837/825 824/849/825
f 787/846/742 791/841/742 789/843/742
f 792/840/743 788/935/743 786/847/743
f 789/843/746 790/842/746 856/851/746
f 790/842/747 786/847/747 793/852/747
f 793/850/826 824/849/826 823/854/826
f 794/855/827 823/854/827 822/856/827
f 795/857/828 822/856/828 821/858/828
f 796/859/829 821/858/829 820/860/829
f 797/861/830 820/860/830 819/862/830
f 798/863/831 819/862/831 818/864/831
f 799/865/832 818/864/832 817/866/832
f 800/867/833 817/866/833 816/868/833
f 801/869/834 816/868/834 815/870/834
f 802/871/835 815/870/835 814/872/835
f 803/873/836 814/872/836 813/874/836
f 804/875/759 813/874/759 812/876/759
f 805/877/837 812/876/838 811/878/837
f 806/879/762 811/878/762 810/880/762
f 807/881/839 810/880/839 809/882/839
f 808/852/840 809/882/840 782/842/840
f 824/845/841 840/843/841 839/843/841
f 823/883/766 839/843/842 838/843/766
f 822/884/843 838/843/844 837/843/843
f 821/885/769 837/843/769 836/886/769
f 820/887/845 836/886/846 835/886/845
f 819/888/847 835/886/847 834/886/848
f 818/889/849 834/886/849 833/886/849
f 817/890/850 833/886/850 832/886/850
f 816/891/851 832/886/851 831/886/851
f 815/892/852 831/886/852 830/843/852
f 814/893/853 830/843/853 829/843/853
f 813/894/854 829/843/854 828/843/854
f 812/895/855 828/843/855 827/843/855
f 811/896/856 827/843/856 826/843/856
f 810/897/857 826/843/857 825/843/858
f 809/898/859 825/843/860 781/843/859
f 840/843/786 856/851/786 855/897/786
f 839/843/861 855/897/861 854/899/861
f 838/843/791 854/899/791 853/900/791
f 837/843/862 853/900/862 852/901/862
f 836/886/863 852/901/863 851/902/863
f 835/886/794 851/902/794 850/903/794
f 834/886/795 850/903/795 849/904/795
f 833/886/864 849/904/796 848/905/864
f 832/886/797 848/905/797 847/906/797
f 831/886/798 847/906/798 846/907/798
f 830/843/865 846/907/865 845/908/865
f 829/843/866 845/908/866 844/909/866
f 828/843/802 844/909/802 843/910/802
f 827/843/803 843/910/803 842/911/803
f 826/843/867 842/911/867 841/912/867
f 825/843/805 841/912/805 777/844/805
f 856/853/868 793/852/868 794/881/868
f 855/880/807 794/881/807 795/913/807
f 854/914/869 795/913/870 796/915/869
f 853/916/871 796/915/871 797/917/871
f 852/918/872 797/917/872 798/919/872
f 851/920/873 798/919/874 799/921/874
f 850/922/812 799/921/812 800/923/812
f 849/924/813 800/923/813 801/925/813
f 848/926/875 801/925/875 802/865/875
f 847/927/815 802/865/815 803/863/815
f 846/928/876 803/863/876 804/861/876
f 845/929/877 804/861/877 805/859/877
f 844/858/819 805/859/819 806/930/819
f 843/931/821 806/930/878 807/932/821
f 842/933/879 807/932/880 808/850/879
f 841/934/823 808/850/823 778/848/823
