# Blender 4.2.1 LTS
# www.blender.org
mtllib cabeza03Dragon.mtl
o Object006
v -2.212778 0.723503 -0.050457
v -2.213178 0.703694 -0.051949
v -2.200478 0.703106 -0.031545
v -2.202878 0.722020 -0.029149
v -2.211177 0.682592 -0.052333
v -2.195677 0.682593 -0.033833
v -2.179978 0.687699 -0.014561
v -2.184878 0.705504 -0.013658
v -2.188777 0.723113 -0.012154
v -2.159877 0.727936 0.010419
v -2.172778 0.725587 0.001432
v -2.167578 0.710587 0.001414
v -2.150077 0.719944 0.011963
v -2.161078 0.696792 0.002390
v -2.137378 0.708642 0.011525
v -2.194078 0.740132 -0.008648
v -2.208278 0.740347 -0.024249
v -2.201478 0.752976 -0.000718
v -2.218277 0.752697 -0.015116
v -2.229678 0.753902 -0.032423
v -2.217878 0.742443 -0.043161
v -2.178977 0.753446 0.012080
v -2.176077 0.740507 0.005051
v -2.156377 0.738866 0.015860
v -2.153178 0.752201 0.022187
v -2.136578 0.733695 0.021088
v -2.127378 0.747739 0.029211
v -2.116377 0.726085 0.019230
v -2.102178 0.743645 0.030234
v -2.222878 0.685388 -0.071349
v -2.238478 0.670839 -0.062069
v -2.224678 0.666258 -0.040244
v -2.245677 0.680319 -0.084021
v -2.232078 0.690017 -0.084374
v -2.269477 0.662229 -0.082022
v -2.257278 0.655310 -0.048984
v -2.242077 0.648854 -0.022748
v -2.206977 0.665172 -0.019537
v -2.186577 0.670377 -0.000166
v -2.220977 0.645576 -0.000330
v -2.195677 0.649286 0.019650
v -2.161178 0.680059 0.014782
v -2.164678 0.659271 0.035196
v -2.129978 0.673416 0.043518
v -2.132178 0.693409 0.023809
v -2.097377 0.693949 0.049306
v -2.103677 0.712533 0.028104
v -2.082478 0.734058 0.032686
v -2.063978 0.719663 0.051765
v -2.190077 0.759310 0.042048
v -2.219278 0.756837 0.028762
v -2.210577 0.758352 0.013153
v -2.184378 0.761719 0.025535
v -2.154478 0.761869 0.034534
v -2.157777 0.760762 0.051540
v -2.124478 0.758202 0.040654
v -2.125477 0.761496 0.057837
v -2.097278 0.754821 0.044173
v -2.097078 0.763903 0.059123
v -2.076178 0.751022 0.044394
v -2.076578 0.764504 0.059320
v -2.056378 0.746937 0.047116
v -2.057778 0.764912 0.060718
v -2.030978 0.747470 0.053113
v -2.034578 0.767829 0.063802
v -2.028478 0.723243 0.066446
v -2.003078 0.754219 0.062076
v -1.997077 0.732607 0.078095
v -2.008177 0.774247 0.067167
v -1.970878 0.766719 0.061908
v -1.979178 0.785837 0.065303
v -1.961877 0.746620 0.080418
v -1.924878 0.764096 0.076123
v -1.937478 0.783269 0.052817
v -1.950978 0.803392 0.056907
v -1.898878 0.855199 0.058124
v -1.925078 0.828062 0.051372
v -1.904778 0.807219 0.043686
v -1.874278 0.836541 0.047426
v -1.888778 0.787270 0.071196
v -1.858178 0.814999 0.076544
v -2.330577 0.644674 -0.110327
v -2.338478 0.632860 -0.094762
v -2.315678 0.638172 -0.074291
v -2.301178 0.652852 -0.096171
v -2.344677 0.618305 -0.086382
v -2.328878 0.619844 -0.060890
v -2.292978 0.637778 -0.054788
v -2.311078 0.616274 -0.037170
v -2.277177 0.632120 -0.028857
v -2.260478 0.624571 -0.001315
v -2.295078 0.607112 -0.012020
v -2.274178 0.595544 0.012244
v -2.233978 0.617587 0.019924
v -2.200778 0.616980 0.036927
v -2.242877 0.586257 0.032795
v -2.204177 0.584251 0.050006
v -2.162077 0.625754 0.050479
v -2.158778 0.592923 0.063059
v -2.114678 0.607698 0.076779
v -2.123278 0.641322 0.062894
v -2.089777 0.661593 0.075784
v -2.078078 0.623981 0.091990
v -2.044678 0.639370 0.108106
v -2.057477 0.679858 0.087584
v -2.022977 0.690629 0.100525
v -1.988478 0.702307 0.114761
v -2.010277 0.651666 0.125739
v -1.974477 0.665167 0.144065
v -1.951078 0.719253 0.123069
v -1.912278 0.739068 0.125860
v -1.935778 0.683648 0.158864
v -1.895578 0.705502 0.168645
v -1.876578 0.764280 0.128022
v -1.857778 0.731143 0.176104
v -1.846478 0.793533 0.137462
v -1.822478 0.758802 0.186753
v -2.350078 0.605611 -0.085213
v -2.335477 0.601246 -0.060488
v -2.335477 0.587785 -0.071715
v -2.350177 0.595371 -0.092457
v -2.318278 0.578486 -0.053164
v -2.319377 0.593873 -0.037348
v -2.302078 0.582396 -0.014884
v -2.298977 0.566881 -0.035800
v -2.274878 0.549997 -0.014507
v -2.280178 0.569624 0.008686
v -2.198778 0.533238 0.029485
v -2.203477 0.554559 0.051469
v -2.247178 0.558252 0.031948
v -2.243778 0.540067 0.016548
v -2.241078 0.531203 0.004796
v -2.221978 0.523094 0.003140
v -2.252677 0.532981 -0.017414
v -2.236178 0.520989 -0.015848
v -2.153178 0.564537 0.065815
v -2.143678 0.547346 0.049308
v -2.094778 0.563735 0.065519
v -2.104978 0.580710 0.079026
v -2.065278 0.596882 0.092238
v -2.030677 0.611276 0.109359
v -2.054178 0.581214 0.079823
v -2.018278 0.595409 0.097146
v -1.996678 0.623289 0.129994
v -1.961478 0.636413 0.152523
v -1.983778 0.607124 0.118082
v -1.948078 0.618947 0.140518
v -1.868477 0.658634 0.174601
v -1.881978 0.677899 0.186396
v -1.922878 0.654625 0.173023
v -1.908778 0.635856 0.160426
v -2.156278 0.787860 0.069392
v -2.158477 0.771826 0.063280
v -2.125178 0.777741 0.066048
v -2.124378 0.793477 0.072562
v -2.096777 0.783733 0.064515
v -2.097978 0.802574 0.071912
v -2.143478 0.798426 0.099635
v -2.149878 0.796045 0.084948
v -2.123278 0.799765 0.088628
v -2.125078 0.801669 0.107517
v -2.099778 0.806289 0.092892
v -2.104078 0.807517 0.116386
v -2.076377 0.788027 0.063391
v -2.078678 0.811368 0.070764
v -2.058378 0.790935 0.064776
v -2.060877 0.816875 0.072034
v -2.081378 0.812709 0.096657
v -2.086277 0.811662 0.124463
v -2.064578 0.818236 0.101427
v -2.069377 0.814109 0.133050
v -2.121578 0.822950 0.158802
v -2.111778 0.813931 0.137251
v -2.093378 0.818896 0.148924
v -2.101878 0.829234 0.174268
v -2.076478 0.823356 0.159900
v -2.084478 0.837303 0.186724
v -2.037278 0.793355 0.068562
v -2.040978 0.818502 0.076925
v -2.013778 0.797975 0.072037
v -2.020778 0.821032 0.082511
v -2.033078 0.823921 0.153596
v -2.041277 0.835099 0.186036
v -2.058978 0.828623 0.172171
v -2.051378 0.817962 0.142729
v -2.067378 0.844979 0.200582
v -2.050178 0.853362 0.215736
v -2.046278 0.822671 0.107802
v -2.027478 0.826612 0.115381
v -1.988978 0.807970 0.071282
v -1.999877 0.828355 0.086571
v -1.965778 0.824849 0.067290
v -1.980378 0.841579 0.091099
v -1.945278 0.847358 0.068867
v -1.961678 0.855642 0.102422
v -1.923178 0.871720 0.080234
v -1.941878 0.873232 0.118926
v -2.007878 0.831757 0.123653
v -2.014978 0.831491 0.166255
v -1.989277 0.840612 0.133605
v -1.997978 0.840766 0.179905
v -2.023878 0.843085 0.201792
v -2.032777 0.862655 0.232786
v -2.007378 0.852474 0.218041
v -2.016178 0.872151 0.250234
v -1.971777 0.849788 0.147355
v -1.981778 0.847947 0.194865
v -1.952978 0.862482 0.164485
v -1.963977 0.857137 0.211115
v -1.992177 0.860961 0.233795
v -2.001277 0.880445 0.267389
v -1.975478 0.870250 0.250044
v -1.985178 0.889738 0.284338
v -1.930977 0.881389 0.184082
v -1.942778 0.870834 0.228941
v -1.918478 0.896547 0.139799
v -1.889278 0.917587 0.165284
v -1.903378 0.900218 0.207580
v -1.915477 0.885153 0.250663
v -1.954978 0.881146 0.267585
v -1.964677 0.900835 0.301978
v -1.927678 0.891667 0.289728
v -1.937178 0.910858 0.324623
v -1.890778 0.902624 0.318368
v -1.900077 0.921522 0.354465
v -1.878977 0.896507 0.278701
v -1.840978 0.910469 0.308225
v -1.851378 0.920086 0.347873
v -1.859778 0.940983 0.383859
v -1.773478 0.944471 0.363340
v -1.780578 0.960013 0.407455
v -1.815877 0.938043 0.376475
v -1.807377 0.926015 0.334940
v -1.823178 0.959554 0.415058
v -1.786878 0.983336 0.448228
v -1.740878 0.986318 0.445012
v -1.746878 1.008166 0.490193
v -1.734578 0.969160 0.397905
v -1.693278 0.998255 0.433346
v -1.700278 1.019122 0.482133
v -1.706277 1.042575 0.528205
v -2.229178 0.515768 -0.038020
v -2.206378 0.518788 -0.016236
v -2.191878 0.519734 -0.044342
v -2.215678 0.515491 -0.070419
v -2.165477 0.533876 -0.018319
v -2.178078 0.532013 0.006692
v -2.135978 0.547223 0.026809
v -2.128778 0.550700 0.004189
v -2.085178 0.559510 0.024341
v -2.088778 0.558530 0.046247
v -2.048178 0.573426 0.063866
v -2.045078 0.571019 0.044179
v -2.007378 0.584623 0.063305
v -2.011278 0.588024 0.081686
v -1.975478 0.600732 0.101317
v -1.970678 0.598827 0.082227
v -1.932978 0.613923 0.099545
v -1.938677 0.613939 0.120745
v -2.005678 0.586608 0.042193
v -1.968778 0.601114 0.061614
v -1.963977 0.592806 0.041759
v -2.001678 0.582086 0.019918
v -1.924578 0.604321 0.062797
v -1.930377 0.616410 0.079031
v -2.144678 0.853359 0.215336
v -2.132878 0.831599 0.185955
v -2.112278 0.838111 0.206519
v -2.124678 0.860605 0.241897
v -2.093778 0.850985 0.220049
v -2.103278 0.875880 0.255613
v -2.076678 0.860266 0.234699
v -2.085878 0.884071 0.272069
v -2.059778 0.868054 0.250756
v -2.069078 0.889964 0.289237
v -2.041678 0.879639 0.266393
v -2.049178 0.903332 0.301464
v -2.024377 0.889333 0.283540
v -2.031477 0.912720 0.317513
v -2.009878 0.896032 0.301604
v -2.017978 0.918524 0.336481
v -1.993678 0.905428 0.318953
v -2.000778 0.928121 0.354229
v -1.972377 0.918923 0.336379
v -1.976677 0.944507 0.369940
v -1.943978 0.931052 0.360013
v -1.947578 0.958050 0.395966
v -1.906578 0.944920 0.390638
v -1.909678 0.977014 0.425863
v -1.865777 0.963896 0.422634
v -1.869578 0.996408 0.461357
v -1.828278 0.983181 0.456429
v -1.831078 1.021183 0.493222
v -1.790778 1.011653 0.487774
v -1.792278 1.051347 0.523157
v -1.750577 1.040970 0.527414
v -1.751277 1.084529 0.556376
v -1.711078 1.074275 0.564732
v -1.714077 1.116716 0.590300
v -2.237478 0.913114 0.206909
v -2.228478 0.857749 0.195012
v -2.188878 0.878297 0.222100
v -2.193577 0.934579 0.236992
v -2.173078 0.838331 0.191818
v -2.207378 0.821188 0.165811
v -2.155478 0.896824 0.245199
v -2.154778 0.953105 0.259991
v -2.135978 0.907588 0.275240
v -2.131978 0.968359 0.288008
v -2.112078 0.920675 0.291069
v -2.107977 0.978170 0.308254
v -2.092978 0.928270 0.308328
v -2.089077 0.984083 0.328822
v -2.076578 0.932973 0.327302
v -2.074277 0.989001 0.350396
v -2.053977 0.944320 0.335840
v -2.051877 0.995158 0.360862
v -2.035778 0.953496 0.349590
v -2.033078 1.003617 0.371616
v -2.021978 0.961296 0.367848
v -2.016878 1.013102 0.387064
v -2.004677 0.970906 0.387895
v -1.999077 1.024715 0.407801
v -1.976378 0.987780 0.401503
v -1.967878 1.038989 0.421223
v -1.947177 1.003632 0.429217
v -1.937178 1.058520 0.445117
v -1.908477 1.025985 0.456995
v -1.898978 1.082368 0.471987
v -1.870677 1.048887 0.493970
v -1.860878 1.109547 0.504738
v -1.829478 1.077438 0.521314
v -1.819078 1.137300 0.532487
v -1.792677 1.105522 0.554861
v -1.785378 1.165987 0.566630
v -2.274878 0.987245 0.084401
v -2.315077 0.933795 0.111994
v -2.272778 0.955250 0.158478
v -2.230978 1.003878 0.126911
v -2.289877 0.891143 0.175629
v -2.330577 0.870385 0.128542
v -2.219178 0.972340 0.193085
v -2.180078 1.015479 0.163648
v -2.174378 0.992814 0.224973
v -2.135678 1.031155 0.195763
v -2.133778 1.007751 0.249992
v -2.097377 1.043410 0.224096
v -2.109377 1.023001 0.277209
v -2.072678 1.056963 0.251922
v -2.087577 1.031930 0.300760
v -2.052678 1.066599 0.276870
v -2.069078 1.038950 0.322722
v -2.034078 1.075615 0.297921
v -2.053378 1.046864 0.343579
v -2.016278 1.083815 0.316076
v -2.034177 1.052844 0.358147
v -1.997777 1.089596 0.331045
v -2.014878 1.058801 0.368514
v -1.979578 1.095573 0.344912
v -1.996178 1.066378 0.382673
v -1.961478 1.103958 0.360567
v -1.975977 1.077578 0.400812
v -1.939978 1.113050 0.377417
v -1.946377 1.088966 0.416750
v -1.913578 1.124148 0.395157
v -1.915477 1.108482 0.438043
v -1.884878 1.143960 0.415649
v -1.879978 1.134029 0.464804
v -1.850277 1.169791 0.439508
v -1.843277 1.163295 0.495044
v -1.813978 1.199042 0.466948
v -1.805578 1.191361 0.525291
v -1.780578 1.228910 0.497585
v -1.773578 1.220837 0.557330
v -1.751277 1.258987 0.529821
v -2.325578 0.655671 -0.129187
v -2.294777 0.670433 -0.117868
v -2.300478 0.687242 -0.134560
v -2.329177 0.668089 -0.144255
v -2.266978 0.686178 -0.109654
v -2.271078 0.711595 -0.124993
v -2.219178 0.706767 -0.075266
v -2.228378 0.706160 -0.094763
v -2.216578 0.727962 -0.076182
v -2.228278 0.732718 -0.102608
v -2.221777 0.748316 -0.066493
v -2.236678 0.756389 -0.053137
v -2.241477 0.757003 -0.068841
v -2.231778 0.754309 -0.085926
v -2.254777 0.755415 -0.066532
v -2.251277 0.750604 -0.086906
v -2.269878 0.746535 -0.081184
v -2.271677 0.752738 -0.062517
v -2.267778 0.741340 -0.098656
v -2.247978 0.742414 -0.103261
v -2.245978 0.699315 -0.103026
v -2.246478 0.720359 -0.113241
v -2.269178 0.731455 -0.114102
v -2.251277 0.732461 -0.113007
v -2.456977 0.719974 -0.293342
v -2.463178 0.707350 -0.279372
v -2.446477 0.713929 -0.265008
v -2.436478 0.727249 -0.279581
v -2.452878 0.699972 -0.257032
v -2.467178 0.693588 -0.272397
v -2.440278 0.708259 -0.241177
v -2.432377 0.723410 -0.250060
v -2.419278 0.738329 -0.265142
v -2.420477 0.732596 -0.234410
v -2.404778 0.749410 -0.250302
v -2.428877 0.716249 -0.224720
v -2.418078 0.724144 -0.207463
v -2.409478 0.740690 -0.217454
v -2.392578 0.759904 -0.233159
v -2.400978 0.749095 -0.198099
v -2.384078 0.770420 -0.211916
v -2.408978 0.732946 -0.188811
v -2.401978 0.742348 -0.170162
v -2.395977 0.758602 -0.178551
v -2.380078 0.781341 -0.189876
v -2.391778 0.768000 -0.160802
v -2.377577 0.791248 -0.170330
v -2.396378 0.751240 -0.153311
v -2.387477 0.759722 -0.138557
v -2.383277 0.775683 -0.145544
v -2.370878 0.798640 -0.153470
v -2.316378 0.880836 -0.172720
v -2.347178 0.835080 -0.164670
v -2.340078 0.844567 -0.148721
v -2.308378 0.888029 -0.155859
v -2.362678 0.806521 -0.138713
v -2.363778 0.815696 -0.125063
v -2.343277 0.857134 -0.136590
v -2.310378 0.899399 -0.143121
v -2.370178 0.778967 -0.112062
v -2.368678 0.792133 -0.118334
v -2.372878 0.783559 -0.131687
v -2.376877 0.768696 -0.125006
v -2.376177 0.627015 -0.157631
v -2.354678 0.634851 -0.132873
v -2.353077 0.643174 -0.146919
v -2.378377 0.633760 -0.167768
v -2.358278 0.653725 -0.155977
v -2.384178 0.642329 -0.173415
v -2.371778 0.617259 -0.131277
v -2.360077 0.617160 -0.112776
v -2.357478 0.626419 -0.120427
v -2.374877 0.621590 -0.144001
v -2.342477 0.590692 -0.106931
v -2.326377 0.583963 -0.093894
v -2.317078 0.581032 -0.117978
v -2.334777 0.589184 -0.126723
v -2.298977 0.572968 -0.111334
v -2.307678 0.575930 -0.081650
v -2.287777 0.564685 -0.071588
v -2.280578 0.562786 -0.107878
v -2.268378 0.549636 -0.062306
v -2.258877 0.547969 -0.110997
v -2.249278 0.531290 -0.052305
v -2.238078 0.527977 -0.091188
v -2.364277 0.608566 -0.111729
v -2.362378 0.601543 -0.115891
v -2.378977 0.611326 -0.137245
v -2.373978 0.603778 -0.146203
v -2.400278 0.626032 -0.191026
v -2.419278 0.618092 -0.216683
v -2.410677 0.611437 -0.208446
v -2.395478 0.619991 -0.180393
v -2.405478 0.633806 -0.195868
v -2.425377 0.626171 -0.220527
v -2.389178 0.614995 -0.161165
v -2.391478 0.608305 -0.177729
v -2.354978 0.597223 -0.119567
v -2.352878 0.598031 -0.136472
v -2.325978 0.588280 -0.145619
v -2.309978 0.579225 -0.137369
v -2.311978 0.568361 -0.149110
v -2.325478 0.576209 -0.158653
v -2.300078 0.559986 -0.144464
v -2.295078 0.570550 -0.132721
v -2.366377 0.599742 -0.170882
v -2.344978 0.596322 -0.156363
v -2.341678 0.583236 -0.172091
v -2.361678 0.587557 -0.186315
v -2.387978 0.601623 -0.192692
v -2.385778 0.589075 -0.201524
v -2.407978 0.602299 -0.215396
v -2.410878 0.589283 -0.218325
v -2.425778 0.599604 -0.232682
v -2.436978 0.588502 -0.233021
v -2.433578 0.603075 -0.238001
v -2.464278 0.590311 -0.249531
v -2.440278 0.607951 -0.242328
v -2.467778 0.599757 -0.259483
v -2.447077 0.616941 -0.244277
v -2.470078 0.608733 -0.264032
v -2.435078 0.551391 -0.198317
v -2.422378 0.572136 -0.208431
v -2.449277 0.573643 -0.225540
v -2.459177 0.553173 -0.219928
v -2.476677 0.573122 -0.247537
v -2.481778 0.553211 -0.249628
v -2.389378 0.543733 -0.172375
v -2.374278 0.565984 -0.181497
v -2.397178 0.569516 -0.193917
v -2.411578 0.548074 -0.183199
v -2.352778 0.533424 -0.155819
v -2.338578 0.555911 -0.158142
v -2.354878 0.561549 -0.169473
v -2.369678 0.538779 -0.163948
v -2.312678 0.540579 -0.145758
v -2.324378 0.548852 -0.150703
v -2.338478 0.527970 -0.147289
v -2.326377 0.521411 -0.139853
v -2.468478 0.629927 -0.265148
v -2.470578 0.619728 -0.264792
v -2.450578 0.627636 -0.245235
v -2.450878 0.637629 -0.246590
v -2.429778 0.636156 -0.223182
v -2.431278 0.646039 -0.226436
v -2.469278 0.676617 -0.267104
v -2.454177 0.682898 -0.252238
v -2.453978 0.667817 -0.248755
v -2.470478 0.660737 -0.263417
v -2.438677 0.675908 -0.232199
v -2.440177 0.690786 -0.236081
v -2.467778 0.642631 -0.264418
v -2.466877 0.637033 -0.264087
v -2.450778 0.644924 -0.247430
v -2.451478 0.651124 -0.247464
v -2.432178 0.653527 -0.228577
v -2.434378 0.659924 -0.229112
v -2.469478 0.649937 -0.263258
v -2.452978 0.658024 -0.247402
v -2.436778 0.666521 -0.229848
v -2.410878 0.643483 -0.200121
v -2.391278 0.651703 -0.178166
v -2.397478 0.661376 -0.183219
v -2.414378 0.653359 -0.204476
v -2.427778 0.698380 -0.219122
v -2.425278 0.683803 -0.214742
v -2.413278 0.692402 -0.196689
v -2.416478 0.706576 -0.201467
v -2.416478 0.661340 -0.208119
v -2.401778 0.669752 -0.187565
v -2.404478 0.677228 -0.191906
v -2.418778 0.668226 -0.210557
v -2.422178 0.674617 -0.212192
v -2.408778 0.683715 -0.194242
v -2.369078 0.662604 -0.159826
v -2.344878 0.677078 -0.146205
v -2.362578 0.683683 -0.145441
v -2.380278 0.671485 -0.163174
v -2.406678 0.716279 -0.182820
v -2.403078 0.702705 -0.177845
v -2.395177 0.713011 -0.158601
v -2.399178 0.726081 -0.164073
v -2.388778 0.679568 -0.166418
v -2.376078 0.689879 -0.146175
v -2.382678 0.698548 -0.151922
v -2.393077 0.687640 -0.171563
v -2.397977 0.694322 -0.174799
v -2.389078 0.705029 -0.155358
v -2.388978 0.722009 -0.140750
v -2.393678 0.734976 -0.146721
v -2.386578 0.744063 -0.130971
v -2.381478 0.731099 -0.124300
v -2.322478 0.695246 -0.133904
v -2.305277 0.714209 -0.122407
v -2.332378 0.710257 -0.113686
v -2.346378 0.696872 -0.129113
v -2.363178 0.700974 -0.128735
v -2.351178 0.712961 -0.113000
v -2.361878 0.719827 -0.119038
v -2.372378 0.709042 -0.134579
v -2.380778 0.714824 -0.137911
v -2.372178 0.724314 -0.121563
v -2.376678 0.753742 -0.116524
v -2.367877 0.763610 -0.104177
v -2.371078 0.741081 -0.109254
v -2.359078 0.751340 -0.098610
v -2.295578 0.728585 -0.108686
v -2.290577 0.737873 -0.092636
v -2.312178 0.737387 -0.089934
v -2.320878 0.724624 -0.101364
v -2.360278 0.735489 -0.107824
v -2.348177 0.747545 -0.097689
v -2.348578 0.733488 -0.108013
v -2.336277 0.746942 -0.098286
v -2.337378 0.728412 -0.103685
v -2.325677 0.742065 -0.094059
v -2.275177 0.833497 0.167344
v -2.248778 0.798057 0.141938
v -2.317478 0.814184 0.128549
v -2.288678 0.779689 0.111238
v -2.193778 0.766086 0.056011
v -2.190578 0.781639 0.065526
v -2.229978 0.773296 0.057672
v -2.225977 0.762011 0.042233
v -2.230478 0.786518 0.116600
v -2.191078 0.806041 0.138994
v -2.268678 0.768284 0.092100
v -2.221578 0.783610 0.096816
v -2.255878 0.766499 0.076609
v -2.178877 0.799099 0.113032
v -2.145977 0.813144 0.139555
v -2.133678 0.806553 0.122891
v -2.156377 0.798957 0.105332
v -2.202178 0.787541 0.084194
v -2.176978 0.792341 0.084168
v -2.247077 0.767736 0.065002
v -2.222878 0.780231 0.082334
v -2.158878 0.820473 0.163115
v -2.282177 0.560959 -0.131269
v -2.291977 0.550902 -0.141614
v -2.282777 0.544876 -0.146281
v -2.269878 0.552032 -0.136120
v -2.304378 0.531605 -0.141008
v -2.294178 0.526482 -0.145180
v -2.315278 0.512641 -0.134304
v -2.302078 0.507005 -0.140774
v -2.311278 0.498070 -0.147225
v -2.332078 0.503701 -0.141656
v -2.321377 0.500435 -0.135338
v -2.323478 0.496915 -0.157319
v -2.357878 0.512997 -0.160707
v -2.343478 0.508552 -0.150682
v -2.355278 0.497721 -0.174523
v -2.338178 0.496869 -0.165819
v -2.394178 0.520898 -0.178750
v -2.374877 0.517047 -0.169729
v -2.374177 0.499771 -0.183535
v -2.394378 0.502317 -0.193449
v -2.415378 0.524437 -0.189870
v -2.415978 0.505154 -0.205065
v -2.437778 0.527456 -0.204687
v -2.437778 0.507976 -0.219180
v -2.460577 0.529540 -0.225998
v -2.457478 0.511276 -0.237499
v -2.482078 0.530871 -0.256806
v -2.473777 0.514008 -0.268214
v -2.431677 0.507527 -0.246578
v -2.448577 0.508592 -0.252884
v -2.456478 0.512542 -0.280206
v -2.429577 0.515078 -0.292020
v -2.372878 0.515534 -0.263422
v -2.386678 0.504553 -0.223462
v -2.409977 0.506986 -0.235775
v -2.398777 0.516761 -0.276829
v -2.325478 0.515662 -0.240123
v -2.343778 0.500565 -0.202939
v -2.364578 0.501712 -0.212746
v -2.348177 0.514201 -0.251315
v -2.324678 0.501413 -0.194144
v -2.308177 0.504064 -0.184958
v -2.304978 0.520417 -0.230148
v -2.287478 0.526470 -0.220481
v -2.272977 0.531328 -0.209908
v -2.261077 0.537079 -0.200539
v -2.286277 0.516370 -0.165625
v -2.295178 0.507623 -0.174078
v -2.279377 0.531773 -0.165010
v -2.267978 0.544784 -0.163081
v -2.250978 0.545013 -0.194382
v -2.240578 0.551942 -0.189120
v -2.253977 0.549636 -0.153707
v -2.230177 0.557184 -0.181349
v -2.217678 0.561252 -0.168871
v -2.239178 0.546308 -0.140389
v -2.220878 0.537305 -0.122739
v -2.201377 0.562853 -0.150579
v -2.182078 0.561574 -0.128472
v -2.199878 0.532934 -0.099115
v -2.177978 0.535282 -0.072027
v -2.162278 0.561416 -0.102471
v -2.139378 0.563161 -0.075980
v -2.153478 0.543933 -0.044574
v -2.121377 0.558166 -0.020252
v -2.110077 0.568790 -0.052410
v -2.074277 0.560498 -0.032765
v -2.081977 0.563879 0.000517
v -2.043478 0.573595 0.021564
v -2.038778 0.567969 -0.001405
v -2.036578 0.483429 -0.081544
v -2.049878 0.510373 -0.073691
v -2.072978 0.482447 -0.114939
v -2.063777 0.446316 -0.120441
v -2.058978 0.469810 -0.103270
v -2.095377 0.448836 -0.153456
v -2.027678 0.451504 -0.086069
v -2.055878 0.540592 -0.052056
v -2.029678 0.545667 -0.019983
v -2.017778 0.523353 -0.040862
v -1.981978 0.541155 -0.022159
v -1.993477 0.559192 0.002743
v -1.955678 0.571614 0.025075
v -1.943677 0.555581 0.000763
v -1.903878 0.564938 0.029512
v -1.915678 0.583542 0.048410
v -1.872777 0.598166 0.070931
v -1.882278 0.618032 0.082922
v -1.860878 0.578291 0.057339
v -1.819078 0.594534 0.083551
v -1.832278 0.614580 0.091741
v -1.842678 0.634519 0.098832
v -1.798678 0.634864 0.107130
v -1.811278 0.654363 0.106824
v -1.767478 0.657968 0.107804
v -1.782578 0.615063 0.107039
v -1.746478 0.638881 0.110208
v -1.784877 0.676460 0.106303
v -1.898978 0.631828 0.137147
v -1.892978 0.632900 0.113641
v -1.855478 0.654057 0.123925
v -1.860077 0.653596 0.149528
v -1.889478 0.634089 0.093334
v -1.851778 0.652845 0.103532
v -1.822278 0.671778 0.109528
v -1.824277 0.674394 0.130814
v -1.797778 0.691393 0.112221
v -1.799178 0.694010 0.133607
v -1.841978 0.703940 0.193854
v -1.829678 0.684976 0.182357
v -1.786678 0.711510 0.188412
v -1.802978 0.731085 0.202005
v -1.824678 0.676240 0.157505
v -1.796578 0.695950 0.159197
v -1.779178 0.711803 0.132410
v -1.780077 0.708912 0.152126
v -1.756478 0.730137 0.138409
v -1.763877 0.721077 0.164059
v -1.758478 0.696861 0.106391
v -1.773978 0.710900 0.113514
v -1.745577 0.732125 0.117998
v -1.727078 0.717086 0.110880
v -2.008177 0.502330 -0.063147
v -1.999478 0.484173 -0.073548
v -1.964677 0.507535 -0.062275
v -1.973077 0.525018 -0.047171
v -1.979378 0.409075 -0.036436
v -1.958078 0.415110 -0.011869
v -1.977977 0.441100 -0.032011
v -2.000678 0.424068 -0.056119
v -1.941577 0.453419 -0.010278
v -1.924278 0.426436 0.011170
v -1.955778 0.476075 -0.036703
v -1.991678 0.463065 -0.056832
v -1.990077 0.478321 -0.064716
v -1.960378 0.491691 -0.051989
v -1.932377 0.546626 -0.027589
v -1.919578 0.528125 -0.045988
v -1.882778 0.537566 -0.001839
v -1.892178 0.553025 0.008777
v -1.921078 0.506020 -0.028567
v -1.883578 0.523533 0.010238
v -1.917478 0.490528 -0.008782
v -1.881777 0.508734 0.028819
v -1.906978 0.467879 0.018843
v -1.874777 0.485174 0.054549
v -1.891178 0.440582 0.037793
v -1.860178 0.456258 0.069907
v -1.849078 0.563320 0.044321
v -1.841077 0.550592 0.039390
v -1.805277 0.578901 0.077436
v -1.793178 0.567280 0.073700
v -1.840078 0.539342 0.048452
v -1.790978 0.554532 0.083270
v -1.841877 0.525944 0.067226
v -1.794578 0.542027 0.100638
v -1.839478 0.503169 0.090151
v -1.794478 0.522129 0.119347
v -1.827578 0.473433 0.101914
v -1.784678 0.495464 0.125793
v -1.971677 0.391706 -0.049041
v -1.941978 0.390276 -0.018033
v -1.933278 0.366484 -0.034703
v -1.963377 0.372902 -0.068039
v -1.895278 0.378616 -0.010669
v -1.907077 0.402104 0.005403
v -1.873978 0.417845 0.031017
v -1.859978 0.397341 0.012229
v -1.826377 0.411007 0.042354
v -1.843078 0.431918 0.062740
v -1.810378 0.447787 0.093554
v -1.792478 0.424586 0.075081
v -1.754178 0.446455 0.105861
v -1.770378 0.470926 0.118828
v -1.721878 0.499566 0.144271
v -1.733378 0.521788 0.148250
v -1.708278 0.477214 0.134893
v -1.663678 0.505763 0.162038
v -1.675578 0.525804 0.169428
v -1.686078 0.545812 0.170919
v -1.733878 0.431699 0.077542
v -1.691378 0.461790 0.112278
v -1.674478 0.457738 0.084499
v -1.712878 0.429228 0.046255
v -1.637678 0.484432 0.119854
v -1.650578 0.490761 0.143519
v -2.090078 0.419147 -0.169593
v -2.115777 0.427939 -0.207442
v -2.145177 0.400232 -0.245391
v -2.117978 0.396704 -0.213771
v -2.087677 0.395944 -0.188267
v -2.111278 0.415098 -0.196772
v -2.057778 0.420582 -0.144801
v -2.052778 0.393968 -0.165555
v -2.010878 0.387998 -0.141922
v -2.023677 0.417031 -0.117581
v -1.996778 0.404115 -0.083910
v -1.986078 0.384212 -0.102801
v -1.975877 0.372673 -0.109838
v -1.956078 0.363502 -0.086288
v -1.982678 0.368775 -0.127717
v -1.956478 0.357104 -0.104153
v -1.925678 0.355758 -0.057745
v -1.923778 0.348864 -0.074807
v -1.881177 0.350082 -0.053414
v -1.885778 0.361890 -0.033578
v -1.846178 0.378396 -0.014268
v -1.835678 0.363541 -0.042587
v -1.783778 0.381820 -0.028287
v -1.807678 0.395029 0.009941
v -1.771378 0.410805 0.042056
v -1.747478 0.405334 0.010885
v -2.163978 0.369761 -0.240024
v -2.129178 0.373597 -0.215145
v -2.138177 0.349916 -0.211615
v -2.174778 0.345694 -0.233792
v -2.103178 0.350031 -0.190515
v -2.096077 0.372032 -0.190436
v -2.060378 0.368743 -0.170217
v -2.068478 0.347734 -0.171703
v -2.034877 0.342331 -0.153973
v -2.023777 0.362427 -0.154683
v -2.104878 0.332320 -0.192518
v -2.102377 0.315502 -0.195726
v -2.070077 0.316609 -0.176232
v -2.070777 0.331621 -0.174014
v -2.040477 0.327839 -0.152393
v -2.041177 0.313230 -0.154113
v -1.994877 0.351645 -0.133123
v -2.007577 0.334564 -0.129630
v -1.979078 0.327021 -0.100888
v -1.966678 0.341790 -0.106569
v -2.014778 0.321180 -0.126657
v -1.985978 0.313136 -0.098112
v -2.015277 0.306566 -0.129177
v -1.985678 0.298209 -0.102930
v -1.929778 0.335046 -0.078032
v -1.940077 0.320082 -0.071450
v -1.890878 0.313799 -0.050015
v -1.883977 0.331861 -0.057014
v -1.896677 0.282778 -0.053745
v -1.895278 0.298410 -0.048131
v -1.945978 0.305295 -0.069069
v -1.945978 0.289859 -0.075684
v -1.832078 0.335787 -0.052335
v -1.834777 0.310130 -0.044295
v -1.775578 0.310065 -0.038094
v -1.779678 0.342631 -0.044373
v -1.776577 0.272520 -0.027889
v -1.775777 0.289000 -0.031579
v -1.837778 0.292457 -0.039398
v -1.839978 0.276554 -0.039911
v -2.415577 0.240310 -0.632521
v -2.414678 0.204727 -0.647727
v -2.412478 0.200825 -0.629805
v -2.417278 0.235496 -0.616795
v -2.399978 0.159644 -0.644480
v -2.402678 0.162444 -0.662596
v -2.395578 0.161805 -0.615092
v -2.407777 0.200778 -0.601805
v -2.414077 0.233241 -0.590382
v -2.392978 0.274343 -0.571907
v -2.397778 0.284979 -0.565265
v -2.402977 0.287152 -0.588477
v -2.399778 0.276419 -0.594419
v -2.400278 0.301193 -0.581054
v -2.395177 0.298814 -0.559041
v -2.397778 0.306405 -0.597183
v -2.401178 0.292365 -0.604406
v -2.398978 0.280941 -0.608843
v -2.397078 0.260101 -0.579529
v -2.391878 0.266818 -0.576366
v -2.399477 0.269697 -0.598482
v -2.403878 0.263576 -0.602348
v -2.398378 0.273825 -0.611704
v -2.402177 0.267802 -0.615772
v -2.409277 0.258967 -0.622123
v -2.411778 0.254545 -0.607899
v -2.406878 0.251578 -0.583582
v -2.383078 0.285769 -0.530469
v -2.380978 0.300084 -0.527947
v -2.377878 0.273944 -0.535204
v -2.360777 0.276189 -0.490416
v -2.364377 0.289400 -0.488488
v -2.363178 0.304894 -0.489473
v -2.362278 0.258377 -0.492518
v -2.359078 0.266880 -0.491965
v -2.375078 0.264823 -0.538854
v -2.379978 0.256415 -0.540308
v -2.390178 0.248106 -0.541963
v -2.401278 0.232192 -0.544576
v -2.379978 0.235178 -0.492191
v -2.370078 0.249277 -0.492468
v -2.343778 0.295938 -0.444923
v -2.341978 0.311226 -0.447207
v -2.339878 0.283025 -0.447152
v -2.320478 0.291542 -0.407598
v -2.322077 0.303860 -0.404366
v -2.318577 0.317843 -0.407442
v -2.202478 0.357024 -0.264955
v -2.209978 0.334639 -0.262132
v -2.187878 0.376550 -0.278562
v -2.223077 0.353320 -0.302135
v -2.235478 0.339779 -0.291361
v -2.241477 0.321981 -0.290963
v -2.301378 0.311341 -0.371306
v -2.295778 0.324318 -0.375577
v -2.303578 0.299418 -0.375441
v -2.285978 0.303868 -0.348165
v -2.280178 0.318693 -0.343546
v -2.272478 0.330660 -0.349512
v -2.321477 0.276430 -0.409716
v -2.320578 0.282621 -0.411450
v -2.338377 0.273616 -0.448801
v -2.341578 0.265618 -0.448557
v -2.307377 0.290566 -0.384893
v -2.302878 0.288604 -0.377982
v -2.347678 0.257424 -0.447412
v -2.353077 0.245131 -0.446045
v -2.324277 0.259346 -0.406822
v -2.324277 0.269140 -0.407876
v -2.301178 0.282814 -0.376250
v -2.297478 0.275719 -0.375211
v -2.280978 0.286634 -0.354271
v -2.281477 0.294566 -0.348414
v -2.258977 0.326933 -0.317891
v -2.265678 0.313241 -0.316516
v -2.249077 0.338291 -0.325753
v -2.397478 0.202945 -0.553016
v -2.386378 0.167672 -0.566323
v -2.365378 0.180405 -0.505392
v -2.377378 0.210850 -0.497258
v -2.349778 0.226517 -0.448543
v -2.337078 0.211692 -0.453062
v -2.305078 0.238817 -0.412010
v -2.317478 0.248140 -0.407761
v -2.316778 0.207172 -0.456637
v -2.288778 0.233873 -0.420083
v -2.336177 0.175330 -0.482664
v -2.313578 0.177764 -0.476477
v -2.295477 0.201739 -0.462708
v -2.270578 0.223420 -0.429626
v -2.238478 0.290205 -0.323090
v -2.237678 0.307522 -0.301784
v -2.262278 0.300597 -0.324547
v -2.265478 0.288402 -0.341780
v -2.286078 0.270538 -0.371783
v -2.270977 0.266741 -0.371162
v -2.176478 0.323886 -0.235273
v -2.141378 0.329522 -0.210503
v -2.136978 0.309500 -0.214394
v -2.175278 0.299835 -0.244441
v -2.215578 0.260060 -0.331125
v -2.228378 0.276169 -0.329613
v -2.256478 0.259016 -0.375820
v -2.242877 0.241883 -0.381826
v -2.208178 0.315997 -0.269730
v -2.206578 0.300339 -0.280245
v -2.208278 0.287462 -0.294374
v -2.194377 0.277407 -0.286019
v -2.163477 1.021018 0.024516
v -2.218378 1.016280 0.054142
v -2.177978 1.026097 0.093789
v -2.129278 1.026129 0.063088
v -2.134078 1.033407 0.132149
v -2.093177 1.031249 0.103261
v -2.095478 1.045395 0.166384
v -2.061278 1.044147 0.139491
v -2.062878 1.058264 0.197314
v -2.033278 1.058027 0.172215
v -1.988478 1.079819 0.225597
v -2.009478 1.070484 0.200948
v -2.038878 1.071219 0.225644
v -2.018777 1.081155 0.250390
v -1.999877 1.089966 0.270742
v -1.969378 1.087428 0.245456
v -1.981678 1.097361 0.288002
v -1.951478 1.094420 0.262218
v -1.963578 1.103446 0.303569
v -1.933678 1.100905 0.277782
v -1.945478 1.109928 0.318433
v -1.915078 1.106790 0.293250
v -1.926478 1.118314 0.334088
v -1.895278 1.114177 0.309210
v -1.904578 1.127104 0.350540
v -1.872878 1.123166 0.325461
v -1.879478 1.140097 0.367569
v -1.846878 1.135352 0.341195
v -1.849477 1.157795 0.385373
v -1.815177 1.148739 0.357022
v -1.812678 1.180001 0.404751
v -1.777177 1.166123 0.372227
v -1.775077 1.205933 0.428810
v -1.728677 1.189403 0.386800
v -1.678678 1.262414 0.461701
v -1.701578 1.226920 0.426295
v -1.743778 1.236701 0.459442
v -1.718277 1.269988 0.493560
v -1.682778 1.199485 0.365244
v -1.666177 1.229170 0.398882
v -1.632678 1.229948 0.376678
v -1.647878 1.201184 0.346734
v -1.645877 1.263065 0.434397
v -1.613878 1.261239 0.411507
v -2.056677 1.020289 0.055720
v -2.084678 1.010273 0.016474
v -2.101378 1.016193 0.038342
v -2.070077 1.020422 0.080020
v -2.129878 1.014677 -0.001250
v -2.109078 1.006268 -0.021104
v -1.997578 1.048482 0.127567
v -2.026778 1.033893 0.093146
v -2.040078 1.033130 0.118151
v -2.012477 1.047518 0.152373
v -1.948878 1.074779 0.181824
v -1.971677 1.062846 0.157389
v -1.987978 1.061080 0.181899
v -1.965878 1.070816 0.206746
v -1.912278 1.090461 0.214938
v -1.929677 1.083779 0.199875
v -1.946878 1.079219 0.225600
v -1.929478 1.087005 0.241258
v -1.876678 1.100534 0.246484
v -1.894978 1.095746 0.230510
v -1.912077 1.093390 0.256823
v -1.893678 1.099177 0.272592
v -1.834278 1.114806 0.277906
v -1.856478 1.106523 0.262851
v -1.873377 1.105766 0.288956
v -1.850578 1.113853 0.304812
v -1.824178 1.123034 0.319462
v -1.809878 1.125273 0.290149
v -1.793478 1.132607 0.332810
v -1.782877 1.137924 0.299480
v -1.722377 1.161879 0.345850
v -1.717378 1.154274 0.308491
v -1.751378 1.148263 0.306524
v -1.758977 1.146366 0.343534
v -1.686577 1.170028 0.336705
v -1.682878 1.155140 0.302286
v -1.652977 1.167764 0.324817
v -1.649778 1.149293 0.293618
v -2.070878 1.012570 -0.002438
v -2.092778 1.008502 -0.033217
v -2.043678 1.022552 0.030707
v -2.032378 1.027613 0.005379
v -2.061178 1.017170 -0.020664
v -2.079778 1.012880 -0.037241
v -2.013078 1.037436 0.064326
v -1.982277 1.054410 0.096034
v -1.968177 1.064524 0.061978
v -1.999978 1.044369 0.033688
v -1.954378 1.069963 0.123949
v -1.929577 1.082088 0.146883
v -1.912178 1.095876 0.108007
v -1.938578 1.082362 0.087181
v -1.909478 1.090280 0.163639
v -1.891778 1.095458 0.177811
v -1.874678 1.111640 0.137921
v -1.891878 1.105661 0.123554
v -2.024477 1.055965 -0.040077
v -2.059778 1.039966 -0.058189
v -2.057178 1.025559 -0.041110
v -2.024778 1.038373 -0.020280
v -2.085278 1.017281 -0.055165
v -2.091077 1.027786 -0.072623
v -1.989878 1.079084 -0.018303
v -1.991178 1.058607 0.004210
v -1.959578 1.082648 0.029778
v -1.958078 1.105318 0.005954
v -1.926777 1.128340 0.028328
v -1.929278 1.103476 0.053165
v -1.900978 1.118180 0.072185
v -1.895778 1.143833 0.045344
v -2.140578 1.080676 -0.165914
v -2.173977 1.063673 -0.184821
v -2.175778 1.058122 -0.175790
v -2.142878 1.076219 -0.158089
v -2.173878 1.049979 -0.165446
v -2.142778 1.068973 -0.148249
v -2.110777 1.093726 -0.138685
v -2.113278 1.086582 -0.128345
v -2.107178 1.097881 -0.146908
v -2.076377 1.117363 -0.113714
v -2.071678 1.122608 -0.123743
v -2.080178 1.108424 -0.102565
v -2.046378 1.135180 -0.074011
v -2.042978 1.147918 -0.085480
v -2.037178 1.154851 -0.097719
v -2.010778 1.183772 -0.057376
v -2.004178 1.192204 -0.069923
v -2.014378 1.167833 -0.046189
v -1.981478 1.200574 -0.020468
v -1.979978 1.219823 -0.029873
v -1.974678 1.230853 -0.042734
v -1.944578 1.246850 -0.006721
v -1.940877 1.258584 -0.018885
v -1.945278 1.227796 0.001684
v -1.906578 1.245780 0.016985
v -1.905978 1.262542 0.009994
v -1.903178 1.272589 0.000339
v -1.869177 1.268511 0.022661
v -1.866377 1.276668 0.014716
v -1.870978 1.253545 0.028743
v -1.838678 1.255306 0.040034
v -1.835378 1.268970 0.033459
v -1.832178 1.275930 0.026021
v -1.804677 1.266823 0.043071
v -1.801378 1.272679 0.035039
v -1.808877 1.254366 0.050939
v -1.781178 1.252425 0.061750
v -1.776577 1.264675 0.052683
v -1.773178 1.270627 0.043750
v -1.724878 1.264580 0.071683
v -1.721578 1.272126 0.061942
v -1.746878 1.270576 0.052650
v -1.750178 1.263828 0.062187
v -1.754978 1.250879 0.071658
v -1.729378 1.250829 0.080759
v -1.699578 1.267430 0.080968
v -1.696678 1.275079 0.071626
v -1.703778 1.253778 0.089743
v -1.677178 1.257539 0.100822
v -1.672978 1.270888 0.091549
v -1.670078 1.278537 0.082207
v -1.605578 1.278155 0.103710
v -1.639278 1.280499 0.093397
v -1.642578 1.272354 0.103541
v -1.609478 1.269512 0.114057
v -1.647078 1.258909 0.113615
v -1.614377 1.255962 0.123431
v -1.570978 1.270098 0.111554
v -1.575578 1.261751 0.121300
v -1.581878 1.248996 0.129670
v -1.548578 1.240425 0.134917
v -1.541078 1.252284 0.127352
v -1.536178 1.258832 0.117916
v -2.104778 1.056344 -0.098579
v -2.071978 1.072658 -0.077868
v -2.077578 1.091593 -0.089872
v -2.110678 1.072762 -0.113670
v -2.037178 1.093684 -0.054983
v -2.043078 1.115235 -0.063901
v -2.031578 1.075026 -0.047281
v -1.998377 1.100552 -0.024320
v -2.004777 1.121320 -0.030034
v -1.966077 1.127984 -0.000170
v -1.972878 1.150359 -0.004793
v -1.978677 1.176121 -0.011834
v -2.011077 1.145182 -0.037165
v -1.931878 1.151998 0.020499
v -1.938677 1.175984 0.017867
v -1.898077 1.169079 0.035406
v -1.903178 1.194266 0.032768
v -1.905677 1.221625 0.025318
v -1.943378 1.203045 0.010719
v -1.845778 1.204793 0.056010
v -1.842477 1.232050 0.048061
v -1.872278 1.229787 0.036473
v -1.872677 1.202529 0.044423
v -1.814578 1.231415 0.060065
v -1.787677 1.229174 0.070677
v -1.819578 1.204054 0.067115
v -1.793778 1.201708 0.077028
v -1.742978 1.198295 0.093046
v -1.736178 1.226571 0.088492
v -1.761578 1.226822 0.079490
v -1.768478 1.199052 0.085142
v -1.689278 1.205497 0.111607
v -1.684078 1.234388 0.109849
v -1.710778 1.230026 0.098473
v -1.716777 1.201041 0.101432
v -1.629278 1.209923 0.134583
v -1.621778 1.234707 0.131548
v -1.654178 1.236657 0.122537
v -1.659478 1.209364 0.123886
v -2.124578 1.028837 -0.099929
v -2.148478 1.016360 -0.113861
v -2.148677 1.005099 -0.088599
v -2.098578 1.041518 -0.085198
v -2.115978 1.016435 -0.081961
v -2.131877 1.042746 -0.116605
v -2.158178 1.027054 -0.133320
v -2.138578 1.056954 -0.133483
v -2.167078 1.038857 -0.150985
v -2.066577 1.056216 -0.067278
v -2.252078 0.757337 -0.044342
v -2.269178 0.757264 -0.039442
v -2.243778 0.756957 -0.022340
v -2.261978 0.755412 -0.012431
v -2.230177 0.756663 -0.003038
v -2.241678 0.755035 0.010171
v -2.306677 0.747657 -0.077190
v -2.288978 0.744057 -0.077170
v -2.288078 0.749949 -0.060402
v -2.303277 0.751548 -0.060611
v -2.260978 0.757965 0.033855
v -2.280777 0.747053 0.013515
v -2.270877 0.752804 0.004483
v -2.251578 0.757603 0.022557
v -2.297278 0.740776 -0.018951
v -2.300478 0.745761 -0.039879
v -2.285478 0.751669 -0.038411
v -2.282777 0.748280 -0.018192
v -2.282877 0.746449 -0.005482
v -2.292677 0.740867 -0.002251
v -2.318378 0.752637 -0.080817
v -2.315278 0.752839 -0.062218
v -2.326978 0.752829 -0.064018
v -2.329678 0.755324 -0.083332
v -2.270778 0.754517 0.043374
v -2.290577 0.743794 0.021033
v -2.282378 0.752668 0.052685
v -2.301877 0.743631 0.027734
v -2.321878 0.738887 -0.016941
v -2.325178 0.744152 -0.041570
v -2.312977 0.744655 -0.040973
v -2.309678 0.738279 -0.018438
v -2.302878 0.738887 0.001359
v -2.314477 0.739509 0.005356
v -2.296877 0.755030 0.063972
v -2.317277 0.768792 0.075297
v -2.316477 0.747073 0.035315
v -2.336277 0.762103 0.040833
v -2.358178 0.757521 -0.065544
v -2.356178 0.757420 -0.084043
v -2.342378 0.754724 -0.083229
v -2.340578 0.753130 -0.063920
v -2.339677 0.746358 -0.040482
v -2.336078 0.743000 -0.014463
v -2.355378 0.754707 -0.013327
v -2.358878 0.754955 -0.041029
v -2.328778 0.743633 0.009734
v -2.348077 0.757349 0.012559
v -2.372978 0.771388 -0.089820
v -2.378878 0.790133 -0.100023
v -2.381978 0.776887 -0.071750
v -2.388578 0.815093 -0.089159
v -2.375978 0.821863 -0.112796
v -2.376578 0.799386 -0.108573
v -2.341978 0.804820 0.080300
v -2.362478 0.795807 0.041348
v -2.353178 0.855196 0.075724
v -2.377478 0.845668 0.034175
v -2.380578 0.833424 -0.028658
v -2.392278 0.827167 -0.057425
v -2.385277 0.781028 -0.046072
v -2.380477 0.785387 -0.016995
v -2.373377 0.789735 0.010081
v -2.381578 0.838880 -0.000188
v -2.358278 0.866398 -0.124940
v -2.373878 0.875317 -0.103089
v -2.338977 0.923656 -0.114354
v -2.326078 0.909660 -0.131877
v -2.327978 0.960175 -0.001352
v -2.366078 0.905482 0.018248
v -2.342178 0.915119 0.061596
v -2.305778 0.970498 0.039292
v -2.376277 0.883585 -0.072434
v -2.340878 0.934303 -0.087611
v -2.361878 0.885343 -0.043543
v -2.330678 0.936558 -0.059323
v -2.367077 0.894494 -0.015992
v -2.330778 0.946102 -0.032875
v -2.271078 0.922636 -0.172849
v -2.272578 0.927240 -0.153774
v -2.241678 0.964004 -0.142375
v -2.226278 0.973413 -0.159027
v -2.281377 0.932805 -0.142104
v -2.263578 0.961759 -0.132162
v -2.212577 1.014785 -0.036351
v -2.272277 0.999982 -0.018570
v -2.250778 1.009470 0.015879
v -2.191477 1.020435 -0.008882
v -2.298977 0.933851 -0.133610
v -2.298878 0.951810 -0.123008
v -2.213678 0.989140 -0.117612
v -2.188178 0.991298 -0.125224
v -2.249578 0.986579 -0.110398
v -2.237378 1.001029 -0.082977
v -2.194878 1.003293 -0.089589
v -2.189678 1.005466 -0.149402
v -2.173778 1.002372 -0.129985
v -2.152778 1.013198 -0.033842
v -2.172878 1.011269 -0.057332
v -2.127378 1.004595 -0.052796
v -2.228077 1.007763 -0.058513
v -2.192678 1.009306 -0.068922
v -2.106478 1.008857 -0.059619
v -2.281377 0.988026 -0.047005
v -2.287777 0.978882 -0.073255
v -2.296177 0.969733 -0.100506
v -2.201377 1.012759 -0.168842
v -2.235478 0.972961 -0.186824
v -2.208477 1.022066 -0.185993
v -2.242777 0.977816 -0.213251
v -2.210178 1.030704 -0.197241
v -2.207378 1.037547 -0.207678
v -2.233278 1.005219 -0.231002
v -2.236578 0.998069 -0.221762
v -2.451078 0.736542 -0.317533
v -2.427378 0.746522 -0.302887
v -2.424078 0.768711 -0.323209
v -2.447578 0.754917 -0.340333
v -2.407278 0.760403 -0.288063
v -2.403078 0.785493 -0.308300
v -2.389778 0.775878 -0.274347
v -2.384378 0.805057 -0.296707
v -2.374378 0.791673 -0.257233
v -2.365077 0.833027 -0.283860
v -2.356478 0.820150 -0.206488
v -2.363278 0.807107 -0.232617
v -2.348578 0.850700 -0.252456
v -2.330078 0.877662 -0.222703
v -2.352878 0.828775 -0.183735
v -2.323478 0.877921 -0.193804
v -2.274578 0.922007 -0.196346
v -2.278778 0.923982 -0.219357
v -2.349378 0.894273 -0.293995
v -2.354678 0.869903 -0.288362
v -2.335278 0.886829 -0.265454
v -2.330478 0.916997 -0.271319
v -2.308378 0.907438 -0.245467
v -2.299978 0.940400 -0.252547
v -2.282278 0.929095 -0.235185
v -2.269878 0.958583 -0.237547
v -2.303877 0.982131 -0.265276
v -2.302178 0.965484 -0.255585
v -2.267778 0.980265 -0.240765
v -2.267278 0.992024 -0.248330
v -2.329177 0.937463 -0.277632
v -2.327278 0.948903 -0.288494
v -2.345478 0.915791 -0.308913
v -2.347178 0.909532 -0.301479
v -2.382477 0.083491 -0.635663
v -2.386777 0.120137 -0.627364
v -2.393777 0.117169 -0.658048
v -2.393678 0.080119 -0.667045
v -2.398278 0.120149 -0.679965
v -2.395977 0.083864 -0.695366
v -2.346978 0.096600 -0.560934
v -2.361878 0.131433 -0.536824
v -2.377278 0.125780 -0.582994
v -2.368078 0.088292 -0.598889
v -2.335978 0.138510 -0.504362
v -2.318677 0.113773 -0.529427
v -2.290878 0.140299 -0.506472
v -2.306978 0.156508 -0.486461
v -2.279478 0.181294 -0.470896
v -2.263877 0.163327 -0.483098
v -2.238178 0.175225 -0.446962
v -2.254777 0.199076 -0.437693
v -2.228178 0.215144 -0.388880
v -2.213478 0.187004 -0.396126
v -2.188878 0.201005 -0.341102
v -2.201278 0.233031 -0.336277
v -2.180178 0.251903 -0.286780
v -2.163078 0.222958 -0.294821
v -2.136178 0.248847 -0.260363
v -2.156377 0.270624 -0.246482
v -2.125278 0.287754 -0.222675
v -2.109278 0.269284 -0.235374
v -2.083978 0.278414 -0.211724
v -2.095277 0.296368 -0.201922
v -2.060977 0.278543 -0.188124
v -2.067877 0.297389 -0.179827
v -2.041478 0.293812 -0.157207
v -2.037077 0.274466 -0.165701
v -2.015178 0.287340 -0.133871
v -1.984678 0.279274 -0.109327
v -2.010878 0.268086 -0.143666
v -1.980177 0.259912 -0.120621
v -1.945578 0.270914 -0.083781
v -1.942177 0.251347 -0.095874
v -1.897578 0.263541 -0.060540
v -1.896078 0.242284 -0.070824
v -1.840878 0.257841 -0.042309
v -1.775777 0.255728 -0.026397
v -1.839578 0.235311 -0.047685
v -1.773777 0.237322 -0.027396
v -2.214478 0.164050 -0.460701
v -2.189978 0.172027 -0.410044
v -2.162278 0.180210 -0.431390
v -2.186878 0.171742 -0.480344
v -2.141278 0.193987 -0.380864
v -2.166177 0.188615 -0.357434
v -2.141178 0.213449 -0.314770
v -2.117877 0.213914 -0.339373
v -2.093277 0.234402 -0.305084
v -2.116078 0.238438 -0.280306
v -2.091378 0.257291 -0.252509
v -2.068978 0.251062 -0.275975
v -2.045178 0.260802 -0.250428
v -2.067378 0.266926 -0.227761
v -2.044978 0.269250 -0.205073
v -2.023077 0.264225 -0.227846
v -2.021778 0.266266 -0.183857
v -2.000378 0.262534 -0.207937
v -1.995677 0.259276 -0.163818
v -1.964978 0.251387 -0.143375
v -1.974778 0.256430 -0.190403
v -1.944678 0.251928 -0.172578
v -1.928177 0.242709 -0.121127
v -1.882978 0.234132 -0.098580
v -1.909177 0.249938 -0.152367
v -1.865878 0.250160 -0.130168
v -1.827178 0.226955 -0.076140
v -1.763877 0.225296 -0.050431
v -1.812078 0.248488 -0.106758
v -1.750477 0.244539 -0.079236
v -1.741477 0.543956 0.142528
v -1.693778 0.565181 0.165213
v -1.696778 0.581014 0.152826
v -1.742378 0.561075 0.127534
v -1.618477 0.513786 0.166294
v -1.628977 0.527073 0.182121
v -1.609377 0.507681 0.147027
v -1.593678 0.521261 0.161653
v -1.594378 0.531057 0.179099
v -1.603378 0.544634 0.193225
v -1.632577 0.568751 0.196293
v -1.651678 0.561608 0.188332
v -1.641178 0.543910 0.188829
v -1.617478 0.559365 0.198845
v -1.747978 0.588973 0.108781
v -1.740578 0.573999 0.113663
v -1.698178 0.593952 0.141555
v -1.698478 0.611987 0.129756
v -1.628277 0.599370 0.181326
v -1.661078 0.596424 0.173042
v -1.657877 0.579081 0.183437
v -1.628778 0.583539 0.193912
v -1.580978 0.576245 0.176852
v -1.600277 0.591581 0.183368
v -1.604178 0.577164 0.198647
v -1.584278 0.562145 0.195230
v -1.575778 0.544554 0.178626
v -1.583778 0.530323 0.154703
v -1.576178 0.556253 0.160061
v -1.583878 0.539962 0.143550
v -1.719478 0.412123 -0.009452
v -1.691878 0.439888 0.020596
v -1.736378 0.385189 -0.033905
v -1.702777 0.389852 -0.040531
v -1.698278 0.425718 -0.028727
v -1.676378 0.456558 -0.003096
v -1.729078 0.347900 -0.031701
v -1.685078 0.352514 -0.029227
v -1.716678 0.314866 -0.019620
v -1.664478 0.322547 -0.004862
v -1.711177 0.291715 -0.010593
v -1.654977 0.300853 0.014657
v -1.707578 0.273036 -0.006691
v -1.649178 0.280506 0.024268
v -1.703778 0.257343 -0.005405
v -1.642978 0.260014 0.025881
v -1.700378 0.244643 -0.005336
v -1.637978 0.241600 0.023281
v -1.683877 0.237529 -0.044397
v -1.693978 0.228170 -0.018546
v -1.625978 0.230491 -0.014858
v -1.631877 0.225921 0.009067
v -1.589077 0.228093 0.022055
v -1.593678 0.241608 0.043082
v -1.589478 0.231359 -0.002263
v -1.569277 0.243744 -0.005131
v -1.563278 0.244493 0.022065
v -1.568577 0.248610 0.043543
v -1.598978 0.266135 0.047947
v -1.604578 0.292510 0.043303
v -1.565877 0.271000 0.041621
v -1.570478 0.296748 0.031880
v -1.556777 0.267263 0.016541
v -1.560578 0.288509 0.006624
v -1.561778 0.263718 -0.009940
v -1.562178 0.280506 -0.012232
v -1.612278 0.314428 0.028383
v -1.580378 0.317863 0.016464
v -1.602578 0.334518 -0.010128
v -1.626877 0.334084 0.001975
v -1.593177 0.237049 -0.022494
v -1.582078 0.246801 -0.031348
v -1.620778 0.239547 -0.041208
v -1.609078 0.252225 -0.063478
v -1.570278 0.305924 -0.008971
v -1.590678 0.324792 -0.033175
v -1.570978 0.288611 -0.029577
v -1.590978 0.304164 -0.056362
v -1.573978 0.266976 -0.035858
v -1.597178 0.277800 -0.068118
v -1.897977 0.896730 0.100197
v -1.872677 0.880205 0.077387
v -1.846077 0.899862 0.105980
v -1.868678 0.917879 0.127282
v -1.868577 0.913571 0.235507
v -1.854878 0.927944 0.194028
v -1.822278 0.935993 0.221184
v -1.832677 0.923424 0.263353
v -1.767478 0.955941 0.266475
v -1.772277 0.950094 0.312708
v -1.802978 0.935554 0.287187
v -1.795878 0.945212 0.242934
v -1.832778 0.840302 0.095106
v -1.847678 0.863748 0.066977
v -1.825178 0.884021 0.098567
v -1.812578 0.861060 0.124093
v -1.837378 0.925158 0.160042
v -1.820178 0.910849 0.140120
v -1.793878 0.921314 0.170364
v -1.808278 0.933017 0.189100
v -1.783178 0.941439 0.211354
v -1.768378 0.931238 0.193010
v -1.739377 0.941362 0.215554
v -1.755078 0.952961 0.233591
v -1.794478 0.874847 0.158218
v -1.804978 0.895923 0.135502
v -1.783477 0.904812 0.169954
v -1.770977 0.885715 0.188759
v -1.820677 0.818238 0.156627
v -1.795078 0.838371 0.180918
v -1.788578 0.784594 0.203512
v -1.756777 0.807195 0.221989
v -1.758478 0.913554 0.195906
v -1.726677 0.924862 0.215545
v -1.746078 0.895860 0.215404
v -1.712878 0.907853 0.232338
v -1.746578 0.741310 0.206649
v -1.764577 0.758160 0.215657
v -1.729477 0.782346 0.231225
v -1.710778 0.764506 0.224023
v -1.769678 0.851099 0.204148
v -1.742678 0.862808 0.224185
v -1.728677 0.823578 0.237099
v -1.703477 0.838448 0.249918
v -1.716077 0.875908 0.242313
v -1.686577 0.891177 0.254930
v -1.679577 0.854715 0.261929
v -1.654578 0.873858 0.269725
v -1.722978 0.752611 0.151887
v -1.732578 0.741764 0.179946
v -1.695978 0.761470 0.199139
v -1.684978 0.769327 0.173095
v -1.700378 0.800619 0.244625
v -1.675678 0.816887 0.256936
v -1.681178 0.782394 0.240025
v -1.655378 0.798477 0.255237
v -1.632078 0.819841 0.266820
v -1.652877 0.835745 0.267533
v -1.629878 0.858274 0.272810
v -1.610077 0.846661 0.270374
v -1.707078 0.754098 0.131278
v -1.667578 0.763256 0.160128
v -1.685678 0.736269 0.125976
v -1.644778 0.746828 0.155018
v -1.665278 0.774888 0.220666
v -1.653178 0.779269 0.199041
v -1.625577 0.792902 0.223167
v -1.638578 0.789603 0.241685
v -1.614977 0.813184 0.256557
v -1.593578 0.843111 0.261293
v -1.600277 0.813005 0.242057
v -1.574977 0.840066 0.253109
v -1.635277 0.769825 0.190893
v -1.605478 0.783264 0.216420
v -1.610678 0.754294 0.185278
v -1.579078 0.765937 0.211415
v -1.578278 0.803178 0.237111
v -1.550278 0.828580 0.255672
v -1.549278 0.784855 0.233011
v -1.517778 0.810573 0.254371
v -2.501078 0.570157 -0.277721
v -2.503778 0.552104 -0.287423
v -2.496178 0.584886 -0.272502
v -2.514378 0.581771 -0.293385
v -2.518678 0.568107 -0.305211
v -2.523278 0.549166 -0.330807
v -2.512078 0.592201 -0.288042
v -2.492877 0.595171 -0.275158
v -2.490978 0.603751 -0.279005
v -2.509677 0.601409 -0.286593
v -2.526477 0.589891 -0.289830
v -2.529578 0.578646 -0.297968
v -2.523278 0.600313 -0.285787
v -2.534778 0.601299 -0.288392
v -2.538377 0.590876 -0.292535
v -2.542478 0.579131 -0.300771
v -2.488178 0.614549 -0.279364
v -2.483278 0.624753 -0.278720
v -2.496178 0.624698 -0.288620
v -2.504478 0.612009 -0.286551
v -2.477977 0.631567 -0.275957
v -2.480778 0.634949 -0.279376
v -2.518278 0.611217 -0.285046
v -2.513678 0.622613 -0.285909
v -2.527578 0.622006 -0.287205
v -2.530878 0.611308 -0.286747
v -2.496977 0.652297 -0.288971
v -2.496578 0.637498 -0.288690
v -2.482878 0.642853 -0.278619
v -2.484878 0.655761 -0.277190
v -2.511278 0.635604 -0.287680
v -2.511077 0.651285 -0.291066
v -2.524578 0.649764 -0.294857
v -2.525177 0.634692 -0.289775
v -2.484377 0.673240 -0.281186
v -2.497777 0.671172 -0.293574
v -2.482578 0.690804 -0.287782
v -2.497978 0.689531 -0.300975
v -2.565478 0.587335 -0.318416
v -2.570677 0.575458 -0.332351
v -2.560678 0.569510 -0.322918
v -2.555377 0.582587 -0.308790
v -2.566078 0.555997 -0.343445
v -2.574977 0.563555 -0.351186
v -2.554178 0.549734 -0.336711
v -2.547678 0.565253 -0.314995
v -2.556777 0.606305 -0.305620
v -2.560877 0.597482 -0.309871
v -2.550478 0.593832 -0.300651
v -2.546478 0.603555 -0.296404
v -2.551578 0.622112 -0.304406
v -2.553678 0.614015 -0.303862
v -2.543178 0.612465 -0.294653
v -2.540878 0.621965 -0.294705
v -2.550178 0.631998 -0.307060
v -2.539177 0.633551 -0.297169
v -2.538778 0.646721 -0.302841
v -2.549878 0.642866 -0.312820
v -2.572578 0.582509 -0.341390
v -2.577178 0.571915 -0.358432
v -2.567678 0.592681 -0.328145
v -2.565478 0.597230 -0.337570
v -2.569778 0.588764 -0.349624
v -2.574478 0.579979 -0.365176
v -2.564078 0.601626 -0.320094
v -2.561178 0.609150 -0.315735
v -2.559878 0.610692 -0.326244
v -2.562377 0.604571 -0.330011
v -2.558578 0.615459 -0.314070
v -2.556478 0.621855 -0.314705
v -2.555377 0.620995 -0.325700
v -2.557678 0.615799 -0.324972
v -2.553478 0.638812 -0.322598
v -2.554478 0.629741 -0.317448
v -2.551278 0.635558 -0.332480
v -2.552878 0.627583 -0.328036
v -2.555478 0.648668 -0.330852
v -2.551877 0.644420 -0.339529
v -2.552078 0.654616 -0.321984
v -2.558578 0.664251 -0.333837
v -2.560277 0.656909 -0.341597
v -2.554478 0.653268 -0.348977
v -2.567478 0.662436 -0.354928
v -2.560078 0.660402 -0.361116
v -2.569778 0.668971 -0.348563
v -2.582578 0.668877 -0.365763
v -2.576778 0.663950 -0.370636
v -2.568378 0.663221 -0.375932
v -2.605278 0.652764 -0.404575
v -2.595478 0.648848 -0.407454
v -2.587178 0.659252 -0.388511
v -2.595178 0.663174 -0.384532
v -2.585178 0.650624 -0.411864
v -2.577777 0.659526 -0.393312
v -2.598678 0.636140 -0.427185
v -2.587778 0.638722 -0.430599
v -2.609578 0.639445 -0.426303
v -2.608978 0.625126 -0.448025
v -2.597978 0.623828 -0.447618
v -2.587577 0.626520 -0.449132
v -2.594577 0.610530 -0.465545
v -2.590178 0.594568 -0.476758
v -2.581578 0.596986 -0.473471
v -2.585178 0.613131 -0.465259
v -2.605678 0.610319 -0.467444
v -2.600378 0.594240 -0.481856
v -2.586977 0.577557 -0.478665
v -2.585678 0.562488 -0.473082
v -2.594278 0.575210 -0.487352
v -2.591478 0.556939 -0.482052
v -2.579278 0.568519 -0.467315
v -2.579778 0.581488 -0.473086
v -2.591077 0.543512 -0.468678
v -2.586378 0.551851 -0.461624
v -2.593378 0.536622 -0.448540
v -2.588977 0.547544 -0.444500
v -2.580378 0.559575 -0.457166
v -2.582378 0.556356 -0.442248
v -2.589278 0.549164 -0.422609
v -2.582677 0.558563 -0.422760
v -2.592178 0.536760 -0.423241
v -2.586678 0.542604 -0.396972
v -2.586478 0.554594 -0.398938
v -2.581678 0.564478 -0.401892
v -2.580078 0.552235 -0.373025
v -2.581578 0.562310 -0.377680
v -2.578378 0.571584 -0.382531
v -2.549778 0.660169 -0.367215
v -2.537178 0.660335 -0.373416
v -2.534678 0.648486 -0.363951
v -2.545578 0.650728 -0.356463
v -2.557477 0.664489 -0.381739
v -2.544777 0.666355 -0.388049
v -2.566477 0.661597 -0.398624
v -2.573577 0.653698 -0.416581
v -2.560478 0.657171 -0.421600
v -2.553478 0.664264 -0.404538
v -2.576078 0.642800 -0.434521
v -2.563178 0.647277 -0.438646
v -2.576078 0.630908 -0.451356
v -2.563478 0.635893 -0.454084
v -2.574578 0.617630 -0.465484
v -2.571778 0.601899 -0.471098
v -2.560378 0.607506 -0.469829
v -2.562377 0.622527 -0.466011
v -2.570278 0.587809 -0.469221
v -2.570178 0.576344 -0.462858
v -2.558777 0.584063 -0.459500
v -2.558877 0.594322 -0.466856
v -2.571477 0.568295 -0.453514
v -2.573378 0.565368 -0.440198
v -2.562678 0.574680 -0.438048
v -2.560578 0.577214 -0.449963
v -2.570878 0.580154 -0.387878
v -2.573078 0.573461 -0.404941
v -2.567678 0.587140 -0.372216
v -2.558077 0.593801 -0.379352
v -2.560578 0.588226 -0.393122
v -2.562478 0.582345 -0.407890
v -2.573678 0.567661 -0.423210
v -2.563077 0.576960 -0.423361
v -2.539478 0.667028 -0.411254
v -2.530478 0.667917 -0.394858
v -2.546478 0.660540 -0.427318
v -2.525177 0.666686 -0.418852
v -2.531477 0.661506 -0.433524
v -2.516378 0.663865 -0.404336
v -2.549278 0.651254 -0.443068
v -2.534877 0.653033 -0.446777
v -2.549677 0.640075 -0.457307
v -2.534478 0.640876 -0.457211
v -2.548478 0.626027 -0.466130
v -2.547178 0.611617 -0.467851
v -2.532978 0.615342 -0.463271
v -2.534378 0.627841 -0.463540
v -2.545978 0.599739 -0.463786
v -2.546278 0.591183 -0.455739
v -2.533178 0.599109 -0.451082
v -2.533078 0.605264 -0.459216
v -2.548778 0.585636 -0.446109
v -2.551278 0.583797 -0.434898
v -2.538578 0.594309 -0.432656
v -2.536678 0.594557 -0.442257
v -2.551678 0.586363 -0.422812
v -2.539777 0.595962 -0.423065
v -2.550778 0.591132 -0.410238
v -2.537677 0.600112 -0.413987
v -2.561078 0.600078 -0.347086
v -2.558877 0.605916 -0.340118
v -2.556777 0.610936 -0.336545
v -2.553778 0.610994 -0.344146
v -2.553977 0.607667 -0.349028
v -2.554778 0.603227 -0.356404
v -2.527177 0.605647 -0.425918
v -2.523077 0.610272 -0.421343
v -2.507577 0.626706 -0.433433
v -2.523978 0.607109 -0.432826
v -2.521378 0.628678 -0.456844
v -2.518878 0.620395 -0.453599
v -2.518378 0.637608 -0.451293
v -2.554178 0.615438 -0.336070
v -2.550478 0.614181 -0.346663
v -2.551278 0.620131 -0.337396
v -2.546278 0.619166 -0.349391
v -2.507278 0.650297 -0.416862
v -2.514178 0.657049 -0.425499
v -2.515778 0.651488 -0.436769
v -2.520778 0.648037 -0.446150
v -2.521878 0.612203 -0.452254
v -2.520478 0.610144 -0.444743
v -2.525278 0.604972 -0.439514
v -2.548977 0.595899 -0.398064
v -2.536878 0.603265 -0.404204
v -2.547178 0.600364 -0.386288
v -2.534778 0.607513 -0.395428
v -2.524778 0.610516 -0.413244
v -2.520578 0.615640 -0.408872
v -2.511178 0.653041 -0.390377
v -2.504677 0.644468 -0.403930
v -2.508277 0.629976 -0.402251
v -2.517478 0.635095 -0.380578
v -2.564078 0.593617 -0.358251
v -2.556178 0.598570 -0.366778
v -2.546678 0.608283 -0.364331
v -2.547978 0.611632 -0.355549
v -2.541177 0.617506 -0.360182
v -2.537178 0.615045 -0.371368
v -2.534778 0.611378 -0.383649
v -2.546378 0.604426 -0.374810
v -2.548378 0.626218 -0.339829
v -2.541977 0.625351 -0.352125
v -2.546177 0.633398 -0.343568
v -2.538578 0.632234 -0.355162
v -2.536678 0.639418 -0.358202
v -2.545078 0.641467 -0.349113
v -2.534478 0.624785 -0.364122
v -2.527078 0.623312 -0.377514
v -2.529778 0.631974 -0.366161
v -2.529178 0.637677 -0.365592
v -2.524178 0.644646 -0.371330
v -2.522977 0.659300 -0.379711
v -2.521178 0.619619 -0.394494
v -2.534478 0.564469 -0.311991
v -2.541078 0.547248 -0.334197
v -2.572877 0.541459 -0.368766
v -2.581878 0.527907 -0.396392
v -2.562977 0.531175 -0.365609
v -2.573778 0.512401 -0.397407
v -2.589777 0.520042 -0.426449
v -2.582878 0.502415 -0.431353
v -2.593877 0.521082 -0.455755
v -2.589378 0.503731 -0.465061
v -2.594677 0.531748 -0.480314
v -2.594078 0.517267 -0.495035
v -2.597578 0.549660 -0.496412
v -2.600478 0.539932 -0.519760
v -2.602878 0.574034 -0.501146
v -2.609278 0.574546 -0.517349
v -2.614277 0.596689 -0.491270
v -2.630678 0.603301 -0.507306
v -2.610578 0.579676 -0.548378
v -2.611978 0.576155 -0.533858
v -2.632278 0.597978 -0.529677
v -2.631978 0.601188 -0.546295
v -2.603378 0.548313 -0.541406
v -2.601577 0.552326 -0.557528
v -2.619277 0.615884 -0.473875
v -2.632078 0.626136 -0.482831
v -2.619078 0.634300 -0.452775
v -2.627278 0.646764 -0.459443
v -2.616878 0.651527 -0.429669
v -2.622378 0.665501 -0.434345
v -2.611378 0.665757 -0.405846
v -2.615178 0.680941 -0.408930
v -2.599978 0.675380 -0.383499
v -2.602078 0.690771 -0.385083
v -2.583878 0.680293 -0.362825
v -2.581977 0.694391 -0.363102
v -2.540577 0.661366 -0.312921
v -2.526378 0.667615 -0.303855
v -2.532578 0.687039 -0.317862
v -2.548378 0.673994 -0.325990
v -2.513378 0.688592 -0.308070
v -2.512477 0.670547 -0.298171
v -2.564778 0.680101 -0.343024
v -2.557978 0.692811 -0.341194
v -2.477977 0.716893 -0.308125
v -2.480578 0.704667 -0.294558
v -2.497378 0.703492 -0.308252
v -2.497777 0.714819 -0.321614
v -2.512678 0.701540 -0.317641
v -2.529878 0.701280 -0.328640
v -2.515277 0.711968 -0.330898
v -2.529277 0.709433 -0.337284
v -2.476778 0.730461 -0.332300
v -2.502778 0.727095 -0.344181
v -2.476677 0.745732 -0.355783
v -2.508078 0.739772 -0.366751
v -2.525877 0.722053 -0.352054
v -2.543178 0.714642 -0.354013
v -2.535778 0.731431 -0.374305
v -2.564377 0.720093 -0.381243
v -2.551978 0.704274 -0.348056
v -2.575978 0.707152 -0.370372
v -2.598278 0.704637 -0.391359
v -2.591777 0.715288 -0.400417
v -2.609178 0.705269 -0.421963
v -2.612578 0.693605 -0.415499
v -2.621377 0.677863 -0.441413
v -2.621977 0.690333 -0.446782
v -2.635277 0.673496 -0.471790
v -2.630678 0.660021 -0.467216
v -2.642178 0.640283 -0.492408
v -2.646178 0.623857 -0.515519
v -2.644477 0.658049 -0.498806
v -2.646878 0.644766 -0.532033
v -2.646677 0.618902 -0.543692
v -2.645478 0.613277 -0.529961
v -2.636978 0.688194 -0.472270
v -2.642078 0.678364 -0.496017
v -2.636578 0.701726 -0.484744
v -2.635178 0.702109 -0.469546
v -2.634778 0.705938 -0.500768
v -2.641178 0.678359 -0.515117
v -2.626578 0.704030 -0.447357
v -2.628578 0.717405 -0.452030
v -2.612378 0.719659 -0.423842
v -2.614778 0.741856 -0.424563
v -2.627978 0.728431 -0.465690
v -2.615978 0.757646 -0.444750
v -2.612578 0.770036 -0.464818
v -2.625078 0.737634 -0.483441
v -2.563978 0.731990 -0.400009
v -2.563478 0.749563 -0.405005
v -2.591378 0.746757 -0.405990
v -2.590778 0.728249 -0.407588
v -2.602277 0.788737 -0.428020
v -2.599278 0.800736 -0.446586
v -2.600578 0.777132 -0.410756
v -2.588678 0.808278 -0.402426
v -2.590578 0.818099 -0.416980
v -2.588977 0.827120 -0.431330
v -2.581277 0.838688 -0.400693
v -2.585278 0.842624 -0.412415
v -2.574778 0.862033 -0.410821
v -2.584978 0.846576 -0.421236
v -2.583477 0.856604 -0.416091
v -2.570578 0.799115 -0.395676
v -2.565278 0.832015 -0.395856
v -2.551278 0.823165 -0.404808
v -2.547978 0.793646 -0.408346
v -2.548578 0.840730 -0.411404
v -2.558678 0.856547 -0.408291
v -2.582278 0.770995 -0.399222
v -2.556978 0.770260 -0.405618
v -2.538377 0.801906 -0.415492
v -2.543978 0.816427 -0.411771
v -2.535478 0.807873 -0.421624
v -2.542378 0.824802 -0.416317
v -2.525077 0.795102 -0.416255
v -2.522977 0.799275 -0.421277
v -2.528078 0.786828 -0.411409
v -2.509278 0.795186 -0.400855
v -2.509577 0.803255 -0.406499
v -2.508578 0.807723 -0.412524
v -2.386878 0.892014 -0.304783
v -2.369678 0.886092 -0.308751
v -2.370878 0.899036 -0.318922
v -2.394278 0.905174 -0.312155
v -2.373178 0.903204 -0.324845
v -2.406078 0.922694 -0.326651
v -2.424478 0.914521 -0.321707
v -2.422178 0.900659 -0.314731
v -2.418178 0.901990 -0.309138
v -2.416177 0.914269 -0.313105
v -2.431777 0.915029 -0.338610
v -2.431578 0.906581 -0.328963
v -2.422577 0.924167 -0.331560
v -2.427678 0.894425 -0.320997
v -2.406477 0.901435 -0.300935
v -2.393978 0.882567 -0.294931
v -2.413578 0.889232 -0.301468
v -2.406178 0.865279 -0.292737
v -2.375878 0.869753 -0.297561
v -2.386077 0.849173 -0.293749
v -2.417677 0.884102 -0.306840
v -2.422778 0.879166 -0.313513
v -2.420178 0.866391 -0.308843
v -2.415477 0.865628 -0.302139
v -2.424378 0.817786 -0.309677
v -2.413578 0.804481 -0.310404
v -2.398578 0.826445 -0.298824
v -2.413178 0.839146 -0.298694
v -2.435078 0.883081 -0.329035
v -2.440678 0.894133 -0.337795
v -2.450778 0.877772 -0.348906
v -2.443978 0.867925 -0.339252
v -2.441878 0.901576 -0.348136
v -2.452678 0.884414 -0.359442
v -2.431677 0.838522 -0.321291
v -2.428277 0.828157 -0.314934
v -2.419378 0.846811 -0.305236
v -2.423778 0.854372 -0.312277
v -2.428977 0.868227 -0.320553
v -2.437078 0.853375 -0.329972
v -2.468778 0.831767 -0.367954
v -2.454778 0.850753 -0.352358
v -2.461478 0.859401 -0.361806
v -2.474577 0.839621 -0.376398
v -2.463478 0.864947 -0.371736
v -2.476478 0.844673 -0.385225
v -2.452777 0.783575 -0.348090
v -2.449078 0.770773 -0.348520
v -2.430277 0.786090 -0.327204
v -2.437478 0.798892 -0.326674
v -2.492877 0.824392 -0.399815
v -2.492077 0.819534 -0.392288
v -2.488278 0.811671 -0.385545
v -2.537378 0.741342 -0.390460
v -2.535078 0.755187 -0.400536
v -2.507978 0.750993 -0.381313
v -2.503377 0.767157 -0.387901
v -2.458078 0.805146 -0.353409
v -2.454078 0.794975 -0.348053
v -2.440177 0.810274 -0.330136
v -2.442977 0.822044 -0.335501
v -2.474477 0.771857 -0.369527
v -2.475678 0.758764 -0.368355
v -2.469778 0.783484 -0.364690
v -2.478378 0.787842 -0.372414
v -2.532077 0.772459 -0.405830
v -2.508678 0.782418 -0.395085
v -2.462978 0.818809 -0.360283
v -2.484078 0.799105 -0.379176
v -2.447978 0.836902 -0.343382
v -2.500577 0.531836 -0.299712
v -2.488577 0.518165 -0.312637
v -2.512378 0.531282 -0.346210
v -2.501277 0.517216 -0.358233
v -2.470878 0.514713 -0.322119
v -2.451878 0.514619 -0.339318
v -2.483878 0.511574 -0.365902
v -2.466578 0.512466 -0.367307
v -2.534478 0.527317 -0.376288
v -2.549478 0.525669 -0.366879
v -2.558877 0.503671 -0.402959
v -2.542178 0.501623 -0.411648
v -2.567378 0.490773 -0.439089
v -2.548478 0.485231 -0.446759
v -2.576278 0.488375 -0.475177
v -2.556178 0.479128 -0.483826
v -2.585378 0.500778 -0.511145
v -2.565877 0.488011 -0.523376
v -2.591678 0.518530 -0.538243
v -2.573478 0.511579 -0.566005
v -2.596178 0.530564 -0.550509
v -2.592378 0.531692 -0.563615
v -2.521778 0.517770 -0.384936
v -2.507378 0.508322 -0.393585
v -2.526878 0.499383 -0.418936
v -2.508678 0.499753 -0.424438
v -2.486778 0.507490 -0.399480
v -2.462978 0.513613 -0.395114
v -2.484878 0.506837 -0.427377
v -2.456778 0.518551 -0.424941
v -2.529678 0.487099 -0.452469
v -2.508277 0.494684 -0.455211
v -2.532678 0.480507 -0.487634
v -2.507778 0.493514 -0.486305
v -2.505178 0.503186 -0.546259
v -2.508478 0.495342 -0.517815
v -2.538078 0.482297 -0.525944
v -2.536277 0.494108 -0.560609
v -2.435977 0.519925 -0.374848
v -2.424078 0.529807 -0.414703
v -2.389278 0.539089 -0.399753
v -2.406878 0.524363 -0.349672
v -2.377878 0.529168 -0.330498
v -2.356378 0.547683 -0.382500
v -2.325878 0.557686 -0.363654
v -2.349978 0.535259 -0.313831
v -2.323878 0.540447 -0.297859
v -2.299978 0.546127 -0.283090
v -2.298078 0.568592 -0.344414
v -2.273677 0.580593 -0.326079
v -2.220478 0.584805 -0.232401
v -2.211478 0.590352 -0.223831
v -2.230877 0.578261 -0.240465
v -2.202378 0.626353 -0.278629
v -2.192378 0.634404 -0.269273
v -2.183678 0.639863 -0.258603
v -2.201978 0.595313 -0.212758
v -2.190877 0.599590 -0.198681
v -2.173478 0.643635 -0.245523
v -2.160577 0.644308 -0.232027
v -2.120078 0.706000 -0.325065
v -2.103478 0.702923 -0.320749
v -2.128277 0.676382 -0.273503
v -2.143178 0.679233 -0.282418
v -2.155878 0.677477 -0.292509
v -2.135078 0.703967 -0.331055
v -2.176077 0.601079 -0.182389
v -2.145078 0.640871 -0.220508
v -2.127878 0.633440 -0.207967
v -2.157678 0.597277 -0.164568
v -2.112678 0.671020 -0.266473
v -2.095678 0.663964 -0.258334
v -2.087078 0.698343 -0.317123
v -2.068778 0.693466 -0.312997
v -2.138578 0.590798 -0.142432
v -2.109478 0.623235 -0.190511
v -2.089677 0.613737 -0.171858
v -2.117777 0.586529 -0.118409
v -2.076178 0.655029 -0.246585
v -2.046778 0.687893 -0.307966
v -2.023478 0.680318 -0.303425
v -2.055178 0.645796 -0.234235
v -2.092378 0.582235 -0.099185
v -2.067778 0.605318 -0.157112
v -2.047678 0.594156 -0.150051
v -2.070677 0.569275 -0.091714
v -2.279078 0.553897 -0.270332
v -2.260778 0.562259 -0.259078
v -2.252478 0.591379 -0.310338
v -2.233578 0.602450 -0.297398
v -2.244378 0.570412 -0.249322
v -2.216378 0.614805 -0.287366
v -2.165778 0.671824 -0.302178
v -2.176278 0.662575 -0.311328
v -2.157077 0.686684 -0.346160
v -2.146178 0.697030 -0.337817
v -2.290577 0.582681 -0.437892
v -2.259178 0.601886 -0.418697
v -2.275777 0.586780 -0.383114
v -2.305578 0.570469 -0.403325
v -2.250477 0.604988 -0.363513
v -2.232977 0.623488 -0.400115
v -2.227977 0.619479 -0.346992
v -2.208278 0.633355 -0.333068
v -2.209678 0.640574 -0.384508
v -2.189278 0.655949 -0.370692
v -2.190578 0.648619 -0.321451
v -2.171578 0.672222 -0.357481
v -2.414777 0.539439 -0.445456
v -2.376177 0.550385 -0.437016
v -2.450978 0.524511 -0.450574
v -2.446778 0.529589 -0.472702
v -2.411678 0.545915 -0.467992
v -2.371578 0.561979 -0.474680
v -2.482178 0.508490 -0.454287
v -2.479578 0.511549 -0.480004
v -2.477878 0.514912 -0.505022
v -2.473978 0.521489 -0.527559
v -2.440777 0.539495 -0.508257
v -2.445978 0.532983 -0.492221
v -2.418377 0.546530 -0.483595
v -2.409478 0.552986 -0.491631
v -2.339378 0.559066 -0.422263
v -2.326377 0.570485 -0.455426
v -2.361678 0.317357 -0.551042
v -2.379978 0.309637 -0.554700
v -2.367877 0.311381 -0.528409
v -2.351778 0.320376 -0.529358
v -2.352277 0.318265 -0.494846
v -2.337478 0.327629 -0.501497
v -2.332278 0.324679 -0.455881
v -2.309477 0.330384 -0.418311
v -2.298277 0.339709 -0.432062
v -2.319277 0.334319 -0.466733
v -2.286578 0.336248 -0.388343
v -2.263378 0.342482 -0.363877
v -2.253478 0.351386 -0.381526
v -2.276178 0.345062 -0.404091
v -2.240077 0.350701 -0.342221
v -2.211277 0.366509 -0.322508
v -2.230078 0.358890 -0.362466
v -2.199078 0.373678 -0.346547
v -2.363778 0.322910 -0.578073
v -2.383977 0.318460 -0.587048
v -2.385478 0.313136 -0.573319
v -2.365478 0.319172 -0.566752
v -2.342978 0.317234 -0.573542
v -2.345778 0.316894 -0.562540
v -2.326377 0.310529 -0.556205
v -2.344478 0.319472 -0.548353
v -2.330778 0.316383 -0.546337
v -2.320178 0.307252 -0.570287
v -2.335778 0.323471 -0.530375
v -2.320677 0.317753 -0.533544
v -2.321778 0.328898 -0.507104
v -2.305377 0.321564 -0.513364
v -2.270678 0.333672 -0.457130
v -2.288678 0.327813 -0.486098
v -2.304577 0.334066 -0.476432
v -2.284977 0.338940 -0.444658
v -2.231078 0.347220 -0.411703
v -2.251578 0.340607 -0.432467
v -2.264278 0.344383 -0.418488
v -2.242678 0.351500 -0.397126
v -2.209478 0.356511 -0.395254
v -2.219778 0.358398 -0.379364
v -2.189878 0.373771 -0.366048
v -2.182678 0.372772 -0.384043
v -2.305178 0.307800 -0.543189
v -2.293377 0.307304 -0.560687
v -2.285378 0.313301 -0.524819
v -2.261878 0.321898 -0.543667
v -2.239078 0.333704 -0.487730
v -2.252078 0.325972 -0.511788
v -2.269278 0.321041 -0.499161
v -2.253977 0.329692 -0.471708
v -2.223777 0.348434 -0.518911
v -2.240077 0.336875 -0.529548
v -2.241178 0.334047 -0.516533
v -2.229078 0.341226 -0.502072
v -2.207278 0.350723 -0.447923
v -2.224078 0.341423 -0.466072
v -2.237278 0.338722 -0.448057
v -2.218578 0.346331 -0.428099
v -2.191577 0.371851 -0.497539
v -2.207878 0.359791 -0.508473
v -2.214777 0.349410 -0.486816
v -2.198778 0.359891 -0.471974
v -2.198878 0.357813 -0.413161
v -2.189477 0.363599 -0.433993
v -2.175878 0.374868 -0.403054
v -2.169578 0.381055 -0.423889
v -2.175278 0.386618 -0.485420
v -2.182178 0.373862 -0.459050
v -2.163578 0.391126 -0.447244
v -2.156178 0.402492 -0.471907
v -2.138378 0.407986 -0.436536
v -2.131077 0.417074 -0.456886
v -2.144078 0.400993 -0.416798
v -2.123377 0.414312 -0.413370
v -2.112778 0.421948 -0.425112
v -2.104477 0.429855 -0.442156
v -2.146378 0.399205 -0.378187
v -2.145977 0.398498 -0.397684
v -2.115178 0.418889 -0.399395
v -2.107778 0.423993 -0.380423
v -2.093378 0.431926 -0.410967
v -2.081277 0.440926 -0.429316
v -2.077578 0.440118 -0.394111
v -2.060078 0.452092 -0.417177
v -2.147178 0.401519 -0.357300
v -2.100977 0.429514 -0.358253
v -2.153378 0.401050 -0.333297
v -2.095478 0.436717 -0.321192
v -2.169878 0.392911 -0.304052
v -2.128178 0.420952 -0.278205
v -2.062377 0.448924 -0.374859
v -2.039077 0.464462 -0.404445
v -2.045578 0.462360 -0.349932
v -2.016478 0.482248 -0.388842
v -2.101278 0.446485 -0.235644
v -2.086277 0.475444 -0.188502
v -2.057678 0.497013 -0.230720
v -2.070777 0.466577 -0.273854
v -1.974978 0.546683 -0.345994
v -1.993477 0.511463 -0.367901
v -2.026477 0.486146 -0.316062
v -2.011178 0.517932 -0.282136
v -2.072978 0.506363 -0.148570
v -2.060277 0.530627 -0.118703
v -2.033778 0.552143 -0.170521
v -2.043878 0.526303 -0.196080
v -2.059678 0.551834 -0.099118
v -2.033678 0.575434 -0.154048
v -1.998978 0.549982 -0.254911
v -1.988978 0.578201 -0.233165
v -1.950478 0.611688 -0.308749
v -1.961578 0.581193 -0.326083
v -2.033278 0.637250 -0.224288
v -2.000678 0.671339 -0.299575
v -1.978378 0.660053 -0.297014
v -2.011278 0.626685 -0.217930
v -1.991078 0.606080 -0.218817
v -1.956178 0.640949 -0.297709
v -1.764678 0.600177 0.109520
v -1.723777 0.624017 0.116890
v -1.737378 0.678829 0.100590
v -1.702178 0.698330 0.100783
v -1.714878 0.657678 0.091205
v -1.676978 0.676549 0.085902
v -1.656978 0.715319 0.116890
v -1.613577 0.723786 0.147544
v -1.631077 0.687571 0.108142
v -1.586578 0.693751 0.141009
v -1.577878 0.731043 0.176105
v -1.545178 0.741778 0.200747
v -1.549178 0.700697 0.167871
v -1.514378 0.710624 0.190817
v -1.513278 0.757803 0.223459
v -1.478677 0.782544 0.249124
v -1.479178 0.723951 0.214144
v -1.440978 0.747004 0.242019
v -1.662178 0.606832 0.156084
v -1.630578 0.605041 0.157794
v -1.635678 0.600952 0.123216
v -1.660878 0.610370 0.126565
v -1.605678 0.594645 0.158551
v -1.590278 0.579007 0.151637
v -1.602277 0.576173 0.127252
v -1.615077 0.588666 0.125883
v -1.695978 0.637157 0.087617
v -1.660577 0.652777 0.072932
v -1.676178 0.619456 0.087314
v -1.650877 0.629082 0.055461
v -1.617478 0.659104 0.096097
v -1.610878 0.630319 0.080555
v -1.567378 0.633223 0.117839
v -1.572978 0.664091 0.130271
v -1.532678 0.670041 0.157539
v -1.522977 0.638972 0.145108
v -1.479878 0.644611 0.170478
v -1.493878 0.677771 0.181297
v -1.454078 0.688003 0.205441
v -1.411878 0.706854 0.232938
v -1.436078 0.651947 0.195238
v -1.390478 0.666273 0.218360
v -1.360978 0.598162 0.143432
v -1.375078 0.632123 0.191047
v -1.420378 0.622026 0.173202
v -1.405077 0.595209 0.133648
v -1.466378 0.614113 0.152545
v -1.450778 0.585520 0.117400
v -1.558877 0.604811 0.097595
v -1.512178 0.609273 0.127071
v -1.498178 0.578000 0.095541
v -1.546678 0.575235 0.065456
v -1.601978 0.515371 0.126885
v -1.598278 0.534129 0.119182
v -1.626078 0.493987 0.093401
v -1.625378 0.523581 0.073939
v -1.590377 0.557002 0.132457
v -1.608978 0.557948 0.104351
v -1.656278 0.466187 0.056953
v -1.651878 0.488938 0.029728
v -1.627378 0.569936 0.083885
v -1.643777 0.586780 0.073593
v -1.642478 0.543092 0.039432
v -1.648178 0.568715 0.006891
v -1.657278 0.604410 0.079097
v -1.645378 0.606082 0.037387
v -1.604578 0.603600 0.059001
v -1.596777 0.576129 0.027851
v -1.654977 0.509877 0.000113
v -1.657877 0.525308 -0.030672
v -1.671177 0.473414 -0.029588
v -1.671478 0.490956 -0.058485
v -1.684378 0.394159 -0.057555
v -1.656978 0.354672 -0.036938
v -1.642178 0.354520 -0.046338
v -1.672078 0.402618 -0.083402
v -1.685578 0.436299 -0.050485
v -1.680977 0.451155 -0.076767
v -1.626877 0.350003 -0.067813
v -1.663377 0.380569 -0.110681
v -1.627078 0.328166 -0.092694
v -1.669378 0.355951 -0.132147
v -1.638778 0.298582 -0.108033
v -1.686878 0.326870 -0.146688
v -1.656078 0.267291 -0.106161
v -1.720277 0.293823 -0.155207
v -1.672577 0.250554 -0.076469
v -1.735478 0.264751 -0.113547
v -1.795578 0.270397 -0.141679
v -1.848478 0.270370 -0.164879
v -1.782978 0.291172 -0.182793
v -1.832078 0.289760 -0.203386
v -1.889878 0.267951 -0.186566
v -1.922478 0.265746 -0.205854
v -1.899678 0.282352 -0.241346
v -1.869977 0.286250 -0.223367
v -1.949277 0.264254 -0.222546
v -1.972477 0.263365 -0.238842
v -1.944277 0.275886 -0.271611
v -1.923478 0.279370 -0.256230
v -1.994078 0.260961 -0.257929
v -1.964878 0.270882 -0.290584
v -2.015678 0.255839 -0.280201
v -1.986578 0.263960 -0.312946
v -2.039378 0.245896 -0.306247
v -2.010778 0.254517 -0.338895
v -2.063777 0.232435 -0.335574
v -2.036977 0.244261 -0.367539
v -2.090278 0.220451 -0.369209
v -2.065378 0.237094 -0.398000
v -2.115978 0.211836 -0.408462
v -2.093578 0.237907 -0.432105
v -1.629378 0.525438 -0.116574
v -1.630477 0.546796 -0.051190
v -1.652678 0.530944 -0.060803
v -1.666678 0.512969 -0.092606
v -1.510578 0.507131 -0.044673
v -1.528677 0.542159 0.014936
v -1.582278 0.550052 -0.022908
v -1.564978 0.521731 -0.081353
v -1.418578 0.503387 0.002048
v -1.431878 0.554307 0.060270
v -1.479178 0.543611 0.042829
v -1.462878 0.501479 -0.017642
v -1.347078 0.550961 0.088489
v -1.387878 0.561991 0.075629
v -1.376478 0.504490 0.020742
v -1.336177 0.494458 0.033298
v -1.684477 0.477952 -0.113914
v -1.692977 0.437240 -0.134292
v -1.705078 0.459391 -0.179914
v -1.675778 0.496606 -0.159017
v -1.697678 0.408633 -0.153836
v -1.718177 0.429014 -0.193848
v -1.706578 0.384246 -0.169502
v -1.728878 0.405459 -0.203819
v -1.724178 0.359173 -0.182965
v -1.746277 0.385000 -0.214607
v -1.751578 0.338597 -0.196653
v -1.770278 0.370438 -0.225828
v -1.787278 0.326595 -0.215287
v -1.796278 0.359257 -0.240667
v -1.823878 0.319383 -0.235748
v -1.822877 0.352066 -0.257327
v -1.855278 0.315385 -0.253627
v -1.848077 0.348774 -0.274110
v -1.881777 0.312596 -0.269912
v -1.869877 0.344076 -0.291884
v -1.906377 0.328787 -0.326401
v -1.888678 0.337283 -0.308847
v -1.904178 0.309417 -0.284394
v -1.924478 0.304630 -0.300169
v -1.943878 0.305661 -0.367575
v -1.924078 0.318480 -0.345945
v -1.944478 0.296725 -0.319326
v -1.965178 0.285703 -0.341566
v -1.995878 0.277201 -0.415020
v -1.967778 0.290432 -0.391092
v -1.988178 0.272465 -0.366793
v -2.014178 0.260620 -0.393329
v -2.048178 0.259693 -0.453025
v -2.025278 0.265175 -0.438055
v -2.042478 0.251875 -0.419882
v -2.068978 0.252625 -0.447086
v -1.980378 0.287191 -0.435275
v -2.014778 0.273573 -0.456701
v -2.008177 0.280671 -0.475440
v -1.969878 0.295880 -0.455623
v -2.050778 0.265288 -0.472156
v -2.048178 0.272776 -0.492697
v -1.876877 0.339604 -0.359861
v -1.889378 0.338869 -0.347957
v -1.902977 0.329957 -0.368408
v -1.879777 0.333899 -0.379030
v -1.920778 0.319236 -0.390450
v -1.888478 0.330616 -0.412412
v -1.948078 0.304313 -0.412868
v -1.932878 0.312790 -0.435515
v -1.843578 0.355540 -0.335148
v -1.856778 0.357054 -0.314256
v -1.873978 0.347964 -0.330606
v -1.862278 0.346456 -0.350298
v -1.857378 0.345739 -0.371795
v -1.853677 0.349728 -0.392017
v -1.828978 0.366315 -0.376107
v -1.835477 0.359426 -0.355969
v -1.801178 0.367104 -0.305111
v -1.813777 0.365032 -0.281699
v -1.836478 0.362646 -0.297486
v -1.823278 0.362724 -0.319787
v -1.813178 0.369406 -0.341324
v -1.804878 0.378090 -0.362571
v -1.779977 0.384853 -0.351008
v -1.789777 0.375179 -0.327955
v -1.754677 0.376649 -0.278662
v -1.766278 0.375884 -0.254058
v -1.790278 0.369011 -0.267320
v -1.778378 0.371079 -0.291532
v -1.765678 0.378745 -0.315974
v -1.741078 0.382907 -0.304597
v -1.754478 0.388208 -0.340927
v -1.728677 0.391462 -0.331144
v -1.741878 0.386851 -0.241818
v -1.729578 0.385318 -0.266110
v -1.706078 0.397078 -0.255174
v -1.720778 0.402810 -0.231105
v -1.715477 0.389169 -0.293331
v -1.690877 0.396926 -0.282973
v -1.702678 0.396219 -0.320770
v -1.677778 0.401473 -0.310899
v -1.705378 0.422654 -0.223113
v -1.685977 0.409525 -0.246642
v -1.663278 0.424678 -0.237025
v -1.686577 0.447807 -0.213451
v -1.668377 0.403272 -0.274508
v -1.643777 0.410526 -0.264748
v -1.654578 0.405419 -0.302520
v -1.629278 0.409566 -0.293843
v -1.589578 0.453776 -0.200783
v -1.605378 0.492668 -0.165896
v -1.652378 0.475916 -0.193704
v -1.630878 0.442167 -0.220820
v -1.612877 0.419500 -0.251196
v -1.598278 0.415226 -0.282974
v -1.562578 0.423194 -0.270517
v -1.575378 0.427584 -0.235940
v -1.550678 0.486640 -0.134362
v -1.540477 0.451194 -0.179269
v -1.491477 0.437415 -0.157193
v -1.499378 0.468611 -0.103063
v -1.530777 0.428072 -0.219843
v -1.519778 0.428971 -0.256548
v -1.472778 0.428939 -0.244048
v -1.483278 0.422958 -0.204115
v -1.453278 0.458338 -0.080006
v -1.445077 0.430402 -0.141154
v -1.401577 0.421585 -0.126106
v -1.411078 0.450945 -0.060266
v -1.437277 0.419529 -0.191196
v -1.426978 0.427301 -0.232839
v -1.380978 0.424657 -0.222624
v -1.392078 0.415393 -0.179473
v -1.369778 0.443951 -0.040927
v -1.357977 0.412666 -0.111157
v -1.315777 0.405648 -0.096218
v -1.328978 0.435543 -0.024081
v -1.345878 0.409458 -0.167540
v -1.333377 0.419909 -0.212998
v -1.301378 0.402925 -0.155104
v -1.286878 0.414055 -0.204566
v -1.505778 1.245729 0.135588
v -1.500978 1.252279 0.126352
v -1.513177 1.232361 0.141461
v -1.474278 1.225116 0.151501
v -1.467577 1.241897 0.147909
v -1.462677 1.251341 0.137657
v -1.273378 1.188878 0.199400
v -1.267078 1.200023 0.189338
v -1.317177 1.217582 0.181942
v -1.262078 1.208055 0.176894
v -1.312778 1.227026 0.171590
v -1.368178 1.241774 0.162110
v -1.372878 1.229124 0.171279
v -1.322177 1.203221 0.189021
v -1.378277 1.211447 0.175576
v -1.399878 1.125273 0.180547
v -1.458578 1.127873 0.162133
v -1.457578 1.108758 0.177838
v -1.401477 1.105646 0.193855
v -1.503778 1.110340 0.174529
v -1.517078 1.132549 0.157807
v -1.500978 1.088041 0.193051
v -1.457878 1.085372 0.198766
v -1.403978 1.080947 0.212391
v -1.423678 1.236665 0.160538
v -1.418578 1.248507 0.149873
v -1.429878 1.218083 0.163839
v -1.483677 1.202601 0.148924
v -1.437878 1.196066 0.160660
v -1.446477 1.172746 0.157187
v -1.494277 1.178188 0.146557
v -1.391278 1.169242 0.174807
v -1.384778 1.191048 0.175687
v -1.503977 1.156099 0.148678
v -1.454177 1.150347 0.157310
v -1.396677 1.147450 0.176226
v -1.448078 0.888296 0.295046
v -1.480578 0.844300 0.277587
v -1.437078 0.821209 0.279313
v -1.399978 0.873845 0.303925
v -1.395877 0.787594 0.276497
v -1.343678 0.847782 0.310768
v -1.535278 1.109125 0.189936
v -1.529878 1.090297 0.203339
v -1.549677 1.122991 0.183760
v -1.552978 1.111078 0.218026
v -1.567977 1.123767 0.215956
v -1.545678 1.094221 0.225818
v -1.699977 0.957702 0.240965
v -1.686278 0.942358 0.233149
v -1.643878 0.963077 0.254736
v -1.652078 0.979846 0.267345
v -1.673078 0.925212 0.243043
v -1.631877 0.949480 0.255311
v -1.717878 0.972315 0.261686
v -1.730278 0.971317 0.298592
v -1.681178 0.991986 0.292879
v -1.692277 0.991401 0.332182
v -1.734078 0.968876 0.345906
v -1.693478 0.991666 0.380582
v -1.656578 1.019327 0.409831
v -1.652778 1.031426 0.464465
v -1.661178 1.015755 0.360150
v -1.635878 1.040375 0.382115
v -1.629878 1.046323 0.427483
v -1.613678 1.069957 0.488255
v -1.651477 1.012945 0.321864
v -1.628977 1.012807 0.296665
v -1.608578 1.039753 0.323218
v -1.626778 1.037586 0.347530
v -1.602078 1.028419 0.280579
v -1.590377 1.052762 0.306546
v -1.606778 1.007903 0.259391
v -1.574977 1.038037 0.247226
v -1.577678 1.052658 0.269346
v -1.575778 1.071697 0.294542
v -1.552678 1.067781 0.236963
v -1.561778 1.078105 0.259507
v -1.556677 1.101463 0.251879
v -1.567078 1.092043 0.284631
v -1.566878 1.111104 0.277526
v -1.582178 1.130038 0.247122
v -1.564778 1.118039 0.247488
v -1.576978 1.123990 0.274956
v -1.595178 1.132604 0.277509
v -1.622978 1.156909 0.314876
v -1.620178 1.140245 0.285067
v -1.614778 1.188218 0.334605
v -1.590377 1.166977 0.327221
v -1.600378 1.143262 0.306351
v -1.575278 1.131808 0.314814
v -1.575478 1.121324 0.299471
v -1.586378 1.131928 0.300213
v -1.579978 1.146539 0.320433
v -1.521078 0.897284 0.274597
v -1.546278 0.867526 0.263859
v -1.517377 0.858772 0.272307
v -1.488678 0.894839 0.284610
v -1.319277 0.976743 0.285062
v -1.371377 0.990726 0.281985
v -1.378478 0.940469 0.308161
v -1.329478 0.923247 0.304155
v -1.430478 0.944498 0.295239
v -1.430178 1.004080 0.273512
v -1.303678 1.057415 0.243120
v -1.350678 1.068045 0.230361
v -1.359878 1.032571 0.253456
v -1.309978 1.019711 0.260826
v -1.412378 1.047801 0.240572
v -1.497777 0.956087 0.274875
v -1.504478 0.931199 0.277111
v -1.471978 0.938845 0.285569
v -1.473578 0.974798 0.276772
v -1.510277 1.055269 0.216531
v -1.466978 1.051721 0.225951
v -1.482178 1.016358 0.251045
v -1.535078 1.012893 0.239263
v -1.599577 0.993144 0.248672
v -1.562377 1.025968 0.234692
v -1.586778 0.978551 0.249951
v -1.537878 1.060896 0.221400
v -1.652678 0.911714 0.261617
v -1.616078 0.935419 0.262588
v -1.626977 0.897568 0.271595
v -1.598877 0.921449 0.268064
v -1.605578 0.884674 0.272766
v -1.583778 0.909558 0.269629
v -1.586977 0.875448 0.267916
v -1.565877 0.903444 0.267063
v -1.568677 0.872012 0.261435
v -1.545778 0.899648 0.267884
v -1.571978 0.942020 0.262652
v -1.568378 0.927734 0.265330
v -1.551578 0.929433 0.265021
v -1.544777 0.954211 0.260985
v -1.530578 0.929357 0.269421
v -1.517178 0.958748 0.267760
v -1.500178 0.986525 0.263508
v -1.539077 0.980176 0.254443
v -1.577978 0.960792 0.257449
v -1.751678 1.136772 0.582191
v -1.748678 1.192740 0.594484
v -1.716877 1.166640 0.612828
v -1.718778 1.220606 0.624732
v -1.743577 1.247200 0.586986
v -1.727277 1.287660 0.561464
v -1.718977 1.275864 0.617030
v -1.708878 1.319434 0.593091
v -1.650678 1.341003 0.532572
v -1.661078 1.299309 0.497300
v -1.699578 1.303769 0.526476
v -1.686577 1.339954 0.560178
v -1.586678 1.341493 0.494169
v -1.597578 1.298859 0.451502
v -1.628977 1.300172 0.472195
v -1.618278 1.341887 0.511367
v -1.568478 1.128063 0.324734
v -1.561478 1.119740 0.338980
v -1.569778 1.093320 0.317024
v -1.569778 1.108159 0.305943
v -1.566278 1.094730 0.373718
v -1.587378 1.065590 0.348177
v -1.575178 1.077394 0.330612
v -1.559278 1.106727 0.354952
v -1.548678 1.200947 0.394837
v -1.573078 1.183528 0.354831
v -1.597377 1.213272 0.362769
v -1.577378 1.241668 0.398614
v -1.567078 1.153957 0.341893
v -1.553877 1.153375 0.363496
v -1.521278 1.307616 0.498554
v -1.532077 1.255340 0.448240
v -1.560678 1.281807 0.442095
v -1.550078 1.329368 0.489635
v -1.604477 1.062411 0.370294
v -1.616377 1.061859 0.397498
v -1.582078 1.089442 0.394247
v -1.596578 1.086184 0.420165
v -1.544678 1.143479 0.382451
v -1.545278 1.130387 0.402323
v -1.530677 1.186368 0.417017
v -1.526477 1.171775 0.436597
v -1.515678 1.234615 0.461953
v -1.510778 1.217713 0.479946
v -1.504478 1.286790 0.511968
v -1.499578 1.267077 0.528077
v -1.616978 1.062928 0.428192
v -1.601778 1.081573 0.454791
v -1.558678 1.122996 0.422164
v -1.537578 1.162181 0.455850
v -1.573577 1.118434 0.447489
v -1.551877 1.156314 0.480282
v -1.521577 1.205308 0.497314
v -1.534877 1.197030 0.519660
v -1.511578 1.251956 0.542560
v -1.523978 1.241360 0.561518
v -1.640378 1.122100 0.587371
v -1.654878 1.152044 0.613707
v -1.678277 1.112612 0.589723
v -1.669978 1.082541 0.558487
v -1.684577 1.148357 0.616028
v -1.667178 1.170036 0.630409
v -1.660378 1.055502 0.514834
v -1.626078 1.094267 0.545023
v -1.580577 1.112837 0.484520
v -1.585577 1.112985 0.529920
v -1.558877 1.151319 0.517610
v -1.565877 1.152965 0.562702
v -1.540878 1.191020 0.554393
v -1.552477 1.195243 0.595071
v -1.531678 1.236623 0.591344
v -1.547577 1.243602 0.624007
v -1.687878 1.197671 0.636758
v -1.688978 1.252137 0.648760
v -1.664877 1.210561 0.653188
v -1.664877 1.277600 0.678421
v -1.601577 1.132936 0.575711
v -1.621377 1.162256 0.615752
v -1.585078 1.172802 0.605894
v -1.609978 1.204493 0.640721
v -1.642678 1.195292 0.640671
v -1.635978 1.241217 0.663220
v -1.574678 1.215654 0.633560
v -1.602678 1.248904 0.660878
v -1.570978 1.263971 0.654796
v -1.597678 1.294590 0.676428
v -1.628478 1.285598 0.677978
v -1.648978 1.326074 0.691756
v -1.620078 1.327868 0.690746
v -1.637477 1.364149 0.705448
v -1.694377 1.308820 0.645350
v -1.693078 1.356413 0.625689
v -1.680778 1.344181 0.674657
v -1.682278 1.394081 0.656283
v -1.677778 1.381252 0.596253
v -1.669278 1.420743 0.631037
v -1.644978 1.430610 0.606583
v -1.647977 1.388005 0.569315
v -1.666177 1.377291 0.694676
v -1.670278 1.425019 0.681415
v -1.653478 1.409890 0.712698
v -1.656878 1.453140 0.703361
v -1.615978 1.388504 0.550912
v -1.616078 1.431814 0.589176
v -1.586078 1.431046 0.576780
v -1.584478 1.387926 0.536715
v -1.659877 1.452302 0.659865
v -1.639078 1.463681 0.637802
v -1.649078 1.478536 0.684422
v -1.631678 1.489624 0.663861
v -1.549178 1.378826 0.536665
v -1.553778 1.422866 0.580425
v -1.528577 1.407442 0.594409
v -1.521378 1.360791 0.548564
v -1.586378 1.490698 0.640954
v -1.586678 1.464833 0.610796
v -1.614178 1.466587 0.620686
v -1.610678 1.493537 0.647939
v -1.509278 1.367994 0.622126
v -1.498678 1.320347 0.577186
v -1.504677 1.341067 0.562472
v -1.513478 1.389123 0.609110
v -1.525278 1.326716 0.626252
v -1.522377 1.291076 0.600846
v -1.511178 1.302701 0.587083
v -1.518478 1.347020 0.626940
v -1.558777 1.456264 0.616443
v -1.562878 1.482130 0.646701
v -1.543878 1.469702 0.659970
v -1.536778 1.442541 0.630518
v -1.532978 1.289604 0.624255
v -1.550678 1.298837 0.648605
v -1.536578 1.339332 0.647483
v -1.553478 1.350442 0.667622
v -1.523578 1.425131 0.647013
v -1.533778 1.452500 0.677964
v -1.543978 1.425681 0.692811
v -1.523677 1.401399 0.659443
v -1.532478 1.374792 0.658289
v -1.548977 1.388409 0.679715
v -1.571778 1.315662 0.671213
v -1.593578 1.339860 0.689181
v -1.570278 1.360434 0.684268
v -1.584478 1.379020 0.699967
v -1.611078 1.369143 0.704221
v -1.624777 1.402039 0.721741
v -1.597578 1.405307 0.715923
v -1.607678 1.436009 0.734455
v -1.562977 1.389471 0.691109
v -1.567478 1.408639 0.703305
v -1.575378 1.433632 0.720368
v -1.583878 1.461636 0.739315
v -1.553977 1.456412 0.716643
v -1.562178 1.481320 0.736307
v -1.542478 1.476340 0.703434
v -1.549677 1.491948 0.686548
v -1.555678 1.510678 0.710246
v -1.550978 1.497759 0.725117
v -1.560778 1.516962 0.743812
v -1.571078 1.504314 0.753282
v -1.563478 1.527192 0.731056
v -1.569977 1.536564 0.744105
v -1.572378 1.531938 0.757730
v -1.578978 1.518765 0.762603
v -1.565478 1.503282 0.674486
v -1.585178 1.511250 0.668642
v -1.568478 1.520621 0.699692
v -1.584978 1.527689 0.694053
v -1.605778 1.513473 0.672830
v -1.603278 1.528401 0.696149
v -1.623278 1.510346 0.686048
v -1.617478 1.522926 0.700779
v -1.591877 1.490829 0.756156
v -1.596878 1.518872 0.763902
v -1.621578 1.514786 0.748324
v -1.617777 1.472299 0.750757
v -1.638778 1.443506 0.733714
v -1.641677 1.482864 0.725999
v -1.636378 1.503259 0.706787
v -1.623078 1.524135 0.720673
v -1.606577 1.538035 0.720597
v -1.605978 1.541163 0.743880
v -1.592378 1.545806 0.733654
v -1.588377 1.540022 0.718086
v -1.591077 1.540752 0.760282
v -1.580678 1.544549 0.741461
v -1.573878 1.535044 0.722213
v -1.879478 1.128064 0.087431
v -1.861878 1.133251 0.103403
v -1.846378 1.153081 0.072194
v -1.870978 1.151307 0.058803
v -1.871078 1.177054 0.049062
v -1.846777 1.179420 0.061149
v -1.822378 1.179077 0.071351
v -1.798478 1.177530 0.081160
v -1.822678 1.157694 0.074568
v -1.801178 1.154740 0.083085
v -1.874678 1.099043 0.193391
v -1.856678 1.102633 0.209772
v -1.840778 1.115029 0.172503
v -1.858078 1.113832 0.154810
v -1.845578 1.130661 0.123517
v -1.829078 1.125375 0.144246
v -1.818677 1.130846 0.120616
v -1.833778 1.140332 0.099864
v -1.822678 1.145771 0.088734
v -1.807978 1.138831 0.099672
v -1.836877 1.108223 0.226241
v -1.815678 1.116806 0.241295
v -1.800678 1.125604 0.204346
v -1.821578 1.118621 0.189284
v -1.774278 1.175078 0.089974
v -1.778778 1.151394 0.092803
v -1.754578 1.149446 0.102414
v -1.749077 1.173821 0.097781
v -1.809978 1.122771 0.161861
v -1.788477 1.122954 0.177060
v -1.777778 1.121920 0.152465
v -1.799878 1.125240 0.137947
v -1.788477 1.133097 0.111804
v -1.765277 1.128861 0.123527
v -1.792878 1.127772 0.253435
v -1.777277 1.133370 0.216504
v -1.766978 1.140023 0.262668
v -1.750078 1.135830 0.227490
v -1.722377 1.175662 0.105271
v -1.727778 1.149792 0.110812
v -1.698778 1.152238 0.119099
v -1.694078 1.179710 0.114049
v -1.764078 1.122126 0.190065
v -1.752278 1.117485 0.164390
v -1.736878 1.117990 0.201788
v -1.723678 1.111737 0.174021
v -1.738478 1.124811 0.132649
v -1.708477 1.121451 0.139868
v -1.736378 1.148661 0.269621
v -1.719078 1.134385 0.237598
v -1.703078 1.149974 0.272014
v -1.686378 1.133609 0.241903
v -1.705178 1.114748 0.212406
v -1.691278 1.110385 0.182729
v -1.673277 1.117270 0.216492
v -1.661778 1.116616 0.188395
v -1.618477 1.133992 0.220500
v -1.636578 1.141201 0.258661
v -1.607178 1.136660 0.251286
v -1.590278 1.133480 0.218303
v -1.669378 1.146747 0.266931
v -1.653878 1.132482 0.236909
v -1.644978 1.123145 0.211960
v -1.639078 1.125418 0.188647
v -1.622378 1.131575 0.199113
v -1.624678 1.132204 0.186210
v -1.664378 1.184671 0.125222
v -1.669077 1.157697 0.130069
v -1.642377 1.163159 0.141240
v -1.635978 1.187431 0.136007
v -1.676877 1.124298 0.148452
v -1.649778 1.132047 0.157510
v -1.572378 1.133792 0.184001
v -1.554478 1.147051 0.158128
v -1.579877 1.155455 0.158882
v -1.594778 1.139588 0.183169
v -1.523378 1.210359 0.141081
v -1.534378 1.186066 0.142414
v -1.558478 1.218839 0.137535
v -1.571978 1.192564 0.142079
v -1.605778 1.141650 0.176258
v -1.615478 1.142808 0.168651
v -1.594577 1.158946 0.157163
v -1.605678 1.162726 0.153642
v -1.570777 1.172297 0.148290
v -1.543178 1.165293 0.147428
v -1.586177 1.172204 0.149490
v -1.593778 1.179090 0.146852
v -1.611477 1.184969 0.143120
v -1.600678 1.204449 0.139314
v -1.621678 1.164600 0.148832
v -1.590477 1.227727 0.135186
v -1.630578 1.139480 0.163469
v -2.374678 0.063496 -0.671154
v -2.365677 0.065347 -0.643664
v -2.373578 0.068869 -0.694384
v -2.348077 0.069719 -0.685289
v -2.350078 0.064821 -0.666662
v -2.348278 0.065322 -0.648164
v -2.348678 0.072903 -0.615205
v -2.331578 0.073905 -0.633011
v -2.307477 0.093241 -0.608216
v -2.324878 0.087267 -0.585283
v -2.324578 0.076602 -0.651826
v -2.319778 0.081401 -0.670352
v -2.292978 0.107916 -0.649397
v -2.298977 0.100226 -0.629355
v -2.297577 0.112331 -0.555420
v -2.270578 0.140288 -0.526672
v -2.280478 0.122001 -0.579073
v -2.251277 0.150274 -0.547627
v -2.242777 0.157947 -0.497669
v -2.218378 0.164644 -0.516506
v -2.194578 0.183514 -0.540309
v -2.160478 0.200111 -0.504400
v -2.236778 0.163648 -0.570501
v -2.226278 0.177410 -0.595877
v -2.180678 0.205963 -0.567932
v -2.135878 0.254568 -0.530698
v -2.137778 0.208574 -0.456345
v -2.117177 0.246086 -0.472551
v -2.086277 0.261661 -0.477136
v -2.087278 0.271600 -0.506591
v -2.271078 0.132778 -0.601632
v -2.264577 0.143656 -0.623892
v -1.291678 1.110022 0.226032
v -1.340278 1.120918 0.206972
v -1.344577 1.097567 0.216100
v -1.300678 1.086956 0.232258
v -1.283878 1.134793 0.220696
v -1.335978 1.143892 0.202146
v -1.280378 1.157957 0.213969
v -1.331578 1.165869 0.197926
v -1.327278 1.186048 0.194015
v -1.279977 1.176618 0.206867
v 0.193122 0.484010 0.134256
v 0.190423 0.466105 0.169755
v 0.260023 0.481344 0.176872
v 0.257223 0.501936 0.138958
v 0.117022 0.472984 0.129417
v 0.108422 0.454174 0.164320
v 0.192623 0.449862 0.198544
v 0.106722 0.431886 0.202943
v 0.259122 0.460816 0.208484
v 0.200822 0.517493 0.039672
v 0.197122 0.503869 0.090147
v 0.255123 0.520164 0.089158
v 0.255222 0.533257 0.033085
v 0.134223 0.504227 0.045844
v 0.126523 0.492468 0.090009
v 0.170522 0.342751 0.288132
v 0.202122 0.374871 0.273456
v 0.141022 0.388682 0.257280
v 0.109522 0.352778 0.274877
v 0.169322 0.417367 0.236223
v 0.228423 0.405981 0.256985
v 0.075822 0.391501 0.242364
v 0.065122 0.361115 0.263331
v 0.252122 0.435973 0.237121
v 0.203622 0.435194 0.222725
v -0.935578 -0.013842 -0.257725
v -0.838377 -0.117252 -0.259259
v -0.848177 -0.110225 -0.162896
v -0.942177 -0.010409 -0.160342
v -0.757477 -0.205524 -0.162574
v -0.746178 -0.216550 -0.258616
v -0.738178 -0.138120 -0.088842
v -0.827578 -0.051192 -0.084018
v -0.921177 0.038548 -0.076909
v -0.799378 0.019437 -0.042404
v -0.889577 0.106175 -0.035578
v -0.712878 -0.063292 -0.047451
v -0.669777 0.019074 -0.035702
v -0.760678 0.092151 -0.021701
v -0.853578 0.171427 -0.008035
v -0.838478 0.188915 0.062870
v -0.754578 0.100681 0.056753
v -0.768978 0.092502 0.133799
v -0.854878 0.178616 0.136028
v -0.673778 0.017755 0.052307
v -0.685877 0.010799 0.133446
v -0.807778 0.475877 0.329104
v -0.725877 0.405190 0.331691
v -0.725078 0.476016 0.318003
v -0.806178 0.540712 0.317049
v -0.646278 0.415125 0.319836
v -0.645478 0.340309 0.335346
v -0.648478 0.494020 0.300504
v -0.724678 0.549121 0.300502
v -0.803378 0.605931 0.302192
v -0.715377 0.606804 0.278886
v -0.789877 0.658524 0.282503
v -0.643077 0.555998 0.277964
v -0.638978 0.597421 0.245537
v -0.708078 0.645031 0.247177
v -0.778577 0.694463 0.252806
v -0.702478 0.674705 0.224114
v -0.770778 0.723147 0.231749
v -0.636178 0.627877 0.219070
v -0.634978 0.661366 0.198687
v -0.698778 0.707616 0.207834
v -0.765277 0.755371 0.217672
v -0.701078 0.750515 0.189199
v -0.765178 0.796478 0.200547
v -0.639778 0.706052 0.177842
v -0.644178 0.745833 0.155924
v -0.703477 0.789401 0.168185
v -0.766078 0.833562 0.179344
v -0.699078 0.811185 0.146966
v -0.760978 0.856446 0.158018
v -0.640678 0.766117 0.134712
v -0.693078 0.820456 0.123415
v -0.635478 0.773294 0.112173
v -0.754777 0.867112 0.133460
v -1.233378 0.373531 -0.135743
v -1.261978 0.397197 -0.141973
v -1.245178 0.408993 -0.197638
v -1.216978 0.380761 -0.203384
v -1.245378 0.384894 -0.069404
v -1.277678 0.400332 -0.080889
v -1.020977 0.101811 -0.156956
v -1.087878 0.196646 -0.150875
v -1.017178 0.125005 -0.066782
v -1.088277 0.211797 -0.068357
v -1.073778 0.207105 -0.231434
v -1.010178 0.106632 -0.244484
v -1.189578 0.352830 -0.208931
v -1.203678 0.344418 -0.137984
v -1.170178 0.302988 -0.143357
v -1.154778 0.312590 -0.216211
v -1.175078 0.318092 -0.069639
v -1.209978 0.358699 -0.068461
v -1.137878 0.272594 -0.069190
v -1.135078 0.258069 -0.146811
v -1.119977 0.268650 -0.223370
v -1.248377 0.413121 -0.009858
v -1.287677 0.428292 -0.015141
v -1.249678 0.462804 0.041771
v -1.293978 0.481197 0.040470
v -0.946778 0.250800 0.005031
v -0.980177 0.191921 -0.027448
v -1.058278 0.268149 -0.022465
v -1.027378 0.323751 0.014232
v -1.210978 0.383852 -0.004098
v -1.163678 0.356220 -0.009946
v -1.143678 0.411038 0.029954
v -1.201678 0.436690 0.039314
v -1.087878 0.376991 0.021440
v -1.115178 0.321078 -0.017354
v -1.305277 0.535510 0.097474
v -1.260778 0.511424 0.100206
v -1.271778 0.566637 0.157104
v -1.318078 0.589818 0.153578
v -0.932178 0.266962 0.071243
v -0.947278 0.257542 0.140696
v -1.019778 0.336408 0.079363
v -1.036578 0.328974 0.146305
v -1.211478 0.476212 0.097998
v -1.155578 0.434980 0.092224
v -1.165778 0.463508 0.152169
v -1.220578 0.521128 0.155653
v -1.110777 0.395101 0.151043
v -1.092078 0.391843 0.085660
v -1.284578 0.709895 0.258722
v -1.318978 0.779253 0.287443
v -1.365677 0.741037 0.266352
v -1.344178 0.690213 0.243829
v -1.279078 0.633524 0.209539
v -1.331378 0.643219 0.208386
v -0.870577 0.256840 0.249901
v -0.958178 0.337133 0.248462
v -0.958178 0.287071 0.200735
v -0.868678 0.205563 0.199481
v -1.041078 0.363586 0.203216
v -1.037077 0.412737 0.248848
v -1.098478 0.480942 0.249675
v -1.107578 0.433897 0.205032
v -1.164378 0.505399 0.205140
v -1.155378 0.550551 0.251194
v -1.216578 0.629269 0.254163
v -1.221978 0.574512 0.207462
v -0.838478 0.370829 0.320678
v -0.919777 0.439612 0.317402
v -0.943078 0.387063 0.290289
v -0.858778 0.312979 0.293395
v -1.020078 0.458656 0.288797
v -0.996078 0.507500 0.315030
v -1.203078 0.667440 0.285255
v -1.254677 0.737766 0.289970
v -1.142578 0.594253 0.287855
v -1.127478 0.638982 0.311411
v -1.188777 0.704148 0.304954
v -1.230378 0.747433 0.302217
v -1.064578 0.573501 0.315069
v -1.083578 0.526649 0.287325
v -0.888378 0.547362 0.326112
v -0.900478 0.492567 0.327212
v -0.819977 0.422184 0.330598
v -0.976677 0.560169 0.327542
v -0.963377 0.614391 0.331346
v -1.030278 0.669417 0.335945
v -1.045678 0.621784 0.330005
v -1.111578 0.682452 0.324073
v -1.096378 0.721288 0.330561
v -1.168578 0.780241 0.321838
v -1.180277 0.747007 0.315720
v -1.240878 0.793574 0.309465
v -1.237678 0.849109 0.315661
v -1.282678 0.800238 0.302928
v -1.290678 0.861798 0.313591
v -0.879378 0.664371 0.309272
v -0.885478 0.606418 0.318089
v -0.957378 0.667983 0.329652
v -0.948878 0.719145 0.322772
v -1.080178 0.794683 0.329459
v -1.160178 0.831148 0.322959
v -1.142778 0.789363 0.325788
v -1.082178 0.752499 0.332490
v -1.012578 0.760387 0.330247
v -1.021478 0.714615 0.335497
v -1.222978 0.905157 0.306054
v -1.278178 0.916645 0.303891
v -1.211578 0.951938 0.284198
v -1.267377 0.965545 0.285423
v -0.848278 0.743195 0.258540
v -0.862877 0.710658 0.288518
v -0.931578 0.762125 0.300537
v -0.916277 0.794258 0.270060
v -1.157378 0.887496 0.313151
v -1.071778 0.846714 0.316674
v -1.064578 0.892459 0.288223
v -1.146178 0.930742 0.285014
v -0.986678 0.844830 0.283084
v -0.998678 0.806484 0.311294
v -1.268378 1.077302 0.240811
v -1.249077 1.091188 0.238235
v -1.258478 1.049749 0.249362
v -1.204678 1.051247 0.249054
v -1.204177 0.996924 0.263251
v -1.259878 1.008725 0.263387
v -0.831678 0.801618 0.226219
v -0.838377 0.770788 0.239088
v -0.905378 0.821956 0.251309
v -0.897678 0.852391 0.239242
v -1.136777 0.971434 0.265191
v -1.055377 0.928655 0.269125
v -1.045978 0.963183 0.255936
v -1.128078 1.014463 0.252155
v -0.968277 0.908061 0.251937
v -0.976577 0.876231 0.264812
v -1.236978 1.118752 0.231484
v -1.186078 1.092980 0.236625
v -1.186278 1.132182 0.218710
v -1.235678 1.146297 0.221433
v -1.230378 1.168022 0.207614
v -1.246878 1.165854 0.213526
v -0.828878 0.876115 0.188911
v -0.829478 0.840630 0.210006
v -0.893777 0.890206 0.223635
v -0.891578 0.924890 0.202444
v -1.118477 1.056706 0.241424
v -1.039777 1.002313 0.242921
v -1.035178 1.037109 0.223931
v -1.112778 1.089603 0.222543
v -0.960178 0.980969 0.216638
v -0.963277 0.946484 0.237827
v -1.219478 1.177151 0.194564
v -1.169278 1.147673 0.198725
v -1.212878 1.185465 0.178918
v -1.161178 1.158362 0.178366
v -1.020778 1.076331 0.173015
v -1.102078 1.125749 0.176145
v -1.107378 1.112482 0.200518
v -1.028478 1.061782 0.200595
v -0.817378 0.911662 0.142516
v -0.823577 0.899699 0.167482
v -0.878377 0.963825 0.153831
v -0.885578 0.949669 0.180209
v -0.945378 1.021287 0.165116
v -0.953378 1.006240 0.193099
v -0.011777 0.496588 0.056986
v -0.021378 0.489887 0.093424
v 0.054122 0.481870 0.090367
v 0.065122 0.490357 0.051320
v 0.040923 0.466876 0.128050
v -0.036778 0.475186 0.129805
v -0.050178 0.453101 0.169126
v 0.028122 0.449586 0.166345
v 0.015922 0.426011 0.207575
v -0.061378 0.423539 0.212688
v 0.012922 0.340867 0.272842
v 0.063323 0.320036 0.285556
v 0.019322 0.280618 0.300672
v -0.061878 0.307942 0.286622
v 0.092622 0.265792 0.314253
v 0.131222 0.308320 0.300920
v -0.069377 0.376055 0.252349
v 0.003522 0.385131 0.247899
v -0.074178 0.227459 0.308363
v -0.004478 0.219722 0.319705
v -0.081378 0.148340 0.323196
v -0.020078 0.140994 0.333137
v 0.040123 0.138650 0.343450
v 0.064123 0.211385 0.331251
v -0.218378 -0.298320 0.167338
v -0.165577 -0.315372 0.176132
v -0.190177 -0.237190 0.245705
v -0.233778 -0.226565 0.232047
v -0.150578 -0.248324 0.257766
v -0.116377 -0.330836 0.182817
v -0.177678 -0.163755 0.306804
v -0.212778 -0.157419 0.295169
v -0.251877 -0.152690 0.282143
v -0.101778 0.512204 0.096501
v -0.116278 0.494383 0.129199
v -0.092078 0.519122 0.063263
v -0.182878 0.545653 0.068818
v -0.191778 0.539611 0.097651
v -0.203378 0.520669 0.126456
v -0.126478 0.463576 0.164469
v -0.208178 0.482330 0.156166
v -0.208477 0.438329 0.192607
v -0.132978 0.428205 0.206563
v -0.137378 0.382333 0.248314
v -0.208678 0.396057 0.234439
v -0.209278 0.340429 0.265944
v -0.139478 0.319994 0.277856
v -0.139778 0.244996 0.296667
v -0.208178 0.271144 0.287124
v -0.207378 0.195733 0.303537
v -0.142178 0.167280 0.312292
v -0.150678 0.097912 0.336572
v -0.096978 0.078592 0.351178
v -0.208377 0.122445 0.324338
v -0.213377 0.059538 0.341382
v -0.163578 0.039414 0.355393
v -0.116578 0.018994 0.370005
v -0.178977 -0.006091 0.354642
v -0.136278 -0.025726 0.366549
v -0.224878 0.013447 0.343335
v -0.238878 -0.030097 0.335373
v -0.194977 -0.047049 0.344166
v -0.155677 -0.063095 0.354054
v -0.171778 -0.389297 0.098635
v -0.114778 -0.416648 0.107685
v -0.226378 -0.356562 0.086756
v -0.212677 -0.371133 -0.017566
v -0.157578 -0.410962 -0.004548
v -0.101078 -0.444307 0.005735
v -0.164978 -0.485147 -0.038042
v -0.105278 -0.513413 -0.031687
v -0.228178 -0.451292 -0.046428
v -0.250978 -0.549583 -0.044390
v -0.184078 -0.579531 -0.034826
v -0.121578 -0.602126 -0.033902
v -0.210378 -0.678195 -0.100987
v -0.149878 -0.701764 -0.095258
v -0.274578 -0.648843 -0.109947
v -0.279977 -0.691056 -0.221918
v -0.222678 -0.729514 -0.214007
v -0.164278 -0.757271 -0.206155
v -0.210178 -0.095350 0.325730
v -0.173678 -0.104899 0.335082
v -0.251078 -0.086498 0.316981
v -0.356878 -0.127222 0.257903
v -0.297478 -0.147067 0.268012
v -0.298578 -0.076138 0.309725
v -0.359278 -0.053350 0.307400
v -0.289478 -0.009625 0.330061
v -0.351978 0.021575 0.329990
v -0.327178 -0.510470 -0.060504
v -0.342178 -0.602542 -0.128101
v -0.415878 -0.538837 -0.145650
v -0.409778 -0.456749 -0.074998
v -0.409078 -0.570440 -0.237478
v -0.340477 -0.639099 -0.229903
v -0.275378 -0.324009 -0.031624
v -0.302078 -0.410536 -0.054451
v -0.383678 -0.357854 -0.058039
v -0.348378 -0.268651 -0.039327
v -0.285878 -0.315340 0.072430
v -0.277877 -0.276186 0.155317
v -0.347578 -0.240048 0.143919
v -0.354678 -0.263006 0.060243
v -0.284478 -0.214148 0.216878
v -0.348478 -0.188910 0.205440
v -0.271078 0.086899 0.334233
v -0.278078 0.038210 0.336299
v -0.341877 0.073713 0.336805
v -0.337078 0.125913 0.336619
v -0.281778 0.233243 0.305331
v -0.274477 0.156038 0.322854
v -0.346178 0.199864 0.327514
v -0.359578 0.279468 0.309878
v -0.289877 0.371117 0.263676
v -0.286878 0.306141 0.286532
v -0.366978 0.350662 0.290288
v -0.370078 0.413444 0.268544
v -0.295078 0.468130 0.192644
v -0.291678 0.423242 0.231490
v -0.373078 0.463169 0.236272
v -0.378977 0.508265 0.198925
v -0.300578 0.564097 0.131518
v -0.300478 0.518945 0.158765
v -0.388578 0.562689 0.166726
v -0.392978 0.611543 0.139858
v -0.291878 0.583840 0.102809
v -0.283878 0.589086 0.074680
v -0.377978 0.639426 0.081905
v -0.386178 0.632984 0.110841
v -0.693278 0.100273 0.256258
v -0.779977 0.176746 0.251240
v -0.778378 0.122861 0.199334
v -0.693078 0.042479 0.202774
v -0.755477 0.301949 0.324456
v -0.737877 0.352400 0.333680
v -0.656878 0.287714 0.336534
v -0.673277 0.237568 0.328108
v -0.771978 0.238894 0.296300
v -0.687078 0.169121 0.301482
v -0.605478 -0.058194 0.135024
v -0.610578 -0.023607 0.205535
v -0.524578 -0.080810 0.205149
v -0.521878 -0.119485 0.136659
v -0.528577 -0.021904 0.260827
v -0.611878 0.035696 0.260712
v -0.661277 -0.304732 -0.255033
v -0.674378 -0.291010 -0.159707
v -0.589378 -0.371097 -0.157068
v -0.576678 -0.389202 -0.249371
v -0.585378 -0.304846 -0.074930
v -0.665678 -0.226751 -0.076057
v -0.492077 -0.484276 -0.244350
v -0.501478 -0.458777 -0.153288
v -0.497378 -0.384365 -0.078194
v -0.631978 -0.136129 -0.054053
v -0.552678 -0.208645 -0.056756
v -0.506378 -0.114210 -0.050573
v -0.583078 -0.042305 -0.049766
v -0.468078 -0.285966 -0.060333
v -0.425578 -0.193098 -0.048241
v -0.519278 -0.123150 0.051778
v -0.597778 -0.055353 0.051007
v -0.435778 -0.196237 0.054278
v -0.432278 -0.183876 0.138612
v -0.432678 -0.140022 0.203173
v -0.438578 -0.080822 0.257649
v -0.569678 0.285826 0.338644
v -0.572877 0.361639 0.322629
v -0.499877 0.310059 0.326411
v -0.493778 0.234537 0.340825
v -0.509577 0.389640 0.304375
v -0.578578 0.442027 0.301889
v -0.594978 0.181597 0.333614
v -0.579678 0.233137 0.340832
v -0.501778 0.181347 0.342716
v -0.515378 0.128309 0.335906
v -0.413578 0.178333 0.340232
v -0.422478 0.253974 0.329218
v -0.436078 0.333559 0.308082
v -0.419378 0.124935 0.340725
v -0.430678 0.071295 0.333518
v -0.576078 0.508525 0.282924
v -0.510578 0.458142 0.286300
v -0.509278 0.511805 0.261006
v -0.573178 0.556165 0.253763
v -0.441278 0.403358 0.289300
v -0.442478 0.462033 0.266279
v -0.572578 0.589203 0.223982
v -0.509978 0.550738 0.230493
v -0.513877 0.588372 0.199986
v -0.574277 0.623661 0.197893
v -0.444778 0.506961 0.234732
v -0.450078 0.549679 0.201498
v -0.582078 0.668719 0.171846
v -0.522977 0.636517 0.171622
v -0.530777 0.676157 0.142305
v -0.588977 0.707276 0.145735
v -0.460278 0.602316 0.171509
v -0.467278 0.647258 0.142563
v -0.527977 0.693419 0.117010
v -0.586678 0.725153 0.123136
v -0.581378 0.731235 0.101603
v -0.521978 0.699093 0.093979
v -0.462878 0.666305 0.114458
v -0.455378 0.672961 0.088121
v -0.439078 -0.005940 0.309040
v -0.526278 0.052471 0.310921
v -0.607578 0.108458 0.308414
v -0.102377 -0.778032 -0.198942
v -0.090278 -0.724737 -0.090332
v -0.051478 -0.792905 -0.193960
v -0.040678 -0.741429 -0.088840
v -0.011278 -0.638079 -0.043405
v -0.061677 -0.622046 -0.037393
v -0.028078 -0.356107 0.188155
v -0.069277 -0.345616 0.186497
v -0.055478 -0.437435 0.110199
v -0.002178 -0.442679 0.102227
v -0.032278 -0.465428 0.001950
v 0.034222 -0.477791 -0.009482
v -0.040778 -0.535932 -0.035164
v 0.016722 -0.554268 -0.041664
v -0.118477 -0.188459 0.324339
v -0.144978 -0.174702 0.316464
v -0.114377 -0.262278 0.266443
v -0.085078 -0.275257 0.270214
v -0.119078 -0.081038 0.364452
v -0.140178 -0.117650 0.344152
v -0.112278 -0.132203 0.352832
v -0.088478 -0.099182 0.374652
v -0.056178 -0.073473 0.394611
v -0.093578 -0.050050 0.380383
v -0.066878 -0.006209 0.387843
v -0.008977 -0.032082 0.411185
v -0.041778 0.063079 0.367163
v 0.015522 0.056842 0.378798
v -2.057578 0.925116 -0.505367
v -2.037777 0.936078 -0.512427
v -2.032877 0.921022 -0.522645
v -2.054178 0.910646 -0.518188
v -2.011178 0.931224 -0.522301
v -2.017478 0.945174 -0.513277
v -2.003478 0.917175 -0.531224
v -2.025378 0.904167 -0.532653
v -2.047778 0.895275 -0.531104
v -1.982878 0.957209 -0.506843
v -1.972377 0.950603 -0.507807
v -1.990178 0.941049 -0.517655
v -1.997677 0.952489 -0.510417
v -1.959678 0.939699 -0.508547
v -1.981078 0.930615 -0.523998
v -2.023978 0.960612 -0.506362
v -2.043878 0.953416 -0.505422
v -2.062178 0.944152 -0.498971
v -2.068778 0.962231 -0.502870
v -2.050178 0.970409 -0.506915
v -2.028778 0.976515 -0.505749
v -2.001977 0.966124 -0.504092
v -2.003578 0.980244 -0.500469
v -1.979778 0.967743 -0.500501
v -1.976778 0.980482 -0.493470
v -1.950878 0.976121 -0.486446
v -1.959578 0.963266 -0.496376
v -1.942378 0.952201 -0.490015
v -1.928977 0.968674 -0.476605
v -2.048778 0.895243 -0.555205
v -2.072378 0.886384 -0.547756
v -2.067977 0.886706 -0.525357
v -2.077278 0.888734 -0.575069
v -2.049778 0.898379 -0.585222
v -2.106078 0.873820 -0.559387
v -2.091978 0.879961 -0.533621
v -2.083278 0.883435 -0.520139
v -1.997378 0.916252 -0.553620
v -2.023077 0.904230 -0.557554
v -2.019878 0.906263 -0.588065
v -1.989578 0.916892 -0.582924
v -1.970778 0.926818 -0.541577
v -1.945478 0.935625 -0.522125
v -1.928678 0.934401 -0.544719
v -1.958377 0.926774 -0.567977
v -1.924178 0.945662 -0.496980
v -1.903778 0.945552 -0.517079
v -1.909277 0.959292 -0.473454
v -1.880678 0.957235 -0.483743
v -2.030278 0.991572 -0.513631
v -2.028978 1.003198 -0.527295
v -1.998678 1.007252 -0.517417
v -2.002978 0.996124 -0.504256
v -1.973877 0.995582 -0.493453
v -1.967477 1.007223 -0.504417
v -1.944977 0.990336 -0.483624
v -1.937878 1.004699 -0.490403
v -1.914177 1.000783 -0.475081
v -1.920178 0.984292 -0.473491
v -1.897178 0.996742 -0.464259
v -1.901477 0.977336 -0.465353
v -1.881177 0.993693 -0.454942
v -1.882678 0.971471 -0.458920
v -1.861278 0.992362 -0.442434
v -1.859578 0.970328 -0.448614
v -1.839278 0.993151 -0.426039
v -1.833078 0.974507 -0.434137
v -1.844878 0.961708 -0.470467
v -1.814978 0.968898 -0.454006
v -1.819178 0.993183 -0.402038
v -1.809778 0.975745 -0.408843
v -1.804278 0.993052 -0.371037
v -1.791177 0.973430 -0.375130
v -1.764078 0.972427 -0.393925
v -1.788178 0.972244 -0.427324
v -1.772678 1.017785 -0.310372
v -1.754278 0.992816 -0.304635
v -1.774678 0.977035 -0.337749
v -1.791277 1.000432 -0.338177
v -1.742478 0.977628 -0.357253
v -1.721178 0.994001 -0.325642
v -2.166878 0.856062 -0.588191
v -2.137378 0.864936 -0.574739
v -2.134577 0.873077 -0.603684
v -2.162677 0.860652 -0.608416
v -2.105678 0.880386 -0.602224
v -2.134178 0.872433 -0.630181
v -2.106577 0.881503 -0.635531
v -2.160178 0.857855 -0.625901
v -2.047878 0.899278 -0.622028
v -2.077578 0.890036 -0.611377
v -2.077878 0.888444 -0.646469
v -2.045278 0.891892 -0.655988
v -2.013578 0.903465 -0.624351
v -2.007078 0.892486 -0.656891
v -1.977277 0.907008 -0.616470
v -1.965477 0.893640 -0.647197
v -1.940378 0.913311 -0.597604
v -1.905578 0.923645 -0.573260
v -1.883478 0.907504 -0.598972
v -1.923478 0.898063 -0.624621
v -1.875978 0.938778 -0.549043
v -1.847477 0.952004 -0.525915
v -1.817078 0.934631 -0.557520
v -1.849278 0.920725 -0.576944
v -1.781978 0.970507 -0.489016
v -1.815177 0.960405 -0.507560
v -1.782478 0.947224 -0.540589
v -1.746678 0.960925 -0.522264
v -1.722278 0.985228 -0.430295
v -1.750778 0.979152 -0.462462
v -1.711478 0.974762 -0.497239
v -1.678478 0.987029 -0.466706
v -1.697478 0.996518 -0.395656
v -1.675278 1.016381 -0.365965
v -1.649377 1.001310 -0.433583
v -1.621578 1.019581 -0.402483
v -2.135178 0.861144 -0.646319
v -2.161178 0.850890 -0.637863
v -2.108378 0.867896 -0.655056
v -2.111978 0.845987 -0.656737
v -2.137878 0.843926 -0.649625
v -2.162578 0.838571 -0.641296
v -2.079778 0.870838 -0.665773
v -2.046177 0.871982 -0.675879
v -2.049478 0.842094 -0.673715
v -2.084478 0.845049 -0.663532
v -1.959877 0.842323 -0.668317
v -2.004878 0.848856 -0.680553
v -2.003977 0.872469 -0.678382
v -1.957278 0.873726 -0.667889
v -1.990578 0.822496 -0.673308
v -2.007178 0.834165 -0.678872
v -2.011978 0.811801 -0.672350
v -2.028878 0.823103 -0.671911
v -1.910778 0.878664 -0.642715
v -1.867978 0.887624 -0.613464
v -1.862678 0.864128 -0.612635
v -1.907578 0.852974 -0.640775
v -1.798277 0.912462 -0.570099
v -1.832278 0.898859 -0.588825
v -1.790678 0.889874 -0.567875
v -1.825778 0.876568 -0.587103
v -1.724878 0.943330 -0.539468
v -1.762477 0.926944 -0.555078
v -1.715978 0.919039 -0.537835
v -1.754178 0.904056 -0.552853
v -1.642278 0.951415 -0.487311
v -1.677378 0.935157 -0.516322
v -1.686878 0.961050 -0.517564
v -1.651778 0.976613 -0.487749
v -1.962478 1.037670 -0.495783
v -1.936478 1.036677 -0.476277
v -1.936677 1.021434 -0.484094
v -1.964278 1.023025 -0.504003
v -1.915477 1.018242 -0.464476
v -1.916778 1.036285 -0.456575
v -1.939278 1.062465 -0.496819
v -1.920678 1.065907 -0.489238
v -1.928778 1.051660 -0.479460
v -1.951478 1.052279 -0.494363
v -1.908577 1.053337 -0.465369
v -1.900077 1.070861 -0.479265
v -1.903577 1.037076 -0.439979
v -1.900278 1.015918 -0.450464
v -1.885478 1.014776 -0.439857
v -1.889577 1.037943 -0.427684
v -1.882178 1.075104 -0.471488
v -1.892878 1.056002 -0.453583
v -1.877978 1.059156 -0.443700
v -1.864578 1.079039 -0.465109
v -1.896078 1.114749 -0.499905
v -1.873278 1.125085 -0.493362
v -1.876977 1.098541 -0.483016
v -1.896978 1.091403 -0.489977
v -1.858478 1.105276 -0.476753
v -1.854278 1.135027 -0.485716
v -1.870878 1.037889 -0.419283
v -1.866678 1.014034 -0.429353
v -1.846478 1.014208 -0.415754
v -1.851378 1.038439 -0.410286
v -1.826678 1.091922 -0.449979
v -1.846278 1.084882 -0.457341
v -1.839178 1.113312 -0.470197
v -1.818878 1.123246 -0.463951
v -1.834777 1.145765 -0.478875
v -1.814477 1.157800 -0.472540
v -1.860777 1.062608 -0.434219
v -1.842078 1.066054 -0.425838
v -1.828878 1.014919 -0.395457
v -1.834077 1.041517 -0.396003
v -1.819377 1.049712 -0.378647
v -1.815978 1.018660 -0.369777
v -1.803378 1.030397 -0.344741
v -1.785178 1.049614 -0.323446
v -1.801578 1.062886 -0.365219
v -1.780978 1.081659 -0.351722
v -1.806777 1.101365 -0.442231
v -1.822278 1.070202 -0.416960
v -1.803778 1.078859 -0.406507
v -1.787478 1.112706 -0.434693
v -1.793678 1.171937 -0.465718
v -1.798078 1.135480 -0.457818
v -1.778178 1.149014 -0.451592
v -1.773077 1.186569 -0.459898
v -1.767778 1.123936 -0.429354
v -1.784778 1.091006 -0.398074
v -1.763778 1.107360 -0.388363
v -1.747178 1.137576 -0.422029
v -1.753778 1.200493 -0.455574
v -1.759178 1.162042 -0.446463
v -1.739178 1.175578 -0.440037
v -1.733677 1.214624 -0.449951
v -1.723678 1.154335 -0.411120
v -1.739977 1.128936 -0.374481
v -1.709278 1.151417 -0.359704
v -1.693178 1.172804 -0.398721
v -1.724078 1.132143 -0.318298
v -1.756278 1.106855 -0.334359
v -1.710178 1.229573 -0.441133
v -1.715578 1.190326 -0.431318
v -1.684178 1.206381 -0.421305
v -1.678277 1.245624 -0.431720
v -1.634778 1.264685 -0.420625
v -1.641677 1.224945 -0.409607
v -1.597878 1.247937 -0.392832
v -1.590878 1.288988 -0.401857
v -1.607578 1.211744 -0.373234
v -1.651378 1.191170 -0.386722
v -1.531377 1.257505 -0.343884
v -1.569678 1.233021 -0.359250
v -1.557878 1.271723 -0.377262
v -1.517678 1.299715 -0.360415
v -1.548678 1.314471 -0.386797
v -1.506978 1.345067 -0.369364
v -1.457978 1.381556 -0.353163
v -1.471578 1.334318 -0.341704
v -1.426278 1.373151 -0.317617
v -1.412978 1.422190 -0.328785
v -1.441378 1.323932 -0.302647
v -1.487177 1.289208 -0.325157
v -1.986978 0.803180 -0.657802
v -2.016378 0.791565 -0.660539
v -1.954578 0.821243 -0.646301
v -1.957677 0.802757 -0.625399
v -1.989778 0.781404 -0.635183
v -2.021378 0.766196 -0.636500
v -1.912677 0.835259 -0.625178
v -1.866578 0.845782 -0.602735
v -1.875378 0.830960 -0.588553
v -1.919478 0.820860 -0.606798
v -1.827578 0.858803 -0.580706
v -1.791378 0.872512 -0.560880
v -1.796978 0.856863 -0.551395
v -1.834877 0.843161 -0.570120
v -1.754777 0.886305 -0.543856
v -1.717577 0.900105 -0.525731
v -1.723978 0.884681 -0.511746
v -1.760377 0.871167 -0.532573
v -1.769978 0.858339 -0.519302
v -1.807178 0.843535 -0.538221
v -1.732878 0.871754 -0.498375
v -1.733677 0.850971 -0.495261
v -1.774377 0.837876 -0.512490
v -1.813978 0.824189 -0.528315
v -1.892778 1.179633 -0.521260
v -1.863778 1.198042 -0.519661
v -1.866878 1.155296 -0.509627
v -1.893178 1.141672 -0.514153
v -1.847878 1.169156 -0.498803
v -1.843078 1.213118 -0.505844
v -1.821978 1.225853 -0.499513
v -1.828278 1.181698 -0.491071
v -1.807778 1.194131 -0.485239
v -1.800278 1.237775 -0.495578
v -1.780677 1.250744 -0.482949
v -1.787378 1.208579 -0.476418
v -1.766478 1.223014 -0.470097
v -1.760078 1.264184 -0.475723
v -1.740378 1.277890 -0.474698
v -1.746778 1.236629 -0.467272
v -1.726577 1.251162 -0.461351
v -1.719078 1.292523 -0.468678
v -1.694878 1.309206 -0.453469
v -1.702978 1.267422 -0.450540
v -1.670178 1.285279 -0.440038
v -1.660577 1.329566 -0.442680
v -1.618278 1.354259 -0.425615
v -1.626678 1.307150 -0.427257
v -1.580778 1.332645 -0.409896
v -1.571377 1.382744 -0.410270
v -1.528878 1.412853 -0.390335
v -1.536478 1.360223 -0.395747
v -1.495878 1.392846 -0.373325
v -1.488278 1.445290 -0.365512
v -1.444977 1.481336 -0.338909
v -1.449277 1.430860 -0.352633
v -1.405178 1.470288 -0.329348
v -1.404178 1.518265 -0.315511
v -1.987078 1.237317 -0.524276
v -1.940678 1.262736 -0.502715
v -1.931378 1.212082 -0.530738
v -1.972878 1.188570 -0.551110
v -1.896378 1.232880 -0.512852
v -1.901278 1.282449 -0.482123
v -1.924878 1.159765 -0.533752
v -1.962378 1.138178 -0.549534
v -1.871277 1.307089 -0.474857
v -1.866678 1.256191 -0.510879
v -1.842477 1.270760 -0.498359
v -1.843277 1.321836 -0.466338
v -1.818478 1.335254 -0.463011
v -1.819377 1.283293 -0.492327
v -1.796578 1.295503 -0.490494
v -1.795978 1.349654 -0.462990
v -1.773578 1.355813 -0.452424
v -1.776278 1.304084 -0.475841
v -1.756478 1.315532 -0.467003
v -1.754178 1.364566 -0.442671
v -1.735278 1.378202 -0.436246
v -1.737478 1.330248 -0.464184
v -1.714878 1.346475 -0.459273
v -1.712878 1.396535 -0.430146
v -1.683278 1.408339 -0.411211
v -1.688478 1.360880 -0.440151
v -1.653677 1.384042 -0.428778
v -1.650077 1.431031 -0.394435
v -1.610178 1.457051 -0.372577
v -1.612578 1.409556 -0.408217
v -1.567578 1.441743 -0.392293
v -1.568278 1.489466 -0.351654
v -1.525777 1.518208 -0.325911
v -1.525877 1.470788 -0.365952
v -1.484678 1.504600 -0.345436
v -1.487078 1.553712 -0.306905
v -2.099078 1.215035 -0.429553
v -2.044478 1.245202 -0.417618
v -2.051378 1.242213 -0.488503
v -2.105378 1.205646 -0.500703
v -1.993278 1.265130 -0.467228
v -1.986477 1.266185 -0.402432
v -2.041478 1.212773 -0.550542
v -2.094778 1.175916 -0.561041
v -1.936677 1.288878 -0.385456
v -1.944478 1.291042 -0.446969
v -1.901978 1.309042 -0.428767
v -1.893378 1.307852 -0.372060
v -1.861578 1.330292 -0.364783
v -1.871078 1.332490 -0.419996
v -1.842577 1.349518 -0.414989
v -1.834278 1.349213 -0.360886
v -1.810177 1.365439 -0.356275
v -1.817678 1.364733 -0.412072
v -1.795878 1.380449 -0.409358
v -1.788078 1.379168 -0.350950
v -1.766378 1.389200 -0.345205
v -1.773777 1.390184 -0.403011
v -1.753277 1.397230 -0.394549
v -1.745378 1.398834 -0.338957
v -1.724378 1.410872 -0.332023
v -1.732778 1.407572 -0.387006
v -1.709478 1.422819 -0.378289
v -1.700078 1.423619 -0.323593
v -1.671578 1.437384 -0.311768
v -1.679178 1.434799 -0.363655
v -1.647478 1.456098 -0.345671
v -1.641878 1.458480 -0.294283
v -1.606878 1.484806 -0.271227
v -1.610278 1.483918 -0.323823
v -1.571178 1.516344 -0.300900
v -1.569778 1.515239 -0.246993
v -1.533078 1.549459 -0.225280
v -1.530878 1.547968 -0.278273
v -1.495078 1.582876 -0.258664
v -1.499578 1.585561 -0.206677
v -2.164478 0.863272 -0.531629
v -2.147678 0.861181 -0.548118
v -2.175377 0.850372 -0.568159
v -2.188878 0.850048 -0.554257
v -2.124077 0.871295 -0.527473
v -2.141078 0.880418 -0.504923
v -2.071678 0.898109 -0.506620
v -2.075078 0.912201 -0.489896
v -2.089378 0.887037 -0.501559
v -2.099178 0.900055 -0.479930
v -2.078978 0.933331 -0.484412
v -2.097878 0.926978 -0.475877
v -2.098177 0.942416 -0.487262
v -2.085878 0.951681 -0.493613
v -2.113878 0.928213 -0.487784
v -2.107578 0.946064 -0.496782
v -2.117578 0.910340 -0.482686
v -2.131578 0.917666 -0.496326
v -2.125378 0.933329 -0.503012
v -2.118577 0.950693 -0.509707
v -2.117278 0.888588 -0.492167
v -2.106478 0.880284 -0.511122
v -2.123477 0.898017 -0.486819
v -2.138378 0.901168 -0.495936
v -2.383877 0.815004 -0.507265
v -2.361578 0.824650 -0.498917
v -2.359078 0.827531 -0.520733
v -2.378778 0.817000 -0.526376
v -2.341877 0.840764 -0.514706
v -2.342378 0.838099 -0.490091
v -2.340278 0.838259 -0.533892
v -2.357078 0.824638 -0.537718
v -2.375278 0.813117 -0.541455
v -2.325178 0.852538 -0.482870
v -2.325778 0.854887 -0.510583
v -2.309978 0.869500 -0.508263
v -2.308777 0.868663 -0.478358
v -2.308177 0.866885 -0.529149
v -2.324178 0.852275 -0.531069
v -2.292978 0.888366 -0.477866
v -2.294978 0.886699 -0.508357
v -2.282777 0.905493 -0.509560
v -2.280677 0.909855 -0.479983
v -2.279878 0.901192 -0.528137
v -2.293078 0.883690 -0.528241
v -2.270877 0.929543 -0.482191
v -2.272377 0.922990 -0.510156
v -2.259378 0.936998 -0.508732
v -2.258378 0.944642 -0.482574
v -2.255578 0.931506 -0.525503
v -2.268478 0.917593 -0.527927
v -2.242678 0.976855 -0.388749
v -2.228578 0.990957 -0.388426
v -2.241078 0.972786 -0.437927
v -2.253178 0.957275 -0.439842
v -2.239678 0.990289 -0.437423
v -2.225277 1.007956 -0.388719
v -2.241178 0.973945 -0.482034
v -2.245878 0.958252 -0.480648
v -2.232478 0.958850 -0.517652
v -2.241978 0.944630 -0.521174
v -2.245978 0.949716 -0.505502
v -2.237478 0.963323 -0.504276
v -2.225177 0.822802 -0.599109
v -2.233978 0.821449 -0.590501
v -2.204478 0.836296 -0.581882
v -2.196477 0.840222 -0.595504
v -2.215978 0.838946 -0.572797
v -2.243778 0.825280 -0.584922
v -2.205577 0.832803 -0.617264
v -2.215778 0.827948 -0.609037
v -2.190278 0.843247 -0.609121
v -2.186378 0.842583 -0.620817
v -2.141078 0.824001 -0.635816
v -2.162677 0.823517 -0.632813
v -2.117378 0.822389 -0.637907
v -2.125178 0.798088 -0.619874
v -2.145278 0.803485 -0.620303
v -2.166277 0.807290 -0.619524
v -2.093378 0.816776 -0.640376
v -2.068978 0.807949 -0.645228
v -2.106078 0.788992 -0.619024
v -2.086177 0.771709 -0.615929
v -2.054078 0.766139 -0.628699
v -2.043878 0.797507 -0.652971
v -2.186178 0.829826 -0.631148
v -2.187277 0.838135 -0.629593
v -2.212078 0.813688 -0.619859
v -2.213078 0.826276 -0.622028
v -2.262278 0.805324 -0.595113
v -2.251277 0.807086 -0.601823
v -2.276378 0.785588 -0.601505
v -2.270977 0.808851 -0.590032
v -2.289578 0.787013 -0.596913
v -2.298277 0.791535 -0.592938
v -2.243878 0.799645 -0.609482
v -2.234978 0.815434 -0.611469
v -2.188178 0.811100 -0.617745
v -2.180977 0.822543 -0.628208
v -2.149178 0.787652 -0.608217
v -2.168778 0.792064 -0.605941
v -2.132477 0.781347 -0.609082
v -2.139978 0.768324 -0.613111
v -2.154277 0.773140 -0.610337
v -2.172378 0.775159 -0.606848
v -2.191577 0.794771 -0.604656
v -2.217878 0.792364 -0.605842
v -2.194078 0.774678 -0.603445
v -2.219278 0.772674 -0.603935
v -2.247278 0.784072 -0.604497
v -2.247178 0.768955 -0.607514
v -2.276477 0.763534 -0.611385
v -2.275578 0.773782 -0.602541
v -2.299078 0.764873 -0.604292
v -2.308877 0.766077 -0.603398
v -2.305578 0.759201 -0.617461
v -2.337078 0.755975 -0.622143
v -2.317678 0.767788 -0.601408
v -2.347278 0.756729 -0.612247
v -2.353578 0.760368 -0.605067
v -2.326377 0.774108 -0.597842
v -2.277578 0.756169 -0.659745
v -2.308777 0.748368 -0.659902
v -2.308278 0.756789 -0.637748
v -2.277078 0.761211 -0.633772
v -2.342978 0.733388 -0.656120
v -2.342278 0.747972 -0.640900
v -2.224477 0.757898 -0.654554
v -2.249278 0.758781 -0.657559
v -2.248078 0.763132 -0.629883
v -2.221878 0.763849 -0.626887
v -2.183278 0.753515 -0.651330
v -2.202678 0.755710 -0.652242
v -2.198577 0.764153 -0.626088
v -2.178177 0.764147 -0.627288
v -2.165978 0.751912 -0.651922
v -2.160778 0.761338 -0.628773
v -2.146478 0.756725 -0.631248
v -2.150378 0.749800 -0.654110
v -2.357878 0.773855 -0.589241
v -2.335577 0.787780 -0.584717
v -2.332278 0.781640 -0.591983
v -2.356978 0.767411 -0.597306
v -2.305778 0.797767 -0.587072
v -2.310977 0.802908 -0.579600
v -2.351677 0.816356 -0.552573
v -2.370378 0.805333 -0.556813
v -2.333578 0.829479 -0.548445
v -2.326878 0.821417 -0.559801
v -2.346278 0.808091 -0.564428
v -2.365777 0.796860 -0.570066
v -2.359778 0.782803 -0.580490
v -2.339578 0.796930 -0.575567
v -2.337577 0.792409 -0.579542
v -2.357678 0.778984 -0.583969
v -2.314678 0.807237 -0.574323
v -2.318078 0.811757 -0.570748
v -2.342378 0.801953 -0.571494
v -2.362378 0.789222 -0.577125
v -2.321978 0.816079 -0.566671
v -2.279678 0.813983 -0.584160
v -2.287178 0.818723 -0.576986
v -2.263978 0.834639 -0.573973
v -2.253977 0.829807 -0.579947
v -2.316378 0.843394 -0.545721
v -2.299778 0.858407 -0.543503
v -2.291378 0.850949 -0.554062
v -2.308578 0.835534 -0.556678
v -2.292778 0.822555 -0.571107
v -2.297577 0.826280 -0.566627
v -2.278278 0.841899 -0.563113
v -2.271978 0.838869 -0.568596
v -2.284378 0.845521 -0.559233
v -2.302678 0.830300 -0.562849
v -2.228478 0.844857 -0.570829
v -2.241578 0.851368 -0.568865
v -2.220478 0.867512 -0.560753
v -2.204877 0.858541 -0.555504
v -2.284177 0.875517 -0.541697
v -2.270578 0.893322 -0.540894
v -2.261278 0.886768 -0.550658
v -2.275378 0.868463 -0.551558
v -2.252478 0.856983 -0.566195
v -2.260478 0.859917 -0.560011
v -2.244078 0.878231 -0.557412
v -2.233778 0.874800 -0.562993
v -2.252677 0.881947 -0.554432
v -2.267678 0.863338 -0.556030
v -2.259078 0.910020 -0.541185
v -2.248878 0.903768 -0.550751
v -2.247178 0.925429 -0.539670
v -2.236278 0.919574 -0.549638
v -2.184078 0.874137 -0.537889
v -2.201778 0.884063 -0.551543
v -2.185378 0.900709 -0.543234
v -2.168377 0.890926 -0.521881
v -2.216578 0.891327 -0.558183
v -2.228978 0.895048 -0.554304
v -2.214677 0.910874 -0.549690
v -2.201078 0.907562 -0.551772
v -2.225578 0.914468 -0.550610
v -2.239078 0.898755 -0.553024
v -2.222377 0.952678 -0.530719
v -2.233578 0.939552 -0.535447
v -2.222078 0.934200 -0.544918
v -2.209278 0.945839 -0.537781
v -2.156578 0.908569 -0.514077
v -2.172978 0.916261 -0.533719
v -2.162677 0.931000 -0.526700
v -2.146378 0.924471 -0.513764
v -2.198678 0.941055 -0.534955
v -2.211177 0.928805 -0.543988
v -2.201078 0.924632 -0.539165
v -2.188978 0.937688 -0.528937
v -2.177078 0.934789 -0.528721
v -2.188378 0.921332 -0.539047
v -2.003977 1.115243 -0.574009
v -2.020678 1.163626 -0.577274
v -2.071278 1.133846 -0.591911
v -2.048277 1.090949 -0.591176
v -1.995677 1.022225 -0.522299
v -2.028677 1.017459 -0.534373
v -2.026078 1.036443 -0.537277
v -1.991377 1.038562 -0.515588
v -1.959478 1.105445 -0.537155
v -1.999278 1.085726 -0.558847
v -1.961277 1.080027 -0.522115
v -2.001378 1.068296 -0.545952
v -2.039077 1.065318 -0.578436
v -2.036178 1.050593 -0.564855
v -1.920778 1.081655 -0.498724
v -1.923778 1.100297 -0.509326
v -1.946878 1.069713 -0.506359
v -1.973278 1.055490 -0.510581
v -1.992877 1.057901 -0.526794
v -2.009278 1.056321 -0.541386
v -2.035278 1.041456 -0.553305
v -1.923778 1.124421 -0.523358
v -2.118878 0.772543 -0.609734
v -2.109278 0.760164 -0.605766
v -2.123278 0.751232 -0.611717
v -2.129178 0.761805 -0.616575
v -2.128377 0.741528 -0.630664
v -2.134778 0.751501 -0.635519
v -2.128178 0.732821 -0.650117
v -2.136077 0.744283 -0.657180
v -2.137477 0.724380 -0.657571
v -2.139778 0.735825 -0.667634
v -2.151678 0.720069 -0.659547
v -2.152078 0.737626 -0.667544
v -2.167278 0.737235 -0.665841
v -2.185378 0.736738 -0.665339
v -2.167978 0.717351 -0.662833
v -2.186978 0.715829 -0.666824
v -2.204877 0.737430 -0.666843
v -2.226378 0.738416 -0.669448
v -2.207478 0.715309 -0.670622
v -2.229878 0.715089 -0.674220
v -2.254478 0.714271 -0.677516
v -2.250378 0.738400 -0.672348
v -2.277378 0.735690 -0.674133
v -2.280278 0.711861 -0.679303
v -2.306578 0.706269 -0.677772
v -2.307678 0.728094 -0.673392
v -2.341978 0.712925 -0.667608
v -2.336678 0.691121 -0.668389
v -2.328578 0.677998 -0.654117
v -2.306878 0.692029 -0.666794
v -2.289478 0.691656 -0.661892
v -2.313178 0.665819 -0.632150
v -2.251778 0.672401 -0.617186
v -2.280378 0.669969 -0.622973
v -2.265878 0.693484 -0.656902
v -2.239778 0.694806 -0.652709
v -2.200878 0.677970 -0.604516
v -2.224978 0.674132 -0.611495
v -2.215377 0.695129 -0.648711
v -2.193078 0.696356 -0.643618
v -2.155278 0.702820 -0.632053
v -2.172878 0.698489 -0.637729
v -2.180178 0.683418 -0.595846
v -2.162178 0.690162 -0.587783
v -2.130578 0.719772 -0.622545
v -2.132378 0.704719 -0.577362
v -2.145778 0.696991 -0.582520
v -2.140078 0.709537 -0.628889
v -2.119977 0.737022 -0.595139
v -2.127978 0.728746 -0.608994
v -2.113178 0.717799 -0.562734
v -2.122878 0.711960 -0.569902
v -2.104878 0.742952 -0.589772
v -2.084978 0.746444 -0.591191
v -2.085577 0.732740 -0.555315
v -2.101278 0.724426 -0.557870
v -2.058678 0.748013 -0.596799
v -2.027578 0.755789 -0.601242
v -2.035278 0.752028 -0.557621
v -2.062977 0.742541 -0.555269
v -1.996377 0.770281 -0.602821
v -1.963977 0.789505 -0.598427
v -1.973077 0.778505 -0.561866
v -2.005377 0.764710 -0.560990
v -1.927778 0.808177 -0.585329
v -1.886077 0.817152 -0.571677
v -1.896478 0.790355 -0.552831
v -1.937578 0.790941 -0.555334
v -1.852377 0.808694 -0.545631
v -1.845878 0.829439 -0.555845
v -1.920278 0.681207 -0.561233
v -1.886278 0.722553 -0.552860
v -1.873078 0.695813 -0.560113
v -1.860878 0.668034 -0.574561
v -1.907478 0.649312 -0.578559
v -1.899978 0.676462 -0.569407
v -1.950778 0.635928 -0.575486
v -1.850078 0.779090 -0.546369
v -1.887078 0.759789 -0.546463
v -1.811178 0.795179 -0.530057
v -1.810478 0.763015 -0.523381
v -1.845778 0.745900 -0.544387
v -1.771478 0.810168 -0.513838
v -1.729178 0.824860 -0.497119
v -1.724978 0.796279 -0.493662
v -1.770478 0.779612 -0.505771
v -1.691778 0.864385 -0.474335
v -1.685678 0.840273 -0.476603
v -1.645378 0.856390 -0.455191
v -1.654977 0.877514 -0.450806
v -1.634378 0.833776 -0.457667
v -1.678478 0.814372 -0.476661
v -1.614377 0.873115 -0.432382
v -1.593977 0.882683 -0.401734
v -1.629578 0.889553 -0.425372
v -1.612978 0.898609 -0.397021
v -1.596777 0.855688 -0.437386
v -1.570878 0.866261 -0.405644
v -1.680778 0.914538 -0.501409
v -1.647377 0.928994 -0.472988
v -1.656978 0.911081 -0.456990
v -1.688378 0.898125 -0.485419
v -1.695878 0.884394 -0.472844
v -1.664077 0.895844 -0.445406
v -1.632778 0.922526 -0.430552
v -1.641478 0.905981 -0.420461
v -1.624478 0.915415 -0.396013
v -1.615378 0.932161 -0.405904
v -1.620878 0.990603 -0.453225
v -1.590978 1.005890 -0.419108
v -1.579978 0.978402 -0.416658
v -1.612378 0.966001 -0.453390
v -1.619678 0.942056 -0.443359
v -1.600478 0.950204 -0.416403
v -1.593678 0.950717 -0.395706
v -1.603878 0.939087 -0.382942
v -1.576978 0.963674 -0.385377
v -1.586877 0.951001 -0.362007
v -1.608478 0.924547 -0.371862
v -1.596077 0.906956 -0.370266
v -1.588178 0.935890 -0.345824
v -1.572877 0.916799 -0.344019
v -1.844278 0.714514 -0.541815
v -1.812578 0.732951 -0.516816
v -1.808678 0.707949 -0.517079
v -1.838377 0.693099 -0.544498
v -1.785478 0.660574 -0.603721
v -1.816978 0.663426 -0.594236
v -1.789578 0.686088 -0.582960
v -1.756678 0.676287 -0.601507
v -1.818577 0.687798 -0.562969
v -1.781678 0.701094 -0.545342
v -1.751177 0.700274 -0.567238
v -1.719577 0.691960 -0.588093
v -1.797078 0.703380 -0.529654
v -1.824878 0.692679 -0.548096
v -1.773378 0.751887 -0.492019
v -1.723478 0.771324 -0.485325
v -1.717778 0.751524 -0.485317
v -1.767478 0.723098 -0.489862
v -1.709077 0.749741 -0.500408
v -1.755778 0.719978 -0.511845
v -1.738978 0.721178 -0.530052
v -1.694377 0.751238 -0.519216
v -1.669978 0.750698 -0.544813
v -1.710878 0.722043 -0.554657
v -1.681677 0.712132 -0.575003
v -1.643178 0.737686 -0.565242
v -1.672078 0.792386 -0.473940
v -1.622578 0.815674 -0.457968
v -1.665278 0.778379 -0.475164
v -1.612078 0.802675 -0.457697
v -1.602377 0.799111 -0.469377
v -1.657077 0.776215 -0.486952
v -1.645578 0.779807 -0.506772
v -1.593177 0.802706 -0.488697
v -1.578778 0.801478 -0.511991
v -1.626478 0.779064 -0.532768
v -1.603878 0.763952 -0.553186
v -1.561178 0.785587 -0.528704
v -1.740878 0.650858 -0.606668
v -1.781778 0.637868 -0.604797
v -1.702678 0.666934 -0.592756
v -1.695878 0.636727 -0.594090
v -1.736778 0.620843 -0.609304
v -1.780378 0.609774 -0.603543
v -1.665678 0.687514 -0.578168
v -1.626977 0.711764 -0.569201
v -1.618978 0.679193 -0.563822
v -1.659177 0.657133 -0.574802
v -1.587778 0.735928 -0.557633
v -1.547078 0.760054 -0.534464
v -1.534778 0.730148 -0.535601
v -1.577378 0.702746 -0.554051
v -1.513378 0.807166 -0.495922
v -1.500577 0.786127 -0.503007
v -1.455577 0.810785 -0.474341
v -1.468277 0.828425 -0.467038
v -1.444977 0.788865 -0.477821
v -1.489078 0.760710 -0.506068
v -1.483578 0.730665 -0.495903
v -1.529578 0.696132 -0.520114
v -1.440278 0.762500 -0.471377
v -1.440777 0.738984 -0.455948
v -1.483378 0.704682 -0.474560
v -1.528178 0.667977 -0.493660
v -1.991377 0.590244 -0.572436
v -1.947978 0.602975 -0.585106
v -1.950478 0.574149 -0.589848
v -1.989178 0.564637 -0.591896
v -1.979078 0.587375 -0.585020
v -2.028778 0.551767 -0.586425
v -1.908978 0.613501 -0.580363
v -1.866078 0.621308 -0.579206
v -1.861578 0.581902 -0.580090
v -1.909478 0.579975 -0.585080
v -1.819878 0.599652 -0.589387
v -1.823478 0.628842 -0.591247
v -1.781778 0.589112 -0.596630
v -1.812578 0.584556 -0.588505
v -1.789978 0.573535 -0.592345
v -1.826678 0.571474 -0.585233
v -1.740077 0.595890 -0.600767
v -1.696278 0.607459 -0.588130
v -1.699977 0.584685 -0.583205
v -1.745778 0.579418 -0.595577
v -1.657278 0.622778 -0.566414
v -1.616978 0.641880 -0.547818
v -1.614178 0.601407 -0.524396
v -1.659778 0.591032 -0.556440
v -1.569578 0.635090 -0.509380
v -1.574277 0.666249 -0.535351
v -1.993678 0.550325 -0.612518
v -2.034378 0.538883 -0.620055
v -1.952978 0.558043 -0.609160
v -1.953778 0.544342 -0.627585
v -1.993577 0.538500 -0.635153
v -2.034578 0.528945 -0.645201
v -1.912378 0.560975 -0.603276
v -1.872978 0.558711 -0.596663
v -1.876877 0.547405 -0.616002
v -1.914978 0.547179 -0.620701
v -1.911478 0.522372 -0.640265
v -1.947777 0.515931 -0.647730
v -1.952077 0.530577 -0.639310
v -1.914378 0.534719 -0.631733
v -1.877378 0.539730 -0.629760
v -1.875378 0.528379 -0.639098
v -1.835477 0.558894 -0.599765
v -1.795978 0.563562 -0.605790
v -1.799878 0.559655 -0.625169
v -1.839978 0.551886 -0.619526
v -1.800878 0.553477 -0.639536
v -1.841278 0.546506 -0.634197
v -1.839677 0.534457 -0.643031
v -1.799677 0.539535 -0.647159
v -1.749177 0.569360 -0.606022
v -1.699878 0.570420 -0.595128
v -1.697877 0.564414 -0.614395
v -1.750778 0.565757 -0.624802
v -1.697077 0.541391 -0.636869
v -1.750978 0.542940 -0.646278
v -1.751078 0.558277 -0.639462
v -1.696578 0.555636 -0.628647
v -1.655478 0.564668 -0.568096
v -1.610378 0.562418 -0.540683
v -1.595977 0.542992 -0.563577
v -1.647678 0.552642 -0.591030
v -1.582778 0.524023 -0.594474
v -1.641978 0.533191 -0.618624
v -1.643578 0.544153 -0.607184
v -1.587778 0.532797 -0.581021
v -2.407578 0.247843 -0.644863
v -2.402778 0.213864 -0.659277
v -2.384178 0.231697 -0.671475
v -2.390578 0.263368 -0.658548
v -2.372077 0.192525 -0.684561
v -2.390478 0.172188 -0.672949
v -2.373878 0.300124 -0.630149
v -2.391478 0.287779 -0.620081
v -2.393378 0.300093 -0.617548
v -2.376378 0.313033 -0.628619
v -2.390378 0.314232 -0.610526
v -2.374177 0.326475 -0.620893
v -2.377478 0.285884 -0.637371
v -2.395578 0.274344 -0.626508
v -2.391677 0.280367 -0.622241
v -2.373678 0.291913 -0.632104
v -2.402778 0.265904 -0.633662
v -2.385277 0.279038 -0.645834
v -2.346478 0.344932 -0.628794
v -2.346378 0.333678 -0.638632
v -2.310078 0.360325 -0.648378
v -2.312878 0.370191 -0.636432
v -2.304978 0.348992 -0.654517
v -2.342378 0.321360 -0.641965
v -2.303177 0.335430 -0.665843
v -2.342378 0.306007 -0.651581
v -2.340078 0.312344 -0.644816
v -2.302278 0.341067 -0.658973
v -2.349378 0.301153 -0.661455
v -2.307377 0.330774 -0.676017
v -2.312478 0.323490 -0.691278
v -2.356278 0.290768 -0.676898
v -2.274978 0.398354 -0.643186
v -2.271878 0.389684 -0.656039
v -2.234778 0.417660 -0.660592
v -2.236378 0.424332 -0.647329
v -2.232178 0.406328 -0.666231
v -2.266677 0.377955 -0.661275
v -2.075578 0.509588 -0.655695
v -2.075478 0.521398 -0.635660
v -2.112378 0.498119 -0.649933
v -2.113078 0.487737 -0.664876
v -2.111178 0.498034 -0.628932
v -2.075078 0.522252 -0.607364
v -2.202578 0.445030 -0.647742
v -2.202278 0.440453 -0.661917
v -2.171877 0.459062 -0.660219
v -2.171378 0.461745 -0.645033
v -2.175478 0.446803 -0.670952
v -2.203477 0.429812 -0.669259
v -2.230678 0.394575 -0.675866
v -2.264678 0.365091 -0.673005
v -2.263877 0.369630 -0.665830
v -2.232178 0.397406 -0.670282
v -2.209578 0.418196 -0.672196
v -2.201678 0.420282 -0.674707
v -2.267278 0.361639 -0.682486
v -2.230378 0.391235 -0.683248
v -2.227578 0.385294 -0.690616
v -2.268378 0.355473 -0.694553
v -2.197978 0.416861 -0.678588
v -2.169878 0.439282 -0.674811
v -2.170678 0.429669 -0.677058
v -2.192678 0.411742 -0.682060
v -2.144178 0.469309 -0.669875
v -2.142678 0.476981 -0.656917
v -2.141478 0.477672 -0.640121
v -2.350977 0.263895 -0.690151
v -2.307477 0.302523 -0.703563
v -2.294178 0.272465 -0.713999
v -2.340477 0.227434 -0.701352
v -2.262778 0.340019 -0.704368
v -2.219577 0.374975 -0.694259
v -2.209378 0.362687 -0.691992
v -2.250878 0.323114 -0.705176
v -2.199078 0.349938 -0.682622
v -2.234978 0.313066 -0.695720
v -2.218977 0.300221 -0.685550
v -2.186577 0.331976 -0.675524
v -2.235878 0.278519 -0.704032
v -2.256877 0.277164 -0.714224
v -2.120278 0.443414 -0.669034
v -2.151778 0.435684 -0.674391
v -2.142978 0.455191 -0.673298
v -2.112478 0.469820 -0.667878
v -2.180277 0.407844 -0.681639
v -2.166378 0.401772 -0.676606
v -1.990777 0.524914 -0.650879
v -2.031477 0.512264 -0.660010
v -1.984678 0.507064 -0.659982
v -2.029578 0.488705 -0.670781
v -2.098777 0.411690 -0.673260
v -2.143378 0.370890 -0.673237
v -2.155278 0.390096 -0.672042
v -2.112078 0.426809 -0.669843
v -2.074078 0.472020 -0.667990
v -2.073577 0.490743 -0.663792
v -2.061778 0.449387 -0.673966
v -2.079877 0.453907 -0.670191
v -2.046378 1.172248 -0.317517
v -1.999278 1.194054 -0.316436
v -2.023378 1.226329 -0.357714
v -2.075278 1.201791 -0.364579
v -1.969178 1.247071 -0.350027
v -1.949778 1.216360 -0.315358
v -1.907578 1.242495 -0.309101
v -1.922078 1.269628 -0.339750
v -1.882178 1.292080 -0.330273
v -1.870778 1.267933 -0.302241
v -1.811078 1.308788 -0.292264
v -1.823577 1.333638 -0.319800
v -1.850778 1.314715 -0.323897
v -1.839278 1.290666 -0.296265
v -1.786778 1.323115 -0.287542
v -1.799378 1.349066 -0.314785
v -1.777078 1.361696 -0.309254
v -1.764778 1.335042 -0.282508
v -1.743577 1.346073 -0.276968
v -1.755678 1.372426 -0.303912
v -1.734478 1.382959 -0.297770
v -1.721978 1.356705 -0.271126
v -1.699078 1.368144 -0.264088
v -1.712778 1.395000 -0.290436
v -1.688178 1.407247 -0.281803
v -1.673977 1.379892 -0.255253
v -1.647178 1.393066 -0.241724
v -1.661478 1.421918 -0.268983
v -1.631478 1.439417 -0.250878
v -1.616477 1.406364 -0.223997
v -1.580978 1.419691 -0.200770
v -1.596378 1.459549 -0.226788
v -1.559078 1.485083 -0.202327
v -1.539077 1.434774 -0.167352
v -1.474378 1.524568 -0.132043
v -1.493378 1.560699 -0.163141
v -1.524278 1.520400 -0.181120
v -1.504077 1.481074 -0.149205
v -1.474778 1.434323 -0.085248
v -1.490478 1.456364 -0.114469
v -1.515078 1.416904 -0.125253
v -1.496178 1.397559 -0.096847
v -1.448178 1.475392 -0.072872
v -1.462677 1.499345 -0.099804
v -1.941978 1.168259 -0.278995
v -1.940278 1.187551 -0.298801
v -1.986978 1.163967 -0.295871
v -1.983378 1.141354 -0.279747
v -2.030677 1.142792 -0.291056
v -2.021878 1.118678 -0.275423
v -1.862478 1.222827 -0.266793
v -1.861178 1.242108 -0.288399
v -1.898478 1.215173 -0.294752
v -1.901078 1.196187 -0.273847
v -1.800278 1.266708 -0.252033
v -1.799878 1.284070 -0.277229
v -1.828878 1.265844 -0.282029
v -1.828878 1.247069 -0.259126
v -1.756578 1.291575 -0.239769
v -1.755978 1.310536 -0.265273
v -1.776778 1.298905 -0.270910
v -1.777277 1.280846 -0.245210
v -1.713277 1.311924 -0.230880
v -1.713377 1.332597 -0.254194
v -1.735077 1.321665 -0.259934
v -1.735478 1.301800 -0.235325
v -1.665178 1.333007 -0.215895
v -1.663978 1.354278 -0.239412
v -1.689678 1.343532 -0.247853
v -1.689477 1.322457 -0.224938
v -1.641278 1.343282 -0.202251
v -1.637278 1.364948 -0.226670
v -1.607977 1.374035 -0.210820
v -1.617278 1.352278 -0.184600
v -1.590078 1.356985 -0.165126
v -1.562478 1.354597 -0.144612
v -1.548778 1.386403 -0.161787
v -1.576178 1.382451 -0.189666
v -1.537777 1.343217 -0.122750
v -1.526178 1.377763 -0.132739
v -1.503878 1.360285 -0.110343
v -1.513478 1.325613 -0.105153
v -2.015478 1.108568 -0.258968
v -1.982378 1.127056 -0.261169
v -1.984978 1.115854 -0.243307
v -2.008078 1.106031 -0.247354
v -1.950178 1.134100 -0.234807
v -1.944977 1.150076 -0.257495
v -1.905777 1.176224 -0.248938
v -1.912677 1.157474 -0.221435
v -1.876478 1.183358 -0.206076
v -1.867877 1.202383 -0.238081
v -1.833878 1.225640 -0.227708
v -1.843078 1.206136 -0.191801
v -1.813677 1.223502 -0.179896
v -1.804478 1.243991 -0.218608
v -1.781078 1.256430 -0.211376
v -1.791078 1.236152 -0.170865
v -1.770877 1.246082 -0.165419
v -1.760478 1.265559 -0.206226
v -1.973877 1.121756 -0.188139
v -1.959678 1.122635 -0.210244
v -1.994277 1.107055 -0.224759
v -2.008678 1.106648 -0.207756
v -2.022778 1.098084 -0.237710
v -2.039177 1.095354 -0.224795
v -1.939477 1.144678 -0.165764
v -1.906978 1.172395 -0.144415
v -1.890378 1.172541 -0.172717
v -1.924078 1.145535 -0.191869
v -1.828378 1.212518 -0.140335
v -1.858078 1.195938 -0.155044
v -1.874777 1.196306 -0.124246
v -1.844078 1.211404 -0.106428
v -2.169878 1.066821 -0.194238
v -2.137477 1.083531 -0.174229
v -2.104878 1.101332 -0.155827
v -2.130578 1.085276 -0.184339
v -2.099978 1.104068 -0.167442
v -2.160677 1.067566 -0.204443
v -2.069078 1.126846 -0.135066
v -2.033978 1.159474 -0.111744
v -2.027977 1.159483 -0.128344
v -2.064377 1.129269 -0.149079
v -2.001177 1.196418 -0.085646
v -1.969778 1.233061 -0.059546
v -1.961877 1.226558 -0.078411
v -1.994778 1.193816 -0.104232
v -1.934978 1.259694 -0.035191
v -1.898178 1.273315 -0.013166
v -1.891178 1.266630 -0.028729
v -1.926877 1.252398 -0.052852
v -1.862678 1.277805 0.003310
v -1.829177 1.277274 0.015713
v -1.825278 1.273393 0.000934
v -1.857378 1.272425 -0.011361
v -1.798578 1.274325 0.025129
v -1.769878 1.272769 0.033238
v -1.766178 1.271885 0.017843
v -1.794978 1.272444 0.010339
v -1.717477 1.274162 0.050131
v -1.743078 1.273014 0.041337
v -1.713277 1.272071 0.033542
v -1.739078 1.271825 0.025143
v -1.692478 1.276617 0.060117
v -1.665778 1.280074 0.070699
v -1.661377 1.277987 0.054610
v -1.688178 1.274029 0.044131
v -1.601478 1.279582 0.090402
v -1.634878 1.282030 0.080888
v -1.597578 1.277691 0.073712
v -1.630278 1.280240 0.064398
v -1.567778 1.272126 0.098443
v -1.533778 1.261968 0.106098
v -1.533078 1.260980 0.089903
v -1.565378 1.270736 0.081950
v -2.070578 1.101195 -0.199126
v -2.087078 1.103783 -0.183040
v -2.051877 1.125478 -0.165659
v -2.036478 1.119089 -0.181924
v -2.015378 1.151689 -0.145502
v -2.000878 1.141201 -0.161645
v -1.967577 1.169923 -0.139302
v -1.954578 1.157650 -0.152735
v -1.987978 1.131926 -0.175294
v -1.921778 1.185974 -0.130189
v -1.934878 1.200050 -0.116266
v -1.982078 1.183314 -0.122675
v -1.949277 1.214650 -0.098146
v -1.900877 1.225378 -0.093005
v -1.888478 1.208701 -0.106913
v -1.856778 1.223117 -0.085792
v -1.868078 1.240204 -0.069985
v -1.914777 1.240585 -0.073387
v -1.880377 1.254820 -0.048865
v -1.811178 1.249940 -0.045138
v -1.838878 1.246788 -0.054621
v -1.848877 1.260513 -0.031896
v -1.818978 1.262973 -0.020809
v -1.761478 1.263454 -0.006012
v -1.789578 1.264117 -0.012915
v -1.756777 1.249917 -0.031138
v -1.783678 1.250880 -0.037743
v -1.705878 1.246702 -0.015520
v -1.731078 1.247855 -0.024026
v -1.734878 1.261895 0.001297
v -1.709177 1.261840 0.009597
v -1.653677 1.251927 0.007352
v -1.680578 1.248262 -0.004528
v -1.683978 1.265195 0.019679
v -1.656978 1.269854 0.030454
v -1.593277 1.257046 0.029024
v -1.623678 1.256190 0.018729
v -1.626277 1.273111 0.040836
v -1.594478 1.270667 0.051150
v -2.081178 1.085541 -0.227141
v -2.061778 1.086770 -0.240248
v -2.089378 1.081353 -0.261619
v -2.099078 1.085720 -0.212842
v -2.105177 1.072867 -0.240672
v -2.125778 1.069535 -0.228354
v -2.055078 1.098420 -0.212811
v -2.116678 1.085801 -0.197942
v -2.145078 1.067903 -0.215845
v -2.022778 1.113414 -0.195693
v -2.105678 0.969556 -0.516511
v -2.094278 0.962318 -0.505271
v -2.075778 0.974575 -0.513138
v -2.085477 0.984690 -0.528594
v -2.056777 0.994782 -0.530149
v -2.054478 0.984157 -0.516391
v -2.153778 0.945217 -0.523578
v -2.143478 0.958696 -0.527551
v -2.130377 0.953730 -0.521224
v -2.138478 0.938854 -0.516843
v -2.083477 0.996207 -0.543857
v -2.085477 1.000632 -0.557482
v -2.061278 1.017473 -0.550174
v -2.059678 1.007933 -0.539121
v -2.114478 0.978154 -0.553458
v -2.103978 0.980721 -0.541172
v -2.117378 0.969783 -0.529812
v -2.129077 0.967923 -0.540802
v -2.101878 0.988220 -0.559713
v -2.096878 0.987877 -0.549212
v -2.166678 0.949212 -0.524500
v -2.177978 0.951997 -0.527215
v -2.165078 0.962843 -0.537074
v -2.154578 0.961372 -0.531766
v -2.088578 1.005270 -0.568907
v -2.063077 1.023102 -0.563105
v -2.067277 1.030734 -0.575547
v -2.094278 1.012217 -0.578645
v -2.133078 0.983371 -0.568687
v -2.123678 0.979308 -0.561965
v -2.139678 0.969386 -0.547510
v -2.149878 0.971452 -0.553722
v -2.107878 0.991472 -0.568431
v -2.115478 0.997230 -0.576163
v -2.073978 1.043568 -0.587617
v -2.103278 1.023267 -0.587806
v -2.088078 1.065530 -0.594737
v -2.120178 1.042049 -0.591109
v -2.192578 0.972274 -0.549726
v -2.176278 0.966105 -0.543992
v -2.187977 0.954460 -0.534128
v -2.200578 0.959033 -0.538954
v -2.161678 0.977015 -0.560552
v -2.179978 0.987293 -0.564609
v -2.162978 1.004423 -0.577402
v -2.144578 0.991038 -0.574729
v -2.125878 1.006492 -0.583114
v -2.143678 1.022479 -0.585601
v -2.235178 0.976134 -0.520447
v -2.220778 0.968356 -0.534804
v -2.220178 0.986898 -0.545506
v -2.242978 1.003669 -0.514197
v -2.239977 0.976599 -0.508649
v -2.246578 0.989595 -0.491120
v -2.149377 1.072398 -0.582175
v -2.114377 1.100179 -0.585827
v -2.137378 1.134649 -0.554815
v -2.176777 1.105861 -0.552557
v -2.209777 1.055186 -0.529480
v -2.192578 1.028776 -0.567836
v -2.209877 1.008428 -0.558324
v -2.232778 1.034716 -0.524067
v -2.173378 1.049434 -0.575549
v -2.196778 1.078622 -0.541208
v -2.248477 1.008548 -0.445023
v -2.235278 1.026118 -0.395718
v -2.240278 1.050783 -0.402154
v -2.251977 1.033775 -0.458461
v -2.181178 1.150427 -0.430899
v -2.143978 1.180013 -0.433561
v -2.149578 1.164642 -0.501278
v -2.189678 1.134562 -0.497614
v -2.230578 1.077143 -0.409598
v -2.240677 1.059813 -0.469904
v -2.213478 1.077276 -0.476600
v -2.207778 1.095498 -0.417799
v -2.205577 1.103517 -0.487443
v -2.196477 1.119858 -0.425232
v -2.183578 1.037487 -0.310079
v -2.206678 1.011498 -0.344538
v -2.214478 0.995836 -0.337452
v -2.182578 1.029816 -0.286537
v -2.196278 1.048587 -0.328340
v -2.208778 1.025359 -0.351714
v -2.117077 1.138058 -0.315530
v -2.086478 1.155961 -0.315128
v -2.119877 1.178881 -0.366254
v -2.153577 1.153585 -0.365516
v -2.219278 1.035989 -0.364572
v -2.218078 1.055325 -0.357978
v -2.154078 1.065591 -0.291133
v -2.127378 1.090217 -0.286468
v -2.137978 1.056493 -0.272383
v -2.158477 1.102969 -0.313538
v -2.179577 1.077458 -0.315498
v -2.131378 1.058091 -0.254591
v -2.155077 1.050711 -0.250951
v -2.094378 1.112417 -0.286589
v -2.066078 1.125014 -0.287058
v -2.052978 1.099910 -0.269520
v -2.116178 1.107787 -0.292064
v -2.139778 1.121852 -0.316641
v -2.040577 1.093806 -0.251887
v -2.173078 1.127994 -0.363776
v -2.189377 1.106215 -0.359856
v -2.208678 1.082736 -0.355928
v -2.176678 1.045360 -0.241822
v -2.193278 1.042121 -0.230704
v -2.204678 1.013167 -0.277146
v -2.225678 1.000440 -0.263676
v -2.202878 1.040884 -0.219297
v -2.229778 1.007457 -0.242414
v -2.383678 0.821761 -0.442101
v -2.370677 0.820314 -0.468993
v -2.395478 0.809052 -0.480332
v -2.408577 0.805992 -0.454715
v -2.349678 0.835480 -0.456976
v -2.362678 0.839038 -0.427995
v -2.345478 0.856332 -0.410890
v -2.331578 0.851648 -0.444664
v -2.313677 0.870600 -0.435168
v -2.329778 0.879456 -0.388316
v -2.295178 0.895419 -0.431804
v -2.279178 0.920512 -0.433041
v -2.303778 0.909180 -0.383978
v -2.279078 0.943847 -0.371968
v -2.266378 0.941190 -0.437154
v -2.258678 0.962084 -0.383368
v -2.229978 0.979993 -0.326965
v -2.245878 0.966754 -0.315792
v -2.335978 0.912056 -0.333593
v -2.314278 0.939031 -0.320041
v -2.307978 0.922688 -0.346052
v -2.332078 0.900036 -0.355628
v -2.279578 0.944483 -0.328771
v -2.284478 0.960750 -0.298359
v -2.257878 0.960606 -0.306359
v -2.256278 0.977060 -0.278148
v -2.261077 0.989655 -0.260917
v -2.293377 0.977045 -0.280948
v -2.320777 0.948526 -0.302592
v -2.341578 0.917241 -0.318121
v -2.354078 0.120529 -0.720167
v -2.378878 0.099773 -0.712054
v -2.382778 0.131887 -0.691329
v -2.361678 0.153030 -0.701745
v -2.288178 0.172065 -0.731949
v -2.323678 0.145382 -0.728803
v -2.331977 0.184852 -0.716219
v -2.296578 0.216684 -0.728594
v -2.260478 0.237890 -0.727610
v -2.230478 0.255190 -0.709404
v -2.223777 0.226632 -0.701548
v -2.253078 0.198719 -0.722095
v -2.205678 0.277014 -0.686723
v -2.172278 0.305956 -0.679181
v -2.157777 0.278941 -0.681834
v -2.194878 0.252127 -0.684387
v -2.128878 0.343952 -0.679989
v -2.083377 0.385846 -0.681319
v -2.068378 0.357175 -0.694162
v -2.113778 0.315710 -0.687735
v -2.044578 0.427637 -0.683047
v -2.008078 0.462656 -0.679639
v -1.993778 0.433272 -0.676578
v -2.028078 0.398098 -0.690086
v -1.974378 0.483440 -0.664352
v -1.940777 0.496499 -0.653624
v -1.932477 0.474593 -0.654704
v -1.963377 0.458054 -0.661714
v -1.907077 0.505917 -0.650175
v -1.901378 0.485194 -0.654362
v -1.872878 0.512516 -0.650512
v -1.869177 0.491983 -0.656499
v -1.797878 0.521586 -0.656061
v -1.837577 0.517799 -0.653640
v -1.834578 0.496368 -0.659123
v -1.795477 0.498960 -0.660737
v -1.750477 0.523893 -0.654774
v -1.697077 0.523437 -0.646771
v -1.749478 0.500666 -0.659647
v -1.696178 0.500292 -0.654745
v -1.577378 0.512857 -0.606413
v -1.639678 0.518626 -0.630545
v -1.636378 0.497760 -0.642431
v -1.571878 0.498396 -0.617534
v -2.098177 0.290363 -0.677896
v -2.142978 0.256307 -0.669810
v -2.054978 0.331943 -0.681524
v -2.048178 0.314600 -0.652928
v -2.088778 0.275333 -0.646813
v -2.132178 0.242473 -0.639433
v -2.017978 0.372485 -0.674145
v -1.985278 0.407550 -0.662237
v -1.978478 0.382670 -0.640301
v -2.011777 0.351022 -0.649028
v -1.954778 0.433811 -0.651281
v -1.924578 0.451744 -0.645279
v -1.916578 0.426949 -0.625943
v -1.947177 0.408418 -0.631541
v -1.894878 0.463551 -0.643943
v -1.864078 0.470446 -0.644881
v -1.887477 0.439460 -0.623911
v -1.858178 0.446563 -0.623550
v -1.792878 0.474138 -0.646401
v -1.830577 0.472936 -0.646695
v -1.826578 0.448263 -0.623459
v -1.791578 0.450282 -0.620070
v -1.698178 0.473481 -0.638598
v -1.749177 0.474547 -0.644704
v -1.704378 0.459379 -0.602420
v -1.751478 0.454118 -0.613491
v -1.573078 0.472951 -0.607494
v -1.639378 0.470849 -0.626083
v -1.647578 0.461660 -0.587532
v -1.581778 0.463342 -0.572541
v -1.528178 0.820443 -0.481994
v -1.540878 0.822347 -0.462904
v -1.494778 0.843177 -0.439218
v -1.482178 0.839793 -0.454700
v -1.410878 0.809385 -0.455933
v -1.407378 0.786712 -0.451009
v -1.384778 0.801808 -0.433491
v -1.387978 0.823192 -0.436409
v -1.391178 0.782823 -0.430687
v -1.408778 0.766971 -0.440101
v -1.416277 0.849190 -0.436951
v -1.400177 0.840691 -0.436704
v -1.421378 0.828694 -0.454439
v -1.434577 0.843232 -0.447518
v -1.561677 0.831081 -0.438552
v -1.549478 0.822136 -0.446703
v -1.514577 0.849644 -0.408653
v -1.504878 0.845852 -0.425632
v -1.427878 0.859454 -0.406907
v -1.418078 0.857164 -0.423394
v -1.446578 0.853895 -0.435977
v -1.458278 0.859173 -0.421705
v -1.385878 0.828418 -0.395137
v -1.374877 0.832011 -0.414757
v -1.393378 0.849896 -0.417454
v -1.401878 0.848502 -0.398246
v -1.373178 0.806420 -0.412916
v -1.386678 0.802408 -0.396994
v -1.389078 0.782507 -0.415286
v -1.397478 0.782175 -0.402884
v -1.526678 0.653645 -0.462981
v -1.558877 0.620050 -0.480097
v -1.554278 0.612214 -0.450254
v -1.530178 0.645914 -0.432038
v -1.555778 0.580302 -0.470480
v -1.578178 0.589471 -0.494530
v -1.563077 0.562949 -0.516785
v -1.526878 0.557283 -0.492154
v -1.490478 0.548063 -0.514104
v -1.539177 0.545128 -0.538788
v -1.524477 0.533632 -0.556326
v -1.515277 0.522761 -0.569166
v -1.467577 0.543555 -0.533780
v -1.452878 0.534868 -0.549732
v -1.442078 0.520403 -0.561553
v -1.507678 0.511710 -0.578606
v -1.501778 0.501269 -0.585949
v -1.434978 0.504455 -0.570266
v -1.434078 0.482058 -0.569744
v -1.499978 0.479768 -0.586131
v -1.442678 0.467860 -0.550966
v -1.507378 0.466306 -0.560857
v -1.387878 0.507827 -0.557184
v -1.391878 0.482852 -0.552548
v -1.369078 0.506124 -0.539475
v -1.375278 0.488185 -0.528176
v -1.394178 0.470845 -0.517181
v -1.405978 0.468534 -0.537469
v -1.395578 0.529991 -0.545506
v -1.372677 0.520521 -0.521753
v -1.409277 0.546184 -0.528494
v -1.387778 0.533229 -0.501923
v -1.391278 0.507699 -0.489083
v -1.378178 0.498602 -0.506733
v -1.395278 0.479750 -0.497930
v -1.400678 0.490117 -0.485786
v -1.428578 0.553086 -0.509931
v -1.458477 0.552492 -0.490528
v -1.445278 0.538397 -0.471350
v -1.409177 0.539625 -0.484457
v -1.419378 0.458393 -0.508313
v -1.421278 0.459801 -0.525321
v -1.454278 0.455383 -0.528397
v -1.459278 0.446828 -0.502050
v -1.445378 0.513260 -0.459713
v -1.411578 0.511481 -0.474203
v -1.418878 0.486172 -0.475765
v -1.452777 0.483750 -0.461551
v -1.419578 0.467501 -0.488663
v -1.457878 0.458768 -0.476315
v -1.759378 1.075323 -0.303586
v -1.726378 1.101607 -0.288430
v -1.714777 1.069065 -0.277652
v -1.746578 1.042498 -0.289807
v -1.668978 1.171185 -0.347312
v -1.627278 1.188745 -0.336508
v -1.643777 1.166840 -0.300687
v -1.682678 1.150295 -0.308897
v -1.579877 1.198740 -0.282562
v -1.612877 1.181887 -0.292169
v -1.593378 1.206606 -0.325305
v -1.558378 1.227074 -0.312917
v -1.728077 1.018636 -0.282876
v -1.696678 1.018212 -0.305374
v -1.697978 1.048287 -0.273638
v -1.669478 1.046964 -0.296031
v -1.685478 1.121530 -0.284139
v -1.648378 1.139960 -0.278740
v -1.643578 1.115611 -0.269406
v -1.678478 1.093883 -0.274488
v -1.617978 1.154798 -0.271821
v -1.585878 1.171257 -0.261111
v -1.579778 1.147806 -0.252082
v -1.613278 1.131954 -0.261496
v -1.665078 1.076884 -0.274195
v -1.639678 1.074672 -0.294683
v -1.631678 1.101481 -0.274829
v -1.607277 1.097690 -0.291409
v -1.620778 1.064767 -0.332029
v -1.649377 1.041195 -0.345100
v -1.590978 1.041327 -0.375901
v -1.560678 1.061944 -0.354414
v -1.565877 1.133384 -0.256103
v -1.599778 1.119309 -0.269727
v -1.575278 1.116723 -0.285413
v -1.542178 1.129112 -0.269280
v -1.558578 1.024859 -0.388211
v -1.544878 1.002374 -0.385488
v -1.527378 1.043903 -0.361915
v -1.511678 1.022009 -0.360795
v -1.560578 1.099186 -0.310417
v -1.590578 1.083724 -0.321733
v -1.533577 1.077143 -0.336397
v -1.509577 1.090331 -0.320369
v -1.505178 1.126459 -0.278866
v -1.532478 1.113955 -0.297898
v -1.487478 1.103924 -0.303543
v -1.467378 1.116842 -0.282013
v -1.547878 0.981592 -0.363874
v -1.557477 0.968239 -0.336901
v -1.511777 0.999308 -0.342571
v -1.518178 0.984837 -0.318991
v -1.477977 1.072707 -0.324672
v -1.500878 1.058913 -0.341797
v -1.483378 1.038210 -0.342384
v -1.458078 1.053795 -0.326869
v -1.458078 1.087810 -0.306055
v -1.437878 1.071406 -0.306665
v -1.441678 1.101842 -0.281931
v -1.424278 1.087555 -0.279453
v -1.554577 0.951439 -0.318609
v -1.535178 0.931138 -0.318798
v -1.508778 0.968191 -0.309100
v -1.488678 0.948597 -0.307893
v -1.478777 1.016080 -0.329563
v -1.449378 1.034146 -0.317561
v -1.448378 1.021034 -0.301489
v -1.480678 1.001783 -0.310784
v -1.414378 1.074606 -0.270082
v -1.427477 1.054952 -0.298275
v -1.402578 1.062756 -0.260917
v -1.422577 1.042120 -0.285704
v -1.433077 1.005857 -0.297106
v -1.467778 0.986107 -0.306198
v -1.446678 0.966023 -0.303188
v -1.409877 0.984469 -0.294989
v -1.404878 1.027243 -0.281423
v -1.378678 1.005048 -0.280502
v -1.378277 1.050956 -0.260952
v -1.347778 1.030058 -0.260638
v -2.377278 0.730876 -0.640106
v -2.405378 0.714994 -0.636719
v -2.380377 0.712129 -0.648704
v -2.418278 0.685185 -0.638356
v -2.398777 0.731722 -0.631711
v -2.373878 0.743829 -0.630477
v -2.396478 0.742352 -0.626169
v -2.374877 0.748584 -0.620503
v -2.395977 0.749093 -0.618806
v -2.377478 0.751532 -0.611619
v -2.413078 0.729682 -0.639000
v -2.408878 0.742512 -0.633670
v -2.420278 0.743990 -0.637578
v -2.425278 0.731057 -0.643607
v -2.417578 0.753227 -0.630828
v -2.406578 0.751549 -0.626819
v -2.377778 0.758183 -0.602355
v -2.394278 0.755149 -0.608639
v -2.391378 0.761322 -0.595172
v -2.375878 0.764533 -0.593190
v -2.371578 0.769666 -0.587218
v -2.376378 0.770281 -0.584521
v -2.404478 0.758601 -0.617358
v -2.415878 0.760471 -0.622768
v -2.415878 0.767222 -0.613505
v -2.403677 0.765360 -0.606595
v -2.398777 0.780523 -0.576777
v -2.383478 0.787241 -0.573614
v -2.379578 0.776902 -0.580657
v -2.394778 0.769970 -0.586419
v -2.405777 0.772620 -0.595734
v -2.418178 0.773684 -0.602340
v -2.423977 0.780455 -0.589177
v -2.411078 0.781188 -0.583181
v -2.406278 0.790506 -0.561631
v -2.389278 0.796818 -0.559466
v -2.395278 0.804307 -0.543307
v -2.414478 0.798396 -0.545375
v -2.455577 0.730272 -0.640803
v -2.440978 0.731056 -0.643707
v -2.449778 0.713533 -0.647912
v -2.464178 0.713555 -0.643812
v -2.433777 0.712831 -0.648208
v -2.446878 0.688818 -0.650676
v -2.461678 0.691326 -0.649090
v -2.474978 0.693552 -0.644402
v -2.446078 0.750233 -0.629712
v -2.432078 0.752225 -0.631123
v -2.435277 0.743389 -0.637775
v -2.449578 0.742001 -0.635567
v -2.444977 0.761103 -0.616971
v -2.430878 0.765006 -0.616493
v -2.430578 0.758862 -0.624359
v -2.444478 0.756165 -0.623845
v -2.439178 0.776028 -0.594253
v -2.433378 0.771060 -0.606526
v -2.447378 0.765553 -0.607996
v -2.452578 0.769111 -0.597315
v -2.482478 0.694999 -0.635810
v -2.472178 0.712802 -0.635207
v -2.475578 0.710858 -0.625097
v -2.485378 0.695257 -0.625311
v -2.467678 0.723967 -0.623468
v -2.463878 0.727916 -0.632790
v -2.458377 0.738538 -0.628848
v -2.462478 0.733282 -0.620719
v -2.459678 0.739502 -0.617153
v -2.455378 0.745962 -0.624389
v -2.454078 0.750987 -0.619816
v -2.458578 0.743523 -0.613275
v -2.458477 0.746151 -0.608189
v -2.454177 0.754520 -0.613935
v -2.455678 0.757762 -0.606153
v -2.459777 0.760413 -0.596867
v -2.459378 0.748690 -0.601103
v -2.462478 0.750936 -0.592716
v -2.468778 0.752387 -0.583423
v -2.468078 0.762267 -0.587077
v -2.477778 0.752739 -0.573925
v -2.479878 0.761712 -0.578874
v -2.475977 0.772222 -0.576932
v -2.461977 0.771773 -0.585929
v -2.493577 0.758251 -0.571755
v -2.509478 0.750773 -0.567514
v -2.490178 0.751085 -0.565516
v -2.505278 0.744812 -0.560381
v -2.512978 0.759161 -0.569760
v -2.493678 0.768050 -0.571809
v -2.548178 0.726749 -0.571983
v -2.531878 0.745356 -0.570685
v -2.526078 0.737677 -0.566942
v -2.540477 0.719772 -0.567845
v -2.520977 0.732420 -0.559014
v -2.534578 0.715419 -0.559121
v -2.544878 0.695628 -0.557412
v -2.551178 0.698579 -0.566428
v -2.558077 0.675789 -0.564504
v -2.551178 0.674235 -0.556095
v -2.567378 0.678862 -0.569521
v -2.559778 0.703753 -0.571057
v -2.561178 0.653498 -0.562782
v -2.554178 0.653336 -0.555881
v -2.551378 0.636006 -0.561286
v -2.570878 0.632567 -0.568467
v -2.571278 0.654669 -0.568188
v -2.554478 0.620134 -0.574399
v -2.564578 0.614230 -0.575167
v -2.559778 0.633882 -0.565674
v -2.546478 0.625253 -0.570927
v -2.540178 0.619692 -0.582097
v -2.547078 0.612868 -0.586460
v -2.555178 0.604356 -0.588713
v -2.539077 0.613194 -0.599962
v -2.544777 0.603769 -0.604410
v -2.533577 0.620327 -0.593901
v -2.531078 0.622222 -0.613111
v -2.526577 0.628367 -0.604945
v -2.534378 0.612980 -0.620761
v -2.517178 0.643119 -0.613826
v -2.520578 0.638464 -0.623800
v -2.506978 0.657425 -0.630904
v -2.506478 0.661083 -0.620324
v -2.503678 0.650672 -0.640567
v -2.520478 0.630011 -0.633354
v -2.493878 0.676206 -0.634507
v -2.487978 0.672058 -0.643284
v -2.495577 0.678464 -0.623919
v -2.484678 0.744732 -0.556781
v -2.473578 0.743978 -0.566777
v -2.467778 0.735121 -0.558728
v -2.477578 0.737887 -0.546743
v -2.493078 0.733930 -0.538921
v -2.499777 0.739467 -0.550452
v -2.514978 0.727676 -0.548687
v -2.508177 0.722742 -0.536760
v -2.520678 0.707541 -0.536777
v -2.527977 0.711576 -0.548599
v -2.529878 0.690148 -0.535482
v -2.537777 0.692985 -0.546998
v -2.535978 0.671751 -0.534981
v -2.543978 0.673190 -0.546089
v -2.546578 0.653982 -0.547384
v -2.537677 0.654435 -0.537686
v -2.534378 0.641195 -0.545014
v -2.543178 0.638945 -0.554102
v -2.538078 0.630392 -0.563855
v -2.528978 0.633943 -0.554475
v -2.522878 0.631086 -0.564859
v -2.532177 0.626035 -0.574332
v -2.526378 0.626874 -0.585336
v -2.517678 0.632729 -0.575368
v -2.512278 0.639378 -0.584605
v -2.520177 0.633921 -0.595175
v -2.503078 0.663250 -0.608236
v -2.493778 0.678932 -0.611522
v -2.497777 0.664921 -0.595245
v -2.489778 0.678406 -0.598019
v -2.481978 0.691194 -0.600188
v -2.484778 0.693722 -0.613303
v -2.505377 0.650944 -0.590968
v -2.511978 0.647079 -0.602847
v -2.485077 0.727095 -0.526884
v -2.500778 0.717212 -0.523830
v -2.477377 0.714645 -0.517816
v -2.492777 0.708571 -0.512982
v -2.513278 0.703012 -0.523852
v -2.504578 0.696377 -0.512016
v -2.512278 0.682375 -0.512339
v -2.521778 0.686815 -0.523263
v -2.514378 0.666759 -0.515054
v -2.526978 0.669414 -0.523468
v -2.527277 0.653687 -0.528182
v -2.514678 0.653627 -0.520982
v -2.510678 0.645184 -0.528836
v -2.523677 0.642443 -0.536321
v -2.518178 0.636592 -0.545589
v -2.506578 0.640637 -0.537411
v -2.501078 0.641491 -0.545716
v -2.512278 0.635538 -0.555483
v -2.507778 0.638583 -0.565600
v -2.497978 0.644640 -0.555133
v -2.494277 0.651105 -0.561469
v -2.503478 0.645237 -0.573937
v -2.490378 0.658980 -0.566112
v -2.497878 0.655309 -0.578992
v -2.491477 0.666694 -0.581954
v -2.484878 0.667575 -0.567059
v -2.465078 0.726526 -0.612782
v -2.469478 0.718317 -0.614237
v -2.469577 0.712773 -0.604107
v -2.466077 0.720571 -0.604450
v -2.463977 0.726170 -0.604580
v -2.462478 0.731941 -0.610012
v -2.483978 0.661060 -0.551423
v -2.485478 0.656795 -0.545099
v -2.477078 0.666615 -0.523153
v -2.479477 0.666577 -0.548453
v -2.501177 0.656143 -0.517995
v -2.497677 0.664973 -0.512644
v -2.495778 0.652310 -0.523975
v -2.461277 0.734963 -0.606028
v -2.463377 0.725999 -0.599279
v -2.462778 0.726838 -0.592284
v -2.460978 0.736693 -0.600538
v -2.491178 0.683690 -0.509546
v -2.485278 0.694483 -0.510805
v -2.474078 0.694057 -0.515703
v -2.499278 0.676291 -0.509306
v -2.495677 0.647972 -0.531051
v -2.490077 0.650749 -0.535166
v -2.489678 0.651302 -0.543769
v -2.479978 0.676162 -0.569506
v -2.484678 0.677881 -0.584216
v -2.474577 0.684758 -0.570253
v -2.478278 0.688670 -0.586275
v -2.476778 0.672549 -0.553586
v -2.472278 0.678268 -0.550117
v -2.462378 0.689738 -0.537280
v -2.463878 0.697807 -0.524824
v -2.463178 0.715178 -0.530019
v -2.459478 0.710367 -0.550293
v -2.476178 0.707017 -0.614275
v -2.475078 0.702782 -0.602352
v -2.468277 0.709038 -0.592186
v -2.465377 0.717722 -0.595134
v -2.465978 0.707010 -0.578975
v -2.463977 0.717177 -0.585130
v -2.472678 0.699255 -0.589133
v -2.469478 0.695539 -0.573712
v -2.461478 0.738730 -0.593649
v -2.462577 0.728381 -0.584392
v -2.463478 0.740675 -0.585559
v -2.462878 0.730425 -0.576403
v -2.467378 0.742323 -0.576668
v -2.464478 0.732966 -0.568817
v -2.462878 0.706288 -0.564771
v -2.462278 0.718134 -0.574636
v -2.461078 0.720681 -0.566149
v -2.461378 0.725103 -0.562074
v -2.461778 0.725159 -0.551874
v -2.468678 0.729341 -0.536896
v -2.465978 0.690839 -0.555386
v -2.433978 0.685440 -0.646558
v -2.421078 0.711457 -0.643600
v -2.477277 0.665625 -0.649249
v -2.464978 0.658206 -0.652709
v -2.495978 0.639529 -0.648507
v -2.486078 0.626096 -0.654433
v -2.508977 0.598132 -0.647780
v -2.516278 0.615564 -0.641975
v -2.534977 0.597341 -0.627875
v -2.532077 0.577916 -0.632369
v -2.554778 0.568338 -0.610016
v -2.551077 0.588448 -0.608226
v -2.565877 0.590852 -0.589239
v -2.578278 0.568874 -0.585219
v -2.592577 0.596871 -0.567672
v -2.578678 0.606140 -0.573323
v -2.587878 0.631162 -0.569260
v -2.611477 0.628785 -0.565046
v -2.623477 0.610125 -0.557744
v -2.603278 0.587616 -0.559421
v -2.593977 0.560758 -0.569774
v -2.587378 0.657369 -0.568103
v -2.605177 0.661597 -0.563026
v -2.580478 0.684478 -0.566451
v -2.593578 0.690721 -0.558785
v -2.580678 0.719634 -0.556444
v -2.570578 0.711783 -0.565601
v -2.556978 0.736584 -0.565636
v -2.565177 0.746038 -0.555688
v -2.544178 0.766245 -0.554599
v -2.538278 0.755888 -0.564942
v -2.515178 0.769593 -0.564117
v -2.517078 0.778853 -0.553068
v -2.449277 0.780106 -0.580075
v -2.465578 0.782166 -0.568986
v -2.451178 0.792937 -0.556045
v -2.434278 0.787243 -0.573214
v -2.420477 0.790077 -0.567029
v -2.430578 0.796170 -0.550062
v -2.485678 0.787352 -0.553214
v -2.489277 0.778490 -0.564566
v -2.400378 0.808884 -0.529232
v -2.408078 0.807675 -0.512625
v -2.421078 0.802971 -0.531599
v -2.430878 0.801750 -0.517192
v -2.457978 0.795228 -0.539357
v -2.438077 0.798747 -0.535976
v -2.449478 0.797517 -0.523269
v -2.463778 0.794785 -0.529055
v -2.449578 0.796245 -0.499762
v -2.422778 0.800498 -0.490085
v -2.438378 0.795420 -0.467857
v -2.468578 0.791241 -0.482234
v -2.485077 0.790413 -0.523930
v -2.471478 0.792783 -0.511043
v -2.493477 0.786653 -0.498309
v -2.517978 0.780649 -0.517277
v -2.518878 0.781538 -0.537482
v -2.486878 0.789432 -0.538725
v -2.547478 0.770625 -0.539822
v -2.569277 0.749811 -0.542308
v -2.572678 0.752983 -0.529326
v -2.549378 0.770707 -0.524823
v -2.586478 0.723403 -0.543864
v -2.603578 0.695583 -0.547412
v -2.613078 0.703231 -0.538553
v -2.592878 0.728860 -0.533394
v -2.633177 0.641140 -0.555214
v -2.621778 0.667346 -0.554057
v -2.631177 0.676027 -0.539405
v -2.637778 0.623845 -0.554219
v -2.632178 0.691602 -0.525690
v -2.617978 0.713483 -0.529209
v -2.627178 0.714271 -0.513014
v -2.618278 0.724533 -0.520070
v -2.607178 0.745658 -0.515585
v -2.599978 0.739099 -0.526350
v -2.579378 0.762830 -0.520679
v -2.586977 0.778309 -0.506264
v -2.616278 0.743941 -0.500376
v -2.602377 0.775724 -0.485349
v -2.559278 0.789239 -0.500824
v -2.555377 0.775078 -0.512046
v -2.536277 0.785427 -0.484703
v -2.529778 0.776348 -0.499153
v -2.589578 0.805630 -0.466013
v -2.580778 0.830841 -0.445751
v -2.569377 0.833668 -0.459166
v -2.575978 0.809339 -0.482733
v -2.579578 0.849535 -0.428653
v -2.570378 0.853499 -0.435274
v -2.551777 0.849400 -0.435052
v -2.548578 0.828367 -0.459337
v -2.542677 0.833637 -0.428266
v -2.535278 0.810347 -0.444738
v -2.553378 0.808036 -0.483226
v -2.535878 0.797925 -0.466971
v -2.539077 0.822554 -0.425105
v -2.533178 0.808725 -0.430329
v -2.521278 0.800039 -0.427882
v -2.505377 0.809286 -0.419232
v -2.500378 0.807540 -0.427723
v -2.519278 0.798485 -0.437673
v -2.371578 0.912072 -0.348894
v -2.384677 0.917722 -0.339824
v -2.367378 0.903582 -0.328947
v -2.358278 0.901212 -0.341534
v -2.416778 0.924898 -0.344264
v -2.405677 0.928295 -0.344882
v -2.402177 0.923133 -0.356254
v -2.408178 0.919432 -0.356334
v -2.424778 0.916169 -0.349616
v -2.414678 0.912011 -0.360093
v -2.370078 0.913989 -0.364104
v -2.388078 0.925240 -0.354866
v -2.391178 0.918676 -0.366530
v -2.374877 0.906482 -0.383764
v -2.353677 0.899199 -0.362323
v -2.355278 0.889582 -0.383671
v -2.396577 0.912060 -0.369394
v -2.387978 0.901884 -0.383338
v -2.395578 0.898793 -0.381621
v -2.403178 0.905247 -0.371857
v -2.387978 0.864905 -0.416036
v -2.377978 0.885182 -0.401947
v -2.363078 0.873075 -0.403181
v -2.376478 0.852887 -0.419171
v -2.444277 0.886664 -0.368555
v -2.433978 0.903322 -0.358146
v -2.422178 0.900272 -0.367329
v -2.431478 0.884719 -0.376844
v -2.405077 0.873493 -0.399883
v -2.397578 0.888849 -0.389767
v -2.388478 0.887312 -0.396359
v -2.396478 0.869746 -0.408363
v -2.409378 0.894209 -0.378796
v -2.417478 0.879258 -0.388015
v -2.458477 0.845895 -0.399332
v -2.469677 0.847333 -0.392540
v -2.455678 0.867603 -0.379851
v -2.443078 0.866362 -0.387244
v -2.423678 0.821905 -0.434001
v -2.403378 0.843345 -0.426919
v -2.394778 0.832320 -0.431358
v -2.417878 0.811771 -0.440246
v -2.487678 0.826455 -0.406726
v -2.478878 0.824417 -0.413615
v -2.505477 0.783431 -0.484092
v -2.478677 0.789625 -0.466925
v -2.512178 0.785916 -0.468505
v -2.482078 0.795315 -0.450456
v -2.435778 0.834586 -0.419271
v -2.417978 0.854941 -0.409282
v -2.410178 0.849590 -0.418553
v -2.427278 0.830145 -0.426846
v -2.447478 0.796308 -0.451662
v -2.450178 0.804662 -0.441807
v -2.458377 0.814219 -0.431559
v -2.446178 0.814503 -0.434361
v -2.516478 0.793304 -0.452445
v -2.493778 0.802177 -0.439094
v -2.469278 0.818964 -0.423285
v -2.446678 0.840643 -0.408904
v -2.429677 0.861204 -0.397816
v -2.373178 0.667419 -0.650259
v -2.379677 0.689098 -0.654278
v -2.413178 0.659595 -0.636516
v -2.407177 0.638910 -0.633703
v -2.355978 0.638689 -0.619301
v -2.362678 0.654585 -0.638289
v -2.395578 0.625762 -0.624231
v -2.382278 0.621619 -0.613708
v -2.445578 0.641504 -0.634817
v -2.474378 0.612624 -0.649359
v -2.452978 0.650131 -0.648165
v -2.464978 0.601588 -0.637599
v -2.484878 0.567709 -0.633613
v -2.497378 0.581055 -0.643686
v -2.523077 0.557225 -0.630756
v -2.508778 0.540270 -0.622463
v -2.539478 0.521990 -0.600463
v -2.552278 0.543747 -0.608282
v -2.575878 0.539373 -0.585357
v -2.588678 0.540539 -0.573264
v -2.428378 0.610261 -0.624246
v -2.437778 0.626029 -0.630232
v -2.443577 0.583916 -0.614202
v -2.455478 0.591446 -0.627043
v -2.393978 0.602913 -0.596505
v -2.414478 0.601233 -0.611096
v -2.427278 0.581417 -0.595588
v -2.405578 0.584733 -0.574406
v -2.472578 0.560688 -0.619275
v -2.473777 0.537570 -0.585848
v -2.491678 0.533355 -0.606925
v -2.458178 0.559286 -0.601367
v -2.516578 0.510057 -0.588297
v -2.491278 0.517665 -0.568438
v -2.362778 0.614855 -0.588871
v -2.326778 0.628083 -0.583843
v -2.341777 0.600630 -0.538592
v -2.375978 0.592040 -0.555045
v -2.293878 0.637728 -0.575596
v -2.263877 0.646883 -0.565546
v -2.275177 0.623276 -0.511916
v -2.307678 0.610606 -0.524646
v -2.209278 0.663978 -0.548239
v -2.235278 0.655430 -0.556892
v -2.244778 0.637641 -0.500094
v -2.217978 0.652802 -0.488977
v -2.115878 0.714623 -0.503515
v -2.126578 0.707002 -0.507474
v -2.133977 0.710171 -0.439990
v -2.122677 0.719285 -0.437440
v -2.145177 0.700539 -0.445837
v -2.137678 0.699371 -0.513032
v -2.087978 0.733444 -0.499818
v -2.103478 0.723437 -0.501064
v -2.108178 0.728591 -0.436391
v -2.090778 0.735292 -0.436227
v -2.093078 0.722021 -0.376054
v -2.110678 0.721415 -0.377251
v -2.126177 0.716100 -0.379822
v -2.067578 0.742345 -0.499567
v -2.042378 0.747033 -0.501893
v -2.048678 0.736276 -0.439233
v -2.071078 0.737090 -0.436537
v -2.055478 0.716124 -0.375522
v -2.075378 0.719425 -0.375340
v -2.013478 0.753000 -0.507926
v -1.982878 0.761175 -0.512570
v -1.993878 0.737908 -0.451642
v -2.022178 0.736541 -0.445634
v -2.031278 0.713313 -0.377506
v -2.005477 0.710303 -0.379290
v -1.950978 0.765075 -0.512392
v -1.926378 0.756569 -0.513645
v -1.943178 0.729092 -0.454394
v -1.966278 0.736797 -0.453536
v -2.168377 0.682580 -0.529540
v -2.187277 0.673229 -0.538989
v -2.194778 0.666158 -0.478750
v -2.175078 0.678216 -0.468316
v -2.151678 0.691028 -0.520787
v -2.158678 0.689681 -0.456278
v -2.137778 0.707979 -0.383677
v -2.149178 0.697641 -0.390621
v -2.282077 0.600694 -0.471991
v -2.250778 0.619082 -0.455992
v -2.223877 0.639066 -0.440701
v -2.180078 0.669904 -0.415569
v -2.200278 0.655336 -0.427890
v -2.162978 0.684378 -0.402148
v -2.352977 0.580316 -0.504580
v -2.386678 0.575889 -0.527656
v -2.397377 0.564487 -0.509794
v -2.424878 0.557839 -0.536758
v -2.415577 0.570246 -0.553926
v -2.439377 0.563708 -0.578991
v -2.451377 0.547801 -0.562103
v -2.463878 0.532889 -0.545921
v -2.435177 0.547010 -0.523798
v -2.411078 0.556014 -0.504847
v -2.317078 0.587810 -0.487321
v -2.346478 0.336716 -0.595148
v -2.327878 0.351194 -0.599328
v -2.338478 0.349412 -0.614218
v -2.361778 0.333146 -0.607929
v -2.309778 0.373187 -0.618948
v -2.303177 0.371781 -0.601640
v -2.274578 0.399456 -0.624592
v -2.271577 0.395659 -0.605771
v -2.237578 0.418141 -0.609194
v -2.237578 0.423635 -0.628525
v -2.204478 0.442636 -0.628429
v -2.206078 0.435544 -0.608690
v -2.176978 0.449867 -0.604568
v -2.173977 0.458155 -0.624914
v -2.145478 0.473090 -0.618495
v -2.149578 0.462606 -0.597337
v -2.115178 0.490875 -0.603192
v -2.119277 0.476704 -0.579514
v -2.358178 0.328358 -0.587503
v -2.376778 0.324396 -0.598781
v -2.318478 0.320105 -0.578857
v -2.339378 0.324893 -0.581184
v -2.331478 0.335964 -0.586344
v -2.318478 0.331985 -0.582523
v -2.303778 0.339284 -0.582862
v -2.315877 0.348853 -0.588515
v -2.293478 0.365146 -0.589804
v -2.281477 0.351983 -0.583032
v -2.226478 0.390467 -0.586043
v -2.233078 0.406011 -0.596328
v -2.264478 0.385627 -0.593316
v -2.255078 0.370877 -0.584235
v -2.173378 0.421501 -0.580012
v -2.176278 0.436941 -0.590897
v -2.203578 0.422515 -0.595718
v -2.199578 0.407477 -0.584336
v -2.121878 0.461486 -0.564431
v -2.149678 0.448582 -0.583461
v -2.149178 0.434049 -0.571081
v -2.125178 0.447055 -0.551952
v -2.293878 0.322118 -0.576468
v -2.269477 0.333841 -0.572332
v -2.216578 0.362746 -0.553290
v -2.219378 0.373842 -0.572351
v -2.244478 0.352844 -0.571936
v -2.238178 0.343949 -0.552587
v -2.217678 0.355943 -0.535453
v -2.233578 0.344024 -0.538888
v -2.173678 0.394186 -0.545962
v -2.171478 0.406981 -0.565233
v -2.195478 0.392356 -0.569853
v -2.194778 0.379256 -0.551481
v -2.181378 0.382412 -0.522898
v -2.199778 0.368771 -0.530523
v -2.154778 0.408445 -0.535240
v -2.150077 0.420636 -0.555207
v -2.129978 0.434137 -0.536881
v -2.137278 0.423037 -0.518620
v -2.146778 0.412959 -0.496264
v -2.164177 0.397175 -0.511578
v -2.124478 0.426262 -0.477437
v -2.100678 0.437753 -0.460699
v -2.101478 0.442862 -0.477528
v -2.117177 0.435963 -0.495490
v -2.108178 0.447494 -0.508153
v -2.098478 0.461240 -0.518129
v -2.088678 0.453663 -0.477387
v -2.073778 0.468448 -0.480168
v -2.079578 0.449905 -0.451366
v -2.059678 0.463233 -0.446339
v -2.057878 0.485524 -0.484461
v -2.088678 0.477086 -0.528016
v -2.080978 0.494197 -0.544210
v -2.035278 0.514160 -0.496218
v -2.077578 0.512138 -0.573408
v -2.036277 0.539486 -0.546358
v -2.039177 0.478853 -0.442624
v -2.015277 0.501179 -0.438046
v -1.998078 0.580236 -0.537380
v -1.997278 0.561307 -0.487876
v -1.971178 0.608934 -0.483137
v -1.967878 0.629053 -0.534548
v -1.964677 0.578190 -0.417867
v -1.987478 0.536524 -0.429840
v -1.943378 0.674692 -0.527397
v -1.948678 0.649583 -0.474259
v -1.932978 0.682634 -0.464940
v -1.922978 0.709133 -0.519986
v -1.916977 0.736455 -0.516135
v -1.929577 0.710175 -0.457590
v -1.947777 0.616066 -0.404174
v -1.934778 0.648437 -0.391251
v -1.980378 0.705905 -0.378866
v -1.955978 0.697410 -0.378019
v -1.935578 0.678394 -0.380815
v -1.545578 0.855746 -0.408386
v -1.577478 0.842874 -0.439716
v -1.552978 0.891022 -0.339678
v -1.577378 0.885661 -0.369249
v -1.558678 0.860170 -0.367510
v -1.535078 0.860548 -0.335011
v -1.461177 0.920711 -0.305340
v -1.510978 0.903858 -0.315048
v -1.487478 0.872943 -0.317579
v -1.434978 0.889382 -0.310669
v -1.381578 0.952986 -0.291717
v -1.418678 0.936541 -0.299927
v -1.391878 0.903816 -0.304448
v -1.353478 0.917962 -0.295925
v -1.311478 0.998046 -0.262563
v -1.347278 0.971851 -0.279820
v -1.315777 0.934419 -0.285615
v -1.275378 0.959901 -0.270754
v -1.470778 0.854960 -0.405782
v -1.484778 0.837050 -0.389284
v -1.464278 0.822896 -0.381006
v -1.443378 0.847634 -0.392242
v -1.420178 0.834965 -0.386572
v -1.443178 0.811104 -0.379342
v -1.429878 0.800994 -0.381186
v -1.407378 0.815972 -0.385268
v -1.539077 0.838753 -0.370493
v -1.522778 0.831236 -0.337051
v -1.518777 0.801021 -0.339786
v -1.520378 0.821343 -0.372197
v -1.475678 0.842201 -0.325211
v -1.422078 0.858826 -0.320702
v -1.416177 0.828048 -0.334834
v -1.471178 0.810648 -0.334838
v -1.375978 0.872159 -0.314675
v -1.333278 0.884601 -0.307043
v -1.366377 0.840487 -0.327802
v -1.318878 0.851522 -0.321362
v -1.246178 0.919617 -0.285934
v -1.290477 0.898348 -0.298418
v -1.225478 0.877425 -0.302703
v -1.271577 0.862760 -0.314423
v -1.220078 0.777310 -0.305156
v -1.261378 0.778459 -0.314362
v -1.261678 0.824826 -0.320616
v -1.216978 0.833284 -0.309962
v -1.308877 0.816074 -0.330068
v -1.305977 0.770691 -0.326820
v -1.358978 0.806040 -0.336313
v -1.412378 0.793311 -0.341544
v -1.355478 0.761036 -0.336867
v -1.411277 0.749214 -0.340802
v -1.420678 0.764677 -0.402488
v -1.415278 0.757376 -0.420848
v -1.447278 0.725724 -0.430375
v -1.463977 0.733385 -0.400817
v -1.442778 0.774072 -0.385239
v -1.412178 0.787643 -0.390413
v -1.484778 0.688138 -0.445970
v -1.500577 0.685208 -0.414853
v -1.470678 0.773014 -0.377433
v -1.492978 0.781751 -0.370781
v -1.526778 0.726747 -0.353079
v -1.499777 0.728294 -0.380988
v -1.505578 0.800963 -0.368686
v -1.519477 0.770795 -0.344420
v -1.473278 0.734922 -0.339424
v -1.470478 0.776420 -0.339951
v -1.544278 0.672674 -0.366284
v -1.523077 0.681351 -0.388831
v -1.543377 0.639258 -0.405601
v -1.562478 0.633097 -0.380267
v -1.500678 0.536861 -0.459542
v -1.507878 0.547294 -0.471799
v -1.550377 0.567910 -0.450812
v -1.556077 0.553252 -0.424831
v -1.557178 0.602640 -0.427001
v -1.571278 0.593483 -0.400951
v -1.498878 0.516046 -0.444028
v -1.506877 0.484339 -0.445254
v -1.557978 0.517273 -0.420834
v -1.568478 0.487230 -0.428570
v -1.583878 0.461017 -0.449227
v -1.517678 0.455940 -0.463299
v -1.523478 0.439272 -0.493908
v -1.607878 0.439828 -0.483711
v -1.517678 0.451278 -0.529474
v -1.592078 0.450757 -0.533172
v -1.657378 0.449587 -0.545965
v -1.673378 0.434219 -0.503581
v -1.712878 0.446102 -0.561447
v -1.723978 0.430031 -0.519658
v -1.757577 0.439337 -0.573310
v -1.764678 0.422967 -0.531420
v -1.797478 0.415018 -0.540176
v -1.793878 0.432290 -0.581871
v -1.824277 0.426156 -0.588138
v -1.824178 0.408282 -0.546739
v -1.848478 0.400354 -0.551896
v -1.851577 0.419933 -0.592304
v -1.873978 0.388731 -0.556133
v -1.878578 0.410317 -0.595251
v -1.906878 0.396599 -0.598476
v -1.901878 0.373506 -0.560549
v -1.932978 0.354977 -0.565848
v -1.937277 0.377770 -0.603773
v -1.969978 0.353833 -0.610343
v -1.967078 0.334447 -0.571336
v -2.004578 0.315427 -0.574932
v -2.006278 0.329110 -0.614607
v -2.045778 0.299545 -0.571445
v -2.045978 0.302618 -0.613062
v -1.563077 0.611266 -0.312747
v -1.579078 0.625866 -0.349227
v -1.556178 0.655886 -0.345792
v -1.535577 0.668765 -0.331462
v -1.420978 0.622059 -0.314006
v -1.489377 0.618900 -0.306489
v -1.480877 0.680399 -0.325225
v -1.413978 0.689376 -0.329375
v -1.317478 0.632187 -0.308961
v -1.365077 0.626556 -0.314631
v -1.357977 0.698801 -0.324826
v -1.311278 0.708378 -0.310878
v -1.272078 0.637005 -0.305588
v -1.267478 0.715135 -0.300315
v -1.224178 0.706818 -0.303470
v -1.229278 0.629795 -0.307548
v -1.597678 0.589255 -0.369527
v -1.616178 0.571957 -0.332532
v -1.644278 0.536923 -0.357041
v -1.607178 0.548855 -0.387706
v -1.614878 0.516498 -0.398029
v -1.624978 0.490731 -0.410089
v -1.657177 0.509125 -0.374789
v -1.667078 0.488840 -0.390178
v -1.681677 0.470555 -0.405778
v -1.640878 0.468131 -0.428265
v -1.665678 0.450820 -0.448571
v -1.703978 0.457868 -0.421709
v -1.730478 0.446398 -0.434346
v -1.701978 0.438029 -0.465201
v -1.741078 0.427756 -0.478645
v -1.759178 0.436243 -0.444391
v -1.787677 0.427906 -0.451145
v -1.775177 0.420003 -0.488303
v -1.804778 0.413163 -0.495465
v -1.813878 0.417677 -0.456490
v -1.858078 0.391615 -0.467747
v -1.853677 0.396598 -0.507375
v -1.829978 0.406129 -0.501727
v -1.836478 0.405546 -0.462023
v -1.904678 0.356038 -0.481553
v -1.904178 0.364630 -0.519700
v -1.878578 0.383066 -0.513001
v -1.880377 0.375181 -0.473757
v -1.965678 0.316120 -0.503134
v -1.965678 0.323444 -0.535175
v -1.933278 0.343787 -0.527386
v -1.933077 0.334881 -0.492037
v -2.024377 0.290014 -0.522392
v -2.036678 0.293712 -0.541012
v -2.000678 0.305707 -0.541978
v -1.998978 0.298656 -0.514639
v -2.002078 0.289571 -0.493689
v -1.965678 0.305759 -0.477677
v -2.037777 0.281782 -0.509847
v -1.853978 0.369934 -0.427528
v -1.864778 0.353459 -0.422938
v -1.877078 0.362646 -0.443688
v -1.857878 0.380362 -0.440785
v -1.900777 0.344719 -0.448590
v -1.931478 0.325449 -0.461185
v -1.817977 0.390921 -0.411742
v -1.838878 0.378176 -0.419873
v -1.838478 0.395191 -0.435566
v -1.817578 0.408227 -0.429037
v -1.845578 0.361647 -0.406982
v -1.822478 0.377016 -0.394466
v -1.769378 0.408097 -0.397936
v -1.794378 0.400760 -0.404596
v -1.793278 0.418456 -0.423593
v -1.766978 0.425185 -0.418430
v -1.798578 0.388374 -0.383828
v -1.773878 0.395924 -0.374569
v -1.719677 0.422486 -0.381615
v -1.744578 0.414937 -0.390574
v -1.741178 0.432526 -0.410970
v -1.716077 0.440881 -0.401016
v -1.723378 0.406621 -0.356928
v -1.748578 0.401170 -0.366198
v -1.692778 0.452453 -0.387879
v -1.675878 0.468041 -0.371764
v -1.671978 0.442922 -0.356826
v -1.694277 0.431648 -0.370365
v -1.673178 0.420440 -0.335303
v -1.697678 0.413379 -0.346364
v -1.631378 0.465865 -0.330851
v -1.653278 0.453391 -0.344283
v -1.662878 0.483527 -0.356048
v -1.643578 0.502624 -0.338453
v -1.626678 0.433346 -0.315973
v -1.651078 0.426392 -0.325835
v -1.556278 0.496638 -0.299319
v -1.599378 0.482859 -0.313744
v -1.609778 0.528044 -0.316591
v -1.559577 0.549542 -0.298709
v -1.594978 0.443210 -0.304227
v -1.556777 0.451979 -0.291775
v -1.496377 0.556054 -0.296544
v -1.432377 0.554410 -0.304636
v -1.446078 0.495169 -0.293611
v -1.502577 0.499775 -0.292436
v -1.509978 0.454834 -0.281690
v -1.459777 0.452774 -0.274379
v -1.378778 0.553698 -0.306732
v -1.330577 0.553293 -0.307730
v -1.349178 0.488003 -0.287372
v -1.396378 0.492393 -0.289196
v -1.412777 0.450620 -0.265967
v -1.366477 0.447662 -0.258151
v -1.283878 0.553081 -0.309828
v -1.238577 0.549767 -0.312410
v -1.256478 0.480312 -0.285630
v -1.301978 0.483409 -0.286347
v -1.318978 0.443298 -0.251727
v -1.272478 0.439221 -0.247404
v -1.498578 1.255313 0.114435
v -1.459278 1.253063 0.123447
v -1.459077 1.245370 0.106489
v -1.498477 1.251925 0.098253
v -1.306677 1.223661 0.141408
v -1.309178 1.228148 0.157284
v -1.258378 1.211374 0.162176
v -1.256378 1.211088 0.146477
v -1.364478 1.240286 0.146017
v -1.362877 1.231793 0.129064
v -1.359578 1.178401 0.057655
v -1.349577 1.173782 0.035880
v -1.405478 1.177503 0.021459
v -1.418478 1.180418 0.042444
v -1.389678 1.174752 -0.006326
v -1.336578 1.168923 0.006906
v -1.428578 1.182673 -0.020770
v -1.445578 1.186605 0.003409
v -1.470178 1.194098 0.020468
v -1.414777 1.248718 0.133571
v -1.414077 1.239023 0.116224
v -1.417078 1.223826 0.098507
v -1.463178 1.229668 0.087975
v -1.363878 1.218900 0.112034
v -1.364977 1.203905 0.094816
v -1.420978 1.206429 0.080802
v -1.467678 1.213156 0.067565
v -1.422378 1.192026 0.062080
v -1.469577 1.201343 0.046829
v -1.363978 1.190306 0.076690
v -1.287478 1.096105 -0.197299
v -1.239478 1.080806 -0.197115
v -1.270678 1.035596 -0.235268
v -1.312977 1.060709 -0.233105
v -1.183278 1.053861 -0.205168
v -1.230177 1.000540 -0.245476
v -1.446778 1.197181 -0.037549
v -1.463078 1.202577 -0.019979
v -1.463878 1.226258 -0.041709
v -1.449277 1.217693 -0.053662
v -1.481778 1.211407 -0.014427
v -1.480678 1.237170 -0.039668
v -1.485878 1.167544 -0.208690
v -1.527578 1.148608 -0.233486
v -1.538078 1.167405 -0.234089
v -1.489878 1.189249 -0.207709
v -1.473177 1.155424 -0.212123
v -1.507978 1.139157 -0.242735
v -1.536078 1.222610 -0.269692
v -1.545477 1.194856 -0.243040
v -1.503377 1.221447 -0.226585
v -1.491978 1.250597 -0.253945
v -1.514078 1.253958 -0.297664
v -1.467978 1.284058 -0.279428
v -1.399678 1.358883 -0.275038
v -1.428378 1.314382 -0.256894
v -1.403878 1.339309 -0.233730
v -1.364178 1.393071 -0.240924
v -1.430778 1.305597 -0.217545
v -1.457078 1.279197 -0.235901
v -1.468378 1.249122 -0.212836
v -1.440278 1.278011 -0.196794
v -1.438878 1.259140 -0.173190
v -1.463078 1.226756 -0.188413
v -1.436378 1.253086 -0.146357
v -1.452978 1.220535 -0.155679
v -1.444078 1.224524 -0.121000
v -1.434078 1.254531 -0.119864
v -1.449878 1.198738 -0.118559
v -1.463078 1.193103 -0.161429
v -1.441577 1.232192 -0.090342
v -1.443577 1.207541 -0.081407
v -1.436278 1.260061 -0.096194
v -1.446678 1.242717 -0.067599
v -1.444078 1.268753 -0.079342
v -1.460178 1.253370 -0.057957
v -1.477778 1.265365 -0.058823
v -1.457578 1.278681 -0.074296
v -1.473378 1.290452 -0.079560
v -1.491878 1.306688 -0.091449
v -1.482378 1.339155 -0.097527
v -1.464578 1.318493 -0.090514
v -1.451377 1.347050 -0.080170
v -1.472278 1.372540 -0.082110
v -1.453678 1.303207 -0.087830
v -1.443278 1.292904 -0.088374
v -1.437878 1.310698 -0.089571
v -1.441878 1.325821 -0.085354
v -1.360378 1.105251 -0.207149
v -1.327878 1.102881 -0.201736
v -1.349678 1.075806 -0.233688
v -1.379878 1.082903 -0.234127
v -1.204778 1.124647 -0.079953
v -1.191778 1.100634 -0.137222
v -1.234377 1.126710 -0.141665
v -1.253178 1.143815 -0.086058
v -1.285677 1.132469 -0.149197
v -1.309778 1.160573 -0.093650
v -1.230877 1.151961 0.013799
v -1.218877 1.137831 -0.028124
v -1.267578 1.152603 -0.033405
v -1.279578 1.160642 0.010251
v -1.321678 1.166087 -0.036279
v -1.354578 1.141838 -0.154848
v -1.337677 1.151057 -0.133098
v -1.323678 1.131092 -0.163190
v -1.353178 1.127218 -0.176769
v -1.375678 1.170919 -0.048706
v -1.416878 1.177056 -0.060340
v -1.367478 1.165572 -0.093777
v -1.416378 1.167066 -0.113186
v -1.443577 1.179561 -0.114254
v -1.459478 1.173996 -0.162624
v -1.445378 1.161872 -0.167058
v -1.437678 1.190095 -0.071411
v -1.478578 1.137310 -0.251325
v -1.449277 1.128201 -0.252975
v -1.453477 1.146297 -0.217174
v -1.433378 1.135978 -0.220717
v -1.417478 1.124868 -0.222356
v -1.427878 1.114707 -0.251901
v -1.412677 1.100831 -0.247425
v -1.402678 1.114697 -0.217101
v -1.400177 1.089777 -0.238865
v -1.384778 1.108126 -0.211665
v -1.398077 1.128139 -0.191174
v -1.411277 1.131190 -0.200191
v -1.418878 1.140541 -0.190842
v -1.400177 1.141660 -0.169047
v -1.378377 1.126474 -0.184665
v -1.374978 1.143324 -0.157356
v -1.369177 1.156582 -0.128529
v -1.404678 1.154790 -0.145419
v -1.430778 1.152009 -0.178504
v -1.448378 1.582537 -0.284062
v -1.443978 1.535555 -0.317305
v -1.406377 1.569078 -0.294889
v -1.414478 1.615341 -0.265241
v -1.469778 1.621446 -0.191274
v -1.460678 1.614376 -0.240636
v -1.431478 1.648967 -0.224125
v -1.445978 1.660925 -0.176789
v -1.432878 1.621240 -0.100971
v -1.448478 1.647460 -0.133815
v -1.468078 1.602284 -0.147768
v -1.449977 1.570456 -0.116193
v -1.401178 1.581233 -0.047351
v -1.417978 1.600196 -0.072356
v -1.437678 1.547023 -0.085665
v -1.422478 1.525065 -0.059644
v -1.423378 1.283965 -0.113825
v -1.411178 1.315623 -0.103299
v -1.425978 1.313175 -0.093785
v -1.431978 1.286652 -0.097940
v -1.391278 1.322422 -0.139936
v -1.398378 1.316936 -0.119106
v -1.417478 1.283553 -0.134324
v -1.414777 1.289427 -0.157356
v -1.389878 1.407200 -0.071199
v -1.420678 1.444459 -0.060503
v -1.449078 1.405101 -0.071088
v -1.426777 1.373580 -0.074615
v -1.399778 1.353899 -0.089508
v -1.421877 1.342625 -0.084646
v -1.337778 1.545384 -0.037955
v -1.371078 1.561304 -0.034242
v -1.393378 1.498433 -0.047098
v -1.360678 1.477201 -0.052982
v -1.411578 1.326589 -0.200760
v -1.415678 1.305601 -0.180245
v -1.391677 1.335899 -0.162510
v -1.389577 1.354672 -0.185713
v -1.380278 1.357935 -0.101130
v -1.360578 1.408036 -0.082904
v -1.367678 1.362033 -0.119853
v -1.343578 1.409942 -0.100015
v -1.317578 1.466935 -0.083126
v -1.335577 1.468232 -0.065533
v -1.294878 1.531713 -0.069181
v -1.312178 1.535819 -0.049803
v -1.396878 1.348605 -0.216181
v -1.374978 1.376143 -0.209431
v -1.365777 1.373111 -0.142214
v -1.364478 1.390680 -0.166110
v -1.339777 1.418320 -0.122361
v -1.338277 1.434289 -0.146249
v -1.312578 1.485177 -0.130327
v -1.314778 1.472708 -0.106458
v -1.293678 1.533681 -0.093292
v -1.291578 1.541754 -0.116436
v -1.346077 1.502705 -0.271525
v -1.376678 1.462355 -0.298705
v -1.373878 1.506453 -0.299246
v -1.351278 1.544898 -0.272856
v -1.373778 1.550993 -0.292090
v -1.356978 1.571882 -0.275904
v -1.385377 1.411607 -0.289127
v -1.350578 1.451364 -0.260644
v -1.329678 1.444992 -0.218908
v -1.349477 1.413434 -0.192835
v -1.322978 1.457445 -0.172776
v -1.304878 1.490403 -0.198757
v -1.286277 1.538605 -0.180320
v -1.297278 1.505638 -0.155939
v -1.280178 1.560328 -0.139438
v -1.277678 1.591112 -0.160807
v -1.384677 1.646673 -0.241212
v -1.377078 1.600207 -0.271359
v -1.352578 1.614974 -0.259139
v -1.355278 1.679151 -0.226990
v -1.324977 1.545626 -0.249460
v -1.323278 1.493588 -0.238075
v -1.302378 1.537997 -0.218317
v -1.312277 1.589643 -0.228200
v -1.337178 1.590617 -0.251306
v -1.330577 1.636542 -0.228557
v -1.305977 1.632672 -0.204735
v -1.288778 1.584307 -0.198270
v -1.285778 1.631634 -0.175129
v -1.304478 1.674010 -0.179661
v -1.346378 1.718439 -0.192804
v -1.326978 1.675886 -0.202372
v -1.323278 1.712231 -0.175970
v -1.338578 1.751574 -0.168185
v -1.424578 1.705214 -0.160732
v -1.404277 1.685677 -0.204025
v -1.385878 1.727164 -0.188352
v -1.408178 1.749798 -0.145575
v -1.432078 1.698636 -0.120195
v -1.422478 1.678518 -0.086884
v -1.410778 1.732779 -0.075781
v -1.416378 1.748007 -0.107265
v -1.392377 1.785475 -0.131470
v -1.371277 1.760271 -0.168833
v -1.358677 1.792278 -0.149408
v -1.376277 1.817055 -0.117043
v -1.406078 1.659163 -0.060378
v -1.387678 1.641988 -0.037384
v -1.377878 1.699627 -0.030499
v -1.396378 1.715215 -0.050985
v -1.397277 1.775630 -0.066616
v -1.400978 1.787368 -0.096280
v -1.383778 1.809574 -0.058801
v -1.385377 1.819927 -0.085658
v -1.357178 1.627455 -0.025204
v -1.324178 1.616338 -0.028343
v -1.317177 1.681757 -0.024901
v -1.348177 1.688977 -0.021241
v -1.358978 1.784566 -0.023564
v -1.375378 1.796792 -0.037231
v -1.385878 1.760357 -0.043432
v -1.368477 1.746251 -0.026254
v -1.276477 1.668293 -0.054928
v -1.292978 1.675393 -0.036667
v -1.298578 1.608074 -0.039898
v -1.280878 1.601973 -0.058365
v -1.277277 1.645581 -0.093504
v -1.276078 1.658875 -0.076477
v -1.281078 1.599044 -0.081949
v -1.280178 1.602730 -0.102670
v -1.341378 1.737685 -0.019907
v -1.313378 1.732461 -0.024279
v -1.310177 1.772959 -0.024900
v -1.335078 1.777187 -0.019723
v -1.280178 1.647339 -0.137715
v -1.276278 1.620228 -0.121466
v -1.278778 1.671435 -0.102046
v -1.284678 1.696969 -0.114186
v -1.289877 1.728190 -0.037355
v -1.276878 1.719969 -0.059411
v -1.282077 1.764405 -0.071154
v -1.288278 1.770674 -0.040288
v -1.283778 1.730590 -0.092169
v -1.278078 1.702749 -0.081317
v -1.304778 1.713356 -0.153176
v -1.289877 1.679279 -0.148889
v -1.292478 1.719111 -0.124807
v -1.300778 1.745996 -0.127654
v -1.328278 1.786105 -0.144374
v -1.318478 1.748071 -0.150566
v -1.309378 1.778210 -0.125131
v -1.315378 1.814543 -0.119229
v -1.291578 1.765044 -0.100658
v -1.289678 1.742420 -0.104934
v -1.299278 1.830293 -0.091915
v -1.295078 1.795866 -0.096727
v -1.285278 1.804223 -0.067972
v -1.287478 1.836937 -0.065651
v -1.287978 1.806764 -0.042186
v -1.288477 1.838259 -0.043258
v -1.303277 1.838333 -0.029658
v -1.306278 1.807849 -0.026791
v -1.291078 1.866547 -0.063813
v -1.290878 1.866549 -0.045113
v -1.295477 1.884549 -0.063512
v -1.296177 1.889637 -0.047539
v -1.303778 1.882397 -0.036399
v -1.302577 1.865614 -0.033308
v -1.327678 1.811280 -0.021110
v -1.321078 1.841065 -0.023973
v -1.348478 1.817369 -0.023143
v -1.339077 1.845758 -0.025099
v -1.353777 1.852210 -0.034034
v -1.363978 1.826712 -0.033495
v -1.370778 1.837314 -0.051553
v -1.361778 1.855039 -0.047050
v -1.304078 1.864227 -0.085701
v -1.324178 1.853202 -0.108641
v -1.337677 1.881859 -0.079997
v -1.310678 1.890496 -0.073244
v -1.358677 1.849443 -0.101020
v -1.343177 1.826584 -0.129995
v -1.356577 1.871569 -0.059841
v -1.369778 1.849590 -0.074220
v -1.346178 1.877167 -0.041971
v -1.332278 1.871831 -0.030241
v -1.328477 1.888196 -0.036631
v -1.333678 1.894513 -0.051766
v -1.314578 1.902914 -0.051712
v -1.315077 1.888903 -0.035335
v -1.316978 1.867639 -0.028819
v -1.804978 1.224773 -0.130402
v -1.818178 1.220063 -0.095575
v -1.791478 1.224402 -0.088499
v -1.783278 1.235097 -0.126058
v -1.803578 1.236029 -0.065362
v -1.829278 1.231785 -0.073439
v -1.752878 1.236801 -0.052166
v -1.778178 1.236968 -0.058367
v -1.771577 1.223980 -0.074197
v -1.748878 1.222805 -0.069690
v -1.739078 1.274676 -0.203076
v -1.748878 1.255189 -0.164169
v -1.725678 1.263992 -0.163617
v -1.716478 1.284094 -0.199827
v -1.758778 1.243077 -0.129802
v -1.763678 1.231113 -0.104936
v -1.738378 1.234960 -0.114457
v -1.733278 1.249344 -0.135736
v -1.742177 1.224181 -0.092498
v -1.761678 1.224996 -0.089602
v -1.692977 1.294523 -0.194484
v -1.702077 1.273312 -0.159968
v -1.678678 1.283553 -0.152424
v -1.669777 1.305772 -0.185646
v -1.727878 1.235436 -0.045759
v -1.702878 1.234181 -0.037652
v -1.699277 1.221463 -0.059083
v -1.724778 1.222029 -0.065286
v -1.707778 1.254937 -0.137067
v -1.712577 1.238444 -0.117576
v -1.685977 1.240752 -0.116089
v -1.682178 1.260255 -0.133796
v -1.692277 1.223297 -0.089393
v -1.718578 1.223780 -0.092596
v -1.654778 1.291914 -0.141469
v -1.647078 1.316444 -0.172604
v -1.627278 1.294567 -0.131584
v -1.623778 1.325235 -0.155852
v -1.677378 1.234342 -0.026453
v -1.650478 1.236712 -0.013765
v -1.645578 1.221784 -0.036984
v -1.673078 1.221017 -0.049280
v -1.657978 1.239874 -0.112084
v -1.655278 1.262884 -0.128510
v -1.625378 1.261413 -0.123302
v -1.627577 1.235706 -0.106161
v -1.664877 1.220532 -0.083078
v -1.635478 1.216284 -0.073454
v -1.596978 1.328933 -0.137872
v -1.568878 1.323926 -0.121044
v -1.596178 1.293120 -0.121976
v -1.566778 1.288097 -0.107848
v -1.596578 1.233068 -0.094847
v -1.593578 1.258759 -0.114888
v -1.565478 1.256248 -0.098474
v -1.570878 1.234260 -0.078053
v -1.522377 1.258251 -0.061384
v -1.500278 1.250234 -0.046140
v -1.497878 1.278306 -0.069794
v -1.519078 1.293318 -0.085776
v -1.542578 1.276398 -0.089384
v -1.542677 1.310524 -0.102971
v -1.554178 1.235456 -0.060559
v -1.546078 1.251061 -0.077845
v -1.536078 1.243194 -0.053601
v -1.545778 1.235028 -0.047357
v -1.621377 1.240782 -0.000887
v -1.592978 1.243542 0.009998
v -1.590278 1.231220 -0.012135
v -1.616578 1.226158 -0.023608
v -1.605578 1.216759 -0.059857
v -1.580778 1.222037 -0.045586
v -1.503478 1.223784 -0.018795
v -1.522878 1.231847 -0.025639
v -1.527177 1.223914 0.004905
v -1.504478 1.212552 0.012067
v -1.504878 1.224593 0.055902
v -1.502078 1.238216 0.078428
v -1.535078 1.249464 0.068966
v -1.537878 1.237118 0.042133
v -1.536578 1.231343 -0.026236
v -1.549378 1.229141 -0.026624
v -1.553277 1.230885 -0.000333
v -1.541578 1.228391 0.000780
v -1.504677 1.215578 0.035051
v -1.528878 1.226929 0.025989
v -1.550478 1.235496 0.019942
v -1.541277 1.230784 0.017868
v -1.565877 1.249892 0.037463
v -1.568478 1.241080 0.017011
v -1.569277 1.232662 -0.004543
v -1.564878 1.261217 0.060302
v -1.562778 1.227002 -0.033712
v -2.339978 0.098434 -0.719146
v -2.361078 0.081079 -0.710951
v -2.339077 0.079443 -0.699142
v -2.328378 0.091897 -0.707610
v -2.312277 0.118929 -0.720058
v -2.280677 0.143966 -0.713395
v -2.280077 0.128902 -0.688513
v -2.308478 0.104233 -0.701078
v -2.312878 0.091317 -0.685807
v -2.285577 0.117313 -0.668249
v -2.217678 0.208048 -0.680346
v -2.248778 0.175351 -0.697967
v -2.249478 0.162504 -0.670096
v -2.215377 0.196601 -0.652382
v -2.183777 0.233409 -0.669284
v -2.175478 0.219960 -0.641710
v -2.129578 0.240721 -0.594023
v -2.172978 0.212065 -0.604266
v -2.218678 0.187457 -0.623832
v -2.088078 0.272779 -0.601699
v -2.088277 0.283523 -0.557257
v -2.068677 0.284083 -0.527959
v -2.256478 0.153235 -0.646145
v -1.241178 1.175858 0.067869
v -1.240578 1.165225 0.043727
v -1.288578 1.170919 0.042696
v -1.294678 1.180549 0.066343
v -1.298678 1.192763 0.087077
v -1.242777 1.188589 0.091900
v -1.301978 1.204770 0.106711
v -1.248377 1.199909 0.113838
v -1.304778 1.215770 0.124851
v -1.255678 1.208305 0.131392
v 0.269222 0.514764 -0.075215
v 0.277122 0.499444 -0.115432
v 0.207022 0.484738 -0.098251
v 0.204822 0.497353 -0.059020
v 0.213023 0.472555 -0.131685
v 0.280122 0.483055 -0.149943
v 0.126623 0.457063 -0.130100
v 0.123622 0.473817 -0.083791
v 0.127122 0.486737 -0.043661
v 0.260822 0.526746 -0.023880
v 0.202822 0.510710 -0.012092
v 0.132223 0.499575 -0.000131
v 0.197722 0.374486 -0.235350
v 0.136622 0.385089 -0.216608
v 0.166722 0.418404 -0.195590
v 0.228423 0.404678 -0.218515
v 0.099322 0.421718 -0.174907
v 0.092422 0.393676 -0.200654
v 0.193223 0.444330 -0.172631
v 0.253422 0.433672 -0.201473
v 0.226323 0.460396 -0.160619
v 0.275822 0.460887 -0.180522
v -0.903378 0.036036 -0.334999
v -0.811778 -0.068077 -0.337029
v -0.769278 0.016616 -0.356793
v -0.857778 0.114070 -0.365527
v -0.686378 -0.078489 -0.357473
v -0.723877 -0.166777 -0.336789
v -0.821278 0.187385 -0.344627
v -0.736978 0.092786 -0.344210
v -0.703278 0.160003 -0.304777
v -0.787378 0.250575 -0.310173
v -0.621578 0.075559 -0.294315
v -0.655978 0.002482 -0.344716
v -0.658778 0.224264 -0.403430
v -0.671678 0.199167 -0.348092
v -0.750178 0.294821 -0.338315
v -0.739277 0.318525 -0.392546
v -0.582677 0.132705 -0.413929
v -0.596478 0.108328 -0.354895
v -0.673277 0.644868 -0.294131
v -0.685578 0.692962 -0.240593
v -0.609478 0.621369 -0.257401
v -0.596278 0.567258 -0.314006
v -0.624177 0.676095 -0.198000
v -0.697378 0.740264 -0.185451
v -0.553177 0.613916 -0.212360
v -0.536478 0.552480 -0.273525
v -0.522178 0.493561 -0.331603
v -0.700278 0.772473 -0.129226
v -0.630878 0.713811 -0.140306
v -0.640378 0.731109 -0.085999
v -0.706578 0.786265 -0.075901
v -0.574378 0.679434 -0.099517
v -0.562078 0.658630 -0.155004
v -0.711977 0.798386 -0.035467
v -0.647578 0.744636 -0.044573
v -0.654277 0.764431 -0.008881
v -0.717078 0.817076 -0.000869
v -0.593977 0.713779 -0.018203
v -0.584378 0.693672 -0.055994
v -0.729078 0.842884 0.037191
v -0.668278 0.792642 0.029566
v -0.682477 0.816345 0.066636
v -0.742777 0.863489 0.074579
v -0.625678 0.769501 0.058593
v -0.610077 0.744097 0.021431
v -0.749378 0.871263 0.106336
v -0.688578 0.824613 0.097392
v -0.631777 0.777462 0.088050
v -1.230078 0.437126 -0.246493
v -1.196678 0.418562 -0.258091
v -1.214978 0.479306 -0.286824
v -1.177878 0.468356 -0.295864
v -0.982977 0.147231 -0.317807
v -0.945777 0.210555 -0.368455
v -1.050078 0.242325 -0.301028
v -1.018077 0.297062 -0.349228
v -1.167278 0.389812 -0.267234
v -1.142878 0.442115 -0.303421
v -1.107277 0.402240 -0.316903
v -1.133478 0.348756 -0.277310
v -1.097578 0.303893 -0.288664
v -1.068778 0.357152 -0.332856
v -1.158577 0.525262 -0.313276
v -1.197478 0.541977 -0.310468
v -1.187277 0.615788 -0.308672
v -1.145778 0.593186 -0.308948
v -0.906178 0.281007 -0.340940
v -0.872378 0.340865 -0.312267
v -0.980778 0.362453 -0.332685
v -0.947578 0.421293 -0.307407
v -1.119277 0.498099 -0.324728
v -1.101778 0.561379 -0.310274
v -1.052678 0.524020 -0.302569
v -1.077278 0.463104 -0.323636
v -1.034177 0.420491 -0.325903
v -1.003778 0.480627 -0.301232
v -1.181478 0.691995 -0.307689
v -1.177778 0.767808 -0.305503
v -1.133277 0.741578 -0.310860
v -1.138478 0.665464 -0.313143
v -0.836678 0.383134 -0.336199
v -0.917278 0.462149 -0.333731
v -0.824478 0.407560 -0.386333
v -0.906278 0.489488 -0.381481
v -1.092078 0.625923 -0.320727
v -1.083477 0.693497 -0.325597
v -1.029977 0.633193 -0.344367
v -1.040978 0.577790 -0.326564
v -0.983478 0.525974 -0.329280
v -0.974878 0.563956 -0.369389
v -1.128277 0.908813 -0.268475
v -1.180277 0.899803 -0.288526
v -1.199277 0.954521 -0.267025
v -1.158778 0.984171 -0.239687
v -1.175078 0.842229 -0.301911
v -1.129478 0.822966 -0.295005
v -0.725177 0.434979 -0.419484
v -0.733677 0.369878 -0.419427
v -0.817078 0.460548 -0.407023
v -0.807377 0.523574 -0.402468
v -0.894078 0.545630 -0.392289
v -0.881478 0.606275 -0.384221
v -0.957278 0.621241 -0.372102
v -0.940278 0.679004 -0.360818
v -1.014577 0.693297 -0.343796
v -0.996478 0.750552 -0.333909
v -1.072578 0.762843 -0.317276
v -1.058978 0.828928 -0.302038
v -0.687578 0.558209 -0.377757
v -0.707178 0.500049 -0.406940
v -0.786078 0.582050 -0.388688
v -0.763678 0.634611 -0.359375
v -0.858978 0.660160 -0.368815
v -0.836177 0.708421 -0.339579
v -1.096478 0.939178 -0.256641
v -1.042578 0.870913 -0.286667
v -1.030178 0.905827 -0.265758
v -1.073678 0.946927 -0.247783
v -0.965278 0.844377 -0.293122
v -0.979078 0.800839 -0.318284
v -0.920578 0.731496 -0.344205
v -0.901778 0.778937 -0.318465
v -0.675377 0.602821 -0.339101
v -0.751678 0.679434 -0.318720
v -0.750278 0.721585 -0.273050
v -0.823478 0.753436 -0.300325
v -0.819678 0.796369 -0.257759
v -0.888177 0.821127 -0.283795
v -0.881378 0.858538 -0.245299
v -0.955078 0.881353 -0.261024
v -0.947177 0.911333 -0.228188
v -1.027078 0.942088 -0.236556
v -1.021978 0.967239 -0.208994
v -1.088778 0.987670 -0.221706
v -1.095377 1.031194 -0.180943
v -1.126977 0.999348 -0.225669
v -1.141878 1.052574 -0.184560
v -0.760377 0.765052 -0.224287
v -0.766878 0.807421 -0.175318
v -0.824378 0.837004 -0.214981
v -0.827978 0.873253 -0.169579
v -0.947777 0.963988 -0.163375
v -0.940578 0.933296 -0.198508
v -1.000978 0.970531 -0.192211
v -1.024778 1.004581 -0.164897
v -0.882378 0.891948 -0.207181
v -0.884778 0.923477 -0.165453
v -1.147977 1.084088 -0.127232
v -1.098777 1.064628 -0.119825
v -1.158577 1.105795 -0.071250
v -1.109278 1.083745 -0.062129
v -0.767878 0.831725 -0.119851
v -0.772277 0.840417 -0.066497
v -0.829177 0.893057 -0.114086
v -0.834278 0.899251 -0.060319
v -1.037178 1.041762 -0.113600
v -1.049178 1.055481 -0.055374
v -0.970678 1.013086 -0.054342
v -0.955778 0.995572 -0.111647
v -0.888378 0.947373 -0.111483
v -0.897778 0.958872 -0.056745
v -1.194277 1.162430 0.062942
v -1.206578 1.157727 0.044068
v -1.187578 1.141702 0.021355
v -1.141778 1.132716 0.042105
v -1.172678 1.121477 -0.019835
v -1.122677 1.102135 -0.009129
v -0.776278 0.850435 -0.026752
v -0.779878 0.868020 0.007153
v -0.837677 0.908871 -0.020271
v -0.841177 0.924958 0.013941
v -1.058777 1.071855 -0.005363
v -1.066378 1.094103 0.039916
v -0.983278 1.043951 0.030490
v -0.978677 1.027335 -0.008819
v -0.902977 0.970801 -0.015010
v -0.907177 0.986798 0.021103
v -1.193278 1.175589 0.091971
v -1.203278 1.188434 0.118401
v -1.158178 1.168681 0.127009
v -1.140678 1.151765 0.087501
v -1.221278 1.199114 0.133043
v -1.210378 1.194173 0.143770
v -0.790178 0.891026 0.044727
v -0.803578 0.908633 0.082332
v -0.850277 0.946065 0.051526
v -0.862978 0.961673 0.089641
v -1.071678 1.117029 0.081091
v -1.082278 1.129135 0.118725
v -1.002677 1.079073 0.107499
v -0.990978 1.065064 0.069475
v -0.915978 1.007508 0.059290
v -0.928578 1.021719 0.097913
v -1.209177 1.190570 0.161490
v -1.156178 1.164638 0.155732
v -1.011978 1.082963 0.142278
v -1.092577 1.131607 0.150112
v -0.810877 0.915909 0.114592
v -0.871178 0.968159 0.123606
v -0.937377 1.026813 0.133286
v -0.014978 0.497678 0.018680
v 0.061323 0.489031 0.010127
v 0.053523 0.481401 -0.031932
v -0.023878 0.490950 -0.023084
v 0.045622 0.470757 -0.076374
v -0.030677 0.476594 -0.069806
v 0.040022 0.453990 -0.125183
v -0.035178 0.455002 -0.123089
v 0.092123 0.354812 -0.230542
v 0.043723 0.377124 -0.210164
v 0.159222 0.341397 -0.251469
v 0.122122 0.300891 -0.270848
v 0.052622 0.319297 -0.251448
v -0.026278 0.350424 -0.228418
v 0.031023 0.418412 -0.175889
v -0.037378 0.414110 -0.176166
v 0.030022 0.260911 -0.285229
v -0.034277 0.274793 -0.270305
v 0.095322 0.247238 -0.298654
v 0.018423 0.184033 -0.317609
v 0.072523 0.174681 -0.327158
v -0.037978 0.198886 -0.307990
v -0.157378 -0.235737 -0.420613
v -0.164678 -0.153979 -0.446861
v -0.126678 -0.173525 -0.455154
v -0.110378 -0.261648 -0.422571
v -0.145278 -0.087894 -0.467923
v -0.177778 -0.073247 -0.459503
v -0.117077 -0.104138 -0.475934
v -0.093877 -0.193970 -0.463342
v -0.067478 -0.284950 -0.422744
v -0.102977 0.510714 -0.011292
v -0.095478 0.520128 0.027657
v -0.190378 0.536788 0.002065
v -0.185478 0.547184 0.037809
v -0.106778 0.488269 -0.056070
v -0.105278 0.462079 -0.109027
v -0.180277 0.473593 -0.088190
v -0.188077 0.507561 -0.039275
v -0.103178 0.425172 -0.165026
v -0.099278 0.369007 -0.213220
v -0.165477 0.394311 -0.194258
v -0.171877 0.441488 -0.143815
v -0.095678 0.298781 -0.254436
v -0.093078 0.225556 -0.295136
v -0.152478 0.261827 -0.282434
v -0.158577 0.331665 -0.239016
v -0.048178 0.133991 -0.361636
v -0.096178 0.161974 -0.346588
v -0.102778 0.108612 -0.394297
v -0.062977 0.078131 -0.408931
v -0.145478 0.138692 -0.379662
v -0.146878 0.195453 -0.332271
v -0.079678 0.034786 -0.435394
v -0.114977 0.065151 -0.423660
v -0.128478 0.025033 -0.445140
v -0.096777 -0.002017 -0.454193
v -0.164278 0.053278 -0.436995
v -0.152977 0.095514 -0.412226
v -0.074678 -0.379051 -0.386228
v -0.125678 -0.345138 -0.383914
v -0.128778 -0.383712 -0.306001
v -0.074478 -0.420737 -0.310499
v -0.182678 -0.341577 -0.299732
v -0.176877 -0.306308 -0.378626
v -0.081778 -0.492797 -0.302904
v -0.138978 -0.460808 -0.305079
v -0.153478 -0.551212 -0.342085
v -0.095078 -0.578952 -0.331033
v -0.217778 -0.517139 -0.347172
v -0.199778 -0.423516 -0.306684
v -0.131478 -0.686087 -0.300546
v -0.190578 -0.661851 -0.312379
v -0.252178 -0.627279 -0.317669
v -0.113178 -0.043898 -0.468864
v -0.142278 -0.023559 -0.461775
v -0.175278 -0.003427 -0.455885
v -0.267478 -0.026187 -0.448660
v -0.263978 0.055984 -0.454210
v -0.213878 0.019192 -0.452609
v -0.216177 -0.057406 -0.451989
v -0.205878 0.086204 -0.432175
v -0.257477 0.131707 -0.431924
v -0.319178 -0.579672 -0.316429
v -0.291977 -0.474738 -0.347104
v -0.392878 -0.515059 -0.314183
v -0.372478 -0.417748 -0.349116
v -0.270977 -0.378838 -0.310728
v -0.244378 -0.292033 -0.291803
v -0.348578 -0.320889 -0.320145
v -0.314978 -0.233025 -0.290526
v -0.233578 -0.260567 -0.371176
v -0.298878 -0.202831 -0.364692
v -0.211177 -0.205217 -0.417080
v -0.275177 -0.161003 -0.414522
v -0.266378 -0.097722 -0.436469
v -0.209278 -0.132839 -0.439476
v -0.197678 0.132058 -0.404326
v -0.195077 0.177142 -0.370672
v -0.251078 0.181371 -0.402095
v -0.250978 0.229456 -0.368358
v -0.204578 0.240182 -0.327116
v -0.218877 0.309946 -0.278997
v -0.266478 0.296793 -0.325226
v -0.288078 0.367466 -0.275512
v -0.230778 0.375303 -0.232354
v -0.240878 0.432060 -0.185364
v -0.303478 0.429531 -0.227251
v -0.314678 0.482591 -0.179841
v -0.251277 0.473643 -0.133891
v -0.264178 0.506737 -0.080171
v -0.327678 0.520175 -0.128146
v -0.344378 0.551963 -0.075519
v -0.278577 0.546204 -0.031587
v -0.286277 0.582026 0.008918
v -0.363878 0.593829 -0.027047
v -0.376578 0.632255 0.014143
v -0.285078 0.592421 0.044562
v -0.378277 0.642856 0.050886
v -0.561978 0.258123 -0.447516
v -0.571678 0.187139 -0.444328
v -0.650478 0.277112 -0.431320
v -0.641778 0.344703 -0.433090
v -0.599078 0.524817 -0.357974
v -0.610978 0.480215 -0.394831
v -0.525378 0.450029 -0.373965
v -0.536578 0.404833 -0.409519
v -0.549878 0.335580 -0.437340
v -0.627278 0.416062 -0.422680
v -0.497677 0.109107 -0.450001
v -0.509577 0.053479 -0.418596
v -0.489078 0.181572 -0.456697
v -0.416478 0.109165 -0.457701
v -0.422278 0.037320 -0.447408
v -0.433578 -0.018717 -0.417601
v -0.643478 -0.256067 -0.334700
v -0.613278 -0.167582 -0.374285
v -0.537677 -0.252068 -0.371323
v -0.561178 -0.340425 -0.326839
v -0.476078 -0.431286 -0.319441
v -0.455577 -0.339402 -0.359045
v -0.581778 -0.079184 -0.338269
v -0.543278 0.003149 -0.277718
v -0.468977 -0.072559 -0.279004
v -0.507978 -0.158958 -0.333332
v -0.428977 -0.243610 -0.324268
v -0.390878 -0.155084 -0.283352
v -0.525978 0.027503 -0.359253
v -0.452678 -0.047902 -0.359940
v -0.352377 -0.094205 -0.415087
v -0.375178 -0.129016 -0.362196
v -0.341278 -0.036145 -0.440806
v -0.338478 0.034592 -0.452693
v -0.469378 0.490394 -0.288985
v -0.454078 0.428485 -0.345347
v -0.488577 0.554626 -0.228536
v -0.425278 0.494732 -0.245508
v -0.403378 0.429412 -0.303851
v -0.386978 0.365322 -0.356601
v -0.456578 0.383857 -0.386803
v -0.466777 0.336962 -0.422347
v -0.388578 0.318708 -0.395747
v -0.397478 0.269718 -0.430279
v -0.333678 0.362936 -0.317488
v -0.316678 0.296077 -0.364623
v -0.357478 0.430836 -0.262859
v -0.317177 0.247580 -0.400558
v -0.324478 0.197104 -0.432582
v -0.498078 0.606623 -0.174419
v -0.509278 0.637019 -0.120385
v -0.446878 0.590496 -0.142631
v -0.436577 0.550915 -0.194015
v -0.371778 0.490109 -0.213182
v -0.382678 0.537180 -0.163839
v -0.521378 0.654175 -0.073678
v -0.534478 0.674304 -0.031888
v -0.474978 0.637715 -0.047988
v -0.459478 0.614764 -0.093763
v -0.396078 0.568357 -0.113209
v -0.412478 0.597226 -0.064166
v -0.554078 0.704437 0.010648
v -0.572278 0.728750 0.049416
v -0.514178 0.697187 0.038088
v -0.495378 0.671761 -0.003173
v -0.433378 0.636482 -0.017480
v -0.450378 0.668715 0.024944
v -0.578878 0.735109 0.078481
v -0.520378 0.703058 0.069356
v -0.454877 0.676506 0.059802
v -0.332278 0.118872 -0.456554
v -0.407578 0.193075 -0.456060
v -0.478378 0.263408 -0.450345
v -0.073878 -0.710845 -0.292911
v -0.039278 -0.603781 -0.317997
v 0.006523 -0.624120 -0.306786
v -0.026778 -0.731114 -0.287200
v -0.020078 -0.407530 -0.382272
v -0.027378 -0.307743 -0.421419
v 0.008922 -0.326832 -0.419414
v -0.011178 -0.447066 -0.297355
v 0.027022 -0.420750 -0.367600
v 0.051522 -0.467285 -0.282544
v -0.022478 -0.520236 -0.291754
v 0.032822 -0.543568 -0.279326
v -0.072077 -0.148517 -0.490291
v -0.042978 -0.240725 -0.473286
v -0.065678 -0.217710 -0.470512
v -0.092678 -0.125080 -0.483619
v -0.041678 -0.059823 -0.473276
v -0.063578 -0.092082 -0.484100
v -0.084877 -0.067242 -0.476736
v -0.065478 -0.030771 -0.463935
v -0.044278 -0.000486 -0.448501
v -0.012078 -0.035558 -0.461509
v -0.020478 0.042242 -0.425134
v 0.028923 0.003640 -0.443723
v 0.000823 0.109412 -0.376101
v 0.052022 0.093774 -0.383016
vn -0.9425 -0.1705 0.2875
vn -0.7873 -0.1736 0.5916
vn -0.8098 -0.2761 0.5177
vn -0.7430 0.3773 0.5528
vn -0.9033 -0.0112 0.4289
vn -0.7154 0.2424 0.6554
vn -0.7488 0.3008 0.5906
vn -0.6700 -0.2129 0.7112
vn -0.6647 -0.2794 0.6929
vn -0.4427 -0.2787 0.8523
vn -0.5374 -0.2059 0.8178
vn -0.3164 -0.2897 0.9033
vn -0.5615 -0.2569 0.7866
vn -0.5822 0.1503 0.7990
vn -0.4148 0.0738 0.9069
vn -0.5860 -0.5024 0.6358
vn -0.6794 -0.5690 0.4633
vn -0.3153 -0.8433 0.4353
vn -0.3845 -0.9165 0.1099
vn -0.3411 -0.8961 0.2842
vn -0.7825 -0.5973 0.1757
vn -0.3023 -0.7206 0.6240
vn -0.4904 -0.4246 0.7611
vn -0.3784 -0.3285 0.8654
vn -0.2937 -0.5982 0.7455
vn -0.2063 -0.3598 0.9099
vn -0.1902 -0.5798 0.7923
vn -0.3251 -0.1241 0.9375
vn -0.2751 -0.4867 0.8291
vn -0.4504 0.7832 0.4287
vn -0.4481 0.7816 0.4339
vn -0.4808 0.6846 0.5478
vn -0.7030 0.4945 0.5112
vn -0.5956 0.5440 0.5911
vn -0.4675 0.7655 0.4420
vn -0.4344 0.8076 0.3988
vn -0.4186 0.7824 0.4611
vn -0.5216 0.7395 0.4255
vn -0.5521 0.6713 0.4945
vn -0.4641 0.7142 0.5239
vn -0.4807 0.5939 0.6451
vn -0.5299 0.5887 0.6104
vn -0.4704 0.5135 0.7177
vn -0.4516 0.5179 0.7265
vn -0.4871 0.5081 0.7103
vn -0.4899 0.5229 0.6975
vn -0.3950 -0.0382 0.9179
vn -0.4462 0.4405 0.7790
vn -0.4936 0.3427 0.7993
vn 0.0040 -0.9855 0.1699
vn 0.0021 -0.9909 0.1349
vn -0.0320 -0.9811 0.1909
vn -0.1287 -0.9544 0.2693
vn -0.0453 -0.9374 0.3453
vn -0.1440 -0.8932 0.4259
vn -0.0339 -0.7883 0.6144
vn -0.1297 -0.7780 0.6147
vn 0.0370 -0.6105 0.7911
vn -0.0335 -0.5134 0.8575
vn -0.3348 -0.2080 0.9190
vn -0.1564 -0.6114 0.7757
vn -0.1099 -0.4057 0.9074
vn -0.2459 -0.0102 0.9692
vn -0.0988 -0.3147 0.9440
vn -0.3862 0.5146 0.7656
vn -0.1869 0.1318 0.9735
vn -0.3635 0.5943 0.7174
vn 0.0193 -0.2078 0.9780
vn -0.0202 0.3045 0.9523
vn 0.2224 -0.1129 0.9684
vn -0.3110 0.6773 0.6667
vn -0.3356 0.7327 0.5920
vn 0.3040 -0.0981 0.9476
vn -0.0003 0.3867 0.9222
vn 0.1295 -0.5313 0.8372
vn -0.1424 0.2394 0.9604
vn -0.3472 -0.0312 0.9373
vn 0.2462 -0.2778 0.9285
vn -0.5050 0.6563 0.5605
vn -0.6996 0.4837 0.5259
vn -0.5111 0.7960 0.3243
vn -0.4534 0.7855 0.4213
vn -0.4222 0.8115 0.4039
vn -0.7421 0.4839 0.4639
vn -0.6217 0.6728 0.4011
vn -0.4366 0.7908 0.4290
vn -0.6772 0.5324 0.5078
vn -0.6253 0.5445 0.5590
vn -0.4655 0.7450 0.4778
vn -0.4475 0.6578 0.6058
vn -0.6394 0.4249 0.6409
vn -0.5660 0.2818 0.7748
vn -0.4139 0.5332 0.7378
vn -0.3746 0.4258 0.8236
vn -0.4479 0.2239 0.8656
vn -0.3476 0.1979 0.9165
vn -0.4031 0.3344 0.8519
vn -0.3244 0.1692 0.9307
vn -0.3782 0.1077 0.9195
vn -0.4408 0.3097 0.8425
vn -0.4921 0.3451 0.7992
vn -0.4166 0.0450 0.9080
vn -0.4524 0.4365 0.7777
vn -0.4604 0.4865 0.7425
vn -0.4431 0.5446 0.7121
vn -0.4491 0.0709 0.8906
vn -0.4922 0.1332 0.8602
vn -0.4825 0.2354 0.8437
vn -0.4465 0.6651 0.5985
vn -0.4153 0.6233 0.6625
vn -0.4520 0.3778 0.8081
vn -0.4534 0.4604 0.7632
vn -0.5906 0.6198 0.5167
vn -0.7238 0.5051 0.4701
vn -0.5091 0.4295 0.7459
vn -0.5556 0.3134 0.7702
vn -0.8414 -0.0455 0.5384
vn -0.6758 -0.6948 0.2461
vn -0.8662 0.0409 0.4981
vn -0.7158 -0.6490 0.2578
vn -0.6480 -0.7338 0.2039
vn -0.8250 -0.1297 0.5500
vn -0.6535 -0.7434 0.1423
vn -0.6438 -0.7376 0.2038
vn -0.8012 -0.2526 0.5425
vn -0.7030 -0.3140 0.6381
vn -0.0527 -0.8739 0.4833
vn -0.5026 -0.3292 0.7994
vn -0.4619 -0.7045 0.5388
vn -0.2882 -0.3980 0.8709
vn -0.1218 -0.9221 0.3674
vn -0.6014 -0.7886 0.1281
vn -0.4994 -0.7711 0.3949
vn -0.3819 -0.9076 0.1743
vn -0.1663 -0.3706 0.9138
vn 0.1037 -0.8873 0.4494
vn 0.1053 -0.8121 0.5739
vn -0.1624 -0.3603 0.9186
vn -0.1957 -0.4132 0.8894
vn -0.2957 -0.4266 0.8548
vn 0.0533 -0.7725 0.6328
vn -0.0261 -0.7994 0.6002
vn -0.3643 -0.3994 0.8413
vn -0.3560 -0.3175 0.8789
vn -0.0528 -0.8277 0.5587
vn 0.0144 -0.8284 0.5600
vn 0.2640 -0.7167 0.6455
vn -0.2843 -0.2004 0.9376
vn 0.1435 -0.7926 0.5926
vn -0.1930 -0.0922 0.9769
vn 0.0467 -0.6782 0.7334
vn 0.0344 -0.3957 0.9178
vn 0.1422 -0.6998 0.7001
vn -0.0479 -0.5394 0.8407
vn 0.1040 -0.2983 0.9488
vn 0.2799 -0.7010 0.6560
vn 0.0802 -0.9784 0.1905
vn 0.1923 -0.9575 0.2152
vn 0.1337 -0.9651 0.2250
vn 0.1059 -0.9518 0.2878
vn 0.2873 -0.9488 0.1316
vn 0.1714 -0.9651 0.1980
vn 0.0390 -0.2400 0.9700
vn 0.2417 -0.7298 0.6395
vn -0.0831 -0.2271 0.9703
vn 0.0581 -0.7794 0.6239
vn 0.2955 -0.9534 0.0613
vn 0.1367 -0.9817 0.1324
vn 0.2361 -0.9713 0.0278
vn 0.1278 -0.9855 0.1119
vn 0.0505 -0.9305 0.3628
vn 0.0190 -0.9384 0.3451
vn 0.0639 -0.9294 0.3636
vn 0.0559 -0.9326 0.3565
vn 0.0156 -0.9230 0.3844
vn 0.0936 -0.8978 0.4304
vn -0.1201 -0.2568 0.9590
vn -0.0423 -0.7891 0.6129
vn 0.0204 -0.2884 0.9573
vn 0.0840 -0.7945 0.6015
vn 0.2223 -0.9578 0.1822
vn 0.0116 -0.9114 0.4112
vn 0.1731 -0.9744 0.1433
vn 0.0255 -0.8875 0.4601
vn 0.0294 -0.9061 0.4220
vn 0.0075 -0.8843 0.4668
vn 0.1975 -0.9794 0.0418
vn 0.2271 -0.9719 0.0615
vn 0.2545 -0.3032 0.9183
vn 0.3199 -0.7815 0.5356
vn 0.3991 -0.3840 0.8326
vn 0.4636 -0.7955 0.3901
vn 0.4181 -0.5863 0.6938
vn 0.5296 -0.8187 0.2221
vn 0.3831 -0.7385 0.5549
vn 0.5995 -0.7867 0.1476
vn 0.3403 -0.9376 0.0709
vn 0.2861 -0.9350 0.2096
vn 0.4367 -0.8979 0.0550
vn 0.2962 -0.9340 0.2000
vn 0.0647 -0.9002 0.4307
vn 0.0177 -0.8770 0.4802
vn 0.0607 -0.8997 0.4322
vn -0.0240 -0.8777 0.4785
vn 0.5019 -0.8645 0.0291
vn 0.2952 -0.9367 0.1881
vn 0.5989 -0.8007 0.0095
vn 0.3765 -0.9070 0.1886
vn 0.0583 -0.8998 0.4324
vn -0.0188 -0.8860 0.4633
vn 0.1070 -0.8979 0.4270
vn 0.0513 -0.8845 0.4637
vn 0.6242 -0.7801 -0.0425
vn 0.4166 -0.8982 0.1403
vn 0.5828 -0.8062 0.1021
vn 0.4224 -0.9063 0.0114
vn 0.5286 -0.8381 -0.1351
vn 0.3543 -0.9344 0.0372
vn 0.1076 -0.9119 0.3960
vn 0.0208 -0.8819 0.4710
vn 0.0435 -0.9372 0.3460
vn -0.0786 -0.8818 0.4651
vn 0.0643 -0.9368 0.3438
vn -0.0440 -0.8678 0.4950
vn 0.3123 -0.9499 -0.0081
vn 0.3506 -0.9348 0.0564
vn 0.1256 -0.9092 0.3970
vn 0.0181 -0.8595 0.5108
vn 0.3945 -0.9068 0.1485
vn 0.1431 -0.8986 0.4148
vn 0.3793 -0.9199 0.0995
vn 0.0531 -0.8640 0.5007
vn 0.1760 -0.8843 0.4325
vn 0.0767 -0.8487 0.5232
vn 0.2190 -0.8798 0.4218
vn 0.0814 -0.8295 0.5525
vn 0.3952 -0.8954 0.2049
vn 0.4399 -0.8587 0.2630
vn 0.3286 -0.8353 0.4408
vn 0.2098 -0.7853 0.5824
vn 0.1440 -0.9738 0.1762
vn 0.3524 -0.9343 -0.0535
vn -0.2742 -0.9617 0.0012
vn 0.0051 -0.9736 -0.2283
vn 0.4263 -0.9044 0.0160
vn 0.2660 -0.9509 0.1584
vn 0.3292 -0.9397 -0.0925
vn 0.2705 -0.9601 -0.0706
vn 0.2710 -0.9623 0.0242
vn 0.2344 -0.9602 0.1518
vn 0.2195 -0.9234 0.3149
vn 0.3103 -0.9502 0.0280
vn 0.3218 -0.9434 0.0806
vn 0.1773 -0.9224 0.3431
vn 0.1877 -0.9411 0.2814
vn 0.3342 -0.9408 0.0560
vn 0.3758 -0.9262 0.0310
vn 0.2712 -0.9373 0.2191
vn 0.2528 -0.9486 0.1903
vn -0.0608 -0.8181 0.5719
vn 0.2762 -0.9560 0.0990
vn -0.0151 -0.8547 0.5189
vn -0.0955 -0.7278 0.6792
vn 0.2262 -0.9245 0.3068
vn -0.2808 -0.7365 0.6154
vn 0.0258 -0.8944 0.4465
vn -0.2205 -0.7339 0.6425
vn -0.0329 -0.9038 0.4267
vn 0.1324 -0.8543 0.5026
vn -0.0934 -0.7341 0.6726
vn 0.0033 -0.8770 0.4804
vn -0.2681 -0.7555 0.5979
vn 0.0252 -0.8809 0.4727
vn -0.1439 -0.7637 0.6294
vn 0.0685 -0.8616 0.5029
vn -0.0401 -0.7496 0.6607
vn -0.0770 -0.8705 0.4861
vn -0.3100 -0.7341 0.6041
vn -0.0955 -0.8777 0.4696
vn -0.3567 -0.7180 0.5977
vn 0.0400 -0.8662 0.4981
vn -0.1490 -0.7215 0.6762
vn 0.0217 -0.8461 0.5325
vn -0.1184 -0.7054 0.6988
vn -0.1280 -0.8315 0.5406
vn -0.2795 -0.6696 0.6881
vn -0.0998 -0.8062 0.5832
vn -0.2612 -0.6403 0.7224
vn -0.0859 -0.8158 0.5719
vn -0.2925 -0.6256 0.7232
vn -0.0247 -0.7921 0.6099
vn -0.2007 -0.5804 0.7892
vn -0.0725 -0.7403 0.6684
vn -0.2614 -0.5425 0.7983
vn -0.1278 -0.6732 0.7283
vn -0.2884 -0.4887 0.8234
vn -0.0248 -0.6396 0.7683
vn -0.2421 -0.4816 0.8423
vn -0.5502 0.0469 0.8337
vn -0.3385 -0.4547 0.8239
vn -0.5624 0.0533 0.8251
vn -0.1226 -0.7589 0.6396
vn -0.2981 -0.4696 0.8310
vn -0.0334 -0.7648 0.6433
vn -0.5330 -0.4084 0.7410
vn -0.6949 0.1177 0.7094
vn -0.5271 -0.3935 0.7532
vn -0.7307 0.1373 0.6687
vn -0.4440 -0.4090 0.7972
vn -0.7142 0.1042 0.6922
vn -0.5808 -0.4154 0.7001
vn -0.7910 0.0789 0.6067
vn -0.3854 -0.4827 0.7864
vn -0.6266 -0.0183 0.7791
vn -0.2153 -0.5179 0.8279
vn -0.4463 -0.0877 0.8906
vn -0.4960 -0.4596 0.7367
vn -0.5987 -0.0236 0.8006
vn -0.6025 -0.4008 0.6902
vn -0.7360 0.0573 0.6746
vn -0.3990 -0.4304 0.8097
vn -0.5927 0.0382 0.8045
vn -0.3365 -0.4278 0.8389
vn -0.5514 0.0623 0.8319
vn -0.4655 -0.3581 0.8094
vn -0.6338 0.1190 0.7643
vn -0.4916 -0.3145 0.8121
vn -0.6838 0.1457 0.7150
vn -0.4951 -0.2757 0.8239
vn -0.6566 0.1467 0.7398
vn -0.4566 -0.2567 0.8518
vn -0.6927 0.1236 0.7105
vn -0.4769 -0.2708 0.8362
vn -0.6812 0.0785 0.7279
vn -0.5788 0.7905 0.2003
vn -0.6495 0.5437 0.5315
vn -0.4607 0.8479 0.2623
vn -0.6522 0.0440 0.7568
vn -0.7901 0.4885 0.3702
vn -0.8406 0.0417 0.5400
vn -0.5962 0.5636 0.5718
vn -0.4313 0.8691 0.2422
vn -0.5962 0.5861 0.5487
vn -0.4298 0.8828 0.1894
vn -0.6634 0.6132 0.4289
vn -0.4859 0.8674 0.1069
vn -0.7012 0.6101 0.3690
vn -0.5165 0.8532 0.0725
vn -0.6983 0.5896 0.4059
vn -0.5226 0.8466 0.1006
vn -0.7312 0.5689 0.3764
vn -0.5185 0.8486 0.1052
vn -0.6721 0.5454 0.5009
vn -0.4695 0.8677 0.1634
vn -0.5671 0.5244 0.6351
vn -0.4416 0.8712 0.2147
vn -0.5932 0.5518 0.5863
vn -0.4825 0.8573 0.1792
vn -0.6772 0.5701 0.4651
vn -0.5031 0.8522 0.1436
vn -0.6152 0.5667 0.5480
vn -0.4772 0.8607 0.1776
vn -0.6265 0.5729 0.5285
vn -0.5442 0.8311 0.1145
vn -0.6962 0.5659 0.4416
vn -0.5925 0.8048 0.0355
vn -0.7337 0.5468 0.4034
vn -0.5950 0.8034 -0.0245
vn -0.7322 0.5342 0.4226
vn -0.6002 0.7975 -0.0610
vn -0.7808 0.4820 0.3976
vn -0.6508 0.7557 -0.0736
vn -0.7940 0.4365 0.4231
vn -0.7248 0.6871 -0.0496
vn -0.5555 0.6738 0.4873
vn -0.3498 0.0726 0.9340
vn -0.4681 0.1574 0.8695
vn -0.5053 0.6299 0.5898
vn -0.5249 0.5359 0.6613
vn -0.2771 -0.1240 0.9528
vn -0.9160 0.1919 0.3524
vn -0.7304 0.3417 0.5915
vn -0.9554 -0.1086 0.2746
vn -0.6740 -0.2318 0.7014
vn -0.7641 -0.6384 0.0927
vn -0.2837 -0.9589 0.0044
vn -0.0665 -0.9949 0.0756
vn -0.4152 -0.8317 0.3686
vn 0.1998 -0.9147 0.3513
vn 0.2357 -0.9208 0.3107
vn 0.1634 -0.9733 0.1612
vn 0.1944 -0.9576 0.2125
vn 0.2047 -0.8673 0.4539
vn -0.0680 -0.7172 0.6936
vn -0.5139 0.4755 0.7140
vn -0.4551 0.0191 0.8903
vn -0.3044 -0.4402 0.8447
vn 0.0617 -0.6561 0.7521
vn -0.5104 0.7503 0.4203
vn -0.6703 0.6572 0.3446
vn -0.6043 0.7352 0.3071
vn -0.7681 0.3795 0.5158
vn -0.6277 0.6074 0.4870
vn -0.7136 0.3755 0.5914
vn -0.8204 0.3689 0.4368
vn -0.7235 0.6536 0.2221
vn -0.6857 0.6984 0.2050
vn -0.7399 0.6489 0.1778
vn -0.7251 0.6707 0.1563
vn -0.8497 0.3460 0.3979
vn -0.8815 0.3199 0.3474
vn -0.7711 0.6237 0.1285
vn -0.7812 0.6179 0.0893
vn -0.8340 0.5502 0.0408
vn -0.8391 0.5435 -0.0226
vn -0.9255 0.2652 0.2705
vn -0.9558 0.1943 0.2209
vn -0.8886 0.4586 -0.0093
vn -0.8619 0.4970 -0.1011
vn -0.8903 0.4423 0.1086
vn -0.8554 0.5180 -0.0061
vn -0.9373 0.1963 0.2881
vn -0.8686 0.2854 0.4050
vn -0.8405 0.4615 0.2839
vn -0.8340 0.5300 0.1533
vn -0.7442 0.6586 0.1118
vn -0.8487 0.4717 -0.2391
vn -0.7314 0.6257 -0.2713
vn -0.9018 0.4318 -0.0183
vn -0.8353 0.5444 0.0767
vn -0.8355 0.1477 -0.5293
vn -0.6541 0.2631 -0.7092
vn -0.5368 0.4227 -0.7301
vn -0.9988 -0.0398 -0.0272
vn -0.8847 0.4047 0.2315
vn -0.8742 0.2905 0.3891
vn -0.9611 0.0979 -0.2581
vn -0.6750 0.6124 0.4116
vn -0.6201 0.5609 0.5485
vn -0.7005 0.3104 0.6426
vn -0.6140 0.7131 0.3384
vn -0.5295 0.0750 0.8450
vn -0.6538 -0.0484 0.7551
vn -0.7318 0.5308 0.4275
vn -0.6704 0.6412 0.3734
vn -0.6912 0.6275 0.3585
vn -0.7489 0.4892 0.4470
vn -0.3971 -0.9177 -0.0111
vn -0.4016 -0.9147 -0.0447
vn -0.4235 -0.9059 -0.0088
vn -0.3918 -0.9145 -0.1012
vn -0.4558 -0.8901 -0.0023
vn -0.4311 -0.9009 -0.0498
vn -0.5244 -0.8471 -0.0856
vn -0.5305 -0.8476 0.0106
vn -0.6107 -0.7860 -0.0963
vn -0.4716 -0.8744 -0.1145
vn -0.5954 -0.7982 -0.0911
vn -0.3638 -0.8923 -0.2671
vn -0.8824 0.0078 0.4704
vn -0.6746 -0.7115 0.1966
vn -0.9125 -0.1042 0.3955
vn -0.4954 -0.8585 0.1325
vn -0.8028 0.0293 0.5956
vn -0.7343 -0.2097 0.6456
vn -0.7110 -0.3941 0.5823
vn -0.8597 0.1441 0.4901
vn -0.7403 -0.1184 0.6617
vn -0.7177 -0.1872 0.6708
vn -0.9114 0.0315 0.4102
vn -0.7015 -0.6392 0.3152
vn -0.4754 -0.8780 -0.0551
vn -0.3355 -0.9410 -0.0449
vn -0.5590 -0.7853 0.2663
vn -0.5576 -0.2227 0.7997
vn -0.5414 -0.8122 0.2175
vn -0.6297 -0.1964 0.7516
vn -0.4875 -0.2110 0.8472
vn -0.5734 -0.7376 0.3566
vn -0.4313 -0.8693 0.2413
vn -0.6200 -0.2249 0.7517
vn -0.3967 -0.8741 0.2803
vn -0.5847 -0.2085 0.7840
vn -0.5328 -0.7175 0.4487
vn -0.5782 0.0089 0.8159
vn -0.6147 -0.3817 0.6903
vn -0.5301 0.3431 0.7754
vn -0.5970 -0.0144 0.8021
vn -0.4150 0.5290 0.7402
vn -0.5829 0.0176 0.8123
vn -0.5309 0.4875 0.6931
vn -0.5693 -0.0729 0.8189
vn -0.5913 0.3389 0.7318
vn -0.6250 -0.1683 0.7623
vn -0.6296 0.1509 0.7621
vn -0.5567 0.2310 0.7980
vn -0.4735 0.5561 0.6831
vn -0.6973 0.1511 0.7007
vn -0.3757 0.6146 0.6937
vn -0.6796 0.3190 0.6606
vn -0.8182 -0.0262 0.5744
vn -0.3798 0.2102 0.9009
vn -0.3559 0.5621 0.7466
vn -0.4471 0.2357 0.8628
vn -0.3711 0.4766 0.7970
vn -0.4460 0.1567 0.8812
vn -0.4164 0.3996 0.8166
vn -0.3877 0.1746 0.9051
vn -0.4012 0.3305 0.8542
vn -0.2402 0.2540 0.9369
vn -0.4191 0.1875 0.8884
vn -0.3527 0.2481 0.9022
vn -0.3025 0.2487 0.9202
vn -0.7273 0.1263 0.6746
vn -0.7107 -0.0376 0.7025
vn -0.7365 0.0794 0.6718
vn -0.6796 0.0941 0.7275
vn -0.7493 -0.0309 0.6615
vn -0.7687 0.0889 0.6334
vn -0.7572 0.1848 0.6264
vn -0.7242 0.0904 0.6837
vn -0.7046 0.2426 0.6668
vn -0.6945 0.0791 0.7152
vn -0.7776 0.0476 0.6269
vn -0.8052 0.1213 0.5805
vn -0.6846 -0.1697 0.7089
vn -0.7180 0.0070 0.6960
vn -0.6790 -0.1226 0.7239
vn -0.7312 0.0020 0.6821
vn -0.7424 -0.0369 0.6689
vn -0.6958 -0.1787 0.6956
vn -0.6884 -0.0699 0.7220
vn -0.6667 -0.1661 0.7266
vn -0.7330 -0.0900 0.6742
vn -0.7563 -0.0695 0.6506
vn -0.6794 -0.1314 0.7219
vn -0.7535 -0.1155 0.6472
vn -0.7941 0.0238 0.6073
vn -0.8382 0.0700 0.5409
vn -0.8053 -0.0241 0.5924
vn -0.8177 -0.1162 0.5638
vn -0.8692 0.0288 0.4936
vn -0.8002 0.0107 0.5996
vn -0.8208 -0.0444 0.5695
vn -0.7994 -0.1307 0.5864
vn -0.7499 -0.1326 0.6481
vn -0.7438 -0.1563 0.6499
vn -0.7487 -0.2441 0.6163
vn -0.4659 -0.2776 0.8402
vn -0.2058 -0.4317 0.8782
vn -0.2667 -0.6000 0.7542
vn -0.5646 -0.3772 0.7342
vn -0.9036 -0.0240 0.4277
vn -0.8476 -0.1776 0.5000
vn -0.8544 -0.2488 0.4561
vn -0.9275 -0.0722 0.3669
vn -0.7527 -0.2462 0.6106
vn -0.5932 -0.4301 0.6805
vn -0.7483 -0.3037 0.5898
vn -0.8107 -0.2041 0.5487
vn -0.7806 -0.2975 0.5498
vn -0.7360 -0.3936 0.5508
vn -0.9173 -0.0690 0.3922
vn -0.8736 0.0317 0.4857
vn -0.8009 -0.3162 0.5084
vn -0.7402 -0.2951 0.6041
vn 0.0088 -0.5477 0.8366
vn 0.1342 -0.6346 0.7611
vn 0.0692 -0.6798 0.7301
vn -0.0557 -0.7094 0.7026
vn -0.4489 -0.5264 0.7221
vn -0.3354 -0.4551 0.8249
vn -0.4942 -0.4076 0.7679
vn -0.6392 -0.3991 0.6574
vn -0.6214 -0.4985 0.6044
vn -0.4909 -0.5297 0.6917
vn -0.9143 -0.2254 0.3366
vn -0.8436 0.1013 0.5273
vn -0.6119 -0.2791 0.7401
vn -0.5491 -0.5036 0.6670
vn 0.1742 -0.7713 0.6122
vn 0.1165 -0.8882 0.4444
vn -0.1251 -0.7115 0.6915
vn 0.0181 -0.6488 0.7608
vn -0.2424 -0.5330 0.8107
vn -0.1352 -0.7321 0.6676
vn -0.2735 -0.3970 0.8761
vn -0.2667 -0.6210 0.7370
vn -0.3100 -0.3497 0.8841
vn -0.4103 -0.4976 0.7642
vn -0.3878 -0.4648 0.7959
vn -0.0516 -0.7756 0.6291
vn -0.6369 -0.4468 0.6283
vn -0.2621 -0.7786 0.5702
vn -0.0795 -0.7415 0.6662
vn 0.0362 -0.7452 0.6658
vn 0.1513 -0.9066 0.3940
vn -0.0713 -0.8949 0.4406
vn 0.0171 -0.9891 0.1461
vn 0.1393 -0.8916 0.4308
vn 0.1798 -0.9047 0.3864
vn 0.2869 -0.9321 0.2209
vn 0.0761 -0.9102 0.4070
vn 0.2810 -0.9275 0.2465
vn 0.1675 -0.9429 0.2879
vn 0.0883 -0.9263 0.3664
vn 0.0841 -0.9600 0.2670
vn 0.0564 -0.9318 0.3587
vn 0.1363 -0.9368 0.3223
vn 0.2257 -0.9397 0.2568
vn 0.3325 -0.9264 0.1770
vn 0.3606 -0.9201 0.1530
vn 0.0518 -0.8996 0.4336
vn -0.4706 -0.7744 0.4229
vn -0.1611 -0.3056 0.9384
vn 0.3648 -0.6383 0.6778
vn -0.1997 -0.9481 0.2474
vn 0.6284 -0.2146 0.7477
vn 0.0868 0.1452 0.9856
vn 0.5681 -0.4928 0.6591
vn 0.0685 -0.0222 0.9974
vn 0.3377 -0.9086 0.2456
vn -0.5963 -0.4952 0.6318
vn -0.0392 -0.9983 0.0428
vn -0.0759 -0.5805 0.8107
vn -0.5787 -0.4534 0.6779
vn -0.5229 -0.4027 0.7513
vn -0.2279 -0.9253 0.3031
vn -0.1558 -0.9658 0.2073
vn -0.4630 -0.3731 0.8040
vn -0.2715 -0.8969 0.3492
vn -0.4611 -0.3628 0.8098
vn -0.3006 -0.8845 0.3567
vn -0.5128 -0.3490 0.7844
vn -0.3306 -0.8714 0.3625
vn -0.6044 -0.3190 0.7300
vn -0.3975 -0.8406 0.3679
vn -0.7274 -0.2994 0.6174
vn -0.5083 -0.7963 0.3278
vn -0.8122 -0.3787 0.4438
vn -0.4943 -0.8578 0.1408
vn -0.0092 -0.9968 -0.0794
vn -0.0518 -0.9945 -0.0911
vn 0.1068 -0.9874 -0.1167
vn -0.1092 -0.9938 -0.0210
vn 0.1125 -0.9511 -0.2876
vn 0.0016 -0.9903 -0.1386
vn 0.1245 -0.9712 -0.2034
vn -0.0207 -0.9838 -0.1779
vn 0.2810 -0.9030 -0.3249
vn 0.0118 -0.9812 -0.1927
vn 0.1568 -0.9327 -0.3248
vn 0.0804 -0.9771 -0.1972
vn 0.3290 -0.9246 -0.1920
vn 0.2004 -0.9606 -0.1928
vn 0.4119 -0.8515 -0.3245
vn 0.4840 -0.8164 -0.3150
vn 0.5409 -0.8004 -0.2584
vn 0.6137 -0.7837 -0.0957
vn 0.7750 -0.5843 0.2408
vn 0.5351 -0.8417 -0.0718
vn 0.7499 -0.5035 0.4290
vn 0.4671 -0.8275 0.3116
vn 0.6067 -0.7950 -0.0001
vn 0.5352 -0.8404 -0.0847
vn 0.1259 -0.9920 -0.0033
vn 0.4984 -0.8529 -0.1554
vn 0.4527 -0.8442 -0.2869
vn -0.0225 -0.9587 -0.2837
vn 0.0736 -0.9033 -0.4226
vn 0.4274 -0.7970 -0.4268
vn 0.4520 -0.7824 -0.4284
vn 0.3449 -0.8522 -0.3935
vn 0.5051 -0.8133 -0.2888
vn 0.4662 -0.8052 -0.3665
vn 0.4092 -0.8624 -0.2980
vn 0.5026 -0.8461 -0.1778
vn 0.3070 -0.9399 -0.1493
vn 0.1363 -0.9615 -0.2388
vn -0.2423 -0.9661 0.0888
vn 0.1874 -0.9823 -0.0023
vn 0.2525 -0.9638 0.0851
vn -0.0688 -0.8742 0.4807
vn -0.4233 -0.3534 0.8342
vn -0.7398 -0.3743 0.5591
vn -0.8749 0.0189 0.4840
vn -0.6194 -0.4861 0.6165
vn -0.8945 -0.0688 0.4417
vn -0.6308 -0.2941 0.7181
vn -0.6712 -0.2359 0.7028
vn -0.2744 -0.7346 0.6205
vn -0.1751 -0.7340 0.6562
vn -0.7154 -0.6396 0.2812
vn 0.0465 -0.8201 0.5704
vn -0.1277 -0.7405 0.6598
vn -0.1676 -0.7503 0.6395
vn -0.0423 -0.9007 0.4323
vn -0.1510 -0.8266 0.5422
vn -0.1887 -0.6802 0.7083
vn -0.1957 -0.5956 0.7791
vn -0.1267 -0.5768 0.8070
vn -0.1862 -0.6889 0.7006
vn -0.2482 -0.5303 0.8107
vn -0.1790 -0.4555 0.8720
vn -0.1354 -0.3474 0.9279
vn -0.1380 -0.1496 0.9791
vn -0.0410 -0.0999 0.9942
vn 0.0112 0.0616 0.9980
vn -0.2506 -0.2020 0.9468
vn 0.0203 0.2000 0.9796
vn 0.3806 -0.9051 0.1899
vn 0.4336 -0.8992 0.0576
vn 0.4949 -0.8621 0.1084
vn 0.4644 -0.8634 0.1971
vn 0.2112 -0.8413 0.4976
vn 0.2417 -0.7019 0.6700
vn 0.3575 -0.6129 0.7046
vn 0.5659 -0.8174 0.1076
vn 0.0550 -0.1003 0.9934
vn 0.4494 -0.6112 0.6514
vn 0.6239 -0.7789 0.0637
vn -0.1487 -0.0888 0.9849
vn 0.3311 -0.6650 0.6694
vn 0.3647 -0.7447 0.5590
vn -0.1773 -0.1864 0.9663
vn 0.5326 -0.8179 0.2175
vn 0.5787 -0.8024 0.1461
vn 0.6246 -0.7807 0.0195
vn 0.5792 -0.8132 0.0562
vn 0.6341 -0.7706 0.0641
vn 0.5668 -0.8227 0.0445
vn 0.4247 -0.6158 0.6636
vn 0.3070 -0.6973 0.6477
vn 0.1218 -0.2136 0.9693
vn 0.0182 -0.3992 0.9167
vn -0.0936 -0.6130 0.7846
vn -0.3579 -0.0832 0.9300
vn -0.2838 -0.1630 0.9449
vn 0.0852 -0.7246 0.6839
vn -0.7145 -0.3965 0.5765
vn -0.6690 0.2064 0.7140
vn -0.8078 -0.2571 0.5304
vn -0.6233 0.3075 0.7190
vn -0.5943 -0.1954 0.7801
vn -0.5533 -0.1639 0.8167
vn -0.5798 0.4654 0.6687
vn -0.6236 0.3335 0.7071
vn -0.4872 0.4171 0.7672
vn -0.5490 0.4145 0.7258
vn -0.0900 -0.8545 0.5116
vn -0.5127 -0.1813 0.8392
vn -0.7096 -0.1247 0.6935
vn -0.2786 -0.8041 0.5252
vn -0.6446 0.5010 0.5775
vn -0.7059 0.4971 0.5046
vn -0.6965 0.4460 0.5621
vn -0.7227 0.4587 0.5171
vn -0.7256 0.2345 0.6470
vn -0.7497 0.2054 0.6291
vn -0.5968 -0.2478 0.7632
vn -0.6088 -0.2749 0.7442
vn -0.3093 -0.6469 0.6970
vn -0.6239 -0.0606 0.7792
vn -0.3200 -0.5559 0.7672
vn -0.5617 -0.0899 0.8224
vn -0.6341 0.5580 0.5353
vn -0.6033 0.5638 0.5640
vn -0.6426 0.5821 0.4982
vn -0.5589 0.6440 0.5224
vn -0.6763 0.2762 0.6829
vn -0.5426 0.3163 0.7782
vn -0.5109 -0.2333 0.8274
vn -0.3701 -0.1755 0.9123
vn -0.4468 -0.5707 0.6890
vn -0.3574 -0.7835 0.5083
vn -0.6612 -0.6286 0.4095
vn -0.6032 -0.7460 0.2822
vn -0.1194 -0.7298 0.6732
vn -0.3025 -0.5689 0.7648
vn -0.0993 -0.7823 0.6150
vn -0.1317 -0.8476 0.5140
vn -0.3180 -0.6471 0.6929
vn -0.3568 -0.6541 0.6669
vn -0.2897 -0.5921 0.7520
vn -0.0872 -0.8267 0.5558
vn -0.0307 -0.7251 0.6879
vn -0.2170 -0.4747 0.8530
vn -0.2360 -0.3980 0.8865
vn -0.3701 -0.1156 0.9218
vn -0.0431 -0.6493 0.7593
vn -0.0756 -0.6167 0.7836
vn -0.2809 -0.3538 0.8922
vn -0.4073 -0.0833 0.9095
vn 0.2270 -0.8473 0.4801
vn 0.4555 -0.8647 0.2116
vn 0.2148 -0.8899 0.4025
vn 0.4197 -0.8795 0.2242
vn 0.4897 -0.8499 0.1947
vn 0.1976 -0.8204 0.5365
vn -0.6301 -0.4751 0.6142
vn -0.9019 0.3217 0.2882
vn -0.7115 0.5820 0.3937
vn -0.7186 0.0446 0.6940
vn -0.5919 -0.2326 0.7717
vn -0.8001 -0.1185 0.5881
vn -0.5114 -0.6107 0.6045
vn -0.4955 -0.3462 0.7966
vn -0.6050 -0.4306 0.6697
vn -0.6146 -0.6189 0.4891
vn -0.7430 -0.5925 0.3114
vn -0.6669 -0.6826 0.2988
vn -0.5453 -0.7998 0.2511
vn -0.6623 -0.2754 0.6967
vn -0.7026 -0.2784 0.6549
vn -0.6226 -0.7071 0.3352
vn -0.2927 -0.8955 0.3353
vn -0.5178 -0.5002 0.6941
vn -0.1485 -0.5762 0.8037
vn -0.0118 -0.8488 0.5286
vn 0.0798 -0.8428 0.5323
vn 0.0124 -0.6386 0.7695
vn 0.0941 -0.7190 0.6887
vn 0.0719 -0.9025 0.4246
vn 0.1280 -0.9229 0.3631
vn 0.2749 -0.8939 0.3542
vn -0.5851 0.3094 0.7496
vn -0.5146 0.2250 0.8274
vn -0.5893 0.4806 0.6494
vn -0.5905 0.2244 0.7752
vn -0.5102 0.0739 0.8569
vn -0.5416 0.1520 0.8268
vn -0.4595 0.0674 0.8856
vn -0.4913 0.0598 0.8690
vn -0.4926 0.2825 0.8231
vn -0.5031 0.0943 0.8591
vn -0.4682 -0.1257 0.8746
vn -0.5685 -0.1930 0.7997
vn -0.5354 -0.1013 0.8385
vn -0.6108 0.0990 0.7856
vn -0.6681 -0.0915 0.7384
vn -0.5264 0.3012 0.7951
vn -0.5208 0.4602 0.7190
vn -0.4908 0.5010 0.7128
vn -0.5055 0.4445 0.7396
vn -0.6235 0.0887 0.7767
vn -0.6572 0.1798 0.7320
vn -0.6950 -0.1389 0.7055
vn -0.6270 -0.2583 0.7350
vn -0.4653 0.3380 0.8181
vn -0.4003 0.4375 0.8052
vn -0.2283 0.3142 0.9215
vn -0.2477 0.1575 0.9559
vn -0.3495 -0.2880 0.8916
vn -0.5001 -0.0104 0.8659
vn -0.5105 -0.3327 0.7929
vn -0.2963 -0.0386 0.9543
vn -0.1152 -0.0158 0.9932
vn -0.0956 0.2989 0.9495
vn -0.1450 -0.0726 0.9868
vn -0.2394 0.1263 0.9627
vn -0.1318 0.1392 0.9814
vn -0.1997 -0.0750 0.9770
vn -0.2100 0.2560 0.9436
vn -0.2106 0.2428 0.9469
vn -0.9509 0.1967 -0.2391
vn -0.9667 -0.2337 0.1039
vn -0.9987 0.0459 0.0237
vn -0.9548 -0.2624 0.1399
vn -0.9456 -0.0404 -0.3227
vn -0.9402 -0.0576 -0.3356
vn -0.9326 -0.3065 0.1904
vn -0.9399 -0.2912 0.1780
vn -0.9797 0.0092 0.2002
vn -0.8671 -0.4125 0.2791
vn -0.9935 -0.0989 0.0560
vn -0.9746 -0.2071 0.0850
vn -0.8990 0.4129 0.1458
vn -0.9254 -0.2516 0.2833
vn -0.8610 0.3893 0.3273
vn -0.8588 0.5085 -0.0616
vn -0.9584 0.1074 -0.2645
vn -0.9510 0.0017 -0.3093
vn -0.7552 0.5593 0.3419
vn -0.9605 0.2204 0.1697
vn -0.8128 0.5532 0.1826
vn -0.9259 0.0893 0.3670
vn -0.9273 0.3405 -0.1553
vn -0.7998 0.6002 -0.0103
vn -0.8998 0.4248 0.0998
vn -0.8674 0.4900 -0.0866
vn -0.8343 0.4710 0.2865
vn -0.8937 -0.2218 0.3901
vn -0.8345 0.4303 0.3441
vn -0.8335 -0.4399 0.3342
vn -0.8679 -0.2706 0.4167
vn -0.8964 -0.1081 0.4299
vn -0.8478 0.4103 0.3361
vn -0.8224 0.4902 0.2889
vn -0.9305 0.0289 0.3652
vn -0.7466 0.5831 0.3202
vn -0.9239 0.0485 0.3794
vn -0.7257 0.6113 0.3157
vn -0.9306 0.1309 0.3419
vn -0.8882 0.1731 0.4256
vn -0.7564 0.5879 0.2868
vn -0.8842 -0.0846 0.4593
vn -0.8166 0.4447 0.3679
vn -0.8466 -0.2704 0.4584
vn -0.8459 -0.2201 0.4857
vn -0.8702 0.0377 0.4912
vn -0.7531 0.5357 0.3819
vn -0.6487 0.5453 0.5309
vn -0.6797 0.0072 0.7334
vn -0.6002 0.7524 0.2716
vn -0.6123 0.7609 0.2145
vn -0.7132 0.5271 0.4620
vn -0.6973 -0.1614 0.6984
vn -0.8264 0.2277 0.5150
vn -0.6705 0.6376 0.3795
vn -0.8284 -0.1423 0.5417
vn -0.7904 -0.1318 0.5983
vn -0.7765 0.4133 0.4756
vn -0.6062 0.7167 0.3448
vn -0.8686 0.3135 0.3837
vn -0.9034 0.0760 0.4220
vn -0.8196 0.4799 0.3130
vn -0.9016 0.0235 0.4320
vn -0.8525 -0.1170 0.5094
vn -0.7998 0.4940 0.3410
vn -0.8406 0.0884 0.5345
vn -0.7489 -0.1819 0.6372
vn -0.8447 0.2334 0.4817
vn -0.7704 -0.1677 0.6151
vn -0.8329 -0.0947 0.5453
vn -0.5988 -0.3966 0.6958
vn -0.5263 -0.5337 0.6619
vn -0.6251 -0.4510 0.6370
vn -0.7072 0.5637 0.4267
vn -0.7435 -0.0963 0.6617
vn -0.6069 0.7504 0.2621
vn -0.9028 -0.3096 0.2986
vn -0.8952 -0.3411 0.2869
vn -0.7362 -0.4236 0.5278
vn -0.8144 -0.3306 0.4770
vn -0.6503 -0.4349 0.6229
vn -0.3457 -0.6550 0.6719
vn -0.1494 -0.7679 0.6229
vn -0.4670 -0.5681 0.6776
vn -0.0205 -0.7087 0.7052
vn -0.0984 -0.8160 0.5697
vn -0.3897 -0.5163 0.7626
vn -0.1187 -0.4959 0.8602
vn -0.1546 -0.6311 0.7601
vn -0.3839 -0.7054 0.5959
vn -0.4570 -0.6728 0.5818
vn -0.4895 -0.6249 0.6082
vn -0.4103 -0.6860 0.6009
vn -0.4858 -0.6247 0.6114
vn -0.3410 -0.6566 0.6728
vn -0.2414 -0.7693 0.5915
vn -0.4956 -0.0776 0.8651
vn -0.4353 -0.3712 0.8202
vn -0.6052 -0.1779 0.7759
vn -0.6144 -0.3902 0.6858
vn -0.4403 -0.3300 0.8350
vn -0.6724 -0.5115 0.5351
vn -0.3930 -0.7161 0.5768
vn -0.5795 -0.5806 0.5719
vn -0.5599 -0.6045 0.5666
vn -0.6131 -0.4162 0.6715
vn -0.6256 -0.5094 0.5909
vn -0.6943 -0.4652 0.5492
vn -0.6434 -0.5369 0.5457
vn 0.0128 0.9960 -0.0881
vn -0.2028 0.9791 0.0127
vn 0.0470 0.9845 -0.1690
vn -0.2655 0.9631 0.0436
vn -0.1942 0.9800 -0.0436
vn 0.0229 0.9676 -0.2513
vn -0.2386 0.9654 -0.1057
vn -0.0463 0.9449 -0.3240
vn -0.2975 0.9445 -0.1394
vn -0.0790 0.9373 -0.3395
vn -0.0643 0.9461 -0.3175
vn -0.3017 0.9418 -0.1485
vn -0.2939 0.9456 -0.1397
vn -0.0736 0.9430 -0.3246
vn -0.2737 0.9520 -0.1371
vn -0.0630 0.9466 -0.3161
vn -0.2458 0.9623 -0.1169
vn -0.0781 0.9465 -0.3131
vn -0.2456 0.9636 -0.1054
vn -0.0705 0.9513 -0.3001
vn -0.2659 0.9539 -0.1389
vn -0.0695 0.9448 -0.3201
vn -0.2666 0.9500 -0.1626
vn -0.0810 0.9301 -0.3584
vn -0.2900 0.9387 -0.1863
vn -0.1197 0.9027 -0.4132
vn -0.3471 0.9022 -0.2560
vn -0.1290 0.8692 -0.4773
vn -0.3400 0.8796 -0.3327
vn -0.1249 0.8295 -0.5444
vn -0.3204 0.8561 -0.4055
vn -0.1838 0.7935 -0.5802
vn -0.3378 0.8307 -0.4425
vn -0.2993 0.7818 -0.5470
vn -0.3733 0.7518 -0.5435
vn -0.3929 0.8046 -0.4453
vn -0.4654 0.7567 -0.4592
vn -0.3401 0.7775 -0.5290
vn -0.3771 0.7369 -0.5610
vn -0.1379 0.7704 -0.6225
vn -0.1786 0.6856 -0.7057
vn -0.3905 0.7538 -0.5285
vn -0.1071 0.7563 -0.6454
vn -0.3884 0.7744 -0.4994
vn -0.2230 0.9699 -0.0975
vn 0.0943 0.9778 -0.1871
vn -0.0343 0.9780 -0.2057
vn 0.1437 0.9778 -0.1525
vn -0.0600 0.9902 -0.1258
vn 0.0286 0.9954 -0.0920
vn -0.3771 0.9211 -0.0964
vn -0.1170 0.9553 -0.2715
vn -0.1424 0.9429 -0.3011
vn -0.3364 0.9370 -0.0943
vn -0.3691 0.9267 -0.0709
vn -0.1479 0.9478 -0.2825
vn -0.1571 0.9549 -0.2519
vn -0.3818 0.9192 -0.0969
vn -0.2852 0.9573 -0.0475
vn -0.1767 0.9546 -0.2398
vn -0.1731 0.9571 -0.2325
vn -0.3405 0.9388 -0.0520
vn -0.2163 0.9737 -0.0721
vn -0.1291 0.9665 -0.2216
vn -0.1148 0.9650 -0.2359
vn -0.2304 0.9717 -0.0512
vn -0.3036 0.9460 -0.1138
vn -0.1283 0.9537 -0.2719
vn -0.1510 0.9391 -0.3088
vn -0.2508 0.9622 -0.1062
vn -0.1635 0.9300 -0.3293
vn -0.3596 0.9294 -0.0833
vn -0.2262 0.9192 -0.3225
vn -0.3666 0.9294 -0.0434
vn -0.3021 0.8550 -0.4216
vn -0.1341 0.9711 -0.1977
vn -0.2646 0.9616 -0.0723
vn -0.2927 0.8840 -0.3646
vn -0.2450 0.7989 -0.5494
vn -0.0109 0.9493 -0.3142
vn -0.0686 0.7352 -0.6743
vn 0.1293 0.9323 -0.3379
vn -0.2713 0.9625 0.0073
vn -0.2096 0.9726 0.1008
vn -0.3577 0.9331 -0.0362
vn -0.4787 0.8726 0.0969
vn -0.4022 0.9024 0.1549
vn -0.3298 0.9152 0.2317
vn -0.4337 0.9004 -0.0354
vn -0.4780 0.8784 -0.0042
vn -0.5972 0.7916 0.1296
vn -0.5599 0.8236 0.0907
vn -0.4752 0.8797 0.0167
vn -0.4427 0.8958 0.0388
vn -0.5451 0.8179 0.1840
vn -0.5757 0.7999 0.1693
vn -0.3899 0.9179 0.0743
vn -0.3260 0.9400 0.1007
vn -0.4267 0.8670 0.2572
vn -0.5094 0.8340 0.2121
vn -0.6095 0.3697 0.7014
vn -0.5076 0.7418 0.4382
vn -0.5995 0.7180 0.3536
vn -0.4291 0.7863 0.4445
vn -0.5390 0.4311 0.7236
vn -0.5124 0.5421 0.6660
vn -0.6867 0.2911 0.6661
vn -0.7060 0.6257 0.3319
vn -0.6988 0.2727 0.6612
vn -0.6816 0.6610 0.3140
vn -0.6388 0.3584 0.6808
vn -0.5882 0.7075 0.3917
vn -0.5482 0.4610 0.6979
vn -0.6593 0.6469 0.3833
vn -0.5402 0.8198 0.1898
vn -0.6607 0.6225 0.4194
vn -0.6039 0.7014 0.3786
vn -0.6538 0.4905 0.5761
vn -0.6216 0.7441 0.2449
vn -0.6479 0.5560 0.5207
vn -0.6838 0.5813 0.4409
vn -0.5804 0.7994 0.1551
vn -0.6888 0.6997 0.1897
vn -0.6675 0.7380 0.0991
vn -0.7185 0.5165 0.4658
vn -0.7759 0.3697 0.5112
vn -0.7722 0.6041 0.1969
vn -0.7349 0.6766 0.0467
vn -0.8019 0.5541 0.2236
vn -0.7678 0.6402 0.0251
vn -0.7768 0.3180 0.5435
vn -0.7154 0.2735 0.6430
vn -0.7730 0.4919 0.4008
vn -0.7189 0.6923 0.0626
vn -0.6169 0.5165 0.5939
vn -0.5520 0.8135 0.1828
vn -0.5704 0.3025 0.7636
vn -0.4217 0.3272 0.8457
vn -0.4364 0.5437 0.7169
vn -0.3449 0.8888 0.3018
vn -0.3083 0.5739 0.7587
vn -0.1810 0.9077 0.3787
vn -0.3472 0.3536 0.8685
vn -0.3097 0.4163 0.8549
vn -0.2244 0.6303 0.7432
vn -0.0758 0.9141 0.3984
vn -0.1701 0.7112 0.6821
vn -0.0362 0.9266 0.3742
vn -0.2752 0.4907 0.8267
vn -0.2655 0.5172 0.8136
vn -0.1806 0.7478 0.6389
vn -0.0807 0.9288 0.3616
vn -0.2897 0.7033 0.6492
vn -0.1526 0.9224 0.3547
vn -0.2345 0.7342 0.6371
vn -0.2839 0.5037 0.8159
vn -0.3257 0.4914 0.8077
vn -0.1971 0.9196 0.3399
vn -0.3359 0.6912 0.6399
vn -0.2400 0.9163 0.3207
vn -0.3694 0.5039 0.7808
vn -0.3698 0.5234 0.7677
vn -0.3162 0.7041 0.6358
vn -0.2145 0.9190 0.3308
vn 0.0334 0.9150 0.4020
vn -0.2181 0.7174 0.6617
vn -0.0801 0.6896 0.7198
vn -0.1169 0.9269 0.3567
vn -0.2696 0.5356 0.8003
vn -0.1274 0.4919 0.8613
vn 0.1389 0.8837 0.4469
vn 0.0186 0.6561 0.7544
vn -0.0495 0.4133 0.9092
vn -0.0604 0.3501 0.9348
vn 0.0237 0.6735 0.7388
vn 0.1280 0.8851 0.4475
vn -0.6306 0.3734 0.6804
vn -0.6643 0.3180 0.6764
vn -0.6757 0.4141 0.6099
vn -0.6163 0.2864 0.7336
vn -0.6948 0.1702 0.6988
vn -0.6313 0.1460 0.7617
vn -0.6034 0.0185 0.7972
vn -0.6385 0.0399 0.7686
vn -0.5692 0.1298 0.8119
vn -0.5837 0.0155 0.8118
vn -0.5956 0.0300 0.8027
vn -0.6911 0.1111 0.7142
vn -0.6476 0.1296 0.7509
vn -0.5120 0.0726 0.8559
vn -0.4960 0.0524 0.8667
vn -0.4672 0.1373 0.8734
vn -0.4179 0.1229 0.9001
vn -0.5366 0.1946 0.8211
vn -0.4139 0.2519 0.8748
vn -0.3885 0.2396 0.8897
vn -0.3681 0.2894 0.8836
vn -0.3920 0.1993 0.8981
vn -0.3592 0.3236 0.8754
vn -0.2943 0.3436 0.8918
vn -0.3326 0.3484 0.8763
vn -0.3537 0.2494 0.9015
vn -0.3051 0.2544 0.9177
vn -0.2984 0.2368 0.9246
vn -0.2965 0.3139 0.9020
vn -0.2763 0.2570 0.9260
vn -0.3416 0.2887 0.8944
vn -0.3811 0.1438 0.9133
vn -0.3873 0.2834 0.8773
vn -0.3428 0.1913 0.9197
vn -0.4016 0.2848 0.8704
vn -0.2363 0.1670 0.9572
vn -0.3268 0.2920 0.8989
vn -0.3681 0.1253 0.9213
vn -0.1527 0.2960 0.9429
vn -0.5725 0.5417 0.6155
vn -0.6307 0.6167 0.4711
vn -0.2748 0.9534 0.1242
vn -0.5754 0.3941 0.7167
vn -0.4329 0.7326 0.5253
vn -0.6462 0.4319 0.6292
vn -0.6469 0.4614 0.6071
vn -0.6637 0.4512 0.5966
vn -0.6443 0.4469 0.6206
vn -0.5666 0.2615 0.7814
vn -0.0116 -0.9990 0.0426
vn 0.1934 -0.9810 0.0158
vn -0.0622 -0.9981 -0.0012
vn 0.1853 -0.9794 -0.0802
vn 0.0429 -0.9980 0.0472
vn -0.0309 -0.9980 0.0558
vn -0.2479 -0.8841 0.3962
vn 0.0151 -0.9396 0.3418
vn -0.0963 -0.9951 -0.0217
vn 0.0927 -0.9864 0.1358
vn 0.2825 -0.9493 0.1377
vn 0.4343 -0.9000 0.0381
vn 0.3314 -0.9433 0.0200
vn 0.0455 -0.9848 0.1678
vn 0.3094 -0.9371 -0.1614
vn 0.3423 -0.9361 -0.0811
vn 0.4016 -0.9018 -0.1596
vn 0.2012 -0.9534 -0.2249
vn 0.3360 -0.9417 -0.0168
vn 0.4443 -0.8938 -0.0606
vn -0.3466 -0.8623 0.3692
vn -0.0714 -0.9895 -0.1259
vn -0.0333 -0.9803 -0.1948
vn -0.1696 -0.9423 0.2887
vn 0.3574 -0.9227 0.1444
vn 0.2507 -0.9564 0.1498
vn 0.1918 -0.9434 0.2706
vn 0.0228 -0.9708 0.2389
vn -0.1680 -0.9835 -0.0664
vn 0.0570 -0.9543 -0.2934
vn 0.0503 -0.9901 -0.1308
vn -0.0688 -0.9617 -0.2652
vn 0.0958 -0.9927 0.0731
vn -0.1179 -0.9828 0.1424
vn -0.0946 -0.8970 0.4317
vn -0.4821 -0.6937 0.5352
vn -0.2913 -0.8943 0.3397
vn -0.6077 -0.6752 0.4181
vn -0.4585 -0.8863 -0.0648
vn -0.0827 -0.9724 0.2184
vn -0.1427 -0.9771 -0.1575
vn -0.4774 -0.8618 0.1712
vn -0.2916 -0.9428 -0.1617
vn -0.4000 -0.9157 0.0390
vn -0.6451 -0.7482 0.1555
vn -0.5682 -0.8227 -0.0190
vn -0.3895 -0.8931 0.2251
vn -0.6453 -0.6987 0.3091
vn -0.7978 -0.5895 -0.1266
vn -0.8960 -0.2790 -0.3453
vn -0.8465 -0.5236 -0.0964
vn -0.9635 -0.0407 -0.2648
vn -0.8402 -0.1362 -0.5249
vn -0.8060 0.0256 -0.5913
vn -0.7770 -0.3701 0.5092
vn -0.8137 -0.3766 0.4428
vn -0.8962 0.0411 0.4417
vn -0.9474 0.0452 0.3168
vn -0.9810 0.1519 0.1207
vn -0.9055 -0.4133 0.0963
vn -0.9177 -0.3392 0.2069
vn -0.9898 0.0881 0.1116
vn -0.8766 -0.3695 0.3082
vn -0.9953 0.0825 0.0508
vn -0.6508 0.2062 -0.7307
vn -0.8588 0.3233 -0.3973
vn -0.6672 0.5403 -0.5128
vn -0.4930 0.3541 -0.7947
vn -0.7274 0.6862 -0.0016
vn -0.8410 0.4389 0.3164
vn -0.6638 0.7284 0.1697
vn -0.9004 0.4129 0.1370
vn -0.8853 0.4579 0.0812
vn -0.7362 0.6746 -0.0542
vn -0.8853 0.4633 0.0410
vn -0.7732 0.6339 -0.0167
vn -0.9130 0.3722 -0.1670
vn -0.7748 0.5977 -0.2058
vn -0.7369 0.6752 -0.0330
vn -0.5249 0.7388 -0.4227
vn -0.7013 0.7056 0.1017
vn -0.6444 0.6243 -0.4416
vn -0.3833 0.6449 -0.6611
vn -0.4637 0.4918 -0.7370
vn -0.1464 0.9789 -0.1423
vn -0.3673 0.9294 0.0356
vn -0.0445 0.9960 -0.0778
vn -0.4596 0.8848 -0.0770
vn -0.4105 0.4296 -0.8043
vn -0.4705 0.6150 -0.6328
vn -0.2000 0.9043 -0.3772
vn -0.3791 0.9244 0.0412
vn -0.3023 0.8382 -0.4539
vn -0.2574 0.9293 -0.2649
vn -0.0737 0.9502 -0.3029
vn -0.5738 0.6768 0.4612
vn -0.6282 0.5609 0.5393
vn 0.0563 0.9823 -0.1789
vn 0.1412 0.9759 -0.1662
vn -0.0170 0.9997 0.0192
vn -0.2256 0.9566 -0.1846
vn -0.0211 0.9694 -0.2445
vn -0.2814 0.9083 0.3096
vn -0.5277 0.8310 -0.1759
vn -0.5556 0.8178 -0.1504
vn -0.5360 0.7905 -0.2963
vn -0.6958 0.4780 0.5361
vn -0.7936 0.5360 0.2880
vn -0.7601 0.4408 0.4775
vn -0.7740 0.4530 0.4424
vn -0.7265 0.6829 0.0766
vn -0.6074 0.7761 0.1697
vn -0.6542 0.7461 0.1242
vn -0.7814 0.5308 0.3281
vn -0.7373 0.5427 0.4022
vn -0.5222 0.7236 0.4514
vn -0.6991 0.3115 0.6436
vn -0.5989 0.5217 0.6076
vn -0.6372 0.6423 0.4259
vn -0.7318 0.5810 0.3564
vn -0.6879 0.2028 0.6969
vn -0.7887 0.5335 0.3053
vn -0.6864 0.1689 0.7074
vn -0.8601 0.4663 0.2066
vn -0.7397 0.2608 0.6203
vn -0.8983 0.4319 0.0814
vn -0.8897 0.3970 0.2254
vn -0.8900 0.4559 -0.0024
vn -0.7928 0.5822 0.1805
vn -0.8566 0.5151 0.0298
vn -0.7506 0.6413 0.1593
vn -0.7407 0.6539 0.1544
vn -0.7499 0.6013 0.2758
vn -0.7611 0.3281 0.5596
vn -0.8209 0.3937 0.4136
vn -0.7726 0.2508 0.5833
vn -0.6833 0.3741 0.6270
vn -0.6867 0.5263 0.5014
vn -0.5955 0.1947 0.7795
vn -0.6578 0.2829 0.6980
vn -0.7151 0.4472 0.5373
vn -0.6205 0.7709 0.1439
vn -0.5916 0.3432 0.7295
vn -0.4691 0.8482 0.2459
vn -0.6335 0.2186 0.7422
vn -0.8196 0.3186 0.4762
vn -0.8018 0.5975 -0.0115
vn -0.7285 0.6811 0.0739
vn -0.7884 0.4504 0.4191
vn -0.7946 -0.4816 0.3696
vn -0.9651 -0.1400 0.2214
vn -0.8667 -0.4747 0.1532
vn -0.9399 -0.2321 0.2504
vn -0.9565 0.0791 -0.2808
vn -0.8068 -0.3953 -0.4392
vn -0.3144 -0.8126 0.4908
vn -0.8783 -0.3620 0.3122
vn -0.6280 -0.6565 0.4178
vn -0.7028 -0.5177 0.4880
vn -0.3359 -0.6327 0.6978
vn 0.0607 -0.8454 0.5306
vn 0.2387 -0.7971 0.5547
vn -0.0530 -0.6079 0.7922
vn -0.2558 -0.5911 0.7650
vn -0.0322 -0.8342 0.5506
vn -0.3940 -0.8045 0.4445
vn -0.5568 -0.5807 0.5939
vn -0.6902 -0.4998 0.5233
vn -0.5223 -0.7245 0.4498
vn -0.4758 -0.7019 0.5301
vn -0.7229 -0.4430 0.5303
vn -0.6393 -0.4992 0.5849
vn -0.3021 -0.7381 0.6033
vn -0.1362 -0.7600 0.6355
vn -0.4479 -0.5690 0.6896
vn -0.1591 -0.7678 0.6207
vn -0.3280 -0.7712 0.5456
vn -0.3141 -0.5738 0.7564
vn -0.4405 -0.5052 0.7421
vn -0.6108 -0.3607 0.7048
vn -0.6717 -0.2776 0.6868
vn -0.4952 -0.7403 0.4547
vn -0.5323 -0.7296 0.4294
vn -0.6616 -0.3243 0.6761
vn -0.5990 -0.3967 0.6956
vn -0.5262 -0.7431 0.4135
vn -0.4798 -0.7690 0.4224
vn -0.5033 -0.4345 0.7469
vn -0.3898 -0.3704 0.8432
vn -0.4285 -0.7727 0.4684
vn -0.3619 -0.7488 0.5552
vn -0.2730 -0.1919 0.9427
vn -0.2731 -0.0168 0.9618
vn -0.2617 -0.6994 0.6651
vn -0.2209 -0.5821 0.7826
vn 0.0091 -0.9723 0.2335
vn 0.4838 -0.8732 -0.0583
vn 0.0232 -0.9887 0.1484
vn 0.4550 -0.8831 -0.1140
vn 0.4341 -0.8964 0.0893
vn 0.0824 -0.9379 0.3371
vn 0.1809 -0.8906 0.4174
vn 0.3523 -0.9033 0.2447
vn 0.2545 -0.9052 0.3402
vn 0.1679 -0.8689 0.4657
vn 0.0444 -0.8909 0.4520
vn 0.1450 -0.9322 0.3315
vn 0.0332 -0.9712 0.2360
vn -0.1052 -0.9347 0.3395
vn -0.2082 -0.9616 0.1789
vn -0.0696 -0.9929 0.0965
vn -0.2546 -0.9634 0.0836
vn -0.1246 -0.9918 -0.0280
vn -0.2826 -0.9583 0.0433
vn -0.2395 -0.9706 0.0221
vn -0.0996 -0.9871 -0.1253
vn 0.0118 -0.9795 -0.2010
vn -0.1767 -0.9840 -0.0225
vn -0.0858 -0.9915 -0.0976
vn 0.1198 -0.9471 -0.2977
vn 0.1705 -0.8965 -0.4089
vn 0.0108 -0.9912 -0.1318
vn 0.0210 -0.9996 -0.0208
vn 0.1738 -0.8607 -0.4786
vn 0.1400 -0.8713 -0.4703
vn -0.5092 0.3084 0.8035
vn -0.5215 0.2607 0.8125
vn -0.5509 0.5021 0.6667
vn -0.5576 0.5846 0.5893
vn 0.2127 -0.7964 0.5661
vn -0.0265 -0.5984 0.8007
vn 0.5141 -0.8343 0.1991
vn 0.5873 -0.7602 0.2778
vn 0.3981 -0.7020 0.5905
vn 0.1579 -0.4563 0.8757
vn -0.2573 0.0542 0.9648
vn -0.2543 -0.3345 0.9074
vn -0.0482 -0.1618 0.9856
vn -0.4063 -0.0505 0.9123
vn -0.3739 -0.1005 0.9220
vn -0.5644 0.3978 0.7233
vn -0.4662 0.5881 0.6609
vn -0.0950 0.6687 0.7374
vn 0.0049 0.8509 0.5253
vn -0.4283 0.2897 0.8560
vn -0.1686 0.4507 0.8766
vn -0.3602 0.6642 0.6550
vn 0.8265 0.5416 0.1535
vn 0.2099 0.3628 0.9079
vn 0.6019 0.0461 0.7973
vn 0.4474 0.8063 0.3868
vn 0.8613 -0.3575 0.3610
vn 0.8447 -0.5323 -0.0559
vn 0.9684 0.1149 -0.2214
vn 0.9053 -0.1782 -0.3855
vn 0.5463 -0.7395 0.3932
vn 0.6358 -0.7690 0.0666
vn 0.1672 -0.4787 0.8619
vn 0.4834 -0.0726 0.8724
vn 0.7970 -0.4871 0.3572
vn 0.8484 -0.5259 -0.0602
vn -0.1539 0.1779 0.9719
vn 0.0281 0.4899 0.8713
vn -0.2710 0.3031 0.9136
vn -0.2985 0.5647 0.7694
vn -0.3408 0.2250 0.9128
vn -0.4117 0.4051 0.8163
vn -0.3696 0.0646 0.9270
vn -0.4349 0.1185 0.8927
vn -0.3709 -0.0564 0.9270
vn -0.4223 -0.1355 0.8963
vn -0.3516 -0.4190 0.8371
vn -0.3447 -0.5046 0.7915
vn 0.0889 -0.9359 -0.3410
vn 0.0743 -0.9663 -0.2466
vn -0.1238 -0.9636 0.2370
vn -0.1045 -0.9491 0.2971
vn 0.2013 -0.9521 0.2301
vn -0.0937 -0.5775 0.8110
vn 0.3075 -0.9281 -0.2098
vn 0.7256 -0.6371 -0.2599
vn 0.8199 -0.5639 0.0989
vn 0.5798 -0.3865 0.7172
vn -0.1526 -0.0168 0.9881
vn -0.1183 0.3554 0.9272
vn 0.6667 0.1515 0.7298
vn 0.6197 0.5107 0.5959
vn 0.9957 -0.0334 0.0859
vn 0.9489 0.3152 0.0161
vn 0.9327 -0.2110 -0.2926
vn 0.9538 0.1179 -0.2764
vn -0.1122 0.6541 0.7480
vn 0.5149 0.7709 0.3751
vn 0.4091 0.8923 0.1907
vn -0.0695 0.8141 0.5765
vn 0.2897 -0.8802 -0.3759
vn 0.5861 -0.6455 -0.4897
vn 0.1362 -0.9173 -0.3743
vn 0.4166 -0.6890 -0.5930
vn 0.8338 0.5314 -0.1496
vn 0.7222 0.6573 -0.2153
vn 0.8716 0.2062 -0.4447
vn 0.8035 0.2757 -0.5277
vn 0.8138 -0.2089 -0.5423
vn 0.7079 -0.1680 -0.6860
vn 0.2895 -0.8320 0.4733
vn -0.0306 -0.7126 0.7009
vn -0.2192 -0.7769 0.5903
vn 0.0923 -0.9257 0.3669
vn 0.4306 -0.8815 -0.1937
vn 0.2864 -0.9580 -0.0169
vn 0.2875 -0.9578 -0.0049
vn 0.4400 -0.8819 -0.1695
vn 0.3688 -0.9287 0.0387
vn 0.4758 -0.8715 -0.1188
vn 0.3326 -0.9427 0.0279
vn 0.4806 -0.8739 -0.0733
vn -0.5367 -0.2817 0.7953
vn -0.6690 -0.3816 0.6378
vn -0.8204 0.3291 0.4676
vn -0.8766 0.2158 0.4301
vn -0.0332 -0.9563 0.2905
vn -0.3436 -0.7872 0.5121
vn -0.3835 -0.7083 0.5927
vn 0.0109 -0.9531 0.3024
vn 0.0705 -0.9423 0.3273
vn -0.3663 -0.6362 0.6790
vn -0.2521 -0.6263 0.7377
vn 0.1236 -0.9195 0.3731
vn -0.7601 -0.3248 0.5628
vn -0.7457 -0.1459 0.6501
vn -0.8537 0.1745 0.4907
vn -0.7620 0.1705 0.6247
vn -0.7688 0.3931 0.5045
vn -0.7520 0.2824 0.5956
vn -0.5619 0.1630 0.8110
vn -0.5172 0.0558 0.8541
vn -0.6620 0.0064 0.7495
vn -0.4894 0.0145 0.8719
vn -0.6441 0.2357 0.7277
vn -0.4829 0.3417 0.8063
vn 0.2492 -0.7548 0.6068
vn -0.2465 -0.2936 0.9236
vn 0.0943 -0.7517 0.6528
vn -0.2234 -0.2501 0.9421
vn -0.6829 0.1958 0.7038
vn -0.6177 0.1054 0.7793
vn -0.4627 -0.0115 0.8864
vn -0.4309 -0.0616 0.9003
vn -0.5231 0.1388 0.8409
vn -0.4140 0.2633 0.8713
vn -0.3609 -0.0266 0.9322
vn -0.2402 0.0732 0.9680
vn 0.5044 -0.8617 0.0548
vn 0.3644 -0.9268 0.0906
vn 0.4661 -0.8831 0.0539
vn 0.2151 -0.9661 0.1428
vn -0.2683 -0.2947 0.9172
vn -0.2774 -0.2597 0.9250
vn 0.0071 -0.6707 0.7417
vn -0.0289 -0.5834 0.8117
vn -0.1961 -0.1695 0.9658
vn -0.0426 -0.0639 0.9970
vn 0.0860 -0.4018 0.9117
vn 0.2378 -0.2351 0.9425
vn 0.0477 -0.7970 0.6021
vn -0.2243 -0.8153 0.5338
vn -0.2186 -0.5798 0.7849
vn -0.3489 -0.6969 0.6266
vn 0.3034 -0.9160 0.2624
vn 0.1185 -0.9524 0.2809
vn 0.1915 -0.8583 0.4761
vn 0.3207 -0.8347 0.4476
vn 0.4098 -0.6293 0.6603
vn 0.3710 -0.3908 0.8424
vn 0.2191 -0.6476 0.7298
vn 0.0304 -0.3569 0.9336
vn -0.2625 -0.7708 0.5804
vn -0.1912 -0.6656 0.7214
vn -0.3220 -0.7033 0.6337
vn -0.2507 -0.6272 0.7374
vn -0.1473 -0.5043 0.8509
vn -0.2133 -0.3302 0.9195
vn -0.1978 -0.5282 0.8258
vn -0.2003 -0.4279 0.8814
vn -0.8099 -0.0608 0.5834
vn -0.8517 -0.2625 0.4536
vn -0.6768 0.2125 0.7049
vn -0.4965 -0.3769 0.7820
vn -0.5368 -0.5382 0.6497
vn -0.4368 -0.7620 0.4780
vn -0.3645 -0.1898 0.9116
vn -0.5282 0.3702 0.7642
vn -0.4979 0.3084 0.8105
vn -0.1942 0.0080 0.9809
vn -0.1597 -0.4242 0.8914
vn -0.1654 -0.5989 0.7835
vn -0.0974 -0.1779 0.9792
vn -0.4024 -0.1116 0.9086
vn -0.4089 -0.3265 0.8522
vn -0.3867 -0.5084 0.7694
vn -0.5562 0.2222 0.8008
vn -0.6356 0.2140 0.7417
vn -0.2686 0.1595 0.9500
vn -0.1408 0.1351 0.9808
vn -0.7008 0.1731 0.6921
vn -0.6328 -0.0168 0.7741
vn -0.0119 0.0095 0.9999
vn 0.0145 0.1131 0.9935
vn -0.2900 0.1876 0.9384
vn -0.3380 0.0665 0.9388
vn -0.4352 0.0819 0.8966
vn -0.6329 -0.1879 0.7511
vn -0.7052 0.0045 0.7090
vn -0.2830 0.0163 0.9590
vn -0.0486 0.1746 0.9834
vn -0.2109 0.2244 0.9514
vn -0.3918 0.3188 0.8630
vn -0.3005 0.2687 0.9151
vn -0.6929 0.2435 0.6787
vn -0.4838 0.2796 0.8293
vn -0.6543 0.3681 0.6606
vn -0.5031 0.3869 0.7728
vn -0.8719 -0.1033 0.4786
vn -0.6577 -0.4752 0.5845
vn -0.6414 -0.3480 0.6838
vn -0.6971 -0.5087 0.5052
vn -0.8939 -0.1900 0.4059
vn -0.8999 -0.2408 0.3637
vn -0.4359 -0.6844 0.5844
vn -0.3875 -0.6361 0.6673
vn -0.7848 0.1093 0.6100
vn -0.6280 -0.1775 0.7577
vn -0.6149 -0.0112 0.7886
vn -0.8272 0.0132 0.5618
vn -0.7650 0.2469 0.5949
vn -0.5932 0.1135 0.7970
vn -0.5731 0.2040 0.7937
vn -0.7542 0.1961 0.6266
vn -0.7942 0.2844 0.5370
vn -0.6081 0.3532 0.7110
vn -0.8279 0.2694 0.4919
vn -0.5672 0.2907 0.7706
vn -0.9636 0.2309 0.1349
vn -0.9734 0.1664 0.1572
vn -0.9549 0.2608 0.1420
vn -0.8594 0.5026 -0.0945
vn -0.8493 0.5240 -0.0638
vn -0.8670 0.4974 -0.0294
vn -0.9474 0.2707 0.1705
vn -0.9365 0.2780 0.2137
vn -0.8890 0.4343 -0.1452
vn -0.8824 0.4548 -0.1203
vn -0.9233 0.3210 0.2108
vn -0.9440 0.2923 0.1527
vn -0.9235 0.3120 -0.2231
vn -0.9006 0.4026 -0.1639
vn -0.9712 0.2241 0.0815
vn -0.9516 -0.1336 -0.2769
vn -0.9494 0.1565 -0.2723
vn -0.9671 -0.2189 0.1294
vn -0.8504 -0.4329 -0.2990
vn -0.8318 0.1727 0.5275
vn -0.9972 0.0186 0.0725
vn -0.8217 0.0067 0.5699
vn -0.8463 -0.5118 0.1477
vn -0.6292 -0.7160 -0.3025
vn -0.5720 -0.8082 0.1400
vn -0.2976 -0.9302 -0.2148
vn -0.7871 -0.2803 0.5495
vn -0.6483 -0.5487 0.5279
vn -0.2442 -0.9429 0.2264
vn 0.0135 -0.9999 -0.0042
vn -0.5627 -0.6210 0.5456
vn -0.0274 -0.9269 0.3744
vn -0.5413 -0.6303 0.5565
vn 0.0576 -0.8665 0.4958
vn 0.2144 -0.9505 0.2247
vn 0.3422 -0.8527 0.3947
vn 0.0639 -0.8447 0.5314
vn 0.3765 -0.7933 0.4784
vn -0.5638 -0.6592 0.4976
vn -0.4363 -0.7408 0.5107
vn 0.0842 -0.8183 0.5685
vn 0.3253 -0.7458 0.5814
vn -0.0103 -0.6909 0.7229
vn -0.3554 -0.3651 0.8604
vn -0.2024 -0.2455 0.9480
vn 0.1745 -0.5727 0.8010
vn -0.3275 -0.7338 0.5952
vn -0.4959 -0.5329 0.6856
vn -0.6847 -0.0250 0.7284
vn -0.8415 0.2702 0.4678
vn -0.8029 -0.1888 0.5654
vn -0.9154 0.1131 0.3862
vn -0.7346 0.4089 0.5414
vn -0.5562 0.1280 0.8211
vn -0.9584 0.2516 0.1351
vn -0.9850 0.1713 0.0211
vn -0.8801 0.4493 0.1535
vn -0.7812 0.5885 0.2081
vn -0.8833 0.4686 -0.0095
vn -0.7608 0.6487 -0.0195
vn -0.9222 0.3866 0.0103
vn -0.7758 0.6241 -0.0931
vn -0.9910 0.0140 0.1329
vn -0.9550 -0.1229 0.2699
vn -0.9655 0.2439 0.0915
vn -0.8351 0.5444 -0.0795
vn -0.9187 -0.2212 0.3271
vn -0.9762 0.1605 0.1459
vn -0.8731 0.4860 -0.0402
vn -0.2305 -0.8777 -0.4202
vn -0.2952 -0.7837 -0.5465
vn -0.5799 -0.4748 -0.6620
vn -0.5582 -0.6349 -0.5341
vn 0.0813 -0.9908 -0.1079
vn 0.2616 -0.9499 0.1713
vn 0.3681 -0.8569 0.3607
vn 0.3554 -0.8705 0.3406
vn 0.2551 -0.9565 0.1415
vn 0.0479 -0.9869 -0.1538
vn 0.4154 -0.7772 0.4727
vn 0.4002 -0.7827 0.4767
vn 0.3628 -0.6684 0.6493
vn 0.2304 -0.5063 0.8310
vn 0.3838 -0.6987 0.6038
vn -0.0997 -0.1295 0.9866
vn -0.1060 -0.0420 0.9935
vn 0.1669 -0.4520 0.8763
vn -0.4211 0.2545 0.8706
vn -0.6236 0.5124 0.5904
vn -0.5498 0.6139 0.5664
vn -0.3666 0.3537 0.8605
vn -0.6980 0.6732 0.2441
vn -0.6841 0.7291 -0.0218
vn -0.6369 0.7701 -0.0350
vn -0.6336 0.7398 0.2262
vn -0.7061 0.6850 -0.1797
vn -0.7162 0.6821 -0.1476
vn -0.6289 0.7522 -0.1965
vn -0.7267 0.6685 -0.1581
vn -0.6388 0.7369 -0.2213
vn -0.6340 0.7471 -0.1997
vn -0.6831 0.7144 -0.1514
vn -0.6330 0.7515 -0.1860
vn 0.1185 -0.9826 0.1432
vn -0.2039 -0.9685 -0.1430
vn 0.2768 -0.8935 0.3536
vn -0.2270 -0.9527 0.2022
vn -0.0738 -0.8902 0.4496
vn -0.5751 -0.8137 -0.0845
vn 0.3107 -0.8010 0.5117
vn -0.0272 -0.7752 0.6312
vn 0.2048 -0.6233 0.7547
vn -0.1681 -0.5281 0.8324
vn -0.0055 -0.3476 0.9376
vn -0.2305 0.0611 0.9712
vn -0.4435 0.1568 0.8825
vn -0.2654 -0.2443 0.9327
vn -0.4207 0.4491 0.7882
vn -0.5516 0.6900 0.4686
vn -0.6241 0.7126 0.3205
vn -0.5492 0.4962 0.6725
vn -0.6055 0.7825 0.1451
vn -0.6159 0.7832 -0.0847
vn -0.6251 0.7675 -0.1422
vn -0.6251 0.7798 0.0338
vn -0.6139 0.7596 -0.2148
vn -0.6157 0.7588 -0.2125
vn -0.6039 0.7644 -0.2259
vn -0.6060 0.7697 -0.2009
vn -0.7496 0.6246 -0.2189
vn -0.7946 0.5503 -0.2563
vn -0.8149 0.5139 -0.2679
vn -0.7783 0.5325 -0.3327
vn -0.7460 0.5848 -0.3184
vn -0.6942 0.6710 -0.2605
vn -0.6691 0.7246 -0.1651
vn -0.9557 0.2325 0.1807
vn -0.7235 0.6771 -0.1348
vn -0.7176 0.6841 -0.1305
vn -0.6325 -0.1367 0.7624
vn -0.6920 -0.2985 0.6573
vn -0.8317 0.4585 -0.3132
vn -0.8656 0.3500 -0.3581
vn -0.8053 0.4219 -0.4164
vn -0.7896 0.5030 -0.3515
vn -0.9345 -0.3280 0.1385
vn -0.6941 -0.5548 0.4588
vn -0.6663 -0.6694 0.3287
vn -0.4884 -0.6002 0.6334
vn -0.7358 0.4684 0.4892
vn -0.7839 0.1942 0.5897
vn -0.7020 0.7119 -0.0191
vn -0.7783 0.6103 0.1475
vn -0.6007 0.7698 -0.2158
vn -0.6056 0.7655 -0.2174
vn -0.6180 0.7513 -0.2315
vn -0.5951 0.7752 -0.2118
vn -0.6680 0.7239 -0.1722
vn -0.8393 -0.3762 -0.3925
vn -0.8890 0.3986 -0.2255
vn -0.8234 0.2545 -0.5072
vn -0.9949 -0.0427 -0.0909
vn -0.7175 0.6759 -0.1685
vn -0.6520 0.7280 -0.2117
vn -0.6877 0.6625 -0.2971
vn -0.7484 0.5536 -0.3654
vn -0.7557 0.5113 -0.4092
vn -0.7102 0.6051 -0.3598
vn -0.6400 0.7253 -0.2536
vn -0.6556 0.6962 -0.2924
vn -0.8990 0.1611 -0.4074
vn -0.8689 -0.0926 -0.4862
vn -0.8241 0.2424 -0.5120
vn -0.8186 0.0896 -0.5674
vn -0.7325 -0.2077 -0.6484
vn -0.7407 -0.4038 -0.5369
vn -0.7720 0.4016 -0.4927
vn -0.7313 0.5347 -0.4234
vn -0.7611 0.2532 -0.5972
vn -0.7171 -0.0009 -0.6970
vn -0.7033 -0.2028 -0.6813
vn -0.6897 0.6534 -0.3121
vn -0.6946 0.7004 -0.1641
vn -0.1426 -0.7292 0.6693
vn -0.1056 -0.8209 0.5613
vn -0.7659 -0.4583 0.4510
vn -0.4936 -0.6723 0.5517
vn -0.8462 -0.3649 0.3883
vn -0.5759 -0.6729 0.4644
vn -0.9312 -0.2942 0.2153
vn -0.7095 -0.6579 0.2525
vn -0.9883 -0.1414 0.0575
vn -0.8614 -0.5053 0.0512
vn -0.9939 -0.0086 0.1098
vn -0.9498 -0.3127 0.0145
vn -0.9562 -0.0745 0.2829
vn -0.9584 -0.2789 0.0601
vn -0.8673 -0.4500 0.2128
vn -0.8409 -0.3124 0.4418
vn -0.6265 -0.5974 0.5006
vn -0.7440 -0.5707 0.3475
vn -0.8158 -0.3819 -0.4343
vn -0.7494 -0.6618 0.0215
vn -0.6816 -0.5704 -0.4584
vn -0.9522 -0.2975 -0.0692
vn -0.8994 -0.2031 -0.3870
vn -0.6525 -0.5942 0.4703
vn -0.7954 -0.4263 0.4309
vn -0.7867 -0.4554 0.4167
vn -0.9025 -0.2080 0.3772
vn -0.8700 -0.3219 0.3734
vn -0.9596 -0.0343 0.2792
vn -0.8586 -0.2401 0.4529
vn -0.9333 0.1007 0.3447
vn -0.7989 -0.1890 0.5710
vn -0.8258 0.2104 0.5232
vn -0.7536 -0.0507 0.6554
vn -0.6580 0.3741 0.6536
vn -0.6511 0.3411 0.6780
vn -0.5011 0.3810 0.7770
vn -0.5149 0.4597 0.7236
vn -0.6621 0.2678 0.6999
vn -0.3571 0.3699 0.8577
vn -0.4262 0.4743 0.7704
vn -0.7012 0.1439 0.6983
vn -0.5732 0.4500 0.6848
vn -0.5631 0.5657 0.6024
vn -0.4931 0.5722 0.6553
vn -0.4464 0.7476 0.4917
vn -0.4100 0.7372 0.5370
vn -0.4416 0.6154 0.6529
vn -0.4382 0.6340 0.6372
vn -0.3956 0.7199 0.5703
vn -0.4073 0.7054 0.5802
vn -0.4049 0.7793 0.4783
vn -0.3473 0.7814 0.5184
vn -0.4527 0.6815 0.5749
vn -0.3660 0.7530 0.5468
vn -0.3713 0.7671 0.5232
vn -0.4147 0.7385 0.5317
vn -0.4024 0.7644 0.5038
vn -0.4356 0.7666 0.4719
vn -0.4632 0.6565 0.5953
vn -0.4990 0.6831 0.5332
vn -0.7105 0.5637 0.4212
vn -0.5871 0.5939 0.5502
vn -0.8690 0.1648 0.4666
vn -0.9008 0.3447 0.2640
vn -0.9534 0.1315 0.2717
vn -0.8966 -0.0454 0.4404
vn -0.9180 -0.0928 0.3856
vn -0.9250 -0.0689 0.3738
vn -0.9460 -0.2412 0.2168
vn -0.9224 -0.1521 0.3552
vn -0.9818 0.0497 0.1835
vn -0.9568 0.1665 -0.2382
vn -0.8972 -0.2143 -0.3861
vn -0.8924 -0.4480 0.0539
vn -0.9869 0.1367 0.0853
vn -0.9721 0.2318 0.0366
vn -0.9507 -0.0057 0.3101
vn -0.9696 0.1363 0.2033
vn -0.9293 0.3319 -0.1619
vn -0.9450 0.2622 -0.1954
vn -0.8682 -0.1031 0.4854
vn -0.9398 0.1265 0.3174
vn -0.7745 -0.0306 0.6318
vn -0.8339 0.0811 0.5460
vn -0.9525 0.2919 0.0868
vn -0.9376 0.3088 0.1601
vn -0.9098 0.3938 -0.1309
vn -0.3730 0.5052 0.7783
vn -0.1090 0.1398 0.9842
vn -0.4020 -0.0760 0.9125
vn -0.4887 0.1855 0.8525
vn -0.8932 0.4370 -0.1057
vn -0.9331 0.3112 0.1803
vn -0.8929 0.4378 -0.1052
vn -0.7911 0.1225 0.5993
vn -0.7005 0.1436 0.6990
vn -0.9506 0.2500 0.1839
vn -0.9192 0.3617 -0.1556
vn -0.5694 0.2911 0.7688
vn -0.9317 0.2391 0.2735
vn -0.2103 0.9196 0.3318
vn -0.9372 0.2766 -0.2127
vn -0.7542 0.6557 0.0353
vn 0.1774 0.1722 0.9690
vn 0.6373 0.0609 0.7682
vn 0.0760 -0.0417 0.9962
vn 0.3865 0.0940 0.9175
vn 0.8190 0.3514 0.4537
vn 0.4691 0.7445 0.4750
vn -0.1867 -0.1109 0.9761
vn 0.1230 0.0138 0.9923
vn 0.7455 0.0997 0.6590
vn 0.7450 0.4646 0.4787
vn 0.5113 0.3222 0.7967
vn 0.8714 0.2375 0.4292
vn -0.0699 0.9222 0.3803
vn -0.1624 0.4526 0.8768
vn -0.6514 0.3407 0.6779
vn -0.1716 0.6570 0.7341
vn -0.7198 0.5029 0.4785
vn -0.6717 0.7301 0.1259
vn 0.3905 0.5387 0.7466
vn -0.1914 0.6920 0.6960
vn 0.3666 0.6943 0.6193
vn -0.1747 0.5446 0.8203
vn 0.1088 0.8929 0.4369
vn 0.1516 0.8817 0.4467
vn -0.6501 0.5255 0.5487
vn -0.6983 0.2113 0.6839
vn -0.2764 0.6912 0.6677
vn -0.7797 0.6252 0.0360
vn -0.4158 0.8720 0.2585
vn -0.8069 0.1095 0.5804
vn -0.8299 0.2784 0.4835
vn -0.7903 0.0927 0.6056
vn -0.0542 0.5080 0.8597
vn 0.1528 0.3008 0.9414
vn -0.5899 0.1403 0.7952
vn -0.3171 0.0382 0.9476
vn -0.0656 0.3886 0.9191
vn -0.1940 0.0527 0.9796
vn -0.8113 0.0491 0.5826
vn -0.8057 0.0628 0.5890
vn -0.7963 0.0461 0.6031
vn -0.7612 0.0474 0.6467
vn -0.5797 -0.1776 0.7953
vn -0.3119 -0.1804 0.9328
vn -0.4549 -0.1249 0.8817
vn -0.4369 -0.2591 0.8614
vn -0.7843 0.0601 0.6174
vn -0.8562 0.1797 0.4844
vn -0.7879 0.0372 0.6146
vn -0.8452 0.2256 0.4845
vn -0.8264 0.5628 -0.0156
vn -0.8480 0.5284 -0.0404
vn -0.8100 0.0674 0.5826
vn -0.7611 0.0412 0.6474
vn -0.8041 0.0669 0.5907
vn -0.7908 0.0510 0.6100
vn -0.7877 0.0474 0.6142
vn -0.7931 0.0398 0.6078
vn -0.7563 0.0838 0.6489
vn -0.8540 0.1800 0.4881
vn -0.8226 0.2365 0.5171
vn -0.7836 0.0406 0.6199
vn -0.8480 0.5292 -0.0272
vn -0.8122 0.5825 0.0312
vn -0.6835 -0.1606 0.7121
vn -0.6064 -0.2048 0.7683
vn -0.6707 -0.1975 0.7149
vn -0.6584 0.0744 0.7490
vn -0.7829 0.3381 0.5223
vn -0.7634 0.6420 0.0708
vn -0.7094 0.1649 0.6852
vn -0.3908 0.6570 0.6447
vn -0.2962 0.4259 0.8549
vn -0.4255 0.6063 0.6719
vn -0.5104 0.2880 0.8103
vn -0.7572 0.0478 0.6514
vn -0.7995 0.0305 0.5999
vn -0.8023 0.0622 0.5936
vn -0.7623 -0.0241 0.6468
vn -0.6083 0.0447 0.7924
vn -0.5531 0.4195 0.7198
vn -0.6439 0.0552 0.7631
vn -0.6902 -0.0203 0.7234
vn -0.2162 0.3092 0.9261
vn -0.5731 0.2592 0.7774
vn -0.7465 0.0646 0.6623
vn -0.6711 0.1332 0.7293
vn -0.7856 0.0418 0.6173
vn -0.7738 -0.5686 0.2791
vn -0.4382 -0.8928 0.1047
vn -0.6052 -0.7268 0.3248
vn -0.4064 -0.8760 0.2595
vn -0.0780 -0.9965 0.0316
vn 0.1191 -0.9928 -0.0147
vn -0.0523 -0.9914 0.1202
vn 0.1242 -0.9922 -0.0061
vn -0.0147 -0.8732 0.4871
vn 0.0527 -0.8483 0.5268
vn -0.0927 -0.8842 0.4579
vn 0.0650 -0.8896 0.4521
vn -0.3371 -0.9027 0.2673
vn -0.0206 -0.9640 0.2651
vn -0.5847 -0.8105 0.0345
vn -0.2054 -0.9783 0.0280
vn -0.7667 -0.6314 -0.1165
vn -0.4438 -0.8650 -0.2343
vn -0.8256 -0.5393 -0.1659
vn -0.5323 -0.6929 -0.4863
vn -0.7747 -0.4411 -0.4530
vn -0.8836 -0.4282 -0.1892
vn -0.2902 -0.8419 0.4550
vn -0.1386 -0.9413 0.3078
vn 0.0737 -0.9227 0.3783
vn 0.2003 -0.9568 0.2105
vn 0.2742 -0.9613 -0.0269
vn 0.1562 -0.9814 0.1120
vn 0.3499 -0.9365 0.0222
vn 0.3842 -0.9191 -0.0881
vn 0.2440 -0.9511 0.1894
vn 0.3977 -0.9152 0.0655
vn 0.4930 -0.8701 0.0003
vn 0.2646 -0.9637 0.0353
vn 0.4824 -0.8500 -0.2114
vn 0.1066 -0.9705 -0.2163
vn 0.0068 -0.9155 -0.4023
vn 0.4996 -0.8573 -0.1241
vn 0.2648 -0.9594 -0.0972
vn 0.3399 -0.9286 -0.1491
vn 0.3124 -0.9358 -0.1633
vn 0.2500 -0.9600 -0.1260
vn 0.2791 -0.9468 -0.1600
vn 0.3491 -0.9260 -0.1441
vn 0.4023 -0.9025 -0.1536
vn 0.3060 -0.9262 -0.2205
vn 0.3582 -0.8853 -0.2965
vn 0.4612 -0.8233 -0.3310
vn 0.4997 -0.8476 -0.1785
vn 0.5685 -0.7934 -0.2177
vn 0.6724 -0.6839 -0.2830
vn 0.6845 -0.6697 -0.2881
vn 0.6463 -0.7025 -0.2978
vn 0.7161 -0.6618 -0.2218
vn 0.7220 -0.6509 -0.2347
vn 0.6864 -0.6693 -0.2843
vn 0.6755 -0.6675 -0.3133
vn 0.5871 -0.7099 -0.3890
vn 0.5560 -0.7404 -0.3778
vn 0.3492 -0.7944 -0.4969
vn 0.0843 -0.9210 -0.3804
vn 0.0678 -0.8414 -0.5361
vn 0.2706 -0.8414 -0.4677
vn 0.5358 -0.7865 -0.3072
vn 0.4199 -0.8740 -0.2444
vn 0.4304 -0.7650 -0.4790
vn 0.1664 -0.8075 -0.5659
vn 0.0717 -0.8263 -0.5587
vn 0.3131 -0.8030 -0.5071
vn -0.0761 -0.8437 -0.5313
vn -0.0541 -0.8347 -0.5480
vn -0.1424 -0.8854 -0.4425
vn -0.1301 -0.8885 -0.4401
vn 0.2824 -0.8537 -0.4376
vn 0.0555 -0.8565 -0.5131
vn 0.0162 -0.8842 -0.4668
vn 0.2044 -0.9021 -0.3801
vn -0.0790 -0.8553 -0.5120
vn -0.1604 -0.8801 -0.4469
vn -0.2188 -0.8615 -0.4582
vn -0.1029 -0.8657 -0.4899
vn -0.0906 -0.9152 -0.3927
vn -0.1470 -0.8697 -0.4711
vn -0.5296 -0.6495 -0.5456
vn -0.6101 -0.7165 -0.3383
vn 0.5309 -0.7787 -0.3343
vn 0.5665 -0.7516 -0.3381
vn 0.5971 -0.7622 -0.2500
vn 0.6346 -0.7300 -0.2538
vn 0.6032 -0.7271 -0.3277
vn 0.6801 -0.6934 -0.2383
vn 0.6793 -0.7120 -0.1775
vn 0.7241 -0.6795 -0.1183
vn 0.7168 -0.6945 -0.0620
vn 0.6465 -0.7545 -0.1133
vn 0.4974 -0.8438 -0.2014
vn 0.5672 -0.8193 -0.0845
vn 0.4418 -0.8907 -0.1070
vn 0.6160 -0.7792 -0.1157
vn 0.6211 -0.7730 -0.1290
vn 0.6479 -0.7536 -0.1105
vn 0.6247 -0.7662 -0.1508
vn 0.6659 -0.7326 -0.1407
vn 0.6392 -0.7599 -0.1181
vn 0.6747 -0.7321 -0.0937
vn 0.7130 -0.6916 -0.1154
vn 0.7152 -0.6960 -0.0636
vn 0.3601 -0.9140 -0.1867
vn 0.3018 -0.9305 -0.2077
vn 0.4299 -0.8952 -0.1173
vn 0.4647 -0.8748 -0.1370
vn 0.3780 -0.8986 -0.2226
vn 0.3214 -0.9016 -0.2894
vn 0.4551 -0.8893 -0.0454
vn 0.5095 -0.8582 -0.0628
vn 0.5459 -0.8307 -0.1092
vn 0.5620 -0.8106 -0.1646
vn 0.5152 -0.8348 -0.1940
vn 0.5001 -0.8532 -0.1481
vn 0.4511 -0.8701 -0.1987
vn 0.4125 -0.8763 -0.2487
vn 0.3433 -0.9260 -0.1570
vn 0.3676 -0.8910 -0.2666
vn -0.2472 0.9669 0.0635
vn -0.5626 0.8123 0.1539
vn -0.3418 0.9394 -0.0278
vn -0.5157 0.8215 0.2433
vn -0.6165 0.7726 0.1518
vn -0.3323 0.9426 -0.0337
vn -0.5640 0.7883 0.2460
vn -0.2951 0.9548 0.0356
vn -0.6038 0.7674 0.2156
vn -0.5180 0.8177 0.2511
vn -0.4985 0.8317 0.2445
vn -0.3223 0.9457 0.0430
vn -0.3046 0.9518 0.0358
vn -0.5382 0.8222 0.1850
vn -0.3784 0.9253 -0.0262
vn -0.5485 0.8308 0.0949
vn -0.4550 0.8855 -0.0943
vn -0.1327 0.9228 0.3617
vn -0.5339 0.8032 0.2641
vn -0.1574 0.9616 0.2250
vn -0.5283 0.8281 0.1874
vn 0.1441 0.8906 0.4313
vn 0.1699 0.9854 -0.0145
vn 0.3110 0.9312 -0.1900
vn 0.0683 0.9765 -0.2044
vn 0.2873 0.8873 -0.3608
vn 0.1110 0.8983 0.4251
vn 0.0349 0.9689 -0.2451
vn 0.2955 0.8835 -0.3635
vn 0.0797 0.9662 -0.2452
vn 0.2155 0.9083 -0.3585
vn 0.0509 0.9615 -0.2701
vn 0.0626 0.9752 -0.2123
vn 0.0130 0.9803 -0.1969
vn 0.1391 0.9421 -0.3051
vn -0.3019 0.9533 0.0126
vn -0.1492 0.9528 -0.2643
vn -0.0583 0.9775 -0.2028
vn -0.1291 0.9685 -0.2130
vn -0.0496 0.9695 -0.2402
vn -0.3091 0.9246 -0.2226
vn -0.4501 0.8682 -0.2091
vn -0.5167 0.8346 -0.1908
vn -0.2510 0.9439 -0.2147
vn 0.1023 0.9661 -0.2369
vn -0.2919 0.9123 0.2874
vn -0.1127 0.9676 -0.2259
vn -0.5107 0.8383 0.1911
vn -0.4523 0.8916 -0.0204
vn -0.1172 0.9684 -0.2203
vn -0.1682 0.9646 -0.2030
vn -0.4597 0.8881 -0.0049
vn -0.6250 0.7702 0.1272
vn -0.5831 0.8058 0.1036
vn -0.5866 0.8037 0.0993
vn -0.6140 0.7776 0.1357
vn -0.5305 0.8477 0.0014
vn -0.2289 0.9579 -0.1731
vn -0.3358 0.9310 -0.1434
vn -0.4595 0.8879 -0.0225
vn -0.6678 0.7378 0.0982
vn -0.5983 0.7934 0.1123
vn -0.6486 0.7534 0.1078
vn -0.6294 0.7671 0.1238
vn -0.6161 0.7869 0.0357
vn -0.4731 0.8750 -0.1026
vn -0.6000 0.7986 -0.0473
vn -0.6576 0.7492 0.0796
vn -0.6901 0.7190 0.0830
vn -0.6609 0.7368 0.1427
vn -0.6302 0.7662 0.1258
vn -0.6940 0.7100 0.1198
vn -0.5596 0.8159 0.1457
vn -0.5466 0.8180 0.1793
vn -0.5854 0.8057 0.0899
vn -0.5403 0.8385 0.0714
vn -0.5155 0.8495 0.1123
vn -0.5204 0.8319 0.1925
vn -0.5548 0.8269 -0.0918
vn -0.5320 0.8467 0.0099
vn -0.5132 0.8572 -0.0422
vn -0.5876 0.8092 -0.0000
vn -0.4995 0.8642 0.0601
vn -0.5295 0.8276 0.1862
vn -0.4969 0.8677 0.0142
vn -0.5590 0.8120 0.1679
vn -0.5248 0.8439 -0.1114
vn -0.4967 0.8644 -0.0785
vn -0.5130 0.8535 -0.0913
vn -0.5357 0.8327 -0.1399
vn -0.5504 0.8339 0.0398
vn -0.6192 0.7852 -0.0091
vn -0.5242 0.8505 -0.0438
vn -0.6204 0.7737 0.1281
vn -0.5893 0.7964 -0.1359
vn -0.7260 0.6857 0.0529
vn -0.7335 0.6756 -0.0748
vn -0.8380 0.5415 -0.0675
vn -0.7159 0.6503 -0.2542
vn -0.6349 0.7377 -0.2295
vn -0.8805 0.4641 -0.0963
vn -0.6829 0.6921 -0.2337
vn -0.7483 0.5973 -0.2887
vn -0.8305 0.5556 -0.0398
vn -0.8847 0.4660 -0.0137
vn -0.9599 0.2802 -0.0034
vn -0.8379 0.4335 -0.3318
vn -0.7566 0.5992 -0.2617
vn -0.9608 -0.2162 -0.1738
vn -0.8579 -0.0821 -0.5073
vn -0.7908 0.5382 -0.2915
vn -0.8635 0.3388 -0.3735
vn -0.9518 0.1840 -0.2452
vn -0.9001 0.4178 -0.1239
vn -0.1905 -0.8526 -0.4866
vn -0.2963 -0.8310 -0.4708
vn -0.4498 -0.7075 -0.5451
vn -0.8105 -0.2120 -0.5460
vn -0.4732 -0.7334 -0.4882
vn -0.8234 -0.3564 -0.4415
vn -0.2584 -0.2762 0.9257
vn -0.0494 0.4041 0.9134
vn 0.2056 -0.1027 0.9732
vn 0.0619 -0.4379 0.8969
vn 0.3284 0.0682 0.9421
vn 0.0525 -0.4223 0.9049
vn -0.2564 -0.5993 0.7584
vn -0.3946 -0.6310 0.6679
vn -0.3711 -0.5407 0.7550
vn -0.4515 -0.5252 0.7213
vn -0.3586 -0.6320 0.6870
vn -0.2863 -0.5947 0.7513
vn -0.3959 -0.5244 0.7538
vn -0.3476 -0.5089 0.7875
vn -0.2553 -0.5316 0.8076
vn -0.2464 -0.4575 0.8544
vn -0.3285 -0.4784 0.8144
vn -0.3040 -0.4368 0.8466
vn -0.1975 0.9282 0.3152
vn 0.2011 0.9784 0.0473
vn 0.4551 0.8681 -0.1982
vn 0.1848 0.9722 0.1435
vn 0.5140 0.8490 -0.1223
vn 0.7427 0.5925 -0.3121
vn 0.7055 0.5222 -0.4792
vn 0.5868 0.7125 -0.3847
vn 0.4218 0.3633 0.8307
vn 0.1122 -0.3892 0.9143
vn 0.5817 0.6271 0.5181
vn 0.3254 -0.4349 0.8396
vn -0.4550 -0.5768 0.6784
vn -0.4658 -0.5106 0.7228
vn -0.4376 -0.4959 0.7500
vn -0.4777 -0.4487 0.7553
vn -0.3970 -0.5103 0.7628
vn -0.3546 -0.5190 0.7778
vn -0.4209 -0.4633 0.7798
vn -0.3869 -0.4480 0.8060
vn -0.3550 -0.4378 0.8260
vn -0.3047 -0.4468 0.8412
vn -0.2104 -0.5526 0.8065
vn -0.2856 -0.5433 0.7895
vn -0.1983 -0.8179 0.5402
vn -0.1441 -0.7422 0.6545
vn -0.0472 -0.8482 0.5275
vn -0.1253 -0.7246 0.6777
vn -0.2267 -0.7040 0.6731
vn -0.0840 -0.8334 0.5463
vn -0.3094 -0.6742 0.6706
vn -0.1947 -0.8080 0.5561
vn -0.4058 -0.6790 0.6118
vn -0.3298 -0.7985 0.5037
vn 0.7922 -0.5659 -0.2282
vn 0.8628 -0.1519 -0.4822
vn 0.7821 -0.5797 -0.2284
vn 0.8852 -0.1138 -0.4511
vn 0.8492 0.1949 -0.4908
vn 0.8068 0.2479 -0.5363
vn 0.7347 -0.6750 -0.0679
vn 0.9099 -0.3148 -0.2702
vn 0.7904 0.4009 -0.4631
vn 0.8673 0.4623 -0.1849
vn 0.9544 0.0297 -0.2971
vn 0.7287 -0.6101 0.3113
vn 0.7687 0.6206 0.1548
vn 0.5209 -0.5115 0.6834
vn -0.4157 -0.6870 0.5960
vn -0.2869 -0.8056 0.5183
vn 0.9575 -0.2030 -0.2049
vn 0.9154 -0.4022 0.0176
vn 0.9496 -0.2995 -0.0922
vn 0.9503 -0.2856 -0.1236
vn 0.7143 0.2919 0.6360
vn 0.4562 0.8212 0.3429
vn 0.9035 0.4168 0.0996
vn 0.1940 0.7370 0.6474
vn 0.9518 -0.2214 0.2122
vn 0.9947 -0.0543 -0.0870
vn 0.7399 0.6601 -0.1299
vn 0.8356 0.4015 -0.3748
vn 0.7675 0.2691 -0.5818
vn 0.7378 0.1276 -0.6629
vn 0.6202 -0.1426 -0.7714
vn 0.5843 -0.1742 -0.7926
vn 0.3310 -0.6543 -0.6800
vn 0.3569 -0.6013 -0.7149
vn 0.0822 -0.9062 -0.4148
vn 0.1167 -0.8586 -0.4993
vn 0.2124 -0.8941 -0.3942
vn 0.3034 -0.7530 -0.5839
vn 0.3000 -0.8186 -0.4898
vn 0.1778 -0.8779 -0.4446
vn 0.2461 -0.9097 -0.3346
vn 0.2177 -0.9349 -0.2803
vn 0.3503 -0.8462 -0.4015
vn 0.3388 -0.8384 -0.4269
vn 0.1706 -0.9622 -0.2123
vn 0.1304 -0.9861 -0.1033
vn 0.3995 -0.8754 -0.2722
vn 0.3662 -0.8596 -0.3563
vn 0.4152 -0.8930 -0.1739
vn 0.1285 -0.9916 0.0131
vn 0.1892 -0.9736 0.1278
vn 0.4259 -0.9010 -0.0822
vn 0.2602 -0.9478 0.1843
vn 0.4300 -0.9014 -0.0509
vn 0.3295 -0.9345 0.1345
vn 0.4251 -0.8995 -0.1004
vn 0.4130 -0.9107 -0.0088
vn 0.4058 -0.8856 -0.2259
vn 0.5465 -0.8179 -0.1801
vn 0.4654 -0.8027 -0.3730
vn 0.0496 -0.9259 0.3746
vn 0.6923 -0.7152 0.0960
vn 0.7454 -0.6650 0.0460
vn 0.2183 -0.9215 0.3212
vn -0.4013 -0.8203 0.4076
vn -0.2591 -0.8950 0.3631
vn -0.3567 -0.8546 0.3774
vn -0.3175 -0.8471 0.4262
vn -0.2371 -0.7593 0.6060
vn -0.1569 -0.8294 0.5362
vn -0.2875 -0.8103 0.5107
vn -0.0741 -0.8098 0.5821
vn -0.3726 -0.7093 0.5983
vn -0.3078 -0.7020 0.6422
vn -0.3524 -0.6864 0.6361
vn -0.1943 -0.7830 0.5910
vn 0.9587 -0.2766 -0.0655
vn 0.9646 0.0019 -0.2635
vn 0.8325 -0.5472 0.0868
vn 0.5602 -0.7650 0.3178
vn 0.8679 0.0811 -0.4900
vn 0.9154 -0.4014 -0.0309
vn 0.7707 -0.0442 -0.6357
vn 0.8619 -0.4708 -0.1881
vn 0.6479 -0.2346 -0.7247
vn 0.6927 -0.6226 -0.3639
vn 0.5353 -0.3966 -0.7457
vn 0.5665 -0.6812 -0.4637
vn 0.4882 -0.5202 -0.7007
vn 0.5132 -0.6974 -0.5002
vn 0.4634 -0.6106 -0.6422
vn 0.4634 -0.7102 -0.5299
vn 0.4489 -0.6433 -0.6202
vn 0.4693 -0.7285 -0.4990
vn 0.4754 -0.6851 -0.5520
vn 0.5484 -0.7415 -0.3866
vn 0.5754 -0.8019 -0.1609
vn 0.4871 -0.7393 -0.4649
vn 0.5453 -0.7632 -0.3467
vn 0.5721 -0.7716 -0.2781
vn 0.5676 -0.8210 -0.0615
vn 0.5896 -0.7735 -0.2326
vn 0.5921 -0.7908 -0.1553
vn 0.5717 -0.8165 -0.0804
vn 0.4910 -0.8595 -0.1420
vn 0.5482 -0.8250 -0.1377
vn 0.4923 -0.8538 -0.1693
vn 0.5463 -0.8322 -0.0945
vn 0.2954 -0.9132 -0.2807
vn 0.3766 -0.8952 -0.2382
vn 0.2540 -0.9061 -0.3384
vn 0.4262 -0.8814 -0.2036
vn 0.4703 -0.8755 -0.1112
vn 0.3929 -0.8852 -0.2490
vn 0.4947 -0.8460 -0.1991
vn 0.3952 -0.8979 -0.1938
vn 0.2343 -0.9206 -0.3124
vn 0.2190 -0.9191 -0.3277
vn 0.3164 -0.9254 0.2085
vn 0.3867 -0.9119 0.1372
vn 0.3848 -0.9182 0.0946
vn 0.4026 -0.9077 0.1181
vn 0.4291 -0.9027 0.0321
vn 0.4753 -0.8534 -0.2139
vn 0.4954 -0.8677 -0.0409
vn 0.5025 -0.8422 -0.1957
vn 0.3300 -0.9391 0.0958
vn 0.4023 -0.9112 0.0887
vn 0.3488 -0.9230 0.1622
vn 0.3603 -0.9328 -0.0011
vn 0.4850 -0.8741 0.0272
vn 0.5738 -0.8017 -0.1675
vn 0.5647 -0.8061 -0.1773
vn 0.4831 -0.8743 -0.0468
vn 0.2212 -0.9716 -0.0846
vn 0.2808 -0.9511 -0.1282
vn 0.2605 -0.9655 -0.0066
vn 0.2526 -0.9502 -0.1827
vn 0.3911 -0.9082 -0.1488
vn 0.4372 -0.8670 -0.2391
vn 0.2971 -0.9307 -0.2131
vn 0.2776 -0.9607 -0.0051
vn 0.2949 -0.9474 -0.1243
vn 0.2349 -0.9691 -0.0751
vn 0.3547 -0.9349 -0.0153
vn 0.2511 -0.9468 -0.2014
vn 0.2634 -0.9556 -0.1324
vn 0.3151 -0.9022 -0.2944
vn 0.2579 -0.9114 -0.3206
vn 0.2813 -0.9061 -0.3161
vn 0.4429 -0.8860 0.1373
vn 0.3384 -0.9342 0.1130
vn 0.3742 -0.8849 0.2774
vn 0.5413 -0.7555 0.3692
vn 0.2940 -0.9553 -0.0320
vn 0.2725 -0.9583 0.0861
vn 0.3196 -0.8992 -0.2989
vn 0.3092 -0.9031 -0.2980
vn 0.5294 -0.6334 0.5644
vn 0.3333 -0.8179 0.4690
vn 0.1541 -0.7676 0.6221
vn 0.3558 -0.6675 0.6542
vn 0.2153 -0.9537 0.2099
vn 0.1356 -0.9443 0.2997
vn 0.2894 -0.9074 -0.3047
vn 0.2759 -0.9137 -0.2985
vn -0.1924 -0.7649 0.6147
vn 0.0761 -0.7456 0.6621
vn -0.0224 -0.7327 0.6802
vn -0.2084 -0.8025 0.5590
vn 0.0824 -0.9194 0.3847
vn 0.2994 -0.9092 -0.2895
vn -0.0155 -0.9321 0.3620
vn -0.4182 -0.7934 0.4424
vn -0.3360 -0.8187 0.4657
vn -0.3263 -0.8835 0.3362
vn -0.4318 -0.8069 0.4030
vn -0.1209 -0.9685 0.2177
vn 0.1294 -0.9225 -0.3637
vn 0.2665 -0.9094 -0.3194
vn 0.0494 -0.9230 -0.3817
vn -0.1361 -0.9881 0.0713
vn -0.3587 -0.8363 0.4147
vn -0.2564 -0.9280 0.2703
vn -0.2561 -0.9437 0.2092
vn -0.3351 -0.8274 0.4507
vn -0.0928 -0.9957 0.0074
vn 0.0344 -0.9252 -0.3778
vn -0.1087 -0.9925 -0.0554
vn -0.3451 -0.8062 0.4806
vn -0.2391 -0.9535 0.1836
vn -0.2170 -0.9608 0.1723
vn -0.3143 -0.8066 0.5006
vn -0.1155 -0.9882 -0.1011
vn -0.0005 -0.9231 -0.3846
vn -0.1111 -0.9870 -0.1160
vn -0.0332 -0.9219 -0.3861
vn -0.0488 -0.9243 -0.3786
vn -0.0967 0.6525 0.7516
vn -0.0004 0.9096 0.4155
vn -0.1568 0.2664 0.9510
vn -0.2437 0.1530 0.9577
vn -0.1909 0.5505 0.8127
vn -0.0563 0.9157 0.3980
vn 0.0624 0.5778 0.8138
vn 0.1938 0.7061 0.6811
vn 0.0387 0.6026 0.7971
vn 0.2069 0.8758 0.4361
vn 0.0855 0.8991 0.4294
vn -0.1191 0.3967 0.9102
vn -0.1150 0.4638 0.8784
vn -0.2110 0.1945 0.9579
vn -0.2975 0.4008 0.8665
vn -0.1189 0.6376 0.7612
vn -0.2210 0.5744 0.7881
vn 0.1270 0.6452 0.7534
vn -0.1527 0.4495 0.8801
vn 0.1317 0.5432 0.8292
vn 0.1107 0.6154 0.7804
vn -0.1092 0.6479 0.7539
vn -0.1527 0.6167 0.7723
vn -0.1588 0.4863 0.8592
vn -0.0081 0.9114 0.4115
vn -0.2425 0.1099 0.9639
vn -0.2750 -0.0311 0.9609
vn -0.2664 0.0343 0.9633
vn -0.2256 -0.0027 0.9742
vn -0.1546 0.0764 0.9850
vn -0.3250 0.0993 0.9405
vn -0.2840 0.0722 0.9561
vn -0.2279 0.1740 0.9580
vn -0.0526 0.2552 0.9655
vn -0.3360 0.1849 0.9235
vn -0.2223 -0.0789 0.9718
vn -0.2265 -0.3454 0.9107
vn -0.1743 -0.1214 0.9772
vn -0.2222 -0.2928 0.9300
vn -0.2383 -0.3623 0.9011
vn -0.1294 -0.1459 0.9808
vn 0.4775 0.6638 0.5756
vn 0.5436 0.4865 0.6840
vn 0.7151 0.6392 0.2830
vn 0.4222 0.7602 0.4938
vn 0.5129 0.8427 0.1637
vn 0.8545 0.2715 0.4428
vn -0.0839 -0.7002 0.7090
vn -0.0095 -0.2868 0.9579
vn 0.2246 -0.6947 0.6834
vn -0.3196 -0.1724 0.9318
vn -0.4255 0.2914 0.8568
vn -0.1451 0.1719 0.9744
vn 0.1709 -0.9162 0.3624
vn 0.4103 -0.9113 0.0342
vn 0.3110 -0.8901 0.3332
vn 0.4882 -0.8699 0.0709
vn 0.4867 -0.8735 -0.0111
vn 0.5389 -0.8412 0.0443
vn 0.6325 -0.7722 0.0612
vn 0.5285 -0.7989 0.2870
vn 0.5943 -0.7978 0.1017
vn 0.6674 -0.7368 0.1084
vn 0.7240 -0.6879 0.0515
vn 0.6544 -0.7155 0.2447
vn 0.4696 -0.8435 0.2606
vn 0.4866 -0.7691 0.4143
vn 0.5937 -0.7490 0.2942
vn 0.5580 -0.7864 0.2650
vn 0.6847 -0.6320 0.3630
vn 0.7588 -0.6174 0.2075
vn 0.5761 -0.5120 0.6371
vn 0.6817 -0.3771 0.6270
vn 0.7966 -0.4892 0.3550
vn 0.8886 -0.4186 0.1875
vn 0.7958 -0.1469 0.5875
vn 0.9331 0.2128 0.2899
vn 0.9707 -0.1110 0.2130
vn 0.9080 0.3783 0.1802
vn 0.9023 -0.2236 0.3686
vn 0.7275 0.6706 0.1450
vn 0.6228 0.7799 0.0624
vn 0.4184 0.9064 0.0579
vn 0.3553 0.9318 -0.0748
vn 0.1251 0.7268 -0.6754
vn 0.2270 0.9442 -0.2387
vn 0.1346 0.6162 -0.7760
vn 0.4094 0.5568 -0.7228
vn 0.3229 0.7717 -0.5478
vn 0.7870 0.4323 -0.4402
vn 0.5722 0.7536 -0.3234
vn 0.6219 0.4850 -0.6148
vn 0.8303 0.5484 -0.0993
vn -0.2851 -0.0107 0.9584
vn -0.2611 -0.1976 0.9449
vn -0.2641 -0.0337 0.9639
vn -0.2303 -0.1466 0.9620
vn 0.0836 0.4139 0.9065
vn -0.0488 0.2150 0.9754
vn 0.0470 0.1858 0.9815
vn -0.1894 0.2102 0.9591
vn -0.0005 0.4857 0.8741
vn -0.1182 0.4944 0.8611
vn -0.0962 0.4016 0.9108
vn -0.0229 0.5505 0.8345
vn 0.0187 0.4537 0.8910
vn -0.0985 0.6310 0.7695
vn -0.1337 0.5133 0.8477
vn -0.2905 0.2316 0.9284
vn -0.2525 0.1418 0.9571
vn -0.2388 0.3456 0.9075
vn -0.2873 0.1213 0.9501
vn -0.1323 0.6279 0.7670
vn -0.2015 0.5476 0.8121
vn 0.0413 0.5267 0.8491
vn -0.0989 0.4259 0.8994
vn 0.3019 -0.0881 0.9492
vn 0.3089 0.0709 0.9484
vn -0.0132 0.2803 0.9598
vn 0.4854 0.2173 0.8468
vn -0.3324 0.3149 0.8890
vn -0.1253 0.2962 0.9469
vn -0.1166 0.1617 0.9799
vn -0.0236 0.2229 0.9746
vn 0.0917 0.0035 0.9958
vn 0.0927 0.0764 0.9928
vn 0.2565 -0.1553 0.9540
vn 0.0629 -0.0292 0.9976
vn 0.0809 -0.2103 0.9743
vn -0.1676 -0.0316 0.9854
vn -0.0187 0.2256 0.9740
vn -0.0911 0.1313 0.9872
vn -0.1495 0.2301 0.9616
vn 0.0414 0.1478 0.9881
vn -0.2516 0.1274 0.9594
vn -0.2819 0.2463 0.9273
vn -0.2531 0.4077 0.8773
vn -0.1825 0.3621 0.9141
vn -0.0755 0.3011 0.9506
vn -0.4468 -0.2783 0.8503
vn -0.6730 0.0125 0.7396
vn -0.4495 -0.2936 0.8436
vn -0.6481 -0.0484 0.7600
vn -0.8342 0.3369 0.4365
vn -0.8214 0.5704 0.0012
vn -0.8454 0.2250 0.4844
vn -0.8939 0.4458 0.0463
vn -0.4540 0.6152 -0.6445
vn -0.5535 0.6941 -0.4603
vn -0.6847 0.5937 -0.4228
vn -0.4116 0.6952 -0.5894
vn -0.0990 0.6975 -0.7097
vn -0.4036 0.7107 -0.5762
vn -0.3958 0.6441 -0.6546
vn -0.1067 0.7314 -0.6736
vn 0.8869 0.2299 -0.4007
vn 0.9496 0.0134 -0.3130
vn 0.9791 -0.1971 -0.0498
vn 0.9878 0.1548 -0.0144
vn 0.7766 -0.6055 0.1737
vn 0.8568 -0.5138 0.0434
vn 0.9482 -0.3029 -0.0955
vn 0.6652 -0.7093 0.2334
vn 0.7273 0.3500 -0.5903
vn 0.2955 0.6545 -0.6959
vn 0.3724 0.6068 -0.7022
vn 0.6055 0.4888 -0.6281
vn 0.7725 0.3368 -0.5384
vn 0.8732 0.1664 -0.4580
vn 0.7140 0.4449 -0.5406
vn 0.3810 0.6045 -0.6996
vn 0.3853 0.6224 -0.6813
vn 0.7066 0.3873 -0.5922
vn 0.5953 -0.7523 0.2824
vn 0.6930 -0.7069 0.1416
vn 0.6409 -0.7150 0.2793
vn 0.7153 -0.6822 0.1516
vn 0.9496 -0.1144 -0.2918
vn 0.8771 -0.4785 0.0419
vn 0.9105 0.0519 -0.4103
vn 0.9392 -0.3403 -0.0453
vn 0.9030 0.1385 -0.4067
vn 0.9682 -0.2483 -0.0310
vn 0.9153 0.2201 -0.3373
vn 0.9836 -0.1694 0.0612
vn 0.7774 -0.6289 0.0133
vn 0.7814 -0.6223 0.0465
vn 0.7114 -0.6514 0.2637
vn 0.7572 -0.6296 0.1738
vn 0.7807 -0.5760 0.2423
vn 0.8021 -0.5663 0.1896
vn 0.8325 -0.4949 0.2490
vn 0.8600 -0.4739 0.1893
vn 0.8586 -0.4015 0.3188
vn 0.9012 -0.3471 0.2595
vn 0.2895 -0.6627 0.6907
vn 0.1076 -0.6156 0.7807
vn 0.3058 -0.7154 0.6282
vn -0.1032 -0.5091 0.8545
vn 0.1550 -0.5897 0.7926
vn 0.0010 -0.5165 0.8563
vn 0.4117 -0.7748 0.4798
vn 0.4411 -0.7359 0.5137
vn 0.8137 -0.5759 0.0793
vn 0.6915 -0.6584 0.2973
vn 0.8508 -0.5137 0.1108
vn 0.7213 -0.5918 0.3599
vn 0.8858 -0.4282 0.1787
vn 0.7378 -0.4870 0.4673
vn 0.8932 -0.3044 0.3309
vn 0.7371 -0.3302 0.5896
vn -0.4107 -0.3037 0.8597
vn -0.6554 -0.1119 0.7469
vn -0.1739 -0.3879 0.9052
vn -0.3776 -0.2361 0.8953
vn 0.4649 -0.6758 0.5720
vn 0.2577 -0.5948 0.7615
vn 0.4744 -0.5972 0.6467
vn 0.2399 -0.4972 0.8338
vn 0.1535 -0.4999 0.8524
vn 0.1142 -0.3820 0.9171
vn 0.4874 -0.4674 0.7375
vn 0.2440 -0.3810 0.8918
vn 0.5084 -0.3198 0.7995
vn 0.2686 -0.3046 0.9138
vn 0.1073 -0.3152 0.9430
vn -0.2323 -0.2406 0.9424
vn 0.1223 -0.3176 0.9403
vn -0.1663 -0.3142 0.9347
vn -0.8766 0.0624 0.4772
vn -0.9605 0.2728 0.0540
vn -0.8178 -0.0345 0.5744
vn -0.9639 0.2297 0.1343
vn -0.8038 0.4760 -0.3568
vn -0.5654 0.5942 -0.5720
vn -0.8406 0.4662 -0.2757
vn -0.5080 0.5798 -0.6370
vn -0.7219 -0.0904 0.6861
vn -0.9468 0.2161 0.2383
vn -0.6719 -0.1391 0.7275
vn -0.9271 0.2115 0.3094
vn -0.3610 0.6133 -0.7026
vn -0.3434 0.6387 -0.6886
vn -0.0070 0.6987 -0.7153
vn -0.0629 0.6790 -0.7315
vn -0.6102 0.6209 -0.4921
vn -0.8593 0.4780 -0.1819
vn -0.6302 0.6574 -0.4131
vn -0.8644 0.4930 -0.0985
vn 0.4069 0.6458 -0.6461
vn 0.4524 0.6650 -0.5943
vn 0.7490 0.5381 -0.3866
vn 0.7261 0.5070 -0.4645
vn 0.1497 0.7649 -0.6265
vn -0.3308 0.6821 -0.6521
vn -0.3039 0.7433 -0.5960
vn 0.0706 0.7300 -0.6798
vn 0.9550 -0.0013 0.2966
vn 0.9162 0.3215 -0.2392
vn 0.9315 0.3476 -0.1076
vn 0.9815 -0.0692 0.1783
vn 0.8219 -0.2501 0.5118
vn 0.8416 -0.3252 0.4312
vn 0.8072 -0.2644 0.5277
vn 0.8794 -0.2598 0.3990
vn 0.5044 0.6728 -0.5412
vn 0.5417 0.6782 -0.4966
vn 0.8120 0.5138 -0.2770
vn 0.7769 0.5419 -0.3205
vn 0.8270 -0.2303 0.5129
vn 0.6824 -0.2401 0.6904
vn 0.7311 -0.2495 0.6351
vn 0.6279 -0.2679 0.7308
vn 0.9527 0.2986 0.0573
vn 0.9722 0.1558 0.1746
vn 0.7588 -0.2145 0.6150
vn 0.8829 -0.0523 0.4666
vn 0.7199 -0.2757 0.6369
vn 0.6283 -0.3119 0.7127
vn 0.5116 -0.2595 0.8191
vn 0.3179 -0.3047 0.8978
vn 0.5201 -0.3014 0.7992
vn 0.3912 -0.3446 0.8534
vn 0.1973 -0.3645 0.9101
vn -0.0581 -0.3744 0.9254
vn 0.3108 -0.3967 0.8637
vn 0.1296 -0.4030 0.9060
vn 0.5470 -0.3399 0.7651
vn 0.5034 -0.3589 0.7860
vn 0.4506 -0.4010 0.7976
vn 0.3558 -0.4073 0.8411
vn 0.7145 -0.2741 0.6437
vn 0.6556 -0.2911 0.6968
vn 0.8356 0.5076 -0.2099
vn 0.8473 0.5138 -0.1343
vn 0.9618 0.1051 0.2527
vn 0.9400 0.1020 0.3257
vn 0.5872 -0.2631 0.7655
vn 0.8300 0.5552 -0.0534
vn 0.7253 0.6734 0.1429
vn 0.8917 0.1401 0.4303
vn 0.3665 -0.0724 0.9276
vn 0.6203 0.4007 0.6743
vn 0.5775 0.6881 -0.4392
vn 0.6032 0.7092 -0.3649
vn 0.2148 0.7975 -0.5637
vn 0.2362 0.8429 -0.4835
vn -0.2600 0.8011 -0.5391
vn -0.2390 0.8534 -0.4632
vn -0.6171 0.6937 -0.3714
vn -0.5871 0.7339 -0.3417
vn 0.0847 -0.3173 0.9445
vn -0.3007 0.0160 0.9536
vn -0.7289 0.2590 0.6338
vn -0.2992 -0.1934 0.9344
vn -0.5593 -0.1667 0.8120
vn -0.8770 0.2215 0.4263
vn -0.8529 0.5210 -0.0331
vn -0.7852 0.6191 -0.0141
vn -0.4244 0.8696 -0.2523
vn -0.5519 0.7780 0.3001
vn -0.0405 0.9950 -0.0915
vn 0.1436 0.9211 -0.3618
vn -0.1311 0.6820 0.7195
vn 0.3278 0.9428 0.0599
vn 0.5486 0.7886 -0.2777
vn -0.5323 0.7725 0.3462
vn -0.3845 0.8573 0.3422
vn -0.3005 0.6541 0.6942
vn -0.4850 0.5288 0.6966
vn -0.4480 0.2131 0.8683
vn -0.3956 0.2484 0.8842
vn -0.3377 0.1698 0.9258
vn -0.2714 0.4674 0.8413
vn -0.2703 0.4685 0.8411
vn -0.2769 0.9567 0.0897
vn -0.2734 0.9606 0.0503
vn -0.2740 0.9430 0.1887
vn -0.3264 0.9095 0.2575
vn -0.1883 0.9196 0.3448
vn -0.0919 0.9599 0.2650
vn 0.0377 0.9473 0.3180
vn -0.0467 0.9094 0.4133
vn -0.0745 0.8273 0.5568
vn -0.0516 0.8483 0.5270
vn -0.3189 0.9478 -0.0034
vn -0.3654 0.9295 -0.0506
vn -0.2442 0.9674 -0.0678
vn -0.2729 0.9598 0.0650
vn -0.3086 0.2119 0.9273
vn -0.2514 0.5100 0.8226
vn -0.2844 0.4987 0.8188
vn -0.2795 0.2472 0.9278
vn -0.0566 0.9913 0.1188
vn 0.0157 0.9989 -0.0433
vn 0.0637 0.9886 0.1362
vn 0.0325 0.9762 0.2144
vn -0.0757 0.8733 0.4813
vn -0.0551 0.8852 0.4620
vn -0.1568 0.9646 -0.2119
vn -0.3957 0.9148 -0.0807
vn -0.2886 0.9499 -0.1203
vn 0.0822 0.9406 -0.3295
vn -0.2985 0.2346 0.9251
vn -0.2527 0.4749 0.8430
vn -0.3222 0.4128 0.8519
vn -0.3528 0.1984 0.9144
vn 0.1289 0.9880 0.0850
vn 0.1248 0.9668 -0.2230
vn 0.2292 0.9250 -0.3032
vn 0.0986 0.9925 0.0718
vn -0.0343 0.8676 0.4961
vn -0.1325 0.8312 0.5399
vn -0.1038 0.9726 -0.2079
vn 0.1284 0.8790 -0.4592
vn 0.0097 0.9566 -0.2911
vn 0.0166 0.8638 -0.5035
vn 0.0916 0.9288 -0.3590
vn -0.0992 0.9924 0.0723
vn -0.1223 0.9317 -0.3421
vn -0.2826 0.9540 0.0997
vn -0.1276 0.9862 -0.1058
vn 0.1828 0.9825 -0.0362
vn 0.2231 0.9714 0.0814
vn 0.0844 0.9763 -0.1993
vn 0.0573 0.9468 -0.3167
vn -0.1123 0.9036 -0.4134
vn -0.2890 0.9354 -0.2038
vn -0.3702 0.9129 0.1721
vn -0.3386 0.9403 0.0335
vn -0.3653 0.9005 0.2361
vn -0.3805 0.1871 0.9056
vn -0.3991 0.3727 0.8378
vn -0.3829 0.3951 0.8350
vn -0.3165 0.2221 0.9222
vn -0.3128 0.7714 0.5542
vn -0.4140 0.7220 0.5543
vn 0.3194 0.8543 0.4100
vn 0.2328 0.5979 0.7670
vn 0.1472 0.6468 0.7483
vn 0.0317 0.9233 0.3828
vn -0.1281 0.0763 0.9888
vn -0.0180 0.1611 0.9868
vn -0.0434 0.1660 0.9852
vn 0.0166 0.2384 0.9710
vn -0.2164 0.8615 0.4593
vn -0.2823 0.7748 0.5656
vn -0.0376 0.6454 0.7629
vn -0.1040 0.5271 0.8434
vn 0.0823 0.3748 0.9234
vn 0.0932 0.3122 0.9454
vn 0.0360 0.4508 0.8919
vn -0.0112 0.3421 0.9396
vn -0.1613 0.3007 0.9400
vn -0.0646 0.2219 0.9729
vn -0.2701 0.4670 0.8420
vn -0.0437 0.2416 0.9694
vn -0.3930 0.7165 0.5763
vn -0.3014 -0.9125 0.2766
vn -0.2439 -0.8555 -0.4568
vn 0.2919 -0.9061 -0.3063
vn -0.3392 -0.9396 -0.0459
vn 0.2440 -0.9647 -0.0988
vn 0.2186 -0.9720 0.0857
vn -0.0341 -0.9311 0.3633
vn 0.5981 -0.7933 0.1142
vn 0.4461 -0.8796 0.1650
vn 0.2701 -0.9116 0.3099
vn 0.5652 -0.8250 -0.0002
vn 0.6014 -0.7870 -0.1376
vn 0.7480 -0.6629 -0.0329
vn 0.7143 -0.6998 0.0043
vn 0.4642 -0.8456 0.2636
vn 0.4818 -0.8367 0.2604
vn 0.6709 -0.7388 0.0640
vn 0.5628 -0.8265 0.0101
vn 0.1685 -0.9629 0.2106
vn 0.3946 -0.9145 -0.0894
vn 0.5746 -0.7843 -0.2341
vn 0.7133 -0.6520 -0.2572
vn 0.6108 -0.7823 -0.1222
vn 0.6254 -0.7688 -0.1332
vn 0.6425 -0.7569 -0.1196
vn 0.6562 -0.7466 -0.1095
vn 0.6827 -0.6781 -0.2724
vn 0.5898 -0.7184 -0.3687
vn 0.2704 -0.8979 -0.3473
vn 0.3107 -0.9043 -0.2927
vn 0.7336 -0.6775 -0.0526
vn 0.7414 -0.6683 -0.0604
vn -0.2059 0.3074 0.9290
vn -0.2358 0.4343 0.8694
vn -0.1844 0.3530 0.9173
vn -0.3040 0.3327 0.8927
vn -0.1918 0.2874 0.9384
vn -0.1608 0.3220 0.9330
vn -0.3158 0.2451 0.9166
vn -0.2769 0.2337 0.9320
vn -0.2189 0.2684 0.9381
vn -0.0974 0.4262 0.8994
vn -0.2072 0.8866 0.4136
vn -0.2085 0.8427 0.4964
vn -0.2401 0.8744 0.4216
vn -0.1282 0.8982 0.4204
vn -0.1944 0.8652 0.4622
vn -0.1881 0.8215 0.5383
vn -0.1026 0.8782 0.4671
vn -0.0979 0.8029 0.5881
vn -0.1924 0.7934 0.5775
vn -0.2316 0.9711 0.0569
vn -0.2834 0.9124 0.2953
vn -0.3173 0.9476 0.0367
vn -0.1794 0.9807 0.0783
vn -0.2121 0.9273 0.3084
vn -0.1533 0.9375 0.3124
vn -0.0271 0.4118 0.9109
vn -0.1280 0.6119 0.7805
vn -0.1254 0.5029 0.8552
vn -0.1410 0.7110 0.6890
vn -0.0396 0.4732 0.8801
vn -0.1034 0.5600 0.8220
vn -0.0596 0.6529 0.7551
vn -0.0590 0.5274 0.8476
vn -0.1812 0.7567 0.6281
vn -0.1644 0.6805 0.7140
vn -0.7595 -0.5679 -0.3172
vn -0.6846 -0.6642 0.3002
vn -0.7471 -0.6192 0.2417
vn -0.7055 -0.6408 0.3028
vn -0.6981 -0.6490 -0.3024
vn -0.6966 -0.6601 -0.2811
vn -0.4650 -0.4267 0.7757
vn -0.4521 -0.5025 0.7370
vn -0.4914 -0.5325 0.6892
vn -0.1994 -0.2973 0.9337
vn -0.2227 -0.3392 0.9140
vn -0.1564 -0.2551 0.9542
vn -0.4433 -0.6388 0.6288
vn -0.4596 -0.6072 0.6481
vn -0.4482 -0.5856 0.6755
vn -0.6778 -0.7343 0.0380
vn -0.7061 -0.7081 0.0082
vn -0.6756 -0.7365 -0.0345
vn -0.7038 -0.7103 -0.0156
vn -0.6837 -0.7257 -0.0768
vn -0.6730 -0.7378 0.0512
vn 0.0580 0.1050 0.9928
vn 0.1470 0.2083 0.9669
vn 0.1505 0.1921 0.9698
vn 0.1373 0.2213 0.9655
vn 0.0576 0.1143 0.9918
vn 0.0467 0.1161 0.9921
vn 0.1755 0.2710 0.9464
vn 0.2018 0.2676 0.9422
vn 0.2228 0.2389 0.9451
vn 0.3225 0.4282 0.8441
vn 0.3473 0.3984 0.8489
vn 0.2650 0.4378 0.8591
vn 0.3480 0.5795 0.7369
vn 0.4089 0.5253 0.7462
vn 0.4109 0.4866 0.7710
vn 0.3996 0.4469 0.8004
vn 0.3774 0.3991 0.8357
vn 0.3573 0.5395 0.7624
vn 0.3677 0.4541 0.8115
vn 0.3953 0.3793 0.8366
vn 0.3641 0.3417 0.8664
vn 0.4405 0.4120 0.7976
vn 0.4113 0.4032 0.8175
vn 0.4330 0.4514 0.7803
vn 0.5122 0.5162 0.6864
vn 0.4968 0.4939 0.7136
vn 0.4656 0.4960 0.7330
vn 0.5656 0.6150 0.5494
vn 0.5342 0.6191 0.5757
vn 0.5902 0.6297 0.5051
vn 0.6172 0.7171 0.3237
vn 0.6299 0.7184 0.2951
vn 0.5888 0.7322 0.3422
vn -0.6612 -0.7429 -0.1044
vn -0.3968 -0.8203 -0.4119
vn -0.6809 -0.6095 -0.4060
vn -0.5547 -0.8127 0.1786
vn -0.3281 -0.9299 0.1663
vn -0.3569 -0.9229 -0.1445
vn -0.7972 -0.6010 0.0581
vn -0.8018 -0.5957 -0.0464
vn -0.5811 -0.5624 0.5883
vn -0.6599 -0.5558 0.5056
vn -0.7855 -0.5108 -0.3495
vn -0.8090 -0.4887 -0.3266
vn -0.7440 -0.6640 -0.0750
vn -0.7820 -0.6182 -0.0799
vn -0.7169 -0.5709 -0.4001
vn -0.7445 -0.5448 -0.3858
vn -0.6978 -0.6324 0.3364
vn -0.6407 -0.7351 0.2217
vn -0.7897 -0.6092 -0.0724
vn -0.6867 -0.5844 0.4323
vn -0.7611 -0.5330 -0.3698
vn -0.4630 -0.7200 0.5170
vn -0.3673 -0.7293 0.5773
vn -0.3090 -0.8050 0.5064
vn -0.3295 -0.7139 0.6179
vn -0.2854 -0.3565 0.8896
vn -0.3616 -0.4291 0.8277
vn -0.4594 -0.6010 0.6541
vn -0.4905 -0.6368 0.5949
vn -0.4385 -0.6897 0.5763
vn -0.3626 -0.6435 0.6741
vn -0.3467 -0.7610 0.5483
vn -0.3697 -0.7357 0.5675
vn -0.3740 -0.5250 0.7645
vn -0.4450 -0.7087 0.5474
vn -0.3932 -0.6976 0.5990
vn -0.4557 -0.7050 0.5433
vn -0.4661 -0.6344 0.6167
vn -0.2978 -0.7189 0.6281
vn -0.6376 -0.7698 0.0300
vn -0.6233 -0.7818 -0.0179
vn -0.6455 -0.7637 -0.0012
vn -0.6437 -0.7621 0.0697
vn -0.5255 -0.7342 0.4299
vn -0.5679 -0.7933 0.2195
vn -0.6714 -0.6377 0.3776
vn -0.5835 -0.6274 0.5156
vn -0.5891 -0.8080 0.0060
vn -0.6820 -0.7038 0.1986
vn -0.2824 -0.4763 0.8327
vn -0.1956 -0.4048 0.8933
vn -0.1312 -0.5168 0.8460
vn -0.1812 -0.3744 0.9094
vn -0.3545 -0.5921 0.7237
vn -0.1228 -0.6690 0.7331
vn -0.4965 -0.5450 0.6756
vn -0.5887 -0.6721 0.4491
vn -0.6097 -0.6854 0.3981
vn -0.5832 -0.6241 0.5200
vn -0.4962 -0.5341 0.6844
vn -0.5129 -0.5072 0.6926
vn -0.6279 -0.5477 0.5530
vn -0.6262 -0.5406 0.5617
vn -0.5489 -0.4743 0.6883
vn -0.5619 -0.4779 0.6752
vn -0.5685 -0.5370 0.6232
vn -0.5307 -0.4668 0.7074
vn -0.2317 -0.2274 0.9458
vn -0.3894 -0.4069 0.8263
vn -0.3821 -0.4055 0.8304
vn -0.4107 -0.3948 0.8219
vn -0.2341 -0.2285 0.9450
vn -0.2485 -0.2482 0.9363
vn -0.4491 -0.3721 0.8123
vn -0.3548 -0.3540 0.8654
vn -0.4658 -0.3863 0.7961
vn -0.3359 -0.2490 0.9084
vn -0.3291 -0.2469 0.9115
vn -0.3149 -0.2305 0.9207
vn -0.4411 -0.3993 0.8037
vn -0.2910 -0.2799 0.9149
vn -0.0772 -0.0577 0.9953
vn -0.0813 -0.0514 0.9954
vn -0.0815 -0.1191 0.9895
vn 0.0711 0.0702 0.9950
vn 0.0674 -0.0190 0.9975
vn -0.1485 -0.1482 0.9777
vn -0.2235 -0.1341 0.9654
vn -0.0359 -0.0420 0.9985
vn -0.1372 -0.0543 0.9890
vn -0.2311 -0.1467 0.9618
vn -0.2063 -0.1647 0.9645
vn -0.1638 -0.0607 0.9846
vn -0.0804 0.0326 0.9962
vn -0.1558 -0.2489 0.9559
vn -0.0298 0.0111 0.9995
vn 0.1845 0.1236 0.9750
vn 0.1703 0.0576 0.9837
vn 0.2831 0.1991 0.9382
vn 0.2796 0.2048 0.9380
vn 0.0432 0.1582 0.9865
vn -0.1111 0.0122 0.9937
vn -0.0503 0.0310 0.9983
vn -0.0463 0.1016 0.9937
vn 0.0525 0.0513 0.9973
vn 0.1693 0.2066 0.9637
vn 0.0406 0.2645 0.9635
vn 0.0217 0.3120 0.9498
vn 0.0910 0.3844 0.9187
vn 0.3985 0.3916 0.8294
vn 0.4098 0.3988 0.8204
vn 0.4329 0.4572 0.7769
vn 0.4497 0.4296 0.7831
vn 0.0624 0.3600 0.9309
vn 0.1896 0.3518 0.9167
vn 0.2503 0.4437 0.8605
vn 0.1413 0.4478 0.8829
vn 0.1090 0.3951 0.9121
vn 0.3217 0.3810 0.8668
vn 0.3803 0.4194 0.8243
vn -0.1032 0.3028 0.9474
vn -0.0575 0.2808 0.9580
vn -0.0245 0.3100 0.9504
vn 0.0432 0.2650 0.9633
vn 0.0925 0.3316 0.9389
vn 0.0553 0.3787 0.9239
vn 0.3844 0.3583 0.8508
vn 0.4034 0.3211 0.8568
vn 0.3697 0.3142 0.8744
vn 0.3921 0.2871 0.8740
vn 0.1221 0.3393 0.9327
vn 0.2110 0.3547 0.9108
vn 0.1951 0.2912 0.9365
vn 0.1019 0.2488 0.9632
vn 0.3400 0.3301 0.8805
vn 0.3250 0.2881 0.9008
vn -0.0057 0.3104 0.9506
vn 0.1041 0.3423 0.9338
vn 0.2315 0.5095 0.8287
vn 0.0720 0.3952 0.9158
vn 0.2451 0.5968 0.7641
vn 0.0847 0.4977 0.8632
vn 0.4272 0.3905 0.8155
vn 0.4545 0.3690 0.8107
vn 0.4869 0.4817 0.7287
vn 0.5186 0.4585 0.7217
vn 0.1738 0.3459 0.9221
vn 0.2658 0.3496 0.8984
vn 0.3769 0.4913 0.7852
vn 0.2932 0.5291 0.7963
vn 0.3877 0.3638 0.8469
vn 0.4700 0.4739 0.7447
vn 0.3247 0.7032 0.6325
vn 0.3868 0.8076 0.4451
vn 0.3559 0.6753 0.6460
vn 0.4306 0.7885 0.4392
vn 0.2959 0.8451 0.4453
vn 0.5255 0.7399 0.4199
vn 0.3997 0.6778 0.6171
vn 0.4656 0.6349 0.6166
vn 0.4625 0.7769 0.4272
vn 0.6104 0.7046 0.3618
vn 0.6384 0.6684 0.3817
vn 0.5529 0.5919 0.5864
vn 0.5762 0.5575 0.5977
vn 0.6023 0.6900 0.4013
vn 0.5412 0.5822 0.6067
vn 0.1828 0.9762 0.1169
vn -0.0096 0.9549 0.2966
vn -0.0568 0.9939 0.0942
vn 0.0233 0.9140 0.4050
vn 0.1873 0.9236 0.3345
vn 0.1555 0.8638 0.4792
vn 0.0206 0.8831 0.4687
vn 0.0086 0.7857 0.6186
vn 0.0795 0.8292 0.5533
vn 0.0113 0.7367 0.6761
vn -0.0870 0.4436 0.8920
vn -0.0769 0.3705 0.9256
vn -0.0281 0.4548 0.8901
vn -0.0527 0.3581 0.9322
vn -0.0304 0.3260 0.9449
vn -0.0492 0.3627 0.9306
vn -0.0067 0.5991 0.8007
vn -0.0162 0.5419 0.8403
vn -0.1112 0.2392 0.9646
vn -0.1374 0.3110 0.9404
vn -0.1288 0.2686 0.9546
vn -0.1002 0.3058 0.9468
vn -0.0371 0.2638 0.9639
vn -0.3806 -0.7135 0.5883
vn -0.3706 -0.6175 0.6938
vn -0.3628 -0.6231 0.6929
vn -0.3868 -0.6233 0.6797
vn -0.3394 -0.6924 0.6367
vn -0.3034 -0.6880 0.6592
vn -0.3712 -0.4687 0.8016
vn -0.3410 -0.4867 0.8043
vn -0.3192 -0.5150 0.7955
vn 0.2549 0.8779 0.4054
vn 0.1674 0.7731 0.6117
vn 0.2781 0.9507 0.1368
vn 0.3383 0.9282 0.1547
vn 0.3179 0.8336 0.4517
vn 0.2505 0.6626 0.7058
vn 0.1736 0.6139 0.7701
vn 0.1088 0.6772 0.7277
vn 0.0512 0.7464 0.6635
vn -0.0162 0.7233 0.6904
vn -0.0219 0.5549 0.8316
vn 0.0644 0.6013 0.7964
vn 0.0360 0.3901 0.9201
vn -0.0463 0.3431 0.9382
vn -0.0738 0.2273 0.9710
vn 0.0314 0.2511 0.9675
vn 0.0463 0.2341 0.9711
vn -0.0664 0.2590 0.9636
vn -0.1084 0.2904 0.9507
vn -0.0982 0.3328 0.9379
vn -0.1354 0.3718 0.9184
vn 0.0029 0.2639 0.9645
vn -0.1139 0.1818 0.9767
vn -0.1910 0.2075 0.9594
vn -0.2195 0.2000 0.9549
vn -0.2632 -0.0346 0.9641
vn -0.3060 -0.0485 0.9508
vn -0.1938 -0.0138 0.9809
vn -0.2872 -0.2005 0.9367
vn -0.3367 -0.2010 0.9199
vn -0.4898 -0.7779 0.3937
vn -0.3815 -0.7990 0.4648
vn -0.5499 -0.7725 0.3177
vn -0.5405 -0.6143 0.5748
vn -0.5113 -0.6475 0.5650
vn -0.3549 -0.7360 0.5766
vn -0.2158 -0.1713 0.9613
vn -0.1015 -0.2303 0.9678
vn -0.2233 -0.1396 0.9647
vn -0.2785 -0.2155 0.9359
vn -0.1794 -0.2423 0.9535
vn -0.0794 -0.2717 0.9591
vn -0.3702 -0.6678 0.6458
vn -0.3016 -0.6579 0.6901
vn -0.4862 -0.6492 0.5849
vn -0.5678 -0.8108 -0.1424
vn -0.3585 -0.9274 -0.1069
vn -0.4687 -0.8747 -0.1237
vn -0.3411 -0.3248 0.8821
vn -0.2236 -0.1923 0.9555
vn -0.2977 -0.3384 0.8927
vn -0.2503 -0.3628 0.8976
vn -0.3278 -0.5864 0.7408
vn -0.2164 -0.4002 0.8905
vn -0.2168 -0.4211 0.8807
vn -0.3127 -0.5546 0.7711
vn -0.1432 -0.1920 0.9709
vn -0.0959 -0.2017 0.9747
vn -0.5979 -0.6167 0.5120
vn -0.6370 -0.6333 0.4395
vn -0.3404 -0.2678 0.9014
vn -0.3610 -0.3561 0.8619
vn -0.6840 -0.7026 -0.1963
vn -0.6471 -0.7428 -0.1719
vn -0.1900 -0.1333 0.9727
vn -0.1536 -0.1444 0.9775
vn -0.5240 -0.5899 0.6144
vn -0.5212 -0.5669 0.6380
vn -0.5757 -0.7890 0.2147
vn -0.4190 -0.7396 0.5267
vn -0.5180 -0.7396 0.4298
vn -0.6254 -0.7697 0.1282
vn -0.3718 -0.6441 0.6685
vn -0.4019 -0.6712 0.6229
vn -0.0784 -0.0282 0.9965
vn -0.0028 -0.0585 0.9983
vn 0.0233 0.1156 0.9930
vn 0.0928 0.0728 0.9930
vn 0.1335 0.2012 0.9704
vn 0.1703 0.1916 0.9666
vn 0.1653 0.2400 0.9566
vn 0.1924 0.2637 0.9452
vn 0.1615 0.2923 0.9426
vn 0.2038 0.3019 0.9313
vn 0.1981 0.4214 0.8850
vn 0.2694 0.4297 0.8618
vn 0.2583 0.5865 0.7677
vn 0.3377 0.5791 0.7420
vn 0.2838 0.6031 0.7455
vn 0.3466 0.5755 0.7407
vn 0.2889 0.5274 0.7990
vn 0.3263 0.5013 0.8014
vn 0.3433 0.6049 0.7185
vn 0.3537 0.6019 0.7160
vn 0.4156 0.7899 0.4509
vn 0.4390 0.8801 0.1807
vn 0.4416 0.8740 0.2027
vn 0.4096 0.7867 0.4619
vn -0.4885 -0.5277 0.6949
vn -0.6283 -0.6587 0.4139
vn -0.5984 -0.6645 0.4476
vn -0.4987 -0.5402 0.6779
vn -0.0792 -0.0473 0.9957
vn -0.0810 -0.0473 0.9956
vn -0.2243 -0.2273 0.9476
vn -0.2167 -0.2121 0.9529
vn -0.3753 -0.4065 0.8330
vn -0.3684 -0.3846 0.8463
vn -0.5250 -0.6971 0.4883
vn -0.4673 -0.7097 0.5273
vn -0.6159 -0.7780 0.1239
vn -0.5768 -0.7887 0.2128
vn -0.3786 -0.5817 0.7199
vn -0.4315 -0.5524 0.7132
vn -0.6803 -0.6806 0.2721
vn -0.6642 -0.6840 0.3016
vn -0.6778 -0.6881 -0.2592
vn -0.6901 -0.6823 -0.2411
vn -0.3802 -0.4178 0.8251
vn -0.4460 -0.3815 0.8096
vn -0.6574 -0.6554 0.3718
vn -0.6988 -0.6801 -0.2217
vn -0.3691 -0.3996 0.8391
vn -0.1204 -0.1350 0.9835
vn -0.0838 -0.1100 0.9904
vn -0.5231 -0.5646 0.6385
vn -0.4647 -0.6303 0.6219
vn -0.1153 -0.1228 0.9857
vn -0.5494 -0.5398 0.6378
vn -0.6478 -0.7595 -0.0596
vn -0.6476 -0.7540 -0.1102
vn -0.5509 -0.7729 0.3148
vn -0.6514 -0.7576 0.0407
vn -0.4372 -0.6944 0.5715
vn -0.3530 -0.5951 0.7220
vn 0.1301 0.2365 0.9629
vn 0.1328 0.2405 0.9615
vn 0.0435 0.1228 0.9915
vn 0.0596 0.1103 0.9921
vn 0.1582 0.2654 0.9511
vn 0.1598 0.2564 0.9533
vn -0.0662 -0.0329 0.9973
vn -0.0307 -0.0397 0.9987
vn -0.1876 -0.1946 0.9628
vn -0.1358 -0.1974 0.9709
vn 0.1492 0.2182 0.9644
vn 0.0837 0.0809 0.9932
vn 0.1704 0.2758 0.9460
vn -0.0021 -0.0596 0.9982
vn -0.1000 -0.2058 0.9735
vn 0.2179 0.3796 0.8992
vn 0.2037 0.3281 0.9224
vn 0.2976 0.5062 0.8095
vn 0.2927 0.5695 0.7681
vn 0.1937 0.3076 0.9316
vn 0.2840 0.4610 0.8407
vn 0.3093 0.6102 0.7294
vn 0.3338 0.6032 0.7244
vn 0.3059 0.5668 0.7649
vn 0.3020 0.5430 0.7835
vn 0.3529 0.5817 0.7328
vn 0.3434 0.5613 0.7530
vn 0.3485 0.5347 0.7698
vn 0.2918 0.5576 0.7772
vn 0.3484 0.6753 0.6501
vn 0.4494 0.6086 0.6539
vn 0.3039 0.5257 0.7945
vn 0.3227 0.6603 0.6782
vn 0.4131 0.7959 0.4427
vn 0.5556 0.7851 0.2739
vn 0.4304 0.8680 0.2478
vn 0.5297 0.7064 0.4695
vn 0.3655 0.8162 0.4475
vn 0.3900 0.8926 0.2261
vn -0.2396 -0.4151 0.8777
vn -0.2715 -0.4012 0.8748
vn -0.3271 -0.3846 0.8632
vn -0.2967 -0.9514 -0.0828
vn -0.2829 -0.9570 -0.0648
vn -0.2610 -0.6499 0.7138
vn 0.0257 -0.2372 0.9711
vn -0.2301 -0.6380 0.7348
vn -0.0112 -0.2592 0.9658
vn -0.1448 -0.7324 0.6653
vn -0.1669 -0.8509 0.4982
vn -0.0538 -0.8734 0.4841
vn -0.2435 -0.7016 0.6697
vn -0.1137 -0.7849 0.6091
vn -0.3118 -0.6839 0.6596
vn 0.0159 -0.2433 0.9698
vn 0.0072 -0.2700 0.9628
vn -0.4897 -0.4690 0.7350
vn -0.3857 -0.6484 0.6564
vn -0.3821 -0.6897 0.6151
vn -0.4224 -0.4622 0.7797
vn -0.3898 -0.2031 0.8982
vn -0.4635 -0.2930 0.8362
vn -0.4438 -0.1864 0.8765
vn -0.3934 -0.3149 0.8637
vn -0.3607 -0.0536 0.9312
vn -0.2594 0.1958 0.9457
vn -0.3863 -0.0576 0.9206
vn -0.2384 0.1836 0.9537
vn -0.1487 0.3806 0.9127
vn -0.1228 0.4137 0.9021
vn -0.5947 0.2951 -0.7478
vn -0.3000 0.4624 -0.8344
vn -0.5248 0.4907 -0.6956
vn -0.1324 0.4896 -0.8618
vn -0.3353 0.3486 -0.8752
vn -0.1221 0.4294 -0.8948
vn -0.2979 0.7783 -0.5528
vn -0.4165 0.8061 -0.4204
vn -0.3755 0.7820 -0.4975
vn 0.1474 0.4794 -0.8652
vn 0.0295 0.5314 -0.8466
vn 0.0016 0.4767 -0.8791
vn 0.2758 0.4773 -0.8343
vn 0.1240 0.7493 -0.6505
vn -0.0882 0.7728 -0.6285
vn -0.0234 0.2299 -0.9729
vn -0.1919 0.0720 -0.9788
vn -0.4259 -0.1130 -0.8977
vn -0.0675 -0.4725 -0.8787
vn 0.1712 -0.2254 -0.9591
vn 0.0622 -0.3482 -0.9353
vn 0.0602 0.3435 -0.9372
vn 0.2210 -0.0161 -0.9751
vn 0.2126 0.4351 -0.8749
vn 0.2844 0.1651 -0.9444
vn 0.3876 0.4050 -0.8281
vn 0.2535 0.6133 -0.7480
vn 0.3940 0.1803 -0.9013
vn 0.3310 0.2826 -0.9003
vn -0.3380 0.9386 0.0692
vn -0.4310 0.8534 -0.2931
vn -0.3429 0.9338 0.1019
vn -0.3285 0.9424 0.0629
vn -0.2865 0.9568 0.0501
vn -0.3356 0.9412 0.0394
vn -0.2737 0.9585 -0.0799
vn -0.3072 0.9174 -0.2529
vn -0.3751 0.9270 -0.0040
vn -0.2803 0.9590 -0.0420
vn -0.3452 0.9337 -0.0952
vn -0.1970 0.9625 -0.1865
vn -0.2438 0.9481 -0.2044
vn -0.1430 0.9448 -0.2949
vn -0.1175 0.9564 -0.2673
vn -0.1287 0.9551 -0.2669
vn -0.1606 0.9491 -0.2710
vn -0.0702 0.8899 -0.4508
vn 0.1738 0.6729 -0.7190
vn -0.0580 0.9379 -0.3421
vn 0.2923 -0.5943 -0.7492
vn 0.3194 -0.5764 -0.7521
vn 0.2999 -0.5324 -0.7916
vn 0.2625 -0.4319 -0.8629
vn 0.3577 -0.4199 -0.8341
vn 0.3190 -0.2840 -0.9042
vn 0.4704 -0.1330 -0.8724
vn 0.5729 0.0913 -0.8145
vn 0.3908 -0.0963 -0.9154
vn 0.5331 0.2260 -0.8153
vn 0.4803 0.3491 -0.8046
vn 0.4114 0.1170 -0.9039
vn 0.2564 0.5493 -0.7953
vn 0.3084 0.6973 -0.6471
vn 0.4858 0.4323 -0.7597
vn 0.5766 0.5046 -0.6426
vn 0.3097 0.7975 -0.5177
vn -0.0387 0.9656 -0.2572
vn -0.0660 0.9827 -0.1732
vn 0.4125 0.8650 -0.2857
vn 0.7701 0.4938 -0.4038
vn 0.7174 0.5191 -0.4647
vn -0.1314 0.9913 0.0051
vn 0.3975 0.8886 -0.2289
vn -0.0503 0.9977 -0.0460
vn 0.6606 0.1621 -0.7330
vn 0.3297 0.8438 -0.4235
vn 0.7471 0.3734 -0.5499
vn -0.2752 0.9532 -0.1254
vn 0.2070 0.6885 -0.6951
vn -0.4155 0.8526 -0.3171
vn -0.4315 0.8965 0.1008
vn -0.3327 0.9394 0.0829
vn -0.4619 0.8850 -0.0580
vn -0.3127 0.9463 0.0824
vn -0.3260 0.9383 0.1155
vn -0.4113 0.8746 -0.2568
vn -0.3404 0.9087 -0.2415
vn -0.4835 0.8240 -0.2956
vn -0.3016 0.9534 0.0060
vn -0.2840 0.8854 -0.3679
vn -0.2119 0.9718 -0.1035
vn -0.1320 0.8569 -0.4983
vn -0.0938 0.9669 -0.2373
vn 0.0248 0.8461 -0.5325
vn 0.0213 0.9407 -0.3386
vn 0.1439 0.8390 -0.5247
vn 0.0342 0.9045 -0.4252
vn 0.0007 0.8895 -0.4569
vn 0.1559 0.7812 -0.6045
vn 0.1771 0.8236 -0.5388
vn -0.0687 0.8950 -0.4407
vn -0.0680 0.9355 -0.3467
vn 0.1160 0.7333 -0.6699
vn -0.1068 0.9476 -0.3012
vn 0.0111 0.7881 -0.6155
vn -0.1195 0.9645 -0.2354
vn -0.0096 0.8467 -0.5319
vn 0.0759 0.7569 -0.6491
vn -0.2066 0.9739 -0.0940
vn -0.0345 0.9170 -0.3975
vn -0.0825 0.9438 -0.3202
vn -0.1314 0.9819 -0.1361
vn -0.3620 0.9168 -0.1684
vn -0.1304 0.9216 -0.3657
vn -0.4638 0.8372 -0.2897
vn -0.1266 0.8671 -0.4819
vn -0.4037 0.5247 -0.7495
vn -0.4637 0.5670 -0.6808
vn -0.3619 0.4775 -0.8006
vn -0.2582 -0.2261 -0.9393
vn -0.2692 -0.1630 -0.9492
vn -0.3053 -0.1107 -0.9458
vn -0.3204 0.3795 -0.8680
vn -0.2542 -0.2395 -0.9370
vn -0.1769 0.3652 -0.9140
vn -0.2933 -0.2780 -0.9147
vn 0.4108 -0.2781 -0.8683
vn 0.0807 0.4199 -0.9040
vn 0.3070 0.3811 -0.8721
vn 0.0679 -0.0338 -0.9971
vn 0.3042 -0.3825 -0.8724
vn -0.0311 -0.1626 -0.9862
vn -0.0203 -0.4327 -0.9013
vn -0.2475 -0.3299 -0.9110
vn 0.4232 0.3994 -0.8133
vn 0.4323 0.4166 -0.7997
vn 0.5738 -0.2050 -0.7929
vn 0.5221 -0.3336 -0.7849
vn 0.3852 0.3628 -0.8485
vn 0.4790 -0.1537 -0.8643
vn 0.3018 0.3465 -0.8882
vn 0.5530 -0.1310 -0.8228
vn 0.2331 0.3697 -0.8994
vn 0.4996 -0.2154 -0.8391
vn 0.2430 0.4518 -0.8584
vn 0.4418 -0.1979 -0.8750
vn 0.7209 -0.1355 -0.6797
vn 0.3036 0.5604 -0.7706
vn 0.3740 0.6374 -0.6737
vn 0.6125 -0.1970 -0.7655
vn 0.5812 0.0133 -0.8137
vn 0.5988 0.3237 -0.7325
vn 0.5230 0.1653 -0.8362
vn 0.6428 0.4039 -0.6509
vn 0.6464 -0.0373 -0.7620
vn 0.7252 -0.1040 -0.6807
vn 0.4003 -0.5808 -0.7088
vn 0.4902 -0.5674 -0.6617
vn 0.4765 -0.4806 -0.7361
vn 0.5150 -0.6405 -0.5696
vn 0.4385 -0.5694 -0.6953
vn 0.4586 -0.5884 -0.6660
vn 0.5917 0.4769 -0.6500
vn 0.4892 0.5133 -0.7052
vn 0.7008 -0.1249 -0.7023
vn 0.5442 -0.1396 -0.8272
vn 0.4916 -0.6949 -0.5248
vn 0.4419 -0.7091 -0.5494
vn 0.4185 -0.6265 -0.6575
vn 0.4276 -0.6345 -0.6438
vn 0.4491 -0.4112 -0.7933
vn 0.4204 -0.4209 -0.8038
vn 0.4472 -0.4188 -0.7903
vn 0.4426 -0.3974 -0.8038
vn 0.4533 -0.4192 -0.7866
vn 0.5056 -0.3665 -0.7810
vn 0.4592 0.4852 -0.7441
vn 0.5804 0.4000 -0.7093
vn 0.4495 -0.1336 -0.8832
vn 0.5411 -0.1422 -0.8288
vn 0.4810 -0.5964 -0.6426
vn 0.4411 -0.3812 -0.8124
vn 0.4520 -0.3719 -0.8108
vn 0.4553 -0.6215 -0.6376
vn 0.4621 -0.3261 -0.8247
vn 0.4550 -0.3096 -0.8349
vn 0.4222 -0.6811 -0.5983
vn 0.4312 -0.6730 -0.6010
vn 0.7845 0.3145 -0.5345
vn 0.7574 -0.2328 -0.6100
vn 0.7792 -0.4024 -0.4805
vn 0.8538 0.1957 -0.4824
vn 0.8372 -0.0356 -0.5457
vn 0.7703 -0.2256 -0.5965
vn 0.7434 -0.5457 -0.3868
vn 0.7546 -0.5846 -0.2981
vn 0.5227 -0.6833 -0.5099
vn 0.6024 -0.6889 -0.4032
vn 0.5435 -0.5749 -0.6116
vn 0.5483 -0.5873 -0.5954
vn 0.4815 -0.3634 -0.7976
vn 0.4709 -0.3548 -0.8077
vn 0.4700 -0.2937 -0.8324
vn 0.4269 -0.2874 -0.8574
vn 0.6412 -0.6957 -0.3237
vn 0.6903 -0.6885 -0.2223
vn 0.5604 -0.5962 -0.5748
vn 0.6263 -0.5956 -0.5030
vn 0.4767 -0.3549 -0.8042
vn 0.5159 -0.3725 -0.7714
vn 0.4248 -0.3030 -0.8531
vn 0.4797 -0.3140 -0.8193
vn 0.6708 -0.7208 -0.1746
vn 0.5499 -0.8060 -0.2189
vn 0.6217 -0.6374 -0.4552
vn 0.5255 -0.7140 -0.4626
vn 0.5579 -0.7243 -0.4051
vn 0.7219 -0.6232 -0.3008
vn 0.5067 -0.4033 -0.7620
vn 0.4383 -0.4375 -0.7852
vn 0.4642 -0.2992 -0.8337
vn 0.3843 -0.2844 -0.8783
vn 0.4474 -0.4410 -0.7780
vn 0.5181 -0.3952 -0.7585
vn 0.4232 -0.2649 -0.8665
vn 0.4778 -0.2625 -0.8384
vn 0.5305 -0.6993 -0.4791
vn 0.4691 -0.7438 -0.4761
vn 0.6122 -0.6293 -0.4787
vn 0.5389 -0.3828 -0.7503
vn 0.5730 -0.3725 -0.7301
vn 0.5782 -0.6649 -0.4729
vn 0.4993 -0.2853 -0.8181
vn 0.5345 -0.2640 -0.8029
vn 0.6036 -0.3826 -0.6995
vn 0.6954 -0.3604 -0.6218
vn 0.5519 -0.2271 -0.8024
vn 0.6593 -0.2057 -0.7232
vn 0.6967 -0.5295 -0.4840
vn 0.6385 -0.5861 -0.4988
vn 0.4337 -0.5992 -0.6730
vn -0.0055 -0.6096 -0.7927
vn 0.5144 -0.6250 -0.5872
vn 0.5614 -0.7259 -0.3974
vn 0.4803 -0.7686 -0.4226
vn 0.1126 -0.8406 -0.5298
vn 0.4968 -0.6271 -0.6000
vn 0.4125 -0.7840 -0.4638
vn 0.4561 -0.7170 -0.5271
vn 0.4353 -0.8019 -0.4091
vn 0.5574 -0.4950 -0.6665
vn 0.5390 -0.4633 -0.7034
vn 0.5240 -0.6829 -0.5089
vn 0.4874 -0.7234 -0.4890
vn 0.5197 -0.5210 -0.6771
vn 0.5553 -0.5783 -0.5977
vn 0.5414 -0.7101 -0.4501
vn 0.5211 -0.6989 -0.4898
vn 0.5253 -0.5853 -0.6177
vn 0.5015 -0.6537 -0.5667
vn 0.5589 -0.4809 -0.6755
vn 0.4416 -0.0230 -0.8969
vn 0.4366 -0.1607 -0.8852
vn 0.4524 -0.2334 -0.8607
vn 0.2610 -0.0359 -0.9647
vn 0.4596 -0.3353 -0.8224
vn 0.4064 -0.3396 -0.8482
vn 0.5681 -0.2903 -0.7701
vn 0.3236 -0.0294 -0.9457
vn 0.4446 -0.0354 -0.8950
vn 0.4577 -0.2870 -0.8415
vn 0.4704 -0.3003 -0.8298
vn 0.2735 -0.0643 -0.9597
vn 0.3844 -0.0802 -0.9197
vn 0.5097 -0.2829 -0.8126
vn 0.3913 -0.2641 -0.8816
vn 0.4806 -0.0716 -0.8740
vn 0.2333 -0.0352 -0.9718
vn 0.3713 -0.2716 -0.8879
vn 0.4888 -0.2772 -0.8272
vn 0.1828 -0.0200 -0.9830
vn 0.3923 -0.0186 -0.9197
vn 0.4865 -0.2393 -0.8403
vn 0.3695 -0.1907 -0.9095
vn 0.4281 0.0051 -0.9037
vn 0.2836 0.0619 -0.9570
vn 0.4091 -0.1502 -0.9000
vn 0.4107 -0.1685 -0.8961
vn 0.3089 0.0999 -0.9458
vn 0.2737 0.1213 -0.9542
vn 0.4749 -0.1390 -0.8690
vn 0.4643 -0.0502 -0.8843
vn 0.3715 0.1810 -0.9106
vn 0.3263 0.2236 -0.9185
vn 0.4357 0.0461 -0.8989
vn 0.5295 0.0727 -0.8452
vn 0.3051 0.2799 -0.9103
vn 0.3510 0.2886 -0.8908
vn -0.0315 0.7257 -0.6872
vn 0.2548 0.3201 -0.9125
vn 0.2956 0.3021 -0.9063
vn 0.0450 0.3409 -0.9390
vn -0.0501 0.7249 -0.6871
vn -0.2318 0.7197 -0.6544
vn 0.4077 -0.0709 -0.9104
vn 0.4812 -0.0955 -0.8714
vn 0.0489 0.3527 -0.9345
vn 0.1396 0.3544 -0.9246
vn -0.2859 0.7156 -0.6373
vn -0.2448 0.7097 -0.6605
vn -0.0142 0.3166 -0.9484
vn 0.2023 0.2834 -0.9374
vn -0.3428 0.6552 -0.6732
vn -0.1002 0.6659 -0.7393
vn 0.3738 0.2541 -0.8920
vn 0.0809 0.2991 -0.9508
vn 0.1131 0.6515 -0.7502
vn -0.0855 0.6634 -0.7433
vn -0.0555 0.3305 -0.9422
vn 0.1883 0.3428 -0.9203
vn -0.2856 0.6628 -0.6922
vn -0.0886 0.7110 -0.6976
vn 0.2562 0.3501 -0.9010
vn 0.1180 0.4062 -0.9061
vn -0.0394 0.7382 -0.6734
vn -0.1579 0.7490 -0.6435
vn 0.0878 0.4443 -0.8915
vn 0.0816 0.4799 -0.8735
vn -0.2268 0.7439 -0.6287
vn -0.1944 0.7538 -0.6277
vn 0.1224 0.5021 -0.8561
vn 0.1064 0.4844 -0.8683
vn -0.2326 0.7250 -0.6483
vn -0.2003 0.7046 -0.6808
vn -0.5538 0.8227 0.1284
vn -0.3830 0.8904 -0.2459
vn -0.5701 0.7751 -0.2724
vn -0.3264 0.9179 -0.2257
vn -0.4368 0.8780 0.1960
vn -0.4304 0.8710 0.2370
vn -0.1522 0.6937 -0.7040
vn -0.4225 0.5867 -0.6908
vn -0.3452 0.9173 -0.1985
vn -0.4667 0.8718 -0.1487
vn -0.4609 0.8429 0.2777
vn -0.5429 0.7905 0.2834
vn -0.5226 0.8414 -0.1376
vn -0.4944 0.8522 -0.1712
vn -0.5802 0.7669 0.2743
vn -0.5707 0.7819 0.2510
vn -0.5319 0.8253 -0.1897
vn -0.4176 0.8762 -0.2405
vn -0.5653 0.7856 0.2516
vn -0.5024 0.8247 0.2597
vn -0.2644 0.9252 -0.2720
vn -0.3142 0.9173 -0.2445
vn -0.4576 0.8537 0.2488
vn -0.5021 0.8323 0.2351
vn -0.4477 0.8705 -0.2046
vn -0.3545 0.9100 -0.2149
vn -0.5336 0.8109 0.2401
vn -0.4977 0.8334 0.2402
vn -0.3792 0.9010 -0.2106
vn -0.4794 0.8529 -0.2067
vn -0.5806 0.7836 0.2209
vn -0.6556 0.7213 0.2234
vn -0.5239 0.8237 -0.2169
vn -0.5115 0.8268 -0.2341
vn -0.6893 0.6793 0.2518
vn -0.7112 0.6514 0.2645
vn -0.5535 0.7837 -0.2818
vn -0.5359 0.7755 -0.3338
vn -0.7565 0.6208 0.2059
vn -0.7734 0.6229 0.1175
vn 0.1807 0.7621 -0.6217
vn -0.3462 0.9326 -0.1019
vn 0.0397 0.8023 -0.5956
vn -0.2074 0.9409 -0.2678
vn 0.3006 0.6155 -0.7285
vn -0.2481 0.9566 -0.1528
vn -0.6178 0.5861 -0.5242
vn -0.6181 0.3224 -0.7169
vn -0.3689 0.8057 -0.4634
vn -0.1390 0.4755 -0.8687
vn -0.4399 -0.2078 -0.8737
vn 0.0346 -0.2288 -0.9729
vn 0.2177 -0.6204 -0.7535
vn -0.0256 -0.5939 -0.8041
vn 0.5540 -0.4432 -0.7047
vn 0.4557 -0.6012 -0.6564
vn 0.4595 -0.0016 -0.8882
vn 0.6027 -0.3463 -0.7189
vn 0.5674 -0.4921 -0.6602
vn 0.5061 -0.5626 -0.6537
vn -0.1629 0.9293 -0.3314
vn 0.0950 0.7190 -0.6885
vn 0.3214 0.3490 -0.8803
vn 0.5920 0.0365 -0.8051
vn -0.3740 0.9272 0.0196
vn -0.5222 0.8489 -0.0812
vn -0.4045 0.8989 -0.1683
vn -0.6240 0.7803 -0.0429
vn -0.5038 0.8635 0.0222
vn -0.6136 0.7896 0.0038
vn -0.5339 0.7467 -0.3967
vn -0.4533 0.7936 -0.4059
vn -0.3697 0.8278 -0.4220
vn -0.6641 0.7469 -0.0338
vn -0.7165 0.6961 -0.0451
vn -0.6690 0.7431 -0.0136
vn -0.7376 0.6740 -0.0394
vn -0.6246 0.6637 -0.4117
vn -0.5744 0.7141 -0.4002
vn -0.7934 0.6038 -0.0775
vn -0.8417 0.5222 -0.1374
vn -0.8242 0.5635 -0.0565
vn -0.8768 0.4773 -0.0586
vn -0.7189 0.5070 -0.4755
vn -0.6876 0.5807 -0.4359
vn -0.7852 0.5821 -0.2111
vn -0.6662 0.6961 -0.2675
vn -0.8304 0.5499 -0.0895
vn -0.7354 0.6618 -0.1457
vn -0.5766 0.6677 -0.4709
vn -0.6725 0.5488 -0.4965
vn -0.6979 0.7162 -0.0047
vn -0.9210 0.3896 -0.0057
vn -0.7692 0.6297 -0.1088
vn -0.9694 -0.1299 0.2082
vn -0.8698 0.4630 0.1707
vn -0.9192 -0.0556 0.3899
vn -0.9982 -0.0389 -0.0451
vn -0.8443 0.5137 -0.1526
vn -0.8143 0.1975 -0.5458
vn -0.7085 0.6395 -0.2984
vn -0.9483 0.1530 -0.2781
vn -0.5835 0.6546 -0.4805
vn -0.4777 0.8639 -0.1594
vn -0.3469 0.9065 -0.2409
vn -0.4855 0.8740 -0.0213
vn -0.0011 0.7364 -0.6765
vn -0.3002 0.8028 -0.5151
vn -0.1299 0.6209 -0.7731
vn -0.5039 0.8285 -0.2444
vn -0.5005 0.8593 -0.1056
vn -0.4981 0.8179 -0.2879
vn -0.5246 0.8425 -0.1225
vn -0.1194 -0.5576 -0.8215
vn -0.1449 -0.5417 -0.8280
vn -0.1720 -0.5638 -0.8078
vn -0.1706 -0.5079 -0.8444
vn -0.1419 -0.5712 -0.8085
vn -0.1651 -0.6142 -0.7717
vn -0.2785 -0.5291 -0.8016
vn -0.3696 -0.4771 -0.7974
vn -0.2240 -0.4614 -0.8584
vn -0.2387 -0.5888 -0.7722
vn -0.3546 -0.4861 -0.7988
vn -0.2308 -0.7280 -0.6456
vn -0.4845 0.5223 -0.7018
vn -0.2882 -0.2150 -0.9331
vn -0.1543 -0.3873 -0.9089
vn -0.5254 0.4016 -0.7501
vn -0.3444 0.5971 -0.7244
vn -0.4750 0.6339 -0.6103
vn -0.1876 0.2788 -0.9418
vn -0.2326 0.5332 -0.8134
vn -0.2095 0.4574 -0.8642
vn -0.1883 0.4823 -0.8555
vn -0.5493 0.5471 -0.6316
vn -0.2671 -0.0480 -0.9625
vn -0.2189 -0.5435 -0.8103
vn -0.0852 -0.6081 -0.7893
vn -0.1520 -0.2249 -0.9625
vn -0.1513 -0.2961 -0.9431
vn -0.1123 -0.1107 -0.9875
vn 0.0704 0.5534 -0.8299
vn -0.0318 0.5212 -0.8529
vn -0.0930 0.5099 -0.8552
vn -0.0327 -0.3457 -0.9378
vn 0.0214 -0.3236 -0.9460
vn -0.0649 0.4873 -0.8708
vn -0.0186 0.5240 -0.8515
vn -0.0412 -0.0636 -0.9971
vn -0.0579 0.6975 -0.7142
vn -0.1106 0.8910 -0.4404
vn -0.0639 0.3455 -0.9362
vn -0.0452 0.6511 -0.7576
vn -0.0477 0.6819 -0.7298
vn -0.0650 0.9631 -0.2611
vn -0.1866 0.9296 -0.3178
vn -0.0350 0.6418 -0.7661
vn -0.1859 0.8680 -0.4604
vn -0.1612 0.7748 -0.6114
vn -0.0851 0.5447 -0.8343
vn -0.0977 0.8278 -0.5525
vn -0.1601 0.9601 -0.2293
vn -0.0891 0.9862 -0.1396
vn -0.2433 0.7389 -0.6283
vn -0.3672 0.5567 -0.7451
vn -0.2864 0.8225 -0.4914
vn 0.1036 0.8450 -0.5246
vn -0.0331 0.9804 -0.1943
vn 0.0005 0.9574 -0.2888
vn 0.0289 0.8528 -0.5214
vn 0.0624 0.8099 -0.5832
vn -0.0061 0.9283 -0.3718
vn 0.0274 0.9006 -0.4337
vn 0.1101 0.8252 -0.5540
vn 0.0653 0.8267 -0.5588
vn 0.2061 0.8628 -0.4615
vn 0.1191 0.8542 -0.5061
vn 0.1339 0.8683 -0.4776
vn -0.2892 0.7181 -0.6330
vn -0.2152 0.6086 -0.7637
vn -0.2066 0.7191 -0.6635
vn -0.2599 0.5964 -0.7594
vn -0.2778 0.6669 -0.6915
vn -0.3033 0.6486 -0.6981
vn -0.3429 0.7280 -0.5936
vn -0.2947 0.7796 -0.5527
vn -0.3907 0.6660 -0.6355
vn -0.3327 0.6442 -0.6887
vn -0.2704 0.6941 -0.6671
vn -0.2285 0.6982 -0.6784
vn -0.1694 0.5098 -0.8434
vn -0.2441 0.6263 -0.7404
vn -0.2694 0.6393 -0.7202
vn -0.2435 0.5820 -0.7758
vn -0.1849 0.5685 -0.8017
vn -0.2024 0.5357 -0.8198
vn -0.2012 0.6124 -0.7645
vn -0.1454 0.5248 -0.8387
vn -0.2635 0.5919 -0.7617
vn -0.2638 0.5700 -0.7781
vn -0.3268 0.6024 -0.7282
vn -0.2432 0.5170 -0.8207
vn -0.1589 0.5537 -0.8174
vn -0.4271 0.6120 -0.6656
vn -0.4677 0.5595 -0.6843
vn -0.3612 0.5009 -0.7865
vn -0.3579 0.5780 -0.7333
vn -0.3233 0.5802 -0.7476
vn -0.2546 0.5296 -0.8091
vn -0.3237 0.5057 -0.7997
vn -0.3400 0.5262 -0.7794
vn -0.2620 0.5285 -0.8075
vn -0.2676 0.4540 -0.8499
vn 0.1226 0.4745 -0.8717
vn 0.0060 0.3588 -0.9334
vn 0.3113 0.1563 -0.9374
vn 0.3912 0.3368 -0.8565
vn -0.5164 0.4801 -0.7091
vn -0.5567 0.4097 -0.7227
vn -0.4030 0.3246 -0.8557
vn -0.3883 0.4090 -0.8258
vn -0.2487 0.4219 -0.8719
vn -0.3490 0.4421 -0.8263
vn -0.2525 0.3662 -0.8956
vn -0.0499 0.3049 -0.9511
vn -0.2905 0.3642 -0.8849
vn -0.2330 0.2631 -0.9362
vn -0.5370 0.4266 -0.7278
vn -0.3308 0.3009 -0.8944
vn -0.4753 0.5531 -0.6843
vn -0.2218 0.3739 -0.9006
vn 0.5657 0.1895 -0.8026
vn 0.4900 -0.0064 -0.8717
vn 0.5983 0.0033 -0.8013
vn 0.6491 0.0566 -0.7586
vn 0.1293 0.2240 -0.9660
vn -0.1012 0.3128 -0.9444
vn 0.0878 0.3535 -0.9313
vn 0.2700 0.3130 -0.9106
vn -0.0919 0.1970 -0.9761
vn 0.0814 0.2141 -0.9734
vn -0.5091 0.2906 -0.8102
vn -0.0552 0.4481 -0.8923
vn 0.0118 0.2454 -0.9694
vn -0.4338 0.6198 -0.6539
vn 0.6361 -0.1623 -0.7543
vn 0.5699 0.0491 -0.8202
vn 0.4239 -0.0097 -0.9057
vn 0.5295 -0.3525 -0.7716
vn 0.3384 0.2340 -0.9115
vn 0.3209 0.3783 -0.8683
vn 0.4081 -0.0145 -0.9128
vn 0.3127 0.1329 -0.9405
vn 0.3014 0.4148 -0.8585
vn 0.1924 0.2577 -0.9469
vn 0.2006 0.2986 -0.9330
vn -0.0958 0.2587 -0.9612
vn 0.4615 -0.1091 -0.8804
vn 0.2630 -0.0981 -0.9598
vn 0.4493 -0.0764 -0.8901
vn 0.3549 -0.3340 -0.8732
vn 0.5244 -0.4106 -0.7459
vn 0.5437 -0.0811 -0.8353
vn 0.3021 -0.5935 -0.7460
vn 0.5408 -0.3638 -0.7585
vn 0.5044 -0.5038 -0.7012
vn 0.5554 -0.4118 -0.7224
vn 0.4864 -0.3776 -0.7879
vn 0.5634 -0.5661 -0.6018
vn 0.5732 -0.5474 -0.6097
vn 0.4779 -0.4185 -0.7724
vn 0.4428 -0.4294 -0.7871
vn 0.4346 -0.5147 -0.7391
vn 0.4996 -0.4561 -0.7364
vn 0.5349 -0.5263 -0.6609
vn 0.5791 -0.5980 -0.5541
vn 0.5795 -0.6294 -0.5177
vn 0.4775 -0.3478 -0.8069
vn 0.0613 -0.1563 -0.9858
vn 0.1980 -0.4714 -0.8594
vn 0.8134 -0.1423 -0.5641
vn 0.4892 0.4164 -0.7664
vn 0.9731 0.1327 -0.1883
vn 0.9257 -0.0786 -0.3699
vn 0.5961 0.7037 -0.3866
vn 0.6097 0.5885 -0.5310
vn 0.6026 -0.5746 -0.5539
vn 0.4864 0.0820 -0.8699
vn 0.2237 -0.6628 -0.7146
vn -0.0390 0.2316 -0.9720
vn -0.0085 0.2661 -0.9639
vn 0.0612 0.3358 -0.9399
vn 0.2160 -0.5088 -0.8333
vn 0.1917 -0.4042 -0.8943
vn 0.1223 0.3813 -0.9163
vn 0.1256 0.3950 -0.9100
vn 0.1675 -0.3472 -0.9227
vn 0.1432 -0.3220 -0.9359
vn 0.0684 0.4004 -0.9138
vn -0.0447 0.4023 -0.9144
vn 0.1151 -0.2996 -0.9471
vn 0.0552 -0.2603 -0.9639
vn -0.2058 0.3664 -0.9074
vn -0.3447 0.2141 -0.9140
vn -0.0559 -0.2346 -0.9705
vn -0.1251 -0.4001 -0.9079
vn 0.1455 -0.7464 -0.6494
vn 0.1794 -0.7516 -0.6348
vn 0.2558 -0.7960 -0.5486
vn 0.1344 -0.6868 -0.7143
vn 0.1695 -0.8865 -0.4306
vn 0.1558 -0.7892 -0.5940
vn 0.1220 -0.8087 -0.5755
vn 0.2216 -0.8464 -0.4843
vn 0.2807 -0.9151 -0.2896
vn 0.1432 -0.8260 -0.5453
vn 0.1921 -0.8429 -0.5026
vn 0.1874 -0.9082 -0.3743
vn 0.3856 -0.8562 -0.3438
vn 0.3699 -0.9096 -0.1890
vn 0.4154 -0.8991 -0.1379
vn 0.2889 -0.8541 -0.4325
vn 0.8999 -0.4224 -0.1084
vn 0.6374 -0.7529 -0.1640
vn 0.4905 -0.8619 -0.1286
vn 0.6032 -0.7591 -0.2446
vn 0.9493 -0.2580 -0.1798
vn 0.7202 -0.4977 -0.4833
vn 0.5785 -0.7773 -0.2472
vn 0.6781 -0.7006 -0.2220
vn 0.0651 -0.8586 -0.5086
vn 0.3241 -0.7307 -0.6009
vn 0.4193 -0.8893 -0.1828
vn 0.5187 -0.8221 -0.2347
vn 0.0487 -0.9375 -0.3447
vn 0.2688 -0.9461 -0.1807
vn 0.3240 -0.9436 -0.0681
vn 0.3124 -0.9455 -0.0919
vn 0.4538 -0.8813 -0.1314
vn 0.5106 -0.8319 -0.2171
vn 0.3723 -0.9030 -0.2144
vn 0.3743 -0.9212 -0.1065
vn 0.3874 -0.8310 -0.3991
vn 0.3846 -0.7282 -0.5673
vn 0.0689 -0.5635 -0.8232
vn 0.2013 -0.8682 -0.4536
vn 0.4751 -0.6666 -0.5743
vn 0.3940 -0.2639 -0.8804
vn -0.4852 0.5398 -0.6879
vn -0.2345 0.2911 -0.9275
vn 0.1621 0.4153 -0.8951
vn -0.0780 0.4181 -0.9051
vn -0.1463 0.4597 -0.8760
vn -0.0876 0.2200 -0.9716
vn -0.4910 0.4622 -0.7384
vn 0.2644 -0.0313 -0.9639
vn -0.3008 -0.0941 -0.9490
vn 0.4084 -0.0490 -0.9115
vn 0.5193 -0.1941 -0.8323
vn 0.3654 -0.0269 -0.9305
vn 0.3697 -0.0542 -0.9276
vn 0.3722 0.0452 -0.9271
vn 0.3499 -0.1698 -0.9213
vn 0.3961 -0.3166 -0.8619
vn 0.3849 0.1538 -0.9101
vn 0.4101 0.3123 -0.8569
vn 0.4519 0.1684 -0.8760
vn 0.4519 0.4160 -0.7891
vn 0.3365 0.2348 -0.9120
vn 0.3721 0.0349 -0.9275
vn 0.4220 0.5846 -0.6929
vn 0.5047 0.7161 -0.4821
vn 0.4900 0.6193 -0.6135
vn 0.5639 0.6077 -0.5592
vn 0.3210 0.5560 -0.7667
vn 0.4567 0.8040 -0.3808
vn 0.6192 -0.6008 -0.5057
vn 0.6842 -0.5816 -0.4400
vn 0.6622 -0.6444 -0.3825
vn 0.5983 -0.6837 -0.4178
vn 0.6295 -0.2930 -0.7196
vn 0.7115 -0.0912 -0.6967
vn 0.7987 -0.0225 -0.6013
vn 0.8419 -0.0565 -0.5367
vn 0.7121 -0.6262 -0.3175
vn 0.7308 -0.6390 -0.2399
vn 0.4130 0.6335 -0.6544
vn 0.7630 -0.2434 -0.5988
vn 0.4023 0.5615 -0.7231
vn 0.7739 -0.1081 -0.6240
vn 0.7381 -0.5547 -0.3842
vn 0.7306 -0.6068 -0.3131
vn 0.7035 -0.6810 -0.2033
vn 0.7459 -0.6242 -0.2323
vn 0.7044 -0.6472 -0.2915
vn 0.6761 -0.6862 -0.2684
vn 0.8281 -0.0431 -0.5590
vn 0.6311 0.4954 -0.5969
vn 0.7360 -0.0748 -0.6728
vn 0.5501 0.3664 -0.7504
vn 0.4690 0.1322 -0.8733
vn 0.5771 -0.0452 -0.8155
vn 0.3020 0.6003 -0.7406
vn 0.2094 0.6533 -0.7276
vn -0.1958 0.2773 -0.9406
vn -0.2166 0.7928 -0.5696
vn -0.0365 0.5295 -0.8475
vn -0.2104 0.8600 -0.4649
vn -0.3231 0.3730 -0.8698
vn -0.2214 0.9153 -0.3366
vn -0.2113 0.8520 -0.4790
vn 0.0070 0.5712 -0.8208
vn -0.0850 0.9266 -0.3663
vn -0.1452 0.9212 -0.3609
vn 0.3820 -0.1985 -0.9026
vn 0.2378 -0.1346 -0.9620
vn -0.1724 0.5408 -0.8233
vn 0.0311 0.5664 -0.8235
vn -0.3571 0.8812 -0.3097
vn -0.3820 0.8518 -0.3586
vn -0.4230 0.8497 -0.3147
vn -0.4298 0.8374 -0.3378
vn -0.3188 0.7731 -0.5484
vn -0.0399 0.4861 -0.8730
vn -0.3394 0.7466 -0.5722
vn -0.0561 0.4575 -0.8874
vn 0.2680 0.0754 -0.9605
vn -0.0799 0.6119 -0.7869
vn 0.2561 0.2042 -0.9448
vn -0.0081 0.6026 -0.7980
vn -0.3687 0.8968 -0.2447
vn -0.4027 0.8930 -0.2011
vn -0.3236 0.9098 -0.2600
vn -0.3369 0.9320 -0.1339
vn -0.2695 0.8161 -0.5112
vn 0.0551 0.5252 -0.8492
vn -0.1248 0.8765 -0.4650
vn 0.2000 0.5897 -0.7825
vn 0.1222 0.1661 -0.9785
vn -0.1863 -0.0088 -0.9825
vn 0.4221 -0.0347 -0.9059
vn 0.2809 0.1911 -0.9405
vn 0.1543 -0.1224 -0.9804
vn -0.1764 -0.1859 -0.9666
vn 0.2035 0.0753 -0.9762
vn 0.3559 -0.2194 -0.9084
vn 0.2475 0.0908 -0.9646
vn 0.4214 -0.1125 -0.8999
vn 0.2884 0.1610 -0.9439
vn 0.3742 0.2945 -0.8793
vn 0.5013 -0.0414 -0.8643
vn 0.4094 -0.1883 -0.8927
vn 0.3596 0.3756 -0.8542
vn 0.3146 0.4193 -0.8516
vn 0.1974 0.6334 -0.7482
vn 0.1539 0.6533 -0.7413
vn 0.4880 0.1140 -0.8653
vn 0.5113 0.0651 -0.8569
vn 0.6334 -0.3273 -0.7012
vn 0.5920 -0.4067 -0.6958
vn 0.6326 -0.2651 -0.7277
vn 0.6996 -0.5856 -0.4095
vn 0.6846 -0.5707 -0.4534
vn 0.6645 -0.5643 -0.4899
vn -0.6695 0.6335 -0.3879
vn -0.0897 0.2423 -0.9661
vn -0.0270 0.4963 -0.8677
vn -0.3238 0.5138 -0.7945
vn -0.2479 0.6684 -0.7012
vn -0.5252 0.8343 -0.1674
vn 0.0286 0.1088 -0.9936
vn -0.1059 0.0460 -0.9933
vn -0.0448 0.2915 -0.9555
vn 0.0828 0.4089 -0.9088
vn -0.3095 -0.0307 -0.9504
vn -0.2343 -0.1136 -0.9655
vn -0.1310 -0.2551 -0.9580
vn -0.1728 0.4044 -0.8981
vn -0.1845 -0.1109 -0.9765
vn -0.1181 0.4272 -0.8964
vn 0.1474 -0.3318 -0.9318
vn 0.4617 -0.2392 -0.8542
vn 0.4303 0.1784 -0.8849
vn 0.0634 0.2395 -0.9688
vn 0.5383 -0.2492 -0.8051
vn 0.4894 -0.3649 -0.7921
vn 0.6017 -0.0534 -0.7969
vn 0.5564 0.0744 -0.8276
vn 0.5078 -0.4346 -0.7438
vn 0.6204 -0.4477 -0.6439
vn -0.1631 0.8625 -0.4791
vn -0.2705 0.9123 -0.3075
vn -0.0439 0.7911 -0.6101
vn 0.0183 0.7447 -0.6671
vn -0.0383 0.8291 -0.5578
vn -0.1406 0.8113 -0.5675
vn 0.0698 0.7469 -0.6613
vn 0.0150 0.7518 -0.6592
vn -0.0380 0.8670 -0.4968
vn 0.0400 0.7420 -0.6692
vn -0.0046 0.5301 -0.8479
vn 0.1047 0.6019 -0.7917
vn 0.0230 0.6148 -0.7883
vn -0.1139 0.7431 -0.6594
vn -0.1413 0.5815 -0.8012
vn -0.0863 0.8622 -0.4992
vn -0.1374 0.9212 -0.3642
vn -0.1521 0.9437 -0.2938
vn -0.1582 0.9292 -0.3339
vn -0.1314 0.7340 -0.6663
vn -0.1729 0.5381 -0.8250
vn -0.0704 0.4603 -0.8850
vn -0.1980 0.7782 -0.5960
vn -0.0264 0.8969 -0.4415
vn 0.2573 0.8184 -0.5138
vn 0.2186 0.8988 -0.3800
vn -0.0086 0.9434 -0.3316
vn 0.2450 0.4780 -0.8435
vn 0.0415 0.6912 -0.7214
vn 0.2649 0.6870 -0.6766
vn 0.0664 0.4147 -0.9075
vn 0.4234 0.6866 -0.5910
vn 0.4130 0.6498 -0.6381
vn 0.3466 0.8714 -0.3473
vn 0.2766 0.7948 -0.5403
vn 0.3715 0.7881 -0.4908
vn 0.2619 0.8656 -0.4268
vn 0.3636 0.6512 -0.6661
vn 0.2678 0.8582 -0.4380
vn -0.6964 0.1269 -0.7064
vn -0.6152 0.1389 -0.7760
vn -0.8167 0.2871 -0.5006
vn -0.7065 0.3738 -0.6010
vn -0.5973 0.1297 -0.7915
vn -0.6598 0.1281 -0.7404
vn -0.4896 0.1087 -0.8652
vn -0.7760 0.2039 -0.5969
vn -0.5651 0.2473 -0.7871
vn -0.7269 0.1275 -0.6748
vn -0.7596 0.5973 -0.2572
vn -0.6263 0.6995 -0.3441
vn -0.5941 0.7671 -0.2422
vn -0.7692 0.4597 -0.4438
vn -0.5999 0.4828 -0.6379
vn -0.7131 0.6821 -0.1622
vn -0.7829 0.5734 -0.2413
vn -0.6516 0.7068 -0.2756
vn -0.4903 0.3431 -0.8012
vn -0.4921 0.4315 -0.7561
vn -0.6055 0.7339 -0.3079
vn -0.6184 0.7163 -0.3232
vn -0.4253 0.2963 -0.8552
vn -0.4208 0.1421 -0.8959
vn -0.6313 0.7269 -0.2703
vn -0.5704 0.4516 -0.6861
vn -0.5563 0.5028 -0.6616
vn -0.5934 0.7730 -0.2244
vn -0.5801 0.8026 -0.1389
vn -0.6066 0.7822 -0.1422
vn -0.5520 0.6187 -0.5590
vn -0.6243 0.5364 -0.5679
vn -0.4684 0.4523 -0.7589
vn -0.4732 0.5640 -0.6767
vn -0.5847 0.7533 -0.3010
vn -0.5430 0.8123 -0.2128
vn -0.3939 0.3581 -0.8465
vn -0.3817 0.2936 -0.8764
vn -0.3984 0.8847 -0.2421
vn -0.4736 0.8408 -0.2623
vn -0.2019 0.6587 -0.7248
vn -0.1942 0.5358 -0.8217
vn -0.5669 0.8207 0.0706
vn -0.5331 0.8441 0.0578
vn -0.4609 0.7133 -0.5280
vn -0.4703 0.7935 -0.3862
vn -0.4987 0.8608 -0.1018
vn -0.4822 0.8759 -0.0133
vn -0.2980 0.5024 -0.8116
vn -0.3557 0.4599 -0.8136
vn -0.5947 0.6762 -0.4348
vn -0.5393 0.5446 -0.6423
vn -0.5347 0.5141 -0.6707
vn -0.6212 0.7425 -0.2508
vn -0.4035 0.4479 -0.7979
vn -0.3623 0.4856 -0.7956
vn -0.5959 0.7664 -0.2396
vn -0.5050 0.6863 -0.5235
vn -0.2501 0.4849 -0.8380
vn -0.4396 0.6295 -0.6407
vn -0.2704 0.4717 -0.8393
vn -0.0855 0.2738 -0.9580
vn 0.0251 0.2121 -0.9769
vn -0.0471 0.3393 -0.9395
vn -0.4804 0.8434 -0.2406
vn -0.2435 0.5595 -0.7922
vn -0.5303 0.8467 0.0429
vn -0.5200 0.1933 -0.8320
vn -0.3473 0.2775 -0.8958
vn -0.2347 0.2327 -0.9438
vn -0.5096 0.1611 -0.8452
vn -0.1114 0.2659 -0.9575
vn 0.0966 0.1709 -0.9805
vn 0.3756 -0.0823 -0.9231
vn 0.2193 0.0715 -0.9730
vn 0.5079 -0.0098 -0.8614
vn 0.4048 0.1117 -0.9076
vn 0.3997 -0.1609 -0.9024
vn 0.1559 -0.0013 -0.9878
vn 0.4614 0.2606 -0.8481
vn 0.1972 0.2491 -0.9482
vn 0.0782 0.0318 -0.9964
vn 0.0403 0.1231 -0.9916
vn 0.0426 0.1156 -0.9924
vn 0.1261 0.0316 -0.9915
vn 0.2140 0.0829 -0.9733
vn 0.2843 -0.0792 -0.9554
vn 0.0668 0.6273 -0.7759
vn -0.0515 0.5274 -0.8481
vn 0.1514 0.4306 -0.8897
vn 0.1543 0.3914 -0.9072
vn -0.0583 0.3285 -0.9427
vn -0.1526 0.1575 -0.9757
vn 0.1422 -0.0213 -0.9896
vn -0.0265 0.0894 -0.9956
vn -0.0418 0.1126 -0.9928
vn -0.0705 0.3087 -0.9485
vn -0.0896 0.1835 -0.9789
vn -0.1733 0.1995 -0.9645
vn -0.1180 0.1403 -0.9831
vn -0.2639 0.6324 0.7283
vn -0.3853 0.7409 0.5501
vn -0.4176 0.7645 0.4911
vn -0.4064 0.7006 0.5865
vn -0.2727 0.5616 0.7811
vn -0.3283 0.4968 0.8034
vn -0.4722 0.6560 0.5888
vn -0.5346 0.6323 0.5607
vn -0.4198 0.4447 0.7912
vn -0.4552 0.4346 0.7771
vn -0.4303 0.4571 0.7784
vn -0.5390 0.6297 0.5594
vn -0.4378 0.4505 0.7781
vn -0.5263 0.6357 0.5647
vn -0.5129 0.6358 0.5768
vn -0.4854 0.6461 0.5890
vn -0.4299 0.4659 0.7734
vn -0.4388 0.4666 0.7680
vn -0.4827 0.6525 0.5842
vn -0.5142 0.6304 0.5815
vn -0.4422 0.4693 0.7643
vn -0.4527 0.4557 0.7664
vn -0.5227 0.6166 0.5888
vn -0.5463 0.5988 0.5857
vn -0.4604 0.4301 0.7766
vn -0.5098 0.3790 0.7723
vn -0.6228 0.5367 0.5693
vn -0.6573 0.4694 0.5897
vn -0.5634 0.3133 0.7645
vn -0.5832 0.2495 0.7730
vn -0.6712 0.3998 0.6242
vn -0.6974 0.3588 0.6204
vn -0.6312 0.2088 0.7470
vn -0.7101 0.2515 0.6577
vn -0.7618 0.2461 0.5993
vn -0.7386 0.3337 0.5858
vn -0.7296 0.2756 0.6259
vn -0.6093 0.1529 0.7781
vn -0.7712 0.2252 0.5953
vn -0.6675 0.0422 0.7434
vn -0.5967 0.1212 0.7932
vn -0.7567 0.3070 0.5772
vn -0.7723 0.2706 0.5747
vn -0.4583 0.6721 0.5817
vn -0.2425 0.5389 0.8067
vn -0.3430 0.6244 0.7018
vn -0.3575 0.5584 0.7486
vn -0.1883 0.5485 0.8147
vn -0.2596 0.6322 0.7300
vn -0.5745 0.6746 0.4635
vn -0.4577 0.5162 0.7239
vn -0.5435 0.6796 0.4927
vn -0.4923 0.4910 0.7187
vn -0.5574 0.6949 0.4543
vn -0.4839 0.5083 0.7123
vn -0.5789 0.6727 0.4607
vn -0.4873 0.5321 0.6924
vn -0.4753 0.7137 0.5145
vn -0.4927 0.5490 0.6751
vn -0.5263 0.7057 0.4743
vn -0.4776 0.5624 0.6750
vn -0.4444 0.6833 0.5793
vn -0.4593 0.5541 0.6942
vn -0.4452 0.7044 0.5528
vn -0.4513 0.5378 0.7121
vn -0.5255 0.6610 0.5356
vn -0.4539 0.5189 0.7244
vn -0.4767 0.6637 0.5764
vn -0.4979 0.4894 0.7160
vn -0.5402 0.4643 0.7019
vn -0.5632 0.4744 0.6766
vn -0.5634 0.6722 0.4803
vn -0.5371 0.7017 0.4680
vn -0.4730 0.6874 0.5511
vn -0.4366 0.5803 0.6875
vn -0.6676 0.3821 0.6390
vn -0.6254 0.4416 0.6433
vn -0.6731 0.2438 0.6982
vn -0.5727 0.0728 0.8165
vn -0.3906 0.4569 0.7992
vn -0.2799 0.3922 0.8763
vn -0.4415 0.7448 0.5003
vn -0.4566 0.8323 0.3143
vn -0.3492 0.8010 0.4863
vn -0.3642 0.8730 0.3245
vn -0.5443 0.7891 0.2846
vn -0.5287 0.7158 0.4561
vn -0.5840 0.7101 0.3933
vn -0.6037 0.7681 0.2135
vn -0.6055 0.7813 0.1513
vn -0.5968 0.7271 0.3394
vn -0.5851 0.7403 0.3311
vn -0.5682 0.8096 0.1470
vn -0.5393 0.8251 0.1685
vn -0.5516 0.7577 0.3487
vn -0.4944 0.7845 0.3744
vn -0.4997 0.8464 0.1843
vn -0.4168 0.8803 0.2265
vn -0.4319 0.8038 0.4092
vn -0.2157 0.8717 -0.4400
vn -0.3562 0.9344 -0.0018
vn -0.1604 0.9116 -0.3785
vn -0.4727 0.8811 -0.0171
vn -0.3053 0.9501 0.0635
vn -0.1947 0.9447 -0.2639
vn -0.2845 0.8075 -0.5167
vn -0.5479 0.8267 -0.1280
vn -0.5496 0.8315 -0.0810
vn -0.4399 0.8972 -0.0383
vn -0.2486 0.8585 -0.4485
vn -0.1897 0.9183 -0.3474
vn -0.4884 0.8652 -0.1134
vn -0.2896 0.7964 -0.5310
vn -0.4780 0.8704 -0.1184
vn -0.4662 0.8844 -0.0207
vn -0.5572 0.8283 0.0580
vn -0.3914 0.8918 -0.2269
vn -0.4707 0.8626 -0.1852
vn -0.3453 0.8842 -0.3146
vn -0.6319 0.7747 0.0233
vn -0.6762 0.7314 -0.0881
vn -0.4665 0.7842 -0.4092
vn -0.4736 0.8412 -0.2608
vn -0.6756 0.7216 -0.1515
vn -0.5469 0.7917 -0.2722
vn -0.3246 0.7925 -0.5163
vn -0.4367 0.7689 -0.4670
vn -0.3285 0.9041 -0.2733
vn -0.1310 0.9687 -0.2107
vn 0.0085 0.8962 -0.4435
vn -0.1480 0.8591 -0.4900
vn -0.0081 0.9929 -0.1184
vn 0.0595 0.9976 -0.0365
vn 0.1054 0.9447 -0.3105
vn 0.0813 0.9170 -0.3906
vn 0.0593 0.9975 0.0387
vn 0.0061 0.9976 0.0683
vn 0.0758 0.9780 -0.1943
vn 0.0986 0.9710 -0.2177
vn -0.0657 0.9978 -0.0051
vn -0.0391 0.9982 0.0460
vn 0.0360 0.9681 -0.2479
vn 0.0629 0.9728 -0.2231
vn -0.1035 0.9937 -0.0434
vn -0.0882 0.9958 -0.0252
vn -0.0259 0.9732 -0.2287
vn -0.0166 0.9682 -0.2496
vn 0.0042 1.0000 0.0067
vn 0.2053 0.9624 -0.1780
vn 0.1384 0.9897 0.0377
vn 0.0647 0.9800 -0.1879
vn 0.2319 0.9670 0.1056
vn 0.3361 0.8995 -0.2791
vn 0.2347 0.9689 0.0779
vn 0.3102 0.9246 -0.2212
vn -0.2530 0.8661 -0.4312
vn -0.2840 0.8291 -0.4816
vn -0.1942 0.8288 -0.5247
vn -0.3372 0.8578 -0.3878
vn -0.2469 0.7601 -0.6010
vn -0.1390 0.7621 -0.6324
vn -0.0822 0.6850 -0.7239
vn -0.0711 0.7688 -0.6355
vn -0.0599 0.6929 -0.7186
vn -0.1323 0.6912 -0.7105
vn -0.0786 0.7009 -0.7089
vn -0.2246 0.7200 -0.6566
vn -0.1736 0.7484 -0.6401
vn 0.0099 0.7446 -0.6674
vn 0.0394 0.7894 -0.6127
vn 0.0305 0.7350 -0.6774
vn 0.0943 0.7914 -0.6039
vn -0.0604 0.8140 -0.5777
vn 0.0561 0.8602 -0.5069
vn 0.0897 0.8586 -0.5047
vn 0.0938 0.8767 -0.4719
vn 0.0935 0.8961 -0.4340
vn 0.0991 0.8367 -0.5385
vn 0.1392 0.9139 -0.3812
vn 0.1643 0.8672 -0.4701
vn 0.1070 0.9138 -0.3918
vn 0.1253 0.8645 -0.4867
vn 0.1806 0.8593 -0.4786
vn 0.1488 0.8996 -0.4107
vn 0.1152 0.8857 -0.4498
vn 0.1924 0.8683 -0.4572
vn 0.1247 0.8043 -0.5810
vn 0.0682 0.8822 -0.4659
vn 0.0506 0.8836 -0.4655
vn 0.1490 0.8339 -0.5314
vn 0.2568 0.8148 -0.5197
vn 0.1217 0.8951 -0.4289
vn 0.2804 0.8882 -0.3640
vn 0.1418 0.7924 -0.5933
vn -0.2730 0.9248 -0.2650
vn -0.2477 0.9684 -0.0272
vn -0.3780 0.8245 0.4210
vn -0.3038 0.8762 -0.3741
vn -0.4077 0.8971 -0.1704
vn -0.3214 0.8823 -0.3439
vn -0.1891 0.8902 -0.4145
vn -0.3376 0.8729 -0.3523
vn -0.3086 0.8803 -0.3604
vn -0.1182 0.8400 -0.5295
vn 0.2350 -0.6589 -0.7146
vn 0.1581 -0.6813 -0.7147
vn 0.4038 -0.7097 -0.5774
vn 0.3260 -0.7849 -0.5269
vn 0.2819 -0.6498 -0.7059
vn 0.2229 -0.6441 -0.7318
vn 0.2135 -0.2782 -0.9365
vn 0.1213 -0.6780 -0.7250
vn 0.4047 -0.4307 -0.8067
vn 0.3682 -0.6128 -0.6993
vn 0.5083 -0.7186 -0.4746
vn 0.5916 -0.7115 -0.3792
vn 0.5217 -0.6697 -0.5286
vn 0.3518 -0.5826 -0.7327
vn 0.3988 -0.8373 -0.3740
vn 0.4784 -0.7747 -0.4135
vn 0.2731 -0.8616 -0.4278
vn 0.4569 -0.8342 -0.3088
vn 0.4901 -0.7568 -0.4325
vn 0.5406 -0.7737 -0.3304
vn 0.1157 -0.2589 -0.9590
vn 0.2390 -0.4080 -0.8811
vn 0.1092 -0.8057 -0.5822
vn 0.1037 -0.7488 -0.6546
vn 0.5850 -0.6531 -0.4808
vn 0.5166 -0.5288 -0.6734
vn 0.5112 -0.6424 -0.5710
vn 0.3631 -0.5303 -0.7661
vn 0.0586 -0.7023 -0.7094
vn 0.1063 -0.8817 -0.4597
vn 0.0248 -0.8428 -0.5377
vn 0.2118 -0.7987 -0.5632
vn 0.3490 -0.6779 -0.6471
vn 0.2008 -0.5678 -0.7983
vn 0.3498 -0.3144 -0.8825
vn 0.0422 -0.0137 -0.9990
vn 0.1386 -0.3330 -0.9327
vn -0.1239 -0.0554 -0.9907
vn -0.2025 -0.5581 -0.8047
vn 0.2793 -0.4970 -0.8216
vn -0.1029 -0.3559 -0.9288
vn 0.0377 -0.7555 -0.6540
vn -0.1061 -0.7104 -0.6958
vn -0.2896 -0.4628 -0.8379
vn -0.2791 -0.2767 -0.9195
vn -0.0934 -0.5313 -0.8420
vn 0.0070 -0.3863 -0.9223
vn -0.2069 -0.1349 -0.9690
vn -0.5800 -0.2991 -0.7577
vn -0.6275 -0.2354 -0.7422
vn -0.8526 -0.2022 -0.4819
vn -0.9212 0.0185 -0.3888
vn -0.9392 -0.2338 -0.2515
vn -0.9773 -0.1930 -0.0876
vn -0.2910 0.2676 -0.9185
vn -0.5170 0.5359 -0.6674
vn -0.3524 0.2254 -0.9083
vn -0.6217 0.4684 -0.6278
vn -0.7870 0.4148 -0.4566
vn -0.5991 -0.0155 -0.8005
vn -0.7782 0.3787 -0.5010
vn -0.5686 0.1080 -0.8155
vn -0.4783 0.1512 -0.8651
vn -0.8099 0.3268 -0.4871
vn -0.9616 -0.2018 0.1863
vn -0.8929 -0.1886 0.4088
vn -0.9395 0.1757 0.2942
vn -0.9877 0.1558 -0.0165
vn -0.7575 0.6471 0.0868
vn -0.6263 0.7166 -0.3069
vn -0.7650 0.5889 -0.2607
vn -0.6255 0.7781 0.0575
vn -0.7871 0.5824 -0.2030
vn -0.8179 0.5479 -0.1753
vn -0.7901 0.6037 0.1066
vn -0.7909 0.6110 0.0341
vn -0.9252 0.3557 -0.1324
vn -0.8837 0.4551 0.1095
vn -0.8248 0.3609 0.4352
vn -0.7705 0.6318 0.0847
vn -0.6792 0.7331 0.0352
vn -0.8062 0.0821 0.5859
vn -0.9004 0.3074 0.3079
vn -0.8840 -0.0414 0.4657
vn -0.4172 0.6218 0.6628
vn -0.4982 0.7591 0.4190
vn -0.6229 0.6718 0.4009
vn -0.3060 0.6525 0.6932
vn -0.8505 -0.1601 0.5010
vn -0.8588 0.0953 0.5033
vn -0.5753 0.4276 0.6972
vn -0.4365 0.4803 0.7608
vn -0.5065 0.7692 0.3895
vn -0.5636 0.5299 0.6337
vn -0.6791 0.3438 0.6486
vn -0.3838 0.9180 -0.0999
vn -0.3669 0.8997 -0.2366
vn -0.2724 0.5538 0.7868
vn -0.2407 0.7240 0.6464
vn -0.1970 0.5363 0.8207
vn -0.5002 0.5956 0.6285
vn -0.3633 0.5183 0.7742
vn -0.2823 0.9160 0.2851
vn -0.7186 0.5832 0.3788
vn -0.7241 0.5998 0.3406
vn -0.7815 0.4688 0.4117
vn -0.4004 0.8562 -0.3265
vn -0.4775 0.8058 -0.3503
vn -0.6222 0.7550 -0.2069
vn -0.5066 0.7957 -0.3320
vn -0.5281 0.8213 -0.2159
vn -0.6062 0.7689 -0.2030
vn -0.3156 0.8114 -0.4919
vn -0.3611 0.9322 -0.0262
vn -0.3030 0.9117 -0.2776
vn -0.5457 0.8165 -0.1884
vn -0.2537 0.7683 -0.5877
vn -0.4460 0.8858 -0.1281
vn -0.6065 0.7639 -0.2206
vn -0.7026 0.6680 -0.2453
vn -0.2269 0.7555 -0.6146
vn -0.3257 0.7782 -0.5369
vn -0.7941 0.5657 -0.2222
vn -0.8390 0.5211 -0.1569
vn -0.7017 0.6387 -0.3157
vn -0.6914 0.7135 -0.1135
vn -0.8087 0.5769 -0.1146
vn -0.6852 0.7274 -0.0389
vn -0.6785 0.7341 -0.0257
vn -0.6123 0.7796 -0.1319
vn -0.4104 0.7824 -0.4684
vn -0.5450 0.7465 -0.3817
vn -0.3094 0.8494 -0.4275
vn -0.4241 0.8664 -0.2635
vn -0.3899 0.7481 -0.5370
vn -0.1315 0.7989 -0.5868
vn -0.4171 0.8377 -0.3527
vn -0.2366 0.8195 -0.5220
vn -0.1951 0.8764 -0.4403
vn -0.1886 0.8029 -0.5655
vn -0.5009 0.7343 -0.4581
vn -0.5453 0.7796 -0.3078
vn -0.3455 0.0940 -0.9337
vn -0.6532 0.2751 -0.7054
vn -0.5894 0.2258 -0.7757
vn -0.5273 -0.0347 -0.8490
vn 0.1912 -0.1697 -0.9668
vn -0.4771 0.1606 -0.8640
vn -0.2095 0.1286 -0.9693
vn -0.1417 -0.0373 -0.9892
vn 0.2235 0.1093 -0.9686
vn 0.5074 0.1171 -0.8537
vn 0.6647 -0.2399 -0.7075
vn 0.5199 -0.2483 -0.8173
vn 0.3238 0.1614 -0.9322
vn -0.0127 0.1194 -0.9928
vn 0.0944 -0.1734 -0.9803
vn 0.4509 -0.2047 -0.8688
vn -0.1788 0.1643 -0.9701
vn -0.2157 0.2177 -0.9519
vn 0.0496 -0.0266 -0.9984
vn -0.0237 -0.0882 -0.9958
vn -0.1083 0.1932 -0.9752
vn 0.1209 0.1684 -0.9783
vn 0.3939 -0.0757 -0.9160
vn 0.2338 -0.0354 -0.9716
vn 0.2697 0.1813 -0.9457
vn 0.1979 -0.0977 -0.9753
vn 0.1447 0.2450 -0.9587
vn 0.3732 -0.0853 -0.9238
vn -0.0448 0.3520 -0.9349
vn 0.0110 -0.1011 -0.9948
vn -0.1290 0.4096 -0.9031
vn -0.0510 -0.1022 -0.9934
vn -0.1217 0.3779 -0.9178
vn -0.0515 -0.1229 -0.9911
vn -0.0352 0.3267 -0.9445
vn 0.0038 -0.1511 -0.9885
vn 0.0730 0.3125 -0.9471
vn 0.2056 0.3888 -0.8981
vn 0.0706 -0.1396 -0.9877
vn 0.1641 -0.0857 -0.9827
vn 0.3129 0.5556 -0.7703
vn 0.2915 -0.0088 -0.9565
vn 0.2795 0.6984 -0.6589
vn 0.3602 0.1513 -0.9205
vn 0.3595 -0.5297 -0.7682
vn 0.3285 -0.6015 -0.7282
vn 0.4659 -0.4541 -0.7594
vn 0.6111 -0.6703 -0.4210
vn 0.5702 -0.7634 -0.3036
vn 0.5195 -0.8047 -0.2874
vn 0.5734 -0.3851 -0.7231
vn 0.5818 -0.3358 -0.7408
vn 0.5955 -0.4630 -0.6565
vn 0.6249 -0.5512 -0.5528
vn 0.4784 -0.3328 -0.8126
vn 0.3072 -0.4029 -0.8622
vn 0.3746 -0.5290 -0.7615
vn 0.5067 -0.4632 -0.7271
vn 0.1451 -0.4989 -0.8544
vn 0.2245 -0.6150 -0.7559
vn 0.0532 -0.5567 -0.8290
vn 0.1143 -0.6868 -0.7178
vn 0.0110 -0.5792 -0.8151
vn 0.0838 -0.7561 -0.6491
vn 0.0415 -0.6163 -0.7864
vn 0.1309 -0.8256 -0.5488
vn 0.0703 -0.6698 -0.7392
vn 0.1073 -0.7481 -0.6548
vn 0.1361 -0.9435 -0.3022
vn 0.1618 -0.8929 -0.4202
vn 0.1687 -0.7965 -0.5806
vn 0.0952 -0.9655 -0.2425
vn 0.2341 -0.7289 -0.6433
vn 0.0720 -0.9581 -0.2772
vn -0.0802 0.8786 -0.4708
vn -0.2865 0.9330 -0.2177
vn -0.2074 0.9269 -0.3126
vn -0.0721 0.8529 -0.5171
vn 0.6524 -0.2289 -0.7225
vn 0.8090 -0.1826 -0.5587
vn 0.5333 0.1258 -0.8365
vn 0.7004 0.2341 -0.6743
vn 0.8035 -0.4911 -0.3364
vn 0.7175 -0.5787 -0.3877
vn 0.2813 0.7522 -0.5959
vn 0.3392 0.4394 -0.8318
vn 0.1495 0.6773 -0.7204
vn 0.5128 0.5666 -0.6450
vn 0.1915 0.6198 -0.7611
vn -0.1727 0.8876 -0.4271
vn 0.1540 0.9873 0.0386
vn -0.1579 0.9677 -0.1964
vn 0.0744 0.9465 0.3139
vn 0.0243 0.8823 -0.4701
vn -0.1140 0.9905 -0.0770
vn 0.2186 0.9484 -0.2296
vn 0.6130 0.2815 0.7382
vn 0.5658 0.8180 -0.1033
vn 0.3742 0.7125 0.5936
vn 0.9067 0.4203 -0.0366
vn 0.9723 -0.2221 0.0726
vn 0.7801 -0.6105 0.1368
vn 0.6214 -0.2958 0.7255
vn 0.5685 -0.5862 0.5772
vn 0.8281 -0.3704 -0.4207
vn 0.9531 -0.2831 -0.1072
vn 0.7548 -0.6290 -0.1860
vn 0.8175 -0.5657 0.1079
vn 0.8689 0.4231 -0.2570
vn 0.7018 0.2070 -0.6816
vn 0.3477 0.8120 -0.4687
vn 0.3652 0.9238 -0.1149
vn 0.0269 0.9831 -0.1810
vn 0.1890 0.8919 -0.4109
vn 0.1460 0.8574 -0.4935
vn 0.1644 0.7655 -0.6221
vn -0.0113 0.9314 -0.3639
vn 0.0705 0.7960 -0.6012
vn 0.1926 0.6722 -0.7148
vn 0.2483 0.3324 -0.9099
vn 0.1466 0.6168 -0.7733
vn 0.2471 0.2520 -0.9357
vn 0.2403 -0.5002 -0.8319
vn 0.1547 -0.8629 -0.4810
vn 0.2854 -0.4563 -0.8429
vn 0.1087 -0.9058 -0.4096
vn 0.5094 -0.5647 -0.6493
vn 0.4890 0.1684 -0.8559
vn 0.9433 0.0528 -0.3277
vn 0.6064 -0.7890 0.0986
vn 0.3641 -0.8649 -0.3454
vn 0.4101 0.7097 -0.5728
vn 0.8883 0.4523 0.0792
vn 0.3193 0.8992 -0.2992
vn 0.7066 0.6195 0.3418
vn 0.8645 -0.2082 0.4574
vn 0.6550 -0.5627 0.5044
vn 0.7125 0.0005 0.7016
vn 0.6052 -0.3319 0.7236
vn 0.8499 -0.5269 0.0059
vn 0.1423 0.9898 -0.0043
vn 0.0578 0.9743 0.2176
vn 0.2287 0.6515 0.7233
vn 0.4361 0.6669 0.6042
vn 0.2457 -0.9408 -0.2336
vn 0.1284 -0.9298 -0.3449
vn 0.3716 -0.9182 0.1371
vn 0.1933 -0.9789 0.0668
vn 0.4791 0.0669 0.8752
vn 0.4363 -0.3612 0.8241
vn 0.3256 0.1468 0.9341
vn 0.3217 -0.3438 0.8822
vn 0.4334 -0.7003 0.5672
vn 0.2641 -0.7429 0.6151
vn 0.6741 -0.3212 -0.6651
vn 0.4791 -0.4127 -0.7747
vn 0.3081 -0.0932 -0.9468
vn 0.5022 -0.0148 -0.8646
vn 0.4548 -0.8479 -0.2723
vn 0.4774 -0.8343 -0.2757
vn 0.4546 -0.7414 -0.4936
vn 0.4416 -0.7523 -0.4889
vn 0.5384 -0.7059 -0.4603
vn 0.5328 -0.8007 -0.2737
vn 0.5607 -0.7724 -0.2984
vn 0.5049 -0.7164 -0.4815
vn 0.0332 0.4725 -0.8807
vn -0.5054 0.7408 -0.4425
vn -0.1325 0.3304 -0.9345
vn -0.5420 0.6563 -0.5248
vn 0.3432 -0.4619 -0.8179
vn 0.3843 -0.4660 -0.7969
vn 0.1562 -0.0065 -0.9877
vn 0.1692 -0.1243 -0.9777
vn 0.4375 -0.4550 -0.7756
vn 0.5043 -0.4082 -0.7609
vn 0.3155 0.1106 -0.9425
vn 0.1882 0.0903 -0.9780
vn -0.2515 0.3324 -0.9090
vn -0.4830 0.6580 -0.5777
vn -0.2426 0.5039 -0.8290
vn -0.3439 0.7149 -0.6088
vn -0.4559 0.7952 -0.3998
vn -0.0777 0.7903 -0.6078
vn -0.3716 0.7776 -0.5072
vn 0.0086 0.7351 -0.6779
vn -0.1566 0.6550 -0.7392
vn -0.2036 0.8023 -0.5611
vn 0.0502 0.6941 -0.7182
vn -0.0544 0.8880 -0.4565
vn 0.6953 -0.1889 -0.6935
vn 0.3690 0.5072 -0.7788
vn 0.3443 0.4741 -0.8104
vn 0.5776 -0.1047 -0.8095
vn -0.2423 0.7728 -0.5866
vn 0.0804 0.6966 -0.7130
vn -0.1299 0.7438 -0.6557
vn 0.1261 0.6633 -0.7377
vn -0.0283 0.7845 -0.6195
vn 0.1911 0.6933 -0.6948
vn 0.0515 0.8676 -0.4945
vn 0.2854 0.7607 -0.5830
vn 0.6243 -0.6940 -0.3587
vn 0.5959 -0.6900 -0.4107
vn 0.5553 -0.6605 -0.5054
vn 0.4519 -0.6201 -0.6413
vn 0.3167 0.4774 -0.8196
vn 0.5075 0.0425 -0.8606
vn 0.2990 0.5127 -0.8048
vn 0.5193 0.1869 -0.8339
vn 0.3647 0.5860 -0.7236
vn 0.6157 0.3349 -0.7132
vn 0.4854 0.6460 -0.5892
vn 0.7163 0.4393 -0.5422
vn 0.4973 -0.1164 -0.8597
vn 0.3092 0.2108 -0.9273
vn 0.2195 -0.1115 -0.9692
vn 0.1376 0.0454 -0.9894
vn 0.5695 -0.5379 -0.6216
vn 0.6857 -0.3334 -0.6471
vn 0.5522 -0.2628 -0.7912
vn 0.4175 -0.4658 -0.7802
vn 0.8015 -0.0514 -0.5958
vn 0.7990 0.2569 -0.5438
vn 0.5204 0.4367 -0.7338
vn 0.6614 0.0607 -0.7476
vn 0.1855 -0.0314 -0.9821
vn 0.1555 0.0379 -0.9871
vn 0.2932 0.1260 -0.9477
vn 0.2432 0.1539 -0.9577
vn 0.3548 0.3192 -0.8787
vn 0.2939 0.2818 -0.9133
vn 0.2815 0.4990 -0.8196
vn 0.2891 0.3992 -0.8701
vn -0.3383 0.5317 -0.7765
vn 0.0191 0.1779 -0.9839
vn -0.3996 0.3196 -0.8592
vn 0.0601 -0.1121 -0.9919
vn 0.0785 0.3742 -0.9240
vn -0.2294 0.7747 -0.5892
vn 0.1986 0.5902 -0.7824
vn -0.1194 0.8970 -0.4256
vn 0.3298 0.7420 -0.5837
vn -0.0659 0.8839 -0.4631
vn 0.4046 0.3701 -0.8363
vn 0.1755 0.4527 -0.8742
vn 0.3899 0.1603 -0.9068
vn 0.1889 0.2598 -0.9470
vn 0.1697 0.6338 -0.7547
vn 0.4508 0.5797 -0.6787
vn -0.0886 0.8273 -0.5547
vn 0.3594 0.7879 -0.5001
vn 0.2449 0.8133 -0.5278
vn -0.1660 0.8068 -0.5670
vn -0.2678 0.7714 -0.5772
vn -0.1068 0.6787 -0.7266
vn 0.5024 0.6816 -0.5319
vn 0.1953 0.7551 -0.6259
vn 0.1984 0.8297 -0.5218
vn 0.4970 0.7438 -0.4470
vn 0.0940 0.7634 -0.6391
vn -0.0697 0.5253 -0.8481
vn 0.2689 0.7303 -0.6279
vn -0.1900 0.6553 -0.7311
vn 0.4160 0.8075 -0.4182
vn 0.1564 0.8812 -0.4461
vn 0.0366 0.8991 -0.4362
vn 0.2461 0.8525 -0.4611
vn -0.2599 0.7941 -0.5494
vn -0.2720 0.8595 -0.4327
vn -0.0350 0.8719 -0.4885
vn -0.1071 0.9107 -0.3989
vn -0.4487 0.4614 -0.7653
vn -0.1364 0.2118 -0.9678
vn -0.4910 0.3432 -0.8007
vn 0.1692 0.0919 -0.9813
vn -0.0936 0.3711 -0.9239
vn 0.1093 0.0102 -0.9940
vn -0.1971 0.1505 -0.9688
vn -0.5017 0.2941 -0.8135
vn -0.3723 0.6666 -0.6458
vn -0.0869 0.5382 -0.8383
vn -0.4022 0.5806 -0.7080
vn -0.0933 0.6687 -0.7377
vn -0.4088 0.7483 -0.5225
vn -0.0955 0.7567 -0.6468
vn -0.3584 0.7235 -0.5900
vn -0.1032 0.8123 -0.5741
vn -0.2229 0.8673 -0.4452
vn -0.4709 0.7346 -0.4885
vn -0.4885 0.7083 -0.5097
vn -0.1444 0.8593 -0.4907
vn -0.7795 0.4752 -0.4081
vn -0.8540 0.5192 -0.0339
vn -0.7669 0.4532 -0.4545
vn -0.8483 0.5252 -0.0680
vn -0.8683 0.4958 -0.0192
vn -0.7805 0.5073 -0.3653
vn -0.7701 0.5318 -0.3523
vn -0.8876 0.4588 -0.0411
vn -0.9162 0.3933 -0.0767
vn -0.7602 0.5359 -0.3673
vn -0.7555 0.5440 -0.3651
vn -0.9346 0.3340 -0.1221
vn -0.9534 0.2510 -0.1673
vn -0.7837 0.5175 -0.3435
vn -0.8060 0.4276 -0.4093
vn -0.7787 0.2904 -0.5561
vn -0.9571 0.1210 -0.2634
vn -0.8822 -0.0945 -0.4613
vn -0.6588 0.1534 -0.7365
vn -0.7430 -0.3252 -0.5850
vn -0.5045 -0.5914 -0.6291
vn -0.4940 -0.0827 -0.8655
vn -0.3731 0.5766 -0.7268
vn -0.4379 0.6621 -0.6081
vn -0.2077 -0.3591 -0.9099
vn 0.1543 -0.4589 -0.8750
vn -0.1260 -0.7557 -0.6427
vn 0.2726 -0.7144 -0.6445
vn -0.1289 0.1312 -0.9829
vn -0.3015 0.3608 -0.8825
vn -0.0434 0.0437 -0.9981
vn 0.3906 -0.3900 -0.8339
vn 0.4784 -0.3167 -0.8190
vn -0.0210 0.0712 -0.9972
vn 0.5348 -0.5591 -0.6336
vn 0.6520 -0.4445 -0.6142
vn 0.5478 -0.2780 -0.7891
vn 0.5918 -0.1869 -0.7841
vn 0.7228 -0.3389 -0.6023
vn 0.7563 -0.1861 -0.6273
vn 0.1188 -0.0618 -0.9910
vn -0.0056 -0.0317 -0.9995
vn 0.5561 0.0247 -0.8308
vn 0.7015 0.1338 -0.7000
vn 0.3652 0.5307 -0.7648
vn 0.0761 0.2005 -0.9767
vn 0.2284 -0.0318 -0.9730
vn -0.1819 0.6209 -0.7625
vn -0.3170 0.4300 -0.8453
vn 0.2255 0.4127 -0.8825
vn -0.0623 0.7593 -0.6477
vn -0.4075 0.8170 -0.4079
vn -0.5023 0.6967 -0.5122
vn -0.5743 0.5505 -0.6060
vn -0.7693 0.4943 -0.4049
vn -0.6618 0.7377 -0.1333
vn -0.8384 0.5283 -0.1343
vn -0.7821 0.6210 0.0513
vn -0.8383 0.3677 -0.4025
vn -0.7386 0.6288 -0.2432
vn -0.8436 0.4955 -0.2070
vn -0.8090 0.4719 -0.3504
vn -0.8205 0.5657 0.0819
vn -0.8508 0.5254 -0.0069
vn -0.6295 0.3279 -0.7044
vn -0.7580 0.3267 -0.5646
vn -0.5483 0.2841 -0.7866
vn -0.7791 0.4388 -0.4477
vn -0.8549 0.5139 -0.0709
vn -0.1924 -0.8513 -0.4882
vn -0.5919 -0.6932 -0.4113
vn -0.7089 -0.6591 -0.2513
vn 0.2062 -0.8163 -0.5396
vn 0.2581 -0.7876 -0.5596
vn 0.5519 -0.5976 -0.5817
vn 0.5426 -0.6167 -0.5703
vn 0.6748 -0.4723 -0.5671
vn 0.6680 -0.4648 -0.5812
vn 0.7346 -0.3418 -0.5861
vn 0.7378 -0.3412 -0.5825
vn 0.7861 -0.1561 -0.5981
vn 0.7210 0.1904 -0.6663
vn 0.6826 0.2684 -0.6797
vn 0.7797 -0.0995 -0.6181
vn 0.4292 0.6790 -0.5956
vn 0.4403 0.6215 -0.6480
vn 0.0567 0.8531 -0.5187
vn 0.0896 0.9075 -0.4104
vn -0.2635 0.9439 -0.1990
vn -0.2980 0.9022 -0.3118
vn -0.5868 0.8083 -0.0478
vn -0.5550 0.8312 0.0316
vn -0.7115 0.6742 0.1979
vn -0.7324 0.6655 0.1439
vn -0.8253 0.5291 0.1975
vn -0.8008 0.5279 0.2828
vn -0.8287 0.5294 0.1815
vn -0.8003 0.5273 0.2853
vn -0.7971 0.5331 0.2834
vn -0.8246 0.5331 0.1894
vn -0.7968 0.5666 0.2100
vn -0.7832 0.5588 0.2724
vn 0.4183 -0.6018 -0.6804
vn -0.3349 -0.4763 -0.8130
vn 0.1336 -0.4593 -0.8782
vn 0.6297 -0.4560 -0.6289
vn 0.3697 -0.3086 -0.8764
vn 0.7068 -0.3009 -0.6402
vn 0.4740 -0.1092 -0.8737
vn 0.3906 0.2629 -0.8822
vn 0.6957 0.0419 -0.7171
vn 0.5527 0.4142 -0.7231
vn 0.2872 0.5434 -0.7888
vn 0.0364 0.7968 -0.6031
vn 0.2987 0.7520 -0.5876
vn -0.0185 0.9382 -0.3457
vn -0.2167 0.9159 -0.3378
vn -0.4968 0.8659 -0.0590
vn -0.3446 0.9337 -0.0974
vn -0.5906 0.7978 0.1214
vn -0.6648 0.7323 0.1474
vn -0.7561 0.6060 0.2471
vn -0.7238 0.6463 0.2416
vn -0.7826 0.5469 0.2974
vn -0.7879 0.5322 0.3097
vn -0.7877 0.5441 0.2891
vn -0.7903 0.5384 0.2927
vn -0.9017 0.4142 0.1237
vn -0.8637 0.4706 0.1802
vn -0.8564 0.4584 0.2374
vn -0.9074 0.3795 0.1804
vn -0.9352 0.3301 0.1280
vn -0.9304 0.3610 0.0644
vn -0.8085 0.5515 0.2054
vn -0.7284 0.5161 -0.4506
vn -0.8289 0.5418 0.1390
vn -0.1132 0.6013 -0.7910
vn -0.3626 0.7196 -0.5922
vn -0.9624 0.2714 0.0089
vn -0.9571 0.2777 0.0822
vn -0.9843 0.1712 0.0418
vn -0.9835 0.1703 -0.0609
vn -0.2123 0.0845 -0.9735
vn -0.6046 0.0872 -0.7917
vn -0.2209 -0.0773 -0.9722
vn -0.1620 0.4310 -0.8877
vn 0.0288 0.1303 -0.9911
vn -0.4360 0.8186 -0.3740
vn -0.6641 0.7359 -0.1321
vn -0.7323 0.6764 0.0785
vn -0.8115 0.5713 0.1225
vn -0.7929 0.5312 0.2986
vn -0.8113 0.5071 0.2910
vn -0.7866 0.5329 0.3118
vn -0.8003 0.5160 0.3055
vn -0.8157 0.5389 0.2102
vn -0.8227 0.5399 0.1777
vn -0.9364 0.3382 -0.0935
vn -0.8180 -0.3092 -0.4851
vn -0.9989 0.0467 0.0065
vn -0.8391 0.1639 -0.5187
vn -0.8324 0.5188 0.1948
vn -0.8162 0.5122 0.2672
vn -0.8738 0.4282 0.2304
vn -0.9370 0.3129 0.1555
vn -0.9159 0.3404 0.2128
vn -0.9581 0.2493 0.1407
vn -0.8331 0.4792 0.2763
vn -0.8605 0.4302 0.2730
vn -0.9853 0.0496 -0.1635
vn -0.9996 -0.0186 -0.0213
vn -0.9358 -0.1966 -0.2927
vn -0.9793 -0.1913 -0.0668
vn -0.8148 -0.4545 -0.3600
vn -0.8895 -0.4362 -0.1360
vn -0.9850 0.1195 0.1245
vn -0.9942 -0.0405 0.1000
vn -0.9476 0.2544 0.1934
vn -0.9547 -0.2971 0.0174
vn -0.8928 -0.4280 -0.1406
vn -0.0189 -0.7184 -0.6953
vn -0.3264 -0.8611 -0.3898
vn -0.8856 0.4061 0.2253
vn 0.3847 -0.0266 -0.9226
vn 0.3893 -0.1750 -0.9044
vn -0.2928 0.1617 -0.9424
vn 0.0490 0.0078 -0.9988
vn -0.4178 0.2028 -0.8856
vn -0.0749 -0.0286 -0.9968
vn -0.5942 0.1530 -0.7896
vn -0.7508 0.1677 -0.6389
vn -0.3071 -0.1290 -0.9429
vn -0.5683 -0.1197 -0.8141
vn -0.7568 0.2954 -0.5830
vn -0.6195 0.3553 -0.7000
vn -0.6996 0.0128 -0.7145
vn -0.6883 0.0674 -0.7223
vn -0.4970 0.0185 -0.8675
vn -0.1126 0.0598 -0.9918
vn -0.2920 0.0049 -0.9564
vn -0.3857 0.2643 -0.8839
vn -0.4597 -0.2852 -0.8410
vn -0.6218 -0.1918 -0.7593
vn -0.7549 -0.0385 -0.6547
vn -0.3244 0.1765 -0.9293
vn -0.3081 0.1463 -0.9400
vn -0.4939 0.3236 -0.8071
vn -0.1545 0.0546 -0.9865
vn -0.4362 0.2198 -0.8726
vn -0.4227 0.3329 -0.8429
vn -0.6359 0.3874 -0.6675
vn -0.6154 0.5187 -0.5935
vn -0.3248 0.4485 -0.8327
vn -0.2683 0.5878 -0.7632
vn -0.4578 0.6983 -0.5502
vn -0.2918 0.8566 -0.4255
vn -0.2527 0.8447 -0.4719
vn -0.2330 0.8137 -0.5325
vn -0.1445 0.9294 -0.3395
vn -0.0986 0.9061 -0.4114
vn 0.0498 0.9207 -0.3872
vn -0.0663 0.9488 -0.3088
vn -0.2531 0.7320 -0.6326
vn -0.2227 0.9078 -0.3553
vn -0.2755 0.9360 -0.2191
vn -0.2832 0.9589 0.0179
vn -0.1981 0.9589 -0.2030
vn -0.2285 0.9735 0.0121
vn -0.1645 0.9744 -0.1534
vn -0.1934 0.9811 -0.0082
vn -0.1698 0.9770 -0.1287
vn -0.1916 0.9812 -0.0243
vn -0.2663 0.9618 0.0630
vn -0.2253 0.9704 -0.0870
vn -0.1929 0.9782 0.0767
vn -0.1828 0.9829 0.0216
vn -0.2061 0.9770 0.0542
vn -0.2393 0.9703 0.0362
vn -0.2337 0.9722 0.0144
vn -0.2900 0.9561 0.0416
vn -0.2264 0.9687 -0.1018
vn -0.2951 0.9522 -0.0789
vn -0.4954 0.8426 -0.2114
vn -0.6792 0.6291 -0.3780
vn -0.4977 0.6251 -0.6013
vn -0.3275 0.9212 -0.2103
vn -0.6609 0.4911 -0.5674
vn -0.5410 0.4189 -0.7293
vn -0.5313 0.4018 -0.7458
vn -0.4844 0.4674 -0.7395
vn -0.6152 0.1926 -0.7645
vn -0.7333 0.3859 -0.5597
vn -0.5369 0.3498 -0.7678
vn -0.6193 -0.0780 -0.7813
vn -0.8090 0.3789 -0.4493
vn -0.6297 0.4254 -0.6500
vn -0.8403 0.4084 -0.3564
vn -0.7323 0.4578 -0.5042
vn -0.4409 0.4587 -0.7715
vn -0.2992 0.5802 -0.7575
vn -0.6453 0.5210 -0.5587
vn -0.4296 0.6161 -0.6602
vn -0.8102 0.4809 -0.3351
vn -0.7641 0.5378 -0.3564
vn 0.0056 0.8101 -0.5863
vn 0.1585 0.6534 -0.7402
vn 0.3931 0.7834 -0.4814
vn -0.0170 0.9635 -0.2673
vn -0.7512 0.5543 -0.3584
vn -0.7492 0.5189 -0.4117
vn -0.2614 0.7367 -0.6237
vn -0.3615 0.6798 -0.6381
vn -0.1985 0.8488 -0.4900
vn -0.6855 0.5645 -0.4599
vn 0.5822 0.7555 -0.3004
vn 0.5818 0.6311 -0.5131
vn 0.9116 0.4110 -0.0041
vn 0.7825 0.5893 -0.2010
vn 0.3892 0.6267 -0.6751
vn 0.6167 0.6521 -0.4410
vn 0.9329 0.3293 0.1458
vn 0.7677 0.6347 0.0883
vn -0.4881 0.8341 -0.2570
vn -0.2732 0.8435 -0.4625
vn 0.0949 0.9951 -0.0276
vn 0.2195 0.9500 -0.2222
vn 0.5739 0.7972 0.1873
vn 0.0504 0.9987 0.0005
vn 0.1544 0.9772 -0.1459
vn 0.4515 0.8257 0.3382
vn -0.3697 0.8959 -0.2464
vn -0.2576 0.7849 -0.5635
vn -0.3836 0.6645 -0.6413
vn -0.5095 0.7175 -0.4750
vn -0.3616 0.6527 -0.6657
vn 0.2777 0.9533 -0.1189
vn -0.1051 0.7865 -0.6085
vn 0.5391 0.8212 -0.1868
vn 0.2153 0.7428 -0.6339
vn -0.0379 0.9989 -0.0264
vn 0.3520 0.9048 -0.2398
vn 0.3554 0.7354 -0.5770
vn -0.3793 0.6161 -0.6904
vn -0.3224 0.6375 -0.6997
vn -0.3814 0.6229 -0.6830
vn -0.3549 0.6214 -0.6985
vn -0.0302 0.5394 -0.8415
vn 0.2672 0.5720 -0.7755
vn 0.1318 0.5032 -0.8540
vn 0.0933 0.6097 -0.7872
vn -0.5043 0.6520 -0.5663
vn -0.3449 0.6374 -0.6891
vn -0.3423 0.6232 -0.7032
vn -0.5095 0.6757 -0.5328
vn -0.3788 0.6253 -0.6823
vn -0.3144 0.6353 -0.7054
vn -0.3424 0.6217 -0.7045
vn -0.3746 0.6278 -0.6823
vn -0.3434 0.6275 -0.6988
vn -0.3485 0.6211 -0.7020
vn -0.2954 0.6700 -0.6811
vn -0.4998 0.6594 -0.5615
vn -0.3313 0.6323 -0.7003
vn -0.4836 0.7074 -0.5155
vn -0.1492 0.5263 -0.8371
vn -0.0580 0.5157 -0.8548
vn -0.1667 0.7074 -0.6869
vn -0.1338 0.5015 -0.8548
vn -0.4749 0.7686 -0.4286
vn -0.2576 0.7394 -0.6220
vn -0.1322 0.9852 -0.1092
vn -0.1331 0.9761 -0.1719
vn 0.1052 0.9455 -0.3081
vn -0.0668 0.8696 -0.4891
vn -0.2933 0.6503 -0.7008
vn -0.3514 0.6138 -0.7070
vn -0.2846 0.6027 -0.7455
vn -0.3625 0.6273 -0.6892
vn -0.1653 0.9011 -0.4010
vn -0.0986 0.7035 -0.7039
vn -0.1527 0.7082 -0.6893
vn -0.1965 0.6423 -0.7409
vn 0.2365 0.8972 -0.3730
vn -0.1299 0.8388 -0.5287
vn -0.2821 0.6629 -0.6935
vn -0.2024 0.7419 -0.6392
vn -0.3338 0.6280 -0.7030
vn -0.3555 -0.0318 -0.9341
vn -0.1573 -0.1564 -0.9751
vn -0.0938 -0.4572 -0.8844
vn 0.0106 -0.3518 -0.9360
vn 0.1873 -0.6628 -0.7250
vn 0.2546 -0.6068 -0.7530
vn 0.3212 -0.7359 -0.5961
vn 0.3330 -0.7316 -0.5949
vn 0.4300 -0.2753 -0.8598
vn 0.3683 -0.2925 -0.8825
vn 0.4945 -0.3396 -0.8001
vn 0.5116 -0.2507 -0.8218
vn 0.0662 -0.3750 -0.9247
vn -0.2838 -0.4035 -0.8699
vn 0.3423 -0.4926 -0.8001
vn 0.0708 -0.6194 -0.7819
vn -0.5462 -0.3410 -0.7651
vn -0.6398 -0.3016 -0.7069
vn -0.2856 -0.6660 -0.6892
vn -0.7278 -0.2348 -0.6443
vn 0.1953 -0.2238 -0.9549
vn 0.2684 -0.4309 -0.8616
vn 0.4985 -0.5790 -0.6452
vn 0.4742 -0.4158 -0.7761
vn 0.4350 -0.7558 -0.4894
vn 0.5153 -0.7216 -0.4623
vn 0.4828 -0.7914 -0.3750
vn 0.4135 -0.6526 -0.6349
vn 0.5226 -0.5955 -0.6102
vn 0.6054 -0.7248 -0.3288
vn 0.5750 -0.6885 -0.4419
vn 0.4617 -0.7157 -0.5240
vn 0.2018 -0.8527 -0.4818
vn 0.5421 -0.8013 -0.2529
vn 0.3880 -0.7998 -0.4581
vn 0.3596 -0.8165 -0.4517
vn 0.3863 -0.8386 -0.3841
vn 0.4170 -0.8296 -0.3714
vn 0.3656 -0.8358 -0.4097
vn 0.3548 -0.8671 -0.3497
vn 0.4610 -0.8276 -0.3201
vn 0.4243 -0.8272 -0.3683
vn 0.3497 -0.9009 -0.2572
vn 0.5155 -0.8282 -0.2199
vn 0.4008 -0.9042 -0.1477
vn 0.5379 -0.8331 -0.1289
vn 0.5647 -0.8246 0.0334
vn 0.6263 -0.7775 0.0573
vn 0.5677 -0.8215 0.0536
vn 0.5769 -0.8151 0.0529
vn 0.6270 -0.7780 0.0400
vn 0.5405 -0.8412 0.0142
vn 0.5488 -0.8333 0.0658
vn 0.4355 -0.9001 -0.0149
vn 0.4490 -0.8930 0.0304
vn 0.2145 -0.9719 -0.0969
vn -0.0287 -0.9663 -0.2558
vn 0.1772 -0.9667 -0.1844
vn 0.4680 -0.8790 -0.0914
vn 0.2781 -0.9597 -0.0412
vn 0.1708 -0.9788 -0.1132
vn -0.0465 -0.9722 -0.2295
vn 0.0265 -0.9859 -0.1655
vn -0.1425 -0.9317 -0.3341
vn -0.1355 -0.9415 -0.3085
vn 0.1966 -0.9599 -0.1999
vn 0.1720 -0.9374 -0.3029
vn -0.0281 -0.9387 -0.3435
vn -0.0265 -0.9594 -0.2808
vn -0.1346 -0.9261 -0.3524
vn -0.1419 -0.9129 -0.3827
vn -0.0648 -0.8878 -0.4556
vn -0.5098 -0.5963 -0.6202
vn -0.5693 -0.7022 -0.4275
vn -0.1665 -0.8942 -0.4155
vn 0.4469 -0.8909 -0.0804
vn 0.5380 -0.8394 -0.0765
vn 0.4651 -0.8843 -0.0408
vn 0.5593 -0.8283 -0.0325
vn 0.4922 -0.8704 -0.0105
vn 0.5971 -0.8021 0.0088
vn 0.6325 -0.7738 -0.0343
vn 0.6898 -0.7237 -0.0206
vn 0.6107 -0.7625 -0.2139
vn 0.5142 -0.7982 -0.3138
vn 0.6267 -0.7658 -0.1441
vn 0.6135 -0.7817 -0.1117
vn 0.6435 -0.7619 -0.0742
vn 0.6853 -0.7274 -0.0359
vn 0.4103 -0.8498 -0.3308
vn 0.4025 -0.8674 -0.2925
vn 0.3534 -0.8624 -0.3626
vn 0.5128 -0.8138 -0.2735
vn 0.5005 -0.8052 -0.3182
vn 0.5575 -0.7573 -0.3401
vn 0.5836 -0.7623 -0.2800
vn 0.5822 -0.7835 -0.2171
vn 0.5312 -0.8140 -0.2352
vn 0.4680 -0.8481 -0.2484
vn 0.4116 -0.8353 -0.3646
vn -0.3870 0.7779 0.4951
vn -0.5681 0.8023 0.1830
vn -0.4799 0.8610 0.1685
vn -0.6020 0.7875 0.1318
vn -0.5079 0.7161 0.4788
vn -0.5024 0.7154 0.4855
vn -0.5626 0.8199 0.1059
vn -0.4636 0.7408 0.4862
vn -0.4415 0.7583 0.4796
vn -0.5157 0.8490 0.1148
vn -0.4815 0.8624 0.1565
vn -0.4460 0.7577 0.4764
vn -0.4584 0.7625 0.4566
vn -0.4746 0.8608 0.1837
vn -0.5360 0.8236 0.1857
vn -0.5391 0.7144 0.4461
vn -0.5936 0.7721 0.2271
vn -0.6283 0.6598 0.4121
vn -0.4837 0.8654 0.1307
vn -0.2255 0.8650 0.4483
vn -0.0545 0.4655 0.8834
vn -0.2665 0.5301 0.8050
vn -0.1563 0.3141 0.9364
vn -0.0801 0.6517 0.7543
vn -0.3178 0.5011 0.8049
vn -0.2927 0.4893 0.8215
vn -0.1503 0.3058 0.9402
vn -0.2198 0.3301 0.9180
vn -0.3195 0.4760 0.8194
vn -0.2814 0.5318 0.7988
vn -0.2493 0.4188 0.8732
vn -0.3148 0.5475 0.7753
vn -0.4809 0.5301 0.6984
vn -0.3742 0.5587 0.7401
vn -0.3900 0.5307 0.7525
vn -0.4393 0.5648 0.6986
vn -0.6804 0.5726 0.4573
vn -0.5853 0.5719 0.5748
vn -0.7190 0.5766 0.3881
vn -0.5388 0.5730 0.6175
vn -0.2632 0.5079 0.8202
vn -0.4337 0.5576 0.7077
vn -0.5893 0.7197 0.3670
vn -0.4388 0.5618 0.7012
vn -0.5883 0.7283 0.3513
vn -0.4711 0.5822 0.6626
vn -0.6143 0.7675 0.1832
vn -0.6134 0.7679 0.1846
vn -0.6317 0.7191 0.2896
vn -0.5048 0.6105 0.6103
vn -0.5965 0.7159 0.3628
vn -0.5675 0.6385 0.5199
vn -0.6166 0.7700 0.1642
vn -0.6512 0.7503 0.1137
vn -0.6690 0.7198 0.1854
vn -0.7028 0.6679 0.2449
vn -0.6722 0.7311 0.1171
vn -0.6446 0.6575 0.3903
vn -0.6403 0.7642 0.0782
vn -0.6727 0.7380 0.0541
vn -0.5729 0.7987 0.1843
vn -0.5621 0.7883 0.2503
vn -0.6039 0.7579 0.2467
vn -0.6198 0.7617 0.1888
vn -0.6949 0.6484 0.3109
vn -0.6708 0.7032 0.2355
vn -0.6290 0.7213 0.2900
vn -0.6388 0.6936 0.3330
vn -0.5770 0.7608 0.2969
vn -0.5986 0.7335 0.3219
vn -0.6824 0.6436 0.3466
vn -0.6648 0.6572 0.3551
vn -0.6436 0.6737 0.3633
vn -0.7038 0.6156 0.3544
vn -0.6256 0.7355 0.2601
vn -0.6970 0.6823 0.2206
vn -0.6459 0.6912 0.3240
vn -0.7384 0.6045 0.2988
vn -0.7998 0.5874 0.1232
vn -0.8131 0.5060 0.2878
vn -0.8715 0.4477 0.2003
vn -0.8482 0.5286 -0.0340
vn -0.8442 0.4837 0.2310
vn -0.9033 0.3970 0.1626
vn -0.8446 0.5180 -0.1355
vn -0.8966 0.4167 0.1495
vn -0.9609 0.2749 0.0321
vn -0.8587 0.4149 -0.3010
vn -0.8339 -0.0417 -0.5503
vn -0.9513 -0.1999 -0.2347
vn -0.9260 0.3632 0.1030
vn -0.9829 0.1824 -0.0271
vn -0.2174 -0.8807 -0.4209
vn -0.4908 -0.7594 -0.4272
vn -0.8995 -0.3335 -0.2821
vn 0.3117 0.4909 -0.8136
vn 0.3396 0.9024 -0.2653
vn 0.6782 0.5516 -0.4856
vn 0.7242 0.6243 -0.2927
vn 0.5880 0.3036 -0.7497
vn 0.5788 0.3283 -0.7465
vn 0.2709 0.1726 -0.9470
vn 0.1495 0.2435 -0.9583
vn 0.1023 0.1198 -0.9875
vn 0.0387 0.2573 -0.9656
vn 0.1227 0.1302 -0.9839
vn 0.0792 0.2742 -0.9584
vn 0.1914 0.1922 -0.9625
vn 0.1155 0.3036 -0.9458
vn 0.2192 0.2743 -0.9363
vn 0.1204 0.3424 -0.9318
vn 0.2091 0.3661 -0.9068
vn 0.1158 0.3830 -0.9165
vn -0.2128 0.8974 0.3866
vn -0.0122 0.7055 0.7086
vn 0.0418 0.3509 0.9355
vn -0.0438 0.6562 0.7533
vn 0.1421 0.3846 0.9121
vn 0.0853 0.0994 0.9914
vn 0.1791 -0.1145 0.9771
vn 0.2925 0.0305 0.9558
vn 0.6976 0.7156 0.0344
vn 0.6264 0.3437 -0.6996
vn 0.7810 0.2125 -0.5872
vn 0.6182 0.6289 0.4714
vn 0.0624 0.3031 -0.9509
vn -0.0083 0.2993 -0.9541
vn -0.0025 0.3619 -0.9322
vn 0.0126 0.2054 -0.9786
vn 0.0417 0.3631 -0.9308
vn 0.0498 0.3284 -0.9432
vn 0.0580 0.3855 -0.9209
vn 0.0555 0.3365 -0.9400
vn 0.0653 0.4036 -0.9126
vn 0.0736 0.3963 -0.9152
vn 0.1110 0.3232 -0.9398
vn 0.0728 -0.0955 -0.9928
vn 0.2027 0.0423 -0.9783
vn 0.1704 0.0761 -0.9824
vn 0.1456 0.0856 -0.9856
vn 0.2394 -0.1682 -0.9562
vn 0.2426 -0.1430 -0.9595
vn 0.1303 0.3066 -0.9429
vn 0.1008 0.1243 -0.9871
vn 0.0128 0.0887 -0.9960
vn 0.1699 -0.0999 -0.9804
vn 0.0468 -0.1026 -0.9936
vn 0.6569 -0.7357 0.1651
vn 0.6536 -0.7419 0.1498
vn 0.4764 -0.6281 0.6153
vn 0.4979 -0.5812 0.6437
vn 0.3730 -0.3872 0.8432
vn 0.2976 -0.3654 0.8820
vn 0.6979 -0.7160 -0.0161
vn 0.6669 -0.6364 0.3877
vn 0.2709 -0.2074 0.9400
vn 0.4452 -0.0056 0.8954
vn 0.8867 -0.3965 -0.2378
vn 0.5884 -0.3921 0.7071
vn 0.5406 0.3251 0.7759
vn 0.9141 0.0082 -0.4055
vn 0.0191 0.0621 -0.9979
vn 0.0988 -0.1144 -0.9885
vn 0.7111 -0.4940 0.5004
vn 0.7942 -0.4875 0.3627
vn 0.8524 -0.4870 0.1905
vn 0.7769 -0.4992 0.3836
vn 0.3619 0.6839 0.6335
vn 0.8504 0.4710 0.2346
vn 0.6869 0.1507 0.7110
vn 0.3290 0.9035 0.2747
vn 0.9420 -0.2351 0.2393
vn 0.7714 -0.3194 0.5504
vn 0.3794 0.2047 0.9023
vn 0.2609 -0.3719 0.8908
vn 0.3860 -0.1511 0.9100
vn 0.2243 -0.5145 0.8277
vn 0.1382 -0.7610 0.6339
vn 0.0695 -0.9933 0.0922
vn 0.1043 -0.7846 0.6112
vn 0.0563 -0.9851 0.1624
vn 0.0600 -0.9350 -0.3494
vn 0.0335 -0.9661 -0.2559
vn 0.1150 -0.9583 -0.2615
vn 0.1771 -0.9426 -0.2832
vn 0.1184 -0.9923 -0.0360
vn 0.1818 -0.9744 -0.1321
vn 0.2381 -0.9214 -0.3072
vn 0.2474 -0.9558 -0.1590
vn 0.2742 -0.9461 -0.1724
vn 0.2489 -0.8957 -0.3685
vn 0.2516 -0.8583 -0.4471
vn 0.3134 -0.9287 -0.1984
vn 0.3876 -0.8911 -0.2360
vn 0.2829 -0.7926 -0.5402
vn 0.4631 -0.8383 -0.2877
vn 0.4485 -0.6402 -0.6237
vn 0.5183 -0.7846 -0.3401
vn 0.3449 -0.7172 -0.6055
vn 0.5285 -0.6012 -0.5994
vn 0.5565 -0.6419 -0.5275
vn 0.5359 -0.7666 -0.3537
vn 0.5051 -0.7970 -0.3312
vn 0.5429 -0.7415 -0.3944
vn 0.4196 -0.8661 -0.2718
vn 0.3706 -0.9222 -0.1105
vn 0.5440 -0.8207 -0.1747
vn 0.4085 -0.3804 -0.8297
vn 0.7769 -0.5924 -0.2132
vn 0.4998 -0.4583 -0.7349
vn 0.7959 -0.5978 -0.0957
vn -0.0425 -0.1777 -0.9832
vn 0.0798 -0.2868 -0.9547
vn 0.0365 -0.2012 -0.9789
vn 0.0105 -0.2309 -0.9729
vn 0.1072 -0.0390 -0.9935
vn 0.1935 -0.1528 -0.9691
vn 0.2541 -0.1245 -0.9591
vn 0.0647 -0.1264 -0.9899
vn 0.0283 0.0390 -0.9988
vn -0.0664 0.0297 -0.9974
vn -0.0305 0.0513 -0.9982
vn 0.1221 -0.0691 -0.9901
vn 0.8134 -0.4539 0.3637
vn 0.7940 -0.4534 -0.4050
vn 0.8488 -0.5286 -0.0128
vn 0.6460 -0.3880 0.6574
vn 0.4308 -0.4544 0.7797
vn 0.2989 -0.6234 0.7225
vn 0.7998 -0.5631 0.2079
vn 0.6848 -0.6758 0.2725
vn 0.2045 -0.7906 0.5772
vn 0.1425 -0.9009 0.4100
vn 0.5365 -0.8257 0.1744
vn 0.3899 -0.9177 0.0766
vn 0.1547 -0.9485 0.2763
vn 0.1833 -0.9674 0.1749
vn 0.3272 -0.9442 0.0377
vn 0.2839 -0.9587 0.0180
vn 0.1962 -0.9719 0.1303
vn 0.2637 -0.9614 0.0790
vn 0.3012 -0.9536 -0.0014
vn 0.4241 -0.9054 -0.0196
vn 0.5799 -0.8005 -0.1512
vn 0.3355 -0.9421 0.0020
vn 0.5081 -0.8582 -0.0727
vn 0.4420 -0.8955 -0.0517
vn 0.6296 -0.7423 -0.2294
vn 0.5450 -0.8330 -0.0948
vn 0.6218 -0.7520 -0.2188
vn 0.5942 -0.7914 -0.1437
vn 0.5298 -0.8091 -0.2543
vn 0.5686 -0.7976 -0.2013
vn 0.5912 -0.7722 -0.2328
vn 0.5176 -0.8240 -0.2303
vn 0.3062 -0.8993 -0.3121
vn 0.3960 -0.8726 -0.2860
vn 0.4505 -0.8520 -0.2668
vn 0.2375 -0.9225 -0.3041
vn 0.5295 -0.7995 -0.2836
vn 0.2366 -0.9146 -0.3280
vn 0.4290 -0.8556 -0.2898
vn 0.6069 -0.5631 -0.5609
vn 0.6093 -0.6298 -0.4818
vn 0.6223 -0.6355 -0.4571
vn 0.5775 -0.7119 -0.3997
vn 0.5882 -0.6649 -0.4604
vn 0.5854 -0.7527 -0.3013
vn 0.5292 -0.6742 -0.5153
vn 0.5898 -0.6805 -0.4348
vn 0.4973 -0.7528 -0.4314
vn 0.6011 -0.6022 -0.5254
vn 0.6259 -0.6904 -0.3627
vn 0.5784 -0.7413 -0.3405
vn 0.3503 -0.7958 -0.4939
vn 0.3721 -0.8211 -0.4329
vn 0.3364 -0.8375 -0.4307
vn 0.4125 -0.7542 -0.5109
vn 0.4462 -0.8249 -0.3472
vn 0.3415 -0.8684 -0.3596
vn 0.4425 -0.7469 -0.4963
vn 0.4032 -0.8028 -0.4392
vn 0.5071 -0.7344 -0.4511
vn 0.3862 -0.7829 -0.4878
vn 0.3286 -0.8577 -0.3954
vn 0.3699 -0.8181 -0.4403
vn 0.6776 -0.5928 -0.4353
vn 0.8203 -0.3801 -0.4273
vn 0.6455 -0.4805 -0.5937
vn 0.5560 -0.6504 -0.5175
vn 0.4363 -0.7563 -0.4875
vn 0.4623 -0.6729 -0.5775
vn 0.5477 -0.1387 -0.8251
vn 0.8167 -0.2413 -0.5242
vn 0.7071 -0.1566 -0.6896
vn 0.6106 -0.3009 -0.7326
vn 0.4379 -0.5128 -0.7384
vn 0.4328 -0.6098 -0.6640
vn 0.2460 -0.0759 -0.9663
vn 0.5112 -0.1087 -0.8526
vn 0.2343 -0.1185 -0.9649
vn 0.4237 -0.0667 -0.9034
vn 0.4179 -0.4037 -0.8138
vn 0.3115 -0.4067 -0.8588
vn -0.0191 -0.1343 -0.9907
vn -0.0664 -0.1661 -0.9839
vn 0.0101 -0.3015 -0.9534
vn 0.0575 -0.1684 -0.9840
vn 0.1605 -0.5041 -0.8486
vn 0.0786 -0.6180 -0.7822
vn -0.0231 -0.1960 -0.9803
vn -0.0161 -0.1753 -0.9844
vn -0.0075 -0.4547 -0.8906
vn 0.0312 -0.3943 -0.9185
vn 0.0820 -0.6815 -0.7272
vn 0.0360 -0.7244 -0.6884
vn -0.0401 -0.1447 -0.9887
vn -0.0286 -0.1449 -0.9890
vn -0.0329 -0.5212 -0.8528
vn -0.0216 -0.4936 -0.8694
vn -0.0029 -0.7579 -0.6524
vn -0.0200 -0.7758 -0.6306
vn 0.1364 0.9905 0.0152
vn 0.1086 0.9838 -0.1430
vn 0.2192 0.8211 -0.5271
vn 0.2735 0.8758 -0.3977
vn 0.2613 0.9162 -0.3039
vn 0.3323 0.9310 0.1513
vn 0.2797 0.9581 -0.0620
vn 0.2303 0.9491 -0.2150
vn 0.2255 0.8345 -0.5028
vn 0.2777 0.9603 -0.0274
vn 0.0779 0.9335 -0.3501
vn 0.1430 0.9888 -0.0430
vn 0.2073 0.9455 -0.2510
vn 0.1476 0.9881 -0.0425
vn 0.0732 0.9842 -0.1610
vn 0.1159 0.9890 -0.0915
vn 0.3692 0.9281 0.0478
vn 0.3477 0.9327 0.0960
vn 0.4071 0.9134 -0.0085
vn 0.1626 0.9613 -0.2222
vn 0.2297 0.7967 -0.5590
vn 0.2327 0.6968 -0.6785
vn 0.2748 0.7110 -0.6473
vn 0.1937 0.7589 -0.6217
vn 0.1496 0.7678 -0.6230
vn 0.2294 0.7246 -0.6498
vn 0.3326 0.7593 -0.5593
vn 0.2360 0.8169 -0.5262
vn 0.3781 0.8484 -0.3704
vn 0.1144 0.8250 -0.5534
vn 0.2098 0.6882 -0.6945
vn 0.1998 0.4928 -0.8469
vn 0.2538 0.5322 -0.8077
vn 0.2477 0.6719 -0.6980
vn 0.1622 0.4666 -0.8694
vn 0.5386 0.7461 0.3915
vn 0.5834 0.4763 0.6578
vn 0.6939 0.6762 0.2476
vn 0.8725 0.2939 0.3902
vn 0.4218 0.7775 0.4664
vn 0.3009 0.5888 0.7502
vn 0.5561 0.4442 -0.7024
vn 0.4521 0.0223 -0.8917
vn 0.6949 -0.0581 -0.7167
vn 0.3571 0.7977 -0.4859
vn 0.0443 0.8696 -0.4918
vn 0.2691 0.5637 -0.7809
vn 0.5394 -0.4184 -0.7308
vn 0.6318 -0.4602 -0.6237
vn 0.5658 -0.7068 -0.4246
vn 0.6363 -0.6725 -0.3780
vn 0.5968 -0.7315 -0.3299
vn 0.6571 -0.6857 -0.3132
vn 0.7321 -0.6438 -0.2227
vn 0.7858 -0.6088 -0.1094
vn 0.7724 -0.4875 -0.4071
vn 0.8334 -0.4874 -0.2606
vn 0.7788 -0.5900 -0.2129
vn 0.7243 -0.6252 -0.2909
vn 0.7134 -0.5246 -0.4646
vn 0.7797 -0.5018 -0.3746
vn 0.8222 -0.4605 -0.3345
vn 0.7930 -0.3657 -0.4873
vn 0.9023 -0.3420 -0.2624
vn 0.9544 -0.2755 -0.1148
vn 0.8833 -0.4508 -0.1286
vn 0.9341 -0.3531 0.0526
vn 0.9721 0.0055 -0.2346
vn 0.9210 -0.0551 -0.3857
vn 0.9931 0.1166 -0.0105
vn 0.9858 -0.1197 0.1177
vn 0.8677 0.1285 0.4802
vn 0.9431 -0.1452 0.2993
vn 0.7559 0.1868 0.6275
vn 0.5076 0.4031 0.7615
vn 0.1485 0.5807 0.8005
vn 0.3547 0.4577 0.8153
vn 0.0333 0.5275 0.8489
vn -0.4101 0.0236 0.9117
vn -0.1866 0.0963 0.9777
vn -0.1537 0.4492 0.8801
vn -0.1618 -0.1980 0.9668
vn -0.4299 -0.1241 0.8943
vn 0.1303 0.1905 0.9730
vn 0.5080 0.1539 0.8475
vn 0.3134 -0.1620 0.9357
vn 0.0803 -0.2206 0.9720
vn 0.1792 0.7369 -0.6518
vn 0.2223 0.6140 -0.7574
vn 0.2644 0.6471 -0.7151
vn 0.1912 0.7229 -0.6639
vn 0.4046 0.8958 -0.1841
vn 0.3427 0.8455 -0.4094
vn 0.3100 0.9366 -0.1635
vn 0.4219 0.8163 -0.3946
vn 0.2574 0.6581 -0.7075
vn 0.1967 0.8612 -0.4687
vn 0.2000 0.9587 -0.2024
vn 0.2377 0.9300 -0.2802
vn 0.2627 0.9589 -0.1071
vn 0.1728 0.9666 -0.1894
vn 0.3289 0.9262 -0.1845
vn 0.1568 0.9861 -0.0548
vn 0.1301 0.8583 -0.4964
vn 0.1685 0.8179 -0.5502
vn 0.1528 0.8063 -0.5714
vn 0.1402 0.9096 -0.3912
vn 0.3599 0.9294 -0.0819
vn 0.1362 0.9885 -0.0653
vn 0.1157 0.9766 -0.1813
vn 0.2790 0.9257 -0.2554
vn 0.7555 0.5135 -0.4068
vn 0.4247 0.8411 -0.3349
vn 0.7253 0.6189 -0.3014
vn 0.7855 0.6148 -0.0711
vn 0.1170 0.8945 -0.4315
vn 0.3728 0.8023 -0.4662
vn 0.3323 0.8660 -0.3736
vn 0.4392 0.8157 -0.3764
vn 0.5732 0.6676 -0.4752
vn 0.7117 0.5101 -0.4829
vn 0.5626 0.7134 -0.4178
vn 0.5374 0.6746 -0.5061
vn 0.5720 0.5393 -0.6180
vn 0.3112 0.7201 -0.6202
vn 0.3704 0.7896 -0.4892
vn 0.4399 0.8120 -0.3837
vn 0.3018 0.8401 -0.4508
vn 0.5050 0.7623 -0.4048
vn 0.1975 0.8066 -0.5571
vn 0.1502 0.8614 -0.4852
vn 0.1263 0.9322 -0.3391
vn 0.2313 0.9071 -0.3517
vn 0.3704 0.8585 -0.3546
vn 0.1409 0.4829 -0.8642
vn 0.1369 0.4709 -0.8715
vn -0.1671 0.6670 -0.7261
vn -0.1270 0.6310 -0.7653
vn -0.5346 0.7263 -0.4321
vn -0.4962 0.6776 -0.5429
vn -0.8097 0.5860 -0.0313
vn -0.8205 0.5433 -0.1776
vn -0.8493 0.0961 0.5192
vn -0.8492 0.2948 0.4381
vn -0.8059 0.1817 0.5635
vn -0.9176 0.2757 0.2865
vn -0.7812 0.3199 0.5361
vn -0.6130 0.0353 0.7893
vn -0.8011 0.2060 0.5620
vn -0.6084 0.0808 0.7895
vn -0.8185 0.1052 0.5648
vn 0.8430 -0.3791 0.3816
vn 0.6247 -0.4189 0.6590
vn 0.4734 -0.3089 0.8249
vn 0.7863 -0.1075 0.6085
vn 0.8681 -0.4917 -0.0675
vn 0.8503 -0.5195 0.0847
vn 0.8371 -0.5012 -0.2193
vn 0.7959 -0.4976 0.3448
vn 0.2102 -0.3258 0.9218
vn -0.2632 -0.0802 0.9614
vn 0.0643 -0.2214 0.9731
vn -0.1989 -0.1367 0.9705
vn 0.2816 -0.3067 0.9092
vn 0.4452 -0.3950 0.8036
vn 0.1875 -0.2152 0.9584
vn -0.1976 -0.1373 0.9706
vn 0.1763 -0.2978 0.9382
vn -0.1914 -0.1095 0.9754
vn 0.8144 -0.4745 -0.3341
vn 0.8441 -0.4563 -0.2817
vn 0.8135 -0.5463 -0.1995
vn 0.8310 -0.5290 -0.1721
vn 0.6522 -0.4963 0.5730
vn 0.5126 -0.4562 0.7274
vn 0.8470 -0.5147 0.1333
vn 0.8116 -0.4986 0.3045
vn 0.4815 -0.3925 0.7837
vn 0.8758 -0.3085 0.3713
vn 0.8271 -0.4254 0.3673
vn 0.5170 -0.2868 0.8065
vn 0.8124 -0.5824 -0.0282
vn 0.7979 -0.6022 -0.0267
vn 0.8736 -0.4438 -0.1997
vn 0.8979 -0.4257 -0.1119
vn 0.8617 -0.4904 -0.1304
vn 0.8872 -0.4549 -0.0772
vn 0.9276 -0.3706 -0.0482
vn 0.9628 -0.2703 0.0066
vn 0.9113 -0.4110 0.0248
vn 0.9506 -0.2906 0.1091
vn 0.7537 -0.0714 -0.6533
vn 0.6397 0.0683 -0.7656
vn 0.6772 0.0861 -0.7307
vn 0.7469 -0.1533 -0.6470
vn 0.4770 0.2457 -0.8438
vn 0.5654 0.2174 -0.7957
vn 0.7707 -0.3121 -0.5556
vn 0.8021 -0.2741 -0.5305
vn 0.8417 -0.5400 0.0025
vn 0.8683 -0.4941 0.0435
vn 0.8735 -0.4265 -0.2348
vn 0.9118 -0.3514 -0.2124
vn 0.9137 -0.3974 0.0852
vn 0.9732 -0.2091 0.0954
vn 0.9594 -0.2070 -0.1915
vn 0.9884 -0.0068 -0.1515
vn 0.1781 0.4656 -0.8669
vn 0.4182 0.3816 -0.8243
vn -0.1247 0.5758 -0.8080
vn 0.2085 0.5263 -0.8244
vn 0.8339 -0.2034 -0.5131
vn 0.8609 -0.0981 -0.4992
vn 0.7442 0.0349 -0.6670
vn 0.7408 0.1615 -0.6520
vn 0.6839 0.1907 -0.7042
vn 0.6567 0.3279 -0.6791
vn 0.8884 0.0558 -0.4556
vn 0.9016 0.2043 -0.3812
vn 0.7452 0.2833 -0.6036
vn 0.7571 0.3490 -0.5524
vn 0.6477 0.3943 -0.6519
vn 0.6594 0.3886 -0.6436
vn 0.3566 0.5231 -0.7741
vn 0.4216 0.4515 -0.7863
vn -0.4869 0.5666 -0.6648
vn -0.3631 0.5546 -0.7487
vn -0.8303 0.4493 -0.3297
vn -0.7809 0.4747 -0.4059
vn -0.8800 0.0870 0.4669
vn -0.8947 0.1561 0.4185
vn -0.9564 0.2699 0.1118
vn -0.9440 0.3277 0.0386
vn -0.2154 0.5705 -0.7926
vn -0.1400 0.5515 -0.8223
vn -0.7093 0.5319 -0.4626
vn -0.6528 0.5728 -0.4957
vn -0.8033 0.0393 0.5943
vn -0.5878 0.0027 0.8090
vn -0.5316 0.0095 0.8469
vn -0.7795 0.0620 0.6234
vn -0.8955 0.2337 0.3789
vn -0.8879 0.3073 0.3425
vn -0.9140 0.4055 -0.0127
vn -0.8818 0.4685 -0.0541
vn -0.1622 -0.0697 0.9843
vn 0.2234 -0.1202 0.9673
vn 0.2724 -0.0525 0.9607
vn -0.1042 -0.0354 0.9939
vn -0.3883 0.0637 0.9193
vn -0.7594 0.1059 0.6419
vn -0.4673 0.0321 0.8835
vn -0.7297 0.1663 0.6632
vn 0.9258 -0.0168 0.3777
vn 0.5425 -0.1465 0.8272
vn 0.9055 -0.1602 0.3929
vn 0.6031 -0.0387 0.7967
vn 0.9998 -0.0185 -0.0097
vn 0.9898 -0.1418 0.0145
vn 0.9888 -0.1257 0.0810
vn 0.9997 -0.0146 -0.0183
vn -0.0436 -0.0131 0.9990
vn 0.3279 -0.0167 0.9446
vn 0.3928 -0.0174 0.9195
vn 0.0150 0.0053 0.9999
vn 0.9999 -0.0079 0.0093
vn 0.9890 0.0890 -0.1180
vn 0.9756 0.1427 -0.1668
vn 0.9578 0.1670 -0.2340
vn 0.7249 0.0301 0.6882
vn 0.9737 0.0835 0.2120
vn 0.9941 0.0958 -0.0505
vn 0.8441 0.0048 0.5362
vn 0.9882 0.0776 -0.1322
vn 0.9610 0.1251 -0.2466
vn 0.8998 0.2630 -0.3481
vn 0.9063 0.2213 -0.3600
vn 0.7904 0.3278 -0.5175
vn 0.8379 0.2511 -0.4846
vn 0.7148 0.3173 -0.6232
vn 0.7900 0.2379 -0.5650
vn 0.5173 0.3777 -0.7680
vn 0.6677 0.3062 -0.6786
vn 0.9238 0.1590 -0.3483
vn 0.9056 0.1681 -0.3893
vn 0.8791 0.1638 -0.4476
vn 0.9881 0.0831 -0.1297
vn 0.8238 0.2059 -0.5282
vn 0.9722 0.1108 -0.2065
vn 0.8898 0.0259 0.4556
vn 0.5051 0.0702 0.8602
vn 0.9085 0.0675 0.4125
vn 0.4588 0.0224 0.8882
vn 0.9487 0.1769 -0.2621
vn 0.8059 0.4859 -0.3383
vn 0.9163 0.1666 0.3643
vn 0.4896 0.3546 0.7966
vn 0.7632 0.5839 0.2769
vn 0.5200 0.1478 0.8413
vn 0.0809 0.0484 0.9955
vn 0.1402 0.1102 0.9840
vn -0.2933 0.1113 0.9495
vn -0.2302 0.1881 0.9548
vn -0.6723 0.2283 0.7042
vn -0.8712 0.3495 0.3448
vn -0.6135 0.3108 0.7259
vn -0.8374 0.3860 0.3870
vn 0.6227 0.3955 -0.6752
vn 0.2760 0.5699 -0.7740
vn -0.3265 0.7700 -0.5482
vn 0.2269 0.7310 -0.6436
vn 0.0042 0.5613 -0.8276
vn -0.5455 0.6484 -0.5311
vn -0.8447 0.5284 -0.0851
vn -0.7928 0.6094 -0.0025
vn -0.6626 0.5404 0.5186
vn -0.2458 0.3419 0.9070
vn -0.3117 0.6020 0.7351
vn -0.5093 0.8591 0.0505
vn 0.0720 0.9963 0.0479
vn 0.1185 0.5551 0.8233
vn 0.1385 0.2178 0.9661
vn -0.4321 0.8998 0.0599
vn -0.1515 0.9514 -0.2679
vn -0.0411 0.9918 -0.1208
vn -0.3333 0.9216 0.1989
vn 0.0368 0.8366 -0.5466
vn 0.0545 0.8667 -0.4959
vn 0.1628 0.8217 -0.5461
vn 0.1572 0.8382 -0.5222
vn 0.1599 0.9422 -0.2943
vn 0.1031 0.9571 -0.2709
vn -0.4014 0.7972 0.4509
vn -0.3427 0.8873 0.3087
vn -0.3428 0.8514 0.3971
vn -0.4196 0.7721 0.4773
vn -0.1831 0.9212 0.3434
vn -0.0317 0.9281 0.3709
vn -0.0194 0.8711 0.4907
vn -0.1528 0.8738 0.4617
vn 0.0352 0.9754 0.2174
vn 0.0356 0.9650 0.2599
vn -0.4808 0.7375 0.4744
vn -0.4094 0.7784 0.4759
vn -0.4577 0.6868 0.5647
vn -0.5387 0.7055 0.4605
vn 0.1782 0.8438 -0.5062
vn 0.1963 0.8614 -0.4684
vn 0.1080 0.9686 -0.2238
vn 0.0786 0.9657 -0.2476
vn -0.2071 0.7893 0.5781
vn -0.0835 0.8248 0.5593
vn -0.1019 0.7749 0.6238
vn -0.2377 0.6662 0.7069
vn -0.0105 0.9573 0.2888
vn -0.0063 0.9484 0.3170
vn -0.4575 0.5690 0.6833
vn -0.3138 0.4152 0.8539
vn -0.5161 0.6506 0.5571
vn -0.5780 0.6793 0.4522
vn 0.1812 0.8539 -0.4878
vn 0.1401 0.8342 -0.5334
vn 0.0840 0.9355 -0.3433
vn 0.1241 0.9578 -0.2592
vn -0.0754 0.7252 0.6844
vn -0.1756 0.3928 0.9027
vn -0.1054 0.7283 0.6771
vn -0.2330 0.4986 0.8349
vn 0.0305 0.9534 0.3001
vn -0.0179 0.9795 0.2007
vn -0.4164 0.5641 0.7131
vn -0.3661 0.4694 0.8035
vn -0.3323 0.2724 0.9030
vn -0.4463 0.2589 0.8566
vn -0.3224 0.3952 0.8602
vn -0.4913 0.4587 0.7404
vn -0.2678 0.7752 0.5722
vn -0.3947 0.8088 0.4360
vn -0.3861 0.6510 0.6535
vn -0.1034 0.6195 0.7782
vn -0.2603 0.5240 0.8110
vn -0.0091 0.6883 0.7254
vn -0.3332 0.4310 0.8386
vn -0.5137 0.3782 0.7701
vn -0.5540 0.5916 0.5858
vn -0.4666 0.7677 0.4393
vn -0.4179 0.8479 0.3262
vn -0.3722 0.8838 0.2836
vn 0.1164 0.8243 -0.5541
vn 0.1650 0.8421 -0.5134
vn 0.0282 0.9253 -0.3781
vn 0.0255 0.9157 -0.4010
vn -0.1429 0.9878 0.0617
vn -0.2141 0.9765 -0.0254
vn 0.2694 0.8135 0.5154
vn 0.0208 0.9018 0.4316
vn 0.3437 0.9339 0.0982
vn 0.4379 0.8929 0.1048
vn 0.3607 0.7556 -0.5468
vn 0.4177 0.7942 -0.4413
vn 0.4353 0.7930 -0.4263
vn 0.4427 0.8245 -0.3524
vn -0.1306 0.9675 0.2168
vn -0.1147 0.9912 0.0659
vn 0.2211 0.9624 -0.1577
vn 0.1977 0.9803 -0.0036
vn 0.4362 0.8757 -0.2073
vn 0.4744 0.8457 -0.2444
vn 0.3690 0.9119 -0.1795
vn 0.3844 0.8757 -0.2921
vn 0.2795 0.8764 -0.3922
vn 0.3886 0.8265 -0.4072
vn 0.1079 0.9546 -0.2777
vn 0.3932 0.8379 -0.3787
vn -0.1837 0.9827 -0.0246
vn 0.1197 -0.3968 -0.9101
vn 0.3773 -0.7971 -0.4715
vn 0.4501 -0.6775 -0.5818
vn -0.0753 -0.6172 -0.7832
vn 0.3866 -0.4154 -0.8234
vn 0.6019 -0.4968 -0.6252
vn 0.7378 -0.6160 -0.2760
vn 0.6527 -0.6131 -0.4450
vn 0.6500 -0.7102 -0.2704
vn 0.7561 -0.6460 -0.1046
vn 0.7107 -0.5295 -0.4632
vn 0.7515 -0.6388 -0.1649
vn 0.6536 -0.7114 -0.2584
vn 0.7248 -0.5281 -0.4424
vn 0.4729 -0.5774 -0.6655
vn 0.4921 -0.7968 -0.3505
vn 0.5341 -0.8390 -0.1045
vn 0.6004 -0.7967 0.0693
vn 0.6141 -0.7756 -0.1458
vn 0.5725 -0.8188 0.0426
vn 0.4548 -0.8904 0.0155
vn 0.2420 -0.9282 -0.2825
vn 0.7366 -0.6744 -0.0508
vn 0.1595 0.8945 -0.4176
vn 0.1072 0.9461 -0.3055
vn 0.0746 0.9046 -0.4198
vn 0.1705 0.9168 -0.3611
vn 0.1759 0.8860 -0.4290
vn 0.0908 0.8602 -0.5018
vn 0.1956 0.9010 -0.3873
vn 0.1390 0.8541 -0.5011
vn 0.2012 0.8729 -0.4445
vn 0.2049 0.9408 -0.2699
vn -0.3260 0.8839 -0.3354
vn -0.2346 0.9090 -0.3446
vn -0.2497 0.9242 -0.2891
vn -0.2249 0.8749 -0.4289
vn -0.2824 0.8652 -0.4144
vn -0.2651 0.8344 -0.4833
vn -0.1268 0.8761 -0.4652
vn -0.1277 0.9418 -0.3109
vn -0.1606 0.9499 -0.2683
vn -0.2435 0.9482 -0.2040
vn -0.3527 0.9137 -0.2020
vn -0.1823 0.9668 -0.1793
vn -0.0639 0.5156 -0.8544
vn -0.1615 0.6987 -0.6970
vn -0.1008 0.5630 -0.8203
vn -0.0903 0.7550 -0.6494
vn -0.1533 0.6116 -0.7762
vn -0.0882 0.6484 -0.7562
vn -0.1845 0.7784 -0.6000
vn -0.1761 0.6349 -0.7522
vn -0.2280 0.8116 -0.5378
vn -0.2495 0.7304 -0.6359
vn -0.4213 -0.3715 -0.8273
vn -0.0168 -0.0331 -0.9993
vn -0.4985 -0.3412 -0.7969
vn -0.0595 -0.0482 -0.9971
vn -0.0330 0.0198 -0.9993
vn -0.4678 -0.3916 -0.7923
vn 0.2858 0.2239 -0.9317
vn -0.0730 -0.1008 -0.9922
vn 0.2802 0.2484 -0.9272
vn -0.0201 -0.0084 -0.9998
vn -0.1060 -0.1938 -0.9753
vn 0.3025 0.2363 -0.9234
vn -0.6350 -0.4589 -0.6215
vn -0.5546 -0.4617 -0.6923
vn -0.6077 -0.4947 -0.6213
vn -0.6068 -0.4856 -0.6293
vn -0.6219 -0.4887 -0.6120
vn -0.6537 -0.5634 -0.5053
vn 0.5078 0.6585 -0.5555
vn 0.5251 0.6790 -0.5131
vn 0.5016 0.6456 -0.5759
vn 0.5275 0.7101 -0.4663
vn 0.5406 0.6861 -0.4869
vn 0.5664 0.7009 -0.4335
vn 0.4919 0.6961 -0.5229
vn 0.5059 0.6698 -0.5435
vn 0.4828 0.6331 -0.6050
vn 0.5801 0.7650 -0.2798
vn 0.6110 0.7791 -0.1406
vn 0.6180 0.7469 -0.2456
vn 0.6265 0.7685 -0.1303
vn 0.5435 0.8229 -0.1655
vn 0.5217 0.7786 -0.3487
vn 0.6003 0.7675 -0.2247
vn 0.5801 0.7479 -0.3228
vn 0.6007 0.7647 -0.2333
vn 0.5748 0.7506 -0.3259
vn 0.5218 0.7849 -0.3340
vn 0.5338 0.8167 -0.2192
vn 0.5864 0.7534 -0.2975
vn 0.6084 0.7755 -0.1688
vn 0.5796 0.7669 -0.2757
vn 0.5917 0.7937 -0.1411
vn 0.6022 0.7785 -0.1767
vn 0.5516 0.7702 -0.3203
vn 0.6296 0.7736 0.0719
vn 0.6044 0.7922 0.0842
vn 0.6362 0.7682 0.0714
vn -0.3108 -0.6771 -0.6670
vn -0.5448 -0.4722 -0.6930
vn -0.2042 -0.4490 -0.8699
vn -0.3586 -0.3231 -0.8758
vn -0.6279 -0.3726 -0.6833
vn -0.1884 -0.0520 -0.9807
vn -0.6724 -0.3867 -0.6311
vn -0.2925 -0.0368 -0.9556
vn -0.6248 -0.3793 -0.6825
vn -0.4213 -0.2290 -0.8776
vn -0.4162 -0.0999 -0.9038
vn -0.6600 -0.3738 -0.6517
vn -0.6692 -0.3849 -0.6357
vn -0.3597 -0.0503 -0.9317
vn -0.1553 -0.0242 -0.9876
vn -0.0517 -0.1220 -0.9912
vn -0.0206 0.0123 -0.9997
vn -0.0599 -0.0192 -0.9980
vn 0.2176 0.2752 -0.9364
vn -0.0257 0.0105 -0.9996
vn 0.1269 0.2393 -0.9626
vn -0.0822 -0.0042 -0.9966
vn -0.0904 0.0083 -0.9959
vn -0.0460 -0.0363 -0.9983
vn -0.0186 -0.0902 -0.9957
vn 0.0220 0.0802 -0.9965
vn 0.0649 0.1860 -0.9804
vn -0.0893 -0.0554 -0.9945
vn -0.0888 0.0351 -0.9954
vn 0.0022 0.0451 -0.9990
vn -0.1277 0.1132 -0.9853
vn -0.1533 -0.0015 -0.9882
vn -0.5093 -0.4710 -0.7203
vn -0.5476 -0.4734 -0.6899
vn -0.5182 -0.4802 -0.7077
vn -0.5005 -0.3885 -0.7736
vn -0.2436 -0.0907 -0.9656
vn -0.2429 0.0655 -0.9678
vn -0.3672 -0.0302 -0.9297
vn -0.3654 -0.2798 -0.8878
vn -0.4848 -0.4574 -0.7455
vn -0.4655 -0.2255 -0.8559
vn 0.1028 0.3594 -0.9275
vn 0.1601 0.4457 -0.8808
vn 0.1671 0.4742 -0.8644
vn 0.2110 0.3355 -0.9181
vn 0.0173 0.2168 -0.9761
vn 0.2058 0.1626 -0.9650
vn -0.0646 0.1050 -0.9924
vn -0.2450 -0.0954 -0.9648
vn -0.0441 0.1587 -0.9863
vn -0.3133 -0.1759 -0.9332
vn -0.1976 0.0254 -0.9800
vn -0.0540 0.2162 -0.9749
vn -0.2282 0.1377 -0.9638
vn -0.0942 0.2687 -0.9586
vn -0.2283 0.1647 -0.9596
vn -0.1163 0.2731 -0.9549
vn -0.1704 0.2059 -0.9636
vn -0.0941 0.3099 -0.9461
vn 0.2859 0.4725 -0.8337
vn 0.1055 0.3222 -0.9408
vn 0.2884 0.4937 -0.8204
vn 0.0988 0.2903 -0.9518
vn 0.0899 0.3614 -0.9280
vn 0.2758 0.4998 -0.8210
vn 0.0272 0.4239 -0.9053
vn 0.1801 0.5436 -0.8198
vn 0.0792 0.4622 -0.8833
vn 0.1834 0.5644 -0.8049
vn 0.1836 0.5334 -0.8257
vn 0.0252 0.3971 -0.9174
vn 0.0555 0.3749 -0.9254
vn 0.2319 0.4931 -0.8385
vn 0.4285 0.6018 -0.6739
vn 0.5269 0.6511 -0.5463
vn 0.4254 0.5926 -0.6840
vn 0.4249 0.5768 -0.6977
vn 0.5335 0.6147 -0.5810
vn 0.3625 0.5852 -0.7253
vn 0.4424 0.6459 -0.6221
vn 0.2960 0.6241 -0.7231
vn 0.3621 0.6778 -0.6399
vn 0.2885 0.6320 -0.7193
vn 0.3521 0.6905 -0.6319
vn 0.2773 0.6258 -0.7290
vn 0.3669 0.7415 -0.5617
vn 0.2322 0.5713 -0.7873
vn 0.3619 0.7476 -0.5568
vn 0.5867 0.6534 -0.4784
vn 0.6300 0.6713 -0.3905
vn 0.5860 0.6366 -0.5014
vn 0.6298 0.6868 -0.3629
vn 0.4537 0.7593 -0.4664
vn 0.3772 0.7193 -0.5834
vn 0.4111 0.7547 -0.5113
vn 0.4062 0.7129 -0.5716
vn 0.4860 0.6867 -0.5406
vn 0.5420 0.7391 -0.3999
vn 0.3875 0.8670 -0.3133
vn 0.4110 0.8849 -0.2193
vn 0.4272 0.8788 -0.2127
vn 0.4003 0.8549 -0.3299
vn 0.6632 0.7266 -0.1794
vn 0.6549 0.7499 -0.0935
vn 0.6736 0.7262 -0.1375
vn 0.6805 0.7294 -0.0704
vn 0.4232 0.8584 -0.2897
vn 0.4428 0.8799 -0.1726
vn 0.5333 0.8343 -0.1394
vn 0.5211 0.8132 -0.2593
vn 0.6119 0.7698 -0.1817
vn 0.6344 0.7667 -0.0985
vn 0.2433 0.8929 -0.3789
vn 0.3133 0.8882 -0.3360
vn 0.2832 0.8769 -0.3883
vn 0.3756 0.8536 -0.3610
vn 0.4165 0.8670 -0.2735
vn 0.3746 0.8950 -0.2422
vn 0.6268 0.7468 -0.2223
vn 0.6023 0.7379 -0.3046
vn 0.6625 0.7226 -0.1974
vn 0.6439 0.7195 -0.2601
vn 0.4464 0.8542 -0.2665
vn 0.4371 0.8225 -0.3639
vn 0.5067 0.8049 -0.3089
vn 0.5172 0.8245 -0.2294
vn 0.6212 0.7573 -0.2017
vn 0.6047 0.7515 -0.2636
vn 0.3180 0.8837 -0.3434
vn 0.3570 0.9038 -0.2362
vn 0.4422 0.8948 -0.0614
vn 0.3954 0.8744 -0.2814
vn 0.4116 0.9092 0.0629
vn 0.3414 0.9305 -0.1325
vn 0.6123 0.7593 -0.2202
vn 0.6262 0.7752 -0.0834
vn 0.6569 0.7348 -0.1688
vn 0.6680 0.7435 -0.0312
vn 0.4596 0.8473 -0.2663
vn 0.4869 0.8729 -0.0317
vn 0.5664 0.8233 -0.0371
vn 0.5349 0.8118 -0.2340
vn 0.6192 0.7648 -0.1779
vn 0.6370 0.7707 -0.0193
vn 0.4094 0.8796 0.2423
vn 0.4616 0.8605 0.2155
vn 0.4887 0.8434 0.2234
vn 0.5621 0.8043 0.1930
vn 0.6317 0.7665 0.1159
vn 0.6675 0.7308 0.1427
vn 0.6360 0.7534 0.1670
vn 0.1798 0.9794 -0.0920
vn -0.0351 0.9928 -0.1145
vn 0.0037 0.9773 -0.2118
vn 0.1272 0.9562 -0.2635
vn 0.0001 0.9584 -0.2855
vn 0.0471 0.9377 -0.3442
vn -0.0207 0.8865 -0.4623
vn -0.0018 0.8709 -0.4915
vn -0.1063 0.5779 -0.8092
vn -0.0455 0.6083 -0.7924
vn -0.0635 0.4802 -0.8748
vn -0.0212 0.4644 -0.8854
vn -0.0679 0.5393 -0.8393
vn -0.0334 0.5602 -0.8277
vn -0.0343 0.7322 -0.6803
vn -0.0167 0.7124 -0.7016
vn -0.0564 0.4780 -0.8765
vn 0.0170 0.4151 -0.9096
vn -0.0329 0.5161 -0.8559
vn 0.0220 0.4775 -0.8783
vn 0.0233 0.5380 -0.8426
vn -0.0855 0.4682 -0.8795
vn -0.2981 -0.3963 -0.8684
vn -0.3564 -0.2818 -0.8908
vn -0.2702 -0.4069 -0.8726
vn -0.2713 -0.0417 -0.9616
vn -0.2953 -0.2498 -0.9222
vn -0.2324 -0.0555 -0.9710
vn -0.2929 -0.0397 -0.9553
vn -0.4211 -0.3268 -0.8461
vn -0.2521 -0.4398 -0.8620
vn 0.2523 0.9587 -0.1312
vn 0.2798 0.8556 -0.4355
vn 0.1784 0.9101 -0.3740
vn 0.3368 0.9312 -0.1391
vn 0.0856 0.8895 -0.4489
vn 0.0135 0.8746 -0.4846
vn 0.1585 0.8530 -0.4973
vn 0.2039 0.8162 -0.5405
vn 0.0009 0.7503 -0.6611
vn -0.0006 0.5876 -0.8091
vn 0.1338 0.6586 -0.7405
vn 0.1354 0.8074 -0.5743
vn 0.0183 0.5016 -0.8649
vn 0.1003 0.5452 -0.8323
vn 0.2477 0.5518 -0.7963
vn 0.1714 0.5557 -0.8135
vn 0.1620 0.6295 -0.7600
vn 0.1545 0.5899 -0.7926
vn 0.1056 0.6255 -0.7730
vn 0.1260 0.5488 -0.8264
vn 0.2434 0.5966 -0.7647
vn 0.2804 0.6003 -0.7490
vn 0.1232 0.4833 -0.8668
vn 0.0653 0.3762 -0.9242
vn 0.0979 0.4503 -0.8875
vn 0.0485 0.3717 -0.9271
vn 0.1267 0.3748 -0.9184
vn 0.2011 0.5075 -0.8378
vn -0.4524 -0.5766 -0.6803
vn -0.3569 -0.4149 -0.8369
vn -0.3477 -0.6058 -0.7156
vn -0.2261 -0.5166 -0.8258
vn -0.3615 -0.3693 -0.8561
vn -0.5079 -0.5743 -0.6421
vn 0.1099 0.1564 -0.9816
vn 0.1315 0.0211 -0.9911
vn 0.1818 0.0993 -0.9783
vn 0.1932 -0.0259 -0.9808
vn 0.0614 0.0548 -0.9966
vn 0.1328 0.1924 -0.9723
vn -0.1494 -0.5424 -0.8267
vn -0.0891 -0.5426 -0.8352
vn -0.2816 -0.4927 -0.8234
vn -0.0747 0.2065 -0.9756
vn -0.0841 0.2274 -0.9702
vn -0.0346 0.1718 -0.9845
vn -0.0731 -0.1079 -0.9915
vn 0.0428 0.1223 -0.9916
vn -0.1595 -0.0824 -0.9837
vn 0.2394 0.3595 -0.9019
vn 0.1117 0.0948 -0.9892
vn 0.3226 0.3464 -0.8809
vn -0.3770 -0.4600 -0.8039
vn 0.0190 0.0255 -0.9995
vn -0.4166 -0.4645 -0.7815
vn 0.0220 -0.0490 -0.9986
vn 0.1925 0.2059 -0.9594
vn -0.3030 -0.3313 -0.8936
vn 0.2595 0.2137 -0.9418
vn -0.2770 -0.2628 -0.9242
vn -0.5387 -0.5904 -0.6010
vn -0.3307 -0.4107 -0.8497
vn -0.5780 -0.5966 -0.5568
vn -0.3691 -0.4407 -0.8183
vn -0.2370 -0.2355 -0.9425
vn -0.1907 -0.2415 -0.9515
vn 0.3386 0.4968 -0.7991
vn 0.3954 0.5551 -0.7318
vn 0.4343 0.4732 -0.7665
vn 0.4820 0.5275 -0.6996
vn 0.4316 0.5630 -0.7048
vn 0.4019 0.5724 -0.7147
vn 0.4938 0.5701 -0.6567
vn 0.4625 0.6095 -0.6440
vn 0.3485 0.6074 -0.7138
vn 0.3444 0.6975 -0.6284
vn 0.4264 0.6334 -0.6457
vn 0.4479 0.7122 -0.5405
vn 0.3674 0.7999 -0.4746
vn 0.3613 0.8074 -0.4664
vn 0.4717 0.7918 -0.3880
vn 0.4457 0.7932 -0.4149
vn 0.3472 0.7600 -0.5494
vn 0.3904 0.8124 -0.4332
vn 0.3957 0.7517 -0.5276
vn 0.4030 0.8225 -0.4014
vn 0.4418 0.8924 -0.0919
vn 0.4383 0.8964 -0.0667
vn -0.1068 0.0518 -0.9929
vn -0.3519 -0.1796 -0.9187
vn -0.0903 0.0724 -0.9933
vn -0.3370 -0.1973 -0.9206
vn 0.4225 0.5766 -0.6992
vn 0.2812 0.4480 -0.8487
vn 0.4107 0.5626 -0.7175
vn 0.2689 0.4345 -0.8596
vn 0.0855 0.2545 -0.9633
vn 0.0658 0.2398 -0.9686
vn -0.2710 -0.2419 -0.9317
vn -0.5380 -0.5199 -0.6635
vn -0.0737 -0.0014 -0.9973
vn -0.0375 -0.0611 -0.9974
vn -0.2081 -0.2731 -0.9392
vn -0.4722 -0.5233 -0.7094
vn -0.4719 -0.4821 -0.7382
vn -0.0209 0.0168 -0.9996
vn 0.0364 -0.0601 -0.9975
vn -0.4550 -0.5095 -0.7304
vn -0.4398 -0.4819 -0.7578
vn 0.0335 -0.0710 -0.9969
vn 0.3397 0.3064 -0.8892
vn -0.1596 -0.2567 -0.9532
vn -0.2359 -0.2202 -0.9465
vn 0.3662 0.2912 -0.8838
vn 0.3212 0.2534 -0.9125
vn -0.2635 -0.2390 -0.9346
vn -0.6434 -0.6302 -0.4346
vn -0.6496 -0.6319 -0.4227
vn -0.4184 -0.4767 -0.7731
vn -0.6192 -0.6125 -0.4913
vn -0.1791 -0.2652 -0.9474
vn -0.0354 -0.1058 -0.9938
vn 0.4897 0.6628 -0.5664
vn 0.4665 0.6207 -0.6302
vn 0.4702 0.6731 -0.5709
vn 0.4630 0.6592 -0.5925
vn 0.4854 0.6475 -0.5874
vn 0.4720 0.5915 -0.6537
vn 0.4076 0.5516 -0.7278
vn 0.2764 0.4206 -0.8641
vn 0.4300 0.5198 -0.7382
vn 0.3154 0.3861 -0.8669
vn 0.4946 0.6111 -0.6181
vn 0.4896 0.5486 -0.6778
vn 0.4651 0.6423 -0.6092
vn 0.4505 0.4826 -0.7511
vn 0.3398 0.3547 -0.8710
vn 0.4826 0.7421 -0.4652
vn 0.5002 0.8271 -0.2563
vn 0.5049 0.7827 -0.3639
vn 0.4618 0.6956 -0.5503
vn 0.4409 0.6621 -0.6060
vn 0.4838 0.7457 -0.4582
vn 0.4719 0.8522 -0.2261
vn 0.4258 0.8353 -0.3479
vn 0.4172 0.8310 -0.3680
vn 0.4907 0.8301 -0.2650
vn 0.5037 0.8009 -0.3238
vn 0.4531 0.8017 -0.3900
vn 0.4331 0.8268 -0.3589
vn 0.5103 0.8403 -0.1827
vn 0.3895 0.8912 -0.2327
vn 0.3551 0.8337 -0.4229
vn 0.3651 0.7924 -0.4887
vn 0.3621 0.8764 -0.3176
vn 0.4326 0.9007 0.0394
vn 0.5618 0.8247 0.0658
vn 0.3898 0.9208 -0.0159
vn 0.1353 0.1149 -0.9841
vn 0.1223 0.1581 -0.9798
vn 0.0823 0.2063 -0.9750
vn -0.1004 -0.5190 -0.8489
vn 0.2089 -0.0279 -0.9775
vn 0.1886 0.0028 -0.9820
vn -0.1429 -0.4994 -0.8545
vn -0.1329 -0.6901 -0.7114
vn -0.2366 -0.4907 -0.8386
vn -0.1967 -0.5514 -0.8107
vn -0.0220 -0.5768 -0.8166
vn -0.0961 -0.7444 -0.6608
vn -0.2516 -0.4898 -0.8347
vn 0.2390 0.0731 -0.9683
vn 0.1858 0.0258 -0.9822
vn -0.3734 -0.0822 -0.9240
vn -0.4728 -0.3899 -0.7902
vn -0.3236 -0.0513 -0.9448
vn -0.5396 -0.4724 -0.6969
vn 0.0414 0.3290 -0.9434
vn -0.0791 0.2290 -0.9702
vn 0.0479 0.3596 -0.9319
vn -0.0680 0.2106 -0.9752
vn 0.0447 0.3851 -0.9218
vn 0.0711 0.4180 -0.9057
vn 0.0911 0.5076 -0.8568
vn 0.0677 0.4573 -0.8867
vn 0.0707 0.5895 -0.8047
vn 0.1033 0.5607 -0.8216
vn -0.5311 -0.6562 -0.5360
vn -0.3716 0.1697 0.9127
vn -0.5701 -0.6882 -0.4487
vn -0.8682 -0.4937 -0.0493
vn -0.0892 -0.8984 -0.4300
vt 0.000000 0.000000
s 1
usemtl _17174_Tiamat_v1default
f 1/1/1 3/1/2 4/1/3
f 5/1/4 3/1/2 2/1/5
f 7/1/6 3/1/2 6/1/7
f 4/1/3 8/1/8 9/1/9
f 10/1/10 12/1/11 13/1/12
f 8/1/8 11/1/13 9/1/9
f 14/1/14 8/1/8 7/1/6
f 14/1/14 15/1/15 13/1/12
f 4/1/3 16/1/16 17/1/17
f 18/1/18 17/1/17 16/1/16
f 20/1/19 17/1/17 19/1/20
f 4/1/3 21/1/21 1/1/1
f 22/1/22 16/1/16 23/1/23
f 23/1/23 9/1/9 11/1/13
f 10/1/10 23/1/23 11/1/13
f 22/1/22 24/1/24 25/1/25
f 25/1/25 26/1/26 27/1/27
f 13/1/12 24/1/24 10/1/10
f 15/1/15 26/1/26 13/1/12
f 27/1/27 28/1/28 29/1/29
f 5/1/4 31/1/30 32/1/31
f 33/1/32 30/1/33 34/1/34
f 35/1/35 31/1/30 33/1/32
f 32/1/31 36/1/36 37/1/37
f 7/1/6 38/1/38 39/1/39
f 32/1/31 6/1/7 5/1/4
f 37/1/37 38/1/38 32/1/31
f 39/1/39 40/1/40 41/1/41
f 42/1/42 14/1/14 7/1/6
f 43/1/43 39/1/39 41/1/41
f 44/1/44 42/1/42 43/1/43
f 14/1/14 45/1/45 15/1/15
f 46/1/46 45/1/45 44/1/44
f 48/1/47 46/1/46 49/1/48
f 47/1/49 48/1/47 29/1/29
f 28/1/28 15/1/15 45/1/45
f 50/1/50 52/1/51 53/1/52
f 22/1/22 52/1/51 18/1/18
f 25/1/25 53/1/52 22/1/22
f 50/1/50 54/1/53 55/1/54
f 56/1/55 57/1/56 55/1/54
f 27/1/27 54/1/53 25/1/25
f 29/1/29 56/1/55 27/1/27
f 58/1/57 59/1/58 57/1/56
f 58/1/57 61/1/59 59/1/58
f 58/1/57 29/1/29 48/1/47
f 48/1/47 49/1/48 62/1/60
f 60/1/61 62/1/60 63/1/62
f 63/1/62 64/1/63 65/1/64
f 62/1/60 49/1/48 66/1/65
f 67/1/66 66/1/65 68/1/67
f 67/1/66 69/1/68 65/1/64
f 69/1/68 70/1/69 71/1/70
f 67/1/66 72/1/71 70/1/69
f 73/1/72 70/1/69 72/1/71
f 75/1/73 70/1/69 74/1/74
f 76/1/75 78/1/76 79/1/77
f 74/1/74 77/1/78 75/1/73
f 80/1/79 74/1/74 73/1/72
f 79/1/77 80/1/79 81/1/80
f 82/1/81 84/1/82 85/1/83
f 86/1/84 84/1/82 83/1/85
f 88/1/86 87/1/87 89/1/88
f 85/1/83 88/1/86 35/1/35
f 37/1/37 90/1/89 91/1/90
f 88/1/86 36/1/36 35/1/35
f 89/1/88 90/1/89 88/1/86
f 91/1/90 92/1/91 93/1/92
f 94/1/93 95/1/94 41/1/41
f 91/1/90 40/1/40 37/1/37
f 93/1/92 94/1/93 91/1/90
f 95/1/94 96/1/95 97/1/96
f 41/1/41 98/1/97 43/1/43
f 99/1/98 95/1/94 97/1/96
f 100/1/99 98/1/97 99/1/98
f 43/1/43 101/1/100 44/1/44
f 44/1/44 102/1/101 46/1/46
f 103/1/102 101/1/100 100/1/99
f 103/1/102 105/1/103 102/1/101
f 46/1/46 105/1/103 49/1/48
f 68/1/67 106/1/104 107/1/105
f 105/1/103 66/1/65 49/1/48
f 104/1/106 106/1/104 105/1/103
f 107/1/105 108/1/107 109/1/108
f 72/1/71 111/1/109 73/1/72
f 107/1/105 72/1/71 68/1/67
f 109/1/108 110/1/110 107/1/105
f 111/1/109 112/1/111 113/1/112
f 73/1/72 114/1/113 80/1/79
f 113/1/112 114/1/113 111/1/109
f 116/1/114 115/1/115 117/1/116
f 81/1/80 114/1/113 116/1/114
f 86/1/84 119/1/117 87/1/87
f 120/1/118 118/1/119 121/1/120
f 122/1/121 119/1/117 120/1/118
f 87/1/87 123/1/122 89/1/88
f 123/1/122 92/1/91 89/1/88
f 125/1/123 123/1/122 122/1/121
f 126/1/124 124/1/125 125/1/123
f 93/1/92 124/1/125 127/1/126
f 128/1/127 130/1/128 131/1/129
f 97/1/96 130/1/128 129/1/130
f 127/1/126 96/1/95 93/1/92
f 131/1/129 127/1/126 126/1/124
f 131/1/129 133/1/131 128/1/127
f 134/1/132 131/1/129 126/1/124
f 132/1/133 134/1/132 135/1/134
f 97/1/96 136/1/135 99/1/98
f 137/1/136 129/1/130 128/1/127
f 138/1/137 136/1/135 137/1/136
f 99/1/98 139/1/138 100/1/99
f 104/1/106 140/1/139 141/1/140
f 139/1/138 103/1/102 100/1/99
f 142/1/141 139/1/138 138/1/137
f 143/1/142 140/1/139 142/1/141
f 109/1/108 144/1/143 145/1/144
f 141/1/140 108/1/107 104/1/106
f 146/1/145 141/1/140 143/1/142
f 147/1/146 144/1/143 146/1/145
f 148/1/147 150/1/148 151/1/149
f 113/1/112 150/1/148 149/1/150
f 145/1/144 112/1/111 109/1/108
f 151/1/149 145/1/144 147/1/146
f 152/1/151 154/1/152 155/1/153
f 153/1/154 55/1/54 57/1/56
f 59/1/58 154/1/152 57/1/56
f 155/1/153 156/1/155 157/1/156
f 158/1/157 160/1/158 161/1/159
f 155/1/153 159/1/160 152/1/151
f 157/1/156 160/1/158 155/1/153
f 161/1/159 162/1/161 163/1/162
f 157/1/156 164/1/163 165/1/164
f 61/1/59 156/1/155 59/1/58
f 63/1/62 164/1/163 61/1/59
f 165/1/164 166/1/165 167/1/166
f 163/1/162 168/1/167 169/1/168
f 165/1/164 162/1/161 157/1/156
f 167/1/166 168/1/167 165/1/164
f 169/1/168 170/1/169 171/1/170
f 172/1/171 174/1/172 175/1/173
f 169/1/168 173/1/174 163/1/162
f 171/1/170 174/1/172 169/1/168
f 175/1/173 176/1/175 177/1/176
f 167/1/166 178/1/177 179/1/178
f 65/1/64 166/1/165 63/1/62
f 69/1/68 178/1/177 65/1/64
f 179/1/178 180/1/179 181/1/180
f 182/1/181 184/1/182 185/1/183
f 186/1/184 183/1/185 187/1/186
f 177/1/176 184/1/182 186/1/184
f 185/1/183 176/1/175 171/1/170
f 171/1/170 188/1/187 185/1/183
f 179/1/178 170/1/169 167/1/166
f 181/1/180 188/1/187 179/1/178
f 185/1/183 189/1/188 182/1/181
f 190/1/189 191/1/190 181/1/180
f 71/1/70 180/1/179 69/1/68
f 75/1/73 190/1/189 71/1/70
f 192/1/191 193/1/192 191/1/190
f 194/1/193 195/1/194 193/1/192
f 77/1/78 192/1/191 75/1/73
f 76/1/75 194/1/193 77/1/78
f 195/1/194 196/1/195 197/1/196
f 182/1/181 198/1/197 199/1/198
f 191/1/190 189/1/188 181/1/180
f 193/1/192 198/1/197 191/1/190
f 199/1/198 200/1/199 201/1/200
f 187/1/186 202/1/201 203/1/202
f 199/1/198 183/1/185 182/1/181
f 201/1/200 202/1/201 199/1/198
f 203/1/202 204/1/203 205/1/204
f 201/1/200 206/1/205 207/1/206
f 195/1/194 200/1/199 193/1/192
f 197/1/196 206/1/205 195/1/194
f 207/1/206 208/1/207 209/1/208
f 205/1/204 210/1/209 211/1/210
f 207/1/206 204/1/203 201/1/200
f 209/1/208 210/1/209 207/1/206
f 211/1/210 212/1/211 213/1/212
f 209/1/208 214/1/213 215/1/214
f 216/1/215 208/1/207 197/1/196
f 217/1/216 214/1/213 216/1/215
f 215/1/214 218/1/217 219/1/218
f 213/1/212 220/1/219 221/1/220
f 215/1/214 212/1/211 209/1/208
f 219/1/218 220/1/219 215/1/214
f 221/1/220 222/1/221 223/1/222
f 223/1/222 224/1/223 225/1/224
f 226/1/225 222/1/221 219/1/218
f 227/1/226 224/1/223 226/1/225
f 225/1/224 228/1/227 229/1/228
f 230/1/229 232/1/230 233/1/231
f 234/1/232 231/1/233 235/1/234
f 229/1/228 232/1/230 234/1/232
f 233/1/231 228/1/227 227/1/226
f 235/1/234 236/1/235 237/1/236
f 238/1/237 231/1/233 230/1/229
f 239/1/238 236/1/235 238/1/237
f 237/1/236 240/1/239 241/1/240
f 135/1/134 243/1/241 133/1/131
f 244/1/242 242/1/243 245/1/244
f 246/1/245 243/1/241 244/1/242
f 133/1/131 247/1/246 128/1/127
f 247/1/246 137/1/136 128/1/127
f 249/1/247 247/1/246 246/1/245
f 250/1/248 248/1/249 249/1/247
f 137/1/136 251/1/250 138/1/137
f 138/1/137 252/1/251 142/1/141
f 253/1/252 251/1/250 250/1/248
f 254/1/253 252/1/251 253/1/252
f 142/1/141 255/1/254 143/1/142
f 143/1/142 256/1/255 146/1/145
f 257/1/256 255/1/254 254/1/253
f 258/1/257 256/1/255 257/1/256
f 146/1/145 259/1/258 147/1/146
f 254/1/253 261/1/259 257/1/256
f 262/1/260 260/1/261 263/1/262
f 264/1/263 261/1/259 262/1/260
f 257/1/256 265/1/264 258/1/257
f 266/1/265 268/1/266 269/1/267
f 175/1/173 267/1/268 172/1/171
f 177/1/176 268/1/266 175/1/173
f 269/1/267 270/1/269 271/1/270
f 271/1/270 272/1/271 273/1/272
f 186/1/184 270/1/269 177/1/176
f 187/1/186 272/1/271 186/1/184
f 273/1/272 274/1/273 275/1/274
f 275/1/274 276/1/275 277/1/276
f 203/1/202 274/1/273 187/1/186
f 205/1/204 276/1/275 203/1/202
f 277/1/276 278/1/277 279/1/278
f 279/1/278 280/1/279 281/1/280
f 211/1/210 278/1/277 205/1/204
f 213/1/212 280/1/279 211/1/210
f 281/1/280 282/1/281 283/1/282
f 283/1/282 284/1/283 285/1/284
f 221/1/220 282/1/281 213/1/212
f 223/1/222 284/1/283 221/1/220
f 285/1/284 286/1/285 287/1/286
f 287/1/286 288/1/287 289/1/288
f 225/1/224 286/1/285 223/1/222
f 229/1/228 288/1/287 225/1/224
f 289/1/288 290/1/289 291/1/290
f 291/1/290 292/1/291 293/1/292
f 234/1/232 290/1/289 229/1/228
f 235/1/234 292/1/291 234/1/232
f 293/1/292 294/1/293 295/1/294
f 295/1/294 296/1/295 297/1/296
f 237/1/236 294/1/293 235/1/234
f 241/1/240 296/1/295 237/1/236
f 297/1/296 298/1/297 299/1/298
f 300/1/299 302/1/300 303/1/301
f 304/1/302 301/1/303 305/1/304
f 266/1/265 302/1/300 304/1/302
f 303/1/301 306/1/305 307/1/306
f 307/1/306 308/1/307 309/1/308
f 269/1/267 306/1/305 266/1/265
f 271/1/270 308/1/307 269/1/267
f 309/1/308 310/1/309 311/1/310
f 311/1/310 312/1/311 313/1/312
f 273/1/272 310/1/309 271/1/270
f 275/1/274 312/1/311 273/1/272
f 313/1/312 314/1/313 315/1/314
f 315/1/314 316/1/315 317/1/316
f 277/1/276 314/1/313 275/1/274
f 279/1/278 316/1/315 277/1/276
f 317/1/316 318/1/317 319/1/318
f 319/1/318 320/1/319 321/1/320
f 281/1/280 318/1/317 279/1/278
f 283/1/282 320/1/319 281/1/280
f 321/1/320 322/1/321 323/1/322
f 323/1/322 324/1/323 325/1/324
f 285/1/284 322/1/321 283/1/282
f 287/1/286 324/1/323 285/1/284
f 325/1/324 326/1/325 327/1/326
f 327/1/326 328/1/327 329/1/328
f 289/1/288 326/1/325 287/1/286
f 291/1/290 328/1/327 289/1/288
f 329/1/328 330/1/329 331/1/330
f 331/1/330 332/1/331 333/1/332
f 293/1/292 330/1/329 291/1/290
f 295/1/294 332/1/331 293/1/292
f 333/1/332 334/1/333 335/1/334
f 336/1/335 338/1/336 339/1/337
f 340/1/338 337/1/339 341/1/340
f 300/1/299 338/1/336 340/1/338
f 339/1/337 342/1/341 343/1/342
f 343/1/342 344/1/343 345/1/344
f 303/1/301 342/1/341 300/1/299
f 307/1/306 344/1/343 303/1/301
f 345/1/344 346/1/345 347/1/346
f 347/1/346 348/1/347 349/1/348
f 309/1/308 346/1/345 307/1/306
f 311/1/310 348/1/347 309/1/308
f 349/1/348 350/1/349 351/1/350
f 351/1/350 352/1/351 353/1/352
f 313/1/312 350/1/349 311/1/310
f 315/1/314 352/1/351 313/1/312
f 353/1/352 354/1/353 355/1/354
f 355/1/354 356/1/355 357/1/356
f 317/1/316 354/1/353 315/1/314
f 319/1/318 356/1/355 317/1/316
f 357/1/356 358/1/357 359/1/358
f 359/1/358 360/1/359 361/1/360
f 321/1/320 358/1/357 319/1/318
f 323/1/322 360/1/359 321/1/320
f 361/1/360 362/1/361 363/1/362
f 363/1/362 364/1/363 365/1/364
f 325/1/324 362/1/361 323/1/322
f 327/1/326 364/1/363 325/1/324
f 365/1/364 366/1/365 367/1/366
f 367/1/366 368/1/367 369/1/368
f 329/1/328 366/1/365 327/1/326
f 331/1/330 368/1/367 329/1/328
f 369/1/368 370/1/369 371/1/370
f 371/1/370 372/1/371 373/1/372
f 333/1/332 370/1/369 331/1/330
f 335/1/334 372/1/371 333/1/332
f 373/1/372 374/1/373 375/1/374
f 376/1/375 378/1/376 379/1/377
f 85/1/83 376/1/375 82/1/81
f 35/1/35 377/1/378 85/1/83
f 378/1/376 380/1/379 381/1/380
f 382/1/381 383/1/382 34/1/34
f 30/1/33 5/1/4 2/1/5
f 1/1/1 382/1/381 2/1/5
f 383/1/382 384/1/383 385/1/384
f 1/1/1 386/1/385 384/1/383
f 387/1/386 21/1/21 20/1/19
f 388/1/387 386/1/385 387/1/386
f 384/1/383 389/1/388 385/1/384
f 388/1/387 391/1/389 389/1/388
f 392/1/390 390/1/391 393/1/392
f 394/1/393 391/1/389 392/1/390
f 395/1/394 385/1/384 389/1/388
f 381/1/380 396/1/395 397/1/396
f 33/1/32 380/1/379 35/1/35
f 34/1/34 396/1/395 33/1/32
f 397/1/396 383/1/382 385/1/384
f 394/1/393 399/1/397 395/1/394
f 398/1/398 381/1/380 397/1/396
f 397/1/396 385/1/384 395/1/394
f 400/1/399 402/1/400 403/1/401
f 404/1/402 401/1/403 405/1/404
f 406/1/405 402/1/400 404/1/402
f 403/1/401 407/1/406 408/1/407
f 408/1/407 409/1/408 410/1/409
f 411/1/410 407/1/406 406/1/405
f 412/1/411 409/1/408 411/1/410
f 410/1/409 413/1/412 414/1/413
f 414/1/413 415/1/414 416/1/415
f 417/1/416 413/1/412 412/1/411
f 418/1/417 415/1/414 417/1/416
f 416/1/415 419/1/418 420/1/419
f 420/1/419 421/1/420 422/1/421
f 423/1/422 419/1/418 418/1/417
f 424/1/423 421/1/420 423/1/422
f 422/1/421 425/1/424 426/1/425
f 427/1/426 429/1/427 430/1/428
f 431/1/429 428/1/430 426/1/425
f 432/1/431 429/1/427 431/1/429
f 430/1/428 433/1/432 434/1/433
f 435/1/434 437/1/435 438/1/436
f 436/1/437 432/1/431 431/1/429
f 426/1/425 437/1/435 431/1/429
f 438/1/436 425/1/424 424/1/423
f 439/1/438 441/1/439 442/1/440
f 376/1/375 440/1/441 82/1/81
f 379/1/377 441/1/439 376/1/375
f 442/1/440 443/1/442 444/1/443
f 445/1/444 447/1/445 448/1/446
f 83/1/85 446/1/447 86/1/84
f 82/1/81 447/1/445 83/1/85
f 448/1/446 440/1/441 439/1/438
f 121/1/120 450/1/448 120/1/118
f 451/1/449 449/1/450 452/1/451
f 453/1/452 450/1/448 451/1/449
f 120/1/118 454/1/453 122/1/121
f 122/1/121 455/1/454 125/1/123
f 456/1/455 454/1/453 453/1/452
f 457/1/456 456/1/455 458/1/457
f 125/1/123 457/1/456 126/1/124
f 245/1/244 459/1/458 460/1/459
f 134/1/132 242/1/243 135/1/134
f 126/1/124 459/1/458 134/1/132
f 460/1/459 457/1/456 458/1/457
f 121/1/120 461/1/460 462/1/461
f 446/1/447 118/1/119 86/1/84
f 445/1/444 461/1/460 446/1/447
f 463/1/462 464/1/463 462/1/461
f 465/1/464 466/1/465 467/1/466
f 442/1/440 468/1/467 439/1/438
f 444/1/443 465/1/464 442/1/440
f 466/1/465 469/1/468 470/1/469
f 464/1/463 471/1/470 472/1/471
f 448/1/446 463/1/462 445/1/444
f 439/1/438 471/1/470 448/1/446
f 468/1/467 467/1/466 472/1/471
f 452/1/451 473/1/472 474/1/473
f 462/1/461 449/1/450 121/1/120
f 462/1/461 464/1/463 474/1/473
f 452/1/451 476/1/474 451/1/449
f 477/1/475 475/1/476 478/1/477
f 479/1/478 476/1/474 477/1/475
f 451/1/449 480/1/479 453/1/452
f 464/1/463 482/1/480 474/1/473
f 483/1/481 481/1/482 484/1/483
f 478/1/477 482/1/480 483/1/481
f 474/1/473 475/1/476 452/1/451
f 485/1/484 486/1/485 484/1/483
f 481/1/482 464/1/463 472/1/471
f 485/1/484 472/1/471 467/1/466
f 487/1/486 488/1/487 486/1/485
f 489/1/488 490/1/489 488/1/487
f 467/1/466 489/1/488 487/1/486
f 490/1/489 491/1/490 492/1/491
f 493/1/492 494/1/493 492/1/491
f 466/1/465 491/1/490 467/1/466
f 470/1/469 493/1/492 466/1/465
f 495/1/494 496/1/495 494/1/493
f 497/1/496 499/1/497 500/1/498
f 490/1/489 498/1/499 488/1/487
f 492/1/491 499/1/497 490/1/489
f 501/1/500 502/1/501 500/1/498
f 503/1/502 505/1/503 506/1/504
f 486/1/485 504/1/505 484/1/483
f 488/1/487 505/1/503 486/1/485
f 506/1/504 498/1/499 497/1/496
f 507/1/506 509/1/507 510/1/508
f 483/1/481 508/1/509 478/1/477
f 484/1/483 509/1/507 483/1/481
f 510/1/508 504/1/505 503/1/502
f 511/1/510 513/1/511 514/1/512
f 479/1/478 512/1/513 511/1/510
f 478/1/477 512/1/513 477/1/475
f 513/1/511 508/1/509 507/1/506
f 515/1/514 517/1/515 518/1/516
f 495/1/494 516/1/517 496/1/495
f 519/1/518 495/1/494 470/1/469
f 518/1/516 519/1/518 520/1/519
f 405/1/404 522/1/520 404/1/402
f 523/1/521 521/1/522 524/1/523
f 525/1/524 522/1/520 523/1/521
f 404/1/402 526/1/525 406/1/405
f 527/1/526 529/1/527 530/1/528
f 518/1/516 528/1/529 515/1/514
f 520/1/519 529/1/527 518/1/516
f 530/1/528 531/1/530 532/1/531
f 524/1/523 534/1/532 523/1/521
f 530/1/528 533/1/533 527/1/526
f 532/1/531 534/1/532 530/1/528
f 523/1/521 535/1/534 525/1/524
f 470/1/469 536/1/535 519/1/518
f 537/1/536 469/1/468 444/1/443
f 538/1/537 536/1/535 537/1/536
f 519/1/518 539/1/538 520/1/519
f 406/1/405 540/1/539 411/1/410
f 541/1/540 526/1/525 525/1/524
f 542/1/541 540/1/539 541/1/540
f 411/1/410 543/1/542 412/1/411
f 520/1/519 544/1/543 531/1/530
f 545/1/544 539/1/538 538/1/537
f 546/1/545 544/1/543 545/1/544
f 531/1/530 547/1/546 532/1/531
f 542/1/541 548/1/547 549/1/548
f 535/1/534 541/1/540 525/1/524
f 532/1/531 548/1/547 535/1/534
f 549/1/548 547/1/546 546/1/545
f 444/1/443 550/1/549 537/1/536
f 551/1/550 443/1/442 379/1/377
f 550/1/549 551/1/550 552/1/551
f 553/1/552 538/1/537 537/1/536
f 412/1/411 554/1/553 417/1/416
f 555/1/554 543/1/542 542/1/541
f 556/1/555 554/1/553 555/1/554
f 417/1/416 557/1/556 418/1/417
f 558/1/557 545/1/544 538/1/537
f 553/1/552 552/1/551 559/1/558
f 560/1/559 558/1/557 559/1/558
f 545/1/544 561/1/560 546/1/545
f 556/1/555 562/1/561 563/1/562
f 549/1/548 555/1/554 542/1/541
f 546/1/545 562/1/561 549/1/548
f 563/1/562 561/1/560 560/1/559
f 556/1/555 565/1/563 557/1/556
f 566/1/564 564/1/565 567/1/566
f 423/1/422 566/1/564 424/1/423
f 418/1/417 565/1/563 423/1/422
f 379/1/377 568/1/567 551/1/550
f 569/1/568 378/1/376 381/1/380
f 568/1/567 569/1/568 570/1/569
f 571/1/570 552/1/551 551/1/550
f 552/1/551 572/1/571 559/1/558
f 573/1/572 571/1/570 570/1/569
f 574/1/573 572/1/571 573/1/572
f 559/1/558 575/1/574 560/1/559
f 567/1/566 576/1/575 577/1/576
f 563/1/562 564/1/565 556/1/555
f 560/1/559 576/1/575 563/1/562
f 577/1/576 575/1/574 574/1/573
f 438/1/436 579/1/577 435/1/434
f 424/1/423 578/1/578 438/1/436
f 567/1/566 578/1/578 566/1/564
f 580/1/579 581/1/580 579/1/577
f 582/1/581 583/1/582 584/1/583
f 569/1/568 585/1/584 570/1/569
f 582/1/581 569/1/568 381/1/380
f 583/1/582 398/1/398 394/1/393
f 581/1/580 586/1/585 587/1/586
f 577/1/576 580/1/579 567/1/566
f 586/1/585 577/1/576 574/1/573
f 587/1/586 588/1/587 589/1/588
f 589/1/588 590/1/589 591/1/590
f 573/1/572 588/1/587 574/1/573
f 570/1/569 590/1/589 573/1/572
f 591/1/590 585/1/584 584/1/583
f 305/1/304 592/1/591 593/1/592
f 340/1/338 301/1/303 300/1/299
f 341/1/340 592/1/591 340/1/338
f 593/1/592 594/1/593 595/1/594
f 596/1/595 597/1/596 598/1/597
f 50/1/50 599/1/598 51/1/599
f 596/1/595 50/1/50 55/1/54
f 597/1/596 153/1/154 152/1/151
f 593/1/592 601/1/600 305/1/304
f 595/1/594 600/1/601 593/1/592
f 603/1/602 602/1/603 604/1/604
f 605/1/605 600/1/601 603/1/602
f 606/1/606 173/1/174 172/1/171
f 608/1/607 606/1/606 605/1/605
f 158/1/157 607/1/608 608/1/607
f 163/1/162 607/1/608 161/1/159
f 605/1/605 610/1/609 608/1/607
f 597/1/596 609/1/610 598/1/597
f 152/1/151 610/1/609 597/1/596
f 608/1/607 159/1/160 158/1/157
f 604/1/604 612/1/611 603/1/602
f 598/1/597 612/1/611 611/1/612
f 603/1/602 609/1/610 605/1/605
f 172/1/171 613/1/613 606/1/606
f 304/1/302 267/1/268 266/1/265
f 305/1/304 613/1/613 304/1/302
f 606/1/606 601/1/600 605/1/605
f 453/1/452 614/1/614 456/1/455
f 480/1/479 479/1/478 615/1/615
f 616/1/616 614/1/614 615/1/615
f 456/1/455 617/1/617 458/1/457
f 615/1/615 619/1/618 616/1/616
f 511/1/510 615/1/615 479/1/478
f 514/1/512 618/1/619 511/1/510
f 621/1/620 618/1/619 620/1/621
f 622/1/622 621/1/620 620/1/621
f 623/1/623 620/1/621 514/1/512
f 625/1/624 622/1/622 624/1/625
f 507/1/506 627/1/626 513/1/511
f 626/1/627 628/1/628 629/1/629
f 627/1/626 629/1/629 625/1/624
f 514/1/512 627/1/626 623/1/623
f 503/1/502 631/1/630 510/1/508
f 632/1/631 630/1/632 633/1/633
f 628/1/628 631/1/630 632/1/631
f 510/1/508 626/1/627 507/1/506
f 633/1/633 634/1/634 635/1/635
f 506/1/504 630/1/632 503/1/502
f 497/1/496 634/1/634 506/1/504
f 635/1/635 636/1/636 637/1/637
f 637/1/637 638/1/638 639/1/639
f 500/1/498 636/1/636 497/1/496
f 502/1/501 638/1/638 500/1/498
f 639/1/639 640/1/640 641/1/641
f 642/1/642 644/1/643 645/1/644
f 639/1/639 642/1/642 637/1/637
f 641/1/641 643/1/645 639/1/639
f 646/1/646 648/1/647 649/1/648
f 635/1/635 647/1/649 633/1/633
f 637/1/637 648/1/647 635/1/635
f 649/1/648 642/1/642 645/1/644
f 650/1/650 652/1/651 653/1/652
f 632/1/631 651/1/653 628/1/628
f 633/1/633 652/1/651 632/1/631
f 653/1/652 647/1/649 646/1/646
f 629/1/629 655/1/654 625/1/624
f 628/1/628 654/1/655 629/1/629
f 650/1/650 654/1/655 651/1/653
f 655/1/654 656/1/656 657/1/657
f 658/1/658 659/1/659 660/1/660
f 621/1/620 661/1/661 660/1/660
f 625/1/624 661/1/661 622/1/622
f 657/1/657 661/1/661 655/1/654
f 616/1/616 662/1/662 663/1/663
f 660/1/660 619/1/618 621/1/620
f 662/1/662 660/1/660 659/1/659
f 664/1/664 665/1/665 663/1/663
f 663/1/663 617/1/617 616/1/616
f 665/1/665 666/1/666 663/1/663
f 666/1/666 667/1/667 668/1/668
f 617/1/617 669/1/669 458/1/457
f 670/1/670 460/1/459 458/1/457
f 669/1/669 668/1/668 671/1/671
f 672/1/672 670/1/670 671/1/671
f 673/1/673 245/1/244 460/1/459
f 245/1/244 674/1/674 244/1/242
f 675/1/675 673/1/673 672/1/672
f 676/1/676 674/1/674 675/1/675
f 244/1/242 677/1/677 246/1/245
f 246/1/245 678/1/678 249/1/247
f 679/1/679 677/1/677 676/1/676
f 678/1/678 679/1/679 680/1/680
f 249/1/247 681/1/681 250/1/248
f 263/1/262 682/1/682 683/1/683
f 253/1/252 260/1/261 254/1/253
f 250/1/248 682/1/682 253/1/252
f 683/1/683 681/1/681 680/1/680
f 684/1/684 685/1/685 686/1/686
f 687/1/687 686/1/686 689/1/688
f 690/1/689 688/1/690 687/1/687
f 680/1/680 692/1/691 683/1/683
f 693/1/692 691/1/693 685/1/685
f 694/1/694 692/1/691 693/1/692
f 683/1/683 695/1/695 263/1/262
f 263/1/262 696/1/696 262/1/260
f 697/1/697 695/1/695 694/1/694
f 698/1/698 696/1/696 697/1/697
f 262/1/260 699/1/699 264/1/263
f 264/1/263 700/1/700 701/1/701
f 702/1/702 699/1/699 698/1/698
f 703/1/703 700/1/700 702/1/702
f 701/1/701 704/1/704 705/1/705
f 706/1/706 707/1/707 705/1/705
f 706/1/706 704/1/704 703/1/703
f 708/1/708 709/1/709 710/1/710
f 708/1/708 707/1/707 706/1/706
f 147/1/146 712/1/711 151/1/149
f 713/1/712 259/1/258 258/1/257
f 714/1/713 712/1/711 713/1/712
f 151/1/149 715/1/714 148/1/147
f 258/1/257 716/1/715 713/1/712
f 265/1/264 264/1/263 701/1/701
f 716/1/715 701/1/701 705/1/705
f 713/1/712 717/1/716 714/1/713
f 714/1/713 718/1/717 719/1/718
f 707/1/707 717/1/716 705/1/705
f 711/1/719 718/1/717 707/1/707
f 719/1/718 720/1/720 721/1/721
f 115/1/115 149/1/150 722/1/722
f 723/1/723 149/1/150 148/1/147
f 724/1/724 722/1/722 723/1/723
f 117/1/116 722/1/722 725/1/725
f 148/1/147 726/1/726 723/1/723
f 719/1/718 715/1/714 714/1/713
f 721/1/721 726/1/726 719/1/718
f 723/1/723 727/1/727 724/1/724
f 721/1/721 729/1/728 727/1/727
f 730/1/729 729/1/728 728/1/730
f 724/1/724 729/1/728 731/1/731
f 711/1/719 733/1/732 720/1/720
f 734/1/733 732/1/734 735/1/735
f 730/1/729 733/1/732 734/1/733
f 720/1/720 728/1/730 721/1/721
f 736/1/736 693/1/692 685/1/685
f 684/1/684 690/1/689 737/1/737
f 738/1/738 736/1/736 737/1/737
f 693/1/692 739/1/739 694/1/694
f 740/1/740 742/1/741 743/1/742
f 744/1/743 741/1/744 745/1/745
f 746/1/746 742/1/741 744/1/743
f 743/1/742 747/1/747 690/1/689
f 738/1/738 748/1/748 749/1/749
f 737/1/737 690/1/689 747/1/747
f 749/1/749 747/1/747 746/1/746
f 694/1/694 750/1/750 697/1/697
f 751/1/751 739/1/739 738/1/738
f 752/1/752 750/1/750 751/1/751
f 697/1/697 753/1/753 698/1/698
f 752/1/752 754/1/754 755/1/755
f 751/1/751 749/1/749 754/1/754
f 746/1/746 754/1/754 749/1/749
f 755/1/755 756/1/756 757/1/757
f 757/1/757 758/1/758 759/1/759
f 744/1/743 756/1/756 746/1/746
f 745/1/745 758/1/758 744/1/743
f 759/1/759 760/1/760 761/1/761
f 762/1/762 702/1/702 698/1/698
f 763/1/763 753/1/753 752/1/752
f 764/1/764 763/1/763 765/1/765
f 703/1/703 762/1/762 764/1/764
f 765/1/765 766/1/766 767/1/767
f 755/1/755 763/1/763 752/1/752
f 757/1/757 766/1/766 755/1/755
f 767/1/767 768/1/768 769/1/769
f 769/1/769 770/1/770 771/1/771
f 759/1/759 768/1/768 757/1/757
f 761/1/761 770/1/770 759/1/759
f 771/1/771 772/1/772 773/1/773
f 740/1/740 775/1/774 741/1/744
f 776/1/775 774/1/776 777/1/777
f 778/1/778 775/1/774 776/1/775
f 745/1/745 775/1/774 779/1/779
f 779/1/779 760/1/760 745/1/745
f 781/1/780 779/1/779 778/1/778
f 782/1/781 780/1/782 781/1/780
f 760/1/760 783/1/783 761/1/761
f 761/1/761 784/1/784 772/1/772
f 785/1/785 783/1/783 782/1/781
f 786/1/786 784/1/784 785/1/785
f 772/1/772 787/1/787 773/1/773
f 773/1/773 788/1/788 789/1/789
f 790/1/790 787/1/787 786/1/786
f 791/1/791 788/1/788 790/1/790
f 789/1/789 792/1/792 793/1/793
f 786/1/786 795/1/794 790/1/790
f 796/1/795 794/1/796 797/1/797
f 798/1/798 795/1/794 796/1/795
f 790/1/790 799/1/799 791/1/791
f 800/1/800 689/1/688 801/1/801
f 801/1/801 802/1/802 803/1/803
f 804/1/804 805/1/805 803/1/803
f 689/1/688 806/1/806 687/1/687
f 807/1/807 800/1/800 804/1/804
f 808/1/808 806/1/806 807/1/807
f 687/1/687 809/1/809 690/1/689
f 777/1/777 810/1/810 811/1/811
f 743/1/742 774/1/776 740/1/740
f 690/1/689 810/1/810 743/1/742
f 811/1/811 809/1/809 808/1/808
f 811/1/811 813/1/812 777/1/777
f 814/1/813 811/1/811 808/1/808
f 815/1/814 812/1/815 814/1/813
f 777/1/777 816/1/816 776/1/775
f 817/1/817 813/1/812 815/1/814
f 818/1/818 816/1/816 817/1/817
f 776/1/775 819/1/819 778/1/778
f 778/1/778 820/1/820 781/1/780
f 821/1/821 819/1/819 818/1/818
f 822/1/822 820/1/820 821/1/821
f 781/1/780 823/1/823 782/1/781
f 797/1/797 824/1/824 825/1/825
f 785/1/785 794/1/796 786/1/786
f 782/1/781 824/1/824 785/1/785
f 825/1/825 823/1/823 822/1/822
f 802/1/802 827/1/826 803/1/803
f 828/1/827 826/1/828 829/1/829
f 830/1/830 827/1/826 828/1/827
f 803/1/803 831/1/831 804/1/804
f 804/1/804 832/1/832 807/1/807
f 833/1/833 831/1/831 830/1/830
f 834/1/834 832/1/832 833/1/833
f 807/1/807 835/1/835 808/1/808
f 836/1/836 838/1/837 839/1/838
f 840/1/839 838/1/837 841/1/840
f 840/1/839 834/1/834 833/1/833
f 830/1/830 839/1/838 833/1/833
f 808/1/808 842/1/841 814/1/813
f 843/1/842 835/1/835 834/1/834
f 844/1/843 842/1/841 843/1/842
f 814/1/813 845/1/844 815/1/814
f 843/1/842 847/1/845 844/1/843
f 834/1/834 846/1/846 843/1/842
f 841/1/840 846/1/846 840/1/839
f 847/1/845 848/1/847 849/1/848
f 815/1/814 850/1/849 817/1/817
f 851/1/850 845/1/844 844/1/843
f 852/1/851 850/1/849 851/1/850
f 817/1/817 853/1/852 818/1/818
f 854/1/853 856/1/854 857/1/855
f 851/1/850 855/1/856 852/1/851
f 844/1/843 856/1/854 851/1/850
f 857/1/855 847/1/845 849/1/848
f 818/1/818 858/1/857 821/1/821
f 859/1/858 853/1/852 852/1/851
f 859/1/858 861/1/859 858/1/857
f 821/1/821 861/1/859 822/1/822
f 862/1/860 864/1/861 865/1/862
f 859/1/858 863/1/863 860/1/864
f 852/1/851 864/1/861 859/1/858
f 855/1/856 854/1/853 865/1/862
f 866/1/865 868/1/866 869/1/867
f 870/1/868 867/1/869 871/1/870
f 872/1/871 868/1/866 870/1/868
f 869/1/867 873/1/872 874/1/873
f 875/1/874 877/1/875 878/1/876
f 879/1/877 876/1/878 880/1/879
f 881/1/880 877/1/875 879/1/877
f 878/1/876 882/1/881 883/1/882
f 884/1/883 886/1/884 887/1/885
f 878/1/876 885/1/886 875/1/874
f 883/1/882 886/1/884 878/1/876
f 887/1/885 888/1/887 889/1/888
f 889/1/888 891/1/889 887/1/885
f 869/1/867 890/1/890 866/1/865
f 874/1/873 891/1/889 869/1/867
f 887/1/885 892/1/891 884/1/883
f 880/1/879 893/1/892 894/1/893
f 895/1/894 876/1/878 875/1/874
f 896/1/895 893/1/892 895/1/894
f 894/1/893 897/1/896 898/1/897
f 899/1/898 901/1/899 902/1/900
f 895/1/894 900/1/901 896/1/895
f 875/1/874 901/1/899 895/1/894
f 902/1/900 885/1/886 884/1/883
f 884/1/883 903/1/902 902/1/900
f 892/1/891 874/1/873 904/1/903
f 905/1/904 903/1/902 904/1/903
f 902/1/900 906/1/905 899/1/898
f 898/1/897 907/1/906 908/1/907
f 909/1/908 897/1/896 896/1/895
f 910/1/909 907/1/906 909/1/908
f 908/1/907 911/1/910 912/1/911
f 829/1/829 913/1/912 914/1/913
f 915/1/914 826/1/828 802/1/802
f 916/1/915 913/1/912 915/1/914
f 914/1/913 917/1/916 918/1/917
f 912/1/911 919/1/918 920/1/919
f 921/1/920 911/1/910 910/1/909
f 922/1/921 919/1/918 921/1/920
f 920/1/919 923/1/922 924/1/923
f 925/1/924 927/1/925 928/1/926
f 909/1/908 926/1/927 910/1/909
f 896/1/895 927/1/925 909/1/908
f 928/1/926 900/1/901 899/1/898
f 929/1/928 922/1/921 921/1/920
f 910/1/909 929/1/928 921/1/920
f 929/1/928 926/1/927 925/1/924
f 899/1/898 931/1/929 928/1/926
f 932/1/930 906/1/905 905/1/904
f 931/1/929 932/1/930 933/1/931
f 928/1/926 934/1/932 925/1/924
f 935/1/933 930/1/934 925/1/924
f 934/1/932 933/1/931 936/1/935
f 935/1/933 936/1/935 937/1/936
f 938/1/937 922/1/921 930/1/934
f 918/1/917 939/1/938 940/1/939
f 941/1/940 917/1/916 916/1/915
f 924/1/923 939/1/938 941/1/940
f 940/1/939 923/1/922 922/1/921
f 874/1/873 942/1/941 904/1/903
f 943/1/942 873/1/872 872/1/871
f 944/1/943 942/1/941 943/1/942
f 904/1/903 945/1/944 905/1/904
f 905/1/904 946/1/945 932/1/930
f 947/1/946 945/1/944 944/1/943
f 948/1/947 946/1/945 947/1/946
f 932/1/930 949/1/948 933/1/931
f 948/1/947 950/1/949 951/1/950
f 947/1/946 944/1/943 952/1/951
f 953/1/952 950/1/949 952/1/951
f 951/1/950 954/1/953 955/1/954
f 956/1/955 958/1/956 959/1/957
f 940/1/939 957/1/958 918/1/917
f 922/1/921 958/1/956 940/1/939
f 959/1/957 938/1/937 937/1/936
f 937/1/936 960/1/959 959/1/957
f 949/1/948 936/1/935 933/1/931
f 948/1/947 960/1/959 949/1/948
f 959/1/957 961/1/960 956/1/955
f 829/1/829 963/1/961 828/1/827
f 964/1/962 962/1/963 965/1/964
f 837/1/965 963/1/961 964/1/962
f 828/1/827 836/1/836 830/1/830
f 966/1/966 968/1/967 969/1/968
f 967/1/969 956/1/955 961/1/960
f 951/1/950 961/1/960 948/1/947
f 951/1/950 955/1/954 969/1/968
f 965/1/964 970/1/970 971/1/971
f 962/1/963 829/1/829 914/1/913
f 970/1/970 914/1/913 918/1/917
f 971/1/971 957/1/958 956/1/955
f 971/1/971 973/1/972 965/1/964
f 956/1/955 972/1/973 971/1/971
f 966/1/966 972/1/973 967/1/969
f 974/1/974 976/1/975 977/1/976
f 339/1/337 975/1/977 336/1/335
f 343/1/342 976/1/975 339/1/337
f 977/1/976 978/1/978 979/1/979
f 979/1/979 980/1/980 981/1/981
f 345/1/344 978/1/978 343/1/342
f 347/1/346 980/1/980 345/1/344
f 981/1/981 982/1/982 983/1/983
f 984/1/984 986/1/985 987/1/986
f 982/1/982 985/1/987 983/1/983
f 349/1/348 982/1/982 347/1/346
f 351/1/350 986/1/985 349/1/348
f 984/1/984 988/1/988 989/1/989
f 353/1/352 987/1/986 351/1/350
f 355/1/354 988/1/988 353/1/352
f 989/1/989 990/1/990 991/1/991
f 991/1/991 992/1/992 993/1/993
f 357/1/356 990/1/990 355/1/354
f 359/1/358 992/1/992 357/1/356
f 993/1/993 994/1/994 995/1/995
f 995/1/995 996/1/996 997/1/997
f 361/1/360 994/1/994 359/1/358
f 363/1/362 996/1/996 361/1/360
f 997/1/997 998/1/998 999/1/999
f 999/1/999 1000/1/1000 1001/1/1001
f 365/1/364 998/1/998 363/1/362
f 367/1/366 1000/1/1000 365/1/364
f 1001/1/1001 1002/1/1002 1003/1/1003
f 1003/1/1003 1004/1/1004 1005/1/1005
f 369/1/368 1002/1/1002 367/1/366
f 371/1/370 1004/1/1004 369/1/368
f 1005/1/1005 1006/1/1006 1007/1/1007
f 1008/1/1008 1010/1/1009 1011/1/1010
f 1006/1/1006 1009/1/1011 1007/1/1007
f 373/1/372 1006/1/1006 371/1/370
f 375/1/374 1010/1/1009 373/1/372
f 1012/1/1012 1014/1/1013 1015/1/1014
f 1009/1/1011 1012/1/1012 1007/1/1007
f 1016/1/1015 1009/1/1011 1008/1/1008
f 1017/1/1016 1013/1/1017 1016/1/1015
f 1018/1/1018 1020/1/1019 1021/1/1020
f 1022/1/1021 1019/1/1022 1023/1/1023
f 974/1/974 1020/1/1019 1022/1/1021
f 1021/1/1020 977/1/976 979/1/979
f 1024/1/1024 1026/1/1025 1027/1/1026
f 1021/1/1020 1025/1/1027 1018/1/1018
f 979/1/979 1026/1/1025 1021/1/1020
f 1027/1/1026 981/1/981 983/1/983
f 1028/1/1028 1030/1/1029 1031/1/1030
f 1027/1/1026 1029/1/1031 1024/1/1024
f 983/1/983 1030/1/1029 1027/1/1026
f 1031/1/1030 985/1/987 984/1/984
f 1032/1/1032 1034/1/1033 1035/1/1034
f 1031/1/1030 1033/1/1035 1028/1/1028
f 984/1/984 1034/1/1033 1031/1/1030
f 1034/1/1033 991/1/991 1035/1/1034
f 1036/1/1036 1038/1/1037 1039/1/1038
f 1035/1/1034 1037/1/1039 1032/1/1032
f 993/1/993 1035/1/1034 991/1/991
f 995/1/995 1038/1/1037 993/1/993
f 1040/1/1040 1042/1/1041 1043/1/1042
f 1039/1/1038 1041/1/1043 1036/1/1036
f 997/1/997 1039/1/1038 995/1/995
f 999/1/999 1042/1/1041 997/1/997
f 1040/1/1040 1044/1/1044 1045/1/1045
f 1001/1/1001 1043/1/1042 999/1/999
f 1003/1/1003 1044/1/1044 1001/1/1001
f 1045/1/1045 1046/1/1046 1047/1/1047
f 1048/1/1048 1049/1/1049 1050/1/1050
f 1047/1/1047 1051/1/1051 1050/1/1050
f 1005/1/1005 1046/1/1046 1003/1/1003
f 1048/1/1048 1005/1/1005 1007/1/1007
f 1049/1/1049 1052/1/1052 1053/1/1053
f 1012/1/1012 1048/1/1048 1007/1/1007
f 1015/1/1014 1052/1/1052 1012/1/1012
f 1053/1/1053 1054/1/1054 1055/1/1055
f 1023/1/1023 1056/1/1056 1057/1/1057
f 1058/1/1058 1019/1/1022 1018/1/1018
f 1059/1/1059 1056/1/1056 1058/1/1058
f 1057/1/1057 1060/1/1060 1061/1/1061
f 1018/1/1018 1062/1/1062 1058/1/1058
f 1063/1/1063 1025/1/1027 1024/1/1024
f 1064/1/1064 1062/1/1062 1063/1/1063
f 1058/1/1058 1065/1/1065 1059/1/1059
f 1024/1/1024 1066/1/1066 1063/1/1063
f 1067/1/1067 1029/1/1031 1028/1/1028
f 1068/1/1068 1066/1/1066 1067/1/1067
f 1063/1/1063 1069/1/1069 1064/1/1064
f 1028/1/1028 1070/1/1070 1067/1/1067
f 1071/1/1071 1033/1/1035 1032/1/1032
f 1072/1/1072 1070/1/1070 1071/1/1071
f 1067/1/1067 1073/1/1073 1068/1/1068
f 1074/1/1074 1076/1/1075 1077/1/1076
f 1078/1/1077 1075/1/1078 1079/1/1079
f 1061/1/1061 1076/1/1075 1078/1/1077
f 1077/1/1076 1060/1/1060 1059/1/1059
f 1080/1/1080 1082/1/1081 1083/1/1082
f 1077/1/1076 1080/1/1080 1074/1/1074
f 1059/1/1059 1081/1/1083 1077/1/1076
f 1082/1/1081 1065/1/1065 1064/1/1064
f 1084/1/1084 1086/1/1085 1087/1/1086
f 1083/1/1082 1085/1/1087 1084/1/1084
f 1064/1/1064 1085/1/1087 1082/1/1081
f 1086/1/1085 1069/1/1069 1068/1/1068
f 1088/1/1088 1090/1/1089 1091/1/1090
f 1092/1/1091 1091/1/1090 1090/1/1089
f 1094/1/1092 1093/1/1093 1095/1/1094
f 1088/1/1088 1094/1/1092 1096/1/1095
f 1096/1/1095 1097/1/1096 1098/1/1097
f 1099/1/1098 1094/1/1092 1095/1/1094
f 1100/1/1099 1097/1/1096 1099/1/1098
f 1098/1/1097 1101/1/1100 1102/1/1101
f 1102/1/1101 1103/1/1102 1104/1/1103
f 1105/1/1104 1101/1/1100 1100/1/1099
f 1106/1/1105 1103/1/1102 1105/1/1104
f 1104/1/1103 1107/1/1106 1108/1/1107
f 1108/1/1107 1109/1/1108 1110/1/1109
f 1111/1/1110 1107/1/1106 1106/1/1105
f 1112/1/1111 1109/1/1108 1111/1/1110
f 1110/1/1109 1113/1/1112 1114/1/1113
f 1114/1/1113 1115/1/1114 1116/1/1115
f 1117/1/1116 1113/1/1112 1112/1/1111
f 1118/1/1117 1115/1/1114 1117/1/1116
f 1116/1/1115 1119/1/1118 1120/1/1119
f 1120/1/1119 1121/1/1120 1122/1/1121
f 1123/1/1122 1119/1/1118 1118/1/1117
f 1124/1/1123 1121/1/1120 1123/1/1122
f 1122/1/1121 1125/1/1124 1126/1/1125
f 1127/1/1126 1129/1/1127 1130/1/1128
f 1129/1/1127 1125/1/1124 1130/1/1128
f 1131/1/1129 1125/1/1124 1124/1/1123
f 1132/1/1130 1130/1/1128 1131/1/1129
f 1128/1/1131 1133/1/1132 1134/1/1133
f 1135/1/1134 1127/1/1126 1132/1/1130
f 1136/1/1135 1133/1/1132 1135/1/1134
f 1134/1/1133 1137/1/1136 1138/1/1137
f 1139/1/1138 1141/1/1139 1142/1/1140
f 1137/1/1136 1140/1/1141 1138/1/1137
f 1143/1/1142 1137/1/1136 1136/1/1135
f 1144/1/1143 1141/1/1139 1143/1/1142
f 1145/1/1144 1142/1/1140 1146/1/1145
f 1147/1/1146 1142/1/1140 1144/1/1143
f 1148/1/1147 1146/1/1145 1147/1/1146
f 1145/1/1144 1149/1/1148 1150/1/1149
f 1151/1/1150 1153/1/1151 1154/1/1152
f 1152/1/1153 1156/1/1154 1153/1/1151
f 1099/1/1098 1156/1/1154 1100/1/1099
f 1154/1/1152 1099/1/1098 1095/1/1094
f 1155/1/1155 1158/1/1156 1159/1/1157
f 1080/1/1080 1157/1/1158 1074/1/1074
f 1083/1/1082 1158/1/1156 1080/1/1080
f 1159/1/1157 1160/1/1159 1161/1/1160
f 1161/1/1160 1163/1/1161 1159/1/1157
f 1105/1/1104 1162/1/1162 1106/1/1105
f 1100/1/1099 1163/1/1161 1105/1/1104
f 1159/1/1157 1156/1/1154 1155/1/1155
f 1161/1/1160 1164/1/1163 1165/1/1164
f 1084/1/1084 1160/1/1159 1083/1/1082
f 1087/1/1086 1164/1/1163 1084/1/1084
f 1165/1/1164 1166/1/1165 1167/1/1166
f 1167/1/1166 1169/1/1167 1165/1/1164
f 1111/1/1110 1168/1/1168 1112/1/1111
f 1106/1/1105 1169/1/1167 1111/1/1110
f 1165/1/1164 1162/1/1162 1161/1/1160
f 1170/1/1169 1172/1/1170 1173/1/1171
f 1117/1/1116 1171/1/1172 1118/1/1117
f 1112/1/1111 1172/1/1170 1117/1/1116
f 1173/1/1171 1168/1/1168 1167/1/1166
f 1123/1/1122 1175/1/1173 1124/1/1123
f 1118/1/1117 1174/1/1174 1123/1/1122
f 1176/1/1175 1171/1/1172 1170/1/1169
f 1177/1/1176 1174/1/1174 1176/1/1175
f 1178/1/1177 1180/1/1178 1181/1/1179
f 1131/1/1129 1179/1/1180 1132/1/1130
f 1124/1/1123 1180/1/1178 1131/1/1129
f 1181/1/1179 1175/1/1173 1177/1/1176
f 1182/1/1181 1184/1/1182 1185/1/1183
f 1135/1/1134 1183/1/1184 1136/1/1135
f 1132/1/1130 1184/1/1182 1135/1/1134
f 1185/1/1183 1179/1/1180 1178/1/1177
f 1186/1/1185 1188/1/1186 1189/1/1187
f 1143/1/1142 1187/1/1188 1144/1/1143
f 1136/1/1135 1188/1/1186 1143/1/1142
f 1189/1/1187 1183/1/1184 1182/1/1181
f 1190/1/1189 1191/1/1190 1192/1/1191
f 1193/1/1192 1194/1/1193 1079/1/1079
f 1151/1/1150 1190/1/1189 1193/1/1192
f 1191/1/1190 1195/1/1194 1196/1/1195
f 1095/1/1094 1197/1/1196 1154/1/1152
f 1198/1/1197 1093/1/1093 1092/1/1091
f 1196/1/1195 1197/1/1196 1198/1/1197
f 1154/1/1152 1195/1/1194 1151/1/1150
f 1079/1/1079 1199/1/1198 1193/1/1192
f 1157/1/1158 1075/1/1078 1074/1/1074
f 1155/1/1155 1199/1/1198 1157/1/1158
f 1193/1/1192 1152/1/1153 1151/1/1150
f 393/1/392 1200/1/1199 1201/1/1200
f 387/1/386 390/1/391 388/1/387
f 20/1/19 1200/1/1199 387/1/386
f 1201/1/1200 1202/1/1201 1203/1/1202
f 1202/1/1201 1205/1/1203 1203/1/1202
f 19/1/20 1202/1/1201 20/1/19
f 18/1/18 1204/1/1204 19/1/20
f 1205/1/1203 52/1/51 51/1/599
f 1206/1/1205 584/1/583 583/1/582
f 392/1/390 583/1/582 394/1/393
f 393/1/392 1207/1/1206 392/1/390
f 1209/1/1207 1207/1/1206 1208/1/1208
f 1210/1/1209 1211/1/1210 1212/1/1211
f 1212/1/1211 1203/1/1202 1205/1/1203
f 51/1/599 1213/1/1212 1205/1/1203
f 599/1/598 598/1/597 1210/1/1209
f 1214/1/1213 1216/1/1214 1217/1/1215
f 1215/1/1216 1209/1/1207 1208/1/1208
f 393/1/392 1216/1/1214 1208/1/1208
f 1217/1/1215 1201/1/1200 1203/1/1202
f 1217/1/1215 1219/1/1217 1214/1/1213
f 1203/1/1202 1218/1/1218 1217/1/1215
f 1211/1/1210 1218/1/1218 1212/1/1211
f 584/1/583 1220/1/1219 591/1/590
f 1206/1/1205 1209/1/1207 1221/1/1220
f 1222/1/1221 1220/1/1219 1221/1/1220
f 591/1/590 1223/1/1222 589/1/588
f 1211/1/1210 1224/1/1223 1225/1/1224
f 611/1/612 1210/1/1209 598/1/597
f 604/1/604 1224/1/1223 611/1/612
f 1225/1/1224 1226/1/1225 1227/1/1226
f 1228/1/1227 1230/1/1228 1231/1/1229
f 1221/1/1220 1229/1/1230 1222/1/1221
f 1209/1/1207 1230/1/1228 1221/1/1220
f 1231/1/1229 1215/1/1216 1214/1/1213
f 1214/1/1213 1232/1/1231 1231/1/1229
f 1225/1/1224 1219/1/1217 1211/1/1210
f 1227/1/1226 1232/1/1231 1225/1/1224
f 1231/1/1229 1233/1/1232 1228/1/1227
f 1226/1/1225 602/1/603 1234/1/1233
f 1235/1/1234 602/1/603 595/1/594
f 1236/1/1235 1235/1/1234 1237/1/1236
f 1227/1/1226 1234/1/1233 1236/1/1235
f 1238/1/1237 1240/1/1238 1241/1/1239
f 587/1/586 1239/1/1240 581/1/580
f 589/1/588 1240/1/1238 587/1/586
f 1241/1/1239 1223/1/1222 1222/1/1221
f 1222/1/1221 1242/1/1241 1241/1/1239
f 1243/1/1242 1229/1/1230 1228/1/1227
f 1244/1/1243 1242/1/1241 1243/1/1242
f 1241/1/1239 1245/1/1244 1238/1/1237
f 1228/1/1227 1246/1/1245 1243/1/1242
f 1236/1/1235 1233/1/1232 1227/1/1226
f 1237/1/1236 1246/1/1245 1236/1/1235
f 1243/1/1242 1247/1/1246 1244/1/1243
f 435/1/434 1248/1/1247 1249/1/1248
f 579/1/577 581/1/580 1239/1/1240
f 1238/1/1237 1248/1/1247 1239/1/1240
f 1249/1/1248 1250/1/1249 1251/1/1250
f 1251/1/1250 1253/1/1251 1249/1/1248
f 432/1/431 1253/1/1251 1252/1/1252
f 1249/1/1248 436/1/437 435/1/434
f 1237/1/1236 1254/1/1253 1255/1/1254
f 1254/1/1253 1235/1/1234 595/1/594
f 1256/1/1255 594/1/593 341/1/340
f 1255/1/1254 1256/1/1255 1257/1/1256
f 1258/1/1257 1260/1/1258 1261/1/1259
f 1250/1/1249 1259/1/1260 1251/1/1250
f 1238/1/1237 1260/1/1258 1250/1/1249
f 1261/1/1259 1245/1/1244 1244/1/1243
f 1244/1/1243 1262/1/1261 1261/1/1259
f 1255/1/1254 1247/1/1246 1237/1/1236
f 1257/1/1256 1262/1/1261 1255/1/1254
f 1263/1/1262 1258/1/1257 1261/1/1259
f 432/1/431 1264/1/1263 433/1/432
f 1265/1/1264 1252/1/1252 1251/1/1250
f 1266/1/1265 1264/1/1263 1265/1/1264
f 433/1/432 1267/1/1266 434/1/433
f 1268/1/1267 1270/1/1268 1271/1/1269
f 1256/1/1255 1269/1/1270 1257/1/1256
f 341/1/340 1270/1/1268 1256/1/1255
f 1271/1/1269 337/1/339 336/1/335
f 1266/1/1265 1272/1/1271 1273/1/1272
f 1259/1/1260 1265/1/1264 1251/1/1250
f 1272/1/1271 1258/1/1257 1274/1/1273
f 1273/1/1272 1274/1/1273 1275/1/1274
f 1258/1/1257 1276/1/1275 1274/1/1273
f 1263/1/1262 1269/1/1270 1276/1/1275
f 1277/1/1276 1269/1/1270 1268/1/1267
f 1274/1/1273 1277/1/1276 1275/1/1274
f 1278/1/1277 1280/1/1278 1281/1/1279
f 430/1/428 1278/1/1277 427/1/426
f 434/1/433 1279/1/1280 430/1/428
f 1283/1/1281 1279/1/1280 1282/1/1282
f 1284/1/1283 1286/1/1284 1287/1/1285
f 1271/1/1269 1285/1/1286 1268/1/1267
f 336/1/335 1286/1/1284 1271/1/1269
f 1287/1/1285 975/1/977 974/1/974
f 434/1/433 1288/1/1287 1282/1/1282
f 1266/1/1265 1288/1/1287 1267/1/1266
f 1282/1/1282 1289/1/1288 1283/1/1281
f 1290/1/1289 1291/1/1290 1281/1/1279
f 1292/1/1291 1280/1/1278 1283/1/1281
f 1293/1/1292 1290/1/1289 1292/1/1291
f 1291/1/1290 1294/1/1293 1192/1/1191
f 1196/1/1195 1296/1/1294 1191/1/1190
f 1295/1/1295 1281/1/1279 1291/1/1290
f 1291/1/1290 1191/1/1190 1296/1/1294
f 1287/1/1285 1298/1/1296 1284/1/1283
f 974/1/974 1297/1/1297 1287/1/1285
f 1023/1/1023 1297/1/1297 1022/1/1021
f 1298/1/1296 1299/1/1298 1192/1/1191
f 1300/1/1299 1294/1/1293 1293/1/1292
f 1284/1/1283 1301/1/1300 1300/1/1299
f 1294/1/1293 1298/1/1296 1192/1/1191
f 1023/1/1023 1302/1/1301 1299/1/1298
f 1078/1/1077 1057/1/1057 1061/1/1061
f 1079/1/1079 1302/1/1301 1078/1/1077
f 1194/1/1193 1192/1/1191 1299/1/1298
f 1268/1/1267 1303/1/1302 1277/1/1276
f 1300/1/1299 1285/1/1286 1284/1/1283
f 1293/1/1292 1303/1/1302 1300/1/1299
f 1277/1/1276 1304/1/1303 1275/1/1274
f 1283/1/1281 1305/1/1304 1292/1/1291
f 1273/1/1272 1289/1/1288 1266/1/1265
f 1275/1/1274 1305/1/1304 1273/1/1272
f 1292/1/1291 1304/1/1303 1293/1/1292
f 1306/1/1305 1307/1/1306 1281/1/1279
f 1198/1/1197 1295/1/1295 1196/1/1195
f 1092/1/1091 1306/1/1305 1198/1/1197
f 1307/1/1306 1308/1/1307 1309/1/1308
f 1090/1/1089 1308/1/1307 1092/1/1091
f 1311/1/1309 1090/1/1089 1089/1/1310
f 1312/1/1311 1310/1/1312 1311/1/1309
f 1308/1/1307 1313/1/1313 1309/1/1308
f 1314/1/1314 1316/1/1315 1317/1/1316
f 400/1/399 1315/1/1317 1314/1/1314
f 408/1/407 1315/1/1317 403/1/401
f 1316/1/1315 1318/1/1318 1319/1/1319
f 1319/1/1319 1320/1/1320 1321/1/1321
f 410/1/409 1318/1/1318 408/1/407
f 414/1/413 1320/1/1320 410/1/409
f 1321/1/1321 1322/1/1322 1323/1/1323
f 420/1/419 1325/1/1324 416/1/415
f 1326/1/1325 1324/1/1326 1327/1/1327
f 1323/1/1323 1325/1/1324 1326/1/1325
f 416/1/415 1322/1/1322 414/1/413
f 426/1/425 1328/1/1328 422/1/421
f 1329/1/1329 428/1/430 427/1/426
f 1327/1/1327 1328/1/1328 1329/1/1329
f 422/1/421 1324/1/1326 420/1/419
f 427/1/426 1330/1/1330 1329/1/1329
f 1307/1/1306 1278/1/1277 1281/1/1279
f 1309/1/1308 1330/1/1330 1307/1/1306
f 1329/1/1329 1331/1/1331 1327/1/1327
f 1332/1/1332 1334/1/1333 1335/1/1334
f 1326/1/1325 1333/1/1335 1323/1/1323
f 1334/1/1333 1326/1/1325 1327/1/1327
f 1335/1/1334 1336/1/1336 1337/1/1337
f 1331/1/1331 1336/1/1336 1327/1/1327
f 1339/1/1338 1331/1/1331 1309/1/1308
f 1337/1/1337 1338/1/1339 1339/1/1338
f 1340/1/1340 1342/1/1341 1343/1/1342
f 1339/1/1338 1341/1/1343 1337/1/1337
f 1342/1/1341 1339/1/1338 1309/1/1308
f 1313/1/1313 1312/1/1311 1343/1/1342
f 1337/1/1337 1344/1/1344 1335/1/1334
f 1341/1/1343 1340/1/1340 1345/1/1345
f 1346/1/1346 1344/1/1344 1345/1/1345
f 1335/1/1334 1347/1/1347 1332/1/1332
f 1348/1/1348 1350/1/1349 1351/1/1350
f 870/1/868 1349/1/1351 872/1/871
f 871/1/870 1350/1/1349 870/1/868
f 1351/1/1350 1352/1/1352 1353/1/1353
f 1354/1/1354 1356/1/1355 1357/1/1356
f 943/1/942 1355/1/1357 944/1/943
f 872/1/871 1356/1/1355 943/1/942
f 1357/1/1356 1349/1/1351 1348/1/1348
f 944/1/943 1358/1/1358 952/1/951
f 1359/1/1359 1355/1/1357 1354/1/1354
f 1360/1/1360 1358/1/1358 1359/1/1359
f 952/1/951 1361/1/1361 953/1/952
f 953/1/952 1362/1/1362 954/1/953
f 1361/1/1361 1360/1/1360 1363/1/1363
f 1364/1/1364 1362/1/1362 1363/1/1363
f 954/1/953 1365/1/1365 955/1/954
f 955/1/954 1366/1/1366 969/1/968
f 1367/1/1367 1365/1/1365 1364/1/1364
f 1368/1/1368 1366/1/1366 1367/1/1367
f 969/1/968 1369/1/1369 966/1/966
f 1370/1/1370 1371/1/1371 1372/1/1372
f 973/1/972 1373/1/1373 965/1/964
f 966/1/966 1370/1/1370 973/1/972
f 1371/1/1371 1369/1/1369 1368/1/1368
f 1373/1/1373 964/1/962 965/1/964
f 1375/1/1374 1373/1/1373 1372/1/1372
f 1376/1/1375 1374/1/1376 1375/1/1374
f 837/1/965 1374/1/1376 1377/1/1377
f 1376/1/1375 1379/1/1378 1377/1/1377
f 1380/1/1379 1378/1/1380 1381/1/1381
f 841/1/840 1379/1/1378 1380/1/1379
f 1377/1/1377 838/1/837 837/1/965
f 849/1/848 1382/1/1382 1383/1/1383
f 1380/1/1379 848/1/847 841/1/840
f 1381/1/1381 1382/1/1382 1380/1/1379
f 1383/1/1383 1384/1/1384 1385/1/1385
f 1386/1/1386 849/1/848 1383/1/1383
f 1385/1/1385 1386/1/1386 1383/1/1383
f 1388/1/1387 1387/1/1388 1389/1/1389
f 857/1/855 1388/1/1387 854/1/853
f 862/1/860 1390/1/1390 1391/1/1391
f 854/1/853 1390/1/1390 865/1/862
f 1389/1/1389 1390/1/1390 1388/1/1387
f 1391/1/1391 1392/1/1392 1393/1/1393
f 1364/1/1364 1395/1/1394 1367/1/1367
f 1396/1/1395 1394/1/1396 1397/1/1397
f 1398/1/1398 1395/1/1394 1396/1/1395
f 1367/1/1367 1399/1/1399 1368/1/1368
f 1368/1/1368 1400/1/1400 1371/1/1371
f 1401/1/1401 1399/1/1399 1398/1/1398
f 1402/1/1402 1400/1/1400 1401/1/1401
f 1371/1/1371 1403/1/1403 1372/1/1372
f 1372/1/1372 1404/1/1404 1375/1/1374
f 1405/1/1405 1403/1/1403 1402/1/1402
f 1406/1/1406 1404/1/1404 1405/1/1405
f 1375/1/1374 1407/1/1407 1376/1/1375
f 1376/1/1375 1408/1/1408 1378/1/1380
f 1409/1/1409 1407/1/1407 1406/1/1406
f 1410/1/1410 1409/1/1409 1411/1/1411
f 1381/1/1381 1408/1/1408 1410/1/1410
f 1385/1/1385 1412/1/1412 1413/1/1413
f 1410/1/1410 1384/1/1384 1381/1/1381
f 1411/1/1411 1412/1/1412 1410/1/1410
f 1413/1/1413 1414/1/1414 1415/1/1415
f 1389/1/1389 1416/1/1416 1417/1/1417
f 1413/1/1413 1387/1/1388 1385/1/1385
f 1415/1/1415 1416/1/1416 1413/1/1413
f 1418/1/1418 1419/1/1419 1417/1/1417
f 1393/1/1393 1420/1/1420 1421/1/1421
f 1417/1/1417 1392/1/1392 1389/1/1389
f 1419/1/1419 1420/1/1420 1417/1/1417
f 1421/1/1421 1422/1/1422 1423/1/1423
f 773/1/773 1424/1/1424 771/1/771
f 1425/1/1425 789/1/789 793/1/793
f 1426/1/1426 1424/1/1424 1425/1/1425
f 771/1/771 1427/1/1427 769/1/769
f 791/1/791 1428/1/1428 1429/1/1429
f 1430/1/1430 799/1/799 798/1/798
f 1431/1/1431 1428/1/1428 1430/1/1430
f 1429/1/1429 1432/1/1432 1433/1/1433
f 1434/1/1434 1436/1/1435 1437/1/1436
f 792/1/792 1435/1/1437 793/1/793
f 1429/1/1429 792/1/792 791/1/791
f 1429/1/1429 1437/1/1436 1436/1/1435
f 1438/1/1438 765/1/765 767/1/767
f 769/1/769 1439/1/1439 767/1/767
f 1440/1/1440 1427/1/1427 1426/1/1426
f 1439/1/1439 1440/1/1440 1441/1/1441
f 1442/1/1442 1444/1/1443 1445/1/1444
f 1425/1/1425 1443/1/1445 1426/1/1426
f 793/1/793 1444/1/1443 1425/1/1425
f 1434/1/1434 1444/1/1443 1435/1/1437
f 1446/1/1446 1448/1/1447 1449/1/1448
f 1445/1/1444 1447/1/1449 1442/1/1442
f 1437/1/1436 1445/1/1444 1434/1/1434
f 1433/1/1433 1448/1/1447 1437/1/1436
f 1433/1/1433 1450/1/1450 1449/1/1448
f 1432/1/1432 1431/1/1431 1451/1/1451
f 1452/1/1452 1451/1/1451 1453/1/1453
f 1446/1/1446 1450/1/1450 1452/1/1452
f 797/1/797 1454/1/1454 1455/1/1455
f 825/1/825 822/1/822 1456/1/1456
f 1454/1/1454 1456/1/1456 1457/1/1457
f 1455/1/1455 1458/1/1458 1459/1/1459
f 1460/1/1460 1461/1/1461 1457/1/1457
f 1456/1/1456 822/1/822 861/1/859
f 860/1/864 1460/1/1460 861/1/859
f 1462/1/1462 1463/1/1463 1461/1/1461
f 1464/1/1464 1465/1/1465 1463/1/1463
f 863/1/863 1462/1/1462 860/1/864
f 862/1/860 1464/1/1464 863/1/863
f 1465/1/1465 1466/1/1466 1467/1/1467
f 1467/1/1467 1468/1/1468 1469/1/1469
f 1391/1/1391 1466/1/1466 862/1/860
f 1393/1/1393 1468/1/1468 1391/1/1391
f 1469/1/1469 1470/1/1470 1471/1/1471
f 1470/1/1470 1393/1/1393 1421/1/1421
f 1472/1/1472 1421/1/1421 1423/1/1423
f 1474/1/1473 1473/1/1474 1472/1/1472
f 1471/1/1471 1473/1/1474 1475/1/1475
f 1471/1/1471 1476/1/1476 1477/1/1477
f 1478/1/1478 1475/1/1475 1474/1/1473
f 1479/1/1479 1476/1/1476 1478/1/1478
f 1476/1/1476 1480/1/1480 1481/1/1481
f 1482/1/1482 1477/1/1477 1481/1/1481
f 1483/1/1483 1484/1/1484 1485/1/1485
f 1469/1/1469 1483/1/1483 1467/1/1467
f 1471/1/1471 1482/1/1482 1469/1/1469
f 1485/1/1485 1486/1/1486 1487/1/1487
f 1480/1/1480 1484/1/1484 1481/1/1481
f 1479/1/1479 1486/1/1486 1480/1/1480
f 1487/1/1487 1488/1/1488 1489/1/1489
f 1467/1/1467 1490/1/1490 1465/1/1465
f 1491/1/1491 1483/1/1483 1485/1/1485
f 1492/1/1492 1490/1/1490 1491/1/1491
f 1465/1/1465 1493/1/1493 1463/1/1463
f 1479/1/1479 1494/1/1494 1495/1/1495
f 1474/1/1473 1494/1/1494 1478/1/1478
f 1495/1/1495 1496/1/1496 1497/1/1497
f 1492/1/1492 1498/1/1498 1499/1/1499
f 1487/1/1487 1491/1/1491 1485/1/1485
f 1489/1/1489 1498/1/1498 1487/1/1487
f 1499/1/1499 1500/1/1500 1501/1/1501
f 1489/1/1489 1502/1/1502 1500/1/1500
f 1495/1/1495 1488/1/1488 1479/1/1479
f 1497/1/1497 1502/1/1502 1495/1/1495
f 1501/1/1501 1502/1/1502 1503/1/1503
f 197/1/196 1504/1/1504 216/1/215
f 1505/1/1505 196/1/195 76/1/75
f 1506/1/1506 1504/1/1504 1505/1/1505
f 216/1/215 1507/1/1507 217/1/216
f 219/1/218 1508/1/1508 226/1/225
f 1509/1/1509 218/1/217 217/1/216
f 1510/1/1510 1508/1/1508 1509/1/1509
f 226/1/225 1511/1/1511 227/1/226
f 1512/1/1512 1514/1/1513 1515/1/1514
f 233/1/231 1513/1/1515 230/1/229
f 227/1/226 1514/1/1513 233/1/231
f 1515/1/1514 1511/1/1511 1510/1/1510
f 81/1/80 1517/1/1516 79/1/77
f 1518/1/1517 1516/1/1518 1519/1/1519
f 1505/1/1505 1518/1/1517 1506/1/1506
f 76/1/75 1517/1/1516 1505/1/1505
f 217/1/216 1520/1/1520 1509/1/1509
f 1521/1/1521 1507/1/1507 1506/1/1506
f 1522/1/1522 1520/1/1520 1521/1/1521
f 1509/1/1509 1523/1/1523 1510/1/1510
f 1510/1/1510 1524/1/1524 1515/1/1514
f 1525/1/1525 1523/1/1523 1522/1/1522
f 1526/1/1526 1524/1/1524 1525/1/1525
f 1515/1/1514 1527/1/1527 1512/1/1512
f 1519/1/1519 1529/1/1528 1518/1/1517
f 1530/1/1529 1528/1/1530 1531/1/1531
f 1529/1/1528 1530/1/1529 1522/1/1522
f 1518/1/1517 1521/1/1521 1506/1/1506
f 1519/1/1519 1532/1/1532 1533/1/1533
f 116/1/114 1516/1/1518 81/1/80
f 117/1/116 1532/1/1532 116/1/114
f 1533/1/1533 1534/1/1534 1535/1/1535
f 1526/1/1526 1536/1/1536 1537/1/1537
f 1530/1/1529 1525/1/1525 1522/1/1522
f 1531/1/1531 1536/1/1536 1530/1/1529
f 1537/1/1537 1538/1/1538 1539/1/1539
f 1540/1/1540 725/1/725 724/1/724
f 1542/1/1541 1540/1/1540 1543/1/1542
f 1535/1/1535 1541/1/1543 1542/1/1541
f 725/1/725 1534/1/1534 117/1/116
f 1531/1/1531 1544/1/1544 1545/1/1545
f 1528/1/1530 1519/1/1519 1533/1/1533
f 1535/1/1535 1544/1/1544 1533/1/1533
f 1545/1/1545 1546/1/1546 1547/1/1547
f 1539/1/1539 1548/1/1548 1549/1/1549
f 1545/1/1545 1538/1/1538 1531/1/1531
f 1547/1/1547 1548/1/1548 1545/1/1545
f 1549/1/1549 1550/1/1550 1551/1/1551
f 730/1/729 1553/1/1552 731/1/731
f 1554/1/1553 1552/1/1554 1555/1/1555
f 1543/1/1542 1553/1/1552 1554/1/1553
f 731/1/731 1540/1/1540 724/1/724
f 1547/1/1547 1556/1/1556 1557/1/1557
f 1542/1/1541 1546/1/1546 1535/1/1535
f 1543/1/1542 1556/1/1556 1542/1/1541
f 1557/1/1557 1558/1/1558 1559/1/1559
f 1559/1/1559 1561/1/1560 1557/1/1557
f 1562/1/1561 1560/1/1562 1563/1/1563
f 1551/1/1551 1561/1/1560 1562/1/1561
f 1557/1/1557 1550/1/1550 1547/1/1547
f 1564/1/1564 1565/1/1565 1555/1/1555
f 734/1/733 1552/1/1554 730/1/729
f 735/1/735 1564/1/1564 734/1/733
f 1565/1/1565 1566/1/1566 1567/1/1567
f 1568/1/1568 1558/1/1558 1543/1/1542
f 1569/1/1569 1554/1/1553 1555/1/1555
f 1570/1/1570 1568/1/1568 1569/1/1569
f 1559/1/1559 1568/1/1568 1571/1/1571
f 1563/1/1563 1572/1/1572 1573/1/1573
f 1571/1/1571 1560/1/1562 1559/1/1559
f 1570/1/1570 1572/1/1572 1571/1/1571
f 1574/1/1574 1575/1/1575 1573/1/1573
f 1570/1/1570 1576/1/1576 1577/1/1577
f 1565/1/1565 1569/1/1569 1555/1/1555
f 1567/1/1567 1576/1/1576 1565/1/1565
f 1577/1/1577 1578/1/1578 1579/1/1579
f 1580/1/1580 1581/1/1581 1575/1/1575
f 1577/1/1577 1574/1/1574 1570/1/1570
f 1579/1/1579 1580/1/1580 1577/1/1577
f 1581/1/1581 1582/1/1582 1583/1/1583
f 1584/1/1584 1585/1/1585 502/1/501
f 501/1/500 492/1/491 1586/1/1586
f 1584/1/1584 1586/1/1586 1587/1/1587
f 1585/1/1585 1588/1/1588 1589/1/1589
f 1590/1/1590 1587/1/1587 1586/1/1586
f 494/1/493 1586/1/1586 492/1/491
f 496/1/495 1591/1/1591 494/1/493
f 1591/1/1591 1592/1/1592 1593/1/1593
f 1587/1/1587 1594/1/1594 1595/1/1595
f 1596/1/1596 1590/1/1590 1593/1/1593
f 1597/1/1597 1594/1/1594 1596/1/1596
f 1595/1/1595 1598/1/1598 1599/1/1599
f 496/1/495 1600/1/1600 1592/1/1592
f 1601/1/1601 516/1/517 515/1/514
f 1602/1/1602 1600/1/1600 1601/1/1601
f 1592/1/1592 1603/1/1603 1593/1/1593
f 1604/1/1604 1602/1/1602 1601/1/1601
f 1604/1/1604 515/1/514 528/1/529
f 528/1/529 1605/1/1605 1604/1/1604
f 1593/1/1593 1606/1/1606 1596/1/1596
f 1607/1/1607 1603/1/1603 1602/1/1602
f 1608/1/1608 1606/1/1606 1607/1/1607
f 1596/1/1596 1609/1/1609 1597/1/1597
f 1610/1/1610 1612/1/1611 1613/1/1612
f 1605/1/1605 1611/1/1613 1602/1/1602
f 527/1/526 1612/1/1611 1605/1/1605
f 1613/1/1612 533/1/533 524/1/523
f 1602/1/1602 1614/1/1614 1607/1/1607
f 1611/1/1613 1610/1/1610 1615/1/1615
f 1616/1/1616 1614/1/1614 1615/1/1615
f 1607/1/1607 1617/1/1617 1608/1/1608
f 1610/1/1610 1618/1/1618 1619/1/1619
f 524/1/523 1618/1/1618 1613/1/1612
f 405/1/404 1618/1/1618 521/1/522
f 1619/1/1619 1620/1/1620 1621/1/1621
f 1622/1/1622 1624/1/1623 1625/1/1624
f 1626/1/1625 1623/1/1626 1627/1/1627
f 1628/1/1628 1624/1/1623 1626/1/1625
f 1625/1/1624 1629/1/1629 1599/1/1599
f 1630/1/1630 1632/1/1631 1633/1/1632
f 1625/1/1624 1631/1/1633 1622/1/1622
f 1599/1/1599 1632/1/1631 1625/1/1624
f 1633/1/1632 1598/1/1598 1597/1/1597
f 1634/1/1634 1636/1/1635 1637/1/1636
f 1633/1/1632 1635/1/1637 1630/1/1630
f 1597/1/1597 1636/1/1635 1633/1/1632
f 1637/1/1636 1609/1/1609 1608/1/1608
f 1638/1/1638 1640/1/1639 1641/1/1640
f 1638/1/1638 1637/1/1636 1639/1/1641
f 1608/1/1608 1639/1/1641 1637/1/1636
f 1616/1/1616 1639/1/1641 1617/1/1617
f 1627/1/1627 1642/1/1642 1643/1/1643
f 1644/1/1644 1623/1/1626 1622/1/1622
f 1645/1/1645 1642/1/1642 1644/1/1644
f 1643/1/1643 1646/1/1646 1647/1/1647
f 1622/1/1622 1648/1/1648 1644/1/1644
f 1648/1/1648 1630/1/1630 1649/1/1649
f 1648/1/1648 1650/1/1650 1651/1/1651
f 1644/1/1644 1651/1/1651 1645/1/1645
f 1652/1/1652 1630/1/1630 1635/1/1637
f 1652/1/1652 1634/1/1634 1653/1/1653
f 1652/1/1652 1654/1/1654 1655/1/1655
f 1652/1/1652 1650/1/1650 1649/1/1649
f 1641/1/1640 1657/1/1656 1638/1/1638
f 1657/1/1656 1658/1/1657 1659/1/1658
f 1657/1/1656 1654/1/1654 1653/1/1653
f 1653/1/1653 1638/1/1638 1657/1/1656
f 1658/1/1657 1660/1/1659 1661/1/1660
f 1662/1/1661 1656/1/1662 1641/1/1640
f 1663/1/1663 1660/1/1659 1662/1/1661
f 1664/1/1664 1665/1/1665 1661/1/1660
f 1666/1/1666 1667/1/1667 1665/1/1665
f 1664/1/1664 1663/1/1663 1668/1/1668
f 1666/1/1666 1668/1/1668 1669/1/1669
f 1667/1/1667 1670/1/1670 1671/1/1671
f 1672/1/1672 1674/1/1673 1675/1/1674
f 1673/1/1675 1677/1/1676 1674/1/1673
f 1671/1/1671 1674/1/1673 1677/1/1676
f 1675/1/1674 1670/1/1670 1669/1/1669
f 1676/1/1677 1678/1/1678 1679/1/1679
f 1680/1/1680 1673/1/1675 1672/1/1672
f 1681/1/1681 1678/1/1678 1680/1/1680
f 1679/1/1679 1682/1/1682 1683/1/1683
f 1684/1/1684 1685/1/1685 1686/1/1686
f 1683/1/1683 1684/1/1684 1687/1/1687
f 1688/1/1688 1682/1/1682 1681/1/1681
f 1689/1/1689 1684/1/1684 1688/1/1688
f 1690/1/1690 1685/1/1685 1689/1/1689
f 1691/1/1691 1692/1/1692 1693/1/1693
f 1694/1/1694 1690/1/1690 1691/1/1691
f 1695/1/1695 1686/1/1686 1685/1/1685
f 1696/1/1696 1691/1/1691 1693/1/1693
f 1698/1/1697 1697/1/1698 1696/1/1696
f 1700/1/1699 1699/1/1700 1701/1/1701
f 1691/1/1691 1700/1/1699 1694/1/1694
f 1701/1/1701 1702/1/1702 1703/1/1703
f 1704/1/1704 1699/1/1700 1698/1/1697
f 1705/1/1705 1702/1/1702 1704/1/1704
f 1703/1/1703 1706/1/1706 1707/1/1707
f 1708/1/1708 1706/1/1706 1705/1/1705
f 1643/1/1643 1708/1/1708 1627/1/1627
f 1647/1/1647 1709/1/1709 1643/1/1643
f 1707/1/1707 1709/1/1709 1710/1/1710
f 1711/1/1711 1712/1/1712 1713/1/1713
f 1714/1/1714 1665/1/1665 1667/1/1667
f 1671/1/1671 1711/1/1711 1667/1/1667
f 1715/1/1715 1712/1/1712 1711/1/1711
f 1671/1/1671 1717/1/1716 1715/1/1715
f 1718/1/1717 1677/1/1676 1676/1/1677
f 1719/1/1718 1717/1/1716 1718/1/1717
f 1715/1/1715 1720/1/1719 1716/1/1720
f 1719/1/1718 1721/1/1721 1722/1/1722
f 1679/1/1679 1718/1/1717 1676/1/1677
f 1683/1/1683 1721/1/1721 1679/1/1679
f 1721/1/1721 1724/1/1723 1722/1/1722
f 1683/1/1683 1725/1/1724 1723/1/1725
f 1726/1/1726 1687/1/1687 1686/1/1686
f 1727/1/1727 1725/1/1724 1726/1/1726
f 1723/1/1725 1728/1/1728 1724/1/1723
f 1686/1/1686 1729/1/1729 1726/1/1726
f 1730/1/1730 1695/1/1695 1694/1/1694
f 1731/1/1731 1729/1/1729 1730/1/1730
f 1726/1/1726 1732/1/1732 1727/1/1727
f 1694/1/1694 1733/1/1733 1730/1/1730
f 1734/1/1734 1700/1/1699 1701/1/1701
f 1735/1/1735 1733/1/1733 1734/1/1734
f 1730/1/1730 1736/1/1736 1731/1/1731
f 1710/1/1710 1738/1/1737 1707/1/1707
f 1739/1/1738 1710/1/1710 1647/1/1647
f 1740/1/1739 1737/1/1740 1739/1/1738
f 1742/1/1741 1737/1/1740 1741/1/1742
f 1735/1/1735 1743/1/1743 1744/1/1744
f 1703/1/1703 1734/1/1734 1701/1/1701
f 1707/1/1707 1743/1/1743 1703/1/1703
f 1744/1/1744 1738/1/1737 1742/1/1741
f 1716/1/1720 1745/1/1745 1746/1/1746
f 1747/1/1747 1720/1/1719 1719/1/1718
f 1748/1/1748 1747/1/1747 1749/1/1749
f 1745/1/1745 1748/1/1748 1750/1/1750
f 1749/1/1749 1751/1/1751 1752/1/1752
f 1722/1/1722 1747/1/1747 1719/1/1718
f 1724/1/1723 1751/1/1751 1722/1/1722
f 1753/1/1753 1754/1/1754 1752/1/1752
f 1724/1/1723 1755/1/1755 1753/1/1753
f 1756/1/1756 1728/1/1728 1727/1/1727
f 1757/1/1757 1755/1/1755 1756/1/1756
f 1753/1/1753 1758/1/1758 1754/1/1754
f 1727/1/1727 1759/1/1759 1756/1/1756
f 1760/1/1760 1732/1/1732 1731/1/1731
f 1761/1/1761 1759/1/1759 1760/1/1760
f 1756/1/1756 1762/1/1762 1757/1/1757
f 1731/1/1731 1763/1/1763 1760/1/1760
f 1764/1/1764 1736/1/1736 1735/1/1735
f 1765/1/1765 1763/1/1763 1764/1/1764
f 1760/1/1760 1766/1/1766 1761/1/1761
f 1765/1/1765 1767/1/1767 1768/1/1768
f 1744/1/1744 1764/1/1764 1735/1/1735
f 1742/1/1741 1767/1/1767 1744/1/1744
f 1768/1/1768 1769/1/1769 1770/1/1770
f 1771/1/1771 1651/1/1651 1772/1/1772
f 1772/1/1772 1650/1/1650 1773/1/1773
f 1772/1/1772 1774/1/1774 1775/1/1775
f 1776/1/1776 1772/1/1772 1775/1/1775
f 1777/1/1777 1779/1/1778 1780/1/1779
f 1765/1/1765 1777/1/1777 1780/1/1779
f 1777/1/1777 1770/1/1770 1778/1/1780
f 1781/1/1781 1779/1/1778 1783/1/1782
f 1754/1/1754 1781/1/1781 1783/1/1782
f 1757/1/1757 1781/1/1781 1758/1/1758
f 1784/1/1783 1774/1/1774 1773/1/1773
f 1784/1/1783 1650/1/1650 1655/1/1655
f 1784/1/1783 1654/1/1654 1786/1/1784
f 1784/1/1783 1787/1/1785 1785/1/1786
f 1788/1/1787 1790/1/1788 1779/1/1778
f 1789/1/1789 1788/1/1787 1750/1/1750
f 1749/1/1749 1789/1/1789 1748/1/1748
f 1783/1/1782 1779/1/1778 1790/1/1788
f 1749/1/1749 1791/1/1790 1790/1/1788
f 1754/1/1754 1791/1/1790 1752/1/1752
f 1792/1/1791 1779/1/1778 1782/1/1792
f 1757/1/1757 1792/1/1791 1782/1/1792
f 1761/1/1761 1792/1/1791 1762/1/1762
f 1794/1/1793 1779/1/1778 1793/1/1794
f 1761/1/1761 1794/1/1793 1793/1/1794
f 1794/1/1793 1765/1/1765 1780/1/1779
f 1769/1/1769 1796/1/1795 1770/1/1770
f 1741/1/1742 1769/1/1769 1742/1/1741
f 1797/1/1796 1741/1/1742 1740/1/1739
f 1798/1/1797 1795/1/1798 1797/1/1796
f 1799/1/1799 1779/1/1778 1778/1/1780
f 1770/1/1770 1799/1/1799 1778/1/1780
f 1798/1/1797 1799/1/1799 1796/1/1795
f 1801/1/1800 1803/1/1801 1804/1/1802
f 1750/1/1750 1802/1/1803 1801/1/1800
f 1788/1/1787 1779/1/1778 1803/1/1801
f 1647/1/1647 1805/1/1804 1739/1/1738
f 1771/1/1771 1646/1/1646 1645/1/1645
f 1776/1/1776 1805/1/1804 1771/1/1771
f 1739/1/1738 1806/1/1805 1740/1/1739
f 1807/1/1806 1775/1/1775 1808/1/1807
f 1808/1/1807 1774/1/1774 1785/1/1786
f 1808/1/1807 1787/1/1785 1809/1/1808
f 1808/1/1807 1810/1/1809 1807/1/1806
f 1810/1/1809 1812/1/1810 1807/1/1806
f 1797/1/1796 1811/1/1811 1798/1/1797
f 1740/1/1739 1812/1/1810 1797/1/1796
f 1807/1/1806 1806/1/1805 1776/1/1776
f 1813/1/1812 1787/1/1785 1786/1/1784
f 1813/1/1812 1654/1/1654 1659/1/1658
f 1813/1/1812 1658/1/1657 1815/1/1813
f 1814/1/1814 1815/1/1813 1816/1/1815
f 1817/1/1816 1816/1/1815 1815/1/1813
f 1661/1/1660 1815/1/1813 1658/1/1657
f 1818/1/1817 1661/1/1660 1665/1/1665
f 1714/1/1714 1713/1/1713 1817/1/1816
f 1810/1/1809 1819/1/1818 1820/1/1819
f 1819/1/1818 1787/1/1785 1814/1/1814
f 1819/1/1818 1816/1/1815 1821/1/1820
f 1820/1/1819 1821/1/1820 1804/1/1802
f 1821/1/1820 1817/1/1816 1822/1/1821
f 1822/1/1821 1713/1/1713 1823/1/1822
f 1822/1/1821 1804/1/1802 1821/1/1820
f 1801/1/1800 1804/1/1802 1823/1/1822
f 1823/1/1822 1713/1/1713 1712/1/1712
f 1746/1/1746 1712/1/1712 1716/1/1720
f 1801/1/1800 1746/1/1746 1750/1/1750
f 1804/1/1802 1825/1/1823 1820/1/1819
f 1800/1/1824 1803/1/1801 1779/1/1778
f 1798/1/1797 1825/1/1823 1800/1/1824
f 1820/1/1819 1811/1/1811 1810/1/1809
f 1589/1/1589 1826/1/1825 1827/1/1826
f 1595/1/1595 1588/1/1588 1587/1/1587
f 1599/1/1599 1826/1/1825 1595/1/1595
f 1827/1/1826 1629/1/1629 1628/1/1628
f 1627/1/1627 1828/1/1827 1626/1/1625
f 1705/1/1705 1828/1/1827 1708/1/1708
f 1830/1/1828 1829/1/1829 1831/1/1830
f 1626/1/1625 1830/1/1828 1628/1/1628
f 1831/1/1830 1832/1/1831 1833/1/1832
f 1704/1/1704 1829/1/1829 1705/1/1705
f 1698/1/1697 1832/1/1831 1704/1/1704
f 1833/1/1832 1834/1/1833 1835/1/1834
f 1835/1/1834 1836/1/1835 1837/1/1836
f 1696/1/1696 1834/1/1833 1698/1/1697
f 1693/1/1693 1836/1/1835 1696/1/1696
f 1837/1/1836 1838/1/1837 1839/1/1838
f 1838/1/1837 1841/1/1839 1839/1/1838
f 1692/1/1692 1838/1/1837 1693/1/1693
f 1840/1/1840 1692/1/1692 1689/1/1689
f 1841/1/1839 1842/1/1841 1843/1/1842
f 1844/1/1843 1846/1/1844 1847/1/1845
f 1848/1/1846 1844/1/1843 1849/1/1847
f 1841/1/1839 1848/1/1846 1839/1/1838
f 1846/1/1844 1841/1/1839 1843/1/1842
f 1688/1/1688 1842/1/1841 1689/1/1689
f 1850/1/1848 1688/1/1688 1681/1/1681
f 1851/1/1849 1852/1/1850 1853/1/1851
f 1842/1/1841 1851/1/1849 1843/1/1842
f 1853/1/1851 1854/1/1852 1855/1/1853
f 1680/1/1680 1852/1/1850 1681/1/1681
f 1672/1/1672 1854/1/1852 1680/1/1680
f 1855/1/1853 1856/1/1854 1857/1/1855
f 1857/1/1855 1858/1/1856 1859/1/1857
f 1675/1/1674 1856/1/1854 1672/1/1672
f 1669/1/1669 1858/1/1856 1675/1/1674
f 1859/1/1857 1860/1/1858 1861/1/1859
f 1641/1/1640 1862/1/1860 1662/1/1661
f 1863/1/1861 1640/1/1639 1616/1/1616
f 1864/1/1862 1862/1/1860 1863/1/1861
f 1662/1/1661 1865/1/1863 1663/1/1663
f 1621/1/1621 1867/1/1864 1619/1/1619
f 1863/1/1861 1866/1/1865 1864/1/1862
f 1616/1/1616 1867/1/1864 1863/1/1861
f 1619/1/1619 1615/1/1615 1610/1/1610
f 1861/1/1859 1868/1/1866 1869/1/1867
f 1668/1/1668 1860/1/1858 1669/1/1669
f 1663/1/1663 1868/1/1866 1668/1/1668
f 1869/1/1867 1865/1/1863 1864/1/1862
f 400/1/399 1871/1/1868 401/1/403
f 1872/1/1869 1870/1/1870 1873/1/1871
f 1621/1/1621 1871/1/1868 1872/1/1869
f 401/1/403 1620/1/1620 405/1/404
f 1864/1/1862 1874/1/1872 1875/1/1873
f 1872/1/1869 1866/1/1865 1621/1/1621
f 1873/1/1871 1874/1/1872 1872/1/1869
f 1875/1/1873 1876/1/1874 1877/1/1875
f 1873/1/1871 1878/1/1876 1879/1/1877
f 1314/1/1314 1870/1/1870 400/1/399
f 1317/1/1316 1878/1/1876 1314/1/1314
f 1879/1/1877 1880/1/1878 1881/1/1879
f 1877/1/1875 1882/1/1880 1883/1/1881
f 1879/1/1877 1876/1/1874 1873/1/1871
f 1881/1/1879 1882/1/1880 1879/1/1877
f 1883/1/1881 1884/1/1882 1885/1/1883
f 1861/1/1859 1886/1/1884 1887/1/1885
f 1875/1/1873 1869/1/1867 1864/1/1862
f 1877/1/1875 1886/1/1884 1875/1/1873
f 1887/1/1885 1883/1/1881 1885/1/1883
f 1859/1/1857 1887/1/1885 1888/1/1886
f 1889/1/1887 1887/1/1885 1885/1/1883
f 1888/1/1886 1889/1/1887 1890/1/1888
f 1859/1/1857 1891/1/1889 1857/1/1855
f 1892/1/1890 1893/1/1891 1894/1/1892
f 1895/1/1893 1853/1/1851 1855/1/1853
f 1857/1/1855 1892/1/1890 1855/1/1853
f 1891/1/1889 1890/1/1888 1893/1/1891
f 1851/1/1849 1897/1/1894 1843/1/1842
f 1896/1/1895 1851/1/1849 1853/1/1851
f 1898/1/1896 1895/1/1893 1894/1/1892
f 1897/1/1894 1898/1/1896 1899/1/1897
f 1900/1/1898 1897/1/1894 1899/1/1897
f 1847/1/1845 1901/1/1899 1900/1/1898
f 1843/1/1842 1901/1/1899 1846/1/1844
f 1894/1/1892 1903/1/1900 1898/1/1896
f 1904/1/1901 1902/1/1902 1905/1/1903
f 1906/1/1904 1903/1/1900 1904/1/1901
f 1898/1/1896 1907/1/1905 1899/1/1897
f 1905/1/1903 1908/1/1906 1909/1/1907
f 1893/1/1891 1902/1/1902 1894/1/1892
f 1890/1/1888 1908/1/1906 1893/1/1891
f 1909/1/1907 1910/1/1908 1911/1/1909
f 1905/1/1903 1912/1/1910 1904/1/1901
f 1913/1/1911 1909/1/1907 1911/1/1909
f 1913/1/1911 1915/1/1912 1912/1/1910
f 1904/1/1901 1915/1/1912 1906/1/1904
f 1910/1/1908 1890/1/1888 1889/1/1887
f 1889/1/1887 1885/1/1883 1916/1/1913
f 1916/1/1913 1917/1/1914 1918/1/1915
f 1911/1/1909 1919/1/1916 1918/1/1915
f 1914/1/1917 1920/1/1918 1921/1/1919
f 1922/1/1920 1913/1/1911 1911/1/1909
f 1923/1/1921 1920/1/1918 1922/1/1920
f 1921/1/1919 1924/1/1922 1925/1/1923
f 1926/1/1924 1924/1/1922 1923/1/1921
f 1927/1/1925 1926/1/1924 1928/1/1926
f 1929/1/1927 1927/1/1925 1930/1/1928
f 1925/1/1923 1927/1/1925 1929/1/1927
f 1923/1/1921 1932/1/1929 1926/1/1924
f 1933/1/1930 1931/1/1931 1934/1/1932
f 1935/1/1933 1932/1/1929 1933/1/1930
f 1926/1/1924 1936/1/1934 1928/1/1926
f 1923/1/1921 1937/1/1935 1931/1/1931
f 1918/1/1915 1922/1/1920 1911/1/1909
f 1937/1/1935 1918/1/1915 1917/1/1914
f 1938/1/1936 1934/1/1932 1931/1/1931
f 1934/1/1932 1940/1/1937 1933/1/1930
f 1941/1/1938 1940/1/1937 1939/1/1939
f 1933/1/1930 1942/1/1940 1935/1/1933
f 1939/1/1939 1944/1/1941 1941/1/1938
f 1945/1/1942 1939/1/1939 1934/1/1932
f 1946/1/1943 1943/1/1944 1945/1/1942
f 1944/1/1941 1947/1/1945 1948/1/1946
f 1949/1/1947 1951/1/1948 1952/1/1949
f 1950/1/1950 1347/1/1347 1951/1/1948
f 1346/1/1346 1951/1/1948 1347/1/1347
f 1952/1/1949 1953/1/1951 1954/1/1952
f 1955/1/1953 1957/1/1954 1958/1/1955
f 1955/1/1953 1958/1/1955 1954/1/1952
f 1959/1/1956 1955/1/1953 1961/1/1957
f 1956/1/1958 1960/1/1959 1962/1/1960
f 1949/1/1947 1963/1/1961 1964/1/1962
f 1958/1/1955 1952/1/1949 1954/1/1952
f 1963/1/1961 1957/1/1954 1965/1/1963
f 1964/1/1962 1965/1/1963 1966/1/1964
f 1949/1/1947 1967/1/1965 1950/1/1950
f 1966/1/1964 1967/1/1965 1964/1/1962
f 1333/1/1335 1968/1/1966 1323/1/1323
f 1333/1/1335 1332/1/1332 1950/1/1950
f 1969/1/1967 1957/1/1954 1956/1/1958
f 1962/1/1960 1969/1/1967 1956/1/1958
f 1971/1/1968 1969/1/1967 1970/1/1969
f 1965/1/1963 1972/1/1970 1966/1/1964
f 1973/1/1971 1975/1/1972 1976/1/1973
f 1321/1/1321 1974/1/1974 1319/1/1319
f 1323/1/1323 1975/1/1972 1321/1/1321
f 1976/1/1973 1968/1/1966 1966/1/1964
f 1977/1/1975 1979/1/1976 1980/1/1977
f 1962/1/1960 1978/1/1978 1977/1/1975
f 1981/1/1979 1960/1/1959 1959/1/1956
f 1979/1/1976 1981/1/1979 1982/1/1980
f 1983/1/1981 1985/1/1982 1986/1/1983
f 1976/1/1973 1984/1/1984 1973/1/1971
f 1966/1/1964 1985/1/1982 1976/1/1973
f 1986/1/1983 1972/1/1970 1971/1/1968
f 1971/1/1968 1987/1/1985 1986/1/1983
f 1977/1/1975 1970/1/1969 1962/1/1960
f 1980/1/1977 1987/1/1985 1977/1/1975
f 1986/1/1983 1988/1/1986 1983/1/1981
f 1989/1/1987 1991/1/1988 1992/1/1989
f 1979/1/1976 1990/1/1990 1980/1/1977
f 1982/1/1980 1991/1/1988 1979/1/1976
f 1992/1/1989 1993/1/1991 1994/1/1992
f 1995/1/1993 1997/1/1994 1998/1/1995
f 1996/1/1996 1317/1/1316 1316/1/1315
f 1319/1/1319 1997/1/1994 1316/1/1315
f 1998/1/1995 1974/1/1974 1973/1/1971
f 1994/1/1992 2000/1/1997 1992/1/1989
f 1947/1/1945 1999/1/1998 1948/1/1946
f 1947/1/1945 2001/1/1999 2000/1/1997
f 1992/1/1989 2001/1/1999 1989/1/1987
f 2002/1/2000 2003/1/2001 1917/1/1914
f 1885/1/1883 2002/1/2000 1916/1/1913
f 2004/1/2002 1884/1/1882 1881/1/1879
f 2003/1/2001 2004/1/2002 2005/1/2003
f 2006/1/2004 2008/1/2005 2009/1/2006
f 1998/1/1995 2007/1/2007 1995/1/1993
f 1973/1/1971 2008/1/2005 1998/1/1995
f 2009/1/2006 1984/1/1984 1983/1/1981
f 1880/1/1878 1317/1/1316 1996/1/1996
f 1996/1/1996 1995/1/1993 2010/1/2008
f 2011/1/2009 2010/1/2008 2005/1/2003
f 1881/1/1879 2011/1/2009 2004/1/2002
f 2010/1/2008 2013/1/2010 2005/1/2003
f 1995/1/1993 2012/1/2011 2010/1/2008
f 2006/1/2004 2012/1/2011 2007/1/2007
f 2014/1/2012 1945/1/1942 1934/1/1932
f 1938/1/1936 1917/1/1914 2003/1/2001
f 2005/1/2003 2014/1/2012 2003/1/2001
f 1945/1/1942 2015/1/2013 1946/1/1943
f 2016/1/2014 2013/1/2010 2006/1/2004
f 2001/1/1999 2016/1/2014 1989/1/1987
f 1946/1/1943 2017/1/2015 2001/1/1999
f 2015/1/2013 2013/1/2010 2017/1/2015
f 1983/1/1981 2018/1/2016 2009/1/2006
f 1990/1/1990 1988/1/1986 1980/1/1977
f 1989/1/1987 2018/1/2016 1990/1/1990
f 2009/1/2006 2016/1/2014 2006/1/2004
f 641/1/641 2019/1/2017 2020/1/2018
f 1585/1/1585 640/1/640 502/1/501
f 2019/1/2017 1585/1/1585 1589/1/1589
f 2020/1/2018 2021/1/2019 2022/1/2020
f 645/1/644 2023/1/2021 2024/1/2022
f 2020/1/2018 644/1/643 641/1/641
f 2022/1/2020 2023/1/2021 2020/1/2018
f 2024/1/2022 2025/1/2023 2026/1/2024
f 2027/1/2025 1589/1/1589 1827/1/1826
f 1628/1/1628 2028/1/2026 1827/1/1826
f 1831/1/1830 2028/1/2026 1830/1/1828
f 2027/1/2025 2029/1/2027 2030/1/2028
f 2030/1/2028 2031/1/2029 2032/1/2030
f 1833/1/1832 2029/1/2027 1831/1/1830
f 1835/1/1834 2031/1/2029 1833/1/1832
f 2032/1/2030 2033/1/2031 2034/1/2032
f 2034/1/2032 2035/1/2033 2036/1/2034
f 1837/1/1836 2033/1/2031 1835/1/1834
f 1839/1/1838 2035/1/2033 1837/1/1836
f 2036/1/2034 2037/1/2035 2038/1/2036
f 2037/1/2035 2040/1/2037 2038/1/2036
f 1848/1/1846 2037/1/2035 1839/1/1838
f 1849/1/1847 2039/1/2038 1848/1/1846
f 2022/1/2020 2041/1/2039 2042/1/2040
f 2027/1/2025 2021/1/2019 1589/1/1589
f 2041/1/2039 2027/1/2025 2030/1/2028
f 2043/1/2041 2044/1/2042 2042/1/2040
f 2025/1/2023 2046/1/2043 2026/1/2024
f 2042/1/2040 2025/1/2023 2022/1/2020
f 2045/1/2044 2042/1/2040 2044/1/2042
f 2046/1/2043 2047/1/2045 2048/1/2046
f 2049/1/2047 2050/1/2048 2044/1/2042
f 2032/1/2030 2043/1/2041 2030/1/2028
f 2034/1/2032 2049/1/2047 2032/1/2030
f 2052/1/2049 2049/1/2047 2051/1/2050
f 2053/1/2051 2055/1/2052 2056/1/2053
f 2051/1/2050 2054/1/2054 2052/1/2049
f 2055/1/2052 2051/1/2050 2034/1/2032
f 2056/1/2053 2036/1/2034 2038/1/2036
f 2026/1/2024 2057/1/2055 2024/1/2022
f 2058/1/2056 2046/1/2043 2048/1/2046
f 2059/1/2057 2057/1/2055 2058/1/2056
f 2024/1/2022 2060/1/2058 645/1/644
f 645/1/644 2061/1/2059 649/1/648
f 2062/1/2060 2060/1/2058 2059/1/2057
f 2063/1/2061 2061/1/2059 2062/1/2060
f 649/1/648 2064/1/2062 646/1/646
f 650/1/650 2065/1/2063 2066/1/2064
f 646/1/646 2065/1/2063 653/1/652
f 2063/1/2061 2065/1/2063 2064/1/2062
f 2066/1/2064 2067/1/2065 2068/1/2066
f 665/1/665 2069/1/2067 2070/1/2068
f 2071/1/2069 664/1/664 659/1/659
f 2072/1/2070 2069/1/2067 2071/1/2069
f 2070/1/2068 2073/1/2071 2074/1/2072
f 668/1/668 2075/1/2073 2076/1/2074
f 2070/1/2068 667/1/667 665/1/665
f 2074/1/2072 2075/1/2073 2070/1/2068
f 2076/1/2074 2077/1/2075 2078/1/2076
f 2079/1/2077 2081/1/2078 2082/1/2079
f 2081/1/2078 2078/1/2076 2077/1/2075
f 2083/1/2080 2077/1/2075 2074/1/2072
f 2084/1/2081 2082/1/2079 2083/1/2080
f 668/1/668 2085/1/2082 671/1/671
f 2076/1/2074 2078/1/2076 2086/1/2083
f 2087/1/2084 2085/1/2082 2086/1/2083
f 671/1/671 2088/1/2085 672/1/672
f 2086/1/2083 2090/1/2086 2087/1/2084
f 2078/1/2076 2089/1/2087 2086/1/2083
f 2081/1/2078 2091/1/2088 2089/1/2087
f 2092/1/2089 2089/1/2087 2091/1/2088
f 672/1/672 2093/1/2090 675/1/675
f 2094/1/2091 2088/1/2085 2087/1/2084
f 2095/1/2092 2093/1/2090 2094/1/2091
f 675/1/675 2096/1/2093 676/1/676
f 2087/1/2084 2097/1/2094 2094/1/2091
f 2098/1/2095 2090/1/2086 2092/1/2089
f 2099/1/2096 2097/1/2094 2098/1/2095
f 2094/1/2091 2100/1/2097 2095/1/2092
f 2101/1/2098 679/1/679 676/1/676
f 2102/1/2099 2096/1/2093 2095/1/2092
f 2103/1/2100 2101/1/2098 2102/1/2099
f 2104/1/2101 680/1/680 679/1/679
f 657/1/657 2105/1/2102 2106/1/2103
f 2066/1/2064 656/1/656 650/1/650
f 2068/1/2066 2105/1/2102 2066/1/2064
f 2106/1/2103 2107/1/2104 2108/1/2105
f 659/1/659 2109/1/2106 2071/1/2069
f 2106/1/2103 658/1/658 657/1/657
f 2108/1/2105 2109/1/2106 2106/1/2103
f 2071/1/2069 2110/1/2107 2072/1/2070
f 2074/1/2072 2111/1/2108 2083/1/2080
f 2112/1/2109 2073/1/2071 2072/1/2070
f 2113/1/2110 2111/1/2108 2112/1/2109
f 2083/1/2080 2114/1/2111 2084/1/2081
f 2115/1/2112 2117/1/2113 2118/1/2114
f 2119/1/2115 2116/1/2116 2120/1/2117
f 2068/1/2066 2117/1/2113 2119/1/2115
f 2118/1/2114 2067/1/2065 2063/1/2061
f 2108/1/2105 2121/1/2118 2122/1/2119
f 2119/1/2115 2107/1/2104 2068/1/2066
f 2120/1/2117 2121/1/2118 2119/1/2115
f 2122/1/2119 2123/1/2120 2124/1/2121
f 2072/1/2070 2125/1/2122 2112/1/2109
f 2122/1/2119 2110/1/2107 2108/1/2105
f 2124/1/2121 2125/1/2122 2122/1/2119
f 2112/1/2109 2126/1/2123 2113/1/2110
f 2059/1/2057 2127/1/2124 2128/1/2125
f 2129/1/2126 2058/1/2056 2048/1/2046
f 2130/1/2127 2127/1/2124 2129/1/2126
f 2128/1/2125 2131/1/2128 2132/1/2129
f 2048/1/2046 2133/1/2130 2129/1/2126
f 2050/1/2048 2047/1/2045 2044/1/2042
f 2134/1/2131 2050/1/2048 2052/1/2049
f 2129/1/2126 2134/1/2131 2130/1/2127
f 2052/1/2049 2135/1/2132 2134/1/2131
f 2136/1/2133 2054/1/2054 2053/1/2051
f 2137/1/2134 2135/1/2132 2136/1/2133
f 2134/1/2131 2138/1/2135 2130/1/2127
f 2130/1/2127 2139/1/2136 2131/1/2128
f 2137/1/2134 2139/1/2136 2138/1/2135
f 2131/1/2128 2140/1/2137 2132/1/2129
f 2062/1/2060 2128/1/2125 2141/1/2138
f 2142/1/2139 2128/1/2125 2132/1/2129
f 2118/1/2114 2142/1/2139 2115/1/2112
f 2062/1/2060 2118/1/2114 2063/1/2061
f 2143/1/2140 2145/1/2141 2146/1/2142
f 894/1/893 2144/1/2143 880/1/879
f 898/1/897 2145/1/2141 894/1/893
f 2146/1/2142 2147/1/2144 2148/1/2145
f 908/1/907 2147/1/2144 898/1/897
f 2150/1/2146 908/1/907 912/1/911
f 2151/1/2147 2149/1/2148 2150/1/2146
f 2149/1/2148 2148/1/2145 2147/1/2144
f 912/1/911 2153/1/2149 2150/1/2146
f 2154/1/2150 920/1/919 924/1/923
f 2155/1/2151 2153/1/2149 2154/1/2150
f 2150/1/2146 2156/1/2152 2151/1/2147
f 924/1/923 2157/1/2153 2154/1/2150
f 916/1/915 2157/1/2153 941/1/940
f 2159/1/2154 2158/1/2155 2160/1/2156
f 2154/1/2150 2159/1/2154 2155/1/2151
f 2161/1/2157 2163/1/2158 2164/1/2159
f 879/1/877 2162/1/2160 881/1/880
f 880/1/879 2163/1/2158 879/1/877
f 2164/1/2159 2144/1/2143 2143/1/2140
f 2165/1/2161 2161/1/2157 2164/1/2159
f 2166/1/2162 2164/1/2159 2143/1/2140
f 2167/1/2163 2168/1/2164 2169/1/2165
f 2165/1/2161 2167/1/2163 2170/1/2166
f 2169/1/2165 2171/1/2167 2172/1/2168
f 2146/1/2142 2168/1/2164 2143/1/2140
f 2148/1/2145 2171/1/2167 2146/1/2142
f 2172/1/2168 2173/1/2169 2174/1/2170
f 2175/1/2171 2177/1/2172 2178/1/2173
f 2174/1/2170 2177/1/2172 2176/1/2174
f 2152/1/2175 2173/1/2169 2148/1/2145
f 2178/1/2173 2152/1/2175 2151/1/2147
f 2179/1/2176 2181/1/2177 2182/1/2178
f 2178/1/2173 2180/1/2179 2175/1/2171
f 2151/1/2147 2181/1/2177 2178/1/2173
f 2182/1/2178 2156/1/2152 2155/1/2151
f 2183/1/2180 2185/1/2181 2186/1/2182
f 2182/1/2178 2183/1/2180 2179/1/2176
f 2155/1/2151 2184/1/2183 2182/1/2178
f 2160/1/2156 2184/1/2183 2159/1/2154
f 2170/1/2166 2187/1/2184 2188/1/2185
f 2172/1/2168 2167/1/2163 2169/1/2165
f 2174/1/2170 2187/1/2184 2172/1/2168
f 2188/1/2185 2189/1/2186 2190/1/2187
f 2191/1/2188 2193/1/2189 2194/1/2190
f 2189/1/2186 2192/1/2191 2190/1/2187
f 2174/1/2170 2193/1/2189 2189/1/2186
f 2194/1/2190 2176/1/2174 2175/1/2171
f 2195/1/2192 2197/1/2193 2198/1/2194
f 2192/1/2191 2196/1/2195 2190/1/2187
f 2191/1/2188 2197/1/2193 2192/1/2191
f 2199/1/2196 2201/1/2197 2202/1/2198
f 2194/1/2190 2200/1/2199 2191/1/2188
f 2175/1/2171 2201/1/2197 2194/1/2190
f 2202/1/2198 2180/1/2179 2179/1/2176
f 2203/1/2200 2205/1/2201 2206/1/2202
f 2198/1/2194 2204/1/2203 2195/1/2192
f 2191/1/2188 2205/1/2201 2198/1/2194
f 2206/1/2202 2200/1/2199 2199/1/2196
f 2202/1/2198 2208/1/2204 2199/1/2196
f 2179/1/2176 2207/1/2205 2202/1/2198
f 2186/1/2182 2207/1/2205 2183/1/2180
f 2208/1/2204 2209/1/2206 2210/1/2207
f 2211/1/2208 2213/1/2209 2214/1/2210
f 2206/1/2202 2211/1/2208 2203/1/2200
f 2199/1/2196 2212/1/2211 2206/1/2202
f 2210/1/2207 2212/1/2211 2208/1/2204
f 2214/1/2210 2215/1/2212 2216/1/2213
f 2217/1/2214 2213/1/2209 2210/1/2207
f 2218/1/2215 2215/1/2212 2217/1/2214
f 2216/1/2213 2219/1/2216 2220/1/2217
f 2221/1/2218 2209/1/2206 2186/1/2182
f 2223/1/2219 2221/1/2218 2224/1/2220
f 2218/1/2215 2222/1/2221 2223/1/2219
f 2210/1/2207 2222/1/2221 2217/1/2214
f 2220/1/2217 2225/1/2222 2226/1/2223
f 2223/1/2219 2219/1/2216 2218/1/2215
f 2224/1/2220 2225/1/2222 2223/1/2219
f 2226/1/2223 2227/1/2224 2228/1/2225
f 2224/1/2220 2229/1/2226 2230/1/2227
f 2185/1/2181 2221/1/2218 2186/1/2182
f 2231/1/2228 2185/1/2181 2160/1/2156
f 2230/1/2227 2231/1/2228 2232/1/2229
f 2160/1/2156 2233/1/2230 2231/1/2228
f 915/1/914 2158/1/2155 916/1/915
f 802/1/802 2233/1/2230 915/1/914
f 2231/1/2228 2234/1/2231 2232/1/2229
f 2228/1/2225 2235/1/2232 2236/1/2233
f 2230/1/2227 2227/1/2224 2224/1/2220
f 2232/1/2229 2235/1/2232 2230/1/2227
f 2236/1/2233 2237/1/2234 2238/1/2235
f 802/1/802 2239/1/2236 2234/1/2231
f 2240/1/2237 801/1/801 689/1/688
f 2241/1/2238 2239/1/2236 2240/1/2237
f 2234/1/2231 2242/1/2239 2232/1/2229
f 2243/1/2240 2245/1/2241 2246/1/2242
f 2244/1/2243 2237/1/2234 2245/1/2241
f 2242/1/2239 2237/1/2234 2232/1/2229
f 2246/1/2242 2242/1/2239 2241/1/2238
f 689/1/688 2247/1/2244 2240/1/2237
f 2248/1/2245 686/1/686 685/1/685
f 2249/1/2246 2247/1/2244 2248/1/2245
f 2240/1/2237 2250/1/2247 2241/1/2238
f 685/1/685 2251/1/2248 2248/1/2245
f 2104/1/2101 691/1/693 680/1/680
f 2103/1/2100 2251/1/2248 2104/1/2101
f 2248/1/2245 2252/1/2249 2249/1/2246
f 2241/1/2238 2253/1/2250 2246/1/2242
f 2254/1/2251 2250/1/2247 2249/1/2246
f 2255/1/2252 2253/1/2250 2254/1/2251
f 2246/1/2242 2256/1/2253 2243/1/2240
f 2095/1/2092 2257/1/2254 2102/1/2099
f 2258/1/2255 2100/1/2097 2099/1/2096
f 2258/1/2255 2260/1/2256 2257/1/2254
f 2102/1/2099 2260/1/2256 2103/1/2100
f 2249/1/2246 2261/1/2257 2254/1/2251
f 2260/1/2256 2252/1/2249 2103/1/2100
f 2259/1/2258 2261/1/2257 2260/1/2256
f 2254/1/2251 2262/1/2259 2255/1/2252
f 710/1/710 2263/1/2260 2264/1/2261
f 764/1/764 709/1/709 703/1/703
f 765/1/765 2263/1/2260 764/1/764
f 1438/1/1438 1441/1/1441 2264/1/2261
f 735/1/735 2265/1/2262 2266/1/2263
f 732/1/734 711/1/719 708/1/708
f 2265/1/2262 708/1/708 710/1/710
f 2266/1/2263 2267/1/2264 2268/1/2265
f 1567/1/1567 2269/1/2266 2270/1/2267
f 2266/1/2263 1566/1/1566 735/1/735
f 2268/1/2265 2269/1/2266 2266/1/2263
f 2270/1/2267 2271/1/2268 2272/1/2269
f 1579/1/1579 2273/1/2270 2274/1/2271
f 2270/1/2267 1578/1/1578 1567/1/1567
f 2272/1/2269 2273/1/2270 2270/1/2267
f 2274/1/2271 2275/1/2272 2276/1/2273
f 1583/1/1583 2277/1/2274 2278/1/2275
f 2274/1/2271 1582/1/1582 1579/1/1579
f 2276/1/2273 2277/1/2274 2274/1/2271
f 2278/1/2275 2279/1/2276 2280/1/2277
f 2281/1/2278 2282/1/2279 2283/1/2280
f 2284/1/2281 1441/1/1441 1440/1/1440
f 2281/1/2278 1440/1/1440 1426/1/1426
f 1443/1/1445 1442/1/1442 2282/1/2279
f 1442/1/1442 2285/1/2282 2282/1/2279
f 2286/1/2283 1447/1/1449 1446/1/1446
f 2287/1/2284 2285/1/2282 2286/1/2283
f 2282/1/2279 2288/1/2285 2283/1/2280
f 2289/1/2286 2290/1/2287 2268/1/2265
f 2267/1/2264 710/1/710 2264/1/2261
f 2289/1/2286 2264/1/2261 1441/1/1441
f 2291/1/2288 2292/1/2289 2290/1/2287
f 2290/1/2287 2271/1/2268 2268/1/2265
f 2294/1/2290 2290/1/2287 2292/1/2289
f 2295/1/2291 2293/1/2292 2294/1/2290
f 2272/1/2269 2293/1/2292 2296/1/2293
f 2296/1/2293 2275/1/2272 2272/1/2269
f 2298/1/2294 2296/1/2293 2295/1/2291
f 2299/1/2295 2297/1/2296 2298/1/2294
f 2276/1/2273 2297/1/2296 2300/1/2297
f 2280/1/2277 2301/1/2298 2302/1/2299
f 2300/1/2297 2279/1/2276 2276/1/2273
f 2299/1/2295 2301/1/2298 2300/1/2297
f 2304/1/2300 2301/1/2298 2303/1/2301
f 2305/1/2302 2307/1/2303 2308/1/2304
f 2303/1/2301 2306/1/2305 2304/1/2300
f 2299/1/2295 2307/1/2303 2303/1/2301
f 2308/1/2304 2309/1/2306 2310/1/2307
f 2295/1/2291 2312/1/2308 2298/1/2294
f 2313/1/2309 2311/1/2310 2314/1/2311
f 2310/1/2307 2312/1/2308 2313/1/2309
f 2298/1/2294 2309/1/2306 2299/1/2295
f 1453/1/1453 2315/1/2312 2316/1/2313
f 1430/1/1430 1451/1/1451 1431/1/1431
f 798/1/798 2315/1/2312 1430/1/1430
f 2316/1/2313 2317/1/2314 2318/1/2315
f 2287/1/2284 2319/1/2316 2320/1/2317
f 1452/1/1452 2286/1/2283 1446/1/1446
f 1453/1/1453 2319/1/2316 1452/1/1452
f 2320/1/2317 2316/1/2313 2318/1/2315
f 2321/1/2318 2322/1/2319 2318/1/2315
f 796/1/795 2317/1/2314 798/1/798
f 796/1/795 1455/1/1455 2321/1/2318
f 1459/1/1459 2322/1/2319 2321/1/2318
f 2323/1/2320 2324/1/2321 2283/1/2280
f 2288/1/2285 2287/1/2284 2320/1/2317
f 2323/1/2320 2320/1/2317 2318/1/2315
f 2325/1/2322 2326/1/2323 2324/1/2321
f 2327/1/2324 2328/1/2325 2292/1/2289
f 2291/1/2288 1441/1/1441 2284/1/2281
f 2327/1/2324 2284/1/2281 2283/1/2280
f 2324/1/2321 2326/1/2323 2328/1/2325
f 2314/1/2311 2329/1/2326 2330/1/2327
f 2294/1/2290 2311/1/2310 2295/1/2291
f 2292/1/2289 2329/1/2326 2294/1/2290
f 2328/1/2325 2326/1/2323 2330/1/2327
f 2326/1/2323 2331/1/2328 2332/1/2329
f 2325/1/2322 2318/1/2315 2322/1/2319
f 2331/1/2328 2322/1/2319 1459/1/1459
f 2332/1/2329 2333/1/2330 2334/1/2331
f 2335/1/2332 2337/1/2333 2338/1/2334
f 2335/1/2332 1457/1/1457 1461/1/1461
f 2336/1/2335 1461/1/1461 1463/1/1463
f 2337/1/2333 1493/1/1493 1492/1/1492
f 2339/1/2336 2333/1/2330 1459/1/1459
f 1458/1/1458 1457/1/1457 2335/1/2332
f 2338/1/2334 2339/1/2336 2335/1/2332
f 2333/1/2330 2340/1/2337 2334/1/2331
f 2341/1/2338 2342/1/2339 2338/1/2334
f 1499/1/1499 2337/1/2333 1492/1/1492
f 1501/1/1501 2341/1/2338 1499/1/1499
f 2342/1/2339 2343/1/2340 2344/1/2341
f 2344/1/2341 2345/1/2342 2346/1/2343
f 1503/1/1503 2343/1/2340 1501/1/1501
f 1503/1/1503 2347/1/2344 2345/1/2342
f 2346/1/2343 2347/1/2344 2348/1/2345
f 1497/1/1497 2349/1/2346 2347/1/2344
f 1472/1/1472 1496/1/1496 1474/1/1473
f 1423/1/1423 2349/1/2346 1472/1/1472
f 2347/1/2344 2350/1/2347 2348/1/2345
f 1422/1/1422 2350/1/2347 1423/1/1423
f 2352/1/2348 1422/1/1422 1419/1/1419
f 2353/1/2349 2352/1/2348 2354/1/2350
f 2348/1/2345 2351/1/2351 2353/1/2349
f 1419/1/1419 2355/1/2352 2352/1/2348
f 2356/1/2353 1418/1/1418 1415/1/1415
f 2357/1/2354 2355/1/2352 2356/1/2353
f 2358/1/2355 2352/1/2348 2355/1/2352
f 1415/1/1415 2359/1/2356 2356/1/2353
f 1414/1/1414 1411/1/1411 2360/1/2357
f 2361/1/2358 2359/1/2356 2360/1/2357
f 2356/1/2353 2362/1/2359 2357/1/2354
f 2360/1/2357 2364/1/2360 2361/1/2358
f 1411/1/1411 2363/1/2361 2360/1/2357
f 1406/1/1406 2363/1/2361 1409/1/1409
f 2364/1/2360 2365/1/2362 2366/1/2363
f 2366/1/2363 2367/1/2364 2368/1/2365
f 1405/1/1405 2365/1/2362 1406/1/1406
f 1402/1/1402 2367/1/2364 1405/1/1405
f 2368/1/2365 2369/1/2366 2370/1/2367
f 2370/1/2367 2371/1/2368 2372/1/2369
f 1401/1/1401 2369/1/2366 1402/1/1402
f 2371/1/2368 1401/1/1401 1398/1/1398
f 2373/1/2370 2374/1/2371 2372/1/2369
f 2375/1/2372 2377/1/2373 2378/1/2374
f 2376/1/2375 2326/1/2323 2332/1/2329
f 2334/1/2331 2377/1/2373 2332/1/2329
f 2379/1/2376 2381/1/2377 2382/1/2378
f 2330/1/2327 2380/1/2379 2314/1/2311
f 2326/1/2323 2381/1/2377 2330/1/2327
f 2382/1/2378 2376/1/2375 2375/1/2372
f 2383/1/2380 2385/1/2381 2386/1/2382
f 2313/1/2309 2384/1/2383 2310/1/2307
f 2314/1/2311 2385/1/2381 2313/1/2309
f 2386/1/2382 2380/1/2379 2379/1/2376
f 2387/1/2384 2389/1/2385 2390/1/2386
f 2388/1/2387 2387/1/2384 2305/1/2302
f 2310/1/2307 2388/1/2387 2308/1/2304
f 2389/1/2385 2384/1/2383 2383/1/2380
f 2391/1/2388 2378/1/2374 2334/1/2331
f 2340/1/2337 2338/1/2334 2392/1/2389
f 2392/1/2389 2393/1/2390 2394/1/2391
f 2394/1/2391 2375/1/2372 2378/1/2374
f 2395/1/2392 2396/1/2393 2393/1/2390
f 2392/1/2389 2338/1/2334 2342/1/2339
f 2344/1/2341 2395/1/2392 2342/1/2339
f 2396/1/2393 2397/1/2394 2398/1/2395
f 2398/1/2395 2399/1/2396 2400/1/2397
f 2346/1/2343 2397/1/2394 2344/1/2341
f 2348/1/2345 2399/1/2396 2346/1/2343
f 2400/1/2397 2401/1/2398 2402/1/2399
f 2402/1/2399 2403/1/2400 2404/1/2401
f 2353/1/2349 2401/1/2398 2348/1/2345
f 2354/1/2350 2403/1/2400 2353/1/2349
f 2404/1/2401 2405/1/2402 2406/1/2403
f 2406/1/2403 2407/1/2404 2408/1/2405
f 2358/1/2355 2405/1/2402 2354/1/2350
f 2409/1/2406 2358/1/2355 2357/1/2354
f 2408/1/2405 2409/1/2406 2410/1/2407
f 2411/1/2408 2413/1/2409 2414/1/2410
f 2409/1/2406 2412/1/2411 2410/1/2407
f 2357/1/2354 2413/1/2409 2409/1/2406
f 2414/1/2410 2362/1/2359 2361/1/2358
f 2415/1/2412 2417/1/2413 2418/1/2414
f 2414/1/2410 2416/1/2415 2411/1/2408
f 2361/1/2358 2417/1/2413 2414/1/2410
f 2418/1/2414 2364/1/2360 2366/1/2363
f 2419/1/2416 2421/1/2417 2422/1/2418
f 2418/1/2414 2420/1/2419 2415/1/2412
f 2366/1/2363 2421/1/2417 2418/1/2414
f 2422/1/2418 2368/1/2365 2370/1/2367
f 2423/1/2420 2425/1/2421 2426/1/2422
f 2422/1/2418 2424/1/2423 2419/1/2416
f 2370/1/2367 2425/1/2421 2422/1/2418
f 2426/1/2422 2372/1/2369 2374/1/2371
f 2427/1/2424 2429/1/2425 2430/1/2426
f 2419/1/2416 2428/1/2427 2427/1/2424
f 2423/1/2420 2428/1/2427 2424/1/2423
f 2429/1/2425 2431/1/2428 2432/1/2429
f 2433/1/2430 2435/1/2431 2436/1/2432
f 2416/1/2415 2434/1/2433 2411/1/2408
f 2437/1/2434 2416/1/2415 2415/1/2412
f 2436/1/2432 2437/1/2434 2438/1/2435
f 2415/1/2412 2439/1/2436 2437/1/2434
f 2427/1/2424 2420/1/2419 2419/1/2416
f 2430/1/2426 2439/1/2436 2427/1/2424
f 2437/1/2434 2440/1/2437 2438/1/2435
f 2441/1/2438 2443/1/2439 2444/1/2440
f 2412/1/2411 2442/1/2441 2410/1/2407
f 2411/1/2408 2443/1/2439 2412/1/2411
f 2444/1/2440 2434/1/2433 2433/1/2430
f 2433/1/2430 2445/1/2442 2444/1/2440
f 2446/1/2443 2436/1/2432 2438/1/2435
f 2447/1/2444 2445/1/2442 2446/1/2443
f 2444/1/2440 2448/1/2445 2441/1/2438
f 2449/1/2446 2451/1/2447 2452/1/2448
f 2408/1/2405 2450/1/2449 2406/1/2403
f 2410/1/2407 2451/1/2447 2408/1/2405
f 2452/1/2448 2442/1/2441 2441/1/2438
f 2441/1/2438 2453/1/2450 2452/1/2448
f 2454/1/2451 2448/1/2445 2447/1/2444
f 2454/1/2451 2456/1/2452 2453/1/2450
f 2452/1/2448 2456/1/2452 2449/1/2446
f 2457/1/2453 2459/1/2454 2460/1/2455
f 2404/1/2401 2458/1/2456 2402/1/2399
f 2406/1/2403 2459/1/2454 2404/1/2401
f 2460/1/2455 2450/1/2449 2449/1/2446
f 2457/1/2453 2461/1/2457 2462/1/2458
f 2456/1/2452 2460/1/2455 2449/1/2446
f 2455/1/2459 2461/1/2457 2456/1/2452
f 2462/1/2458 2463/1/2460 2464/1/2461
f 2402/1/2399 2465/1/2462 2400/1/2397
f 2466/1/2463 2458/1/2456 2457/1/2453
f 2467/1/2464 2465/1/2462 2466/1/2463
f 2400/1/2397 2468/1/2465 2398/1/2395
f 2467/1/2464 2469/1/2466 2470/1/2467
f 2462/1/2458 2466/1/2463 2457/1/2453
f 2464/1/2461 2469/1/2466 2462/1/2458
f 2470/1/2467 2471/1/2468 2472/1/2469
f 2473/1/2470 2474/1/2471 2475/1/2472
f 2396/1/2393 2476/1/2473 2393/1/2390
f 2398/1/2395 2473/1/2470 2396/1/2393
f 2468/1/2465 2467/1/2464 2474/1/2471
f 2477/1/2474 2478/1/2475 2475/1/2472
f 2474/1/2471 2467/1/2464 2470/1/2467
f 2472/1/2469 2477/1/2474 2470/1/2467
f 2478/1/2475 2479/1/2476 2480/1/2477
f 2481/1/2478 2483/1/2479 2484/1/2480
f 2394/1/2391 2482/1/2481 2375/1/2372
f 2393/1/2390 2483/1/2479 2394/1/2391
f 2484/1/2480 2476/1/2473 2475/1/2472
f 2475/1/2472 2485/1/2482 2484/1/2480
f 2480/1/2477 2485/1/2482 2478/1/2475
f 2486/1/2483 2488/1/2484 2485/1/2482
f 2484/1/2480 2488/1/2484 2481/1/2478
f 2375/1/2372 2489/1/2485 2382/1/2378
f 2490/1/2486 2482/1/2481 2481/1/2478
f 2491/1/2487 2489/1/2485 2490/1/2486
f 2382/1/2378 2492/1/2488 2379/1/2376
f 2481/1/2478 2493/1/2489 2490/1/2486
f 2494/1/2490 2488/1/2484 2487/1/2491
f 2495/1/2492 2493/1/2489 2494/1/2490
f 2490/1/2486 2496/1/2493 2491/1/2487
f 2379/1/2376 2497/1/2494 2386/1/2382
f 2498/1/2495 2492/1/2488 2491/1/2487
f 2499/1/2496 2497/1/2494 2498/1/2495
f 2386/1/2382 2500/1/2497 2383/1/2380
f 2491/1/2487 2501/1/2498 2498/1/2495
f 2502/1/2499 2496/1/2493 2495/1/2492
f 2502/1/2499 2504/1/2500 2501/1/2498
f 2498/1/2495 2504/1/2500 2499/1/2496
f 2383/1/2380 2505/1/2501 2389/1/2385
f 2506/1/2502 2500/1/2497 2499/1/2496
f 2507/1/2503 2505/1/2501 2506/1/2502
f 2389/1/2385 2508/1/2504 2390/1/2386
f 2499/1/2496 2509/1/2505 2506/1/2502
f 2503/1/2506 2509/1/2505 2504/1/2500
f 2511/1/2507 2510/1/2508 2512/1/2509
f 2506/1/2502 2511/1/2507 2507/1/2503
f 1150/1/1149 2513/1/2510 2514/1/2511
f 2515/1/2512 1149/1/1148 1148/1/1147
f 2516/1/2513 2513/1/2510 2515/1/2512
f 2514/1/2511 2517/1/2514 2518/1/2515
f 2519/1/2516 2520/1/2517 2521/1/2518
f 2520/1/2517 2523/1/2519 2521/1/2518
f 2524/1/2520 2521/1/2518 2523/1/2519
f 2526/1/2521 2525/1/2522 2527/1/2523
f 2528/1/2524 2530/1/2525 2531/1/2526
f 2532/1/2527 2529/1/2528 2533/1/2529
f 2534/1/2530 2530/1/2525 2532/1/2527
f 2531/1/2526 2535/1/2531 2536/1/2532
f 2518/1/2515 2537/1/2533 2538/1/2534
f 2539/1/2535 2517/1/2514 2516/1/2513
f 2527/1/2523 2537/1/2533 2539/1/2535
f 2538/1/2534 2525/1/2522 2524/1/2520
f 2516/1/2513 2541/1/2536 2539/1/2535
f 2542/1/2537 2540/1/2538 2543/1/2539
f 2544/1/2540 2541/1/2536 2542/1/2537
f 2539/1/2535 2545/1/2541 2527/1/2523
f 2543/1/2539 2547/1/2542 2542/1/2537
f 2529/1/2528 2546/1/2543 2533/1/2529
f 2528/1/2524 2547/1/2542 2529/1/2528
f 2542/1/2537 2548/1/2544 2544/1/2540
f 2549/1/2545 2551/1/2546 2552/1/2547
f 2278/1/2275 2550/1/2548 1583/1/1583
f 2280/1/2277 2551/1/2546 2278/1/2275
f 2552/1/2547 2553/1/2549 2554/1/2550
f 2534/1/2530 2555/1/2551 2556/1/2552
f 2533/1/2529 2555/1/2551 2532/1/2527
f 2558/1/2553 2557/1/2554 2559/1/2555
f 2556/1/2552 2558/1/2553 2560/1/2556
f 2561/1/2557 2563/1/2558 2564/1/2559
f 2561/1/2557 1526/1/1526 1537/1/1537
f 1539/1/1539 2562/1/2560 1537/1/1537
f 2565/1/2561 2566/1/2562 2563/1/2558
f 1512/1/1512 2567/1/2563 2568/1/2564
f 2561/1/2557 1527/1/1527 1526/1/1526
f 2569/1/2565 2561/1/2557 2564/1/2559
f 2568/1/2564 2569/1/2565 2570/1/2566
f 230/1/229 2571/1/2567 238/1/237
f 2568/1/2564 1513/1/1515 1512/1/1512
f 2570/1/2566 2571/1/2567 2568/1/2564
f 238/1/237 2572/1/2568 239/1/238
f 239/1/238 2573/1/2569 2574/1/2570
f 2575/1/2571 2572/1/2568 2570/1/2566
f 2576/1/2572 2573/1/2569 2575/1/2571
f 2574/1/2570 2577/1/2573 2578/1/2574
f 2570/1/2566 2579/1/2575 2575/1/2571
f 2569/1/2565 2564/1/2559 2580/1/2576
f 2581/1/2577 2579/1/2575 2580/1/2576
f 2575/1/2571 2582/1/2578 2576/1/2572
f 2581/1/2577 2583/1/2579 2584/1/2580
f 2585/1/2581 2580/1/2576 2564/1/2559
f 2586/1/2582 2583/1/2579 2585/1/2581
f 2584/1/2580 2587/1/2583 2588/1/2584
f 2589/1/2585 2587/1/2583 2586/1/2582
f 2591/1/2586 2589/1/2585 2560/1/2556
f 2592/1/2587 2591/1/2586 2593/1/2588
f 2588/1/2584 2590/1/2589 2592/1/2587
f 2559/1/2555 2595/1/2590 2558/1/2553
f 2596/1/2591 2594/1/2592 2597/1/2593
f 2593/1/2588 2595/1/2590 2596/1/2591
f 2558/1/2553 2591/1/2586 2560/1/2556
f 1055/1/1055 2598/1/2594 2599/1/2595
f 2600/1/2596 1054/1/1054 1015/1/1014
f 2601/1/2597 2598/1/2594 2600/1/2596
f 2599/1/2595 2602/1/2598 2597/1/2593
f 2603/1/2599 2605/1/2600 2606/1/2601
f 2596/1/2591 2604/1/2602 2593/1/2588
f 2597/1/2593 2605/1/2600 2596/1/2591
f 2602/1/2598 2601/1/2597 2606/1/2601
f 2607/1/2603 2609/1/2604 2610/1/2605
f 1581/1/1581 2608/1/2606 1575/1/1575
f 1583/1/1583 2609/1/2604 1581/1/1581
f 2610/1/2605 2550/1/2548 2549/1/2545
f 2611/1/2607 2613/1/2608 2614/1/2609
f 2615/1/2610 2612/1/2611 2616/1/2612
f 2552/1/2547 2615/1/2610 2549/1/2545
f 2614/1/2609 2552/1/2547 2554/1/2550
f 2617/1/2613 2619/1/2614 2620/1/2615
f 2621/1/2616 2618/1/2617 2536/1/2532
f 2616/1/2612 2619/1/2614 2621/1/2616
f 2620/1/2615 2612/1/2611 2611/1/2607
f 2622/1/2618 2624/1/2619 2625/1/2620
f 2610/1/2605 2623/1/2621 2607/1/2603
f 2549/1/2545 2624/1/2619 2610/1/2605
f 2625/1/2620 2615/1/2610 2616/1/2612
f 2534/1/2530 2627/1/2622 2535/1/2531
f 2628/1/2623 2626/1/2624 2629/1/2625
f 2616/1/2612 2627/1/2622 2628/1/2623
f 2536/1/2532 2627/1/2622 2621/1/2616
f 2586/1/2582 2630/1/2626 2631/1/2627
f 2564/1/2559 2630/1/2626 2585/1/2581
f 2566/1/2562 2630/1/2626 2563/1/2558
f 2631/1/2627 2632/1/2628 2629/1/2625
f 2560/1/2556 2633/1/2629 2556/1/2552
f 2631/1/2627 2589/1/2585 2586/1/2582
f 2629/1/2625 2633/1/2629 2631/1/2627
f 2556/1/2552 2626/1/2624 2534/1/2530
f 2634/1/2630 2635/1/2631 2566/1/2562
f 1549/1/1549 2565/1/2561 1539/1/1539
f 1551/1/1551 2634/1/2630 1549/1/1549
f 2635/1/2631 2636/1/2632 2637/1/2633
f 2637/1/2633 2638/1/2634 2639/1/2635
f 1562/1/1561 2636/1/2632 1551/1/1551
f 1563/1/1563 2638/1/2634 1562/1/1561
f 2639/1/2635 2640/1/2636 2641/1/2637
f 2642/1/2638 2643/1/2639 2641/1/2637
f 1573/1/1573 2640/1/2636 1563/1/1563
f 2642/1/2638 1573/1/1573 1575/1/1575
f 2643/1/2639 2608/1/2606 2607/1/2603
f 2644/1/2640 2646/1/2641 2647/1/2642
f 2637/1/2633 2645/1/2643 2644/1/2640
f 2641/1/2637 2645/1/2643 2639/1/2635
f 2607/1/2603 2648/1/2644 2643/1/2639
f 2649/1/2645 2623/1/2621 2622/1/2618
f 2647/1/2642 2648/1/2644 2649/1/2645
f 2643/1/2639 2646/1/2641 2641/1/2637
f 2622/1/2618 2650/1/2646 2649/1/2645
f 2628/1/2623 2625/1/2620 2616/1/2612
f 2629/1/2625 2650/1/2646 2628/1/2623
f 2649/1/2645 2651/1/2647 2647/1/2642
f 2647/1/2642 2652/1/2648 2644/1/2640
f 2632/1/2628 2651/1/2647 2629/1/2625
f 2635/1/2631 2632/1/2628 2566/1/2562
f 2644/1/2640 2635/1/2631 2637/1/2633
f 335/1/334 2653/1/2649 2654/1/2650
f 297/1/296 334/1/333 295/1/294
f 299/1/298 2653/1/2649 297/1/296
f 2654/1/2650 2655/1/2651 2656/1/2652
f 375/1/374 2657/1/2653 2658/1/2654
f 2654/1/2650 374/1/373 335/1/334
f 2656/1/2652 2657/1/2653 2654/1/2650
f 2658/1/2654 2659/1/2655 2660/1/2656
f 2661/1/2657 2663/1/2658 2664/1/2659
f 1011/1/1010 2662/1/2660 1008/1/1008
f 375/1/374 2663/1/2658 1011/1/1010
f 2664/1/2659 2658/1/2654 2660/1/2656
f 2665/1/2661 2667/1/2662 2668/1/2663
f 1016/1/1015 2666/1/2664 1017/1/1016
f 1008/1/1008 2667/1/2662 1016/1/1015
f 2668/1/2663 2662/1/2660 2661/1/2657
f 2669/1/2665 2670/1/2666 2671/1/2667
f 2671/1/2667 2588/1/2584 2592/1/2587
f 2672/1/2668 2592/1/2587 2593/1/2588
f 2603/1/2599 2672/1/2668 2604/1/2602
f 2673/1/2669 2675/1/2670 2676/1/2671
f 2584/1/2580 2674/1/2672 2581/1/2577
f 2675/1/2670 2584/1/2580 2588/1/2584
f 2671/1/2667 2670/1/2666 2676/1/2671
f 2677/1/2673 2679/1/2674 2680/1/2675
f 2600/1/2596 2678/1/2676 2601/1/2597
f 1015/1/1014 2679/1/2674 2600/1/2596
f 2680/1/2675 1014/1/1013 1017/1/1016
f 2670/1/2666 2681/1/2677 2682/1/2678
f 2606/1/2601 2669/1/2665 2603/1/2599
f 2601/1/2597 2681/1/2677 2606/1/2601
f 2682/1/2678 2678/1/2676 2677/1/2673
f 2683/1/2679 2685/1/2680 2686/1/2681
f 2680/1/2675 2684/1/2682 2677/1/2673
f 1017/1/1016 2685/1/2680 2680/1/2675
f 2686/1/2681 2666/1/2664 2665/1/2661
f 2576/1/2572 2687/1/2683 2688/1/2684
f 2674/1/2672 2582/1/2578 2581/1/2577
f 2673/1/2669 2687/1/2683 2674/1/2672
f 2688/1/2684 2689/1/2685 2690/1/2686
f 2691/1/2687 2692/1/2688 2673/1/2669
f 2676/1/2671 2670/1/2666 2682/1/2678
f 2677/1/2673 2691/1/2687 2682/1/2678
f 2692/1/2688 2693/1/2689 2694/1/2690
f 2694/1/2690 2695/1/2691 2696/1/2692
f 2684/1/2682 2693/1/2689 2677/1/2673
f 2697/1/2693 2684/1/2682 2683/1/2679
f 2698/1/2694 2695/1/2691 2697/1/2693
f 2688/1/2684 2577/1/2573 2576/1/2572
f 2690/1/2686 2699/1/2695 2688/1/2684
f 2577/1/2573 2700/1/2696 2578/1/2574
f 2692/1/2688 2689/1/2685 2673/1/2669
f 2694/1/2690 2701/1/2697 2692/1/2688
f 2703/1/2698 2702/1/2699 2704/1/2700
f 2690/1/2686 2701/1/2697 2703/1/2698
f 2704/1/2700 2705/1/2701 2706/1/2702
f 2696/1/2692 2702/1/2699 2694/1/2690
f 2707/1/2703 2696/1/2692 2698/1/2694
f 2706/1/2702 2707/1/2703 2708/1/2704
f 2709/1/2705 2711/1/2706 2712/1/2707
f 2713/1/2708 2710/1/2709 2714/1/2710
f 299/1/298 2711/1/2706 2713/1/2708
f 2712/1/2707 298/1/297 241/1/240
f 241/1/240 2715/1/2711 2712/1/2707
f 2574/1/2570 240/1/239 239/1/238
f 2578/1/2574 2715/1/2711 2574/1/2570
f 2712/1/2707 2716/1/2712 2709/1/2705
f 2578/1/2574 2717/1/2713 2718/1/2714
f 2703/1/2698 2700/1/2696 2690/1/2686
f 2704/1/2700 2717/1/2713 2703/1/2698
f 2718/1/2714 2719/1/2715 2720/1/2716
f 2720/1/2716 2721/1/2717 2722/1/2718
f 2706/1/2702 2719/1/2715 2704/1/2700
f 2708/1/2704 2721/1/2717 2706/1/2702
f 2722/1/2718 2723/1/2719 2724/1/2720
f 2656/1/2652 2725/1/2721 2726/1/2722
f 2713/1/2708 2655/1/2651 299/1/298
f 2714/1/2710 2725/1/2721 2713/1/2708
f 2726/1/2722 2727/1/2723 2728/1/2724
f 2709/1/2705 2729/1/2725 2730/1/2726
f 2718/1/2714 2716/1/2712 2578/1/2574
f 2720/1/2716 2729/1/2725 2718/1/2714
f 2730/1/2726 2731/1/2727 2732/1/2728
f 2714/1/2710 2733/1/2729 2727/1/2723
f 2730/1/2726 2710/1/2709 2709/1/2705
f 2732/1/2728 2733/1/2729 2730/1/2726
f 2727/1/2723 2734/1/2730 2728/1/2724
f 2732/1/2728 2735/1/2731 2736/1/2732
f 2722/1/2718 2731/1/2727 2720/1/2716
f 2724/1/2720 2735/1/2731 2722/1/2718
f 2736/1/2732 2737/1/2733 2738/1/2734
f 2728/1/2724 2739/1/2735 2740/1/2736
f 2736/1/2732 2734/1/2730 2732/1/2728
f 2738/1/2734 2739/1/2735 2736/1/2732
f 2740/1/2736 2741/1/2737 2742/1/2738
f 2660/1/2656 2743/1/2739 2744/1/2740
f 2726/1/2722 2659/1/2655 2656/1/2652
f 2728/1/2724 2743/1/2739 2726/1/2722
f 2744/1/2740 2745/1/2741 2746/1/2742
f 2744/1/2740 2664/1/2659 2660/1/2656
f 2746/1/2742 2747/1/2743 2744/1/2740
f 2749/1/2744 2747/1/2743 2748/1/2745
f 2664/1/2659 2750/1/2746 2661/1/2657
f 2746/1/2742 2751/1/2747 2752/1/2748
f 2740/1/2736 2745/1/2741 2728/1/2724
f 2742/1/2738 2751/1/2747 2740/1/2736
f 2752/1/2748 2753/1/2749 2754/1/2750
f 2661/1/2657 2755/1/2751 2668/1/2663
f 2756/1/2752 2750/1/2746 2749/1/2744
f 2757/1/2753 2755/1/2751 2756/1/2752
f 2668/1/2663 2758/1/2754 2665/1/2661
f 2748/1/2745 2760/1/2755 2749/1/2744
f 2752/1/2748 2748/1/2745 2746/1/2742
f 2754/1/2750 2759/1/2756 2752/1/2748
f 2762/1/2757 2759/1/2756 2761/1/2758
f 2665/1/2661 2763/1/2759 2686/1/2681
f 2764/1/2760 2758/1/2754 2757/1/2753
f 2765/1/2761 2763/1/2759 2764/1/2760
f 2686/1/2681 2766/1/2762 2683/1/2679
f 2767/1/2763 2769/1/2764 2770/1/2765
f 2756/1/2752 2768/1/2766 2757/1/2753
f 2749/1/2744 2769/1/2764 2756/1/2752
f 2770/1/2765 2760/1/2755 2762/1/2757
f 2771/1/2767 2773/1/2768 2774/1/2769
f 2697/1/2693 2772/1/2770 2698/1/2694
f 2683/1/2679 2773/1/2768 2697/1/2693
f 2774/1/2769 2766/1/2762 2765/1/2761
f 2775/1/2771 2777/1/2772 2778/1/2773
f 2708/1/2704 2777/1/2772 2776/1/2774
f 2698/1/2694 2777/1/2772 2707/1/2703
f 2778/1/2773 2772/1/2770 2771/1/2767
f 2757/1/2753 2779/1/2775 2764/1/2760
f 2780/1/2776 2768/1/2766 2767/1/2763
f 2781/1/2777 2779/1/2775 2780/1/2776
f 2764/1/2760 2782/1/2778 2765/1/2761
f 2724/1/2720 2783/1/2779 2784/1/2780
f 2776/1/2774 2723/1/2719 2708/1/2704
f 2775/1/2771 2783/1/2779 2776/1/2774
f 2784/1/2780 2785/1/2781 2786/1/2782
f 2787/1/2783 2788/1/2784 2789/1/2785
f 2774/1/2769 2790/1/2786 2771/1/2767
f 2765/1/2761 2787/1/2783 2774/1/2769
f 2788/1/2784 2782/1/2778 2781/1/2777
f 2786/1/2782 2791/1/2787 2792/1/2788
f 2778/1/2773 2785/1/2781 2775/1/2771
f 2771/1/2767 2791/1/2787 2778/1/2773
f 2792/1/2788 2790/1/2786 2789/1/2785
f 2738/1/2734 2793/1/2789 2794/1/2790
f 2784/1/2780 2737/1/2733 2724/1/2720
f 2786/1/2782 2793/1/2789 2784/1/2780
f 2794/1/2790 2795/1/2791 2796/1/2792
f 2742/1/2738 2797/1/2793 2798/1/2794
f 2794/1/2790 2741/1/2737 2738/1/2734
f 2796/1/2792 2797/1/2793 2794/1/2790
f 2798/1/2794 2799/1/2795 2800/1/2796
f 2796/1/2792 2801/1/2797 2802/1/2798
f 2792/1/2788 2795/1/2791 2786/1/2782
f 2802/1/2798 2792/1/2788 2789/1/2785
f 2800/1/2796 2803/1/2799 2804/1/2800
f 2802/1/2798 2799/1/2795 2796/1/2792
f 2789/1/2785 2803/1/2799 2802/1/2798
f 2804/1/2800 2805/1/2801 2806/1/2802
f 2788/1/2784 2805/1/2801 2789/1/2785
f 2808/1/2803 2788/1/2784 2781/1/2777
f 2809/1/2804 2807/1/2805 2808/1/2803
f 2806/1/2802 2807/1/2805 2810/1/2806
f 2810/1/2806 2812/1/2807 2806/1/2802
f 2813/1/2808 2810/1/2806 2809/1/2804
f 2814/1/2809 2811/1/2810 2813/1/2808
f 2816/1/2811 2811/1/2810 2815/1/2812
f 2781/1/2777 2817/1/2813 2808/1/2803
f 2767/1/2763 2817/1/2813 2780/1/2776
f 2819/1/2814 2818/1/2815 2820/1/2816
f 2808/1/2803 2819/1/2814 2809/1/2804
f 2820/1/2816 2821/1/2817 2822/1/2818
f 2770/1/2765 2818/1/2815 2767/1/2763
f 2762/1/2757 2821/1/2817 2770/1/2765
f 2822/1/2818 2823/1/2819 2824/1/2820
f 2825/1/2821 2826/1/2822 2827/1/2823
f 2804/1/2800 2828/1/2824 2800/1/2796
f 2806/1/2802 2825/1/2821 2804/1/2800
f 2816/1/2811 2826/1/2822 2825/1/2821
f 2754/1/2750 2829/1/2825 2830/1/2826
f 2798/1/2794 2753/1/2749 2742/1/2738
f 2800/1/2796 2829/1/2825 2798/1/2794
f 2830/1/2826 2828/1/2824 2827/1/2823
f 2824/1/2820 2831/1/2827 2832/1/2828
f 2761/1/2758 2823/1/2819 2762/1/2757
f 2830/1/2826 2761/1/2758 2754/1/2750
f 2830/1/2826 2832/1/2828 2831/1/2827
f 2833/1/2829 2834/1/2830 2835/1/2831
f 2822/1/2818 2836/1/2832 2820/1/2816
f 2824/1/2820 2833/1/2829 2822/1/2818
f 2832/1/2828 2827/1/2823 2834/1/2830
f 2816/1/2811 2837/1/2833 2826/1/2822
f 2838/1/2834 2815/1/2812 2814/1/2809
f 2834/1/2830 2838/1/2834 2835/1/2831
f 2826/1/2822 2834/1/2830 2827/1/2823
f 2814/1/2809 2839/1/2835 2838/1/2834
f 2819/1/2814 2813/1/2808 2809/1/2804
f 2820/1/2816 2839/1/2835 2819/1/2814
f 2835/1/2831 2839/1/2835 2836/1/2832
f 2840/1/2836 2841/1/2837 2842/1/2838
f 1086/1/1085 2843/1/2839 1087/1/1086
f 1068/1/1068 2840/1/2836 1086/1/1085
f 2841/1/2837 1073/1/1073 1072/1/1072
f 1170/1/1169 2844/1/2840 2845/1/2841
f 1167/1/1166 2844/1/2840 1173/1/1171
f 2843/1/2839 1166/1/1165 1087/1/1086
f 2845/1/2841 2843/1/2839 2842/1/2838
f 1176/1/1175 2847/1/2842 1177/1/1176
f 2845/1/2841 1176/1/1175 1170/1/1169
f 2845/1/2841 2842/1/2838 2848/1/2843
f 2847/1/2842 2848/1/2843 2849/1/2844
f 1032/1/1032 2850/1/2845 1071/1/1071
f 2851/1/2846 1037/1/1039 1036/1/1036
f 2852/1/2847 2850/1/2845 2851/1/2846
f 1071/1/1071 2853/1/2848 1072/1/1072
f 1072/1/1072 2854/1/2849 2841/1/2837
f 2855/1/2850 2853/1/2848 2852/1/2847
f 2856/1/2851 2854/1/2849 2855/1/2850
f 2841/1/2837 2857/1/2852 2842/1/2838
f 2849/1/2844 2858/1/2853 2859/1/2854
f 2858/1/2853 2848/1/2843 2842/1/2838
f 2859/1/2854 2857/1/2852 2856/1/2851
f 1036/1/1036 2860/1/2855 2851/1/2846
f 2861/1/2856 1041/1/1043 1040/1/1040
f 2862/1/2857 2860/1/2855 2861/1/2856
f 2851/1/2846 2863/1/2858 2852/1/2847
f 1177/1/1176 2864/1/2859 1181/1/1179
f 2849/1/2844 2864/1/2859 2847/1/2842
f 2866/1/2860 2864/1/2859 2865/1/2861
f 1181/1/1179 2867/1/2862 1178/1/1177
f 2852/1/2847 2868/1/2863 2855/1/2850
f 2863/1/2858 2862/1/2857 2869/1/2864
f 2870/1/2865 2868/1/2863 2869/1/2864
f 2855/1/2850 2871/1/2866 2856/1/2851
f 2866/1/2860 2872/1/2867 2873/1/2868
f 2859/1/2854 2865/1/2861 2849/1/2844
f 2856/1/2851 2872/1/2867 2859/1/2854
f 2873/1/2868 2871/1/2866 2870/1/2865
f 2861/1/2856 2875/1/2869 2862/1/2857
f 2861/1/2856 1045/1/1045 2874/1/2870
f 1047/1/1047 2874/1/2870 1045/1/1045
f 2876/1/2871 2877/1/2872 2875/1/2869
f 1178/1/1177 2878/1/2873 1185/1/1183
f 2879/1/2874 2867/1/2862 2866/1/2860
f 2880/1/2875 2878/1/2873 2879/1/2874
f 1185/1/1183 2881/1/2876 1182/1/1181
f 2869/1/2864 2883/1/2877 2870/1/2865
f 2882/1/2878 2869/1/2864 2862/1/2857
f 2882/1/2878 2875/1/2869 2877/1/2872
f 2883/1/2877 2884/1/2879 2885/1/2880
f 2866/1/2860 2886/1/2881 2879/1/2874
f 2870/1/2865 2886/1/2881 2873/1/2868
f 2885/1/2880 2886/1/2881 2883/1/2877
f 2879/1/2874 2887/1/2882 2880/1/2875
f 2888/1/2883 2889/1/2884 2877/1/2872
f 1050/1/1050 2876/1/2871 1047/1/1047
f 1049/1/1049 2888/1/2883 1050/1/1050
f 2889/1/2884 2890/1/2885 2891/1/2886
f 2885/1/2880 2892/1/2887 2893/1/2888
f 2889/1/2884 2884/1/2879 2877/1/2872
f 2891/1/2886 2892/1/2887 2889/1/2884
f 2893/1/2888 2894/1/2889 2895/1/2890
f 2896/1/2891 2898/1/2892 2899/1/2893
f 2599/1/2595 2897/1/2894 1055/1/1055
f 2597/1/2593 2898/1/2892 2599/1/2595
f 2899/1/2893 2594/1/2592 2559/1/2555
f 2891/1/2886 2900/1/2895 2901/1/2896
f 1053/1/1053 2890/1/2885 1049/1/1049
f 1055/1/1055 2900/1/2895 1053/1/1053
f 2897/1/2894 2896/1/2891 2901/1/2896
f 2895/1/2890 2902/1/2897 2903/1/2898
f 2901/1/2896 2894/1/2889 2891/1/2886
f 2902/1/2897 2901/1/2896 2896/1/2891
f 2903/1/2898 2904/1/2899 2905/1/2900
f 1182/1/1181 2906/1/2901 1189/1/1187
f 2907/1/2902 2881/1/2876 2880/1/2875
f 2908/1/2903 2906/1/2901 2907/1/2902
f 1189/1/1187 2909/1/2904 1186/1/1185
f 2880/1/2875 2910/1/2905 2907/1/2902
f 2893/1/2888 2887/1/2882 2885/1/2880
f 2895/1/2890 2910/1/2905 2893/1/2888
f 2907/1/2902 2911/1/2906 2908/1/2903
f 2559/1/2555 2912/1/2907 2899/1/2893
f 2913/1/2908 2557/1/2554 2533/1/2529
f 2914/1/2909 2912/1/2907 2913/1/2908
f 2899/1/2893 2915/1/2910 2896/1/2891
f 2543/1/2539 2916/1/2911 2917/1/2912
f 2515/1/2512 2540/1/2538 2516/1/2513
f 1148/1/1147 2916/1/2911 2515/1/2512
f 2917/1/2912 2918/1/2913 2919/1/2914
f 2920/1/2915 2921/1/2916 2905/1/2900
f 2904/1/2899 2896/1/2891 2915/1/2910
f 2915/1/2910 2914/1/2909 2922/1/2917
f 2922/1/2917 2923/1/2918 2921/1/2916
f 2924/1/2919 2917/1/2912 2919/1/2914
f 2913/1/2908 2924/1/2919 2914/1/2909
f 2533/1/2529 2925/1/2920 2913/1/2908
f 2917/1/2912 2546/1/2543 2543/1/2539
f 2923/1/2918 2926/1/2921 2927/1/2922
f 2914/1/2909 2926/1/2921 2922/1/2917
f 2927/1/2922 2924/1/2919 2919/1/2914
f 1186/1/1185 2928/1/2923 2929/1/2924
f 2930/1/2925 2909/1/2904 2908/1/2903
f 2923/1/2918 2928/1/2923 2930/1/2925
f 2929/1/2924 2927/1/2922 2919/1/2914
f 1144/1/1143 2931/1/2926 1147/1/1146
f 2929/1/2924 1187/1/1188 1186/1/1185
f 2919/1/2914 2931/1/2926 2929/1/2924
f 1147/1/1146 2918/1/2913 1148/1/1147
f 2908/1/2903 2932/1/2927 2930/1/2925
f 2903/1/2898 2911/1/2906 2895/1/2890
f 2905/1/2900 2932/1/2927 2903/1/2898
f 2930/1/2925 2921/1/2916 2923/1/2918
f 1351/1/1350 2934/1/2928 1348/1/1348
f 2935/1/2929 1351/1/1350 1353/1/1353
f 2936/1/2930 2933/1/2931 2935/1/2929
f 2934/1/2928 2937/1/2932 2938/1/2933
f 2939/1/2934 1357/1/1356 1348/1/1348
f 2938/1/2933 2939/1/2934 2934/1/2928
f 2941/1/2935 2939/1/2934 2940/1/2936
f 2942/1/2937 1354/1/1354 1357/1/1356
f 2938/1/2933 2943/1/2938 2940/1/2936
f 2944/1/2939 2937/1/2932 2936/1/2930
f 2945/1/2940 2943/1/2938 2944/1/2939
f 2940/1/2936 2946/1/2941 2941/1/2935
f 1359/1/1359 2948/1/2942 1360/1/1360
f 2947/1/2943 1359/1/1359 1354/1/1354
f 2949/1/2944 2942/1/2937 2941/1/2935
f 2948/1/2942 2949/1/2944 2950/1/2945
f 1364/1/1364 2951/1/2946 1394/1/1396
f 1363/1/1363 1360/1/1360 2948/1/2942
f 2950/1/2945 2951/1/2946 2948/1/2942
f 1394/1/1396 2952/1/2947 1397/1/1397
f 1397/1/1397 2953/1/2948 2954/1/2949
f 2955/1/2950 2952/1/2947 2950/1/2945
f 2956/1/2951 2953/1/2948 2955/1/2950
f 2957/1/2952 2958/1/2953 2954/1/2949
f 2959/1/2954 2960/1/2955 2374/1/2371
f 1396/1/1395 2373/1/2370 1398/1/1398
f 1397/1/1397 2959/1/2954 1396/1/1395
f 2960/1/2955 2954/1/2949 2958/1/2953
f 2432/1/2429 2961/1/2956 2962/1/2957
f 2426/1/2422 2431/1/2428 2423/1/2420
f 2374/1/2371 2961/1/2956 2426/1/2422
f 2962/1/2957 2960/1/2955 2958/1/2953
f 2941/1/2935 2963/1/2958 2949/1/2944
f 2964/1/2959 2946/1/2941 2945/1/2940
f 2964/1/2959 2955/1/2950 2963/1/2958
f 2950/1/2945 2963/1/2958 2955/1/2950
f 2965/1/2960 2967/1/2961 2968/1/2962
f 2531/1/2526 2966/1/2963 2528/1/2524
f 2536/1/2532 2967/1/2961 2531/1/2526
f 2968/1/2962 2618/1/2617 2617/1/2613
f 2969/1/2964 2966/1/2963 2965/1/2960
f 2971/1/2965 2970/1/2966 2969/1/2964
f 2544/1/2540 2970/1/2966 2972/1/2967
f 2966/1/2963 2548/1/2544 2528/1/2524
f 2527/1/2523 2973/1/2968 2526/1/2521
f 2972/1/2967 2545/1/2541 2544/1/2540
f 2974/1/2969 2972/1/2967 2971/1/2965
f 2974/1/2969 2519/1/2516 2526/1/2521
f 2975/1/2970 2977/1/2971 2978/1/2972
f 2979/1/2973 2976/1/2974 2975/1/2970
f 2981/1/2975 2980/1/2976 2982/1/2977
f 2977/1/2971 2981/1/2975 2983/1/2978
f 2984/1/2979 2986/1/2980 2987/1/2981
f 2988/1/2982 2985/1/2983 2984/1/2979
f 2975/1/2970 2989/1/2984 2979/1/2973
f 2978/1/2972 2985/1/2983 2975/1/2970
f 2990/1/2985 2992/1/2986 2993/1/2987
f 2994/1/2988 2991/1/2989 2995/1/2990
f 2982/1/2977 2992/1/2986 2994/1/2988
f 2993/1/2987 2996/1/2991 2997/1/2992
f 2995/1/2990 2999/1/2993 2994/1/2988
f 2983/1/2978 2999/1/2993 2998/1/2994
f 2994/1/2988 2981/1/2975 2982/1/2977
f 3000/1/2995 3002/1/2996 3003/1/2997
f 3004/1/2998 3001/1/2999 3005/1/3000
f 3006/1/3001 3002/1/2996 3004/1/2998
f 3003/1/2997 3007/1/3002 3008/1/3003
f 3008/1/3003 3009/1/3004 3010/1/3005
f 3011/1/3006 3007/1/3002 3006/1/3001
f 3012/1/3007 3009/1/3004 3011/1/3006
f 3010/1/3005 3013/1/3008 3014/1/3009
f 3015/1/3010 3017/1/3011 3018/1/3012
f 3014/1/3009 3016/1/3013 3015/1/3010
f 3019/1/3014 3013/1/3008 3012/1/3007
f 3020/1/3015 3016/1/3013 3019/1/3014
f 3021/1/3016 3023/1/3017 3024/1/3018
f 3025/1/3019 3022/1/3020 3026/1/3021
f 3027/1/3022 3023/1/3017 3025/1/3019
f 3024/1/3018 3028/1/3023 3029/1/3024
f 3029/1/3024 3030/1/3025 3031/1/3026
f 3032/1/3027 3028/1/3023 3027/1/3022
f 3033/1/3028 3030/1/3025 3032/1/3027
f 3031/1/3026 3034/1/3029 3035/1/3030
f 3035/1/3030 3036/1/3031 3037/1/3032
f 3038/1/3033 3034/1/3029 3033/1/3028
f 3039/1/3034 3036/1/3031 3038/1/3033
f 3037/1/3032 3040/1/3035 3041/1/3036
f 3041/1/3036 3042/1/3037 3043/1/3038
f 3044/1/3039 3040/1/3035 3039/1/3034
f 3045/1/3040 3042/1/3037 3044/1/3039
f 3043/1/3038 3046/1/3041 3047/1/3042
f 3047/1/3042 3048/1/3043 3049/1/3044
f 3050/1/3045 3046/1/3041 3045/1/3040
f 3051/1/3046 3050/1/3045 3052/1/3047
f 3053/1/3048 3048/1/3043 3051/1/3046
f 3054/1/3049 3056/1/3050 3057/1/3051
f 3058/1/3052 3059/1/3053 3055/1/3054
f 2507/1/2503 3055/1/3054 3059/1/3053
f 2512/1/2509 3055/1/3054 2511/1/2507
f 3060/1/3055 3003/1/2997 3008/1/3003
f 3061/1/3056 3062/1/3057 3063/1/3058
f 3064/1/3059 3060/1/3055 3061/1/3056
f 3003/1/2997 3065/1/3060 3000/1/2995
f 3057/1/3051 3067/1/3061 3054/1/3049
f 3068/1/3062 3066/1/3063 3069/1/3064
f 3070/1/3065 3067/1/3061 3068/1/3062
f 3054/1/3049 3071/1/3066 3058/1/3052
f 3063/1/3058 3073/1/3067 3061/1/3056
f 3068/1/3062 3072/1/3068 3070/1/3065
f 3069/1/3064 3073/1/3067 3068/1/3062
f 3061/1/3056 3074/1/3069 3064/1/3059
f 3075/1/3070 3059/1/3053 3058/1/3052
f 3077/1/3071 3076/1/3072 3075/1/3070
f 2508/1/2504 3078/1/3073 2390/1/2386
f 3059/1/3053 2508/1/2504 2507/1/2503
f 3014/1/3009 3080/1/3074 3010/1/3005
f 3081/1/3075 3079/1/3076 3082/1/3077
f 3063/1/3058 3080/1/3074 3081/1/3075
f 3010/1/3005 3062/1/3057 3008/1/3003
f 3058/1/3052 3083/1/3078 3075/1/3070
f 3071/1/3066 3070/1/3065 3084/1/3079
f 3085/1/3080 3083/1/3078 3084/1/3079
f 3075/1/3070 3086/1/3081 3077/1/3071
f 3082/1/3077 3088/1/3082 3081/1/3075
f 3084/1/3079 3087/1/3083 3085/1/3080
f 3088/1/3082 3084/1/3079 3070/1/3065
f 3081/1/3075 3072/1/3068 3063/1/3058
f 2390/1/2386 3089/1/3084 2387/1/2384
f 3090/1/3085 3078/1/3073 3077/1/3071
f 3091/1/3086 3089/1/3084 3090/1/3085
f 2387/1/2384 3092/1/3087 2305/1/2302
f 3015/1/3010 3079/1/3076 3014/1/3009
f 3018/1/3012 3093/1/3088 3015/1/3010
f 3095/1/3089 3094/1/3090 3096/1/3091
f 3082/1/3077 3093/1/3088 3095/1/3089
f 3077/1/3071 3097/1/3092 3090/1/3085
f 3098/1/3093 3086/1/3081 3085/1/3080
f 3099/1/3094 3097/1/3092 3098/1/3093
f 3090/1/3085 3100/1/3095 3091/1/3086
f 3096/1/3091 3102/1/3096 3095/1/3089
f 3101/1/3097 3099/1/3094 3098/1/3093
f 3085/1/3080 3102/1/3096 3098/1/3093
f 3095/1/3089 3087/1/3083 3082/1/3077
f 3103/1/3098 3105/1/3099 3106/1/3100
f 2553/1/2549 3104/1/3101 2554/1/2550
f 2280/1/2277 3105/1/3099 2553/1/2549
f 3106/1/3100 2302/1/2299 2304/1/2300
f 3107/1/3102 3092/1/3087 3091/1/3086
f 3106/1/3100 3107/1/3102 3103/1/3098
f 2304/1/2300 3108/1/3103 3106/1/3100
f 2306/1/2305 2305/1/2302 3092/1/3087
f 3109/1/3104 3111/1/3105 3112/1/3106
f 3113/1/3107 3110/1/3108 3114/1/3109
f 3096/1/3091 3111/1/3105 3113/1/3107
f 3112/1/3106 3094/1/3090 3018/1/3012
f 3114/1/3109 3116/1/3110 3113/1/3107
f 3117/1/3111 3115/1/3112 3118/1/3113
f 3099/1/3094 3116/1/3110 3117/1/3111
f 3113/1/3107 3101/1/3097 3096/1/3091
f 3118/1/3113 3120/1/3114 3117/1/3111
f 3107/1/3102 3119/1/3115 3103/1/3098
f 3091/1/3086 3120/1/3114 3107/1/3102
f 3117/1/3111 3100/1/3095 3099/1/3094
f 3121/1/3116 3123/1/3117 3124/1/3118
f 3125/1/3119 3122/1/3120 3126/1/3121
f 3114/1/3109 3123/1/3117 3125/1/3119
f 3124/1/3118 3110/1/3108 3109/1/3104
f 3103/1/3098 3127/1/3122 3128/1/3123
f 3129/1/3124 3119/1/3115 3118/1/3113
f 3130/1/3125 3127/1/3122 3129/1/3124
f 3128/1/3123 3131/1/3126 3132/1/3127
f 3126/1/3121 3134/1/3128 3125/1/3119
f 3129/1/3124 3133/1/3129 3130/1/3125
f 3118/1/3113 3134/1/3128 3129/1/3124
f 3125/1/3119 3115/1/3112 3114/1/3109
f 3021/1/3016 3136/1/3130 3137/1/3131
f 3138/1/3132 3135/1/3133 3139/1/3134
f 3126/1/3121 3136/1/3130 3138/1/3132
f 3137/1/3131 3122/1/3120 3121/1/3116
f 3139/1/3134 3141/1/3135 3138/1/3132
f 3142/1/3136 3140/1/3137 3143/1/3138
f 3130/1/3125 3141/1/3135 3142/1/3136
f 3138/1/3132 3133/1/3129 3126/1/3121
f 3143/1/3138 3145/1/3139 3142/1/3136
f 3146/1/3140 3144/1/3141 3147/1/3142
f 3132/1/3127 3145/1/3139 3146/1/3140
f 3142/1/3136 3131/1/3126 3130/1/3125
f 3146/1/3140 3128/1/3123 3132/1/3127
f 3147/1/3142 3148/1/3143 3146/1/3140
f 3148/1/3143 3149/1/3144 2554/1/2550
f 3104/1/3101 3103/1/3098 3128/1/3123
f 3029/1/3024 3151/1/3145 3024/1/3018
f 3152/1/3146 3150/1/3147 3153/1/3148
f 3139/1/3134 3151/1/3145 3152/1/3146
f 3024/1/3018 3135/1/3133 3021/1/3016
f 3154/1/3149 3156/1/3150 3157/1/3151
f 3144/1/3141 3155/1/3152 3147/1/3142
f 3143/1/3138 3156/1/3150 3144/1/3141
f 3153/1/3148 3159/1/3153 3152/1/3146
f 3157/1/3151 3158/1/3154 3154/1/3149
f 3143/1/3138 3159/1/3153 3157/1/3151
f 3152/1/3146 3140/1/3137 3139/1/3134
f 3147/1/3142 3161/1/3155 3149/1/3144
f 3160/1/3156 3163/1/3157 3161/1/3155
f 2611/1/2607 3161/1/3155 3163/1/3157
f 3149/1/3144 2614/1/2609 2554/1/2550
f 3035/1/3030 3165/1/3158 3031/1/3026
f 3166/1/3159 3164/1/3160 3167/1/3161
f 3153/1/3148 3165/1/3158 3166/1/3159
f 3031/1/3026 3150/1/3147 3029/1/3024
f 3147/1/3142 3168/1/3162 3160/1/3156
f 3169/1/3163 3155/1/3152 3154/1/3149
f 3170/1/3164 3168/1/3162 3169/1/3163
f 3160/1/3156 3171/1/3165 3162/1/3166
f 3167/1/3161 3173/1/3167 3166/1/3159
f 3169/1/3163 3172/1/3168 3170/1/3164
f 3154/1/3149 3173/1/3167 3169/1/3163
f 3166/1/3159 3158/1/3154 3153/1/3148
f 2965/1/2960 3174/1/3169 3175/1/3170
f 2617/1/2613 3174/1/3169 2968/1/2962
f 3175/1/3170 3176/1/3171 3177/1/3172
f 3178/1/3173 3163/1/3157 3162/1/3166
f 3177/1/3172 3179/1/3174 3178/1/3173
f 2620/1/2615 3176/1/3171 2617/1/2613
f 2611/1/2607 3179/1/3174 2620/1/2615
f 3041/1/3036 3181/1/3175 3037/1/3032
f 3182/1/3176 3180/1/3177 3183/1/3178
f 3167/1/3161 3181/1/3175 3182/1/3176
f 3037/1/3032 3164/1/3160 3035/1/3030
f 3162/1/3166 3184/1/3179 3178/1/3173
f 3185/1/3180 3171/1/3165 3170/1/3164
f 3186/1/3181 3184/1/3179 3185/1/3180
f 3178/1/3173 3187/1/3182 3177/1/3172
f 3183/1/3178 3189/1/3183 3182/1/3176
f 3185/1/3180 3188/1/3184 3186/1/3181
f 3170/1/3164 3189/1/3183 3185/1/3180
f 3182/1/3176 3172/1/3168 3167/1/3161
f 2965/1/2960 3190/1/3185 2969/1/2964
f 3191/1/3186 3175/1/3170 3177/1/3172
f 3192/1/3187 3190/1/3185 3191/1/3186
f 2969/1/2964 3193/1/3188 2971/1/2965
f 3194/1/3189 3193/1/3188 3192/1/3187
f 2519/1/2516 3195/1/3190 3194/1/3189
f 2971/1/2965 3195/1/3190 2974/1/2969
f 3047/1/3042 3197/1/3191 3043/1/3038
f 3198/1/3192 3196/1/3193 3199/1/3194
f 3183/1/3178 3197/1/3191 3198/1/3192
f 3043/1/3038 3180/1/3177 3041/1/3036
f 3177/1/3172 3200/1/3195 3191/1/3186
f 3201/1/3196 3187/1/3182 3186/1/3181
f 3202/1/3197 3200/1/3195 3201/1/3196
f 3191/1/3186 3203/1/3198 3192/1/3187
f 3199/1/3194 3205/1/3199 3198/1/3192
f 3201/1/3196 3204/1/3200 3202/1/3197
f 3186/1/3181 3205/1/3199 3201/1/3196
f 3198/1/3192 3188/1/3184 3183/1/3178
f 3194/1/3189 2520/1/2517 2519/1/2516
f 3192/1/3187 3206/1/3201 3194/1/3189
f 3208/1/3202 3207/1/3203 3209/1/3204
f 2522/1/3205 3206/1/3201 3208/1/3202
f 3210/1/3206 3212/1/3207 3213/1/3208
f 3211/1/3209 3207/1/3203 3212/1/3207
f 3192/1/3187 3212/1/3207 3207/1/3203
f 3213/1/3208 3203/1/3198 3202/1/3197
f 3214/1/3210 3049/1/3044 3053/1/3048
f 3216/1/3211 3215/1/3212 3214/1/3210
f 3199/1/3194 3215/1/3212 3217/1/3213
f 3049/1/3044 3196/1/3193 3047/1/3042
f 3217/1/3213 3218/1/3214 3219/1/3215
f 3218/1/3214 3213/1/3208 3219/1/3215
f 3202/1/3197 3219/1/3215 3213/1/3208
f 3217/1/3213 3204/1/3200 3199/1/3194
f 3220/1/3216 3222/1/3217 3223/1/3218
f 3224/1/3219 3221/1/3220 3225/1/3221
f 2979/1/2973 3222/1/3217 3224/1/3219
f 3223/1/3218 2989/1/2984 2988/1/2982
f 3225/1/3221 3227/1/3222 3224/1/3219
f 3228/1/3223 3226/1/3224 3229/1/3225
f 2982/1/2977 3227/1/3222 3228/1/3223
f 3224/1/3219 2980/1/2976 2979/1/2973
f 2997/1/2992 3231/1/3226 2993/1/2987
f 3232/1/3227 3230/1/3228 3233/1/3229
f 3234/1/3230 3231/1/3226 3232/1/3227
f 2993/1/2987 3235/1/3231 2990/1/2985
f 3229/1/3225 3237/1/3232 3228/1/3223
f 3230/1/3228 3236/1/3233 3233/1/3229
f 2997/1/2992 3237/1/3232 3230/1/3228
f 3228/1/3223 2996/1/2991 2982/1/2977
f 3238/1/3234 3232/1/3227 3233/1/3229
f 3238/1/3234 3241/1/3235 3239/1/3236
f 3242/1/3237 3239/1/3236 3241/1/3235
f 3232/1/3227 3243/1/3238 3234/1/3230
f 3244/1/3239 3246/1/3240 3247/1/3241
f 3248/1/3242 3245/1/3243 3249/1/3244
f 3250/1/3245 3246/1/3240 3248/1/3242
f 3247/1/3241 3251/1/3246 3252/1/3247
f 3225/1/3221 3253/1/3248 3254/1/3249
f 3255/1/3250 3221/1/3220 3220/1/3216
f 3256/1/3251 3253/1/3248 3255/1/3250
f 3254/1/3249 3257/1/3252 3258/1/3253
f 3254/1/3249 3226/1/3224 3225/1/3221
f 3260/1/3254 3254/1/3249 3258/1/3253
f 3261/1/3255 3259/1/3256 3260/1/3254
f 3229/1/3225 3259/1/3256 3262/1/3257
f 3229/1/3225 3263/1/3258 3236/1/3233
f 3264/1/3259 3262/1/3257 3261/1/3255
f 3265/1/3260 3263/1/3258 3264/1/3259
f 3236/1/3233 3266/1/3261 3233/1/3229
f 3233/1/3229 3267/1/3262 3238/1/3234
f 3268/1/3263 3266/1/3261 3265/1/3260
f 3269/1/3264 3267/1/3262 3268/1/3263
f 3238/1/3234 3270/1/3265 3240/1/3266
f 3240/1/3266 3271/1/3267 3272/1/3268
f 3273/1/3269 3270/1/3265 3269/1/3264
f 3274/1/3270 3271/1/3267 3273/1/3269
f 3272/1/3268 3275/1/3271 3276/1/3272
f 3276/1/3272 3277/1/3273 3278/1/3274
f 3279/1/3275 3275/1/3271 3274/1/3270
f 3279/1/3275 3281/1/3276 3277/1/3273
f 3282/1/3277 3277/1/3273 3281/1/3276
f 3249/1/3244 3283/1/3278 3284/1/3279
f 3285/1/3280 3245/1/3243 3244/1/3239
f 3286/1/3281 3283/1/3278 3285/1/3280
f 3284/1/3279 3287/1/3282 3288/1/3283
f 3288/1/3283 3289/1/3284 3290/1/3285
f 3291/1/3286 3287/1/3282 3286/1/3281
f 3292/1/3287 3289/1/3284 3291/1/3286
f 3290/1/3285 3293/1/3288 3294/1/3289
f 3294/1/3289 3295/1/3290 3296/1/3291
f 3297/1/3292 3293/1/3288 3292/1/3287
f 3298/1/3293 3295/1/3290 3297/1/3292
f 3300/1/3294 3295/1/3290 3299/1/3295
f 3281/1/3276 3302/1/3296 3282/1/3277
f 3280/1/3297 3301/1/3298 3281/1/3276
f 3303/1/3299 3251/1/3246 3301/1/3298
f 3302/1/3296 3251/1/3246 3250/1/3245
f 3304/1/3300 3306/1/3301 3307/1/3302
f 3303/1/3299 3305/1/3303 3252/1/3247
f 3280/1/3297 3306/1/3301 3303/1/3299
f 3307/1/3302 3308/1/3304 3309/1/3305
f 3292/1/3287 3311/1/3306 3297/1/3292
f 3312/1/3307 3310/1/3308 3313/1/3309
f 3314/1/3310 3311/1/3306 3312/1/3307
f 3297/1/3292 3315/1/3311 3298/1/3293
f 3286/1/3281 3317/1/3312 3291/1/3286
f 3318/1/3313 3316/1/3314 3319/1/3315
f 3313/1/3309 3317/1/3312 3318/1/3313
f 3291/1/3286 3310/1/3308 3292/1/3287
f 3286/1/3281 3320/1/3316 3316/1/3314
f 3244/1/3239 3321/1/3317 3320/1/3316
f 3322/1/3318 3320/1/3316 3321/1/3317
f 3323/1/3319 3316/1/3314 3320/1/3316
f 3322/1/3318 3324/1/3320 3325/1/3321
f 3247/1/3241 3321/1/3317 3244/1/3239
f 3252/1/3247 3324/1/3320 3247/1/3241
f 3325/1/3321 3305/1/3303 3304/1/3300
f 3274/1/3270 3327/1/3322 3279/1/3275
f 3328/1/3323 3326/1/3324 3329/1/3325
f 3309/1/3305 3327/1/3322 3328/1/3323
f 3279/1/3275 3308/1/3304 3280/1/3297
f 3269/1/3264 3331/1/3326 3273/1/3269
f 3332/1/3327 3330/1/3328 3333/1/3329
f 3329/1/3325 3331/1/3326 3332/1/3327
f 3273/1/3269 3326/1/3324 3274/1/3270
f 3265/1/3260 3335/1/3330 3268/1/3263
f 3336/1/3331 3334/1/3332 3337/1/3333
f 3333/1/3329 3335/1/3330 3336/1/3331
f 3268/1/3263 3330/1/3328 3269/1/3264
f 3261/1/3255 3339/1/3334 3264/1/3259
f 3340/1/3335 3338/1/3336 3341/1/3337
f 3337/1/3333 3339/1/3334 3340/1/3335
f 3264/1/3259 3334/1/3332 3265/1/3260
f 3258/1/3253 3343/1/3338 3260/1/3254
f 3344/1/3339 3342/1/3340 3345/1/3341
f 3341/1/3337 3343/1/3338 3344/1/3339
f 3260/1/3254 3338/1/3336 3261/1/3255
f 3258/1/3253 3346/1/3342 3342/1/3340
f 3347/1/3343 3257/1/3252 3256/1/3251
f 3348/1/3344 3346/1/3342 3347/1/3343
f 3345/1/3341 3346/1/3342 3349/1/3345
f 3350/1/3346 3352/1/3347 3353/1/3348
f 3112/1/3106 3351/1/3349 3109/1/3104
f 3018/1/3012 3352/1/3347 3112/1/3106
f 3353/1/3348 3017/1/3011 3020/1/3015
f 3121/1/3116 3355/1/3350 3137/1/3131
f 3356/1/3351 3354/1/3352 3357/1/3353
f 3026/1/3021 3355/1/3350 3356/1/3351
f 3137/1/3131 3022/1/3020 3021/1/3016
f 3357/1/3353 3358/1/3354 3359/1/3355
f 3124/1/3118 3354/1/3352 3121/1/3116
f 3109/1/3104 3358/1/3354 3124/1/3118
f 3359/1/3355 3351/1/3349 3350/1/3346
f 3020/1/3015 3361/1/3356 3353/1/3348
f 3362/1/3357 3360/1/3358 3363/1/3359
f 3364/1/3360 3361/1/3356 3362/1/3357
f 3353/1/3348 3365/1/3361 3350/1/3346
f 3005/1/3000 3367/1/3362 3004/1/2998
f 3368/1/3363 3366/1/3364 3369/1/3365
f 3370/1/3366 3367/1/3362 3368/1/3363
f 3004/1/2998 3371/1/3367 3006/1/3001
f 3369/1/3365 3373/1/3368 3368/1/3363
f 3312/1/3307 3372/1/3369 3314/1/3310
f 3313/1/3309 3373/1/3368 3312/1/3307
f 3368/1/3363 3374/1/3370 3370/1/3366
f 3375/1/3371 3011/1/3006 3006/1/3001
f 3376/1/3372 3371/1/3367 3370/1/3366
f 3377/1/3373 3375/1/3371 3376/1/3372
f 3011/1/3006 3378/1/3374 3012/1/3007
f 3370/1/3366 3379/1/3375 3376/1/3372
f 3318/1/3313 3374/1/3370 3313/1/3309
f 3319/1/3315 3379/1/3375 3318/1/3313
f 3376/1/3372 3380/1/3376 3377/1/3373
f 3381/1/3377 3378/1/3374 3377/1/3373
f 3363/1/3359 3382/1/3378 3381/1/3377
f 3019/1/3014 3360/1/3358 3020/1/3015
f 3012/1/3007 3382/1/3378 3019/1/3014
f 3381/1/3377 3384/1/3379 3363/1/3359
f 3377/1/3373 3383/1/3380 3381/1/3377
f 3380/1/3376 3323/1/3319 3383/1/3380
f 3322/1/3318 3383/1/3380 3323/1/3319
f 3363/1/3359 3385/1/3381 3362/1/3357
f 3325/1/3321 3384/1/3379 3322/1/3318
f 3304/1/3300 3385/1/3381 3325/1/3321
f 3362/1/3357 3386/1/3382 3364/1/3360
f 3026/1/3021 3388/1/3383 3025/1/3019
f 3389/1/3384 3387/1/3385 3390/1/3386
f 3391/1/3387 3388/1/3383 3389/1/3384
f 3025/1/3019 3392/1/3388 3027/1/3022
f 3357/1/3353 3394/1/3389 3356/1/3351
f 3395/1/3390 3393/1/3391 3396/1/3392
f 3390/1/3386 3394/1/3389 3395/1/3390
f 3356/1/3351 3387/1/3385 3026/1/3021
f 3390/1/3386 3398/1/3393 3389/1/3384
f 3332/1/3327 3397/1/3394 3329/1/3325
f 3333/1/3329 3398/1/3393 3332/1/3327
f 3389/1/3384 3399/1/3395 3391/1/3387
f 3329/1/3325 3400/1/3396 3328/1/3323
f 3395/1/3390 3397/1/3394 3390/1/3386
f 3396/1/3392 3400/1/3396 3395/1/3390
f 3328/1/3323 3401/1/3397 3309/1/3305
f 3027/1/3022 3402/1/3398 3032/1/3027
f 3403/1/3399 3392/1/3388 3391/1/3387
f 3404/1/3400 3402/1/3398 3403/1/3399
f 3032/1/3027 3405/1/3401 3033/1/3028
f 3391/1/3387 3406/1/3402 3403/1/3399
f 3336/1/3331 3399/1/3395 3333/1/3329
f 3337/1/3333 3406/1/3402 3336/1/3331
f 3403/1/3399 3407/1/3403 3404/1/3400
f 3033/1/3028 3408/1/3404 3038/1/3033
f 3409/1/3405 3405/1/3401 3404/1/3400
f 3410/1/3406 3408/1/3404 3409/1/3405
f 3038/1/3033 3411/1/3407 3039/1/3034
f 3404/1/3400 3412/1/3408 3409/1/3405
f 3340/1/3335 3407/1/3403 3337/1/3333
f 3341/1/3337 3412/1/3408 3340/1/3335
f 3409/1/3405 3413/1/3409 3410/1/3406
f 3039/1/3034 3414/1/3410 3044/1/3039
f 3415/1/3411 3411/1/3407 3410/1/3406
f 3416/1/3412 3414/1/3410 3415/1/3411
f 3044/1/3039 3417/1/3413 3045/1/3040
f 3410/1/3406 3418/1/3414 3415/1/3411
f 3344/1/3339 3413/1/3409 3341/1/3337
f 3345/1/3341 3418/1/3414 3344/1/3339
f 3415/1/3411 3419/1/3415 3416/1/3412
f 3420/1/3416 3417/1/3413 3416/1/3412
f 3422/1/3417 3420/1/3416 3423/1/3418
f 3052/1/3047 3421/1/3419 3422/1/3417
f 3045/1/3040 3421/1/3419 3050/1/3045
f 3423/1/3418 3424/1/3420 3425/1/3421
f 3416/1/3412 3424/1/3420 3420/1/3416
f 3349/1/3345 3419/1/3415 3345/1/3341
f 3425/1/3421 3349/1/3345 3348/1/3344
f 3309/1/3305 3426/1/3422 3307/1/3302
f 3427/1/3423 3401/1/3397 3396/1/3392
f 3364/1/3360 3426/1/3422 3427/1/3423
f 3307/1/3302 3386/1/3382 3304/1/3300
f 3350/1/3346 3428/1/3424 3359/1/3355
f 3427/1/3423 3365/1/3361 3364/1/3360
f 3396/1/3392 3428/1/3424 3427/1/3423
f 3359/1/3355 3393/1/3391 3357/1/3353
f 3429/1/3425 3296/1/3291 3300/1/3294
f 3431/1/3426 3430/1/3427 3429/1/3425
f 3433/1/3428 3430/1/3427 3432/1/3429
f 3296/1/3291 3434/1/3430 3294/1/3289
f 3435/1/3431 3437/1/3432 3438/1/3433
f 3284/1/3279 3436/1/3434 3249/1/3244
f 3288/1/3283 3437/1/3432 3284/1/3279
f 3438/1/3433 3439/1/3435 3440/1/3436
f 3294/1/3289 3441/1/3437 3290/1/3285
f 3442/1/3438 3434/1/3430 3433/1/3428
f 3440/1/3436 3441/1/3437 3442/1/3438
f 3290/1/3285 3439/1/3435 3288/1/3283
f 3443/1/3439 3445/1/3440 3446/1/3441
f 3248/1/3242 3444/1/3442 3250/1/3245
f 3249/1/3244 3445/1/3440 3248/1/3242
f 3446/1/3441 3436/1/3434 3435/1/3431
f 3447/1/3443 3449/1/3444 3450/1/3445
f 3282/1/3277 3448/1/3446 3447/1/3443
f 3250/1/3245 3448/1/3446 3302/1/3296
f 3449/1/3444 3444/1/3442 3443/1/3439
f 3450/1/3445 3452/1/3447 3447/1/3443
f 3453/1/3448 3451/1/3449 3454/1/3450
f 3276/1/3272 3452/1/3447 3453/1/3448
f 3447/1/3443 3278/1/3274 3282/1/3277
f 3276/1/3272 3455/1/3451 3272/1/3268
f 3456/1/3452 3453/1/3448 3454/1/3450
f 3241/1/3235 3456/1/3452 3242/1/3237
f 3272/1/3268 3241/1/3235 3240/1/3266
f 3457/1/3453 3459/1/3454 3460/1/3455
f 3461/1/3456 3458/1/3457 3462/1/3458
f 3463/1/3459 3459/1/3454 3461/1/3456
f 3465/1/3460 3459/1/3454 3464/1/3461
f 3466/1/3462 3468/1/3463 3469/1/3464
f 3467/1/3465 3470/1/3466 3471/1/3467
f 3461/1/3456 3471/1/3467 3463/1/3459
f 3461/1/3456 3469/1/3464 3468/1/3463
f 3472/1/3468 3458/1/3457 3473/1/3469
f 3474/1/3470 3458/1/3457 3457/1/3453
f 3475/1/3471 3473/1/3469 3474/1/3470
f 3477/1/3472 3473/1/3469 3476/1/3473
f 3478/1/3474 3477/1/3472 3479/1/3475
f 3480/1/3476 3479/1/3475 3481/1/3477
f 3466/1/3462 3478/1/3474 3480/1/3476
f 3462/1/3458 3478/1/3474 3469/1/3464
f 3481/1/3477 3483/1/3478 3480/1/3476
f 3484/1/3479 3482/1/3480 3485/1/3481
f 3470/1/3466 3483/1/3478 3484/1/3479
f 3480/1/3476 3467/1/3465 3466/1/3462
f 3465/1/3460 3487/1/3482 3488/1/3483
f 3489/1/3484 3486/1/3485 3490/1/3486
f 3491/1/3487 3487/1/3482 3489/1/3484
f 3488/1/3483 3492/1/3488 3493/1/3489
f 3463/1/3459 3495/1/3490 3464/1/3461
f 3496/1/3491 3494/1/3492 3497/1/3493
f 3490/1/3486 3495/1/3490 3496/1/3491
f 3464/1/3461 3486/1/3485 3465/1/3460
f 3498/1/3494 3494/1/3492 3463/1/3459
f 3499/1/3495 3471/1/3467 3470/1/3466
f 3500/1/3496 3498/1/3494 3499/1/3495
f 3494/1/3492 3501/1/3497 3497/1/3493
f 3499/1/3495 3503/1/3498 3500/1/3496
f 3499/1/3495 3470/1/3466 3484/1/3479
f 3502/1/3499 3484/1/3479 3485/1/3481
f 3504/1/3500 3505/1/3501 3503/1/3498
f 3506/1/3502 3508/1/3503 3509/1/3504
f 3510/1/3505 3508/1/3503 3511/1/3506
f 3481/1/3477 3509/1/3504 3510/1/3505
f 3506/1/3502 3479/1/3475 3477/1/3472
f 3512/1/3507 3510/1/3505 3511/1/3506
f 3513/1/3508 3514/1/3509 3515/1/3510
f 3485/1/3481 3512/1/3507 3515/1/3510
f 3510/1/3505 3482/1/3480 3481/1/3477
f 3516/1/3511 3515/1/3510 3514/1/3509
f 3518/1/3512 3517/1/3513 3516/1/3511
f 3519/1/3514 3505/1/3501 3504/1/3500
f 3504/1/3500 3485/1/3481 3515/1/3510
f 3518/1/3512 3521/1/3515 3519/1/3514
f 3520/1/3516 3522/1/3517 3523/1/3518
f 3524/1/3519 3523/1/3518 3525/1/3520
f 3519/1/3514 3524/1/3519 3505/1/3501
f 3522/1/3517 3527/1/3521 3523/1/3518
f 3528/1/3522 3527/1/3521 3526/1/3523
f 3530/1/3524 3527/1/3521 3529/1/3525
f 3523/1/3518 3531/1/3526 3525/1/3520
f 3532/1/3527 3534/1/3528 3535/1/3529
f 3536/1/3530 3533/1/3531 3537/1/3532
f 3529/1/3525 3536/1/3530 3530/1/3524
f 3535/1/3529 3529/1/3525 3528/1/3522
f 3538/1/3533 3540/1/3534 3541/1/3535
f 3542/1/3536 3539/1/3537 3491/1/3487
f 3543/1/3538 3542/1/3536 3544/1/3539
f 3545/1/3540 3540/1/3534 3543/1/3538
f 3490/1/3486 3547/1/3541 3489/1/3484
f 3548/1/3542 3546/1/3543 3549/1/3544
f 3544/1/3539 3547/1/3541 3548/1/3542
f 3489/1/3484 3542/1/3536 3491/1/3487
f 3550/1/3545 3496/1/3491 3497/1/3493
f 3551/1/3546 3552/1/3547 3553/1/3548
f 3549/1/3544 3550/1/3545 3551/1/3546
f 3496/1/3491 3546/1/3543 3490/1/3486
f 3497/1/3493 3554/1/3549 3552/1/3547
f 3555/1/3550 3501/1/3497 3500/1/3496
f 3556/1/3551 3554/1/3549 3555/1/3550
f 3552/1/3547 3557/1/3552 3553/1/3548
f 3500/1/3496 3558/1/3553 3555/1/3550
f 3559/1/3554 3503/1/3498 3505/1/3501
f 3559/1/3554 3561/1/3555 3558/1/3553
f 3555/1/3550 3561/1/3555 3556/1/3551
f 3525/1/3520 3563/1/3556 3524/1/3519
f 3564/1/3557 3562/1/3558 3565/1/3559
f 3560/1/3560 3563/1/3556 3564/1/3557
f 3524/1/3519 3559/1/3554 3505/1/3501
f 3566/1/3561 3531/1/3526 3530/1/3524
f 3568/1/3562 3566/1/3561 3569/1/3563
f 3565/1/3559 3567/1/3564 3568/1/3562
f 3531/1/3526 3562/1/3558 3525/1/3520
f 3530/1/3524 3570/1/3565 3566/1/3561
f 3537/1/3532 3570/1/3565 3536/1/3530
f 3572/1/3566 3571/1/3567 3573/1/3568
f 3569/1/3563 3570/1/3565 3572/1/3566
f 3545/1/3540 3574/1/3569 3575/1/3570
f 3576/1/3571 3543/1/3538 3544/1/3539
f 3577/1/3572 3574/1/3569 3576/1/3571
f 3575/1/3570 3578/1/3573 3579/1/3574
f 3548/1/3542 3576/1/3571 3544/1/3539
f 3549/1/3544 3580/1/3575 3548/1/3542
f 3582/1/3576 3580/1/3575 3581/1/3577
f 3576/1/3571 3583/1/3578 3577/1/3572
f 3584/1/3579 3586/1/3580 3587/1/3581
f 3581/1/3577 3585/1/3582 3582/1/3576
f 3551/1/3546 3581/1/3577 3549/1/3544
f 3553/1/3548 3586/1/3580 3551/1/3546
f 3588/1/3583 3585/1/3582 3584/1/3579
f 3589/1/3584 3588/1/3583 3590/1/3585
f 3585/1/3582 3591/1/3586 3582/1/3576
f 3553/1/3548 3592/1/3587 3587/1/3581
f 3593/1/3588 3557/1/3552 3556/1/3551
f 3594/1/3589 3592/1/3587 3593/1/3588
f 3587/1/3581 3595/1/3590 3584/1/3579
f 3560/1/3560 3597/1/3591 3561/1/3555
f 3598/1/3592 3597/1/3591 3596/1/3593
f 3593/1/3588 3599/1/3594 3594/1/3589
f 3593/1/3588 3561/1/3555 3597/1/3591
f 3565/1/3559 3601/1/3595 3564/1/3557
f 3602/1/3596 3601/1/3595 3600/1/3597
f 3603/1/3598 3596/1/3593 3601/1/3595
f 3564/1/3557 3596/1/3593 3560/1/3560
f 3604/1/3599 3606/1/3600 3607/1/3601
f 3600/1/3597 3605/1/3602 3602/1/3596
f 3568/1/3562 3600/1/3597 3565/1/3559
f 3569/1/3563 3606/1/3600 3568/1/3562
f 3608/1/3603 3610/1/3604 3611/1/3605
f 3612/1/3606 3609/1/3607 3613/1/3608
f 3514/1/3509 3610/1/3604 3612/1/3606
f 3513/1/3508 3511/1/3506 3611/1/3605
f 3614/1/3609 3616/1/3610 3617/1/3611
f 3618/1/3612 3615/1/3613 3619/1/3614
f 3613/1/3608 3616/1/3610 3618/1/3612
f 3617/1/3611 3609/1/3607 3608/1/3603
f 3613/1/3608 3621/1/3615 3612/1/3606
f 3622/1/3616 3620/1/3617 3623/1/3618
f 3518/1/3512 3621/1/3615 3622/1/3616
f 3612/1/3606 3516/1/3511 3514/1/3509
f 3619/1/3614 3625/1/3619 3618/1/3612
f 3626/1/3620 3624/1/3621 3627/1/3622
f 3623/1/3618 3625/1/3619 3626/1/3620
f 3618/1/3612 3620/1/3617 3613/1/3608
f 3628/1/3623 3630/1/3624 3631/1/3625
f 3632/1/3626 3629/1/3627 3633/1/3628
f 3627/1/3622 3630/1/3624 3632/1/3626
f 3631/1/3625 3624/1/3621 3619/1/3614
f 3623/1/3618 3635/1/3629 3622/1/3616
f 3636/1/3630 3634/1/3631 3637/1/3632
f 3522/1/3517 3635/1/3629 3636/1/3630
f 3622/1/3616 3520/1/3516 3518/1/3512
f 3638/1/3633 3640/1/3634 3641/1/3635
f 3632/1/3626 3639/1/3636 3627/1/3622
f 3633/1/3628 3640/1/3634 3632/1/3626
f 3641/1/3635 3642/1/3637 3643/1/3638
f 3627/1/3622 3644/1/3639 3626/1/3620
f 3645/1/3640 3639/1/3636 3638/1/3633
f 3637/1/3632 3644/1/3639 3645/1/3640
f 3626/1/3620 3634/1/3631 3623/1/3618
f 3646/1/3641 3637/1/3632 3647/1/3642
f 3647/1/3642 3648/1/3643 3649/1/3644
f 3528/1/3522 3646/1/3641 3649/1/3644
f 3636/1/3630 3526/1/3523 3522/1/3517
f 3650/1/3645 3649/1/3644 3648/1/3643
f 3651/1/3646 3652/1/3647 3653/1/3648
f 3532/1/3527 3650/1/3645 3651/1/3646
f 3649/1/3644 3535/1/3529 3528/1/3522
f 3638/1/3633 3655/1/3649 3645/1/3640
f 3656/1/3650 3654/1/3651 3657/1/3652
f 3648/1/3643 3655/1/3649 3656/1/3650
f 3645/1/3640 3647/1/3642 3637/1/3632
f 3643/1/3638 3659/1/3653 3641/1/3635
f 3660/1/3654 3658/1/3655 3661/1/3656
f 3657/1/3652 3659/1/3653 3660/1/3654
f 3641/1/3635 3654/1/3651 3638/1/3633
f 3657/1/3652 3663/1/3657 3656/1/3650
f 3664/1/3658 3662/1/3659 3665/1/3660
f 3653/1/3648 3663/1/3657 3664/1/3658
f 3656/1/3650 3652/1/3647 3648/1/3643
f 3661/1/3656 3667/1/3661 3660/1/3654
f 3668/1/3662 3666/1/3663 3669/1/3664
f 3665/1/3660 3667/1/3661 3668/1/3662
f 3660/1/3654 3662/1/3659 3657/1/3652
f 3665/1/3660 3671/1/3665 3664/1/3658
f 3672/1/3666 3670/1/3667 3673/1/3668
f 3674/1/3669 3671/1/3665 3672/1/3666
f 3664/1/3658 3675/1/3670 3653/1/3648
f 3669/1/3664 3677/1/3671 3668/1/3662
f 3678/1/3672 3676/1/3673 3679/1/3674
f 3673/1/3668 3677/1/3671 3678/1/3672
f 3668/1/3662 3670/1/3667 3665/1/3660
f 3679/1/3674 3681/1/3675 3678/1/3672
f 3682/1/3676 3680/1/3677 3683/1/3678
f 3684/1/3679 3681/1/3675 3682/1/3676
f 3678/1/3672 3685/1/3680 3673/1/3668
f 3686/1/3681 3688/1/3682 3689/1/3683
f 3682/1/3676 3687/1/3684 3684/1/3679
f 3683/1/3678 3688/1/3682 3682/1/3676
f 3689/1/3683 3690/1/3685 3691/1/3686
f 3691/1/3686 3693/1/3687 3689/1/3683
f 3694/1/3688 3692/1/3689 3695/1/3690
f 3696/1/3691 3693/1/3687 3694/1/3688
f 3689/1/3683 3697/1/3692 3686/1/3681
f 3590/1/3585 3698/1/3693 3699/1/3694
f 3700/1/3695 3588/1/3583 3584/1/3579
f 3701/1/3696 3698/1/3693 3700/1/3695
f 3699/1/3694 3702/1/3697 3703/1/3698
f 3595/1/3590 3700/1/3695 3584/1/3579
f 3705/1/3699 3595/1/3590 3594/1/3589
f 3706/1/3700 3704/1/3701 3705/1/3699
f 3700/1/3695 3707/1/3702 3701/1/3696
f 3594/1/3589 3708/1/3703 3705/1/3699
f 3709/1/3704 3599/1/3594 3598/1/3592
f 3710/1/3705 3708/1/3703 3709/1/3704
f 3705/1/3699 3711/1/3706 3706/1/3700
f 3598/1/3592 3712/1/3707 3709/1/3704
f 3713/1/3708 3603/1/3598 3602/1/3596
f 3714/1/3709 3712/1/3707 3713/1/3708
f 3709/1/3704 3715/1/3710 3710/1/3705
f 3710/1/3705 3716/1/3711 3717/1/3712
f 3718/1/3713 3715/1/3710 3714/1/3709
f 3719/1/3714 3716/1/3711 3718/1/3713
f 3717/1/3712 3720/1/3715 3721/1/3716
f 3722/1/3717 3724/1/3718 3725/1/3719
f 3726/1/3720 3723/1/3721 3727/1/3722
f 3633/1/3628 3724/1/3718 3726/1/3720
f 3725/1/3719 3629/1/3627 3628/1/3623
f 3727/1/3722 3729/1/3723 3726/1/3720
f 3730/1/3724 3728/1/3725 3731/1/3726
f 3643/1/3638 3729/1/3723 3730/1/3724
f 3726/1/3720 3642/1/3637 3633/1/3628
f 3731/1/3726 3733/1/3727 3730/1/3724
f 3734/1/3728 3732/1/3729 3735/1/3730
f 3661/1/3656 3733/1/3727 3734/1/3728
f 3730/1/3724 3658/1/3655 3643/1/3638
f 3735/1/3730 3737/1/3731 3734/1/3728
f 3738/1/3732 3736/1/3733 3739/1/3734
f 3669/1/3664 3737/1/3731 3738/1/3732
f 3734/1/3728 3666/1/3663 3661/1/3656
f 3739/1/3734 3741/1/3735 3738/1/3732
f 3742/1/3736 3740/1/3737 3743/1/3738
f 3679/1/3674 3741/1/3735 3742/1/3736
f 3738/1/3732 3676/1/3673 3669/1/3664
f 3743/1/3738 3745/1/3739 3742/1/3736
f 3746/1/3740 3744/1/3741 3747/1/3742
f 3683/1/3678 3745/1/3739 3746/1/3740
f 3742/1/3736 3680/1/3677 3679/1/3674
f 3747/1/3742 3749/1/3743 3746/1/3740
f 3750/1/3744 3748/1/3745 3751/1/3746
f 3691/1/3686 3749/1/3743 3750/1/3744
f 3746/1/3740 3690/1/3685 3683/1/3678
f 3751/1/3746 3753/1/3747 3750/1/3744
f 3754/1/3748 3752/1/3749 3755/1/3750
f 3695/1/3690 3753/1/3747 3754/1/3748
f 3750/1/3744 3692/1/3689 3691/1/3686
f 3756/1/3751 3758/1/3752 3759/1/3753
f 3760/1/3754 3757/1/3755 3761/1/3756
f 3722/1/3717 3758/1/3752 3760/1/3754
f 3759/1/3753 3762/1/3757 3763/1/3758
f 3761/1/3756 3765/1/3759 3760/1/3754
f 3766/1/3760 3764/1/3761 3767/1/3762
f 3727/1/3722 3765/1/3759 3766/1/3760
f 3760/1/3754 3723/1/3721 3722/1/3717
f 3767/1/3762 3769/1/3763 3766/1/3760
f 3770/1/3764 3768/1/3765 3771/1/3766
f 3731/1/3726 3769/1/3763 3770/1/3764
f 3766/1/3760 3728/1/3725 3727/1/3722
f 3771/1/3766 3773/1/3767 3770/1/3764
f 3774/1/3768 3772/1/3769 3775/1/3770
f 3735/1/3730 3773/1/3767 3774/1/3768
f 3770/1/3764 3732/1/3729 3731/1/3726
f 3775/1/3770 3777/1/3771 3774/1/3768
f 3778/1/3772 3776/1/3773 3779/1/3774
f 3739/1/3734 3777/1/3771 3778/1/3772
f 3774/1/3768 3736/1/3733 3735/1/3730
f 3779/1/3774 3781/1/3775 3778/1/3772
f 3782/1/3776 3780/1/3777 3783/1/3778
f 3743/1/3738 3781/1/3775 3782/1/3776
f 3778/1/3772 3740/1/3737 3739/1/3734
f 3783/1/3778 3785/1/3779 3782/1/3776
f 3786/1/3780 3784/1/3781 3787/1/3782
f 3747/1/3742 3785/1/3779 3786/1/3780
f 3782/1/3776 3744/1/3741 3743/1/3738
f 3787/1/3782 3789/1/3783 3786/1/3780
f 3790/1/3784 3788/1/3785 3791/1/3786
f 3751/1/3746 3789/1/3783 3790/1/3784
f 3786/1/3780 3748/1/3745 3747/1/3742
f 3792/1/3787 3794/1/3788 3795/1/3789
f 3796/1/3790 3793/1/3791 3797/1/3792
f 3756/1/3751 3794/1/3788 3796/1/3790
f 3795/1/3789 3798/1/3793 3799/1/3794
f 3797/1/3792 3801/1/3795 3796/1/3790
f 3802/1/3796 3800/1/3797 3803/1/3798
f 3761/1/3756 3801/1/3795 3802/1/3796
f 3796/1/3790 3757/1/3755 3756/1/3751
f 3803/1/3798 3805/1/3799 3802/1/3796
f 3806/1/3800 3804/1/3801 3807/1/3802
f 3767/1/3762 3805/1/3799 3806/1/3800
f 3802/1/3796 3764/1/3761 3761/1/3756
f 3807/1/3802 3809/1/3803 3806/1/3800
f 3810/1/3804 3808/1/3805 3811/1/3806
f 3771/1/3766 3809/1/3803 3810/1/3804
f 3806/1/3800 3768/1/3765 3767/1/3762
f 3811/1/3806 3813/1/3807 3810/1/3804
f 3814/1/3808 3812/1/3809 3815/1/3810
f 3775/1/3770 3813/1/3807 3814/1/3808
f 3810/1/3804 3772/1/3769 3771/1/3766
f 3815/1/3810 3817/1/3811 3814/1/3808
f 3818/1/3812 3816/1/3813 3819/1/3814
f 3779/1/3774 3817/1/3811 3818/1/3812
f 3814/1/3808 3776/1/3773 3775/1/3770
f 3819/1/3814 3821/1/3815 3818/1/3812
f 3822/1/3816 3820/1/3817 3823/1/3818
f 3783/1/3778 3821/1/3815 3822/1/3816
f 3818/1/3812 3780/1/3777 3779/1/3774
f 3823/1/3818 3825/1/3819 3822/1/3816
f 3826/1/3820 3824/1/3821 3827/1/3822
f 3787/1/3782 3825/1/3819 3826/1/3820
f 3822/1/3816 3784/1/3781 3783/1/3778
f 3827/1/3822 3829/1/3823 3826/1/3820
f 3830/1/3824 3828/1/3825 3831/1/3826
f 3791/1/3786 3829/1/3823 3830/1/3824
f 3826/1/3820 3788/1/3785 3787/1/3782
f 3832/1/3827 3834/1/3828 3835/1/3829
f 3836/1/3830 3832/1/3827 3837/1/3831
f 3491/1/3487 3833/1/3832 3836/1/3830
f 3834/1/3828 3539/1/3537 3538/1/3533
f 3838/1/3833 3488/1/3483 3493/1/3489
f 3839/1/3834 3840/1/3835 3841/1/3836
f 3457/1/3453 3838/1/3833 3839/1/3834
f 3460/1/3455 3465/1/3460 3488/1/3483
f 3457/1/3453 3842/1/3837 3474/1/3470
f 3843/1/3838 3839/1/3834 3841/1/3836
f 3844/1/3839 3842/1/3837 3843/1/3838
f 3474/1/3470 3845/1/3840 3475/1/3471
f 3844/1/3839 3846/1/3841 3847/1/3842
f 3843/1/3838 3841/1/3836 3848/1/3843
f 3849/1/3844 3846/1/3841 3848/1/3843
f 3847/1/3842 3850/1/3845 3851/1/3846
f 3837/1/3831 3853/1/3847 3836/1/3830
f 3840/1/3835 3852/1/3848 3841/1/3836
f 3493/1/3489 3853/1/3847 3840/1/3835
f 3836/1/3830 3492/1/3488 3491/1/3487
f 3854/1/3849 3855/1/3850 3849/1/3844
f 3848/1/3843 3841/1/3836 3852/1/3848
f 3852/1/3848 3837/1/3831 3855/1/3850
f 3856/1/3851 3858/1/3852 3859/1/3853
f 3860/1/3854 3857/1/3855 3861/1/3856
f 3862/1/3857 3858/1/3852 3860/1/3854
f 3859/1/3853 3863/1/3858 3864/1/3859
f 3861/1/3856 3866/1/3860 3860/1/3854
f 3867/1/3861 3865/1/3862 3868/1/3863
f 3869/1/3864 3866/1/3860 3867/1/3861
f 3860/1/3854 3870/1/3865 3862/1/3857
f 3868/1/3863 3872/1/3866 3867/1/3861
f 3873/1/3867 3871/1/3868 3874/1/3869
f 3875/1/3870 3872/1/3866 3873/1/3867
f 3867/1/3861 3876/1/3871 3869/1/3864
f 3874/1/3869 3878/1/3872 3873/1/3867
f 3879/1/3873 3877/1/3874 3880/1/3875
f 3881/1/3876 3878/1/3872 3879/1/3873
f 3873/1/3867 3882/1/3877 3875/1/3870
f 3883/1/3878 3885/1/3879 3886/1/3880
f 3887/1/3881 3884/1/3882 3888/1/3883
f 3889/1/3884 3885/1/3879 3887/1/3881
f 3886/1/3880 3890/1/3885 3880/1/3875
f 3891/1/3886 3893/1/3887 3894/1/3888
f 3879/1/3873 3892/1/3889 3881/1/3876
f 3880/1/3875 3893/1/3887 3879/1/3873
f 3890/1/3885 3889/1/3884 3894/1/3888
f 3895/1/3890 3897/1/3891 3898/1/3892
f 3899/1/3893 3896/1/3894 3900/1/3895
f 3835/1/3829 3897/1/3891 3899/1/3893
f 3898/1/3892 3834/1/3828 3538/1/3533
f 3901/1/3896 3903/1/3897 3904/1/3898
f 3898/1/3892 3902/1/3899 3895/1/3890
f 3538/1/3533 3903/1/3897 3898/1/3892
f 3904/1/3898 3541/1/3535 3545/1/3540
f 3579/1/3574 3905/1/3900 3906/1/3901
f 3907/1/3902 3578/1/3573 3577/1/3572
f 3908/1/3903 3905/1/3900 3907/1/3902
f 3906/1/3901 3909/1/3904 3910/1/3905
f 3577/1/3572 3911/1/3906 3907/1/3902
f 3912/1/3907 3583/1/3578 3582/1/3576
f 3913/1/3908 3912/1/3907 3914/1/3909
f 3907/1/3902 3913/1/3908 3908/1/3903
f 3703/1/3698 3916/1/3910 3699/1/3694
f 3912/1/3907 3915/1/3911 3914/1/3909
f 3582/1/3576 3916/1/3910 3912/1/3907
f 3699/1/3694 3591/1/3586 3590/1/3585
f 3579/1/3574 3918/1/3912 3575/1/3570
f 3917/1/3913 3919/1/3914 3920/1/3915
f 3901/1/3896 3918/1/3912 3920/1/3915
f 3575/1/3570 3904/1/3898 3545/1/3540
f 3921/1/3916 3922/1/3917 3923/1/3918
f 3924/1/3919 3925/1/3920 3926/1/3921
f 3900/1/3895 3921/1/3916 3924/1/3919
f 3922/1/3917 3896/1/3894 3895/1/3890
f 3919/1/3914 3928/1/3922 3920/1/3915
f 3927/1/3923 3923/1/3918 3922/1/3917
f 3895/1/3890 3928/1/3922 3922/1/3917
f 3920/1/3915 3902/1/3899 3901/1/3896
f 3910/1/3905 3930/1/3924 3906/1/3901
f 3929/1/3925 3919/1/3914 3917/1/3913
f 3906/1/3901 3917/1/3913 3579/1/3574
f 3910/1/3905 3931/1/3926 3932/1/3927
f 3933/1/3928 3909/1/3904 3908/1/3903
f 3934/1/3929 3931/1/3926 3933/1/3928
f 3932/1/3927 3935/1/3930 3936/1/3931
f 3919/1/3914 3937/1/3932 3938/1/3933
f 3932/1/3927 3929/1/3925 3910/1/3905
f 3936/1/3931 3937/1/3932 3932/1/3927
f 3938/1/3933 3939/1/3934 3940/1/3935
f 3941/1/3936 3938/1/3933 3940/1/3935
f 3942/1/3937 3943/1/3938 3944/1/3939
f 3941/1/3936 3944/1/3939 3923/1/3918
f 3927/1/3923 3919/1/3914 3938/1/3933
f 3945/1/3940 3944/1/3939 3943/1/3938
f 3946/1/3941 3947/1/3942 3948/1/3943
f 3923/1/3918 3945/1/3940 3946/1/3941
f 3949/1/3944 3946/1/3941 3948/1/3943
f 3950/1/3945 3951/1/3946 3952/1/3947
f 3926/1/3921 3949/1/3944 3952/1/3947
f 3946/1/3941 3925/1/3920 3923/1/3918
f 3953/1/3948 3955/1/3949 3956/1/3950
f 3954/1/3951 3957/1/3952 3958/1/3953
f 3955/1/3949 3958/1/3953 3948/1/3943
f 3956/1/3950 3947/1/3942 3943/1/3938
f 3959/1/3954 3961/1/3955 3962/1/3956
f 3956/1/3950 3960/1/3957 3953/1/3948
f 3943/1/3938 3961/1/3955 3956/1/3950
f 3962/1/3956 3942/1/3937 3940/1/3935
f 3963/1/3958 3965/1/3959 3966/1/3960
f 3962/1/3956 3964/1/3961 3959/1/3954
f 3940/1/3935 3965/1/3959 3962/1/3956
f 3966/1/3960 3939/1/3934 3936/1/3931
f 3967/1/3962 3969/1/3963 3970/1/3964
f 3966/1/3960 3967/1/3962 3963/1/3958
f 3936/1/3931 3968/1/3965 3966/1/3960
f 3934/1/3929 3968/1/3965 3935/1/3930
f 3971/1/3966 3973/1/3967 3974/1/3968
f 3975/1/3969 3972/1/3970 3976/1/3971
f 3952/1/3947 3975/1/3969 3926/1/3921
f 3974/1/3968 3952/1/3947 3951/1/3946
f 3864/1/3859 3977/1/3972 3978/1/3973
f 3979/1/3974 3863/1/3858 3862/1/3857
f 3980/1/3975 3977/1/3972 3979/1/3974
f 3978/1/3973 3981/1/3976 3982/1/3977
f 3983/1/3978 3985/1/3979 3986/1/3980
f 3987/1/3981 3984/1/3982 3988/1/3983
f 3976/1/3971 3985/1/3979 3987/1/3981
f 3986/1/3980 3972/1/3970 3971/1/3966
f 3982/1/3977 3989/1/3984 3990/1/3985
f 3991/1/3986 3981/1/3976 3980/1/3975
f 3988/1/3983 3989/1/3984 3991/1/3986
f 3990/1/3985 3984/1/3982 3983/1/3978
f 3926/1/3921 3992/1/3987 3924/1/3919
f 3993/1/3988 3975/1/3969 3976/1/3971
f 3994/1/3989 3992/1/3987 3993/1/3988
f 3924/1/3919 3995/1/3990 3900/1/3895
f 3862/1/3857 3996/1/3991 3979/1/3974
f 3997/1/3992 3870/1/3865 3869/1/3864
f 3998/1/3993 3996/1/3991 3997/1/3992
f 3979/1/3974 3999/1/3994 3980/1/3975
f 3976/1/3971 4000/1/3995 3993/1/3988
f 4001/1/3996 3987/1/3981 3988/1/3983
f 4002/1/3997 4000/1/3995 4001/1/3996
f 3993/1/3988 4003/1/3998 3994/1/3989
f 3998/1/3993 4005/1/3999 3999/1/3994
f 4001/1/3996 4004/1/4000 4002/1/3997
f 3988/1/3983 4005/1/3999 4001/1/3996
f 3999/1/3994 3991/1/3986 3980/1/3975
f 3900/1/3895 4006/1/4001 3899/1/3893
f 3995/1/3990 3994/1/3989 4007/1/4002
f 4006/1/4001 4007/1/4002 4008/1/4003
f 3899/1/3893 4009/1/4004 3835/1/3829
f 3869/1/3864 4010/1/4005 3997/1/3992
f 4011/1/4006 3876/1/3871 3875/1/3870
f 4012/1/4007 4010/1/4005 4011/1/4006
f 3997/1/3992 4013/1/4008 3998/1/3993
f 4014/1/4009 4007/1/4002 3994/1/3989
f 4015/1/4010 4003/1/3998 4002/1/3997
f 4016/1/4011 4014/1/4009 4015/1/4010
f 4017/1/4012 4008/1/4003 4007/1/4002
f 4012/1/4007 4019/1/4013 4013/1/4008
f 4015/1/4010 4018/1/4014 4016/1/4011
f 4002/1/3997 4019/1/4013 4015/1/4010
f 4013/1/4008 4004/1/4000 3998/1/3993
f 4012/1/4007 4020/1/4015 4021/1/4016
f 3875/1/3870 4020/1/4015 4011/1/4006
f 4022/1/4017 3882/1/3877 3881/1/3876
f 4021/1/4016 4022/1/4017 4023/1/4018
f 3835/1/3829 4024/1/4019 3832/1/3827
f 4009/1/4004 4008/1/4003 4025/1/4020
f 4024/1/4019 4025/1/4020 4026/1/4021
f 3832/1/3827 4027/1/4022 3837/1/3831
f 4008/1/4003 4028/1/4023 4025/1/4020
f 4029/1/4024 4017/1/4012 4016/1/4011
f 4030/1/4025 4028/1/4023 4029/1/4024
f 4025/1/4020 4031/1/4026 4026/1/4021
f 4023/1/4018 4033/1/4027 4021/1/4016
f 4029/1/4024 4032/1/4028 4030/1/4025
f 4016/1/4011 4033/1/4027 4029/1/4024
f 4021/1/4016 4018/1/4014 4012/1/4007
f 4034/1/4029 3892/1/3889 3891/1/3886
f 4036/1/4030 4034/1/4029 4037/1/4031
f 4023/1/4018 4035/1/4032 4036/1/4030
f 3881/1/3876 4035/1/4032 4022/1/4017
f 4038/1/4033 4039/1/4034 4040/1/4035
f 3855/1/3850 4041/1/4036 3849/1/3844
f 4038/1/4033 3855/1/3850 3837/1/3831
f 4039/1/4034 4027/1/4022 4026/1/4021
f 4037/1/4031 4043/1/4037 4036/1/4030
f 4044/1/4038 4042/1/4039 4045/1/4040
f 4043/1/4037 4044/1/4038 4030/1/4025
f 4036/1/4030 4032/1/4028 4023/1/4018
f 4045/1/4040 4047/1/4041 4044/1/4038
f 4039/1/4034 4046/1/4042 4040/1/4035
f 4026/1/4021 4047/1/4041 4039/1/4034
f 4044/1/4038 4031/1/4026 4030/1/4025
f 3763/1/3758 4049/1/4043 3759/1/3753
f 4050/1/4044 4048/1/4045 4051/1/4046
f 3799/1/3794 4049/1/4043 4050/1/4044
f 3759/1/3753 3798/1/3793 3756/1/3751
f 4052/1/4047 4053/1/4048 4054/1/4049
f 3611/1/3605 4055/1/4050 3608/1/3603
f 4052/1/4047 3611/1/3605 3511/1/3506
f 4053/1/4048 3508/1/3503 3507/1/4051
f 4056/1/4052 4048/1/4045 3763/1/3758
f 4058/1/4053 4057/1/4054 4056/1/4052
f 4060/1/4055 4059/1/4056 4061/1/4057
f 4051/1/4046 4057/1/4054 4060/1/4055
f 3631/1/3625 4063/1/4058 3628/1/3623
f 3619/1/3614 4062/1/4059 3631/1/3625
f 3614/1/3609 4062/1/4059 3615/1/3613
f 4063/1/4058 4064/1/4060 4058/1/4053
f 4058/1/4053 4065/1/4061 4066/1/4062
f 3617/1/3611 4064/1/4060 3614/1/3609
f 3608/1/3603 4065/1/4061 3617/1/3611
f 4066/1/4062 4055/1/4050 4054/1/4049
f 4061/1/4057 4067/1/4063 4068/1/4064
f 4066/1/4062 4059/1/4056 4058/1/4053
f 4054/1/4049 4067/1/4063 4066/1/4062
f 3628/1/3623 4069/1/4065 3725/1/3719
f 4056/1/4052 4063/1/4058 4058/1/4053
f 3763/1/3758 4069/1/4065 4056/1/4052
f 3725/1/3719 3762/1/3757 3722/1/3717
f 3908/1/3903 4070/1/4066 3933/1/3928
f 4071/1/4067 3913/1/3908 3914/1/3909
f 4072/1/4068 4070/1/4066 4071/1/4067
f 4073/1/4069 3934/1/3929 3933/1/3928
f 4074/1/4070 4073/1/4069 4072/1/4068
f 4076/1/4071 4075/1/4072 4074/1/4070
f 3970/1/3964 4075/1/4072 4077/1/4073
f 4073/1/4069 3969/1/3963 3934/1/3929
f 4077/1/4073 4076/1/4071 4078/1/4074
f 4079/1/4075 4078/1/4074 4080/1/4076
f 4077/1/4073 4081/1/4077 3970/1/3964
f 3963/1/3958 4082/1/4078 4083/1/4079
f 3970/1/3964 4082/1/4078 3967/1/3962
f 4082/1/4078 4081/1/4077 4080/1/4076
f 4084/1/4080 4085/1/4081 4083/1/4079
f 3959/1/3954 4086/1/4082 4087/1/4083
f 4083/1/4079 3964/1/3961 3963/1/3958
f 4085/1/4081 4086/1/4082 4083/1/4079
f 4087/1/4083 4088/1/4084 4089/1/4085
f 4089/1/4085 4091/1/4086 4087/1/4083
f 4092/1/4087 4090/1/4088 4093/1/4089
f 3953/1/3948 4091/1/4086 4092/1/4087
f 4087/1/4083 3960/1/3957 3959/1/3954
f 4093/1/4089 4095/1/4090 4092/1/4087
f 4096/1/4091 4094/1/4092 4097/1/4093
f 3957/1/3952 4095/1/4090 4096/1/4091
f 4092/1/4087 3954/1/3951 3953/1/3948
f 4098/1/4094 4100/1/4095 4101/1/4096
f 4097/1/4093 4099/1/4097 4098/1/4094
f 4100/1/4095 4094/1/4092 4093/1/4089
f 4102/1/4098 4104/1/4099 4105/1/4100
f 4100/1/4095 4103/1/4101 4101/1/4096
f 4093/1/4089 4104/1/4099 4100/1/4095
f 4105/1/4100 4090/1/4088 4089/1/4085
f 4106/1/4102 4108/1/4103 4109/1/4104
f 4105/1/4100 4107/1/4105 4102/1/4098
f 4089/1/4085 4108/1/4103 4105/1/4100
f 4109/1/4104 4088/1/4084 4085/1/4081
f 4110/1/4106 4084/1/4080 4080/1/4076
f 4112/1/4107 4110/1/4106 4113/1/4108
f 4106/1/4102 4111/1/4109 4112/1/4107
f 4085/1/4081 4111/1/4109 4109/1/4104
f 4114/1/4110 4115/1/4111 4116/1/4112
f 4116/1/4112 4110/1/4106 4117/1/4113
f 4080/1/4076 4117/1/4113 4110/1/4106
f 4076/1/4071 4117/1/4113 4078/1/4074
f 4072/1/4068 4119/1/4114 4074/1/4070
f 4118/1/4115 4120/1/4116 4121/1/4117
f 4119/1/4114 4121/1/4117 4115/1/4111
f 4074/1/4070 4114/1/4110 4076/1/4071
f 4071/1/4067 4118/1/4115 4072/1/4068
f 4123/1/4118 4071/1/4067 3914/1/3909
f 4122/1/4119 4123/1/4118 4124/1/4120
f 4120/1/4116 4122/1/4119 4125/1/4121
f 4126/1/4122 4123/1/4118 3914/1/3909
f 3915/1/3911 3703/1/3698 4127/1/4123
f 4128/1/4124 4126/1/4122 4127/1/4123
f 4129/1/4125 4124/1/4120 4123/1/4118
f 3703/1/3698 4130/1/4126 4127/1/4123
f 4131/1/4127 3702/1/3697 3701/1/3696
f 4132/1/4128 4130/1/4126 4131/1/4127
f 4127/1/4123 4133/1/4129 4128/1/4124
f 3701/1/3696 4134/1/4130 4131/1/4127
f 4135/1/4131 3707/1/3702 3706/1/3700
f 4134/1/4130 4135/1/4131 4136/1/4132
f 4131/1/4127 4137/1/4133 4132/1/4128
f 3721/1/3716 4139/1/4134 3717/1/3712
f 4135/1/4131 4138/1/4135 4136/1/4132
f 3706/1/3700 4139/1/4134 4135/1/4131
f 3717/1/3712 3711/1/3706 3710/1/3705
f 4140/1/4136 4141/1/4137 4142/1/4138
f 4143/1/4139 4145/1/4140 4142/1/4138
f 4140/1/4136 4144/1/4141 4146/1/4142
f 4136/1/4132 4147/1/4143 4148/1/4144
f 4149/1/4145 4138/1/4135 3721/1/3716
f 4150/1/4146 4147/1/4143 4149/1/4145
f 4148/1/4144 4151/1/4147 4141/1/4137
f 3721/1/3716 4152/1/4148 4149/1/4145
f 4153/1/4149 3720/1/3715 3719/1/3714
f 4154/1/4150 4152/1/4148 4153/1/4149
f 4149/1/4145 4155/1/4151 4150/1/4146
f 3719/1/3714 4157/1/4152 4153/1/4149
f 4158/1/4153 4156/1/4154 4159/1/4155
f 4160/1/4156 4157/1/4152 4158/1/4153
f 4153/1/4149 4161/1/4157 4154/1/4150
f 4162/1/4158 4158/1/4153 4159/1/4155
f 4163/1/4159 4164/1/4160 4165/1/4161
f 4166/1/4162 4163/1/4159 4167/1/4163
f 4162/1/4158 4166/1/4162 4160/1/4156
f 3602/1/3596 4168/1/4164 3713/1/3708
f 4169/1/4165 3605/1/3602 3604/1/3599
f 4170/1/4166 4168/1/4164 4169/1/4165
f 3713/1/3708 4171/1/4167 3714/1/3709
f 3714/1/3709 4172/1/4168 3718/1/3713
f 4173/1/4169 4171/1/4167 4170/1/4166
f 4172/1/4168 4173/1/4169 4159/1/4155
f 4156/1/4154 3719/1/3714 3718/1/3713
f 4170/1/4166 4175/1/4170 4173/1/4169
f 4176/1/4171 4174/1/4172 4177/1/4173
f 4165/1/4161 4175/1/4170 4176/1/4171
f 4173/1/4169 4164/1/4160 4159/1/4155
f 4178/1/4174 3569/1/3563 3572/1/3566
f 3573/1/3568 4178/1/4174 3572/1/3566
f 4180/1/4175 4178/1/4174 4179/1/4176
f 3607/1/3601 4181/1/4177 3604/1/3599
f 3604/1/3599 4182/1/4178 4169/1/4165
f 4183/1/4179 4181/1/4177 4180/1/4175
f 4177/1/4173 4182/1/4178 4183/1/4179
f 4169/1/4165 4174/1/4172 4170/1/4166
f 4177/1/4173 4184/1/4180 4185/1/4181
f 4180/1/4175 4184/1/4180 4183/1/4179
f 4187/1/4182 4184/1/4180 4186/1/4183
f 4165/1/4161 4188/1/4184 4189/1/4185
f 4185/1/4181 4176/1/4171 4177/1/4173
f 4187/1/4182 4188/1/4184 4185/1/4181
f 4189/1/4185 4190/1/4186 4191/1/4187
f 4192/1/4188 4142/1/4138 4141/1/4137
f 4193/1/4189 4151/1/4147 4150/1/4146
f 4194/1/4190 4192/1/4188 4193/1/4189
f 4195/1/4191 4143/1/4139 4142/1/4138
f 4196/1/4192 4198/1/4193 4199/1/4194
f 4200/1/4195 4197/1/4196 4143/1/4139
f 4201/1/4197 4198/1/4193 4200/1/4195
f 4199/1/4194 4202/1/4198 4203/1/4199
f 4194/1/4190 4205/1/4200 4195/1/4191
f 4200/1/4195 4204/1/4201 4201/1/4197
f 4200/1/4195 4143/1/4139 4195/1/4191
f 4150/1/4146 4206/1/4202 4193/1/4189
f 4207/1/4203 4155/1/4151 4154/1/4150
f 4208/1/4204 4206/1/4202 4207/1/4203
f 4193/1/4189 4209/1/4205 4194/1/4190
f 4208/1/4204 4211/1/4206 4209/1/4205
f 4212/1/4207 4210/1/4208 4213/1/4209
f 4201/1/4197 4211/1/4206 4212/1/4207
f 4209/1/4205 4204/1/4201 4194/1/4190
f 4213/1/4209 4215/1/4210 4212/1/4207
f 4216/1/4211 4214/1/4212 4217/1/4213
f 4203/1/4199 4215/1/4210 4216/1/4211
f 4212/1/4207 4202/1/4198 4201/1/4197
f 4218/1/4214 4207/1/4203 4154/1/4150
f 4160/1/4156 4218/1/4214 4161/1/4157
f 4220/1/4215 4219/1/4216 4221/1/4217
f 4207/1/4203 4220/1/4215 4208/1/4204
f 4221/1/4217 4223/1/4218 4220/1/4215
f 4224/1/4219 4222/1/4220 4225/1/4221
f 4213/1/4209 4223/1/4218 4224/1/4219
f 4220/1/4215 4210/1/4208 4208/1/4204
f 4225/1/4221 4227/1/4222 4224/1/4219
f 4228/1/4223 4226/1/4224 4229/1/4225
f 4217/1/4213 4227/1/4222 4228/1/4223
f 4224/1/4219 4214/1/4212 4213/1/4209
f 4196/1/4192 4230/1/4226 4231/1/4227
f 4203/1/4199 4230/1/4226 4199/1/4194
f 4233/1/4228 4230/1/4226 4232/1/4229
f 4231/1/4227 4234/1/4230 4235/1/4231
f 4216/1/4211 4232/1/4229 4203/1/4199
f 4237/1/4232 4216/1/4211 4217/1/4213
f 4238/1/4233 4236/1/4234 4237/1/4232
f 4232/1/4229 4239/1/4235 4233/1/4228
f 4217/1/4213 4240/1/4236 4237/1/4232
f 4241/1/4237 4228/1/4223 4229/1/4225
f 4242/1/4238 4240/1/4236 4241/1/4237
f 4237/1/4232 4243/1/4239 4238/1/4233
f 4229/1/4225 4245/1/4240 4241/1/4237
f 4246/1/4241 4244/1/4242 4247/1/4243
f 4248/1/4244 4245/1/4240 4246/1/4241
f 4241/1/4237 4249/1/4245 4242/1/4238
f 4242/1/4238 4250/1/4246 4251/1/4247
f 4252/1/4248 4249/1/4245 4248/1/4244
f 4253/1/4249 4250/1/4246 4252/1/4248
f 4251/1/4247 4254/1/4250 4255/1/4251
f 4256/1/4252 4146/1/4142 4257/1/4253
f 4258/1/4254 4260/1/4255 4257/1/4253
f 4259/1/4256 4261/1/4257 4256/1/4252
f 4262/1/4258 4257/1/4253 4146/1/4142
f 4263/1/4259 4144/1/4141 4143/1/4139
f 4264/1/4260 4262/1/4258 4263/1/4259
f 4257/1/4253 4265/1/4261 4258/1/4254
f 4235/1/4231 4267/1/4262 4231/1/4227
f 4263/1/4259 4266/1/4263 4264/1/4260
f 4143/1/4139 4267/1/4262 4263/1/4259
f 4231/1/4227 4197/1/4196 4196/1/4192
f 4268/1/4264 4266/1/4263 4235/1/4231
f 4270/1/4265 4269/1/4266 4268/1/4264
f 4266/1/4263 4271/1/4267 4264/1/4260
f 4235/1/4231 4272/1/4268 4268/1/4264
f 4273/1/4269 4234/1/4230 4233/1/4228
f 4274/1/4270 4272/1/4268 4273/1/4269
f 4268/1/4264 4275/1/4271 4270/1/4265
f 4233/1/4228 4276/1/4272 4273/1/4269
f 4277/1/4273 4239/1/4235 4238/1/4233
f 4278/1/4274 4276/1/4272 4277/1/4273
f 4273/1/4269 4279/1/4275 4274/1/4270
f 4255/1/4251 4281/1/4276 4251/1/4247
f 4277/1/4273 4280/1/4277 4278/1/4274
f 4238/1/4233 4281/1/4276 4277/1/4273
f 4251/1/4247 4243/1/4239 4242/1/4238
f 4261/1/4257 4282/1/4278 4283/1/4279
f 4284/1/4280 4259/1/4256 4258/1/4254
f 4285/1/4281 4282/1/4278 4284/1/4280
f 4283/1/4279 4286/1/4282 4287/1/4283
f 4258/1/4254 4288/1/4284 4284/1/4280
f 4289/1/4285 4265/1/4261 4264/1/4260
f 4290/1/4286 4288/1/4284 4289/1/4285
f 4284/1/4280 4291/1/4287 4285/1/4281
f 4292/1/4288 4294/1/4289 4295/1/4290
f 4285/1/4281 4295/1/4290 4294/1/4289
f 4291/1/4287 4290/1/4286 4296/1/4291
f 4292/1/4288 4296/1/4291 4297/1/4292
f 4264/1/4260 4298/1/4293 4289/1/4285
f 4299/1/4294 4271/1/4267 4270/1/4265
f 4300/1/4295 4298/1/4293 4299/1/4294
f 4289/1/4285 4301/1/4296 4290/1/4286
f 4302/1/4297 4301/1/4296 4300/1/4295
f 4304/1/4298 4302/1/4297 4305/1/4299
f 4297/1/4292 4303/1/4300 4304/1/4298
f 4290/1/4286 4303/1/4300 4296/1/4291
f 4270/1/4265 4306/1/4301 4299/1/4294
f 4307/1/4302 4275/1/4271 4274/1/4270
f 4308/1/4303 4306/1/4301 4307/1/4302
f 4299/1/4294 4309/1/4304 4300/1/4295
f 4310/1/4305 4312/1/4306 4313/1/4307
f 4302/1/4297 4311/1/4308 4305/1/4299
f 4300/1/4295 4312/1/4306 4302/1/4297
f 4313/1/4307 4309/1/4304 4308/1/4303
f 4274/1/4270 4314/1/4309 4307/1/4302
f 4315/1/4310 4279/1/4275 4278/1/4274
f 4315/1/4310 4317/1/4311 4314/1/4309
f 4307/1/4302 4317/1/4311 4308/1/4303
f 4318/1/4312 4320/1/4313 4321/1/4314
f 4319/1/4315 4310/1/4305 4313/1/4307
f 4308/1/4303 4320/1/4313 4313/1/4307
f 4321/1/4314 4317/1/4311 4316/1/4316
f 866/1/865 4323/1/4317 867/1/869
f 4324/1/4318 4322/1/4319 4325/1/4320
f 4326/1/4321 4323/1/4317 4324/1/4318
f 867/1/869 4327/1/4322 871/1/870
f 4328/1/4323 4330/1/4324 4331/1/4325
f 882/1/881 4329/1/4326 883/1/882
f 881/1/880 4330/1/4324 882/1/881
f 4331/1/4325 4332/1/4327 4333/1/4328
f 4334/1/4329 4336/1/4330 4337/1/4331
f 888/1/887 4335/1/4332 889/1/888
f 883/1/882 4336/1/4330 888/1/887
f 4337/1/4331 4329/1/4326 4328/1/4323
f 889/1/888 4338/1/4333 890/1/890
f 4339/1/4334 4335/1/4332 4334/1/4329
f 4325/1/4320 4338/1/4333 4339/1/4334
f 890/1/890 4322/1/4319 866/1/865
f 4333/1/4328 4341/1/4335 4331/1/4325
f 4342/1/4336 4340/1/4337 4343/1/4338
f 4344/1/4339 4341/1/4335 4342/1/4336
f 4331/1/4325 4345/1/4340 4328/1/4323
f 4346/1/4341 4348/1/4342 4349/1/4343
f 4337/1/4331 4347/1/4344 4334/1/4329
f 4328/1/4323 4348/1/4342 4337/1/4331
f 4349/1/4343 4345/1/4340 4344/1/4339
f 4334/1/4329 4350/1/4345 4339/1/4334
f 4351/1/4346 4347/1/4344 4346/1/4341
f 4352/1/4347 4350/1/4345 4351/1/4346
f 4353/1/4348 4325/1/4320 4339/1/4334
f 4343/1/4338 4355/1/4349 4342/1/4336
f 4356/1/4350 4354/1/4351 4357/1/4352
f 4358/1/4353 4355/1/4349 4356/1/4350
f 4342/1/4336 4359/1/4354 4344/1/4339
f 4287/1/4283 4361/1/4355 4283/1/4279
f 4362/1/4356 4360/1/4357 4363/1/4358
f 4364/1/4359 4361/1/4355 4362/1/4356
f 4283/1/4279 4365/1/4360 4261/1/4257
f 4357/1/4352 4367/1/4361 4356/1/4350
f 4368/1/4362 4366/1/4363 4369/1/4364
f 4370/1/4365 4367/1/4361 4368/1/4362
f 4356/1/4350 4371/1/4366 4358/1/4353
f 4372/1/4367 4374/1/4368 4375/1/4369
f 4349/1/4343 4373/1/4370 4346/1/4341
f 4344/1/4339 4374/1/4368 4349/1/4343
f 4375/1/4369 4359/1/4354 4358/1/4353
f 4376/1/4371 4370/1/4365 4377/1/4372
f 4376/1/4371 4377/1/4372 4372/1/4367
f 4358/1/4353 4376/1/4371 4375/1/4369
f 4346/1/4341 4378/1/4373 4351/1/4346
f 4379/1/4374 4373/1/4370 4372/1/4367
f 4378/1/4373 4379/1/4374 4380/1/4375
f 4351/1/4346 4381/1/4376 4352/1/4347
f 4382/1/4377 4379/1/4374 4372/1/4367
f 4377/1/4372 4370/1/4365 4383/1/4378
f 4384/1/4379 4382/1/4377 4383/1/4378
f 4385/1/4380 4380/1/4375 4379/1/4374
f 4363/1/4358 4387/1/4381 4362/1/4356
f 4368/1/4362 4386/1/4382 4370/1/4365
f 4369/1/4364 4387/1/4381 4368/1/4362
f 4362/1/4356 4388/1/4383 4364/1/4359
f 4325/1/4320 4389/1/4384 4324/1/4318
f 4390/1/4385 4353/1/4348 4352/1/4347
f 4391/1/4386 4389/1/4384 4390/1/4385
f 4324/1/4318 4392/1/4387 4326/1/4321
f 4352/1/4347 4393/1/4388 4390/1/4385
f 4394/1/4389 4381/1/4376 4380/1/4375
f 4395/1/4390 4393/1/4388 4394/1/4389
f 4396/1/4391 4391/1/4386 4390/1/4385
f 4395/1/4390 4398/1/4392 4396/1/4391
f 4399/1/4393 4397/1/4394 4400/1/4395
f 4401/1/4396 4398/1/4392 4399/1/4393
f 4402/1/4397 4391/1/4386 4396/1/4391
f 4403/1/4398 4405/1/4399 4406/1/4400
f 4383/1/4378 4404/1/4401 4384/1/4379
f 4370/1/4365 4405/1/4399 4383/1/4378
f 4406/1/4400 4386/1/4382 4363/1/4358
f 4384/1/4379 4407/1/4402 4385/1/4380
f 4408/1/4403 4404/1/4401 4403/1/4398
f 4395/1/4390 4407/1/4402 4408/1/4403
f 4385/1/4380 4394/1/4389 4380/1/4375
f 4287/1/4283 4409/1/4404 4410/1/4405
f 4294/1/4289 4286/1/4282 4285/1/4281
f 4293/1/4406 4409/1/4404 4294/1/4289
f 4410/1/4405 4411/1/4407 4412/1/4408
f 4413/1/4409 4415/1/4410 4416/1/4411
f 4414/1/4412 4400/1/4395 4397/1/4394
f 4408/1/4403 4397/1/4394 4395/1/4390
f 4408/1/4403 4403/1/4398 4416/1/4411
f 4412/1/4408 4418/1/4413 4410/1/4405
f 4406/1/4400 4417/1/4414 4403/1/4398
f 4363/1/4358 4418/1/4413 4406/1/4400
f 4360/1/4357 4287/1/4283 4410/1/4405
f 4419/1/4415 4417/1/4414 4412/1/4408
f 4413/1/4409 4420/1/4416 4419/1/4415
f 4403/1/4398 4420/1/4416 4416/1/4411
f 4421/1/4417 4423/1/4418 4424/1/4419
f 4425/1/4420 4422/1/4421 4426/1/4422
f 3797/1/3792 4423/1/4418 4425/1/4420
f 4424/1/4419 3793/1/3791 3792/1/3787
f 4426/1/4422 4428/1/4423 4425/1/4420
f 4429/1/4424 4427/1/4425 4430/1/4426
f 3803/1/3798 4428/1/4423 4429/1/4424
f 4425/1/4420 3800/1/3797 3797/1/3792
f 4431/1/4427 4433/1/4428 4434/1/4429
f 3807/1/3802 4433/1/4428 4432/1/4430
f 4429/1/4424 3804/1/3801 3803/1/3798
f 4434/1/4429 4429/1/4424 4430/1/4426
f 4431/1/4427 4436/1/4431 4432/1/4430
f 4437/1/4432 4435/1/4433 4438/1/4434
f 3811/1/3806 4436/1/4431 4437/1/4432
f 4432/1/4430 3808/1/3805 3807/1/3802
f 4438/1/4434 4440/1/4435 4437/1/4432
f 4441/1/4436 4439/1/4437 4442/1/4438
f 3815/1/3810 4440/1/4435 4441/1/4436
f 4437/1/4432 3812/1/3809 3811/1/3806
f 4442/1/4438 4444/1/4439 4441/1/4436
f 4445/1/4440 4443/1/4441 4446/1/4442
f 3819/1/3814 4444/1/4439 4445/1/4440
f 4441/1/4436 3816/1/3813 3815/1/3810
f 4446/1/4442 4448/1/4443 4445/1/4440
f 4449/1/4444 4447/1/4445 4450/1/4446
f 3823/1/3818 4448/1/4443 4449/1/4444
f 4445/1/4440 3820/1/3817 3819/1/3814
f 4450/1/4446 4452/1/4447 4449/1/4444
f 4453/1/4448 4451/1/4449 4454/1/4450
f 3827/1/3822 4452/1/4447 4453/1/4448
f 4449/1/4444 3824/1/3821 3823/1/3818
f 4455/1/4451 4457/1/4452 4458/1/4453
f 4457/1/4452 3831/1/3826 3828/1/3825
f 4453/1/4448 3828/1/3825 3827/1/3822
f 4458/1/4453 4453/1/4448 4454/1/4450
f 4459/1/4454 4461/1/4455 4462/1/4456
f 4463/1/4457 4460/1/4458 4459/1/4454
f 4458/1/4453 4464/1/4459 4455/1/4451
f 4461/1/4455 4458/1/4453 4454/1/4450
f 4465/1/4460 4467/1/4461 4468/1/4462
f 4422/1/4421 4466/1/4463 4426/1/4422
f 4421/1/4417 4467/1/4461 4422/1/4421
f 4468/1/4462 4469/1/4464 4470/1/4465
f 4471/1/4466 4473/1/4467 4474/1/4468
f 4427/1/4425 4472/1/4469 4430/1/4426
f 4426/1/4422 4473/1/4467 4427/1/4425
f 4474/1/4468 4466/1/4463 4465/1/4460
f 4475/1/4470 4477/1/4471 4478/1/4472
f 4434/1/4429 4476/1/4473 4431/1/4427
f 4430/1/4426 4477/1/4471 4434/1/4429
f 4478/1/4472 4472/1/4469 4471/1/4466
f 4479/1/4474 4481/1/4475 4482/1/4476
f 4438/1/4434 4481/1/4475 4480/1/4477
f 4431/1/4427 4481/1/4475 4435/1/4433
f 4482/1/4476 4476/1/4473 4475/1/4470
f 4483/1/4478 4485/1/4479 4486/1/4480
f 4442/1/4438 4485/1/4479 4484/1/4481
f 4480/1/4477 4439/1/4437 4438/1/4434
f 4486/1/4480 4480/1/4477 4479/1/4474
f 4487/1/4482 4489/1/4483 4490/1/4484
f 4446/1/4442 4489/1/4483 4488/1/4485
f 4484/1/4481 4443/1/4441 4442/1/4438
f 4490/1/4484 4484/1/4481 4483/1/4478
f 4487/1/4482 4492/1/4486 4488/1/4485
f 4493/1/4487 4491/1/4488 4494/1/4489
f 4450/1/4446 4492/1/4486 4493/1/4487
f 4488/1/4485 4447/1/4445 4446/1/4442
f 4495/1/4490 4496/1/4491 4497/1/4492
f 4451/1/4449 4497/1/4492 4454/1/4450
f 4493/1/4487 4451/1/4449 4450/1/4446
f 4494/1/4489 4498/1/4493 4493/1/4487
f 4496/1/4491 4500/1/4494 4497/1/4492
f 4501/1/4495 4499/1/4496 4502/1/4497
f 4462/1/4456 4500/1/4494 4501/1/4495
f 4497/1/4492 4461/1/4455 4454/1/4450
f 4470/1/4465 4504/1/4498 4468/1/4462
f 4505/1/4499 4503/1/4500 4506/1/4501
f 4507/1/4502 4504/1/4498 4505/1/4499
f 4468/1/4462 4508/1/4503 4465/1/4460
f 4465/1/4460 4509/1/4504 4474/1/4468
f 4510/1/4505 4508/1/4503 4507/1/4502
f 4511/1/4506 4509/1/4504 4510/1/4505
f 4474/1/4468 4512/1/4507 4471/1/4466
f 4471/1/4466 4513/1/4508 4478/1/4472
f 4514/1/4509 4512/1/4507 4511/1/4506
f 4515/1/4510 4513/1/4508 4514/1/4509
f 4478/1/4472 4516/1/4511 4475/1/4470
f 4475/1/4470 4517/1/4512 4482/1/4476
f 4518/1/4513 4516/1/4511 4515/1/4510
f 4519/1/4514 4517/1/4512 4518/1/4513
f 4482/1/4476 4520/1/4515 4479/1/4474
f 4521/1/4516 4523/1/4517 4524/1/4518
f 4505/1/4499 4522/1/4519 4507/1/4502
f 4506/1/4501 4523/1/4517 4505/1/4499
f 4524/1/4518 4525/1/4520 4526/1/4521
f 4527/1/4522 4529/1/4523 4530/1/4524
f 4510/1/4505 4529/1/4523 4511/1/4506
f 4507/1/4502 4530/1/4524 4510/1/4505
f 4527/1/4522 4522/1/4519 4521/1/4516
f 4531/1/4525 4533/1/4526 4534/1/4527
f 4514/1/4509 4531/1/4525 4515/1/4510
f 4511/1/4506 4532/1/4528 4514/1/4509
f 4528/1/4529 4532/1/4528 4529/1/4523
f 4535/1/4530 1088/1/1088 4536/1/4531
f 4537/1/4532 1088/1/1088 1096/1/1095
f 4538/1/4533 4537/1/4532 4539/1/4534
f 4540/1/4535 4536/1/4531 4538/1/4533
f 1096/1/1095 4541/1/4536 4537/1/4532
f 4542/1/4537 1098/1/1097 1102/1/1101
f 4543/1/4538 4541/1/4536 4542/1/4537
f 4537/1/4532 4544/1/4539 4539/1/4534
f 1102/1/1101 4545/1/4540 4542/1/4537
f 4546/1/4541 1104/1/1103 1108/1/1107
f 4547/1/4542 4545/1/4540 4546/1/4541
f 4542/1/4537 4548/1/4543 4543/1/4538
f 1108/1/1107 4549/1/4544 4546/1/4541
f 4550/1/4545 1110/1/1109 1114/1/1113
f 4551/1/4546 4549/1/4544 4550/1/4545
f 4546/1/4541 4552/1/4547 4547/1/4542
f 1114/1/1113 4553/1/4548 4550/1/4545
f 4554/1/4549 1116/1/1115 1120/1/1119
f 4555/1/4550 4553/1/4548 4554/1/4549
f 4550/1/4545 4556/1/4551 4551/1/4546
f 1120/1/1119 4557/1/4552 4554/1/4549
f 4557/1/4552 1126/1/1125 4558/1/4553
f 4559/1/4554 4557/1/4552 4558/1/4553
f 4554/1/4549 4560/1/4555 4555/1/4550
f 1129/1/1127 4561/1/4556 4562/1/4557
f 4563/1/4558 4562/1/4557 4561/1/4556
f 4558/1/4553 4564/1/4559 4559/1/4554
f 4558/1/4553 1129/1/1127 4562/1/4557
f 1128/1/1131 4565/1/4560 4561/1/4556
f 4566/1/4561 1134/1/1133 1138/1/1137
f 4567/1/4562 4565/1/4560 4566/1/4561
f 4561/1/4556 4568/1/4563 4563/1/4558
f 1139/1/1138 4570/1/4564 1140/1/1141
f 4571/1/4565 4570/1/4564 4569/1/4566
f 4566/1/4561 4572/1/4567 4567/1/4562
f 1140/1/1141 4566/1/4561 1138/1/1137
f 1145/1/1144 4569/1/4566 1139/1/1138
f 4574/1/4568 1145/1/1144 1150/1/1149
f 4575/1/4569 4573/1/4570 4574/1/4568
f 4569/1/4566 4576/1/4571 4571/1/4565
f 4577/1/4572 4579/1/4573 4580/1/4574
f 4544/1/4539 4578/1/4575 4539/1/4534
f 4581/1/4576 4544/1/4539 4543/1/4538
f 4580/1/4574 4581/1/4576 4582/1/4577
f 4582/1/4577 4584/1/4578 4585/1/4579
f 4586/1/4580 4583/1/4581 4587/1/4582
f 4528/1/4529 4584/1/4578 4586/1/4580
f 4585/1/4579 4527/1/4522 4521/1/4516
f 4587/1/4582 4588/1/4583 4589/1/4584
f 4581/1/4576 4583/1/4581 4582/1/4577
f 4543/1/4538 4588/1/4583 4581/1/4576
f 4589/1/4584 4548/1/4543 4547/1/4542
f 4587/1/4582 4591/1/4585 4586/1/4580
f 4592/1/4586 4590/1/4587 4593/1/4588
f 4534/1/4527 4591/1/4585 4592/1/4586
f 4586/1/4580 4533/1/4526 4528/1/4529
f 4593/1/4588 4594/1/4589 4595/1/4590
f 4589/1/4584 4590/1/4587 4587/1/4582
f 4547/1/4542 4594/1/4589 4589/1/4584
f 4595/1/4590 4552/1/4547 4551/1/4546
f 4596/1/4591 4598/1/4592 4599/1/4593
f 4595/1/4590 4597/1/4594 4593/1/4588
f 4551/1/4546 4598/1/4592 4595/1/4590
f 4599/1/4593 4556/1/4551 4555/1/4550
f 4600/1/4595 4560/1/4555 4559/1/4554
f 4602/1/4596 4601/1/4597 4600/1/4595
f 4599/1/4593 4603/1/4598 4596/1/4591
f 4555/1/4550 4601/1/4597 4599/1/4593
f 4604/1/4599 4606/1/4600 4607/1/4601
f 4600/1/4595 4605/1/4602 4602/1/4596
f 4559/1/4554 4606/1/4600 4600/1/4595
f 4607/1/4601 4564/1/4559 4563/1/4558
f 4608/1/4603 4610/1/4604 4611/1/4605
f 4607/1/4601 4609/1/4606 4604/1/4599
f 4563/1/4558 4610/1/4604 4607/1/4601
f 4611/1/4605 4568/1/4563 4567/1/4562
f 4612/1/4607 4614/1/4608 4615/1/4609
f 4611/1/4605 4613/1/4610 4608/1/4603
f 4567/1/4562 4614/1/4608 4611/1/4605
f 4615/1/4609 4572/1/4567 4571/1/4565
f 4616/1/4611 4617/1/4612 4618/1/4613
f 4619/1/4614 4620/1/4615 4621/1/4616
f 4577/1/4572 4616/1/4611 4619/1/4614
f 4617/1/4612 4622/1/4617 4526/1/4521
f 4539/1/4534 4623/1/4618 4538/1/4533
f 4619/1/4614 4578/1/4575 4577/1/4572
f 4621/1/4616 4623/1/4618 4619/1/4614
f 4538/1/4533 4624/1/4619 4540/1/4535
f 4526/1/4521 4625/1/4620 4524/1/4518
f 4580/1/4574 4622/1/4617 4577/1/4572
f 4582/1/4577 4625/1/4620 4580/1/4574
f 4524/1/4518 4585/1/4579 4521/1/4516
f 3851/1/3846 4627/1/4621 3847/1/3842
f 4628/1/4622 4626/1/4623 4629/1/4624
f 3475/1/3471 4627/1/4621 4628/1/4622
f 3847/1/3842 3845/1/3840 3844/1/3839
f 4630/1/4625 4628/1/4622 4629/1/4624
f 3506/1/3502 4630/1/4625 3507/1/4051
f 3477/1/3472 4631/1/4626 3506/1/3502
f 4628/1/4622 3476/1/3473 3475/1/3471
f 4041/1/4036 4040/1/4035 4632/1/4627
f 4633/1/4628 4635/1/4629 4632/1/4627
f 3851/1/3846 4635/1/4629 4634/1/4630
f 4041/1/4036 3850/1/3845 3849/1/3844
f 4636/1/4631 4637/1/4632 4638/1/4633
f 4638/1/4633 4054/1/4049 4053/1/4048
f 3507/1/4051 4639/1/4634 4053/1/4048
f 4630/1/4625 4629/1/4624 4636/1/4631
f 4640/1/4635 4642/1/4636 4643/1/4637
f 4626/1/4623 4641/1/4638 4629/1/4624
f 3851/1/3846 4642/1/4636 4626/1/4623
f 4634/1/4630 4633/1/4628 4643/1/4637
f 4644/1/4639 4641/1/4638 4640/1/4635
f 4637/1/4632 4645/1/4640 4644/1/4639
f 4629/1/4624 4645/1/4640 4636/1/4631
f 4040/1/4035 4646/1/4641 4632/1/4627
f 4647/1/4642 4046/1/4042 4045/1/4040
f 4648/1/4643 4646/1/4641 4647/1/4642
f 4649/1/4644 4633/1/4628 4632/1/4627
f 4637/1/4632 4651/1/4645 4638/1/4633
f 4652/1/4646 4650/1/4647 4653/1/4648
f 4061/1/4057 4651/1/4645 4652/1/4646
f 4638/1/4633 4068/1/4064 4054/1/4049
f 4654/1/4649 4656/1/4650 4657/1/4651
f 4643/1/4637 4655/1/4652 4640/1/4635
f 4633/1/4628 4656/1/4650 4643/1/4637
f 4657/1/4651 4649/1/4644 4648/1/4643
f 4640/1/4635 4658/1/4653 4644/1/4639
f 4659/1/4654 4655/1/4652 4654/1/4649
f 4653/1/4648 4658/1/4653 4659/1/4654
f 4644/1/4639 4650/1/4647 4637/1/4632
f 4060/1/4055 4652/1/4646 4660/1/4655
f 4653/1/4648 4660/1/4655 4652/1/4646
f 4662/1/4656 4661/1/4657 4663/1/4658
f 4060/1/4055 4662/1/4656 4051/1/4046
f 4664/1/4659 4666/1/4660 4667/1/4661
f 4647/1/4642 4665/1/4662 4648/1/4643
f 4045/1/4040 4666/1/4660 4647/1/4642
f 4667/1/4661 4042/1/4039 4037/1/4031
f 4648/1/4643 4668/1/4663 4657/1/4651
f 4669/1/4664 4665/1/4662 4664/1/4659
f 4670/1/4665 4668/1/4663 4669/1/4664
f 4657/1/4651 4671/1/4666 4654/1/4649
f 4654/1/4649 4672/1/4667 4659/1/4654
f 4673/1/4668 4671/1/4666 4670/1/4665
f 4663/1/4658 4672/1/4667 4673/1/4668
f 4659/1/4654 4661/1/4657 4653/1/4648
f 3891/1/3886 4675/1/4669 4034/1/4029
f 4676/1/4670 4674/1/4671 4677/1/4672
f 4664/1/4659 4675/1/4669 4676/1/4670
f 4667/1/4661 4037/1/4031 4034/1/4029
f 4677/1/4672 4678/1/4673 4679/1/4674
f 3894/1/3888 4674/1/4671 3891/1/3886
f 3889/1/3884 4678/1/4673 3894/1/3888
f 4663/1/4658 4681/1/4675 4662/1/4656
f 4682/1/4676 4680/1/4677 4683/1/4678
f 4050/1/4044 4682/1/4676 3799/1/3794
f 4681/1/4675 4050/1/4044 4051/1/4046
f 4684/1/4679 4686/1/4680 4687/1/4681
f 4669/1/4664 4685/1/4682 4670/1/4665
f 4664/1/4659 4686/1/4680 4669/1/4664
f 4687/1/4681 4676/1/4670 4677/1/4672
f 4670/1/4665 4688/1/4683 4673/1/4668
f 4685/1/4682 4684/1/4679 4689/1/4684
f 4683/1/4678 4688/1/4683 4689/1/4684
f 4673/1/4668 4680/1/4677 4663/1/4658
f 3889/1/3884 4690/1/4685 4679/1/4674
f 4691/1/4686 3887/1/3881 3888/1/3883
f 4692/1/4687 4690/1/4685 4691/1/4686
f 4679/1/4674 4693/1/4688 4677/1/4672
f 4694/1/4689 4696/1/4690 4697/1/4691
f 3795/1/3789 4695/1/4692 3792/1/3787
f 3799/1/3794 4696/1/4690 3795/1/3789
f 4697/1/4691 4682/1/4676 4683/1/4678
f 4692/1/4687 4699/1/4693 4693/1/4688
f 4700/1/4694 4698/1/4695 4701/1/4696
f 4687/1/4681 4700/1/4694 4684/1/4679
f 4693/1/4688 4687/1/4681 4677/1/4672
f 4684/1/4679 4702/1/4697 4689/1/4684
f 4703/1/4698 4700/1/4694 4701/1/4696
f 4697/1/4691 4703/1/4698 4694/1/4689
f 4697/1/4691 4689/1/4684 4702/1/4697
f 4704/1/4699 4706/1/4700 4707/1/4701
f 4708/1/4702 4705/1/4703 4704/1/4699
f 3888/1/3883 4705/1/4703 4709/1/4704
f 4706/1/4700 3884/1/3882 3883/1/3878
f 4710/1/4705 4712/1/4706 4713/1/4707
f 4424/1/4419 4711/1/4708 4421/1/4417
f 3792/1/3787 4712/1/4706 4424/1/4419
f 4713/1/4707 4695/1/4692 4694/1/4689
f 3888/1/3883 4714/1/4709 4691/1/4686
f 4715/1/4710 4709/1/4704 4708/1/4702
f 4692/1/4687 4714/1/4709 4715/1/4710
f 4716/1/4711 4704/1/4699 4707/1/4701
f 4717/1/4712 4718/1/4713 4618/1/4613
f 4719/1/4714 4716/1/4711 4717/1/4712
f 4704/1/4699 4720/1/4715 4708/1/4702
f 4621/1/4616 4721/1/4716 4722/1/4717
f 4620/1/4615 4718/1/4713 4721/1/4716
f 4722/1/4717 4718/1/4713 4707/1/4701
f 4723/1/4718 4711/1/4708 4710/1/4705
f 4725/1/4719 4723/1/4718 4618/1/4613
f 4470/1/4465 4724/1/4720 4725/1/4719
f 4421/1/4417 4724/1/4720 4469/1/4464
f 4717/1/4712 4727/1/4721 4719/1/4714
f 4723/1/4718 4717/1/4712 4618/1/4613
f 4710/1/4705 4726/1/4722 4723/1/4718
f 4470/1/4465 4728/1/4723 4503/1/4500
f 4725/1/4719 4618/1/4613 4617/1/4612
f 4526/1/4521 4728/1/4723 4617/1/4612
f 4503/1/4500 4525/1/4520 4506/1/4501
f 4694/1/4689 4729/1/4724 4713/1/4707
f 4730/1/4725 4703/1/4698 4701/1/4696
f 4719/1/4714 4729/1/4724 4730/1/4725
f 4713/1/4707 4727/1/4721 4710/1/4705
f 4708/1/4702 4731/1/4726 4715/1/4710
f 4730/1/4725 4720/1/4715 4719/1/4714
f 4701/1/4696 4731/1/4726 4730/1/4725
f 4715/1/4710 4698/1/4695 4692/1/4687
f 4732/1/4727 4722/1/4717 4707/1/4701
f 4733/1/4728 4734/1/4729 4735/1/4730
f 4540/1/4535 4732/1/4727 4733/1/4728
f 4722/1/4717 4624/1/4619 4621/1/4616
f 4733/1/4728 4535/1/4530 4540/1/4535
f 4737/1/4731 4733/1/4728 4735/1/4730
f 1312/1/1311 4736/1/4732 4737/1/4731
f 4535/1/4530 1311/1/1309 1089/1/1310
f 4738/1/4733 4740/1/4734 4741/1/4735
f 4742/1/4736 4738/1/4733 4743/1/4737
f 3861/1/3856 4739/1/4738 4742/1/4736
f 3856/1/3851 4739/1/4738 3857/1/3855
f 4743/1/4737 4745/1/4739 4742/1/4736
f 4746/1/4740 4744/1/4741 4747/1/4742
f 3868/1/3863 4745/1/4739 4746/1/4740
f 4742/1/4736 3865/1/3862 3861/1/3856
f 3874/1/3869 4748/1/4743 4749/1/4744
f 4746/1/4740 3871/1/3868 3868/1/3863
f 4747/1/4742 4748/1/4743 4746/1/4740
f 4749/1/4744 4750/1/4745 4751/1/4746
f 3880/1/3875 4752/1/4747 3886/1/3880
f 4749/1/4744 3877/1/3874 3874/1/3869
f 4751/1/4746 4752/1/4747 4749/1/4744
f 3886/1/3880 4753/1/4748 3883/1/3878
f 3883/1/3878 4754/1/4749 4706/1/4700
f 4755/1/4750 4753/1/4748 4751/1/4746
f 4735/1/4730 4754/1/4749 4755/1/4750
f 4706/1/4700 4734/1/4729 4707/1/4701
f 4756/1/4751 4758/1/4752 4759/1/4753
f 4760/1/4754 4757/1/4755 4761/1/4756
f 4758/1/4752 4760/1/4754 4751/1/4746
f 4759/1/4753 4750/1/4745 4747/1/4742
f 4760/1/4754 4755/1/4750 4751/1/4746
f 4761/1/4756 4762/1/4757 4760/1/4754
f 4755/1/4750 4763/1/4758 4735/1/4730
f 1340/1/1340 4764/1/4759 4765/1/4760
f 1343/1/1342 1312/1/1311 4737/1/4731
f 4764/1/4759 4737/1/4731 4735/1/4730
f 4765/1/4760 4763/1/4758 4761/1/4756
f 4761/1/4756 4766/1/4761 4765/1/4760
f 4767/1/4762 4757/1/4755 4756/1/4751
f 1346/1/1346 4766/1/4761 4767/1/4762
f 1345/1/1345 1340/1/1340 4765/1/4760
f 4768/1/4763 4770/1/4764 4771/1/4765
f 1352/1/1352 4769/1/4766 1353/1/1353
f 871/1/870 4770/1/4764 1352/1/1352
f 4771/1/4765 4327/1/4322 4326/1/4321
f 4772/1/4767 4774/1/4768 4775/1/4769
f 4771/1/4765 4773/1/4770 4768/1/4763
f 4326/1/4321 4774/1/4768 4771/1/4765
f 4775/1/4769 4392/1/4387 4391/1/4386
f 4391/1/4386 4776/1/4771 4775/1/4769
f 4777/1/4772 4402/1/4397 4401/1/4396
f 4778/1/4773 4776/1/4771 4777/1/4772
f 4775/1/4769 4779/1/4774 4772/1/4767
f 4401/1/4396 4780/1/4775 4777/1/4772
f 4781/1/4776 4399/1/4393 4400/1/4395
f 4782/1/4777 4780/1/4775 4781/1/4776
f 4783/1/4778 4778/1/4773 4777/1/4772
f 4400/1/4395 4784/1/4779 4781/1/4776
f 4785/1/4780 4414/1/4412 4413/1/4409
f 4786/1/4781 4784/1/4779 4785/1/4780
f 4781/1/4776 4787/1/4782 4782/1/4777
f 4788/1/4783 4789/1/4784 4790/1/4785
f 4785/1/4780 4791/1/4786 4786/1/4781
f 4413/1/4409 4788/1/4783 4785/1/4780
f 4789/1/4784 4419/1/4415 4412/1/4408
f 4411/1/4407 4789/1/4784 4412/1/4408
f 4293/1/4406 4792/1/4787 4411/1/4407
f 4794/1/4788 4792/1/4787 4793/1/4789
f 4789/1/4784 4795/1/4790 4790/1/4785
f 4794/1/4788 4796/1/4791 4797/1/4792
f 4793/1/4789 4293/1/4406 4292/1/4288
f 4297/1/4292 4796/1/4791 4292/1/4288
f 4797/1/4792 4798/1/4793 4799/1/4794
f 4305/1/4299 4801/1/4795 4304/1/4298
f 4802/1/4796 4800/1/4797 4803/1/4798
f 4799/1/4794 4801/1/4795 4802/1/4796
f 4304/1/4298 4798/1/4793 4297/1/4292
f 4804/1/4799 4305/1/4299 4311/1/4308
f 4805/1/4800 4311/1/4308 4310/1/4305
f 4806/1/4801 4805/1/4800 4807/1/4802
f 4803/1/4798 4804/1/4799 4806/1/4801
f 4318/1/4312 4809/1/4803 4319/1/4315
f 4810/1/4804 4808/1/4805 4811/1/4806
f 4807/1/4802 4809/1/4803 4810/1/4804
f 4310/1/4305 4809/1/4803 4805/1/4800
f 4782/1/4777 4812/1/4807 4813/1/4808
f 4814/1/4809 4787/1/4782 4786/1/4781
f 4815/1/4810 4812/1/4807 4814/1/4809
f 4813/1/4808 4816/1/4811 4817/1/4812
f 4786/1/4781 4818/1/4813 4814/1/4809
f 4819/1/4814 4791/1/4786 4790/1/4785
f 4820/1/4815 4818/1/4813 4819/1/4814
f 4814/1/4809 4821/1/4816 4815/1/4810
f 4790/1/4785 4822/1/4817 4819/1/4814
f 4823/1/4818 4795/1/4790 4794/1/4788
f 4824/1/4819 4822/1/4817 4823/1/4818
f 4819/1/4814 4825/1/4820 4820/1/4815
f 4794/1/4788 4826/1/4821 4823/1/4818
f 4799/1/4794 4826/1/4821 4797/1/4792
f 4828/1/4822 4827/1/4823 4829/1/4824
f 4823/1/4818 4828/1/4822 4824/1/4819
f 4803/1/4798 4831/1/4825 4802/1/4796
f 4832/1/4826 4830/1/4827 4833/1/4828
f 4829/1/4824 4831/1/4825 4832/1/4826
f 4802/1/4796 4827/1/4823 4799/1/4794
f 4807/1/4802 4835/1/4829 4806/1/4801
f 4834/1/4830 4836/1/4831 4837/1/4832
f 4833/1/4828 4835/1/4829 4837/1/4832
f 4806/1/4801 4830/1/4827 4803/1/4798
f 4811/1/4806 4839/1/4833 4810/1/4804
f 4840/1/4834 4838/1/4835 4841/1/4836
f 4836/1/4831 4839/1/4833 4840/1/4834
f 4810/1/4804 4834/1/4830 4807/1/4802
f 4229/1/4225 4842/1/4837 4244/1/4242
f 4843/1/4838 4226/1/4224 4225/1/4221
f 4844/1/4839 4842/1/4837 4843/1/4838
f 4244/1/4242 4845/1/4840 4247/1/4243
f 4248/1/4244 4847/1/4841 4252/1/4248
f 4848/1/4842 4846/1/4843 4849/1/4844
f 4850/1/4845 4847/1/4841 4848/1/4842
f 4252/1/4248 4851/1/4846 4253/1/4249
f 4852/1/4847 4854/1/4848 4855/1/4849
f 4853/1/4850 4846/1/4843 4854/1/4848
f 4246/1/4241 4846/1/4843 4248/1/4244
f 4855/1/4849 4246/1/4241 4247/1/4243
f 4222/1/4220 4221/1/4217 4856/1/4851
f 4857/1/4852 4856/1/4851 4858/1/4853
f 4843/1/4838 4859/1/4854 4844/1/4839
f 4225/1/4221 4857/1/4852 4843/1/4838
f 4860/1/4855 4862/1/4856 4863/1/4857
f 4852/1/4847 4862/1/4856 4861/1/4858
f 4247/1/4243 4862/1/4856 4855/1/4849
f 4863/1/4857 4845/1/4840 4844/1/4839
f 4864/1/4859 4866/1/4860 4867/1/4861
f 4849/1/4844 4866/1/4860 4865/1/4862
f 4861/1/4858 4853/1/4850 4852/1/4847
f 4867/1/4861 4861/1/4858 4860/1/4855
f 4849/1/4844 4868/1/4863 4848/1/4842
f 4864/1/4859 4868/1/4863 4865/1/4862
f 4870/1/4864 4869/1/4865 4871/1/4866
f 4870/1/4864 4850/1/4845 4848/1/4842
f 4255/1/4251 4873/1/4867 4280/1/4277
f 4874/1/4868 4872/1/4869 4875/1/4870
f 4873/1/4867 4874/1/4868 4876/1/4871
f 4877/1/4872 4278/1/4274 4280/1/4277
f 4878/1/4873 4877/1/4872 4876/1/4871
f 4879/1/4874 4880/1/4875 4881/1/4876
f 4316/1/4316 4878/1/4873 4881/1/4876
f 4315/1/4310 4278/1/4274 4877/1/4872
f 4882/1/4877 4881/1/4876 4880/1/4875
f 4883/1/4878 4884/1/4879 4885/1/4880
f 4318/1/4312 4882/1/4877 4883/1/4878
f 4881/1/4876 4321/1/4314 4316/1/4316
f 4885/1/4880 4887/1/4881 4883/1/4878
f 4888/1/4882 4886/1/4883 4889/1/4884
f 4811/1/4806 4887/1/4881 4888/1/4882
f 4883/1/4878 4808/1/4805 4318/1/4312
f 4838/1/4835 4811/1/4806 4888/1/4882
f 4889/1/4884 4891/1/4885 4888/1/4882
f 4892/1/4886 4891/1/4885 4890/1/4887
f 4838/1/4835 4893/1/4888 4841/1/4836
f 4889/1/4884 4895/1/4889 4890/1/4887
f 4895/1/4889 4894/1/4890 4896/1/4891
f 4895/1/4889 4898/1/4892 4899/1/4893
f 4890/1/4887 4899/1/4893 4892/1/4886
f 4896/1/4891 4900/1/4894 4901/1/4895
f 4889/1/4884 4900/1/4894 4894/1/4890
f 4902/1/4896 4886/1/4883 4885/1/4880
f 4903/1/4897 4900/1/4894 4902/1/4896
f 4903/1/4897 4905/1/4898 4901/1/4895
f 4906/1/4899 4904/1/4900 4907/1/4901
f 4898/1/4892 4905/1/4898 4906/1/4899
f 4901/1/4895 4897/1/4902 4896/1/4891
f 4885/1/4880 4908/1/4903 4902/1/4896
f 4909/1/4904 4884/1/4879 4880/1/4875
f 4910/1/4905 4908/1/4903 4909/1/4904
f 4902/1/4896 4911/1/4906 4903/1/4897
f 4898/1/4892 4913/1/4907 4899/1/4893
f 4914/1/4908 4912/1/4909 4915/1/4910
f 4892/1/4886 4913/1/4907 4914/1/4908
f 4910/1/4905 4917/1/4911 4911/1/4906
f 4918/1/4912 4916/1/4913 4919/1/4914
f 4907/1/4901 4917/1/4911 4918/1/4912
f 4911/1/4906 4904/1/4900 4903/1/4897
f 4907/1/4901 4920/1/4915 4906/1/4899
f 4919/1/4914 4920/1/4915 4918/1/4912
f 4915/1/4910 4920/1/4915 4921/1/4916
f 4906/1/4899 4912/1/4909 4898/1/4892
f 3653/1/3648 4922/1/4917 3651/1/3646
f 4923/1/4918 3675/1/3670 3674/1/3669
f 4924/1/4919 4922/1/4917 4923/1/4918
f 3651/1/3646 4925/1/4920 3532/1/3527
f 3673/1/3668 4926/1/4921 3672/1/3666
f 4927/1/4922 3685/1/3680 3684/1/3679
f 4928/1/4923 4926/1/4921 4927/1/4922
f 3672/1/3666 4929/1/4924 3674/1/3669
f 4930/1/4925 4932/1/4926 4933/1/4927
f 4927/1/4922 4931/1/4928 4928/1/4923
f 3684/1/3679 4932/1/4926 4927/1/4922
f 4933/1/4927 3687/1/3684 3686/1/3681
f 3537/1/3532 4934/1/4929 4935/1/4930
f 3533/1/3531 4925/1/4920 4934/1/4929
f 4936/1/4931 4925/1/4920 4924/1/4919
f 4935/1/4930 4936/1/4931 4937/1/4932
f 3674/1/3669 4938/1/4933 4923/1/4918
f 4939/1/4934 4929/1/4924 4928/1/4923
f 4940/1/4935 4938/1/4933 4939/1/4934
f 4923/1/4918 4941/1/4936 4924/1/4919
f 4928/1/4923 4942/1/4937 4939/1/4934
f 4943/1/4938 4931/1/4928 4930/1/4925
f 4944/1/4939 4942/1/4937 4943/1/4938
f 4939/1/4934 4945/1/4940 4940/1/4935
f 4937/1/4932 4946/1/4941 4947/1/4942
f 4941/1/4936 4936/1/4931 4924/1/4919
f 4946/1/4941 4941/1/4936 4940/1/4935
f 4947/1/4942 4948/1/4943 4949/1/4944
f 4937/1/4932 4951/1/4945 4935/1/4930
f 4952/1/4946 4950/1/4947 4953/1/4948
f 3573/1/3568 4951/1/4945 4952/1/4946
f 4935/1/4930 3571/1/3567 3537/1/3532
f 4944/1/4939 4955/1/4949 4945/1/4940
f 4956/1/4950 4954/1/4951 4957/1/4952
f 4949/1/4944 4955/1/4949 4956/1/4950
f 4945/1/4940 4948/1/4943 4940/1/4935
f 4179/1/4176 4959/1/4953 4180/1/4175
f 4952/1/4946 4179/1/4176 3573/1/3568
f 4953/1/4948 4958/1/4954 4952/1/4946
f 4959/1/4953 4960/1/4955 4961/1/4956
f 4949/1/4944 4963/1/4957 4947/1/4942
f 4964/1/4958 4962/1/4959 4965/1/4960
f 4953/1/4948 4963/1/4957 4964/1/4958
f 4950/1/4947 4937/1/4932 4947/1/4942
f 4957/1/4952 4967/1/4961 4956/1/4950
f 4968/1/4962 4966/1/4963 4969/1/4964
f 4965/1/4960 4967/1/4961 4968/1/4962
f 4956/1/4950 4962/1/4959 4949/1/4944
f 4187/1/4182 4970/1/4965 4971/1/4966
f 4959/1/4953 4186/1/4183 4180/1/4175
f 4959/1/4953 4972/1/4967 4970/1/4965
f 4973/1/4968 4970/1/4965 4972/1/4967
f 4965/1/4960 4975/1/4969 4964/1/4958
f 4976/1/4970 4974/1/4971 4977/1/4972
f 4961/1/4956 4975/1/4969 4976/1/4970
f 4964/1/4958 4960/1/4955 4953/1/4948
f 4977/1/4972 4978/1/4973 4979/1/4974
f 4968/1/4962 4974/1/4971 4965/1/4960
f 4969/1/4964 4978/1/4973 4968/1/4962
f 4979/1/4974 4980/1/4975 4981/1/4976
f 4982/1/4977 4971/1/4966 4973/1/4968
f 4983/1/4978 4984/1/4979 4985/1/4980
f 4191/1/4187 4982/1/4977 4983/1/4978
f 4971/1/4966 4190/1/4186 4187/1/4182
f 4986/1/4981 4972/1/4967 4961/1/4956
f 4987/1/4982 4976/1/4970 4977/1/4972
f 4988/1/4983 4986/1/4981 4987/1/4982
f 4972/1/4967 4989/1/4984 4973/1/4968
f 4981/1/4976 4991/1/4985 4979/1/4974
f 4990/1/4986 4992/1/4987 4993/1/4988
f 4988/1/4983 4991/1/4985 4993/1/4988
f 4979/1/4974 4987/1/4982 4977/1/4972
f 4988/1/4983 4995/1/4989 4989/1/4984
f 4996/1/4990 4994/1/4991 4997/1/4992
f 4985/1/4980 4995/1/4989 4996/1/4990
f 4984/1/4979 4973/1/4968 4989/1/4984
f 4998/1/4993 4993/1/4988 4992/1/4987
f 4999/1/4994 5000/1/4995 5001/1/4996
f 4997/1/4992 4998/1/4993 4999/1/4994
f 4993/1/4988 4994/1/4991 4988/1/4983
f 5002/1/4997 3958/1/3953 3957/1/3952
f 5003/1/4998 5004/1/4999 5005/1/5000
f 5002/1/4997 5003/1/4998 5006/1/5001
f 5007/1/5002 3948/1/3943 3958/1/3953
f 5007/1/5002 5006/1/5001 5008/1/5003
f 5009/1/5004 5008/1/5003 5010/1/5005
f 3951/1/3946 5009/1/5004 5011/1/5006
f 5007/1/5002 3950/1/3945 3948/1/3943
f 5006/1/5001 5013/1/5007 5008/1/5003
f 5014/1/5008 5012/1/5009 5015/1/5010
f 5016/1/5011 5013/1/5007 5014/1/5008
f 5008/1/5003 5017/1/5012 5010/1/5005
f 3951/1/3946 5018/1/5013 3974/1/3968
f 5019/1/5014 5011/1/5006 5010/1/5005
f 5020/1/5015 5018/1/5013 5019/1/5014
f 3974/1/3968 5021/1/5016 3971/1/3966
f 5022/1/5017 5020/1/5015 5023/1/5018
f 5023/1/5018 3986/1/3980 5022/1/5017
f 5022/1/5017 3971/1/3966 5021/1/5016
f 5010/1/5005 5024/1/5019 5019/1/5014
f 5025/1/5020 5017/1/5012 5016/1/5011
f 5026/1/5021 5024/1/5019 5025/1/5020
f 5019/1/5014 5027/1/5022 5020/1/5015
f 5028/1/5023 5030/1/5024 5031/1/5025
f 3990/1/3985 5029/1/5026 3982/1/3977
f 3983/1/3978 5030/1/5024 3990/1/3985
f 5031/1/5025 5023/1/5018 5020/1/5015
f 5020/1/5015 5032/1/5027 5031/1/5025
f 5033/1/5028 5027/1/5022 5026/1/5021
f 5034/1/5029 5032/1/5027 5033/1/5028
f 5035/1/5030 5028/1/5023 5031/1/5025
f 5028/1/5023 5037/1/5031 5029/1/5026
f 5038/1/5032 5036/1/5033 5039/1/5034
f 3864/1/3859 5037/1/5031 5038/1/5032
f 3982/1/3977 5037/1/5031 3978/1/3973
f 5040/1/5035 5042/1/5036 5043/1/5037
f 5044/1/5038 5041/1/5039 5015/1/5010
f 5045/1/5040 5042/1/5036 5044/1/5038
f 5043/1/5037 5046/1/5041 5047/1/5042
f 5048/1/5043 5050/1/5044 5051/1/5045
f 5014/1/5008 5049/1/5046 5016/1/5011
f 5015/1/5010 5050/1/5044 5014/1/5008
f 5051/1/5045 5041/1/5039 5040/1/5035
f 5052/1/5047 5054/1/5048 5055/1/5049
f 5025/1/5020 5053/1/5050 5026/1/5021
f 5016/1/5011 5054/1/5048 5025/1/5020
f 5055/1/5049 5049/1/5046 5048/1/5043
f 5056/1/5051 5058/1/5052 5059/1/5053
f 5034/1/5029 5057/1/5054 5056/1/5051
f 5026/1/5021 5057/1/5054 5033/1/5028
f 5053/1/5050 5058/1/5052 5057/1/5054
f 5047/1/5042 5061/1/5055 5043/1/5037
f 5062/1/5056 5060/1/5057 5063/1/5058
f 5064/1/5059 5061/1/5055 5062/1/5056
f 5043/1/5037 5065/1/5060 5040/1/5035
f 5040/1/5035 5066/1/5061 5051/1/5045
f 5067/1/5062 5065/1/5060 5064/1/5059
f 5066/1/5061 5068/1/5063 5069/1/5064
f 5051/1/5045 5069/1/5064 5048/1/5043
f 5070/1/5065 5048/1/5043 5069/1/5064
f 5070/1/5065 5068/1/5063 5071/1/5066
f 5070/1/5065 5072/1/5067 5073/1/5068
f 5070/1/5065 5052/1/5047 5055/1/5049
f 5059/1/5053 5074/1/5069 5075/1/5070
f 5074/1/5069 5052/1/5047 5073/1/5068
f 5074/1/5069 5072/1/5067 5076/1/5071
f 5077/1/5072 5074/1/5069 5076/1/5071
f 5077/1/5072 5079/1/5073 5075/1/5070
f 5078/1/5074 5080/1/5075 5081/1/5076
f 5082/1/5077 5079/1/5073 5081/1/5076
f 5075/1/5070 5083/1/5078 5059/1/5053
f 5084/1/5079 5081/1/5076 5080/1/5075
f 5085/1/5080 5086/1/5081 5087/1/5082
f 5084/1/5079 5085/1/5080 5088/1/5083
f 5089/1/5084 5082/1/5077 5081/1/5076
f 5090/1/5085 5092/1/5086 5093/1/5087
f 5085/1/5080 5091/1/5088 5088/1/5083
f 5087/1/5082 5092/1/5086 5085/1/5080
f 5093/1/5087 5094/1/5089 5095/1/5090
f 5095/1/5090 5097/1/5091 5093/1/5087
f 5098/1/5092 5096/1/5093 5099/1/5094
f 5100/1/5095 5097/1/5091 5098/1/5092
f 5093/1/5087 5101/1/5096 5090/1/5085
f 5102/1/5097 5103/1/5098 5104/1/5099
f 5105/1/5100 5106/1/5101 5102/1/5097
f 5098/1/5092 5106/1/5101 5100/1/5095
f 5099/1/5094 5102/1/5097 5098/1/5092
f 5107/1/5102 5108/1/5103 5105/1/5100
f 5109/1/5104 5104/1/5099 5110/1/5105
f 5111/1/5106 5107/1/5102 5110/1/5105
f 5108/1/5103 5112/1/5107 5113/1/5108
f 5112/1/5107 5115/1/5109 5113/1/5108
f 5116/1/5110 5112/1/5107 5111/1/5106
f 5117/1/5111 5116/1/5110 5118/1/5112
f 5119/1/5113 5114/1/5114 5117/1/5111
f 5118/1/5112 5121/1/5115 5117/1/5111
f 5122/1/5116 5120/1/5117 5123/1/5118
f 5124/1/5119 5121/1/5115 5122/1/5116
f 5117/1/5111 5125/1/5120 5119/1/5113
f 5122/1/5116 5127/1/5121 5124/1/5119
f 5123/1/5118 5126/1/5122 5122/1/5116
f 5063/1/5058 5126/1/5122 5128/1/5123
f 5127/1/5121 5060/1/5057 5047/1/5042
f 5129/1/5124 5130/1/5125 5131/1/5126
f 5129/1/5124 5133/1/5127 5134/1/5128
f 5087/1/5082 5129/1/5124 5134/1/5128
f 5086/1/5081 5080/1/5075 5130/1/5125
f 5087/1/5082 5135/1/5129 5094/1/5089
f 5136/1/5130 5134/1/5128 5133/1/5127
f 5137/1/5131 5135/1/5129 5136/1/5130
f 5094/1/5089 5138/1/5132 5095/1/5090
f 5137/1/5131 5140/1/5133 5138/1/5132
f 5139/1/5134 5142/1/5135 5140/1/5133
f 5099/1/5094 5140/1/5133 5142/1/5135
f 5138/1/5132 5096/1/5093 5095/1/5090
f 5099/1/5094 5143/1/5136 5103/1/5098
f 5144/1/5137 5142/1/5135 5141/1/5138
f 5145/1/5139 5143/1/5136 5144/1/5137
f 5103/1/5098 5146/1/5140 5104/1/5099
f 5104/1/5099 5147/1/5141 5110/1/5105
f 5148/1/5142 5146/1/5140 5145/1/5139
f 5149/1/5143 5147/1/5141 5148/1/5142
f 5110/1/5105 5150/1/5144 5111/1/5106
f 5111/1/5106 5151/1/5145 5116/1/5110
f 5152/1/5146 5150/1/5144 5149/1/5143
f 5153/1/5147 5151/1/5145 5152/1/5146
f 5116/1/5110 5154/1/5148 5118/1/5112
f 5155/1/5149 5128/1/5123 5123/1/5118
f 5157/1/5150 5156/1/5151 5155/1/5149
f 5159/1/5152 5156/1/5151 5158/1/5153
f 5128/1/5123 5160/1/5154 5063/1/5058
f 5153/1/5147 5162/1/5155 5154/1/5148
f 5155/1/5149 5161/1/5156 5157/1/5150
f 5123/1/5118 5162/1/5155 5155/1/5149
f 5154/1/5148 5120/1/5117 5118/1/5112
f 5133/1/5127 5164/1/5157 5136/1/5130
f 5165/1/5158 5166/1/5159 5164/1/5157
f 5167/1/5160 5166/1/5159 5168/1/5161
f 5136/1/5130 5167/1/5160 5137/1/5131
f 5168/1/5161 5170/1/5162 5167/1/5160
f 5169/1/5163 5171/1/5164 5172/1/5165
f 5141/1/5138 5170/1/5162 5172/1/5165
f 5167/1/5160 5139/1/5134 5137/1/5131
f 5141/1/5138 5173/1/5166 5144/1/5137
f 5174/1/5167 5172/1/5165 5171/1/5164
f 5175/1/5168 5173/1/5166 5174/1/5167
f 5144/1/5137 5176/1/5169 5145/1/5139
f 5145/1/5139 5177/1/5170 5148/1/5142
f 5178/1/5171 5176/1/5169 5175/1/5168
f 5179/1/5172 5177/1/5170 5178/1/5171
f 5148/1/5142 5180/1/5173 5149/1/5143
f 5149/1/5143 5181/1/5174 5152/1/5146
f 5182/1/5175 5180/1/5173 5179/1/5172
f 5183/1/5176 5181/1/5174 5182/1/5175
f 5152/1/5146 5184/1/5177 5153/1/5147
f 5183/1/5176 5186/1/5178 5184/1/5177
f 5187/1/5179 5185/1/5180 5188/1/5181
f 5157/1/5150 5186/1/5178 5187/1/5179
f 5184/1/5177 5161/1/5156 5153/1/5147
f 5189/1/5182 5064/1/5059 5190/1/5183
f 5189/1/5182 5191/1/5184 5192/1/5185
f 5189/1/5182 5193/1/5186 5194/1/5187
f 5189/1/5182 5068/1/5063 5067/1/5062
f 5195/1/5188 5197/1/5189 5198/1/5190
f 5195/1/5188 5188/1/5181 5185/1/5180
f 5183/1/5176 5195/1/5188 5185/1/5180
f 5199/1/5191 5197/1/5189 5201/1/5192
f 5175/1/5168 5199/1/5191 5201/1/5192
f 5171/1/5164 5199/1/5191 5174/1/5167
f 5202/1/5193 5193/1/5186 5203/1/5194
f 5202/1/5193 5204/1/5195 5205/1/5196
f 5202/1/5193 5072/1/5067 5071/1/5066
f 5202/1/5193 5068/1/5063 5194/1/5187
f 5206/1/5197 5208/1/5198 5197/1/5189
f 5168/1/5161 5207/1/5199 5206/1/5197
f 5165/1/5158 5207/1/5199 5166/1/5159
f 5200/1/5200 5206/1/5197 5197/1/5189
f 5171/1/5164 5209/1/5201 5200/1/5200
f 5168/1/5161 5209/1/5201 5169/1/5163
f 5210/1/5202 5197/1/5189 5211/1/5203
f 5210/1/5202 5179/1/5172 5178/1/5171
f 5210/1/5202 5175/1/5168 5201/1/5192
f 5212/1/5204 5197/1/5189 5196/1/5205
f 5212/1/5204 5183/1/5176 5182/1/5175
f 5212/1/5204 5179/1/5172 5211/1/5203
f 5213/1/5206 5187/1/5179 5188/1/5181
f 5215/1/5207 5214/1/5208 5213/1/5206
f 5158/1/5153 5216/1/5209 5159/1/5152
f 5187/1/5179 5158/1/5153 5157/1/5150
f 5217/1/5210 5197/1/5189 5218/1/5211
f 5215/1/5207 5217/1/5210 5218/1/5211
f 5188/1/5181 5217/1/5210 5213/1/5206
f 5219/1/5212 5221/1/5213 5222/1/5214
f 5219/1/5212 5197/1/5189 5208/1/5198
f 5165/1/5158 5220/1/5215 5208/1/5198
f 5063/1/5058 5223/1/5216 5062/1/5056
f 5224/1/5217 5160/1/5154 5159/1/5152
f 5191/1/5184 5223/1/5216 5224/1/5217
f 5062/1/5056 5190/1/5183 5064/1/5059
f 5192/1/5185 5225/1/5218 5226/1/5219
f 5226/1/5219 5227/1/5220 5228/1/5221
f 5226/1/5219 5204/1/5195 5203/1/5194
f 5226/1/5219 5193/1/5186 5192/1/5185
f 5227/1/5220 5229/1/5222 5230/1/5223
f 5224/1/5217 5225/1/5218 5191/1/5184
f 5159/1/5152 5229/1/5222 5224/1/5217
f 5230/1/5223 5216/1/5209 5215/1/5207
f 5231/1/5224 5204/1/5195 5232/1/5225
f 5233/1/5226 5232/1/5225 5234/1/5227
f 5233/1/5226 5076/1/5071 5231/1/5224
f 5231/1/5224 5072/1/5067 5205/1/5196
f 5235/1/5228 5234/1/5227 5236/1/5229
f 5236/1/5229 5131/1/5126 5130/1/5125
f 5235/1/5228 5130/1/5125 5080/1/5075
f 5233/1/5226 5078/1/5074 5077/1/5072
f 5227/1/5220 5238/1/5230 5228/1/5221
f 5239/1/5231 5237/1/5232 5222/1/5214
f 5238/1/5230 5234/1/5227 5232/1/5225
f 5204/1/5195 5238/1/5230 5232/1/5225
f 5236/1/5229 5234/1/5227 5239/1/5231
f 5240/1/5233 5222/1/5214 5241/1/5234
f 5240/1/5233 5131/1/5126 5236/1/5229
f 5241/1/5234 5222/1/5214 5221/1/5213
f 5221/1/5213 5165/1/5158 5163/1/5235
f 5132/1/5236 5163/1/5235 5133/1/5127
f 5132/1/5236 5131/1/5126 5241/1/5234
f 5222/1/5214 5243/1/5237 5219/1/5212
f 5230/1/5223 5237/1/5232 5227/1/5220
f 5215/1/5207 5243/1/5237 5230/1/5223
f 5219/1/5212 5218/1/5211 5197/1/5189
f 5005/1/5000 5245/1/5238 5003/1/4998
f 5044/1/5038 5244/1/5239 5045/1/5040
f 5015/1/5010 5245/1/5238 5044/1/5038
f 5003/1/4998 5012/1/5009 5006/1/5001
f 5047/1/5042 5246/1/5240 5127/1/5121
f 5247/1/5241 5046/1/5041 5045/1/5040
f 5248/1/5242 5247/1/5241 5249/1/5243
f 5124/1/5119 5246/1/5240 5248/1/5242
f 5249/1/5243 5251/1/5244 5248/1/5242
f 5252/1/5245 5250/1/5246 5253/1/5247
f 5119/1/5113 5251/1/5244 5252/1/5245
f 5248/1/5242 5125/1/5120 5124/1/5119
f 5253/1/5247 5255/1/5248 5252/1/5245
f 5256/1/5249 5254/1/5250 5257/1/5251
f 5113/1/5108 5255/1/5248 5256/1/5249
f 5252/1/5245 5115/1/5109 5119/1/5113
f 5258/1/5252 5256/1/5249 5257/1/5251
f 5260/1/5253 5258/1/5252 5261/1/5254
f 5259/1/5255 5260/1/5253 5105/1/5100
f 5256/1/5249 5108/1/5103 5113/1/5108
f 1844/1/1843 5262/1/5256 5263/1/5257
f 5258/1/5252 5262/1/5256 5261/1/5254
f 5264/1/5258 5258/1/5252 5257/1/5251
f 1844/1/1843 5264/1/5258 1849/1/1847
f 5260/1/5253 5106/1/5101 5105/1/5100
f 5266/1/5259 5260/1/5253 5261/1/5254
f 5267/1/5260 5266/1/5259 5268/1/5261
f 5100/1/5095 5265/1/5262 5267/1/5260
f 5268/1/5261 5270/1/5263 5267/1/5260
f 5271/1/5264 5269/1/5265 5272/1/5266
f 5090/1/5085 5270/1/5263 5271/1/5264
f 5267/1/5260 5101/1/5096 5100/1/5095
f 5272/1/5266 5274/1/5267 5271/1/5264
f 5275/1/5268 5273/1/5269 5276/1/5270
f 5088/1/5083 5274/1/5267 5275/1/5268
f 5271/1/5264 5091/1/5088 5090/1/5085
f 5059/1/5053 5277/1/5271 5056/1/5051
f 5278/1/5272 5083/1/5078 5082/1/5077
f 5279/1/5273 5277/1/5271 5278/1/5272
f 5056/1/5051 5280/1/5274 5034/1/5029
f 5039/1/5034 5281/1/5275 5282/1/5276
f 5035/1/5030 5036/1/5033 5028/1/5023
f 5034/1/5029 5281/1/5275 5035/1/5030
f 5282/1/5276 5280/1/5274 5279/1/5273
f 5276/1/5270 5284/1/5277 5275/1/5268
f 5278/1/5272 5283/1/5278 5279/1/5273
f 5082/1/5077 5284/1/5277 5278/1/5272
f 5275/1/5268 5089/1/5084 5088/1/5083
f 3856/1/3851 5285/1/5279 5286/1/5280
f 5038/1/5032 3859/1/3853 3864/1/3859
f 5039/1/5034 5285/1/5279 5038/1/5032
f 5286/1/5280 5287/1/5281 5288/1/5282
f 5279/1/5273 5290/1/5283 5282/1/5276
f 5291/1/5284 5289/1/5285 5292/1/5286
f 5288/1/5282 5290/1/5283 5291/1/5284
f 5282/1/5276 5287/1/5281 5039/1/5034
f 5288/1/5282 5294/1/5287 5286/1/5280
f 5295/1/5288 5293/1/5289 5296/1/5290
f 4741/1/4735 5294/1/5287 5295/1/5288
f 5286/1/5280 4740/1/4734 3856/1/3851
f 5292/1/5286 5298/1/5291 5291/1/5284
f 5299/1/5292 5297/1/5293 5300/1/5294
f 5296/1/5290 5298/1/5291 5299/1/5292
f 5291/1/5284 5293/1/5289 5288/1/5282
f 5276/1/5270 5302/1/5295 5283/1/5278
f 5297/1/5293 5301/1/5296 5300/1/5294
f 5292/1/5286 5302/1/5295 5297/1/5293
f 5283/1/5278 5289/1/5285 5279/1/5273
f 5301/1/5296 5273/1/5269 5303/1/5297
f 5304/1/5298 5273/1/5269 5272/1/5266
f 5303/1/5297 5304/1/5298 5305/1/5299
f 5301/1/5296 5306/1/5300 5300/1/5294
f 5307/1/5301 5308/1/5302 5309/1/5303
f 5310/1/5304 5305/1/5299 5304/1/5298
f 5272/1/5266 5307/1/5301 5304/1/5298
f 5269/1/5265 5268/1/5261 5308/1/5302
f 5311/1/5305 5266/1/5259 5261/1/5254
f 5313/1/5306 5311/1/5305 1899/1/1897
f 5308/1/5302 5313/1/5306 5309/1/5303
f 5312/1/5307 5308/1/5302 5268/1/5261
f 5311/1/5305 1900/1/1898 1899/1/1897
f 5261/1/5254 5314/1/5308 5311/1/5305
f 1847/1/1845 5314/1/5308 5262/1/5256
f 5309/1/5303 5315/1/5309 5316/1/5310
f 1907/1/1905 5313/1/5306 1899/1/1897
f 1906/1/1904 5315/1/5309 1907/1/1905
f 5316/1/5310 5317/1/5311 5318/1/5312
f 5318/1/5312 5320/1/5313 5316/1/5310
f 5321/1/5314 5319/1/5315 5322/1/5316
f 5305/1/5299 5320/1/5313 5321/1/5314
f 5316/1/5310 5310/1/5304 5309/1/5303
f 5318/1/5312 5323/1/5317 5319/1/5315
f 1915/1/1912 5317/1/5311 1906/1/1904
f 1915/1/1912 5324/1/5318 5323/1/5317
f 5319/1/5315 5324/1/5318 5322/1/5316
f 5306/1/5300 5305/1/5299 5321/1/5314
f 5322/1/5316 5326/1/5319 5321/1/5314
f 5325/1/5320 5327/1/5321 5328/1/5322
f 5328/1/5322 5300/1/5294 5306/1/5300
f 1914/1/1917 5329/1/5323 5324/1/5318
f 5330/1/5324 1921/1/1919 1925/1/1923
f 5331/1/5325 5329/1/5323 5330/1/5324
f 5324/1/5318 5332/1/5326 5322/1/5316
f 5330/1/5324 5334/1/5327 5331/1/5325
f 1925/1/1923 5333/1/5328 5330/1/5324
f 1930/1/1928 5333/1/5328 1929/1/1927
f 5333/1/5328 1930/1/1928 1928/1/1926
f 5331/1/5325 5335/1/5329 5336/1/5330
f 1936/1/1934 5334/1/5327 1928/1/1926
f 1935/1/1933 5335/1/5329 1936/1/1934
f 5336/1/5330 5337/1/5331 5338/1/5332
f 5331/1/5325 5339/1/5333 5332/1/5326
f 5336/1/5330 5338/1/5332 5340/1/5334
f 5339/1/5333 5340/1/5334 5327/1/5321
f 5332/1/5326 5325/1/5320 5322/1/5316
f 5338/1/5332 5341/1/5335 5342/1/5336
f 1942/1/1940 5337/1/5331 1935/1/1933
f 1941/1/1938 5341/1/5335 1942/1/1940
f 1944/1/1941 5342/1/5336 1941/1/1938
f 5344/1/5337 1944/1/1941 1948/1/1946
f 5345/1/5338 5343/1/5339 5344/1/5337
f 5342/1/5336 5346/1/5340 5338/1/5332
f 5347/1/5341 5349/1/5342 5350/1/5343
f 1953/1/1951 5348/1/5344 1954/1/1952
f 5349/1/5342 1953/1/1951 1346/1/1346
f 4767/1/4762 5350/1/5343 5349/1/5342
f 5351/1/5345 5353/1/5346 5354/1/5347
f 5355/1/5348 5354/1/5347 5356/1/5349
f 1959/1/1956 5351/1/5345 5355/1/5348
f 5351/1/5345 1961/1/1957 1954/1/1952
f 5347/1/5341 5358/1/5350 5348/1/5344
f 5359/1/5351 5357/1/5352 5360/1/5353
f 5358/1/5350 5353/1/5346 5352/1/5354
f 5348/1/5344 5352/1/5354 1954/1/1952
f 5347/1/5341 5361/1/5355 5357/1/5352
f 5350/1/5343 4756/1/4751 4759/1/4753
f 5362/1/5356 4759/1/4753 4747/1/4742
f 5360/1/5353 5361/1/5355 5362/1/5356
f 5363/1/5357 5353/1/5346 5359/1/5351
f 5364/1/5358 5359/1/5351 5360/1/5353
f 5365/1/5359 5363/1/5357 5364/1/5358
f 5356/1/5349 5363/1/5357 5366/1/5360
f 5367/1/5361 5369/1/5362 5370/1/5363
f 5362/1/5356 5368/1/5364 5360/1/5353
f 4747/1/4742 5369/1/5362 5362/1/5356
f 5370/1/5363 4744/1/4741 4743/1/4737
f 5371/1/5365 5373/1/5366 5374/1/5367
f 1981/1/1979 5371/1/5365 1982/1/1980
f 5355/1/5348 1981/1/1979 1959/1/1956
f 5356/1/5349 5372/1/5368 5355/1/5348
f 5375/1/5369 5377/1/5370 5378/1/5371
f 5364/1/5358 5376/1/5372 5365/1/5359
f 5360/1/5353 5377/1/5370 5364/1/5358
f 5378/1/5371 5368/1/5364 5367/1/5361
f 5365/1/5359 5379/1/5373 5366/1/5360
f 5380/1/5374 5376/1/5372 5375/1/5369
f 5374/1/5367 5379/1/5373 5380/1/5374
f 5366/1/5360 5373/1/5366 5356/1/5349
f 5381/1/5375 5383/1/5376 5384/1/5377
f 1993/1/1991 5382/1/5378 1994/1/1992
f 1982/1/1980 5383/1/5376 1993/1/1991
f 5384/1/5377 5371/1/5365 5374/1/5367
f 5385/1/5379 5387/1/5380 5388/1/5381
f 5370/1/5363 5386/1/5382 5367/1/5361
f 4743/1/4737 5387/1/5380 5370/1/5363
f 4738/1/4733 4741/1/4735 5388/1/5381
f 1994/1/1992 5389/1/5383 1999/1/1998
f 5390/1/5384 5382/1/5378 5381/1/5375
f 5390/1/5384 5344/1/5337 5389/1/5383
f 1999/1/1998 5344/1/5337 1948/1/1946
f 5391/1/5385 5328/1/5322 5327/1/5321
f 5392/1/5386 5393/1/5387 5394/1/5388
f 5299/1/5292 5392/1/5386 5296/1/5290
f 5300/1/5294 5391/1/5385 5299/1/5292
f 5395/1/5389 5397/1/5390 5398/1/5391
f 5378/1/5371 5396/1/5392 5375/1/5369
f 5367/1/5361 5397/1/5390 5378/1/5371
f 5398/1/5391 5386/1/5382 5385/1/5379
f 5388/1/5381 4741/1/4735 5295/1/5288
f 5296/1/5290 5399/1/5393 5295/1/5288
f 5399/1/5393 5392/1/5386 5394/1/5388
f 5400/1/5394 5385/1/5379 5388/1/5381
f 5401/1/5395 5400/1/5394 5394/1/5388
f 5395/1/5389 5402/1/5396 5401/1/5395
f 5385/1/5379 5402/1/5396 5398/1/5391
f 5403/1/5397 5340/1/5334 5338/1/5332
f 5404/1/5398 5346/1/5340 5345/1/5338
f 5394/1/5388 5403/1/5397 5404/1/5398
f 5393/1/5387 5327/1/5321 5340/1/5334
f 5401/1/5395 5406/1/5399 5395/1/5389
f 5401/1/5395 5404/1/5398 5405/1/5400
f 5345/1/5338 5405/1/5400 5404/1/5398
f 5406/1/5399 5390/1/5384 5381/1/5375
f 5375/1/5369 5407/1/5401 5380/1/5374
f 5406/1/5399 5396/1/5392 5395/1/5389
f 5381/1/5375 5407/1/5401 5406/1/5399
f 5380/1/5374 5384/1/5377 5374/1/5367
f 4097/1/4093 5409/1/5402 4096/1/4091
f 5410/1/5403 5408/1/5404 5411/1/5405
f 5409/1/5402 5410/1/5403 5005/1/5000
f 4096/1/4091 5004/1/4999 3957/1/3952
f 4101/1/4096 5413/1/5406 4098/1/4094
f 5414/1/5407 5412/1/5408 5415/1/5409
f 5411/1/5405 5413/1/5406 5414/1/5407
f 4098/1/4094 5408/1/5404 4097/1/4093
f 5244/1/5239 5005/1/5000 5416/1/5410
f 5417/1/5411 5416/1/5410 5419/1/5412
f 5249/1/5243 5418/1/5413 5417/1/5411
f 5045/1/5040 5418/1/5413 5247/1/5241
f 5419/1/5412 5421/1/5414 5417/1/5411
f 5422/1/5415 5420/1/5416 5423/1/5417
f 5253/1/5247 5421/1/5414 5422/1/5415
f 5417/1/5411 5250/1/5246 5249/1/5243
f 5423/1/5417 5425/1/5418 5422/1/5415
f 5426/1/5419 5424/1/5420 2038/1/2036
f 5257/1/5251 5425/1/5418 5426/1/5419
f 5422/1/5415 5254/1/5250 5253/1/5247
f 2040/1/2037 5426/1/5419 2038/1/2036
f 1849/1/1847 5427/1/5421 2040/1/2037
f 5426/1/5419 5264/1/5258 5257/1/5251
f 5411/1/5405 5429/1/5422 5410/1/5403
f 5428/1/5423 5430/1/5424 5431/1/5425
f 5429/1/5422 5431/1/5425 5419/1/5412
f 5410/1/5403 5416/1/5410 5005/1/5000
f 5432/1/5426 5414/1/5407 5415/1/5409
f 5434/1/5427 5432/1/5426 5435/1/5428
f 5433/1/5429 5434/1/5427 5430/1/5424
f 5414/1/5407 5428/1/5423 5411/1/5405
f 5436/1/5430 5431/1/5425 5430/1/5424
f 5437/1/5431 5436/1/5430 5439/1/5432
f 5423/1/5417 5436/1/5430 5438/1/5433
f 5431/1/5425 5420/1/5416 5419/1/5412
f 2053/1/2051 5440/1/5434 5441/1/5435
f 5424/1/5420 2056/1/2053 2038/1/2036
f 5440/1/5434 5424/1/5420 5423/1/5417
f 5441/1/5435 5438/1/5433 5437/1/5431
f 5415/1/5409 5442/1/5436 5432/1/5426
f 5443/1/5437 5412/1/5408 4101/1/4096
f 5444/1/5438 5442/1/5436 5443/1/5437
f 5432/1/5426 5445/1/5439 5435/1/5428
f 4101/1/4096 5446/1/5440 5443/1/5437
f 5447/1/5441 4103/1/4101 4102/1/4098
f 5448/1/5442 5446/1/5440 5447/1/5441
f 5443/1/5437 5449/1/5443 5444/1/5438
f 4106/1/4102 5451/1/5444 4107/1/4105
f 5452/1/5445 5450/1/5446 5453/1/5447
f 5448/1/5442 5451/1/5444 5452/1/5445
f 4102/1/4098 5451/1/5444 5447/1/5441
f 4120/1/4116 5455/1/5448 4121/1/4117
f 5456/1/5449 5454/1/5450 5457/1/5451
f 5458/1/5452 5455/1/5448 5456/1/5449
f 4121/1/4117 5459/1/5453 4115/1/4111
f 4124/1/4120 5461/1/5454 4125/1/4121
f 5462/1/5455 5460/1/5456 5463/1/5457
f 5457/1/5451 5461/1/5454 5462/1/5455
f 4125/1/4121 5454/1/5450 4120/1/4116
f 5464/1/5458 2079/1/2077 5465/1/5459
f 2084/1/2081 5465/1/5459 2079/1/2077
f 5462/1/5455 5466/1/5460 5457/1/5451
f 5462/1/5455 5463/1/5457 5464/1/5458
f 4124/1/4120 5467/1/5461 5460/1/5456
f 5468/1/5462 4129/1/4125 4128/1/4124
f 5469/1/5463 5467/1/5461 5468/1/5462
f 5470/1/5464 5463/1/5457 5460/1/5456
f 5471/1/5465 5470/1/5464 5469/1/5463
f 2092/1/2089 5472/1/5466 5471/1/5465
f 2091/1/2088 5464/1/5458 5472/1/5466
f 5463/1/5457 5472/1/5466 5464/1/5458
f 4128/1/4124 5473/1/5467 5468/1/5462
f 5474/1/5468 4133/1/4129 4132/1/4128
f 5475/1/5469 5473/1/5467 5474/1/5468
f 5468/1/5462 5476/1/5470 5469/1/5463
f 5469/1/5463 5477/1/5471 5471/1/5465
f 5478/1/5472 5476/1/5470 5475/1/5469
f 2099/1/2096 5477/1/5471 5478/1/5472
f 5471/1/5465 2098/1/2095 2092/1/2089
f 5479/1/5473 5474/1/5468 4132/1/4128
f 4137/1/4133 4136/1/4132 5480/1/5474
f 5481/1/5475 5479/1/5473 5480/1/5474
f 5474/1/5468 5482/1/5476 5475/1/5469
f 4113/1/4108 5484/1/5477 4112/1/4107
f 5485/1/5478 5483/1/5479 5486/1/5480
f 5453/1/5447 5484/1/5477 5485/1/5478
f 4112/1/4107 5450/1/5446 4106/1/4102
f 4115/1/4111 5487/1/5481 4116/1/4112
f 5488/1/5482 5459/1/5453 5458/1/5452
f 5486/1/5480 5487/1/5481 5488/1/5482
f 4116/1/4112 5483/1/5479 4113/1/4108
f 5457/1/5451 5489/1/5483 5456/1/5449
f 2114/1/2111 5466/1/5460 2084/1/2081
f 2113/1/2110 5489/1/5483 2114/1/2111
f 5456/1/5449 5490/1/5484 5458/1/5452
f 2115/1/2112 5492/1/5485 2116/1/2116
f 5452/1/5445 5491/1/5486 5448/1/5442
f 5453/1/5447 5492/1/5485 5452/1/5445
f 2116/1/2116 5493/1/5487 2120/1/2117
f 5486/1/5480 5495/1/5488 5485/1/5478
f 2123/1/2120 5494/1/5489 2124/1/2121
f 2120/1/2117 5495/1/5488 2123/1/2120
f 5485/1/5478 5493/1/5487 5453/1/5447
f 5458/1/5452 5496/1/5490 5488/1/5482
f 2126/1/2123 5490/1/5484 2113/1/2110
f 2124/1/2121 5496/1/5490 2126/1/2123
f 5488/1/5482 5494/1/5489 5486/1/5480
f 5444/1/5438 5498/1/5491 5445/1/5439
f 5499/1/5492 5497/1/5493 2132/1/2129
f 5500/1/5494 5498/1/5491 5499/1/5492
f 5445/1/5439 5501/1/5495 5435/1/5428
f 5435/1/5428 5502/1/5496 5434/1/5427
f 5503/1/5497 5501/1/5495 5500/1/5494
f 5439/1/5432 5503/1/5497 5437/1/5431
f 5434/1/5427 5439/1/5432 5430/1/5424
f 5437/1/5431 5504/1/5498 5441/1/5435
f 5505/1/5499 5503/1/5497 5500/1/5494
f 2137/1/2134 5504/1/5498 5505/1/5499
f 5441/1/5435 2136/1/2133 2053/1/2051
f 5500/1/5494 5506/1/5500 5505/1/5499
f 2140/1/2137 5499/1/5492 2132/1/2129
f 2137/1/2134 5506/1/5500 2140/1/2137
f 5497/1/5493 5449/1/5443 5507/1/5501
f 5491/1/5486 5449/1/5443 5448/1/5442
f 5491/1/5486 2142/1/2139 5507/1/5501
f 5497/1/5493 2142/1/2139 2132/1/2129
f 5508/1/5502 5510/1/5503 5511/1/5504
f 5512/1/5505 5509/1/5506 5513/1/5507
f 4343/1/4338 5510/1/5503 5512/1/5505
f 5511/1/5504 4340/1/4337 4333/1/4328
f 5512/1/5505 4354/1/4351 4343/1/4338
f 5514/1/5508 5513/1/5507 5515/1/5509
f 5516/1/5510 5514/1/5508 5515/1/5509
f 4354/1/4351 5517/1/5511 4357/1/4352
f 4357/1/4352 5518/1/5512 4366/1/4363
f 5519/1/5513 5517/1/5511 5516/1/5510
f 5520/1/5514 5518/1/5512 5519/1/5513
f 4366/1/4363 5521/1/5515 4369/1/4364
f 4369/1/4364 5522/1/5516 4388/1/4383
f 5523/1/5517 5521/1/5515 5520/1/5514
f 5524/1/5518 5523/1/5517 5525/1/5519
f 4364/1/4359 5522/1/5516 5524/1/5518
f 2161/1/2157 5527/1/5520 2162/1/2160
f 5511/1/5504 5526/1/5521 5508/1/5502
f 4333/1/4328 5527/1/5520 5511/1/5504
f 2162/1/2160 4332/1/4327 881/1/880
f 5526/1/5521 2161/1/2157 2165/1/2161
f 5528/1/5522 2165/1/2161 2170/1/2166
f 5530/1/5523 5528/1/5522 5531/1/5524
f 5529/1/5525 5530/1/5523 5508/1/5502
f 5531/1/5524 5533/1/5526 5530/1/5523
f 5534/1/5527 5532/1/5528 5535/1/5529
f 5513/1/5507 5533/1/5526 5534/1/5527
f 5530/1/5523 5509/1/5506 5508/1/5502
f 5536/1/5530 5538/1/5531 5539/1/5532
f 5515/1/5509 5537/1/5533 5516/1/5510
f 5534/1/5527 5515/1/5509 5513/1/5507
f 5538/1/5531 5535/1/5529 5539/1/5532
f 5540/1/5534 5542/1/5535 5543/1/5536
f 5519/1/5513 5541/1/5537 5520/1/5514
f 5516/1/5510 5542/1/5535 5519/1/5513
f 5543/1/5536 5537/1/5533 5536/1/5530
f 5544/1/5538 5546/1/5539 5547/1/5540
f 5525/1/5519 5545/1/5541 5544/1/5538
f 5520/1/5514 5545/1/5541 5523/1/5517
f 5546/1/5539 5541/1/5537 5540/1/5534
f 2170/1/2166 5548/1/5542 5528/1/5522
f 5549/1/5543 2188/1/2185 2190/1/2187
f 5535/1/5529 5548/1/5542 5549/1/5543
f 5528/1/5522 5532/1/5528 5531/1/5524
f 5550/1/5544 5552/1/5545 5553/1/5546
f 5539/1/5532 5551/1/5547 5536/1/5530
f 5535/1/5529 5552/1/5545 5539/1/5532
f 5553/1/5546 5549/1/5543 2190/1/2187
f 2195/1/2192 5555/1/5548 2196/1/2195
f 5550/1/5544 5555/1/5548 5554/1/5549
f 2196/1/2195 5553/1/5546 2190/1/2187
f 5556/1/5550 5558/1/5551 5559/1/5552
f 5543/1/5536 5557/1/5553 5540/1/5534
f 5536/1/5530 5558/1/5551 5543/1/5536
f 5559/1/5552 5551/1/5547 5550/1/5544
f 2203/1/2200 5561/1/5554 2204/1/2203
f 5559/1/5552 5560/1/5555 5556/1/5550
f 5550/1/5544 5561/1/5554 5559/1/5552
f 2204/1/2203 5554/1/5549 2195/1/2192
f 5562/1/5556 5557/1/5553 5556/1/5550
f 5564/1/5557 5562/1/5556 5565/1/5558
f 5547/1/5540 5563/1/5559 5564/1/5557
f 5540/1/5534 5563/1/5559 5546/1/5539
f 5566/1/5560 2211/1/2208 2214/1/2210
f 5565/1/5558 5567/1/5561 5566/1/5560
f 5556/1/5550 5567/1/5561 5562/1/5556
f 2211/1/2208 5560/1/5555 2203/1/2200
f 2214/1/2210 5568/1/5562 5566/1/5560
f 5569/1/5563 2216/1/2213 2220/1/2217
f 5570/1/5564 5568/1/5562 5569/1/5563
f 5566/1/5560 5571/1/5565 5565/1/5558
f 5564/1/5557 5573/1/5566 5547/1/5540
f 5565/1/5558 5572/1/5567 5564/1/5557
f 5570/1/5564 5572/1/5567 5571/1/5565
f 5573/1/5566 5574/1/5568 5575/1/5569
f 2220/1/2217 5576/1/5570 5569/1/5563
f 5577/1/5571 2226/1/2223 2228/1/2225
f 5575/1/5569 5576/1/5570 5577/1/5571
f 5569/1/5563 5574/1/5568 5570/1/5564
f 5575/1/5569 5579/1/5572 5573/1/5566
f 5580/1/5573 5578/1/5574 5581/1/5575
f 5544/1/5538 5580/1/5573 5525/1/5519
f 5573/1/5566 5544/1/5538 5547/1/5540
f 5525/1/5519 5582/1/5576 5524/1/5518
f 5583/1/5577 5580/1/5573 5581/1/5575
f 4261/1/4257 5582/1/5576 5583/1/5577
f 5524/1/5518 4365/1/4360 4364/1/4359
f 2228/1/2225 5584/1/5578 5577/1/5571
f 5585/1/5579 2236/1/2233 2238/1/2235
f 5581/1/5575 5584/1/5578 5585/1/5579
f 5577/1/5571 5578/1/5574 5575/1/5569
f 4261/1/4257 5586/1/5580 4256/1/4252
f 5587/1/5581 5583/1/5577 5581/1/5575
f 5588/1/5582 5586/1/5580 5587/1/5581
f 4256/1/4252 5589/1/5583 4146/1/4142
f 2243/1/2240 5591/1/5584 2244/1/2243
f 5587/1/5581 5590/1/5585 5588/1/5582
f 5585/1/5579 5587/1/5581 5581/1/5575
f 5585/1/5579 2244/1/2243 5591/1/5584
f 4146/1/4142 5592/1/5586 4140/1/4136
f 5593/1/5587 5589/1/5583 5588/1/5582
f 5594/1/5588 5592/1/5586 5593/1/5587
f 4140/1/4136 5595/1/5589 4141/1/4137
f 4141/1/4137 5596/1/5590 4148/1/4144
f 5597/1/5591 5595/1/5589 5594/1/5588
f 5481/1/5475 5596/1/5590 5597/1/5591
f 4148/1/4144 5480/1/5474 4136/1/4132
f 5588/1/5582 5598/1/5592 5593/1/5587
f 2256/1/2253 5590/1/5585 2243/1/2240
f 2255/1/2252 5598/1/5592 2256/1/2253
f 5593/1/5587 5599/1/5593 5594/1/5588
f 5475/1/5469 5600/1/5594 5478/1/5472
f 5601/1/5595 5482/1/5476 5481/1/5475
f 5601/1/5595 2258/1/2255 5600/1/5594
f 5478/1/5472 2258/1/2255 2099/1/2096
f 5594/1/5588 5602/1/5596 5597/1/5591
f 2262/1/2259 5599/1/5593 2255/1/2252
f 2259/1/2258 5602/1/5596 2262/1/2259
f 5597/1/5591 5601/1/5595 5481/1/5475
f 4167/1/4163 5604/1/5597 4166/1/4162
f 5603/1/5598 4858/1/4853 4856/1/4851
f 4221/1/4217 5604/1/5597 4856/1/4851
f 4166/1/4162 4219/1/4216 4160/1/4156
f 4191/1/4187 5606/1/5599 4189/1/4185
f 5607/1/5600 5605/1/5601 5608/1/5602
f 5606/1/5599 5607/1/5600 4167/1/4163
f 4163/1/4159 4165/1/4161 4189/1/4185
f 4985/1/4980 5610/1/5603 4983/1/4978
f 5611/1/5604 5609/1/5605 5612/1/5606
f 5608/1/5602 5610/1/5603 5611/1/5604
f 4983/1/4978 5605/1/5601 4191/1/4187
f 4997/1/4992 5614/1/5607 4996/1/4990
f 5615/1/5608 5613/1/5609 5616/1/5610
f 5612/1/5606 5614/1/5607 5615/1/5608
f 4996/1/4990 5609/1/5605 4985/1/4980
f 5001/1/4996 5618/1/5611 4999/1/4994
f 5619/1/5612 5617/1/5613 5620/1/5614
f 5616/1/5610 5618/1/5611 5619/1/5612
f 4999/1/4994 5613/1/5609 4997/1/4992
f 5621/1/5615 5622/1/5616 5623/1/5617
f 5624/1/5618 4860/1/4855 4863/1/4857
f 5621/1/5615 4863/1/4857 4844/1/4839
f 4859/1/4854 4858/1/4853 5622/1/5616
f 4860/1/4855 5625/1/5619 4867/1/4861
f 5626/1/5620 5624/1/5618 5623/1/5617
f 5627/1/5621 5625/1/5619 5626/1/5620
f 4867/1/4861 5628/1/5622 4864/1/4859
f 5629/1/5623 5607/1/5600 5608/1/5602
f 5630/1/5624 5631/1/5625 5632/1/5626
f 5629/1/5623 5632/1/5626 4858/1/4853
f 5603/1/5598 4167/1/4163 5607/1/5600
f 5611/1/5604 5630/1/5624 5608/1/5602
f 5612/1/5606 5633/1/5627 5611/1/5604
f 5635/1/5628 5633/1/5627 5634/1/5629
f 5630/1/5624 5636/1/5630 5631/1/5625
f 5615/1/5608 5634/1/5629 5612/1/5606
f 5616/1/5610 5637/1/5631 5615/1/5608
f 5639/1/5632 5638/1/5633 5640/1/5634
f 5634/1/5629 5639/1/5632 5635/1/5628
f 5620/1/5614 5642/1/5635 5619/1/5612
f 5641/1/5636 5644/1/5637 5642/1/5635
f 5640/1/5634 5642/1/5635 5644/1/5637
f 5619/1/5612 5638/1/5633 5616/1/5610
f 5645/1/5638 5647/1/5639 5648/1/5640
f 5649/1/5641 5646/1/5642 5650/1/5643
f 5644/1/5637 5649/1/5641 5640/1/5634
f 5648/1/5640 5644/1/5637 5643/1/5644
f 5635/1/5628 5651/1/5645 5652/1/5646
f 5639/1/5632 5649/1/5641 5651/1/5645
f 5650/1/5643 5651/1/5645 5649/1/5641
f 5652/1/5646 5653/1/5647 5654/1/5648
f 4871/1/4866 5656/1/5649 4870/1/4864
f 5657/1/5650 5655/1/5651 5658/1/5652
f 4253/1/4249 5656/1/5649 5657/1/5650
f 4870/1/4864 4851/1/4846 4850/1/4845
f 5627/1/5621 5660/1/5653 5628/1/5622
f 5655/1/5651 5659/1/5654 5658/1/5652
f 4871/1/4866 5660/1/5653 5655/1/5651
f 5628/1/5622 4869/1/4865 4864/1/4859
f 5661/1/5655 5657/1/5650 5658/1/5652
f 5662/1/5656 4875/1/4870 4872/1/4869
f 4255/1/4251 5661/1/5655 4872/1/4869
f 5657/1/5650 4254/1/4250 4253/1/4249
f 5663/1/5657 5626/1/5620 5623/1/5617
f 5664/1/5658 5665/1/5659 5666/1/5660
f 5658/1/5652 5663/1/5657 5666/1/5660
f 5626/1/5620 5659/1/5654 5627/1/5621
f 5667/1/5661 5632/1/5626 5631/1/5625
f 5668/1/5662 5665/1/5659 5664/1/5658
f 5667/1/5661 5664/1/5658 5623/1/5617
f 5622/1/5616 4858/1/4853 5632/1/5626
f 5654/1/5648 5670/1/5663 5652/1/5646
f 5668/1/5662 5669/1/5664 5665/1/5659
f 5631/1/5625 5670/1/5663 5668/1/5662
f 5652/1/5646 5636/1/5630 5635/1/5628
f 5665/1/5659 5672/1/5665 5666/1/5660
f 5673/1/5666 5671/1/5667 5674/1/5668
f 5672/1/5665 5673/1/5666 4875/1/4870
f 5662/1/5656 5658/1/5652 5666/1/5660
f 5675/1/5669 5677/1/5670 5678/1/5671
f 4909/1/4904 5675/1/5669 4910/1/4905
f 5676/1/5672 4909/1/4904 4880/1/4875
f 4879/1/4874 4876/1/4871 5677/1/5670
f 5679/1/5673 4874/1/4868 4875/1/4870
f 5680/1/5674 5673/1/5666 5674/1/5668
f 5679/1/5673 5680/1/5674 5678/1/5671
f 5677/1/5670 4876/1/4871 4874/1/4868
f 5681/1/5675 5675/1/5669 5678/1/5671
f 5682/1/5676 5683/1/5677 5684/1/5678
f 4919/1/4914 5681/1/5675 5682/1/5676
f 5675/1/5669 4916/1/4913 4910/1/4905
f 5684/1/5678 5686/1/5679 5682/1/5676
f 5687/1/5680 5685/1/5681 5688/1/5682
f 5687/1/5680 4921/1/4916 5686/1/5679
f 5682/1/5676 4921/1/4916 4919/1/4914
f 4915/1/4910 5689/1/5683 4914/1/4908
f 5690/1/5684 5687/1/5680 5688/1/5682
f 4841/1/4836 5689/1/5683 5690/1/5684
f 4914/1/4908 4893/1/4888 4892/1/4886
f 5690/1/5684 4840/1/4834 4841/1/4836
f 5688/1/5682 5691/1/5685 5690/1/5684
f 5693/1/5686 5692/1/5687 5694/1/5688
f 4840/1/4834 5693/1/5686 4836/1/4831
f 4836/1/4831 5695/1/5689 4837/1/4832
f 5693/1/5686 5696/1/5690 5695/1/5689
f 5697/1/5691 5695/1/5689 5696/1/5690
f 4837/1/4832 5698/1/5692 4833/1/4828
f 4833/1/4828 5699/1/5693 4832/1/4826
f 5700/1/5694 5698/1/5692 5697/1/5691
f 5701/1/5695 5699/1/5693 5700/1/5694
f 5702/1/5696 4829/1/4824 4832/1/4826
f 5703/1/5697 5702/1/5696 5701/1/5695
f 5705/1/5698 5703/1/5697 5706/1/5699
f 4824/1/4819 5704/1/5700 5705/1/5698
f 4829/1/4824 5704/1/5700 4828/1/4822
f 5706/1/5699 5708/1/5701 5705/1/5698
f 5709/1/5702 5707/1/5703 5710/1/5704
f 4820/1/4815 5708/1/5701 5709/1/5702
f 5705/1/5698 4825/1/4820 4824/1/4819
f 5710/1/5704 5712/1/5705 5709/1/5702
f 5711/1/5706 5713/1/5707 5714/1/5708
f 5712/1/5705 5714/1/5708 4815/1/4810
f 5709/1/5702 4821/1/4816 4820/1/4815
f 5715/1/5709 5717/1/5710 5718/1/5711
f 5674/1/5668 5717/1/5710 5716/1/5712
f 5671/1/5667 5665/1/5659 5718/1/5711
f 5719/1/5713 5721/1/5714 5722/1/5715
f 5718/1/5711 5720/1/5716 5715/1/5709
f 5665/1/5659 5721/1/5714 5718/1/5711
f 5722/1/5715 5669/1/5664 5654/1/5648
f 5723/1/5717 5725/1/5718 5726/1/5719
f 5722/1/5715 5724/1/5720 5719/1/5713
f 5654/1/5648 5725/1/5718 5722/1/5715
f 5726/1/5719 5653/1/5647 5650/1/5643
f 5727/1/5721 5729/1/5722 5730/1/5723
f 5726/1/5719 5727/1/5721 5723/1/5717
f 5650/1/5643 5728/1/5724 5726/1/5719
f 5728/1/5724 5646/1/5642 5645/1/5638
f 5731/1/5725 5680/1/5674 5674/1/5668
f 5716/1/5712 5715/1/5709 5732/1/5726
f 5732/1/5726 5733/1/5727 5734/1/5728
f 5734/1/5728 5678/1/5671 5680/1/5674
f 5735/1/5729 5734/1/5728 5733/1/5727
f 5736/1/5730 5737/1/5731 5738/1/5732
f 5684/1/5678 5735/1/5729 5736/1/5730
f 5683/1/5677 5678/1/5671 5734/1/5728
f 5738/1/5732 5740/1/5733 5736/1/5730
f 5741/1/5734 5739/1/5735 5742/1/5736
f 5688/1/5682 5740/1/5733 5741/1/5734
f 5736/1/5730 5685/1/5681 5684/1/5678
f 5742/1/5736 5744/1/5737 5741/1/5734
f 5745/1/5738 5743/1/5739 5746/1/5740
f 5694/1/5688 5744/1/5737 5745/1/5738
f 5741/1/5734 5692/1/5687 5688/1/5682
f 5746/1/5740 5748/1/5741 5745/1/5738
f 5749/1/5742 5747/1/5743 5750/1/5744
f 5696/1/5690 5749/1/5742 5697/1/5691
f 5745/1/5738 5696/1/5690 5694/1/5688
f 5751/1/5745 5753/1/5746 5754/1/5747
f 5700/1/5694 5752/1/5748 5701/1/5695
f 5697/1/5691 5753/1/5746 5700/1/5694
f 5754/1/5747 5749/1/5742 5750/1/5744
f 5755/1/5749 5757/1/5750 5758/1/5751
f 5703/1/5697 5756/1/5752 5706/1/5699
f 5701/1/5695 5757/1/5750 5703/1/5697
f 5758/1/5751 5752/1/5748 5751/1/5745
f 5759/1/5753 5761/1/5754 5762/1/5755
f 5707/1/5703 5760/1/5756 5710/1/5704
f 5706/1/5699 5761/1/5754 5707/1/5703
f 5762/1/5755 5756/1/5752 5755/1/5749
f 5763/1/5757 5765/1/5758 5766/1/5759
f 5711/1/5706 5764/1/5760 5713/1/5707
f 5710/1/5704 5765/1/5758 5711/1/5706
f 5766/1/5759 5760/1/5756 5759/1/5753
f 2429/1/2425 5768/1/5761 2430/1/2426
f 5769/1/5762 2429/1/2425 2432/1/2429
f 5763/1/5757 5767/1/5763 5769/1/5762
f 5759/1/5753 5767/1/5763 5766/1/5759
f 5770/1/5764 5772/1/5765 5773/1/5766
f 5774/1/5767 5771/1/5768 2438/1/2435
f 5758/1/5751 5774/1/5767 5755/1/5749
f 5773/1/5766 5758/1/5751 5751/1/5745
f 5755/1/5749 5775/1/5769 5762/1/5755
f 2440/1/2437 5774/1/5767 2438/1/2435
f 2430/1/2426 5775/1/5769 2440/1/2437
f 5762/1/5755 5768/1/5761 5759/1/5753
f 5776/1/5770 5778/1/5771 5779/1/5772
f 5773/1/5766 5777/1/5773 5770/1/5764
f 5751/1/5745 5778/1/5771 5773/1/5766
f 5779/1/5772 5754/1/5747 5750/1/5744
f 5770/1/5764 5780/1/5774 5771/1/5768
f 5781/1/5775 5777/1/5773 5776/1/5770
f 2447/1/2444 5780/1/5774 5781/1/5775
f 5771/1/5768 2446/1/2443 2438/1/2435
f 5782/1/5776 5784/1/5777 5785/1/5778
f 5779/1/5772 5783/1/5779 5776/1/5770
f 5750/1/5744 5784/1/5777 5779/1/5772
f 5785/1/5778 5747/1/5743 5746/1/5740
f 5776/1/5770 5786/1/5780 5781/1/5775
f 5787/1/5781 5783/1/5779 5782/1/5776
f 5787/1/5781 2454/1/2451 5786/1/5780
f 5781/1/5775 2454/1/2451 2447/1/2444
f 5788/1/5782 5790/1/5783 5791/1/5784
f 5785/1/5778 5789/1/5785 5782/1/5776
f 5746/1/5740 5790/1/5783 5785/1/5778
f 5791/1/5784 5743/1/5739 5742/1/5736
f 5788/1/5782 5793/1/5786 5789/1/5785
f 2463/1/2460 5792/1/5787 2464/1/2461
f 2455/1/2459 5793/1/5786 2463/1/2460
f 5787/1/5781 5789/1/5785 5793/1/5786
f 5742/1/5736 5794/1/5788 5791/1/5784
f 5795/1/5789 5739/1/5735 5738/1/5732
f 5794/1/5788 5795/1/5789 5796/1/5790
f 5791/1/5784 5797/1/5791 5788/1/5782
f 5796/1/5790 5799/1/5792 5797/1/5791
f 2471/1/2468 5798/1/5793 2472/1/2469
f 2464/1/2461 5799/1/5792 2471/1/2468
f 5797/1/5791 5792/1/5787 5788/1/5782
f 5800/1/5794 5802/1/5795 5803/1/5796
f 5801/1/5797 5796/1/5790 5795/1/5789
f 5738/1/5732 5802/1/5795 5795/1/5789
f 5737/1/5731 5733/1/5727 5803/1/5796
f 5801/1/5797 5800/1/5794 5804/1/5798
f 2479/1/2476 5804/1/5798 2480/1/2477
f 2472/1/2469 5805/1/5799 2479/1/2476
f 5798/1/5793 5796/1/5790 5801/1/5797
f 5806/1/5800 5808/1/5801 5809/1/5802
f 5803/1/5796 5807/1/5803 5800/1/5794
f 5733/1/5727 5808/1/5801 5803/1/5796
f 5809/1/5802 5732/1/5726 5715/1/5709
f 5800/1/5794 5810/1/5804 5804/1/5798
f 5811/1/5805 5807/1/5803 5806/1/5800
f 2487/1/2491 5810/1/5804 5811/1/5805
f 5804/1/5798 2486/1/2483 2480/1/2477
f 5715/1/5709 5812/1/5806 5809/1/5802
f 5813/1/5807 5720/1/5716 5719/1/5713
f 5814/1/5808 5812/1/5806 5813/1/5807
f 5809/1/5802 5815/1/5809 5806/1/5800
f 5806/1/5800 5816/1/5810 5811/1/5805
f 5817/1/5811 5815/1/5809 5814/1/5808
f 2495/1/2492 5816/1/5810 5817/1/5811
f 5811/1/5805 2494/1/2490 2487/1/2491
f 5719/1/5713 5818/1/5812 5813/1/5807
f 5819/1/5813 5724/1/5720 5723/1/5717
f 5820/1/5814 5818/1/5812 5819/1/5813
f 5813/1/5807 5821/1/5815 5814/1/5808
f 5814/1/5808 5822/1/5816 5817/1/5811
f 5823/1/5817 5821/1/5815 5820/1/5814
f 2503/1/2506 5822/1/5816 5823/1/5817
f 5817/1/5811 2502/1/2499 2495/1/2492
f 5723/1/5717 5824/1/5818 5819/1/5813
f 5825/1/5819 5727/1/5721 5730/1/5723
f 5826/1/5820 5824/1/5818 5825/1/5819
f 5819/1/5813 5827/1/5821 5820/1/5814
f 5820/1/5814 5828/1/5822 5823/1/5817
f 5829/1/5823 5827/1/5821 5826/1/5820
f 2512/1/2509 5828/1/5822 5829/1/5823
f 5823/1/5817 2510/1/2508 2503/1/2506
f 1150/1/1149 5830/1/5824 4574/1/4568
f 5831/1/5825 2514/1/2511 2518/1/2515
f 5832/1/5826 5830/1/5824 5831/1/5825
f 4574/1/4568 5833/1/5827 4575/1/4569
f 5834/1/5828 5836/1/5829 5837/1/5830
f 5838/1/5831 5834/1/5828 5839/1/5832
f 2523/1/2519 5838/1/5831 2524/1/2520
f 2522/1/3205 5835/1/5833 2523/1/2519
f 5840/1/5834 5842/1/5835 5843/1/5836
f 5844/1/5837 5841/1/5838 5845/1/5839
f 5846/1/5840 5842/1/5835 5844/1/5837
f 5843/1/5836 5847/1/5841 5848/1/5842
f 2518/1/2515 5849/1/5843 5831/1/5825
f 2538/1/2534 5838/1/5831 5849/1/5843
f 5839/1/5832 5849/1/5843 5838/1/5831
f 5831/1/5825 5850/1/5844 5832/1/5826
f 5832/1/5826 5851/1/5845 5852/1/5846
f 5853/1/5847 5850/1/5844 5839/1/5832
f 5854/1/5848 5851/1/5845 5853/1/5847
f 5852/1/5846 5855/1/5849 5856/1/5850
f 5856/1/5850 5857/1/5851 5858/1/5852
f 5859/1/5853 5855/1/5849 5854/1/5848
f 5840/1/5834 5857/1/5851 5859/1/5853
f 5858/1/5852 5843/1/5836 5848/1/5842
f 5860/1/5854 5862/1/5855 5863/1/5856
f 5861/1/5857 5865/1/5858 5862/1/5855
f 5617/1/5613 5865/1/5858 5620/1/5614
f 5863/1/5856 5617/1/5613 5001/1/4996
f 5846/1/5840 5867/1/5859 5847/1/5841
f 5868/1/5860 5866/1/5861 5869/1/5862
f 5870/1/5863 5868/1/5860 5871/1/5864
f 5848/1/5842 5867/1/5859 5870/1/5863
f 5872/1/5865 5874/1/5866 5875/1/5867
f 5872/1/5865 5876/1/5868 5877/1/5869
f 5873/1/5870 5877/1/5869 4957/1/4952
f 4954/1/4951 4944/1/4939 5874/1/5866
f 4930/1/4925 5879/1/5871 4943/1/4938
f 5880/1/5872 5878/1/5873 5881/1/5874
f 5874/1/5866 5880/1/5872 5875/1/5867
f 4943/1/4938 5874/1/5866 4944/1/4939
f 3686/1/3681 5882/1/5875 4933/1/4927
f 5883/1/5876 3697/1/3692 3696/1/3691
f 5881/1/5874 5882/1/5875 5883/1/5876
f 4933/1/4927 5878/1/5873 4930/1/4925
f 3696/1/3691 5885/1/5877 5883/1/5876
f 5886/1/5878 5884/1/5879 5887/1/5880
f 5888/1/5881 5885/1/5877 5886/1/5878
f 5883/1/5876 5889/1/5882 5881/1/5874
f 5881/1/5874 5890/1/5883 5880/1/5872
f 5891/1/5884 5889/1/5882 5888/1/5881
f 5892/1/5885 5890/1/5883 5891/1/5884
f 5893/1/5886 5875/1/5867 5880/1/5872
f 5892/1/5885 5895/1/5887 5893/1/5886
f 5896/1/5888 5894/1/5889 5897/1/5890
f 5898/1/5891 5895/1/5887 5896/1/5888
f 5893/1/5886 5899/1/5892 5875/1/5867
f 5896/1/5888 5901/1/5893 5898/1/5891
f 5897/1/5890 5900/1/5894 5896/1/5888
f 5903/1/5895 5902/1/5896 5904/1/5897
f 5901/1/5893 5903/1/5895 5869/1/5862
f 5871/1/5864 5905/1/5898 5906/1/5899
f 5903/1/5895 5868/1/5860 5869/1/5862
f 5904/1/5897 5905/1/5898 5903/1/5895
f 5906/1/5899 5907/1/5900 5908/1/5901
f 4502/1/4497 5910/1/5902 4501/1/4495
f 5911/1/5903 5909/1/5904 5908/1/5901
f 5912/1/5905 5910/1/5902 5911/1/5903
f 4501/1/4495 5913/1/5906 4462/1/4456
f 5914/1/5907 5915/1/5908 5916/1/5909
f 5917/1/5910 5912/1/5905 5911/1/5903
f 5908/1/5901 5914/1/5907 5911/1/5903
f 5915/1/5908 5907/1/5900 5904/1/5897
f 5918/1/5911 5920/1/5912 5921/1/5913
f 5863/1/5856 5919/1/5914 5860/1/5854
f 5001/1/4996 5920/1/5912 5863/1/5856
f 5921/1/5913 5000/1/4995 4992/1/4987
f 5922/1/5915 5924/1/5916 5925/1/5917
f 5861/1/5857 5923/1/5918 5864/1/5919
f 5860/1/5854 5924/1/5916 5861/1/5857
f 5925/1/5917 5926/1/5920 5927/1/5921
f 5928/1/5922 5930/1/5923 5931/1/5924
f 5925/1/5917 5929/1/5925 5922/1/5915
f 5927/1/5921 5930/1/5923 5925/1/5917
f 5931/1/5924 5932/1/5926 5845/1/5839
f 5933/1/5927 5935/1/5928 5936/1/5929
f 5926/1/5920 5934/1/5930 5927/1/5921
f 5860/1/5854 5935/1/5928 5926/1/5920
f 5936/1/5929 5919/1/5914 5918/1/5911
f 5844/1/5837 5938/1/5931 5846/1/5840
f 5845/1/5839 5937/1/5932 5844/1/5837
f 5939/1/5933 5932/1/5926 5927/1/5921
f 5938/1/5931 5939/1/5933 5940/1/5934
f 5898/1/5891 5942/1/5935 5899/1/5892
f 5943/1/5936 5941/1/5937 5940/1/5934
f 5876/1/5868 5942/1/5935 5943/1/5936
f 5875/1/5867 5942/1/5935 5872/1/5865
f 5869/1/5862 5944/1/5938 5901/1/5893
f 5938/1/5931 5866/1/5861 5846/1/5840
f 5940/1/5934 5944/1/5938 5938/1/5931
f 5901/1/5893 5941/1/5937 5898/1/5891
f 5945/1/5939 5877/1/5869 5876/1/5868
f 5946/1/5940 5947/1/5941 5948/1/5942
f 4969/1/4964 5945/1/5939 5946/1/5940
f 5877/1/5869 4966/1/4963 4957/1/4952
f 5948/1/5942 5950/1/5943 5946/1/5940
f 5951/1/5944 5949/1/5945 5952/1/5946
f 4981/1/4976 5950/1/5943 5951/1/5944
f 5946/1/5940 4980/1/4975 4969/1/4964
f 5953/1/5947 5951/1/5944 5952/1/5946
f 5921/1/5913 5954/1/5948 5918/1/5911
f 5953/1/5947 5921/1/5913 4992/1/4987
f 5951/1/5944 4990/1/4986 4981/1/4976
f 5955/1/5949 5957/1/5950 5958/1/5951
f 5952/1/5946 5956/1/5952 5955/1/5949
f 5948/1/5942 5956/1/5952 5949/1/5945
f 5918/1/5911 5959/1/5953 5936/1/5929
f 5955/1/5949 5954/1/5948 5952/1/5946
f 5958/1/5951 5959/1/5953 5955/1/5949
f 5936/1/5929 5960/1/5954 5933/1/5927
f 5933/1/5927 5961/1/5955 5934/1/5930
f 5962/1/5956 5960/1/5954 5958/1/5951
f 5940/1/5934 5961/1/5955 5962/1/5956
f 5934/1/5930 5939/1/5933 5927/1/5921
f 5958/1/5951 5963/1/5957 5962/1/5956
f 5947/1/5941 5957/1/5950 5948/1/5942
f 5943/1/5936 5947/1/5941 5876/1/5868
f 5962/1/5956 5943/1/5936 5940/1/5934
f 3791/1/3786 5965/1/5958 3790/1/3784
f 5966/1/5959 5964/1/5960 5967/1/5961
f 3755/1/3750 5965/1/5958 5966/1/5959
f 3790/1/3784 3752/1/3749 3751/1/3746
f 3831/1/3826 5969/1/5962 3830/1/3824
f 5970/1/5963 5968/1/5964 5971/1/5965
f 5967/1/5961 5969/1/5962 5970/1/5963
f 3830/1/3824 5964/1/5960 3791/1/3786
f 5972/1/5966 5974/1/5967 5975/1/5968
f 5968/1/5964 5973/1/5969 5971/1/5965
f 3831/1/3826 5974/1/5967 5968/1/5964
f 5975/1/5968 4456/1/5970 4455/1/4451
f 5976/1/5971 5978/1/5972 5979/1/5973
f 5975/1/5968 5977/1/5974 5972/1/5966
f 4455/1/4451 5978/1/5972 5975/1/5968
f 5979/1/5973 4464/1/4459 4463/1/4457
f 5980/1/5975 5981/1/5976 5982/1/5977
f 5983/1/5978 5982/1/5977 5916/1/5909
f 5983/1/5978 5915/1/5908 5904/1/5897
f 5902/1/5896 5897/1/5890 5980/1/5975
f 5984/1/5979 5986/1/5980 5987/1/5981
f 5985/1/5982 5981/1/5976 5980/1/5975
f 5986/1/5980 5980/1/5975 5897/1/5890
f 5987/1/5981 5894/1/5889 5892/1/5885
f 5988/1/5983 5990/1/5984 5991/1/5985
f 4459/1/4454 5989/1/5986 4463/1/4457
f 4462/1/4456 5990/1/5984 4459/1/4454
f 5991/1/5985 5913/1/5906 5912/1/5905
f 5981/1/5976 5993/1/5987 5982/1/5977
f 5991/1/5985 5992/1/5988 5988/1/5983
f 5912/1/5905 5993/1/5987 5991/1/5985
f 5982/1/5977 5917/1/5910 5916/1/5909
f 5994/1/5989 5996/1/5990 5997/1/5991
f 5979/1/5973 5995/1/5992 5976/1/5971
f 4463/1/4457 5996/1/5990 5979/1/5973
f 5997/1/5991 5989/1/5986 5988/1/5983
f 5888/1/5881 5999/1/5993 5891/1/5884
f 6000/1/5994 5998/1/5995 6001/1/5996
f 5984/1/5979 5999/1/5993 6000/1/5994
f 5891/1/5884 5987/1/5981 5892/1/5885
f 6002/1/5997 5985/1/5982 5984/1/5979
f 6003/1/5998 6004/1/5999 6005/1/6000
f 5988/1/5983 6002/1/5997 6003/1/5998
f 5992/1/5988 5981/1/5976 5985/1/5982
f 6005/1/6000 6007/1/6001 6003/1/5998
f 6008/1/6002 6007/1/6001 6006/1/6003
f 5997/1/5991 6009/1/6004 5994/1/5989
f 6003/1/5998 5997/1/5991 5988/1/5983
f 5886/1/5878 5998/1/5995 5888/1/5881
f 6011/1/6005 5886/1/5878 5887/1/5880
f 6001/1/5996 6010/1/6006 6011/1/6005
f 6000/1/5994 6004/1/5999 5984/1/5979
f 6001/1/5996 6012/1/6007 6000/1/5994
f 6014/1/6008 6013/1/6009 6015/1/6010
f 6005/1/6000 6012/1/6007 6014/1/6008
f 6015/1/6010 6017/1/6011 6014/1/6008
f 6018/1/6012 6016/1/6013 6019/1/6014
f 6006/1/6003 6018/1/6012 6008/1/6002
f 6014/1/6008 6006/1/6003 6005/1/6000
f 6020/1/6015 6022/1/6016 6023/1/6017
f 3754/1/3748 6021/1/6018 3695/1/3690
f 3755/1/3750 6022/1/6016 3754/1/3748
f 6023/1/6017 6024/1/6019 6025/1/6020
f 3695/1/3690 6026/1/6021 3694/1/3688
f 6027/1/6022 6021/1/6018 6020/1/6015
f 5887/1/5880 6026/1/6021 6027/1/6022
f 3694/1/3688 5884/1/5879 3696/1/3691
f 5887/1/5880 6029/1/6023 6011/1/6005
f 6030/1/6024 6028/1/6025 6031/1/6026
f 6015/1/6010 6029/1/6023 6030/1/6024
f 6011/1/6005 6013/1/6009 6001/1/5996
f 6031/1/6026 6033/1/6027 6030/1/6024
f 6034/1/6028 6032/1/6029 6035/1/6030
f 6019/1/6014 6033/1/6027 6034/1/6028
f 6030/1/6024 6016/1/6013 6015/1/6010
f 5967/1/5961 6037/1/6031 5966/1/5959
f 6038/1/6032 6036/1/6033 6039/1/6034
f 6025/1/6020 6037/1/6031 6038/1/6032
f 5966/1/5959 6024/1/6019 3755/1/3750
f 6020/1/6015 6041/1/6035 6027/1/6022
f 6042/1/6036 6040/1/6037 6043/1/6038
f 6031/1/6026 6041/1/6035 6042/1/6036
f 6027/1/6022 6028/1/6025 5887/1/5880
f 6025/1/6020 6044/1/6039 6023/1/6017
f 6045/1/6040 6038/1/6032 6039/1/6034
f 6043/1/6038 6044/1/6039 6045/1/6040
f 6023/1/6017 6040/1/6037 6020/1/6015
f 6043/1/6038 6047/1/6041 6042/1/6036
f 6048/1/6042 6046/1/6043 6049/1/6044
f 6035/1/6030 6047/1/6041 6048/1/6042
f 6042/1/6036 6032/1/6029 6031/1/6026
f 6039/1/6034 6051/1/6045 6045/1/6040
f 6052/1/6046 6050/1/6047 6053/1/6048
f 6049/1/6044 6051/1/6045 6052/1/6046
f 6045/1/6040 6046/1/6043 6043/1/6038
f 5971/1/5965 6055/1/6049 5970/1/5963
f 6056/1/6050 6054/1/6051 6057/1/6052
f 6039/1/6034 6055/1/6049 6056/1/6050
f 5970/1/5963 6036/1/6033 5967/1/5961
f 5973/1/5969 6054/1/6051 5971/1/5965
f 6059/1/6053 5973/1/5969 5972/1/5966
f 6060/1/6054 6058/1/6055 6059/1/6053
f 6057/1/6052 6058/1/6055 6061/1/6056
f 6057/1/6052 6063/1/6057 6056/1/6050
f 6064/1/6058 6062/1/6059 6065/1/6060
f 6053/1/6048 6063/1/6057 6064/1/6058
f 6056/1/6050 6050/1/6047 6039/1/6034
f 5972/1/5966 6066/1/6061 6059/1/6053
f 6067/1/6062 5977/1/5974 5976/1/5971
f 6068/1/6063 6066/1/6061 6067/1/6062
f 6059/1/6053 6069/1/6064 6060/1/6054
f 6070/1/6065 6061/1/6056 6060/1/6054
f 6072/1/6066 6071/1/6067 6070/1/6065
f 6065/1/6060 6071/1/6067 6073/1/6068
f 6061/1/6056 6062/1/6059 6057/1/6052
f 5976/1/5971 6074/1/6069 6067/1/6062
f 6075/1/6070 5995/1/5992 5994/1/5989
f 6076/1/6071 6074/1/6069 6075/1/6070
f 6067/1/6062 6077/1/6072 6068/1/6063
f 6078/1/6073 6080/1/6074 6081/1/6075
f 6070/1/6065 6079/1/6076 6072/1/6066
f 6060/1/6054 6080/1/6074 6070/1/6065
f 6081/1/6075 6069/1/6064 6068/1/6063
f 6082/1/6077 6084/1/6078 6085/1/6079
f 6075/1/6070 6083/1/6080 6076/1/6071
f 5994/1/5989 6084/1/6078 6075/1/6070
f 6085/1/6079 6009/1/6004 6008/1/6002
f 6086/1/6081 6088/1/6082 6089/1/6083
f 6085/1/6079 6087/1/6084 6082/1/6077
f 6008/1/6002 6088/1/6082 6085/1/6079
f 6019/1/6014 6088/1/6082 6018/1/6012
f 6068/1/6063 6090/1/6085 6081/1/6075
f 6091/1/6086 6077/1/6072 6076/1/6071
f 6092/1/6087 6090/1/6085 6091/1/6086
f 6081/1/6075 6093/1/6088 6078/1/6073
f 6035/1/6030 6095/1/6089 6034/1/6028
f 6096/1/6090 6094/1/6091 6097/1/6092
f 6086/1/6081 6095/1/6089 6096/1/6090
f 6034/1/6028 6089/1/6083 6019/1/6014
f 6098/1/6093 6099/1/6094 6100/1/6095
f 6091/1/6086 6101/1/6096 6092/1/6087
f 6076/1/6071 6098/1/6093 6091/1/6086
f 6099/1/6094 6083/1/6080 6082/1/6077
f 6097/1/6092 6103/1/6097 6096/1/6090
f 6099/1/6094 6102/1/6098 6100/1/6095
f 6082/1/6077 6103/1/6097 6099/1/6094
f 6096/1/6090 6087/1/6084 6086/1/6081
f 6049/1/6044 6105/1/6099 6048/1/6042
f 6106/1/6100 6104/1/6101 6107/1/6102
f 6097/1/6092 6105/1/6099 6106/1/6100
f 6048/1/6042 6094/1/6091 6035/1/6030
f 6053/1/6048 6109/1/6103 6052/1/6046
f 6110/1/6104 6108/1/6105 6111/1/6106
f 6107/1/6102 6109/1/6103 6110/1/6104
f 6052/1/6046 6104/1/6101 6049/1/6044
f 6107/1/6102 6113/1/6107 6106/1/6100
f 6102/1/6098 6112/1/6108 6100/1/6095
f 6106/1/6100 6102/1/6098 6097/1/6092
f 6111/1/6106 6115/1/6109 6110/1/6104
f 6116/1/6110 6114/1/6111 6117/1/6112
f 6100/1/6095 6115/1/6109 6116/1/6110
f 6110/1/6104 6112/1/6108 6107/1/6102
f 6116/1/6110 6101/1/6096 6100/1/6095
f 6117/1/6112 6118/1/6113 6116/1/6110
f 6120/1/6114 6118/1/6113 6119/1/6115
f 6101/1/6096 6121/1/6116 6092/1/6087
f 6122/1/6117 6119/1/6115 6117/1/6112
f 6124/1/6118 6123/1/6119 6122/1/6117
f 6126/1/6120 6123/1/6119 6125/1/6121
f 6119/1/6115 6127/1/6122 6120/1/6114
f 6092/1/6087 6128/1/6123 6093/1/6088
f 6129/1/6124 6121/1/6116 6120/1/6114
f 6130/1/6125 6129/1/6124 6131/1/6126
f 6078/1/6073 6128/1/6123 6130/1/6125
f 6131/1/6126 6133/1/6127 6130/1/6125
f 6134/1/6128 6132/1/6129 6135/1/6130
f 6072/1/6066 6133/1/6127 6134/1/6128
f 6130/1/6125 6079/1/6076 6078/1/6073
f 6136/1/6131 6137/1/6132 6138/1/6133
f 6136/1/6131 6139/1/6134 6124/1/6118
f 6117/1/6112 6136/1/6131 6122/1/6117
f 6137/1/6132 6114/1/6111 6111/1/6106
f 6065/1/6060 6141/1/6135 6064/1/6058
f 6137/1/6132 6140/1/6136 6138/1/6133
f 6111/1/6106 6141/1/6135 6137/1/6132
f 6064/1/6058 6108/1/6105 6053/1/6048
f 6135/1/6130 6143/1/6137 6134/1/6128
f 6138/1/6133 6143/1/6137 6142/1/6138
f 6073/1/6068 6140/1/6136 6065/1/6060
f 6134/1/6128 6073/1/6068 6072/1/6066
f 6144/1/6139 6145/1/6140 6146/1/6141
f 6147/1/6142 6138/1/6133 6142/1/6138
f 6135/1/6130 6144/1/6139 6142/1/6138
f 6145/1/6140 6132/1/6129 6131/1/6126
f 6124/1/6118 6148/1/6143 6125/1/6121
f 6147/1/6142 6139/1/6134 6138/1/6133
f 6148/1/6143 6147/1/6142 6146/1/6141
f 6125/1/6121 6149/1/6144 6126/1/6120
f 6126/1/6120 6150/1/6145 6127/1/6122
f 6149/1/6144 6145/1/6140 6150/1/6145
f 6131/1/6126 6150/1/6145 6145/1/6140
f 6127/1/6122 6129/1/6124 6120/1/6114
f 6151/1/6146 6152/1/6147 6153/1/6148
f 4518/1/4513 6154/1/6149 4519/1/4514
f 4515/1/4510 6151/1/6146 4518/1/4513
f 6152/1/6147 4531/1/4525 4534/1/4527
f 4596/1/4591 6156/1/6150 4597/1/4594
f 6152/1/6147 6155/1/6151 6153/1/6148
f 4592/1/4586 6152/1/6147 4534/1/4527
f 4593/1/4588 6156/1/6150 4592/1/4586
f 4603/1/4598 6157/1/6152 6158/1/6153
f 6159/1/6154 6157/1/6152 6160/1/6155
f 6153/1/6148 6155/1/6151 6158/1/6153
f 4603/1/4598 6155/1/6151 4596/1/4591
f 4479/1/4474 6161/1/6156 4486/1/4480
f 6162/1/6157 4520/1/4515 4519/1/4514
f 6163/1/6158 6161/1/6156 6162/1/6157
f 4486/1/4480 6164/1/6159 4483/1/4478
f 4519/1/4514 6165/1/6160 6162/1/6157
f 6166/1/6161 6154/1/6149 6153/1/6148
f 6167/1/6162 6165/1/6160 6166/1/6161
f 6162/1/6157 6168/1/6163 6163/1/6158
f 6160/1/6155 6170/1/6164 6159/1/6154
f 6166/1/6161 6169/1/6165 6167/1/6162
f 6170/1/6164 6166/1/6161 6153/1/6148
f 4483/1/4478 6171/1/6166 4490/1/4484
f 6172/1/6167 6164/1/6159 6163/1/6158
f 6173/1/6168 6171/1/6166 6172/1/6167
f 4490/1/4484 6174/1/6169 4487/1/4482
f 4602/1/4596 6175/1/6170 6157/1/6152
f 6176/1/6171 4605/1/4602 4604/1/4599
f 6177/1/6172 6175/1/6170 6176/1/6171
f 6178/1/6173 6157/1/6152 6175/1/6170
f 6179/1/6174 6172/1/6167 6163/1/6158
f 6180/1/6175 6168/1/6163 6167/1/6162
f 6181/1/6176 6179/1/6174 6180/1/6175
f 6182/1/6177 6173/1/6168 6172/1/6167
f 6177/1/6172 6184/1/6178 6178/1/6173
f 6180/1/6175 6183/1/6179 6181/1/6176
f 6167/1/6162 6184/1/6178 6180/1/6175
f 6178/1/6173 6169/1/6165 6160/1/6155
f 6185/1/6180 6174/1/6169 6173/1/6168
f 6185/1/6180 6187/1/6181 6188/1/6182
f 4494/1/4489 6186/1/6183 6188/1/6182
f 4491/1/4488 6174/1/6169 6186/1/6183
f 4604/1/4599 6189/1/6184 6176/1/6171
f 6190/1/6185 4609/1/4606 4608/1/4603
f 6191/1/6186 6189/1/6184 6190/1/6185
f 6176/1/6171 6192/1/6187 6177/1/6172
f 6193/1/6188 6182/1/6177 6181/1/6176
f 6195/1/6189 6193/1/6188 6196/1/6190
f 6194/1/6191 6195/1/6189 6187/1/6181
f 6194/1/6191 6185/1/6180 6173/1/6168
f 6177/1/6172 6197/1/6192 6183/1/6179
f 6198/1/6193 6192/1/6187 6191/1/6186
f 6196/1/6190 6197/1/6192 6198/1/6193
f 6181/1/6176 6197/1/6192 6193/1/6188
f 6199/1/6194 6188/1/6182 6187/1/6181
f 6200/1/6195 6201/1/6196 6202/1/6197
f 4496/1/4491 6199/1/6194 6200/1/6195
f 6188/1/6182 4495/1/4490 4494/1/4489
f 6196/1/6190 6204/1/6198 6195/1/6189
f 6205/1/6199 6203/1/6200 6206/1/6201
f 6202/1/6197 6204/1/6198 6205/1/6199
f 6195/1/6189 6201/1/6196 6187/1/6181
f 6207/1/6202 6209/1/6203 6210/1/6204
f 5906/1/5899 6208/1/6205 5871/1/5864
f 5908/1/5901 6209/1/6203 5906/1/5899
f 6210/1/6204 5909/1/5904 4502/1/4497
f 6202/1/6197 6212/1/6206 6200/1/6195
f 6211/1/6207 6207/1/6202 6210/1/6204
f 4502/1/4497 6212/1/6206 6210/1/6204
f 6200/1/6195 4499/1/4496 4496/1/4491
f 6206/1/6201 6214/1/6208 6205/1/6199
f 6215/1/6209 6213/1/6210 6216/1/6211
f 6214/1/6208 6215/1/6209 6207/1/6202
f 6205/1/6199 6211/1/6207 6202/1/6197
f 4608/1/4603 6217/1/6212 6190/1/6185
f 6218/1/6213 4613/1/4610 4612/1/4607
f 6219/1/6214 6217/1/6212 6218/1/6213
f 6190/1/6185 6220/1/6215 6191/1/6186
f 6191/1/6186 6221/1/6216 6198/1/6193
f 6222/1/6217 6220/1/6215 6219/1/6214
f 6206/1/6201 6221/1/6216 6222/1/6217
f 6198/1/6193 6203/1/6200 6196/1/6190
f 5871/1/5864 6223/1/6218 5870/1/5863
f 6224/1/6219 6208/1/6205 6207/1/6202
f 6225/1/6220 6223/1/6218 6224/1/6219
f 5870/1/5863 6226/1/6221 5848/1/5842
f 5856/1/5850 6228/1/6222 5852/1/5846
f 6229/1/6223 6227/1/6224 6230/1/6225
f 4575/1/4569 6228/1/6222 6229/1/6223
f 5852/1/5846 5833/1/5827 5832/1/5826
f 6231/1/6226 6215/1/6209 6216/1/6211
f 6232/1/6227 6233/1/6228 6234/1/6229
f 6234/1/6229 6225/1/6220 6224/1/6219
f 6224/1/6219 6207/1/6202 6215/1/6209
f 6227/1/6224 6236/1/6230 6230/1/6225
f 5858/1/5852 6227/1/6224 5856/1/5850
f 5848/1/5842 6235/1/6231 5858/1/5852
f 6236/1/6230 6226/1/6221 6225/1/6220
f 6233/1/6228 6238/1/6232 6234/1/6229
f 6236/1/6230 6237/1/6233 6230/1/6225
f 6225/1/6220 6238/1/6232 6236/1/6230
f 4612/1/4607 6240/1/6234 6218/1/6213
f 6237/1/6233 6239/1/6235 6230/1/6225
f 6233/1/6228 6240/1/6234 6237/1/6233
f 6218/1/6213 6241/1/6236 6219/1/6214
f 4571/1/4565 6242/1/6237 4615/1/4609
f 6229/1/6223 4576/1/4571 4575/1/4569
f 6230/1/6225 6242/1/6237 6229/1/6223
f 4615/1/4609 6239/1/6235 4612/1/4607
f 6219/1/6214 6243/1/6238 6222/1/6217
f 6232/1/6227 6241/1/6236 6233/1/6228
f 6216/1/6211 6243/1/6238 6232/1/6227
f 6222/1/6217 6213/1/6210 6206/1/6201
f 6244/1/6239 4769/1/4766 4768/1/4763
f 6246/1/6240 6244/1/6239 6247/1/6241
f 2936/1/2930 6245/1/6242 6246/1/6240
f 4769/1/4766 2935/1/2929 1353/1/1353
f 6248/1/6243 6244/1/6239 4768/1/4763
f 4773/1/4770 4772/1/4767 6249/1/6244
f 6250/1/6245 6248/1/6243 6249/1/6244
f 6247/1/6241 6248/1/6243 6251/1/6246
f 6247/1/6241 6252/1/6247 6246/1/6240
f 6253/1/6248 6251/1/6246 6250/1/6245
f 2945/1/2940 6252/1/6247 6253/1/6248
f 6246/1/6240 2944/1/2939 2936/1/2930
f 6254/1/6249 4779/1/4774 4778/1/4773
f 6256/1/6250 6254/1/6249 6257/1/6251
f 6249/1/6244 6256/1/6250 6250/1/6245
f 4772/1/4767 6255/1/6252 6249/1/6244
f 4783/1/4778 4813/1/4808 6258/1/6253
f 6259/1/6254 4813/1/4808 4817/1/4812
f 6257/1/6251 6258/1/6253 6259/1/6254
f 6254/1/6249 4778/1/4773 4783/1/4778
f 4817/1/4812 6261/1/6255 6259/1/6254
f 6260/1/6256 2958/1/2953 2957/1/2952
f 2956/1/2951 6261/1/6255 2957/1/2952
f 6259/1/6254 6262/1/6257 6257/1/6251
f 6263/1/6258 5714/1/5708 5713/1/5707
f 6260/1/6256 6264/1/6259 2958/1/2953
f 4817/1/4812 6263/1/6258 6260/1/6256
f 5714/1/5708 4816/1/4811 4815/1/4810
f 2432/1/2429 6265/1/6260 5769/1/5762
f 6264/1/6259 2962/1/2957 2958/1/2953
f 5713/1/5707 6265/1/6260 6264/1/6259
f 5769/1/5762 5764/1/5760 5763/1/5757
f 6250/1/6245 6266/1/6261 6253/1/6248
f 6257/1/6251 6266/1/6261 6256/1/6250
f 6262/1/6257 2964/1/2959 6266/1/6261
f 6253/1/6248 2964/1/2959 2945/1/2940
f 6267/1/6262 6269/1/6263 6270/1/6264
f 5931/1/5924 6268/1/6265 5928/1/5922
f 5845/1/5839 6269/1/6263 5931/1/5924
f 6270/1/6264 5841/1/5838 5840/1/5834
f 6270/1/6264 6272/1/6266 6267/1/6262
f 5840/1/5834 6271/1/6267 6270/1/6264
f 5854/1/5848 6271/1/6267 5859/1/5853
f 6274/1/6268 6271/1/6267 6273/1/6269
f 5839/1/5832 6275/1/6270 5853/1/5847
f 5837/1/5830 6275/1/6270 5834/1/5828
f 6273/1/6269 6276/1/6271 6274/1/6268
f 5853/1/5847 6273/1/6269 5854/1/5848
f 6277/1/6272 6279/1/6273 6280/1/6274
f 6281/1/6275 6278/1/6276 6282/1/6277
f 6283/1/6278 6279/1/6273 6281/1/6275
f 6280/1/6274 6284/1/6279 6285/1/6280
f 2987/1/2981 6287/1/6281 2984/1/2979
f 6280/1/6274 6286/1/6282 6277/1/6272
f 6285/1/6280 6287/1/6281 6280/1/6274
f 2984/1/2979 6288/1/6283 2988/1/2982
f 6289/1/6284 6291/1/6285 6292/1/6286
f 6293/1/6287 6290/1/6288 6294/1/6289
f 6283/1/6278 6291/1/6285 6293/1/6287
f 6292/1/6286 6295/1/6290 6296/1/6291
f 6296/1/6291 6297/1/6292 6298/1/6293
f 6281/1/6275 6295/1/6290 6283/1/6278
f 6282/1/6277 6297/1/6292 6281/1/6275
f 3000/1/2995 6300/1/6294 3001/1/2999
f 6301/1/6295 6299/1/6296 6302/1/6297
f 6303/1/6298 6300/1/6294 6301/1/6295
f 3001/1/2999 6304/1/6299 3005/1/3000
f 6302/1/6297 6306/1/6300 6301/1/6295
f 6307/1/6301 6305/1/6302 6308/1/6303
f 6309/1/6304 6306/1/6300 6307/1/6301
f 6301/1/6295 6310/1/6305 6303/1/6298
f 6311/1/6306 6313/1/6307 6314/1/6308
f 6315/1/6309 6312/1/6310 6311/1/6306
f 6316/1/6311 6309/1/6304 6307/1/6301
f 6312/1/6310 6307/1/6301 6308/1/6303
f 6317/1/6312 6319/1/6313 6320/1/6314
f 6321/1/6315 6318/1/6316 6322/1/6317
f 6323/1/6318 6319/1/6313 6321/1/6315
f 6320/1/6314 6324/1/6319 6325/1/6320
f 6322/1/6317 6327/1/6321 6321/1/6315
f 6328/1/6322 6326/1/6323 6329/1/6324
f 6330/1/6325 6327/1/6321 6328/1/6322
f 6321/1/6315 6331/1/6326 6323/1/6318
f 6329/1/6324 6333/1/6327 6328/1/6322
f 6334/1/6328 6332/1/6329 6335/1/6330
f 6336/1/6331 6333/1/6327 6334/1/6328
f 6328/1/6322 6337/1/6332 6330/1/6325
f 6335/1/6330 6339/1/6333 6334/1/6328
f 6340/1/6334 6338/1/6335 6341/1/6336
f 6342/1/6337 6339/1/6333 6340/1/6334
f 6334/1/6328 6343/1/6338 6336/1/6331
f 6341/1/6336 6345/1/6339 6340/1/6334
f 3051/1/3046 6344/1/6340 3053/1/3048
f 3052/1/3047 6345/1/6339 3051/1/3046
f 6340/1/6334 6346/1/6341 6342/1/6337
f 3057/1/3051 6347/1/6342 6348/1/6343
f 5829/1/5823 3056/1/3050 2512/1/2509
f 5826/1/5820 6347/1/6342 5829/1/5823
f 6348/1/6343 6349/1/6344 6350/1/6345
f 6351/1/6346 6352/1/6347 6302/1/6297
f 3065/1/3060 6299/1/6296 3000/1/2995
f 3064/1/3059 6351/1/6346 3065/1/3060
f 6352/1/6347 6353/1/6348 6354/1/6349
f 3057/1/3051 6355/1/6350 3066/1/3063
f 6356/1/6351 6348/1/6343 6350/1/6345
f 6357/1/6352 6355/1/6350 6356/1/6351
f 3066/1/3063 6358/1/6353 3069/1/3064
f 6354/1/6349 6359/1/6354 6360/1/6355
f 3074/1/3069 6353/1/6348 3064/1/3059
f 3069/1/3064 6359/1/6354 3074/1/3069
f 6360/1/6355 6358/1/6353 6357/1/6352
f 6361/1/6356 6349/1/6344 6362/1/6357
f 5825/1/5819 6349/1/6344 5826/1/5820
f 6363/1/6358 5825/1/5819 5730/1/5723
f 6364/1/6359 6362/1/6357 6363/1/6358
f 6308/1/6303 6365/1/6360 6366/1/6361
f 6352/1/6347 6305/1/6302 6302/1/6297
f 6354/1/6349 6365/1/6360 6352/1/6347
f 6366/1/6361 6367/1/6362 6368/1/6363
f 6350/1/6345 6369/1/6364 6356/1/6351
f 6370/1/6365 6361/1/6356 6364/1/6359
f 6371/1/6366 6369/1/6364 6370/1/6365
f 6372/1/6367 6357/1/6352 6356/1/6351
f 6368/1/6363 6373/1/6368 6374/1/6369
f 6360/1/6355 6367/1/6362 6354/1/6349
f 6373/1/6368 6360/1/6355 6357/1/6352
f 6374/1/6369 6372/1/6367 6371/1/6366
f 5730/1/5723 6375/1/6370 6363/1/6358
f 6376/1/6371 5729/1/5722 5645/1/5638
f 6377/1/6372 6375/1/6370 6376/1/6371
f 6363/1/6358 6378/1/6373 6364/1/6359
f 6366/1/6361 6313/1/6307 6308/1/6303
f 6368/1/6363 6379/1/6374 6366/1/6361
f 6381/1/6375 6380/1/6376 6382/1/6377
f 6314/1/6308 6379/1/6374 6381/1/6375
f 6364/1/6359 6383/1/6378 6370/1/6365
f 6384/1/6379 6378/1/6373 6377/1/6372
f 6385/1/6380 6383/1/6378 6384/1/6379
f 6386/1/6381 6371/1/6366 6370/1/6365
f 6382/1/6377 6387/1/6382 6388/1/6383
f 6374/1/6369 6380/1/6376 6368/1/6363
f 6371/1/6366 6387/1/6382 6374/1/6369
f 6386/1/6381 6385/1/6380 6388/1/6383
f 6389/1/6384 6391/1/6385 6392/1/6386
f 5641/1/5636 6390/1/6387 5643/1/5644
f 5620/1/5614 6391/1/6385 5641/1/5636
f 6392/1/6386 5865/1/5858 5864/1/5919
f 6376/1/6371 6394/1/6388 6377/1/6372
f 5648/1/5640 6376/1/6371 5645/1/5638
f 5643/1/5644 6393/1/6389 5648/1/5640
f 6389/1/6384 6393/1/6389 6390/1/6387
f 6395/1/6390 6397/1/6391 6398/1/6392
f 6381/1/6375 6396/1/6393 6314/1/6308
f 6382/1/6377 6397/1/6391 6381/1/6375
f 6398/1/6392 6399/1/6394 6400/1/6395
f 6400/1/6395 6401/1/6396 6402/1/6397
f 6388/1/6383 6399/1/6394 6382/1/6377
f 6385/1/6380 6401/1/6396 6388/1/6383
f 6402/1/6397 6403/1/6398 6404/1/6399
f 6404/1/6399 6405/1/6400 6406/1/6401
f 6384/1/6379 6403/1/6398 6385/1/6380
f 6377/1/6372 6405/1/6400 6384/1/6379
f 6406/1/6401 6394/1/6388 6389/1/6384
f 6407/1/6402 6409/1/6403 6410/1/6404
f 6398/1/6392 6408/1/6405 6395/1/6390
f 6400/1/6395 6409/1/6403 6398/1/6392
f 6410/1/6404 6411/1/6406 6412/1/6407
f 6389/1/6384 6414/1/6408 6406/1/6401
f 6415/1/6409 6413/1/6410 6416/1/6411
f 6417/1/6412 6414/1/6408 6415/1/6409
f 6406/1/6401 6418/1/6413 6404/1/6399
f 6412/1/6407 6419/1/6414 6420/1/6415
f 6402/1/6397 6411/1/6406 6400/1/6395
f 6404/1/6399 6419/1/6414 6402/1/6397
f 6420/1/6415 6418/1/6413 6417/1/6412
f 6317/1/6312 6422/1/6416 6423/1/6417
f 6410/1/6404 6421/1/6418 6407/1/6402
f 6412/1/6407 6422/1/6416 6410/1/6404
f 6423/1/6417 6424/1/6419 6425/1/6420
f 6425/1/6420 6426/1/6421 6427/1/6422
f 6420/1/6415 6424/1/6419 6412/1/6407
f 6417/1/6412 6426/1/6421 6420/1/6415
f 6427/1/6422 6428/1/6423 6429/1/6424
f 6429/1/6424 6430/1/6425 6431/1/6426
f 6415/1/6409 6428/1/6423 6417/1/6412
f 6416/1/6411 6430/1/6425 6415/1/6409
f 6431/1/6426 6432/1/6427 6433/1/6428
f 6413/1/6410 6432/1/6427 6416/1/6411
f 6392/1/6386 6413/1/6410 6389/1/6384
f 6434/1/6429 6392/1/6386 5864/1/5919
f 6433/1/6428 6434/1/6429 6435/1/6430
f 6322/1/6317 6436/1/6431 6437/1/6432
f 6423/1/6417 6318/1/6316 6317/1/6312
f 6425/1/6420 6436/1/6431 6423/1/6417
f 6437/1/6432 6438/1/6433 6439/1/6434
f 6440/1/6435 6442/1/6436 6443/1/6437
f 6429/1/6424 6442/1/6436 6441/1/6438
f 6443/1/6437 6431/1/6426 6433/1/6428
f 6439/1/6434 6444/1/6439 6445/1/6440
f 6427/1/6422 6438/1/6433 6425/1/6420
f 6429/1/6424 6444/1/6439 6427/1/6422
f 6445/1/6440 6441/1/6438 6440/1/6435
f 6435/1/6430 6447/1/6441 6433/1/6428
f 5923/1/5918 6435/1/6430 5864/1/5919
f 6448/1/6442 5923/1/5918 5922/1/5915
f 6449/1/6443 6446/1/6444 6448/1/6442
f 6329/1/6324 6450/1/6445 6451/1/6446
f 6437/1/6432 6326/1/6323 6322/1/6317
f 6439/1/6434 6450/1/6445 6437/1/6432
f 6451/1/6446 6452/1/6447 6453/1/6448
f 6433/1/6428 6454/1/6449 6443/1/6437
f 6455/1/6450 6447/1/6441 6449/1/6443
f 6456/1/6451 6454/1/6449 6455/1/6450
f 6443/1/6437 6457/1/6452 6440/1/6435
f 6453/1/6448 6458/1/6453 6459/1/6454
f 6445/1/6440 6452/1/6447 6439/1/6434
f 6440/1/6435 6458/1/6453 6445/1/6440
f 6459/1/6454 6457/1/6452 6456/1/6451
f 6267/1/6262 6461/1/6455 6268/1/6265
f 6462/1/6456 6460/1/6457 6463/1/6458
f 5928/1/5922 6461/1/6455 6462/1/6456
f 6448/1/6442 6465/1/6459 6449/1/6443
f 5922/1/5915 6464/1/6460 6448/1/6442
f 6462/1/6456 5929/1/5925 5928/1/5922
f 6463/1/6458 6464/1/6460 6462/1/6456
f 6335/1/6330 6466/1/6461 6467/1/6462
f 6451/1/6446 6332/1/6329 6329/1/6324
f 6453/1/6448 6466/1/6461 6451/1/6446
f 6467/1/6462 6468/1/6463 6469/1/6464
f 6449/1/6443 6470/1/6465 6455/1/6450
f 6471/1/6466 6465/1/6459 6463/1/6458
f 6472/1/6467 6470/1/6465 6471/1/6466
f 6455/1/6450 6473/1/6468 6456/1/6451
f 6469/1/6464 6474/1/6469 6475/1/6470
f 6459/1/6454 6468/1/6463 6453/1/6448
f 6456/1/6451 6474/1/6469 6459/1/6454
f 6475/1/6470 6473/1/6468 6472/1/6467
f 6267/1/6262 6476/1/6471 6460/1/6457
f 6477/1/6472 6272/1/6266 6274/1/6268
f 6478/1/6473 6476/1/6471 6477/1/6472
f 6460/1/6457 6479/1/6474 6463/1/6458
f 6477/1/6472 6481/1/6475 6478/1/6473
f 6274/1/6268 6480/1/6476 6477/1/6472
f 5837/1/5830 6480/1/6476 6276/1/6271
f 6341/1/6336 6482/1/6477 6483/1/6478
f 6467/1/6462 6338/1/6335 6335/1/6330
f 6469/1/6464 6482/1/6477 6467/1/6462
f 6483/1/6478 6484/1/6479 6485/1/6480
f 6463/1/6458 6486/1/6481 6471/1/6466
f 6487/1/6482 6479/1/6474 6478/1/6473
f 6488/1/6483 6486/1/6481 6487/1/6482
f 6471/1/6466 6489/1/6484 6472/1/6467
f 6485/1/6480 6490/1/6485 6491/1/6486
f 6475/1/6470 6484/1/6479 6469/1/6464
f 6472/1/6467 6490/1/6485 6475/1/6470
f 6491/1/6486 6489/1/6484 6488/1/6483
f 5837/1/5830 6492/1/6487 6481/1/6475
f 3208/1/3202 5836/1/5829 2522/1/3205
f 3209/1/3204 6492/1/6487 3208/1/3202
f 6481/1/6475 6493/1/6488 6478/1/6473
f 3210/1/3206 6495/1/6489 3211/1/3209
f 6487/1/6482 6494/1/6490 6488/1/6483
f 6478/1/6473 6495/1/6489 6487/1/6482
f 3211/1/3209 6493/1/6488 3209/1/3204
f 3053/1/3048 6496/1/6491 3214/1/3210
f 6483/1/6478 6344/1/6340 6341/1/6336
f 6485/1/6480 6496/1/6491 6483/1/6478
f 3214/1/3210 6497/1/6492 3216/1/3211
f 3216/1/3211 6498/1/6493 3218/1/3214
f 6491/1/6486 6497/1/6492 6485/1/6480
f 6488/1/6483 6498/1/6493 6491/1/6486
f 3218/1/3214 6494/1/6490 3210/1/3206
f 6499/1/6494 3223/1/3218 6500/1/6495
f 2988/1/2982 6500/1/6495 3223/1/3218
f 6285/1/6280 6500/1/6495 6288/1/6283
f 6499/1/6494 6501/1/6496 6502/1/6497
f 6502/1/6497 6503/1/6498 6504/1/6499
f 6284/1/6279 6501/1/6496 6285/1/6280
f 6505/1/6500 6284/1/6279 6283/1/6278
f 6504/1/6499 6505/1/6500 6506/1/6501
f 6294/1/6289 6507/1/6502 6508/1/6503
f 6509/1/6504 6290/1/6288 6289/1/6284
f 6510/1/6505 6507/1/6502 6509/1/6504
f 6508/1/6503 6511/1/6506 6512/1/6507
f 6506/1/6501 6513/1/6508 6514/1/6509
f 6293/1/6287 6505/1/6500 6283/1/6278
f 6294/1/6289 6513/1/6508 6293/1/6287
f 6514/1/6509 6508/1/6503 6512/1/6507
f 6511/1/6506 6516/1/6510 6512/1/6507
f 6517/1/6511 6511/1/6506 6510/1/6505
f 6518/1/6512 6517/1/6511 6519/1/6513
f 6520/1/6514 6515/1/6515 6518/1/6512
f 6521/1/6516 6523/1/6517 6524/1/6518
f 6525/1/6519 6522/1/6520 6526/1/6521
f 6527/1/6522 6523/1/6517 6525/1/6519
f 6524/1/6518 6528/1/6523 6529/1/6524
f 6502/1/6497 6531/1/6525 6499/1/6494
f 6532/1/6526 6531/1/6525 6530/1/6527
f 3256/1/3251 6531/1/6525 6533/1/6528
f 3255/1/3250 6499/1/6494 6531/1/6525
f 6502/1/6497 6534/1/6529 6530/1/6527
f 6535/1/6530 6504/1/6499 6506/1/6501
f 6536/1/6531 6534/1/6529 6535/1/6530
f 6530/1/6527 6537/1/6532 6532/1/6526
f 6506/1/6501 6538/1/6533 6535/1/6530
f 6539/1/6534 6514/1/6509 6512/1/6507
f 6540/1/6535 6538/1/6533 6539/1/6534
f 6535/1/6530 6541/1/6536 6536/1/6531
f 6512/1/6507 6542/1/6537 6539/1/6534
f 6543/1/6538 6516/1/6510 6520/1/6514
f 6544/1/6539 6542/1/6537 6543/1/6538
f 6539/1/6534 6545/1/6540 6540/1/6535
f 6520/1/6514 6547/1/6541 6543/1/6538
f 6548/1/6542 6546/1/6543 6549/1/6544
f 6550/1/6545 6547/1/6541 6548/1/6542
f 6543/1/6538 6551/1/6546 6544/1/6539
f 6549/1/6544 6553/1/6547 6548/1/6542
f 6554/1/6548 6552/1/6549 6555/1/6550
f 6556/1/6551 6553/1/6547 6554/1/6548
f 6548/1/6542 6557/1/6552 6550/1/6545
f 6529/1/6524 6559/1/6553 6524/1/6518
f 6560/1/6554 6558/1/6555 6561/1/6556
f 6562/1/6557 6559/1/6553 6560/1/6554
f 6524/1/6518 6563/1/6558 6521/1/6516
f 6561/1/6556 6565/1/6559 6560/1/6554
f 6566/1/6560 6564/1/6561 6567/1/6562
f 6568/1/6563 6565/1/6559 6566/1/6560
f 6560/1/6554 6569/1/6564 6562/1/6557
f 6567/1/6562 6571/1/6565 6566/1/6560
f 3299/1/3295 6570/1/6566 3300/1/3294
f 3298/1/3293 6571/1/6565 3299/1/3295
f 6566/1/6560 6572/1/6567 6568/1/6563
f 6555/1/6550 6574/1/6568 6554/1/6548
f 6525/1/6519 6573/1/6569 6527/1/6522
f 6526/1/6521 6574/1/6568 6525/1/6519
f 6554/1/6548 6575/1/6570 6556/1/6551
f 6576/1/6571 6578/1/6572 6579/1/6573
f 6580/1/6574 6577/1/6575 6581/1/6576
f 6556/1/6551 6578/1/6572 6580/1/6574
f 6579/1/6573 6575/1/6570 6526/1/6521
f 6568/1/6563 6582/1/6577 6583/1/6578
f 3315/1/3311 6572/1/6567 3298/1/3293
f 3314/1/3310 6582/1/6577 3315/1/3311
f 6583/1/6578 6584/1/6579 6585/1/6580
f 6562/1/6557 6586/1/6581 6587/1/6582
f 6583/1/6578 6569/1/6564 6568/1/6563
f 6585/1/6580 6586/1/6581 6583/1/6578
f 6587/1/6582 6588/1/6583 6589/1/6584
f 6587/1/6582 6563/1/6558 6562/1/6557
f 6589/1/6584 6590/1/6585 6587/1/6582
f 6592/1/6586 6591/1/6587 6593/1/6588
f 6521/1/6516 6590/1/6585 6592/1/6586
f 6593/1/6588 6595/1/6589 6592/1/6586
f 6579/1/6573 6594/1/6590 6576/1/6571
f 6526/1/6521 6595/1/6589 6579/1/6573
f 6592/1/6586 6522/1/6520 6521/1/6516
f 6550/1/6545 6596/1/6591 6597/1/6592
f 6580/1/6574 6557/1/6552 6556/1/6551
f 6581/1/6576 6596/1/6591 6580/1/6574
f 6597/1/6592 6598/1/6593 6599/1/6594
f 6544/1/6539 6600/1/6595 6601/1/6596
f 6597/1/6592 6551/1/6546 6550/1/6545
f 6599/1/6594 6600/1/6595 6597/1/6592
f 6601/1/6596 6602/1/6597 6603/1/6598
f 6540/1/6535 6604/1/6599 6605/1/6600
f 6601/1/6596 6545/1/6540 6544/1/6539
f 6603/1/6598 6604/1/6599 6601/1/6596
f 6605/1/6600 6606/1/6601 6607/1/6602
f 6536/1/6531 6608/1/6603 6609/1/6604
f 6605/1/6600 6541/1/6536 6540/1/6535
f 6607/1/6602 6608/1/6603 6605/1/6600
f 6609/1/6604 6610/1/6605 6611/1/6606
f 6532/1/6526 6612/1/6607 6613/1/6608
f 6609/1/6604 6537/1/6532 6536/1/6531
f 6611/1/6606 6612/1/6607 6609/1/6604
f 6613/1/6608 6614/1/6609 6615/1/6610
f 6613/1/6608 6533/1/6528 6532/1/6526
f 6615/1/6610 6616/1/6611 6613/1/6608
f 3348/1/3344 6616/1/6611 6617/1/6612
f 6533/1/6528 3347/1/3343 3256/1/3251
f 6618/1/6613 6620/1/6614 6621/1/6615
f 6311/1/6306 6619/1/6616 6315/1/6309
f 6314/1/6308 6620/1/6614 6311/1/6306
f 6621/1/6615 6396/1/6393 6395/1/6390
f 6407/1/6402 6622/1/6617 6623/1/6618
f 6320/1/6314 6421/1/6418 6317/1/6312
f 6325/1/6320 6622/1/6617 6320/1/6314
f 6623/1/6618 6624/1/6619 6625/1/6620
f 6625/1/6620 6627/1/6621 6623/1/6618
f 6621/1/6615 6626/1/6622 6618/1/6613
f 6395/1/6390 6627/1/6621 6621/1/6615
f 6623/1/6618 6408/1/6405 6407/1/6402
f 6315/1/6309 6628/1/6623 6629/1/6624
f 6630/1/6625 6619/1/6616 6618/1/6613
f 6631/1/6626 6628/1/6623 6630/1/6625
f 6629/1/6624 6632/1/6627 6633/1/6628
f 3005/1/3000 6634/1/6629 3366/1/3364
f 6635/1/6630 6304/1/6299 6303/1/6298
f 6636/1/6631 6634/1/6629 6635/1/6630
f 3366/1/3364 6637/1/6632 3369/1/3365
f 3369/1/3365 6638/1/6633 3372/1/3369
f 6639/1/6634 6637/1/6632 6636/1/6631
f 6585/1/6580 6638/1/6633 6639/1/6634
f 3372/1/3369 6584/1/6579 3314/1/3310
f 6303/1/6298 6640/1/6635 6635/1/6630
f 6641/1/6636 6310/1/6305 6309/1/6304
f 6642/1/6637 6640/1/6635 6641/1/6636
f 6635/1/6630 6643/1/6638 6636/1/6631
f 6636/1/6631 6644/1/6639 6639/1/6634
f 6645/1/6640 6643/1/6638 6642/1/6637
f 6589/1/6584 6644/1/6639 6645/1/6640
f 6639/1/6634 6588/1/6583 6585/1/6580
f 6641/1/6636 6647/1/6641 6642/1/6637
f 6646/1/6642 6641/1/6636 6309/1/6304
f 6629/1/6624 6316/1/6311 6315/1/6309
f 6633/1/6628 6646/1/6642 6629/1/6624
f 6648/1/6643 6647/1/6641 6633/1/6628
f 6593/1/6588 6649/1/6644 6648/1/6643
f 6645/1/6640 6591/1/6587 6589/1/6584
f 6642/1/6637 6649/1/6644 6645/1/6640
f 6633/1/6628 6650/1/6645 6648/1/6643
f 6651/1/6646 6632/1/6627 6631/1/6626
f 6576/1/6571 6650/1/6645 6651/1/6646
f 6648/1/6643 6594/1/6590 6593/1/6588
f 6325/1/6320 6652/1/6647 6653/1/6648
f 6654/1/6649 6324/1/6319 6323/1/6318
f 6655/1/6650 6652/1/6647 6654/1/6649
f 6653/1/6648 6656/1/6651 6657/1/6652
f 6625/1/6620 6658/1/6653 6659/1/6654
f 6653/1/6648 6624/1/6619 6325/1/6320
f 6657/1/6652 6658/1/6653 6653/1/6648
f 6659/1/6654 6660/1/6655 6661/1/6656
f 6657/1/6652 6662/1/6657 6663/1/6658
f 6664/1/6659 6656/1/6651 6655/1/6650
f 6603/1/6598 6662/1/6657 6664/1/6659
f 6663/1/6658 6602/1/6597 6599/1/6594
f 6599/1/6594 6665/1/6660 6663/1/6658
f 6666/1/6661 6598/1/6593 6581/1/6576
f 6661/1/6656 6665/1/6660 6666/1/6661
f 6663/1/6658 6660/1/6655 6657/1/6652
f 6323/1/6318 6667/1/6662 6654/1/6649
f 6668/1/6663 6331/1/6326 6330/1/6325
f 6669/1/6664 6667/1/6662 6668/1/6663
f 6654/1/6649 6670/1/6665 6655/1/6650
f 6655/1/6650 6671/1/6666 6664/1/6659
f 6672/1/6667 6670/1/6665 6669/1/6664
f 6607/1/6602 6671/1/6666 6672/1/6667
f 6664/1/6659 6606/1/6601 6603/1/6598
f 6330/1/6325 6673/1/6668 6668/1/6663
f 6674/1/6669 6337/1/6332 6336/1/6331
f 6675/1/6670 6673/1/6668 6674/1/6669
f 6668/1/6663 6676/1/6671 6669/1/6664
f 6669/1/6664 6677/1/6672 6672/1/6667
f 6678/1/6673 6676/1/6671 6675/1/6670
f 6611/1/6606 6677/1/6672 6678/1/6673
f 6672/1/6667 6610/1/6605 6607/1/6602
f 6336/1/6331 6679/1/6674 6674/1/6669
f 6680/1/6675 6343/1/6338 6342/1/6337
f 6681/1/6676 6679/1/6674 6680/1/6675
f 6674/1/6669 6682/1/6677 6675/1/6670
f 6675/1/6670 6683/1/6678 6678/1/6673
f 6684/1/6679 6682/1/6677 6681/1/6676
f 6615/1/6610 6683/1/6678 6684/1/6679
f 6678/1/6673 6614/1/6609 6611/1/6606
f 6680/1/6675 6686/1/6680 6681/1/6676
f 6342/1/6337 6685/1/6681 6680/1/6675
f 3422/1/3417 6346/1/6341 3052/1/3047
f 3423/1/3418 6685/1/6681 3422/1/3417
f 3425/1/3421 6686/1/6680 3423/1/3418
f 3348/1/3344 6687/1/6682 3425/1/3421
f 6684/1/6679 6617/1/6612 6615/1/6610
f 6681/1/6676 6687/1/6682 6684/1/6679
f 6581/1/6576 6688/1/6683 6666/1/6661
f 6651/1/6646 6577/1/6575 6576/1/6571
f 6631/1/6626 6688/1/6683 6651/1/6646
f 6666/1/6661 6689/1/6684 6661/1/6656
f 6618/1/6613 6690/1/6685 6630/1/6625
f 6659/1/6654 6626/1/6622 6625/1/6620
f 6661/1/6656 6690/1/6685 6659/1/6654
f 6630/1/6625 6689/1/6684 6631/1/6626
f 3300/1/3294 6691/1/6686 3429/1/3425
f 6692/1/6687 6570/1/6566 6567/1/6562
f 6693/1/6688 6691/1/6686 6692/1/6687
f 3429/1/3425 6694/1/6689 3431/1/3426
f 6695/1/6690 6696/1/6691 6697/1/6692
f 6698/1/6693 6699/1/6694 6700/1/6695
f 6561/1/6556 6695/1/6690 6698/1/6693
f 6696/1/6691 6558/1/6555 6529/1/6524
f 6567/1/6562 6701/1/6696 6692/1/6687
f 6698/1/6693 6564/1/6561 6561/1/6556
f 6700/1/6695 6701/1/6696 6698/1/6693
f 6692/1/6687 6702/1/6697 6693/1/6688
f 6703/1/6698 6705/1/6699 6706/1/6700
f 6704/1/6701 6697/1/6692 6696/1/6691
f 6705/1/6699 6696/1/6691 6529/1/6524
f 6706/1/6700 6528/1/6523 6527/1/6522
f 6707/1/6702 6709/1/6703 6710/1/6704
f 6706/1/6700 6708/1/6705 6703/1/6698
f 6527/1/6522 6709/1/6703 6706/1/6700
f 6710/1/6704 6573/1/6569 6555/1/6550
f 6710/1/6704 6712/1/6706 6707/1/6702
f 6555/1/6550 6711/1/6707 6710/1/6704
f 6713/1/6708 6552/1/6549 6549/1/6544
f 6714/1/6709 6711/1/6707 6713/1/6708
f 6549/1/6544 6715/1/6710 6713/1/6708
f 6518/1/6512 6546/1/6543 6520/1/6514
f 6519/1/6513 6715/1/6710 6518/1/6512
f 6713/1/6708 6716/1/6711 6714/1/6709
f 13/1/12 12/1/11 14/1/14
f 7/1/6 39/1/39 42/1/42
f 29/1/29 28/1/28 47/1/49
f 45/1/45 47/1/49 28/1/28
f 55/1/54 54/1/53 56/1/55
f 57/1/56 56/1/55 58/1/57
f 48/1/47 60/1/61 58/1/57
f 62/1/60 60/1/61 48/1/47
f 63/1/62 61/1/59 60/1/61
f 66/1/65 64/1/63 62/1/60
f 65/1/64 64/1/63 67/1/66
f 41/1/41 40/1/40 94/1/93
f 135/1/134 133/1/131 132/1/133
f 57/1/56 154/1/152 153/1/154
f 181/1/180 180/1/179 190/1/189
f 191/1/190 190/1/189 192/1/191
f 193/1/192 192/1/191 194/1/193
f 34/1/34 30/1/33 382/1/381
f 2/1/5 382/1/381 30/1/33
f 389/1/388 391/1/389 395/1/394
f 397/1/396 399/1/397 398/1/398
f 395/1/394 399/1/397 397/1/396
f 431/1/429 437/1/435 436/1/437
f 462/1/461 461/1/460 463/1/462
f 467/1/466 468/1/467 465/1/464
f 472/1/471 471/1/470 468/1/467
f 474/1/473 473/1/472 462/1/461
f 484/1/483 481/1/482 485/1/484
f 472/1/471 485/1/484 481/1/482
f 467/1/466 487/1/486 485/1/484
f 486/1/485 485/1/484 487/1/486
f 488/1/487 487/1/486 489/1/488
f 492/1/491 491/1/490 493/1/492
f 494/1/493 493/1/492 495/1/494
f 500/1/498 499/1/497 501/1/500
f 552/1/551 553/1/552 550/1/549
f 537/1/536 550/1/549 553/1/552
f 538/1/537 553/1/552 558/1/557
f 559/1/558 558/1/557 553/1/552
f 570/1/569 571/1/570 568/1/567
f 551/1/550 568/1/567 571/1/570
f 579/1/577 578/1/578 580/1/579
f 584/1/583 585/1/584 582/1/581
f 381/1/380 398/1/398 582/1/581
f 574/1/573 588/1/587 586/1/585
f 598/1/597 599/1/598 596/1/595
f 55/1/54 153/1/154 596/1/595
f 615/1/615 614/1/614 480/1/479
f 620/1/621 624/1/625 622/1/622
f 624/1/625 623/1/623 625/1/624
f 629/1/629 627/1/626 626/1/627
f 625/1/624 623/1/623 627/1/626
f 660/1/660 661/1/661 658/1/658
f 659/1/659 664/1/664 662/1/662
f 663/1/663 662/1/662 664/1/664
f 668/1/668 669/1/669 666/1/666
f 458/1/457 669/1/669 670/1/670
f 671/1/671 670/1/670 669/1/669
f 460/1/459 670/1/670 673/1/673
f 680/1/680 681/1/681 678/1/678
f 686/1/686 688/1/690 684/1/684
f 705/1/705 704/1/704 706/1/706
f 703/1/703 709/1/709 706/1/706
f 701/1/701 716/1/715 265/1/264
f 705/1/705 717/1/716 716/1/715
f 685/1/685 684/1/684 736/1/736
f 737/1/737 736/1/736 684/1/684
f 747/1/747 748/1/748 737/1/737
f 698/1/698 753/1/753 762/1/762
f 801/1/801 805/1/805 800/1/800
f 803/1/803 805/1/805 801/1/801
f 833/1/833 839/1/838 840/1/839
f 865/1/862 864/1/861 855/1/856
f 904/1/903 903/1/902 892/1/891
f 925/1/924 930/1/934 929/1/928
f 933/1/931 934/1/932 931/1/929
f 925/1/924 934/1/932 935/1/933
f 936/1/935 935/1/933 934/1/932
f 937/1/936 938/1/937 935/1/933
f 930/1/934 935/1/933 938/1/937
f 952/1/951 950/1/949 947/1/946
f 961/1/960 968/1/967 967/1/969
f 969/1/968 968/1/967 951/1/950
f 914/1/913 970/1/970 962/1/963
f 918/1/917 957/1/958 970/1/970
f 1050/1/1050 1051/1/1051 1048/1/1048
f 1192/1/1191 1194/1/1193 1190/1/1189
f 583/1/582 1207/1/1206 1206/1/1205
f 1212/1/1211 1213/1/1212 1210/1/1209
f 1205/1/1203 1213/1/1212 1212/1/1211
f 1210/1/1209 1213/1/1212 599/1/598
f 1208/1/1208 1216/1/1214 1215/1/1216
f 1221/1/1220 1220/1/1219 1206/1/1205
f 1239/1/1240 1248/1/1247 579/1/577
f 595/1/594 594/1/593 1254/1/1253
f 1261/1/1259 1262/1/1261 1263/1/1262
f 1281/1/1279 1280/1/1278 1290/1/1289
f 1291/1/1290 1296/1/1294 1295/1/1295
f 1299/1/1298 1302/1/1301 1194/1/1193
f 1281/1/1279 1295/1/1295 1306/1/1305
f 1327/1/1327 1336/1/1336 1334/1/1333
f 1309/1/1308 1313/1/1313 1342/1/1341
f 1343/1/1342 1342/1/1341 1313/1/1313
f 1345/1/1345 1344/1/1344 1341/1/1343
f 1363/1/1363 1362/1/1362 1361/1/1361
f 1372/1/1372 1373/1/1373 1370/1/1370
f 1417/1/1417 1416/1/1416 1418/1/1418
f 767/1/767 1439/1/1439 1438/1/1438
f 1441/1/1441 1438/1/1438 1439/1/1439
f 1451/1/1451 1450/1/1450 1432/1/1432
f 1456/1/1456 1454/1/1454 825/1/825
f 1457/1/1457 1458/1/1458 1454/1/1454
f 1457/1/1457 1456/1/1456 1460/1/1460
f 861/1/859 1460/1/1460 1456/1/1456
f 1461/1/1461 1460/1/1460 1462/1/1462
f 1463/1/1463 1462/1/1462 1464/1/1464
f 1421/1/1421 1473/1/1474 1470/1/1470
f 1481/1/1481 1477/1/1477 1476/1/1476
f 1481/1/1481 1484/1/1484 1482/1/1482
f 1522/1/1522 1521/1/1521 1529/1/1528
f 1533/1/1533 1544/1/1544 1528/1/1530
f 1555/1/1555 1552/1/1554 1564/1/1564
f 1543/1/1542 1554/1/1553 1568/1/1568
f 1573/1/1573 1572/1/1572 1574/1/1574
f 1575/1/1575 1574/1/1574 1580/1/1580
f 502/1/501 501/1/500 1584/1/1584
f 1586/1/1586 1584/1/1584 501/1/500
f 1587/1/1587 1588/1/1588 1584/1/1584
f 1586/1/1586 1591/1/1591 1590/1/1590
f 1593/1/1593 1590/1/1590 1591/1/1591
f 1615/1/1615 1614/1/1614 1611/1/1613
f 1661/1/1660 1660/1/1659 1664/1/1664
f 1665/1/1665 1664/1/1664 1666/1/1666
f 1668/1/1668 1666/1/1666 1664/1/1664
f 1669/1/1669 1670/1/1670 1666/1/1666
f 1686/1/1686 1687/1/1687 1684/1/1684
f 1689/1/1689 1692/1/1692 1690/1/1690
f 1685/1/1685 1690/1/1690 1695/1/1695
f 1713/1/1713 1714/1/1714 1711/1/1711
f 1667/1/1667 1711/1/1711 1714/1/1714
f 1750/1/1750 1746/1/1746 1745/1/1745
f 1752/1/1752 1751/1/1751 1753/1/1753
f 1750/1/1750 1748/1/1748 1789/1/1789
f 1790/1/1788 1791/1/1790 1783/1/1782
f 1803/1/1801 1802/1/1803 1788/1/1787
f 1815/1/1813 1818/1/1817 1817/1/1816
f 1665/1/1665 1714/1/1714 1818/1/1817
f 1817/1/1816 1818/1/1817 1714/1/1714
f 1823/1/1822 1824/1/6712 1801/1/1800
f 1712/1/1712 1824/1/6712 1823/1/1822
f 1689/1/1689 1842/1/1841 1840/1/1840
f 1681/1/1681 1852/1/1850 1850/1/1848
f 1890/1/1888 1891/1/1889 1888/1/1886
f 1894/1/1892 1895/1/1893 1892/1/1890
f 1855/1/1853 1892/1/1890 1895/1/1893
f 1893/1/1891 1892/1/1890 1891/1/1889
f 1853/1/1851 1895/1/1893 1896/1/1895
f 1889/1/1887 1919/1/1916 1910/1/1908
f 1916/1/1913 1919/1/1916 1889/1/1887
f 1918/1/1915 1919/1/1916 1916/1/1913
f 1928/1/1926 1930/1/1928 1927/1/1925
f 1917/1/1914 1938/1/1936 1937/1/1935
f 1931/1/1931 1937/1/1935 1938/1/1936
f 1954/1/1952 1961/1/1957 1955/1/1953
f 1950/1/1950 1967/1/1965 1333/1/1335
f 1316/1/1315 1997/1/1994 1996/1/1996
f 1917/1/1914 1916/1/1913 2002/1/2000
f 1996/1/1996 2011/1/2009 1880/1/1878
f 2010/1/2008 2011/1/2009 1996/1/1996
f 2005/1/2003 2004/1/2002 2011/1/2009
f 1934/1/1932 1938/1/1936 2014/1/2012
f 2003/1/2001 2014/1/2012 1938/1/1936
f 1589/1/1589 2021/1/2019 2019/1/2017
f 1827/1/1826 2028/1/2026 2027/1/2025
f 2030/1/2028 2043/1/2041 2041/1/2039
f 2042/1/2040 2041/1/2039 2043/1/2041
f 2044/1/2042 2047/1/2045 2045/1/2044
f 2044/1/2042 2043/1/2041 2049/1/2047
f 2034/1/2032 2036/1/2034 2055/1/2052
f 2077/1/2075 2082/1/2079 2081/1/2078
f 2086/1/2083 2085/1/2082 2076/1/2074
f 676/1/676 2096/1/2093 2101/1/2098
f 679/1/679 2101/1/2098 2104/1/2101
f 2164/1/2159 2166/1/2162 2165/1/2161
f 2143/1/2140 2168/1/2164 2166/1/2162
f 2264/1/2261 2263/1/2260 1438/1/1438
f 708/1/708 2265/1/2262 732/1/734
f 710/1/710 2267/1/2264 2265/1/2262
f 2283/1/2280 2284/1/2281 2281/1/2278
f 1440/1/1440 2281/1/2278 2284/1/2281
f 1426/1/1426 1443/1/1445 2281/1/2278
f 2282/1/2279 2281/1/2278 1443/1/1445
f 2268/1/2265 2267/1/2264 2289/1/2286
f 2264/1/2261 2289/1/2286 2267/1/2264
f 1441/1/1441 2291/1/2288 2289/1/2286
f 2290/1/2287 2289/1/2286 2291/1/2288
f 2318/1/2315 2317/1/2314 2321/1/2318
f 2321/1/2318 1455/1/1455 1459/1/1459
f 2283/1/2280 2288/1/2285 2323/1/2320
f 2320/1/2317 2323/1/2320 2288/1/2285
f 2318/1/2315 2325/1/2322 2323/1/2320
f 2324/1/2321 2323/1/2320 2325/1/2322
f 2292/1/2289 2291/1/2288 2327/1/2324
f 2284/1/2281 2327/1/2324 2291/1/2288
f 2283/1/2280 2324/1/2321 2327/1/2324
f 2328/1/2325 2327/1/2324 2324/1/2321
f 2330/1/2327 2329/1/2326 2328/1/2325
f 2322/1/2319 2331/1/2328 2325/1/2322
f 1459/1/1459 2333/1/2330 2331/1/2328
f 1461/1/1461 2336/1/2335 2335/1/2332
f 1463/1/1463 1493/1/1493 2336/1/2335
f 1459/1/1459 1458/1/1458 2339/1/2336
f 2335/1/2332 2339/1/2336 1458/1/1458
f 2338/1/2334 2337/1/2333 2341/1/2338
f 2360/1/2357 2359/1/2356 1414/1/1414
f 1398/1/1398 2373/1/2370 2371/1/2368
f 2372/1/2369 2371/1/2368 2373/1/2370
f 2332/1/2329 2377/1/2373 2376/1/2375
f 2305/1/2302 2308/1/2304 2388/1/2387
f 2334/1/2331 2340/1/2337 2391/1/2388
f 2392/1/2389 2391/1/2388 2340/1/2337
f 2394/1/2391 2391/1/2388 2392/1/2389
f 2378/1/2374 2391/1/2388 2394/1/2391
f 2393/1/2390 2392/1/2389 2395/1/2392
f 2342/1/2339 2395/1/2392 2392/1/2389
f 2475/1/2472 2476/1/2473 2473/1/2470
f 2474/1/2471 2473/1/2470 2468/1/2465
f 2475/1/2472 2474/1/2471 2477/1/2474
f 2470/1/2467 2477/1/2474 2474/1/2471
f 2521/1/2518 2526/1/2521 2519/1/2516
f 1537/1/1537 2562/1/2560 2561/1/2557
f 2563/1/2558 2562/1/2560 2565/1/2561
f 2580/1/2576 2579/1/2575 2569/1/2565
f 2606/1/2601 2605/1/2600 2602/1/2598
f 2566/1/2562 2565/1/2561 2634/1/2630
f 2641/1/2637 2640/1/2636 2642/1/2638
f 1575/1/1575 2608/1/2606 2642/1/2638
f 2671/1/2667 2672/1/2668 2669/1/2665
f 2592/1/2587 2672/1/2668 2671/1/2667
f 2593/1/2588 2604/1/2602 2672/1/2668
f 2588/1/2584 2671/1/2667 2675/1/2670
f 2676/1/2671 2675/1/2670 2671/1/2667
f 2673/1/2669 2676/1/2671 2691/1/2687
f 2682/1/2678 2691/1/2687 2676/1/2671
f 2789/1/2785 2790/1/2786 2787/1/2783
f 2827/1/2823 2828/1/2824 2825/1/2821
f 2825/1/2821 2812/1/2807 2816/1/2811
f 2835/1/2831 2836/1/2832 2833/1/2829
f 2834/1/2830 2833/1/2829 2832/1/2828
f 2842/1/2838 2843/1/2839 2840/1/2836
f 2848/1/2843 2846/1/6713 2845/1/2841
f 2842/1/2838 2857/1/2852 2858/1/2853
f 2869/1/2864 2868/1/2863 2863/1/2858
f 2875/1/2869 2874/1/2870 2876/1/2871
f 2862/1/2857 2875/1/2869 2882/1/2878
f 2877/1/2872 2884/1/2879 2882/1/2878
f 2877/1/2872 2876/1/2871 2888/1/2883
f 2901/1/2896 2900/1/2895 2897/1/2894
f 2896/1/2891 2904/1/2899 2902/1/2897
f 2905/1/2900 2904/1/2899 2920/1/2915
f 2915/1/2910 2920/1/2915 2904/1/2899
f 2922/1/2917 2920/1/2915 2915/1/2910
f 2921/1/2916 2920/1/2915 2922/1/2917
f 1348/1/1348 2934/1/2928 2939/1/2934
f 1357/1/1356 2939/1/2934 2942/1/2937
f 1354/1/1354 2942/1/2937 2947/1/2943
f 2948/1/2942 2951/1/2946 1363/1/1363
f 2954/1/2949 2953/1/2948 2957/1/2952
f 2374/1/2371 2373/1/2370 2959/1/2954
f 2526/1/2521 2973/1/2968 2974/1/2969
f 3055/1/3054 3054/1/3049 3058/1/3052
f 3008/1/3003 3062/1/3057 3060/1/3055
f 3084/1/3079 3083/1/3078 3071/1/3066
f 3070/1/3065 3072/1/3068 3088/1/3082
f 3098/1/3093 3102/1/3096 3101/1/3097
f 3092/1/3087 3108/1/3103 2306/1/2305
f 2554/1/2550 3104/1/3101 3148/1/3143
f 3128/1/3123 3148/1/3143 3104/1/3101
f 3320/1/3316 3285/1/3280 3244/1/3239
f 3006/1/3001 3371/1/3367 3375/1/3371
f 3471/1/3467 3468/1/3463 3467/1/3465
f 3463/1/3459 3471/1/3467 3498/1/3494
f 3484/1/3479 3502/1/3499 3499/1/3495
f 3485/1/3481 3504/1/3500 3502/1/3499
f 3503/1/3498 3502/1/3499 3504/1/3500
f 3511/1/3506 3513/1/3508 3512/1/3507
f 3515/1/3510 3512/1/3507 3513/1/3508
f 3504/1/3500 3517/1/3513 3519/1/3514
f 3515/1/3510 3517/1/3513 3504/1/3500
f 3523/1/3518 3521/1/3515 3520/1/3516
f 3497/1/3493 3552/1/3547 3550/1/3545
f 3590/1/3585 3591/1/3586 3589/1/3584
f 3611/1/3605 3610/1/3604 3513/1/3508
f 3649/1/3644 3646/1/3641 3647/1/3642
f 3648/1/3643 3652/1/3647 3650/1/3645
f 3493/1/3489 3840/1/3835 3838/1/3833
f 3488/1/3483 3838/1/3833 3460/1/3455
f 3848/1/3843 3846/1/3841 3843/1/3838
f 3849/1/3844 3848/1/3843 3854/1/3849
f 3852/1/3848 3854/1/3849 3848/1/3843
f 3855/1/3850 3854/1/3849 3852/1/3848
f 3894/1/3888 3893/1/3887 3890/1/3885
f 3920/1/3915 3918/1/3912 3917/1/3913
f 3923/1/3918 3925/1/3920 3921/1/3916
f 3922/1/3917 3928/1/3922 3927/1/3923
f 3917/1/3913 3930/1/3924 3929/1/3925
f 3940/1/3935 3942/1/3937 3941/1/3936
f 3944/1/3939 3941/1/3936 3942/1/3937
f 3923/1/3918 3927/1/3923 3941/1/3936
f 3938/1/3933 3941/1/3936 3927/1/3923
f 3943/1/3938 3947/1/3942 3945/1/3940
f 3948/1/3943 3950/1/3945 3949/1/3944
f 3952/1/3947 3949/1/3944 3950/1/3945
f 3958/1/3953 3955/1/3949 3954/1/3951
f 3948/1/3943 3947/1/3942 3955/1/3949
f 4007/1/4002 4006/1/4001 3995/1/3990
f 4008/1/4003 4009/1/4004 4006/1/4001
f 3994/1/3989 4003/1/3998 4014/1/4009
f 4007/1/4002 4014/1/4009 4017/1/4012
f 4025/1/4020 4024/1/4019 4009/1/4004
f 4026/1/4021 4027/1/4022 4024/1/4019
f 4040/1/4035 4041/1/4036 4038/1/4033
f 3837/1/3831 4027/1/4022 4038/1/4033
f 4030/1/4025 4032/1/4028 4043/1/4037
f 4054/1/4049 4055/1/4050 4052/1/4047
f 3511/1/3506 3508/1/3503 4052/1/4047
f 3933/1/3928 4070/1/4066 4073/1/4069
f 4078/1/4074 4079/1/4075 4077/1/4073
f 4080/1/4076 4081/1/4077 4079/1/4075
f 4080/1/4076 4084/1/4080 4082/1/4078
f 4083/1/4079 4082/1/4078 4084/1/4080
f 4116/1/4112 4117/1/4113 4114/1/4110
f 4121/1/4117 4119/1/4114 4118/1/4115
f 4115/1/4111 4114/1/4110 4119/1/4114
f 4124/1/4120 4125/1/4121 4122/1/4119
f 3914/1/3909 3915/1/3911 4126/1/4122
f 4127/1/4123 4126/1/4122 3915/1/3911
f 4123/1/4118 4126/1/4122 4129/1/4125
f 4136/1/4132 4137/1/4133 4134/1/4130
f 4142/1/4138 4145/1/4140 4140/1/4136
f 4159/1/4155 4164/1/4160 4162/1/4158
f 4160/1/4156 4158/1/4153 4162/1/4158
f 4159/1/4155 4156/1/4154 4172/1/4168
f 3718/1/3713 4172/1/4168 4156/1/4154
f 4141/1/4137 4151/1/4147 4192/1/4188
f 4142/1/4138 4192/1/4188 4195/1/4191
f 4195/1/4191 4205/1/4200 4200/1/4195
f 4154/1/4150 4161/1/4157 4218/1/4214
f 4257/1/4253 4260/1/4255 4256/1/4252
f 4256/1/4252 4260/1/4255 4259/1/4256
f 4146/1/4142 4144/1/4141 4262/1/4258
f 4296/1/4291 4295/1/4290 4291/1/4287
f 4313/1/4307 4320/1/4313 4319/1/4315
f 4339/1/4334 4350/1/4345 4353/1/4348
f 4372/1/4367 4375/1/4369 4376/1/4371
f 4380/1/4375 4381/1/4376 4378/1/4373
f 4372/1/4367 4377/1/4372 4382/1/4377
f 4383/1/4378 4382/1/4377 4377/1/4372
f 4379/1/4374 4382/1/4377 4385/1/4380
f 4390/1/4385 4393/1/4388 4396/1/4391
f 4396/1/4391 4398/1/4392 4402/1/4397
f 4397/1/4394 4415/1/4410 4414/1/4412
f 4416/1/4411 4415/1/4410 4408/1/4403
f 4410/1/4405 4418/1/4413 4360/1/4357
f 4497/1/4492 4498/1/4493 4495/1/4490
f 4618/1/4613 4620/1/4615 4616/1/4611
f 4632/1/4627 4635/1/4629 4041/1/4036
f 4638/1/4633 4639/1/4634 4636/1/4631
f 4053/1/4048 4639/1/4634 4638/1/4633
f 4636/1/4631 4639/1/4634 4630/1/4625
f 4643/1/4637 4642/1/4636 4634/1/4630
f 4632/1/4627 4646/1/4641 4649/1/4644
f 4034/1/4029 4675/1/4669 4667/1/4661
f 4051/1/4046 4662/1/4656 4681/1/4675
f 4689/1/4684 4688/1/4683 4685/1/4682
f 4707/1/4701 4718/1/4713 4716/1/4711
f 4617/1/4612 4728/1/4723 4725/1/4719
f 4707/1/4701 4734/1/4729 4732/1/4727
f 4751/1/4746 4750/1/4745 4758/1/4752
f 4737/1/4731 4764/1/4759 1343/1/1342
f 4735/1/4730 4763/1/4758 4764/1/4759
f 4765/1/4760 4766/1/4761 1345/1/1345
f 4777/1/4772 4780/1/4775 4783/1/4778
f 4790/1/4785 4791/1/4786 4788/1/4783
f 4292/1/4288 4796/1/4791 4793/1/4789
f 4837/1/4832 4835/1/4829 4834/1/4830
f 4856/1/4851 4857/1/4852 4222/1/4220
f 4858/1/4853 4859/1/4854 4857/1/4852
f 4848/1/4842 4868/1/4863 4870/1/4864
f 4876/1/4871 4877/1/4872 4873/1/4867
f 4280/1/4277 4873/1/4867 4877/1/4872
f 4876/1/4871 4879/1/4874 4878/1/4873
f 4881/1/4876 4878/1/4873 4879/1/4874
f 4877/1/4872 4878/1/4873 4315/1/4310
f 4880/1/4875 4884/1/4879 4882/1/4877
f 4888/1/4882 4891/1/4885 4838/1/4835
f 4896/1/4891 4897/1/4902 4895/1/4889
f 4940/1/4935 4948/1/4943 4946/1/4941
f 4947/1/4942 4963/1/4957 4950/1/4947
f 4973/1/4968 4984/1/4979 4982/1/4977
f 4961/1/4956 4976/1/4970 4986/1/4981
f 4993/1/4988 4991/1/4985 4990/1/4986
f 4989/1/4984 4995/1/4989 4984/1/4979
f 4992/1/4987 5000/1/4995 4998/1/4993
f 3957/1/3952 5004/1/4999 5002/1/4997
f 5006/1/5001 5007/1/5002 5002/1/4997
f 3958/1/3953 5002/1/4997 5007/1/5002
f 5008/1/5003 5009/1/5004 5007/1/5002
f 5010/1/5005 5011/1/5006 5009/1/5004
f 5031/1/5025 5032/1/5027 5035/1/5030
f 5081/1/5076 5079/1/5073 5078/1/5074
f 5080/1/5075 5086/1/5081 5084/1/5079
f 5088/1/5083 5089/1/5084 5084/1/5079
f 5081/1/5076 5084/1/5079 5089/1/5084
f 5104/1/5099 5109/1/5104 5102/1/5097
f 5102/1/5097 5109/1/5104 5105/1/5100
f 5105/1/5100 5109/1/5104 5107/1/5102
f 5110/1/5105 5107/1/5102 5109/1/5104
f 5131/1/5126 5132/1/5236 5129/1/5124
f 5130/1/5125 5129/1/5124 5086/1/5081
f 5164/1/5157 5163/1/5235 5165/1/5158
f 5172/1/5165 5170/1/5162 5169/1/5163
f 5208/1/5198 5220/1/5215 5219/1/5212
f 5130/1/5125 5235/1/5228 5236/1/5229
f 5080/1/5075 5078/1/5074 5235/1/5228
f 5239/1/5231 5240/1/5233 5236/1/5229
f 5221/1/5213 5242/1/6714 5241/1/5234
f 5163/1/5235 5242/1/6714 5221/1/5213
f 5241/1/5234 5242/1/6714 5132/1/5236
f 5105/1/5100 5108/1/5103 5259/1/5255
f 5305/1/5299 5306/1/5300 5303/1/5297
f 5309/1/5303 5310/1/5304 5307/1/5301
f 5304/1/5298 5307/1/5301 5310/1/5304
f 5308/1/5302 5307/1/5301 5269/1/5265
f 5268/1/5261 5266/1/5259 5312/1/5307
f 5321/1/5314 5326/1/5319 5306/1/5300
f 5328/1/5322 5326/1/5319 5325/1/5320
f 5306/1/5300 5326/1/5319 5328/1/5322
f 1928/1/1926 5334/1/5327 5333/1/5328
f 5340/1/5334 5339/1/5333 5336/1/5330
f 5327/1/5321 5325/1/5320 5339/1/5333
f 1346/1/1346 4767/1/4762 5349/1/5342
f 1954/1/1952 5352/1/5354 5351/1/5345
f 4759/1/4753 5361/1/5355 5350/1/5343
f 5388/1/5381 5387/1/5380 4738/1/4733
f 5327/1/5321 5393/1/5387 5391/1/5385
f 5295/1/5288 5399/1/5393 5388/1/5381
f 5394/1/5388 5400/1/5394 5399/1/5393
f 5388/1/5381 5399/1/5393 5400/1/5394
f 5338/1/5332 5346/1/5340 5403/1/5397
f 5340/1/5334 5403/1/5397 5393/1/5387
f 5005/1/5000 5004/1/4999 5409/1/5402
f 5416/1/5410 5418/1/5413 5244/1/5239
f 5431/1/5425 5429/1/5422 5428/1/5423
f 5419/1/5412 5416/1/5410 5429/1/5422
f 5430/1/5424 5428/1/5423 5433/1/5429
f 5430/1/5424 5439/1/5432 5436/1/5430
f 5423/1/5417 5438/1/5433 5440/1/5434
f 5464/1/5458 5465/1/5459 5462/1/5455
f 5460/1/5456 5467/1/5461 5470/1/5464
f 4132/1/4128 4137/1/4133 5479/1/5473
f 5480/1/5474 5479/1/5473 4137/1/4133
f 2165/1/2161 5529/1/5525 5526/1/5521
f 5508/1/5502 5526/1/5521 5529/1/5525
f 4856/1/4851 5604/1/5597 5603/1/5598
f 4167/1/4163 4163/1/4159 5606/1/5599
f 4189/1/4185 5606/1/5599 4163/1/4159
f 5623/1/5617 5624/1/5618 5621/1/5615
f 4863/1/4857 5621/1/5615 5624/1/5618
f 4844/1/4839 4859/1/4854 5621/1/5615
f 5622/1/5616 5621/1/5615 4859/1/4854
f 5608/1/5602 5630/1/5624 5629/1/5623
f 5632/1/5626 5629/1/5623 5630/1/5624
f 4858/1/4853 5603/1/5598 5629/1/5623
f 5607/1/5600 5629/1/5623 5603/1/5598
f 5658/1/5652 5662/1/5656 5661/1/5655
f 4872/1/4869 5661/1/5655 5662/1/5656
f 5623/1/5617 5664/1/5658 5663/1/5657
f 5666/1/5660 5663/1/5657 5664/1/5658
f 5631/1/5625 5668/1/5662 5667/1/5661
f 5664/1/5658 5667/1/5661 5668/1/5662
f 5623/1/5617 5622/1/5616 5667/1/5661
f 5632/1/5626 5667/1/5661 5622/1/5616
f 4875/1/4870 5662/1/5656 5672/1/5665
f 5666/1/5660 5672/1/5665 5662/1/5656
f 4880/1/4875 4879/1/4874 5676/1/5672
f 5677/1/5670 5676/1/5672 4879/1/4874
f 4875/1/4870 5673/1/5666 5679/1/5673
f 5678/1/5671 5677/1/5670 5679/1/5673
f 4874/1/4868 5679/1/5673 5677/1/5670
f 5678/1/5671 5683/1/5677 5681/1/5675
f 4832/1/4826 5699/1/5693 5702/1/5696
f 5714/1/5708 5712/1/5705 5711/1/5706
f 4815/1/4810 4821/1/4816 5712/1/5705
f 5718/1/5711 5717/1/5710 5671/1/5667
f 5645/1/5638 5729/1/5722 5728/1/5724
f 5674/1/5668 5716/1/5712 5731/1/5725
f 5732/1/5726 5731/1/5725 5716/1/5712
f 5734/1/5728 5731/1/5725 5732/1/5726
f 5680/1/5674 5731/1/5725 5734/1/5728
f 5733/1/5727 5737/1/5731 5735/1/5729
f 5734/1/5728 5735/1/5729 5683/1/5677
f 5796/1/5790 5797/1/5791 5794/1/5788
f 5795/1/5789 5802/1/5795 5801/1/5797
f 5803/1/5796 5802/1/5795 5737/1/5731
f 5804/1/5798 5805/1/5799 5801/1/5797
f 5801/1/5797 5805/1/5799 5798/1/5793
f 5877/1/5869 5873/1/5870 5872/1/5865
f 4957/1/4952 4954/1/4951 5873/1/5870
f 5874/1/5866 5873/1/5870 4954/1/4951
f 5880/1/5872 5890/1/5883 5893/1/5886
f 5916/1/5909 5917/1/5910 5914/1/5907
f 5911/1/5903 5914/1/5907 5917/1/5910
f 5876/1/5868 5947/1/5941 5945/1/5939
f 5952/1/5946 5954/1/5948 5953/1/5947
f 4992/1/4987 4990/1/4986 5953/1/5947
f 5982/1/5977 5983/1/5978 5980/1/5975
f 5916/1/5909 5915/1/5908 5983/1/5978
f 5904/1/5897 5902/1/5896 5983/1/5978
f 5980/1/5975 5983/1/5978 5902/1/5896
f 5980/1/5975 5986/1/5980 5985/1/5982
f 5897/1/5890 5894/1/5889 5986/1/5980
f 5984/1/5979 6004/1/5999 6002/1/5997
f 5985/1/5982 6002/1/5997 5992/1/5988
f 6100/1/6095 6101/1/6096 6098/1/6093
f 6138/1/6133 6139/1/6134 6136/1/6131
f 6124/1/6118 6122/1/6117 6136/1/6131
f 6146/1/6141 6147/1/6142 6144/1/6139
f 6142/1/6138 6144/1/6139 6147/1/6142
f 6146/1/6141 6149/1/6144 6148/1/6143
f 6153/1/6148 6154/1/6149 6151/1/6146
f 6158/1/6153 6159/1/6154 6153/1/6148
f 6153/1/6148 6159/1/6154 6170/1/6164
f 6163/1/6158 6168/1/6163 6179/1/6174
f 6172/1/6167 6179/1/6174 6182/1/6177
f 6188/1/6182 6186/1/6183 6185/1/6180
f 6187/1/6181 6185/1/6180 6194/1/6191
f 6173/1/6168 6182/1/6177 6194/1/6191
f 6187/1/6181 6201/1/6196 6199/1/6194
f 6210/1/6204 6212/1/6206 6211/1/6207
f 6207/1/6202 6211/1/6207 6214/1/6208
f 6216/1/6211 6232/1/6227 6231/1/6226
f 6234/1/6229 6231/1/6226 6232/1/6227
f 6224/1/6219 6231/1/6226 6234/1/6229
f 6215/1/6209 6231/1/6226 6224/1/6219
f 4768/1/4763 4773/1/4770 6248/1/6243
f 6249/1/6244 6248/1/6243 4773/1/4770
f 4783/1/4778 6258/1/6253 6254/1/6249
f 2957/1/2952 6261/1/6255 6260/1/6256
f 5713/1/5707 6264/1/6259 6263/1/6258
f 6307/1/6301 6312/1/6310 6316/1/6311
f 6308/1/6303 6313/1/6307 6312/1/6310
f 6302/1/6297 6299/1/6296 6351/1/6346
f 6356/1/6351 6369/1/6364 6372/1/6367
f 6357/1/6352 6372/1/6367 6373/1/6368
f 6370/1/6365 6383/1/6378 6386/1/6381
f 6388/1/6383 6387/1/6382 6386/1/6381
f 5864/1/5919 6435/1/6430 6434/1/6429
f 6309/1/6304 6316/1/6311 6646/1/6642
f 6697/1/6692 6699/1/6694 6695/1/6690
f 6696/1/6691 6705/1/6699 6704/1/6701
f 6529/1/6524 6528/1/6523 6705/1/6699
f 1/1/1 2/1/5 3/1/2
f 5/1/4 6/1/7 3/1/2
f 7/1/6 8/1/8 3/1/2
f 4/1/3 3/1/2 8/1/8
f 10/1/10 11/1/13 12/1/11
f 8/1/8 12/1/11 11/1/13
f 14/1/14 12/1/11 8/1/8
f 4/1/3 9/1/9 16/1/16
f 18/1/18 19/1/20 17/1/17
f 20/1/19 21/1/21 17/1/17
f 4/1/3 17/1/17 21/1/21
f 22/1/22 18/1/18 16/1/16
f 23/1/23 16/1/16 9/1/9
f 10/1/10 24/1/24 23/1/23
f 22/1/22 23/1/23 24/1/24
f 25/1/25 24/1/24 26/1/26
f 13/1/12 26/1/26 24/1/24
f 15/1/15 28/1/28 26/1/26
f 27/1/27 26/1/26 28/1/28
f 5/1/4 30/1/33 31/1/30
f 33/1/32 31/1/30 30/1/33
f 35/1/35 36/1/36 31/1/30
f 32/1/31 31/1/30 36/1/36
f 7/1/6 6/1/7 38/1/38
f 32/1/31 38/1/38 6/1/7
f 37/1/37 40/1/40 38/1/38
f 39/1/39 38/1/38 40/1/40
f 43/1/43 42/1/42 39/1/39
f 44/1/44 45/1/45 42/1/42
f 14/1/14 42/1/42 45/1/45
f 46/1/46 47/1/49 45/1/45
f 48/1/47 47/1/49 46/1/46
f 50/1/50 51/1/599 52/1/51
f 22/1/22 53/1/52 52/1/51
f 25/1/25 54/1/53 53/1/52
f 50/1/50 53/1/52 54/1/53
f 27/1/27 56/1/55 54/1/53
f 29/1/29 58/1/57 56/1/55
f 58/1/57 60/1/61 61/1/59
f 63/1/62 62/1/60 64/1/63
f 67/1/66 64/1/63 66/1/65
f 69/1/68 67/1/66 70/1/69
f 67/1/66 68/1/67 72/1/71
f 73/1/72 74/1/74 70/1/69
f 75/1/73 71/1/70 70/1/69
f 76/1/75 77/1/78 78/1/76
f 74/1/74 78/1/76 77/1/78
f 80/1/79 78/1/76 74/1/74
f 79/1/77 78/1/76 80/1/79
f 82/1/81 83/1/85 84/1/82
f 86/1/84 87/1/87 84/1/82
f 88/1/86 84/1/82 87/1/87
f 85/1/83 84/1/82 88/1/86
f 37/1/37 36/1/36 90/1/89
f 88/1/86 90/1/89 36/1/36
f 89/1/88 92/1/91 90/1/89
f 91/1/90 90/1/89 92/1/91
f 91/1/90 94/1/93 40/1/40
f 93/1/92 96/1/95 94/1/93
f 95/1/94 94/1/93 96/1/95
f 41/1/41 95/1/94 98/1/97
f 99/1/98 98/1/97 95/1/94
f 100/1/99 101/1/100 98/1/97
f 43/1/43 98/1/97 101/1/100
f 44/1/44 101/1/100 102/1/101
f 103/1/102 102/1/101 101/1/100
f 103/1/102 104/1/106 105/1/103
f 46/1/46 102/1/101 105/1/103
f 68/1/67 66/1/65 106/1/104
f 105/1/103 106/1/104 66/1/65
f 104/1/106 108/1/107 106/1/104
f 107/1/105 106/1/104 108/1/107
f 72/1/71 110/1/110 111/1/109
f 107/1/105 110/1/110 72/1/71
f 109/1/108 112/1/111 110/1/110
f 111/1/109 110/1/110 112/1/111
f 73/1/72 111/1/109 114/1/113
f 113/1/112 115/1/115 114/1/113
f 116/1/114 114/1/113 115/1/115
f 81/1/80 80/1/79 114/1/113
f 86/1/84 118/1/119 119/1/117
f 120/1/118 119/1/117 118/1/119
f 122/1/121 123/1/122 119/1/117
f 87/1/87 119/1/117 123/1/122
f 123/1/122 124/1/125 92/1/91
f 125/1/123 124/1/125 123/1/122
f 126/1/124 127/1/126 124/1/125
f 93/1/92 92/1/91 124/1/125
f 128/1/127 129/1/130 130/1/128
f 97/1/96 96/1/95 130/1/128
f 127/1/126 130/1/128 96/1/95
f 131/1/129 130/1/128 127/1/126
f 131/1/129 132/1/133 133/1/131
f 134/1/132 132/1/133 131/1/129
f 97/1/96 129/1/130 136/1/135
f 137/1/136 136/1/135 129/1/130
f 138/1/137 139/1/138 136/1/135
f 99/1/98 136/1/135 139/1/138
f 104/1/106 103/1/102 140/1/139
f 139/1/138 140/1/139 103/1/102
f 142/1/141 140/1/139 139/1/138
f 143/1/142 141/1/140 140/1/139
f 109/1/108 108/1/107 144/1/143
f 141/1/140 144/1/143 108/1/107
f 146/1/145 144/1/143 141/1/140
f 147/1/146 145/1/144 144/1/143
f 148/1/147 149/1/150 150/1/148
f 113/1/112 112/1/111 150/1/148
f 145/1/144 150/1/148 112/1/111
f 151/1/149 150/1/148 145/1/144
f 152/1/151 153/1/154 154/1/152
f 59/1/58 156/1/155 154/1/152
f 155/1/153 154/1/152 156/1/155
f 158/1/157 159/1/160 160/1/158
f 155/1/153 160/1/158 159/1/160
f 157/1/156 162/1/161 160/1/158
f 161/1/159 160/1/158 162/1/161
f 157/1/156 156/1/155 164/1/163
f 61/1/59 164/1/163 156/1/155
f 63/1/62 166/1/165 164/1/163
f 165/1/164 164/1/163 166/1/165
f 163/1/162 162/1/161 168/1/167
f 165/1/164 168/1/167 162/1/161
f 167/1/166 170/1/169 168/1/167
f 169/1/168 168/1/167 170/1/169
f 172/1/171 173/1/174 174/1/172
f 169/1/168 174/1/172 173/1/174
f 171/1/170 176/1/175 174/1/172
f 175/1/173 174/1/172 176/1/175
f 167/1/166 166/1/165 178/1/177
f 65/1/64 178/1/177 166/1/165
f 69/1/68 180/1/179 178/1/177
f 179/1/178 178/1/177 180/1/179
f 182/1/181 183/1/185 184/1/182
f 186/1/184 184/1/182 183/1/185
f 177/1/176 176/1/175 184/1/182
f 185/1/183 184/1/182 176/1/175
f 171/1/170 170/1/169 188/1/187
f 179/1/178 188/1/187 170/1/169
f 181/1/180 189/1/188 188/1/187
f 185/1/183 188/1/187 189/1/188
f 71/1/70 190/1/189 180/1/179
f 75/1/73 192/1/191 190/1/189
f 77/1/78 194/1/193 192/1/191
f 76/1/75 196/1/195 194/1/193
f 195/1/194 194/1/193 196/1/195
f 182/1/181 189/1/188 198/1/197
f 191/1/190 198/1/197 189/1/188
f 193/1/192 200/1/199 198/1/197
f 199/1/198 198/1/197 200/1/199
f 187/1/186 183/1/185 202/1/201
f 199/1/198 202/1/201 183/1/185
f 201/1/200 204/1/203 202/1/201
f 203/1/202 202/1/201 204/1/203
f 201/1/200 200/1/199 206/1/205
f 195/1/194 206/1/205 200/1/199
f 197/1/196 208/1/207 206/1/205
f 207/1/206 206/1/205 208/1/207
f 205/1/204 204/1/203 210/1/209
f 207/1/206 210/1/209 204/1/203
f 209/1/208 212/1/211 210/1/209
f 211/1/210 210/1/209 212/1/211
f 209/1/208 208/1/207 214/1/213
f 216/1/215 214/1/213 208/1/207
f 217/1/216 218/1/217 214/1/213
f 215/1/214 214/1/213 218/1/217
f 213/1/212 212/1/211 220/1/219
f 215/1/214 220/1/219 212/1/211
f 219/1/218 222/1/221 220/1/219
f 221/1/220 220/1/219 222/1/221
f 223/1/222 222/1/221 224/1/223
f 226/1/225 224/1/223 222/1/221
f 227/1/226 228/1/227 224/1/223
f 225/1/224 224/1/223 228/1/227
f 230/1/229 231/1/233 232/1/230
f 234/1/232 232/1/230 231/1/233
f 229/1/228 228/1/227 232/1/230
f 233/1/231 232/1/230 228/1/227
f 235/1/234 231/1/233 236/1/235
f 238/1/237 236/1/235 231/1/233
f 239/1/238 240/1/239 236/1/235
f 237/1/236 236/1/235 240/1/239
f 135/1/134 242/1/243 243/1/241
f 244/1/242 243/1/241 242/1/243
f 246/1/245 247/1/246 243/1/241
f 133/1/131 243/1/241 247/1/246
f 247/1/246 248/1/249 137/1/136
f 249/1/247 248/1/249 247/1/246
f 250/1/248 251/1/250 248/1/249
f 137/1/136 248/1/249 251/1/250
f 138/1/137 251/1/250 252/1/251
f 253/1/252 252/1/251 251/1/250
f 254/1/253 255/1/254 252/1/251
f 142/1/141 252/1/251 255/1/254
f 143/1/142 255/1/254 256/1/255
f 257/1/256 256/1/255 255/1/254
f 258/1/257 259/1/258 256/1/255
f 146/1/145 256/1/255 259/1/258
f 254/1/253 260/1/261 261/1/259
f 262/1/260 261/1/259 260/1/261
f 264/1/263 265/1/264 261/1/259
f 257/1/256 261/1/259 265/1/264
f 266/1/265 267/1/268 268/1/266
f 175/1/173 268/1/266 267/1/268
f 177/1/176 270/1/269 268/1/266
f 269/1/267 268/1/266 270/1/269
f 271/1/270 270/1/269 272/1/271
f 186/1/184 272/1/271 270/1/269
f 187/1/186 274/1/273 272/1/271
f 273/1/272 272/1/271 274/1/273
f 275/1/274 274/1/273 276/1/275
f 203/1/202 276/1/275 274/1/273
f 205/1/204 278/1/277 276/1/275
f 277/1/276 276/1/275 278/1/277
f 279/1/278 278/1/277 280/1/279
f 211/1/210 280/1/279 278/1/277
f 213/1/212 282/1/281 280/1/279
f 281/1/280 280/1/279 282/1/281
f 283/1/282 282/1/281 284/1/283
f 221/1/220 284/1/283 282/1/281
f 223/1/222 286/1/285 284/1/283
f 285/1/284 284/1/283 286/1/285
f 287/1/286 286/1/285 288/1/287
f 225/1/224 288/1/287 286/1/285
f 229/1/228 290/1/289 288/1/287
f 289/1/288 288/1/287 290/1/289
f 291/1/290 290/1/289 292/1/291
f 234/1/232 292/1/291 290/1/289
f 235/1/234 294/1/293 292/1/291
f 293/1/292 292/1/291 294/1/293
f 295/1/294 294/1/293 296/1/295
f 237/1/236 296/1/295 294/1/293
f 241/1/240 298/1/297 296/1/295
f 297/1/296 296/1/295 298/1/297
f 300/1/299 301/1/303 302/1/300
f 304/1/302 302/1/300 301/1/303
f 266/1/265 306/1/305 302/1/300
f 303/1/301 302/1/300 306/1/305
f 307/1/306 306/1/305 308/1/307
f 269/1/267 308/1/307 306/1/305
f 271/1/270 310/1/309 308/1/307
f 309/1/308 308/1/307 310/1/309
f 311/1/310 310/1/309 312/1/311
f 273/1/272 312/1/311 310/1/309
f 275/1/274 314/1/313 312/1/311
f 313/1/312 312/1/311 314/1/313
f 315/1/314 314/1/313 316/1/315
f 277/1/276 316/1/315 314/1/313
f 279/1/278 318/1/317 316/1/315
f 317/1/316 316/1/315 318/1/317
f 319/1/318 318/1/317 320/1/319
f 281/1/280 320/1/319 318/1/317
f 283/1/282 322/1/321 320/1/319
f 321/1/320 320/1/319 322/1/321
f 323/1/322 322/1/321 324/1/323
f 285/1/284 324/1/323 322/1/321
f 287/1/286 326/1/325 324/1/323
f 325/1/324 324/1/323 326/1/325
f 327/1/326 326/1/325 328/1/327
f 289/1/288 328/1/327 326/1/325
f 291/1/290 330/1/329 328/1/327
f 329/1/328 328/1/327 330/1/329
f 331/1/330 330/1/329 332/1/331
f 293/1/292 332/1/331 330/1/329
f 295/1/294 334/1/333 332/1/331
f 333/1/332 332/1/331 334/1/333
f 336/1/335 337/1/339 338/1/336
f 340/1/338 338/1/336 337/1/339
f 300/1/299 342/1/341 338/1/336
f 339/1/337 338/1/336 342/1/341
f 343/1/342 342/1/341 344/1/343
f 303/1/301 344/1/343 342/1/341
f 307/1/306 346/1/345 344/1/343
f 345/1/344 344/1/343 346/1/345
f 347/1/346 346/1/345 348/1/347
f 309/1/308 348/1/347 346/1/345
f 311/1/310 350/1/349 348/1/347
f 349/1/348 348/1/347 350/1/349
f 351/1/350 350/1/349 352/1/351
f 313/1/312 352/1/351 350/1/349
f 315/1/314 354/1/353 352/1/351
f 353/1/352 352/1/351 354/1/353
f 355/1/354 354/1/353 356/1/355
f 317/1/316 356/1/355 354/1/353
f 319/1/318 358/1/357 356/1/355
f 357/1/356 356/1/355 358/1/357
f 359/1/358 358/1/357 360/1/359
f 321/1/320 360/1/359 358/1/357
f 323/1/322 362/1/361 360/1/359
f 361/1/360 360/1/359 362/1/361
f 363/1/362 362/1/361 364/1/363
f 325/1/324 364/1/363 362/1/361
f 327/1/326 366/1/365 364/1/363
f 365/1/364 364/1/363 366/1/365
f 367/1/366 366/1/365 368/1/367
f 329/1/328 368/1/367 366/1/365
f 331/1/330 370/1/369 368/1/367
f 369/1/368 368/1/367 370/1/369
f 371/1/370 370/1/369 372/1/371
f 333/1/332 372/1/371 370/1/369
f 335/1/334 374/1/373 372/1/371
f 373/1/372 372/1/371 374/1/373
f 376/1/375 377/1/378 378/1/376
f 85/1/83 377/1/378 376/1/375
f 35/1/35 380/1/379 377/1/378
f 378/1/376 377/1/378 380/1/379
f 1/1/1 384/1/383 382/1/381
f 383/1/382 382/1/381 384/1/383
f 1/1/1 21/1/21 386/1/385
f 387/1/386 386/1/385 21/1/21
f 388/1/387 389/1/388 386/1/385
f 384/1/383 386/1/385 389/1/388
f 388/1/387 390/1/391 391/1/389
f 392/1/390 391/1/389 390/1/391
f 394/1/393 395/1/394 391/1/389
f 381/1/380 380/1/379 396/1/395
f 33/1/32 396/1/395 380/1/379
f 34/1/34 383/1/382 396/1/395
f 397/1/396 396/1/395 383/1/382
f 394/1/393 398/1/398 399/1/397
f 400/1/399 401/1/403 402/1/400
f 404/1/402 402/1/400 401/1/403
f 406/1/405 407/1/406 402/1/400
f 403/1/401 402/1/400 407/1/406
f 408/1/407 407/1/406 409/1/408
f 411/1/410 409/1/408 407/1/406
f 412/1/411 413/1/412 409/1/408
f 410/1/409 409/1/408 413/1/412
f 414/1/413 413/1/412 415/1/414
f 417/1/416 415/1/414 413/1/412
f 418/1/417 419/1/418 415/1/414
f 416/1/415 415/1/414 419/1/418
f 420/1/419 419/1/418 421/1/420
f 423/1/422 421/1/420 419/1/418
f 424/1/423 425/1/424 421/1/420
f 422/1/421 421/1/420 425/1/424
f 427/1/426 428/1/430 429/1/427
f 431/1/429 429/1/427 428/1/430
f 432/1/431 433/1/432 429/1/427
f 430/1/428 429/1/427 433/1/432
f 435/1/434 436/1/437 437/1/435
f 426/1/425 425/1/424 437/1/435
f 438/1/436 437/1/435 425/1/424
f 439/1/438 440/1/441 441/1/439
f 376/1/375 441/1/439 440/1/441
f 379/1/377 443/1/442 441/1/439
f 442/1/440 441/1/439 443/1/442
f 445/1/444 446/1/447 447/1/445
f 83/1/85 447/1/445 446/1/447
f 82/1/81 440/1/441 447/1/445
f 448/1/446 447/1/445 440/1/441
f 121/1/120 449/1/450 450/1/448
f 451/1/449 450/1/448 449/1/450
f 453/1/452 454/1/453 450/1/448
f 120/1/118 450/1/448 454/1/453
f 122/1/121 454/1/453 455/1/454
f 456/1/455 455/1/454 454/1/453
f 457/1/456 455/1/454 456/1/455
f 125/1/123 455/1/454 457/1/456
f 245/1/244 242/1/243 459/1/458
f 134/1/132 459/1/458 242/1/243
f 126/1/124 457/1/456 459/1/458
f 460/1/459 459/1/458 457/1/456
f 121/1/120 118/1/119 461/1/460
f 446/1/447 461/1/460 118/1/119
f 445/1/444 463/1/462 461/1/460
f 442/1/440 465/1/464 468/1/467
f 444/1/443 469/1/468 465/1/464
f 466/1/465 465/1/464 469/1/468
f 464/1/463 463/1/462 471/1/470
f 448/1/446 471/1/470 463/1/462
f 439/1/438 468/1/467 471/1/470
f 452/1/451 449/1/450 473/1/472
f 462/1/461 473/1/472 449/1/450
f 452/1/451 475/1/476 476/1/474
f 477/1/475 476/1/474 475/1/476
f 479/1/478 480/1/479 476/1/474
f 451/1/449 476/1/474 480/1/479
f 464/1/463 481/1/482 482/1/480
f 483/1/481 482/1/480 481/1/482
f 478/1/477 475/1/476 482/1/480
f 474/1/473 482/1/480 475/1/476
f 467/1/466 491/1/490 489/1/488
f 490/1/489 489/1/488 491/1/490
f 466/1/465 493/1/492 491/1/490
f 470/1/469 495/1/494 493/1/492
f 497/1/496 498/1/499 499/1/497
f 490/1/489 499/1/497 498/1/499
f 492/1/491 501/1/500 499/1/497
f 503/1/502 504/1/505 505/1/503
f 486/1/485 505/1/503 504/1/505
f 488/1/487 498/1/499 505/1/503
f 506/1/504 505/1/503 498/1/499
f 507/1/506 508/1/509 509/1/507
f 483/1/481 509/1/507 508/1/509
f 484/1/483 504/1/505 509/1/507
f 510/1/508 509/1/507 504/1/505
f 511/1/510 512/1/513 513/1/511
f 479/1/478 477/1/475 512/1/513
f 478/1/477 508/1/509 512/1/513
f 513/1/511 512/1/513 508/1/509
f 515/1/514 516/1/517 517/1/515
f 495/1/494 517/1/515 516/1/517
f 519/1/518 517/1/515 495/1/494
f 518/1/516 517/1/515 519/1/518
f 405/1/404 521/1/522 522/1/520
f 523/1/521 522/1/520 521/1/522
f 525/1/524 526/1/525 522/1/520
f 404/1/402 522/1/520 526/1/525
f 527/1/526 528/1/529 529/1/527
f 518/1/516 529/1/527 528/1/529
f 520/1/519 531/1/530 529/1/527
f 530/1/528 529/1/527 531/1/530
f 524/1/523 533/1/533 534/1/532
f 530/1/528 534/1/532 533/1/533
f 532/1/531 535/1/534 534/1/532
f 523/1/521 534/1/532 535/1/534
f 470/1/469 469/1/468 536/1/535
f 537/1/536 536/1/535 469/1/468
f 538/1/537 539/1/538 536/1/535
f 519/1/518 536/1/535 539/1/538
f 406/1/405 526/1/525 540/1/539
f 541/1/540 540/1/539 526/1/525
f 542/1/541 543/1/542 540/1/539
f 411/1/410 540/1/539 543/1/542
f 520/1/519 539/1/538 544/1/543
f 545/1/544 544/1/543 539/1/538
f 546/1/545 547/1/546 544/1/543
f 531/1/530 544/1/543 547/1/546
f 542/1/541 541/1/540 548/1/547
f 535/1/534 548/1/547 541/1/540
f 532/1/531 547/1/546 548/1/547
f 549/1/548 548/1/547 547/1/546
f 444/1/443 443/1/442 550/1/549
f 551/1/550 550/1/549 443/1/442
f 412/1/411 543/1/542 554/1/553
f 555/1/554 554/1/553 543/1/542
f 556/1/555 557/1/556 554/1/553
f 417/1/416 554/1/553 557/1/556
f 560/1/559 561/1/560 558/1/557
f 545/1/544 558/1/557 561/1/560
f 556/1/555 555/1/554 562/1/561
f 549/1/548 562/1/561 555/1/554
f 546/1/545 561/1/560 562/1/561
f 563/1/562 562/1/561 561/1/560
f 556/1/555 564/1/565 565/1/563
f 566/1/564 565/1/563 564/1/565
f 423/1/422 565/1/563 566/1/564
f 418/1/417 557/1/556 565/1/563
f 379/1/377 378/1/376 568/1/567
f 569/1/568 568/1/567 378/1/376
f 552/1/551 571/1/570 572/1/571
f 573/1/572 572/1/571 571/1/570
f 574/1/573 575/1/574 572/1/571
f 559/1/558 572/1/571 575/1/574
f 567/1/566 564/1/565 576/1/575
f 563/1/562 576/1/575 564/1/565
f 560/1/559 575/1/574 576/1/575
f 577/1/576 576/1/575 575/1/574
f 438/1/436 578/1/578 579/1/577
f 424/1/423 566/1/564 578/1/578
f 567/1/566 580/1/579 578/1/578
f 569/1/568 582/1/581 585/1/584
f 583/1/582 582/1/581 398/1/398
f 581/1/580 580/1/579 586/1/585
f 577/1/576 586/1/585 580/1/579
f 587/1/586 586/1/585 588/1/587
f 589/1/588 588/1/587 590/1/589
f 573/1/572 590/1/589 588/1/587
f 570/1/569 585/1/584 590/1/589
f 591/1/590 590/1/589 585/1/584
f 305/1/304 301/1/303 592/1/591
f 340/1/338 592/1/591 301/1/303
f 341/1/340 594/1/593 592/1/591
f 593/1/592 592/1/591 594/1/593
f 50/1/50 596/1/595 599/1/598
f 597/1/596 596/1/595 153/1/154
f 593/1/592 600/1/601 601/1/600
f 595/1/594 602/1/603 600/1/601
f 603/1/602 600/1/601 602/1/603
f 605/1/605 601/1/600 600/1/601
f 606/1/606 607/1/608 173/1/174
f 608/1/607 607/1/608 606/1/606
f 158/1/157 161/1/159 607/1/608
f 163/1/162 173/1/174 607/1/608
f 605/1/605 609/1/610 610/1/609
f 597/1/596 610/1/609 609/1/610
f 152/1/151 159/1/160 610/1/609
f 608/1/607 610/1/609 159/1/160
f 604/1/604 611/1/612 612/1/611
f 598/1/597 609/1/610 612/1/611
f 603/1/602 612/1/611 609/1/610
f 172/1/171 267/1/268 613/1/613
f 304/1/302 613/1/613 267/1/268
f 305/1/304 601/1/600 613/1/613
f 606/1/606 613/1/613 601/1/600
f 453/1/452 480/1/479 614/1/614
f 616/1/616 617/1/617 614/1/614
f 456/1/455 614/1/614 617/1/617
f 615/1/615 618/1/619 619/1/618
f 511/1/510 618/1/619 615/1/615
f 514/1/512 620/1/621 618/1/619
f 621/1/620 619/1/618 618/1/619
f 623/1/623 624/1/625 620/1/621
f 507/1/506 626/1/627 627/1/626
f 514/1/512 513/1/511 627/1/626
f 503/1/502 630/1/632 631/1/630
f 632/1/631 631/1/630 630/1/632
f 628/1/628 626/1/627 631/1/630
f 510/1/508 631/1/630 626/1/627
f 633/1/633 630/1/632 634/1/634
f 506/1/504 634/1/634 630/1/632
f 497/1/496 636/1/636 634/1/634
f 635/1/635 634/1/634 636/1/636
f 637/1/637 636/1/636 638/1/638
f 500/1/498 638/1/638 636/1/636
f 502/1/501 640/1/640 638/1/638
f 639/1/639 638/1/638 640/1/640
f 642/1/642 643/1/645 644/1/643
f 639/1/639 643/1/645 642/1/642
f 641/1/641 644/1/643 643/1/645
f 646/1/646 647/1/649 648/1/647
f 635/1/635 648/1/647 647/1/649
f 637/1/637 642/1/642 648/1/647
f 649/1/648 648/1/647 642/1/642
f 650/1/650 651/1/653 652/1/651
f 632/1/631 652/1/651 651/1/653
f 633/1/633 647/1/649 652/1/651
f 653/1/652 652/1/651 647/1/649
f 629/1/629 654/1/655 655/1/654
f 628/1/628 651/1/653 654/1/655
f 650/1/650 656/1/656 654/1/655
f 655/1/654 654/1/655 656/1/656
f 621/1/620 622/1/622 661/1/661
f 625/1/624 655/1/654 661/1/661
f 657/1/657 658/1/658 661/1/661
f 616/1/616 619/1/618 662/1/662
f 660/1/660 662/1/662 619/1/618
f 663/1/663 666/1/666 617/1/617
f 665/1/665 667/1/667 666/1/666
f 617/1/617 666/1/666 669/1/669
f 672/1/672 673/1/673 670/1/670
f 245/1/244 673/1/673 674/1/674
f 675/1/675 674/1/674 673/1/673
f 676/1/676 677/1/677 674/1/674
f 244/1/242 674/1/674 677/1/677
f 246/1/245 677/1/677 678/1/678
f 679/1/679 678/1/678 677/1/677
f 249/1/247 678/1/678 681/1/681
f 263/1/262 260/1/261 682/1/682
f 253/1/252 682/1/682 260/1/261
f 250/1/248 681/1/681 682/1/682
f 683/1/683 682/1/682 681/1/681
f 687/1/687 688/1/690 686/1/686
f 690/1/689 684/1/684 688/1/690
f 680/1/680 691/1/693 692/1/691
f 693/1/692 692/1/691 691/1/693
f 694/1/694 695/1/695 692/1/691
f 683/1/683 692/1/691 695/1/695
f 263/1/262 695/1/695 696/1/696
f 697/1/697 696/1/696 695/1/695
f 698/1/698 699/1/699 696/1/696
f 262/1/260 696/1/696 699/1/699
f 264/1/263 699/1/699 700/1/700
f 702/1/702 700/1/700 699/1/699
f 703/1/703 704/1/704 700/1/700
f 701/1/701 700/1/700 704/1/704
f 708/1/708 706/1/706 709/1/709
f 708/1/708 711/1/719 707/1/707
f 147/1/146 259/1/258 712/1/711
f 713/1/712 712/1/711 259/1/258
f 714/1/713 715/1/714 712/1/711
f 151/1/149 712/1/711 715/1/714
f 258/1/257 265/1/264 716/1/715
f 713/1/712 716/1/715 717/1/716
f 714/1/713 717/1/716 718/1/717
f 707/1/707 718/1/717 717/1/716
f 711/1/719 720/1/720 718/1/717
f 719/1/718 718/1/717 720/1/720
f 115/1/115 113/1/112 149/1/150
f 723/1/723 722/1/722 149/1/150
f 724/1/724 725/1/725 722/1/722
f 117/1/116 115/1/115 722/1/722
f 148/1/147 715/1/714 726/1/726
f 719/1/718 726/1/726 715/1/714
f 721/1/721 727/1/727 726/1/726
f 723/1/723 726/1/726 727/1/727
f 721/1/721 728/1/730 729/1/728
f 730/1/729 731/1/731 729/1/728
f 724/1/724 727/1/727 729/1/728
f 711/1/719 732/1/734 733/1/732
f 734/1/733 733/1/732 732/1/734
f 730/1/729 728/1/730 733/1/732
f 720/1/720 733/1/732 728/1/730
f 738/1/738 739/1/739 736/1/736
f 693/1/692 736/1/736 739/1/739
f 740/1/740 741/1/744 742/1/741
f 744/1/743 742/1/741 741/1/744
f 746/1/746 747/1/747 742/1/741
f 743/1/742 742/1/741 747/1/747
f 738/1/738 737/1/737 748/1/748
f 749/1/749 748/1/748 747/1/747
f 694/1/694 739/1/739 750/1/750
f 751/1/751 750/1/750 739/1/739
f 752/1/752 753/1/753 750/1/750
f 697/1/697 750/1/750 753/1/753
f 752/1/752 751/1/751 754/1/754
f 751/1/751 738/1/738 749/1/749
f 746/1/746 756/1/756 754/1/754
f 755/1/755 754/1/754 756/1/756
f 757/1/757 756/1/756 758/1/758
f 744/1/743 758/1/758 756/1/756
f 745/1/745 760/1/760 758/1/758
f 759/1/759 758/1/758 760/1/760
f 763/1/763 762/1/762 753/1/753
f 764/1/764 762/1/762 763/1/763
f 703/1/703 702/1/702 762/1/762
f 765/1/765 763/1/763 766/1/766
f 755/1/755 766/1/766 763/1/763
f 757/1/757 768/1/768 766/1/766
f 767/1/767 766/1/766 768/1/768
f 769/1/769 768/1/768 770/1/770
f 759/1/759 770/1/770 768/1/768
f 761/1/761 772/1/772 770/1/770
f 771/1/771 770/1/770 772/1/772
f 740/1/740 774/1/776 775/1/774
f 776/1/775 775/1/774 774/1/776
f 778/1/778 779/1/779 775/1/774
f 745/1/745 741/1/744 775/1/774
f 779/1/779 780/1/782 760/1/760
f 781/1/780 780/1/782 779/1/779
f 782/1/781 783/1/783 780/1/782
f 760/1/760 780/1/782 783/1/783
f 761/1/761 783/1/783 784/1/784
f 785/1/785 784/1/784 783/1/783
f 786/1/786 787/1/787 784/1/784
f 772/1/772 784/1/784 787/1/787
f 773/1/773 787/1/787 788/1/788
f 790/1/790 788/1/788 787/1/787
f 791/1/791 792/1/792 788/1/788
f 789/1/789 788/1/788 792/1/792
f 786/1/786 794/1/796 795/1/794
f 796/1/795 795/1/794 794/1/796
f 798/1/798 799/1/799 795/1/794
f 790/1/790 795/1/794 799/1/799
f 804/1/804 800/1/800 805/1/805
f 689/1/688 800/1/800 806/1/806
f 807/1/807 806/1/806 800/1/800
f 808/1/808 809/1/809 806/1/806
f 687/1/687 806/1/806 809/1/809
f 777/1/777 774/1/776 810/1/810
f 743/1/742 810/1/810 774/1/776
f 690/1/689 809/1/809 810/1/810
f 811/1/811 810/1/810 809/1/809
f 811/1/811 812/1/815 813/1/812
f 814/1/813 812/1/815 811/1/811
f 815/1/814 813/1/812 812/1/815
f 777/1/777 813/1/812 816/1/816
f 817/1/817 816/1/816 813/1/812
f 818/1/818 819/1/819 816/1/816
f 776/1/775 816/1/816 819/1/819
f 778/1/778 819/1/819 820/1/820
f 821/1/821 820/1/820 819/1/819
f 822/1/822 823/1/823 820/1/820
f 781/1/780 820/1/820 823/1/823
f 797/1/797 794/1/796 824/1/824
f 785/1/785 824/1/824 794/1/796
f 782/1/781 823/1/823 824/1/824
f 825/1/825 824/1/824 823/1/823
f 802/1/802 826/1/828 827/1/826
f 828/1/827 827/1/826 826/1/828
f 830/1/830 831/1/831 827/1/826
f 803/1/803 827/1/826 831/1/831
f 804/1/804 831/1/831 832/1/832
f 833/1/833 832/1/832 831/1/831
f 834/1/834 835/1/835 832/1/832
f 807/1/807 832/1/832 835/1/835
f 836/1/836 837/1/965 838/1/837
f 840/1/839 839/1/838 838/1/837
f 830/1/830 836/1/836 839/1/838
f 808/1/808 835/1/835 842/1/841
f 843/1/842 842/1/841 835/1/835
f 844/1/843 845/1/844 842/1/841
f 814/1/813 842/1/841 845/1/844
f 843/1/842 846/1/846 847/1/845
f 834/1/834 840/1/839 846/1/846
f 841/1/840 848/1/847 846/1/846
f 847/1/845 846/1/846 848/1/847
f 815/1/814 845/1/844 850/1/849
f 851/1/850 850/1/849 845/1/844
f 852/1/851 853/1/852 850/1/849
f 817/1/817 850/1/849 853/1/852
f 854/1/853 855/1/856 856/1/854
f 851/1/850 856/1/854 855/1/856
f 844/1/843 847/1/845 856/1/854
f 857/1/855 856/1/854 847/1/845
f 818/1/818 853/1/852 858/1/857
f 859/1/858 858/1/857 853/1/852
f 859/1/858 860/1/864 861/1/859
f 821/1/821 858/1/857 861/1/859
f 862/1/860 863/1/863 864/1/861
f 859/1/858 864/1/861 863/1/863
f 852/1/851 855/1/856 864/1/861
f 866/1/865 867/1/869 868/1/866
f 870/1/868 868/1/866 867/1/869
f 872/1/871 873/1/872 868/1/866
f 869/1/867 868/1/866 873/1/872
f 875/1/874 876/1/878 877/1/875
f 879/1/877 877/1/875 876/1/878
f 881/1/880 882/1/881 877/1/875
f 878/1/876 877/1/875 882/1/881
f 884/1/883 885/1/886 886/1/884
f 878/1/876 886/1/884 885/1/886
f 883/1/882 888/1/887 886/1/884
f 887/1/885 886/1/884 888/1/887
f 889/1/888 890/1/890 891/1/889
f 869/1/867 891/1/889 890/1/890
f 874/1/873 892/1/891 891/1/889
f 887/1/885 891/1/889 892/1/891
f 880/1/879 876/1/878 893/1/892
f 895/1/894 893/1/892 876/1/878
f 896/1/895 897/1/896 893/1/892
f 894/1/893 893/1/892 897/1/896
f 899/1/898 900/1/901 901/1/899
f 895/1/894 901/1/899 900/1/901
f 875/1/874 885/1/886 901/1/899
f 902/1/900 901/1/899 885/1/886
f 884/1/883 892/1/891 903/1/902
f 905/1/904 906/1/905 903/1/902
f 902/1/900 903/1/902 906/1/905
f 898/1/897 897/1/896 907/1/906
f 909/1/908 907/1/906 897/1/896
f 910/1/909 911/1/910 907/1/906
f 908/1/907 907/1/906 911/1/910
f 829/1/829 826/1/828 913/1/912
f 915/1/914 913/1/912 826/1/828
f 916/1/915 917/1/916 913/1/912
f 914/1/913 913/1/912 917/1/916
f 912/1/911 911/1/910 919/1/918
f 921/1/920 919/1/918 911/1/910
f 922/1/921 923/1/922 919/1/918
f 920/1/919 919/1/918 923/1/922
f 925/1/924 926/1/927 927/1/925
f 909/1/908 927/1/925 926/1/927
f 896/1/895 900/1/901 927/1/925
f 928/1/926 927/1/925 900/1/901
f 929/1/928 930/1/934 922/1/921
f 910/1/909 926/1/927 929/1/928
f 899/1/898 906/1/905 931/1/929
f 932/1/930 931/1/929 906/1/905
f 928/1/926 931/1/929 934/1/932
f 918/1/917 917/1/916 939/1/938
f 941/1/940 939/1/938 917/1/916
f 924/1/923 923/1/922 939/1/938
f 940/1/939 939/1/938 923/1/922
f 874/1/873 873/1/872 942/1/941
f 943/1/942 942/1/941 873/1/872
f 944/1/943 945/1/944 942/1/941
f 904/1/903 942/1/941 945/1/944
f 905/1/904 945/1/944 946/1/945
f 947/1/946 946/1/945 945/1/944
f 948/1/947 949/1/948 946/1/945
f 932/1/930 946/1/945 949/1/948
f 948/1/947 947/1/946 950/1/949
f 953/1/952 954/1/953 950/1/949
f 951/1/950 950/1/949 954/1/953
f 956/1/955 957/1/958 958/1/956
f 940/1/939 958/1/956 957/1/958
f 922/1/921 938/1/937 958/1/956
f 959/1/957 958/1/956 938/1/937
f 937/1/936 936/1/935 960/1/959
f 949/1/948 960/1/959 936/1/935
f 948/1/947 961/1/960 960/1/959
f 959/1/957 960/1/959 961/1/960
f 829/1/829 962/1/963 963/1/961
f 964/1/962 963/1/961 962/1/963
f 837/1/965 836/1/836 963/1/961
f 828/1/827 963/1/961 836/1/836
f 966/1/966 967/1/969 968/1/967
f 951/1/950 968/1/967 961/1/960
f 965/1/964 962/1/963 970/1/970
f 971/1/971 970/1/970 957/1/958
f 971/1/971 972/1/973 973/1/972
f 956/1/955 967/1/969 972/1/973
f 966/1/966 973/1/972 972/1/973
f 974/1/974 975/1/977 976/1/975
f 339/1/337 976/1/975 975/1/977
f 343/1/342 978/1/978 976/1/975
f 977/1/976 976/1/975 978/1/978
f 979/1/979 978/1/978 980/1/980
f 345/1/344 980/1/980 978/1/978
f 347/1/346 982/1/982 980/1/980
f 981/1/981 980/1/980 982/1/982
f 984/1/984 985/1/987 986/1/985
f 982/1/982 986/1/985 985/1/987
f 349/1/348 986/1/985 982/1/982
f 351/1/350 987/1/986 986/1/985
f 984/1/984 987/1/986 988/1/988
f 353/1/352 988/1/988 987/1/986
f 355/1/354 990/1/990 988/1/988
f 989/1/989 988/1/988 990/1/990
f 991/1/991 990/1/990 992/1/992
f 357/1/356 992/1/992 990/1/990
f 359/1/358 994/1/994 992/1/992
f 993/1/993 992/1/992 994/1/994
f 995/1/995 994/1/994 996/1/996
f 361/1/360 996/1/996 994/1/994
f 363/1/362 998/1/998 996/1/996
f 997/1/997 996/1/996 998/1/998
f 999/1/999 998/1/998 1000/1/1000
f 365/1/364 1000/1/1000 998/1/998
f 367/1/366 1002/1/1002 1000/1/1000
f 1001/1/1001 1000/1/1000 1002/1/1002
f 1003/1/1003 1002/1/1002 1004/1/1004
f 369/1/368 1004/1/1004 1002/1/1002
f 371/1/370 1006/1/1006 1004/1/1004
f 1005/1/1005 1004/1/1004 1006/1/1006
f 1008/1/1008 1009/1/1011 1010/1/1009
f 1006/1/1006 1010/1/1009 1009/1/1011
f 373/1/372 1010/1/1009 1006/1/1006
f 375/1/374 1011/1/1010 1010/1/1009
f 1012/1/1012 1013/1/1017 1014/1/1013
f 1009/1/1011 1013/1/1017 1012/1/1012
f 1016/1/1015 1013/1/1017 1009/1/1011
f 1017/1/1016 1014/1/1013 1013/1/1017
f 1018/1/1018 1019/1/1022 1020/1/1019
f 1022/1/1021 1020/1/1019 1019/1/1022
f 974/1/974 977/1/976 1020/1/1019
f 1021/1/1020 1020/1/1019 977/1/976
f 1024/1/1024 1025/1/1027 1026/1/1025
f 1021/1/1020 1026/1/1025 1025/1/1027
f 979/1/979 981/1/981 1026/1/1025
f 1027/1/1026 1026/1/1025 981/1/981
f 1028/1/1028 1029/1/1031 1030/1/1029
f 1027/1/1026 1030/1/1029 1029/1/1031
f 983/1/983 985/1/987 1030/1/1029
f 1031/1/1030 1030/1/1029 985/1/987
f 1032/1/1032 1033/1/1035 1034/1/1033
f 1031/1/1030 1034/1/1033 1033/1/1035
f 984/1/984 989/1/989 1034/1/1033
f 1034/1/1033 989/1/989 991/1/991
f 1036/1/1036 1037/1/1039 1038/1/1037
f 1035/1/1034 1038/1/1037 1037/1/1039
f 993/1/993 1038/1/1037 1035/1/1034
f 995/1/995 1039/1/1038 1038/1/1037
f 1040/1/1040 1041/1/1043 1042/1/1041
f 1039/1/1038 1042/1/1041 1041/1/1043
f 997/1/997 1042/1/1041 1039/1/1038
f 999/1/999 1043/1/1042 1042/1/1041
f 1040/1/1040 1043/1/1042 1044/1/1044
f 1001/1/1001 1044/1/1044 1043/1/1042
f 1003/1/1003 1046/1/1046 1044/1/1044
f 1045/1/1045 1044/1/1044 1046/1/1046
f 1047/1/1047 1046/1/1046 1051/1/1051
f 1005/1/1005 1051/1/1051 1046/1/1046
f 1048/1/1048 1051/1/1051 1005/1/1005
f 1049/1/1049 1048/1/1048 1052/1/1052
f 1012/1/1012 1052/1/1052 1048/1/1048
f 1015/1/1014 1054/1/1054 1052/1/1052
f 1053/1/1053 1052/1/1052 1054/1/1054
f 1023/1/1023 1019/1/1022 1056/1/1056
f 1058/1/1058 1056/1/1056 1019/1/1022
f 1059/1/1059 1060/1/1060 1056/1/1056
f 1057/1/1057 1056/1/1056 1060/1/1060
f 1018/1/1018 1025/1/1027 1062/1/1062
f 1063/1/1063 1062/1/1062 1025/1/1027
f 1064/1/1064 1065/1/1065 1062/1/1062
f 1058/1/1058 1062/1/1062 1065/1/1065
f 1024/1/1024 1029/1/1031 1066/1/1066
f 1067/1/1067 1066/1/1066 1029/1/1031
f 1068/1/1068 1069/1/1069 1066/1/1066
f 1063/1/1063 1066/1/1066 1069/1/1069
f 1028/1/1028 1033/1/1035 1070/1/1070
f 1071/1/1071 1070/1/1070 1033/1/1035
f 1072/1/1072 1073/1/1073 1070/1/1070
f 1067/1/1067 1070/1/1070 1073/1/1073
f 1074/1/1074 1075/1/1078 1076/1/1075
f 1078/1/1077 1076/1/1075 1075/1/1078
f 1061/1/1061 1060/1/1060 1076/1/1075
f 1077/1/1076 1076/1/1075 1060/1/1060
f 1080/1/1080 1081/1/1083 1082/1/1081
f 1077/1/1076 1081/1/1083 1080/1/1080
f 1059/1/1059 1065/1/1065 1081/1/1083
f 1082/1/1081 1081/1/1083 1065/1/1065
f 1084/1/1084 1085/1/1087 1086/1/1085
f 1083/1/1082 1082/1/1081 1085/1/1087
f 1064/1/1064 1069/1/1069 1085/1/1087
f 1086/1/1085 1085/1/1087 1069/1/1069
f 1088/1/1088 1089/1/1310 1090/1/1089
f 1092/1/1091 1093/1/1093 1091/1/1090
f 1094/1/1092 1091/1/1090 1093/1/1093
f 1088/1/1088 1091/1/1090 1094/1/1092
f 1096/1/1095 1094/1/1092 1097/1/1096
f 1099/1/1098 1097/1/1096 1094/1/1092
f 1100/1/1099 1101/1/1100 1097/1/1096
f 1098/1/1097 1097/1/1096 1101/1/1100
f 1102/1/1101 1101/1/1100 1103/1/1102
f 1105/1/1104 1103/1/1102 1101/1/1100
f 1106/1/1105 1107/1/1106 1103/1/1102
f 1104/1/1103 1103/1/1102 1107/1/1106
f 1108/1/1107 1107/1/1106 1109/1/1108
f 1111/1/1110 1109/1/1108 1107/1/1106
f 1112/1/1111 1113/1/1112 1109/1/1108
f 1110/1/1109 1109/1/1108 1113/1/1112
f 1114/1/1113 1113/1/1112 1115/1/1114
f 1117/1/1116 1115/1/1114 1113/1/1112
f 1118/1/1117 1119/1/1118 1115/1/1114
f 1116/1/1115 1115/1/1114 1119/1/1118
f 1120/1/1119 1119/1/1118 1121/1/1120
f 1123/1/1122 1121/1/1120 1119/1/1118
f 1124/1/1123 1125/1/1124 1121/1/1120
f 1122/1/1121 1121/1/1120 1125/1/1124
f 1127/1/1126 1128/1/1131 1129/1/1127
f 1129/1/1127 1126/1/1125 1125/1/1124
f 1131/1/1129 1130/1/1128 1125/1/1124
f 1132/1/1130 1127/1/1126 1130/1/1128
f 1128/1/1131 1127/1/1126 1133/1/1132
f 1135/1/1134 1133/1/1132 1127/1/1126
f 1136/1/1135 1137/1/1136 1133/1/1132
f 1134/1/1133 1133/1/1132 1137/1/1136
f 1139/1/1138 1140/1/1141 1141/1/1139
f 1137/1/1136 1141/1/1139 1140/1/1141
f 1143/1/1142 1141/1/1139 1137/1/1136
f 1144/1/1143 1142/1/1140 1141/1/1139
f 1145/1/1144 1139/1/1138 1142/1/1140
f 1147/1/1146 1146/1/1145 1142/1/1140
f 1148/1/1147 1149/1/1148 1146/1/1145
f 1145/1/1144 1146/1/1145 1149/1/1148
f 1151/1/1150 1152/1/1153 1153/1/1151
f 1152/1/1153 1155/1/1155 1156/1/1154
f 1099/1/1098 1153/1/1151 1156/1/1154
f 1154/1/1152 1153/1/1151 1099/1/1098
f 1155/1/1155 1157/1/1158 1158/1/1156
f 1080/1/1080 1158/1/1156 1157/1/1158
f 1083/1/1082 1160/1/1159 1158/1/1156
f 1159/1/1157 1158/1/1156 1160/1/1159
f 1161/1/1160 1162/1/1162 1163/1/1161
f 1105/1/1104 1163/1/1161 1162/1/1162
f 1100/1/1099 1156/1/1154 1163/1/1161
f 1159/1/1157 1163/1/1161 1156/1/1154
f 1161/1/1160 1160/1/1159 1164/1/1163
f 1084/1/1084 1164/1/1163 1160/1/1159
f 1087/1/1086 1166/1/1165 1164/1/1163
f 1165/1/1164 1164/1/1163 1166/1/1165
f 1167/1/1166 1168/1/1168 1169/1/1167
f 1111/1/1110 1169/1/1167 1168/1/1168
f 1106/1/1105 1162/1/1162 1169/1/1167
f 1165/1/1164 1169/1/1167 1162/1/1162
f 1170/1/1169 1171/1/1172 1172/1/1170
f 1117/1/1116 1172/1/1170 1171/1/1172
f 1112/1/1111 1168/1/1168 1172/1/1170
f 1173/1/1171 1172/1/1170 1168/1/1168
f 1123/1/1122 1174/1/1174 1175/1/1173
f 1118/1/1117 1171/1/1172 1174/1/1174
f 1176/1/1175 1174/1/1174 1171/1/1172
f 1177/1/1176 1175/1/1173 1174/1/1174
f 1178/1/1177 1179/1/1180 1180/1/1178
f 1131/1/1129 1180/1/1178 1179/1/1180
f 1124/1/1123 1175/1/1173 1180/1/1178
f 1181/1/1179 1180/1/1178 1175/1/1173
f 1182/1/1181 1183/1/1184 1184/1/1182
f 1135/1/1134 1184/1/1182 1183/1/1184
f 1132/1/1130 1179/1/1180 1184/1/1182
f 1185/1/1183 1184/1/1182 1179/1/1180
f 1186/1/1185 1187/1/1188 1188/1/1186
f 1143/1/1142 1188/1/1186 1187/1/1188
f 1136/1/1135 1183/1/1184 1188/1/1186
f 1189/1/1187 1188/1/1186 1183/1/1184
f 1193/1/1192 1190/1/1189 1194/1/1193
f 1151/1/1150 1195/1/1194 1190/1/1189
f 1191/1/1190 1190/1/1189 1195/1/1194
f 1095/1/1094 1093/1/1093 1197/1/1196
f 1198/1/1197 1197/1/1196 1093/1/1093
f 1196/1/1195 1195/1/1194 1197/1/1196
f 1154/1/1152 1197/1/1196 1195/1/1194
f 1079/1/1079 1075/1/1078 1199/1/1198
f 1157/1/1158 1199/1/1198 1075/1/1078
f 1155/1/1155 1152/1/1153 1199/1/1198
f 1193/1/1192 1199/1/1198 1152/1/1153
f 393/1/392 390/1/391 1200/1/1199
f 387/1/386 1200/1/1199 390/1/391
f 20/1/19 1202/1/1201 1200/1/1199
f 1201/1/1200 1200/1/1199 1202/1/1201
f 1202/1/1201 1204/1/1204 1205/1/1203
f 19/1/20 1204/1/1204 1202/1/1201
f 18/1/18 52/1/51 1204/1/1204
f 1205/1/1203 1204/1/1204 52/1/51
f 392/1/390 1207/1/1206 583/1/582
f 393/1/392 1208/1/1208 1207/1/1206
f 1209/1/1207 1206/1/1205 1207/1/1206
f 51/1/599 599/1/598 1213/1/1212
f 1214/1/1213 1215/1/1216 1216/1/1214
f 393/1/392 1201/1/1200 1216/1/1214
f 1217/1/1215 1216/1/1214 1201/1/1200
f 1217/1/1215 1218/1/1218 1219/1/1217
f 1203/1/1202 1212/1/1211 1218/1/1218
f 1211/1/1210 1219/1/1217 1218/1/1218
f 584/1/583 1206/1/1205 1220/1/1219
f 1222/1/1221 1223/1/1222 1220/1/1219
f 591/1/590 1220/1/1219 1223/1/1222
f 1211/1/1210 1210/1/1209 1224/1/1223
f 611/1/612 1224/1/1223 1210/1/1209
f 604/1/604 1226/1/1225 1224/1/1223
f 1225/1/1224 1224/1/1223 1226/1/1225
f 1228/1/1227 1229/1/1230 1230/1/1228
f 1221/1/1220 1230/1/1228 1229/1/1230
f 1209/1/1207 1215/1/1216 1230/1/1228
f 1231/1/1229 1230/1/1228 1215/1/1216
f 1214/1/1213 1219/1/1217 1232/1/1231
f 1225/1/1224 1232/1/1231 1219/1/1217
f 1227/1/1226 1233/1/1232 1232/1/1231
f 1231/1/1229 1232/1/1231 1233/1/1232
f 1226/1/1225 604/1/604 602/1/603
f 1235/1/1234 1234/1/1233 602/1/603
f 1236/1/1235 1234/1/1233 1235/1/1234
f 1227/1/1226 1226/1/1225 1234/1/1233
f 1238/1/1237 1239/1/1240 1240/1/1238
f 587/1/586 1240/1/1238 1239/1/1240
f 589/1/588 1223/1/1222 1240/1/1238
f 1241/1/1239 1240/1/1238 1223/1/1222
f 1222/1/1221 1229/1/1230 1242/1/1241
f 1243/1/1242 1242/1/1241 1229/1/1230
f 1244/1/1243 1245/1/1244 1242/1/1241
f 1241/1/1239 1242/1/1241 1245/1/1244
f 1228/1/1227 1233/1/1232 1246/1/1245
f 1236/1/1235 1246/1/1245 1233/1/1232
f 1237/1/1236 1247/1/1246 1246/1/1245
f 1243/1/1242 1246/1/1245 1247/1/1246
f 435/1/434 579/1/577 1248/1/1247
f 1238/1/1237 1250/1/1249 1248/1/1247
f 1249/1/1248 1248/1/1247 1250/1/1249
f 1251/1/1250 1252/1/1252 1253/1/1251
f 432/1/431 436/1/437 1253/1/1251
f 1249/1/1248 1253/1/1251 436/1/437
f 1237/1/1236 1235/1/1234 1254/1/1253
f 1256/1/1255 1254/1/1253 594/1/593
f 1255/1/1254 1254/1/1253 1256/1/1255
f 1258/1/1257 1259/1/1260 1260/1/1258
f 1250/1/1249 1260/1/1258 1259/1/1260
f 1238/1/1237 1245/1/1244 1260/1/1258
f 1261/1/1259 1260/1/1258 1245/1/1244
f 1244/1/1243 1247/1/1246 1262/1/1261
f 1255/1/1254 1262/1/1261 1247/1/1246
f 1257/1/1256 1263/1/1262 1262/1/1261
f 432/1/431 1252/1/1252 1264/1/1263
f 1265/1/1264 1264/1/1263 1252/1/1252
f 1266/1/1265 1267/1/1266 1264/1/1263
f 433/1/432 1264/1/1263 1267/1/1266
f 1268/1/1267 1269/1/1270 1270/1/1268
f 1256/1/1255 1270/1/1268 1269/1/1270
f 341/1/340 337/1/339 1270/1/1268
f 1271/1/1269 1270/1/1268 337/1/339
f 1266/1/1265 1265/1/1264 1272/1/1271
f 1259/1/1260 1272/1/1271 1265/1/1264
f 1272/1/1271 1259/1/1260 1258/1/1257
f 1273/1/1272 1272/1/1271 1274/1/1273
f 1258/1/1257 1263/1/1262 1276/1/1275
f 1263/1/1262 1257/1/1256 1269/1/1270
f 1277/1/1276 1276/1/1275 1269/1/1270
f 1274/1/1273 1276/1/1275 1277/1/1276
f 1278/1/1277 1279/1/1280 1280/1/1278
f 430/1/428 1279/1/1280 1278/1/1277
f 434/1/433 1282/1/1282 1279/1/1280
f 1283/1/1281 1280/1/1278 1279/1/1280
f 1284/1/1283 1285/1/1286 1286/1/1284
f 1271/1/1269 1286/1/1284 1285/1/1286
f 336/1/335 975/1/977 1286/1/1284
f 1287/1/1285 1286/1/1284 975/1/977
f 434/1/433 1267/1/1266 1288/1/1287
f 1266/1/1265 1289/1/1288 1288/1/1287
f 1282/1/1282 1288/1/1287 1289/1/1288
f 1292/1/1291 1290/1/1289 1280/1/1278
f 1293/1/1292 1294/1/1293 1290/1/1289
f 1291/1/1290 1290/1/1289 1294/1/1293
f 1196/1/1195 1295/1/1295 1296/1/1294
f 1291/1/1290 1192/1/1191 1191/1/1190
f 1287/1/1285 1297/1/1297 1298/1/1296
f 974/1/974 1022/1/1021 1297/1/1297
f 1023/1/1023 1299/1/1298 1297/1/1297
f 1298/1/1296 1297/1/1297 1299/1/1298
f 1300/1/1299 1301/1/1300 1294/1/1293
f 1284/1/1283 1298/1/1296 1301/1/1300
f 1294/1/1293 1301/1/1300 1298/1/1296
f 1023/1/1023 1057/1/1057 1302/1/1301
f 1078/1/1077 1302/1/1301 1057/1/1057
f 1079/1/1079 1194/1/1193 1302/1/1301
f 1268/1/1267 1285/1/1286 1303/1/1302
f 1300/1/1299 1303/1/1302 1285/1/1286
f 1293/1/1292 1304/1/1303 1303/1/1302
f 1277/1/1276 1303/1/1302 1304/1/1303
f 1283/1/1281 1289/1/1288 1305/1/1304
f 1273/1/1272 1305/1/1304 1289/1/1288
f 1275/1/1274 1304/1/1303 1305/1/1304
f 1292/1/1291 1305/1/1304 1304/1/1303
f 1198/1/1197 1306/1/1305 1295/1/1295
f 1092/1/1091 1308/1/1307 1306/1/1305
f 1307/1/1306 1306/1/1305 1308/1/1307
f 1090/1/1089 1310/1/1312 1308/1/1307
f 1311/1/1309 1310/1/1312 1090/1/1089
f 1312/1/1311 1313/1/1313 1310/1/1312
f 1308/1/1307 1310/1/1312 1313/1/1313
f 1314/1/1314 1315/1/1317 1316/1/1315
f 400/1/399 403/1/401 1315/1/1317
f 408/1/407 1318/1/1318 1315/1/1317
f 1316/1/1315 1315/1/1317 1318/1/1318
f 1319/1/1319 1318/1/1318 1320/1/1320
f 410/1/409 1320/1/1320 1318/1/1318
f 414/1/413 1322/1/1322 1320/1/1320
f 1321/1/1321 1320/1/1320 1322/1/1322
f 420/1/419 1324/1/1326 1325/1/1324
f 1326/1/1325 1325/1/1324 1324/1/1326
f 1323/1/1323 1322/1/1322 1325/1/1324
f 416/1/415 1325/1/1324 1322/1/1322
f 426/1/425 428/1/430 1328/1/1328
f 1329/1/1329 1328/1/1328 428/1/430
f 1327/1/1327 1324/1/1326 1328/1/1328
f 422/1/421 1328/1/1328 1324/1/1326
f 427/1/426 1278/1/1277 1330/1/1330
f 1307/1/1306 1330/1/1330 1278/1/1277
f 1309/1/1308 1331/1/1331 1330/1/1330
f 1329/1/1329 1330/1/1330 1331/1/1331
f 1332/1/1332 1333/1/1335 1334/1/1333
f 1326/1/1325 1334/1/1333 1333/1/1335
f 1335/1/1334 1334/1/1333 1336/1/1336
f 1331/1/1331 1338/1/1339 1336/1/1336
f 1339/1/1338 1338/1/1339 1331/1/1331
f 1337/1/1337 1336/1/1336 1338/1/1339
f 1340/1/1340 1341/1/1343 1342/1/1341
f 1339/1/1338 1342/1/1341 1341/1/1343
f 1337/1/1337 1341/1/1343 1344/1/1344
f 1346/1/1346 1347/1/1347 1344/1/1344
f 1335/1/1334 1344/1/1344 1347/1/1347
f 1348/1/1348 1349/1/1351 1350/1/1349
f 870/1/868 1350/1/1349 1349/1/1351
f 871/1/870 1352/1/1352 1350/1/1349
f 1351/1/1350 1350/1/1349 1352/1/1352
f 1354/1/1354 1355/1/1357 1356/1/1355
f 943/1/942 1356/1/1355 1355/1/1357
f 872/1/871 1349/1/1351 1356/1/1355
f 1357/1/1356 1356/1/1355 1349/1/1351
f 944/1/943 1355/1/1357 1358/1/1358
f 1359/1/1359 1358/1/1358 1355/1/1357
f 1360/1/1360 1361/1/1361 1358/1/1358
f 952/1/951 1358/1/1358 1361/1/1361
f 953/1/952 1361/1/1361 1362/1/1362
f 1364/1/1364 1365/1/1365 1362/1/1362
f 954/1/953 1362/1/1362 1365/1/1365
f 955/1/954 1365/1/1365 1366/1/1366
f 1367/1/1367 1366/1/1366 1365/1/1365
f 1368/1/1368 1369/1/1369 1366/1/1366
f 969/1/968 1366/1/1366 1369/1/1369
f 973/1/972 1370/1/1370 1373/1/1373
f 966/1/966 1369/1/1369 1370/1/1370
f 1371/1/1371 1370/1/1370 1369/1/1369
f 1373/1/1373 1374/1/1376 964/1/962
f 1375/1/1374 1374/1/1376 1373/1/1373
f 1376/1/1375 1377/1/1377 1374/1/1376
f 837/1/965 964/1/962 1374/1/1376
f 1376/1/1375 1378/1/1380 1379/1/1378
f 1380/1/1379 1379/1/1378 1378/1/1380
f 841/1/840 838/1/837 1379/1/1378
f 1377/1/1377 1379/1/1378 838/1/837
f 849/1/848 848/1/847 1382/1/1382
f 1380/1/1379 1382/1/1382 848/1/847
f 1381/1/1381 1384/1/1384 1382/1/1382
f 1383/1/1383 1382/1/1382 1384/1/1384
f 1386/1/1386 857/1/855 849/1/848
f 1385/1/1385 1387/1/1388 1386/1/1386
f 1388/1/1387 1386/1/1386 1387/1/1388
f 857/1/855 1386/1/1386 1388/1/1387
f 862/1/860 865/1/862 1390/1/1390
f 854/1/853 1388/1/1387 1390/1/1390
f 1389/1/1389 1392/1/1392 1390/1/1390
f 1391/1/1391 1390/1/1390 1392/1/1392
f 1364/1/1364 1394/1/1396 1395/1/1394
f 1396/1/1395 1395/1/1394 1394/1/1396
f 1398/1/1398 1399/1/1399 1395/1/1394
f 1367/1/1367 1395/1/1394 1399/1/1399
f 1368/1/1368 1399/1/1399 1400/1/1400
f 1401/1/1401 1400/1/1400 1399/1/1399
f 1402/1/1402 1403/1/1403 1400/1/1400
f 1371/1/1371 1400/1/1400 1403/1/1403
f 1372/1/1372 1403/1/1403 1404/1/1404
f 1405/1/1405 1404/1/1404 1403/1/1403
f 1406/1/1406 1407/1/1407 1404/1/1404
f 1375/1/1374 1404/1/1404 1407/1/1407
f 1376/1/1375 1407/1/1407 1408/1/1408
f 1409/1/1409 1408/1/1408 1407/1/1407
f 1410/1/1410 1408/1/1408 1409/1/1409
f 1381/1/1381 1378/1/1380 1408/1/1408
f 1385/1/1385 1384/1/1384 1412/1/1412
f 1410/1/1410 1412/1/1412 1384/1/1384
f 1411/1/1411 1414/1/1414 1412/1/1412
f 1413/1/1413 1412/1/1412 1414/1/1414
f 1389/1/1389 1387/1/1388 1416/1/1416
f 1413/1/1413 1416/1/1416 1387/1/1388
f 1415/1/1415 1418/1/1418 1416/1/1416
f 1393/1/1393 1392/1/1392 1420/1/1420
f 1417/1/1417 1420/1/1420 1392/1/1392
f 1419/1/1419 1422/1/1422 1420/1/1420
f 1421/1/1421 1420/1/1420 1422/1/1422
f 773/1/773 789/1/789 1424/1/1424
f 1425/1/1425 1424/1/1424 789/1/789
f 1426/1/1426 1427/1/1427 1424/1/1424
f 771/1/771 1424/1/1424 1427/1/1427
f 791/1/791 799/1/799 1428/1/1428
f 1430/1/1430 1428/1/1428 799/1/799
f 1431/1/1431 1432/1/1432 1428/1/1428
f 1429/1/1429 1428/1/1428 1432/1/1432
f 1434/1/1434 1435/1/1437 1436/1/1435
f 792/1/792 1436/1/1435 1435/1/1437
f 1429/1/1429 1436/1/1435 792/1/792
f 1429/1/1429 1433/1/1433 1437/1/1436
f 769/1/769 1427/1/1427 1439/1/1439
f 1440/1/1440 1439/1/1439 1427/1/1427
f 1442/1/1442 1443/1/1445 1444/1/1443
f 1425/1/1425 1444/1/1443 1443/1/1445
f 793/1/793 1435/1/1437 1444/1/1443
f 1434/1/1434 1445/1/1444 1444/1/1443
f 1446/1/1446 1447/1/1449 1448/1/1447
f 1445/1/1444 1448/1/1447 1447/1/1449
f 1437/1/1436 1448/1/1447 1445/1/1444
f 1433/1/1433 1449/1/1448 1448/1/1447
f 1433/1/1433 1432/1/1432 1450/1/1450
f 1452/1/1452 1450/1/1450 1451/1/1451
f 1446/1/1446 1449/1/1448 1450/1/1450
f 797/1/797 825/1/825 1454/1/1454
f 1455/1/1455 1454/1/1454 1458/1/1458
f 860/1/864 1462/1/1462 1460/1/1460
f 863/1/863 1464/1/1464 1462/1/1462
f 862/1/860 1466/1/1466 1464/1/1464
f 1465/1/1465 1464/1/1464 1466/1/1466
f 1467/1/1467 1466/1/1466 1468/1/1468
f 1391/1/1391 1468/1/1468 1466/1/1466
f 1393/1/1393 1470/1/1470 1468/1/1468
f 1469/1/1469 1468/1/1468 1470/1/1470
f 1472/1/1472 1473/1/1474 1421/1/1421
f 1474/1/1473 1475/1/1475 1473/1/1474
f 1471/1/1471 1470/1/1470 1473/1/1474
f 1471/1/1471 1475/1/1475 1476/1/1476
f 1478/1/1478 1476/1/1476 1475/1/1475
f 1479/1/1479 1480/1/1480 1476/1/1476
f 1483/1/1483 1482/1/1482 1484/1/1484
f 1469/1/1469 1482/1/1482 1483/1/1483
f 1471/1/1471 1477/1/1477 1482/1/1482
f 1485/1/1485 1484/1/1484 1486/1/1486
f 1480/1/1480 1486/1/1486 1484/1/1484
f 1479/1/1479 1488/1/1488 1486/1/1486
f 1487/1/1487 1486/1/1486 1488/1/1488
f 1467/1/1467 1483/1/1483 1490/1/1490
f 1491/1/1491 1490/1/1490 1483/1/1483
f 1492/1/1492 1493/1/1493 1490/1/1490
f 1465/1/1465 1490/1/1490 1493/1/1493
f 1479/1/1479 1478/1/1478 1494/1/1494
f 1474/1/1473 1496/1/1496 1494/1/1494
f 1495/1/1495 1494/1/1494 1496/1/1496
f 1492/1/1492 1491/1/1491 1498/1/1498
f 1487/1/1487 1498/1/1498 1491/1/1491
f 1489/1/1489 1500/1/1500 1498/1/1498
f 1499/1/1499 1498/1/1498 1500/1/1500
f 1489/1/1489 1488/1/1488 1502/1/1502
f 1495/1/1495 1502/1/1502 1488/1/1488
f 1497/1/1497 1503/1/1503 1502/1/1502
f 1501/1/1501 1500/1/1500 1502/1/1502
f 197/1/196 196/1/195 1504/1/1504
f 1505/1/1505 1504/1/1504 196/1/195
f 1506/1/1506 1507/1/1507 1504/1/1504
f 216/1/215 1504/1/1504 1507/1/1507
f 219/1/218 218/1/217 1508/1/1508
f 1509/1/1509 1508/1/1508 218/1/217
f 1510/1/1510 1511/1/1511 1508/1/1508
f 226/1/225 1508/1/1508 1511/1/1511
f 1512/1/1512 1513/1/1515 1514/1/1513
f 233/1/231 1514/1/1513 1513/1/1515
f 227/1/226 1511/1/1511 1514/1/1513
f 1515/1/1514 1514/1/1513 1511/1/1511
f 81/1/80 1516/1/1518 1517/1/1516
f 1518/1/1517 1517/1/1516 1516/1/1518
f 1505/1/1505 1517/1/1516 1518/1/1517
f 76/1/75 79/1/77 1517/1/1516
f 217/1/216 1507/1/1507 1520/1/1520
f 1521/1/1521 1520/1/1520 1507/1/1507
f 1522/1/1522 1523/1/1523 1520/1/1520
f 1509/1/1509 1520/1/1520 1523/1/1523
f 1510/1/1510 1523/1/1523 1524/1/1524
f 1525/1/1525 1524/1/1524 1523/1/1523
f 1526/1/1526 1527/1/1527 1524/1/1524
f 1515/1/1514 1524/1/1524 1527/1/1527
f 1519/1/1519 1528/1/1530 1529/1/1528
f 1530/1/1529 1529/1/1528 1528/1/1530
f 1518/1/1517 1529/1/1528 1521/1/1521
f 1519/1/1519 1516/1/1518 1532/1/1532
f 116/1/114 1532/1/1532 1516/1/1518
f 117/1/116 1534/1/1534 1532/1/1532
f 1533/1/1533 1532/1/1532 1534/1/1534
f 1526/1/1526 1525/1/1525 1536/1/1536
f 1530/1/1529 1536/1/1536 1525/1/1525
f 1531/1/1531 1538/1/1538 1536/1/1536
f 1537/1/1537 1536/1/1536 1538/1/1538
f 1540/1/1540 1541/1/1543 725/1/725
f 1542/1/1541 1541/1/1543 1540/1/1540
f 1535/1/1535 1534/1/1534 1541/1/1543
f 725/1/725 1541/1/1543 1534/1/1534
f 1531/1/1531 1528/1/1530 1544/1/1544
f 1535/1/1535 1546/1/1546 1544/1/1544
f 1545/1/1545 1544/1/1544 1546/1/1546
f 1539/1/1539 1538/1/1538 1548/1/1548
f 1545/1/1545 1548/1/1548 1538/1/1538
f 1547/1/1547 1550/1/1550 1548/1/1548
f 1549/1/1549 1548/1/1548 1550/1/1550
f 730/1/729 1552/1/1554 1553/1/1552
f 1554/1/1553 1553/1/1552 1552/1/1554
f 1543/1/1542 1540/1/1540 1553/1/1552
f 731/1/731 1553/1/1552 1540/1/1540
f 1547/1/1547 1546/1/1546 1556/1/1556
f 1542/1/1541 1556/1/1556 1546/1/1546
f 1543/1/1542 1558/1/1558 1556/1/1556
f 1557/1/1557 1556/1/1556 1558/1/1558
f 1559/1/1559 1560/1/1562 1561/1/1560
f 1562/1/1561 1561/1/1560 1560/1/1562
f 1551/1/1551 1550/1/1550 1561/1/1560
f 1557/1/1557 1561/1/1560 1550/1/1550
f 734/1/733 1564/1/1564 1552/1/1554
f 735/1/735 1566/1/1566 1564/1/1564
f 1565/1/1565 1564/1/1564 1566/1/1566
f 1569/1/1569 1568/1/1568 1554/1/1553
f 1570/1/1570 1571/1/1571 1568/1/1568
f 1559/1/1559 1558/1/1558 1568/1/1568
f 1563/1/1563 1560/1/1562 1572/1/1572
f 1571/1/1571 1572/1/1572 1560/1/1562
f 1570/1/1570 1574/1/1574 1572/1/1572
f 1570/1/1570 1569/1/1569 1576/1/1576
f 1565/1/1565 1576/1/1576 1569/1/1569
f 1567/1/1567 1578/1/1578 1576/1/1576
f 1577/1/1577 1576/1/1576 1578/1/1578
f 1577/1/1577 1580/1/1580 1574/1/1574
f 1579/1/1579 1582/1/1582 1580/1/1580
f 1581/1/1581 1580/1/1580 1582/1/1582
f 1585/1/1585 1584/1/1584 1588/1/1588
f 494/1/493 1591/1/1591 1586/1/1586
f 496/1/495 1592/1/1592 1591/1/1591
f 1587/1/1587 1590/1/1590 1594/1/1594
f 1596/1/1596 1594/1/1594 1590/1/1590
f 1597/1/1597 1598/1/1598 1594/1/1594
f 1595/1/1595 1594/1/1594 1598/1/1598
f 496/1/495 516/1/517 1600/1/1600
f 1601/1/1601 1600/1/1600 516/1/517
f 1602/1/1602 1603/1/1603 1600/1/1600
f 1592/1/1592 1600/1/1600 1603/1/1603
f 1604/1/1604 1605/1/1605 1602/1/1602
f 1604/1/1604 1601/1/1601 515/1/514
f 528/1/529 527/1/526 1605/1/1605
f 1593/1/1593 1603/1/1603 1606/1/1606
f 1607/1/1607 1606/1/1606 1603/1/1603
f 1608/1/1608 1609/1/1609 1606/1/1606
f 1596/1/1596 1606/1/1606 1609/1/1609
f 1610/1/1610 1611/1/1613 1612/1/1611
f 1605/1/1605 1612/1/1611 1611/1/1613
f 527/1/526 533/1/533 1612/1/1611
f 1613/1/1612 1612/1/1611 533/1/533
f 1602/1/1602 1611/1/1613 1614/1/1614
f 1616/1/1616 1617/1/1617 1614/1/1614
f 1607/1/1607 1614/1/1614 1617/1/1617
f 1610/1/1610 1613/1/1612 1618/1/1618
f 524/1/523 521/1/522 1618/1/1618
f 405/1/404 1620/1/1620 1618/1/1618
f 1619/1/1619 1618/1/1618 1620/1/1620
f 1622/1/1622 1623/1/1626 1624/1/1623
f 1626/1/1625 1624/1/1623 1623/1/1626
f 1628/1/1628 1629/1/1629 1624/1/1623
f 1625/1/1624 1624/1/1623 1629/1/1629
f 1630/1/1630 1631/1/1633 1632/1/1631
f 1625/1/1624 1632/1/1631 1631/1/1633
f 1599/1/1599 1598/1/1598 1632/1/1631
f 1633/1/1632 1632/1/1631 1598/1/1598
f 1634/1/1634 1635/1/1637 1636/1/1635
f 1633/1/1632 1636/1/1635 1635/1/1637
f 1597/1/1597 1609/1/1609 1636/1/1635
f 1637/1/1636 1636/1/1635 1609/1/1609
f 1638/1/1638 1639/1/1641 1640/1/1639
f 1638/1/1638 1634/1/1634 1637/1/1636
f 1608/1/1608 1617/1/1617 1639/1/1641
f 1616/1/1616 1640/1/1639 1639/1/1641
f 1627/1/1627 1623/1/1626 1642/1/1642
f 1644/1/1644 1642/1/1642 1623/1/1626
f 1645/1/1645 1646/1/1646 1642/1/1642
f 1643/1/1643 1642/1/1642 1646/1/1646
f 1622/1/1622 1631/1/1633 1648/1/1648
f 1648/1/1648 1631/1/1633 1630/1/1630
f 1648/1/1648 1649/1/1649 1650/1/1650
f 1644/1/1644 1648/1/1648 1651/1/1651
f 1652/1/1652 1649/1/1649 1630/1/1630
f 1652/1/1652 1635/1/1637 1634/1/1634
f 1652/1/1652 1653/1/1653 1654/1/1654
f 1652/1/1652 1655/1/1655 1650/1/1650
f 1641/1/1640 1656/1/1662 1657/1/1656
f 1657/1/1656 1656/1/1662 1658/1/1657
f 1657/1/1656 1659/1/1658 1654/1/1654
f 1653/1/1653 1634/1/1634 1638/1/1638
f 1658/1/1657 1656/1/1662 1660/1/1659
f 1662/1/1661 1660/1/1659 1656/1/1662
f 1663/1/1663 1664/1/1664 1660/1/1659
f 1667/1/1667 1666/1/1666 1670/1/1670
f 1672/1/1672 1673/1/1675 1674/1/1673
f 1673/1/1675 1676/1/1677 1677/1/1676
f 1671/1/1671 1670/1/1670 1674/1/1673
f 1675/1/1674 1674/1/1673 1670/1/1670
f 1676/1/1677 1673/1/1675 1678/1/1678
f 1680/1/1680 1678/1/1678 1673/1/1675
f 1681/1/1681 1682/1/1682 1678/1/1678
f 1679/1/1679 1678/1/1678 1682/1/1682
f 1683/1/1683 1682/1/1682 1684/1/1684
f 1688/1/1688 1684/1/1684 1682/1/1682
f 1689/1/1689 1685/1/1685 1684/1/1684
f 1691/1/1691 1690/1/1690 1692/1/1692
f 1694/1/1694 1695/1/1695 1690/1/1690
f 1696/1/1696 1697/1/1698 1691/1/1691
f 1698/1/1697 1699/1/1700 1697/1/1698
f 1700/1/1699 1697/1/1698 1699/1/1700
f 1691/1/1691 1697/1/1698 1700/1/1699
f 1701/1/1701 1699/1/1700 1702/1/1702
f 1704/1/1704 1702/1/1702 1699/1/1700
f 1705/1/1705 1706/1/1706 1702/1/1702
f 1703/1/1703 1702/1/1702 1706/1/1706
f 1708/1/1708 1709/1/1709 1706/1/1706
f 1643/1/1643 1709/1/1709 1708/1/1708
f 1647/1/1647 1710/1/1710 1709/1/1709
f 1707/1/1707 1706/1/1706 1709/1/1709
f 1671/1/1671 1715/1/1715 1711/1/1711
f 1715/1/1715 1716/1/1720 1712/1/1712
f 1671/1/1671 1677/1/1676 1717/1/1716
f 1718/1/1717 1717/1/1716 1677/1/1676
f 1719/1/1718 1720/1/1719 1717/1/1716
f 1715/1/1715 1717/1/1716 1720/1/1719
f 1719/1/1718 1718/1/1717 1721/1/1721
f 1679/1/1679 1721/1/1721 1718/1/1717
f 1683/1/1683 1723/1/1725 1721/1/1721
f 1721/1/1721 1723/1/1725 1724/1/1723
f 1683/1/1683 1687/1/1687 1725/1/1724
f 1726/1/1726 1725/1/1724 1687/1/1687
f 1727/1/1727 1728/1/1728 1725/1/1724
f 1723/1/1725 1725/1/1724 1728/1/1728
f 1686/1/1686 1695/1/1695 1729/1/1729
f 1730/1/1730 1729/1/1729 1695/1/1695
f 1731/1/1731 1732/1/1732 1729/1/1729
f 1726/1/1726 1729/1/1729 1732/1/1732
f 1694/1/1694 1700/1/1699 1733/1/1733
f 1734/1/1734 1733/1/1733 1700/1/1699
f 1735/1/1735 1736/1/1736 1733/1/1733
f 1730/1/1730 1733/1/1733 1736/1/1736
f 1710/1/1710 1737/1/1740 1738/1/1737
f 1739/1/1738 1737/1/1740 1710/1/1710
f 1740/1/1739 1741/1/1742 1737/1/1740
f 1742/1/1741 1738/1/1737 1737/1/1740
f 1735/1/1735 1734/1/1734 1743/1/1743
f 1703/1/1703 1743/1/1743 1734/1/1734
f 1707/1/1707 1738/1/1737 1743/1/1743
f 1744/1/1744 1743/1/1743 1738/1/1737
f 1716/1/1720 1720/1/1719 1745/1/1745
f 1747/1/1747 1745/1/1745 1720/1/1719
f 1748/1/1748 1745/1/1745 1747/1/1747
f 1749/1/1749 1747/1/1747 1751/1/1751
f 1722/1/1722 1751/1/1751 1747/1/1747
f 1724/1/1723 1753/1/1753 1751/1/1751
f 1724/1/1723 1728/1/1728 1755/1/1755
f 1756/1/1756 1755/1/1755 1728/1/1728
f 1757/1/1757 1758/1/1758 1755/1/1755
f 1753/1/1753 1755/1/1755 1758/1/1758
f 1727/1/1727 1732/1/1732 1759/1/1759
f 1760/1/1760 1759/1/1759 1732/1/1732
f 1761/1/1761 1762/1/1762 1759/1/1759
f 1756/1/1756 1759/1/1759 1762/1/1762
f 1731/1/1731 1736/1/1736 1763/1/1763
f 1764/1/1764 1763/1/1763 1736/1/1736
f 1765/1/1765 1766/1/1766 1763/1/1763
f 1760/1/1760 1763/1/1763 1766/1/1766
f 1765/1/1765 1764/1/1764 1767/1/1767
f 1744/1/1744 1767/1/1767 1764/1/1764
f 1742/1/1741 1769/1/1769 1767/1/1767
f 1768/1/1768 1767/1/1767 1769/1/1769
f 1771/1/1771 1645/1/1645 1651/1/1651
f 1772/1/1772 1651/1/1651 1650/1/1650
f 1772/1/1772 1773/1/1773 1774/1/1774
f 1776/1/1776 1771/1/1771 1772/1/1772
f 1777/1/1777 1778/1/1780 1779/1/1778
f 1765/1/1765 1768/1/1768 1777/1/1777
f 1777/1/1777 1768/1/1768 1770/1/1770
f 1781/1/1781 1782/1/1792 1779/1/1778
f 1754/1/1754 1758/1/1758 1781/1/1781
f 1757/1/1757 1782/1/1792 1781/1/1781
f 1784/1/1783 1785/1/1786 1774/1/1774
f 1784/1/1783 1773/1/1773 1650/1/1650
f 1784/1/1783 1655/1/1655 1654/1/1654
f 1784/1/1783 1786/1/1784 1787/1/1785
f 1788/1/1787 1789/1/1789 1790/1/1788
f 1749/1/1749 1790/1/1788 1789/1/1789
f 1749/1/1749 1752/1/1752 1791/1/1790
f 1754/1/1754 1783/1/1782 1791/1/1790
f 1792/1/1791 1793/1/1794 1779/1/1778
f 1757/1/1757 1762/1/1762 1792/1/1791
f 1761/1/1761 1793/1/1794 1792/1/1791
f 1794/1/1793 1780/1/1779 1779/1/1778
f 1761/1/1761 1766/1/1766 1794/1/1793
f 1794/1/1793 1766/1/1766 1765/1/1765
f 1769/1/1769 1795/1/1798 1796/1/1795
f 1741/1/1742 1795/1/1798 1769/1/1769
f 1797/1/1796 1795/1/1798 1741/1/1742
f 1798/1/1797 1796/1/1795 1795/1/1798
f 1799/1/1799 1800/1/1824 1779/1/1778
f 1770/1/1770 1796/1/1795 1799/1/1799
f 1798/1/1797 1800/1/1824 1799/1/1799
f 1801/1/1800 1802/1/1803 1803/1/1801
f 1750/1/1750 1788/1/1787 1802/1/1803
f 1647/1/1647 1646/1/1646 1805/1/1804
f 1771/1/1771 1805/1/1804 1646/1/1646
f 1776/1/1776 1806/1/1805 1805/1/1804
f 1739/1/1738 1805/1/1804 1806/1/1805
f 1807/1/1806 1776/1/1776 1775/1/1775
f 1808/1/1807 1775/1/1775 1774/1/1774
f 1808/1/1807 1785/1/1786 1787/1/1785
f 1808/1/1807 1809/1/1808 1810/1/1809
f 1810/1/1809 1811/1/1811 1812/1/1810
f 1797/1/1796 1812/1/1810 1811/1/1811
f 1740/1/1739 1806/1/1805 1812/1/1810
f 1807/1/1806 1812/1/1810 1806/1/1805
f 1813/1/1812 1814/1/1814 1787/1/1785
f 1813/1/1812 1786/1/1784 1654/1/1654
f 1813/1/1812 1659/1/1658 1658/1/1657
f 1814/1/1814 1813/1/1812 1815/1/1813
f 1661/1/1660 1818/1/1817 1815/1/1813
f 1810/1/1809 1809/1/1808 1819/1/1818
f 1819/1/1818 1809/1/1808 1787/1/1785
f 1819/1/1818 1814/1/1814 1816/1/1815
f 1820/1/1819 1819/1/1818 1821/1/1820
f 1821/1/1820 1816/1/1815 1817/1/1816
f 1822/1/1821 1817/1/1816 1713/1/1713
f 1822/1/1821 1823/1/1822 1804/1/1802
f 1746/1/1746 1824/1/6712 1712/1/1712
f 1801/1/1800 1824/1/6712 1746/1/1746
f 1804/1/1802 1803/1/1801 1825/1/1823
f 1800/1/1824 1825/1/1823 1803/1/1801
f 1798/1/1797 1811/1/1811 1825/1/1823
f 1820/1/1819 1825/1/1823 1811/1/1811
f 1589/1/1589 1588/1/1588 1826/1/1825
f 1595/1/1595 1826/1/1825 1588/1/1588
f 1599/1/1599 1629/1/1629 1826/1/1825
f 1827/1/1826 1826/1/1825 1629/1/1629
f 1627/1/1627 1708/1/1708 1828/1/1827
f 1705/1/1705 1829/1/1829 1828/1/1827
f 1830/1/1828 1828/1/1827 1829/1/1829
f 1626/1/1625 1828/1/1827 1830/1/1828
f 1831/1/1830 1829/1/1829 1832/1/1831
f 1704/1/1704 1832/1/1831 1829/1/1829
f 1698/1/1697 1834/1/1833 1832/1/1831
f 1833/1/1832 1832/1/1831 1834/1/1833
f 1835/1/1834 1834/1/1833 1836/1/1835
f 1696/1/1696 1836/1/1835 1834/1/1833
f 1693/1/1693 1838/1/1837 1836/1/1835
f 1837/1/1836 1836/1/1835 1838/1/1837
f 1838/1/1837 1840/1/1840 1841/1/1839
f 1692/1/1692 1840/1/1840 1838/1/1837
f 1841/1/1839 1840/1/1840 1842/1/1841
f 1844/1/1843 1845/1/6715 1846/1/1844
f 1848/1/1846 1845/1/6715 1844/1/1843
f 1841/1/1839 1845/1/6715 1848/1/1846
f 1846/1/1844 1845/1/6715 1841/1/1839
f 1688/1/1688 1850/1/1848 1842/1/1841
f 1851/1/1849 1850/1/1848 1852/1/1850
f 1842/1/1841 1850/1/1848 1851/1/1849
f 1853/1/1851 1852/1/1850 1854/1/1852
f 1680/1/1680 1854/1/1852 1852/1/1850
f 1672/1/1672 1856/1/1854 1854/1/1852
f 1855/1/1853 1854/1/1852 1856/1/1854
f 1857/1/1855 1856/1/1854 1858/1/1856
f 1675/1/1674 1858/1/1856 1856/1/1854
f 1669/1/1669 1860/1/1858 1858/1/1856
f 1859/1/1857 1858/1/1856 1860/1/1858
f 1641/1/1640 1640/1/1639 1862/1/1860
f 1863/1/1861 1862/1/1860 1640/1/1639
f 1864/1/1862 1865/1/1863 1862/1/1860
f 1662/1/1661 1862/1/1860 1865/1/1863
f 1621/1/1621 1866/1/1865 1867/1/1864
f 1863/1/1861 1867/1/1864 1866/1/1865
f 1616/1/1616 1615/1/1615 1867/1/1864
f 1619/1/1619 1867/1/1864 1615/1/1615
f 1861/1/1859 1860/1/1858 1868/1/1866
f 1668/1/1668 1868/1/1866 1860/1/1858
f 1663/1/1663 1865/1/1863 1868/1/1866
f 1869/1/1867 1868/1/1866 1865/1/1863
f 400/1/399 1870/1/1870 1871/1/1868
f 1872/1/1869 1871/1/1868 1870/1/1870
f 1621/1/1621 1620/1/1620 1871/1/1868
f 401/1/403 1871/1/1868 1620/1/1620
f 1864/1/1862 1866/1/1865 1874/1/1872
f 1872/1/1869 1874/1/1872 1866/1/1865
f 1873/1/1871 1876/1/1874 1874/1/1872
f 1875/1/1873 1874/1/1872 1876/1/1874
f 1873/1/1871 1870/1/1870 1878/1/1876
f 1314/1/1314 1878/1/1876 1870/1/1870
f 1317/1/1316 1880/1/1878 1878/1/1876
f 1879/1/1877 1878/1/1876 1880/1/1878
f 1877/1/1875 1876/1/1874 1882/1/1880
f 1879/1/1877 1882/1/1880 1876/1/1874
f 1881/1/1879 1884/1/1882 1882/1/1880
f 1883/1/1881 1882/1/1880 1884/1/1882
f 1861/1/1859 1869/1/1867 1886/1/1884
f 1875/1/1873 1886/1/1884 1869/1/1867
f 1877/1/1875 1883/1/1881 1886/1/1884
f 1887/1/1885 1886/1/1884 1883/1/1881
f 1859/1/1857 1861/1/1859 1887/1/1885
f 1889/1/1887 1888/1/1886 1887/1/1885
f 1859/1/1857 1888/1/1886 1891/1/1889
f 1857/1/1855 1891/1/1889 1892/1/1890
f 1851/1/1849 1896/1/1895 1897/1/1894
f 1898/1/1896 1896/1/1895 1895/1/1893
f 1897/1/1894 1896/1/1895 1898/1/1896
f 1900/1/1898 1901/1/1899 1897/1/1894
f 1847/1/1845 1846/1/1844 1901/1/1899
f 1843/1/1842 1897/1/1894 1901/1/1899
f 1894/1/1892 1902/1/1902 1903/1/1900
f 1904/1/1901 1903/1/1900 1902/1/1902
f 1906/1/1904 1907/1/1905 1903/1/1900
f 1898/1/1896 1903/1/1900 1907/1/1905
f 1905/1/1903 1902/1/1902 1908/1/1906
f 1893/1/1891 1908/1/1906 1902/1/1902
f 1890/1/1888 1910/1/1908 1908/1/1906
f 1909/1/1907 1908/1/1906 1910/1/1908
f 1905/1/1903 1909/1/1907 1912/1/1910
f 1913/1/1911 1912/1/1910 1909/1/1907
f 1913/1/1911 1914/1/1917 1915/1/1912
f 1904/1/1901 1912/1/1910 1915/1/1912
f 1911/1/1909 1910/1/1908 1919/1/1916
f 1914/1/1917 1913/1/1911 1920/1/1918
f 1922/1/1920 1920/1/1918 1913/1/1911
f 1923/1/1921 1924/1/1922 1920/1/1918
f 1921/1/1919 1920/1/1918 1924/1/1922
f 1926/1/1924 1927/1/1925 1924/1/1922
f 1925/1/1923 1924/1/1922 1927/1/1925
f 1923/1/1921 1931/1/1931 1932/1/1929
f 1933/1/1930 1932/1/1929 1931/1/1931
f 1935/1/1933 1936/1/1934 1932/1/1929
f 1926/1/1924 1932/1/1929 1936/1/1934
f 1923/1/1921 1922/1/1920 1937/1/1935
f 1918/1/1915 1937/1/1935 1922/1/1920
f 1934/1/1932 1939/1/1939 1940/1/1937
f 1941/1/1938 1942/1/1940 1940/1/1937
f 1933/1/1930 1940/1/1937 1942/1/1940
f 1939/1/1939 1943/1/1944 1944/1/1941
f 1945/1/1942 1943/1/1944 1939/1/1939
f 1946/1/1943 1947/1/1945 1943/1/1944
f 1944/1/1941 1943/1/1944 1947/1/1945
f 1949/1/1947 1950/1/1950 1951/1/1948
f 1950/1/1950 1332/1/1332 1347/1/1347
f 1346/1/1346 1953/1/1951 1951/1/1948
f 1952/1/1949 1951/1/1948 1953/1/1951
f 1955/1/1953 1956/1/1958 1957/1/1954
f 1959/1/1956 1960/1/1959 1955/1/1953
f 1956/1/1958 1955/1/1953 1960/1/1959
f 1949/1/1947 1952/1/1949 1963/1/1961
f 1958/1/1955 1963/1/1961 1952/1/1949
f 1963/1/1961 1958/1/1955 1957/1/1954
f 1964/1/1962 1963/1/1961 1965/1/1963
f 1949/1/1947 1964/1/1962 1967/1/1965
f 1966/1/1964 1968/1/1966 1967/1/1965
f 1333/1/1335 1967/1/1965 1968/1/1966
f 1969/1/1967 1965/1/1963 1957/1/1954
f 1962/1/1960 1970/1/1969 1969/1/1967
f 1971/1/1968 1972/1/1970 1969/1/1967
f 1965/1/1963 1969/1/1967 1972/1/1970
f 1973/1/1971 1974/1/1974 1975/1/1972
f 1321/1/1321 1975/1/1972 1974/1/1974
f 1323/1/1323 1968/1/1966 1975/1/1972
f 1976/1/1973 1975/1/1972 1968/1/1966
f 1977/1/1975 1978/1/1978 1979/1/1976
f 1962/1/1960 1960/1/1959 1978/1/1978
f 1981/1/1979 1978/1/1978 1960/1/1959
f 1979/1/1976 1978/1/1978 1981/1/1979
f 1983/1/1981 1984/1/1984 1985/1/1982
f 1976/1/1973 1985/1/1982 1984/1/1984
f 1966/1/1964 1972/1/1970 1985/1/1982
f 1986/1/1983 1985/1/1982 1972/1/1970
f 1971/1/1968 1970/1/1969 1987/1/1985
f 1977/1/1975 1987/1/1985 1970/1/1969
f 1980/1/1977 1988/1/1986 1987/1/1985
f 1986/1/1983 1987/1/1985 1988/1/1986
f 1989/1/1987 1990/1/1990 1991/1/1988
f 1979/1/1976 1991/1/1988 1990/1/1990
f 1982/1/1980 1993/1/1991 1991/1/1988
f 1992/1/1989 1991/1/1988 1993/1/1991
f 1995/1/1993 1996/1/1996 1997/1/1994
f 1319/1/1319 1974/1/1974 1997/1/1994
f 1998/1/1995 1997/1/1994 1974/1/1974
f 1994/1/1992 1999/1/1998 2000/1/1997
f 1947/1/1945 2000/1/1997 1999/1/1998
f 1947/1/1945 1946/1/1943 2001/1/1999
f 1992/1/1989 2000/1/1997 2001/1/1999
f 1885/1/1883 1884/1/1882 2002/1/2000
f 2004/1/2002 2002/1/2000 1884/1/1882
f 2003/1/2001 2002/1/2000 2004/1/2002
f 2006/1/2004 2007/1/2007 2008/1/2005
f 1998/1/1995 2008/1/2005 2007/1/2007
f 1973/1/1971 1984/1/1984 2008/1/2005
f 2009/1/2006 2008/1/2005 1984/1/1984
f 1881/1/1879 1880/1/1878 2011/1/2009
f 2010/1/2008 2012/1/2011 2013/1/2010
f 1995/1/1993 2007/1/2007 2012/1/2011
f 2006/1/2004 2013/1/2010 2012/1/2011
f 2005/1/2003 2015/1/2013 2014/1/2012
f 1945/1/1942 2014/1/2012 2015/1/2013
f 2016/1/2014 2017/1/2015 2013/1/2010
f 2001/1/1999 2017/1/2015 2016/1/2014
f 1946/1/1943 2015/1/2013 2017/1/2015
f 2015/1/2013 2005/1/2003 2013/1/2010
f 1983/1/1981 1988/1/1986 2018/1/2016
f 1990/1/1990 2018/1/2016 1988/1/1986
f 1989/1/1987 2016/1/2014 2018/1/2016
f 2009/1/2006 2018/1/2016 2016/1/2014
f 641/1/641 640/1/640 2019/1/2017
f 1585/1/1585 2019/1/2017 640/1/640
f 2020/1/2018 2019/1/2017 2021/1/2019
f 645/1/644 644/1/643 2023/1/2021
f 2020/1/2018 2023/1/2021 644/1/643
f 2022/1/2020 2025/1/2023 2023/1/2021
f 2024/1/2022 2023/1/2021 2025/1/2023
f 1628/1/1628 1830/1/1828 2028/1/2026
f 1831/1/1830 2029/1/2027 2028/1/2026
f 2027/1/2025 2028/1/2026 2029/1/2027
f 2030/1/2028 2029/1/2027 2031/1/2029
f 1833/1/1832 2031/1/2029 2029/1/2027
f 1835/1/1834 2033/1/2031 2031/1/2029
f 2032/1/2030 2031/1/2029 2033/1/2031
f 2034/1/2032 2033/1/2031 2035/1/2033
f 1837/1/1836 2035/1/2033 2033/1/2031
f 1839/1/1838 2037/1/2035 2035/1/2033
f 2036/1/2034 2035/1/2033 2037/1/2035
f 2037/1/2035 2039/1/2038 2040/1/2037
f 1848/1/1846 2039/1/2038 2037/1/2035
f 1849/1/1847 2040/1/2037 2039/1/2038
f 2022/1/2020 2021/1/2019 2041/1/2039
f 2027/1/2025 2041/1/2039 2021/1/2019
f 2025/1/2023 2045/1/2044 2046/1/2043
f 2042/1/2040 2045/1/2044 2025/1/2023
f 2046/1/2043 2045/1/2044 2047/1/2045
f 2032/1/2030 2049/1/2047 2043/1/2041
f 2034/1/2032 2051/1/2050 2049/1/2047
f 2052/1/2049 2050/1/2048 2049/1/2047
f 2053/1/2051 2054/1/2054 2055/1/2052
f 2051/1/2050 2055/1/2052 2054/1/2054
f 2056/1/2053 2055/1/2052 2036/1/2034
f 2026/1/2024 2046/1/2043 2057/1/2055
f 2058/1/2056 2057/1/2055 2046/1/2043
f 2059/1/2057 2060/1/2058 2057/1/2055
f 2024/1/2022 2057/1/2055 2060/1/2058
f 645/1/644 2060/1/2058 2061/1/2059
f 2062/1/2060 2061/1/2059 2060/1/2058
f 2063/1/2061 2064/1/2062 2061/1/2059
f 649/1/648 2061/1/2059 2064/1/2062
f 650/1/650 653/1/652 2065/1/2063
f 646/1/646 2064/1/2062 2065/1/2063
f 2063/1/2061 2067/1/2065 2065/1/2063
f 2066/1/2064 2065/1/2063 2067/1/2065
f 665/1/665 664/1/664 2069/1/2067
f 2071/1/2069 2069/1/2067 664/1/664
f 2072/1/2070 2073/1/2071 2069/1/2067
f 2070/1/2068 2069/1/2067 2073/1/2071
f 668/1/668 667/1/667 2075/1/2073
f 2070/1/2068 2075/1/2073 667/1/667
f 2074/1/2072 2077/1/2075 2075/1/2073
f 2076/1/2074 2075/1/2073 2077/1/2075
f 2079/1/2077 2080/1/6716 2081/1/2078
f 2083/1/2080 2082/1/2079 2077/1/2075
f 2084/1/2081 2079/1/2077 2082/1/2079
f 668/1/668 2076/1/2074 2085/1/2082
f 2087/1/2084 2088/1/2085 2085/1/2082
f 671/1/671 2085/1/2082 2088/1/2085
f 2086/1/2083 2089/1/2087 2090/1/2086
f 2078/1/2076 2081/1/2078 2089/1/2087
f 2081/1/2078 2080/1/6716 2091/1/2088
f 2092/1/2089 2090/1/2086 2089/1/2087
f 672/1/672 2088/1/2085 2093/1/2090
f 2094/1/2091 2093/1/2090 2088/1/2085
f 2095/1/2092 2096/1/2093 2093/1/2090
f 675/1/675 2093/1/2090 2096/1/2093
f 2087/1/2084 2090/1/2086 2097/1/2094
f 2098/1/2095 2097/1/2094 2090/1/2086
f 2099/1/2096 2100/1/2097 2097/1/2094
f 2094/1/2091 2097/1/2094 2100/1/2097
f 2102/1/2099 2101/1/2098 2096/1/2093
f 2103/1/2100 2104/1/2101 2101/1/2098
f 657/1/657 656/1/656 2105/1/2102
f 2066/1/2064 2105/1/2102 656/1/656
f 2068/1/2066 2107/1/2104 2105/1/2102
f 2106/1/2103 2105/1/2102 2107/1/2104
f 659/1/659 658/1/658 2109/1/2106
f 2106/1/2103 2109/1/2106 658/1/658
f 2108/1/2105 2110/1/2107 2109/1/2106
f 2071/1/2069 2109/1/2106 2110/1/2107
f 2074/1/2072 2073/1/2071 2111/1/2108
f 2112/1/2109 2111/1/2108 2073/1/2071
f 2113/1/2110 2114/1/2111 2111/1/2108
f 2083/1/2080 2111/1/2108 2114/1/2111
f 2115/1/2112 2116/1/2116 2117/1/2113
f 2119/1/2115 2117/1/2113 2116/1/2116
f 2068/1/2066 2067/1/2065 2117/1/2113
f 2118/1/2114 2117/1/2113 2067/1/2065
f 2108/1/2105 2107/1/2104 2121/1/2118
f 2119/1/2115 2121/1/2118 2107/1/2104
f 2120/1/2117 2123/1/2120 2121/1/2118
f 2122/1/2119 2121/1/2118 2123/1/2120
f 2072/1/2070 2110/1/2107 2125/1/2122
f 2122/1/2119 2125/1/2122 2110/1/2107
f 2124/1/2121 2126/1/2123 2125/1/2122
f 2112/1/2109 2125/1/2122 2126/1/2123
f 2059/1/2057 2058/1/2056 2127/1/2124
f 2129/1/2126 2127/1/2124 2058/1/2056
f 2130/1/2127 2131/1/2128 2127/1/2124
f 2128/1/2125 2127/1/2124 2131/1/2128
f 2048/1/2046 2047/1/2045 2133/1/2130
f 2050/1/2048 2133/1/2130 2047/1/2045
f 2134/1/2131 2133/1/2130 2050/1/2048
f 2129/1/2126 2133/1/2130 2134/1/2131
f 2052/1/2049 2054/1/2054 2135/1/2132
f 2136/1/2133 2135/1/2132 2054/1/2054
f 2137/1/2134 2138/1/2135 2135/1/2132
f 2134/1/2131 2135/1/2132 2138/1/2135
f 2130/1/2127 2138/1/2135 2139/1/2136
f 2137/1/2134 2140/1/2137 2139/1/2136
f 2131/1/2128 2139/1/2136 2140/1/2137
f 2062/1/2060 2059/1/2057 2128/1/2125
f 2142/1/2139 2141/1/2138 2128/1/2125
f 2118/1/2114 2141/1/2138 2142/1/2139
f 2062/1/2060 2141/1/2138 2118/1/2114
f 2143/1/2140 2144/1/2143 2145/1/2141
f 894/1/893 2145/1/2141 2144/1/2143
f 898/1/897 2147/1/2144 2145/1/2141
f 2146/1/2142 2145/1/2141 2147/1/2144
f 908/1/907 2149/1/2148 2147/1/2144
f 2150/1/2146 2149/1/2148 908/1/907
f 2151/1/2147 2152/1/2175 2149/1/2148
f 2149/1/2148 2152/1/2175 2148/1/2145
f 912/1/911 920/1/919 2153/1/2149
f 2154/1/2150 2153/1/2149 920/1/919
f 2155/1/2151 2156/1/2152 2153/1/2149
f 2150/1/2146 2153/1/2149 2156/1/2152
f 924/1/923 941/1/940 2157/1/2153
f 916/1/915 2158/1/2155 2157/1/2153
f 2159/1/2154 2157/1/2153 2158/1/2155
f 2154/1/2150 2157/1/2153 2159/1/2154
f 2161/1/2157 2162/1/2160 2163/1/2158
f 879/1/877 2163/1/2158 2162/1/2160
f 880/1/879 2144/1/2143 2163/1/2158
f 2164/1/2159 2163/1/2158 2144/1/2143
f 2167/1/2163 2166/1/2162 2168/1/2164
f 2165/1/2161 2166/1/2162 2167/1/2163
f 2169/1/2165 2168/1/2164 2171/1/2167
f 2146/1/2142 2171/1/2167 2168/1/2164
f 2148/1/2145 2173/1/2169 2171/1/2167
f 2172/1/2168 2171/1/2167 2173/1/2169
f 2175/1/2171 2176/1/2174 2177/1/2172
f 2174/1/2170 2173/1/2169 2177/1/2172
f 2152/1/2175 2177/1/2172 2173/1/2169
f 2178/1/2173 2177/1/2172 2152/1/2175
f 2179/1/2176 2180/1/2179 2181/1/2177
f 2178/1/2173 2181/1/2177 2180/1/2179
f 2151/1/2147 2156/1/2152 2181/1/2177
f 2182/1/2178 2181/1/2177 2156/1/2152
f 2183/1/2180 2184/1/2183 2185/1/2181
f 2182/1/2178 2184/1/2183 2183/1/2180
f 2155/1/2151 2159/1/2154 2184/1/2183
f 2160/1/2156 2185/1/2181 2184/1/2183
f 2170/1/2166 2167/1/2163 2187/1/2184
f 2172/1/2168 2187/1/2184 2167/1/2163
f 2174/1/2170 2189/1/2186 2187/1/2184
f 2188/1/2185 2187/1/2184 2189/1/2186
f 2191/1/2188 2192/1/2191 2193/1/2189
f 2189/1/2186 2193/1/2189 2192/1/2191
f 2174/1/2170 2176/1/2174 2193/1/2189
f 2194/1/2190 2193/1/2189 2176/1/2174
f 2195/1/2192 2196/1/2195 2197/1/2193
f 2192/1/2191 2197/1/2193 2196/1/2195
f 2191/1/2188 2198/1/2194 2197/1/2193
f 2199/1/2196 2200/1/2199 2201/1/2197
f 2194/1/2190 2201/1/2197 2200/1/2199
f 2175/1/2171 2180/1/2179 2201/1/2197
f 2202/1/2198 2201/1/2197 2180/1/2179
f 2203/1/2200 2204/1/2203 2205/1/2201
f 2198/1/2194 2205/1/2201 2204/1/2203
f 2191/1/2188 2200/1/2199 2205/1/2201
f 2206/1/2202 2205/1/2201 2200/1/2199
f 2202/1/2198 2207/1/2205 2208/1/2204
f 2179/1/2176 2183/1/2180 2207/1/2205
f 2186/1/2182 2209/1/2206 2207/1/2205
f 2208/1/2204 2207/1/2205 2209/1/2206
f 2211/1/2208 2212/1/2211 2213/1/2209
f 2206/1/2202 2212/1/2211 2211/1/2208
f 2199/1/2196 2208/1/2204 2212/1/2211
f 2210/1/2207 2213/1/2209 2212/1/2211
f 2214/1/2210 2213/1/2209 2215/1/2212
f 2217/1/2214 2215/1/2212 2213/1/2209
f 2218/1/2215 2219/1/2216 2215/1/2212
f 2216/1/2213 2215/1/2212 2219/1/2216
f 2221/1/2218 2222/1/2221 2209/1/2206
f 2223/1/2219 2222/1/2221 2221/1/2218
f 2218/1/2215 2217/1/2214 2222/1/2221
f 2210/1/2207 2209/1/2206 2222/1/2221
f 2220/1/2217 2219/1/2216 2225/1/2222
f 2223/1/2219 2225/1/2222 2219/1/2216
f 2224/1/2220 2227/1/2224 2225/1/2222
f 2226/1/2223 2225/1/2222 2227/1/2224
f 2224/1/2220 2221/1/2218 2229/1/2226
f 2185/1/2181 2229/1/2226 2221/1/2218
f 2231/1/2228 2229/1/2226 2185/1/2181
f 2230/1/2227 2229/1/2226 2231/1/2228
f 2160/1/2156 2158/1/2155 2233/1/2230
f 915/1/914 2233/1/2230 2158/1/2155
f 802/1/802 2234/1/2231 2233/1/2230
f 2231/1/2228 2233/1/2230 2234/1/2231
f 2228/1/2225 2227/1/2224 2235/1/2232
f 2230/1/2227 2235/1/2232 2227/1/2224
f 2232/1/2229 2237/1/2234 2235/1/2232
f 2236/1/2233 2235/1/2232 2237/1/2234
f 802/1/802 801/1/801 2239/1/2236
f 2240/1/2237 2239/1/2236 801/1/801
f 2241/1/2238 2242/1/2239 2239/1/2236
f 2234/1/2231 2239/1/2236 2242/1/2239
f 2243/1/2240 2244/1/2243 2245/1/2241
f 2244/1/2243 2238/1/2235 2237/1/2234
f 2242/1/2239 2245/1/2241 2237/1/2234
f 2246/1/2242 2245/1/2241 2242/1/2239
f 689/1/688 686/1/686 2247/1/2244
f 2248/1/2245 2247/1/2244 686/1/686
f 2249/1/2246 2250/1/2247 2247/1/2244
f 2240/1/2237 2247/1/2244 2250/1/2247
f 685/1/685 691/1/693 2251/1/2248
f 2104/1/2101 2251/1/2248 691/1/693
f 2103/1/2100 2252/1/2249 2251/1/2248
f 2248/1/2245 2251/1/2248 2252/1/2249
f 2241/1/2238 2250/1/2247 2253/1/2250
f 2254/1/2251 2253/1/2250 2250/1/2247
f 2255/1/2252 2256/1/2253 2253/1/2250
f 2246/1/2242 2253/1/2250 2256/1/2253
f 2095/1/2092 2100/1/2097 2257/1/2254
f 2258/1/2255 2257/1/2254 2100/1/2097
f 2258/1/2255 2259/1/2258 2260/1/2256
f 2102/1/2099 2257/1/2254 2260/1/2256
f 2249/1/2246 2252/1/2249 2261/1/2257
f 2260/1/2256 2261/1/2257 2252/1/2249
f 2259/1/2258 2262/1/2259 2261/1/2257
f 2254/1/2251 2261/1/2257 2262/1/2259
f 710/1/710 709/1/709 2263/1/2260
f 764/1/764 2263/1/2260 709/1/709
f 765/1/765 1438/1/1438 2263/1/2260
f 735/1/735 732/1/734 2265/1/2262
f 2266/1/2263 2265/1/2262 2267/1/2264
f 1567/1/1567 1566/1/1566 2269/1/2266
f 2266/1/2263 2269/1/2266 1566/1/1566
f 2268/1/2265 2271/1/2268 2269/1/2266
f 2270/1/2267 2269/1/2266 2271/1/2268
f 1579/1/1579 1578/1/1578 2273/1/2270
f 2270/1/2267 2273/1/2270 1578/1/1578
f 2272/1/2269 2275/1/2272 2273/1/2270
f 2274/1/2271 2273/1/2270 2275/1/2272
f 1583/1/1583 1582/1/1582 2277/1/2274
f 2274/1/2271 2277/1/2274 1582/1/1582
f 2276/1/2273 2279/1/2276 2277/1/2274
f 2278/1/2275 2277/1/2274 2279/1/2276
f 1442/1/1442 1447/1/1449 2285/1/2282
f 2286/1/2283 2285/1/2282 1447/1/1449
f 2287/1/2284 2288/1/2285 2285/1/2282
f 2282/1/2279 2285/1/2282 2288/1/2285
f 2290/1/2287 2293/1/2292 2271/1/2268
f 2294/1/2290 2293/1/2292 2290/1/2287
f 2295/1/2291 2296/1/2293 2293/1/2292
f 2272/1/2269 2271/1/2268 2293/1/2292
f 2296/1/2293 2297/1/2296 2275/1/2272
f 2298/1/2294 2297/1/2296 2296/1/2293
f 2299/1/2295 2300/1/2297 2297/1/2296
f 2276/1/2273 2275/1/2272 2297/1/2296
f 2280/1/2277 2279/1/2276 2301/1/2298
f 2300/1/2297 2301/1/2298 2279/1/2276
f 2299/1/2295 2303/1/2301 2301/1/2298
f 2304/1/2300 2302/1/2299 2301/1/2298
f 2305/1/2302 2306/1/2305 2307/1/2303
f 2303/1/2301 2307/1/2303 2306/1/2305
f 2299/1/2295 2309/1/2306 2307/1/2303
f 2308/1/2304 2307/1/2303 2309/1/2306
f 2295/1/2291 2311/1/2310 2312/1/2308
f 2313/1/2309 2312/1/2308 2311/1/2310
f 2310/1/2307 2309/1/2306 2312/1/2308
f 2298/1/2294 2312/1/2308 2309/1/2306
f 1453/1/1453 1451/1/1451 2315/1/2312
f 1430/1/1430 2315/1/2312 1451/1/1451
f 798/1/798 2317/1/2314 2315/1/2312
f 2316/1/2313 2315/1/2312 2317/1/2314
f 2287/1/2284 2286/1/2283 2319/1/2316
f 1452/1/1452 2319/1/2316 2286/1/2283
f 1453/1/1453 2316/1/2313 2319/1/2316
f 2320/1/2317 2319/1/2316 2316/1/2313
f 796/1/795 2321/1/2318 2317/1/2314
f 796/1/795 797/1/797 1455/1/1455
f 2314/1/2311 2311/1/2310 2329/1/2326
f 2294/1/2290 2329/1/2326 2311/1/2310
f 2292/1/2289 2328/1/2325 2329/1/2326
f 2326/1/2323 2325/1/2322 2331/1/2328
f 2332/1/2329 2331/1/2328 2333/1/2330
f 2335/1/2332 2336/1/2335 2337/1/2333
f 2337/1/2333 2336/1/2335 1493/1/1493
f 2338/1/2334 2340/1/2337 2339/1/2336
f 2333/1/2330 2339/1/2336 2340/1/2337
f 1499/1/1499 2341/1/2338 2337/1/2333
f 1501/1/1501 2343/1/2340 2341/1/2338
f 2342/1/2339 2341/1/2338 2343/1/2340
f 2344/1/2341 2343/1/2340 2345/1/2342
f 1503/1/1503 2345/1/2342 2343/1/2340
f 1503/1/1503 1497/1/1497 2347/1/2344
f 2346/1/2343 2345/1/2342 2347/1/2344
f 1497/1/1497 1496/1/1496 2349/1/2346
f 1472/1/1472 2349/1/2346 1496/1/1496
f 1423/1/1423 2350/1/2347 2349/1/2346
f 2347/1/2344 2349/1/2346 2350/1/2347
f 1422/1/1422 2351/1/2351 2350/1/2347
f 2352/1/2348 2351/1/2351 1422/1/1422
f 2353/1/2349 2351/1/2351 2352/1/2348
f 2348/1/2345 2350/1/2347 2351/1/2351
f 1419/1/1419 1418/1/1418 2355/1/2352
f 2356/1/2353 2355/1/2352 1418/1/1418
f 2357/1/2354 2358/1/2355 2355/1/2352
f 2358/1/2355 2354/1/2350 2352/1/2348
f 1415/1/1415 1414/1/1414 2359/1/2356
f 2361/1/2358 2362/1/2359 2359/1/2356
f 2356/1/2353 2359/1/2356 2362/1/2359
f 2360/1/2357 2363/1/2361 2364/1/2360
f 1411/1/1411 1409/1/1409 2363/1/2361
f 1406/1/1406 2365/1/2362 2363/1/2361
f 2364/1/2360 2363/1/2361 2365/1/2362
f 2366/1/2363 2365/1/2362 2367/1/2364
f 1405/1/1405 2367/1/2364 2365/1/2362
f 1402/1/1402 2369/1/2366 2367/1/2364
f 2368/1/2365 2367/1/2364 2369/1/2366
f 2370/1/2367 2369/1/2366 2371/1/2368
f 1401/1/1401 2371/1/2368 2369/1/2366
f 2375/1/2372 2376/1/2375 2377/1/2373
f 2334/1/2331 2378/1/2374 2377/1/2373
f 2379/1/2376 2380/1/2379 2381/1/2377
f 2330/1/2327 2381/1/2377 2380/1/2379
f 2326/1/2323 2376/1/2375 2381/1/2377
f 2382/1/2378 2381/1/2377 2376/1/2375
f 2383/1/2380 2384/1/2383 2385/1/2381
f 2313/1/2309 2385/1/2381 2384/1/2383
f 2314/1/2311 2380/1/2379 2385/1/2381
f 2386/1/2382 2385/1/2381 2380/1/2379
f 2387/1/2384 2388/1/2387 2389/1/2385
f 2310/1/2307 2384/1/2383 2388/1/2387
f 2389/1/2385 2388/1/2387 2384/1/2383
f 2344/1/2341 2397/1/2394 2395/1/2392
f 2396/1/2393 2395/1/2392 2397/1/2394
f 2398/1/2395 2397/1/2394 2399/1/2396
f 2346/1/2343 2399/1/2396 2397/1/2394
f 2348/1/2345 2401/1/2398 2399/1/2396
f 2400/1/2397 2399/1/2396 2401/1/2398
f 2402/1/2399 2401/1/2398 2403/1/2400
f 2353/1/2349 2403/1/2400 2401/1/2398
f 2354/1/2350 2405/1/2402 2403/1/2400
f 2404/1/2401 2403/1/2400 2405/1/2402
f 2406/1/2403 2405/1/2402 2407/1/2404
f 2358/1/2355 2407/1/2404 2405/1/2402
f 2409/1/2406 2407/1/2404 2358/1/2355
f 2408/1/2405 2407/1/2404 2409/1/2406
f 2411/1/2408 2412/1/2411 2413/1/2409
f 2409/1/2406 2413/1/2409 2412/1/2411
f 2357/1/2354 2362/1/2359 2413/1/2409
f 2414/1/2410 2413/1/2409 2362/1/2359
f 2415/1/2412 2416/1/2415 2417/1/2413
f 2414/1/2410 2417/1/2413 2416/1/2415
f 2361/1/2358 2364/1/2360 2417/1/2413
f 2418/1/2414 2417/1/2413 2364/1/2360
f 2419/1/2416 2420/1/2419 2421/1/2417
f 2418/1/2414 2421/1/2417 2420/1/2419
f 2366/1/2363 2368/1/2365 2421/1/2417
f 2422/1/2418 2421/1/2417 2368/1/2365
f 2423/1/2420 2424/1/2423 2425/1/2421
f 2422/1/2418 2425/1/2421 2424/1/2423
f 2370/1/2367 2372/1/2369 2425/1/2421
f 2426/1/2422 2425/1/2421 2372/1/2369
f 2427/1/2424 2428/1/2427 2429/1/2425
f 2419/1/2416 2424/1/2423 2428/1/2427
f 2423/1/2420 2431/1/2428 2428/1/2427
f 2429/1/2425 2428/1/2427 2431/1/2428
f 2433/1/2430 2434/1/2433 2435/1/2431
f 2416/1/2415 2435/1/2431 2434/1/2433
f 2437/1/2434 2435/1/2431 2416/1/2415
f 2436/1/2432 2435/1/2431 2437/1/2434
f 2415/1/2412 2420/1/2419 2439/1/2436
f 2427/1/2424 2439/1/2436 2420/1/2419
f 2430/1/2426 2440/1/2437 2439/1/2436
f 2437/1/2434 2439/1/2436 2440/1/2437
f 2441/1/2438 2442/1/2441 2443/1/2439
f 2412/1/2411 2443/1/2439 2442/1/2441
f 2411/1/2408 2434/1/2433 2443/1/2439
f 2444/1/2440 2443/1/2439 2434/1/2433
f 2433/1/2430 2436/1/2432 2445/1/2442
f 2446/1/2443 2445/1/2442 2436/1/2432
f 2447/1/2444 2448/1/2445 2445/1/2442
f 2444/1/2440 2445/1/2442 2448/1/2445
f 2449/1/2446 2450/1/2449 2451/1/2447
f 2408/1/2405 2451/1/2447 2450/1/2449
f 2410/1/2407 2442/1/2441 2451/1/2447
f 2452/1/2448 2451/1/2447 2442/1/2441
f 2441/1/2438 2448/1/2445 2453/1/2450
f 2454/1/2451 2453/1/2450 2448/1/2445
f 2454/1/2451 2455/1/2459 2456/1/2452
f 2452/1/2448 2453/1/2450 2456/1/2452
f 2457/1/2453 2458/1/2456 2459/1/2454
f 2404/1/2401 2459/1/2454 2458/1/2456
f 2406/1/2403 2450/1/2449 2459/1/2454
f 2460/1/2455 2459/1/2454 2450/1/2449
f 2457/1/2453 2460/1/2455 2461/1/2457
f 2456/1/2452 2461/1/2457 2460/1/2455
f 2455/1/2459 2463/1/2460 2461/1/2457
f 2462/1/2458 2461/1/2457 2463/1/2460
f 2402/1/2399 2458/1/2456 2465/1/2462
f 2466/1/2463 2465/1/2462 2458/1/2456
f 2467/1/2464 2468/1/2465 2465/1/2462
f 2400/1/2397 2465/1/2462 2468/1/2465
f 2467/1/2464 2466/1/2463 2469/1/2466
f 2462/1/2458 2469/1/2466 2466/1/2463
f 2464/1/2461 2471/1/2468 2469/1/2466
f 2470/1/2467 2469/1/2466 2471/1/2468
f 2396/1/2393 2473/1/2470 2476/1/2473
f 2398/1/2395 2468/1/2465 2473/1/2470
f 2472/1/2469 2479/1/2476 2477/1/2474
f 2478/1/2475 2477/1/2474 2479/1/2476
f 2481/1/2478 2482/1/2481 2483/1/2479
f 2394/1/2391 2483/1/2479 2482/1/2481
f 2393/1/2390 2476/1/2473 2483/1/2479
f 2484/1/2480 2483/1/2479 2476/1/2473
f 2475/1/2472 2478/1/2475 2485/1/2482
f 2480/1/2477 2486/1/2483 2485/1/2482
f 2486/1/2483 2487/1/2491 2488/1/2484
f 2484/1/2480 2485/1/2482 2488/1/2484
f 2375/1/2372 2482/1/2481 2489/1/2485
f 2490/1/2486 2489/1/2485 2482/1/2481
f 2491/1/2487 2492/1/2488 2489/1/2485
f 2382/1/2378 2489/1/2485 2492/1/2488
f 2481/1/2478 2488/1/2484 2493/1/2489
f 2494/1/2490 2493/1/2489 2488/1/2484
f 2495/1/2492 2496/1/2493 2493/1/2489
f 2490/1/2486 2493/1/2489 2496/1/2493
f 2379/1/2376 2492/1/2488 2497/1/2494
f 2498/1/2495 2497/1/2494 2492/1/2488
f 2499/1/2496 2500/1/2497 2497/1/2494
f 2386/1/2382 2497/1/2494 2500/1/2497
f 2491/1/2487 2496/1/2493 2501/1/2498
f 2502/1/2499 2501/1/2498 2496/1/2493
f 2502/1/2499 2503/1/2506 2504/1/2500
f 2498/1/2495 2501/1/2498 2504/1/2500
f 2383/1/2380 2500/1/2497 2505/1/2501
f 2506/1/2502 2505/1/2501 2500/1/2497
f 2507/1/2503 2508/1/2504 2505/1/2501
f 2389/1/2385 2505/1/2501 2508/1/2504
f 2499/1/2496 2504/1/2500 2509/1/2505
f 2503/1/2506 2510/1/2508 2509/1/2505
f 2511/1/2507 2509/1/2505 2510/1/2508
f 2506/1/2502 2509/1/2505 2511/1/2507
f 1150/1/1149 1149/1/1148 2513/1/2510
f 2515/1/2512 2513/1/2510 1149/1/1148
f 2516/1/2513 2517/1/2514 2513/1/2510
f 2514/1/2511 2513/1/2510 2517/1/2514
f 2520/1/2517 2522/1/3205 2523/1/2519
f 2524/1/2520 2525/1/2522 2521/1/2518
f 2526/1/2521 2521/1/2518 2525/1/2522
f 2528/1/2524 2529/1/2528 2530/1/2525
f 2532/1/2527 2530/1/2525 2529/1/2528
f 2534/1/2530 2535/1/2531 2530/1/2525
f 2531/1/2526 2530/1/2525 2535/1/2531
f 2518/1/2515 2517/1/2514 2537/1/2533
f 2539/1/2535 2537/1/2533 2517/1/2514
f 2527/1/2523 2525/1/2522 2537/1/2533
f 2538/1/2534 2537/1/2533 2525/1/2522
f 2516/1/2513 2540/1/2538 2541/1/2536
f 2542/1/2537 2541/1/2536 2540/1/2538
f 2544/1/2540 2545/1/2541 2541/1/2536
f 2539/1/2535 2541/1/2536 2545/1/2541
f 2543/1/2539 2546/1/2543 2547/1/2542
f 2529/1/2528 2547/1/2542 2546/1/2543
f 2528/1/2524 2548/1/2544 2547/1/2542
f 2542/1/2537 2547/1/2542 2548/1/2544
f 2549/1/2545 2550/1/2548 2551/1/2546
f 2278/1/2275 2551/1/2546 2550/1/2548
f 2280/1/2277 2553/1/2549 2551/1/2546
f 2552/1/2547 2551/1/2546 2553/1/2549
f 2534/1/2530 2532/1/2527 2555/1/2551
f 2533/1/2529 2557/1/2554 2555/1/2551
f 2558/1/2553 2555/1/2551 2557/1/2554
f 2556/1/2552 2555/1/2551 2558/1/2553
f 2561/1/2557 2562/1/2560 2563/1/2558
f 1539/1/1539 2565/1/2561 2562/1/2560
f 1512/1/1512 1527/1/1527 2567/1/2563
f 2561/1/2557 2567/1/2563 1527/1/1527
f 2569/1/2565 2567/1/2563 2561/1/2557
f 2568/1/2564 2567/1/2563 2569/1/2565
f 230/1/229 1513/1/1515 2571/1/2567
f 2568/1/2564 2571/1/2567 1513/1/1515
f 2570/1/2566 2572/1/2568 2571/1/2567
f 238/1/237 2571/1/2567 2572/1/2568
f 239/1/238 2572/1/2568 2573/1/2569
f 2575/1/2571 2573/1/2569 2572/1/2568
f 2576/1/2572 2577/1/2573 2573/1/2569
f 2574/1/2570 2573/1/2569 2577/1/2573
f 2570/1/2566 2569/1/2565 2579/1/2575
f 2581/1/2577 2582/1/2578 2579/1/2575
f 2575/1/2571 2579/1/2575 2582/1/2578
f 2581/1/2577 2580/1/2576 2583/1/2579
f 2585/1/2581 2583/1/2579 2580/1/2576
f 2586/1/2582 2587/1/2583 2583/1/2579
f 2584/1/2580 2583/1/2579 2587/1/2583
f 2589/1/2585 2590/1/2589 2587/1/2583
f 2591/1/2586 2590/1/2589 2589/1/2585
f 2592/1/2587 2590/1/2589 2591/1/2586
f 2588/1/2584 2587/1/2583 2590/1/2589
f 2559/1/2555 2594/1/2592 2595/1/2590
f 2596/1/2591 2595/1/2590 2594/1/2592
f 2593/1/2588 2591/1/2586 2595/1/2590
f 2558/1/2553 2595/1/2590 2591/1/2586
f 1055/1/1055 1054/1/1054 2598/1/2594
f 2600/1/2596 2598/1/2594 1054/1/1054
f 2601/1/2597 2602/1/2598 2598/1/2594
f 2599/1/2595 2598/1/2594 2602/1/2598
f 2603/1/2599 2604/1/2602 2605/1/2600
f 2596/1/2591 2605/1/2600 2604/1/2602
f 2597/1/2593 2602/1/2598 2605/1/2600
f 2607/1/2603 2608/1/2606 2609/1/2604
f 1581/1/1581 2609/1/2604 2608/1/2606
f 1583/1/1583 2550/1/2548 2609/1/2604
f 2610/1/2605 2609/1/2604 2550/1/2548
f 2611/1/2607 2612/1/2611 2613/1/2608
f 2615/1/2610 2613/1/2608 2612/1/2611
f 2552/1/2547 2613/1/2608 2615/1/2610
f 2614/1/2609 2613/1/2608 2552/1/2547
f 2617/1/2613 2618/1/2617 2619/1/2614
f 2621/1/2616 2619/1/2614 2618/1/2617
f 2616/1/2612 2612/1/2611 2619/1/2614
f 2620/1/2615 2619/1/2614 2612/1/2611
f 2622/1/2618 2623/1/2621 2624/1/2619
f 2610/1/2605 2624/1/2619 2623/1/2621
f 2549/1/2545 2615/1/2610 2624/1/2619
f 2625/1/2620 2624/1/2619 2615/1/2610
f 2534/1/2530 2626/1/2624 2627/1/2622
f 2628/1/2623 2627/1/2622 2626/1/2624
f 2616/1/2612 2621/1/2616 2627/1/2622
f 2536/1/2532 2535/1/2531 2627/1/2622
f 2586/1/2582 2585/1/2581 2630/1/2626
f 2564/1/2559 2563/1/2558 2630/1/2626
f 2566/1/2562 2632/1/2628 2630/1/2626
f 2631/1/2627 2630/1/2626 2632/1/2628
f 2560/1/2556 2589/1/2585 2633/1/2629
f 2631/1/2627 2633/1/2629 2589/1/2585
f 2629/1/2625 2626/1/2624 2633/1/2629
f 2556/1/2552 2633/1/2629 2626/1/2624
f 1549/1/1549 2634/1/2630 2565/1/2561
f 1551/1/1551 2636/1/2632 2634/1/2630
f 2635/1/2631 2634/1/2630 2636/1/2632
f 2637/1/2633 2636/1/2632 2638/1/2634
f 1562/1/1561 2638/1/2634 2636/1/2632
f 1563/1/1563 2640/1/2636 2638/1/2634
f 2639/1/2635 2638/1/2634 2640/1/2636
f 1573/1/1573 2642/1/2638 2640/1/2636
f 2643/1/2639 2642/1/2638 2608/1/2606
f 2644/1/2640 2645/1/2643 2646/1/2641
f 2637/1/2633 2639/1/2635 2645/1/2643
f 2641/1/2637 2646/1/2641 2645/1/2643
f 2607/1/2603 2623/1/2621 2648/1/2644
f 2649/1/2645 2648/1/2644 2623/1/2621
f 2647/1/2642 2646/1/2641 2648/1/2644
f 2643/1/2639 2648/1/2644 2646/1/2641
f 2622/1/2618 2625/1/2620 2650/1/2646
f 2628/1/2623 2650/1/2646 2625/1/2620
f 2629/1/2625 2651/1/2647 2650/1/2646
f 2649/1/2645 2650/1/2646 2651/1/2647
f 2647/1/2642 2651/1/2647 2652/1/2648
f 2632/1/2628 2652/1/2648 2651/1/2647
f 2635/1/2631 2652/1/2648 2632/1/2628
f 2644/1/2640 2652/1/2648 2635/1/2631
f 335/1/334 334/1/333 2653/1/2649
f 297/1/296 2653/1/2649 334/1/333
f 299/1/298 2655/1/2651 2653/1/2649
f 2654/1/2650 2653/1/2649 2655/1/2651
f 375/1/374 374/1/373 2657/1/2653
f 2654/1/2650 2657/1/2653 374/1/373
f 2656/1/2652 2659/1/2655 2657/1/2653
f 2658/1/2654 2657/1/2653 2659/1/2655
f 2661/1/2657 2662/1/2660 2663/1/2658
f 1011/1/1010 2663/1/2658 2662/1/2660
f 375/1/374 2658/1/2654 2663/1/2658
f 2664/1/2659 2663/1/2658 2658/1/2654
f 2665/1/2661 2666/1/2664 2667/1/2662
f 1016/1/1015 2667/1/2662 2666/1/2664
f 1008/1/1008 2662/1/2660 2667/1/2662
f 2668/1/2663 2667/1/2662 2662/1/2660
f 2603/1/2599 2669/1/2665 2672/1/2668
f 2673/1/2669 2674/1/2672 2675/1/2670
f 2584/1/2580 2675/1/2670 2674/1/2672
f 2677/1/2673 2678/1/2676 2679/1/2674
f 2600/1/2596 2679/1/2674 2678/1/2676
f 1015/1/1014 1014/1/1013 2679/1/2674
f 2680/1/2675 2679/1/2674 1014/1/1013
f 2670/1/2666 2669/1/2665 2681/1/2677
f 2606/1/2601 2681/1/2677 2669/1/2665
f 2601/1/2597 2678/1/2676 2681/1/2677
f 2682/1/2678 2681/1/2677 2678/1/2676
f 2683/1/2679 2684/1/2682 2685/1/2680
f 2680/1/2675 2685/1/2680 2684/1/2682
f 1017/1/1016 2666/1/2664 2685/1/2680
f 2686/1/2681 2685/1/2680 2666/1/2664
f 2576/1/2572 2582/1/2578 2687/1/2683
f 2674/1/2672 2687/1/2683 2582/1/2578
f 2673/1/2669 2689/1/2685 2687/1/2683
f 2688/1/2684 2687/1/2683 2689/1/2685
f 2677/1/2673 2693/1/2689 2691/1/2687
f 2692/1/2688 2691/1/2687 2693/1/2689
f 2694/1/2690 2693/1/2689 2695/1/2691
f 2684/1/2682 2695/1/2691 2693/1/2689
f 2697/1/2693 2695/1/2691 2684/1/2682
f 2698/1/2694 2696/1/2692 2695/1/2691
f 2688/1/2684 2699/1/2695 2577/1/2573
f 2690/1/2686 2700/1/2696 2699/1/2695
f 2577/1/2573 2699/1/2695 2700/1/2696
f 2692/1/2688 2701/1/2697 2689/1/2685
f 2694/1/2690 2702/1/2699 2701/1/2697
f 2703/1/2698 2701/1/2697 2702/1/2699
f 2690/1/2686 2689/1/2685 2701/1/2697
f 2704/1/2700 2702/1/2699 2705/1/2701
f 2696/1/2692 2705/1/2701 2702/1/2699
f 2707/1/2703 2705/1/2701 2696/1/2692
f 2706/1/2702 2705/1/2701 2707/1/2703
f 2709/1/2705 2710/1/2709 2711/1/2706
f 2713/1/2708 2711/1/2706 2710/1/2709
f 299/1/298 298/1/297 2711/1/2706
f 2712/1/2707 2711/1/2706 298/1/297
f 241/1/240 240/1/239 2715/1/2711
f 2574/1/2570 2715/1/2711 240/1/239
f 2578/1/2574 2716/1/2712 2715/1/2711
f 2712/1/2707 2715/1/2711 2716/1/2712
f 2578/1/2574 2700/1/2696 2717/1/2713
f 2703/1/2698 2717/1/2713 2700/1/2696
f 2704/1/2700 2719/1/2715 2717/1/2713
f 2718/1/2714 2717/1/2713 2719/1/2715
f 2720/1/2716 2719/1/2715 2721/1/2717
f 2706/1/2702 2721/1/2717 2719/1/2715
f 2708/1/2704 2723/1/2719 2721/1/2717
f 2722/1/2718 2721/1/2717 2723/1/2719
f 2656/1/2652 2655/1/2651 2725/1/2721
f 2713/1/2708 2725/1/2721 2655/1/2651
f 2714/1/2710 2727/1/2723 2725/1/2721
f 2726/1/2722 2725/1/2721 2727/1/2723
f 2709/1/2705 2716/1/2712 2729/1/2725
f 2718/1/2714 2729/1/2725 2716/1/2712
f 2720/1/2716 2731/1/2727 2729/1/2725
f 2730/1/2726 2729/1/2725 2731/1/2727
f 2714/1/2710 2710/1/2709 2733/1/2729
f 2730/1/2726 2733/1/2729 2710/1/2709
f 2732/1/2728 2734/1/2730 2733/1/2729
f 2727/1/2723 2733/1/2729 2734/1/2730
f 2732/1/2728 2731/1/2727 2735/1/2731
f 2722/1/2718 2735/1/2731 2731/1/2727
f 2724/1/2720 2737/1/2733 2735/1/2731
f 2736/1/2732 2735/1/2731 2737/1/2733
f 2728/1/2724 2734/1/2730 2739/1/2735
f 2736/1/2732 2739/1/2735 2734/1/2730
f 2738/1/2734 2741/1/2737 2739/1/2735
f 2740/1/2736 2739/1/2735 2741/1/2737
f 2660/1/2656 2659/1/2655 2743/1/2739
f 2726/1/2722 2743/1/2739 2659/1/2655
f 2728/1/2724 2745/1/2741 2743/1/2739
f 2744/1/2740 2743/1/2739 2745/1/2741
f 2744/1/2740 2747/1/2743 2664/1/2659
f 2746/1/2742 2748/1/2745 2747/1/2743
f 2749/1/2744 2750/1/2746 2747/1/2743
f 2664/1/2659 2747/1/2743 2750/1/2746
f 2746/1/2742 2745/1/2741 2751/1/2747
f 2740/1/2736 2751/1/2747 2745/1/2741
f 2742/1/2738 2753/1/2749 2751/1/2747
f 2752/1/2748 2751/1/2747 2753/1/2749
f 2661/1/2657 2750/1/2746 2755/1/2751
f 2756/1/2752 2755/1/2751 2750/1/2746
f 2757/1/2753 2758/1/2754 2755/1/2751
f 2668/1/2663 2755/1/2751 2758/1/2754
f 2748/1/2745 2759/1/2756 2760/1/2755
f 2752/1/2748 2759/1/2756 2748/1/2745
f 2754/1/2750 2761/1/2758 2759/1/2756
f 2762/1/2757 2760/1/2755 2759/1/2756
f 2665/1/2661 2758/1/2754 2763/1/2759
f 2764/1/2760 2763/1/2759 2758/1/2754
f 2765/1/2761 2766/1/2762 2763/1/2759
f 2686/1/2681 2763/1/2759 2766/1/2762
f 2767/1/2763 2768/1/2766 2769/1/2764
f 2756/1/2752 2769/1/2764 2768/1/2766
f 2749/1/2744 2760/1/2755 2769/1/2764
f 2770/1/2765 2769/1/2764 2760/1/2755
f 2771/1/2767 2772/1/2770 2773/1/2768
f 2697/1/2693 2773/1/2768 2772/1/2770
f 2683/1/2679 2766/1/2762 2773/1/2768
f 2774/1/2769 2773/1/2768 2766/1/2762
f 2775/1/2771 2776/1/2774 2777/1/2772
f 2708/1/2704 2707/1/2703 2777/1/2772
f 2698/1/2694 2772/1/2770 2777/1/2772
f 2778/1/2773 2777/1/2772 2772/1/2770
f 2757/1/2753 2768/1/2766 2779/1/2775
f 2780/1/2776 2779/1/2775 2768/1/2766
f 2781/1/2777 2782/1/2778 2779/1/2775
f 2764/1/2760 2779/1/2775 2782/1/2778
f 2724/1/2720 2723/1/2719 2783/1/2779
f 2776/1/2774 2783/1/2779 2723/1/2719
f 2775/1/2771 2785/1/2781 2783/1/2779
f 2784/1/2780 2783/1/2779 2785/1/2781
f 2774/1/2769 2787/1/2783 2790/1/2786
f 2765/1/2761 2782/1/2778 2787/1/2783
f 2788/1/2784 2787/1/2783 2782/1/2778
f 2786/1/2782 2785/1/2781 2791/1/2787
f 2778/1/2773 2791/1/2787 2785/1/2781
f 2771/1/2767 2790/1/2786 2791/1/2787
f 2792/1/2788 2791/1/2787 2790/1/2786
f 2738/1/2734 2737/1/2733 2793/1/2789
f 2784/1/2780 2793/1/2789 2737/1/2733
f 2786/1/2782 2795/1/2791 2793/1/2789
f 2794/1/2790 2793/1/2789 2795/1/2791
f 2742/1/2738 2741/1/2737 2797/1/2793
f 2794/1/2790 2797/1/2793 2741/1/2737
f 2796/1/2792 2799/1/2795 2797/1/2793
f 2798/1/2794 2797/1/2793 2799/1/2795
f 2796/1/2792 2795/1/2791 2801/1/2797
f 2792/1/2788 2801/1/2797 2795/1/2791
f 2802/1/2798 2801/1/2797 2792/1/2788
f 2800/1/2796 2799/1/2795 2803/1/2799
f 2802/1/2798 2803/1/2799 2799/1/2795
f 2789/1/2785 2805/1/2801 2803/1/2799
f 2804/1/2800 2803/1/2799 2805/1/2801
f 2788/1/2784 2807/1/2805 2805/1/2801
f 2808/1/2803 2807/1/2805 2788/1/2784
f 2809/1/2804 2810/1/2806 2807/1/2805
f 2806/1/2802 2805/1/2801 2807/1/2805
f 2810/1/2806 2811/1/2810 2812/1/2807
f 2813/1/2808 2811/1/2810 2810/1/2806
f 2814/1/2809 2815/1/2812 2811/1/2810
f 2816/1/2811 2812/1/2807 2811/1/2810
f 2781/1/2777 2780/1/2776 2817/1/2813
f 2767/1/2763 2818/1/2815 2817/1/2813
f 2819/1/2814 2817/1/2813 2818/1/2815
f 2808/1/2803 2817/1/2813 2819/1/2814
f 2820/1/2816 2818/1/2815 2821/1/2817
f 2770/1/2765 2821/1/2817 2818/1/2815
f 2762/1/2757 2823/1/2819 2821/1/2817
f 2822/1/2818 2821/1/2817 2823/1/2819
f 2804/1/2800 2825/1/2821 2828/1/2824
f 2806/1/2802 2812/1/2807 2825/1/2821
f 2754/1/2750 2753/1/2749 2829/1/2825
f 2798/1/2794 2829/1/2825 2753/1/2749
f 2800/1/2796 2828/1/2824 2829/1/2825
f 2830/1/2826 2829/1/2825 2828/1/2824
f 2824/1/2820 2823/1/2819 2831/1/2827
f 2761/1/2758 2831/1/2827 2823/1/2819
f 2830/1/2826 2831/1/2827 2761/1/2758
f 2830/1/2826 2827/1/2823 2832/1/2828
f 2822/1/2818 2833/1/2829 2836/1/2832
f 2824/1/2820 2832/1/2828 2833/1/2829
f 2816/1/2811 2815/1/2812 2837/1/2833
f 2838/1/2834 2837/1/2833 2815/1/2812
f 2834/1/2830 2837/1/2833 2838/1/2834
f 2826/1/2822 2837/1/2833 2834/1/2830
f 2814/1/2809 2813/1/2808 2839/1/2835
f 2819/1/2814 2839/1/2835 2813/1/2808
f 2820/1/2816 2836/1/2832 2839/1/2835
f 2835/1/2831 2838/1/2834 2839/1/2835
f 1086/1/1085 2840/1/2836 2843/1/2839
f 1068/1/1068 1073/1/1073 2840/1/2836
f 2841/1/2837 2840/1/2836 1073/1/1073
f 1170/1/1169 1173/1/1171 2844/1/2840
f 1167/1/1166 1166/1/1165 2844/1/2840
f 2843/1/2839 2844/1/2840 1166/1/1165
f 2845/1/2841 2844/1/2840 2843/1/2839
f 1176/1/1175 2846/1/6713 2847/1/2842
f 2845/1/2841 2846/1/6713 1176/1/1175
f 2847/1/2842 2846/1/6713 2848/1/2843
f 1032/1/1032 1037/1/1039 2850/1/2845
f 2851/1/2846 2850/1/2845 1037/1/1039
f 2852/1/2847 2853/1/2848 2850/1/2845
f 1071/1/1071 2850/1/2845 2853/1/2848
f 1072/1/1072 2853/1/2848 2854/1/2849
f 2855/1/2850 2854/1/2849 2853/1/2848
f 2856/1/2851 2857/1/2852 2854/1/2849
f 2841/1/2837 2854/1/2849 2857/1/2852
f 2849/1/2844 2848/1/2843 2858/1/2853
f 2859/1/2854 2858/1/2853 2857/1/2852
f 1036/1/1036 1041/1/1043 2860/1/2855
f 2861/1/2856 2860/1/2855 1041/1/1043
f 2862/1/2857 2863/1/2858 2860/1/2855
f 2851/1/2846 2860/1/2855 2863/1/2858
f 1177/1/1176 2847/1/2842 2864/1/2859
f 2849/1/2844 2865/1/2861 2864/1/2859
f 2866/1/2860 2867/1/2862 2864/1/2859
f 1181/1/1179 2864/1/2859 2867/1/2862
f 2852/1/2847 2863/1/2858 2868/1/2863
f 2870/1/2865 2871/1/2866 2868/1/2863
f 2855/1/2850 2868/1/2863 2871/1/2866
f 2866/1/2860 2865/1/2861 2872/1/2867
f 2859/1/2854 2872/1/2867 2865/1/2861
f 2856/1/2851 2871/1/2866 2872/1/2867
f 2873/1/2868 2872/1/2867 2871/1/2866
f 2861/1/2856 2874/1/2870 2875/1/2869
f 2861/1/2856 1040/1/1040 1045/1/1045
f 1047/1/1047 2876/1/2871 2874/1/2870
f 1178/1/1177 2867/1/2862 2878/1/2873
f 2879/1/2874 2878/1/2873 2867/1/2862
f 2880/1/2875 2881/1/2876 2878/1/2873
f 1185/1/1183 2878/1/2873 2881/1/2876
f 2869/1/2864 2882/1/2878 2883/1/2877
f 2883/1/2877 2882/1/2878 2884/1/2879
f 2866/1/2860 2873/1/2868 2886/1/2881
f 2870/1/2865 2883/1/2877 2886/1/2881
f 2885/1/2880 2887/1/2882 2886/1/2881
f 2879/1/2874 2886/1/2881 2887/1/2882
f 1050/1/1050 2888/1/2883 2876/1/2871
f 1049/1/1049 2890/1/2885 2888/1/2883
f 2889/1/2884 2888/1/2883 2890/1/2885
f 2885/1/2880 2884/1/2879 2892/1/2887
f 2889/1/2884 2892/1/2887 2884/1/2879
f 2891/1/2886 2894/1/2889 2892/1/2887
f 2893/1/2888 2892/1/2887 2894/1/2889
f 2896/1/2891 2897/1/2894 2898/1/2892
f 2599/1/2595 2898/1/2892 2897/1/2894
f 2597/1/2593 2594/1/2592 2898/1/2892
f 2899/1/2893 2898/1/2892 2594/1/2592
f 2891/1/2886 2890/1/2885 2900/1/2895
f 1053/1/1053 2900/1/2895 2890/1/2885
f 1055/1/1055 2897/1/2894 2900/1/2895
f 2895/1/2890 2894/1/2889 2902/1/2897
f 2901/1/2896 2902/1/2897 2894/1/2889
f 2903/1/2898 2902/1/2897 2904/1/2899
f 1182/1/1181 2881/1/2876 2906/1/2901
f 2907/1/2902 2906/1/2901 2881/1/2876
f 2908/1/2903 2909/1/2904 2906/1/2901
f 1189/1/1187 2906/1/2901 2909/1/2904
f 2880/1/2875 2887/1/2882 2910/1/2905
f 2893/1/2888 2910/1/2905 2887/1/2882
f 2895/1/2890 2911/1/2906 2910/1/2905
f 2907/1/2902 2910/1/2905 2911/1/2906
f 2559/1/2555 2557/1/2554 2912/1/2907
f 2913/1/2908 2912/1/2907 2557/1/2554
f 2914/1/2909 2915/1/2910 2912/1/2907
f 2899/1/2893 2912/1/2907 2915/1/2910
f 2543/1/2539 2540/1/2538 2916/1/2911
f 2515/1/2512 2916/1/2911 2540/1/2538
f 1148/1/1147 2918/1/2913 2916/1/2911
f 2917/1/2912 2916/1/2911 2918/1/2913
f 2924/1/2919 2925/1/2920 2917/1/2912
f 2913/1/2908 2925/1/2920 2924/1/2919
f 2533/1/2529 2546/1/2543 2925/1/2920
f 2917/1/2912 2925/1/2920 2546/1/2543
f 2923/1/2918 2922/1/2917 2926/1/2921
f 2914/1/2909 2924/1/2919 2926/1/2921
f 2927/1/2922 2926/1/2921 2924/1/2919
f 1186/1/1185 2909/1/2904 2928/1/2923
f 2930/1/2925 2928/1/2923 2909/1/2904
f 2923/1/2918 2927/1/2922 2928/1/2923
f 2929/1/2924 2928/1/2923 2927/1/2922
f 1144/1/1143 1187/1/1188 2931/1/2926
f 2929/1/2924 2931/1/2926 1187/1/1188
f 2919/1/2914 2918/1/2913 2931/1/2926
f 1147/1/1146 2931/1/2926 2918/1/2913
f 2908/1/2903 2911/1/2906 2932/1/2927
f 2903/1/2898 2932/1/2927 2911/1/2906
f 2905/1/2900 2921/1/2916 2932/1/2927
f 2930/1/2925 2932/1/2927 2921/1/2916
f 1351/1/1350 2933/1/2931 2934/1/2928
f 2935/1/2929 2933/1/2931 1351/1/1350
f 2936/1/2930 2937/1/2932 2933/1/2931
f 2934/1/2928 2933/1/2931 2937/1/2932
f 2938/1/2933 2940/1/2936 2939/1/2934
f 2941/1/2935 2942/1/2937 2939/1/2934
f 2938/1/2933 2937/1/2932 2943/1/2938
f 2944/1/2939 2943/1/2938 2937/1/2932
f 2945/1/2940 2946/1/2941 2943/1/2938
f 2940/1/2936 2943/1/2938 2946/1/2941
f 1359/1/1359 2947/1/2943 2948/1/2942
f 2949/1/2944 2947/1/2943 2942/1/2937
f 2948/1/2942 2947/1/2943 2949/1/2944
f 1364/1/1364 1363/1/1363 2951/1/2946
f 2950/1/2945 2952/1/2947 2951/1/2946
f 1394/1/1396 2951/1/2946 2952/1/2947
f 1397/1/1397 2952/1/2947 2953/1/2948
f 2955/1/2950 2953/1/2948 2952/1/2947
f 2956/1/2951 2957/1/2952 2953/1/2948
f 1396/1/1395 2959/1/2954 2373/1/2370
f 1397/1/1397 2954/1/2949 2959/1/2954
f 2960/1/2955 2959/1/2954 2954/1/2949
f 2432/1/2429 2431/1/2428 2961/1/2956
f 2426/1/2422 2961/1/2956 2431/1/2428
f 2374/1/2371 2960/1/2955 2961/1/2956
f 2962/1/2957 2961/1/2956 2960/1/2955
f 2941/1/2935 2946/1/2941 2963/1/2958
f 2964/1/2959 2963/1/2958 2946/1/2941
f 2964/1/2959 2956/1/2951 2955/1/2950
f 2950/1/2945 2949/1/2944 2963/1/2958
f 2965/1/2960 2966/1/2963 2967/1/2961
f 2531/1/2526 2967/1/2961 2966/1/2963
f 2536/1/2532 2618/1/2617 2967/1/2961
f 2968/1/2962 2967/1/2961 2618/1/2617
f 2969/1/2964 2970/1/2966 2966/1/2963
f 2971/1/2965 2972/1/2967 2970/1/2966
f 2544/1/2540 2548/1/2544 2970/1/2966
f 2966/1/2963 2970/1/2966 2548/1/2544
f 2527/1/2523 2545/1/2541 2973/1/2968
f 2972/1/2967 2973/1/2968 2545/1/2541
f 2974/1/2969 2973/1/2968 2972/1/2967
f 2975/1/2970 2976/1/2974 2977/1/2971
f 2979/1/2973 2980/1/2976 2976/1/2974
f 2981/1/2975 2976/1/2974 2980/1/2976
f 2977/1/2971 2976/1/2974 2981/1/2975
f 2984/1/2979 2985/1/2983 2986/1/2980
f 2988/1/2982 2989/1/2984 2985/1/2983
f 2975/1/2970 2985/1/2983 2989/1/2984
f 2978/1/2972 2986/1/2980 2985/1/2983
f 2990/1/2985 2991/1/2989 2992/1/2986
f 2994/1/2988 2992/1/2986 2991/1/2989
f 2982/1/2977 2996/1/2991 2992/1/2986
f 2993/1/2987 2992/1/2986 2996/1/2991
f 2995/1/2990 2998/1/2994 2999/1/2993
f 2983/1/2978 2981/1/2975 2999/1/2993
f 2994/1/2988 2999/1/2993 2981/1/2975
f 3000/1/2995 3001/1/2999 3002/1/2996
f 3004/1/2998 3002/1/2996 3001/1/2999
f 3006/1/3001 3007/1/3002 3002/1/2996
f 3003/1/2997 3002/1/2996 3007/1/3002
f 3008/1/3003 3007/1/3002 3009/1/3004
f 3011/1/3006 3009/1/3004 3007/1/3002
f 3012/1/3007 3013/1/3008 3009/1/3004
f 3010/1/3005 3009/1/3004 3013/1/3008
f 3015/1/3010 3016/1/3013 3017/1/3011
f 3014/1/3009 3013/1/3008 3016/1/3013
f 3019/1/3014 3016/1/3013 3013/1/3008
f 3020/1/3015 3017/1/3011 3016/1/3013
f 3021/1/3016 3022/1/3020 3023/1/3017
f 3025/1/3019 3023/1/3017 3022/1/3020
f 3027/1/3022 3028/1/3023 3023/1/3017
f 3024/1/3018 3023/1/3017 3028/1/3023
f 3029/1/3024 3028/1/3023 3030/1/3025
f 3032/1/3027 3030/1/3025 3028/1/3023
f 3033/1/3028 3034/1/3029 3030/1/3025
f 3031/1/3026 3030/1/3025 3034/1/3029
f 3035/1/3030 3034/1/3029 3036/1/3031
f 3038/1/3033 3036/1/3031 3034/1/3029
f 3039/1/3034 3040/1/3035 3036/1/3031
f 3037/1/3032 3036/1/3031 3040/1/3035
f 3041/1/3036 3040/1/3035 3042/1/3037
f 3044/1/3039 3042/1/3037 3040/1/3035
f 3045/1/3040 3046/1/3041 3042/1/3037
f 3043/1/3038 3042/1/3037 3046/1/3041
f 3047/1/3042 3046/1/3041 3048/1/3043
f 3050/1/3045 3048/1/3043 3046/1/3041
f 3051/1/3046 3048/1/3043 3050/1/3045
f 3053/1/3048 3049/1/3044 3048/1/3043
f 3054/1/3049 3055/1/3054 3056/1/3050
f 2507/1/2503 2511/1/2507 3055/1/3054
f 2512/1/2509 3056/1/3050 3055/1/3054
f 3061/1/3056 3060/1/3055 3062/1/3057
f 3064/1/3059 3065/1/3060 3060/1/3055
f 3003/1/2997 3060/1/3055 3065/1/3060
f 3057/1/3051 3066/1/3063 3067/1/3061
f 3068/1/3062 3067/1/3061 3066/1/3063
f 3070/1/3065 3071/1/3066 3067/1/3061
f 3054/1/3049 3067/1/3061 3071/1/3066
f 3063/1/3058 3072/1/3068 3073/1/3067
f 3068/1/3062 3073/1/3067 3072/1/3068
f 3069/1/3064 3074/1/3069 3073/1/3067
f 3061/1/3056 3073/1/3067 3074/1/3069
f 3075/1/3070 3076/1/3072 3059/1/3053
f 3077/1/3071 3078/1/3073 3076/1/3072
f 2508/1/2504 3076/1/3072 3078/1/3073
f 3059/1/3053 3076/1/3072 2508/1/2504
f 3014/1/3009 3079/1/3076 3080/1/3074
f 3081/1/3075 3080/1/3074 3079/1/3076
f 3063/1/3058 3062/1/3057 3080/1/3074
f 3010/1/3005 3080/1/3074 3062/1/3057
f 3058/1/3052 3071/1/3066 3083/1/3078
f 3085/1/3080 3086/1/3081 3083/1/3078
f 3075/1/3070 3083/1/3078 3086/1/3081
f 3082/1/3077 3087/1/3083 3088/1/3082
f 3084/1/3079 3088/1/3082 3087/1/3083
f 3081/1/3075 3088/1/3082 3072/1/3068
f 2390/1/2386 3078/1/3073 3089/1/3084
f 3090/1/3085 3089/1/3084 3078/1/3073
f 3091/1/3086 3092/1/3087 3089/1/3084
f 2387/1/2384 3089/1/3084 3092/1/3087
f 3015/1/3010 3093/1/3088 3079/1/3076
f 3018/1/3012 3094/1/3090 3093/1/3088
f 3095/1/3089 3093/1/3088 3094/1/3090
f 3082/1/3077 3079/1/3076 3093/1/3088
f 3077/1/3071 3086/1/3081 3097/1/3092
f 3098/1/3093 3097/1/3092 3086/1/3081
f 3099/1/3094 3100/1/3095 3097/1/3092
f 3090/1/3085 3097/1/3092 3100/1/3095
f 3096/1/3091 3101/1/3097 3102/1/3096
f 3085/1/3080 3087/1/3083 3102/1/3096
f 3095/1/3089 3102/1/3096 3087/1/3083
f 3103/1/3098 3104/1/3101 3105/1/3099
f 2553/1/2549 3105/1/3099 3104/1/3101
f 2280/1/2277 2302/1/2299 3105/1/3099
f 3106/1/3100 3105/1/3099 2302/1/2299
f 3107/1/3102 3108/1/3103 3092/1/3087
f 3106/1/3100 3108/1/3103 3107/1/3102
f 2304/1/2300 2306/1/2305 3108/1/3103
f 3109/1/3104 3110/1/3108 3111/1/3105
f 3113/1/3107 3111/1/3105 3110/1/3108
f 3096/1/3091 3094/1/3090 3111/1/3105
f 3112/1/3106 3111/1/3105 3094/1/3090
f 3114/1/3109 3115/1/3112 3116/1/3110
f 3117/1/3111 3116/1/3110 3115/1/3112
f 3099/1/3094 3101/1/3097 3116/1/3110
f 3113/1/3107 3116/1/3110 3101/1/3097
f 3118/1/3113 3119/1/3115 3120/1/3114
f 3107/1/3102 3120/1/3114 3119/1/3115
f 3091/1/3086 3100/1/3095 3120/1/3114
f 3117/1/3111 3120/1/3114 3100/1/3095
f 3121/1/3116 3122/1/3120 3123/1/3117
f 3125/1/3119 3123/1/3117 3122/1/3120
f 3114/1/3109 3110/1/3108 3123/1/3117
f 3124/1/3118 3123/1/3117 3110/1/3108
f 3103/1/3098 3119/1/3115 3127/1/3122
f 3129/1/3124 3127/1/3122 3119/1/3115
f 3130/1/3125 3131/1/3126 3127/1/3122
f 3128/1/3123 3127/1/3122 3131/1/3126
f 3126/1/3121 3133/1/3129 3134/1/3128
f 3129/1/3124 3134/1/3128 3133/1/3129
f 3118/1/3113 3115/1/3112 3134/1/3128
f 3125/1/3119 3134/1/3128 3115/1/3112
f 3021/1/3016 3135/1/3133 3136/1/3130
f 3138/1/3132 3136/1/3130 3135/1/3133
f 3126/1/3121 3122/1/3120 3136/1/3130
f 3137/1/3131 3136/1/3130 3122/1/3120
f 3139/1/3134 3140/1/3137 3141/1/3135
f 3142/1/3136 3141/1/3135 3140/1/3137
f 3130/1/3125 3133/1/3129 3141/1/3135
f 3138/1/3132 3141/1/3135 3133/1/3129
f 3143/1/3138 3144/1/3141 3145/1/3139
f 3146/1/3140 3145/1/3139 3144/1/3141
f 3132/1/3127 3131/1/3126 3145/1/3139
f 3142/1/3136 3145/1/3139 3131/1/3126
f 3146/1/3140 3148/1/3143 3128/1/3123
f 3147/1/3142 3149/1/3144 3148/1/3143
f 3029/1/3024 3150/1/3147 3151/1/3145
f 3152/1/3146 3151/1/3145 3150/1/3147
f 3139/1/3134 3135/1/3133 3151/1/3145
f 3024/1/3018 3151/1/3145 3135/1/3133
f 3154/1/3149 3155/1/3152 3156/1/3150
f 3144/1/3141 3156/1/3150 3155/1/3152
f 3143/1/3138 3157/1/3151 3156/1/3150
f 3153/1/3148 3158/1/3154 3159/1/3153
f 3157/1/3151 3159/1/3153 3158/1/3154
f 3143/1/3138 3140/1/3137 3159/1/3153
f 3152/1/3146 3159/1/3153 3140/1/3137
f 3147/1/3142 3160/1/3156 3161/1/3155
f 3160/1/3156 3162/1/3166 3163/1/3157
f 2611/1/2607 2614/1/2609 3161/1/3155
f 3149/1/3144 3161/1/3155 2614/1/2609
f 3035/1/3030 3164/1/3160 3165/1/3158
f 3166/1/3159 3165/1/3158 3164/1/3160
f 3153/1/3148 3150/1/3147 3165/1/3158
f 3031/1/3026 3165/1/3158 3150/1/3147
f 3147/1/3142 3155/1/3152 3168/1/3162
f 3169/1/3163 3168/1/3162 3155/1/3152
f 3170/1/3164 3171/1/3165 3168/1/3162
f 3160/1/3156 3168/1/3162 3171/1/3165
f 3167/1/3161 3172/1/3168 3173/1/3167
f 3169/1/3163 3173/1/3167 3172/1/3168
f 3154/1/3149 3158/1/3154 3173/1/3167
f 3166/1/3159 3173/1/3167 3158/1/3154
f 2965/1/2960 2968/1/2962 3174/1/3169
f 2617/1/2613 3176/1/3171 3174/1/3169
f 3175/1/3170 3174/1/3169 3176/1/3171
f 3178/1/3173 3179/1/3174 3163/1/3157
f 3177/1/3172 3176/1/3171 3179/1/3174
f 2620/1/2615 3179/1/3174 3176/1/3171
f 2611/1/2607 3163/1/3157 3179/1/3174
f 3041/1/3036 3180/1/3177 3181/1/3175
f 3182/1/3176 3181/1/3175 3180/1/3177
f 3167/1/3161 3164/1/3160 3181/1/3175
f 3037/1/3032 3181/1/3175 3164/1/3160
f 3162/1/3166 3171/1/3165 3184/1/3179
f 3185/1/3180 3184/1/3179 3171/1/3165
f 3186/1/3181 3187/1/3182 3184/1/3179
f 3178/1/3173 3184/1/3179 3187/1/3182
f 3183/1/3178 3188/1/3184 3189/1/3183
f 3185/1/3180 3189/1/3183 3188/1/3184
f 3170/1/3164 3172/1/3168 3189/1/3183
f 3182/1/3176 3189/1/3183 3172/1/3168
f 2965/1/2960 3175/1/3170 3190/1/3185
f 3191/1/3186 3190/1/3185 3175/1/3170
f 3192/1/3187 3193/1/3188 3190/1/3185
f 2969/1/2964 3190/1/3185 3193/1/3188
f 3194/1/3189 3195/1/3190 3193/1/3188
f 2519/1/2516 2974/1/2969 3195/1/3190
f 2971/1/2965 3193/1/3188 3195/1/3190
f 3047/1/3042 3196/1/3193 3197/1/3191
f 3198/1/3192 3197/1/3191 3196/1/3193
f 3183/1/3178 3180/1/3177 3197/1/3191
f 3043/1/3038 3197/1/3191 3180/1/3177
f 3177/1/3172 3187/1/3182 3200/1/3195
f 3201/1/3196 3200/1/3195 3187/1/3182
f 3202/1/3197 3203/1/3198 3200/1/3195
f 3191/1/3186 3200/1/3195 3203/1/3198
f 3199/1/3194 3204/1/3200 3205/1/3199
f 3201/1/3196 3205/1/3199 3204/1/3200
f 3186/1/3181 3188/1/3184 3205/1/3199
f 3198/1/3192 3205/1/3199 3188/1/3184
f 3194/1/3189 3206/1/3201 2520/1/2517
f 3192/1/3187 3207/1/3203 3206/1/3201
f 3208/1/3202 3206/1/3201 3207/1/3203
f 2522/1/3205 2520/1/2517 3206/1/3201
f 3210/1/3206 3211/1/3209 3212/1/3207
f 3211/1/3209 3209/1/3204 3207/1/3203
f 3192/1/3187 3203/1/3198 3212/1/3207
f 3213/1/3208 3212/1/3207 3203/1/3198
f 3214/1/3210 3215/1/3212 3049/1/3044
f 3216/1/3211 3217/1/3213 3215/1/3212
f 3199/1/3194 3196/1/3193 3215/1/3212
f 3049/1/3044 3215/1/3212 3196/1/3193
f 3217/1/3213 3216/1/3211 3218/1/3214
f 3218/1/3214 3210/1/3206 3213/1/3208
f 3202/1/3197 3204/1/3200 3219/1/3215
f 3217/1/3213 3219/1/3215 3204/1/3200
f 3220/1/3216 3221/1/3220 3222/1/3217
f 3224/1/3219 3222/1/3217 3221/1/3220
f 2979/1/2973 2989/1/2984 3222/1/3217
f 3223/1/3218 3222/1/3217 2989/1/2984
f 3225/1/3221 3226/1/3224 3227/1/3222
f 3228/1/3223 3227/1/3222 3226/1/3224
f 2982/1/2977 2980/1/2976 3227/1/3222
f 3224/1/3219 3227/1/3222 2980/1/2976
f 2997/1/2992 3230/1/3228 3231/1/3226
f 3232/1/3227 3231/1/3226 3230/1/3228
f 3234/1/3230 3235/1/3231 3231/1/3226
f 2993/1/2987 3231/1/3226 3235/1/3231
f 3229/1/3225 3236/1/3233 3237/1/3232
f 3230/1/3228 3237/1/3232 3236/1/3233
f 2997/1/2992 2996/1/2991 3237/1/3232
f 3228/1/3223 3237/1/3232 2996/1/2991
f 3238/1/3234 3239/1/3236 3232/1/3227
f 3238/1/3234 3240/1/3266 3241/1/3235
f 3242/1/3237 3243/1/3238 3239/1/3236
f 3232/1/3227 3239/1/3236 3243/1/3238
f 3244/1/3239 3245/1/3243 3246/1/3240
f 3248/1/3242 3246/1/3240 3245/1/3243
f 3250/1/3245 3251/1/3246 3246/1/3240
f 3247/1/3241 3246/1/3240 3251/1/3246
f 3225/1/3221 3221/1/3220 3253/1/3248
f 3255/1/3250 3253/1/3248 3221/1/3220
f 3256/1/3251 3257/1/3252 3253/1/3248
f 3254/1/3249 3253/1/3248 3257/1/3252
f 3254/1/3249 3259/1/3256 3226/1/3224
f 3260/1/3254 3259/1/3256 3254/1/3249
f 3261/1/3255 3262/1/3257 3259/1/3256
f 3229/1/3225 3226/1/3224 3259/1/3256
f 3229/1/3225 3262/1/3257 3263/1/3258
f 3264/1/3259 3263/1/3258 3262/1/3257
f 3265/1/3260 3266/1/3261 3263/1/3258
f 3236/1/3233 3263/1/3258 3266/1/3261
f 3233/1/3229 3266/1/3261 3267/1/3262
f 3268/1/3263 3267/1/3262 3266/1/3261
f 3269/1/3264 3270/1/3265 3267/1/3262
f 3238/1/3234 3267/1/3262 3270/1/3265
f 3240/1/3266 3270/1/3265 3271/1/3267
f 3273/1/3269 3271/1/3267 3270/1/3265
f 3274/1/3270 3275/1/3271 3271/1/3267
f 3272/1/3268 3271/1/3267 3275/1/3271
f 3276/1/3272 3275/1/3271 3277/1/3273
f 3279/1/3275 3277/1/3273 3275/1/3271
f 3279/1/3275 3280/1/3297 3281/1/3276
f 3282/1/3277 3278/1/3274 3277/1/3273
f 3249/1/3244 3245/1/3243 3283/1/3278
f 3285/1/3280 3283/1/3278 3245/1/3243
f 3286/1/3281 3287/1/3282 3283/1/3278
f 3284/1/3279 3283/1/3278 3287/1/3282
f 3288/1/3283 3287/1/3282 3289/1/3284
f 3291/1/3286 3289/1/3284 3287/1/3282
f 3292/1/3287 3293/1/3288 3289/1/3284
f 3290/1/3285 3289/1/3284 3293/1/3288
f 3294/1/3289 3293/1/3288 3295/1/3290
f 3297/1/3292 3295/1/3290 3293/1/3288
f 3298/1/3293 3299/1/3295 3295/1/3290
f 3300/1/3294 3296/1/3291 3295/1/3290
f 3281/1/3276 3301/1/3298 3302/1/3296
f 3280/1/3297 3303/1/3299 3301/1/3298
f 3303/1/3299 3252/1/3247 3251/1/3246
f 3302/1/3296 3301/1/3298 3251/1/3246
f 3304/1/3300 3305/1/3303 3306/1/3301
f 3303/1/3299 3306/1/3301 3305/1/3303
f 3280/1/3297 3308/1/3304 3306/1/3301
f 3307/1/3302 3306/1/3301 3308/1/3304
f 3292/1/3287 3310/1/3308 3311/1/3306
f 3312/1/3307 3311/1/3306 3310/1/3308
f 3314/1/3310 3315/1/3311 3311/1/3306
f 3297/1/3292 3311/1/3306 3315/1/3311
f 3286/1/3281 3316/1/3314 3317/1/3312
f 3318/1/3313 3317/1/3312 3316/1/3314
f 3313/1/3309 3310/1/3308 3317/1/3312
f 3291/1/3286 3317/1/3312 3310/1/3308
f 3286/1/3281 3285/1/3280 3320/1/3316
f 3322/1/3318 3323/1/3319 3320/1/3316
f 3323/1/3319 3319/1/3315 3316/1/3314
f 3322/1/3318 3321/1/3317 3324/1/3320
f 3247/1/3241 3324/1/3320 3321/1/3317
f 3252/1/3247 3305/1/3303 3324/1/3320
f 3325/1/3321 3324/1/3320 3305/1/3303
f 3274/1/3270 3326/1/3324 3327/1/3322
f 3328/1/3323 3327/1/3322 3326/1/3324
f 3309/1/3305 3308/1/3304 3327/1/3322
f 3279/1/3275 3327/1/3322 3308/1/3304
f 3269/1/3264 3330/1/3328 3331/1/3326
f 3332/1/3327 3331/1/3326 3330/1/3328
f 3329/1/3325 3326/1/3324 3331/1/3326
f 3273/1/3269 3331/1/3326 3326/1/3324
f 3265/1/3260 3334/1/3332 3335/1/3330
f 3336/1/3331 3335/1/3330 3334/1/3332
f 3333/1/3329 3330/1/3328 3335/1/3330
f 3268/1/3263 3335/1/3330 3330/1/3328
f 3261/1/3255 3338/1/3336 3339/1/3334
f 3340/1/3335 3339/1/3334 3338/1/3336
f 3337/1/3333 3334/1/3332 3339/1/3334
f 3264/1/3259 3339/1/3334 3334/1/3332
f 3258/1/3253 3342/1/3340 3343/1/3338
f 3344/1/3339 3343/1/3338 3342/1/3340
f 3341/1/3337 3338/1/3336 3343/1/3338
f 3260/1/3254 3343/1/3338 3338/1/3336
f 3258/1/3253 3257/1/3252 3346/1/3342
f 3347/1/3343 3346/1/3342 3257/1/3252
f 3348/1/3344 3349/1/3345 3346/1/3342
f 3345/1/3341 3342/1/3340 3346/1/3342
f 3350/1/3346 3351/1/3349 3352/1/3347
f 3112/1/3106 3352/1/3347 3351/1/3349
f 3018/1/3012 3017/1/3011 3352/1/3347
f 3353/1/3348 3352/1/3347 3017/1/3011
f 3121/1/3116 3354/1/3352 3355/1/3350
f 3356/1/3351 3355/1/3350 3354/1/3352
f 3026/1/3021 3022/1/3020 3355/1/3350
f 3137/1/3131 3355/1/3350 3022/1/3020
f 3357/1/3353 3354/1/3352 3358/1/3354
f 3124/1/3118 3358/1/3354 3354/1/3352
f 3109/1/3104 3351/1/3349 3358/1/3354
f 3359/1/3355 3358/1/3354 3351/1/3349
f 3020/1/3015 3360/1/3358 3361/1/3356
f 3362/1/3357 3361/1/3356 3360/1/3358
f 3364/1/3360 3365/1/3361 3361/1/3356
f 3353/1/3348 3361/1/3356 3365/1/3361
f 3005/1/3000 3366/1/3364 3367/1/3362
f 3368/1/3363 3367/1/3362 3366/1/3364
f 3370/1/3366 3371/1/3367 3367/1/3362
f 3004/1/2998 3367/1/3362 3371/1/3367
f 3369/1/3365 3372/1/3369 3373/1/3368
f 3312/1/3307 3373/1/3368 3372/1/3369
f 3313/1/3309 3374/1/3370 3373/1/3368
f 3368/1/3363 3373/1/3368 3374/1/3370
f 3376/1/3372 3375/1/3371 3371/1/3367
f 3377/1/3373 3378/1/3374 3375/1/3371
f 3011/1/3006 3375/1/3371 3378/1/3374
f 3370/1/3366 3374/1/3370 3379/1/3375
f 3318/1/3313 3379/1/3375 3374/1/3370
f 3319/1/3315 3380/1/3376 3379/1/3375
f 3376/1/3372 3379/1/3375 3380/1/3376
f 3381/1/3377 3382/1/3378 3378/1/3374
f 3363/1/3359 3360/1/3358 3382/1/3378
f 3019/1/3014 3382/1/3378 3360/1/3358
f 3012/1/3007 3378/1/3374 3382/1/3378
f 3381/1/3377 3383/1/3380 3384/1/3379
f 3377/1/3373 3380/1/3376 3383/1/3380
f 3380/1/3376 3319/1/3315 3323/1/3319
f 3322/1/3318 3384/1/3379 3383/1/3380
f 3363/1/3359 3384/1/3379 3385/1/3381
f 3325/1/3321 3385/1/3381 3384/1/3379
f 3304/1/3300 3386/1/3382 3385/1/3381
f 3362/1/3357 3385/1/3381 3386/1/3382
f 3026/1/3021 3387/1/3385 3388/1/3383
f 3389/1/3384 3388/1/3383 3387/1/3385
f 3391/1/3387 3392/1/3388 3388/1/3383
f 3025/1/3019 3388/1/3383 3392/1/3388
f 3357/1/3353 3393/1/3391 3394/1/3389
f 3395/1/3390 3394/1/3389 3393/1/3391
f 3390/1/3386 3387/1/3385 3394/1/3389
f 3356/1/3351 3394/1/3389 3387/1/3385
f 3390/1/3386 3397/1/3394 3398/1/3393
f 3332/1/3327 3398/1/3393 3397/1/3394
f 3333/1/3329 3399/1/3395 3398/1/3393
f 3389/1/3384 3398/1/3393 3399/1/3395
f 3329/1/3325 3397/1/3394 3400/1/3396
f 3395/1/3390 3400/1/3396 3397/1/3394
f 3396/1/3392 3401/1/3397 3400/1/3396
f 3328/1/3323 3400/1/3396 3401/1/3397
f 3027/1/3022 3392/1/3388 3402/1/3398
f 3403/1/3399 3402/1/3398 3392/1/3388
f 3404/1/3400 3405/1/3401 3402/1/3398
f 3032/1/3027 3402/1/3398 3405/1/3401
f 3391/1/3387 3399/1/3395 3406/1/3402
f 3336/1/3331 3406/1/3402 3399/1/3395
f 3337/1/3333 3407/1/3403 3406/1/3402
f 3403/1/3399 3406/1/3402 3407/1/3403
f 3033/1/3028 3405/1/3401 3408/1/3404
f 3409/1/3405 3408/1/3404 3405/1/3401
f 3410/1/3406 3411/1/3407 3408/1/3404
f 3038/1/3033 3408/1/3404 3411/1/3407
f 3404/1/3400 3407/1/3403 3412/1/3408
f 3340/1/3335 3412/1/3408 3407/1/3403
f 3341/1/3337 3413/1/3409 3412/1/3408
f 3409/1/3405 3412/1/3408 3413/1/3409
f 3039/1/3034 3411/1/3407 3414/1/3410
f 3415/1/3411 3414/1/3410 3411/1/3407
f 3416/1/3412 3417/1/3413 3414/1/3410
f 3044/1/3039 3414/1/3410 3417/1/3413
f 3410/1/3406 3413/1/3409 3418/1/3414
f 3344/1/3339 3418/1/3414 3413/1/3409
f 3345/1/3341 3419/1/3415 3418/1/3414
f 3415/1/3411 3418/1/3414 3419/1/3415
f 3420/1/3416 3421/1/3419 3417/1/3413
f 3422/1/3417 3421/1/3419 3420/1/3416
f 3052/1/3047 3050/1/3045 3421/1/3419
f 3045/1/3040 3417/1/3413 3421/1/3419
f 3423/1/3418 3420/1/3416 3424/1/3420
f 3416/1/3412 3419/1/3415 3424/1/3420
f 3349/1/3345 3424/1/3420 3419/1/3415
f 3425/1/3421 3424/1/3420 3349/1/3345
f 3309/1/3305 3401/1/3397 3426/1/3422
f 3427/1/3423 3426/1/3422 3401/1/3397
f 3364/1/3360 3386/1/3382 3426/1/3422
f 3307/1/3302 3426/1/3422 3386/1/3382
f 3350/1/3346 3365/1/3361 3428/1/3424
f 3427/1/3423 3428/1/3424 3365/1/3361
f 3396/1/3392 3393/1/3391 3428/1/3424
f 3359/1/3355 3428/1/3424 3393/1/3391
f 3429/1/3425 3430/1/3427 3296/1/3291
f 3431/1/3426 3432/1/3429 3430/1/3427
f 3433/1/3428 3434/1/3430 3430/1/3427
f 3296/1/3291 3430/1/3427 3434/1/3430
f 3435/1/3431 3436/1/3434 3437/1/3432
f 3284/1/3279 3437/1/3432 3436/1/3434
f 3288/1/3283 3439/1/3435 3437/1/3432
f 3438/1/3433 3437/1/3432 3439/1/3435
f 3294/1/3289 3434/1/3430 3441/1/3437
f 3442/1/3438 3441/1/3437 3434/1/3430
f 3440/1/3436 3439/1/3435 3441/1/3437
f 3290/1/3285 3441/1/3437 3439/1/3435
f 3443/1/3439 3444/1/3442 3445/1/3440
f 3248/1/3242 3445/1/3440 3444/1/3442
f 3249/1/3244 3436/1/3434 3445/1/3440
f 3446/1/3441 3445/1/3440 3436/1/3434
f 3447/1/3443 3448/1/3446 3449/1/3444
f 3282/1/3277 3302/1/3296 3448/1/3446
f 3250/1/3245 3444/1/3442 3448/1/3446
f 3449/1/3444 3448/1/3446 3444/1/3442
f 3450/1/3445 3451/1/3449 3452/1/3447
f 3453/1/3448 3452/1/3447 3451/1/3449
f 3276/1/3272 3278/1/3274 3452/1/3447
f 3447/1/3443 3452/1/3447 3278/1/3274
f 3276/1/3272 3453/1/3448 3455/1/3451
f 3456/1/3452 3455/1/3451 3453/1/3448
f 3241/1/3235 3455/1/3451 3456/1/3452
f 3272/1/3268 3455/1/3451 3241/1/3235
f 3457/1/3453 3458/1/3457 3459/1/3454
f 3461/1/3456 3459/1/3454 3458/1/3457
f 3463/1/3459 3464/1/3461 3459/1/3454
f 3465/1/3460 3460/1/3455 3459/1/3454
f 3466/1/3462 3467/1/3465 3468/1/3463
f 3461/1/3456 3468/1/3463 3471/1/3467
f 3461/1/3456 3462/1/3458 3469/1/3464
f 3472/1/3468 3462/1/3458 3458/1/3457
f 3474/1/3470 3473/1/3469 3458/1/3457
f 3475/1/3471 3476/1/3473 3473/1/3469
f 3477/1/3472 3472/1/3468 3473/1/3469
f 3478/1/3474 3472/1/3468 3477/1/3472
f 3480/1/3476 3478/1/3474 3479/1/3475
f 3466/1/3462 3469/1/3464 3478/1/3474
f 3462/1/3458 3472/1/3468 3478/1/3474
f 3481/1/3477 3482/1/3480 3483/1/3478
f 3484/1/3479 3483/1/3478 3482/1/3480
f 3470/1/3466 3467/1/3465 3483/1/3478
f 3480/1/3476 3483/1/3478 3467/1/3465
f 3465/1/3460 3486/1/3485 3487/1/3482
f 3489/1/3484 3487/1/3482 3486/1/3485
f 3491/1/3487 3492/1/3488 3487/1/3482
f 3488/1/3483 3487/1/3482 3492/1/3488
f 3463/1/3459 3494/1/3492 3495/1/3490
f 3496/1/3491 3495/1/3490 3494/1/3492
f 3490/1/3486 3486/1/3485 3495/1/3490
f 3464/1/3461 3495/1/3490 3486/1/3485
f 3499/1/3495 3498/1/3494 3471/1/3467
f 3500/1/3496 3501/1/3497 3498/1/3494
f 3494/1/3492 3498/1/3494 3501/1/3497
f 3499/1/3495 3502/1/3499 3503/1/3498
f 3506/1/3502 3507/1/4051 3508/1/3503
f 3510/1/3505 3509/1/3504 3508/1/3503
f 3481/1/3477 3479/1/3475 3509/1/3504
f 3506/1/3502 3509/1/3504 3479/1/3475
f 3485/1/3481 3482/1/3480 3512/1/3507
f 3510/1/3505 3512/1/3507 3482/1/3480
f 3516/1/3511 3517/1/3513 3515/1/3510
f 3518/1/3512 3519/1/3514 3517/1/3513
f 3518/1/3512 3520/1/3516 3521/1/3515
f 3524/1/3519 3521/1/3515 3523/1/3518
f 3519/1/3514 3521/1/3515 3524/1/3519
f 3522/1/3517 3526/1/3523 3527/1/3521
f 3528/1/3522 3529/1/3525 3527/1/3521
f 3530/1/3524 3531/1/3526 3527/1/3521
f 3523/1/3518 3527/1/3521 3531/1/3526
f 3532/1/3527 3533/1/3531 3534/1/3528
f 3536/1/3530 3534/1/3528 3533/1/3531
f 3529/1/3525 3534/1/3528 3536/1/3530
f 3535/1/3529 3534/1/3528 3529/1/3525
f 3538/1/3533 3539/1/3537 3540/1/3534
f 3542/1/3536 3540/1/3534 3539/1/3537
f 3543/1/3538 3540/1/3534 3542/1/3536
f 3545/1/3540 3541/1/3535 3540/1/3534
f 3490/1/3486 3546/1/3543 3547/1/3541
f 3548/1/3542 3547/1/3541 3546/1/3543
f 3544/1/3539 3542/1/3536 3547/1/3541
f 3489/1/3484 3547/1/3541 3542/1/3536
f 3551/1/3546 3550/1/3545 3552/1/3547
f 3549/1/3544 3546/1/3543 3550/1/3545
f 3496/1/3491 3550/1/3545 3546/1/3543
f 3497/1/3493 3501/1/3497 3554/1/3549
f 3555/1/3550 3554/1/3549 3501/1/3497
f 3556/1/3551 3557/1/3552 3554/1/3549
f 3552/1/3547 3554/1/3549 3557/1/3552
f 3500/1/3496 3503/1/3498 3558/1/3553
f 3559/1/3554 3558/1/3553 3503/1/3498
f 3559/1/3554 3560/1/3560 3561/1/3555
f 3555/1/3550 3558/1/3553 3561/1/3555
f 3525/1/3520 3562/1/3558 3563/1/3556
f 3564/1/3557 3563/1/3556 3562/1/3558
f 3560/1/3560 3559/1/3554 3563/1/3556
f 3524/1/3519 3563/1/3556 3559/1/3554
f 3566/1/3561 3567/1/3564 3531/1/3526
f 3568/1/3562 3567/1/3564 3566/1/3561
f 3565/1/3559 3562/1/3558 3567/1/3564
f 3531/1/3526 3567/1/3564 3562/1/3558
f 3530/1/3524 3536/1/3530 3570/1/3565
f 3537/1/3532 3571/1/3567 3570/1/3565
f 3572/1/3566 3570/1/3565 3571/1/3567
f 3569/1/3563 3566/1/3561 3570/1/3565
f 3545/1/3540 3543/1/3538 3574/1/3569
f 3576/1/3571 3574/1/3569 3543/1/3538
f 3577/1/3572 3578/1/3573 3574/1/3569
f 3575/1/3570 3574/1/3569 3578/1/3573
f 3548/1/3542 3580/1/3575 3576/1/3571
f 3549/1/3544 3581/1/3577 3580/1/3575
f 3582/1/3576 3583/1/3578 3580/1/3575
f 3576/1/3571 3580/1/3575 3583/1/3578
f 3584/1/3579 3585/1/3582 3586/1/3580
f 3581/1/3577 3586/1/3580 3585/1/3582
f 3551/1/3546 3586/1/3580 3581/1/3577
f 3553/1/3548 3587/1/3581 3586/1/3580
f 3588/1/3583 3589/1/3584 3585/1/3582
f 3585/1/3582 3589/1/3584 3591/1/3586
f 3553/1/3548 3557/1/3552 3592/1/3587
f 3593/1/3588 3592/1/3587 3557/1/3552
f 3594/1/3589 3595/1/3590 3592/1/3587
f 3587/1/3581 3592/1/3587 3595/1/3590
f 3560/1/3560 3596/1/3593 3597/1/3591
f 3598/1/3592 3599/1/3594 3597/1/3591
f 3593/1/3588 3597/1/3591 3599/1/3594
f 3593/1/3588 3556/1/3551 3561/1/3555
f 3565/1/3559 3600/1/3597 3601/1/3595
f 3602/1/3596 3603/1/3598 3601/1/3595
f 3603/1/3598 3598/1/3592 3596/1/3593
f 3564/1/3557 3601/1/3595 3596/1/3593
f 3604/1/3599 3605/1/3602 3606/1/3600
f 3600/1/3597 3606/1/3600 3605/1/3602
f 3568/1/3562 3606/1/3600 3600/1/3597
f 3569/1/3563 3607/1/3601 3606/1/3600
f 3608/1/3603 3609/1/3607 3610/1/3604
f 3612/1/3606 3610/1/3604 3609/1/3607
f 3514/1/3509 3513/1/3508 3610/1/3604
f 3614/1/3609 3615/1/3613 3616/1/3610
f 3618/1/3612 3616/1/3610 3615/1/3613
f 3613/1/3608 3609/1/3607 3616/1/3610
f 3617/1/3611 3616/1/3610 3609/1/3607
f 3613/1/3608 3620/1/3617 3621/1/3615
f 3622/1/3616 3621/1/3615 3620/1/3617
f 3518/1/3512 3516/1/3511 3621/1/3615
f 3612/1/3606 3621/1/3615 3516/1/3511
f 3619/1/3614 3624/1/3621 3625/1/3619
f 3626/1/3620 3625/1/3619 3624/1/3621
f 3623/1/3618 3620/1/3617 3625/1/3619
f 3618/1/3612 3625/1/3619 3620/1/3617
f 3628/1/3623 3629/1/3627 3630/1/3624
f 3632/1/3626 3630/1/3624 3629/1/3627
f 3627/1/3622 3624/1/3621 3630/1/3624
f 3631/1/3625 3630/1/3624 3624/1/3621
f 3623/1/3618 3634/1/3631 3635/1/3629
f 3636/1/3630 3635/1/3629 3634/1/3631
f 3522/1/3517 3520/1/3516 3635/1/3629
f 3622/1/3616 3635/1/3629 3520/1/3516
f 3638/1/3633 3639/1/3636 3640/1/3634
f 3632/1/3626 3640/1/3634 3639/1/3636
f 3633/1/3628 3642/1/3637 3640/1/3634
f 3641/1/3635 3640/1/3634 3642/1/3637
f 3627/1/3622 3639/1/3636 3644/1/3639
f 3645/1/3640 3644/1/3639 3639/1/3636
f 3637/1/3632 3634/1/3631 3644/1/3639
f 3626/1/3620 3644/1/3639 3634/1/3631
f 3646/1/3641 3636/1/3630 3637/1/3632
f 3528/1/3522 3526/1/3523 3646/1/3641
f 3636/1/3630 3646/1/3641 3526/1/3523
f 3651/1/3646 3650/1/3645 3652/1/3647
f 3532/1/3527 3535/1/3529 3650/1/3645
f 3649/1/3644 3650/1/3645 3535/1/3529
f 3638/1/3633 3654/1/3651 3655/1/3649
f 3656/1/3650 3655/1/3649 3654/1/3651
f 3648/1/3643 3647/1/3642 3655/1/3649
f 3645/1/3640 3655/1/3649 3647/1/3642
f 3643/1/3638 3658/1/3655 3659/1/3653
f 3660/1/3654 3659/1/3653 3658/1/3655
f 3657/1/3652 3654/1/3651 3659/1/3653
f 3641/1/3635 3659/1/3653 3654/1/3651
f 3657/1/3652 3662/1/3659 3663/1/3657
f 3664/1/3658 3663/1/3657 3662/1/3659
f 3653/1/3648 3652/1/3647 3663/1/3657
f 3656/1/3650 3663/1/3657 3652/1/3647
f 3661/1/3656 3666/1/3663 3667/1/3661
f 3668/1/3662 3667/1/3661 3666/1/3663
f 3665/1/3660 3662/1/3659 3667/1/3661
f 3660/1/3654 3667/1/3661 3662/1/3659
f 3665/1/3660 3670/1/3667 3671/1/3665
f 3672/1/3666 3671/1/3665 3670/1/3667
f 3674/1/3669 3675/1/3670 3671/1/3665
f 3664/1/3658 3671/1/3665 3675/1/3670
f 3669/1/3664 3676/1/3673 3677/1/3671
f 3678/1/3672 3677/1/3671 3676/1/3673
f 3673/1/3668 3670/1/3667 3677/1/3671
f 3668/1/3662 3677/1/3671 3670/1/3667
f 3679/1/3674 3680/1/3677 3681/1/3675
f 3682/1/3676 3681/1/3675 3680/1/3677
f 3684/1/3679 3685/1/3680 3681/1/3675
f 3678/1/3672 3681/1/3675 3685/1/3680
f 3686/1/3681 3687/1/3684 3688/1/3682
f 3682/1/3676 3688/1/3682 3687/1/3684
f 3683/1/3678 3690/1/3685 3688/1/3682
f 3689/1/3683 3688/1/3682 3690/1/3685
f 3691/1/3686 3692/1/3689 3693/1/3687
f 3694/1/3688 3693/1/3687 3692/1/3689
f 3696/1/3691 3697/1/3692 3693/1/3687
f 3689/1/3683 3693/1/3687 3697/1/3692
f 3590/1/3585 3588/1/3583 3698/1/3693
f 3700/1/3695 3698/1/3693 3588/1/3583
f 3701/1/3696 3702/1/3697 3698/1/3693
f 3699/1/3694 3698/1/3693 3702/1/3697
f 3595/1/3590 3704/1/3701 3700/1/3695
f 3705/1/3699 3704/1/3701 3595/1/3590
f 3706/1/3700 3707/1/3702 3704/1/3701
f 3700/1/3695 3704/1/3701 3707/1/3702
f 3594/1/3589 3599/1/3594 3708/1/3703
f 3709/1/3704 3708/1/3703 3599/1/3594
f 3710/1/3705 3711/1/3706 3708/1/3703
f 3705/1/3699 3708/1/3703 3711/1/3706
f 3598/1/3592 3603/1/3598 3712/1/3707
f 3713/1/3708 3712/1/3707 3603/1/3598
f 3714/1/3709 3715/1/3710 3712/1/3707
f 3709/1/3704 3712/1/3707 3715/1/3710
f 3710/1/3705 3715/1/3710 3716/1/3711
f 3718/1/3713 3716/1/3711 3715/1/3710
f 3719/1/3714 3720/1/3715 3716/1/3711
f 3717/1/3712 3716/1/3711 3720/1/3715
f 3722/1/3717 3723/1/3721 3724/1/3718
f 3726/1/3720 3724/1/3718 3723/1/3721
f 3633/1/3628 3629/1/3627 3724/1/3718
f 3725/1/3719 3724/1/3718 3629/1/3627
f 3727/1/3722 3728/1/3725 3729/1/3723
f 3730/1/3724 3729/1/3723 3728/1/3725
f 3643/1/3638 3642/1/3637 3729/1/3723
f 3726/1/3720 3729/1/3723 3642/1/3637
f 3731/1/3726 3732/1/3729 3733/1/3727
f 3734/1/3728 3733/1/3727 3732/1/3729
f 3661/1/3656 3658/1/3655 3733/1/3727
f 3730/1/3724 3733/1/3727 3658/1/3655
f 3735/1/3730 3736/1/3733 3737/1/3731
f 3738/1/3732 3737/1/3731 3736/1/3733
f 3669/1/3664 3666/1/3663 3737/1/3731
f 3734/1/3728 3737/1/3731 3666/1/3663
f 3739/1/3734 3740/1/3737 3741/1/3735
f 3742/1/3736 3741/1/3735 3740/1/3737
f 3679/1/3674 3676/1/3673 3741/1/3735
f 3738/1/3732 3741/1/3735 3676/1/3673
f 3743/1/3738 3744/1/3741 3745/1/3739
f 3746/1/3740 3745/1/3739 3744/1/3741
f 3683/1/3678 3680/1/3677 3745/1/3739
f 3742/1/3736 3745/1/3739 3680/1/3677
f 3747/1/3742 3748/1/3745 3749/1/3743
f 3750/1/3744 3749/1/3743 3748/1/3745
f 3691/1/3686 3690/1/3685 3749/1/3743
f 3746/1/3740 3749/1/3743 3690/1/3685
f 3751/1/3746 3752/1/3749 3753/1/3747
f 3754/1/3748 3753/1/3747 3752/1/3749
f 3695/1/3690 3692/1/3689 3753/1/3747
f 3750/1/3744 3753/1/3747 3692/1/3689
f 3756/1/3751 3757/1/3755 3758/1/3752
f 3760/1/3754 3758/1/3752 3757/1/3755
f 3722/1/3717 3762/1/3757 3758/1/3752
f 3759/1/3753 3758/1/3752 3762/1/3757
f 3761/1/3756 3764/1/3761 3765/1/3759
f 3766/1/3760 3765/1/3759 3764/1/3761
f 3727/1/3722 3723/1/3721 3765/1/3759
f 3760/1/3754 3765/1/3759 3723/1/3721
f 3767/1/3762 3768/1/3765 3769/1/3763
f 3770/1/3764 3769/1/3763 3768/1/3765
f 3731/1/3726 3728/1/3725 3769/1/3763
f 3766/1/3760 3769/1/3763 3728/1/3725
f 3771/1/3766 3772/1/3769 3773/1/3767
f 3774/1/3768 3773/1/3767 3772/1/3769
f 3735/1/3730 3732/1/3729 3773/1/3767
f 3770/1/3764 3773/1/3767 3732/1/3729
f 3775/1/3770 3776/1/3773 3777/1/3771
f 3778/1/3772 3777/1/3771 3776/1/3773
f 3739/1/3734 3736/1/3733 3777/1/3771
f 3774/1/3768 3777/1/3771 3736/1/3733
f 3779/1/3774 3780/1/3777 3781/1/3775
f 3782/1/3776 3781/1/3775 3780/1/3777
f 3743/1/3738 3740/1/3737 3781/1/3775
f 3778/1/3772 3781/1/3775 3740/1/3737
f 3783/1/3778 3784/1/3781 3785/1/3779
f 3786/1/3780 3785/1/3779 3784/1/3781
f 3747/1/3742 3744/1/3741 3785/1/3779
f 3782/1/3776 3785/1/3779 3744/1/3741
f 3787/1/3782 3788/1/3785 3789/1/3783
f 3790/1/3784 3789/1/3783 3788/1/3785
f 3751/1/3746 3748/1/3745 3789/1/3783
f 3786/1/3780 3789/1/3783 3748/1/3745
f 3792/1/3787 3793/1/3791 3794/1/3788
f 3796/1/3790 3794/1/3788 3793/1/3791
f 3756/1/3751 3798/1/3793 3794/1/3788
f 3795/1/3789 3794/1/3788 3798/1/3793
f 3797/1/3792 3800/1/3797 3801/1/3795
f 3802/1/3796 3801/1/3795 3800/1/3797
f 3761/1/3756 3757/1/3755 3801/1/3795
f 3796/1/3790 3801/1/3795 3757/1/3755
f 3803/1/3798 3804/1/3801 3805/1/3799
f 3806/1/3800 3805/1/3799 3804/1/3801
f 3767/1/3762 3764/1/3761 3805/1/3799
f 3802/1/3796 3805/1/3799 3764/1/3761
f 3807/1/3802 3808/1/3805 3809/1/3803
f 3810/1/3804 3809/1/3803 3808/1/3805
f 3771/1/3766 3768/1/3765 3809/1/3803
f 3806/1/3800 3809/1/3803 3768/1/3765
f 3811/1/3806 3812/1/3809 3813/1/3807
f 3814/1/3808 3813/1/3807 3812/1/3809
f 3775/1/3770 3772/1/3769 3813/1/3807
f 3810/1/3804 3813/1/3807 3772/1/3769
f 3815/1/3810 3816/1/3813 3817/1/3811
f 3818/1/3812 3817/1/3811 3816/1/3813
f 3779/1/3774 3776/1/3773 3817/1/3811
f 3814/1/3808 3817/1/3811 3776/1/3773
f 3819/1/3814 3820/1/3817 3821/1/3815
f 3822/1/3816 3821/1/3815 3820/1/3817
f 3783/1/3778 3780/1/3777 3821/1/3815
f 3818/1/3812 3821/1/3815 3780/1/3777
f 3823/1/3818 3824/1/3821 3825/1/3819
f 3826/1/3820 3825/1/3819 3824/1/3821
f 3787/1/3782 3784/1/3781 3825/1/3819
f 3822/1/3816 3825/1/3819 3784/1/3781
f 3827/1/3822 3828/1/3825 3829/1/3823
f 3830/1/3824 3829/1/3823 3828/1/3825
f 3791/1/3786 3788/1/3785 3829/1/3823
f 3826/1/3820 3829/1/3823 3788/1/3785
f 3832/1/3827 3833/1/3832 3834/1/3828
f 3836/1/3830 3833/1/3832 3832/1/3827
f 3491/1/3487 3539/1/3537 3833/1/3832
f 3834/1/3828 3833/1/3832 3539/1/3537
f 3839/1/3834 3838/1/3833 3840/1/3835
f 3457/1/3453 3460/1/3455 3838/1/3833
f 3457/1/3453 3839/1/3834 3842/1/3837
f 3843/1/3838 3842/1/3837 3839/1/3834
f 3844/1/3839 3845/1/3840 3842/1/3837
f 3474/1/3470 3842/1/3837 3845/1/3840
f 3844/1/3839 3843/1/3838 3846/1/3841
f 3849/1/3844 3850/1/3845 3846/1/3841
f 3847/1/3842 3846/1/3841 3850/1/3845
f 3837/1/3831 3852/1/3848 3853/1/3847
f 3840/1/3835 3853/1/3847 3852/1/3848
f 3493/1/3489 3492/1/3488 3853/1/3847
f 3836/1/3830 3853/1/3847 3492/1/3488
f 3856/1/3851 3857/1/3855 3858/1/3852
f 3860/1/3854 3858/1/3852 3857/1/3855
f 3862/1/3857 3863/1/3858 3858/1/3852
f 3859/1/3853 3858/1/3852 3863/1/3858
f 3861/1/3856 3865/1/3862 3866/1/3860
f 3867/1/3861 3866/1/3860 3865/1/3862
f 3869/1/3864 3870/1/3865 3866/1/3860
f 3860/1/3854 3866/1/3860 3870/1/3865
f 3868/1/3863 3871/1/3868 3872/1/3866
f 3873/1/3867 3872/1/3866 3871/1/3868
f 3875/1/3870 3876/1/3871 3872/1/3866
f 3867/1/3861 3872/1/3866 3876/1/3871
f 3874/1/3869 3877/1/3874 3878/1/3872
f 3879/1/3873 3878/1/3872 3877/1/3874
f 3881/1/3876 3882/1/3877 3878/1/3872
f 3873/1/3867 3878/1/3872 3882/1/3877
f 3883/1/3878 3884/1/3882 3885/1/3879
f 3887/1/3881 3885/1/3879 3884/1/3882
f 3889/1/3884 3890/1/3885 3885/1/3879
f 3886/1/3880 3885/1/3879 3890/1/3885
f 3891/1/3886 3892/1/3889 3893/1/3887
f 3879/1/3873 3893/1/3887 3892/1/3889
f 3880/1/3875 3890/1/3885 3893/1/3887
f 3895/1/3890 3896/1/3894 3897/1/3891
f 3899/1/3893 3897/1/3891 3896/1/3894
f 3835/1/3829 3834/1/3828 3897/1/3891
f 3898/1/3892 3897/1/3891 3834/1/3828
f 3901/1/3896 3902/1/3899 3903/1/3897
f 3898/1/3892 3903/1/3897 3902/1/3899
f 3538/1/3533 3541/1/3535 3903/1/3897
f 3904/1/3898 3903/1/3897 3541/1/3535
f 3579/1/3574 3578/1/3573 3905/1/3900
f 3907/1/3902 3905/1/3900 3578/1/3573
f 3908/1/3903 3909/1/3904 3905/1/3900
f 3906/1/3901 3905/1/3900 3909/1/3904
f 3577/1/3572 3583/1/3578 3911/1/3906
f 3912/1/3907 3911/1/3906 3583/1/3578
f 3913/1/3908 3911/1/3906 3912/1/3907
f 3907/1/3902 3911/1/3906 3913/1/3908
f 3703/1/3698 3915/1/3911 3916/1/3910
f 3912/1/3907 3916/1/3910 3915/1/3911
f 3582/1/3576 3591/1/3586 3916/1/3910
f 3699/1/3694 3916/1/3910 3591/1/3586
f 3579/1/3574 3917/1/3913 3918/1/3912
f 3901/1/3896 3904/1/3898 3918/1/3912
f 3575/1/3570 3918/1/3912 3904/1/3898
f 3924/1/3919 3921/1/3916 3925/1/3920
f 3900/1/3895 3896/1/3894 3921/1/3916
f 3922/1/3917 3921/1/3916 3896/1/3894
f 3919/1/3914 3927/1/3923 3928/1/3922
f 3895/1/3890 3902/1/3899 3928/1/3922
f 3920/1/3915 3928/1/3922 3902/1/3899
f 3910/1/3905 3929/1/3925 3930/1/3924
f 3906/1/3901 3930/1/3924 3917/1/3913
f 3910/1/3905 3909/1/3904 3931/1/3926
f 3933/1/3928 3931/1/3926 3909/1/3904
f 3934/1/3929 3935/1/3930 3931/1/3926
f 3932/1/3927 3931/1/3926 3935/1/3930
f 3919/1/3914 3929/1/3925 3937/1/3932
f 3932/1/3927 3937/1/3932 3929/1/3925
f 3936/1/3931 3939/1/3934 3937/1/3932
f 3938/1/3933 3937/1/3932 3939/1/3934
f 3946/1/3941 3945/1/3940 3947/1/3942
f 3923/1/3918 3944/1/3939 3945/1/3940
f 3926/1/3921 3925/1/3920 3949/1/3944
f 3946/1/3941 3949/1/3944 3925/1/3920
f 3953/1/3948 3954/1/3951 3955/1/3949
f 3956/1/3950 3955/1/3949 3947/1/3942
f 3959/1/3954 3960/1/3957 3961/1/3955
f 3956/1/3950 3961/1/3955 3960/1/3957
f 3943/1/3938 3942/1/3937 3961/1/3955
f 3962/1/3956 3961/1/3955 3942/1/3937
f 3963/1/3958 3964/1/3961 3965/1/3959
f 3962/1/3956 3965/1/3959 3964/1/3961
f 3940/1/3935 3939/1/3934 3965/1/3959
f 3966/1/3960 3965/1/3959 3939/1/3934
f 3967/1/3962 3968/1/3965 3969/1/3963
f 3966/1/3960 3968/1/3965 3967/1/3962
f 3936/1/3931 3935/1/3930 3968/1/3965
f 3934/1/3929 3969/1/3963 3968/1/3965
f 3971/1/3966 3972/1/3970 3973/1/3967
f 3975/1/3969 3973/1/3967 3972/1/3970
f 3952/1/3947 3973/1/3967 3975/1/3969
f 3974/1/3968 3973/1/3967 3952/1/3947
f 3864/1/3859 3863/1/3858 3977/1/3972
f 3979/1/3974 3977/1/3972 3863/1/3858
f 3980/1/3975 3981/1/3976 3977/1/3972
f 3978/1/3973 3977/1/3972 3981/1/3976
f 3983/1/3978 3984/1/3982 3985/1/3979
f 3987/1/3981 3985/1/3979 3984/1/3982
f 3976/1/3971 3972/1/3970 3985/1/3979
f 3986/1/3980 3985/1/3979 3972/1/3970
f 3982/1/3977 3981/1/3976 3989/1/3984
f 3991/1/3986 3989/1/3984 3981/1/3976
f 3988/1/3983 3984/1/3982 3989/1/3984
f 3990/1/3985 3989/1/3984 3984/1/3982
f 3926/1/3921 3975/1/3969 3992/1/3987
f 3993/1/3988 3992/1/3987 3975/1/3969
f 3994/1/3989 3995/1/3990 3992/1/3987
f 3924/1/3919 3992/1/3987 3995/1/3990
f 3862/1/3857 3870/1/3865 3996/1/3991
f 3997/1/3992 3996/1/3991 3870/1/3865
f 3998/1/3993 3999/1/3994 3996/1/3991
f 3979/1/3974 3996/1/3991 3999/1/3994
f 3976/1/3971 3987/1/3981 4000/1/3995
f 4001/1/3996 4000/1/3995 3987/1/3981
f 4002/1/3997 4003/1/3998 4000/1/3995
f 3993/1/3988 4000/1/3995 4003/1/3998
f 3998/1/3993 4004/1/4000 4005/1/3999
f 4001/1/3996 4005/1/3999 4004/1/4000
f 3988/1/3983 3991/1/3986 4005/1/3999
f 3999/1/3994 4005/1/3999 3991/1/3986
f 3900/1/3895 3995/1/3990 4006/1/4001
f 3899/1/3893 4006/1/4001 4009/1/4004
f 3869/1/3864 3876/1/3871 4010/1/4005
f 4011/1/4006 4010/1/4005 3876/1/3871
f 4012/1/4007 4013/1/4008 4010/1/4005
f 3997/1/3992 4010/1/4005 4013/1/4008
f 4015/1/4010 4014/1/4009 4003/1/3998
f 4016/1/4011 4017/1/4012 4014/1/4009
f 4012/1/4007 4018/1/4014 4019/1/4013
f 4015/1/4010 4019/1/4013 4018/1/4014
f 4002/1/3997 4004/1/4000 4019/1/4013
f 4013/1/4008 4019/1/4013 4004/1/4000
f 4012/1/4007 4011/1/4006 4020/1/4015
f 3875/1/3870 3882/1/3877 4020/1/4015
f 4022/1/4017 4020/1/4015 3882/1/3877
f 4021/1/4016 4020/1/4015 4022/1/4017
f 3835/1/3829 4009/1/4004 4024/1/4019
f 3832/1/3827 4024/1/4019 4027/1/4022
f 4008/1/4003 4017/1/4012 4028/1/4023
f 4029/1/4024 4028/1/4023 4017/1/4012
f 4030/1/4025 4031/1/4026 4028/1/4023
f 4025/1/4020 4028/1/4023 4031/1/4026
f 4023/1/4018 4032/1/4028 4033/1/4027
f 4029/1/4024 4033/1/4027 4032/1/4028
f 4016/1/4011 4018/1/4014 4033/1/4027
f 4021/1/4016 4033/1/4027 4018/1/4014
f 4034/1/4029 4035/1/4032 3892/1/3889
f 4036/1/4030 4035/1/4032 4034/1/4029
f 4023/1/4018 4022/1/4017 4035/1/4032
f 3881/1/3876 3892/1/3889 4035/1/4032
f 3855/1/3850 4038/1/4033 4041/1/4036
f 4039/1/4034 4038/1/4033 4027/1/4022
f 4037/1/4031 4042/1/4039 4043/1/4037
f 4044/1/4038 4043/1/4037 4042/1/4039
f 4036/1/4030 4043/1/4037 4032/1/4028
f 4045/1/4040 4046/1/4042 4047/1/4041
f 4039/1/4034 4047/1/4041 4046/1/4042
f 4026/1/4021 4031/1/4026 4047/1/4041
f 4044/1/4038 4047/1/4041 4031/1/4026
f 3763/1/3758 4048/1/4045 4049/1/4043
f 4050/1/4044 4049/1/4043 4048/1/4045
f 3799/1/3794 3798/1/3793 4049/1/4043
f 3759/1/3753 4049/1/4043 3798/1/3793
f 3611/1/3605 4052/1/4047 4055/1/4050
f 4053/1/4048 4052/1/4047 3508/1/3503
f 4056/1/4052 4057/1/4054 4048/1/4045
f 4058/1/4053 4059/1/4056 4057/1/4054
f 4060/1/4055 4057/1/4054 4059/1/4056
f 4051/1/4046 4048/1/4045 4057/1/4054
f 3631/1/3625 4062/1/4059 4063/1/4058
f 3619/1/3614 3615/1/3613 4062/1/4059
f 3614/1/3609 4064/1/4060 4062/1/4059
f 4063/1/4058 4062/1/4059 4064/1/4060
f 4058/1/4053 4064/1/4060 4065/1/4061
f 3617/1/3611 4065/1/4061 4064/1/4060
f 3608/1/3603 4055/1/4050 4065/1/4061
f 4066/1/4062 4065/1/4061 4055/1/4050
f 4061/1/4057 4059/1/4056 4067/1/4063
f 4066/1/4062 4067/1/4063 4059/1/4056
f 4054/1/4049 4068/1/4064 4067/1/4063
f 3628/1/3623 4063/1/4058 4069/1/4065
f 4056/1/4052 4069/1/4065 4063/1/4058
f 3763/1/3758 3762/1/3757 4069/1/4065
f 3725/1/3719 4069/1/4065 3762/1/3757
f 3908/1/3903 3913/1/3908 4070/1/4066
f 4071/1/4067 4070/1/4066 3913/1/3908
f 4072/1/4068 4073/1/4069 4070/1/4066
f 4074/1/4070 4075/1/4072 4073/1/4069
f 4076/1/4071 4077/1/4073 4075/1/4072
f 3970/1/3964 3969/1/3963 4075/1/4072
f 4073/1/4069 4075/1/4072 3969/1/3963
f 4077/1/4073 4079/1/4075 4081/1/4077
f 3963/1/3958 3967/1/3962 4082/1/4078
f 3970/1/3964 4081/1/4077 4082/1/4078
f 3959/1/3954 3964/1/3961 4086/1/4082
f 4083/1/4079 4086/1/4082 3964/1/3961
f 4085/1/4081 4088/1/4084 4086/1/4082
f 4087/1/4083 4086/1/4082 4088/1/4084
f 4089/1/4085 4090/1/4088 4091/1/4086
f 4092/1/4087 4091/1/4086 4090/1/4088
f 3953/1/3948 3960/1/3957 4091/1/4086
f 4087/1/4083 4091/1/4086 3960/1/3957
f 4093/1/4089 4094/1/4092 4095/1/4090
f 4096/1/4091 4095/1/4090 4094/1/4092
f 3957/1/3952 3954/1/3951 4095/1/4090
f 4092/1/4087 4095/1/4090 3954/1/3951
f 4098/1/4094 4099/1/4097 4100/1/4095
f 4097/1/4093 4094/1/4092 4099/1/4097
f 4100/1/4095 4099/1/4097 4094/1/4092
f 4102/1/4098 4103/1/4101 4104/1/4099
f 4100/1/4095 4104/1/4099 4103/1/4101
f 4093/1/4089 4090/1/4088 4104/1/4099
f 4105/1/4100 4104/1/4099 4090/1/4088
f 4106/1/4102 4107/1/4105 4108/1/4103
f 4105/1/4100 4108/1/4103 4107/1/4105
f 4089/1/4085 4088/1/4084 4108/1/4103
f 4109/1/4104 4108/1/4103 4088/1/4084
f 4110/1/4106 4111/1/4109 4084/1/4080
f 4112/1/4107 4111/1/4109 4110/1/4106
f 4106/1/4102 4109/1/4104 4111/1/4109
f 4085/1/4081 4084/1/4080 4111/1/4109
f 4116/1/4112 4113/1/4108 4110/1/4106
f 4080/1/4076 4078/1/4074 4117/1/4113
f 4076/1/4071 4114/1/4110 4117/1/4113
f 4072/1/4068 4118/1/4115 4119/1/4114
f 4074/1/4070 4119/1/4114 4114/1/4110
f 4071/1/4067 4122/1/4119 4118/1/4115
f 4123/1/4118 4122/1/4119 4071/1/4067
f 4120/1/4116 4118/1/4115 4122/1/4119
f 4128/1/4124 4129/1/4125 4126/1/4122
f 3703/1/3698 3702/1/3697 4130/1/4126
f 4131/1/4127 4130/1/4126 3702/1/3697
f 4132/1/4128 4133/1/4129 4130/1/4126
f 4127/1/4123 4130/1/4126 4133/1/4129
f 3701/1/3696 3707/1/3702 4134/1/4130
f 4135/1/4131 4134/1/4130 3707/1/3702
f 4131/1/4127 4134/1/4130 4137/1/4133
f 3721/1/3716 4138/1/4135 4139/1/4134
f 4135/1/4131 4139/1/4134 4138/1/4135
f 3706/1/3700 3711/1/3706 4139/1/4134
f 3717/1/3712 4139/1/4134 3711/1/3706
f 4143/1/4139 4144/1/4141 4145/1/4140
f 4140/1/4136 4145/1/4140 4144/1/4141
f 4136/1/4132 4138/1/4135 4147/1/4143
f 4149/1/4145 4147/1/4143 4138/1/4135
f 4150/1/4146 4151/1/4147 4147/1/4143
f 4148/1/4144 4147/1/4143 4151/1/4147
f 3721/1/3716 3720/1/3715 4152/1/4148
f 4153/1/4149 4152/1/4148 3720/1/3715
f 4154/1/4150 4155/1/4151 4152/1/4148
f 4149/1/4145 4152/1/4148 4155/1/4151
f 3719/1/3714 4156/1/4154 4157/1/4152
f 4158/1/4153 4157/1/4152 4156/1/4154
f 4160/1/4156 4161/1/4157 4157/1/4152
f 4153/1/4149 4157/1/4152 4161/1/4157
f 4163/1/4159 4162/1/4158 4164/1/4160
f 4166/1/4162 4162/1/4158 4163/1/4159
f 3602/1/3596 3605/1/3602 4168/1/4164
f 4169/1/4165 4168/1/4164 3605/1/3602
f 4170/1/4166 4171/1/4167 4168/1/4164
f 3713/1/3708 4168/1/4164 4171/1/4167
f 3714/1/3709 4171/1/4167 4172/1/4168
f 4173/1/4169 4172/1/4168 4171/1/4167
f 4170/1/4166 4174/1/4172 4175/1/4170
f 4176/1/4171 4175/1/4170 4174/1/4172
f 4165/1/4161 4164/1/4160 4175/1/4170
f 4173/1/4169 4175/1/4170 4164/1/4160
f 4178/1/4174 3607/1/3601 3569/1/3563
f 3573/1/3568 4179/1/4176 4178/1/4174
f 4180/1/4175 4181/1/4177 4178/1/4174
f 3607/1/3601 4178/1/4174 4181/1/4177
f 3604/1/3599 4181/1/4177 4182/1/4178
f 4183/1/4179 4182/1/4178 4181/1/4177
f 4177/1/4173 4174/1/4172 4182/1/4178
f 4169/1/4165 4182/1/4178 4174/1/4172
f 4177/1/4173 4183/1/4179 4184/1/4180
f 4180/1/4175 4186/1/4183 4184/1/4180
f 4187/1/4182 4185/1/4181 4184/1/4180
f 4165/1/4161 4176/1/4171 4188/1/4184
f 4185/1/4181 4188/1/4184 4176/1/4171
f 4187/1/4182 4190/1/4186 4188/1/4184
f 4189/1/4185 4188/1/4184 4190/1/4186
f 4193/1/4189 4192/1/4188 4151/1/4147
f 4194/1/4190 4195/1/4191 4192/1/4188
f 4196/1/4192 4197/1/4196 4198/1/4193
f 4200/1/4195 4198/1/4193 4197/1/4196
f 4201/1/4197 4202/1/4198 4198/1/4193
f 4199/1/4194 4198/1/4193 4202/1/4198
f 4194/1/4190 4204/1/4201 4205/1/4200
f 4200/1/4195 4205/1/4200 4204/1/4201
f 4150/1/4146 4155/1/4151 4206/1/4202
f 4207/1/4203 4206/1/4202 4155/1/4151
f 4208/1/4204 4209/1/4205 4206/1/4202
f 4193/1/4189 4206/1/4202 4209/1/4205
f 4208/1/4204 4210/1/4208 4211/1/4206
f 4212/1/4207 4211/1/4206 4210/1/4208
f 4201/1/4197 4204/1/4201 4211/1/4206
f 4209/1/4205 4211/1/4206 4204/1/4201
f 4213/1/4209 4214/1/4212 4215/1/4210
f 4216/1/4211 4215/1/4210 4214/1/4212
f 4203/1/4199 4202/1/4198 4215/1/4210
f 4212/1/4207 4215/1/4210 4202/1/4198
f 4160/1/4156 4219/1/4216 4218/1/4214
f 4220/1/4215 4218/1/4214 4219/1/4216
f 4207/1/4203 4218/1/4214 4220/1/4215
f 4221/1/4217 4222/1/4220 4223/1/4218
f 4224/1/4219 4223/1/4218 4222/1/4220
f 4213/1/4209 4210/1/4208 4223/1/4218
f 4220/1/4215 4223/1/4218 4210/1/4208
f 4225/1/4221 4226/1/4224 4227/1/4222
f 4228/1/4223 4227/1/4222 4226/1/4224
f 4217/1/4213 4214/1/4212 4227/1/4222
f 4224/1/4219 4227/1/4222 4214/1/4212
f 4196/1/4192 4199/1/4194 4230/1/4226
f 4203/1/4199 4232/1/4229 4230/1/4226
f 4233/1/4228 4234/1/4230 4230/1/4226
f 4231/1/4227 4230/1/4226 4234/1/4230
f 4216/1/4211 4236/1/4234 4232/1/4229
f 4237/1/4232 4236/1/4234 4216/1/4211
f 4238/1/4233 4239/1/4235 4236/1/4234
f 4232/1/4229 4236/1/4234 4239/1/4235
f 4217/1/4213 4228/1/4223 4240/1/4236
f 4241/1/4237 4240/1/4236 4228/1/4223
f 4242/1/4238 4243/1/4239 4240/1/4236
f 4237/1/4232 4240/1/4236 4243/1/4239
f 4229/1/4225 4244/1/4242 4245/1/4240
f 4246/1/4241 4245/1/4240 4244/1/4242
f 4248/1/4244 4249/1/4245 4245/1/4240
f 4241/1/4237 4245/1/4240 4249/1/4245
f 4242/1/4238 4249/1/4245 4250/1/4246
f 4252/1/4248 4250/1/4246 4249/1/4245
f 4253/1/4249 4254/1/4250 4250/1/4246
f 4251/1/4247 4250/1/4246 4254/1/4250
f 4258/1/4254 4259/1/4256 4260/1/4255
f 4263/1/4259 4262/1/4258 4144/1/4141
f 4264/1/4260 4265/1/4261 4262/1/4258
f 4257/1/4253 4262/1/4258 4265/1/4261
f 4235/1/4231 4266/1/4263 4267/1/4262
f 4263/1/4259 4267/1/4262 4266/1/4263
f 4143/1/4139 4197/1/4196 4267/1/4262
f 4231/1/4227 4267/1/4262 4197/1/4196
f 4268/1/4264 4269/1/4266 4266/1/4263
f 4270/1/4265 4271/1/4267 4269/1/4266
f 4266/1/4263 4269/1/4266 4271/1/4267
f 4235/1/4231 4234/1/4230 4272/1/4268
f 4273/1/4269 4272/1/4268 4234/1/4230
f 4274/1/4270 4275/1/4271 4272/1/4268
f 4268/1/4264 4272/1/4268 4275/1/4271
f 4233/1/4228 4239/1/4235 4276/1/4272
f 4277/1/4273 4276/1/4272 4239/1/4235
f 4278/1/4274 4279/1/4275 4276/1/4272
f 4273/1/4269 4276/1/4272 4279/1/4275
f 4255/1/4251 4280/1/4277 4281/1/4276
f 4277/1/4273 4281/1/4276 4280/1/4277
f 4238/1/4233 4243/1/4239 4281/1/4276
f 4251/1/4247 4281/1/4276 4243/1/4239
f 4261/1/4257 4259/1/4256 4282/1/4278
f 4284/1/4280 4282/1/4278 4259/1/4256
f 4285/1/4281 4286/1/4282 4282/1/4278
f 4283/1/4279 4282/1/4278 4286/1/4282
f 4258/1/4254 4265/1/4261 4288/1/4284
f 4289/1/4285 4288/1/4284 4265/1/4261
f 4290/1/4286 4291/1/4287 4288/1/4284
f 4284/1/4280 4288/1/4284 4291/1/4287
f 4292/1/4288 4293/1/4406 4294/1/4289
f 4285/1/4281 4291/1/4287 4295/1/4290
f 4292/1/4288 4295/1/4290 4296/1/4291
f 4264/1/4260 4271/1/4267 4298/1/4293
f 4299/1/4294 4298/1/4293 4271/1/4267
f 4300/1/4295 4301/1/4296 4298/1/4293
f 4289/1/4285 4298/1/4293 4301/1/4296
f 4302/1/4297 4303/1/4300 4301/1/4296
f 4304/1/4298 4303/1/4300 4302/1/4297
f 4297/1/4292 4296/1/4291 4303/1/4300
f 4290/1/4286 4301/1/4296 4303/1/4300
f 4270/1/4265 4275/1/4271 4306/1/4301
f 4307/1/4302 4306/1/4301 4275/1/4271
f 4308/1/4303 4309/1/4304 4306/1/4301
f 4299/1/4294 4306/1/4301 4309/1/4304
f 4310/1/4305 4311/1/4308 4312/1/4306
f 4302/1/4297 4312/1/4306 4311/1/4308
f 4300/1/4295 4309/1/4304 4312/1/4306
f 4313/1/4307 4312/1/4306 4309/1/4304
f 4274/1/4270 4279/1/4275 4314/1/4309
f 4315/1/4310 4314/1/4309 4279/1/4275
f 4315/1/4310 4316/1/4316 4317/1/4311
f 4307/1/4302 4314/1/4309 4317/1/4311
f 4318/1/4312 4319/1/4315 4320/1/4313
f 4308/1/4303 4317/1/4311 4320/1/4313
f 4321/1/4314 4320/1/4313 4317/1/4311
f 866/1/865 4322/1/4319 4323/1/4317
f 4324/1/4318 4323/1/4317 4322/1/4319
f 4326/1/4321 4327/1/4322 4323/1/4317
f 867/1/869 4323/1/4317 4327/1/4322
f 4328/1/4323 4329/1/4326 4330/1/4324
f 882/1/881 4330/1/4324 4329/1/4326
f 881/1/880 4332/1/4327 4330/1/4324
f 4331/1/4325 4330/1/4324 4332/1/4327
f 4334/1/4329 4335/1/4332 4336/1/4330
f 888/1/887 4336/1/4330 4335/1/4332
f 883/1/882 4329/1/4326 4336/1/4330
f 4337/1/4331 4336/1/4330 4329/1/4326
f 889/1/888 4335/1/4332 4338/1/4333
f 4339/1/4334 4338/1/4333 4335/1/4332
f 4325/1/4320 4322/1/4319 4338/1/4333
f 890/1/890 4338/1/4333 4322/1/4319
f 4333/1/4328 4340/1/4337 4341/1/4335
f 4342/1/4336 4341/1/4335 4340/1/4337
f 4344/1/4339 4345/1/4340 4341/1/4335
f 4331/1/4325 4341/1/4335 4345/1/4340
f 4346/1/4341 4347/1/4344 4348/1/4342
f 4337/1/4331 4348/1/4342 4347/1/4344
f 4328/1/4323 4345/1/4340 4348/1/4342
f 4349/1/4343 4348/1/4342 4345/1/4340
f 4334/1/4329 4347/1/4344 4350/1/4345
f 4351/1/4346 4350/1/4345 4347/1/4344
f 4352/1/4347 4353/1/4348 4350/1/4345
f 4343/1/4338 4354/1/4351 4355/1/4349
f 4356/1/4350 4355/1/4349 4354/1/4351
f 4358/1/4353 4359/1/4354 4355/1/4349
f 4342/1/4336 4355/1/4349 4359/1/4354
f 4287/1/4283 4360/1/4357 4361/1/4355
f 4362/1/4356 4361/1/4355 4360/1/4357
f 4364/1/4359 4365/1/4360 4361/1/4355
f 4283/1/4279 4361/1/4355 4365/1/4360
f 4357/1/4352 4366/1/4363 4367/1/4361
f 4368/1/4362 4367/1/4361 4366/1/4363
f 4370/1/4365 4371/1/4366 4367/1/4361
f 4356/1/4350 4367/1/4361 4371/1/4366
f 4372/1/4367 4373/1/4370 4374/1/4368
f 4349/1/4343 4374/1/4368 4373/1/4370
f 4344/1/4339 4359/1/4354 4374/1/4368
f 4375/1/4369 4374/1/4368 4359/1/4354
f 4376/1/4371 4371/1/4366 4370/1/4365
f 4358/1/4353 4371/1/4366 4376/1/4371
f 4346/1/4341 4373/1/4370 4378/1/4373
f 4379/1/4374 4378/1/4373 4373/1/4370
f 4351/1/4346 4378/1/4373 4381/1/4376
f 4384/1/4379 4385/1/4380 4382/1/4377
f 4363/1/4358 4386/1/4382 4387/1/4381
f 4368/1/4362 4387/1/4381 4386/1/4382
f 4369/1/4364 4388/1/4383 4387/1/4381
f 4362/1/4356 4387/1/4381 4388/1/4383
f 4325/1/4320 4353/1/4348 4389/1/4384
f 4390/1/4385 4389/1/4384 4353/1/4348
f 4391/1/4386 4392/1/4387 4389/1/4384
f 4324/1/4318 4389/1/4384 4392/1/4387
f 4352/1/4347 4381/1/4376 4393/1/4388
f 4394/1/4389 4393/1/4388 4381/1/4376
f 4395/1/4390 4396/1/4391 4393/1/4388
f 4395/1/4390 4397/1/4394 4398/1/4392
f 4399/1/4393 4398/1/4392 4397/1/4394
f 4401/1/4396 4402/1/4397 4398/1/4392
f 4403/1/4398 4404/1/4401 4405/1/4399
f 4383/1/4378 4405/1/4399 4404/1/4401
f 4370/1/4365 4386/1/4382 4405/1/4399
f 4406/1/4400 4405/1/4399 4386/1/4382
f 4384/1/4379 4404/1/4401 4407/1/4402
f 4408/1/4403 4407/1/4402 4404/1/4401
f 4395/1/4390 4394/1/4389 4407/1/4402
f 4385/1/4380 4407/1/4402 4394/1/4389
f 4287/1/4283 4286/1/4282 4409/1/4404
f 4294/1/4289 4409/1/4404 4286/1/4282
f 4293/1/4406 4411/1/4407 4409/1/4404
f 4410/1/4405 4409/1/4404 4411/1/4407
f 4413/1/4409 4414/1/4412 4415/1/4410
f 4408/1/4403 4415/1/4410 4397/1/4394
f 4412/1/4408 4417/1/4414 4418/1/4413
f 4406/1/4400 4418/1/4413 4417/1/4414
f 4363/1/4358 4360/1/4357 4418/1/4413
f 4419/1/4415 4420/1/4416 4417/1/4414
f 4413/1/4409 4416/1/4411 4420/1/4416
f 4403/1/4398 4417/1/4414 4420/1/4416
f 4421/1/4417 4422/1/4421 4423/1/4418
f 4425/1/4420 4423/1/4418 4422/1/4421
f 3797/1/3792 3793/1/3791 4423/1/4418
f 4424/1/4419 4423/1/4418 3793/1/3791
f 4426/1/4422 4427/1/4425 4428/1/4423
f 4429/1/4424 4428/1/4423 4427/1/4425
f 3803/1/3798 3800/1/3797 4428/1/4423
f 4425/1/4420 4428/1/4423 3800/1/3797
f 4431/1/4427 4432/1/4430 4433/1/4428
f 3807/1/3802 3804/1/3801 4433/1/4428
f 4429/1/4424 4433/1/4428 3804/1/3801
f 4434/1/4429 4433/1/4428 4429/1/4424
f 4431/1/4427 4435/1/4433 4436/1/4431
f 4437/1/4432 4436/1/4431 4435/1/4433
f 3811/1/3806 3808/1/3805 4436/1/4431
f 4432/1/4430 4436/1/4431 3808/1/3805
f 4438/1/4434 4439/1/4437 4440/1/4435
f 4441/1/4436 4440/1/4435 4439/1/4437
f 3815/1/3810 3812/1/3809 4440/1/4435
f 4437/1/4432 4440/1/4435 3812/1/3809
f 4442/1/4438 4443/1/4441 4444/1/4439
f 4445/1/4440 4444/1/4439 4443/1/4441
f 3819/1/3814 3816/1/3813 4444/1/4439
f 4441/1/4436 4444/1/4439 3816/1/3813
f 4446/1/4442 4447/1/4445 4448/1/4443
f 4449/1/4444 4448/1/4443 4447/1/4445
f 3823/1/3818 3820/1/3817 4448/1/4443
f 4445/1/4440 4448/1/4443 3820/1/3817
f 4450/1/4446 4451/1/4449 4452/1/4447
f 4453/1/4448 4452/1/4447 4451/1/4449
f 3827/1/3822 3824/1/3821 4452/1/4447
f 4449/1/4444 4452/1/4447 3824/1/3821
f 4455/1/4451 4456/1/5970 4457/1/4452
f 4457/1/4452 4456/1/5970 3831/1/3826
f 4453/1/4448 4457/1/4452 3828/1/3825
f 4458/1/4453 4457/1/4452 4453/1/4448
f 4459/1/4454 4460/1/4458 4461/1/4455
f 4463/1/4457 4464/1/4459 4460/1/4458
f 4458/1/4453 4460/1/4458 4464/1/4459
f 4461/1/4455 4460/1/4458 4458/1/4453
f 4465/1/4460 4466/1/4463 4467/1/4461
f 4422/1/4421 4467/1/4461 4466/1/4463
f 4421/1/4417 4469/1/4464 4467/1/4461
f 4468/1/4462 4467/1/4461 4469/1/4464
f 4471/1/4466 4472/1/4469 4473/1/4467
f 4427/1/4425 4473/1/4467 4472/1/4469
f 4426/1/4422 4466/1/4463 4473/1/4467
f 4474/1/4468 4473/1/4467 4466/1/4463
f 4475/1/4470 4476/1/4473 4477/1/4471
f 4434/1/4429 4477/1/4471 4476/1/4473
f 4430/1/4426 4472/1/4469 4477/1/4471
f 4478/1/4472 4477/1/4471 4472/1/4469
f 4479/1/4474 4480/1/4477 4481/1/4475
f 4438/1/4434 4435/1/4433 4481/1/4475
f 4431/1/4427 4476/1/4473 4481/1/4475
f 4482/1/4476 4481/1/4475 4476/1/4473
f 4483/1/4478 4484/1/4481 4485/1/4479
f 4442/1/4438 4439/1/4437 4485/1/4479
f 4480/1/4477 4485/1/4479 4439/1/4437
f 4486/1/4480 4485/1/4479 4480/1/4477
f 4487/1/4482 4488/1/4485 4489/1/4483
f 4446/1/4442 4443/1/4441 4489/1/4483
f 4484/1/4481 4489/1/4483 4443/1/4441
f 4490/1/4484 4489/1/4483 4484/1/4481
f 4487/1/4482 4491/1/4488 4492/1/4486
f 4493/1/4487 4492/1/4486 4491/1/4488
f 4450/1/4446 4447/1/4445 4492/1/4486
f 4488/1/4485 4492/1/4486 4447/1/4445
f 4451/1/4449 4498/1/4493 4497/1/4492
f 4493/1/4487 4498/1/4493 4451/1/4449
f 4494/1/4489 4495/1/4490 4498/1/4493
f 4496/1/4491 4499/1/4496 4500/1/4494
f 4501/1/4495 4500/1/4494 4499/1/4496
f 4462/1/4456 4461/1/4455 4500/1/4494
f 4497/1/4492 4500/1/4494 4461/1/4455
f 4470/1/4465 4503/1/4500 4504/1/4498
f 4505/1/4499 4504/1/4498 4503/1/4500
f 4507/1/4502 4508/1/4503 4504/1/4498
f 4468/1/4462 4504/1/4498 4508/1/4503
f 4465/1/4460 4508/1/4503 4509/1/4504
f 4510/1/4505 4509/1/4504 4508/1/4503
f 4511/1/4506 4512/1/4507 4509/1/4504
f 4474/1/4468 4509/1/4504 4512/1/4507
f 4471/1/4466 4512/1/4507 4513/1/4508
f 4514/1/4509 4513/1/4508 4512/1/4507
f 4515/1/4510 4516/1/4511 4513/1/4508
f 4478/1/4472 4513/1/4508 4516/1/4511
f 4475/1/4470 4516/1/4511 4517/1/4512
f 4518/1/4513 4517/1/4512 4516/1/4511
f 4519/1/4514 4520/1/4515 4517/1/4512
f 4482/1/4476 4517/1/4512 4520/1/4515
f 4521/1/4516 4522/1/4519 4523/1/4517
f 4505/1/4499 4523/1/4517 4522/1/4519
f 4506/1/4501 4525/1/4520 4523/1/4517
f 4524/1/4518 4523/1/4517 4525/1/4520
f 4527/1/4522 4528/1/4529 4529/1/4523
f 4510/1/4505 4530/1/4524 4529/1/4523
f 4507/1/4502 4522/1/4519 4530/1/4524
f 4527/1/4522 4530/1/4524 4522/1/4519
f 4531/1/4525 4532/1/4528 4533/1/4526
f 4514/1/4509 4532/1/4528 4531/1/4525
f 4511/1/4506 4529/1/4523 4532/1/4528
f 4528/1/4529 4533/1/4526 4532/1/4528
f 4535/1/4530 1089/1/1310 1088/1/1088
f 4537/1/4532 4536/1/4531 1088/1/1088
f 4538/1/4533 4536/1/4531 4537/1/4532
f 4540/1/4535 4535/1/4530 4536/1/4531
f 1096/1/1095 1098/1/1097 4541/1/4536
f 4542/1/4537 4541/1/4536 1098/1/1097
f 4543/1/4538 4544/1/4539 4541/1/4536
f 4537/1/4532 4541/1/4536 4544/1/4539
f 1102/1/1101 1104/1/1103 4545/1/4540
f 4546/1/4541 4545/1/4540 1104/1/1103
f 4547/1/4542 4548/1/4543 4545/1/4540
f 4542/1/4537 4545/1/4540 4548/1/4543
f 1108/1/1107 1110/1/1109 4549/1/4544
f 4550/1/4545 4549/1/4544 1110/1/1109
f 4551/1/4546 4552/1/4547 4549/1/4544
f 4546/1/4541 4549/1/4544 4552/1/4547
f 1114/1/1113 1116/1/1115 4553/1/4548
f 4554/1/4549 4553/1/4548 1116/1/1115
f 4555/1/4550 4556/1/4551 4553/1/4548
f 4550/1/4545 4553/1/4548 4556/1/4551
f 1120/1/1119 1122/1/1121 4557/1/4552
f 4557/1/4552 1122/1/1121 1126/1/1125
f 4559/1/4554 4560/1/4555 4557/1/4552
f 4554/1/4549 4557/1/4552 4560/1/4555
f 1129/1/1127 1128/1/1131 4561/1/4556
f 4563/1/4558 4564/1/4559 4562/1/4557
f 4558/1/4553 4562/1/4557 4564/1/4559
f 4558/1/4553 1126/1/1125 1129/1/1127
f 1128/1/1131 1134/1/1133 4565/1/4560
f 4566/1/4561 4565/1/4560 1134/1/1133
f 4567/1/4562 4568/1/4563 4565/1/4560
f 4561/1/4556 4565/1/4560 4568/1/4563
f 1139/1/1138 4569/1/4566 4570/1/4564
f 4571/1/4565 4572/1/4567 4570/1/4564
f 4566/1/4561 4570/1/4564 4572/1/4567
f 1140/1/1141 4570/1/4564 4566/1/4561
f 1145/1/1144 4573/1/4570 4569/1/4566
f 4574/1/4568 4573/1/4570 1145/1/1144
f 4575/1/4569 4576/1/4571 4573/1/4570
f 4569/1/4566 4573/1/4570 4576/1/4571
f 4577/1/4572 4578/1/4575 4579/1/4573
f 4544/1/4539 4579/1/4573 4578/1/4575
f 4581/1/4576 4579/1/4573 4544/1/4539
f 4580/1/4574 4579/1/4573 4581/1/4576
f 4582/1/4577 4583/1/4581 4584/1/4578
f 4586/1/4580 4584/1/4578 4583/1/4581
f 4528/1/4529 4527/1/4522 4584/1/4578
f 4585/1/4579 4584/1/4578 4527/1/4522
f 4587/1/4582 4583/1/4581 4588/1/4583
f 4581/1/4576 4588/1/4583 4583/1/4581
f 4543/1/4538 4548/1/4543 4588/1/4583
f 4589/1/4584 4588/1/4583 4548/1/4543
f 4587/1/4582 4590/1/4587 4591/1/4585
f 4592/1/4586 4591/1/4585 4590/1/4587
f 4534/1/4527 4533/1/4526 4591/1/4585
f 4586/1/4580 4591/1/4585 4533/1/4526
f 4593/1/4588 4590/1/4587 4594/1/4589
f 4589/1/4584 4594/1/4589 4590/1/4587
f 4547/1/4542 4552/1/4547 4594/1/4589
f 4595/1/4590 4594/1/4589 4552/1/4547
f 4596/1/4591 4597/1/4594 4598/1/4592
f 4595/1/4590 4598/1/4592 4597/1/4594
f 4551/1/4546 4556/1/4551 4598/1/4592
f 4599/1/4593 4598/1/4592 4556/1/4551
f 4600/1/4595 4601/1/4597 4560/1/4555
f 4602/1/4596 4603/1/4598 4601/1/4597
f 4599/1/4593 4601/1/4597 4603/1/4598
f 4555/1/4550 4560/1/4555 4601/1/4597
f 4604/1/4599 4605/1/4602 4606/1/4600
f 4600/1/4595 4606/1/4600 4605/1/4602
f 4559/1/4554 4564/1/4559 4606/1/4600
f 4607/1/4601 4606/1/4600 4564/1/4559
f 4608/1/4603 4609/1/4606 4610/1/4604
f 4607/1/4601 4610/1/4604 4609/1/4606
f 4563/1/4558 4568/1/4563 4610/1/4604
f 4611/1/4605 4610/1/4604 4568/1/4563
f 4612/1/4607 4613/1/4610 4614/1/4608
f 4611/1/4605 4614/1/4608 4613/1/4610
f 4567/1/4562 4572/1/4567 4614/1/4608
f 4615/1/4609 4614/1/4608 4572/1/4567
f 4619/1/4614 4616/1/4611 4620/1/4615
f 4577/1/4572 4622/1/4617 4616/1/4611
f 4617/1/4612 4616/1/4611 4622/1/4617
f 4539/1/4534 4578/1/4575 4623/1/4618
f 4619/1/4614 4623/1/4618 4578/1/4575
f 4621/1/4616 4624/1/4619 4623/1/4618
f 4538/1/4533 4623/1/4618 4624/1/4619
f 4526/1/4521 4622/1/4617 4625/1/4620
f 4580/1/4574 4625/1/4620 4622/1/4617
f 4582/1/4577 4585/1/4579 4625/1/4620
f 4524/1/4518 4625/1/4620 4585/1/4579
f 3851/1/3846 4626/1/4623 4627/1/4621
f 4628/1/4622 4627/1/4621 4626/1/4623
f 3475/1/3471 3845/1/3840 4627/1/4621
f 3847/1/3842 4627/1/4621 3845/1/3840
f 4630/1/4625 4631/1/4626 4628/1/4622
f 3506/1/3502 4631/1/4626 4630/1/4625
f 3477/1/3472 3476/1/3473 4631/1/4626
f 4628/1/4622 4631/1/4626 3476/1/3473
f 4633/1/4628 4634/1/4630 4635/1/4629
f 3851/1/3846 3850/1/3845 4635/1/4629
f 4041/1/4036 4635/1/4629 3850/1/3845
f 3507/1/4051 4630/1/4625 4639/1/4634
f 4640/1/4635 4641/1/4638 4642/1/4636
f 4626/1/4623 4642/1/4636 4641/1/4638
f 3851/1/3846 4634/1/4630 4642/1/4636
f 4644/1/4639 4645/1/4640 4641/1/4638
f 4637/1/4632 4636/1/4631 4645/1/4640
f 4629/1/4624 4641/1/4638 4645/1/4640
f 4040/1/4035 4046/1/4042 4646/1/4641
f 4647/1/4642 4646/1/4641 4046/1/4042
f 4648/1/4643 4649/1/4644 4646/1/4641
f 4637/1/4632 4650/1/4647 4651/1/4645
f 4652/1/4646 4651/1/4645 4650/1/4647
f 4061/1/4057 4068/1/4064 4651/1/4645
f 4638/1/4633 4651/1/4645 4068/1/4064
f 4654/1/4649 4655/1/4652 4656/1/4650
f 4643/1/4637 4656/1/4650 4655/1/4652
f 4633/1/4628 4649/1/4644 4656/1/4650
f 4657/1/4651 4656/1/4650 4649/1/4644
f 4640/1/4635 4655/1/4652 4658/1/4653
f 4659/1/4654 4658/1/4653 4655/1/4652
f 4653/1/4648 4650/1/4647 4658/1/4653
f 4644/1/4639 4658/1/4653 4650/1/4647
f 4060/1/4055 4061/1/4057 4652/1/4646
f 4653/1/4648 4661/1/4657 4660/1/4655
f 4662/1/4656 4660/1/4655 4661/1/4657
f 4060/1/4055 4660/1/4655 4662/1/4656
f 4664/1/4659 4665/1/4662 4666/1/4660
f 4647/1/4642 4666/1/4660 4665/1/4662
f 4045/1/4040 4042/1/4039 4666/1/4660
f 4667/1/4661 4666/1/4660 4042/1/4039
f 4648/1/4643 4665/1/4662 4668/1/4663
f 4669/1/4664 4668/1/4663 4665/1/4662
f 4670/1/4665 4671/1/4666 4668/1/4663
f 4657/1/4651 4668/1/4663 4671/1/4666
f 4654/1/4649 4671/1/4666 4672/1/4667
f 4673/1/4668 4672/1/4667 4671/1/4666
f 4663/1/4658 4661/1/4657 4672/1/4667
f 4659/1/4654 4672/1/4667 4661/1/4657
f 3891/1/3886 4674/1/4671 4675/1/4669
f 4676/1/4670 4675/1/4669 4674/1/4671
f 4664/1/4659 4667/1/4661 4675/1/4669
f 4677/1/4672 4674/1/4671 4678/1/4673
f 3894/1/3888 4678/1/4673 4674/1/4671
f 3889/1/3884 4679/1/4674 4678/1/4673
f 4663/1/4658 4680/1/4677 4681/1/4675
f 4682/1/4676 4681/1/4675 4680/1/4677
f 4050/1/4044 4681/1/4675 4682/1/4676
f 4684/1/4679 4685/1/4682 4686/1/4680
f 4669/1/4664 4686/1/4680 4685/1/4682
f 4664/1/4659 4676/1/4670 4686/1/4680
f 4687/1/4681 4686/1/4680 4676/1/4670
f 4670/1/4665 4685/1/4682 4688/1/4683
f 4683/1/4678 4680/1/4677 4688/1/4683
f 4673/1/4668 4688/1/4683 4680/1/4677
f 3889/1/3884 3887/1/3881 4690/1/4685
f 4691/1/4686 4690/1/4685 3887/1/3881
f 4692/1/4687 4693/1/4688 4690/1/4685
f 4679/1/4674 4690/1/4685 4693/1/4688
f 4694/1/4689 4695/1/4692 4696/1/4690
f 3795/1/3789 4696/1/4690 4695/1/4692
f 3799/1/3794 4682/1/4676 4696/1/4690
f 4697/1/4691 4696/1/4690 4682/1/4676
f 4692/1/4687 4698/1/4695 4699/1/4693
f 4700/1/4694 4699/1/4693 4698/1/4695
f 4687/1/4681 4699/1/4693 4700/1/4694
f 4693/1/4688 4699/1/4693 4687/1/4681
f 4684/1/4679 4700/1/4694 4702/1/4697
f 4703/1/4698 4702/1/4697 4700/1/4694
f 4697/1/4691 4702/1/4697 4703/1/4698
f 4697/1/4691 4683/1/4678 4689/1/4684
f 4704/1/4699 4705/1/4703 4706/1/4700
f 4708/1/4702 4709/1/4704 4705/1/4703
f 3888/1/3883 3884/1/3882 4705/1/4703
f 4706/1/4700 4705/1/4703 3884/1/3882
f 4710/1/4705 4711/1/4708 4712/1/4706
f 4424/1/4419 4712/1/4706 4711/1/4708
f 3792/1/3787 4695/1/4692 4712/1/4706
f 4713/1/4707 4712/1/4706 4695/1/4692
f 3888/1/3883 4709/1/4704 4714/1/4709
f 4715/1/4710 4714/1/4709 4709/1/4704
f 4692/1/4687 4691/1/4686 4714/1/4709
f 4717/1/4712 4716/1/4711 4718/1/4713
f 4719/1/4714 4720/1/4715 4716/1/4711
f 4704/1/4699 4716/1/4711 4720/1/4715
f 4621/1/4616 4620/1/4615 4721/1/4716
f 4620/1/4615 4618/1/4613 4718/1/4713
f 4722/1/4717 4721/1/4716 4718/1/4713
f 4723/1/4718 4724/1/4720 4711/1/4708
f 4725/1/4719 4724/1/4720 4723/1/4718
f 4470/1/4465 4469/1/4464 4724/1/4720
f 4421/1/4417 4711/1/4708 4724/1/4720
f 4717/1/4712 4726/1/4722 4727/1/4721
f 4723/1/4718 4726/1/4722 4717/1/4712
f 4710/1/4705 4727/1/4721 4726/1/4722
f 4470/1/4465 4725/1/4719 4728/1/4723
f 4526/1/4521 4525/1/4520 4728/1/4723
f 4503/1/4500 4728/1/4723 4525/1/4520
f 4694/1/4689 4703/1/4698 4729/1/4724
f 4730/1/4725 4729/1/4724 4703/1/4698
f 4719/1/4714 4727/1/4721 4729/1/4724
f 4713/1/4707 4729/1/4724 4727/1/4721
f 4708/1/4702 4720/1/4715 4731/1/4726
f 4730/1/4725 4731/1/4726 4720/1/4715
f 4701/1/4696 4698/1/4695 4731/1/4726
f 4715/1/4710 4731/1/4726 4698/1/4695
f 4733/1/4728 4732/1/4727 4734/1/4729
f 4540/1/4535 4624/1/4619 4732/1/4727
f 4722/1/4717 4732/1/4727 4624/1/4619
f 4733/1/4728 4736/1/4732 4535/1/4530
f 4737/1/4731 4736/1/4732 4733/1/4728
f 1312/1/1311 1311/1/1309 4736/1/4732
f 4535/1/4530 4736/1/4732 1311/1/1309
f 4738/1/4733 4739/1/4738 4740/1/4734
f 4742/1/4736 4739/1/4738 4738/1/4733
f 3861/1/3856 3857/1/3855 4739/1/4738
f 3856/1/3851 4740/1/4734 4739/1/4738
f 4743/1/4737 4744/1/4741 4745/1/4739
f 4746/1/4740 4745/1/4739 4744/1/4741
f 3868/1/3863 3865/1/3862 4745/1/4739
f 4742/1/4736 4745/1/4739 3865/1/3862
f 3874/1/3869 3871/1/3868 4748/1/4743
f 4746/1/4740 4748/1/4743 3871/1/3868
f 4747/1/4742 4750/1/4745 4748/1/4743
f 4749/1/4744 4748/1/4743 4750/1/4745
f 3880/1/3875 3877/1/3874 4752/1/4747
f 4749/1/4744 4752/1/4747 3877/1/3874
f 4751/1/4746 4753/1/4748 4752/1/4747
f 3886/1/3880 4752/1/4747 4753/1/4748
f 3883/1/3878 4753/1/4748 4754/1/4749
f 4755/1/4750 4754/1/4749 4753/1/4748
f 4735/1/4730 4734/1/4729 4754/1/4749
f 4706/1/4700 4754/1/4749 4734/1/4729
f 4756/1/4751 4757/1/4755 4758/1/4752
f 4760/1/4754 4758/1/4752 4757/1/4755
f 4759/1/4753 4758/1/4752 4750/1/4745
f 4760/1/4754 4762/1/4757 4755/1/4750
f 4761/1/4756 4763/1/4758 4762/1/4757
f 4755/1/4750 4762/1/4757 4763/1/4758
f 1340/1/1340 1343/1/1342 4764/1/4759
f 4765/1/4760 4764/1/4759 4763/1/4758
f 4761/1/4756 4757/1/4755 4766/1/4761
f 4767/1/4762 4766/1/4761 4757/1/4755
f 1346/1/1346 1345/1/1345 4766/1/4761
f 4768/1/4763 4769/1/4766 4770/1/4764
f 1352/1/1352 4770/1/4764 4769/1/4766
f 871/1/870 4327/1/4322 4770/1/4764
f 4771/1/4765 4770/1/4764 4327/1/4322
f 4772/1/4767 4773/1/4770 4774/1/4768
f 4771/1/4765 4774/1/4768 4773/1/4770
f 4326/1/4321 4392/1/4387 4774/1/4768
f 4775/1/4769 4774/1/4768 4392/1/4387
f 4391/1/4386 4402/1/4397 4776/1/4771
f 4777/1/4772 4776/1/4771 4402/1/4397
f 4778/1/4773 4779/1/4774 4776/1/4771
f 4775/1/4769 4776/1/4771 4779/1/4774
f 4401/1/4396 4399/1/4393 4780/1/4775
f 4781/1/4776 4780/1/4775 4399/1/4393
f 4782/1/4777 4783/1/4778 4780/1/4775
f 4400/1/4395 4414/1/4412 4784/1/4779
f 4785/1/4780 4784/1/4779 4414/1/4412
f 4786/1/4781 4787/1/4782 4784/1/4779
f 4781/1/4776 4784/1/4779 4787/1/4782
f 4785/1/4780 4788/1/4783 4791/1/4786
f 4413/1/4409 4419/1/4415 4788/1/4783
f 4789/1/4784 4788/1/4783 4419/1/4415
f 4411/1/4407 4792/1/4787 4789/1/4784
f 4293/1/4406 4793/1/4789 4792/1/4787
f 4794/1/4788 4795/1/4790 4792/1/4787
f 4789/1/4784 4792/1/4787 4795/1/4790
f 4794/1/4788 4793/1/4789 4796/1/4791
f 4297/1/4292 4798/1/4793 4796/1/4791
f 4797/1/4792 4796/1/4791 4798/1/4793
f 4305/1/4299 4800/1/4797 4801/1/4795
f 4802/1/4796 4801/1/4795 4800/1/4797
f 4799/1/4794 4798/1/4793 4801/1/4795
f 4304/1/4298 4801/1/4795 4798/1/4793
f 4804/1/4799 4800/1/4797 4305/1/4299
f 4805/1/4800 4804/1/4799 4311/1/4308
f 4806/1/4801 4804/1/4799 4805/1/4800
f 4803/1/4798 4800/1/4797 4804/1/4799
f 4318/1/4312 4808/1/4805 4809/1/4803
f 4810/1/4804 4809/1/4803 4808/1/4805
f 4807/1/4802 4805/1/4800 4809/1/4803
f 4310/1/4305 4319/1/4315 4809/1/4803
f 4782/1/4777 4787/1/4782 4812/1/4807
f 4814/1/4809 4812/1/4807 4787/1/4782
f 4815/1/4810 4816/1/4811 4812/1/4807
f 4813/1/4808 4812/1/4807 4816/1/4811
f 4786/1/4781 4791/1/4786 4818/1/4813
f 4819/1/4814 4818/1/4813 4791/1/4786
f 4820/1/4815 4821/1/4816 4818/1/4813
f 4814/1/4809 4818/1/4813 4821/1/4816
f 4790/1/4785 4795/1/4790 4822/1/4817
f 4823/1/4818 4822/1/4817 4795/1/4790
f 4824/1/4819 4825/1/4820 4822/1/4817
f 4819/1/4814 4822/1/4817 4825/1/4820
f 4794/1/4788 4797/1/4792 4826/1/4821
f 4799/1/4794 4827/1/4823 4826/1/4821
f 4828/1/4822 4826/1/4821 4827/1/4823
f 4823/1/4818 4826/1/4821 4828/1/4822
f 4803/1/4798 4830/1/4827 4831/1/4825
f 4832/1/4826 4831/1/4825 4830/1/4827
f 4829/1/4824 4827/1/4823 4831/1/4825
f 4802/1/4796 4831/1/4825 4827/1/4823
f 4807/1/4802 4834/1/4830 4835/1/4829
f 4833/1/4828 4830/1/4827 4835/1/4829
f 4806/1/4801 4835/1/4829 4830/1/4827
f 4811/1/4806 4838/1/4835 4839/1/4833
f 4840/1/4834 4839/1/4833 4838/1/4835
f 4836/1/4831 4834/1/4830 4839/1/4833
f 4810/1/4804 4839/1/4833 4834/1/4830
f 4229/1/4225 4226/1/4224 4842/1/4837
f 4843/1/4838 4842/1/4837 4226/1/4224
f 4844/1/4839 4845/1/4840 4842/1/4837
f 4244/1/4242 4842/1/4837 4845/1/4840
f 4248/1/4244 4846/1/4843 4847/1/4841
f 4848/1/4842 4847/1/4841 4846/1/4843
f 4850/1/4845 4851/1/4846 4847/1/4841
f 4252/1/4248 4847/1/4841 4851/1/4846
f 4852/1/4847 4853/1/4850 4854/1/4848
f 4853/1/4850 4849/1/4844 4846/1/4843
f 4246/1/4241 4854/1/4848 4846/1/4843
f 4855/1/4849 4854/1/4848 4246/1/4241
f 4843/1/4838 4857/1/4852 4859/1/4854
f 4225/1/4221 4222/1/4220 4857/1/4852
f 4860/1/4855 4861/1/4858 4862/1/4856
f 4852/1/4847 4855/1/4849 4862/1/4856
f 4247/1/4243 4845/1/4840 4862/1/4856
f 4863/1/4857 4862/1/4856 4845/1/4840
f 4864/1/4859 4865/1/4862 4866/1/4860
f 4849/1/4844 4853/1/4850 4866/1/4860
f 4861/1/4858 4866/1/4860 4853/1/4850
f 4867/1/4861 4866/1/4860 4861/1/4858
f 4849/1/4844 4865/1/4862 4868/1/4863
f 4864/1/4859 4869/1/4865 4868/1/4863
f 4870/1/4864 4868/1/4863 4869/1/4865
f 4255/1/4251 4872/1/4869 4873/1/4867
f 4874/1/4868 4873/1/4867 4872/1/4869
f 4316/1/4316 4315/1/4310 4878/1/4873
f 4883/1/4878 4882/1/4877 4884/1/4879
f 4318/1/4312 4321/1/4314 4882/1/4877
f 4881/1/4876 4882/1/4877 4321/1/4314
f 4885/1/4880 4886/1/4883 4887/1/4881
f 4888/1/4882 4887/1/4881 4886/1/4883
f 4811/1/4806 4808/1/4805 4887/1/4881
f 4883/1/4878 4887/1/4881 4808/1/4805
f 4889/1/4884 4890/1/4887 4891/1/4885
f 4892/1/4886 4893/1/4888 4891/1/4885
f 4838/1/4835 4891/1/4885 4893/1/4888
f 4889/1/4884 4894/1/4890 4895/1/4889
f 4895/1/4889 4897/1/4902 4898/1/4892
f 4890/1/4887 4895/1/4889 4899/1/4893
f 4896/1/4891 4894/1/4890 4900/1/4894
f 4889/1/4884 4886/1/4883 4900/1/4894
f 4902/1/4896 4900/1/4894 4886/1/4883
f 4903/1/4897 4901/1/4895 4900/1/4894
f 4903/1/4897 4904/1/4900 4905/1/4898
f 4906/1/4899 4905/1/4898 4904/1/4900
f 4898/1/4892 4897/1/4902 4905/1/4898
f 4901/1/4895 4905/1/4898 4897/1/4902
f 4885/1/4880 4884/1/4879 4908/1/4903
f 4909/1/4904 4908/1/4903 4884/1/4879
f 4910/1/4905 4911/1/4906 4908/1/4903
f 4902/1/4896 4908/1/4903 4911/1/4906
f 4898/1/4892 4912/1/4909 4913/1/4907
f 4914/1/4908 4913/1/4907 4912/1/4909
f 4892/1/4886 4899/1/4893 4913/1/4907
f 4910/1/4905 4916/1/4913 4917/1/4911
f 4918/1/4912 4917/1/4911 4916/1/4913
f 4907/1/4901 4904/1/4900 4917/1/4911
f 4911/1/4906 4917/1/4911 4904/1/4900
f 4907/1/4901 4918/1/4912 4920/1/4915
f 4919/1/4914 4921/1/4916 4920/1/4915
f 4915/1/4910 4912/1/4909 4920/1/4915
f 4906/1/4899 4920/1/4915 4912/1/4909
f 3653/1/3648 3675/1/3670 4922/1/4917
f 4923/1/4918 4922/1/4917 3675/1/3670
f 4924/1/4919 4925/1/4920 4922/1/4917
f 3651/1/3646 4922/1/4917 4925/1/4920
f 3673/1/3668 3685/1/3680 4926/1/4921
f 4927/1/4922 4926/1/4921 3685/1/3680
f 4928/1/4923 4929/1/4924 4926/1/4921
f 3672/1/3666 4926/1/4921 4929/1/4924
f 4930/1/4925 4931/1/4928 4932/1/4926
f 4927/1/4922 4932/1/4926 4931/1/4928
f 3684/1/3679 3687/1/3684 4932/1/4926
f 4933/1/4927 4932/1/4926 3687/1/3684
f 3537/1/3532 3533/1/3531 4934/1/4929
f 3533/1/3531 3532/1/3527 4925/1/4920
f 4936/1/4931 4934/1/4929 4925/1/4920
f 4935/1/4930 4934/1/4929 4936/1/4931
f 3674/1/3669 4929/1/4924 4938/1/4933
f 4939/1/4934 4938/1/4933 4929/1/4924
f 4940/1/4935 4941/1/4936 4938/1/4933
f 4923/1/4918 4938/1/4933 4941/1/4936
f 4928/1/4923 4931/1/4928 4942/1/4937
f 4943/1/4938 4942/1/4937 4931/1/4928
f 4944/1/4939 4945/1/4940 4942/1/4937
f 4939/1/4934 4942/1/4937 4945/1/4940
f 4937/1/4932 4936/1/4931 4946/1/4941
f 4941/1/4936 4946/1/4941 4936/1/4931
f 4947/1/4942 4946/1/4941 4948/1/4943
f 4937/1/4932 4950/1/4947 4951/1/4945
f 4952/1/4946 4951/1/4945 4950/1/4947
f 3573/1/3568 3571/1/3567 4951/1/4945
f 4935/1/4930 4951/1/4945 3571/1/3567
f 4944/1/4939 4954/1/4951 4955/1/4949
f 4956/1/4950 4955/1/4949 4954/1/4951
f 4949/1/4944 4948/1/4943 4955/1/4949
f 4945/1/4940 4955/1/4949 4948/1/4943
f 4179/1/4176 4958/1/4954 4959/1/4953
f 4952/1/4946 4958/1/4954 4179/1/4176
f 4953/1/4948 4960/1/4955 4958/1/4954
f 4959/1/4953 4958/1/4954 4960/1/4955
f 4949/1/4944 4962/1/4959 4963/1/4957
f 4964/1/4958 4963/1/4957 4962/1/4959
f 4953/1/4948 4950/1/4947 4963/1/4957
f 4957/1/4952 4966/1/4963 4967/1/4961
f 4968/1/4962 4967/1/4961 4966/1/4963
f 4965/1/4960 4962/1/4959 4967/1/4961
f 4956/1/4950 4967/1/4961 4962/1/4959
f 4187/1/4182 4186/1/4183 4970/1/4965
f 4959/1/4953 4970/1/4965 4186/1/4183
f 4959/1/4953 4961/1/4956 4972/1/4967
f 4973/1/4968 4971/1/4966 4970/1/4965
f 4965/1/4960 4974/1/4971 4975/1/4969
f 4976/1/4970 4975/1/4969 4974/1/4971
f 4961/1/4956 4960/1/4955 4975/1/4969
f 4964/1/4958 4975/1/4969 4960/1/4955
f 4977/1/4972 4974/1/4971 4978/1/4973
f 4968/1/4962 4978/1/4973 4974/1/4971
f 4969/1/4964 4980/1/4975 4978/1/4973
f 4979/1/4974 4978/1/4973 4980/1/4975
f 4983/1/4978 4982/1/4977 4984/1/4979
f 4191/1/4187 4190/1/4186 4982/1/4977
f 4971/1/4966 4982/1/4977 4190/1/4186
f 4987/1/4982 4986/1/4981 4976/1/4970
f 4988/1/4983 4989/1/4984 4986/1/4981
f 4972/1/4967 4986/1/4981 4989/1/4984
f 4981/1/4976 4990/1/4986 4991/1/4985
f 4988/1/4983 4987/1/4982 4991/1/4985
f 4979/1/4974 4991/1/4985 4987/1/4982
f 4988/1/4983 4994/1/4991 4995/1/4989
f 4996/1/4990 4995/1/4989 4994/1/4991
f 4985/1/4980 4984/1/4979 4995/1/4989
f 4999/1/4994 4998/1/4993 5000/1/4995
f 4997/1/4992 4994/1/4991 4998/1/4993
f 4993/1/4988 4998/1/4993 4994/1/4991
f 5003/1/4998 5002/1/4997 5004/1/4999
f 3951/1/3946 3950/1/3945 5009/1/5004
f 5007/1/5002 5009/1/5004 3950/1/3945
f 5006/1/5001 5012/1/5009 5013/1/5007
f 5014/1/5008 5013/1/5007 5012/1/5009
f 5016/1/5011 5017/1/5012 5013/1/5007
f 5008/1/5003 5013/1/5007 5017/1/5012
f 3951/1/3946 5011/1/5006 5018/1/5013
f 5019/1/5014 5018/1/5013 5011/1/5006
f 5020/1/5015 5021/1/5016 5018/1/5013
f 3974/1/3968 5018/1/5013 5021/1/5016
f 5022/1/5017 5021/1/5016 5020/1/5015
f 5023/1/5018 3983/1/3978 3986/1/3980
f 5022/1/5017 3986/1/3980 3971/1/3966
f 5010/1/5005 5017/1/5012 5024/1/5019
f 5025/1/5020 5024/1/5019 5017/1/5012
f 5026/1/5021 5027/1/5022 5024/1/5019
f 5019/1/5014 5024/1/5019 5027/1/5022
f 5028/1/5023 5029/1/5026 5030/1/5024
f 3990/1/3985 5030/1/5024 5029/1/5026
f 3983/1/3978 5023/1/5018 5030/1/5024
f 5031/1/5025 5030/1/5024 5023/1/5018
f 5020/1/5015 5027/1/5022 5032/1/5027
f 5033/1/5028 5032/1/5027 5027/1/5022
f 5034/1/5029 5035/1/5030 5032/1/5027
f 5028/1/5023 5036/1/5033 5037/1/5031
f 5038/1/5032 5037/1/5031 5036/1/5033
f 3864/1/3859 3978/1/3973 5037/1/5031
f 3982/1/3977 5029/1/5026 5037/1/5031
f 5040/1/5035 5041/1/5039 5042/1/5036
f 5044/1/5038 5042/1/5036 5041/1/5039
f 5045/1/5040 5046/1/5041 5042/1/5036
f 5043/1/5037 5042/1/5036 5046/1/5041
f 5048/1/5043 5049/1/5046 5050/1/5044
f 5014/1/5008 5050/1/5044 5049/1/5046
f 5015/1/5010 5041/1/5039 5050/1/5044
f 5051/1/5045 5050/1/5044 5041/1/5039
f 5052/1/5047 5053/1/5050 5054/1/5048
f 5025/1/5020 5054/1/5048 5053/1/5050
f 5016/1/5011 5049/1/5046 5054/1/5048
f 5055/1/5049 5054/1/5048 5049/1/5046
f 5056/1/5051 5057/1/5054 5058/1/5052
f 5034/1/5029 5033/1/5028 5057/1/5054
f 5026/1/5021 5053/1/5050 5057/1/5054
f 5053/1/5050 5052/1/5047 5058/1/5052
f 5047/1/5042 5060/1/5057 5061/1/5055
f 5062/1/5056 5061/1/5055 5060/1/5057
f 5064/1/5059 5065/1/5060 5061/1/5055
f 5043/1/5037 5061/1/5055 5065/1/5060
f 5040/1/5035 5065/1/5060 5066/1/5061
f 5067/1/5062 5066/1/5061 5065/1/5060
f 5066/1/5061 5067/1/5062 5068/1/5063
f 5051/1/5045 5066/1/5061 5069/1/5064
f 5070/1/5065 5055/1/5049 5048/1/5043
f 5070/1/5065 5069/1/5064 5068/1/5063
f 5070/1/5065 5071/1/5066 5072/1/5067
f 5070/1/5065 5073/1/5068 5052/1/5047
f 5059/1/5053 5058/1/5052 5074/1/5069
f 5074/1/5069 5058/1/5052 5052/1/5047
f 5074/1/5069 5073/1/5068 5072/1/5067
f 5077/1/5072 5075/1/5070 5074/1/5069
f 5077/1/5072 5078/1/5074 5079/1/5073
f 5082/1/5077 5083/1/5078 5079/1/5073
f 5075/1/5070 5079/1/5073 5083/1/5078
f 5085/1/5080 5084/1/5079 5086/1/5081
f 5090/1/5085 5091/1/5088 5092/1/5086
f 5085/1/5080 5092/1/5086 5091/1/5088
f 5087/1/5082 5094/1/5089 5092/1/5086
f 5093/1/5087 5092/1/5086 5094/1/5089
f 5095/1/5090 5096/1/5093 5097/1/5091
f 5098/1/5092 5097/1/5091 5096/1/5093
f 5100/1/5095 5101/1/5096 5097/1/5091
f 5093/1/5087 5097/1/5091 5101/1/5096
f 5098/1/5092 5102/1/5097 5106/1/5101
f 5099/1/5094 5103/1/5098 5102/1/5097
f 5111/1/5106 5112/1/5107 5107/1/5102
f 5108/1/5103 5107/1/5102 5112/1/5107
f 5112/1/5107 5114/1/5114 5115/1/5109
f 5116/1/5110 5114/1/5114 5112/1/5107
f 5117/1/5111 5114/1/5114 5116/1/5110
f 5119/1/5113 5115/1/5109 5114/1/5114
f 5118/1/5112 5120/1/5117 5121/1/5115
f 5122/1/5116 5121/1/5115 5120/1/5117
f 5124/1/5119 5125/1/5120 5121/1/5115
f 5117/1/5111 5121/1/5115 5125/1/5120
f 5122/1/5116 5126/1/5122 5127/1/5121
f 5123/1/5118 5128/1/5123 5126/1/5122
f 5063/1/5058 5060/1/5057 5126/1/5122
f 5127/1/5121 5126/1/5122 5060/1/5057
f 5129/1/5124 5132/1/5236 5133/1/5127
f 5087/1/5082 5086/1/5081 5129/1/5124
f 5087/1/5082 5134/1/5128 5135/1/5129
f 5136/1/5130 5135/1/5129 5134/1/5128
f 5137/1/5131 5138/1/5132 5135/1/5129
f 5094/1/5089 5135/1/5129 5138/1/5132
f 5137/1/5131 5139/1/5134 5140/1/5133
f 5139/1/5134 5141/1/5138 5142/1/5135
f 5099/1/5094 5096/1/5093 5140/1/5133
f 5138/1/5132 5140/1/5133 5096/1/5093
f 5099/1/5094 5142/1/5135 5143/1/5136
f 5144/1/5137 5143/1/5136 5142/1/5135
f 5145/1/5139 5146/1/5140 5143/1/5136
f 5103/1/5098 5143/1/5136 5146/1/5140
f 5104/1/5099 5146/1/5140 5147/1/5141
f 5148/1/5142 5147/1/5141 5146/1/5140
f 5149/1/5143 5150/1/5144 5147/1/5141
f 5110/1/5105 5147/1/5141 5150/1/5144
f 5111/1/5106 5150/1/5144 5151/1/5145
f 5152/1/5146 5151/1/5145 5150/1/5144
f 5153/1/5147 5154/1/5148 5151/1/5145
f 5116/1/5110 5151/1/5145 5154/1/5148
f 5155/1/5149 5156/1/5151 5128/1/5123
f 5157/1/5150 5158/1/5153 5156/1/5151
f 5159/1/5152 5160/1/5154 5156/1/5151
f 5128/1/5123 5156/1/5151 5160/1/5154
f 5153/1/5147 5161/1/5156 5162/1/5155
f 5155/1/5149 5162/1/5155 5161/1/5156
f 5123/1/5118 5120/1/5117 5162/1/5155
f 5154/1/5148 5162/1/5155 5120/1/5117
f 5133/1/5127 5163/1/5235 5164/1/5157
f 5167/1/5160 5164/1/5157 5166/1/5159
f 5136/1/5130 5164/1/5157 5167/1/5160
f 5168/1/5161 5169/1/5163 5170/1/5162
f 5141/1/5138 5139/1/5134 5170/1/5162
f 5167/1/5160 5170/1/5162 5139/1/5134
f 5141/1/5138 5172/1/5165 5173/1/5166
f 5174/1/5167 5173/1/5166 5172/1/5165
f 5175/1/5168 5176/1/5169 5173/1/5166
f 5144/1/5137 5173/1/5166 5176/1/5169
f 5145/1/5139 5176/1/5169 5177/1/5170
f 5178/1/5171 5177/1/5170 5176/1/5169
f 5179/1/5172 5180/1/5173 5177/1/5170
f 5148/1/5142 5177/1/5170 5180/1/5173
f 5149/1/5143 5180/1/5173 5181/1/5174
f 5182/1/5175 5181/1/5174 5180/1/5173
f 5183/1/5176 5184/1/5177 5181/1/5174
f 5152/1/5146 5181/1/5174 5184/1/5177
f 5183/1/5176 5185/1/5180 5186/1/5178
f 5187/1/5179 5186/1/5178 5185/1/5180
f 5157/1/5150 5161/1/5156 5186/1/5178
f 5184/1/5177 5186/1/5178 5161/1/5156
f 5189/1/5182 5067/1/5062 5064/1/5059
f 5189/1/5182 5190/1/5183 5191/1/5184
f 5189/1/5182 5192/1/5185 5193/1/5186
f 5189/1/5182 5194/1/5187 5068/1/5063
f 5195/1/5188 5196/1/5205 5197/1/5189
f 5195/1/5188 5198/1/5190 5188/1/5181
f 5183/1/5176 5196/1/5205 5195/1/5188
f 5199/1/5191 5200/1/5200 5197/1/5189
f 5175/1/5168 5174/1/5167 5199/1/5191
f 5171/1/5164 5200/1/5200 5199/1/5191
f 5202/1/5193 5194/1/5187 5193/1/5186
f 5202/1/5193 5203/1/5194 5204/1/5195
f 5202/1/5193 5205/1/5196 5072/1/5067
f 5202/1/5193 5071/1/5066 5068/1/5063
f 5206/1/5197 5207/1/5199 5208/1/5198
f 5168/1/5161 5166/1/5159 5207/1/5199
f 5165/1/5158 5208/1/5198 5207/1/5199
f 5200/1/5200 5209/1/5201 5206/1/5197
f 5171/1/5164 5169/1/5163 5209/1/5201
f 5168/1/5161 5206/1/5197 5209/1/5201
f 5210/1/5202 5201/1/5192 5197/1/5189
f 5210/1/5202 5211/1/5203 5179/1/5172
f 5210/1/5202 5178/1/5171 5175/1/5168
f 5212/1/5204 5211/1/5203 5197/1/5189
f 5212/1/5204 5196/1/5205 5183/1/5176
f 5212/1/5204 5182/1/5175 5179/1/5172
f 5213/1/5206 5214/1/5208 5187/1/5179
f 5215/1/5207 5216/1/5209 5214/1/5208
f 5158/1/5153 5214/1/5208 5216/1/5209
f 5187/1/5179 5214/1/5208 5158/1/5153
f 5217/1/5210 5198/1/5190 5197/1/5189
f 5215/1/5207 5213/1/5206 5217/1/5210
f 5188/1/5181 5198/1/5190 5217/1/5210
f 5219/1/5212 5220/1/5215 5221/1/5213
f 5165/1/5158 5221/1/5213 5220/1/5215
f 5063/1/5058 5160/1/5154 5223/1/5216
f 5224/1/5217 5223/1/5216 5160/1/5154
f 5191/1/5184 5190/1/5183 5223/1/5216
f 5062/1/5056 5223/1/5216 5190/1/5183
f 5192/1/5185 5191/1/5184 5225/1/5218
f 5226/1/5219 5225/1/5218 5227/1/5220
f 5226/1/5219 5228/1/5221 5204/1/5195
f 5226/1/5219 5203/1/5194 5193/1/5186
f 5227/1/5220 5225/1/5218 5229/1/5222
f 5224/1/5217 5229/1/5222 5225/1/5218
f 5159/1/5152 5216/1/5209 5229/1/5222
f 5230/1/5223 5229/1/5222 5216/1/5209
f 5231/1/5224 5205/1/5196 5204/1/5195
f 5233/1/5226 5231/1/5224 5232/1/5225
f 5233/1/5226 5077/1/5072 5076/1/5071
f 5231/1/5224 5076/1/5071 5072/1/5067
f 5235/1/5228 5233/1/5226 5234/1/5227
f 5233/1/5226 5235/1/5228 5078/1/5074
f 5227/1/5220 5237/1/5232 5238/1/5230
f 5239/1/5231 5238/1/5230 5237/1/5232
f 5238/1/5230 5239/1/5231 5234/1/5227
f 5204/1/5195 5228/1/5221 5238/1/5230
f 5240/1/5233 5239/1/5231 5222/1/5214
f 5240/1/5233 5241/1/5234 5131/1/5126
f 5132/1/5236 5242/1/6714 5163/1/5235
f 5222/1/5214 5237/1/5232 5243/1/5237
f 5230/1/5223 5243/1/5237 5237/1/5232
f 5215/1/5207 5218/1/5211 5243/1/5237
f 5219/1/5212 5243/1/5237 5218/1/5211
f 5005/1/5000 5244/1/5239 5245/1/5238
f 5044/1/5038 5245/1/5238 5244/1/5239
f 5015/1/5010 5012/1/5009 5245/1/5238
f 5003/1/4998 5245/1/5238 5012/1/5009
f 5047/1/5042 5046/1/5041 5246/1/5240
f 5247/1/5241 5246/1/5240 5046/1/5041
f 5248/1/5242 5246/1/5240 5247/1/5241
f 5124/1/5119 5127/1/5121 5246/1/5240
f 5249/1/5243 5250/1/5246 5251/1/5244
f 5252/1/5245 5251/1/5244 5250/1/5246
f 5119/1/5113 5125/1/5120 5251/1/5244
f 5248/1/5242 5251/1/5244 5125/1/5120
f 5253/1/5247 5254/1/5250 5255/1/5248
f 5256/1/5249 5255/1/5248 5254/1/5250
f 5113/1/5108 5115/1/5109 5255/1/5248
f 5252/1/5245 5255/1/5248 5115/1/5109
f 5258/1/5252 5259/1/5255 5256/1/5249
f 5260/1/5253 5259/1/5255 5258/1/5252
f 5256/1/5249 5259/1/5255 5108/1/5103
f 1844/1/1843 1847/1/1845 5262/1/5256
f 5258/1/5252 5263/1/5257 5262/1/5256
f 5264/1/5258 5263/1/5257 5258/1/5252
f 1844/1/1843 5263/1/5257 5264/1/5258
f 5260/1/5253 5265/1/5262 5106/1/5101
f 5266/1/5259 5265/1/5262 5260/1/5253
f 5267/1/5260 5265/1/5262 5266/1/5259
f 5100/1/5095 5106/1/5101 5265/1/5262
f 5268/1/5261 5269/1/5265 5270/1/5263
f 5271/1/5264 5270/1/5263 5269/1/5265
f 5090/1/5085 5101/1/5096 5270/1/5263
f 5267/1/5260 5270/1/5263 5101/1/5096
f 5272/1/5266 5273/1/5269 5274/1/5267
f 5275/1/5268 5274/1/5267 5273/1/5269
f 5088/1/5083 5091/1/5088 5274/1/5267
f 5271/1/5264 5274/1/5267 5091/1/5088
f 5059/1/5053 5083/1/5078 5277/1/5271
f 5278/1/5272 5277/1/5271 5083/1/5078
f 5279/1/5273 5280/1/5274 5277/1/5271
f 5056/1/5051 5277/1/5271 5280/1/5274
f 5039/1/5034 5036/1/5033 5281/1/5275
f 5035/1/5030 5281/1/5275 5036/1/5033
f 5034/1/5029 5280/1/5274 5281/1/5275
f 5282/1/5276 5281/1/5275 5280/1/5274
f 5276/1/5270 5283/1/5278 5284/1/5277
f 5278/1/5272 5284/1/5277 5283/1/5278
f 5082/1/5077 5089/1/5084 5284/1/5277
f 5275/1/5268 5284/1/5277 5089/1/5084
f 3856/1/3851 3859/1/3853 5285/1/5279
f 5038/1/5032 5285/1/5279 3859/1/3853
f 5039/1/5034 5287/1/5281 5285/1/5279
f 5286/1/5280 5285/1/5279 5287/1/5281
f 5279/1/5273 5289/1/5285 5290/1/5283
f 5291/1/5284 5290/1/5283 5289/1/5285
f 5288/1/5282 5287/1/5281 5290/1/5283
f 5282/1/5276 5290/1/5283 5287/1/5281
f 5288/1/5282 5293/1/5289 5294/1/5287
f 5295/1/5288 5294/1/5287 5293/1/5289
f 4741/1/4735 4740/1/4734 5294/1/5287
f 5286/1/5280 5294/1/5287 4740/1/4734
f 5292/1/5286 5297/1/5293 5298/1/5291
f 5299/1/5292 5298/1/5291 5297/1/5293
f 5296/1/5290 5293/1/5289 5298/1/5291
f 5291/1/5284 5298/1/5291 5293/1/5289
f 5276/1/5270 5301/1/5296 5302/1/5295
f 5297/1/5293 5302/1/5295 5301/1/5296
f 5292/1/5286 5289/1/5285 5302/1/5295
f 5283/1/5278 5302/1/5295 5289/1/5285
f 5301/1/5296 5276/1/5270 5273/1/5269
f 5304/1/5298 5303/1/5297 5273/1/5269
f 5301/1/5296 5303/1/5297 5306/1/5300
f 5272/1/5266 5269/1/5265 5307/1/5301
f 5311/1/5305 5312/1/5307 5266/1/5259
f 5313/1/5306 5312/1/5307 5311/1/5305
f 5308/1/5302 5312/1/5307 5313/1/5306
f 5311/1/5305 5314/1/5308 1900/1/1898
f 5261/1/5254 5262/1/5256 5314/1/5308
f 1847/1/1845 1900/1/1898 5314/1/5308
f 5309/1/5303 5313/1/5306 5315/1/5309
f 1907/1/1905 5315/1/5309 5313/1/5306
f 1906/1/1904 5317/1/5311 5315/1/5309
f 5316/1/5310 5315/1/5309 5317/1/5311
f 5318/1/5312 5319/1/5315 5320/1/5313
f 5321/1/5314 5320/1/5313 5319/1/5315
f 5305/1/5299 5310/1/5304 5320/1/5313
f 5316/1/5310 5320/1/5313 5310/1/5304
f 5318/1/5312 5317/1/5311 5323/1/5317
f 1915/1/1912 5323/1/5317 5317/1/5311
f 1915/1/1912 1914/1/1917 5324/1/5318
f 5319/1/5315 5323/1/5317 5324/1/5318
f 5322/1/5316 5325/1/5320 5326/1/5319
f 1914/1/1917 1921/1/1919 5329/1/5323
f 5330/1/5324 5329/1/5323 1921/1/1919
f 5331/1/5325 5332/1/5326 5329/1/5323
f 5324/1/5318 5329/1/5323 5332/1/5326
f 5330/1/5324 5333/1/5328 5334/1/5327
f 1925/1/1923 1929/1/1927 5333/1/5328
f 5331/1/5325 5334/1/5327 5335/1/5329
f 1936/1/1934 5335/1/5329 5334/1/5327
f 1935/1/1933 5337/1/5331 5335/1/5329
f 5336/1/5330 5335/1/5329 5337/1/5331
f 5331/1/5325 5336/1/5330 5339/1/5333
f 5332/1/5326 5339/1/5333 5325/1/5320
f 5338/1/5332 5337/1/5331 5341/1/5335
f 1942/1/1940 5341/1/5335 5337/1/5331
f 1941/1/1938 5342/1/5336 5341/1/5335
f 1944/1/1941 5343/1/5339 5342/1/5336
f 5344/1/5337 5343/1/5339 1944/1/1941
f 5345/1/5338 5346/1/5340 5343/1/5339
f 5342/1/5336 5343/1/5339 5346/1/5340
f 5347/1/5341 5348/1/5344 5349/1/5342
f 1953/1/1951 5349/1/5342 5348/1/5344
f 4767/1/4762 4756/1/4751 5350/1/5343
f 5351/1/5345 5352/1/5354 5353/1/5346
f 5355/1/5348 5351/1/5345 5354/1/5347
f 1959/1/1956 1961/1/1957 5351/1/5345
f 5347/1/5341 5357/1/5352 5358/1/5350
f 5359/1/5351 5358/1/5350 5357/1/5352
f 5358/1/5350 5359/1/5351 5353/1/5346
f 5348/1/5344 5358/1/5350 5352/1/5354
f 5347/1/5341 5350/1/5343 5361/1/5355
f 5362/1/5356 5361/1/5355 4759/1/4753
f 5360/1/5353 5357/1/5352 5361/1/5355
f 5363/1/5357 5354/1/5347 5353/1/5346
f 5364/1/5358 5363/1/5357 5359/1/5351
f 5365/1/5359 5366/1/5360 5363/1/5357
f 5356/1/5349 5354/1/5347 5363/1/5357
f 5367/1/5361 5368/1/5364 5369/1/5362
f 5362/1/5356 5369/1/5362 5368/1/5364
f 4747/1/4742 4744/1/4741 5369/1/5362
f 5370/1/5363 5369/1/5362 4744/1/4741
f 5371/1/5365 5372/1/5368 5373/1/5366
f 1981/1/1979 5372/1/5368 5371/1/5365
f 5355/1/5348 5372/1/5368 1981/1/1979
f 5356/1/5349 5373/1/5366 5372/1/5368
f 5375/1/5369 5376/1/5372 5377/1/5370
f 5364/1/5358 5377/1/5370 5376/1/5372
f 5360/1/5353 5368/1/5364 5377/1/5370
f 5378/1/5371 5377/1/5370 5368/1/5364
f 5365/1/5359 5376/1/5372 5379/1/5373
f 5380/1/5374 5379/1/5373 5376/1/5372
f 5374/1/5367 5373/1/5366 5379/1/5373
f 5366/1/5360 5379/1/5373 5373/1/5366
f 5381/1/5375 5382/1/5378 5383/1/5376
f 1993/1/1991 5383/1/5376 5382/1/5378
f 1982/1/1980 5371/1/5365 5383/1/5376
f 5384/1/5377 5383/1/5376 5371/1/5365
f 5385/1/5379 5386/1/5382 5387/1/5380
f 5370/1/5363 5387/1/5380 5386/1/5382
f 4743/1/4737 4738/1/4733 5387/1/5380
f 1994/1/1992 5382/1/5378 5389/1/5383
f 5390/1/5384 5389/1/5383 5382/1/5378
f 5390/1/5384 5345/1/5338 5344/1/5337
f 1999/1/1998 5389/1/5383 5344/1/5337
f 5392/1/5386 5391/1/5385 5393/1/5387
f 5299/1/5292 5391/1/5385 5392/1/5386
f 5300/1/5294 5328/1/5322 5391/1/5385
f 5395/1/5389 5396/1/5392 5397/1/5390
f 5378/1/5371 5397/1/5390 5396/1/5392
f 5367/1/5361 5386/1/5382 5397/1/5390
f 5398/1/5391 5397/1/5390 5386/1/5382
f 5296/1/5290 5392/1/5386 5399/1/5393
f 5401/1/5395 5402/1/5396 5400/1/5394
f 5395/1/5389 5398/1/5391 5402/1/5396
f 5385/1/5379 5400/1/5394 5402/1/5396
f 5404/1/5398 5403/1/5397 5346/1/5340
f 5394/1/5388 5393/1/5387 5403/1/5397
f 5401/1/5395 5405/1/5400 5406/1/5399
f 5401/1/5395 5394/1/5388 5404/1/5398
f 5345/1/5338 5390/1/5384 5405/1/5400
f 5406/1/5399 5405/1/5400 5390/1/5384
f 5375/1/5369 5396/1/5392 5407/1/5401
f 5406/1/5399 5407/1/5401 5396/1/5392
f 5381/1/5375 5384/1/5377 5407/1/5401
f 5380/1/5374 5407/1/5401 5384/1/5377
f 4097/1/4093 5408/1/5404 5409/1/5402
f 5410/1/5403 5409/1/5402 5408/1/5404
f 4096/1/4091 5409/1/5402 5004/1/4999
f 4101/1/4096 5412/1/5408 5413/1/5406
f 5414/1/5407 5413/1/5406 5412/1/5408
f 5411/1/5405 5408/1/5404 5413/1/5406
f 4098/1/4094 5413/1/5406 5408/1/5404
f 5417/1/5411 5418/1/5413 5416/1/5410
f 5249/1/5243 5247/1/5241 5418/1/5413
f 5045/1/5040 5244/1/5239 5418/1/5413
f 5419/1/5412 5420/1/5416 5421/1/5414
f 5422/1/5415 5421/1/5414 5420/1/5416
f 5253/1/5247 5250/1/5246 5421/1/5414
f 5417/1/5411 5421/1/5414 5250/1/5246
f 5423/1/5417 5424/1/5420 5425/1/5418
f 5426/1/5419 5425/1/5418 5424/1/5420
f 5257/1/5251 5254/1/5250 5425/1/5418
f 5422/1/5415 5425/1/5418 5254/1/5250
f 2040/1/2037 5427/1/5421 5426/1/5419
f 1849/1/1847 5264/1/5258 5427/1/5421
f 5426/1/5419 5427/1/5421 5264/1/5258
f 5411/1/5405 5428/1/5423 5429/1/5422
f 5410/1/5403 5429/1/5422 5416/1/5410
f 5432/1/5426 5433/1/5429 5414/1/5407
f 5434/1/5427 5433/1/5429 5432/1/5426
f 5414/1/5407 5433/1/5429 5428/1/5423
f 5437/1/5431 5438/1/5433 5436/1/5430
f 5423/1/5417 5420/1/5416 5436/1/5430
f 5431/1/5425 5436/1/5430 5420/1/5416
f 2053/1/2051 2056/1/2053 5440/1/5434
f 5424/1/5420 5440/1/5434 2056/1/2053
f 5441/1/5435 5440/1/5434 5438/1/5433
f 5415/1/5409 5412/1/5408 5442/1/5436
f 5443/1/5437 5442/1/5436 5412/1/5408
f 5444/1/5438 5445/1/5439 5442/1/5436
f 5432/1/5426 5442/1/5436 5445/1/5439
f 4101/1/4096 4103/1/4101 5446/1/5440
f 5447/1/5441 5446/1/5440 4103/1/4101
f 5448/1/5442 5449/1/5443 5446/1/5440
f 5443/1/5437 5446/1/5440 5449/1/5443
f 4106/1/4102 5450/1/5446 5451/1/5444
f 5452/1/5445 5451/1/5444 5450/1/5446
f 5448/1/5442 5447/1/5441 5451/1/5444
f 4102/1/4098 4107/1/4105 5451/1/5444
f 4120/1/4116 5454/1/5450 5455/1/5448
f 5456/1/5449 5455/1/5448 5454/1/5450
f 5458/1/5452 5459/1/5453 5455/1/5448
f 4121/1/4117 5455/1/5448 5459/1/5453
f 4124/1/4120 5460/1/5456 5461/1/5454
f 5462/1/5455 5461/1/5454 5460/1/5456
f 5457/1/5451 5454/1/5450 5461/1/5454
f 4125/1/4121 5461/1/5454 5454/1/5450
f 5464/1/5458 2080/1/6716 2079/1/2077
f 2084/1/2081 5466/1/5460 5465/1/5459
f 5462/1/5455 5465/1/5459 5466/1/5460
f 4124/1/4120 4129/1/4125 5467/1/5461
f 5468/1/5462 5467/1/5461 4129/1/4125
f 5469/1/5463 5470/1/5464 5467/1/5461
f 5471/1/5465 5472/1/5466 5470/1/5464
f 2092/1/2089 2091/1/2088 5472/1/5466
f 2091/1/2088 2080/1/6716 5464/1/5458
f 5463/1/5457 5470/1/5464 5472/1/5466
f 4128/1/4124 4133/1/4129 5473/1/5467
f 5474/1/5468 5473/1/5467 4133/1/4129
f 5475/1/5469 5476/1/5470 5473/1/5467
f 5468/1/5462 5473/1/5467 5476/1/5470
f 5469/1/5463 5476/1/5470 5477/1/5471
f 5478/1/5472 5477/1/5471 5476/1/5470
f 2099/1/2096 2098/1/2095 5477/1/5471
f 5471/1/5465 5477/1/5471 2098/1/2095
f 5481/1/5475 5482/1/5476 5479/1/5473
f 5474/1/5468 5479/1/5473 5482/1/5476
f 4113/1/4108 5483/1/5479 5484/1/5477
f 5485/1/5478 5484/1/5477 5483/1/5479
f 5453/1/5447 5450/1/5446 5484/1/5477
f 4112/1/4107 5484/1/5477 5450/1/5446
f 4115/1/4111 5459/1/5453 5487/1/5481
f 5488/1/5482 5487/1/5481 5459/1/5453
f 5486/1/5480 5483/1/5479 5487/1/5481
f 4116/1/4112 5487/1/5481 5483/1/5479
f 5457/1/5451 5466/1/5460 5489/1/5483
f 2114/1/2111 5489/1/5483 5466/1/5460
f 2113/1/2110 5490/1/5484 5489/1/5483
f 5456/1/5449 5489/1/5483 5490/1/5484
f 2115/1/2112 5491/1/5486 5492/1/5485
f 5452/1/5445 5492/1/5485 5491/1/5486
f 5453/1/5447 5493/1/5487 5492/1/5485
f 2116/1/2116 5492/1/5485 5493/1/5487
f 5486/1/5480 5494/1/5489 5495/1/5488
f 2123/1/2120 5495/1/5488 5494/1/5489
f 2120/1/2117 5493/1/5487 5495/1/5488
f 5485/1/5478 5495/1/5488 5493/1/5487
f 5458/1/5452 5490/1/5484 5496/1/5490
f 2126/1/2123 5496/1/5490 5490/1/5484
f 2124/1/2121 5494/1/5489 5496/1/5490
f 5488/1/5482 5496/1/5490 5494/1/5489
f 5444/1/5438 5497/1/5493 5498/1/5491
f 5499/1/5492 5498/1/5491 5497/1/5493
f 5500/1/5494 5501/1/5495 5498/1/5491
f 5445/1/5439 5498/1/5491 5501/1/5495
f 5435/1/5428 5501/1/5495 5502/1/5496
f 5503/1/5497 5502/1/5496 5501/1/5495
f 5439/1/5432 5502/1/5496 5503/1/5497
f 5434/1/5427 5502/1/5496 5439/1/5432
f 5437/1/5431 5503/1/5497 5504/1/5498
f 5505/1/5499 5504/1/5498 5503/1/5497
f 2137/1/2134 2136/1/2133 5504/1/5498
f 5441/1/5435 5504/1/5498 2136/1/2133
f 5500/1/5494 5499/1/5492 5506/1/5500
f 2140/1/2137 5506/1/5500 5499/1/5492
f 2137/1/2134 5505/1/5499 5506/1/5500
f 5497/1/5493 5444/1/5438 5449/1/5443
f 5491/1/5486 5507/1/5501 5449/1/5443
f 5491/1/5486 2115/1/2112 2142/1/2139
f 5497/1/5493 5507/1/5501 2142/1/2139
f 5508/1/5502 5509/1/5506 5510/1/5503
f 5512/1/5505 5510/1/5503 5509/1/5506
f 4343/1/4338 4340/1/4337 5510/1/5503
f 5511/1/5504 5510/1/5503 4340/1/4337
f 5512/1/5505 5514/1/5508 4354/1/4351
f 5514/1/5508 5512/1/5505 5513/1/5507
f 5516/1/5510 5517/1/5511 5514/1/5508
f 4354/1/4351 5514/1/5508 5517/1/5511
f 4357/1/4352 5517/1/5511 5518/1/5512
f 5519/1/5513 5518/1/5512 5517/1/5511
f 5520/1/5514 5521/1/5515 5518/1/5512
f 4366/1/4363 5518/1/5512 5521/1/5515
f 4369/1/4364 5521/1/5515 5522/1/5516
f 5523/1/5517 5522/1/5516 5521/1/5515
f 5524/1/5518 5522/1/5516 5523/1/5517
f 4364/1/4359 4388/1/4383 5522/1/5516
f 2161/1/2157 5526/1/5521 5527/1/5520
f 5511/1/5504 5527/1/5520 5526/1/5521
f 4333/1/4328 4332/1/4327 5527/1/5520
f 2162/1/2160 5527/1/5520 4332/1/4327
f 5528/1/5522 5529/1/5525 2165/1/2161
f 5530/1/5523 5529/1/5525 5528/1/5522
f 5531/1/5524 5532/1/5528 5533/1/5526
f 5534/1/5527 5533/1/5526 5532/1/5528
f 5513/1/5507 5509/1/5506 5533/1/5526
f 5530/1/5523 5533/1/5526 5509/1/5506
f 5536/1/5530 5537/1/5533 5538/1/5531
f 5515/1/5509 5538/1/5531 5537/1/5533
f 5534/1/5527 5538/1/5531 5515/1/5509
f 5538/1/5531 5534/1/5527 5535/1/5529
f 5540/1/5534 5541/1/5537 5542/1/5535
f 5519/1/5513 5542/1/5535 5541/1/5537
f 5516/1/5510 5537/1/5533 5542/1/5535
f 5543/1/5536 5542/1/5535 5537/1/5533
f 5544/1/5538 5545/1/5541 5546/1/5539
f 5525/1/5519 5523/1/5517 5545/1/5541
f 5520/1/5514 5541/1/5537 5545/1/5541
f 5546/1/5539 5545/1/5541 5541/1/5537
f 2170/1/2166 2188/1/2185 5548/1/5542
f 5549/1/5543 5548/1/5542 2188/1/2185
f 5535/1/5529 5532/1/5528 5548/1/5542
f 5528/1/5522 5548/1/5542 5532/1/5528
f 5550/1/5544 5551/1/5547 5552/1/5545
f 5539/1/5532 5552/1/5545 5551/1/5547
f 5535/1/5529 5549/1/5543 5552/1/5545
f 5553/1/5546 5552/1/5545 5549/1/5543
f 2195/1/2192 5554/1/5549 5555/1/5548
f 5550/1/5544 5553/1/5546 5555/1/5548
f 2196/1/2195 5555/1/5548 5553/1/5546
f 5556/1/5550 5557/1/5553 5558/1/5551
f 5543/1/5536 5558/1/5551 5557/1/5553
f 5536/1/5530 5551/1/5547 5558/1/5551
f 5559/1/5552 5558/1/5551 5551/1/5547
f 2203/1/2200 5560/1/5555 5561/1/5554
f 5559/1/5552 5561/1/5554 5560/1/5555
f 5550/1/5544 5554/1/5549 5561/1/5554
f 2204/1/2203 5561/1/5554 5554/1/5549
f 5562/1/5556 5563/1/5559 5557/1/5553
f 5564/1/5557 5563/1/5559 5562/1/5556
f 5547/1/5540 5546/1/5539 5563/1/5559
f 5540/1/5534 5557/1/5553 5563/1/5559
f 5566/1/5560 5567/1/5561 2211/1/2208
f 5565/1/5558 5562/1/5556 5567/1/5561
f 5556/1/5550 5560/1/5555 5567/1/5561
f 2211/1/2208 5567/1/5561 5560/1/5555
f 2214/1/2210 2216/1/2213 5568/1/5562
f 5569/1/5563 5568/1/5562 2216/1/2213
f 5570/1/5564 5571/1/5565 5568/1/5562
f 5566/1/5560 5568/1/5562 5571/1/5565
f 5564/1/5557 5572/1/5567 5573/1/5566
f 5565/1/5558 5571/1/5565 5572/1/5567
f 5570/1/5564 5574/1/5568 5572/1/5567
f 5573/1/5566 5572/1/5567 5574/1/5568
f 2220/1/2217 2226/1/2223 5576/1/5570
f 5577/1/5571 5576/1/5570 2226/1/2223
f 5575/1/5569 5574/1/5568 5576/1/5570
f 5569/1/5563 5576/1/5570 5574/1/5568
f 5575/1/5569 5578/1/5574 5579/1/5572
f 5580/1/5573 5579/1/5572 5578/1/5574
f 5544/1/5538 5579/1/5572 5580/1/5573
f 5573/1/5566 5579/1/5572 5544/1/5538
f 5525/1/5519 5580/1/5573 5582/1/5576
f 5583/1/5577 5582/1/5576 5580/1/5573
f 4261/1/4257 4365/1/4360 5582/1/5576
f 5524/1/5518 5582/1/5576 4365/1/4360
f 2228/1/2225 2236/1/2233 5584/1/5578
f 5585/1/5579 5584/1/5578 2236/1/2233
f 5581/1/5575 5578/1/5574 5584/1/5578
f 5577/1/5571 5584/1/5578 5578/1/5574
f 4261/1/4257 5583/1/5577 5586/1/5580
f 5587/1/5581 5586/1/5580 5583/1/5577
f 5588/1/5582 5589/1/5583 5586/1/5580
f 4256/1/4252 5586/1/5580 5589/1/5583
f 2243/1/2240 5590/1/5585 5591/1/5584
f 5587/1/5581 5591/1/5584 5590/1/5585
f 5585/1/5579 5591/1/5584 5587/1/5581
f 5585/1/5579 2238/1/2235 2244/1/2243
f 4146/1/4142 5589/1/5583 5592/1/5586
f 5593/1/5587 5592/1/5586 5589/1/5583
f 5594/1/5588 5595/1/5589 5592/1/5586
f 4140/1/4136 5592/1/5586 5595/1/5589
f 4141/1/4137 5595/1/5589 5596/1/5590
f 5597/1/5591 5596/1/5590 5595/1/5589
f 5481/1/5475 5480/1/5474 5596/1/5590
f 4148/1/4144 5596/1/5590 5480/1/5474
f 5588/1/5582 5590/1/5585 5598/1/5592
f 2256/1/2253 5598/1/5592 5590/1/5585
f 2255/1/2252 5599/1/5593 5598/1/5592
f 5593/1/5587 5598/1/5592 5599/1/5593
f 5475/1/5469 5482/1/5476 5600/1/5594
f 5601/1/5595 5600/1/5594 5482/1/5476
f 5601/1/5595 2259/1/2258 2258/1/2255
f 5478/1/5472 5600/1/5594 2258/1/2255
f 5594/1/5588 5599/1/5593 5602/1/5596
f 2262/1/2259 5602/1/5596 5599/1/5593
f 2259/1/2258 5601/1/5595 5602/1/5596
f 5597/1/5591 5602/1/5596 5601/1/5595
f 4167/1/4163 5603/1/5598 5604/1/5597
f 4221/1/4217 4219/1/4216 5604/1/5597
f 4166/1/4162 5604/1/5597 4219/1/4216
f 4191/1/4187 5605/1/5601 5606/1/5599
f 5607/1/5600 5606/1/5599 5605/1/5601
f 4985/1/4980 5609/1/5605 5610/1/5603
f 5611/1/5604 5610/1/5603 5609/1/5605
f 5608/1/5602 5605/1/5601 5610/1/5603
f 4983/1/4978 5610/1/5603 5605/1/5601
f 4997/1/4992 5613/1/5609 5614/1/5607
f 5615/1/5608 5614/1/5607 5613/1/5609
f 5612/1/5606 5609/1/5605 5614/1/5607
f 4996/1/4990 5614/1/5607 5609/1/5605
f 5001/1/4996 5617/1/5613 5618/1/5611
f 5619/1/5612 5618/1/5611 5617/1/5613
f 5616/1/5610 5613/1/5609 5618/1/5611
f 4999/1/4994 5618/1/5611 5613/1/5609
f 4860/1/4855 5624/1/5618 5625/1/5619
f 5626/1/5620 5625/1/5619 5624/1/5618
f 5627/1/5621 5628/1/5622 5625/1/5619
f 4867/1/4861 5625/1/5619 5628/1/5622
f 5611/1/5604 5633/1/5627 5630/1/5624
f 5612/1/5606 5634/1/5629 5633/1/5627
f 5635/1/5628 5636/1/5630 5633/1/5627
f 5630/1/5624 5633/1/5627 5636/1/5630
f 5615/1/5608 5637/1/5631 5634/1/5629
f 5616/1/5610 5638/1/5633 5637/1/5631
f 5639/1/5632 5637/1/5631 5638/1/5633
f 5634/1/5629 5637/1/5631 5639/1/5632
f 5620/1/5614 5641/1/5636 5642/1/5635
f 5641/1/5636 5643/1/5644 5644/1/5637
f 5640/1/5634 5638/1/5633 5642/1/5635
f 5619/1/5612 5642/1/5635 5638/1/5633
f 5645/1/5638 5646/1/5642 5647/1/5639
f 5649/1/5641 5647/1/5639 5646/1/5642
f 5644/1/5637 5647/1/5639 5649/1/5641
f 5648/1/5640 5647/1/5639 5644/1/5637
f 5635/1/5628 5639/1/5632 5651/1/5645
f 5639/1/5632 5640/1/5634 5649/1/5641
f 5650/1/5643 5653/1/5647 5651/1/5645
f 5652/1/5646 5651/1/5645 5653/1/5647
f 4871/1/4866 5655/1/5651 5656/1/5649
f 5657/1/5650 5656/1/5649 5655/1/5651
f 4253/1/4249 4851/1/4846 5656/1/5649
f 4870/1/4864 5656/1/5649 4851/1/4846
f 5627/1/5621 5659/1/5654 5660/1/5653
f 5655/1/5651 5660/1/5653 5659/1/5654
f 4871/1/4866 4869/1/4865 5660/1/5653
f 5628/1/5622 5660/1/5653 4869/1/4865
f 4255/1/4251 4254/1/4250 5661/1/5655
f 5657/1/5650 5661/1/5655 4254/1/4250
f 5658/1/5652 5659/1/5654 5663/1/5657
f 5626/1/5620 5663/1/5657 5659/1/5654
f 5654/1/5648 5669/1/5664 5670/1/5663
f 5668/1/5662 5670/1/5663 5669/1/5664
f 5631/1/5625 5636/1/5630 5670/1/5663
f 5652/1/5646 5670/1/5663 5636/1/5630
f 5665/1/5659 5671/1/5667 5672/1/5665
f 5673/1/5666 5672/1/5665 5671/1/5667
f 5675/1/5669 5676/1/5672 5677/1/5670
f 4909/1/4904 5676/1/5672 5675/1/5669
f 5680/1/5674 5679/1/5673 5673/1/5666
f 5682/1/5676 5681/1/5675 5683/1/5677
f 4919/1/4914 4916/1/4913 5681/1/5675
f 5675/1/5669 5681/1/5675 4916/1/4913
f 5684/1/5678 5685/1/5681 5686/1/5679
f 5687/1/5680 5686/1/5679 5685/1/5681
f 5687/1/5680 4915/1/4910 4921/1/4916
f 5682/1/5676 5686/1/5679 4921/1/4916
f 4915/1/4910 5687/1/5680 5689/1/5683
f 5690/1/5684 5689/1/5683 5687/1/5680
f 4841/1/4836 4893/1/4888 5689/1/5683
f 4914/1/4908 5689/1/5683 4893/1/4888
f 5690/1/5684 5691/1/5685 4840/1/4834
f 5688/1/5682 5692/1/5687 5691/1/5685
f 5693/1/5686 5691/1/5685 5692/1/5687
f 4840/1/4834 5691/1/5685 5693/1/5686
f 4836/1/4831 5693/1/5686 5695/1/5689
f 5693/1/5686 5694/1/5688 5696/1/5690
f 5697/1/5691 5698/1/5692 5695/1/5689
f 4837/1/4832 5695/1/5689 5698/1/5692
f 4833/1/4828 5698/1/5692 5699/1/5693
f 5700/1/5694 5699/1/5693 5698/1/5692
f 5701/1/5695 5702/1/5696 5699/1/5693
f 5703/1/5697 5704/1/5700 5702/1/5696
f 5705/1/5698 5704/1/5700 5703/1/5697
f 4824/1/4819 4828/1/4822 5704/1/5700
f 4829/1/4824 5702/1/5696 5704/1/5700
f 5706/1/5699 5707/1/5703 5708/1/5701
f 5709/1/5702 5708/1/5701 5707/1/5703
f 4820/1/4815 4825/1/4820 5708/1/5701
f 5705/1/5698 5708/1/5701 4825/1/4820
f 5710/1/5704 5711/1/5706 5712/1/5705
f 5709/1/5702 5712/1/5705 4821/1/4816
f 5715/1/5709 5716/1/5712 5717/1/5710
f 5674/1/5668 5671/1/5667 5717/1/5710
f 5719/1/5713 5720/1/5716 5721/1/5714
f 5718/1/5711 5721/1/5714 5720/1/5716
f 5665/1/5659 5669/1/5664 5721/1/5714
f 5722/1/5715 5721/1/5714 5669/1/5664
f 5723/1/5717 5724/1/5720 5725/1/5718
f 5722/1/5715 5725/1/5718 5724/1/5720
f 5654/1/5648 5653/1/5647 5725/1/5718
f 5726/1/5719 5725/1/5718 5653/1/5647
f 5727/1/5721 5728/1/5724 5729/1/5722
f 5726/1/5719 5728/1/5724 5727/1/5721
f 5650/1/5643 5646/1/5642 5728/1/5724
f 5736/1/5730 5735/1/5729 5737/1/5731
f 5684/1/5678 5683/1/5677 5735/1/5729
f 5738/1/5732 5739/1/5735 5740/1/5733
f 5741/1/5734 5740/1/5733 5739/1/5735
f 5688/1/5682 5685/1/5681 5740/1/5733
f 5736/1/5730 5740/1/5733 5685/1/5681
f 5742/1/5736 5743/1/5739 5744/1/5737
f 5745/1/5738 5744/1/5737 5743/1/5739
f 5694/1/5688 5692/1/5687 5744/1/5737
f 5741/1/5734 5744/1/5737 5692/1/5687
f 5746/1/5740 5747/1/5743 5748/1/5741
f 5749/1/5742 5748/1/5741 5747/1/5743
f 5696/1/5690 5748/1/5741 5749/1/5742
f 5745/1/5738 5748/1/5741 5696/1/5690
f 5751/1/5745 5752/1/5748 5753/1/5746
f 5700/1/5694 5753/1/5746 5752/1/5748
f 5697/1/5691 5749/1/5742 5753/1/5746
f 5754/1/5747 5753/1/5746 5749/1/5742
f 5755/1/5749 5756/1/5752 5757/1/5750
f 5703/1/5697 5757/1/5750 5756/1/5752
f 5701/1/5695 5752/1/5748 5757/1/5750
f 5758/1/5751 5757/1/5750 5752/1/5748
f 5759/1/5753 5760/1/5756 5761/1/5754
f 5707/1/5703 5761/1/5754 5760/1/5756
f 5706/1/5699 5756/1/5752 5761/1/5754
f 5762/1/5755 5761/1/5754 5756/1/5752
f 5763/1/5757 5764/1/5760 5765/1/5758
f 5711/1/5706 5765/1/5758 5764/1/5760
f 5710/1/5704 5760/1/5756 5765/1/5758
f 5766/1/5759 5765/1/5758 5760/1/5756
f 2429/1/2425 5767/1/5763 5768/1/5761
f 5769/1/5762 5767/1/5763 2429/1/2425
f 5763/1/5757 5766/1/5759 5767/1/5763
f 5759/1/5753 5768/1/5761 5767/1/5763
f 5770/1/5764 5771/1/5768 5772/1/5765
f 5774/1/5767 5772/1/5765 5771/1/5768
f 5758/1/5751 5772/1/5765 5774/1/5767
f 5773/1/5766 5772/1/5765 5758/1/5751
f 5755/1/5749 5774/1/5767 5775/1/5769
f 2440/1/2437 5775/1/5769 5774/1/5767
f 2430/1/2426 5768/1/5761 5775/1/5769
f 5762/1/5755 5775/1/5769 5768/1/5761
f 5776/1/5770 5777/1/5773 5778/1/5771
f 5773/1/5766 5778/1/5771 5777/1/5773
f 5751/1/5745 5754/1/5747 5778/1/5771
f 5779/1/5772 5778/1/5771 5754/1/5747
f 5770/1/5764 5777/1/5773 5780/1/5774
f 5781/1/5775 5780/1/5774 5777/1/5773
f 2447/1/2444 2446/1/2443 5780/1/5774
f 5771/1/5768 5780/1/5774 2446/1/2443
f 5782/1/5776 5783/1/5779 5784/1/5777
f 5779/1/5772 5784/1/5777 5783/1/5779
f 5750/1/5744 5747/1/5743 5784/1/5777
f 5785/1/5778 5784/1/5777 5747/1/5743
f 5776/1/5770 5783/1/5779 5786/1/5780
f 5787/1/5781 5786/1/5780 5783/1/5779
f 5787/1/5781 2455/1/2459 2454/1/2451
f 5781/1/5775 5786/1/5780 2454/1/2451
f 5788/1/5782 5789/1/5785 5790/1/5783
f 5785/1/5778 5790/1/5783 5789/1/5785
f 5746/1/5740 5743/1/5739 5790/1/5783
f 5791/1/5784 5790/1/5783 5743/1/5739
f 5788/1/5782 5792/1/5787 5793/1/5786
f 2463/1/2460 5793/1/5786 5792/1/5787
f 2455/1/2459 5787/1/5781 5793/1/5786
f 5787/1/5781 5782/1/5776 5789/1/5785
f 5742/1/5736 5739/1/5735 5794/1/5788
f 5795/1/5789 5794/1/5788 5739/1/5735
f 5791/1/5784 5794/1/5788 5797/1/5791
f 5796/1/5790 5798/1/5793 5799/1/5792
f 2471/1/2468 5799/1/5792 5798/1/5793
f 2464/1/2461 5792/1/5787 5799/1/5792
f 5797/1/5791 5799/1/5792 5792/1/5787
f 5800/1/5794 5801/1/5797 5802/1/5795
f 5738/1/5732 5737/1/5731 5802/1/5795
f 2479/1/2476 5805/1/5799 5804/1/5798
f 2472/1/2469 5798/1/5793 5805/1/5799
f 5806/1/5800 5807/1/5803 5808/1/5801
f 5803/1/5796 5808/1/5801 5807/1/5803
f 5733/1/5727 5732/1/5726 5808/1/5801
f 5809/1/5802 5808/1/5801 5732/1/5726
f 5800/1/5794 5807/1/5803 5810/1/5804
f 5811/1/5805 5810/1/5804 5807/1/5803
f 2487/1/2491 2486/1/2483 5810/1/5804
f 5804/1/5798 5810/1/5804 2486/1/2483
f 5715/1/5709 5720/1/5716 5812/1/5806
f 5813/1/5807 5812/1/5806 5720/1/5716
f 5814/1/5808 5815/1/5809 5812/1/5806
f 5809/1/5802 5812/1/5806 5815/1/5809
f 5806/1/5800 5815/1/5809 5816/1/5810
f 5817/1/5811 5816/1/5810 5815/1/5809
f 2495/1/2492 2494/1/2490 5816/1/5810
f 5811/1/5805 5816/1/5810 2494/1/2490
f 5719/1/5713 5724/1/5720 5818/1/5812
f 5819/1/5813 5818/1/5812 5724/1/5720
f 5820/1/5814 5821/1/5815 5818/1/5812
f 5813/1/5807 5818/1/5812 5821/1/5815
f 5814/1/5808 5821/1/5815 5822/1/5816
f 5823/1/5817 5822/1/5816 5821/1/5815
f 2503/1/2506 2502/1/2499 5822/1/5816
f 5817/1/5811 5822/1/5816 2502/1/2499
f 5723/1/5717 5727/1/5721 5824/1/5818
f 5825/1/5819 5824/1/5818 5727/1/5721
f 5826/1/5820 5827/1/5821 5824/1/5818
f 5819/1/5813 5824/1/5818 5827/1/5821
f 5820/1/5814 5827/1/5821 5828/1/5822
f 5829/1/5823 5828/1/5822 5827/1/5821
f 2512/1/2509 2510/1/2508 5828/1/5822
f 5823/1/5817 5828/1/5822 2510/1/2508
f 1150/1/1149 2514/1/2511 5830/1/5824
f 5831/1/5825 5830/1/5824 2514/1/2511
f 5832/1/5826 5833/1/5827 5830/1/5824
f 4574/1/4568 5830/1/5824 5833/1/5827
f 5834/1/5828 5835/1/5833 5836/1/5829
f 5838/1/5831 5835/1/5833 5834/1/5828
f 2523/1/2519 5835/1/5833 5838/1/5831
f 2522/1/3205 5836/1/5829 5835/1/5833
f 5840/1/5834 5841/1/5838 5842/1/5835
f 5844/1/5837 5842/1/5835 5841/1/5838
f 5846/1/5840 5847/1/5841 5842/1/5835
f 5843/1/5836 5842/1/5835 5847/1/5841
f 2518/1/2515 2538/1/2534 5849/1/5843
f 2538/1/2534 2524/1/2520 5838/1/5831
f 5839/1/5832 5850/1/5844 5849/1/5843
f 5831/1/5825 5849/1/5843 5850/1/5844
f 5832/1/5826 5850/1/5844 5851/1/5845
f 5853/1/5847 5851/1/5845 5850/1/5844
f 5854/1/5848 5855/1/5849 5851/1/5845
f 5852/1/5846 5851/1/5845 5855/1/5849
f 5856/1/5850 5855/1/5849 5857/1/5851
f 5859/1/5853 5857/1/5851 5855/1/5849
f 5840/1/5834 5843/1/5836 5857/1/5851
f 5858/1/5852 5857/1/5851 5843/1/5836
f 5860/1/5854 5861/1/5857 5862/1/5855
f 5861/1/5857 5864/1/5919 5865/1/5858
f 5617/1/5613 5862/1/5855 5865/1/5858
f 5863/1/5856 5862/1/5855 5617/1/5613
f 5846/1/5840 5866/1/5861 5867/1/5859
f 5868/1/5860 5867/1/5859 5866/1/5861
f 5870/1/5863 5867/1/5859 5868/1/5860
f 5848/1/5842 5847/1/5841 5867/1/5859
f 5872/1/5865 5873/1/5870 5874/1/5866
f 4930/1/4925 5878/1/5873 5879/1/5871
f 5880/1/5872 5879/1/5871 5878/1/5873
f 5874/1/5866 5879/1/5871 5880/1/5872
f 4943/1/4938 5879/1/5871 5874/1/5866
f 3686/1/3681 3697/1/3692 5882/1/5875
f 5883/1/5876 5882/1/5875 3697/1/3692
f 5881/1/5874 5878/1/5873 5882/1/5875
f 4933/1/4927 5882/1/5875 5878/1/5873
f 3696/1/3691 5884/1/5879 5885/1/5877
f 5886/1/5878 5885/1/5877 5884/1/5879
f 5888/1/5881 5889/1/5882 5885/1/5877
f 5883/1/5876 5885/1/5877 5889/1/5882
f 5881/1/5874 5889/1/5882 5890/1/5883
f 5891/1/5884 5890/1/5883 5889/1/5882
f 5892/1/5885 5893/1/5886 5890/1/5883
f 5892/1/5885 5894/1/5889 5895/1/5887
f 5896/1/5888 5895/1/5887 5894/1/5889
f 5898/1/5891 5899/1/5892 5895/1/5887
f 5893/1/5886 5895/1/5887 5899/1/5892
f 5896/1/5888 5900/1/5894 5901/1/5893
f 5897/1/5890 5902/1/5896 5900/1/5894
f 5903/1/5895 5900/1/5894 5902/1/5896
f 5901/1/5893 5900/1/5894 5903/1/5895
f 5871/1/5864 5868/1/5860 5905/1/5898
f 5903/1/5895 5905/1/5898 5868/1/5860
f 5904/1/5897 5907/1/5900 5905/1/5898
f 5906/1/5899 5905/1/5898 5907/1/5900
f 4502/1/4497 5909/1/5904 5910/1/5902
f 5911/1/5903 5910/1/5902 5909/1/5904
f 5912/1/5905 5913/1/5906 5910/1/5902
f 4501/1/4495 5910/1/5902 5913/1/5906
f 5908/1/5901 5907/1/5900 5914/1/5907
f 5915/1/5908 5914/1/5907 5907/1/5900
f 5918/1/5911 5919/1/5914 5920/1/5912
f 5863/1/5856 5920/1/5912 5919/1/5914
f 5001/1/4996 5000/1/4995 5920/1/5912
f 5921/1/5913 5920/1/5912 5000/1/4995
f 5922/1/5915 5923/1/5918 5924/1/5916
f 5861/1/5857 5924/1/5916 5923/1/5918
f 5860/1/5854 5926/1/5920 5924/1/5916
f 5925/1/5917 5924/1/5916 5926/1/5920
f 5928/1/5922 5929/1/5925 5930/1/5923
f 5925/1/5917 5930/1/5923 5929/1/5925
f 5927/1/5921 5932/1/5926 5930/1/5923
f 5931/1/5924 5930/1/5923 5932/1/5926
f 5933/1/5927 5934/1/5930 5935/1/5928
f 5926/1/5920 5935/1/5928 5934/1/5930
f 5860/1/5854 5919/1/5914 5935/1/5928
f 5936/1/5929 5935/1/5928 5919/1/5914
f 5844/1/5837 5937/1/5932 5938/1/5931
f 5845/1/5839 5932/1/5926 5937/1/5932
f 5939/1/5933 5937/1/5932 5932/1/5926
f 5938/1/5931 5937/1/5932 5939/1/5933
f 5898/1/5891 5941/1/5937 5942/1/5935
f 5943/1/5936 5942/1/5935 5941/1/5937
f 5876/1/5868 5872/1/5865 5942/1/5935
f 5875/1/5867 5899/1/5892 5942/1/5935
f 5869/1/5862 5866/1/5861 5944/1/5938
f 5938/1/5931 5944/1/5938 5866/1/5861
f 5940/1/5934 5941/1/5937 5944/1/5938
f 5901/1/5893 5944/1/5938 5941/1/5937
f 5946/1/5940 5945/1/5939 5947/1/5941
f 4969/1/4964 4966/1/4963 5945/1/5939
f 5877/1/5869 5945/1/5939 4966/1/4963
f 5948/1/5942 5949/1/5945 5950/1/5943
f 5951/1/5944 5950/1/5943 5949/1/5945
f 4981/1/4976 4980/1/4975 5950/1/5943
f 5946/1/5940 5950/1/5943 4980/1/4975
f 5921/1/5913 5953/1/5947 5954/1/5948
f 5951/1/5944 5953/1/5947 4990/1/4986
f 5955/1/5949 5956/1/5952 5957/1/5950
f 5952/1/5946 5949/1/5945 5956/1/5952
f 5948/1/5942 5957/1/5950 5956/1/5952
f 5918/1/5911 5954/1/5948 5959/1/5953
f 5955/1/5949 5959/1/5953 5954/1/5948
f 5958/1/5951 5960/1/5954 5959/1/5953
f 5936/1/5929 5959/1/5953 5960/1/5954
f 5933/1/5927 5960/1/5954 5961/1/5955
f 5962/1/5956 5961/1/5955 5960/1/5954
f 5940/1/5934 5939/1/5933 5961/1/5955
f 5934/1/5930 5961/1/5955 5939/1/5933
f 5958/1/5951 5957/1/5950 5963/1/5957
f 5947/1/5941 5963/1/5957 5957/1/5950
f 5943/1/5936 5963/1/5957 5947/1/5941
f 5962/1/5956 5963/1/5957 5943/1/5936
f 3791/1/3786 5964/1/5960 5965/1/5958
f 5966/1/5959 5965/1/5958 5964/1/5960
f 3755/1/3750 3752/1/3749 5965/1/5958
f 3790/1/3784 5965/1/5958 3752/1/3749
f 3831/1/3826 5968/1/5964 5969/1/5962
f 5970/1/5963 5969/1/5962 5968/1/5964
f 5967/1/5961 5964/1/5960 5969/1/5962
f 3830/1/3824 5969/1/5962 5964/1/5960
f 5972/1/5966 5973/1/5969 5974/1/5967
f 5968/1/5964 5974/1/5967 5973/1/5969
f 3831/1/3826 4456/1/5970 5974/1/5967
f 5975/1/5968 5974/1/5967 4456/1/5970
f 5976/1/5971 5977/1/5974 5978/1/5972
f 5975/1/5968 5978/1/5972 5977/1/5974
f 4455/1/4451 4464/1/4459 5978/1/5972
f 5979/1/5973 5978/1/5972 4464/1/4459
f 5984/1/5979 5985/1/5982 5986/1/5980
f 5987/1/5981 5986/1/5980 5894/1/5889
f 5988/1/5983 5989/1/5986 5990/1/5984
f 4459/1/4454 5990/1/5984 5989/1/5986
f 4462/1/4456 5913/1/5906 5990/1/5984
f 5991/1/5985 5990/1/5984 5913/1/5906
f 5981/1/5976 5992/1/5988 5993/1/5987
f 5991/1/5985 5993/1/5987 5992/1/5988
f 5912/1/5905 5917/1/5910 5993/1/5987
f 5982/1/5977 5993/1/5987 5917/1/5910
f 5994/1/5989 5995/1/5992 5996/1/5990
f 5979/1/5973 5996/1/5990 5995/1/5992
f 4463/1/4457 5989/1/5986 5996/1/5990
f 5997/1/5991 5996/1/5990 5989/1/5986
f 5888/1/5881 5998/1/5995 5999/1/5993
f 6000/1/5994 5999/1/5993 5998/1/5995
f 5984/1/5979 5987/1/5981 5999/1/5993
f 5891/1/5884 5999/1/5993 5987/1/5981
f 6003/1/5998 6002/1/5997 6004/1/5999
f 5988/1/5983 5992/1/5988 6002/1/5997
f 6005/1/6000 6006/1/6003 6007/1/6001
f 6008/1/6002 6009/1/6004 6007/1/6001
f 5997/1/5991 6007/1/6001 6009/1/6004
f 6003/1/5998 6007/1/6001 5997/1/5991
f 5886/1/5878 6010/1/6006 5998/1/5995
f 6011/1/6005 6010/1/6006 5886/1/5878
f 6001/1/5996 5998/1/5995 6010/1/6006
f 6000/1/5994 6012/1/6007 6004/1/5999
f 6001/1/5996 6013/1/6009 6012/1/6007
f 6014/1/6008 6012/1/6007 6013/1/6009
f 6005/1/6000 6004/1/5999 6012/1/6007
f 6015/1/6010 6016/1/6013 6017/1/6011
f 6018/1/6012 6017/1/6011 6016/1/6013
f 6006/1/6003 6017/1/6011 6018/1/6012
f 6014/1/6008 6017/1/6011 6006/1/6003
f 6020/1/6015 6021/1/6018 6022/1/6016
f 3754/1/3748 6022/1/6016 6021/1/6018
f 3755/1/3750 6024/1/6019 6022/1/6016
f 6023/1/6017 6022/1/6016 6024/1/6019
f 3695/1/3690 6021/1/6018 6026/1/6021
f 6027/1/6022 6026/1/6021 6021/1/6018
f 5887/1/5880 5884/1/5879 6026/1/6021
f 3694/1/3688 6026/1/6021 5884/1/5879
f 5887/1/5880 6028/1/6025 6029/1/6023
f 6030/1/6024 6029/1/6023 6028/1/6025
f 6015/1/6010 6013/1/6009 6029/1/6023
f 6011/1/6005 6029/1/6023 6013/1/6009
f 6031/1/6026 6032/1/6029 6033/1/6027
f 6034/1/6028 6033/1/6027 6032/1/6029
f 6019/1/6014 6016/1/6013 6033/1/6027
f 6030/1/6024 6033/1/6027 6016/1/6013
f 5967/1/5961 6036/1/6033 6037/1/6031
f 6038/1/6032 6037/1/6031 6036/1/6033
f 6025/1/6020 6024/1/6019 6037/1/6031
f 5966/1/5959 6037/1/6031 6024/1/6019
f 6020/1/6015 6040/1/6037 6041/1/6035
f 6042/1/6036 6041/1/6035 6040/1/6037
f 6031/1/6026 6028/1/6025 6041/1/6035
f 6027/1/6022 6041/1/6035 6028/1/6025
f 6025/1/6020 6038/1/6032 6044/1/6039
f 6045/1/6040 6044/1/6039 6038/1/6032
f 6043/1/6038 6040/1/6037 6044/1/6039
f 6023/1/6017 6044/1/6039 6040/1/6037
f 6043/1/6038 6046/1/6043 6047/1/6041
f 6048/1/6042 6047/1/6041 6046/1/6043
f 6035/1/6030 6032/1/6029 6047/1/6041
f 6042/1/6036 6047/1/6041 6032/1/6029
f 6039/1/6034 6050/1/6047 6051/1/6045
f 6052/1/6046 6051/1/6045 6050/1/6047
f 6049/1/6044 6046/1/6043 6051/1/6045
f 6045/1/6040 6051/1/6045 6046/1/6043
f 5971/1/5965 6054/1/6051 6055/1/6049
f 6056/1/6050 6055/1/6049 6054/1/6051
f 6039/1/6034 6036/1/6033 6055/1/6049
f 5970/1/5963 6055/1/6049 6036/1/6033
f 5973/1/5969 6058/1/6055 6054/1/6051
f 6059/1/6053 6058/1/6055 5973/1/5969
f 6060/1/6054 6061/1/6056 6058/1/6055
f 6057/1/6052 6054/1/6051 6058/1/6055
f 6057/1/6052 6062/1/6059 6063/1/6057
f 6064/1/6058 6063/1/6057 6062/1/6059
f 6053/1/6048 6050/1/6047 6063/1/6057
f 6056/1/6050 6063/1/6057 6050/1/6047
f 5972/1/5966 5977/1/5974 6066/1/6061
f 6067/1/6062 6066/1/6061 5977/1/5974
f 6068/1/6063 6069/1/6064 6066/1/6061
f 6059/1/6053 6066/1/6061 6069/1/6064
f 6070/1/6065 6071/1/6067 6061/1/6056
f 6072/1/6066 6073/1/6068 6071/1/6067
f 6065/1/6060 6062/1/6059 6071/1/6067
f 6061/1/6056 6071/1/6067 6062/1/6059
f 5976/1/5971 5995/1/5992 6074/1/6069
f 6075/1/6070 6074/1/6069 5995/1/5992
f 6076/1/6071 6077/1/6072 6074/1/6069
f 6067/1/6062 6074/1/6069 6077/1/6072
f 6078/1/6073 6079/1/6076 6080/1/6074
f 6070/1/6065 6080/1/6074 6079/1/6076
f 6060/1/6054 6069/1/6064 6080/1/6074
f 6081/1/6075 6080/1/6074 6069/1/6064
f 6082/1/6077 6083/1/6080 6084/1/6078
f 6075/1/6070 6084/1/6078 6083/1/6080
f 5994/1/5989 6009/1/6004 6084/1/6078
f 6085/1/6079 6084/1/6078 6009/1/6004
f 6086/1/6081 6087/1/6084 6088/1/6082
f 6085/1/6079 6088/1/6082 6087/1/6084
f 6008/1/6002 6018/1/6012 6088/1/6082
f 6019/1/6014 6089/1/6083 6088/1/6082
f 6068/1/6063 6077/1/6072 6090/1/6085
f 6091/1/6086 6090/1/6085 6077/1/6072
f 6092/1/6087 6093/1/6088 6090/1/6085
f 6081/1/6075 6090/1/6085 6093/1/6088
f 6035/1/6030 6094/1/6091 6095/1/6089
f 6096/1/6090 6095/1/6089 6094/1/6091
f 6086/1/6081 6089/1/6083 6095/1/6089
f 6034/1/6028 6095/1/6089 6089/1/6083
f 6091/1/6086 6098/1/6093 6101/1/6096
f 6076/1/6071 6083/1/6080 6098/1/6093
f 6099/1/6094 6098/1/6093 6083/1/6080
f 6097/1/6092 6102/1/6098 6103/1/6097
f 6099/1/6094 6103/1/6097 6102/1/6098
f 6082/1/6077 6087/1/6084 6103/1/6097
f 6096/1/6090 6103/1/6097 6087/1/6084
f 6049/1/6044 6104/1/6101 6105/1/6099
f 6106/1/6100 6105/1/6099 6104/1/6101
f 6097/1/6092 6094/1/6091 6105/1/6099
f 6048/1/6042 6105/1/6099 6094/1/6091
f 6053/1/6048 6108/1/6105 6109/1/6103
f 6110/1/6104 6109/1/6103 6108/1/6105
f 6107/1/6102 6104/1/6101 6109/1/6103
f 6052/1/6046 6109/1/6103 6104/1/6101
f 6107/1/6102 6112/1/6108 6113/1/6107
f 6102/1/6098 6113/1/6107 6112/1/6108
f 6106/1/6100 6113/1/6107 6102/1/6098
f 6111/1/6106 6114/1/6111 6115/1/6109
f 6116/1/6110 6115/1/6109 6114/1/6111
f 6100/1/6095 6112/1/6108 6115/1/6109
f 6110/1/6104 6115/1/6109 6112/1/6108
f 6116/1/6110 6118/1/6113 6101/1/6096
f 6117/1/6112 6119/1/6115 6118/1/6113
f 6120/1/6114 6121/1/6116 6118/1/6113
f 6101/1/6096 6118/1/6113 6121/1/6116
f 6122/1/6117 6123/1/6119 6119/1/6115
f 6124/1/6118 6125/1/6121 6123/1/6119
f 6126/1/6120 6127/1/6122 6123/1/6119
f 6119/1/6115 6123/1/6119 6127/1/6122
f 6092/1/6087 6121/1/6116 6128/1/6123
f 6129/1/6124 6128/1/6123 6121/1/6116
f 6130/1/6125 6128/1/6123 6129/1/6124
f 6078/1/6073 6093/1/6088 6128/1/6123
f 6131/1/6126 6132/1/6129 6133/1/6127
f 6134/1/6128 6133/1/6127 6132/1/6129
f 6072/1/6066 6079/1/6076 6133/1/6127
f 6130/1/6125 6133/1/6127 6079/1/6076
f 6117/1/6112 6114/1/6111 6136/1/6131
f 6137/1/6132 6136/1/6131 6114/1/6111
f 6065/1/6060 6140/1/6136 6141/1/6135
f 6137/1/6132 6141/1/6135 6140/1/6136
f 6111/1/6106 6108/1/6105 6141/1/6135
f 6064/1/6058 6141/1/6135 6108/1/6105
f 6135/1/6130 6142/1/6138 6143/1/6137
f 6138/1/6133 6140/1/6136 6143/1/6137
f 6073/1/6068 6143/1/6137 6140/1/6136
f 6134/1/6128 6143/1/6137 6073/1/6068
f 6135/1/6130 6132/1/6129 6144/1/6139
f 6145/1/6140 6144/1/6139 6132/1/6129
f 6124/1/6118 6139/1/6134 6148/1/6143
f 6147/1/6142 6148/1/6143 6139/1/6134
f 6125/1/6121 6148/1/6143 6149/1/6144
f 6126/1/6120 6149/1/6144 6150/1/6145
f 6149/1/6144 6146/1/6141 6145/1/6140
f 6131/1/6126 6129/1/6124 6150/1/6145
f 6127/1/6122 6150/1/6145 6129/1/6124
f 4518/1/4513 6151/1/6146 6154/1/6149
f 4515/1/4510 4531/1/4525 6151/1/6146
f 6152/1/6147 6151/1/6146 4531/1/4525
f 4596/1/4591 6155/1/6151 6156/1/6150
f 6152/1/6147 6156/1/6150 6155/1/6151
f 4592/1/4586 6156/1/6150 6152/1/6147
f 4593/1/4588 4597/1/4594 6156/1/6150
f 4603/1/4598 4602/1/4596 6157/1/6152
f 6159/1/6154 6158/1/6153 6157/1/6152
f 4603/1/4598 6158/1/6153 6155/1/6151
f 4479/1/4474 4520/1/4515 6161/1/6156
f 6162/1/6157 6161/1/6156 4520/1/4515
f 6163/1/6158 6164/1/6159 6161/1/6156
f 4486/1/4480 6161/1/6156 6164/1/6159
f 4519/1/4514 6154/1/6149 6165/1/6160
f 6166/1/6161 6165/1/6160 6154/1/6149
f 6167/1/6162 6168/1/6163 6165/1/6160
f 6162/1/6157 6165/1/6160 6168/1/6163
f 6160/1/6155 6169/1/6165 6170/1/6164
f 6166/1/6161 6170/1/6164 6169/1/6165
f 4483/1/4478 6164/1/6159 6171/1/6166
f 6172/1/6167 6171/1/6166 6164/1/6159
f 6173/1/6168 6174/1/6169 6171/1/6166
f 4490/1/4484 6171/1/6166 6174/1/6169
f 4602/1/4596 4605/1/4602 6175/1/6170
f 6176/1/6171 6175/1/6170 4605/1/4602
f 6177/1/6172 6178/1/6173 6175/1/6170
f 6178/1/6173 6160/1/6155 6157/1/6152
f 6180/1/6175 6179/1/6174 6168/1/6163
f 6181/1/6176 6182/1/6177 6179/1/6174
f 6177/1/6172 6183/1/6179 6184/1/6178
f 6180/1/6175 6184/1/6178 6183/1/6179
f 6167/1/6162 6169/1/6165 6184/1/6178
f 6178/1/6173 6184/1/6178 6169/1/6165
f 6185/1/6180 6186/1/6183 6174/1/6169
f 4494/1/4489 4491/1/4488 6186/1/6183
f 4491/1/4488 4487/1/4482 6174/1/6169
f 4604/1/4599 4609/1/4606 6189/1/6184
f 6190/1/6185 6189/1/6184 4609/1/4606
f 6191/1/6186 6192/1/6187 6189/1/6184
f 6176/1/6171 6189/1/6184 6192/1/6187
f 6193/1/6188 6194/1/6191 6182/1/6177
f 6195/1/6189 6194/1/6191 6193/1/6188
f 6177/1/6172 6192/1/6187 6197/1/6192
f 6198/1/6193 6197/1/6192 6192/1/6187
f 6196/1/6190 6193/1/6188 6197/1/6192
f 6181/1/6176 6183/1/6179 6197/1/6192
f 6200/1/6195 6199/1/6194 6201/1/6196
f 4496/1/4491 4495/1/4490 6199/1/6194
f 6188/1/6182 6199/1/6194 4495/1/4490
f 6196/1/6190 6203/1/6200 6204/1/6198
f 6205/1/6199 6204/1/6198 6203/1/6200
f 6202/1/6197 6201/1/6196 6204/1/6198
f 6195/1/6189 6204/1/6198 6201/1/6196
f 6207/1/6202 6208/1/6205 6209/1/6203
f 5906/1/5899 6209/1/6203 6208/1/6205
f 5908/1/5901 5909/1/5904 6209/1/6203
f 6210/1/6204 6209/1/6203 5909/1/5904
f 6202/1/6197 6211/1/6207 6212/1/6206
f 4502/1/4497 4499/1/4496 6212/1/6206
f 6200/1/6195 6212/1/6206 4499/1/4496
f 6206/1/6201 6213/1/6210 6214/1/6208
f 6215/1/6209 6214/1/6208 6213/1/6210
f 6205/1/6199 6214/1/6208 6211/1/6207
f 4608/1/4603 4613/1/4610 6217/1/6212
f 6218/1/6213 6217/1/6212 4613/1/4610
f 6219/1/6214 6220/1/6215 6217/1/6212
f 6190/1/6185 6217/1/6212 6220/1/6215
f 6191/1/6186 6220/1/6215 6221/1/6216
f 6222/1/6217 6221/1/6216 6220/1/6215
f 6206/1/6201 6203/1/6200 6221/1/6216
f 6198/1/6193 6221/1/6216 6203/1/6200
f 5871/1/5864 6208/1/6205 6223/1/6218
f 6224/1/6219 6223/1/6218 6208/1/6205
f 6225/1/6220 6226/1/6221 6223/1/6218
f 5870/1/5863 6223/1/6218 6226/1/6221
f 5856/1/5850 6227/1/6224 6228/1/6222
f 6229/1/6223 6228/1/6222 6227/1/6224
f 4575/1/4569 5833/1/5827 6228/1/6222
f 5852/1/5846 6228/1/6222 5833/1/5827
f 6227/1/6224 6235/1/6231 6236/1/6230
f 5858/1/5852 6235/1/6231 6227/1/6224
f 5848/1/5842 6226/1/6221 6235/1/6231
f 6236/1/6230 6235/1/6231 6226/1/6221
f 6233/1/6228 6237/1/6233 6238/1/6232
f 6236/1/6230 6238/1/6232 6237/1/6233
f 6225/1/6220 6234/1/6229 6238/1/6232
f 4612/1/4607 6239/1/6235 6240/1/6234
f 6237/1/6233 6240/1/6234 6239/1/6235
f 6233/1/6228 6241/1/6236 6240/1/6234
f 6218/1/6213 6240/1/6234 6241/1/6236
f 4571/1/4565 4576/1/4571 6242/1/6237
f 6229/1/6223 6242/1/6237 4576/1/4571
f 6230/1/6225 6239/1/6235 6242/1/6237
f 4615/1/4609 6242/1/6237 6239/1/6235
f 6219/1/6214 6241/1/6236 6243/1/6238
f 6232/1/6227 6243/1/6238 6241/1/6236
f 6216/1/6211 6213/1/6210 6243/1/6238
f 6222/1/6217 6243/1/6238 6213/1/6210
f 6244/1/6239 6245/1/6242 4769/1/4766
f 6246/1/6240 6245/1/6242 6244/1/6239
f 2936/1/2930 2935/1/2929 6245/1/6242
f 4769/1/4766 6245/1/6242 2935/1/2929
f 6250/1/6245 6251/1/6246 6248/1/6243
f 6247/1/6241 6244/1/6239 6248/1/6243
f 6247/1/6241 6251/1/6246 6252/1/6247
f 6253/1/6248 6252/1/6247 6251/1/6246
f 2945/1/2940 2944/1/2939 6252/1/6247
f 6246/1/6240 6252/1/6247 2944/1/2939
f 6254/1/6249 6255/1/6252 4779/1/4774
f 6256/1/6250 6255/1/6252 6254/1/6249
f 6249/1/6244 6255/1/6252 6256/1/6250
f 4772/1/4767 4779/1/4774 6255/1/6252
f 4783/1/4778 4782/1/4777 4813/1/4808
f 6259/1/6254 6258/1/6253 4813/1/4808
f 6257/1/6251 6254/1/6249 6258/1/6253
f 4817/1/4812 6260/1/6256 6261/1/6255
f 2956/1/2951 6262/1/6257 6261/1/6255
f 6259/1/6254 6261/1/6255 6262/1/6257
f 6260/1/6256 6263/1/6258 6264/1/6259
f 4817/1/4812 4816/1/4811 6263/1/6258
f 5714/1/5708 6263/1/6258 4816/1/4811
f 2432/1/2429 2962/1/2957 6265/1/6260
f 6264/1/6259 6265/1/6260 2962/1/2957
f 5713/1/5707 5764/1/5760 6265/1/6260
f 5769/1/5762 6265/1/6260 5764/1/5760
f 6250/1/6245 6256/1/6250 6266/1/6261
f 6257/1/6251 6262/1/6257 6266/1/6261
f 6262/1/6257 2956/1/2951 2964/1/2959
f 6253/1/6248 6266/1/6261 2964/1/2959
f 6267/1/6262 6268/1/6265 6269/1/6263
f 5931/1/5924 6269/1/6263 6268/1/6265
f 5845/1/5839 5841/1/5838 6269/1/6263
f 6270/1/6264 6269/1/6263 5841/1/5838
f 6270/1/6264 6271/1/6267 6272/1/6266
f 5840/1/5834 5859/1/5853 6271/1/6267
f 5854/1/5848 6273/1/6269 6271/1/6267
f 6274/1/6268 6272/1/6266 6271/1/6267
f 5839/1/5832 5834/1/5828 6275/1/6270
f 5837/1/5830 6276/1/6271 6275/1/6270
f 6273/1/6269 6275/1/6270 6276/1/6271
f 5853/1/5847 6275/1/6270 6273/1/6269
f 6277/1/6272 6278/1/6276 6279/1/6273
f 6281/1/6275 6279/1/6273 6278/1/6276
f 6283/1/6278 6284/1/6279 6279/1/6273
f 6280/1/6274 6279/1/6273 6284/1/6279
f 2987/1/2981 6286/1/6282 6287/1/6281
f 6280/1/6274 6287/1/6281 6286/1/6282
f 6285/1/6280 6288/1/6283 6287/1/6281
f 2984/1/2979 6287/1/6281 6288/1/6283
f 6289/1/6284 6290/1/6288 6291/1/6285
f 6293/1/6287 6291/1/6285 6290/1/6288
f 6283/1/6278 6295/1/6290 6291/1/6285
f 6292/1/6286 6291/1/6285 6295/1/6290
f 6296/1/6291 6295/1/6290 6297/1/6292
f 6281/1/6275 6297/1/6292 6295/1/6290
f 6282/1/6277 6298/1/6293 6297/1/6292
f 3000/1/2995 6299/1/6296 6300/1/6294
f 6301/1/6295 6300/1/6294 6299/1/6296
f 6303/1/6298 6304/1/6299 6300/1/6294
f 3001/1/2999 6300/1/6294 6304/1/6299
f 6302/1/6297 6305/1/6302 6306/1/6300
f 6307/1/6301 6306/1/6300 6305/1/6302
f 6309/1/6304 6310/1/6305 6306/1/6300
f 6301/1/6295 6306/1/6300 6310/1/6305
f 6311/1/6306 6312/1/6310 6313/1/6307
f 6315/1/6309 6316/1/6311 6312/1/6310
f 6317/1/6312 6318/1/6316 6319/1/6313
f 6321/1/6315 6319/1/6313 6318/1/6316
f 6323/1/6318 6324/1/6319 6319/1/6313
f 6320/1/6314 6319/1/6313 6324/1/6319
f 6322/1/6317 6326/1/6323 6327/1/6321
f 6328/1/6322 6327/1/6321 6326/1/6323
f 6330/1/6325 6331/1/6326 6327/1/6321
f 6321/1/6315 6327/1/6321 6331/1/6326
f 6329/1/6324 6332/1/6329 6333/1/6327
f 6334/1/6328 6333/1/6327 6332/1/6329
f 6336/1/6331 6337/1/6332 6333/1/6327
f 6328/1/6322 6333/1/6327 6337/1/6332
f 6335/1/6330 6338/1/6335 6339/1/6333
f 6340/1/6334 6339/1/6333 6338/1/6335
f 6342/1/6337 6343/1/6338 6339/1/6333
f 6334/1/6328 6339/1/6333 6343/1/6338
f 6341/1/6336 6344/1/6340 6345/1/6339
f 3051/1/3046 6345/1/6339 6344/1/6340
f 3052/1/3047 6346/1/6341 6345/1/6339
f 6340/1/6334 6345/1/6339 6346/1/6341
f 3057/1/3051 3056/1/3050 6347/1/6342
f 5829/1/5823 6347/1/6342 3056/1/3050
f 5826/1/5820 6349/1/6344 6347/1/6342
f 6348/1/6343 6347/1/6342 6349/1/6344
f 3065/1/3060 6351/1/6346 6299/1/6296
f 3064/1/3059 6353/1/6348 6351/1/6346
f 6352/1/6347 6351/1/6346 6353/1/6348
f 3057/1/3051 6348/1/6343 6355/1/6350
f 6356/1/6351 6355/1/6350 6348/1/6343
f 6357/1/6352 6358/1/6353 6355/1/6350
f 3066/1/3063 6355/1/6350 6358/1/6353
f 6354/1/6349 6353/1/6348 6359/1/6354
f 3074/1/3069 6359/1/6354 6353/1/6348
f 3069/1/3064 6358/1/6353 6359/1/6354
f 6360/1/6355 6359/1/6354 6358/1/6353
f 6361/1/6356 6350/1/6345 6349/1/6344
f 5825/1/5819 6362/1/6357 6349/1/6344
f 6363/1/6358 6362/1/6357 5825/1/5819
f 6364/1/6359 6361/1/6356 6362/1/6357
f 6308/1/6303 6305/1/6302 6365/1/6360
f 6352/1/6347 6365/1/6360 6305/1/6302
f 6354/1/6349 6367/1/6362 6365/1/6360
f 6366/1/6361 6365/1/6360 6367/1/6362
f 6350/1/6345 6361/1/6356 6369/1/6364
f 6370/1/6365 6369/1/6364 6361/1/6356
f 6371/1/6366 6372/1/6367 6369/1/6364
f 6368/1/6363 6367/1/6362 6373/1/6368
f 6360/1/6355 6373/1/6368 6367/1/6362
f 6374/1/6369 6373/1/6368 6372/1/6367
f 5730/1/5723 5729/1/5722 6375/1/6370
f 6376/1/6371 6375/1/6370 5729/1/5722
f 6377/1/6372 6378/1/6373 6375/1/6370
f 6363/1/6358 6375/1/6370 6378/1/6373
f 6366/1/6361 6379/1/6374 6313/1/6307
f 6368/1/6363 6380/1/6376 6379/1/6374
f 6381/1/6375 6379/1/6374 6380/1/6376
f 6314/1/6308 6313/1/6307 6379/1/6374
f 6364/1/6359 6378/1/6373 6383/1/6378
f 6384/1/6379 6383/1/6378 6378/1/6373
f 6385/1/6380 6386/1/6381 6383/1/6378
f 6382/1/6377 6380/1/6376 6387/1/6382
f 6374/1/6369 6387/1/6382 6380/1/6376
f 6371/1/6366 6386/1/6381 6387/1/6382
f 6389/1/6384 6390/1/6387 6391/1/6385
f 5641/1/5636 6391/1/6385 6390/1/6387
f 5620/1/5614 5865/1/5858 6391/1/6385
f 6392/1/6386 6391/1/6385 5865/1/5858
f 6376/1/6371 6393/1/6389 6394/1/6388
f 5648/1/5640 6393/1/6389 6376/1/6371
f 5643/1/5644 6390/1/6387 6393/1/6389
f 6389/1/6384 6394/1/6388 6393/1/6389
f 6395/1/6390 6396/1/6393 6397/1/6391
f 6381/1/6375 6397/1/6391 6396/1/6393
f 6382/1/6377 6399/1/6394 6397/1/6391
f 6398/1/6392 6397/1/6391 6399/1/6394
f 6400/1/6395 6399/1/6394 6401/1/6396
f 6388/1/6383 6401/1/6396 6399/1/6394
f 6385/1/6380 6403/1/6398 6401/1/6396
f 6402/1/6397 6401/1/6396 6403/1/6398
f 6404/1/6399 6403/1/6398 6405/1/6400
f 6384/1/6379 6405/1/6400 6403/1/6398
f 6377/1/6372 6394/1/6388 6405/1/6400
f 6406/1/6401 6405/1/6400 6394/1/6388
f 6407/1/6402 6408/1/6405 6409/1/6403
f 6398/1/6392 6409/1/6403 6408/1/6405
f 6400/1/6395 6411/1/6406 6409/1/6403
f 6410/1/6404 6409/1/6403 6411/1/6406
f 6389/1/6384 6413/1/6410 6414/1/6408
f 6415/1/6409 6414/1/6408 6413/1/6410
f 6417/1/6412 6418/1/6413 6414/1/6408
f 6406/1/6401 6414/1/6408 6418/1/6413
f 6412/1/6407 6411/1/6406 6419/1/6414
f 6402/1/6397 6419/1/6414 6411/1/6406
f 6404/1/6399 6418/1/6413 6419/1/6414
f 6420/1/6415 6419/1/6414 6418/1/6413
f 6317/1/6312 6421/1/6418 6422/1/6416
f 6410/1/6404 6422/1/6416 6421/1/6418
f 6412/1/6407 6424/1/6419 6422/1/6416
f 6423/1/6417 6422/1/6416 6424/1/6419
f 6425/1/6420 6424/1/6419 6426/1/6421
f 6420/1/6415 6426/1/6421 6424/1/6419
f 6417/1/6412 6428/1/6423 6426/1/6421
f 6427/1/6422 6426/1/6421 6428/1/6423
f 6429/1/6424 6428/1/6423 6430/1/6425
f 6415/1/6409 6430/1/6425 6428/1/6423
f 6416/1/6411 6432/1/6427 6430/1/6425
f 6431/1/6426 6430/1/6425 6432/1/6427
f 6413/1/6410 6434/1/6429 6432/1/6427
f 6392/1/6386 6434/1/6429 6413/1/6410
f 6433/1/6428 6432/1/6427 6434/1/6429
f 6322/1/6317 6318/1/6316 6436/1/6431
f 6423/1/6417 6436/1/6431 6318/1/6316
f 6425/1/6420 6438/1/6433 6436/1/6431
f 6437/1/6432 6436/1/6431 6438/1/6433
f 6440/1/6435 6441/1/6438 6442/1/6436
f 6429/1/6424 6431/1/6426 6442/1/6436
f 6443/1/6437 6442/1/6436 6431/1/6426
f 6439/1/6434 6438/1/6433 6444/1/6439
f 6427/1/6422 6444/1/6439 6438/1/6433
f 6429/1/6424 6441/1/6438 6444/1/6439
f 6445/1/6440 6444/1/6439 6441/1/6438
f 6435/1/6430 6446/1/6444 6447/1/6441
f 5923/1/5918 6446/1/6444 6435/1/6430
f 6448/1/6442 6446/1/6444 5923/1/5918
f 6449/1/6443 6447/1/6441 6446/1/6444
f 6329/1/6324 6326/1/6323 6450/1/6445
f 6437/1/6432 6450/1/6445 6326/1/6323
f 6439/1/6434 6452/1/6447 6450/1/6445
f 6451/1/6446 6450/1/6445 6452/1/6447
f 6433/1/6428 6447/1/6441 6454/1/6449
f 6455/1/6450 6454/1/6449 6447/1/6441
f 6456/1/6451 6457/1/6452 6454/1/6449
f 6443/1/6437 6454/1/6449 6457/1/6452
f 6453/1/6448 6452/1/6447 6458/1/6453
f 6445/1/6440 6458/1/6453 6452/1/6447
f 6440/1/6435 6457/1/6452 6458/1/6453
f 6459/1/6454 6458/1/6453 6457/1/6452
f 6267/1/6262 6460/1/6457 6461/1/6455
f 6462/1/6456 6461/1/6455 6460/1/6457
f 5928/1/5922 6268/1/6265 6461/1/6455
f 6448/1/6442 6464/1/6460 6465/1/6459
f 5922/1/5915 5929/1/5925 6464/1/6460
f 6462/1/6456 6464/1/6460 5929/1/5925
f 6463/1/6458 6465/1/6459 6464/1/6460
f 6335/1/6330 6332/1/6329 6466/1/6461
f 6451/1/6446 6466/1/6461 6332/1/6329
f 6453/1/6448 6468/1/6463 6466/1/6461
f 6467/1/6462 6466/1/6461 6468/1/6463
f 6449/1/6443 6465/1/6459 6470/1/6465
f 6471/1/6466 6470/1/6465 6465/1/6459
f 6472/1/6467 6473/1/6468 6470/1/6465
f 6455/1/6450 6470/1/6465 6473/1/6468
f 6469/1/6464 6468/1/6463 6474/1/6469
f 6459/1/6454 6474/1/6469 6468/1/6463
f 6456/1/6451 6473/1/6468 6474/1/6469
f 6475/1/6470 6474/1/6469 6473/1/6468
f 6267/1/6262 6272/1/6266 6476/1/6471
f 6477/1/6472 6476/1/6471 6272/1/6266
f 6478/1/6473 6479/1/6474 6476/1/6471
f 6460/1/6457 6476/1/6471 6479/1/6474
f 6477/1/6472 6480/1/6476 6481/1/6475
f 6274/1/6268 6276/1/6271 6480/1/6476
f 5837/1/5830 6481/1/6475 6480/1/6476
f 6341/1/6336 6338/1/6335 6482/1/6477
f 6467/1/6462 6482/1/6477 6338/1/6335
f 6469/1/6464 6484/1/6479 6482/1/6477
f 6483/1/6478 6482/1/6477 6484/1/6479
f 6463/1/6458 6479/1/6474 6486/1/6481
f 6487/1/6482 6486/1/6481 6479/1/6474
f 6488/1/6483 6489/1/6484 6486/1/6481
f 6471/1/6466 6486/1/6481 6489/1/6484
f 6485/1/6480 6484/1/6479 6490/1/6485
f 6475/1/6470 6490/1/6485 6484/1/6479
f 6472/1/6467 6489/1/6484 6490/1/6485
f 6491/1/6486 6490/1/6485 6489/1/6484
f 5837/1/5830 5836/1/5829 6492/1/6487
f 3208/1/3202 6492/1/6487 5836/1/5829
f 3209/1/3204 6493/1/6488 6492/1/6487
f 6481/1/6475 6492/1/6487 6493/1/6488
f 3210/1/3206 6494/1/6490 6495/1/6489
f 6487/1/6482 6495/1/6489 6494/1/6490
f 6478/1/6473 6493/1/6488 6495/1/6489
f 3211/1/3209 6495/1/6489 6493/1/6488
f 3053/1/3048 6344/1/6340 6496/1/6491
f 6483/1/6478 6496/1/6491 6344/1/6340
f 6485/1/6480 6497/1/6492 6496/1/6491
f 3214/1/3210 6496/1/6491 6497/1/6492
f 3216/1/3211 6497/1/6492 6498/1/6493
f 6491/1/6486 6498/1/6493 6497/1/6492
f 6488/1/6483 6494/1/6490 6498/1/6493
f 3218/1/3214 6498/1/6493 6494/1/6490
f 6499/1/6494 3220/1/3216 3223/1/3218
f 2988/1/2982 6288/1/6283 6500/1/6495
f 6285/1/6280 6501/1/6496 6500/1/6495
f 6499/1/6494 6500/1/6495 6501/1/6496
f 6502/1/6497 6501/1/6496 6503/1/6498
f 6284/1/6279 6503/1/6498 6501/1/6496
f 6505/1/6500 6503/1/6498 6284/1/6279
f 6504/1/6499 6503/1/6498 6505/1/6500
f 6294/1/6289 6290/1/6288 6507/1/6502
f 6509/1/6504 6507/1/6502 6290/1/6288
f 6510/1/6505 6511/1/6506 6507/1/6502
f 6508/1/6503 6507/1/6502 6511/1/6506
f 6506/1/6501 6505/1/6500 6513/1/6508
f 6293/1/6287 6513/1/6508 6505/1/6500
f 6294/1/6289 6508/1/6503 6513/1/6508
f 6514/1/6509 6513/1/6508 6508/1/6503
f 6511/1/6506 6515/1/6515 6516/1/6510
f 6517/1/6511 6515/1/6515 6511/1/6506
f 6518/1/6512 6515/1/6515 6517/1/6511
f 6520/1/6514 6516/1/6510 6515/1/6515
f 6521/1/6516 6522/1/6520 6523/1/6517
f 6525/1/6519 6523/1/6517 6522/1/6520
f 6527/1/6522 6528/1/6523 6523/1/6517
f 6524/1/6518 6523/1/6517 6528/1/6523
f 6502/1/6497 6530/1/6527 6531/1/6525
f 6532/1/6526 6533/1/6528 6531/1/6525
f 3256/1/3251 3255/1/3250 6531/1/6525
f 3255/1/3250 3220/1/3216 6499/1/6494
f 6502/1/6497 6504/1/6499 6534/1/6529
f 6535/1/6530 6534/1/6529 6504/1/6499
f 6536/1/6531 6537/1/6532 6534/1/6529
f 6530/1/6527 6534/1/6529 6537/1/6532
f 6506/1/6501 6514/1/6509 6538/1/6533
f 6539/1/6534 6538/1/6533 6514/1/6509
f 6540/1/6535 6541/1/6536 6538/1/6533
f 6535/1/6530 6538/1/6533 6541/1/6536
f 6512/1/6507 6516/1/6510 6542/1/6537
f 6543/1/6538 6542/1/6537 6516/1/6510
f 6544/1/6539 6545/1/6540 6542/1/6537
f 6539/1/6534 6542/1/6537 6545/1/6540
f 6520/1/6514 6546/1/6543 6547/1/6541
f 6548/1/6542 6547/1/6541 6546/1/6543
f 6550/1/6545 6551/1/6546 6547/1/6541
f 6543/1/6538 6547/1/6541 6551/1/6546
f 6549/1/6544 6552/1/6549 6553/1/6547
f 6554/1/6548 6553/1/6547 6552/1/6549
f 6556/1/6551 6557/1/6552 6553/1/6547
f 6548/1/6542 6553/1/6547 6557/1/6552
f 6529/1/6524 6558/1/6555 6559/1/6553
f 6560/1/6554 6559/1/6553 6558/1/6555
f 6562/1/6557 6563/1/6558 6559/1/6553
f 6524/1/6518 6559/1/6553 6563/1/6558
f 6561/1/6556 6564/1/6561 6565/1/6559
f 6566/1/6560 6565/1/6559 6564/1/6561
f 6568/1/6563 6569/1/6564 6565/1/6559
f 6560/1/6554 6565/1/6559 6569/1/6564
f 6567/1/6562 6570/1/6566 6571/1/6565
f 3299/1/3295 6571/1/6565 6570/1/6566
f 3298/1/3293 6572/1/6567 6571/1/6565
f 6566/1/6560 6571/1/6565 6572/1/6567
f 6555/1/6550 6573/1/6569 6574/1/6568
f 6525/1/6519 6574/1/6568 6573/1/6569
f 6526/1/6521 6575/1/6570 6574/1/6568
f 6554/1/6548 6574/1/6568 6575/1/6570
f 6576/1/6571 6577/1/6575 6578/1/6572
f 6580/1/6574 6578/1/6572 6577/1/6575
f 6556/1/6551 6575/1/6570 6578/1/6572
f 6579/1/6573 6578/1/6572 6575/1/6570
f 6568/1/6563 6572/1/6567 6582/1/6577
f 3315/1/3311 6582/1/6577 6572/1/6567
f 3314/1/3310 6584/1/6579 6582/1/6577
f 6583/1/6578 6582/1/6577 6584/1/6579
f 6562/1/6557 6569/1/6564 6586/1/6581
f 6583/1/6578 6586/1/6581 6569/1/6564
f 6585/1/6580 6588/1/6583 6586/1/6581
f 6587/1/6582 6586/1/6581 6588/1/6583
f 6587/1/6582 6590/1/6585 6563/1/6558
f 6589/1/6584 6591/1/6587 6590/1/6585
f 6592/1/6586 6590/1/6585 6591/1/6587
f 6521/1/6516 6563/1/6558 6590/1/6585
f 6593/1/6588 6594/1/6590 6595/1/6589
f 6579/1/6573 6595/1/6589 6594/1/6590
f 6526/1/6521 6522/1/6520 6595/1/6589
f 6592/1/6586 6595/1/6589 6522/1/6520
f 6550/1/6545 6557/1/6552 6596/1/6591
f 6580/1/6574 6596/1/6591 6557/1/6552
f 6581/1/6576 6598/1/6593 6596/1/6591
f 6597/1/6592 6596/1/6591 6598/1/6593
f 6544/1/6539 6551/1/6546 6600/1/6595
f 6597/1/6592 6600/1/6595 6551/1/6546
f 6599/1/6594 6602/1/6597 6600/1/6595
f 6601/1/6596 6600/1/6595 6602/1/6597
f 6540/1/6535 6545/1/6540 6604/1/6599
f 6601/1/6596 6604/1/6599 6545/1/6540
f 6603/1/6598 6606/1/6601 6604/1/6599
f 6605/1/6600 6604/1/6599 6606/1/6601
f 6536/1/6531 6541/1/6536 6608/1/6603
f 6605/1/6600 6608/1/6603 6541/1/6536
f 6607/1/6602 6610/1/6605 6608/1/6603
f 6609/1/6604 6608/1/6603 6610/1/6605
f 6532/1/6526 6537/1/6532 6612/1/6607
f 6609/1/6604 6612/1/6607 6537/1/6532
f 6611/1/6606 6614/1/6609 6612/1/6607
f 6613/1/6608 6612/1/6607 6614/1/6609
f 6613/1/6608 6616/1/6611 6533/1/6528
f 6615/1/6610 6617/1/6612 6616/1/6611
f 3348/1/3344 3347/1/3343 6616/1/6611
f 6533/1/6528 6616/1/6611 3347/1/3343
f 6618/1/6613 6619/1/6616 6620/1/6614
f 6311/1/6306 6620/1/6614 6619/1/6616
f 6314/1/6308 6396/1/6393 6620/1/6614
f 6621/1/6615 6620/1/6614 6396/1/6393
f 6407/1/6402 6421/1/6418 6622/1/6617
f 6320/1/6314 6622/1/6617 6421/1/6418
f 6325/1/6320 6624/1/6619 6622/1/6617
f 6623/1/6618 6622/1/6617 6624/1/6619
f 6625/1/6620 6626/1/6622 6627/1/6621
f 6621/1/6615 6627/1/6621 6626/1/6622
f 6395/1/6390 6408/1/6405 6627/1/6621
f 6623/1/6618 6627/1/6621 6408/1/6405
f 6315/1/6309 6619/1/6616 6628/1/6623
f 6630/1/6625 6628/1/6623 6619/1/6616
f 6631/1/6626 6632/1/6627 6628/1/6623
f 6629/1/6624 6628/1/6623 6632/1/6627
f 3005/1/3000 6304/1/6299 6634/1/6629
f 6635/1/6630 6634/1/6629 6304/1/6299
f 6636/1/6631 6637/1/6632 6634/1/6629
f 3366/1/3364 6634/1/6629 6637/1/6632
f 3369/1/3365 6637/1/6632 6638/1/6633
f 6639/1/6634 6638/1/6633 6637/1/6632
f 6585/1/6580 6584/1/6579 6638/1/6633
f 3372/1/3369 6638/1/6633 6584/1/6579
f 6303/1/6298 6310/1/6305 6640/1/6635
f 6641/1/6636 6640/1/6635 6310/1/6305
f 6642/1/6637 6643/1/6638 6640/1/6635
f 6635/1/6630 6640/1/6635 6643/1/6638
f 6636/1/6631 6643/1/6638 6644/1/6639
f 6645/1/6640 6644/1/6639 6643/1/6638
f 6589/1/6584 6588/1/6583 6644/1/6639
f 6639/1/6634 6644/1/6639 6588/1/6583
f 6641/1/6636 6646/1/6642 6647/1/6641
f 6629/1/6624 6646/1/6642 6316/1/6311
f 6633/1/6628 6647/1/6641 6646/1/6642
f 6648/1/6643 6649/1/6644 6647/1/6641
f 6593/1/6588 6591/1/6587 6649/1/6644
f 6645/1/6640 6649/1/6644 6591/1/6587
f 6642/1/6637 6647/1/6641 6649/1/6644
f 6633/1/6628 6632/1/6627 6650/1/6645
f 6651/1/6646 6650/1/6645 6632/1/6627
f 6576/1/6571 6594/1/6590 6650/1/6645
f 6648/1/6643 6650/1/6645 6594/1/6590
f 6325/1/6320 6324/1/6319 6652/1/6647
f 6654/1/6649 6652/1/6647 6324/1/6319
f 6655/1/6650 6656/1/6651 6652/1/6647
f 6653/1/6648 6652/1/6647 6656/1/6651
f 6625/1/6620 6624/1/6619 6658/1/6653
f 6653/1/6648 6658/1/6653 6624/1/6619
f 6657/1/6652 6660/1/6655 6658/1/6653
f 6659/1/6654 6658/1/6653 6660/1/6655
f 6657/1/6652 6656/1/6651 6662/1/6657
f 6664/1/6659 6662/1/6657 6656/1/6651
f 6603/1/6598 6602/1/6597 6662/1/6657
f 6663/1/6658 6662/1/6657 6602/1/6597
f 6599/1/6594 6598/1/6593 6665/1/6660
f 6666/1/6661 6665/1/6660 6598/1/6593
f 6661/1/6656 6660/1/6655 6665/1/6660
f 6663/1/6658 6665/1/6660 6660/1/6655
f 6323/1/6318 6331/1/6326 6667/1/6662
f 6668/1/6663 6667/1/6662 6331/1/6326
f 6669/1/6664 6670/1/6665 6667/1/6662
f 6654/1/6649 6667/1/6662 6670/1/6665
f 6655/1/6650 6670/1/6665 6671/1/6666
f 6672/1/6667 6671/1/6666 6670/1/6665
f 6607/1/6602 6606/1/6601 6671/1/6666
f 6664/1/6659 6671/1/6666 6606/1/6601
f 6330/1/6325 6337/1/6332 6673/1/6668
f 6674/1/6669 6673/1/6668 6337/1/6332
f 6675/1/6670 6676/1/6671 6673/1/6668
f 6668/1/6663 6673/1/6668 6676/1/6671
f 6669/1/6664 6676/1/6671 6677/1/6672
f 6678/1/6673 6677/1/6672 6676/1/6671
f 6611/1/6606 6610/1/6605 6677/1/6672
f 6672/1/6667 6677/1/6672 6610/1/6605
f 6336/1/6331 6343/1/6338 6679/1/6674
f 6680/1/6675 6679/1/6674 6343/1/6338
f 6681/1/6676 6682/1/6677 6679/1/6674
f 6674/1/6669 6679/1/6674 6682/1/6677
f 6675/1/6670 6682/1/6677 6683/1/6678
f 6684/1/6679 6683/1/6678 6682/1/6677
f 6615/1/6610 6614/1/6609 6683/1/6678
f 6678/1/6673 6683/1/6678 6614/1/6609
f 6680/1/6675 6685/1/6681 6686/1/6680
f 6342/1/6337 6346/1/6341 6685/1/6681
f 3422/1/3417 6685/1/6681 6346/1/6341
f 3423/1/3418 6686/1/6680 6685/1/6681
f 3425/1/3421 6687/1/6682 6686/1/6680
f 3348/1/3344 6617/1/6612 6687/1/6682
f 6684/1/6679 6687/1/6682 6617/1/6612
f 6681/1/6676 6686/1/6680 6687/1/6682
f 6581/1/6576 6577/1/6575 6688/1/6683
f 6651/1/6646 6688/1/6683 6577/1/6575
f 6631/1/6626 6689/1/6684 6688/1/6683
f 6666/1/6661 6688/1/6683 6689/1/6684
f 6618/1/6613 6626/1/6622 6690/1/6685
f 6659/1/6654 6690/1/6685 6626/1/6622
f 6661/1/6656 6689/1/6684 6690/1/6685
f 6630/1/6625 6690/1/6685 6689/1/6684
f 3300/1/3294 6570/1/6566 6691/1/6686
f 6692/1/6687 6691/1/6686 6570/1/6566
f 6693/1/6688 6694/1/6689 6691/1/6686
f 3429/1/3425 6691/1/6686 6694/1/6689
f 6698/1/6693 6695/1/6690 6699/1/6694
f 6561/1/6556 6558/1/6555 6695/1/6690
f 6696/1/6691 6695/1/6690 6558/1/6555
f 6567/1/6562 6564/1/6561 6701/1/6696
f 6698/1/6693 6701/1/6696 6564/1/6561
f 6700/1/6695 6702/1/6697 6701/1/6696
f 6692/1/6687 6701/1/6696 6702/1/6697
f 6703/1/6698 6704/1/6701 6705/1/6699
f 6706/1/6700 6705/1/6699 6528/1/6523
f 6707/1/6702 6708/1/6705 6709/1/6703
f 6706/1/6700 6709/1/6703 6708/1/6705
f 6527/1/6522 6573/1/6569 6709/1/6703
f 6710/1/6704 6709/1/6703 6573/1/6569
f 6710/1/6704 6711/1/6707 6712/1/6706
f 6555/1/6550 6552/1/6549 6711/1/6707
f 6713/1/6708 6711/1/6707 6552/1/6549
f 6714/1/6709 6712/1/6706 6711/1/6707
f 6549/1/6544 6546/1/6543 6715/1/6710
f 6518/1/6512 6715/1/6710 6546/1/6543
f 6519/1/6513 6716/1/6711 6715/1/6710
f 6713/1/6708 6715/1/6710 6716/1/6711
