# Blender 4.2.1 LTS
# www.blender.org
mtllib cabeza04Dragon.mtl
o Object003
v -1.273396 1.568837 1.027086
v -1.264997 1.560424 1.042932
v -1.244197 1.561258 1.030927
v -1.252296 1.571882 1.017069
v -1.254296 1.550307 1.058088
v -1.234497 1.548232 1.044499
v -1.216396 1.548634 1.026596
v -1.225997 1.559973 1.015434
v -1.234597 1.570710 1.003775
v -1.209797 1.562766 0.977518
v -1.219896 1.566729 0.989097
v -1.210896 1.556876 0.997651
v -1.201696 1.552966 0.977572
v -1.201397 1.546912 1.004305
v -1.192496 1.538673 0.978950
v -1.241796 1.583350 0.992806
v -1.258997 1.585916 1.004892
v -1.243896 1.598208 0.985224
v -1.260797 1.603184 0.998897
v -1.278896 1.603138 1.008898
v -1.278397 1.583963 1.013603
v -1.226797 1.588117 0.968579
v -1.225297 1.577072 0.978640
v -1.209697 1.567301 0.965693
v -1.210096 1.573626 0.951858
v -1.196796 1.553052 0.956871
v -1.194297 1.556053 0.938554
v -1.188497 1.533822 0.951276
v -1.183697 1.536087 0.926664
v -1.274796 1.550158 1.067589
v -1.264797 1.560957 1.085530
v -1.240497 1.560203 1.075634
v -1.289597 1.558670 1.087942
v -1.290397 1.552186 1.072577
v -1.286197 1.570320 1.115379
v -1.252196 1.575765 1.105249
v -1.222997 1.575509 1.094950
v -1.217697 1.557322 1.060949
v -1.198196 1.554209 1.040266
v -1.196696 1.570024 1.079580
v -1.174497 1.563001 1.056918
v -1.182997 1.546866 1.014206
v -1.157297 1.551837 1.027179
v -1.146797 1.535755 0.993866
v -1.173397 1.535105 0.984670
v -1.142297 1.522556 0.957538
v -1.170597 1.523626 0.952132
v -1.170997 1.518661 0.921959
v -1.142696 1.509036 0.917511
v -1.208797 1.614588 0.963134
v -1.227297 1.628610 0.985358
v -1.238196 1.614396 0.982936
v -1.221597 1.602482 0.962001
v -1.205297 1.584873 0.942197
v -1.191896 1.595765 0.940737
v -1.189197 1.564084 0.925910
v -1.177297 1.575149 0.919650
v -1.176497 1.544105 0.911719
v -1.168696 1.555447 0.900957
v -1.167897 1.526854 0.902314
v -1.162497 1.540378 0.888439
v -1.157597 1.511804 0.893196
v -1.155797 1.527114 0.876712
v -1.145197 1.496012 0.876482
v -1.147696 1.512423 0.860192
v -1.121596 1.491488 0.890407
v -1.132697 1.482382 0.852756
v -1.107097 1.477731 0.861882
v -1.139997 1.497007 0.838976
v -1.129097 1.463126 0.824361
v -1.138397 1.478767 0.813575
v -1.101397 1.458056 0.829889
v -1.102197 1.434970 0.795915
v -1.134497 1.439861 0.794288
v -1.145197 1.460214 0.785577
v -1.153697 1.442426 0.714773
v -1.153996 1.447734 0.752744
v -1.143697 1.420067 0.758896
v -1.145797 1.410840 0.717446
v -1.106597 1.414564 0.758226
v -1.106597 1.405441 0.717575
v -1.319297 1.594429 1.171648
v -1.303297 1.603683 1.181497
v -1.282197 1.599460 1.159020
v -1.302896 1.582980 1.144510
v -1.291097 1.607153 1.194279
v -1.266296 1.609161 1.177567
v -1.259196 1.592462 1.141158
v -1.239797 1.606787 1.163980
v -1.230496 1.592000 1.129960
v -1.199197 1.590841 1.119067
v -1.209897 1.604341 1.155493
v -1.177997 1.596689 1.146135
v -1.170297 1.579257 1.103730
v -1.146097 1.563030 1.080518
v -1.147097 1.580201 1.130025
v -1.120296 1.559261 1.104639
v -1.127497 1.544450 1.047819
v -1.099997 1.535461 1.068169
v -1.082697 1.515439 1.027578
v -1.113196 1.528143 1.010008
v -1.102397 1.517732 0.971565
v -1.067097 1.502432 0.989849
v -1.051396 1.491938 0.954405
v -1.091897 1.506935 0.935623
v -1.076197 1.492162 0.904004
v -1.059697 1.478283 0.871279
v -1.032496 1.480252 0.920469
v -1.013297 1.468356 0.884634
v -1.049797 1.461280 0.834272
v -1.045597 1.441568 0.795579
v -0.998497 1.454334 0.844010
v -0.988996 1.438000 0.801298
v -1.045297 1.425945 0.754764
v -0.983996 1.423760 0.757576
v -1.042797 1.419912 0.712296
v -0.978097 1.413816 0.713030
v -1.285597 1.606622 1.206982
v -1.258797 1.606961 1.195780
v -1.261297 1.595632 1.208842
v -1.286397 1.598875 1.216724
v -1.236297 1.588691 1.201380
v -1.231497 1.604009 1.186196
v -1.202097 1.598271 1.179427
v -1.210597 1.578655 1.194734
v -1.177497 1.565020 1.188409
v -1.169997 1.588923 1.170678
v -1.110097 1.524187 1.145932
v -1.104197 1.547783 1.126902
v -1.135297 1.571833 1.154271
v -1.137796 1.553920 1.170170
v -1.142197 1.542165 1.178334
v -1.133697 1.523640 1.173935
v -1.164697 1.539925 1.189346
v -1.152496 1.523620 1.188536
v -1.081997 1.521459 1.086146
v -1.084197 1.498724 1.097970
v -1.064096 1.477076 1.052688
v -1.064597 1.498519 1.042271
v -1.049597 1.482205 1.003160
v -1.032197 1.470810 0.967621
v -1.048596 1.460952 1.011876
v -1.030497 1.448754 0.975642
v -1.010897 1.460823 0.933375
v -0.988296 1.451424 0.897126
v -1.008697 1.438466 0.941298
v -0.985396 1.428171 0.905854
v -0.952797 1.402003 0.820296
v -0.956797 1.426049 0.810364
v -0.968697 1.440396 0.855486
v -0.965397 1.415747 0.864921
v -1.190197 1.614922 0.914532
v -1.187997 1.607005 0.929675
v -1.178397 1.585669 0.904992
v -1.180696 1.594792 0.890742
v -1.173897 1.565955 0.884099
v -1.177597 1.578369 0.868431
v -1.166897 1.625295 0.891375
v -1.179597 1.621546 0.900595
v -1.170297 1.604939 0.881186
v -1.156397 1.616912 0.876120
v -1.162897 1.592031 0.861456
v -1.145697 1.608208 0.857168
v -1.170697 1.551773 0.869177
v -1.176897 1.566672 0.850695
v -1.165497 1.540101 0.856040
v -1.173097 1.556189 0.835652
v -1.157297 1.582840 0.844806
v -1.135597 1.600622 0.841509
v -1.151096 1.574855 0.829450
v -1.124697 1.593446 0.827648
v -1.124097 1.649742 0.844940
v -1.134296 1.627477 0.851562
v -1.121397 1.621682 0.834094
v -1.108597 1.645530 0.824663
v -1.109597 1.616494 0.818022
v -1.096996 1.642224 0.805281
v -1.157097 1.527218 0.840911
v -1.163897 1.544412 0.821516
v -1.149497 1.513218 0.822687
v -1.154397 1.533229 0.806477
v -1.101597 1.580860 0.793716
v -1.083297 1.608496 0.781865
v -1.096797 1.611899 0.800647
v -1.113297 1.586559 0.811786
v -1.084297 1.639718 0.785894
v -1.070797 1.638107 0.765603
v -1.142397 1.566270 0.813797
v -1.132497 1.557683 0.797843
v -1.147397 1.498197 0.800669
v -1.148296 1.522526 0.787536
v -1.151796 1.485456 0.775038
v -1.145097 1.515601 0.764773
v -1.155296 1.479794 0.745269
v -1.137096 1.513066 0.740187
v -1.151297 1.478904 0.710673
v -1.126297 1.513806 0.710882
v -1.122296 1.549387 0.780388
v -1.089597 1.576953 0.774138
v -1.112797 1.544076 0.760117
v -1.077797 1.575042 0.753748
v -1.068996 1.606885 0.761574
v -1.056197 1.637589 0.744005
v -1.055397 1.606770 0.740674
v -1.041596 1.638172 0.722602
v -1.100697 1.541862 0.739429
v -1.064197 1.573538 0.734856
v -1.087296 1.541726 0.714429
v -1.050097 1.572420 0.713361
v -1.041997 1.606964 0.721272
v -1.027197 1.639266 0.703195
v -1.028296 1.606650 0.700374
v -1.012997 1.639652 0.682393
v -1.073896 1.543149 0.682121
v -1.035797 1.571270 0.685967
v -1.113597 1.516504 0.674067
v -1.094196 1.516288 0.634467
v -1.055596 1.542249 0.645626
v -1.016697 1.567893 0.653685
v -1.013097 1.604814 0.675584
v -0.997797 1.638016 0.657502
v -0.991897 1.600052 0.646009
v -0.975897 1.633254 0.628027
v -0.962697 1.591749 0.608854
v -0.945496 1.625250 0.590670
v -0.988296 1.559590 0.616530
v -0.959496 1.552169 0.576170
v -0.935197 1.584609 0.565093
v -0.918696 1.618199 0.544908
v -0.910697 1.543935 0.496914
v -0.884497 1.578632 0.478024
v -0.909797 1.580180 0.523316
v -0.935097 1.547160 0.537997
v -0.891197 1.614461 0.501428
v -0.864797 1.614099 0.453629
v -0.854796 1.579044 0.425321
v -0.830597 1.615909 0.400519
v -0.882697 1.542760 0.446520
v -0.855496 1.541956 0.391123
v -0.828297 1.581124 0.366909
v -0.804196 1.619182 0.340900
v -1.165896 1.504650 1.194040
v -1.142597 1.500135 1.172964
v -1.161497 1.474822 1.170702
v -1.187997 1.477451 1.194388
v -1.139196 1.474242 1.137905
v -1.121797 1.496156 1.140485
v -1.100097 1.481131 1.099267
v -1.117997 1.465223 1.097854
v -1.092497 1.446618 1.060555
v -1.075397 1.460405 1.057980
v -1.055997 1.445088 1.018363
v -1.069897 1.431415 1.023338
v -1.049397 1.418510 0.986008
v -1.037396 1.432383 0.981132
v -1.016697 1.420889 0.945594
v -1.029797 1.406507 0.948973
v -1.011697 1.393300 0.911045
v -0.996097 1.408589 0.909061
v -1.067197 1.406925 0.988771
v -1.047196 1.395119 0.951135
v -1.057796 1.377865 0.959730
v -1.081797 1.390461 0.995461
v -1.034297 1.363762 0.922607
v -1.028797 1.381508 0.912609
v -1.100197 1.708911 0.820916
v -1.109696 1.675904 0.838097
v -1.089797 1.673783 0.815908
v -1.075897 1.710580 0.797007
v -1.079597 1.672151 0.791817
v -1.065697 1.707929 0.769321
v -1.066896 1.670637 0.771025
v -1.050997 1.706616 0.748728
v -1.052497 1.669428 0.751131
v -1.034797 1.705414 0.730034
v -1.039897 1.668700 0.727735
v -1.025396 1.702177 0.705051
v -1.025396 1.668580 0.705835
v -1.011497 1.701058 0.683457
v -1.009597 1.669881 0.687728
v -0.994797 1.703165 0.666345
v -0.995196 1.670466 0.666624
v -0.979796 1.703346 0.644544
v -0.981097 1.669018 0.639532
v -0.967697 1.700078 0.613861
v -0.959097 1.664943 0.607653
v -0.944197 1.697292 0.579976
v -0.929597 1.658423 0.567489
v -0.917597 1.692050 0.535704
v -0.900297 1.652168 0.520922
v -0.885997 1.688391 0.488423
v -0.870797 1.649322 0.475837
v -0.860496 1.686020 0.438936
v -0.847796 1.649038 0.424038
v -0.838997 1.684628 0.385542
v -0.817596 1.651332 0.368124
v -0.815797 1.684511 0.327742
v -0.791596 1.654515 0.310106
v -0.792597 1.687210 0.272627
v -1.164897 1.798067 0.831028
v -1.144497 1.762889 0.871521
v -1.120497 1.755639 0.825860
v -1.137597 1.789396 0.781375
v -1.120697 1.711798 0.855001
v -1.143797 1.717115 0.894772
v -1.100596 1.749922 0.786291
v -1.116096 1.779662 0.738628
v -1.075497 1.755373 0.759061
v -1.093697 1.783286 0.706507
v -1.061797 1.750919 0.730985
v -1.074797 1.779840 0.679926
v -1.045497 1.748703 0.709697
v -1.055197 1.778827 0.659231
v -1.027397 1.748104 0.691700
v -1.035497 1.780929 0.641319
v -1.018997 1.740173 0.667643
v -1.023097 1.772117 0.620867
v -1.006897 1.737356 0.646458
v -1.012796 1.766907 0.600695
v -0.991497 1.739755 0.627844
v -0.999897 1.766694 0.580096
v -0.974697 1.741032 0.605337
v -0.983296 1.768860 0.555584
v -0.963197 1.733651 0.572377
v -0.969896 1.758181 0.522942
v -0.939597 1.732553 0.536182
v -0.950597 1.755368 0.483957
v -0.916097 1.727098 0.489512
v -0.928697 1.750308 0.436584
v -0.885696 1.727129 0.440411
v -0.903797 1.749727 0.385286
v -0.864797 1.721939 0.387538
v -0.882096 1.743938 0.332517
v -0.840096 1.723158 0.336031
v -0.857997 1.747963 0.282094
v -1.312696 1.791540 0.825964
v -1.276096 1.814857 0.883937
v -1.235997 1.815968 0.831130
v -1.272797 1.787472 0.776985
v -1.195597 1.812171 0.886352
v -1.236096 1.809853 0.937965
v -1.199797 1.800678 0.778013
v -1.232997 1.773110 0.729163
v -1.170197 1.791904 0.728160
v -1.200996 1.762857 0.683119
v -1.144796 1.780477 0.686622
v -1.172297 1.753844 0.644168
v -1.122597 1.782598 0.653810
v -1.148697 1.755270 0.612359
v -1.101097 1.782058 0.628313
v -1.126997 1.757132 0.587049
v -1.081097 1.782539 0.606610
v -1.108597 1.757905 0.563944
v -1.063097 1.784827 0.586097
v -1.092397 1.757289 0.542747
v -1.048397 1.780421 0.566721
v -1.077396 1.753585 0.523767
v -1.036897 1.773819 0.548157
v -1.063497 1.749483 0.504989
v -1.023396 1.770108 0.527877
v -1.049296 1.747468 0.484100
v -1.007896 1.768871 0.502883
v -1.033397 1.743738 0.460320
v -0.991497 1.759607 0.472933
v -1.016296 1.737682 0.431853
v -0.974196 1.755397 0.434456
v -1.000597 1.734779 0.394768
v -0.954297 1.752939 0.387369
v -0.983296 1.731626 0.348585
v -0.932796 1.752856 0.335668
v -0.964296 1.730449 0.297990
v -0.910397 1.751676 0.284574
v -0.943797 1.733275 0.247774
v -0.888997 1.756206 0.235148
v -0.923297 1.740311 0.199535
v -1.338696 1.585192 1.164898
v -1.327297 1.573815 1.132660
v -1.350897 1.576085 1.127147
v -1.358097 1.584972 1.161199
v -1.319897 1.563548 1.102216
v -1.346097 1.568775 1.088787
v -1.287296 1.553862 1.049868
v -1.305797 1.550420 1.060587
v -1.297797 1.559965 1.032134
v -1.325097 1.556718 1.041952
v -1.301396 1.577082 1.017040
v -1.299197 1.598478 1.016223
v -1.313697 1.594113 1.022547
v -1.323297 1.576816 1.023142
v -1.314997 1.604658 1.030890
v -1.328197 1.589495 1.037673
v -1.327297 1.604765 1.050289
v -1.315697 1.618519 1.041914
v -1.338297 1.592003 1.057359
v -1.336496 1.575042 1.046152
v -1.314397 1.556417 1.078254
v -1.333397 1.559843 1.064735
v -1.340497 1.568507 1.058188
v -1.346497 1.580970 1.069620
v -1.544297 1.623564 1.232789
v -1.528597 1.630418 1.242752
v -1.514997 1.628018 1.224365
v -1.530396 1.618249 1.211818
v -1.503596 1.631487 1.236946
v -1.517297 1.631580 1.254046
v -1.490897 1.633689 1.219134
v -1.503197 1.629012 1.205059
v -1.518797 1.617327 1.189623
v -1.491297 1.632014 1.187142
v -1.507697 1.618614 1.168915
v -1.477897 1.636897 1.202216
v -1.464497 1.641005 1.185493
v -1.478197 1.635922 1.170221
v -1.495196 1.622707 1.149393
v -1.463997 1.643033 1.153982
v -1.480496 1.631606 1.130944
v -1.450897 1.647414 1.168758
v -1.438197 1.655726 1.152812
v -1.451097 1.653349 1.138725
v -1.466697 1.644518 1.114673
v -1.440097 1.663173 1.124671
v -1.454997 1.656841 1.100705
v -1.427096 1.663847 1.138367
v -1.416596 1.668364 1.123042
v -1.428797 1.667892 1.109945
v -1.442797 1.663566 1.086868
v -1.482297 1.645370 0.996266
v -1.462697 1.654551 1.047617
v -1.452197 1.661366 1.032179
v -1.469697 1.651091 0.981935
v -1.432096 1.668386 1.072342
v -1.425897 1.679932 1.062478
v -1.449397 1.675107 1.021304
v -1.465497 1.663733 0.971166
v -1.399197 1.676891 1.091395
v -1.410296 1.677739 1.081990
v -1.418297 1.670507 1.094430
v -1.406696 1.670973 1.106528
v -1.363097 1.596814 1.223736
v -1.340297 1.596778 1.198935
v -1.355297 1.591557 1.195064
v -1.375397 1.595806 1.222241
v -1.369496 1.594941 1.192245
v -1.385997 1.600796 1.220514
v -1.335497 1.603405 1.222199
v -1.316896 1.604343 1.210794
v -1.326797 1.602006 1.204007
v -1.348997 1.600814 1.223714
v -1.293597 1.583591 1.219508
v -1.274696 1.575649 1.211951
v -1.290096 1.554865 1.214865
v -1.306597 1.566799 1.221100
v -1.275097 1.541431 1.208838
v -1.254996 1.564706 1.204211
v -1.235297 1.550677 1.198788
v -1.261697 1.525411 1.205126
v -1.214296 1.534865 1.196674
v -1.250196 1.501508 1.204657
v -1.191196 1.518468 1.197264
v -1.217896 1.488298 1.202929
v -1.312997 1.604591 1.219593
v -1.312297 1.598220 1.224928
v -1.339597 1.603461 1.232399
v -1.341697 1.591989 1.237462
v -1.397197 1.597040 1.246835
v -1.419997 1.594770 1.270447
v -1.407396 1.589959 1.268574
v -1.384196 1.596536 1.246037
v -1.406696 1.601531 1.245110
v -1.428897 1.600561 1.268816
v -1.363997 1.600011 1.241418
v -1.374897 1.590369 1.252071
v -1.310897 1.589020 1.224878
v -1.324497 1.578833 1.227334
v -1.318896 1.549900 1.221392
v -1.302796 1.538676 1.216954
v -1.307597 1.529644 1.229403
v -1.323397 1.537967 1.233658
v -1.296097 1.519735 1.227758
v -1.290196 1.526358 1.213721
v -1.357497 1.571615 1.242374
v -1.337397 1.561742 1.228928
v -1.342697 1.545808 1.241015
v -1.362496 1.555173 1.252964
v -1.382697 1.577206 1.258943
v -1.383097 1.565864 1.269606
v -1.407797 1.580598 1.275725
v -1.404596 1.576066 1.288250
v -1.425897 1.583790 1.292508
v -1.424097 1.587574 1.307787
v -1.434397 1.588307 1.295683
v -1.446796 1.600176 1.326419
v -1.442297 1.593014 1.296857
v -1.460697 1.601461 1.323612
v -1.450397 1.600601 1.294516
v -1.469497 1.604336 1.319196
v -1.376997 1.589577 1.326777
v -1.391597 1.583063 1.305812
v -1.414496 1.594865 1.324548
v -1.402897 1.596976 1.344736
v -1.440496 1.603685 1.346400
v -1.433997 1.598488 1.365329
v -1.338097 1.565728 1.299507
v -1.351896 1.558498 1.275746
v -1.370697 1.570673 1.289480
v -1.355897 1.578496 1.311837
v -1.308297 1.542832 1.282032
v -1.316997 1.539895 1.256948
v -1.333897 1.548438 1.264901
v -1.322797 1.553275 1.289775
v -1.291397 1.520759 1.250452
v -1.303097 1.530268 1.252100
v -1.294396 1.534298 1.275779
v -1.281297 1.526576 1.271821
v -1.480297 1.611044 1.302259
v -1.475697 1.608693 1.311172
v -1.457497 1.607069 1.288580
v -1.463696 1.610530 1.281361
v -1.437497 1.606436 1.264284
v -1.445396 1.609804 1.258365
v -1.505297 1.629151 1.267059
v -1.491597 1.628156 1.249664
v -1.481397 1.623815 1.260388
v -1.494897 1.625718 1.279178
v -1.467096 1.624208 1.240986
v -1.478097 1.629256 1.231358
v -1.485797 1.615987 1.291832
v -1.482596 1.613207 1.295547
v -1.467896 1.612899 1.275848
v -1.471197 1.615975 1.271431
v -1.451197 1.612378 1.253651
v -1.455297 1.616259 1.250130
v -1.489097 1.620660 1.286906
v -1.475097 1.619851 1.267010
v -1.459997 1.620340 1.246607
v -1.416497 1.607213 1.241779
v -1.396697 1.607286 1.218578
v -1.407396 1.613172 1.216046
v -1.425997 1.611489 1.237355
v -1.464296 1.631861 1.214044
v -1.452697 1.626409 1.222774
v -1.438597 1.630310 1.204652
v -1.450497 1.635966 1.196621
v -1.433496 1.614367 1.233340
v -1.416497 1.617456 1.213122
v -1.424497 1.620140 1.210108
v -1.439597 1.617548 1.230022
v -1.445097 1.621834 1.227399
v -1.430997 1.624728 1.208083
v -1.380297 1.604544 1.192693
v -1.368997 1.599286 1.163921
v -1.376997 1.615615 1.169032
v -1.390797 1.614747 1.193137
v -1.436996 1.642169 1.178887
v -1.425097 1.636608 1.186017
v -1.412197 1.644913 1.168671
v -1.424296 1.650278 1.162142
v -1.400097 1.622644 1.192694
v -1.384797 1.627833 1.172265
v -1.395697 1.633225 1.170835
v -1.409596 1.626531 1.190272
v -1.417097 1.631023 1.188748
v -1.403797 1.638823 1.170405
v -1.400197 1.653231 1.153626
v -1.412897 1.658899 1.147795
v -1.402397 1.665417 1.132759
v -1.388897 1.659946 1.138089
v -1.360997 1.596122 1.133738
v -1.355697 1.596870 1.106133
v -1.354997 1.620262 1.122906
v -1.365197 1.617284 1.145222
v -1.372097 1.631821 1.151843
v -1.361497 1.635710 1.131621
v -1.373096 1.643524 1.134079
v -1.383697 1.638824 1.152405
v -1.391797 1.645732 1.153767
v -1.380597 1.651541 1.137235
v -1.392297 1.669425 1.115937
v -1.384497 1.673138 1.100016
v -1.378497 1.663851 1.120667
v -1.371197 1.664654 1.103062
v -1.348697 1.602560 1.086002
v -1.338696 1.610883 1.071856
v -1.342796 1.628351 1.084261
v -1.348496 1.623749 1.102086
v -1.371197 1.654338 1.118319
v -1.365296 1.655334 1.099413
v -1.366796 1.644708 1.112972
v -1.361697 1.645999 1.093064
v -1.357297 1.636488 1.109317
v -1.352696 1.638180 1.089507
v -1.169396 1.773779 0.924463
v -1.164597 1.726478 0.942722
v -1.204496 1.777548 0.973743
v -1.192697 1.733025 0.987887
v -1.201797 1.627352 0.956564
v -1.200797 1.636163 0.940316
v -1.215096 1.658336 0.971795
v -1.220997 1.642691 0.981981
v -1.173897 1.694802 0.947295
v -1.153196 1.684763 0.903550
v -1.196497 1.703435 0.989748
v -1.185797 1.676612 0.949195
v -1.204297 1.685022 0.987449
v -1.167097 1.659288 0.908289
v -1.142397 1.653988 0.871617
v -1.148897 1.633498 0.873630
v -1.166497 1.638227 0.897104
v -1.192097 1.656951 0.938002
v -1.186697 1.639949 0.919495
v -1.211697 1.672704 0.984217
v -1.196297 1.668650 0.956138
v -1.130796 1.678966 0.867681
v -1.280296 1.513656 1.213291
v -1.286797 1.511543 1.229302
v -1.284697 1.499746 1.229767
v -1.276096 1.498260 1.214175
v -1.280497 1.513564 1.251392
v -1.278397 1.501559 1.250457
v -1.269096 1.517670 1.270769
v -1.267497 1.502060 1.268955
v -1.271196 1.501936 1.282856
v -1.275797 1.522772 1.289342
v -1.265697 1.516842 1.283974
v -1.282597 1.505393 1.293337
v -1.303797 1.535841 1.301970
v -1.288997 1.528600 1.294510
v -1.306697 1.520615 1.315654
v -1.293997 1.511953 1.304201
v -1.333497 1.556848 1.321556
v -1.318296 1.545591 1.311017
v -1.320897 1.530780 1.327399
v -1.336397 1.541848 1.339738
v -1.350697 1.568417 1.333992
v -1.353897 1.553221 1.353076
v -1.371197 1.578696 1.348437
v -1.373397 1.563298 1.367121
v -1.396597 1.585589 1.365399
v -1.395997 1.569772 1.380586
v -1.428897 1.585994 1.384697
v -1.427397 1.567054 1.395601
v -1.393597 1.544117 1.370626
v -1.404497 1.553976 1.381372
v -1.431097 1.547222 1.389709
v -1.433697 1.521740 1.374849
v -1.393297 1.494317 1.334198
v -1.359597 1.521254 1.340851
v -1.377896 1.533335 1.355685
v -1.412797 1.507314 1.351827
v -1.359797 1.471033 1.300625
v -1.327797 1.498205 1.313777
v -1.342697 1.509180 1.327517
v -1.375196 1.481527 1.317868
v -1.315097 1.488828 1.299728
v -1.303997 1.482251 1.285763
v -1.347796 1.462634 1.282571
v -1.337597 1.457039 1.265301
v -1.326897 1.453557 1.250320
v -1.318497 1.451882 1.236629
v -1.287597 1.480903 1.258570
v -1.292797 1.479581 1.272778
v -1.292497 1.482215 1.242563
v -1.293897 1.479821 1.225376
v -1.314397 1.450707 1.222935
v -1.310197 1.448438 1.210247
v -1.284397 1.476143 1.211096
v -1.303297 1.446772 1.198156
v -1.291297 1.445597 1.184562
v -1.267397 1.470591 1.201726
v -1.242897 1.462547 1.193570
v -1.272197 1.443514 1.169274
v -1.247697 1.440127 1.153492
v -1.215197 1.457366 1.178798
v -1.187497 1.456149 1.157404
v -1.220397 1.438829 1.135599
v -1.192596 1.436212 1.114213
v -1.161997 1.455497 1.129608
v -1.139297 1.449900 1.093738
v -1.167296 1.428763 1.086953
v -1.136197 1.408856 1.067562
v -1.113196 1.433321 1.061128
v -1.088997 1.419328 1.025904
v -1.103497 1.401469 1.033302
v -1.126496 1.324126 1.117126
v -1.137397 1.348945 1.102190
v -1.164297 1.333493 1.147476
v -1.148197 1.309223 1.171309
v -1.144297 1.324185 1.146127
v -1.185897 1.316758 1.196068
v -1.111697 1.302239 1.137746
v -1.136497 1.376908 1.077037
v -1.104897 1.375959 1.049842
v -1.107297 1.347242 1.065199
v -1.089797 1.337227 1.025953
v -1.081997 1.366054 1.012495
v -1.058396 1.354351 0.975359
v -1.066697 1.326113 0.986814
v -1.035697 1.315007 0.949174
v -1.033096 1.341241 0.937030
v -1.008797 1.326611 0.895109
v -1.011797 1.348042 0.882392
v -1.006597 1.302475 0.906842
v -0.980397 1.291338 0.863602
v -0.987596 1.313585 0.853780
v -0.994897 1.333124 0.842673
v -0.974597 1.304571 0.814729
v -0.988497 1.321630 0.807135
v -0.975496 1.290971 0.778303
v -0.959997 1.284502 0.820539
v -0.957597 1.269080 0.780023
v -0.991397 1.310652 0.774695
v -0.979497 1.394564 0.868037
v -0.997396 1.378072 0.869527
v -0.987897 1.363749 0.828805
v -0.968197 1.380431 0.825514
v -1.013397 1.365283 0.871598
v -1.002896 1.349770 0.832682
v -0.998197 1.338288 0.799444
v -0.982897 1.352054 0.793269
v -0.998096 1.329123 0.769294
v -0.982397 1.342488 0.762920
v -0.951297 1.410201 0.765150
v -0.947596 1.387358 0.775475
v -0.942496 1.368801 0.728676
v -0.946096 1.396051 0.719427
v -0.961997 1.367112 0.785486
v -0.961797 1.354637 0.753554
v -0.985997 1.333951 0.737867
v -0.968797 1.343740 0.735813
v -0.982797 1.327592 0.708901
v -0.959997 1.342820 0.713918
v -0.992797 1.299280 0.743357
v -0.998997 1.320062 0.739943
v -0.996596 1.309875 0.705898
v -0.988697 1.286688 0.708225
v -1.112197 1.319930 1.081349
v -1.108996 1.300694 1.092954
v -1.100697 1.289668 1.051714
v -1.099597 1.310900 1.039397
v -1.035597 1.274997 1.130095
v -1.012096 1.274170 1.106900
v -1.047397 1.289051 1.103418
v -1.065496 1.286628 1.135732
v -1.024597 1.277952 1.067178
v -0.988597 1.265482 1.072646
v -1.061697 1.283838 1.064546
v -1.082697 1.295035 1.100585
v -1.096097 1.295876 1.089780
v -1.083197 1.285507 1.058937
v -1.081897 1.299253 0.994161
v -1.083797 1.272514 1.005407
v -1.041297 1.271697 0.965711
v -1.043197 1.290547 0.956608
v -1.059196 1.273989 1.019099
v -1.024796 1.273043 0.974104
v -1.034297 1.275416 1.023991
v -1.001697 1.275574 0.979890
v -0.997497 1.273041 1.028605
v -0.966997 1.274416 0.987597
v -0.963696 1.260180 1.035775
v -0.935797 1.259872 0.997676
v -1.006097 1.280918 0.914760
v -1.001397 1.267152 0.921035
v -0.973396 1.271568 0.869010
v -0.966997 1.255882 0.871796
v -0.988196 1.266685 0.927038
v -0.952396 1.254117 0.878006
v -0.966797 1.272522 0.933806
v -0.933097 1.260957 0.885469
v -0.936097 1.273680 0.944300
v -0.907997 1.262716 0.896159
v -0.908196 1.259051 0.957280
v -0.886496 1.248088 0.909439
v -0.999897 1.249031 1.118137
v -1.034997 1.255562 1.142102
v -0.999097 1.224226 1.135573
v -1.038597 1.232041 1.156531
v -0.973897 1.213121 1.098133
v -0.975997 1.239738 1.082888
v -0.952697 1.234530 1.045016
v -0.953697 1.205997 1.057372
v -0.925597 1.201991 1.019693
v -0.924296 1.233629 1.008220
v -0.897097 1.231416 0.969232
v -0.895297 1.199081 0.981309
v -0.869197 1.195224 0.934429
v -0.875697 1.223956 0.921772
v -0.854196 1.212245 0.864935
v -0.865497 1.231882 0.853527
v -0.846697 1.188208 0.876667
v -0.824997 1.180308 0.821809
v -0.832597 1.201152 0.811495
v -0.844397 1.217799 0.801804
v -0.878897 1.159159 0.940927
v -0.852397 1.157450 0.884335
v -0.867897 1.128450 0.884494
v -0.896797 1.125945 0.938308
v -0.840997 1.130072 0.833584
v -0.828697 1.154654 0.830350
v -1.182796 1.292389 1.220002
v -1.225897 1.295385 1.237586
v -1.252097 1.286548 1.285635
v -1.216297 1.281233 1.264663
v -1.185897 1.271604 1.241116
v -1.209496 1.292510 1.242201
v -1.153497 1.281746 1.193859
v -1.155697 1.256469 1.216598
v -1.120697 1.234929 1.190916
v -1.119197 1.268914 1.169929
v -1.077097 1.261137 1.155772
v -1.079397 1.235312 1.169613
v -1.076297 1.219438 1.174300
v -1.046597 1.213181 1.164034
v -1.090997 1.213500 1.185733
v -1.057997 1.201534 1.173598
v -1.010197 1.202178 1.145194
v -1.020097 1.189024 1.153566
v -0.990296 1.168653 1.122477
v -0.981397 1.187291 1.111075
v -0.961697 1.174168 1.070446
v -0.974196 1.145436 1.082804
v -0.955797 1.121273 1.034835
v -0.938497 1.164542 1.029098
v -0.908896 1.160416 0.987820
v -0.924396 1.123804 0.985821
v -1.238497 1.291329 1.318709
v -1.209396 1.279768 1.289372
v -1.197597 1.278893 1.312077
v -1.224796 1.293058 1.342200
v -1.169797 1.263651 1.286260
v -1.178397 1.267135 1.265041
v -1.149397 1.249607 1.241736
v -1.142696 1.246524 1.263053
v -1.115296 1.228515 1.243251
v -1.122497 1.227795 1.221355
v -1.163297 1.256834 1.301397
v -1.156796 1.246501 1.313754
v -1.131597 1.232867 1.289228
v -1.137397 1.240602 1.277486
v -1.108697 1.227592 1.257357
v -1.102997 1.221458 1.269391
v -1.090696 1.213119 1.207435
v -1.083297 1.217527 1.227211
v -1.047397 1.208229 1.209262
v -1.055596 1.201734 1.191997
v -1.076497 1.219203 1.241102
v -1.040497 1.209306 1.223356
v -1.071597 1.212369 1.253240
v -1.036897 1.200575 1.236004
v -1.017797 1.186306 1.168581
v -1.008197 1.191493 1.184553
v -0.972597 1.163234 1.155407
v -0.985097 1.161644 1.139116
v -0.961997 1.153288 1.183662
v -0.964797 1.161409 1.169318
v -1.000697 1.191371 1.198854
v -0.998597 1.181746 1.212407
v -0.967397 1.126655 1.104607
v -0.948996 1.122561 1.124030
v -0.925796 1.081263 1.087955
v -0.948296 1.094046 1.066685
v -0.899297 1.072411 1.115004
v -0.910196 1.076443 1.102682
v -0.937197 1.120339 1.138242
v -0.930397 1.115313 1.151870
v -1.571597 1.222815 1.663489
v -1.566196 1.199882 1.694115
v -1.548797 1.206169 1.691581
v -1.556797 1.230419 1.664247
v -1.536596 1.172622 1.719665
v -1.553797 1.166242 1.723500
v -1.512297 1.185559 1.708094
v -1.524497 1.217315 1.681819
v -1.533096 1.241083 1.657589
v -1.531897 1.251317 1.608932
v -1.533196 1.262578 1.601770
v -1.554896 1.255217 1.608911
v -1.553397 1.245361 1.616965
v -1.554896 1.262638 1.594570
v -1.534197 1.269503 1.588032
v -1.569997 1.254231 1.593216
v -1.569997 1.247410 1.607754
v -1.567197 1.238957 1.616400
v -1.532297 1.244700 1.624169
v -1.531497 1.245051 1.615166
v -1.553297 1.240393 1.622892
v -1.554797 1.239138 1.631099
v -1.565997 1.234090 1.622327
v -1.567397 1.232332 1.630136
v -1.570396 1.230902 1.642744
v -1.557297 1.238509 1.644103
v -1.534397 1.246373 1.637560
v -1.500697 1.270180 1.583929
v -1.505096 1.275609 1.570999
v -1.497197 1.259020 1.591190
v -1.456497 1.270595 1.568426
v -1.462597 1.279549 1.559877
v -1.470596 1.284380 1.547350
v -1.449897 1.263378 1.583466
v -1.452697 1.264731 1.574958
v -1.494697 1.251354 1.597532
v -1.493297 1.250808 1.607335
v -1.493597 1.254378 1.620116
v -1.491297 1.254984 1.639513
v -1.443597 1.267732 1.611742
v -1.447797 1.265641 1.595054
v -1.423997 1.289595 1.531822
v -1.432897 1.293028 1.519503
v -1.418297 1.280241 1.540173
v -1.384296 1.289789 1.512320
v -1.388297 1.297637 1.502977
v -1.396497 1.298971 1.490870
v -1.264196 1.302040 1.357251
v -1.253297 1.300256 1.378361
v -1.280497 1.291729 1.337007
v -1.299097 1.296672 1.381481
v -1.287396 1.306155 1.396529
v -1.280097 1.303849 1.413642
v -1.358697 1.302395 1.476851
v -1.366796 1.301027 1.464558
v -1.356896 1.297058 1.488480
v -1.331397 1.299946 1.467964
v -1.333197 1.303959 1.451942
v -1.341597 1.299790 1.439564
v -1.378897 1.283359 1.525156
v -1.383097 1.284232 1.520251
v -1.414496 1.274478 1.546904
v -1.411397 1.273721 1.554909
v -1.361297 1.291421 1.499911
v -1.353396 1.290905 1.497014
v -1.408196 1.275675 1.564598
v -1.402797 1.275542 1.576899
v -1.368997 1.280236 1.539373
v -1.374697 1.283597 1.532054
v -1.348597 1.288222 1.500129
v -1.343097 1.283139 1.503156
v -1.326297 1.286111 1.479840
v -1.325697 1.292771 1.472503
v -1.309896 1.304821 1.426737
v -1.303997 1.304998 1.440936
v -1.318896 1.297751 1.414075
v -1.482596 1.236007 1.662017
v -1.472696 1.206538 1.685978
v -1.422896 1.227835 1.648861
v -1.434997 1.253334 1.630321
v -1.394497 1.264313 1.589961
v -1.387096 1.246441 1.595159
v -1.357197 1.254769 1.545312
v -1.362197 1.270063 1.544229
v -1.381496 1.227600 1.587662
v -1.356297 1.236348 1.541513
v -1.392997 1.215832 1.630027
v -1.382096 1.203040 1.613397
v -1.377296 1.206263 1.580878
v -1.353296 1.213546 1.541338
v -1.289797 1.271917 1.444517
v -1.280597 1.289413 1.425321
v -1.303297 1.293251 1.450700
v -1.312297 1.281636 1.466264
v -1.334197 1.274418 1.499604
v -1.327297 1.261785 1.493573
v -1.215796 1.284858 1.360445
v -1.187696 1.273687 1.329406
v -1.179697 1.260363 1.343279
v -1.211097 1.269567 1.380529
v -1.274397 1.238482 1.456400
v -1.284997 1.255353 1.451108
v -1.322797 1.245378 1.492263
v -1.315097 1.225115 1.498974
v -1.249697 1.287439 1.393531
v -1.250096 1.274414 1.407403
v -1.255696 1.263193 1.421864
v -1.239697 1.253180 1.419419
v -1.343997 1.689920 0.749619
v -1.334396 1.744777 0.778119
v -1.294597 1.739152 0.737049
v -1.304597 1.686437 0.716138
v -1.253397 1.729229 0.696203
v -1.263397 1.682446 0.681159
v -1.219697 1.722908 0.655837
v -1.230496 1.682639 0.643457
v -1.190797 1.719807 0.619153
v -1.202097 1.684347 0.608347
v -1.155597 1.687339 0.552030
v -1.177497 1.686479 0.577635
v -1.166797 1.721737 0.588142
v -1.145297 1.723697 0.562531
v -1.127296 1.723672 0.539731
v -1.137297 1.686419 0.530035
v -1.111297 1.721958 0.518940
v -1.121596 1.684509 0.510045
v -1.096197 1.719054 0.499856
v -1.106597 1.681903 0.490759
v -1.081596 1.715748 0.480474
v -1.091297 1.678498 0.471477
v -1.067197 1.713031 0.459088
v -1.075797 1.674881 0.450197
v -1.051396 1.708801 0.435411
v -1.060197 1.670250 0.426222
v -1.036197 1.704042 0.406437
v -1.045397 1.663794 0.397657
v -1.021196 1.697848 0.370870
v -1.029297 1.653714 0.364911
v -1.005096 1.689210 0.327416
v -1.013897 1.639998 0.325486
v -0.986697 1.683947 0.279445
v -0.998497 1.620526 0.275692
v -0.958197 1.651455 0.171321
v -0.976597 1.635826 0.221007
v -0.967397 1.688875 0.229717
v -0.948196 1.700907 0.180750
v -1.006897 1.578865 0.246419
v -0.989097 1.595841 0.205426
v -0.997097 1.559361 0.190825
v -1.011897 1.543671 0.229312
v -0.970696 1.612684 0.158433
v -0.978496 1.576020 0.146933
v -1.285497 1.625739 0.680069
v -1.321096 1.622224 0.713889
v -1.311397 1.648524 0.713745
v -1.269897 1.648648 0.681744
v -1.351597 1.648675 0.741345
v -1.357197 1.619170 0.740606
v -1.222796 1.630233 0.605843
v -1.252497 1.628335 0.642754
v -1.235897 1.651147 0.644930
v -1.206697 1.654051 0.609113
v -1.176697 1.632592 0.543630
v -1.197697 1.632149 0.572232
v -1.181797 1.656575 0.576999
v -1.159697 1.656930 0.550396
v -1.146196 1.628763 0.501850
v -1.160497 1.631168 0.520937
v -1.142597 1.655908 0.528202
v -1.128297 1.654098 0.508111
v -1.114497 1.622565 0.465483
v -1.130796 1.625965 0.483865
v -1.113497 1.651794 0.489124
v -1.097796 1.648489 0.469941
v -1.082897 1.612926 0.421935
v -1.097997 1.618352 0.444906
v -1.081397 1.644474 0.448963
v -1.065496 1.638945 0.425393
v -1.049996 1.630403 0.399339
v -1.070597 1.605186 0.396477
v -1.034397 1.618245 0.370706
v -1.060797 1.594934 0.368633
v -1.016197 1.583377 0.303495
v -1.041297 1.557044 0.315740
v -1.050497 1.579180 0.340619
v -1.021797 1.603462 0.337286
v -1.016597 1.555140 0.278549
v -1.035996 1.528439 0.296596
v -1.014697 1.522759 0.263727
v -1.029696 1.496769 0.284069
v -1.333397 1.602796 0.708795
v -1.363196 1.601524 0.732303
v -1.302997 1.603721 0.676890
v -1.322697 1.583998 0.672698
v -1.347497 1.587769 0.703977
v -1.364697 1.591369 0.722258
v -1.273697 1.604314 0.639086
v -1.246696 1.604601 0.600184
v -1.275097 1.580159 0.592517
v -1.297896 1.581184 0.633712
v -1.223097 1.604408 0.564884
v -1.202797 1.602747 0.535393
v -1.235897 1.574785 0.524146
v -1.254296 1.578254 0.555127
v -1.186996 1.599625 0.513110
v -1.172597 1.595927 0.495229
v -1.207797 1.568557 0.482579
v -1.221797 1.571557 0.500863
v -1.371197 1.565614 0.657398
v -1.388897 1.576219 0.694840
v -1.367197 1.577448 0.700234
v -1.346497 1.569162 0.666279
v -1.383097 1.587793 0.726578
v -1.404297 1.587291 0.726280
v -1.354297 1.560276 0.613826
v -1.326297 1.564836 0.624902
v -1.307597 1.564098 0.581505
v -1.337697 1.559530 0.569030
v -1.321197 1.557002 0.527343
v -1.289597 1.561882 0.541916
v -1.272696 1.556503 0.509246
v -1.305596 1.548814 0.493087
v -1.521697 1.596652 0.737329
v -1.538897 1.605056 0.774684
v -1.529397 1.609074 0.777862
v -1.513697 1.600767 0.740207
v -1.516097 1.609788 0.780458
v -1.501897 1.602985 0.743295
v -1.496696 1.593764 0.703044
v -1.485396 1.598289 0.707520
v -1.504396 1.588346 0.699774
v -1.477497 1.590521 0.658562
v -1.486897 1.583696 0.654199
v -1.464996 1.595656 0.664934
v -1.444596 1.595996 0.617431
v -1.459297 1.592346 0.608351
v -1.470997 1.584315 0.602695
v -1.444197 1.597353 0.554823
v -1.456697 1.589013 0.547568
v -1.428297 1.599517 0.566511
v -1.413397 1.601338 0.515600
v -1.430197 1.603064 0.502091
v -1.444596 1.596519 0.493726
v -1.413696 1.599406 0.454810
v -1.428397 1.594860 0.446535
v -1.397696 1.596777 0.467824
v -1.382196 1.582956 0.427599
v -1.396097 1.585392 0.415886
v -1.408096 1.582154 0.408904
v -1.377397 1.566832 0.386687
v -1.387197 1.563599 0.380705
v -1.365497 1.565394 0.397895
v -1.347297 1.547667 0.374792
v -1.358397 1.547207 0.363894
v -1.367097 1.543578 0.358514
v -1.340096 1.528405 0.345197
v -1.348697 1.523880 0.340722
v -1.328697 1.530661 0.355385
v -1.310397 1.514766 0.338071
v -1.322496 1.511411 0.328090
v -1.331897 1.506487 0.323716
v -1.290997 1.482620 0.293247
v -1.301697 1.477991 0.287972
v -1.316397 1.491391 0.306199
v -1.306197 1.496417 0.310971
v -1.293497 1.499774 0.321453
v -1.278097 1.485380 0.304332
v -1.276796 1.469914 0.274016
v -1.287396 1.465785 0.268738
v -1.264097 1.472174 0.284904
v -1.248497 1.459757 0.263671
v -1.261396 1.457000 0.253186
v -1.271996 1.452971 0.247908
v -1.233097 1.416538 0.205407
v -1.253797 1.436849 0.225696
v -1.242396 1.441480 0.231371
v -1.221497 1.421473 0.211780
v -1.228997 1.444739 0.242053
v -1.208696 1.424634 0.222963
v -1.200197 1.397589 0.196510
v -1.210896 1.392151 0.189640
v -1.188996 1.401453 0.208090
v -1.168497 1.376876 0.194324
v -1.178297 1.372112 0.182550
v -1.187897 1.365981 0.176783
v -1.443697 1.595449 0.718536
v -1.424797 1.588146 0.681575
v -1.445597 1.593601 0.673245
v -1.465897 1.598519 0.713019
v -1.405897 1.582415 0.639306
v -1.425497 1.590755 0.628360
v -1.388697 1.574766 0.648648
v -1.372396 1.572020 0.603762
v -1.389196 1.582261 0.592806
v -1.356397 1.571468 0.557664
v -1.373197 1.583102 0.545501
v -1.393396 1.594021 0.530740
v -1.408697 1.592790 0.579848
v -1.340897 1.566229 0.513992
v -1.356896 1.579453 0.500020
v -1.326797 1.555428 0.477351
v -1.342896 1.567942 0.461482
v -1.363196 1.576845 0.443733
v -1.377497 1.590064 0.483661
v -1.311597 1.541182 0.414028
v -1.330397 1.545466 0.393004
v -1.347897 1.560887 0.415020
v -1.328096 1.554493 0.434355
v -1.311797 1.530563 0.374185
v -1.293696 1.515072 0.357570
v -1.294097 1.527086 0.396505
v -1.276896 1.512000 0.380887
v -1.246397 1.480929 0.349857
v -1.261997 1.484794 0.325135
v -1.277297 1.499186 0.341957
v -1.261097 1.496218 0.365973
v -1.217997 1.453402 0.308407
v -1.231896 1.460366 0.283468
v -1.247497 1.472485 0.305202
v -1.232797 1.466822 0.330334
v -1.181996 1.422862 0.264573
v -1.194097 1.425837 0.241757
v -1.213097 1.445643 0.261148
v -1.200296 1.439375 0.285083
v -1.437197 1.598631 0.751719
v -1.449797 1.604279 0.778788
v -1.423697 1.613093 0.781340
v -1.423596 1.591874 0.723055
v -1.413897 1.596631 0.751830
v -1.459997 1.600817 0.749307
v -1.473897 1.605591 0.780981
v -1.482797 1.602702 0.746496
v -1.496797 1.607794 0.781469
v -1.406397 1.583084 0.688503
v -1.297097 1.615012 1.022333
v -1.298397 1.630460 1.031148
v -1.276497 1.620157 1.012305
v -1.273197 1.638508 1.021604
v -1.256396 1.619989 0.999805
v -1.248397 1.634915 1.004524
v -1.335896 1.634973 1.069924
v -1.328597 1.620231 1.062405
v -1.317596 1.630781 1.053147
v -1.323196 1.642723 1.060782
v -1.236497 1.662932 1.007670
v -1.253696 1.662869 1.032671
v -1.260897 1.652925 1.024725
v -1.242597 1.649819 1.005242
v -1.282197 1.655793 1.055310
v -1.302697 1.649110 1.058447
v -1.299797 1.641035 1.044791
v -1.280797 1.648214 1.040851
v -1.269497 1.654204 1.039119
v -1.267097 1.661055 1.048381
v -1.344797 1.643894 1.073876
v -1.328897 1.651358 1.067235
v -1.333897 1.659198 1.074492
v -1.351797 1.652022 1.078931
v -1.229997 1.673965 1.013610
v -1.248997 1.672804 1.039117
v -1.225097 1.686798 1.019640
v -1.246897 1.684832 1.044151
v -1.286997 1.674477 1.070608
v -1.310797 1.666199 1.074654
v -1.306797 1.657457 1.066901
v -1.284297 1.664342 1.064264
v -1.266296 1.669891 1.055033
v -1.266996 1.680920 1.060273
v -1.221497 1.704619 1.023443
v -1.225297 1.731411 1.021896
v -1.246997 1.701054 1.048162
v -1.255897 1.724847 1.046732
v -1.346996 1.683681 1.089558
v -1.361497 1.672400 1.093020
v -1.355197 1.661466 1.086880
v -1.338197 1.669540 1.082235
v -1.315396 1.678534 1.081086
v -1.291497 1.688101 1.075034
v -1.302197 1.707813 1.077126
v -1.325996 1.696060 1.085790
v -1.269796 1.695643 1.064392
v -1.280296 1.717043 1.064375
v -1.378197 1.687602 1.093437
v -1.397497 1.694255 1.084900
v -1.368896 1.706084 1.090036
v -1.403996 1.717167 1.068675
v -1.422697 1.698029 1.061779
v -1.408297 1.691720 1.078514
v -1.246497 1.766932 1.007301
v -1.280197 1.758288 1.035849
v -1.278597 1.793061 0.975958
v -1.315197 1.785735 1.007898
v -1.361297 1.750282 1.034793
v -1.385197 1.741485 1.053541
v -1.350997 1.723742 1.082339
v -1.327997 1.737069 1.068966
v -1.305997 1.747691 1.054707
v -1.341097 1.768023 1.023996
v -1.449097 1.696201 1.020089
v -1.440496 1.722884 1.016943
v -1.462797 1.710083 0.961912
v -1.466297 1.685624 0.969546
v -1.385397 1.775641 0.899252
v -1.354096 1.792768 0.958959
v -1.316297 1.801392 0.926811
v -1.350596 1.784471 0.868303
v -1.420397 1.744115 1.004326
v -1.446897 1.729808 0.948204
v -1.393297 1.749123 0.987398
v -1.421797 1.737827 0.933460
v -1.376897 1.771064 0.976578
v -1.404997 1.755651 0.919562
v -1.489097 1.628048 0.937560
v -1.476397 1.641007 0.930089
v -1.475697 1.638438 0.880803
v -1.489197 1.621871 0.868693
v -1.472297 1.655897 0.928108
v -1.472997 1.659404 0.892888
v -1.405497 1.692387 0.798306
v -1.401997 1.740716 0.840142
v -1.372097 1.746462 0.811810
v -1.379497 1.693158 0.774802
v -1.471296 1.674037 0.935409
v -1.471497 1.686647 0.918839
v -1.459396 1.640408 0.838891
v -1.458897 1.618128 0.824213
v -1.463297 1.670124 0.860029
v -1.444297 1.681187 0.834968
v -1.437797 1.646651 0.810057
v -1.485997 1.612205 0.820045
v -1.463797 1.609241 0.808361
v -1.384296 1.648198 0.763947
v -1.408697 1.650202 0.782937
v -1.387796 1.615678 0.760425
v -1.424797 1.689696 0.818221
v -1.423297 1.658190 0.798893
v -1.389097 1.598103 0.746621
v -1.421997 1.727835 0.861813
v -1.440897 1.715329 0.879082
v -1.461097 1.703532 0.897947
v -1.508997 1.613738 0.826137
v -1.514397 1.614040 0.881336
v -1.529696 1.613845 0.827436
v -1.540697 1.607679 0.888371
v -1.543797 1.612729 0.824442
v -1.554896 1.607705 0.820070
v -1.565897 1.601956 0.866002
v -1.555797 1.606584 0.871177
v -1.570396 1.613107 1.222546
v -1.555997 1.606870 1.197380
v -1.582597 1.602693 1.183303
v -1.596897 1.605850 1.211986
v -1.544697 1.605026 1.171190
v -1.572197 1.601434 1.154409
v -1.535797 1.605386 1.145587
v -1.566697 1.601276 1.125410
v -1.524897 1.609047 1.120067
v -1.564197 1.604679 1.089391
v -1.492097 1.633700 1.075031
v -1.509097 1.619813 1.095608
v -1.542296 1.615808 1.058229
v -1.525597 1.628295 1.019260
v -1.476797 1.646322 1.060562
v -1.500196 1.638533 1.007904
v -1.509097 1.618094 0.945915
v -1.530097 1.610030 0.952559
v -1.597796 1.612083 1.035349
v -1.582797 1.609195 1.055865
v -1.566597 1.613430 1.025742
v -1.584797 1.618796 1.001112
v -1.552197 1.611930 0.989149
v -1.571696 1.615074 0.960532
v -1.546597 1.606341 0.954579
v -1.559196 1.607679 0.925072
v -1.604096 1.627927 0.933661
v -1.587296 1.625278 0.943076
v -1.571897 1.613085 0.907842
v -1.583997 1.613245 0.900441
v -1.599697 1.622714 0.986090
v -1.613697 1.619974 0.978805
v -1.619596 1.609699 1.020062
v -1.610797 1.612522 1.024147
v -1.486397 1.133675 1.766178
v -1.499197 1.155923 1.738156
v -1.524897 1.143899 1.752222
v -1.513897 1.124268 1.783130
v -1.545697 1.136931 1.757960
v -1.539597 1.112597 1.788494
v -1.421097 1.151404 1.716581
v -1.423297 1.189172 1.692374
v -1.462797 1.174208 1.717256
v -1.454397 1.144059 1.744721
v -1.392297 1.189616 1.663771
v -1.395297 1.153599 1.679068
v -1.381097 1.155267 1.636558
v -1.377797 1.184323 1.628499
v -1.368896 1.181809 1.589412
v -1.365197 1.156451 1.597151
v -1.333696 1.160869 1.563926
v -1.343097 1.187709 1.552879
v -1.303197 1.199690 1.512813
v -1.290697 1.173572 1.527856
v -1.245196 1.189559 1.488868
v -1.260897 1.214157 1.470233
v -1.223396 1.231843 1.431036
v -1.210497 1.203221 1.445393
v -1.186896 1.211479 1.401147
v -1.192496 1.242533 1.392677
v -1.172097 1.238628 1.355298
v -1.168397 1.212472 1.363341
v -1.145897 1.209521 1.335657
v -1.150297 1.230268 1.325943
v -1.119697 1.204614 1.316283
v -1.124297 1.221746 1.303689
v -1.096097 1.212245 1.285341
v -1.092096 1.196825 1.299926
v -1.065797 1.202257 1.269296
v -1.032496 1.188860 1.251669
v -1.062997 1.186138 1.284084
v -1.030797 1.171842 1.266662
v -0.995697 1.169536 1.228874
v -0.994897 1.152823 1.244966
v -0.958397 1.142681 1.200721
v -0.955797 1.127680 1.218803
v -0.923397 1.107299 1.167514
v -0.889497 1.065877 1.127140
v -0.916397 1.094497 1.185484
v -0.880597 1.056450 1.140392
v -1.332197 1.131359 1.562188
v -1.287396 1.142679 1.529226
v -1.300297 1.113984 1.511882
v -1.343496 1.103465 1.545040
v -1.259497 1.130190 1.476393
v -1.245497 1.158961 1.489336
v -1.215297 1.172518 1.444961
v -1.228396 1.142274 1.437026
v -1.203096 1.149963 1.398384
v -1.191896 1.181685 1.402410
v -1.170897 1.185289 1.366490
v -1.180097 1.153575 1.364064
v -1.156796 1.153023 1.336266
v -1.148197 1.184038 1.338896
v -1.123997 1.180026 1.318418
v -1.133397 1.149607 1.315084
v -1.098097 1.172535 1.301759
v -1.109397 1.142314 1.298124
v -1.070396 1.160654 1.287024
v -1.040497 1.145060 1.270009
v -1.084297 1.129834 1.283592
v -1.058396 1.114733 1.265074
v -1.006897 1.125550 1.249815
v -0.970497 1.100010 1.224355
v -1.030097 1.097799 1.240767
v -0.998897 1.076930 1.209881
v -0.931597 1.066931 1.191735
v -0.890497 1.032200 1.149724
v -0.962597 1.048133 1.173838
v -0.919297 1.014714 1.134120
v -0.883596 1.243822 0.842562
v -0.860997 1.228250 0.792846
v -0.879797 1.230410 0.785434
v -0.904596 1.243374 0.833664
v -0.811697 1.151824 0.788264
v -0.808496 1.173280 0.780147
v -0.821696 1.132347 0.792471
v -0.811497 1.133719 0.769163
v -0.802297 1.147256 0.757689
v -0.800197 1.166909 0.748981
v -0.818597 1.200096 0.746600
v -0.827496 1.207399 0.765260
v -0.815097 1.192739 0.772640
v -0.807297 1.186284 0.744375
v -0.934997 1.249099 0.819932
v -0.921496 1.240032 0.826082
v -0.895397 1.230874 0.778932
v -0.913397 1.232613 0.767822
v -0.844397 1.201274 0.724193
v -0.859796 1.220403 0.747688
v -0.841897 1.216552 0.756610
v -0.826696 1.201925 0.733489
v -0.822297 1.154126 0.715551
v -0.830397 1.178214 0.713319
v -0.812097 1.183267 0.722991
v -0.801396 1.160571 0.723816
v -0.803697 1.138441 0.736537
v -0.818697 1.126158 0.758005
v -0.824696 1.133717 0.732263
v -0.832497 1.124233 0.753415
v -0.935596 1.094912 0.969079
v -0.916297 1.101066 0.924044
v -0.947596 1.083913 1.005839
v -0.944897 1.057194 0.984085
v -0.951397 1.074612 0.950689
v -0.938697 1.084076 0.907637
v -0.925197 1.064745 1.029945
v -0.911997 1.034781 1.000008
v -0.895197 1.048528 1.045133
v -0.870996 1.020109 1.005188
v -0.874697 1.039896 1.057681
v -0.841496 1.014544 1.011519
v -0.861196 1.031859 1.069025
v -0.821796 1.007098 1.021460
v -0.851097 1.023411 1.078672
v -0.808496 0.995162 1.033325
v -0.843797 1.015754 1.086414
v -0.799897 0.982628 1.045294
v -0.844597 0.997521 1.098713
v -0.867197 0.980083 1.092009
v -0.821896 0.949188 1.056278
v -0.801997 0.964393 1.057294
v -0.779297 0.939830 1.027428
v -0.770297 0.959759 1.014419
v -0.800997 0.928650 1.031189
v -0.803197 0.916937 1.010553
v -0.779596 0.927078 0.999698
v -0.765596 0.943948 0.994305
v -0.779997 0.976065 0.997329
v -0.798497 0.988379 0.981462
v -0.777397 0.949748 0.975873
v -0.799497 0.958466 0.961025
v -0.793197 0.928368 0.979690
v -0.812997 0.934404 0.967957
v -0.814696 0.916734 0.991854
v -0.824897 0.922668 0.979721
v -0.823896 0.995131 0.972725
v -0.825597 0.966230 0.954383
v -0.862197 0.975666 0.960931
v -0.859597 1.000030 0.972598
v -0.821297 0.923065 1.034020
v -0.829997 0.914000 1.022070
v -0.846296 0.935069 1.052855
v -0.867097 0.919607 1.041639
v -0.837296 0.940482 0.964024
v -0.872597 0.950700 0.967268
v -0.845797 0.923285 0.982918
v -0.881496 0.930520 0.989179
v -0.841097 0.913695 1.002871
v -0.879897 0.918367 1.016046
v -1.139697 1.480491 0.671764
v -1.142397 1.442810 0.675370
v -1.120597 1.445704 0.637654
v -1.118997 1.481071 0.631560
v -1.028797 1.536043 0.608059
v -1.065396 1.509694 0.599203
v -1.037197 1.502720 0.567241
v -0.999897 1.527549 0.572605
v -0.993297 1.493299 0.508691
v -0.954297 1.518776 0.504452
v -0.977297 1.522570 0.539932
v -1.015897 1.497967 0.539366
v -1.096097 1.406128 0.678571
v -1.135097 1.412114 0.676138
v -1.112397 1.419814 0.639496
v -1.076397 1.414536 0.643625
v -1.086297 1.477696 0.599578
v -1.090197 1.448529 0.605538
v -1.062596 1.448859 0.574636
v -1.057497 1.474231 0.569397
v -1.035797 1.470385 0.542717
v -1.041197 1.445605 0.546553
v -1.018697 1.439641 0.516385
v -1.014697 1.465516 0.511943
v -1.049797 1.424275 0.614071
v -1.081997 1.428749 0.609446
v -1.051597 1.434196 0.581516
v -1.022997 1.427113 0.584555
v -1.031297 1.420500 0.673492
v -1.013597 1.422100 0.637083
v -0.966797 1.407477 0.669263
v -0.952897 1.402356 0.628891
v -1.026896 1.432646 0.553924
v -1.006597 1.423570 0.521973
v -0.998497 1.426456 0.555758
v -0.980097 1.415277 0.523219
v -0.929896 1.360223 0.677922
v -0.936497 1.385196 0.672886
v -0.924797 1.376662 0.630132
v -0.915896 1.351888 0.634967
v -0.992997 1.420335 0.606792
v -0.974096 1.415273 0.577219
v -0.939997 1.395677 0.596327
v -0.928897 1.389517 0.567160
v -0.957396 1.410009 0.547348
v -0.945296 1.400735 0.515498
v -0.919597 1.384357 0.537988
v -0.914596 1.377588 0.507025
v -0.972096 1.318872 0.668748
v -0.947297 1.336112 0.675954
v -0.950797 1.308452 0.628605
v -0.929697 1.326687 0.634805
v -0.913696 1.369275 0.595971
v -0.903896 1.363712 0.566201
v -0.902297 1.345298 0.600203
v -0.889497 1.340529 0.569328
v -0.882896 1.337850 0.536643
v -0.897197 1.359846 0.536022
v -0.896497 1.354672 0.504250
v -0.885897 1.334263 0.502662
v -0.984096 1.297241 0.663167
v -0.951997 1.286838 0.626023
v -0.972197 1.271853 0.665306
v -0.939997 1.261339 0.626363
v -0.908896 1.320705 0.601537
v -0.923997 1.302575 0.596236
v -0.901697 1.300400 0.564248
v -0.890197 1.317731 0.569753
v -0.881697 1.317638 0.534653
v -0.885197 1.316339 0.498360
v -0.887397 1.299912 0.529950
v -0.882796 1.298006 0.492260
v -0.919197 1.281868 0.594950
v -0.894597 1.278985 0.561565
v -0.907097 1.255261 0.593795
v -0.880096 1.250880 0.560719
v -0.877797 1.278091 0.526169
v -0.864897 1.277676 0.486771
v -0.860597 1.248383 0.524732
v -0.843797 1.247455 0.483036
v -1.471097 1.605017 1.370493
v -1.470897 1.594815 1.388449
v -1.472696 1.609932 1.354966
v -1.493697 1.611432 1.373258
v -1.497897 1.603020 1.389204
v -1.510797 1.585449 1.412900
v -1.493796 1.616674 1.362529
v -1.478797 1.610182 1.345764
v -1.485597 1.610145 1.339064
v -1.496297 1.619325 1.353614
v -1.498397 1.625732 1.373080
v -1.500497 1.619301 1.385715
v -1.499297 1.629572 1.362258
v -1.505497 1.637208 1.368817
v -1.504897 1.633569 1.379937
v -1.506997 1.627643 1.393469
v -1.490396 1.612191 1.329153
v -1.493397 1.612931 1.318249
v -1.505397 1.617486 1.328224
v -1.500096 1.619664 1.342412
v -1.492897 1.613181 1.309147
v -1.498297 1.614781 1.309039
v -1.502497 1.630609 1.350752
v -1.507497 1.631148 1.339449
v -1.512497 1.640696 1.348297
v -1.507997 1.639151 1.358406
v -1.519497 1.628873 1.307561
v -1.511897 1.622833 1.318594
v -1.502196 1.619954 1.304010
v -1.507997 1.627303 1.294870
v -1.514597 1.633588 1.328536
v -1.525097 1.637825 1.317112
v -1.531497 1.645580 1.327070
v -1.520097 1.642539 1.337787
v -1.519697 1.631833 1.282045
v -1.532897 1.634502 1.294530
v -1.533196 1.634062 1.269032
v -1.547997 1.638135 1.282310
v -1.532396 1.639007 1.405107
v -1.539496 1.630792 1.420653
v -1.525797 1.625873 1.417179
v -1.519096 1.634481 1.400332
v -1.537497 1.613775 1.435846
v -1.550297 1.619482 1.437115
v -1.525297 1.605854 1.431989
v -1.513297 1.618538 1.410820
v -1.528697 1.646781 1.382164
v -1.529097 1.644037 1.392380
v -1.516597 1.639707 1.386803
v -1.516697 1.642747 1.375887
v -1.533896 1.649797 1.366648
v -1.530197 1.648437 1.373955
v -1.518597 1.644797 1.366775
v -1.522696 1.646650 1.358065
v -1.540497 1.651254 1.358840
v -1.529797 1.648799 1.348753
v -1.540896 1.650749 1.339742
v -1.550497 1.652415 1.351733
v -1.550897 1.630381 1.418655
v -1.560997 1.620564 1.433809
v -1.543797 1.637704 1.404614
v -1.552896 1.632891 1.402241
v -1.559896 1.626357 1.414277
v -1.569596 1.618331 1.427721
v -1.540397 1.642845 1.393686
v -1.539697 1.645797 1.385070
v -1.548596 1.640001 1.385702
v -1.549497 1.637440 1.392816
v -1.540697 1.647260 1.378262
v -1.543696 1.647927 1.372258
v -1.551897 1.641043 1.375096
v -1.549397 1.641071 1.380196
v -1.557597 1.648357 1.359355
v -1.549197 1.648191 1.365656
v -1.563396 1.640177 1.363100
v -1.556296 1.640510 1.369099
v -1.569797 1.649433 1.354950
v -1.573697 1.640451 1.358299
v -1.564497 1.653785 1.346226
v -1.580896 1.656381 1.345511
v -1.584097 1.650628 1.354043
v -1.586596 1.640935 1.355396
v -1.599796 1.651245 1.357240
v -1.601697 1.641739 1.356092
v -1.598597 1.659017 1.351997
v -1.616497 1.659581 1.363794
v -1.616197 1.650590 1.365443
v -1.617597 1.641273 1.362394
v -1.647097 1.649775 1.399248
v -1.644497 1.639363 1.397105
v -1.631697 1.647167 1.379562
v -1.632896 1.656871 1.380209
v -1.645897 1.630029 1.390956
v -1.632896 1.637743 1.375114
v -1.655296 1.626255 1.413877
v -1.656096 1.617313 1.406326
v -1.659596 1.636274 1.417423
v -1.669997 1.618763 1.433619
v -1.665697 1.610232 1.428065
v -1.665096 1.602589 1.420207
v -1.672697 1.592802 1.440861
v -1.672597 1.577270 1.453346
v -1.668397 1.573528 1.445666
v -1.670796 1.586960 1.433193
v -1.677497 1.600141 1.447921
v -1.679697 1.582211 1.460819
v -1.664697 1.567135 1.465202
v -1.652397 1.562986 1.474625
v -1.672896 1.567179 1.473301
v -1.658597 1.560540 1.484538
v -1.648597 1.563733 1.464820
v -1.659897 1.566187 1.456507
v -1.641097 1.561878 1.491331
v -1.637997 1.565418 1.480411
v -1.621897 1.571487 1.492978
v -1.622697 1.574622 1.481061
v -1.636297 1.566260 1.469806
v -1.623197 1.574360 1.469862
v -1.605697 1.586986 1.474393
v -1.608597 1.585626 1.463400
v -1.601097 1.583848 1.485910
v -1.580797 1.595870 1.471545
v -1.588397 1.599422 1.462725
v -1.594097 1.598269 1.453031
v -1.564096 1.607276 1.454282
v -1.573297 1.609944 1.448567
v -1.580896 1.608702 1.440774
v -1.603396 1.630615 1.351852
v -1.604697 1.617982 1.345822
v -1.590297 1.616312 1.351231
v -1.588696 1.629228 1.354060
v -1.619596 1.630541 1.356553
v -1.621797 1.618401 1.349219
v -1.634697 1.627205 1.368271
v -1.647696 1.620085 1.382911
v -1.649497 1.608936 1.373971
v -1.636997 1.615461 1.360136
v -1.657597 1.608164 1.397276
v -1.659197 1.598109 1.387331
v -1.665497 1.594537 1.410751
v -1.666397 1.585679 1.400199
v -1.669997 1.580708 1.423627
v -1.665997 1.569373 1.435589
v -1.664197 1.563711 1.424320
v -1.669097 1.573349 1.412867
v -1.656997 1.563726 1.445220
v -1.646097 1.562265 1.452428
v -1.643697 1.558591 1.438948
v -1.654797 1.558857 1.432846
v -1.634896 1.564989 1.456913
v -1.623197 1.572191 1.457074
v -1.622697 1.569114 1.443091
v -1.633097 1.562213 1.442928
v -1.587097 1.603749 1.431101
v -1.598396 1.593807 1.441855
v -1.576797 1.612288 1.419954
v -1.582996 1.604039 1.410999
v -1.592297 1.596489 1.420140
v -1.601896 1.587840 1.429488
v -1.610597 1.582359 1.451218
v -1.612097 1.577986 1.437942
v -1.639497 1.602513 1.351506
v -1.623796 1.604758 1.341494
v -1.651497 1.596784 1.364538
v -1.641097 1.587678 1.345187
v -1.652397 1.582641 1.356615
v -1.625196 1.587543 1.338688
v -1.660597 1.586954 1.377292
v -1.660097 1.574805 1.368458
v -1.666697 1.575222 1.389756
v -1.662396 1.564270 1.380216
v -1.666697 1.564190 1.402217
v -1.660497 1.556449 1.412959
v -1.654297 1.549781 1.400596
v -1.661197 1.555633 1.391763
v -1.650997 1.552989 1.420378
v -1.640297 1.554016 1.425273
v -1.636396 1.549834 1.410295
v -1.646097 1.547918 1.407406
v -1.630397 1.558734 1.428547
v -1.621297 1.565735 1.428609
v -1.620697 1.561546 1.412531
v -1.628097 1.555152 1.413566
v -1.612697 1.573509 1.423866
v -1.613997 1.568131 1.409595
v -1.604597 1.581269 1.416523
v -1.607997 1.572994 1.402869
v -1.560697 1.625678 1.399880
v -1.557197 1.630037 1.392356
v -1.556197 1.632304 1.386244
v -1.561497 1.626105 1.386478
v -1.563897 1.622426 1.390298
v -1.567897 1.617357 1.396026
v -1.617297 1.561053 1.395434
v -1.614596 1.562214 1.388227
v -1.627797 1.550911 1.369489
v -1.622697 1.555645 1.394063
v -1.652097 1.549779 1.381895
v -1.644597 1.546201 1.386015
v -1.651096 1.553924 1.371873
v -1.557197 1.632476 1.381243
v -1.564096 1.623583 1.382591
v -1.559796 1.631449 1.376248
v -1.567397 1.621053 1.377005
v -1.625997 1.568688 1.346991
v -1.638397 1.571994 1.347973
v -1.645297 1.565137 1.356011
v -1.652797 1.562680 1.363925
v -1.640397 1.545944 1.393816
v -1.632896 1.547938 1.392706
v -1.627397 1.552268 1.398182
v -1.596497 1.588226 1.408785
v -1.601497 1.578765 1.397537
v -1.588596 1.594786 1.401249
v -1.595696 1.583528 1.390811
v -1.608597 1.567908 1.387196
v -1.606297 1.569066 1.379590
v -1.606896 1.586653 1.340493
v -1.611697 1.571187 1.346778
v -1.604297 1.568957 1.359590
v -1.591897 1.589436 1.355678
v -1.567496 1.619530 1.409314
v -1.574497 1.611095 1.402960
v -1.569297 1.615999 1.385333
v -1.574497 1.609120 1.389371
v -1.573896 1.610759 1.378062
v -1.580497 1.600971 1.380415
v -1.588097 1.591295 1.384868
v -1.580997 1.601850 1.394711
v -1.563797 1.630417 1.370454
v -1.571497 1.618817 1.370517
v -1.569797 1.629585 1.364558
v -1.576297 1.617481 1.363925
v -1.581797 1.617249 1.357926
v -1.577997 1.629155 1.359061
v -1.578597 1.606612 1.369484
v -1.586596 1.593412 1.369556
v -1.582497 1.604869 1.361694
v -1.584597 1.607042 1.356781
v -1.591097 1.603004 1.349904
v -1.604897 1.603550 1.340001
v -1.596697 1.578632 1.373237
v -1.506396 1.609995 1.402966
v -1.518097 1.596319 1.425641
v -1.553097 1.599793 1.457423
v -1.571696 1.586616 1.479995
v -1.542397 1.589800 1.458678
v -1.562297 1.573857 1.487465
v -1.594697 1.573715 1.498066
v -1.587896 1.558774 1.508948
v -1.620296 1.561764 1.507032
v -1.617897 1.546635 1.520115
v -1.645797 1.553755 1.505376
v -1.650496 1.539834 1.519852
v -1.668597 1.554710 1.497270
v -1.683797 1.540792 1.512246
v -1.686196 1.565931 1.482708
v -1.701696 1.562371 1.490028
v -1.692797 1.588658 1.469384
v -1.714197 1.595304 1.477848
v -1.729997 1.548995 1.494501
v -1.716797 1.556395 1.494461
v -1.730397 1.582562 1.488418
v -1.745497 1.574770 1.489860
v -1.706497 1.534895 1.512879
v -1.721296 1.526494 1.512625
v -1.689597 1.609170 1.453171
v -1.705997 1.618279 1.454822
v -1.681497 1.627463 1.433571
v -1.695597 1.635145 1.430329
v -1.670497 1.644951 1.413175
v -1.682897 1.652116 1.406636
v -1.656397 1.658941 1.392998
v -1.667597 1.666193 1.384158
v -1.639497 1.665934 1.373359
v -1.648996 1.672777 1.363022
v -1.620097 1.666533 1.354956
v -1.626697 1.670668 1.343033
v -1.556897 1.652707 1.331931
v -1.548297 1.649222 1.316550
v -1.571096 1.654379 1.308622
v -1.576197 1.656696 1.330009
v -1.558097 1.645598 1.293770
v -1.540697 1.642958 1.304784
v -1.598097 1.662546 1.339078
v -1.600797 1.663468 1.324872
v -1.561196 1.630364 1.251152
v -1.544997 1.634506 1.258830
v -1.560697 1.639483 1.272903
v -1.577297 1.637355 1.267714
v -1.572097 1.645253 1.285671
v -1.586097 1.652425 1.298732
v -1.588797 1.644436 1.282476
v -1.596996 1.650601 1.294242
v -1.587296 1.622136 1.245997
v -1.603197 1.634150 1.266732
v -1.613896 1.615903 1.239931
v -1.629396 1.631343 1.265547
v -1.614197 1.645356 1.286071
v -1.617496 1.654345 1.302422
v -1.639997 1.644878 1.290174
v -1.648797 1.658227 1.317401
v -1.610197 1.660009 1.314091
v -1.637096 1.667504 1.331450
v -1.659697 1.672215 1.351625
v -1.670497 1.666861 1.341854
v -1.688396 1.664589 1.365167
v -1.678297 1.665940 1.374559
v -1.694397 1.652670 1.398332
v -1.705196 1.655326 1.390318
v -1.721296 1.645374 1.417373
v -1.709496 1.638910 1.424008
v -1.723897 1.626565 1.452176
v -1.735897 1.610879 1.473062
v -1.738597 1.632006 1.441446
v -1.759996 1.610914 1.461262
v -1.756597 1.594338 1.483953
v -1.742297 1.598440 1.484431
v -1.729497 1.652318 1.407135
v -1.745597 1.639708 1.423604
v -1.746297 1.650777 1.399543
v -1.733697 1.657950 1.394704
v -1.760897 1.642674 1.399087
v -1.760997 1.628931 1.427763
v -1.713797 1.663884 1.382571
v -1.724796 1.668241 1.374647
v -1.697897 1.671841 1.356427
v -1.710297 1.682056 1.340771
v -1.741297 1.665010 1.369065
v -1.735097 1.678620 1.334289
v -1.756496 1.670383 1.327634
v -1.759497 1.657086 1.364708
v -1.669897 1.652801 1.312531
v -1.682397 1.656932 1.300008
v -1.690396 1.676135 1.318703
v -1.682397 1.667513 1.333050
v -1.732596 1.689523 1.298229
v -1.752996 1.682087 1.291670
v -1.712097 1.692743 1.301812
v -1.717096 1.700661 1.268668
v -1.734597 1.698246 1.265881
v -1.750397 1.694597 1.257001
v -1.727297 1.707704 1.239929
v -1.741096 1.706519 1.242735
v -1.749797 1.707205 1.221831
v -1.748497 1.710556 1.231113
v -1.748597 1.706495 1.238235
v -1.748197 1.705307 1.240542
v -1.701397 1.687033 1.263542
v -1.716297 1.696877 1.235088
v -1.715497 1.679074 1.234586
v -1.702297 1.661299 1.257483
v -1.730897 1.681795 1.219970
v -1.737197 1.694268 1.215002
v -1.693996 1.682595 1.293067
v -1.691096 1.659925 1.280391
v -1.710196 1.654737 1.246019
v -1.718596 1.670566 1.233132
v -1.717297 1.652411 1.241232
v -1.722597 1.670049 1.230035
v -1.721797 1.672048 1.229724
v -1.727097 1.680608 1.222477
v -1.702497 1.640332 1.245298
v -1.708197 1.637615 1.242113
v -1.695197 1.641770 1.252090
v -1.684997 1.636560 1.232018
v -1.693697 1.637034 1.227315
v -1.700697 1.634820 1.224828
v -1.616997 1.633628 1.061732
v -1.611997 1.616202 1.057127
v -1.627097 1.616966 1.050423
v -1.631797 1.640506 1.057694
v -1.634896 1.617163 1.049922
v -1.655996 1.648689 1.054649
v -1.653497 1.662076 1.070476
v -1.640097 1.658418 1.078196
v -1.634996 1.658892 1.073393
v -1.643797 1.660139 1.063687
v -1.669897 1.658720 1.078595
v -1.657697 1.660442 1.082585
v -1.665796 1.659242 1.064291
v -1.643897 1.656771 1.087805
v -1.624496 1.654145 1.064919
v -1.606497 1.640377 1.070695
v -1.620996 1.654320 1.078619
v -1.599896 1.643786 1.090677
v -1.596797 1.620277 1.070805
v -1.586596 1.621691 1.091597
v -1.624197 1.652463 1.086429
v -1.628696 1.650909 1.094838
v -1.617797 1.646248 1.101963
v -1.610497 1.645927 1.098165
v -1.595797 1.629568 1.142255
v -1.586496 1.615790 1.146330
v -1.583397 1.619334 1.117711
v -1.593997 1.635527 1.116422
v -1.647097 1.653553 1.102823
v -1.661497 1.657637 1.099801
v -1.665597 1.652853 1.121027
v -1.650697 1.648860 1.122349
v -1.674097 1.656022 1.097210
v -1.678097 1.651245 1.119636
v -1.617697 1.637220 1.133413
v -1.606397 1.633844 1.137832
v -1.604997 1.639724 1.115799
v -1.615797 1.642315 1.114285
v -1.630997 1.647485 1.108757
v -1.633797 1.642687 1.127283
v -1.663796 1.638031 1.172009
v -1.656096 1.643185 1.145181
v -1.670297 1.646882 1.144760
v -1.676497 1.641027 1.171293
v -1.681897 1.645178 1.144070
v -1.686797 1.639824 1.170599
v -1.618997 1.617056 1.194824
v -1.611796 1.608999 1.202669
v -1.596296 1.612045 1.174551
v -1.604397 1.623013 1.168691
v -1.693797 1.636282 1.199519
v -1.684896 1.637890 1.201010
v -1.674197 1.635302 1.203225
v -1.658497 1.641563 1.287392
v -1.672797 1.640111 1.277999
v -1.646797 1.628115 1.260465
v -1.658697 1.627642 1.247067
v -1.635497 1.626889 1.182570
v -1.624897 1.622612 1.186794
v -1.613697 1.627678 1.162366
v -1.624697 1.631645 1.156244
v -1.637297 1.617504 1.221822
v -1.630197 1.613762 1.232443
v -1.637597 1.621133 1.209002
v -1.648697 1.625254 1.212680
v -1.684697 1.642036 1.264189
v -1.673697 1.634004 1.240132
v -1.649397 1.632456 1.176640
v -1.661497 1.630533 1.208951
v -1.639997 1.637309 1.149713
v -1.469996 1.577807 1.405342
v -1.470097 1.556544 1.412059
v -1.511197 1.562110 1.424129
v -1.510696 1.541751 1.431640
v -1.470696 1.536914 1.406766
v -1.478797 1.513477 1.399994
v -1.508797 1.522429 1.427646
v -1.504996 1.509172 1.417318
v -1.540497 1.561339 1.447733
v -1.536596 1.576881 1.455348
v -1.558097 1.556253 1.486861
v -1.558997 1.538320 1.480760
v -1.583597 1.538484 1.510759
v -1.581497 1.518057 1.505871
v -1.614697 1.525271 1.526832
v -1.610997 1.501957 1.524259
v -1.652897 1.518198 1.531571
v -1.650697 1.491904 1.532914
v -1.685697 1.515779 1.528184
v -1.699397 1.484687 1.529754
v -1.702997 1.517559 1.524574
v -1.713197 1.508160 1.524725
v -1.538897 1.543450 1.449731
v -1.536997 1.524255 1.450736
v -1.559196 1.522090 1.475348
v -1.558197 1.505637 1.465838
v -1.534897 1.505401 1.440939
v -1.527197 1.492293 1.421211
v -1.556897 1.489035 1.447229
v -1.551997 1.473893 1.421211
v -1.581297 1.501696 1.494860
v -1.580597 1.487199 1.477239
v -1.607596 1.482782 1.510564
v -1.605297 1.470045 1.485633
v -1.658297 1.440376 1.491396
v -1.632196 1.454682 1.492418
v -1.641397 1.467543 1.521748
v -1.674996 1.452534 1.520230
v -1.505497 1.485152 1.395449
v -1.539197 1.459226 1.390791
v -1.520997 1.444555 1.359571
v -1.478296 1.478206 1.368787
v -1.456097 1.468367 1.343340
v -1.501197 1.432289 1.329338
v -1.481397 1.423224 1.299187
v -1.437097 1.458629 1.318193
v -1.418597 1.449401 1.294943
v -1.402197 1.441480 1.272886
v -1.462597 1.416763 1.269722
v -1.446096 1.412909 1.241642
v -1.355597 1.423793 1.183882
v -1.348496 1.423629 1.172183
v -1.362097 1.424665 1.197077
v -1.408096 1.402522 1.152698
v -1.401497 1.403043 1.138295
v -1.392797 1.404378 1.126387
v -1.338997 1.424362 1.159978
v -1.326297 1.425090 1.146774
v -1.380897 1.405111 1.114183
v -1.366297 1.402648 1.102696
v -1.460297 1.347984 1.054495
v -1.450197 1.336538 1.046157
v -1.406096 1.369365 1.069378
v -1.419297 1.377113 1.078136
v -1.430596 1.380675 1.089416
v -1.468797 1.355349 1.066355
v -1.309196 1.423114 1.132885
v -1.350496 1.395698 1.093434
v -1.331297 1.386357 1.085985
v -1.287296 1.417047 1.120718
v -1.392897 1.359229 1.062734
v -1.377597 1.347893 1.056095
v -1.439997 1.324199 1.039125
v -1.428596 1.310755 1.031098
v -1.260097 1.411783 1.108947
v -1.306497 1.377617 1.078833
v -1.280396 1.368669 1.069982
v -1.232197 1.407002 1.094172
v -1.357697 1.335752 1.048762
v -1.415096 1.294602 1.021387
v -1.400496 1.276452 1.012386
v -1.336596 1.322806 1.040432
v -1.206497 1.396312 1.077831
v -1.257697 1.356615 1.060048
v -1.240197 1.340787 1.055134
v -1.187497 1.378688 1.073327
v -1.389097 1.435564 1.251518
v -1.378497 1.430954 1.231543
v -1.432096 1.409473 1.216861
v -1.421197 1.406548 1.194076
v -1.369596 1.427054 1.213265
v -1.413897 1.403828 1.172091
v -1.438697 1.380744 1.102016
v -1.444797 1.380030 1.117620
v -1.479297 1.357013 1.096346
v -1.474297 1.357223 1.079945
v -1.543597 1.367705 1.277690
v -1.527797 1.361798 1.239722
v -1.496297 1.386966 1.252185
v -1.513797 1.392259 1.287256
v -1.481597 1.385482 1.218492
v -1.515297 1.360497 1.203029
v -1.468397 1.383026 1.190005
v -1.457897 1.381085 1.164315
v -1.503897 1.357929 1.172342
v -1.493997 1.356079 1.145052
v -1.450597 1.380048 1.139221
v -1.485897 1.356136 1.118851
v -1.566196 1.439897 1.385597
v -1.552997 1.419616 1.352407
v -1.573997 1.458484 1.419596
v -1.593297 1.445678 1.418666
v -1.586997 1.428290 1.384360
v -1.588097 1.401003 1.350109
v -1.578697 1.473656 1.451013
v -1.600397 1.459270 1.453592
v -1.621997 1.446184 1.456263
v -1.642597 1.433974 1.454430
v -1.625597 1.426365 1.416271
v -1.610797 1.436188 1.420418
v -1.601996 1.425431 1.391676
v -1.609097 1.416985 1.383422
v -1.533997 1.403241 1.320496
v -1.562897 1.380495 1.312321
v -1.526497 1.255906 1.552206
v -1.531297 1.264602 1.569759
v -1.506997 1.270121 1.554728
v -1.507297 1.261032 1.538678
v -1.478296 1.278596 1.531982
v -1.483797 1.267718 1.517741
v -1.443597 1.286652 1.505637
v -1.408796 1.291503 1.478510
v -1.421097 1.279547 1.468176
v -1.453197 1.274984 1.493301
v -1.380297 1.292365 1.453205
v -1.356297 1.290131 1.428717
v -1.372097 1.277086 1.420488
v -1.394397 1.279716 1.444274
v -1.335597 1.287292 1.403432
v -1.318597 1.282306 1.369359
v -1.353097 1.272453 1.396213
v -1.337896 1.263469 1.362762
v -1.552096 1.245426 1.555764
v -1.563497 1.254022 1.573217
v -1.549897 1.260330 1.574782
v -1.541397 1.251132 1.556833
v -1.539297 1.229778 1.547049
v -1.530797 1.237573 1.546206
v -1.516597 1.223729 1.538182
v -1.520097 1.245138 1.539865
v -1.512697 1.234705 1.533822
v -1.524696 1.210342 1.540555
v -1.504697 1.249669 1.527240
v -1.499897 1.234349 1.523524
v -1.484197 1.253570 1.509018
v -1.480597 1.234957 1.506620
v -1.430197 1.243219 1.463074
v -1.456397 1.239240 1.485296
v -1.456397 1.258751 1.487290
v -1.426997 1.262625 1.464268
v -1.387796 1.242772 1.418176
v -1.407697 1.244594 1.440366
v -1.402097 1.263000 1.441466
v -1.381496 1.260772 1.417978
v -1.372396 1.238742 1.394298
v -1.363397 1.255645 1.394805
v -1.350997 1.246266 1.362156
v -1.362997 1.231072 1.363239
v -1.498197 1.213555 1.524738
v -1.508797 1.195143 1.522438
v -1.479897 1.210543 1.504254
v -1.492396 1.186357 1.488486
v -1.445497 1.203458 1.452192
v -1.465397 1.197365 1.471725
v -1.457797 1.215024 1.482529
v -1.434997 1.221401 1.459994
v -1.473697 1.181289 1.439613
v -1.481697 1.183304 1.460702
v -1.469896 1.189902 1.460266
v -1.457897 1.191314 1.444158
v -1.411696 1.207230 1.410571
v -1.427096 1.206548 1.432075
v -1.415096 1.224977 1.437374
v -1.396896 1.224358 1.415577
v -1.457996 1.177758 1.397332
v -1.465897 1.179375 1.418823
v -1.445097 1.191913 1.425655
v -1.433297 1.191797 1.404455
v -1.384296 1.221926 1.391490
v -1.401297 1.206200 1.386776
v -1.377397 1.216766 1.362318
v -1.395496 1.203649 1.359089
v -1.450497 1.177626 1.373332
v -1.424597 1.191667 1.380755
v -1.417797 1.190818 1.353559
v -1.441397 1.176780 1.346536
v -1.409697 1.184252 1.323195
v -1.428596 1.171517 1.316864
v -1.391797 1.196073 1.326930
v -1.389297 1.187645 1.303676
v -1.399497 1.176495 1.294637
v -1.414797 1.164458 1.287903
v -1.360097 1.217335 1.320114
v -1.375497 1.206564 1.325273
v -1.377597 1.190581 1.291960
v -1.362297 1.197110 1.278924
v -1.386797 1.173372 1.272054
v -1.402697 1.158119 1.262437
v -1.372296 1.173564 1.252252
v -1.391797 1.153088 1.238464
v -1.344497 1.229900 1.313645
v -1.344996 1.205835 1.265176
v -1.326597 1.246890 1.311652
v -1.316597 1.224036 1.247176
v -1.303897 1.271437 1.320318
v -1.283896 1.264850 1.267853
v -1.356397 1.175751 1.231740
v -1.381097 1.148851 1.213487
v -1.337497 1.181607 1.205408
v -1.370196 1.147183 1.182696
v -1.253596 1.277198 1.221785
v -1.224896 1.302163 1.178847
v -1.261097 1.267138 1.155939
v -1.285296 1.242167 1.197876
v -1.354497 1.164219 1.097901
v -1.360597 1.152557 1.141466
v -1.315797 1.194599 1.167336
v -1.299197 1.213470 1.125432
v -1.203497 1.325537 1.137419
v -1.187197 1.341254 1.103832
v -1.231896 1.302747 1.084543
v -1.243096 1.286624 1.116732
v -1.181497 1.359635 1.082132
v -1.229997 1.320627 1.062445
v -1.288997 1.231458 1.086733
v -1.282197 1.246578 1.053750
v -1.348697 1.191316 1.024152
v -1.351196 1.178403 1.058423
v -1.317596 1.308259 1.031812
v -1.385997 1.257712 1.005188
v -1.371397 1.237785 1.000197
v -1.300497 1.290725 1.025608
v -1.284897 1.266848 1.029939
v -1.355897 1.213095 1.002132
v -0.945097 1.266504 0.820837
v -0.937596 1.249761 0.776528
v -0.981797 1.273495 0.746198
v -0.979497 1.255599 0.710295
v -0.971797 1.243424 0.751463
v -0.972597 1.220827 0.715586
v -0.959597 1.237859 0.666592
v -0.923897 1.225644 0.627358
v -0.944197 1.203503 0.674580
v -0.904797 1.190990 0.635848
v -0.891296 1.217864 0.594500
v -0.864197 1.211787 0.562033
v -0.872497 1.181208 0.602601
v -0.844996 1.172631 0.570147
v -0.841097 1.207495 0.527056
v -0.818296 1.206459 0.483961
v -0.818397 1.166040 0.535383
v -0.790996 1.164297 0.490992
v -0.878696 1.216784 0.744308
v -0.866696 1.193188 0.726837
v -0.893797 1.177866 0.741121
v -0.903397 1.202303 0.747787
v -0.853496 1.170652 0.720160
v -0.846897 1.149077 0.724978
v -0.868697 1.144559 0.740003
v -0.879697 1.158549 0.738027
v -0.958297 1.219553 0.756793
v -0.965796 1.192689 0.727040
v -0.943597 1.197763 0.758813
v -0.964897 1.167179 0.743480
v -0.934896 1.176291 0.690929
v -0.930497 1.152508 0.712360
v -0.885397 1.142207 0.675515
v -0.893396 1.164282 0.652694
v -0.858897 1.152495 0.618458
v -0.848897 1.127606 0.638895
v -0.827997 1.140912 0.585221
v -0.814397 1.113016 0.604274
v -0.798097 1.131718 0.549671
v -0.768797 1.126385 0.507100
v -0.783997 1.098819 0.568251
v -0.754697 1.087906 0.529310
v -0.701397 0.958441 0.517919
v -0.682696 1.008374 0.487245
v -0.722096 1.030150 0.519326
v -0.735697 0.981404 0.547593
v -0.722197 1.078872 0.486559
v -0.679697 1.063901 0.437240
v -0.753397 1.046339 0.553838
v -0.764397 1.000978 0.579287
v -0.780996 1.063029 0.588547
v -0.792497 1.019755 0.611485
v -0.808297 1.082419 0.623042
v -0.821297 1.039141 0.645479
v -0.884097 1.115020 0.696265
v -0.844097 1.099713 0.658548
v -0.850897 1.060134 0.680765
v -0.890897 1.078440 0.718365
v -0.839497 1.119317 0.787142
v -0.853797 1.120136 0.772338
v -0.863497 1.111429 0.825886
v -0.893297 1.113026 0.807077
v -0.851697 1.130296 0.746782
v -0.880297 1.130288 0.763482
v -0.888797 1.103892 0.873928
v -0.920297 1.095916 0.860072
v -0.907797 1.138822 0.769635
v -0.928697 1.153115 0.768257
v -0.934997 1.116540 0.809658
v -0.973797 1.115986 0.799661
v -0.936896 1.173376 0.761146
v -0.966297 1.144680 0.762003
v -0.932297 1.126425 0.733803
v -0.941096 1.094052 0.756980
v -0.954697 1.091973 0.852293
v -0.987097 1.085253 0.848530
v -0.966297 1.073720 0.897393
v -0.997497 1.066780 0.890131
v -0.954897 1.036538 0.973898
v -0.910597 1.010591 0.983640
v -0.913497 0.994656 0.977327
v -0.975997 1.017595 0.966102
v -0.969896 1.058452 0.939878
v -0.996497 1.047806 0.931436
v -0.924097 0.970055 0.977262
v -0.984997 0.987598 0.985066
v -0.933897 0.948183 1.000582
v -0.992396 0.970753 1.013259
v -0.935397 0.937066 1.034143
v -0.995597 0.964352 1.049694
v -0.923696 0.938552 1.068036
v -0.996397 0.971711 1.097055
v -0.896296 0.959935 1.083219
v -0.952797 0.993427 1.118236
v -0.996797 1.026134 1.155958
v -1.031796 1.053735 1.192607
v -1.036797 1.003361 1.142682
v -1.067797 1.028953 1.177643
v -1.060897 1.072607 1.224004
v -1.085497 1.086148 1.249631
v -1.115597 1.057052 1.232190
v -1.093897 1.045617 1.207452
v -1.106497 1.096962 1.270572
v -1.126496 1.105462 1.288826
v -1.150697 1.072063 1.270808
v -1.133596 1.065961 1.252141
v -1.147497 1.110768 1.308097
v -1.169997 1.075676 1.291389
v -1.169597 1.113290 1.330283
v -1.191397 1.077406 1.315079
v -1.193196 1.113442 1.358183
v -1.215297 1.078259 1.342975
v -1.217896 1.111018 1.390197
v -1.241497 1.078825 1.373273
v -1.247497 1.108599 1.423311
v -1.271597 1.081387 1.402959
v -1.283096 1.103771 1.454737
v -1.308297 1.085020 1.427240
v -1.045397 1.022057 0.849576
v -1.003297 1.064989 0.818740
v -1.011697 1.069047 0.847518
v -1.033297 1.055510 0.877393
v -0.934497 0.968934 0.772365
v -0.909297 1.026577 0.743549
v -0.964097 1.047474 0.779435
v -0.991696 0.993605 0.803631
v -0.870296 0.935237 0.699948
v -0.842697 0.987988 0.672559
v -0.871297 1.006881 0.707657
v -0.894297 0.949654 0.739570
v -0.819897 0.902835 0.626625
v -0.785697 0.951222 0.605760
v -0.814397 0.969702 0.638559
v -0.846497 0.919230 0.662035
v -0.758297 0.931743 0.573066
v -0.731697 0.909953 0.538484
v -0.790697 0.886447 0.592314
v -0.757497 0.871860 0.558093
v -1.039797 1.042847 0.920763
v -1.039997 1.021379 0.963081
v -1.090796 1.016279 0.963209
v -1.081897 1.021493 0.910880
v -1.043897 1.002545 0.993484
v -1.092196 1.005674 0.998867
v -1.047797 0.990800 1.021949
v -1.092697 0.998526 1.026607
v -1.052197 0.986483 1.055373
v -1.097297 0.997086 1.055815
v -1.061797 0.991477 1.090846
v -1.106797 1.003142 1.084283
v -1.081997 1.003669 1.125780
v -1.121596 1.010294 1.112044
v -1.106196 1.017644 1.157804
v -1.139597 1.018633 1.137398
v -1.128397 1.030287 1.183836
v -1.159297 1.027550 1.158850
v -1.148296 1.040606 1.205479
v -1.177997 1.032764 1.179622
v -1.209797 1.035992 1.221305
v -1.194297 1.035276 1.200108
v -1.165397 1.048610 1.224636
v -1.181996 1.053717 1.244108
v -1.243397 1.033366 1.271420
v -1.226097 1.034920 1.244611
v -1.199797 1.055541 1.266698
v -1.218897 1.054984 1.292902
v -1.283896 1.036318 1.335605
v -1.262297 1.032839 1.303023
v -1.239897 1.053848 1.322809
v -1.263597 1.054717 1.353704
v -1.322297 1.048611 1.389138
v -1.305797 1.041394 1.367777
v -1.289597 1.058681 1.383683
v -1.320296 1.064499 1.405252
v -1.300696 1.017853 1.323806
v -1.321897 1.027050 1.359856
v -1.338797 1.015124 1.355021
v -1.318397 1.002710 1.315988
v -1.341396 1.042722 1.391071
v -1.361197 1.033009 1.388824
v -1.233397 1.000598 1.204198
v -1.227197 1.015924 1.209014
v -1.243597 1.011834 1.229037
v -1.247097 0.990357 1.214954
v -1.261697 1.009366 1.253151
v -1.275396 0.978043 1.230822
v -1.280897 1.012247 1.286136
v -1.299097 0.992192 1.276245
v -1.210997 0.994889 1.166129
v -1.198697 1.016397 1.167511
v -1.212697 1.017113 1.188708
v -1.224597 0.997308 1.187816
v -1.240296 0.982025 1.190900
v -1.257697 0.970223 1.190564
v -1.245397 0.966652 1.159383
v -1.227497 0.979275 1.163514
v -1.179497 0.983264 1.124892
v -1.163096 1.004181 1.128078
v -1.181697 1.012186 1.147134
v -1.195996 0.990373 1.144853
v -1.213696 0.974241 1.139141
v -1.232897 0.960206 1.132718
v -1.219296 0.950282 1.110072
v -1.198597 0.965923 1.117587
v -1.148097 0.966335 1.083184
v -1.131297 0.987543 1.084568
v -1.146196 0.995769 1.107623
v -1.163397 0.974954 1.104937
v -1.183197 0.955714 1.097542
v -1.168097 0.945099 1.076700
v -1.204797 0.937871 1.089740
v -1.190197 0.925258 1.069309
v -1.118896 0.980499 1.058306
v -1.133997 0.958098 1.058129
v -1.122996 0.951653 1.031664
v -1.110797 0.977345 1.030223
v -1.153697 0.934872 1.053356
v -1.140797 0.925640 1.029506
v -1.175696 0.913637 1.047172
v -1.161897 0.903016 1.025130
v -1.108597 0.978796 1.002915
v -1.115097 0.947018 1.007089
v -1.106497 0.942460 0.978113
v -1.106297 0.981009 0.968702
v -1.129097 0.916923 1.008053
v -1.148897 0.892606 1.005086
v -1.115996 0.907792 0.984003
v -1.134797 0.881386 0.983147
v -1.064997 0.921528 0.899326
v -1.060997 0.966474 0.871080
v -1.091897 0.978544 0.920415
v -1.090397 0.935250 0.939752
v -1.098197 0.897124 0.953561
v -1.117697 0.867836 0.955721
v -1.098496 0.853155 0.922801
v -1.076197 0.882335 0.919041
v -1.012697 0.942169 0.833613
v -1.029197 0.901111 0.859638
v -0.991796 0.881108 0.822747
v -0.965096 0.921991 0.801122
v -1.049397 0.865893 0.874731
v -1.074797 0.840099 0.875972
v -1.048596 0.823153 0.831064
v -1.019096 0.847567 0.833430
v -0.925897 0.902111 0.768331
v -0.956696 0.860222 0.788660
v -0.925597 0.840235 0.754569
v -0.896497 0.884509 0.731426
v -0.988697 0.827262 0.796041
v -1.021497 0.802436 0.791477
v -0.994297 0.778947 0.757005
v -0.959597 0.805473 0.761760
v -0.872797 0.868690 0.691512
v -0.897397 0.821540 0.719071
v -0.869197 0.804143 0.683166
v -0.849297 0.854171 0.651591
v -0.931296 0.783296 0.729380
v -0.967397 0.754974 0.725335
v -0.940097 0.733205 0.694654
v -0.902097 0.762126 0.698396
v -0.821997 0.841355 0.612161
v -0.841197 0.790821 0.642638
v -0.807796 0.780453 0.593594
v -0.787697 0.831744 0.573513
v -0.871997 0.745154 0.666888
v -0.911596 0.715442 0.664851
v -0.881097 0.699202 0.639439
v -0.841697 0.729991 0.637271
v -0.740296 1.124912 0.457307
v -0.762297 1.166873 0.431777
v -0.714797 1.122124 0.404621
v -0.748497 1.170375 0.358956
v -0.695097 1.121629 0.368923
v -0.710497 1.144312 0.329199
v -0.662097 1.088174 0.377407
v -0.666197 1.109891 0.325587
v -1.154997 1.348918 0.165476
v -1.164597 1.342986 0.159609
v -1.145897 1.352091 0.178759
v -1.118896 1.327488 0.160094
v -1.127896 1.327499 0.143793
v -1.139597 1.322056 0.135923
v -0.969397 1.204587 0.050465
v -0.933797 1.174116 0.037631
v -0.949897 1.168569 0.029061
v -0.982797 1.201133 0.040783
v -0.915497 1.128042 0.024183
v -0.893997 1.137677 0.030630
v -0.934597 1.116509 0.018146
v -0.964197 1.160442 0.024106
v -0.994997 1.195003 0.035217
v -0.773497 1.194760 0.283222
v -0.732297 1.163102 0.272595
v -0.758496 1.170246 0.225855
v -0.805797 1.200209 0.237191
v -0.680997 1.127002 0.272793
v -0.702197 1.135151 0.226847
v -0.757497 1.131675 0.158065
v -0.820197 1.162176 0.158198
v -0.789596 1.166449 0.189775
v -0.728496 1.134350 0.190151
v -0.840897 1.195209 0.200718
v -0.872197 1.191239 0.169539
v -0.808496 1.136060 0.100440
v -0.865097 1.171061 0.100649
v -0.845397 1.164311 0.128086
v -0.785097 1.131514 0.128666
v -0.895797 1.193188 0.142128
v -0.912996 1.197066 0.119807
v -0.882497 1.176442 0.079019
v -0.925897 1.202051 0.098779
v -0.829097 1.143715 0.073998
v -0.850697 1.149397 0.052467
v -0.899897 1.179448 0.061602
v -0.938996 1.205146 0.079462
v -0.917296 1.177379 0.049213
v -0.954397 1.205959 0.063657
v -0.872996 1.145826 0.039586
v -1.011097 1.236244 0.079192
v -1.034397 1.231726 0.057516
v -1.022397 1.236072 0.065892
v -1.062497 1.270433 0.095205
v -1.074997 1.267174 0.084423
v -1.052197 1.269321 0.111411
v -1.014297 1.252053 0.190307
v -1.055397 1.283343 0.225036
v -1.032797 1.283103 0.235838
v -0.994197 1.252723 0.203203
v -1.055297 1.313641 0.261071
v -1.084496 1.323509 0.255117
v -1.028397 1.312203 0.272379
v -1.004597 1.284476 0.249330
v -0.964897 1.255216 0.220090
v -1.096797 1.302070 0.120232
v -1.109997 1.297216 0.110359
v -1.086997 1.300766 0.137739
v -1.113196 1.323817 0.183614
v -1.081697 1.295889 0.160267
v -1.076297 1.290720 0.184195
v -1.107097 1.320258 0.209334
v -1.036997 1.261045 0.152257
v -1.044497 1.265829 0.131131
v -0.999897 1.234734 0.095600
v -0.988397 1.231534 0.113918
v -1.098197 1.319280 0.231640
v -1.068296 1.287040 0.206116
v -1.027297 1.256554 0.172182
v -0.918597 1.223258 0.191364
v -0.943896 1.222836 0.169066
v -0.962296 1.223938 0.151060
v -0.975797 1.228136 0.132437
v -0.822297 1.250170 0.376120
v -0.827396 1.246472 0.431441
v -0.795497 1.208641 0.425748
v -0.785097 1.217187 0.361000
v -1.032997 1.338367 0.284036
v -1.054697 1.343022 0.275710
v -1.071597 1.355915 0.274540
v -1.040196 1.370629 0.276959
v -1.052997 1.385725 0.276177
v -1.023197 1.362467 0.283904
v -0.993796 1.430112 0.474637
v -0.988097 1.409644 0.480749
v -0.967297 1.397695 0.435114
v -0.968197 1.417031 0.423307
v -0.967497 1.398063 0.484212
v -0.955996 1.383716 0.438890
v -0.989696 1.460178 0.468472
v -0.963197 1.488372 0.467218
v -0.962697 1.456836 0.424190
v -0.934096 1.485519 0.421133
v -0.924697 1.515029 0.459372
v -0.895197 1.511757 0.409489
v -0.873696 1.510482 0.359395
v -0.834097 1.541044 0.334127
v -0.913696 1.486479 0.377227
v -0.900197 1.488865 0.338013
v -0.864596 1.510458 0.318495
v -0.821796 1.539524 0.275635
v -0.940297 1.458113 0.383382
v -0.953697 1.428076 0.376846
v -0.939096 1.437360 0.337295
v -0.924097 1.462794 0.343456
v -0.965696 1.405948 0.353367
v -0.953397 1.420370 0.320988
v -0.973897 1.390380 0.377553
v -0.988097 1.372569 0.339050
v -0.978897 1.391683 0.323345
v -0.967597 1.410760 0.300840
v -1.003696 1.362786 0.305703
v -0.994097 1.385039 0.296981
v -1.010097 1.386634 0.277772
v -0.982897 1.407360 0.282558
v -0.997897 1.411189 0.269637
v -1.036197 1.414600 0.271519
v -1.024297 1.397095 0.270714
v -1.009497 1.422570 0.266075
v -1.017297 1.440888 0.269375
v -1.007997 1.490723 0.257202
v -1.022797 1.466524 0.275934
v -1.005096 1.507336 0.223110
v -0.993096 1.476658 0.227178
v -1.001097 1.463920 0.256748
v -0.980997 1.444975 0.248752
v -0.988196 1.432942 0.260918
v -0.996197 1.445831 0.258847
v -0.985197 1.457221 0.238685
v -0.874897 1.292771 0.412787
v -0.877597 1.293688 0.452383
v -0.854497 1.274728 0.441487
v -0.851896 1.274772 0.394786
v -0.847397 1.233808 0.255208
v -0.805696 1.231238 0.297322
v -0.843097 1.260279 0.322964
v -0.890897 1.271562 0.283202
v -0.885597 1.227916 0.220139
v -0.929497 1.261859 0.246154
v -0.895697 1.299450 0.354050
v -0.883797 1.295573 0.376572
v -0.866997 1.280734 0.351152
v -0.893097 1.291296 0.325994
v -0.996897 1.317641 0.297650
v -0.969497 1.291414 0.274393
v -0.937997 1.300678 0.304442
v -0.966797 1.330168 0.339082
v -0.972497 1.373637 0.388044
v -0.987397 1.352300 0.344761
v -0.959697 1.359259 0.392123
v -1.006797 1.341693 0.307018
v -0.939096 1.387232 0.478571
v -0.938197 1.370017 0.439165
v -0.915896 1.367599 0.472479
v -0.921397 1.354415 0.438850
v -0.901597 1.347185 0.469990
v -0.909197 1.339416 0.439133
v -0.894497 1.327473 0.467798
v -0.901697 1.322690 0.434424
v -0.890897 1.309740 0.461795
v -0.891497 1.307443 0.425907
v -0.926697 1.340151 0.409028
v -0.916297 1.333197 0.417366
v -0.911297 1.321538 0.406730
v -0.924296 1.324518 0.384713
v -0.899497 1.309069 0.394098
v -0.910597 1.310306 0.364291
v -0.920896 1.307342 0.334307
v -0.939997 1.327600 0.363096
v -0.941997 1.349497 0.399177
v -0.820597 1.719157 0.281152
v -0.837296 1.745794 0.233105
v -0.799797 1.720978 0.230141
v -0.817197 1.750340 0.186580
v -0.868597 1.759758 0.189928
v -0.904397 1.750270 0.155480
v -0.850797 1.768517 0.145880
v -0.888697 1.765734 0.112294
v -0.930696 1.698938 0.076659
v -0.942097 1.671494 0.123610
v -0.932297 1.717660 0.135458
v -0.918796 1.739920 0.091535
v -0.942596 1.630982 0.048331
v -0.959597 1.599754 0.098303
v -0.952997 1.634722 0.110511
v -0.938497 1.663758 0.062252
v -0.951297 1.442249 0.243967
v -0.958497 1.426518 0.274853
v -0.974697 1.426770 0.266152
v -0.969097 1.443456 0.245160
v -0.912396 1.453923 0.257403
v -0.925197 1.444849 0.298653
v -0.941497 1.431284 0.286827
v -0.931497 1.443676 0.248759
v -0.942297 1.494288 0.159581
v -0.973597 1.484695 0.197334
v -0.989397 1.518937 0.186546
v -0.968097 1.534003 0.143963
v -0.967597 1.461619 0.220060
v -0.945797 1.462749 0.207354
v -0.902297 1.570509 0.035362
v -0.920697 1.531333 0.094477
v -0.947496 1.560321 0.092318
v -0.929097 1.596222 0.037521
v -0.910996 1.467887 0.305527
v -0.892397 1.490889 0.306002
v -0.898197 1.474368 0.265491
v -0.879897 1.497593 0.270064
v -0.922797 1.461835 0.204759
v -0.900396 1.467366 0.210329
v -0.911596 1.486462 0.154823
v -0.887196 1.487683 0.158717
v -0.894297 1.518050 0.097650
v -0.869897 1.516881 0.103356
v -0.875997 1.556625 0.038238
v -0.851597 1.553471 0.046655
v -0.868096 1.507846 0.297909
v -0.851097 1.517682 0.268054
v -0.884797 1.484813 0.218933
v -0.870296 1.502234 0.167837
v -0.866597 1.507446 0.224910
v -0.851996 1.523371 0.174622
v -0.852897 1.529144 0.114889
v -0.834797 1.547491 0.123489
v -0.836097 1.563954 0.061798
v -0.819297 1.579013 0.072516
v -0.774997 1.632455 0.226226
v -0.772897 1.669140 0.205024
v -0.779997 1.658313 0.255084
v -0.788096 1.623656 0.281275
v -0.778196 1.691147 0.224604
v -0.771896 1.694281 0.194187
v -0.807297 1.582699 0.307499
v -0.791397 1.588284 0.249968
v -0.835796 1.529841 0.223987
v -0.800497 1.557396 0.215536
v -0.821297 1.546265 0.173396
v -0.787497 1.575819 0.165035
v -0.805397 1.567889 0.123077
v -0.777897 1.599554 0.116404
v -0.794997 1.598518 0.073309
v -0.776697 1.630395 0.069035
v -0.786596 1.724222 0.183323
v -0.804097 1.753079 0.138964
v -0.772596 1.720671 0.155742
v -0.785097 1.760654 0.097722
v -0.777897 1.601501 0.198095
v -0.765897 1.648986 0.177034
v -0.768097 1.620738 0.150089
v -0.762896 1.670438 0.131516
v -0.768396 1.691282 0.157803
v -0.770697 1.716435 0.112664
v -0.763496 1.644587 0.104057
v -0.766197 1.693199 0.087891
v -0.768897 1.672242 0.059205
v -0.774497 1.715969 0.045866
v -0.778196 1.736304 0.070455
v -0.793197 1.775080 0.047642
v -0.786197 1.753581 0.029660
v -0.797397 1.788864 0.008166
v -0.836397 1.778061 0.099027
v -0.875497 1.785783 0.066384
v -0.825897 1.797228 0.056421
v -0.865897 1.808748 0.023458
v -0.907097 1.768769 0.045577
v -0.895596 1.796427 0.001425
v -0.912897 1.769241 -0.014327
v -0.923197 1.734880 0.029562
v -0.821397 1.810015 0.017451
v -0.856996 1.825245 -0.013733
v -0.818896 1.823012 -0.019621
v -0.848897 1.837954 -0.048703
v -0.928596 1.701500 0.015045
v -0.918897 1.738866 -0.027861
v -0.919297 1.709490 -0.041700
v -0.930197 1.670121 0.000616
v -0.884797 1.817025 -0.035588
v -0.901997 1.794440 -0.051065
v -0.874496 1.832246 -0.068272
v -0.891296 1.812772 -0.081866
v -0.914897 1.639946 -0.012919
v -0.902397 1.683916 -0.055160
v -0.875697 1.666082 -0.061363
v -0.887796 1.618017 -0.018199
v -0.896597 1.767253 -0.103417
v -0.908597 1.741303 -0.075875
v -0.909697 1.767871 -0.063620
v -0.899796 1.790209 -0.093243
v -0.827897 1.650349 -0.049076
v -0.837697 1.599777 -0.007199
v -0.861597 1.604928 -0.016127
v -0.850197 1.655190 -0.059703
v -0.809096 1.648069 -0.008763
v -0.811196 1.618244 0.023300
v -0.824797 1.607278 0.011260
v -0.816397 1.651360 -0.028682
v -0.891097 1.719842 -0.086957
v -0.880497 1.749105 -0.112118
v -0.857696 1.736879 -0.116851
v -0.866197 1.705211 -0.092677
v -0.794797 1.637853 0.024893
v -0.784897 1.667738 0.022029
v -0.801496 1.672623 -0.017198
v -0.795697 1.700403 -0.020950
v -0.840096 1.697020 -0.091033
v -0.831596 1.731795 -0.113923
v -0.809397 1.736521 -0.090949
v -0.818397 1.694103 -0.075716
v -0.808897 1.689445 -0.049790
v -0.803197 1.718512 -0.055950
v -0.781197 1.702104 0.015741
v -0.785196 1.737547 0.005247
v -0.792197 1.725793 -0.022889
v -0.792996 1.752038 -0.033033
v -0.792697 1.770360 -0.010733
v -0.798997 1.803042 -0.032512
v -0.796997 1.780748 -0.049590
v -0.800096 1.810326 -0.071952
v -0.798696 1.735438 -0.051342
v -0.799697 1.752855 -0.066538
v -0.800497 1.777751 -0.085574
v -0.801496 1.805234 -0.106925
v -0.808197 1.768791 -0.114726
v -0.806897 1.795286 -0.134071
v -0.825197 1.761288 -0.133585
v -0.848897 1.764068 -0.137200
v -0.840597 1.788476 -0.154034
v -0.820797 1.787595 -0.150629
v -0.817997 1.812421 -0.164265
v -0.807297 1.819995 -0.150806
v -0.834197 1.811803 -0.167462
v -0.830196 1.827267 -0.174147
v -0.817596 1.834376 -0.172485
v -0.809096 1.836646 -0.159698
v -0.869097 1.774087 -0.133755
v -0.883897 1.789025 -0.126937
v -0.858097 1.796589 -0.151678
v -0.871197 1.808820 -0.146045
v -0.887896 1.807676 -0.117639
v -0.875397 1.823973 -0.136428
v -0.880897 1.826428 -0.108241
v -0.873297 1.834836 -0.124987
v -0.804597 1.831814 -0.128971
v -0.813697 1.850802 -0.149575
v -0.831897 1.859619 -0.128123
v -0.807897 1.840983 -0.098121
v -0.813897 1.836396 -0.059295
v -0.840497 1.850249 -0.086171
v -0.864596 1.844271 -0.100339
v -0.859497 1.849922 -0.127670
v -0.861297 1.843110 -0.148033
v -0.843797 1.856064 -0.156504
v -0.850197 1.842314 -0.165529
v -0.858797 1.828847 -0.159555
v -0.825597 1.853296 -0.168989
v -0.839597 1.837171 -0.173401
v -0.848496 1.818216 -0.165197
v -1.258596 1.552271 0.485268
v -1.242697 1.549471 0.466983
v -1.273097 1.529480 0.450392
v -1.290697 1.540184 0.469434
v -1.311296 1.545489 0.452005
v -1.295197 1.534485 0.432965
v -1.262997 1.508011 0.401209
v -1.279197 1.521394 0.416436
v -1.266097 1.514781 0.432273
v -1.251097 1.501914 0.419943
v -1.156397 1.592636 0.478647
v -1.139397 1.589141 0.461266
v -1.170897 1.562587 0.451611
v -1.190097 1.565773 0.467094
v -1.219996 1.546803 0.454498
v -1.195396 1.543145 0.443818
v -1.214197 1.525120 0.439416
v -1.240396 1.529457 0.446093
v -1.248796 1.517413 0.438058
v -1.231797 1.509380 0.432102
v -1.122597 1.585132 0.441388
v -1.107997 1.580507 0.418613
v -1.137897 1.553472 0.412161
v -1.153097 1.558488 0.433433
v -1.247197 1.493532 0.386788
v -1.234696 1.488842 0.407014
v -1.218397 1.474960 0.392090
v -1.232397 1.478146 0.371172
v -1.173897 1.536971 0.430351
v -1.154997 1.528881 0.413895
v -1.171197 1.507583 0.414512
v -1.191497 1.517960 0.428355
v -1.213097 1.498726 0.422160
v -1.194397 1.485853 0.409031
v -1.096497 1.574172 0.393847
v -1.124496 1.545348 0.389505
v -1.086897 1.564524 0.366899
v -1.108397 1.531735 0.368979
v -1.218897 1.462842 0.352256
v -1.203397 1.459362 0.374075
v -1.188797 1.443047 0.353264
v -1.204897 1.448023 0.330436
v -1.136497 1.517088 0.397060
v -1.151497 1.493005 0.400091
v -1.116397 1.501203 0.381446
v -1.131897 1.474224 0.385494
v -1.176597 1.468972 0.394223
v -1.159797 1.448880 0.377533
v -1.076097 1.548681 0.340786
v -1.089797 1.513228 0.349580
v -1.064397 1.525565 0.319712
v -1.075597 1.490722 0.330203
v -1.096296 1.481701 0.362953
v -1.113997 1.454015 0.365504
v -1.084297 1.461083 0.341465
v -1.103197 1.437487 0.342194
v -1.071397 1.429234 0.295939
v -1.049797 1.465509 0.291340
v -1.044097 1.437946 0.279891
v -1.063396 1.407151 0.280859
v -1.056296 1.496379 0.303971
v -1.068797 1.463430 0.313452
v -1.081897 1.439874 0.321581
v -1.100097 1.424277 0.322166
v -1.089097 1.419885 0.305290
v -1.100797 1.415006 0.309217
v -1.188797 1.433592 0.306615
v -1.173197 1.428814 0.328942
v -1.158297 1.417091 0.306505
v -1.172196 1.419375 0.285293
v -1.144297 1.430856 0.354831
v -1.132196 1.418524 0.330798
v -1.084897 1.376639 0.278926
v -1.105496 1.355962 0.264839
v -1.118497 1.377704 0.272420
v -1.096296 1.394685 0.287228
v -1.138997 1.350418 0.201969
v -1.129897 1.349254 0.226775
v -1.159297 1.376797 0.216225
v -1.147497 1.378244 0.243217
v -1.106997 1.399821 0.293600
v -1.117197 1.403255 0.299981
v -1.127097 1.388737 0.278460
v -1.135797 1.396360 0.282619
v -1.131997 1.372418 0.256749
v -1.118896 1.349764 0.246873
v -1.136897 1.383965 0.265186
v -1.144997 1.390763 0.264849
v -1.157097 1.404099 0.271376
v -1.165796 1.402188 0.251086
v -1.145997 1.406309 0.291564
v -1.176997 1.402162 0.228186
v -1.124797 1.410424 0.312542
v -1.503097 1.101183 1.785856
v -1.478897 1.109609 1.772310
v -1.524597 1.090287 1.786716
v -1.509697 1.076189 1.768893
v -1.492597 1.085492 1.769242
v -1.477197 1.094159 1.763295
v -1.454097 1.114784 1.749482
v -1.463897 1.093049 1.743100
v -1.445996 1.095656 1.707886
v -1.429597 1.118406 1.716961
v -1.478497 1.078840 1.741578
v -1.494697 1.067429 1.739541
v -1.482497 1.068803 1.698232
v -1.464097 1.080928 1.702766
v -1.409197 1.123472 1.674233
v -1.391397 1.129428 1.629700
v -1.427997 1.102109 1.662650
v -1.407396 1.107953 1.616017
v -1.367897 1.130826 1.592591
v -1.379097 1.105345 1.577931
v -1.400597 1.082520 1.555255
v -1.369197 1.082292 1.513556
v -1.428397 1.090380 1.602713
v -1.452697 1.074623 1.592199
v -1.430097 1.066318 1.536543
v -1.410097 1.071719 1.463613
v -1.327097 1.093819 1.481892
v -1.352696 1.084816 1.444841
v -1.354597 1.065357 1.415847
v -1.383897 1.054558 1.416106
v -1.448997 1.087463 1.654330
v -1.470596 1.075126 1.647597
v -1.696096 1.293901 0.893288
v -1.700897 1.279901 0.875065
v -1.700296 1.264563 0.886449
v -1.698196 1.278669 0.905772
v -1.698297 1.252650 0.865814
v -1.699797 1.267899 0.856430
v -1.696297 1.236397 0.874503
v -1.697797 1.246724 0.897747
v -1.698997 1.260832 0.917370
v -1.689897 1.250129 0.825527
v -1.684196 1.239025 0.824688
v -1.692897 1.243336 0.844965
v -1.694997 1.257501 0.838587
v -1.675497 1.224531 0.825967
v -1.690197 1.228759 0.849344
v -1.715796 1.318776 0.870452
v -1.717397 1.305987 0.854222
v -1.705597 1.295237 0.863381
v -1.701497 1.308426 0.879509
v -1.712697 1.293091 0.836692
v -1.703796 1.282644 0.846449
v -1.697797 1.269548 0.828921
v -1.688996 1.255366 0.813898
v -1.702497 1.278487 0.817772
v -1.688697 1.262191 0.800261
v -1.672896 1.244518 0.786957
v -1.677197 1.240514 0.804579
v -1.661297 1.226398 0.801556
v -1.654397 1.230166 0.777536
v -1.719397 1.249067 0.923734
v -1.716197 1.267270 0.942535
v -1.696397 1.275625 0.934289
v -1.741096 1.257613 0.950388
v -1.745697 1.235497 0.929309
v -1.729697 1.281546 0.974757
v -1.707497 1.286741 0.955528
v -1.695396 1.288681 0.944518
v -1.712697 1.219811 0.877094
v -1.717896 1.232250 0.902426
v -1.742797 1.214672 0.906522
v -1.734397 1.198723 0.879409
v -1.699897 1.210365 0.850445
v -1.680497 1.205020 0.823974
v -1.693097 1.180102 0.820810
v -1.717497 1.187161 0.849772
v -1.658497 1.206375 0.797566
v -1.641296 1.213038 0.772429
v -1.640097 1.185269 0.759881
v -1.668497 1.180337 0.790708
v -1.727297 1.295943 0.827976
v -1.743796 1.292409 0.821696
v -1.728497 1.276381 0.798383
v -1.713497 1.282324 0.806150
v -1.695597 1.265918 0.786840
v -1.708197 1.259864 0.777073
v -1.675997 1.247334 0.771641
v -1.656997 1.231467 0.759428
v -1.686296 1.243962 0.758360
v -1.664496 1.232682 0.743821
v -1.627196 1.205682 0.743969
v -1.648597 1.223930 0.734369
v -1.641097 1.218826 0.751997
v -1.634497 1.215479 0.725115
v -1.617597 1.206504 0.711364
v -1.611297 1.193199 0.728837
v -1.597997 1.198808 0.693906
v -1.593596 1.182477 0.706496
v -1.620497 1.166917 0.732181
v -1.601597 1.156068 0.705040
v -1.572396 1.196311 0.676119
v -1.566597 1.178662 0.685616
v -1.542597 1.201420 0.659591
v -1.532197 1.181366 0.668101
v -1.538897 1.150609 0.657569
v -1.573397 1.151231 0.679966
v -1.495697 1.219632 0.606791
v -1.472796 1.198470 0.613907
v -1.498397 1.189948 0.646454
v -1.515497 1.211903 0.638133
v -1.505297 1.155467 0.631642
v -1.480997 1.162485 0.598403
v -1.762897 1.305156 1.031229
v -1.747396 1.293505 1.003692
v -1.773996 1.279501 1.003069
v -1.780396 1.293151 1.030295
v -1.767696 1.261375 0.980168
v -1.795197 1.264939 1.009949
v -1.795497 1.245019 0.988157
v -1.792397 1.280879 1.035462
v -1.775496 1.215037 0.936721
v -1.771297 1.239357 0.958588
v -1.798997 1.220513 0.968791
v -1.798397 1.192407 0.949545
v -1.768797 1.189713 0.914059
v -1.787697 1.163483 0.926903
v -1.752896 1.167971 0.888178
v -1.767597 1.137932 0.899342
v -1.729297 1.152801 0.857160
v -1.703997 1.143512 0.822710
v -1.710096 1.107045 0.828710
v -1.738597 1.119947 0.865740
v -1.682696 1.140021 0.787729
v -1.661696 1.135942 0.755051
v -1.669297 1.089661 0.758604
v -1.688197 1.098149 0.793058
v -1.620797 1.113403 0.693173
v -1.640997 1.124677 0.725012
v -1.651196 1.077573 0.724370
v -1.632196 1.065675 0.688234
v -1.562097 1.105169 0.632117
v -1.593897 1.107430 0.661605
v -1.607797 1.057870 0.650677
v -1.578997 1.053970 0.614297
v -1.531997 1.109094 0.600295
v -1.510797 1.115597 0.564259
v -1.550197 1.055071 0.577791
v -1.525197 1.057762 0.539575
v -1.802796 1.252711 1.023216
v -1.798897 1.272527 1.044308
v -1.804996 1.230708 1.004536
v -1.796797 1.224014 1.023773
v -1.797997 1.246296 1.038751
v -1.796097 1.267087 1.055238
v -1.806396 1.204819 0.988177
v -1.804896 1.174920 0.970141
v -1.789597 1.166553 0.994487
v -1.793497 1.199339 1.010108
v -1.758097 1.102357 0.940637
v -1.784797 1.132390 0.964873
v -1.794297 1.142186 0.945819
v -1.772097 1.113117 0.914978
v -1.761797 1.114945 0.974969
v -1.776997 1.129057 0.977092
v -1.762197 1.127158 0.995502
v -1.772596 1.144464 0.996608
v -1.693597 1.067378 0.853128
v -1.724896 1.081807 0.894949
v -1.739797 1.093513 0.877785
v -1.707397 1.080197 0.838457
v -1.662897 1.060410 0.767664
v -1.681797 1.070702 0.802809
v -1.647797 1.046977 0.779938
v -1.667797 1.057972 0.815578
v -1.630696 1.033603 0.693310
v -1.646797 1.047213 0.731736
v -1.614997 1.018173 0.706195
v -1.631496 1.032979 0.743814
v -1.567297 1.002230 0.625381
v -1.593596 1.006851 0.665756
v -1.609997 1.023676 0.651964
v -1.582697 1.019057 0.611888
v -1.714497 1.273009 0.748601
v -1.690297 1.263203 0.729354
v -1.688996 1.252981 0.743510
v -1.714497 1.263988 0.763150
v -1.664997 1.245999 0.728648
v -1.668097 1.258514 0.713179
v -1.720897 1.264629 0.715846
v -1.710697 1.256045 0.700493
v -1.698297 1.261518 0.713763
v -1.717697 1.271108 0.730211
v -1.681597 1.254326 0.697102
v -1.698797 1.247744 0.682038
v -1.651096 1.257446 0.700685
v -1.647797 1.241041 0.718075
v -1.633997 1.234984 0.707608
v -1.636997 1.253880 0.688704
v -1.688996 1.239958 0.666380
v -1.668497 1.249749 0.682927
v -1.657297 1.244875 0.669353
v -1.680297 1.231677 0.651525
v -1.735797 1.251675 0.651216
v -1.728597 1.241949 0.628169
v -1.708197 1.239658 0.648182
v -1.716396 1.248163 0.667235
v -1.700797 1.231762 0.630625
v -1.721396 1.235836 0.607502
v -1.624396 1.244108 0.675458
v -1.619197 1.226012 0.694557
v -1.602197 1.218029 0.679400
v -1.611497 1.234632 0.661509
v -1.662797 1.216380 0.615708
v -1.671297 1.224383 0.634365
v -1.693497 1.223957 0.611467
v -1.686996 1.215942 0.590411
v -1.715096 1.229018 0.586039
v -1.709697 1.221994 0.563277
v -1.645997 1.238291 0.654089
v -1.635197 1.230005 0.638434
v -1.596296 1.230245 0.645633
v -1.580797 1.215841 0.663312
v -1.581596 1.231339 0.626327
v -1.557897 1.221248 0.646282
v -1.539396 1.229623 0.623536
v -1.525997 1.234754 0.592608
v -1.571597 1.230308 0.602432
v -1.563497 1.229344 0.572437
v -1.654997 1.209166 0.594848
v -1.623897 1.221612 0.621480
v -1.613797 1.216703 0.601606
v -1.648497 1.203246 0.572880
v -1.704797 1.215458 0.538512
v -1.681697 1.208415 0.567251
v -1.677297 1.201986 0.543586
v -1.700797 1.209022 0.513647
v -1.643697 1.195728 0.551421
v -1.606997 1.211580 0.579034
v -1.600797 1.207430 0.551657
v -1.638197 1.189494 0.526954
v -1.698297 1.202295 0.490584
v -1.673697 1.195762 0.521120
v -1.668997 1.189432 0.497354
v -1.694596 1.195763 0.466519
v -1.630397 1.184234 0.497583
v -1.592697 1.205444 0.517667
v -1.582397 1.199130 0.478601
v -1.619897 1.175141 0.462432
v -1.543696 1.224303 0.491863
v -1.554196 1.229935 0.534233
v -1.687596 1.188713 0.438957
v -1.661897 1.182283 0.469993
v -1.652097 1.170200 0.436659
v -1.677997 1.176129 0.405526
v -1.664997 1.156894 0.362630
v -1.638597 1.151969 0.394558
v -1.622797 1.136909 0.347039
v -1.648197 1.143326 0.313604
v -1.592297 1.139667 0.375825
v -1.606497 1.157212 0.420729
v -1.567496 1.116289 0.288551
v -1.579697 1.127136 0.333693
v -1.609597 1.124559 0.301406
v -1.597397 1.114488 0.252061
v -1.635597 1.129762 0.265477
v -1.623696 1.119876 0.213031
v -1.613497 1.106142 0.152205
v -1.585096 1.103469 0.193720
v -1.570797 1.097528 0.131352
v -1.599896 1.101294 0.088530
v -1.538997 1.096963 0.174355
v -1.554296 1.105588 0.233609
v -1.738597 1.112595 0.984082
v -1.744097 1.128442 1.010796
v -1.728296 1.101299 0.948343
v -1.703197 1.107259 0.959211
v -1.710497 1.117565 0.996955
v -1.713696 1.134533 1.027563
v -1.705196 1.086476 0.907724
v -1.677997 1.067854 0.867125
v -1.661897 1.075826 0.880182
v -1.685197 1.095335 0.918376
v -1.654497 1.055444 0.828693
v -1.633997 1.044142 0.791954
v -1.620497 1.046814 0.805039
v -1.640596 1.059919 0.842468
v -1.615797 1.031043 0.755625
v -1.596497 1.017941 0.718696
v -1.579496 1.023808 0.730864
v -1.600997 1.034811 0.767904
v -1.586797 1.043978 0.780054
v -1.606297 1.055985 0.817989
v -1.564997 1.032672 0.742616
v -1.552197 1.026758 0.758348
v -1.572197 1.043067 0.796560
v -1.590497 1.059175 0.834372
v -1.783896 1.263919 0.604448
v -1.782797 1.250246 0.572823
v -1.754797 1.240823 0.605075
v -1.759797 1.252771 0.632110
v -1.746897 1.237689 0.580591
v -1.772497 1.247997 0.545534
v -1.767297 1.240467 0.521775
v -1.740697 1.232062 0.557422
v -1.735897 1.224636 0.534462
v -1.763297 1.231042 0.499027
v -1.753397 1.228107 0.474442
v -1.729497 1.219798 0.509188
v -1.724997 1.213161 0.484224
v -1.747797 1.221775 0.450177
v -1.747697 1.212952 0.427724
v -1.723496 1.205236 0.461467
v -1.719697 1.199002 0.436901
v -1.743597 1.206113 0.402462
v -1.731896 1.202545 0.371681
v -1.711697 1.193543 0.407930
v -1.701797 1.181548 0.372295
v -1.722696 1.190634 0.333245
v -1.707996 1.177570 0.285116
v -1.688797 1.164299 0.326789
v -1.673197 1.149020 0.275972
v -1.695197 1.161779 0.231902
v -1.680797 1.152389 0.178852
v -1.661696 1.134242 0.225252
v -1.646996 1.128544 0.170783
v -1.663997 1.147888 0.123976
v -1.646797 1.143661 0.064198
v -1.634497 1.119606 0.109031
v -1.621497 1.114467 0.047058
v -1.633496 1.140043 0.006117
v -1.843596 1.355783 0.615846
v -1.824297 1.342398 0.563718
v -1.819297 1.300720 0.604447
v -1.836997 1.311780 0.651887
v -1.804296 1.291996 0.563494
v -1.805097 1.331461 0.520477
v -1.794097 1.273424 0.641697
v -1.807897 1.284756 0.684235
v -1.802497 1.322450 0.481926
v -1.805097 1.280099 0.527558
v -1.794497 1.274242 0.498890
v -1.793997 1.311786 0.451984
v -1.790497 1.300145 0.426247
v -1.788796 1.265006 0.474140
v -1.786397 1.253780 0.451001
v -1.790597 1.289112 0.402007
v -1.777997 1.280300 0.381655
v -1.772297 1.249759 0.428923
v -1.764697 1.243934 0.406255
v -1.768497 1.274487 0.361087
v -1.764297 1.269061 0.337816
v -1.763897 1.237008 0.383092
v -1.760997 1.229260 0.356134
v -1.761396 1.262703 0.309050
v -1.742897 1.255032 0.277892
v -1.744496 1.225188 0.324756
v -1.735997 1.214163 0.283716
v -1.730197 1.248007 0.236830
v -1.712996 1.239839 0.187874
v -1.719196 1.204296 0.234869
v -1.708397 1.191694 0.179737
v -1.698997 1.232340 0.133214
v -1.679196 1.225347 0.079751
v -1.688396 1.186002 0.126467
v -1.675797 1.179199 0.071104
v -1.669497 1.220447 0.024977
v -1.790297 1.480808 0.674762
v -1.778797 1.457989 0.616586
v -1.836797 1.424720 0.640669
v -1.845397 1.444265 0.703563
v -1.813097 1.401308 0.583696
v -1.758897 1.430794 0.562734
v -1.869496 1.372997 0.673052
v -1.876297 1.392837 0.735245
v -1.740996 1.411315 0.511940
v -1.794297 1.385616 0.530281
v -1.775297 1.370377 0.486864
v -1.726196 1.393378 0.468638
v -1.721597 1.382371 0.430797
v -1.770297 1.361168 0.448514
v -1.765897 1.349098 0.417479
v -1.719397 1.371398 0.399257
v -1.716197 1.362146 0.371407
v -1.763397 1.338049 0.390339
v -1.762297 1.329409 0.364786
v -1.711797 1.353810 0.346652
v -1.705497 1.344491 0.324803
v -1.754996 1.319989 0.342837
v -1.745397 1.311981 0.323281
v -1.698697 1.335874 0.303550
v -1.692596 1.328546 0.280190
v -1.738097 1.304762 0.301420
v -1.731497 1.297811 0.273858
v -1.684497 1.319803 0.254037
v -1.672997 1.310237 0.223789
v -1.716197 1.287443 0.243214
v -1.702396 1.281626 0.203645
v -1.659997 1.305528 0.185714
v -1.643597 1.301874 0.139233
v -1.686797 1.276260 0.155074
v -1.672196 1.271867 0.101397
v -1.627397 1.298893 0.087849
v -1.615597 1.296402 0.034662
v -1.656997 1.265973 0.047829
v -1.647297 1.263285 -0.004957
v -1.607897 1.295217 -0.017332
v -1.719397 1.335743 1.010561
v -1.726996 1.313619 1.006182
v -1.746397 1.319580 1.035650
v -1.738597 1.336908 1.040655
v -1.707897 1.310673 0.979498
v -1.698997 1.339360 0.977041
v -1.688097 1.292963 0.922894
v -1.682497 1.309890 0.909601
v -1.683797 1.304460 0.940631
v -1.675397 1.328507 0.930799
v -1.689597 1.324306 0.894122
v -1.685297 1.340682 0.908033
v -1.702297 1.341033 0.899130
v -1.708297 1.332163 0.886279
v -1.700497 1.347045 0.919498
v -1.714797 1.344561 0.904211
v -1.688597 1.345426 0.934307
v -1.707697 1.351659 0.940273
v -1.719097 1.349681 0.926184
v -1.730997 1.348094 0.910292
v -1.685297 1.331131 0.953586
v -1.693597 1.309656 0.958203
v -1.687497 1.342903 0.948421
v -1.701297 1.350650 0.956879
v -1.743397 1.494017 1.169797
v -1.734597 1.485393 1.147144
v -1.752896 1.473403 1.149010
v -1.758297 1.480918 1.169969
v -1.749396 1.468883 1.127034
v -1.728097 1.481062 1.123268
v -1.762997 1.456515 1.133002
v -1.764597 1.461632 1.154274
v -1.767497 1.468845 1.174835
v -1.724096 1.477736 1.100285
v -1.747996 1.464666 1.105757
v -1.748597 1.459750 1.084584
v -1.723297 1.474210 1.077104
v -1.763496 1.446384 1.090757
v -1.762796 1.451400 1.111930
v -1.770897 1.439246 1.047395
v -1.766497 1.442163 1.068780
v -1.752497 1.455430 1.062607
v -1.758997 1.453112 1.041219
v -1.727897 1.470575 1.052524
v -1.736497 1.468847 1.029233
v -1.744997 1.468136 1.008837
v -1.764997 1.451906 1.021726
v -1.766597 1.448304 1.003045
v -1.748796 1.464432 0.989957
v -1.776196 1.434538 1.009320
v -1.775297 1.437341 1.028105
v -1.683496 1.514819 0.932580
v -1.685997 1.510113 0.913305
v -1.721296 1.486398 0.947036
v -1.718596 1.488105 0.966527
v -1.728897 1.492721 0.932901
v -1.693296 1.514534 0.898781
v -1.757796 1.463854 0.957459
v -1.750196 1.461532 0.971672
v -1.776497 1.432237 0.972633
v -1.775097 1.431833 0.990135
v -1.766197 1.445003 0.984563
v -1.769697 1.444816 0.968764
v -1.773296 1.329798 1.093795
v -1.767997 1.340222 1.097938
v -1.759497 1.328652 1.067001
v -1.770197 1.317128 1.062664
v -1.756697 1.342967 1.069623
v -1.768197 1.352130 1.099373
v -1.786897 1.309518 1.079206
v -1.781096 1.319560 1.086851
v -1.780897 1.306514 1.060122
v -1.788796 1.297120 1.061273
v -1.777997 1.248072 1.052542
v -1.782097 1.265639 1.064846
v -1.771697 1.228506 1.040548
v -1.747497 1.234108 1.059318
v -1.756697 1.251151 1.067025
v -1.764397 1.268901 1.076128
v -1.763597 1.206856 1.031467
v -1.755796 1.182420 1.025100
v -1.736497 1.216584 1.054914
v -1.719296 1.196389 1.055824
v -1.717196 1.163228 1.044706
v -1.749197 1.155395 1.020448
v -1.790697 1.286786 1.073230
v -1.793797 1.291553 1.067304
v -1.781497 1.305722 1.098127
v -1.789697 1.310076 1.089703
v -1.772497 1.352786 1.127970
v -1.775697 1.341652 1.121830
v -1.772197 1.352423 1.152972
v -1.772696 1.363393 1.129212
v -1.773197 1.365054 1.158603
v -1.774796 1.375557 1.159245
v -1.775697 1.329369 1.124998
v -1.782697 1.327777 1.108206
v -1.771397 1.287853 1.085624
v -1.783297 1.281496 1.075159
v -1.731397 1.236676 1.089905
v -1.735897 1.250697 1.093728
v -1.740097 1.254013 1.078410
v -1.732596 1.238587 1.073694
v -1.746497 1.271755 1.086013
v -1.739497 1.267141 1.101738
v -1.743196 1.285108 1.113940
v -1.753696 1.290715 1.096909
v -1.761396 1.308912 1.114510
v -1.750297 1.302899 1.130443
v -1.764896 1.328340 1.137904
v -1.759996 1.320509 1.150447
v -1.769497 1.338231 1.172750
v -1.766897 1.346472 1.162005
v -1.771196 1.359889 1.183232
v -1.774096 1.368113 1.187687
v -1.781397 1.355152 1.194758
v -1.793297 1.375072 1.216749
v -1.775897 1.376132 1.191143
v -1.788597 1.388088 1.219678
v -1.786297 1.398084 1.218823
v -1.778797 1.387029 1.190483
v -1.805696 1.310731 1.191101
v -1.811397 1.330864 1.215391
v -1.797597 1.345598 1.203210
v -1.786897 1.325973 1.180517
v -1.811397 1.352631 1.245872
v -1.806097 1.365748 1.230600
v -1.785996 1.274346 1.157499
v -1.796496 1.291727 1.172104
v -1.775797 1.307067 1.161120
v -1.765797 1.289176 1.144518
v -1.768597 1.243230 1.136269
v -1.776397 1.258283 1.145987
v -1.758097 1.272299 1.130610
v -1.752797 1.256136 1.118999
v -1.762997 1.229181 1.127446
v -1.747396 1.240995 1.111581
v -1.742897 1.227272 1.107356
v -1.758997 1.215643 1.120420
v -1.781397 1.415119 1.206930
v -1.777697 1.406282 1.181978
v -1.779596 1.397608 1.186625
v -1.784596 1.407654 1.213371
v -1.775396 1.386647 1.157285
v -1.773497 1.396633 1.154630
v -1.770697 1.446570 1.161257
v -1.774597 1.453982 1.181817
v -1.768297 1.440350 1.139491
v -1.771497 1.426178 1.144568
v -1.774696 1.432904 1.167532
v -1.779696 1.440221 1.188892
v -1.779197 1.424875 1.198876
v -1.775997 1.417845 1.175014
v -1.776397 1.412462 1.178244
v -1.779596 1.419790 1.201504
v -1.772497 1.403919 1.152090
v -1.772797 1.410106 1.149756
v -1.776096 1.424026 1.171680
v -1.780396 1.430952 1.194643
v -1.772897 1.416794 1.147620
v -1.773197 1.375191 1.128847
v -1.771996 1.386386 1.127786
v -1.770197 1.377040 1.101137
v -1.769597 1.364436 1.100505
v -1.770496 1.414331 1.099532
v -1.770397 1.419756 1.122203
v -1.767696 1.434432 1.117923
v -1.768297 1.429112 1.095951
v -1.770797 1.395180 1.126637
v -1.770397 1.402673 1.125397
v -1.769397 1.396240 1.101131
v -1.770397 1.387341 1.101280
v -1.769796 1.404338 1.100887
v -1.770897 1.409967 1.124257
v -1.761697 1.356179 1.071850
v -1.767397 1.369590 1.073877
v -1.762297 1.364743 1.047003
v -1.748897 1.352024 1.043573
v -1.770397 1.425187 1.073173
v -1.774397 1.422467 1.051287
v -1.776297 1.407978 1.053266
v -1.772297 1.410702 1.075952
v -1.771297 1.381297 1.075113
v -1.770297 1.391802 1.075955
v -1.772097 1.388268 1.051574
v -1.771797 1.376158 1.049641
v -1.774197 1.397676 1.052923
v -1.770897 1.400605 1.076507
v -1.782097 1.418356 1.012609
v -1.779397 1.420460 1.031698
v -1.780897 1.405367 1.032980
v -1.783796 1.402859 1.013194
v -1.735997 1.351968 1.015072
v -1.757497 1.362100 1.020917
v -1.753897 1.360767 0.996524
v -1.726497 1.355325 0.988854
v -1.770797 1.372527 1.025660
v -1.773296 1.385245 1.028991
v -1.772897 1.383327 1.007401
v -1.768797 1.370699 1.002470
v -1.778797 1.392447 1.011151
v -1.777097 1.394960 1.031737
v -1.780597 1.415348 0.974625
v -1.781397 1.416147 0.992821
v -1.782897 1.400446 0.992607
v -1.778896 1.399545 0.974111
v -1.725297 1.357601 0.966341
v -1.749997 1.362648 0.974813
v -1.748397 1.364543 0.955603
v -1.729796 1.356401 0.947947
v -1.771196 1.391227 0.970957
v -1.776096 1.390933 0.990159
v -1.766996 1.384211 0.986296
v -1.761497 1.385802 0.966386
v -1.756097 1.375876 0.961641
v -1.761396 1.373484 0.981354
v -1.829197 1.294020 0.732285
v -1.860697 1.324074 0.705621
v -1.873297 1.342481 0.761721
v -1.844697 1.308588 0.781206
v -1.738597 1.277816 0.786475
v -1.756396 1.294357 0.812185
v -1.767397 1.298673 0.796861
v -1.739997 1.284824 0.769636
v -1.780996 1.275968 0.704684
v -1.801097 1.286709 0.748626
v -1.756797 1.275061 0.721589
v -1.782797 1.287971 0.760019
v -1.819097 1.298149 0.792464
v -1.799996 1.297183 0.798669
v -1.734397 1.268437 0.717225
v -1.726097 1.257593 0.690884
v -1.744797 1.261637 0.680762
v -1.738997 1.280287 0.744561
v -1.759497 1.287462 0.758222
v -1.775597 1.291441 0.772700
v -1.785896 1.298703 0.802361
v -1.768097 1.264055 0.665748
v -1.724697 1.224782 1.072769
v -1.712497 1.214499 1.075926
v -1.717397 1.218391 1.092605
v -1.727997 1.224573 1.089471
v -1.729497 1.208372 1.107660
v -1.740197 1.214661 1.105625
v -1.740897 1.194536 1.119236
v -1.754497 1.201524 1.117097
v -1.745597 1.194212 1.133238
v -1.759896 1.195585 1.128130
v -1.749396 1.202179 1.145294
v -1.764397 1.205316 1.133877
v -1.767397 1.217465 1.142710
v -1.755897 1.211546 1.157543
v -1.764097 1.223119 1.170880
v -1.772197 1.231124 1.153536
v -1.773197 1.236292 1.184108
v -1.779696 1.245286 1.164858
v -1.788997 1.260355 1.177376
v -1.782797 1.251270 1.198426
v -1.792597 1.267656 1.214137
v -1.798596 1.276936 1.192086
v -1.806996 1.295136 1.210286
v -1.800696 1.285052 1.231642
v -1.804697 1.303458 1.250841
v -1.811996 1.315064 1.233678
v -1.810397 1.337829 1.263854
v -1.798897 1.324906 1.277825
v -1.778497 1.321016 1.279746
v -1.788997 1.303605 1.259441
v -1.779596 1.292944 1.248299
v -1.749797 1.316088 1.274673
v -1.722096 1.280344 1.230068
v -1.734397 1.297853 1.249972
v -1.769197 1.278553 1.231877
v -1.758496 1.261658 1.214470
v -1.698896 1.250840 1.192929
v -1.710096 1.263742 1.211658
v -1.747897 1.245574 1.199057
v -1.737597 1.231990 1.183832
v -1.719597 1.212226 1.153939
v -1.727497 1.220708 1.168893
v -1.688197 1.242038 1.174376
v -1.679397 1.235442 1.156712
v -1.712697 1.205562 1.123875
v -1.668997 1.224369 1.125273
v -1.673497 1.228653 1.140549
v -1.715597 1.205245 1.139077
v -1.695797 1.218917 1.097402
v -1.705397 1.214496 1.111926
v -1.657797 1.222833 1.100380
v -1.663696 1.223999 1.112374
v -1.689696 1.212736 1.082635
v -1.686397 1.198160 1.068815
v -1.650597 1.211871 1.070840
v -1.653497 1.219061 1.087101
v -1.683697 1.175977 1.053736
v -1.681797 1.153350 1.030560
v -1.646597 1.180531 1.027111
v -1.648497 1.198758 1.050111
v -1.680497 1.134890 1.001460
v -1.676597 1.120599 0.966538
v -1.644096 1.142125 0.971320
v -1.646497 1.161386 1.000615
v -1.664097 1.107786 0.927608
v -1.644697 1.087295 0.892819
v -1.619097 1.094415 0.914781
v -1.634196 1.123949 0.939119
v -1.608697 1.072687 0.873199
v -1.625597 1.070293 0.855912
v -1.579197 1.063866 1.015449
v -1.582197 1.059270 0.961374
v -1.570697 1.035251 0.976305
v -1.565097 1.007248 0.994159
v -1.573397 1.032582 1.036721
v -1.576897 1.042531 1.009166
v -1.577897 1.061374 1.071664
v -1.593596 1.058506 0.894977
v -1.595696 1.078106 0.931370
v -1.576497 1.044291 0.855654
v -1.555097 1.034416 0.878508
v -1.574497 1.043030 0.917562
v -1.558597 1.028878 0.816838
v -1.539297 1.011757 0.776431
v -1.521297 0.999059 0.795101
v -1.536797 1.020192 0.837685
v -1.528896 1.011539 0.718331
v -1.516897 0.996024 0.733916
v -1.495097 0.983397 0.692485
v -1.504897 1.001433 0.680686
v -1.482596 0.964760 0.703987
v -1.502097 0.980210 0.749603
v -1.475097 0.978894 0.655409
v -1.482297 1.000465 0.650091
v -1.458397 1.006833 0.625955
v -1.448297 0.983644 0.627882
v -1.465096 0.956117 0.659634
v -1.436196 0.957842 0.627624
v -1.527397 1.012806 0.657523
v -1.553797 1.016200 0.693005
v -1.572496 1.008929 0.679945
v -1.546397 1.004421 0.642069
v -1.538897 1.023365 0.704866
v -1.512597 1.018177 0.670494
v -1.504197 1.013043 0.627722
v -1.490396 1.018427 0.643092
v -1.469896 1.022398 0.619470
v -1.483497 1.016712 0.603701
v -1.551897 1.019451 0.574286
v -1.522397 1.020844 0.536378
v -1.504197 1.003217 0.549974
v -1.537697 1.003426 0.588074
v -1.520197 1.004236 0.608169
v -1.496397 1.007202 0.583753
v -1.477497 1.013249 0.574020
v -1.464396 1.023013 0.585666
v -1.470297 1.011426 0.551429
v -1.447697 1.026377 0.560848
v -1.449297 1.027174 0.596644
v -1.435097 1.012004 0.602227
v -1.426897 1.030721 0.568824
v -1.410697 1.013046 0.573521
v -1.556497 1.030755 0.940429
v -1.535697 1.027341 0.901347
v -1.522097 1.014335 0.918519
v -1.546197 1.016130 0.954210
v -1.562197 0.932276 0.962969
v -1.565496 0.961953 0.976806
v -1.559196 0.956355 0.940637
v -1.559297 0.918016 0.933546
v -1.552597 0.989213 0.951257
v -1.533497 0.976215 0.915027
v -1.541697 0.941350 0.903318
v -1.544797 0.903412 0.896426
v -1.526597 0.996833 0.918315
v -1.544897 1.003593 0.947478
v -1.512796 1.018400 0.857396
v -1.501797 0.992247 0.811338
v -1.489997 0.979814 0.823506
v -1.494697 1.003800 0.875676
v -1.499097 0.964315 0.823691
v -1.507697 0.981806 0.876896
v -1.517997 0.960072 0.870615
v -1.510397 0.944087 0.818602
v -1.523497 0.912145 0.811176
v -1.529797 0.926412 0.859799
v -1.532496 0.889787 0.855400
v -1.525197 0.876342 0.810672
v -1.487097 0.968077 0.762070
v -1.470197 0.948598 0.711075
v -1.478797 0.956218 0.769535
v -1.460096 0.935320 0.715048
v -1.465497 0.920020 0.715132
v -1.485297 0.942817 0.769308
v -1.499697 0.925292 0.764804
v -1.480197 0.904702 0.711916
v -1.493896 0.881093 0.710345
v -1.514397 0.897169 0.760758
v -1.516397 0.863588 0.764342
v -1.493896 0.853027 0.716599
v -1.546097 0.893578 0.945080
v -1.550897 0.919962 0.978536
v -1.530996 0.878569 0.906962
v -1.515297 0.860777 0.926659
v -1.532496 0.877095 0.966471
v -1.535697 0.908473 0.998899
v -1.517997 0.866644 0.865826
v -1.510797 0.851905 0.822206
v -1.488097 0.835809 0.841295
v -1.498497 0.851446 0.884610
v -1.501297 0.838261 0.777680
v -1.481896 0.829397 0.729428
v -1.464497 0.807785 0.745547
v -1.479096 0.818962 0.796186
v -1.463397 0.842839 0.663854
v -1.454897 0.821396 0.674371
v -1.429896 0.812409 0.621920
v -1.436397 0.832665 0.613909
v -1.418897 0.793971 0.633421
v -1.441597 0.801069 0.687883
v -1.416997 0.790163 0.705142
v -1.433797 0.798190 0.764799
v -1.399497 0.783257 0.649179
v -1.375497 0.782037 0.663686
v -1.386997 0.790643 0.719640
v -1.398097 0.799568 0.778992
v -1.565396 1.075093 1.129989
v -1.568196 1.041116 1.097775
v -1.558597 1.029054 1.122941
v -1.567496 1.052921 1.153411
v -1.570097 1.058083 1.128183
v -1.569097 1.080295 1.185162
v -1.557696 1.018640 1.065697
v -1.547597 0.990067 1.034153
v -1.527496 0.970621 1.062260
v -1.545096 1.003091 1.093283
v -1.531397 0.941423 1.026219
v -1.548197 0.954615 1.006347
v -1.520496 0.904855 1.013919
v -1.520997 0.930462 1.033280
v -1.511197 0.906844 1.030109
v -1.515797 0.937261 1.051343
v -1.514297 0.874099 0.985487
v -1.496097 0.852394 0.948006
v -1.481896 0.848596 0.966727
v -1.503397 0.874382 1.000586
v -1.474196 0.840675 0.907969
v -1.456297 0.827639 0.864940
v -1.416397 0.821669 0.888773
v -1.451097 0.835003 0.931600
v -1.407396 0.809362 0.832739
v -1.445097 0.811881 0.817925
v -1.578796 1.039824 1.172383
v -1.591997 1.061813 1.206763
v -1.567397 1.014157 1.141823
v -1.575797 0.999642 1.157503
v -1.591297 1.023205 1.187174
v -1.607397 1.044890 1.220956
v -1.551497 0.987906 1.114466
v -1.533096 0.960881 1.091514
v -1.544497 0.949167 1.107278
v -1.559796 0.975197 1.130936
v -1.562297 0.952516 1.152761
v -1.576297 0.973570 1.180846
v -1.577997 0.986911 1.170073
v -1.562297 0.964161 1.142797
v -1.551897 0.939219 1.116933
v -1.553197 0.928473 1.126692
v -1.524297 0.930964 1.070277
v -1.519597 0.899925 1.045047
v -1.534596 0.891280 1.054994
v -1.538297 0.921234 1.083031
v -1.543297 0.882128 1.063945
v -1.547896 0.912481 1.091679
v -1.548596 0.901938 1.102137
v -1.542097 0.871794 1.075901
v -1.508197 0.867250 1.013125
v -1.484597 0.836473 0.980793
v -1.496797 0.822318 0.989071
v -1.522197 0.857096 1.021581
v -1.503297 0.800943 1.012088
v -1.528196 0.837122 1.044591
v -1.530296 0.846748 1.031138
v -1.503596 0.810471 0.998736
v -1.446197 0.815018 0.952510
v -1.409097 0.794445 0.921122
v -1.413696 0.763812 0.933390
v -1.456697 0.792075 0.962936
v -1.425397 0.730093 0.948175
v -1.467697 0.765676 0.981681
v -1.464296 0.777320 0.971217
v -1.420397 0.744353 0.940897
v -1.582897 1.213074 1.655942
v -1.576197 1.188321 1.682878
v -1.589296 1.175002 1.661251
v -1.596396 1.199172 1.637418
v -1.576997 1.143446 1.687624
v -1.563097 1.155275 1.711259
v -1.586197 1.216324 1.592023
v -1.577497 1.229919 1.609349
v -1.582097 1.237669 1.600307
v -1.592096 1.224275 1.583080
v -1.582497 1.244791 1.585968
v -1.591997 1.231902 1.569738
v -1.586297 1.209506 1.607061
v -1.577396 1.224298 1.623880
v -1.575597 1.225954 1.615871
v -1.583696 1.211761 1.598848
v -1.581297 1.222667 1.636389
v -1.592297 1.208171 1.618968
v -1.599096 1.214346 1.541234
v -1.601196 1.204706 1.552186
v -1.611096 1.182690 1.512906
v -1.607397 1.195141 1.503938
v -1.608897 1.171330 1.520169
v -1.596597 1.194950 1.560240
v -1.611297 1.158497 1.532439
v -1.597197 1.183727 1.574502
v -1.593897 1.188084 1.566678
v -1.607897 1.163661 1.525911
v -1.604897 1.181884 1.584812
v -1.618697 1.154544 1.541061
v -1.628696 1.147411 1.553400
v -1.614297 1.174770 1.600651
v -1.615296 1.174310 1.461752
v -1.620097 1.161754 1.469820
v -1.626397 1.142623 1.427624
v -1.619596 1.153682 1.420164
v -1.624396 1.133170 1.436276
v -1.616897 1.150393 1.477082
v -1.618896 1.062517 1.262360
v -1.608497 1.077639 1.248077
v -1.619997 1.088675 1.291118
v -1.626897 1.077142 1.303481
v -1.602696 1.098843 1.285262
v -1.585997 1.092596 1.240095
v -1.619897 1.136386 1.384358
v -1.628797 1.126724 1.391311
v -1.627296 1.112245 1.358690
v -1.616297 1.120911 1.352542
v -1.630796 1.104424 1.373033
v -1.629697 1.119583 1.402150
v -1.626297 1.122528 1.446835
v -1.620097 1.137758 1.488852
v -1.615897 1.142627 1.483125
v -1.623497 1.127614 1.444207
v -1.628197 1.117956 1.415459
v -1.628897 1.111525 1.409794
v -1.626797 1.133293 1.495376
v -1.630497 1.117051 1.451065
v -1.632497 1.108877 1.455909
v -1.633697 1.125440 1.503819
v -1.629296 1.105432 1.411128
v -1.628497 1.095343 1.376482
v -1.625796 1.090988 1.384906
v -1.627896 1.097742 1.412970
v -1.631597 1.090427 1.337109
v -1.624496 1.099371 1.326960
v -1.610997 1.107442 1.321515
v -1.610197 1.153084 1.621570
v -1.626697 1.129000 1.569701
v -1.616297 1.101699 1.587751
v -1.598197 1.124820 1.646325
v -1.632096 1.110100 1.514804
v -1.627996 1.097000 1.460074
v -1.617097 1.085716 1.463036
v -1.620896 1.094134 1.521091
v -1.600097 1.077824 1.464579
v -1.603497 1.083313 1.517250
v -1.583897 1.071402 1.515315
v -1.581397 1.065050 1.469350
v -1.593297 1.065773 1.546647
v -1.607397 1.075659 1.562393
v -1.610697 1.062958 1.342859
v -1.620896 1.080699 1.368562
v -1.626797 1.082287 1.348153
v -1.620196 1.068020 1.317731
v -1.621797 1.087318 1.408527
v -1.610597 1.077091 1.403783
v -1.593197 0.991242 1.212250
v -1.596497 1.007674 1.199859
v -1.610197 1.028370 1.235547
v -1.606697 1.011977 1.255237
v -1.591997 1.031828 1.355730
v -1.585597 1.049143 1.413336
v -1.597696 1.066499 1.405141
v -1.600797 1.049702 1.351032
v -1.609897 1.040186 1.293383
v -1.615396 1.049401 1.277732
v -1.599796 1.018752 1.305300
v -1.604497 1.036185 1.311405
v -1.661696 1.483067 0.649050
v -1.657197 1.456922 0.604392
v -1.714097 1.466119 0.603842
v -1.723597 1.491699 0.654902
v -1.701497 1.437648 0.554297
v -1.652097 1.429268 0.558043
v -1.646996 1.411314 0.511640
v -1.689796 1.416887 0.506809
v -1.680997 1.400752 0.463797
v -1.642696 1.397479 0.468815
v -1.677297 1.389547 0.426358
v -1.639397 1.385974 0.431278
v -1.636297 1.374101 0.399742
v -1.674897 1.378874 0.394716
v -1.632196 1.364056 0.373297
v -1.670997 1.369524 0.367467
v -1.665896 1.360692 0.343315
v -1.627196 1.355028 0.349946
v -1.621596 1.346306 0.327693
v -1.660196 1.351671 0.321164
v -1.654097 1.343149 0.299010
v -1.615396 1.337484 0.305341
v -1.608397 1.328552 0.281290
v -1.647397 1.335518 0.275151
v -1.638797 1.326476 0.249200
v -1.599196 1.319010 0.255441
v -1.586496 1.311350 0.226183
v -1.627397 1.319112 0.219140
v -1.611997 1.313217 0.183572
v -1.569197 1.302971 0.193528
v -1.545997 1.293869 0.156678
v -1.591597 1.307486 0.141403
v -1.572897 1.302625 0.093729
v -1.513197 1.285927 0.112320
v -1.509097 1.291593 -0.003412
v -1.558197 1.303843 -0.012580
v -1.562297 1.301536 0.040934
v -1.510597 1.287594 0.051610
v -1.426197 1.280511 0.054649
v -1.465897 1.285608 0.054121
v -1.462697 1.282768 0.101637
v -1.423897 1.275951 0.098475
v -1.428197 1.283336 0.004433
v -1.466597 1.289518 0.001199
v -1.596396 1.423097 0.581677
v -1.621397 1.419336 0.570597
v -1.621696 1.446582 0.615349
v -1.596396 1.443144 0.626668
v -1.620797 1.473405 0.656003
v -1.593496 1.465358 0.665647
v -1.588997 1.391595 0.489948
v -1.615697 1.387238 0.479671
v -1.618896 1.401180 0.523796
v -1.593496 1.406241 0.534868
v -1.579496 1.370090 0.416064
v -1.608497 1.363649 0.408599
v -1.612297 1.375726 0.440834
v -1.584496 1.379974 0.449711
v -1.568497 1.353728 0.368153
v -1.598396 1.347380 0.359488
v -1.603597 1.355504 0.382144
v -1.573997 1.361947 0.389908
v -1.557997 1.333990 0.324861
v -1.587196 1.330035 0.314782
v -1.593097 1.338959 0.337334
v -1.563497 1.344211 0.346805
v -1.541397 1.314226 0.276668
v -1.570597 1.309464 0.265394
v -1.580097 1.320104 0.290836
v -1.550997 1.323461 0.301318
v -1.527997 1.307388 0.251405
v -1.557297 1.300316 0.238243
v -1.539997 1.290162 0.210199
v -1.510597 1.302249 0.226033
v -1.488697 1.294015 0.201577
v -1.462097 1.283309 0.182136
v -1.487697 1.276754 0.153871
v -1.517097 1.280896 0.179949
v -1.430897 1.271847 0.170898
v -1.452597 1.271778 0.140098
v -1.418696 1.259850 0.134963
v -1.400097 1.255919 0.165785
v -1.573297 1.464858 0.665750
v -1.573997 1.446377 0.632650
v -1.554797 1.453008 0.638414
v -1.560197 1.464329 0.660452
v -1.546097 1.438608 0.601792
v -1.570897 1.429354 0.592043
v -1.564796 1.414807 0.546921
v -1.535296 1.426671 0.558557
v -1.524397 1.417924 0.513604
v -1.557297 1.402360 0.501789
v -1.549897 1.391638 0.461347
v -1.513797 1.409402 0.472950
v -1.503596 1.400518 0.439398
v -1.542497 1.381554 0.427702
v -1.535497 1.372717 0.402650
v -1.495697 1.393379 0.414037
v -1.489897 1.385066 0.393282
v -1.529596 1.363605 0.382199
v -1.508797 1.475774 0.613889
v -1.523296 1.454054 0.610208
v -1.537996 1.466151 0.646142
v -1.527997 1.485477 0.650836
v -1.552997 1.477198 0.672982
v -1.545796 1.495145 0.681484
v -1.496097 1.441470 0.521775
v -1.508797 1.446018 0.567151
v -1.491497 1.470837 0.570415
v -1.477696 1.468686 0.524626
v -1.470397 1.427758 0.446649
v -1.483296 1.435844 0.480505
v -1.463297 1.464654 0.482348
v -1.446897 1.456968 0.448289
v -1.546897 1.598043 0.772222
v -1.528896 1.590941 0.735361
v -1.512796 1.583236 0.698002
v -1.535896 1.580926 0.732615
v -1.521996 1.574425 0.695950
v -1.552597 1.586025 0.768888
v -1.497497 1.577486 0.652233
v -1.483897 1.576203 0.600639
v -1.495397 1.563007 0.601311
v -1.508496 1.567280 0.651189
v -1.470596 1.580107 0.546517
v -1.457797 1.584817 0.493390
v -1.467397 1.566244 0.498492
v -1.482397 1.564423 0.549403
v -1.440297 1.582160 0.446504
v -1.417897 1.571354 0.408963
v -1.424897 1.555282 0.413951
v -1.448597 1.563789 0.451805
v -1.395797 1.555199 0.380651
v -1.375297 1.536277 0.358454
v -1.383997 1.524201 0.362920
v -1.403296 1.541326 0.385527
v -1.356697 1.517078 0.340459
v -1.340497 1.499282 0.322856
v -1.351397 1.487895 0.325318
v -1.366597 1.505895 0.343520
v -1.311196 1.469385 0.286919
v -1.325697 1.483484 0.305042
v -1.322197 1.456603 0.290289
v -1.336997 1.471398 0.307608
v -1.291596 1.431484 0.250226
v -1.306797 1.444300 0.271556
v -1.296297 1.456981 0.268087
v -1.280897 1.444067 0.247257
v -1.243497 1.406837 0.205260
v -1.263496 1.427346 0.225148
v -1.255096 1.394255 0.208529
v -1.274796 1.414461 0.227919
v -1.221697 1.383550 0.189487
v -1.198497 1.358976 0.175921
v -1.211097 1.349499 0.180273
v -1.233996 1.372371 0.193348
v -1.537197 1.534486 0.688969
v -1.530597 1.556306 0.692549
v -1.516197 1.547678 0.650896
v -1.521597 1.525078 0.650920
v -1.501496 1.541423 0.604329
v -1.504996 1.517842 0.607959
v -1.490697 1.516084 0.560667
v -1.491597 1.494313 0.565987
v -1.507697 1.497259 0.610971
v -1.477197 1.492857 0.519394
v -1.476697 1.515621 0.512669
v -1.488196 1.541051 0.554731
v -1.473697 1.541781 0.505226
v -1.459897 1.512474 0.467486
v -1.459097 1.489123 0.476614
v -1.439497 1.482132 0.441651
v -1.438497 1.505775 0.431222
v -1.455697 1.539228 0.459039
v -1.432297 1.531924 0.421879
v -1.411596 1.519576 0.394846
v -1.394697 1.503755 0.372632
v -1.405597 1.480018 0.384262
v -1.420297 1.494533 0.405183
v -1.365197 1.468548 0.335024
v -1.379697 1.486345 0.352727
v -1.377597 1.446524 0.348945
v -1.391697 1.463515 0.365552
v -1.347497 1.415253 0.317816
v -1.362797 1.430041 0.333835
v -1.350197 1.451760 0.318916
v -1.335497 1.436866 0.301897
v -1.314997 1.390332 0.277551
v -1.331297 1.402750 0.299084
v -1.320897 1.424757 0.282063
v -1.305897 1.412137 0.260032
v -1.280396 1.358988 0.233022
v -1.298197 1.375703 0.253931
v -1.289297 1.396111 0.237019
v -1.269197 1.377105 0.217823
v -1.555797 1.521424 0.714240
v -1.561296 1.500574 0.705155
v -1.584597 1.508312 0.730412
v -1.549597 1.542461 0.720926
v -1.567897 1.527373 0.741408
v -1.562497 1.547936 0.752896
v -1.542397 1.514567 0.685478
v -1.542897 1.563598 0.727510
v -1.557397 1.568388 0.762284
v -1.525797 1.505277 0.650728
v -1.741997 1.342183 0.889924
v -1.725697 1.336662 0.886054
v -1.732497 1.323561 0.867626
v -1.752996 1.326670 0.869309
v -1.750597 1.308438 0.845208
v -1.733397 1.309657 0.848602
v -1.750297 1.365250 0.938599
v -1.757096 1.360465 0.923125
v -1.745597 1.352135 0.917670
v -1.736997 1.354519 0.932957
v -1.770597 1.321736 0.863136
v -1.784397 1.317842 0.864257
v -1.779397 1.310284 0.835298
v -1.765197 1.311303 0.838892
v -1.778896 1.332725 0.897676
v -1.766897 1.332364 0.886478
v -1.756496 1.344038 0.899914
v -1.768097 1.346198 0.910903
v -1.785196 1.324150 0.884023
v -1.774796 1.325722 0.878814
v -1.756897 1.375976 0.943240
v -1.764196 1.383804 0.948397
v -1.773597 1.373230 0.935055
v -1.765297 1.367495 0.928686
v -1.796997 1.316148 0.865366
v -1.793297 1.307083 0.835215
v -1.808396 1.306981 0.834916
v -1.810097 1.318250 0.865655
v -1.799597 1.340883 0.908132
v -1.789297 1.335761 0.904259
v -1.777496 1.351336 0.917774
v -1.786696 1.356468 0.923646
v -1.795697 1.325468 0.887215
v -1.807096 1.329378 0.888994
v -1.826397 1.310865 0.831895
v -1.825597 1.324645 0.864720
v -1.847297 1.326427 0.824909
v -1.842597 1.342924 0.860820
v -1.796897 1.390995 0.946758
v -1.784297 1.379161 0.940722
v -1.774197 1.388735 0.954070
v -1.784097 1.397462 0.958923
v -1.826097 1.367101 0.911388
v -1.811896 1.349395 0.910285
v -1.798596 1.364091 0.927905
v -1.812596 1.379712 0.931519
v -1.820396 1.337181 0.889652
v -1.835697 1.355574 0.888251
v -1.788397 1.439776 0.961391
v -1.791697 1.418381 0.962508
v -1.809297 1.419715 0.950401
v -1.799097 1.460076 0.943180
v -1.780396 1.449775 0.961136
v -1.774397 1.469317 0.950629
v -1.859197 1.381477 0.852208
v -1.865097 1.364453 0.811301
v -1.864097 1.411640 0.790442
v -1.859997 1.430785 0.835138
v -1.826397 1.447473 0.887748
v -1.839296 1.403981 0.907686
v -1.826897 1.413809 0.931033
v -1.818996 1.459426 0.915683
v -1.849896 1.393742 0.882342
v -1.843797 1.441049 0.865083
v -1.746497 1.502482 0.925847
v -1.710896 1.525499 0.892421
v -1.730097 1.535819 0.877664
v -1.771196 1.508204 0.911516
v -1.784596 1.515945 0.772972
v -1.789997 1.498406 0.729167
v -1.839097 1.460780 0.761173
v -1.833597 1.480831 0.806864
v -1.746197 1.534985 0.853268
v -1.789797 1.503972 0.887539
v -1.795597 1.486820 0.859732
v -1.754996 1.520845 0.827745
v -1.815097 1.485999 0.837636
v -1.769697 1.518417 0.804158
v -1.631297 1.536266 0.831561
v -1.653497 1.525097 0.873723
v -1.642497 1.528179 0.888706
v -1.607897 1.544364 0.831117
v -1.655396 1.540986 0.835135
v -1.666797 1.528557 0.866304
v -1.664897 1.523636 0.716329
v -1.663997 1.507861 0.684514
v -1.727197 1.515241 0.699074
v -1.724497 1.530855 0.738189
v -1.685496 1.533864 0.867575
v -1.689597 1.544369 0.850117
v -1.620497 1.535427 0.787865
v -1.620697 1.527532 0.752108
v -1.595997 1.529189 0.780899
v -1.658597 1.541715 0.767230
v -1.654197 1.546593 0.799804
v -1.579997 1.533839 0.771673
v -1.580597 1.550640 0.790182
v -1.621696 1.511431 0.715595
v -1.619596 1.494989 0.689485
v -1.588997 1.484228 0.696744
v -1.630597 1.523229 0.733331
v -1.664797 1.533479 0.742475
v -1.567797 1.481491 0.690059
v -1.716396 1.536224 0.768960
v -1.707397 1.541763 0.794330
v -1.698597 1.549119 0.822791
v -1.577097 1.569420 0.804679
v -1.571497 1.586472 0.814086
v -1.598697 1.559193 0.854636
v -1.587797 1.576996 0.873339
v -1.564597 1.599392 0.817815
v -1.575197 1.594051 0.865045
v -1.693397 1.530599 1.148197
v -1.710697 1.506100 1.148431
v -1.722096 1.514343 1.174486
v -1.703597 1.536463 1.178165
v -1.701997 1.502752 1.121349
v -1.683897 1.529240 1.119104
v -1.673197 1.532189 1.091387
v -1.694397 1.502009 1.095152
v -1.690496 1.501259 1.067756
v -1.661497 1.541509 1.058636
v -1.664897 1.536095 1.019465
v -1.694397 1.499090 1.036968
v -1.702897 1.496433 1.008382
v -1.664597 1.537752 0.975155
v -1.676697 1.523826 0.952031
v -1.712497 1.493011 0.986000
v -1.630796 1.538982 0.907447
v -1.620097 1.551373 0.924080
v -1.634896 1.587919 1.023681
v -1.630397 1.589317 0.986773
v -1.641697 1.564501 1.002109
v -1.645697 1.568587 1.036187
v -1.629897 1.560994 0.964328
v -1.614297 1.586900 0.947186
v -1.612897 1.562726 0.933618
v -1.597197 1.582813 0.913007
v -1.590796 1.600653 0.901910
v -1.610797 1.609336 0.935463
v -1.622996 1.607273 0.978775
v -1.626596 1.602293 1.019003
v -1.564897 1.082740 1.741557
v -1.555696 1.097296 1.770078
v -1.555797 1.123845 1.742432
v -1.568296 1.110903 1.716302
v -1.579697 1.047927 1.666246
v -1.574797 1.065349 1.706751
v -1.586596 1.093692 1.677996
v -1.601497 1.073561 1.635805
v -1.599997 1.055655 1.598203
v -1.584697 1.049562 1.562836
v -1.562397 1.037250 1.579003
v -1.574297 1.037289 1.622704
v -1.569297 1.051559 1.525824
v -1.567297 1.041818 1.481877
v -1.551797 1.018889 1.494903
v -1.552096 1.034726 1.538016
v -1.573297 1.023820 1.427375
v -1.581197 1.005599 1.368773
v -1.572897 0.976389 1.385333
v -1.561196 0.997301 1.442220
v -1.591197 0.992300 1.314245
v -1.594597 0.980831 1.265107
v -1.573397 0.960005 1.278722
v -1.577396 0.964682 1.329197
v -1.581897 0.971814 1.225456
v -1.569497 0.957436 1.193134
v -1.556996 0.941904 1.205420
v -1.564096 0.954882 1.237949
v -1.553997 0.914346 1.140169
v -1.560897 0.937584 1.165243
v -1.552497 0.922858 1.178823
v -1.547797 0.900229 1.155347
v -1.539997 0.858675 1.090873
v -1.548297 0.888315 1.116311
v -1.541497 0.874703 1.132386
v -1.532197 0.845468 1.107846
v -1.525597 0.824711 1.060959
v -1.502497 0.788632 1.028256
v -1.518097 0.812112 1.079328
v -1.497597 0.774636 1.047333
v -1.427896 0.715438 0.956555
v -1.469397 0.752046 0.994455
v -1.467997 0.735138 1.011148
v -1.428097 0.700195 0.966839
v -1.536197 0.980545 1.450312
v -1.526597 1.004921 1.500779
v -1.546496 0.962835 1.393908
v -1.512697 0.965649 1.396292
v -1.500796 0.983536 1.448795
v -1.491696 1.006904 1.497768
v -1.549097 0.955136 1.339149
v -1.546697 0.950867 1.289972
v -1.514497 0.947420 1.299691
v -1.516296 0.955073 1.345850
v -1.541297 0.944343 1.249107
v -1.535996 0.931761 1.215975
v -1.505696 0.926014 1.225707
v -1.510497 0.938699 1.259338
v -1.531497 0.914814 1.189167
v -1.501297 0.910165 1.198493
v -1.526196 0.893888 1.166182
v -1.495497 0.891041 1.175797
v -1.507796 0.841046 1.121970
v -1.518697 0.868772 1.145019
v -1.486597 0.867932 1.156024
v -1.474196 0.844107 1.133254
v -1.472096 0.773434 1.065240
v -1.493196 0.809101 1.095645
v -1.437596 0.791365 1.070841
v -1.458497 0.818853 1.105092
v -1.408297 0.695393 0.984865
v -1.442697 0.734640 1.029851
v -1.409397 0.757353 1.032227
v -1.377797 0.716414 0.988650
v -1.463197 0.866410 0.658725
v -1.452797 0.886716 0.659613
v -1.429497 0.872847 0.610589
v -1.436397 0.853843 0.609993
v -1.400597 0.788045 0.592152
v -1.384597 0.778923 0.606302
v -1.370896 0.777163 0.577112
v -1.384697 0.786588 0.563460
v -1.361397 0.775658 0.594620
v -1.366597 0.777494 0.619411
v -1.406297 0.817769 0.559989
v -1.397097 0.802454 0.557173
v -1.411997 0.804396 0.583163
v -1.417497 0.823468 0.577958
v -1.442697 0.918910 0.658537
v -1.413297 0.907434 0.607999
v -1.422497 0.888748 0.610702
v -1.441896 0.901621 0.660532
v -1.390697 0.846319 0.550633
v -1.399897 0.829123 0.551427
v -1.417197 0.842545 0.573754
v -1.411797 0.861039 0.572553
v -1.352797 0.808399 0.547140
v -1.367697 0.791480 0.543633
v -1.384097 0.810967 0.541326
v -1.370397 0.826870 0.541739
v -1.347997 0.781632 0.589787
v -1.352997 0.780678 0.561592
v -1.341697 0.797415 0.568301
v -1.339996 0.794243 0.591718
v -1.365396 0.808981 0.781341
v -1.372697 0.810750 0.830532
v -1.342896 0.819926 0.826081
v -1.336997 0.825079 0.780953
v -1.344196 0.797696 0.857304
v -1.375196 0.805564 0.869561
v -1.375497 0.771559 0.887047
v -1.341797 0.755031 0.863737
v -1.343797 0.712385 0.855470
v -1.377296 0.734887 0.892348
v -1.381396 0.710113 0.897183
v -1.383596 0.692147 0.903482
v -1.350596 0.683057 0.850531
v -1.354597 0.660270 0.852856
v -1.353797 0.640312 0.860565
v -1.383397 0.677182 0.909864
v -1.382397 0.665015 0.915931
v -1.350697 0.624267 0.870653
v -1.339497 0.614657 0.887106
v -1.371797 0.654600 0.931388
v -1.319797 0.625119 0.898549
v -1.346996 0.667846 0.939915
v -1.278896 0.607406 0.859545
v -1.297997 0.604781 0.873260
v -1.312997 0.592295 0.857628
v -1.290697 0.594487 0.837815
v -1.327597 0.597185 0.837401
v -1.306897 0.591307 0.823233
v -1.331297 0.617701 0.822088
v -1.300597 0.609034 0.809835
v -1.329697 0.643253 0.813348
v -1.295397 0.635701 0.803689
v -1.273296 0.634801 0.822094
v -1.279097 0.612022 0.826019
v -1.267797 0.621845 0.848466
v -1.264497 0.636402 0.840486
v -1.290497 0.697118 0.825053
v -1.290896 0.663517 0.806637
v -1.323997 0.670160 0.814401
v -1.317197 0.702531 0.827224
v -1.273197 0.625828 0.881745
v -1.288497 0.619150 0.885881
v -1.298997 0.640579 0.909364
v -1.274597 0.654597 0.912588
v -1.268497 0.693210 0.841775
v -1.269096 0.659430 0.827260
v -1.259896 0.653863 0.851591
v -1.257497 0.685863 0.869716
v -1.261497 0.640063 0.869866
v -1.258897 0.671806 0.895993
v -1.514597 1.236136 0.552699
v -1.504996 1.229698 0.509234
v -1.476397 1.213783 0.524821
v -1.483097 1.220714 0.567084
v -1.569897 1.183200 0.436687
v -1.557096 1.164477 0.395989
v -1.521996 1.187074 0.413566
v -1.532396 1.205380 0.451266
v -1.503197 1.161408 0.346905
v -1.512997 1.174399 0.381635
v -1.546297 1.152078 0.359557
v -1.535397 1.140462 0.320120
v -1.457597 1.194612 0.530126
v -1.459597 1.200546 0.572894
v -1.468797 1.164376 0.560192
v -1.466697 1.160655 0.519812
v -1.498796 1.209276 0.468745
v -1.492097 1.191572 0.431442
v -1.470696 1.183246 0.444987
v -1.474896 1.198057 0.483507
v -1.484397 1.178401 0.400313
v -1.473897 1.166514 0.366178
v -1.452597 1.157380 0.378328
v -1.462896 1.171069 0.412653
v -1.461997 1.181085 0.488800
v -1.469896 1.150239 0.480468
v -1.464296 1.165474 0.450285
v -1.468397 1.136933 0.442841
v -1.489897 1.112271 0.486376
v -1.497996 1.117180 0.524550
v -1.504797 1.057434 0.498077
v -1.487897 1.054420 0.458993
v -1.444397 1.138802 0.382430
v -1.459097 1.151390 0.416561
v -1.463097 1.123743 0.408012
v -1.445697 1.112561 0.374873
v -1.474896 1.018798 0.454987
v -1.496596 1.020616 0.494878
v -1.479497 1.002960 0.502875
v -1.458497 0.999235 0.461895
v -1.470397 1.092602 0.418983
v -1.481297 1.102780 0.451428
v -1.472397 1.049744 0.426718
v -1.458197 1.045588 0.398340
v -1.440697 1.078765 0.357458
v -1.458597 1.084132 0.387929
v -1.444297 1.043536 0.370551
v -1.426597 1.045187 0.343241
v -1.432397 0.999803 0.474192
v -1.452396 1.008225 0.514846
v -1.407396 1.011848 0.482526
v -1.426396 1.024673 0.523456
v -1.443196 1.013065 0.394118
v -1.457497 1.015621 0.422704
v -1.442397 0.994648 0.427719
v -1.429296 0.990378 0.396742
v -1.410996 1.020465 0.339277
v -1.428997 1.014311 0.366011
v -1.414797 0.993111 0.366127
v -1.395897 1.003761 0.338668
v -1.401297 1.026606 0.529546
v -1.384597 1.004424 0.532967
v -1.386797 1.004469 0.486366
v -1.368796 0.983279 0.488182
v -1.419497 0.989104 0.438050
v -1.408997 0.981115 0.403293
v -1.387597 0.985039 0.407672
v -1.396697 0.995540 0.444515
v -1.377797 0.997164 0.339204
v -1.395897 0.983827 0.369178
v -1.358897 0.990054 0.337543
v -1.376097 0.983142 0.371781
v -1.369997 0.971038 0.407648
v -1.379597 0.983351 0.446581
v -1.359197 0.962455 0.447296
v -1.348597 0.948039 0.407874
v -1.357697 0.967830 0.369665
v -1.335297 0.942223 0.368405
v -1.342997 0.969313 0.329956
v -1.319797 0.941184 0.324810
v -1.807597 1.385731 1.263891
v -1.805696 1.402784 1.291798
v -1.806396 1.376131 1.282344
v -1.796297 1.399752 1.322616
v -1.807696 1.407285 1.273774
v -1.805197 1.393552 1.249648
v -1.807696 1.412626 1.263044
v -1.799797 1.401522 1.244105
v -1.804996 1.418587 1.255911
v -1.794697 1.409107 1.241263
v -1.823297 1.430255 1.268248
v -1.816096 1.423522 1.262184
v -1.817897 1.418175 1.272014
v -1.825197 1.425111 1.278576
v -1.817297 1.413449 1.285540
v -1.825097 1.420689 1.292701
v -1.790497 1.416967 1.234020
v -1.799296 1.424942 1.247676
v -1.790397 1.432289 1.237936
v -1.785597 1.422822 1.225688
v -1.781997 1.424878 1.217577
v -1.781497 1.430187 1.219247
v -1.811296 1.429673 1.253251
v -1.819897 1.436009 1.259816
v -1.815797 1.443468 1.252275
v -1.805797 1.437328 1.244909
v -1.787097 1.455106 1.222711
v -1.783196 1.447823 1.207551
v -1.782496 1.437264 1.215109
v -1.788597 1.443051 1.230977
v -1.801097 1.447489 1.237853
v -1.810596 1.453532 1.245820
v -1.804996 1.467504 1.240543
v -1.796697 1.461252 1.231177
v -1.782097 1.472568 1.215615
v -1.778296 1.463382 1.200065
v -1.770697 1.479348 1.193778
v -1.775297 1.490338 1.210218
v -1.831897 1.444186 1.310372
v -1.829997 1.432239 1.301937
v -1.827497 1.429647 1.321652
v -1.828796 1.442388 1.329082
v -1.822597 1.417399 1.312919
v -1.816796 1.416246 1.339726
v -1.821297 1.429081 1.346055
v -1.822697 1.442208 1.350984
v -1.829797 1.450757 1.286836
v -1.827497 1.440406 1.277592
v -1.829496 1.436062 1.287716
v -1.831497 1.447110 1.296556
v -1.824497 1.460890 1.274580
v -1.821696 1.452229 1.263427
v -1.824897 1.445464 1.269865
v -1.827497 1.454919 1.279813
v -1.811697 1.474378 1.254006
v -1.817397 1.461697 1.257676
v -1.820197 1.469166 1.270235
v -1.814796 1.480054 1.267975
v -1.818896 1.452814 1.352126
v -1.824097 1.452605 1.332227
v -1.816096 1.459711 1.333287
v -1.811597 1.460809 1.351082
v -1.818896 1.459928 1.318086
v -1.826997 1.453611 1.315021
v -1.827497 1.455744 1.302709
v -1.819596 1.461169 1.307179
v -1.818896 1.463429 1.299967
v -1.826497 1.458797 1.294092
v -1.824897 1.462265 1.288373
v -1.817397 1.466203 1.295251
v -1.814497 1.469785 1.291932
v -1.821997 1.466742 1.284148
v -1.817596 1.473323 1.280612
v -1.810297 1.475167 1.288702
v -1.805497 1.482656 1.286661
v -1.812497 1.482313 1.278763
v -1.800597 1.492957 1.286705
v -1.807897 1.494319 1.279697
v -1.795796 1.504871 1.289340
v -1.804697 1.507446 1.284726
v -1.806797 1.509588 1.274114
v -1.809697 1.494058 1.268599
v -1.801297 1.520195 1.293656
v -1.798997 1.531572 1.307694
v -1.791897 1.518007 1.295768
v -1.789197 1.529575 1.308105
v -1.805797 1.536252 1.303868
v -1.805997 1.524055 1.286235
v -1.797196 1.539081 1.327453
v -1.786797 1.537275 1.326463
v -1.782697 1.540792 1.347744
v -1.793597 1.542304 1.349936
v -1.802397 1.548604 1.350001
v -1.805497 1.544471 1.325724
v -1.774497 1.541407 1.368741
v -1.785097 1.542726 1.372334
v -1.774397 1.539742 1.393450
v -1.764697 1.538416 1.388658
v -1.782697 1.545264 1.397620
v -1.793897 1.548738 1.374401
v -1.762897 1.534144 1.412181
v -1.755197 1.532413 1.406491
v -1.749997 1.520386 1.419757
v -1.754996 1.523526 1.427140
v -1.759996 1.529871 1.435305
v -1.770897 1.539278 1.418353
v -1.753696 1.509179 1.436918
v -1.754597 1.514037 1.447392
v -1.750997 1.506928 1.427531
v -1.755497 1.494046 1.430901
v -1.757896 1.494302 1.441100
v -1.757896 1.495867 1.452991
v -1.766797 1.481393 1.439570
v -1.767397 1.479557 1.451181
v -1.763797 1.483337 1.429360
v -1.779596 1.472247 1.431220
v -1.774597 1.475596 1.421802
v -1.782197 1.466907 1.442050
v -1.786197 1.469916 1.407133
v -1.792996 1.465260 1.415158
v -1.803997 1.458746 1.394394
v -1.796997 1.465614 1.388656
v -1.807297 1.448476 1.399950
v -1.796496 1.456708 1.424005
v -1.812097 1.454529 1.373017
v -1.805197 1.462411 1.369773
v -1.815197 1.443939 1.374874
v -1.779997 1.515905 1.295379
v -1.784496 1.501886 1.292056
v -1.771697 1.498295 1.293676
v -1.766197 1.512998 1.294195
v -1.762497 1.527252 1.304017
v -1.776896 1.528466 1.306511
v -1.774297 1.536261 1.323969
v -1.759996 1.535344 1.320773
v -1.756396 1.538851 1.340255
v -1.770397 1.539773 1.344350
v -1.749396 1.539453 1.358951
v -1.762597 1.540582 1.364245
v -1.753797 1.537784 1.382861
v -1.741597 1.537049 1.376465
v -1.746297 1.531375 1.399496
v -1.735997 1.529932 1.391704
v -1.734297 1.518188 1.401968
v -1.743196 1.519137 1.410964
v -1.745296 1.506471 1.417133
v -1.736697 1.505814 1.406736
v -1.741997 1.494620 1.407798
v -1.749997 1.494583 1.419498
v -1.757796 1.485075 1.417950
v -1.749997 1.486009 1.405945
v -1.759097 1.480076 1.399977
v -1.767497 1.478139 1.411388
v -1.787996 1.469881 1.346032
v -1.800797 1.465997 1.348953
v -1.794797 1.467986 1.365243
v -1.782297 1.471757 1.359922
v -1.787197 1.470378 1.381930
v -1.775797 1.473936 1.374410
v -1.767897 1.476214 1.388598
v -1.777596 1.473367 1.398314
v -1.746797 1.524739 1.301731
v -1.744297 1.534426 1.317578
v -1.730897 1.518755 1.304564
v -1.728597 1.530623 1.316899
v -1.741197 1.538228 1.336058
v -1.725397 1.535312 1.333174
v -1.721097 1.535197 1.348775
v -1.735097 1.538424 1.353657
v -1.716097 1.529274 1.362807
v -1.728197 1.535315 1.370274
v -1.724397 1.526789 1.383821
v -1.714497 1.520938 1.374653
v -1.715597 1.510273 1.381011
v -1.724397 1.515037 1.392586
v -1.724997 1.492480 1.382209
v -1.733497 1.493354 1.395804
v -1.727497 1.503456 1.396149
v -1.719296 1.500591 1.384165
v -1.741796 1.486040 1.393244
v -1.733397 1.486669 1.380241
v -1.740597 1.483238 1.374559
v -1.750597 1.481309 1.387670
v -1.746997 1.481099 1.367471
v -1.757896 1.478556 1.377885
v -1.763997 1.476690 1.365995
v -1.750297 1.479946 1.357777
v -1.810596 1.464695 1.311960
v -1.809096 1.463945 1.321164
v -1.798097 1.467156 1.323147
v -1.801097 1.467412 1.315145
v -1.803297 1.467983 1.309742
v -1.810197 1.466260 1.305651
v -1.734197 1.484749 1.358451
v -1.727397 1.487464 1.361036
v -1.711697 1.496565 1.343086
v -1.733197 1.485108 1.350849
v -1.709197 1.513281 1.364095
v -1.708197 1.517024 1.353774
v -1.710697 1.504287 1.365344
v -1.807997 1.468739 1.301738
v -1.798797 1.470274 1.308129
v -1.793397 1.473760 1.305510
v -1.804397 1.471922 1.298720
v -1.712896 1.521319 1.334550
v -1.717597 1.520456 1.322955
v -1.717997 1.509128 1.317917
v -1.711496 1.524676 1.345032
v -1.714396 1.498716 1.370475
v -1.717697 1.493590 1.365903
v -1.724896 1.489099 1.367427
v -1.755096 1.478397 1.348886
v -1.769197 1.475025 1.354004
v -1.758197 1.477445 1.339291
v -1.774397 1.473361 1.342413
v -1.739397 1.482880 1.345861
v -1.738097 1.483537 1.337957
v -1.730297 1.487440 1.320136
v -1.724297 1.498093 1.311577
v -1.737097 1.501925 1.299156
v -1.750196 1.486661 1.305840
v -1.805696 1.464415 1.333962
v -1.793497 1.468213 1.333541
v -1.786197 1.470951 1.322226
v -1.791897 1.470610 1.314728
v -1.773697 1.475335 1.319302
v -1.783096 1.474594 1.311906
v -1.780097 1.472003 1.331720
v -1.764797 1.476087 1.328898
v -1.799996 1.476706 1.295794
v -1.787697 1.478342 1.302285
v -1.795096 1.483194 1.293458
v -1.782297 1.483523 1.298857
v -1.789897 1.491387 1.292214
v -1.777997 1.489607 1.295923
v -1.760997 1.480109 1.314576
v -1.774597 1.479171 1.307581
v -1.768697 1.483745 1.302756
v -1.767696 1.487822 1.298633
v -1.759497 1.493410 1.296302
v -1.751297 1.508192 1.293122
v -1.746596 1.481171 1.325870
v -1.808097 1.407514 1.333873
v -1.814497 1.409758 1.305460
v -1.813396 1.430339 1.375049
v -1.808797 1.416536 1.374424
v -1.805696 1.434209 1.405928
v -1.800897 1.418641 1.411914
v -1.788897 1.427923 1.445263
v -1.794997 1.443366 1.434679
v -1.780396 1.457484 1.456202
v -1.773497 1.445163 1.470569
v -1.757597 1.470046 1.485733
v -1.764896 1.476247 1.467599
v -1.755096 1.498258 1.469679
v -1.744797 1.500985 1.492864
v -1.748696 1.532089 1.475294
v -1.753397 1.522414 1.461446
v -1.765297 1.541532 1.446441
v -1.767897 1.560511 1.460938
v -1.756496 1.565819 1.480509
v -1.740697 1.540752 1.486646
v -1.733097 1.517649 1.504473
v -1.786997 1.558779 1.400146
v -1.776997 1.552318 1.425582
v -1.780497 1.569850 1.431386
v -1.787797 1.575084 1.401057
v -1.796397 1.578018 1.370641
v -1.796697 1.562631 1.373125
v -1.804896 1.562282 1.346026
v -1.803997 1.577256 1.341044
v -1.806597 1.570102 1.312983
v -1.807997 1.556240 1.319959
v -1.806996 1.544807 1.295821
v -1.803397 1.555660 1.287062
v -1.805197 1.490974 1.253315
v -1.802096 1.509903 1.258512
v -1.792497 1.510194 1.238610
v -1.798596 1.486186 1.237341
v -1.790796 1.480223 1.225674
v -1.783096 1.499106 1.222570
v -1.797997 1.535324 1.262273
v -1.803897 1.528588 1.274010
v -1.768497 1.504321 1.207042
v -1.763197 1.492426 1.189706
v -1.751496 1.506433 1.190930
v -1.759296 1.518837 1.209962
v -1.775097 1.513200 1.221393
v -1.767897 1.527923 1.225713
v -1.782297 1.524883 1.236529
v -1.775496 1.534588 1.237576
v -1.748197 1.539897 1.220847
v -1.734197 1.526480 1.199520
v -1.718297 1.547722 1.207004
v -1.737197 1.561355 1.231430
v -1.775797 1.551469 1.252184
v -1.762297 1.548997 1.239097
v -1.755696 1.569676 1.253484
v -1.775597 1.575806 1.277251
v -1.792797 1.566233 1.282104
v -1.787797 1.544699 1.257721
v -1.788397 1.599515 1.333522
v -1.786397 1.591459 1.305166
v -1.797896 1.582074 1.307818
v -1.796496 1.588935 1.337180
v -1.789897 1.590503 1.368072
v -1.784197 1.590380 1.400373
v -1.783497 1.605167 1.397792
v -1.785797 1.602887 1.364904
v -1.772696 1.586816 1.461694
v -1.781096 1.589367 1.434479
v -1.776597 1.607540 1.429580
v -1.764797 1.583902 1.477410
v -1.773396 1.621760 1.414902
v -1.782597 1.617926 1.390422
v -1.772696 1.633631 1.391237
v -1.780797 1.627369 1.379871
v -1.784097 1.629737 1.355857
v -1.787197 1.616157 1.359432
v -1.787897 1.613083 1.327748
v -1.786397 1.632523 1.316641
v -1.772997 1.653955 1.322424
v -1.773697 1.643954 1.358880
v -1.778497 1.618982 1.291015
v -1.779596 1.604444 1.302295
v -1.756597 1.608503 1.276472
v -1.762297 1.592538 1.282960
v -1.768197 1.666261 1.287056
v -1.762197 1.679004 1.258186
v -1.770297 1.665271 1.252261
v -1.779397 1.648726 1.280552
v -1.761396 1.685464 1.232750
v -1.758197 1.690810 1.241121
v -1.753197 1.701790 1.237361
v -1.750796 1.706975 1.234533
v -1.752697 1.671218 1.224328
v -1.760997 1.648128 1.244555
v -1.737397 1.661945 1.229179
v -1.736297 1.638642 1.247007
v -1.771697 1.631261 1.268848
v -1.748397 1.622525 1.262295
v -1.727897 1.656674 1.234508
v -1.726097 1.667046 1.229351
v -1.723297 1.644120 1.243077
v -1.726597 1.674823 1.225109
v -1.713397 1.632916 1.242238
v -1.705997 1.629213 1.223458
v -1.710196 1.620216 1.224007
v -1.719896 1.625629 1.244678
v -1.658497 1.606854 1.048278
v -1.657997 1.623659 1.049186
v -1.636597 1.610650 1.047557
v -1.642997 1.596247 1.047136
v -1.674597 1.648139 1.063652
v -1.673497 1.640989 1.054691
v -1.678997 1.630316 1.059650
v -1.679097 1.633150 1.065834
v -1.677096 1.647808 1.076354
v -1.680397 1.633107 1.076235
v -1.671397 1.598561 1.049723
v -1.674897 1.621459 1.049298
v -1.681797 1.614914 1.059334
v -1.684697 1.588937 1.063476
v -1.670397 1.567445 1.064994
v -1.657396 1.581069 1.051219
v -1.682397 1.614661 1.067936
v -1.686097 1.596895 1.074133
v -1.685496 1.602230 1.080504
v -1.683097 1.615614 1.077630
v -1.694497 1.565196 1.111007
v -1.689997 1.573259 1.085962
v -1.680397 1.556664 1.086953
v -1.687596 1.550214 1.114289
v -1.683897 1.640821 1.115193
v -1.680497 1.645203 1.093769
v -1.682796 1.630291 1.091550
v -1.685697 1.625999 1.111274
v -1.690797 1.589692 1.110273
v -1.687897 1.595490 1.091441
v -1.689796 1.584676 1.089000
v -1.693296 1.577293 1.110341
v -1.685097 1.612291 1.091549
v -1.687797 1.607493 1.110175
v -1.693097 1.619080 1.162713
v -1.691796 1.631601 1.166444
v -1.687197 1.635753 1.139421
v -1.688797 1.621928 1.134897
v -1.698797 1.565317 1.169607
v -1.697396 1.562351 1.139223
v -1.692897 1.549276 1.143894
v -1.697197 1.553549 1.175572
v -1.698597 1.629266 1.196658
v -1.700497 1.618256 1.194918
v -1.745996 1.585010 1.259601
v -1.726896 1.576275 1.234848
v -1.736397 1.599101 1.257924
v -1.716997 1.589739 1.228474
v -1.696796 1.586982 1.163188
v -1.693296 1.587025 1.134488
v -1.695897 1.574235 1.136358
v -1.698196 1.574884 1.163555
v -1.708097 1.563525 1.207617
v -1.704797 1.573986 1.200460
v -1.703796 1.589358 1.195276
v -1.702297 1.578921 1.188633
v -1.728296 1.613762 1.250743
v -1.714897 1.607233 1.227179
v -1.702597 1.603762 1.195897
v -1.694696 1.602978 1.162301
v -1.690597 1.604321 1.133693
v -1.783697 1.352298 1.312875
v -1.799397 1.363633 1.301013
v -1.780697 1.386541 1.338888
v -1.766497 1.375306 1.350750
v -1.739097 1.344223 1.317519
v -1.764497 1.345704 1.313911
v -1.748897 1.366311 1.351799
v -1.734197 1.360072 1.344633
v -1.780396 1.404820 1.371488
v -1.786797 1.407254 1.414276
v -1.797896 1.406726 1.372578
v -1.768897 1.401954 1.414405
v -1.755197 1.405356 1.451187
v -1.773597 1.414653 1.450636
v -1.759196 1.431018 1.480847
v -1.739897 1.418033 1.483518
v -1.743297 1.459339 1.502792
v -1.729697 1.487302 1.514339
v -1.722397 1.445179 1.510170
v -1.724297 1.503822 1.517949
v -1.751197 1.384882 1.382998
v -1.766597 1.395253 1.377641
v -1.734797 1.390729 1.409766
v -1.752597 1.396252 1.414036
v -1.714597 1.370365 1.361677
v -1.731797 1.377558 1.378638
v -1.713497 1.387262 1.397585
v -1.691196 1.383350 1.377106
v -1.736297 1.400827 1.445911
v -1.698196 1.409684 1.456263
v -1.718697 1.410387 1.475160
v -1.716797 1.398562 1.434124
v -1.699596 1.429640 1.503155
v -1.679397 1.424000 1.477585
v -1.704697 1.355705 1.332357
v -1.696197 1.336526 1.299861
v -1.650297 1.360430 1.318631
v -1.669997 1.374098 1.349356
v -1.684096 1.319969 1.271151
v -1.671297 1.306221 1.244026
v -1.619397 1.333483 1.255477
v -1.633496 1.346058 1.287409
v -1.648797 1.281050 1.194663
v -1.659596 1.292581 1.218601
v -1.607497 1.322510 1.223837
v -1.597696 1.314245 1.193682
v -1.608697 1.254475 1.089707
v -1.611497 1.257448 1.102891
v -1.560397 1.299666 1.087960
v -1.559297 1.296088 1.073679
v -1.563797 1.301251 1.103451
v -1.615697 1.259823 1.116678
v -1.606397 1.243001 1.057869
v -1.607197 1.249995 1.075031
v -1.556396 1.279117 1.042372
v -1.558496 1.289501 1.057815
v -1.501596 1.307199 1.039118
v -1.507597 1.319560 1.050150
v -1.511897 1.327735 1.063906
v -1.546597 1.246480 1.017650
v -1.551597 1.264946 1.029549
v -1.604397 1.231298 1.039133
v -1.600897 1.213000 1.021233
v -1.486796 1.277002 1.021383
v -1.494297 1.293352 1.030493
v -1.599997 1.190590 1.001255
v -1.598496 1.168463 0.978176
v -1.540697 1.199414 0.987407
v -1.543797 1.223204 1.003577
v -1.479597 1.256539 1.009995
v -1.471697 1.235070 0.997512
v -1.590497 1.146143 0.956298
v -1.579797 1.123502 0.948822
v -1.523097 1.156293 0.965243
v -1.533397 1.177233 0.972628
v -1.630197 1.267515 1.151737
v -1.638997 1.273127 1.172306
v -1.588897 1.307400 1.167219
v -1.580297 1.302972 1.143742
v -1.621997 1.263013 1.133261
v -1.571096 1.301454 1.122250
v -1.514597 1.331212 1.077887
v -1.518597 1.332001 1.094283
v -1.553496 1.338557 1.195749
v -1.564197 1.342748 1.230726
v -1.577797 1.350647 1.267083
v -1.534697 1.331052 1.139989
v -1.543797 1.333995 1.166173
v -1.525697 1.331117 1.115488
v -1.615996 1.378605 1.332431
v -1.642897 1.389963 1.361270
v -1.625997 1.402822 1.372000
v -1.653196 1.406774 1.399778
v -1.670497 1.395715 1.389039
v -1.694997 1.397953 1.414227
v -1.676997 1.409336 1.429365
v -1.660196 1.421318 1.444199
v -1.640297 1.416936 1.411023
v -1.621897 1.412495 1.385347
v -1.594597 1.363735 1.301312
v -1.567797 1.228935 1.539154
v -1.572597 1.218519 1.518010
v -1.587097 1.217881 1.529414
v -1.581097 1.232216 1.554036
v -1.593897 1.203295 1.495393
v -1.577097 1.207056 1.488273
v -1.600596 1.184378 1.455896
v -1.582597 1.190759 1.452361
v -1.586097 1.172259 1.415962
v -1.604497 1.164063 1.416607
v -1.603597 1.146976 1.382500
v -1.584597 1.155884 1.383951
v -1.579397 1.141825 1.354828
v -1.599096 1.132108 1.351881
v -1.592497 1.120044 1.322046
v -1.571397 1.130173 1.327091
v -1.579597 1.112351 1.286688
v -1.554597 1.122392 1.294133
v -1.560897 1.238397 1.550502
v -1.573797 1.244789 1.567367
v -1.555497 1.222177 1.528590
v -1.548197 1.226242 1.540568
v -1.537597 1.209992 1.531557
v -1.546297 1.212847 1.523242
v -1.545697 1.204569 1.508987
v -1.558897 1.214475 1.510132
v -1.561196 1.203436 1.484692
v -1.545397 1.192844 1.486150
v -1.550097 1.165209 1.425101
v -1.568196 1.170979 1.419469
v -1.565197 1.188061 1.452776
v -1.547697 1.179881 1.456421
v -1.544297 1.140900 1.368633
v -1.561597 1.143458 1.361019
v -1.566796 1.155713 1.389252
v -1.548897 1.152649 1.395769
v -1.535597 1.126045 1.303713
v -1.553197 1.132014 1.334681
v -1.535797 1.132257 1.342480
v -1.519297 1.129300 1.313796
v -1.529097 1.193502 1.515047
v -1.524096 1.182069 1.490709
v -1.506697 1.163551 1.432810
v -1.528597 1.160239 1.430428
v -1.525496 1.170908 1.461370
v -1.503397 1.172699 1.459760
v -1.489197 1.171060 1.434269
v -1.490897 1.176366 1.453740
v -1.503197 1.147671 1.381596
v -1.524597 1.141236 1.375131
v -1.528497 1.151080 1.401578
v -1.506797 1.154709 1.406858
v -1.480797 1.160914 1.389424
v -1.485897 1.165241 1.412700
v -1.495697 1.144735 1.356812
v -1.516497 1.135795 1.349560
v -1.502196 1.135649 1.322861
v -1.483897 1.146195 1.331103
v -1.463596 1.160938 1.339023
v -1.473597 1.159782 1.365229
v -1.447997 1.159485 1.311030
v -1.432796 1.155037 1.284054
v -1.449297 1.148841 1.284688
v -1.465297 1.148345 1.303691
v -1.450697 1.143554 1.268817
v -1.478697 1.139584 1.292639
v -1.490597 1.132608 1.278777
v -1.455597 1.136947 1.249353
v -1.424697 1.148906 1.260087
v -1.421197 1.141878 1.236726
v -1.462697 1.129530 1.227893
v -1.503397 1.126423 1.263310
v -1.522696 1.119048 1.249551
v -1.479397 1.117853 1.195557
v -1.554296 1.108301 1.240909
v -1.532997 1.102316 1.188941
v -1.419497 1.134742 1.211864
v -1.419497 1.128164 1.179400
v -1.533997 1.094709 1.132882
v -1.484297 1.112520 1.134885
v -1.495896 1.114528 1.081573
v -1.546496 1.093002 1.076791
v -1.425597 1.131450 1.085380
v -1.421697 1.125715 1.133912
v -1.555797 1.096522 1.025571
v -1.501897 1.118373 1.034851
v -1.505796 1.124670 0.997816
v -1.560496 1.098700 0.985058
v -1.568996 1.107061 0.959512
v -1.512397 1.136933 0.972749
v -1.429296 1.150921 1.006973
v -1.427896 1.141017 1.042927
v -1.449097 1.193364 0.978240
v -1.461496 1.214608 0.986124
v -1.435797 1.168983 0.981773
v -1.425297 0.933408 0.621457
v -1.454597 0.935311 0.658648
v -1.387697 0.990482 0.580044
v -1.417597 0.990129 0.607047
v -1.397797 0.967072 0.614773
v -1.362797 0.968043 0.591267
v -1.343297 0.953997 0.491543
v -1.359696 0.978251 0.537811
v -1.338397 0.947802 0.547377
v -1.322797 0.920443 0.500026
v -1.319497 0.918063 0.412338
v -1.331697 0.933074 0.450957
v -1.309096 0.899320 0.459441
v -1.294497 0.883410 0.421028
v -1.290397 0.903983 0.324614
v -1.305797 0.908644 0.372389
v -1.279097 0.870087 0.380300
v -1.262597 0.861911 0.329944
v -1.400496 0.877670 0.578162
v -1.381797 0.890761 0.594790
v -1.361597 0.873945 0.591982
v -1.377497 0.861395 0.564451
v -1.359297 0.841867 0.559457
v -1.348097 0.853829 0.588992
v -1.340796 0.838534 0.589976
v -1.344996 0.825106 0.566549
v -1.383297 0.942700 0.620006
v -1.345696 0.946525 0.606385
v -1.331497 0.930640 0.627373
v -1.370196 0.920912 0.622326
v -1.324897 0.923698 0.564910
v -1.310496 0.894733 0.516667
v -1.303697 0.872053 0.538592
v -1.314997 0.903623 0.587820
v -1.295096 0.871403 0.474594
v -1.278296 0.851583 0.434402
v -1.285397 0.846709 0.494030
v -1.266797 0.822875 0.451360
v -1.241696 0.822681 0.342859
v -1.260497 0.833551 0.392100
v -1.221396 0.790397 0.364136
v -1.246897 0.800437 0.407882
v -1.129097 0.731320 0.423260
v -1.159496 0.753648 0.373537
v -1.118497 0.732167 0.358755
v -1.090597 0.709950 0.410577
v -1.162897 0.747838 0.444670
v -1.193896 0.767195 0.400264
v -1.189096 0.785074 0.323265
v -1.142696 0.774000 0.291525
v -1.193597 0.764485 0.471479
v -1.224597 0.780373 0.432792
v -1.250997 0.799287 0.471789
v -1.223496 0.782852 0.502079
v -1.247097 0.805897 0.546754
v -1.271297 0.825029 0.515949
v -1.289697 0.853387 0.562994
v -1.265997 0.836660 0.594786
v -1.337996 0.805089 0.618459
v -1.347997 0.788329 0.625751
v -1.349796 0.794877 0.671016
v -1.333797 0.826555 0.666843
v -1.334597 0.835293 0.619094
v -1.336496 0.814448 0.592708
v -1.332996 0.827594 0.728838
v -1.355697 0.800177 0.725888
v -1.335597 0.860672 0.633355
v -1.340696 0.885590 0.636719
v -1.307997 0.899696 0.692443
v -1.324997 0.863355 0.685142
v -1.352297 0.903844 0.628219
v -1.320497 0.916773 0.651649
v -1.280897 0.874345 0.646681
v -1.301297 0.887767 0.614107
v -1.298497 0.883205 0.749034
v -1.315797 0.857641 0.737274
v -1.315396 0.846908 0.786233
v -1.296496 0.873154 0.794590
v -1.296997 0.744685 0.855394
v -1.314497 0.747584 0.855078
v -1.320396 0.799200 0.857995
v -1.293097 0.811741 0.865527
v -1.319596 0.831040 0.828521
v -1.297297 0.852382 0.836304
v -1.273197 0.743047 0.866703
v -1.260997 0.735411 0.896645
v -1.272596 0.800497 0.893989
v -1.267397 0.792071 0.925835
v -1.276397 0.781963 0.960891
v -1.265197 0.722492 0.929816
v -1.284097 0.704123 0.953717
v -1.301797 0.773177 1.000040
v -1.317297 0.686001 0.949716
v -1.342697 0.739746 0.994523
v -1.372597 0.781778 1.036793
v -1.335397 0.809738 1.047541
v -1.400396 0.813892 1.075818
v -1.361796 0.837740 1.084388
v -1.393497 0.876267 1.144078
v -1.434896 0.858739 1.138974
v -1.420397 0.838581 1.110084
v -1.380297 0.859317 1.116670
v -1.446297 0.875870 1.162980
v -1.403697 0.890090 1.166603
v -1.411397 0.902509 1.188235
v -1.454997 0.891790 1.184793
v -1.416997 0.914845 1.213068
v -1.460896 0.906721 1.208712
v -1.465397 0.920874 1.236635
v -1.421597 0.927605 1.242198
v -1.426396 0.940790 1.276027
v -1.469797 0.933459 1.270367
v -1.473396 0.944874 1.309605
v -1.431097 0.955394 1.313247
v -1.436196 0.974000 1.350746
v -1.475697 0.960001 1.351023
v -1.437997 1.000394 1.386302
v -1.473496 0.979938 1.394414
v -1.227497 0.904634 0.790717
v -1.271597 0.900486 0.800440
v -1.276297 0.897580 0.762655
v -1.263097 0.896629 0.735160
v -1.183997 0.813489 0.691415
v -1.199997 0.859231 0.735565
v -1.243597 0.866774 0.688523
v -1.227197 0.821800 0.638568
v -1.141996 0.758055 0.612417
v -1.164597 0.782262 0.650085
v -1.206596 0.790345 0.592040
v -1.181897 0.769230 0.552955
v -1.090397 0.720199 0.547423
v -1.117597 0.736969 0.578432
v -1.156297 0.749960 0.521960
v -1.127697 0.732713 0.494954
v -1.058897 0.698699 0.456139
v -1.095397 0.716790 0.472541
v -1.059397 0.706356 0.521298
v -1.024397 0.692542 0.500474
v -1.242496 0.916109 0.859356
v -1.255096 0.908590 0.910597
v -1.275197 0.868367 0.888417
v -1.276497 0.888036 0.846009
v -1.270496 0.855448 0.921388
v -1.271196 0.846209 0.950939
v -1.260597 0.896678 0.945063
v -1.266597 0.887423 0.971514
v -1.275496 0.882374 0.999142
v -1.280097 0.838985 0.983079
v -1.295997 0.839668 1.016476
v -1.289297 0.885224 1.026527
v -1.302297 0.893676 1.054281
v -1.314497 0.852962 1.051804
v -1.332296 0.871249 1.086004
v -1.314197 0.905925 1.081614
v -1.324297 0.920562 1.106435
v -1.346797 0.888705 1.114409
v -1.358296 0.904339 1.138824
v -1.331596 0.933396 1.130865
v -1.341496 0.950363 1.179673
v -1.374797 0.928281 1.183094
v -1.367697 0.917257 1.160454
v -1.337097 0.942727 1.154814
v -1.349497 0.964181 1.237698
v -1.384597 0.946995 1.240292
v -1.380397 0.938625 1.209437
v -1.345197 0.957511 1.206834
v -1.366096 0.982674 1.309598
v -1.395797 0.968787 1.311874
v -1.389597 0.956586 1.275340
v -1.356397 0.971475 1.273259
v -1.386797 1.006299 1.368869
v -1.407597 1.007149 1.377865
v -1.403296 0.984383 1.347789
v -1.376997 0.994671 1.345433
v -1.356297 1.004491 1.349079
v -1.376596 1.019660 1.379997
v -1.340197 0.991984 1.311347
v -1.296997 0.960186 1.183819
v -1.288397 0.963884 1.201699
v -1.313597 0.965913 1.207088
v -1.314197 0.960172 1.181419
v -1.315797 0.974072 1.236044
v -1.325897 0.982769 1.271997
v -1.283597 0.949560 1.142577
v -1.290397 0.955991 1.166542
v -1.311296 0.954040 1.157252
v -1.306197 0.947009 1.133291
v -1.273497 0.961066 1.180114
v -1.263797 0.956311 1.151840
v -1.266097 0.926913 1.097500
v -1.275496 0.939333 1.119432
v -1.299397 0.935680 1.109752
v -1.290497 0.921260 1.087831
v -1.242297 0.937646 1.103641
v -1.253497 0.948471 1.126382
v -1.244397 0.904266 1.052423
v -1.255796 0.914992 1.075565
v -1.280097 0.908835 1.064998
v -1.268297 0.898803 1.040953
v -1.217297 0.913812 1.060771
v -1.230097 0.925431 1.082608
v -1.255897 0.893358 1.014582
v -1.244797 0.896212 0.987666
v -1.218596 0.891284 1.000993
v -1.231597 0.895427 1.027071
v -1.189997 0.894454 1.013676
v -1.203597 0.903383 1.037228
v -1.193697 0.886205 0.950021
v -1.206797 0.889255 0.977504
v -1.234597 0.901977 0.963034
v -1.222197 0.905602 0.931214
v -1.163897 0.877606 0.968468
v -1.177397 0.886437 0.992420
v -1.156397 0.862763 0.869348
v -1.176697 0.879695 0.911756
v -1.204797 0.903546 0.884325
v -1.183297 0.886155 0.831219
v -1.147797 0.865834 0.937132
v -1.128197 0.849541 0.901920
v -1.162497 0.845399 0.784642
v -1.146097 0.807270 0.742849
v -1.112197 0.803805 0.785769
v -1.133397 0.830944 0.829421
v -1.104096 0.828911 0.859933
v -1.079897 0.808963 0.814741
v -1.125896 0.777450 0.702812
v -1.103296 0.752545 0.665348
v -1.065997 0.754773 0.707036
v -1.089797 0.778878 0.744305
v -1.055197 0.786541 0.774163
v -1.029897 0.762744 0.738193
v -1.078796 0.731154 0.630564
v -1.052497 0.712678 0.598465
v -1.015197 0.712109 0.640669
v -1.041197 0.732384 0.672558
v -1.004197 0.739162 0.705122
v -0.977897 0.717492 0.674040
v -1.023396 0.697221 0.569649
v -0.990497 0.683688 0.545423
v -0.987197 0.694251 0.611666
v -0.955697 0.677518 0.587557
v -0.950097 0.699033 0.644940
v -0.919197 0.681701 0.620935
v -1.240396 0.866581 0.269618
v -1.217397 0.823099 0.291256
v -1.186196 0.826547 0.245336
v -1.206197 0.881239 0.207137
v -1.167897 0.854697 0.181181
v -1.167397 0.824176 0.213949
v -1.134196 0.810566 0.193923
v -1.135497 0.787109 0.238352
v -1.175197 1.335882 0.158848
v -1.151196 1.312557 0.135975
v -1.161596 1.300309 0.145642
v -1.186896 1.325917 0.165302
v -1.018297 1.172609 0.036239
v -1.006496 1.185393 0.033369
v -0.976097 1.149330 0.021867
v -0.987697 1.134630 0.022047
v -0.949797 1.100083 0.013536
v -0.963997 1.081385 0.014038
v -1.131997 0.931333 0.114461
v -1.152997 0.893094 0.144071
v -1.184096 0.932626 0.149754
v -1.156597 0.978948 0.117201
v -1.112097 0.873083 0.123780
v -1.126496 0.840950 0.154456
v -1.128997 1.014779 0.104404
v -1.108697 0.964831 0.095777
v -1.084297 0.994761 0.082813
v -1.103097 1.044939 0.097039
v -1.074997 0.929466 0.083871
v -1.094497 0.902459 0.101019
v -1.081997 1.071099 0.089596
v -1.061196 1.021607 0.072966
v -1.042497 1.046249 0.062231
v -1.066096 1.094842 0.079166
v -1.033497 0.982016 0.056383
v -1.054397 0.955488 0.069628
v -1.053596 1.117368 0.065542
v -1.027097 1.070776 0.048897
v -1.013397 1.095300 0.034962
v -1.042497 1.138198 0.052628
v -0.994397 1.035579 0.031289
v -1.012397 1.009746 0.043431
v -1.030697 1.156545 0.042927
v -1.000397 1.116751 0.025845
v -0.978496 1.059721 0.020557
v -1.056597 1.207263 0.064350
v -1.045997 1.221028 0.057975
v -1.086797 1.254987 0.086889
v -1.096296 1.240836 0.095867
v -1.133397 1.174606 0.145330
v -1.146697 1.152027 0.149354
v -1.181697 1.185914 0.183369
v -1.169997 1.209717 0.183939
v -1.198997 1.158213 0.183320
v -1.166197 1.124641 0.152004
v -1.228797 1.183133 0.205184
v -1.216396 1.210242 0.206636
v -1.214097 1.240269 0.211472
v -1.132297 1.271881 0.122397
v -1.122497 1.285723 0.111621
v -1.141097 1.258277 0.139872
v -1.170997 1.286911 0.164316
v -1.105097 1.226207 0.108947
v -1.113697 1.210786 0.123332
v -1.149197 1.244081 0.158950
v -1.181697 1.272521 0.184395
v -1.067097 1.191913 0.073634
v -1.077297 1.174973 0.084627
v -1.158796 1.228464 0.174136
v -1.194397 1.257603 0.199477
v -1.122996 1.193755 0.136025
v -1.112197 1.113441 0.115564
v -1.132597 1.086572 0.121112
v -1.097897 1.136299 0.107639
v -1.087196 1.156539 0.096628
v -1.277496 0.958724 0.222413
v -1.244797 0.926947 0.208386
v -1.269796 0.905847 0.263303
v -1.299197 0.943602 0.273196
v -1.257997 1.192454 0.208933
v -1.251397 1.215760 0.210006
v -1.282496 1.213391 0.197319
v -1.283597 1.193096 0.198330
v -1.257397 1.235875 0.212696
v -1.291497 1.231196 0.198221
v -1.397497 1.118136 0.297241
v -1.421397 1.128484 0.342485
v -1.434796 1.143640 0.334402
v -1.409197 1.130256 0.282675
v -1.390097 1.101949 0.299630
v -1.418297 1.104972 0.340314
v -1.490996 1.144850 0.299595
v -1.458297 1.155060 0.319740
v -1.445097 1.142790 0.270506
v -1.478396 1.131268 0.248269
v -1.522696 1.126085 0.269598
v -1.508496 1.113085 0.214868
v -1.520997 1.093945 0.116271
v -1.492897 1.107200 0.162799
v -1.478897 1.110786 0.123579
v -1.499197 1.098641 0.060645
v -1.457197 1.126192 0.161195
v -1.467196 1.125912 0.201497
v -1.436797 1.134644 0.225450
v -1.429497 1.133411 0.182856
v -1.400396 1.137353 0.190635
v -1.404097 1.134887 0.233349
v -1.374496 1.147233 0.186980
v -1.370896 1.142135 0.223909
v -1.341396 1.155542 0.206835
v -1.352696 1.160183 0.177810
v -1.327897 1.151465 0.229358
v -1.364697 1.136190 0.252242
v -1.307297 1.193101 0.181129
v -1.319197 1.173159 0.191739
v -1.336596 1.176635 0.168919
v -1.329397 1.194800 0.162620
v -1.299697 1.170157 0.209555
v -1.308797 1.212187 0.178325
v -1.320897 1.229594 0.179630
v -1.334197 1.211095 0.161531
v -1.349196 1.225103 0.162954
v -1.372797 1.239310 0.164176
v -1.390897 1.242052 0.135361
v -1.369297 1.224072 0.138959
v -1.371197 1.230796 0.106922
v -1.391897 1.255659 0.099986
v -1.356196 1.210897 0.143731
v -1.348697 1.198709 0.145898
v -1.356697 1.200918 0.129286
v -1.361997 1.212262 0.118924
v -1.321197 1.004667 0.266662
v -1.302096 0.984951 0.245570
v -1.322697 0.973077 0.286835
v -1.338997 0.995759 0.301811
v -1.254996 0.997112 0.183502
v -1.219697 0.968184 0.160260
v -1.190396 1.016939 0.133593
v -1.232497 1.053714 0.165492
v -1.159397 1.054799 0.126086
v -1.194397 1.092065 0.156382
v -1.294396 1.042230 0.223156
v -1.273597 1.046502 0.199932
v -1.282997 1.013273 0.212914
v -1.304597 1.024013 0.238456
v -1.258897 1.094192 0.197971
v -1.226196 1.126039 0.188097
v -1.255197 1.151070 0.211860
v -1.294597 1.118279 0.231940
v -1.311797 1.142020 0.239410
v -1.354397 1.125560 0.265100
v -1.347096 1.108170 0.266896
v -1.279497 1.164799 0.217285
v -1.415196 1.077895 0.326462
v -1.402797 1.051640 0.316506
v -1.383496 1.080930 0.296145
v -1.374997 1.060112 0.293059
v -1.365597 1.043308 0.292351
v -1.388197 1.031225 0.313717
v -1.372296 1.017424 0.313593
v -1.350697 1.031693 0.289514
v -1.354597 1.009412 0.311437
v -1.336097 1.019748 0.281480
v -1.334496 1.047486 0.270028
v -1.348297 1.053132 0.278297
v -1.347696 1.067304 0.273319
v -1.323397 1.066106 0.255426
v -1.320697 1.036615 0.257187
v -1.305097 1.055398 0.235584
v -1.285097 1.072384 0.214691
v -1.311497 1.087335 0.242309
v -1.346897 1.087179 0.268610
v -1.653097 1.214971 -0.025593
v -1.655497 1.175700 0.016522
v -1.642297 1.172508 -0.036961
v -1.643497 1.212498 -0.075381
v -1.603797 1.295049 -0.066332
v -1.637397 1.259617 -0.053838
v -1.631997 1.260255 -0.101642
v -1.604096 1.300586 -0.114363
v -1.518797 1.315311 -0.109844
v -1.563396 1.319994 -0.112969
v -1.558496 1.309466 -0.063211
v -1.511497 1.299901 -0.056959
v -1.445197 1.303605 -0.110980
v -1.480297 1.310613 -0.109518
v -1.470997 1.297118 -0.053743
v -1.433997 1.290627 -0.052108
v -1.359197 1.166518 0.147574
v -1.362397 1.175331 0.113526
v -1.357897 1.190675 0.121542
v -1.350097 1.182612 0.146486
v -1.390297 1.143989 0.105897
v -1.372396 1.157907 0.109021
v -1.374097 1.151129 0.149659
v -1.395297 1.139528 0.149422
v -1.374897 1.212934 0.022519
v -1.394197 1.256761 0.009178
v -1.391996 1.256933 0.058678
v -1.372396 1.225598 0.070750
v -1.366497 1.189415 0.073948
v -1.363697 1.204226 0.094267
v -1.400297 1.246239 -0.122866
v -1.415297 1.279673 -0.116649
v -1.401597 1.264728 -0.051766
v -1.385897 1.228420 -0.053167
v -1.448097 1.129019 0.129679
v -1.422297 1.134693 0.143149
v -1.415597 1.137965 0.101430
v -1.442997 1.131411 0.091566
v -1.372197 1.170052 0.062454
v -1.376197 1.184852 0.007672
v -1.386297 1.152420 0.056650
v -1.386297 1.163714 0.000688
v -1.392696 1.175867 -0.062780
v -1.383997 1.199295 -0.057708
v -1.406297 1.191901 -0.129569
v -1.397497 1.216713 -0.127504
v -1.466997 1.118400 0.107937
v -1.468496 1.116505 0.072347
v -1.409596 1.143898 0.052697
v -1.437097 1.137152 0.044234
v -1.407797 1.152696 -0.002452
v -1.434397 1.145256 -0.009812
v -1.413897 1.163965 -0.063015
v -1.426797 1.179322 -0.125700
v -1.438797 1.154538 -0.067963
v -1.448997 1.168612 -0.127541
v -1.572597 1.113263 -0.026737
v -1.584097 1.105767 0.028905
v -1.605297 1.121073 -0.006579
v -1.595897 1.133303 -0.055947
v -1.621197 1.142476 -0.042697
v -1.613297 1.146812 -0.072621
v -1.553997 1.097096 0.070753
v -1.539797 1.101778 0.012627
v -1.496297 1.105282 -0.004993
v -1.465497 1.120944 0.024522
v -1.462797 1.129045 -0.030023
v -1.494797 1.115284 -0.059448
v -1.497996 1.130196 -0.112131
v -1.465096 1.137837 -0.086372
v -1.473597 1.155429 -0.142669
v -1.505197 1.154921 -0.162467
v -1.630297 1.215338 -0.122897
v -1.629497 1.175451 -0.083978
v -1.619496 1.169393 -0.112645
v -1.625697 1.213688 -0.168589
v -1.569197 1.126185 -0.077608
v -1.533796 1.109983 -0.041419
v -1.533397 1.122302 -0.092687
v -1.569696 1.145329 -0.124314
v -1.596497 1.152336 -0.104752
v -1.598697 1.177490 -0.149790
v -1.569897 1.170096 -0.167050
v -1.535697 1.141036 -0.141390
v -1.539297 1.169796 -0.185349
v -1.569297 1.198583 -0.206006
v -1.614497 1.240647 -0.212637
v -1.595596 1.204278 -0.188637
v -1.590796 1.229877 -0.225378
v -1.608397 1.261050 -0.248849
v -1.606196 1.310608 -0.165119
v -1.625196 1.264986 -0.150869
v -1.627296 1.275930 -0.197630
v -1.610797 1.324148 -0.212794
v -1.572496 1.335107 -0.165553
v -1.532496 1.337617 -0.163667
v -1.546597 1.356435 -0.215170
v -1.581497 1.349730 -0.216134
v -1.611997 1.333728 -0.253047
v -1.623096 1.288418 -0.236499
v -1.619297 1.301916 -0.273273
v -1.610797 1.341824 -0.290292
v -1.496097 1.331510 -0.164933
v -1.462996 1.322891 -0.168286
v -1.482797 1.342208 -0.220093
v -1.513297 1.351529 -0.216244
v -1.587196 1.359700 -0.258189
v -1.589897 1.366498 -0.295027
v -1.556197 1.368098 -0.258435
v -1.562397 1.375601 -0.294576
v -1.436296 1.300437 -0.178163
v -1.423397 1.269282 -0.188193
v -1.450597 1.291979 -0.243618
v -1.460697 1.320243 -0.231873
v -1.513297 1.365479 -0.298621
v -1.535797 1.375599 -0.294876
v -1.526096 1.365695 -0.259022
v -1.499396 1.355975 -0.262769
v -1.456596 1.240348 -0.249136
v -1.449997 1.264843 -0.249970
v -1.420897 1.240551 -0.193736
v -1.427896 1.215145 -0.194697
v -1.476996 1.211699 -0.221478
v -1.469296 1.225015 -0.236752
v -1.445797 1.201991 -0.186325
v -1.464296 1.191800 -0.184569
v -1.493597 1.323072 -0.318089
v -1.498997 1.346327 -0.308016
v -1.481497 1.335214 -0.273755
v -1.474096 1.309652 -0.285115
v -1.514896 1.191461 -0.210067
v -1.487197 1.185940 -0.195537
v -1.497296 1.218605 -0.238516
v -1.521397 1.227034 -0.251663
v -1.475697 1.283312 -0.292271
v -1.485897 1.258937 -0.287738
v -1.518997 1.274583 -0.315924
v -1.498696 1.297633 -0.325150
v -1.519897 1.251359 -0.283596
v -1.495597 1.241544 -0.268142
v -1.567397 1.228282 -0.242769
v -1.542597 1.205672 -0.226245
v -1.543397 1.236180 -0.261513
v -1.561497 1.251697 -0.276698
v -1.602997 1.279539 -0.287351
v -1.586397 1.253876 -0.262210
v -1.577897 1.272385 -0.297112
v -1.592697 1.294444 -0.323033
v -1.546197 1.266550 -0.303580
v -1.537797 1.253845 -0.286110
v -1.573497 1.302889 -0.351479
v -1.559297 1.283526 -0.326273
v -1.537097 1.294421 -0.345533
v -1.551897 1.310487 -0.370021
v -1.518097 1.310782 -0.352623
v -1.534596 1.323253 -0.376291
v -1.527596 1.341480 -0.371391
v -1.511197 1.333014 -0.346844
v -1.566096 1.325971 -0.391306
v -1.550897 1.335343 -0.396358
v -1.575797 1.336610 -0.402565
v -1.565797 1.347367 -0.410324
v -1.555297 1.356104 -0.403571
v -1.543997 1.349967 -0.392038
v -1.514697 1.353762 -0.338258
v -1.529696 1.359119 -0.364387
v -1.525897 1.371006 -0.330252
v -1.538696 1.374359 -0.357071
v -1.554097 1.383191 -0.351219
v -1.544097 1.380931 -0.325706
v -1.566196 1.380633 -0.325404
v -1.568397 1.383323 -0.345419
v -1.586297 1.323253 -0.376291
v -1.605597 1.321696 -0.350182
v -1.600797 1.357979 -0.371681
v -1.591097 1.344846 -0.395810
v -1.608296 1.349911 -0.329236
v -1.615497 1.314097 -0.313440
v -1.585196 1.379154 -0.357897
v -1.590096 1.372709 -0.329661
v -1.570296 1.383072 -0.372919
v -1.553897 1.376833 -0.380085
v -1.565997 1.377061 -0.393286
v -1.583097 1.375272 -0.391176
v -1.581197 1.364076 -0.408715
v -1.561196 1.367812 -0.402236
v -1.545697 1.364199 -0.386315
v -1.461197 1.420418 0.420989
v -1.434397 1.446634 0.423845
v -1.422697 1.432119 0.402925
v -1.456097 1.410499 0.399243
v -1.425197 1.471391 0.415910
v -1.412897 1.458080 0.395682
v -1.386897 1.427196 0.362051
v -1.399796 1.443084 0.378264
v -1.404696 1.424439 0.388266
v -1.393297 1.409366 0.374949
v -1.524897 1.352893 0.361858
v -1.486597 1.372755 0.373049
v -1.483296 1.359242 0.352523
v -1.519997 1.341376 0.340520
v -1.455597 1.393291 0.379737
v -1.430997 1.405324 0.385571
v -1.432796 1.382939 0.370193
v -1.455797 1.373690 0.361244
v -1.410797 1.392967 0.375338
v -1.414797 1.409423 0.385449
v -1.513496 1.330750 0.317378
v -1.477797 1.347121 0.330489
v -1.469397 1.337693 0.307040
v -1.504697 1.322415 0.292923
v -1.373397 1.411312 0.346838
v -1.358397 1.396226 0.331220
v -1.368697 1.377098 0.344325
v -1.381797 1.393186 0.360437
v -1.451696 1.356286 0.342339
v -1.429196 1.363345 0.353100
v -1.420796 1.345148 0.335300
v -1.443697 1.340977 0.322322
v -1.392397 1.356707 0.346036
v -1.403397 1.374993 0.361837
v -1.457197 1.328965 0.283787
v -1.492396 1.316580 0.268155
v -1.441896 1.314852 0.263164
v -1.475797 1.311545 0.243482
v -1.341396 1.383128 0.313391
v -1.323797 1.370715 0.292759
v -1.334197 1.348594 0.307080
v -1.352397 1.362402 0.326905
v -1.408597 1.325856 0.318505
v -1.432397 1.324672 0.303211
v -1.418197 1.304575 0.285521
v -1.392397 1.304668 0.302521
v -1.377497 1.338422 0.330636
v -1.358397 1.319633 0.314439
v -1.454597 1.302518 0.220331
v -1.429697 1.288326 0.203609
v -1.423697 1.296145 0.243566
v -1.400496 1.279553 0.226757
v -1.372197 1.286264 0.283621
v -1.400097 1.284172 0.266832
v -1.376797 1.270571 0.248306
v -1.350997 1.276354 0.263475
v -1.333497 1.258972 0.212069
v -1.309697 1.247513 0.201232
v -1.342597 1.244119 0.184250
v -1.369897 1.257547 0.189177
v -1.371997 1.266499 0.216928
v -1.399997 1.272974 0.194092
v -1.331997 1.273571 0.248490
v -1.351296 1.264902 0.235837
v -1.324197 1.267071 0.230025
v -1.318196 1.274128 0.240487
v -1.306097 1.357287 0.269432
v -1.289597 1.343070 0.248010
v -1.301097 1.324242 0.261313
v -1.316297 1.335764 0.283450
v -1.338197 1.304617 0.293221
v -1.321297 1.295596 0.271070
v -1.274497 1.254199 0.216996
v -1.290896 1.267737 0.223922
v -1.262597 1.284346 0.225531
v -1.242997 1.267512 0.219323
v -1.211297 1.296906 0.199962
v -1.197997 1.312511 0.182476
v -1.223597 1.335281 0.195251
v -1.241096 1.317777 0.212848
v -1.295697 1.277086 0.232771
v -1.299197 1.285437 0.242125
v -1.279297 1.303109 0.236928
v -1.273296 1.294179 0.231577
v -1.224497 1.281771 0.211845
v -1.246696 1.298412 0.219354
v -1.263496 1.313954 0.226869
v -1.259896 1.304346 0.225521
v -1.260997 1.340519 0.220523
v -1.274696 1.327692 0.233794
v -1.288997 1.313258 0.245973
v -1.247097 1.356738 0.205634
v -1.308297 1.290600 0.253697
v -1.549097 1.064086 1.750059
v -1.540297 1.077217 1.773887
v -1.523097 1.066037 1.759348
v -1.532897 1.058662 1.745689
v -1.551497 1.051012 1.718330
v -1.548797 1.040597 1.678987
v -1.520997 1.047025 1.684052
v -1.527697 1.052036 1.722725
v -1.510097 1.058085 1.731591
v -1.500297 1.057165 1.691296
v -1.534297 1.036179 1.584409
v -1.541997 1.037141 1.632305
v -1.513197 1.047060 1.635650
v -1.505096 1.044483 1.584964
v -1.527397 1.026748 1.542160
v -1.495797 1.029241 1.540946
v -1.452897 1.027942 1.486253
v -1.460297 1.043817 1.536367
v -1.478197 1.058193 1.586889
v -1.462296 1.005484 1.439275
v -1.431497 1.033279 1.419923
v -1.401896 1.034275 1.400817
v -1.491096 1.061190 1.641073
v -0.171997 0.465202 0.219814
v -0.226497 0.534006 0.220337
v -0.223997 0.507776 0.269581
v -0.166097 0.439986 0.271752
v -0.284897 0.583698 0.273466
v -0.285497 0.610041 0.226521
v -0.291097 0.554738 0.317325
v -0.229697 0.477929 0.315945
v -0.172097 0.408950 0.319923
v -0.235597 0.551881 0.179139
v -0.292097 0.628722 0.186418
v -0.184096 0.481966 0.176521
v -0.186697 0.501953 0.137611
v -0.240697 0.569775 0.141440
v -0.298596 0.646517 0.148920
v -0.246497 0.588554 0.101037
v -0.307796 0.663001 0.109329
v -0.190197 0.523523 0.095493
v -0.196997 0.544879 0.050775
v -0.255997 0.606420 0.058138
v -0.321297 0.677374 0.067950
v -0.272497 0.621471 0.012555
v -0.340997 0.688242 0.025490
v -0.211297 0.563518 0.003072
v -0.240497 0.571675 -0.041373
v -0.301697 0.627639 -0.029879
v -0.369496 0.692122 -0.014832
v -0.341297 0.622659 -0.062652
v -0.408497 0.685558 -0.044696
v -0.280897 0.568382 -0.076555
v -0.325897 0.556346 -0.101490
v -0.385197 0.610230 -0.086185
v -0.449797 0.674821 -0.069838
v -0.493796 0.657142 -0.084141
v -0.430596 0.588399 -0.091665
v -0.474297 0.564499 -0.091634
v -0.537097 0.632365 -0.079906
v -0.371596 0.536471 -0.114981
v -0.416397 0.512241 -0.120449
v -0.578397 0.608283 -0.076574
v -0.516197 0.541297 -0.092007
v -0.556996 0.518785 -0.094184
v -0.618697 0.584976 -0.077746
v -0.459496 0.488418 -0.124619
v -0.501197 0.465499 -0.127993
v -0.657396 0.561466 -0.079418
v -0.597397 0.497153 -0.099966
v -0.634797 0.472666 -0.097432
v -0.691597 0.535614 -0.070576
v -0.542996 0.443273 -0.132672
v -0.580797 0.417609 -0.126031
v -0.718397 0.508330 -0.049426
v -0.663297 0.444679 -0.076778
v -0.684196 0.417235 -0.048328
v -0.739297 0.481678 -0.022280
v -0.608996 0.388940 -0.102074
v -0.628897 0.361612 -0.070524
v -0.762597 0.436218 0.039970
v -0.753497 0.457944 0.008150
v -0.697197 0.393009 -0.016395
v -0.704897 0.371387 0.016224
v -0.640997 0.337698 -0.036392
v -0.649297 0.316080 -0.003074
v -0.774096 0.394955 0.101696
v -0.768697 0.415488 0.071184
v -0.710796 0.351057 0.047236
v -0.716997 0.330819 0.077047
v -0.656897 0.295645 0.027139
v -0.665597 0.275099 0.055252
v -0.789097 0.352681 0.161429
v -0.780097 0.374318 0.131410
v -0.725297 0.309776 0.105763
v -0.737397 0.287030 0.133888
v -0.676597 0.253247 0.082372
v -0.690697 0.229890 0.108500
v -0.794797 0.313882 0.234742
v -0.799097 0.330466 0.195351
v -0.751397 0.262902 0.165520
v -0.748297 0.245115 0.204418
v -0.704197 0.205653 0.138433
v -0.701297 0.187255 0.175334
v -0.762796 0.292207 0.312562
v -0.781897 0.300797 0.274014
v -0.736597 0.231129 0.243495
v -0.719397 0.220940 0.282051
v -0.692397 0.171559 0.212621
v -0.678897 0.157966 0.250496
v -0.269196 0.302893 0.401305
v -0.315697 0.379794 0.401284
v -0.337597 0.364792 0.400866
v -0.292296 0.286464 0.395895
v -0.384896 0.446756 0.412318
v -0.364897 0.462025 0.406734
v -0.401896 0.435468 0.414579
v -0.355797 0.354269 0.396723
v -0.310496 0.275400 0.384255
v -0.416797 0.426876 0.416026
v -0.376297 0.344741 0.391676
v -0.438497 0.412390 0.418606
v -0.397997 0.328601 0.402664
v -0.342697 0.250334 0.408792
v -0.332597 0.263961 0.377217
v -0.409697 0.305422 0.443091
v -0.358097 0.227353 0.448919
v -0.459797 0.386530 0.444248
v -0.482397 0.353340 0.482730
v -0.436797 0.270907 0.476981
v -0.396597 0.191868 0.470013
v -0.206297 0.353794 0.383026
v -0.260696 0.426257 0.376129
v -0.287497 0.401353 0.393666
v -0.237897 0.326368 0.396676
v -0.341897 0.482647 0.392421
v -0.319197 0.505946 0.373793
v -0.241997 0.451117 0.350493
v -0.302297 0.529415 0.349764
v -0.185697 0.380346 0.355980
v -0.568397 0.206752 0.430531
v -0.538997 0.191421 0.479716
v -0.577697 0.270152 0.521786
v -0.600297 0.220746 0.392954
v -0.618697 0.272803 0.476170
v -0.651796 0.283673 0.434210
v -0.543197 0.162807 0.349471
v -0.519896 0.142228 0.389784
v -0.497697 0.124194 0.438483
v -0.483797 0.225594 0.493029
v -0.523497 0.309894 0.511068
v -0.448597 0.147011 0.478059
v -0.650097 0.154150 0.284117
v -0.689397 0.221321 0.315150
v -0.644796 0.236484 0.326767
v -0.605097 0.167111 0.295246
v -0.687497 0.307655 0.357778
v -0.731497 0.294279 0.343851
v -0.647797 0.314298 0.383842
v -0.591197 0.258853 0.339145
v -0.548197 0.192926 0.297905
v -0.277997 0.177979 0.380788
v -0.225697 0.088937 0.373375
v -0.293297 0.163675 0.398267
v -0.241696 0.074004 0.385557
v -0.215197 0.103791 0.383194
v -0.263097 0.189927 0.389423
v -0.096697 0.006407 0.404627
v -0.136897 0.076538 0.410044
v -0.157297 0.043447 0.393624
v -0.112697 -0.028123 0.380916
v -0.202297 0.124084 0.400083
v -0.179196 0.152336 0.409429
v -0.167296 0.017639 0.373865
v -0.119596 -0.057050 0.357774
v -0.523697 0.022482 0.217237
v -0.568196 0.032716 0.205080
v -0.525197 -0.023316 0.162986
v -0.481397 -0.045168 0.171806
v -0.552597 0.005870 0.142126
v -0.595497 0.054270 0.178462
v -0.511097 -0.049552 0.101629
v -0.485396 -0.084654 0.119621
v -0.443196 -0.114720 0.125986
v -0.310997 0.143225 0.444079
v -0.269196 0.055436 0.428159
v -0.360097 0.110596 0.457158
v -0.326197 0.029297 0.439203
v -0.461496 0.054323 0.407365
v -0.416897 0.071687 0.455671
v -0.386297 -0.000855 0.429767
v -0.430497 -0.016830 0.379654
v -0.223496 0.227421 0.406618
v -0.189597 0.255419 0.406165
v -0.144497 0.185160 0.413849
v -0.110496 0.219478 0.398761
v -0.156297 0.286039 0.391397
v -0.247296 0.205486 0.400238
v -0.134996 0.314388 0.363741
v -0.089396 0.249426 0.370897
v -0.073397 0.281045 0.337823
v -0.120196 0.344495 0.328376
v -0.441196 -0.010097 0.312516
v -0.476097 0.069115 0.351183
v -0.489997 0.089946 0.301969
v -0.439696 0.010768 0.251201
v -0.472397 0.023683 0.217530
v -0.510696 0.109710 0.258660
v -0.564897 0.094411 0.258844
v -0.113996 0.376632 0.280299
v -0.067997 0.313390 0.290946
v -0.078597 0.337498 0.237613
v -0.122797 0.400941 0.226965
v -0.135796 0.417687 0.180573
v -0.088997 0.356228 0.188210
v -0.086197 0.382073 0.141467
v -0.135597 0.440555 0.138147
v -0.137597 0.466205 0.092406
v -0.086897 0.412495 0.090700
v -0.090497 0.444612 0.038824
v -0.142397 0.492543 0.044461
v -0.156696 0.514869 -0.005762
v -0.105197 0.471222 -0.014123
v -0.136697 0.485555 -0.063102
v -0.187596 0.525316 -0.051919
v -0.038497 0.396782 0.033485
v -0.052096 0.429275 -0.022693
v 0.001204 0.392285 -0.038991
v 0.015003 0.356698 0.018304
v -0.028896 0.414191 -0.092812
v -0.083796 0.448087 -0.075297
v -0.175997 0.491123 -0.105333
v -0.227497 0.525906 -0.090223
v -0.217796 0.488719 -0.142720
v -0.271196 0.518035 -0.121481
v -0.122197 0.459832 -0.121862
v -0.064796 0.432323 -0.141712
v -0.103597 0.440770 -0.187959
v -0.162097 0.463794 -0.165384
v -0.261097 0.471459 -0.171826
v -0.315997 0.500512 -0.143985
v -0.304697 0.440377 -0.186757
v -0.360697 0.473457 -0.154037
v -0.204797 0.441821 -0.197065
v -0.247197 0.404823 -0.214762
v -0.145197 0.413004 -0.218307
v -0.184997 0.370912 -0.235077
v -0.349096 0.409021 -0.196985
v -0.404297 0.446122 -0.160288
v -0.393496 0.379481 -0.204224
v -0.447897 0.421482 -0.167553
v -0.291997 0.368159 -0.226362
v -0.336397 0.333524 -0.232672
v -0.227696 0.328961 -0.244248
v -0.270496 0.290729 -0.250039
v -0.432897 0.349104 -0.199757
v -0.489596 0.395973 -0.169113
v -0.468097 0.319694 -0.183396
v -0.524197 0.367357 -0.153656
v -0.375697 0.301147 -0.228295
v -0.413297 0.271924 -0.214335
v -0.309997 0.258407 -0.253862
v -0.349997 0.228939 -0.248000
v -0.501496 0.291448 -0.155141
v -0.553697 0.339002 -0.127101
v -0.524597 0.266467 -0.115104
v -0.574696 0.312794 -0.091957
v -0.450296 0.243890 -0.183881
v -0.391897 0.199380 -0.222038
v -0.424597 0.173821 -0.178098
v -0.477796 0.219530 -0.139947
v -0.542097 0.245389 -0.074388
v -0.588696 0.290196 -0.054933
v -0.558197 0.225188 -0.038077
v -0.600297 0.269086 -0.020217
v -0.500196 0.199568 -0.096337
v -0.452297 0.153467 -0.132886
v -0.477796 0.134578 -0.094382
v -0.520797 0.180374 -0.058632
v -0.572596 0.204047 -0.008861
v -0.611397 0.248047 0.009299
v -0.622697 0.226391 0.035618
v -0.585896 0.181381 0.015764
v -0.537996 0.159831 -0.029919
v -0.553697 0.136655 -0.007292
v -0.498297 0.114332 -0.066270
v -0.515797 0.091050 -0.044543
v -0.599896 0.156003 0.038103
v -0.635397 0.203027 0.060546
v -0.649997 0.178656 0.084280
v -0.614997 0.130019 0.059346
v -0.569097 0.109363 0.012658
v -0.579897 0.082285 0.034907
v -0.530396 0.062365 -0.023485
v -0.536596 0.034197 0.000769
v -0.624797 0.106564 0.085974
v -0.661897 0.154910 0.112410
v -0.658896 0.136497 0.146611
v -0.621097 0.088438 0.117574
v -0.581397 0.061232 0.061922
v -0.576096 0.044285 0.089915
v -0.537296 0.012137 0.026390
v -0.533297 -0.006720 0.052494
v -0.610997 0.072509 0.149062
v -0.650597 0.120184 0.180901
v -0.637096 0.104070 0.214890
v -0.567197 0.027535 0.117307
v -0.524997 -0.025177 0.078695
v -0.609497 0.091842 0.246257
v -0.359096 0.727770 0.158376
v -0.351196 0.713979 0.196652
v -0.404797 0.794025 0.204714
v -0.416297 0.804118 0.166858
v -0.399397 0.782247 0.245279
v -0.346697 0.696795 0.236146
v -0.389196 0.751046 0.080847
v -0.371696 0.740259 0.119807
v -0.433297 0.812917 0.130109
v -0.455097 0.820221 0.094269
v -0.442197 0.764038 0.006175
v -0.412296 0.759735 0.042199
v -0.481296 0.826230 0.059435
v -0.511897 0.830054 0.027214
v -0.520596 0.744072 -0.042316
v -0.480496 0.755892 -0.020381
v -0.547896 0.823415 0.001850
v -0.586897 0.811104 -0.018383
v -0.603997 0.707353 -0.063916
v -0.561896 0.728877 -0.059734
v -0.626797 0.795913 -0.035000
v -0.667396 0.776856 -0.045296
v -0.644697 0.683766 -0.061587
v -0.683496 0.659582 -0.058554
v -0.706497 0.753141 -0.048066
v -0.743597 0.727763 -0.043827
v -0.719896 0.634608 -0.053618
v -0.751897 0.608475 -0.041374
v -0.778597 0.702316 -0.034188
v -0.810596 0.677098 -0.019150
v -0.777596 0.581792 -0.019928
v -0.797697 0.555937 0.006714
v -0.855496 0.624966 0.030036
v -0.836397 0.650816 0.002595
v -0.811896 0.532299 0.036344
v -0.821397 0.510571 0.067663
v -0.878397 0.579401 0.091287
v -0.868997 0.601330 0.059966
v -0.828096 0.489740 0.098778
v -0.833597 0.469409 0.129589
v -0.888997 0.539046 0.154509
v -0.884896 0.558672 0.122701
v -0.838097 0.449577 0.160398
v -0.842096 0.430053 0.192506
v -0.889397 0.503207 0.220506
v -0.890097 0.520723 0.186909
v -0.844097 0.411247 0.228009
v -0.840297 0.394953 0.265799
v -0.882196 0.470801 0.292584
v -0.887196 0.486300 0.255899
v -0.828096 0.382164 0.304369
v -0.807597 0.375266 0.341308
v -0.849697 0.452601 0.365685
v -0.870097 0.458607 0.330251
v -0.777097 0.377630 0.371295
v -0.734096 0.389224 0.388332
v -0.776497 0.466950 0.411307
v -0.820797 0.455053 0.393572
v -0.740097 0.436609 0.513474
v -0.758097 0.452622 0.460986
v -0.702897 0.386427 0.425548
v -0.695797 0.363903 0.475872
v -0.661997 0.357843 0.519906
v -0.613697 0.370784 0.545535
v -0.698996 0.440720 0.551953
v -0.649796 0.460519 0.570045
v -0.529397 0.446826 0.498218
v -0.564197 0.406628 0.535239
v -0.603797 0.495437 0.554953
v -0.574797 0.532216 0.514451
v -0.503797 0.479447 0.465439
v -0.551997 0.563333 0.480880
v -0.482596 0.504223 0.442803
v -0.531197 0.588115 0.459245
v -0.376697 0.597000 0.383395
v -0.396196 0.574317 0.404919
v -0.445197 0.661795 0.418941
v -0.428397 0.684264 0.394817
v -0.466897 0.640679 0.434257
v -0.418197 0.553697 0.419532
v -0.351797 0.643586 0.325839
v -0.362197 0.619361 0.358072
v -0.415096 0.706320 0.368496
v -0.404297 0.730343 0.336064
v -0.345497 0.671549 0.282585
v -0.397897 0.757803 0.292113
v -0.438097 0.538036 0.426718
v -0.488097 0.624512 0.440445
v -0.504897 0.612139 0.445413
v -0.454697 0.526358 0.430882
v -0.467297 0.517480 0.434731
v -0.516797 0.602167 0.450368
v -0.440997 0.848272 0.249718
v -0.436797 0.827330 0.296933
v -0.472796 0.889944 0.299390
v -0.480797 0.911384 0.251772
v -0.476896 0.862802 0.346440
v -0.442596 0.800078 0.342383
v -0.803297 0.537569 0.542422
v -0.761496 0.548949 0.575361
v -0.797896 0.595146 0.592908
v -0.837896 0.583639 0.555071
v -0.755997 0.619533 0.608575
v -0.718297 0.571348 0.593238
v -0.796997 0.653688 0.618588
v -0.838497 0.629894 0.601618
v -0.877097 0.624276 0.561748
v -0.505997 0.708910 0.439883
v -0.525897 0.692157 0.448375
v -0.557497 0.752000 0.456048
v -0.537996 0.769549 0.446651
v -0.573896 0.737046 0.464530
v -0.542197 0.678497 0.455750
v -0.575197 1.040458 0.246666
v -0.522797 0.976587 0.252215
v -0.541497 0.986754 0.209559
v -0.597197 1.045928 0.204535
v -0.495097 0.924558 0.210400
v -0.515596 0.931359 0.174062
v -0.566096 0.990258 0.173739
v -0.624197 1.045639 0.170036
v -0.554996 1.003017 0.348872
v -0.512697 0.930030 0.351472
v -0.509797 0.957566 0.303220
v -0.555197 1.030742 0.298620
v -0.451197 0.861849 0.208943
v -0.467397 0.870547 0.171995
v -0.593297 0.990589 0.142837
v -0.652397 1.044178 0.140644
v -0.540196 0.934281 0.141545
v -0.567297 0.934516 0.111444
v -0.621596 0.988639 0.115347
v -0.680797 1.041936 0.114656
v -0.488697 0.876258 0.137463
v -0.513797 0.879778 0.104543
v -0.649397 0.985495 0.089164
v -0.707497 1.039802 0.090267
v -0.595097 0.932757 0.082353
v -0.622396 0.929596 0.052870
v -0.675297 0.981749 0.062384
v -0.731697 1.037766 0.065478
v -0.541197 0.881604 0.072733
v -0.569897 0.881335 0.041834
v -0.701197 0.977490 0.033507
v -0.754996 1.034522 0.039095
v -0.651297 0.924540 0.024497
v -0.687596 0.912932 0.004660
v -0.735897 0.965676 0.012572
v -0.786696 1.022912 0.018958
v -0.602397 0.876489 0.015160
v -0.640197 0.864580 -0.004575
v -0.726296 0.896345 -0.011149
v -0.773797 0.948591 -0.002935
v -0.765397 0.876693 -0.020442
v -0.811497 0.928943 -0.011628
v -0.821696 1.006629 0.003947
v -0.855997 0.987887 -0.003750
v -0.679497 0.848692 -0.020689
v -0.718596 0.828235 -0.030977
v -0.801697 0.854298 -0.019519
v -0.845297 0.906957 -0.009007
v -0.835497 0.829644 -0.011084
v -0.876297 0.882811 0.000925
v -0.912296 0.943155 0.008795
v -0.885597 0.966600 -0.001334
v -0.756297 0.805026 -0.032650
v -0.791797 0.780160 -0.026314
v -0.866997 0.803800 -0.000843
v -0.904797 0.858163 0.010460
v -0.932197 0.831825 0.022004
v -0.896397 0.776968 0.011704
v -0.961897 0.893262 0.028468
v -0.937097 0.919205 0.018126
v -0.825396 0.754118 -0.015671
v -0.856697 0.727291 -0.002324
v -0.922996 0.749361 0.028756
v -0.955296 0.805614 0.038148
v -0.974397 0.780029 0.059288
v -0.942297 0.723890 0.052395
v -1.003696 0.840938 0.060855
v -0.985897 0.865936 0.042118
v -0.883797 0.700292 0.016224
v -0.905396 0.674330 0.041466
v -0.957697 0.698644 0.080534
v -0.990396 0.754467 0.084729
v -1.003097 0.729226 0.113767
v -0.969296 0.673815 0.111870
v -1.034197 0.789902 0.109235
v -1.020197 0.815361 0.083295
v -0.919097 0.650597 0.072197
v -0.927997 0.628573 0.104318
v -0.976896 0.649698 0.145403
v -1.011396 0.705001 0.145800
v -1.014797 0.682393 0.181024
v -0.977796 0.629289 0.180315
v -1.050197 0.741638 0.170700
v -1.044097 0.765460 0.138069
v -0.933597 0.607452 0.137034
v -0.934997 0.588034 0.170441
v -0.972597 0.611485 0.216213
v -1.012697 0.661903 0.219337
v -1.008197 0.643418 0.258739
v -0.966297 0.595183 0.252403
v -1.048297 0.699558 0.247631
v -1.051797 0.719139 0.207424
v -0.932197 0.570618 0.204136
v -0.927796 0.554207 0.238727
v -0.965497 0.578683 0.289094
v -1.007297 0.625423 0.296238
v -1.001197 0.610234 0.334822
v -0.959496 0.564390 0.326872
v -1.043597 0.660713 0.330845
v -1.047697 0.679185 0.289044
v -0.924697 0.537505 0.274819
v -0.918997 0.522507 0.311801
v -0.943397 0.555591 0.363621
v -0.984597 0.600737 0.371974
v -0.958297 0.598511 0.403687
v -0.917797 0.553564 0.395233
v -1.002697 0.640829 0.406855
v -1.027797 0.646934 0.371221
v -0.905697 0.511813 0.349461
v -0.884396 0.507301 0.383786
v -0.888297 0.556884 0.417215
v -0.927397 0.602144 0.427967
v -0.894997 0.606572 0.451443
v -0.855397 0.561103 0.438992
v -0.939096 0.646359 0.467126
v -0.972197 0.641893 0.436950
v -0.855897 0.510629 0.407168
v -0.817297 0.518841 0.427623
v -0.836697 0.543792 0.491788
v -0.874097 0.588751 0.502342
v -0.910996 0.633692 0.509696
v -0.800096 0.501928 0.480217
v -0.772397 0.492011 0.531872
v -0.672896 0.605310 0.586152
v -0.716097 0.651753 0.593998
v -0.643997 0.638904 0.548468
v -0.687397 0.685459 0.558513
v -0.742496 0.719587 0.563527
v -0.765997 0.684583 0.599419
v -0.729896 0.501495 0.565520
v -0.683697 0.523288 0.582401
v -0.637497 0.557039 0.573316
v -0.609997 0.591713 0.531926
v -0.664396 0.723374 0.524405
v -0.714197 0.759737 0.536006
v -0.623796 0.672802 0.511582
v -0.604196 0.703462 0.485914
v -0.641197 0.759439 0.499708
v -0.691697 0.797355 0.520800
v -0.589396 0.623520 0.496651
v -0.569297 0.650394 0.473504
v -0.604896 0.891807 0.475283
v -0.568697 0.833816 0.458900
v -0.548897 0.857020 0.441173
v -0.586397 0.919992 0.454128
v -0.517096 0.791664 0.431030
v -0.500796 0.815234 0.407301
v -0.533196 0.881582 0.415938
v -0.570597 0.949538 0.425966
v -0.625896 0.868171 0.487012
v -0.647097 0.847620 0.496025
v -0.605897 0.799114 0.476890
v -0.588397 0.815370 0.468701
v -0.484597 0.730329 0.424966
v -0.467697 0.753301 0.401540
v -0.521296 0.905126 0.387409
v -0.559297 0.976453 0.392118
v -0.487697 0.838088 0.380475
v -0.454297 0.775658 0.375217
v -0.622097 0.782565 0.486281
v -0.669597 0.825083 0.507548
v -0.587996 0.722892 0.473007
v -0.554797 0.666734 0.462514
v -0.173897 -0.000526 0.361965
v -0.124897 -0.077554 0.338786
v -0.193797 -0.015631 0.361147
v -0.147397 -0.097335 0.342494
v -0.044797 -0.281656 0.302602
v -0.074997 -0.221321 0.308772
v -0.147197 -0.282211 0.347206
v -0.131197 -0.359434 0.325028
v -0.240697 -0.332081 0.334679
v -0.228697 -0.032471 0.408740
v -0.293597 -0.052308 0.420249
v -0.266697 -0.140602 0.403332
v -0.193597 -0.119090 0.387214
v -0.252296 -0.239115 0.382871
v -0.167797 -0.201597 0.367965
v -0.108897 -0.163533 0.324656
v -0.028797 0.084096 0.402502
v -0.068196 0.151098 0.402535
v -0.102297 0.113681 0.417840
v -0.063097 0.045479 0.417714
v -0.404197 -0.089287 0.351150
v -0.357696 -0.074891 0.405272
v -0.337196 -0.157734 0.379225
v -0.380997 -0.164190 0.314360
v -0.322097 -0.247676 0.335417
v -0.305297 -0.336100 0.276300
v -0.354297 -0.241581 0.261282
v -0.326096 -0.318918 0.199905
v -0.333497 -0.317413 0.127695
v -0.312997 -0.392311 0.073505
v -0.301197 -0.395564 0.136923
v -0.328497 -0.310649 0.066457
v -0.311097 -0.386214 0.018170
v -0.283597 -0.416565 0.209939
v -0.226597 -0.415092 0.278132
v -0.393297 -0.068824 0.198136
v -0.404696 -0.085728 0.270530
v -0.371696 -0.161572 0.226144
v -0.354896 -0.149002 0.147574
v -0.347696 -0.239035 0.178267
v -0.349896 -0.235608 0.110247
v -0.395997 -0.135837 0.122902
v -0.434397 -0.059662 0.172885
v -0.045796 -0.174286 0.351615
v -0.016296 -0.232974 0.353837
v -0.008097 -0.204241 0.378080
v -0.039496 -0.145352 0.375957
v 0.024003 -0.270231 0.380241
v 0.013003 -0.298856 0.357497
v 0.043304 -0.235298 0.404450
v 0.009503 -0.169706 0.402791
v -0.023797 -0.111216 0.400771
v -0.079297 -0.118087 0.351208
v -0.073797 -0.088852 0.375948
v -0.058897 -0.054117 0.400359
v -0.019397 -0.253378 0.334948
v 0.007604 -0.318853 0.339806
v -0.048497 -0.195490 0.332731
v -0.016897 -0.348138 0.305966
v -0.082797 -0.139397 0.331224
v -0.313097 -0.364786 -0.013247
v -0.351196 -0.340827 -0.020979
v -0.347397 -0.290710 0.036848
v -0.385096 -0.266144 0.030513
v -0.372396 -0.215660 0.082338
v -0.411397 -0.188682 0.078290
v -0.417597 -0.233513 0.017935
v -0.383397 -0.310301 -0.034546
v -0.401096 -0.273639 -0.059747
v -0.438996 -0.197532 -0.003963
v -0.359397 -0.336528 -0.112504
v -0.352397 -0.376787 -0.086483
v -0.449696 -0.167010 -0.036630
v -0.485797 -0.092471 0.025163
v -0.491997 -0.069435 -0.004864
v -0.449097 -0.136704 -0.072097
v -0.473097 -0.119528 0.051411
v -0.449097 -0.155727 0.069910
v -0.309397 -0.335027 -0.185413
v -0.350097 -0.294609 -0.145534
v -0.329897 -0.250785 -0.177974
v -0.291097 -0.289160 -0.209864
v -0.296097 -0.310514 -0.237848
v -0.403397 -0.237640 -0.096645
v -0.389196 -0.198935 -0.132457
v -0.249097 -0.195034 -0.333281
v -0.240396 -0.174966 -0.393892
v -0.276196 -0.180621 -0.385661
v -0.273396 -0.208058 -0.337510
v -0.278797 -0.232114 -0.292878
v -0.269397 -0.209333 -0.278202
v -0.299697 -0.163935 -0.260350
v -0.250796 -0.160061 -0.338273
v -0.208397 -0.160999 -0.399969
v -0.318196 -0.206168 -0.211518
v -0.281096 -0.243426 -0.240215
v -0.290397 -0.265328 -0.258795
v -0.443996 -0.103871 -0.102777
v -0.383596 -0.160224 -0.167069
v -0.436597 -0.069630 -0.131865
v -0.373497 -0.119797 -0.198691
v -0.457497 0.043728 -0.103185
v -0.476497 0.013941 -0.082521
v -0.417097 -0.034356 -0.154858
v -0.393496 -0.003471 -0.176027
v -0.487496 -0.017328 -0.058550
v -0.491597 -0.044485 -0.032401
v -0.264196 -0.085222 -0.312982
v -0.215796 -0.097753 -0.373414
v -0.241197 -0.126068 -0.357859
v -0.289197 -0.116199 -0.290412
v -0.191697 -0.129365 -0.412142
v -0.170896 -0.105211 -0.420574
v -0.325197 -0.050052 -0.245573
v -0.350297 -0.081726 -0.222400
v -0.415697 0.087446 -0.154925
v -0.438097 0.066906 -0.125612
v -0.371997 0.019697 -0.200154
v -0.347297 0.041325 -0.231673
v -0.190697 -0.047172 -0.340591
v -0.142397 -0.068985 -0.379372
v -0.186196 -0.080192 -0.380710
v -0.235697 -0.063229 -0.332603
v -0.148697 -0.088124 -0.422968
v -0.111697 -0.072116 -0.421655
v -0.266797 -0.004730 -0.296422
v -0.300696 -0.027088 -0.270399
v -0.354597 0.133073 -0.241576
v -0.387497 0.108918 -0.196643
v -0.257697 0.092887 -0.293556
v -0.308396 0.065819 -0.269408
v -0.069397 -0.065194 -0.362792
v -0.120497 -0.036586 -0.324848
v -0.060297 0.001684 -0.330558
v -0.042597 -0.060985 -0.416016
v 0.008003 -0.041412 -0.347822
v 0.029703 -0.032365 -0.412373
v -0.154397 0.048320 -0.324013
v -0.211596 0.019374 -0.313954
v -0.267497 0.195554 -0.281718
v -0.312097 0.162516 -0.270337
v -0.214197 0.126409 -0.308040
v -0.175497 0.164893 -0.310951
v -0.025097 0.049102 -0.345518
v 0.039904 0.020990 -0.365864
v 0.000703 0.098187 -0.348386
v 0.065804 0.072873 -0.369248
v 0.081003 0.006758 -0.408287
v 0.121603 0.060264 -0.407380
v -0.085196 0.132238 -0.339172
v -0.114997 0.086366 -0.334021
v -0.191896 0.262242 -0.265783
v -0.227796 0.226896 -0.273990
v -0.141497 0.203551 -0.300562
v -0.109096 0.243430 -0.286180
v 0.022803 0.153000 -0.346186
v 0.089403 0.126083 -0.367639
v 0.046204 0.207442 -0.338584
v 0.118703 0.179019 -0.361029
v 0.140603 0.108947 -0.392346
v 0.177404 0.154462 -0.389795
v -0.059497 0.182562 -0.334948
v -0.030396 0.227975 -0.314396
v -0.114897 0.346024 -0.250941
v -0.152997 0.302882 -0.258605
v -0.075396 0.285782 -0.276712
v -0.042296 0.327830 -0.268142
v 0.104103 0.297055 -0.318374
v 0.191504 0.279342 -0.357178
v 0.154603 0.232334 -0.358521
v 0.074703 0.255302 -0.327846
v 0.226704 0.209352 -0.391595
v 0.275703 0.261324 -0.396980
v 0.028604 0.312114 -0.289256
v -0.000597 0.271454 -0.300134
v -0.010096 0.366303 -0.254952
v -0.078997 0.387705 -0.236269
v -0.039997 0.418644 -0.211038
v 0.025503 0.396118 -0.233915
v 0.166703 0.356909 -0.290301
v 0.262803 0.335260 -0.335883
v 0.225703 0.314067 -0.352668
v 0.133603 0.330415 -0.307357
v 0.317103 0.294830 -0.395963
v 0.359304 0.308018 -0.379935
v 0.091104 0.375986 -0.258105
v 0.057903 0.347584 -0.276550
v 0.028704 0.385641 -0.120056
v -0.002797 0.408088 -0.166480
v 0.062003 0.387739 -0.193469
v 0.090603 0.363769 -0.151537
v 0.233503 0.332800 -0.218868
v 0.333203 0.317424 -0.269185
v 0.300103 0.328038 -0.303343
v 0.203103 0.351503 -0.254871
v 0.403604 0.305971 -0.351923
v 0.444903 0.306558 -0.317826
v 0.156003 0.347702 -0.181949
v 0.127503 0.370391 -0.220474
v 0.126904 0.315346 -0.064070
v 0.112703 0.343891 -0.110727
v 0.054504 0.363708 -0.071335
v 0.069404 0.330601 -0.017653
v 0.177203 0.330688 -0.147956
v 0.190603 0.307699 -0.109329
v 0.273704 0.306469 -0.151223
v 0.256703 0.321069 -0.187904
v 0.381703 0.301133 -0.194395
v 0.359903 0.312208 -0.235556
v 0.477903 0.308097 -0.274034
v 0.046403 -0.039132 0.397576
v 0.009604 0.021181 0.399846
v -0.026096 -0.015233 0.415746
v 0.009203 -0.072249 0.412758
v 0.012903 0.143892 0.346674
v -0.030697 0.215384 0.344983
v -0.047397 0.182751 0.375662
v -0.006297 0.114453 0.376236
v 0.001003 0.188358 0.248929
v -0.040296 0.271049 0.247077
v -0.022897 0.249946 0.301493
v 0.023503 0.173563 0.304811
v -0.036897 0.322696 0.145892
v -0.036297 0.358389 0.089696
v 0.016604 0.312225 0.078049
v 0.018804 0.254390 0.145066
v -0.044097 0.293370 0.196054
v -0.000896 0.217589 0.199768
v 0.126403 0.214549 0.046383
v 0.129203 0.266447 -0.009002
v 0.071504 0.282125 0.041613
v 0.072104 0.230317 0.095297
v 0.369204 0.245030 -0.176587
v 0.271203 0.263869 -0.114689
v 0.264103 0.205877 -0.076572
v 0.362703 0.173934 -0.157298
v 0.189703 0.262249 -0.063580
v 0.187503 0.209232 -0.011589
v 0.116603 -0.159185 0.406634
v 0.081503 -0.098223 0.399400
v 0.043803 -0.130040 0.414774
v 0.078703 -0.193512 0.420022
v 0.079804 -0.022676 0.371186
v 0.037503 0.045031 0.372315
v 0.064303 0.063058 0.340716
v 0.113903 -0.015538 0.341647
v 0.144603 -0.146074 0.390162
v 0.114304 -0.086539 0.378136
v 0.146203 -0.083348 0.358218
v 0.169403 -0.142048 0.376639
v 0.140904 -0.016957 0.301554
v 0.082303 0.075516 0.296447
v 0.059604 0.075565 0.232346
v 0.164104 -0.060470 0.171590
v 0.206703 -0.077502 0.330085
v 0.205903 -0.143056 0.356845
v 0.174903 -0.081552 0.339208
v -0.812596 0.710173 0.615679
v -0.785597 0.746682 0.580779
v -0.845497 0.680012 0.622844
v -0.882497 0.661017 0.605648
v -0.919097 0.657226 0.570668
v -0.953397 0.667584 0.526411
v -0.984096 0.675147 0.483269
v -1.017297 0.674441 0.445472
v -1.047697 0.678833 0.407447
v -1.072797 0.692198 0.364473
v -1.088397 0.715227 0.314947
v -1.088297 0.737261 0.266225
v -1.091597 0.756226 0.223421
v -1.090297 0.779315 0.184694
v -1.084697 0.804631 0.150955
v -1.074697 0.830475 0.122413
v -1.060297 0.856342 0.098071
v -1.045297 0.881724 0.076332
v -1.026096 0.908123 0.057987
v -1.004296 0.935643 0.043136
v -0.982397 0.962478 0.031189
v -0.960796 0.988425 0.021547
v -0.940496 1.012269 0.011217
v -0.920297 1.034033 0.004497
v -0.897596 1.053937 0.005188
v -0.870397 1.071075 0.012195
v -0.841897 1.084137 0.023523
v -0.814897 1.094618 0.038166
v -0.791497 1.095435 0.059562
v -0.769096 1.093369 0.083974
v -0.744697 1.091604 0.108784
v -0.717997 1.091648 0.134984
v -0.689997 1.093105 0.163676
v -0.662497 1.095083 0.196266
v -0.638997 1.092696 0.235280
v -0.621596 1.083150 0.281633
v -0.612496 1.064028 0.332538
v -0.612197 1.038905 0.383076
v -0.622697 1.008260 0.429845
v -0.633897 0.970377 0.469553
v -0.654397 0.930318 0.495472
v -0.683797 0.894103 0.511171
v -0.712097 0.863486 0.526338
v -0.739197 0.831559 0.539713
v -0.757597 0.797013 0.549703
v -0.760096 0.770633 0.553547
v 0.065703 0.161215 0.149876
v 0.094103 0.156550 0.119601
v 0.051503 0.115192 0.182329
vn 0.0305 0.7920 0.6097
vn 0.3271 0.8323 0.4475
vn 0.3102 0.7695 0.5583
vn 0.0390 0.9992 0.0063
vn 0.0791 0.8990 0.4308
vn 0.1946 0.9786 0.0671
vn 0.1041 0.9929 0.0583
vn 0.4791 0.7913 0.3799
vn 0.5001 0.7521 0.4293
vn 0.6986 0.6665 0.2602
vn 0.6054 0.7488 0.2697
vn 0.7824 0.5948 0.1847
vn 0.5919 0.7348 0.3311
vn 0.3992 0.9165 0.0249
vn 0.5750 0.8172 -0.0397
vn 0.5889 0.5709 0.5721
vn 0.4491 0.5258 0.7224
vn 0.6743 0.1293 0.7271
vn 0.4242 -0.0205 0.9053
vn 0.5675 0.0458 0.8221
vn 0.1967 0.4438 0.8743
vn 0.7710 0.2673 0.5780
vn 0.6785 0.5964 0.4289
vn 0.7518 0.6055 0.2612
vn 0.8125 0.3710 0.4496
vn 0.8567 0.4859 0.1731
vn 0.8728 0.3253 0.3639
vn 0.7246 0.6870 0.0553
vn 0.8318 0.4460 0.3305
vn -0.1758 0.8765 -0.4482
vn -0.1680 0.8771 -0.4500
vn -0.0393 0.9229 -0.3831
vn -0.0428 0.9941 -0.0995
vn 0.0324 0.9755 -0.2177
vn -0.1612 0.8895 -0.4276
vn -0.2068 0.8589 -0.4685
vn -0.1370 0.8696 -0.4744
vn -0.1773 0.9109 -0.3726
vn -0.0970 0.9429 -0.3185
vn -0.0670 0.9093 -0.4108
vn 0.0848 0.9372 -0.3383
vn 0.0438 0.9538 -0.2972
vn 0.1874 0.9356 -0.2993
vn 0.1981 0.9277 -0.3165
vn 0.1785 0.9420 -0.2843
vn 0.1610 0.9433 -0.2902
vn 0.6456 0.7630 0.0317
vn 0.2810 0.9203 -0.2722
vn 0.3293 0.9281 -0.1737
vn 0.6253 -0.3079 0.7171
vn 0.6001 -0.3253 0.7308
vn 0.6300 -0.2661 0.7296
vn 0.6511 -0.1437 0.7452
vn 0.7294 -0.1615 0.6648
vn 0.7450 -0.0253 0.6665
vn 0.8788 0.0317 0.4760
vn 0.8450 0.1097 0.5234
vn 0.9556 0.1415 0.2583
vn 0.9410 0.2692 0.2052
vn 0.7484 0.6508 0.1281
vn 0.8843 0.2814 0.3725
vn 0.9058 0.3959 0.1509
vn 0.7185 0.6894 -0.0923
vn 0.8941 0.4429 0.0671
vn 0.2513 0.8975 -0.3624
vn 0.6689 0.7053 -0.2349
vn 0.1793 0.8871 -0.4254
vn 0.9049 0.4153 -0.0934
vn 0.6170 0.6379 -0.4609
vn 0.9118 0.2969 -0.2836
vn 0.1136 0.8540 -0.5078
vn 0.0176 0.8555 -0.5175
vn 0.9136 0.2280 -0.3366
vn 0.5603 0.6384 -0.5277
vn 0.9834 0.1286 0.1277
vn 0.6201 0.7075 -0.3390
vn 0.6733 0.7393 -0.0038
vn 0.9691 0.1901 -0.1574
vn -0.0217 0.9360 -0.3512
vn -0.0231 0.9951 -0.0958
vn -0.2826 0.8741 -0.3952
vn -0.1830 0.8759 -0.4464
vn -0.1993 0.8540 -0.4807
vn -0.0903 0.9943 -0.0560
vn -0.1987 0.9452 -0.2591
vn -0.1750 0.8693 -0.4623
vn -0.0561 0.9879 -0.1448
vn -0.0060 0.9807 -0.1955
vn -0.1212 0.8983 -0.4223
vn 0.0318 0.9167 -0.3984
vn 0.1156 0.9866 -0.1155
vn 0.3199 0.9440 -0.0804
vn 0.2108 0.9113 -0.3538
vn 0.3464 0.8836 -0.3151
vn 0.4581 0.8799 -0.1264
vn 0.5419 0.8213 -0.1783
vn 0.4058 0.8834 -0.2343
vn 0.5743 0.8000 -0.1738
vn 0.5911 0.8010 -0.0944
vn 0.3987 0.8971 -0.1904
vn 0.3306 0.9268 -0.1780
vn 0.5920 0.8060 -0.0038
vn 0.2805 0.9224 -0.2656
vn 0.2247 0.9299 -0.2912
vn 0.1771 0.9239 -0.3390
vn 0.5525 0.8334 -0.0139
vn 0.4850 0.8740 -0.0284
vn 0.4248 0.8986 -0.1094
vn 0.0238 0.9154 -0.4017
vn 0.1066 0.9090 -0.4029
vn 0.3348 0.9142 -0.2284
vn 0.2574 0.9248 -0.2803
vn -0.0645 0.9627 -0.2628
vn -0.0871 0.9926 -0.0846
vn 0.2421 0.9450 -0.2198
vn 0.3041 0.9465 -0.1082
vn 0.2045 0.8958 0.3946
vn 0.3350 0.3566 0.8721
vn 0.1205 0.9276 0.3535
vn 0.3121 0.4163 0.8540
vn 0.3311 0.2996 0.8948
vn 0.2593 0.8575 0.4444
vn 0.2816 0.2665 0.9218
vn 0.3326 0.2954 0.8956
vn 0.3202 0.7859 0.5290
vn 0.4609 0.7363 0.4954
vn 0.8086 -0.0565 0.5856
vn 0.6590 0.6666 0.3483
vn 0.6451 0.3481 0.6802
vn 0.8168 0.5154 0.2594
vn 0.7157 -0.0850 0.6932
vn 0.3097 0.2037 0.9288
vn 0.5491 0.2730 0.7899
vn 0.4734 0.0162 0.8807
vn 0.8764 0.4556 0.1562
vn 0.8345 -0.1990 0.5137
vn 0.9000 -0.1041 0.4234
vn 0.8767 0.4626 0.1318
vn 0.8613 0.4592 0.2176
vn 0.8163 0.4999 0.2895
vn 0.9118 -0.0196 0.4101
vn 0.8748 0.0140 0.4843
vn 0.7712 0.5543 0.3130
vn 0.7637 0.6012 0.2352
vn 0.8467 0.0019 0.5320
vn 0.8688 -0.0470 0.4929
vn 0.9599 -0.1463 0.2393
vn 0.7757 0.6248 0.0889
vn 0.9165 -0.1151 0.3830
vn 0.7823 0.6201 -0.0587
vn 0.9459 0.0772 0.3152
vn 0.9531 0.2967 0.0589
vn 0.9593 -0.0183 0.2818
vn 0.9363 0.2596 0.2367
vn 0.9514 0.3010 -0.0650
vn 0.9646 -0.1472 0.2189
vn 0.6613 -0.3523 0.6623
vn 0.7045 -0.4163 0.5748
vn 0.6996 -0.3697 0.6115
vn 0.7360 -0.3104 0.6016
vn 0.6623 -0.5261 0.5335
vn 0.6904 -0.4095 0.5964
vn 0.9202 0.3835 -0.0783
vn 0.9547 -0.1369 0.2644
vn 0.8771 0.4800 -0.0155
vn 0.9104 -0.0291 0.4126
vn 0.6112 -0.5715 0.5475
vn 0.6321 -0.4262 0.6471
vn 0.5740 -0.5518 0.6050
vn 0.6165 -0.4331 0.6576
vn 0.7701 -0.2198 0.5988
vn 0.7495 -0.2073 0.6287
vn 0.7736 -0.2275 0.5915
vn 0.7661 -0.2278 0.6010
vn 0.7733 -0.1799 0.6079
vn 0.8212 -0.2031 0.5333
vn 0.8715 0.4895 0.0304
vn 0.8757 0.0376 0.4813
vn 0.9285 0.3702 -0.0279
vn 0.9064 -0.0658 0.4172
vn 0.6884 -0.4552 0.5647
vn 0.7875 -0.1583 0.5957
vn 0.6491 -0.4454 0.6167
vn 0.8202 -0.1322 0.5566
vn 0.7993 -0.1638 0.5781
vn 0.8184 -0.1145 0.5631
vn 0.5771 -0.5185 0.6309
vn 0.5996 -0.5273 0.6020
vn 0.9758 0.1683 -0.1393
vn 0.9196 -0.2712 0.2842
vn 0.9899 -0.0183 -0.1407
vn 0.8514 -0.4620 0.2484
vn 0.9818 -0.1859 0.0379
vn 0.7465 -0.6088 0.2685
vn 0.9334 -0.2919 0.2084
vn 0.6912 -0.6880 0.2212
vn 0.6239 -0.5935 0.5085
vn 0.7188 -0.4798 0.5032
vn 0.6204 -0.6582 0.4265
vn 0.7138 -0.4912 0.4992
vn 0.8141 -0.1831 0.5511
vn 0.8294 -0.1120 0.5474
vn 0.8141 -0.1786 0.5526
vn 0.8161 -0.0822 0.5720
vn 0.6031 -0.7075 0.3682
vn 0.7059 -0.4988 0.5030
vn 0.5865 -0.7649 0.2663
vn 0.7158 -0.5476 0.4334
vn 0.8134 -0.1768 0.5542
vn 0.8086 -0.0967 0.5804
vn 0.8232 -0.2152 0.5254
vn 0.8292 -0.1475 0.5392
vn 0.5422 -0.8026 0.2488
vn 0.6830 -0.5996 0.4171
vn 0.6583 -0.7072 0.2580
vn 0.5854 -0.6736 0.4512
vn 0.4653 -0.8028 0.3728
vn 0.5988 -0.6201 0.5070
vn 0.8048 -0.2370 0.5441
vn 0.8247 -0.1201 0.5527
vn 0.7576 -0.2249 0.6127
vn 0.7899 -0.0494 0.6113
vn 0.7620 -0.2413 0.6009
vn 0.8171 -0.0536 0.5740
vn 0.5574 -0.6188 0.5535
vn 0.6146 -0.6068 0.5039
vn 0.8094 -0.2492 0.5317
vn 0.8448 -0.0878 0.5279
vn 0.6883 -0.5812 0.4341
vn 0.8242 -0.2490 0.5086
vn 0.6510 -0.5999 0.4651
vn 0.8497 -0.1210 0.5131
vn 0.8418 -0.2586 0.4739
vn 0.8685 -0.1208 0.4808
vn 0.8447 -0.2939 0.4473
vn 0.8842 -0.1022 0.4559
vn 0.7295 -0.5467 0.4110
vn 0.7732 -0.5341 0.3419
vn 0.8716 -0.3483 0.3450
vn 0.9257 -0.1644 0.3406
vn 0.6672 -0.4050 0.6252
vn 0.5235 -0.6672 0.5300
vn 0.3901 -0.1773 0.9036
vn 0.2952 -0.5120 0.8067
vn 0.5894 -0.6741 0.4451
vn 0.6799 -0.4967 0.5395
vn 0.4872 -0.6732 0.5562
vn 0.4994 -0.6241 0.6009
vn 0.5774 -0.5758 0.5788
vn 0.6697 -0.4801 0.5665
vn 0.7783 -0.3694 0.5077
vn 0.5871 -0.5974 0.5463
vn 0.6290 -0.5762 0.5219
vn 0.7877 -0.3226 0.5248
vn 0.7502 -0.3698 0.5481
vn 0.6116 -0.5980 0.5180
vn 0.5956 -0.6373 0.4890
vn 0.7229 -0.4645 0.5114
vn 0.6996 -0.4695 0.5386
vn 0.8506 0.0181 0.5255
vn 0.6367 -0.5374 0.5530
vn 0.8396 -0.0587 0.5401
vn 0.8827 0.1366 0.4496
vn 0.7749 -0.3787 0.5061
vn 0.7779 0.2404 0.5807
vn 0.8127 -0.1428 0.5648
vn 0.8179 0.2085 0.5363
vn 0.7833 -0.1122 0.6115
vn 0.8712 -0.1771 0.4578
vn 0.8808 0.1311 0.4549
vn 0.8238 -0.1007 0.5579
vn 0.7778 0.2134 0.5912
vn 0.8273 -0.1232 0.5481
vn 0.8458 0.1337 0.5165
vn 0.8554 -0.1320 0.5009
vn 0.8953 0.0785 0.4384
vn 0.8018 -0.0355 0.5965
vn 0.7592 0.2575 0.5977
vn 0.7865 -0.0330 0.6167
vn 0.7314 0.2953 0.6147
vn 0.8450 -0.1146 0.5223
vn 0.8606 0.1781 0.4772
vn 0.8571 -0.0750 0.5097
vn 0.8801 0.1750 0.4414
vn 0.8109 0.0470 0.5832
vn 0.8047 0.3043 0.5098
vn 0.8417 0.0587 0.5368
vn 0.8236 0.3200 0.4682
vn 0.8414 0.0405 0.5389
vn 0.8077 0.3503 0.4743
vn 0.8795 0.0237 0.4753
vn 0.8666 0.3344 0.3703
vn 0.8867 0.1109 0.4489
vn 0.8368 0.3995 0.3743
vn 0.8856 0.2097 0.4144
vn 0.8228 0.4541 0.3417
vn 0.9332 0.1668 0.3184
vn 0.8486 0.4326 0.3047
vn 0.4866 0.8701 0.0781
vn 0.7916 0.5050 0.3440
vn 0.4735 0.8770 0.0812
vn 0.8578 0.1247 0.4986
vn 0.8170 0.4723 0.3308
vn 0.8908 0.0567 0.4508
vn 0.6421 0.6261 0.4423
vn 0.3069 0.9416 0.1383
vn 0.6458 0.6350 0.4239
vn 0.2542 0.9546 0.1554
vn 0.7137 0.5899 0.3776
vn 0.2931 0.9416 0.1656
vn 0.5971 0.6381 0.4861
vn 0.2144 0.9441 0.2503
vn 0.7608 0.5090 0.4026
vn 0.4512 0.8725 0.1873
vn 0.8635 0.3894 0.3204
vn 0.6326 0.7670 0.1069
vn 0.6748 0.5757 0.4617
vn 0.4803 0.8606 0.1696
vn 0.5740 0.6554 0.4908
vn 0.2957 0.9298 0.2193
vn 0.7500 0.5522 0.3641
vn 0.4545 0.8830 0.1172
vn 0.7905 0.5229 0.3190
vn 0.4784 0.8756 0.0669
vn 0.6927 0.6320 0.3475
vn 0.3696 0.9249 0.0893
vn 0.6649 0.6708 0.3286
vn 0.3020 0.9469 0.1098
vn 0.6553 0.6943 0.2975
vn 0.3295 0.9402 0.0868
vn 0.6797 0.6880 0.2543
vn 0.3054 0.9429 0.1331
vn 0.6674 0.6899 0.2804
vn 0.3456 0.9251 0.1573
vn -0.4033 0.8562 -0.3228
vn -0.0342 0.9844 -0.1726
vn -0.3450 0.8230 -0.4512
vn 0.3948 0.9050 0.1585
vn -0.1802 0.9836 -0.0084
vn 0.1627 0.9318 0.3245
vn 0.0051 0.9733 -0.2295
vn -0.3628 0.7991 -0.4794
vn -0.0244 0.9703 -0.2407
vn -0.4125 0.7761 -0.4771
vn -0.1562 0.9688 -0.1922
vn -0.4890 0.7685 -0.4126
vn -0.2140 0.9647 -0.1533
vn -0.5189 0.7673 -0.3768
vn -0.1740 0.9735 -0.1483
vn -0.4964 0.7840 -0.3728
vn -0.1983 0.9744 -0.1055
vn -0.4916 0.7840 -0.3790
vn -0.0656 0.9860 -0.1535
vn -0.4384 0.7854 -0.4369
vn 0.0839 0.9695 -0.2302
vn -0.3898 0.7932 -0.4678
vn 0.0241 0.9741 -0.2248
vn -0.4237 0.7993 -0.4261
vn -0.1082 0.9808 -0.1624
vn -0.4561 0.7945 -0.4009
vn -0.0215 0.9764 -0.2151
vn -0.4252 0.7964 -0.4301
vn -0.0446 0.9772 -0.2074
vn -0.4827 0.8018 -0.3522
vn -0.1321 0.9813 -0.1397
vn -0.5493 0.7856 -0.2848
vn -0.1661 0.9816 -0.0945
vn -0.5987 0.7551 -0.2671
vn -0.1436 0.9855 -0.0900
vn -0.6271 0.7373 -0.2513
vn -0.1525 0.9882 -0.0151
vn -0.6321 0.7522 -0.1861
vn -0.1141 0.9932 0.0219
vn -0.6003 0.7941 -0.0948
vn -0.1045 0.9428 -0.3166
vn 0.6190 0.7810 -0.0833
vn 0.4856 0.8718 -0.0644
vn 0.0157 0.9408 -0.3385
vn 0.1147 0.9556 -0.2715
vn 0.7534 0.6573 0.0193
vn -0.0864 0.9503 0.2991
vn 0.0889 0.9959 0.0161
vn -0.0147 0.8183 0.5746
vn 0.4763 0.7833 0.3996
vn 0.1563 0.3672 0.9169
vn 0.3915 -0.1690 0.9045
vn 0.5347 -0.3094 0.7864
vn 0.5845 0.1711 0.7932
vn 0.7979 -0.3325 0.5029
vn 0.7784 -0.3830 0.4974
vn 0.6611 -0.4269 0.6170
vn 0.7059 -0.4160 0.5733
vn 0.8587 -0.2620 0.4406
vn 0.8974 0.1293 0.4218
vn 0.1866 0.9515 -0.2445
vn 0.5773 0.8159 0.0320
vn 0.8148 0.4897 0.3102
vn 0.9544 0.0855 0.2860
vn -0.1814 0.9048 -0.3853
vn -0.2482 0.9474 -0.2023
vn -0.2957 0.9096 -0.2917
vn -0.0036 0.9996 0.0275
vn -0.0930 0.9703 -0.2233
vn 0.0789 0.9967 -0.0204
vn -0.0790 0.9933 0.0838
vn -0.3634 0.9213 -0.1383
vn -0.3866 0.9024 -0.1904
vn -0.4026 0.9086 -0.1115
vn -0.4259 0.8951 -0.1319
vn -0.1075 0.9857 0.1298
vn -0.1451 0.9727 0.1810
vn -0.4394 0.8961 -0.0620
vn -0.4715 0.8808 -0.0432
vn -0.4924 0.8689 0.0512
vn -0.5429 0.8365 0.0749
vn -0.1929 0.9438 0.2686
vn -0.2074 0.9123 0.3532
vn -0.5048 0.8473 0.1652
vn -0.5911 0.7933 0.1456
vn -0.4024 0.9026 0.1528
vn -0.5214 0.8473 0.1016
vn -0.1510 0.9346 0.3221
vn -0.0786 0.9795 0.1854
vn -0.2531 0.9654 0.0635
vn -0.3916 0.9193 0.0403
vn -0.4615 0.8812 -0.1027
vn -0.6856 0.7030 0.1889
vn -0.7520 0.6590 0.0106
vn -0.5034 0.8409 0.1987
vn -0.4616 0.8857 0.0486
vn -0.7594 0.4110 0.5043
vn -0.9074 0.2262 0.3542
vn -0.9671 0.1908 0.1682
vn -0.3075 0.7199 0.6223
vn -0.2796 0.9487 0.1477
vn -0.0933 0.9778 0.1876
vn -0.5511 0.6296 0.5476
vn -0.1757 0.9674 -0.1826
vn -0.0202 0.9783 -0.2063
vn 0.1607 0.9869 0.0123
vn -0.2625 0.9250 -0.2747
vn 0.4887 0.8715 0.0414
vn 0.4408 0.8666 0.2337
vn -0.1379 0.9859 -0.0952
vn -0.2175 0.9559 -0.1975
vn -0.2299 0.9575 -0.1743
vn -0.1089 0.9927 -0.0525
vn 0.3230 -0.0740 0.9435
vn 0.2938 -0.0872 0.9519
vn 0.3119 -0.0475 0.9489
vn 0.2509 -0.1238 0.9601
vn 0.2973 -0.0135 0.9547
vn 0.2716 -0.0619 0.9604
vn 0.1897 0.0095 0.9818
vn 0.2656 0.0661 0.9618
vn 0.1228 0.0940 0.9880
vn 0.1948 -0.0551 0.9793
vn 0.1353 0.0812 0.9875
vn 0.1122 -0.2229 0.9684
vn 0.1093 0.9137 0.3914
vn 0.3048 0.3286 0.8939
vn 0.0942 0.8533 0.5128
vn 0.3785 0.0987 0.9203
vn 0.2268 0.9271 0.2982
vn 0.4064 0.8054 0.4314
vn 0.4514 0.6812 0.5763
vn 0.0649 0.9620 0.2651
vn 0.3701 0.8570 0.3585
vn 0.4180 0.8174 0.3965
vn 0.0370 0.9141 0.4039
vn 0.3561 0.4408 0.8239
vn 0.2448 -0.0200 0.9694
vn 0.3240 -0.1446 0.9349
vn 0.4347 0.2436 0.8670
vn 0.5926 0.7473 0.3007
vn 0.4135 0.1974 0.8888
vn 0.5163 0.7889 0.3333
vn 0.6458 0.7258 0.2371
vn 0.4785 0.3233 0.8164
vn 0.4921 0.1053 0.8641
vn 0.5333 0.7709 0.3483
vn 0.5396 0.1002 0.8359
vn 0.5622 0.7685 0.3054
vn 0.5555 0.3498 0.7544
vn 0.4818 0.8668 0.1284
vn 0.5633 0.6693 0.4845
vn 0.2984 0.9427 -0.1491
vn 0.4774 0.8638 0.1614
vn 0.2146 0.9118 -0.3502
vn 0.4765 0.8698 0.1278
vn 0.1636 0.9576 -0.2372
vn 0.5294 0.8271 0.1886
vn 0.2487 0.9637 -0.0971
vn 0.5134 0.8017 0.3062
vn 0.3519 0.9341 0.0601
vn 0.3651 0.9296 -0.0501
vn 0.1367 0.9367 -0.3223
vn 0.2818 0.9525 0.1151
vn 0.1468 0.8924 -0.4267
vn 0.1725 0.9849 -0.0143
vn 0.2301 0.9068 0.3531
vn 0.5147 0.8413 -0.1649
vn 0.2229 0.8833 -0.4124
vn 0.4501 0.8826 -0.1356
vn 0.3021 0.8872 -0.3487
vn 0.5034 0.8605 -0.0781
vn 0.3413 0.9012 -0.2670
vn 0.5318 0.8363 -0.1332
vn 0.4104 0.8818 -0.2323
vn 0.5598 0.7767 -0.2888
vn 0.5010 0.8566 -0.1233
vn 0.5007 0.8399 -0.2095
vn 0.5351 0.8097 -0.2410
vn 0.2639 0.9515 0.1582
vn 0.3749 0.8870 0.2695
vn 0.2803 0.9392 0.1982
vn 0.3394 0.9293 0.1455
vn 0.3221 0.8994 0.2954
vn 0.2375 0.9451 0.2245
vn 0.1869 0.9716 0.1452
vn 0.2895 0.9395 0.1831
vn 0.2075 0.9766 0.0570
vn 0.3316 0.9286 0.1667
vn 0.2466 0.9338 0.2591
vn 0.1676 0.9580 0.2327
vn 0.4505 0.8200 0.3530
vn 0.3467 0.9059 0.2432
vn 0.4417 0.8411 0.3121
vn 0.3324 0.9078 0.2557
vn 0.3381 0.8927 0.2979
vn 0.4417 0.8163 0.3722
vn 0.4079 0.8705 0.2754
vn 0.4651 0.8206 0.3321
vn 0.3648 0.8716 0.3273
vn 0.3329 0.8823 0.3328
vn 0.4432 0.8378 0.3188
vn 0.3532 0.8600 0.3682
vn 0.2413 0.9245 0.2951
vn 0.1502 0.9415 0.3017
vn 0.2454 0.9079 0.3398
vn 0.2686 0.8632 0.4274
vn 0.1219 0.9238 0.3629
vn 0.2399 0.9200 0.3098
vn 0.2325 0.8988 0.3717
vn 0.2924 0.8595 0.4192
vn 0.3646 0.8513 0.3773
vn 0.3776 0.8395 0.3907
vn 0.3921 0.7907 0.4702
vn 0.6780 0.6811 0.2765
vn 0.8647 0.4435 0.2357
vn 0.8286 0.3560 0.4321
vn 0.6105 0.6598 0.4381
vn 0.0843 0.8945 0.4390
vn 0.2389 0.8264 0.5099
vn 0.2345 0.7809 0.5790
vn 0.0488 0.8603 0.5075
vn 0.3913 0.7868 0.4773
vn 0.5834 0.6320 0.5102
vn 0.3994 0.7516 0.5249
vn 0.2973 0.8176 0.4931
vn 0.3511 0.7598 0.5471
vn 0.4151 0.6861 0.5975
vn 0.0713 0.8683 0.4909
vn 0.1098 0.9242 0.3657
vn 0.3221 0.7425 0.5873
vn 0.4146 0.7540 0.5094
vn 0.9540 0.2136 0.2103
vn 0.9739 0.0435 0.2229
vn 0.9508 0.0600 0.3041
vn 0.9051 0.1259 0.4062
vn 0.7084 0.5073 0.4907
vn 0.7961 0.4991 0.3423
vn 0.6734 0.6129 0.4134
vn 0.5361 0.6659 0.5189
vn 0.5478 0.5845 0.5986
vn 0.6740 0.5210 0.5237
vn 0.1032 0.7757 0.6226
vn 0.1235 0.9522 0.2794
vn 0.5535 0.7363 0.3893
vn 0.6218 0.5656 0.5417
vn 0.9329 -0.1196 0.3398
vn 0.8350 -0.2116 0.5079
vn 0.8759 0.1728 0.4505
vn 0.9451 0.1262 0.3016
vn 0.8475 0.3971 0.3522
vn 0.8629 0.1643 0.4779
vn 0.8255 0.5066 0.2490
vn 0.8268 0.3366 0.4506
vn 0.7981 0.5559 0.2325
vn 0.7426 0.5109 0.4330
vn 0.7586 0.5232 0.3883
vn 0.8789 0.0593 0.4734
vn 0.5371 0.6301 0.5608
vn 0.7686 0.1854 0.6122
vn 0.8839 0.1117 0.4542
vn 0.9210 0.0235 0.3889
vn 0.8131 -0.2712 0.5151
vn 0.7773 -0.0757 0.6246
vn 0.6123 -0.3320 0.7176
vn 0.8330 -0.2343 0.5011
vn 0.8161 -0.2934 0.4979
vn 0.7271 -0.4722 0.4983
vn 0.8035 -0.2078 0.5578
vn 0.7440 -0.4526 0.4916
vn 0.7509 -0.3523 0.5586
vn 0.7824 -0.2451 0.5725
vn 0.7161 -0.3083 0.6263
vn 0.7692 -0.2274 0.5972
vn 0.7656 -0.3089 0.5643
vn 0.7414 -0.4107 0.5307
vn 0.7029 -0.5265 0.4782
vn 0.6892 -0.5574 0.4629
vn 0.8132 -0.1705 0.5565
vn 0.5813 0.2672 0.7686
vn 0.8628 0.4957 0.0998
vn 0.9785 -0.1716 0.1144
vn 0.6088 -0.1007 0.7869
vn 0.9058 -0.1707 -0.3877
vn 0.7565 0.5085 -0.4113
vn 0.9539 -0.2765 -0.1165
vn 0.8434 0.4650 -0.2694
vn 0.7526 -0.4545 0.4765
vn 0.6071 0.5404 0.5826
vn 0.5421 -0.3355 0.7704
vn 0.5986 0.6090 0.5204
vn 0.6496 0.6261 0.4314
vn 0.6340 -0.0397 0.7723
vn 0.5975 -0.1629 0.7851
vn 0.6974 0.6207 0.3583
vn 0.6419 0.0247 0.7664
vn 0.6977 0.6258 0.3487
vn 0.6348 0.0567 0.7706
vn 0.6550 0.6570 0.3733
vn 0.6234 0.0888 0.7768
vn 0.5658 0.7106 0.4182
vn 0.5923 0.1549 0.7907
vn 0.4272 0.7528 0.5009
vn 0.5037 0.2345 0.8315
vn 0.2999 0.6908 0.6579
vn 0.3857 0.1028 0.9169
vn 0.4243 -0.4347 0.7943
vn 0.3999 -0.4053 0.8221
vn 0.4247 -0.5367 0.7291
vn 0.4401 -0.3260 0.8367
vn 0.2685 -0.6154 0.7411
vn 0.3762 -0.4712 0.7978
vn 0.3523 -0.5890 0.7273
vn 0.3327 -0.4722 0.8163
vn 0.2670 -0.7423 0.6146
vn 0.3302 -0.5033 0.7986
vn 0.2439 -0.6615 0.7092
vn 0.3454 -0.5559 0.7561
vn 0.3989 -0.7172 0.5714
vn 0.3781 -0.6357 0.6730
vn 0.2812 -0.8197 0.4990
vn 0.2944 -0.8554 0.4261
vn 0.3509 -0.8622 0.3655
vn 0.4990 -0.8243 0.2673
vn 0.7226 -0.6881 -0.0659
vn 0.5212 -0.7763 0.3545
vn 0.8271 -0.5405 -0.1540
vn 0.8039 -0.5205 0.2879
vn 0.5766 -0.7748 0.2594
vn 0.5084 -0.7821 0.3604
vn 0.5247 -0.4939 0.6933
vn 0.4478 -0.7972 0.4049
vn 0.3204 -0.8289 0.4586
vn 0.2329 -0.5171 0.8236
vn 0.1248 -0.6387 0.7593
vn 0.1754 -0.8640 0.4719
vn 0.1758 -0.8776 0.4460
vn 0.2061 -0.8066 0.5540
vn 0.3198 -0.8568 0.4045
vn 0.2416 -0.8647 0.4403
vn 0.3073 -0.8088 0.5015
vn 0.4244 -0.8107 0.4034
vn 0.4348 -0.6859 0.5835
vn 0.3216 -0.6119 0.7226
vn 0.4749 -0.1570 0.8659
vn 0.5398 -0.5342 0.6506
vn 0.6227 -0.5296 0.5760
vn 0.8018 -0.0450 0.5959
vn 0.7247 0.6141 0.3126
vn 0.4146 0.6987 0.5830
vn 0.1177 0.9189 0.3766
vn 0.5527 0.5943 0.5842
vn 0.1212 0.8765 0.4659
vn 0.5377 0.7325 0.4174
vn 0.4815 0.7795 0.4006
vn 0.7841 0.2368 0.5738
vn 0.8427 0.1803 0.5073
vn 0.3259 0.4288 0.8426
vn 0.8830 -0.0643 0.4649
vn 0.8638 0.1452 0.4825
vn 0.8396 0.1601 0.5191
vn 0.7835 -0.1029 0.6128
vn 0.8031 0.0656 0.5923
vn 0.8550 0.2397 0.4600
vn 0.8684 0.3149 0.3829
vn 0.9031 0.2875 0.3190
vn 0.8527 0.2319 0.4681
vn 0.8446 0.3995 0.3564
vn 0.8793 0.4103 0.2420
vn 0.8848 0.4509 0.1172
vn 0.8263 0.5618 -0.0395
vn 0.8441 0.5177 -0.1397
vn 0.7831 0.5515 -0.2872
vn 0.7912 0.6068 0.0767
vn 0.7046 0.5911 -0.3926
vn 0.7158 -0.5493 0.4310
vn 0.6228 -0.6551 0.4278
vn 0.6638 -0.6603 0.3513
vn 0.7274 -0.5916 0.3478
vn 0.8847 -0.2341 0.4031
vn 0.9652 -0.1114 0.2366
vn 0.9859 -0.1394 0.0930
vn 0.6644 -0.6947 0.2758
vn 0.8713 0.4520 -0.1912
vn 0.9721 -0.2290 0.0515
vn 0.6263 -0.7464 0.2249
vn 0.8018 0.5910 -0.0880
vn 0.9740 -0.1644 0.1561
vn 0.9334 -0.2785 0.2262
vn 0.8239 0.5666 0.0090
vn 0.7423 -0.6137 0.2690
vn 0.6907 -0.6791 0.2487
vn 0.5906 -0.7722 0.2344
vn 0.6235 -0.7306 0.2783
vn 0.6255 -0.7512 0.2109
vn 0.6144 -0.7321 0.2942
vn 0.9757 -0.2072 0.0715
vn 0.9657 -0.1542 0.2089
vn 0.9269 0.3514 -0.1320
vn 0.9397 0.3313 0.0854
vn 0.9128 0.2367 0.3327
vn 0.6900 0.7226 0.0416
vn 0.7630 0.6439 0.0566
vn 0.9400 0.0038 0.3411
vn 0.4726 0.6623 0.5814
vn 0.2746 0.9601 0.0535
vn 0.3109 0.7829 0.5388
vn 0.2428 0.9687 -0.0520
vn 0.5478 0.7720 0.3224
vn 0.5756 0.7796 0.2469
vn 0.1375 0.9727 -0.1871
vn 0.2222 0.9726 -0.0690
vn 0.2745 0.9344 -0.2271
vn 0.2191 0.9590 -0.1799
vn 0.8111 -0.0075 0.5849
vn 0.6161 0.7529 0.2313
vn 0.4098 0.8477 0.3369
vn 0.7392 0.1622 0.6537
vn 0.0266 0.9875 -0.1551
vn -0.0507 0.9938 -0.0985
vn 0.0246 0.9967 -0.0780
vn -0.0271 0.9977 -0.0622
vn 0.1881 0.9788 0.0810
vn 0.1825 0.9757 0.1215
vn 0.5606 0.7503 0.3503
vn 0.5556 0.7384 0.3822
vn 0.7917 0.3383 0.5087
vn 0.4746 0.8524 0.2195
vn 0.7998 0.4205 0.4283
vn 0.5425 0.8167 0.1968
vn -0.0330 0.9805 -0.1936
vn -0.0016 0.9752 -0.2212
vn -0.0780 0.9769 -0.1987
vn -0.0626 0.9516 -0.3010
vn 0.2128 0.9770 0.0113
vn 0.3109 0.9427 -0.1214
vn 0.6322 0.7253 0.2725
vn 0.7152 0.6877 0.1248
vn 0.6973 0.4781 0.5340
vn 0.4502 0.4694 0.7596
vn 0.6913 0.2227 0.6874
vn 0.4129 0.3051 0.8581
vn 0.8714 0.1506 0.4669
vn 0.8107 0.4013 0.4262
vn 0.8563 0.0830 0.5098
vn 0.7957 0.0277 0.6050
vn 0.7857 0.3430 0.5148
vn 0.7567 0.3568 0.5478
vn 0.8157 0.3756 0.4401
vn 0.8335 0.0257 0.5519
vn 0.9081 0.0932 0.4083
vn 0.8618 0.4218 0.2818
vn 0.8457 0.4839 0.2250
vn 0.6936 0.7163 0.0758
vn 0.9253 0.1706 0.3387
vn 0.9188 0.2220 0.3262
vn 0.8145 0.5384 0.2159
vn 0.6563 0.7506 0.0770
vn 0.8778 -0.2585 0.4034
vn 0.7369 -0.5783 0.3501
vn 0.8314 -0.3078 0.4626
vn 0.7444 -0.5500 0.3787
vn 0.7265 -0.6068 0.3224
vn 0.9013 -0.1974 0.3857
vn 0.5415 0.6058 0.5830
vn -0.1994 0.9579 0.2065
vn -0.1838 0.9741 -0.1318
vn 0.3230 0.9226 0.2110
vn 0.5618 0.7562 0.3354
vn 0.2912 0.8639 0.4110
vn 0.6376 0.4584 0.6191
vn 0.6681 0.6514 0.3597
vn 0.5724 0.6349 0.5189
vn 0.5159 0.4719 0.7149
vn 0.3184 0.4859 0.8139
vn 0.3753 0.3862 0.8426
vn 0.4314 0.2214 0.8746
vn 0.5009 0.7539 0.4252
vn 0.4560 0.7587 0.4652
vn 0.4301 0.3615 0.8272
vn 0.6253 0.0376 0.7795
vn 0.6542 0.5509 0.5182
vn 0.8937 0.3034 0.3305
vn 0.8456 -0.0531 0.5311
vn 0.8737 -0.1182 0.4719
vn 0.9457 0.1391 0.2939
vn 0.9443 0.0020 0.3290
vn 0.8122 -0.1934 0.5504
vn 0.7895 -0.2755 0.5485
vn 0.8128 -0.3789 0.4425
vn 0.2793 0.9565 -0.0846
vn 0.4069 0.9102 -0.0771
vn 0.1111 0.9759 -0.1878
vn 0.3405 0.9400 -0.0202
vn 0.5061 0.8620 0.0283
vn 0.4331 0.9013 -0.0062
vn 0.5468 0.8372 -0.0032
vn 0.5277 0.8490 0.0259
vn 0.3814 0.9150 -0.1312
vn 0.4989 0.8666 0.0070
vn 0.6311 0.7603 0.1539
vn 0.5714 0.7707 0.2820
vn 0.5703 0.8006 0.1837
vn 0.4039 0.9105 0.0891
vn 0.4411 0.8538 0.2765
vn 0.3384 0.9330 -0.1225
vn 0.2001 0.9527 -0.2286
vn 0.1837 0.9429 -0.2780
vn 0.2296 0.9451 -0.2326
vn 0.3970 0.9120 0.1031
vn 0.3081 0.9491 0.0653
vn 0.4294 0.8374 0.3381
vn 0.5372 0.7518 0.3823
vn 0.3586 0.9138 -0.1906
vn 0.3165 0.8974 -0.3074
vn 0.5258 0.7802 -0.3389
vn 0.6256 0.7502 -0.2142
vn 0.7616 0.6150 0.2042
vn 0.5572 0.8261 0.0838
vn 0.6517 0.6652 0.3644
vn 0.7046 0.7085 -0.0388
vn 0.7819 0.6004 -0.1675
vn 0.5972 0.6889 -0.4108
vn 0.7952 0.5969 -0.1063
vn 0.6478 0.7356 -0.1984
vn 0.6901 0.6693 -0.2753
vn 0.7716 0.6323 -0.0698
vn 0.5777 0.7549 -0.3105
vn 0.5866 0.7517 -0.3013
vn -0.5867 0.6661 0.4605
vn -0.0984 0.6867 0.7203
vn -0.3084 0.7828 0.5405
vn -0.0500 0.6863 0.7256
vn -0.5425 0.5187 0.6608
vn -0.5406 0.5031 0.6743
vn 0.0225 0.6788 0.7340
vn 0.0021 0.6834 0.7301
vn -0.1427 0.8464 0.5131
vn 0.1660 0.6328 0.7563
vn -0.2137 0.7397 0.6381
vn -0.1302 0.6952 0.7069
vn -0.3614 0.9174 0.1665
vn 0.0704 0.7451 0.6632
vn -0.1905 0.9741 0.1215
vn -0.5665 0.8144 0.1262
vn -0.5687 0.6196 0.5409
vn -0.5506 0.5518 0.6264
vn -0.2270 0.9711 -0.0732
vn -0.2660 0.8973 0.3523
vn -0.3751 0.9269 0.0086
vn -0.0262 0.9239 0.3818
vn -0.5865 0.7464 0.3144
vn -0.5522 0.8337 0.0096
vn -0.4045 0.8985 0.1708
vn -0.5780 0.8028 0.1464
vn -0.2537 0.9658 0.0541
vn 0.1531 0.7873 0.5973
vn -0.1881 0.9797 0.0692
vn 0.2338 0.6263 0.7437
vn 0.2091 0.7606 0.6147
vn 0.1289 0.8562 0.5003
vn -0.1880 0.9777 0.0934
vn -0.2559 0.9661 0.0331
vn 0.0003 0.9015 0.4328
vn -0.2540 0.9627 -0.0929
vn 0.0074 0.9098 0.4149
vn -0.2674 0.9550 -0.1284
vn -0.0716 0.9314 0.3570
vn -0.0110 0.9607 0.2773
vn -0.2896 0.9531 -0.0878
vn 0.1447 0.8734 0.4650
vn -0.1706 0.9845 0.0394
vn 0.2503 0.7673 0.5904
vn 0.2468 0.8013 0.5450
vn 0.1155 0.9269 0.3571
vn -0.1823 0.9809 -0.0677
vn -0.0340 0.9841 -0.1743
vn 0.3859 0.8986 0.2090
vn -0.3329 0.8945 -0.2984
vn -0.3866 0.8776 -0.2834
vn -0.1013 0.9891 -0.1064
vn 0.4345 0.8268 0.3572
vn 0.0525 0.9829 0.1767
vn -0.2100 0.9577 -0.1965
vn 0.2556 0.8514 0.4580
vn 0.3112 0.8544 0.4162
vn -0.0542 0.9984 0.0169
vn -0.2604 0.9225 -0.2850
vn -0.1126 0.9799 0.1649
vn 0.0347 0.9289 0.3686
vn -0.2306 0.9725 0.0338
vn 0.0649 0.9135 0.4016
vn 0.2115 0.8613 0.4619
vn -0.2117 0.9773 0.0004
vn 0.1333 0.9482 0.2883
vn 0.3820 0.8222 0.4219
vn 0.0144 0.9818 0.1894
vn 0.3465 0.8357 0.4260
vn 0.2360 0.8741 0.4246
vn 0.5775 0.6577 0.4838
vn 0.6420 0.5315 0.5527
vn 0.5501 0.6243 0.5547
vn -0.1465 0.9811 -0.1262
vn 0.3604 0.8658 0.3470
vn -0.3439 0.8929 -0.2907
vn 0.1203 0.7106 0.6932
vn 0.1284 0.6865 0.7157
vn 0.4132 0.6610 0.6263
vn 0.3027 0.7297 0.6131
vn 0.5241 0.6412 0.5605
vn 0.7642 0.3502 0.5417
vn 0.8401 0.1337 0.5257
vn 0.6890 0.4790 0.5439
vn 0.9173 0.1028 0.3847
vn 0.8363 0.0471 0.5462
vn 0.7554 0.4882 0.4371
vn 0.9079 0.3435 0.2404
vn 0.8835 0.2629 0.3877
vn 0.7155 0.3193 0.6214
vn 0.6652 0.3810 0.6422
vn 0.6539 0.4362 0.6182
vn 0.7030 0.3481 0.6201
vn 0.6577 0.4346 0.6152
vn 0.7672 0.3468 0.5396
vn 0.7879 0.1835 0.5878
vn 0.5921 0.7943 0.1358
vn 0.7174 0.6097 0.3370
vn 0.5347 0.7904 0.2989
vn 0.5627 0.6659 0.4897
vn 0.7083 0.6367 0.3048
vn 0.4829 0.5802 0.6559
vn 0.7024 0.3118 0.6399
vn 0.5756 0.5023 0.6452
vn 0.5877 0.4777 0.6530
vn 0.5650 0.6460 0.5134
vn 0.5407 0.5780 0.6112
vn 0.4640 0.6248 0.6280
vn 0.5111 0.5582 0.6536
vn -0.5593 0.3425 -0.7549
vn -0.5341 0.5509 -0.6412
vn -0.6084 0.2694 -0.7465
vn -0.5204 0.6076 -0.6000
vn -0.5780 0.5156 -0.6325
vn -0.6749 0.2383 -0.6984
vn -0.6352 0.5102 -0.5798
vn -0.7443 0.2422 -0.6223
vn -0.6697 0.5282 -0.5220
vn -0.7620 0.2571 -0.5944
vn -0.7438 0.2619 -0.6149
vn -0.6774 0.5254 -0.5149
vn -0.6697 0.5259 -0.5243
vn -0.7516 0.2633 -0.6048
vn -0.6647 0.5145 -0.5417
vn -0.7428 0.2608 -0.6166
vn -0.6465 0.5080 -0.5693
vn -0.7450 0.2720 -0.6091
vn -0.6365 0.5138 -0.5752
vn -0.7357 0.2763 -0.6184
vn -0.6644 0.5079 -0.5484
vn -0.7479 0.2628 -0.6096
vn -0.6820 0.4952 -0.5382
vn -0.7749 0.2438 -0.5831
vn -0.7028 0.4965 -0.5094
vn -0.8184 0.2337 -0.5250
vn -0.7585 0.4880 -0.4319
vn -0.8562 0.1930 -0.4792
vn -0.8083 0.4327 -0.3994
vn -0.8903 0.1396 -0.4335
vn -0.8504 0.3699 -0.3741
vn -0.9198 0.1491 -0.3629
vn -0.8736 0.3527 -0.3353
vn -0.9229 0.2486 -0.2939
vn -0.9279 0.2949 -0.2283
vn -0.8799 0.3830 -0.2812
vn -0.8894 0.4116 -0.1990
vn -0.9187 0.2877 -0.2708
vn -0.9367 0.2805 -0.2097
vn -0.9293 0.0822 -0.3601
vn -0.9677 0.0334 -0.2497
vn -0.9221 0.3159 -0.2235
vn -0.9318 0.0413 -0.3607
vn -0.9082 0.3369 -0.2482
vn -0.6261 0.5044 -0.5946
vn -0.6053 0.2223 -0.7643
vn -0.6604 0.3084 -0.6847
vn -0.5628 0.2025 -0.8014
vn -0.6093 0.3745 -0.6989
vn -0.5567 0.3294 -0.7626
vn -0.6484 0.6009 -0.4674
vn -0.7286 0.3262 -0.6023
vn -0.7534 0.3266 -0.5707
vn -0.6411 0.5786 -0.5041
vn -0.6278 0.6098 -0.4838
vn -0.7428 0.3425 -0.5752
vn -0.7234 0.3683 -0.5840
vn -0.6491 0.6035 -0.4632
vn -0.5969 0.5725 -0.5621
vn -0.7189 0.3889 -0.5762
vn -0.7132 0.3921 -0.5810
vn -0.6102 0.6032 -0.5136
vn -0.6059 0.5136 -0.6075
vn -0.6974 0.3677 -0.6152
vn -0.7020 0.3483 -0.6213
vn -0.5911 0.5345 -0.6041
vn -0.6521 0.5422 -0.5298
vn -0.7299 0.3353 -0.5957
vn -0.7615 0.3251 -0.5608
vn -0.6367 0.5175 -0.5716
vn -0.7762 0.3213 -0.5425
vn -0.6402 0.5958 -0.4850
vn -0.7852 0.3671 -0.4987
vn -0.6059 0.6233 -0.4944
vn -0.8578 0.3451 -0.3809
vn -0.6801 0.3824 -0.6255
vn -0.6136 0.5435 -0.5728
vn -0.8226 0.3791 -0.4239
vn -0.9177 0.2104 -0.3371
vn -0.7270 0.2161 -0.6517
vn -0.9333 -0.0168 -0.3588
vn -0.6956 0.0888 -0.7129
vn -0.5516 0.5924 -0.5871
vn -0.4607 0.6014 -0.6528
vn -0.5995 0.6230 -0.5025
vn -0.4974 0.7601 -0.4181
vn -0.4396 0.7458 -0.5006
vn -0.3631 0.7367 -0.5704
vn -0.6051 0.6681 -0.4331
vn -0.5822 0.7085 -0.3988
vn -0.4673 0.8334 -0.2952
vn -0.5039 0.7975 -0.3318
vn -0.5655 0.7178 -0.4061
vn -0.5453 0.7112 -0.4437
vn -0.4195 0.8336 -0.3594
vn -0.4323 0.8418 -0.3234
vn -0.5116 0.6994 -0.4992
vn -0.4815 0.6736 -0.5608
vn -0.3481 0.8026 -0.4844
vn -0.3936 0.8279 -0.3996
vn 0.2016 0.9740 -0.1036
vn -0.1625 0.9088 -0.3842
vn -0.2489 0.9235 -0.2918
vn -0.1577 0.8703 -0.4665
vn 0.2125 0.9573 -0.1962
vn 0.1210 0.9509 -0.2848
vn 0.1885 0.9820 0.0106
vn -0.2537 0.9550 -0.1538
vn 0.1901 0.9812 0.0337
vn -0.2774 0.9418 -0.1902
vn 0.1828 0.9805 -0.0721
vn -0.2092 0.9307 -0.2999
vn 0.1744 0.9622 -0.2092
vn -0.2080 0.9556 -0.2086
vn -0.4206 0.8299 -0.3666
vn -0.1719 0.9643 -0.2013
vn -0.2225 0.9327 -0.2840
vn 0.0290 0.9897 -0.1399
vn -0.3591 0.8924 -0.2733
vn -0.0470 0.9824 -0.1807
vn -0.1378 0.9776 -0.1593
vn -0.4470 0.8362 -0.3178
vn -0.4021 0.8966 -0.1855
vn -0.4881 0.8481 -0.2059
vn -0.0934 0.9912 -0.0936
vn -0.0052 0.9992 0.0401
vn -0.3764 0.9241 -0.0657
vn -0.5220 0.8464 -0.1055
vn -0.3372 0.9413 -0.0147
vn -0.5349 0.8432 -0.0537
vn 0.0469 0.9963 0.0725
vn 0.1707 0.9841 0.0480
vn -0.1563 0.9873 -0.0288
vn -0.5174 0.8454 -0.1329
vn 0.0372 0.9818 -0.1864
vn -0.4284 0.8316 -0.3535
vn 0.2980 0.9504 -0.0892
vn 0.3969 0.8918 -0.2172
vn 0.1766 0.9212 -0.3466
vn -0.3077 0.7665 -0.5637
vn 0.2343 0.8583 -0.4565
vn -0.2077 0.6886 -0.6948
vn 0.4262 0.8580 -0.2868
vn 0.3956 0.8480 -0.3527
vn 0.2211 0.8105 -0.5424
vn -0.1615 0.6246 -0.7640
vn 0.1487 0.7674 -0.6237
vn -0.1735 0.5859 -0.7916
vn 0.3466 0.8380 -0.4214
vn 0.3248 0.8344 -0.4453
vn 0.0909 0.7713 -0.6300
vn 0.0866 0.8399 -0.5358
vn -0.2232 0.6598 -0.7175
vn 0.0790 0.8038 -0.5897
vn 0.3276 0.8451 -0.4224
vn 0.3122 0.8675 -0.3873
vn -0.2458 0.6914 -0.6794
vn 0.0706 0.8675 -0.4924
vn -0.2750 0.7102 -0.6481
vn 0.2694 0.8932 -0.3600
vn 0.2481 0.8943 -0.3724
vn 0.0679 0.8555 -0.5133
vn -0.1208 0.5534 -0.8241
vn 0.1117 0.8043 -0.5836
vn 0.2140 0.7245 -0.6552
vn -0.2114 0.6420 -0.7370
vn -0.2587 0.6972 -0.6686
vn 0.3004 0.8455 -0.4415
vn 0.4115 0.7600 -0.5031
vn -0.0317 0.4825 -0.8753
vn 0.5069 0.7062 -0.4943
vn 0.5438 0.7146 -0.4400
vn 0.2860 0.6608 -0.6939
vn 0.2578 0.6613 -0.7044
vn -0.0397 0.4955 -0.8677
vn 0.1762 0.9803 -0.0889
vn 0.1912 0.9812 -0.0256
vn 0.0852 0.9935 -0.0758
vn 0.2669 0.9627 -0.0438
vn 0.2736 0.9563 0.1028
vn 0.3554 0.9323 0.0676
vn 0.4563 0.8785 0.1412
vn 0.4125 0.8980 0.1530
vn 0.4224 0.9059 0.0300
vn 0.4754 0.8704 0.1282
vn 0.4569 0.8807 0.1250
vn 0.3142 0.9390 0.1398
vn 0.3483 0.9330 0.0907
vn 0.5041 0.8631 0.0301
vn 0.5277 0.8487 0.0336
vn 0.5009 0.8641 -0.0494
vn 0.5440 0.8359 -0.0729
vn 0.4094 0.9115 -0.0393
vn 0.4627 0.8705 -0.1676
vn 0.4878 0.8547 -0.1775
vn 0.4647 0.8558 -0.2272
vn 0.5139 0.8450 -0.1478
vn 0.4433 0.8588 -0.2568
vn 0.4651 0.8281 -0.3130
vn 0.4390 0.8503 -0.2904
vn 0.5061 0.8372 -0.2073
vn 0.5265 0.8160 -0.2387
vn 0.5439 0.8056 -0.2350
vn 0.4874 0.8232 -0.2913
vn 0.5419 0.7978 -0.2643
vn 0.4792 0.8441 -0.2405
vn 0.5525 0.8270 -0.1039
vn 0.4529 0.8685 -0.2014
vn 0.5469 0.8199 -0.1694
vn 0.4413 0.8769 -0.1906
vn 0.6179 0.7593 -0.2042
vn 0.4815 0.8418 -0.2439
vn 0.5704 0.8160 -0.0934
vn 0.5666 0.7453 -0.3514
vn 0.0575 0.9699 -0.2365
vn -0.1131 0.9678 -0.2251
vn -0.4520 0.6541 -0.6065
vn 0.2147 0.9657 -0.1462
vn -0.0643 0.8941 -0.4432
vn 0.0997 0.9887 -0.1121
vn 0.0692 0.9891 -0.1302
vn 0.0622 0.9921 -0.1086
vn 0.0898 0.9883 -0.1229
vn 0.3345 0.9402 -0.0641
vn 0.5241 -0.3681 0.7680
vn 0.5561 -0.5281 0.6418
vn 0.4719 -0.3528 0.8080
vn 0.4731 -0.5738 0.6686
vn 0.5439 -0.4075 0.7336
vn 0.5284 -0.3488 0.7740
vn 0.6847 0.0402 0.7277
vn 0.7446 -0.2086 0.6341
vn 0.4428 -0.3369 0.8309
vn 0.6272 -0.3918 0.6732
vn 0.6669 -0.5187 0.5350
vn 0.6081 -0.6666 0.4312
vn 0.5818 -0.6167 0.5302
vn 0.6365 -0.3405 0.6920
vn 0.4223 -0.6915 0.5860
vn 0.5001 -0.6744 0.5432
vn 0.4353 -0.7473 0.5021
vn 0.3504 -0.6510 0.6733
vn 0.5518 -0.6387 0.5362
vn 0.5269 -0.7241 0.4452
vn 0.6171 0.1118 0.7789
vn 0.3654 -0.4079 0.8367
vn 0.3147 -0.4691 0.8252
vn 0.6495 -0.0932 0.7546
vn 0.6819 -0.5622 0.4679
vn 0.6706 -0.4929 0.5544
vn 0.7444 -0.3798 0.5493
vn 0.6802 -0.2774 0.6785
vn 0.3808 -0.3023 0.8738
vn 0.2504 -0.5805 0.7748
vn 0.3975 -0.5051 0.7661
vn 0.2364 -0.4705 0.8501
vn 0.5763 -0.4281 0.6961
vn 0.5645 -0.2286 0.7932
vn 0.7646 -0.0602 0.6417
vn 0.6301 0.3657 0.6850
vn 0.6288 0.0396 0.7766
vn 0.4876 0.4062 0.7728
vn 0.2446 -0.0443 0.9686
vn 0.6317 -0.2133 0.7453
vn 0.3124 -0.3679 0.8758
vn 0.4165 0.1063 0.9029
vn 0.2449 -0.2418 0.9389
vn 0.3599 -0.0439 0.9320
vn 0.2995 0.2651 0.9165
vn 0.2163 0.0882 0.9723
vn 0.5041 0.0544 0.8619
vn 0.3979 0.3688 0.8400
vn -0.0590 0.2960 0.9534
vn -0.4189 0.3793 0.8250
vn -0.0801 0.3754 0.9234
vn -0.4917 0.5676 0.6603
vn -0.6190 0.3021 0.7250
vn -0.7419 0.3040 0.5976
vn 0.3588 0.7036 0.6133
vn 0.2968 0.6938 0.6561
vn 0.0652 0.9218 0.3822
vn -0.0546 0.8962 0.4402
vn -0.2749 0.8625 0.4248
vn 0.0057 0.5663 0.8241
vn 0.0560 0.6629 0.7466
vn -0.2561 0.8378 0.4821
vn 0.1646 0.6739 0.7203
vn -0.3036 0.8085 0.5042
vn -0.8960 0.1873 0.4025
vn -0.7465 0.5653 0.3509
vn -0.8881 0.4488 0.0996
vn -0.9727 0.0953 0.2115
vn -0.5623 0.8202 -0.1051
vn -0.2158 0.9737 0.0736
vn -0.4239 0.8795 -0.2164
vn -0.3678 0.9136 0.1734
vn -0.4313 0.8908 0.1432
vn -0.6019 0.7947 -0.0787
vn -0.4650 0.8729 0.1476
vn -0.5632 0.8256 -0.0341
vn -0.5984 0.7479 0.2873
vn -0.6993 0.7137 0.0415
vn -0.5859 0.8061 -0.0831
vn -0.8696 0.4673 -0.1595
vn -0.4799 0.8625 -0.1606
vn -0.8651 0.5016 0.0036
vn -0.9737 0.1993 -0.1104
vn -0.9844 0.1598 0.0741
vn -0.6424 0.4276 -0.6360
vn -0.5415 0.6664 -0.5126
vn -0.5683 0.3909 -0.7240
vn -0.6402 0.6586 -0.3954
vn -0.9925 0.0582 0.1075
vn -0.9623 0.2681 -0.0450
vn -0.8142 0.3143 -0.4881
vn -0.5376 0.6772 -0.5024
vn -0.8758 0.3238 -0.3580
vn -0.7519 0.4267 -0.5026
vn -0.7380 0.2764 -0.6156
vn -0.1336 0.9439 -0.3020
vn -0.0294 0.9794 -0.1998
vn -0.6118 0.2568 -0.7482
vn -0.5723 0.1974 -0.7959
vn -0.4811 0.4237 -0.7674
vn -0.6903 0.4561 -0.5617
vn -0.6841 0.2737 -0.6761
vn -0.2801 0.7372 -0.6149
vn -0.7134 0.6375 -0.2907
vn -0.6957 0.6660 -0.2691
vn -0.7956 0.5634 -0.2228
vn -0.0107 0.9954 -0.0954
vn -0.2708 0.9624 -0.0226
vn -0.0583 0.9982 -0.0140
vn -0.0983 0.9951 -0.0091
vn -0.5061 0.8534 -0.1251
vn -0.4414 0.8488 -0.2909
vn -0.4762 0.8491 -0.2289
vn -0.2364 0.9710 -0.0353
vn -0.1710 0.9810 -0.0916
vn -0.1486 0.9189 -0.3655
vn 0.1567 0.9876 0.0069
vn 0.0532 0.9777 -0.2031
vn -0.1629 0.9592 -0.2312
vn -0.2190 0.9697 -0.1081
vn 0.2562 0.9638 0.0734
vn -0.2552 0.9665 -0.0259
vn 0.2820 0.9548 0.0937
vn -0.3244 0.9416 0.0909
vn 0.1506 0.9856 0.0765
vn -0.4213 0.8905 0.1722
vn -0.2847 0.9457 0.1569
vn -0.4990 0.8500 0.1687
vn -0.3822 0.9235 -0.0314
vn -0.4914 0.8657 0.0952
vn -0.4152 0.9045 -0.0975
vn -0.4213 0.9001 -0.1112
vn -0.3011 0.9489 -0.0943
vn 0.0597 0.9968 0.0529
vn -0.1080 0.9915 0.0726
vn 0.1148 0.9870 0.1126
vn 0.1161 0.9923 -0.0441
vn -0.0623 0.9896 -0.1300
vn 0.3570 0.9341 0.0052
vn 0.2281 0.9736 -0.0068
vn -0.0027 0.9982 -0.0594
vn -0.4672 0.8412 -0.2721
vn 0.2368 0.9658 -0.1060
vn -0.3827 0.8073 -0.4493
vn 0.2970 0.9548 0.0158
vn -0.0252 0.9931 0.1141
vn -0.5589 0.8292 0.0061
vn -0.5104 0.8513 -0.1216
vn -0.1275 0.9918 0.0061
vn 0.2957 0.5987 0.7444
vn -0.0472 0.7861 0.6164
vn 0.0912 0.5410 0.8361
vn 0.0313 0.7461 0.6651
vn -0.5664 0.6000 0.5650
vn -0.4140 0.2146 0.8846
vn 0.7037 0.1692 0.6901
vn 0.1641 0.6800 0.7147
vn 0.4724 0.4313 0.7687
vn 0.4356 0.5782 0.6899
vn 0.7769 0.3667 0.5118
vn 0.8672 -0.1038 0.4871
vn 0.9177 -0.2081 0.3384
vn 0.9286 0.2129 0.3038
vn 0.8363 0.3582 0.4152
vn 0.8496 -0.0204 0.5271
vn 0.6380 0.2091 0.7411
vn 0.6000 0.4987 0.6255
vn 0.4618 0.5940 0.6587
vn 0.5637 0.3411 0.7523
vn 0.6320 0.3560 0.6883
vn 0.4289 0.6443 0.6332
vn 0.5267 0.5872 0.6146
vn 0.7623 0.2490 0.5974
vn 0.8503 0.1321 0.5094
vn 0.7053 0.4715 0.5294
vn 0.8354 0.1395 0.5316
vn 0.7236 0.2268 0.6519
vn 0.8027 0.4048 0.4379
vn 0.7186 0.5193 0.4626
vn 0.5641 0.6859 0.4598
vn 0.4903 0.7549 0.4356
vn 0.5840 0.3155 0.7480
vn 0.5459 0.3358 0.7676
vn 0.5061 0.7249 0.4673
vn 0.5831 0.6548 0.4808
vn 0.5420 0.3139 0.7795
vn 0.5774 0.2726 0.7696
vn 0.6662 0.5987 0.4447
vn 0.7499 0.5866 0.3058
vn 0.6311 0.2591 0.7311
vn 0.7109 0.2638 0.6519
vn 0.7799 0.6215 0.0741
vn 0.7074 0.7036 -0.0667
vn 0.8063 0.2640 0.5293
vn 0.8425 0.3696 0.3920
vn 0.6725 -0.2726 0.6880
vn 0.5307 -0.7439 0.4062
vn 0.6153 -0.3351 0.7135
vn 0.4815 -0.7552 0.4448
vn 0.6477 -0.6379 0.4166
vn 0.7622 -0.2597 0.5929
vn 0.8346 -0.2719 0.4791
vn 0.7523 -0.4980 0.4314
vn 0.8011 -0.3750 0.4664
vn 0.8586 -0.2292 0.4585
vn 0.8212 -0.1507 0.5503
vn 0.7734 -0.3084 0.5538
vn 0.6820 -0.2898 0.6715
vn 0.7053 -0.1153 0.6994
vn 0.5565 -0.1342 0.8200
vn 0.5474 -0.2959 0.7828
vn 0.4655 -0.1511 0.8721
vn 0.4277 -0.3186 0.8459
vn 0.4214 -0.1482 0.8947
vn 0.4236 -0.1962 0.8843
vn 0.3535 -0.3859 0.8521
vn 0.3225 -0.5063 0.7998
vn 0.4126 -0.2724 0.8692
vn 0.3833 -0.3834 0.8403
vn 0.2600 -0.6260 0.7352
vn 0.1607 -0.7009 0.6949
vn 0.3847 -0.4734 0.7924
vn 0.4562 -0.4270 0.7807
vn 0.0878 -0.7260 0.6820
vn 0.0890 -0.7003 0.7083
vn 0.3442 0.9282 -0.1413
vn 0.3727 0.9228 -0.0976
vn 0.1337 0.9648 -0.2266
vn 0.0212 0.9622 -0.2716
vn 0.9178 -0.1823 0.3528
vn 0.9384 0.2006 0.2815
vn 0.7299 -0.6162 0.2958
vn 0.7799 -0.6001 0.1779
vn 0.9481 -0.2723 0.1643
vn 0.9863 0.1589 0.0434
vn 0.6815 0.7201 -0.1302
vn 0.8247 0.5351 0.1831
vn 0.8669 0.4900 -0.0921
vn 0.6440 0.7632 0.0528
vn 0.6862 0.7230 0.0808
vn 0.2253 0.9628 -0.1494
vn 0.1251 0.9346 -0.3331
vn 0.2621 0.7311 -0.6299
vn 0.0124 0.6131 -0.7899
vn 0.4240 0.8869 -0.1836
vn 0.4411 0.7659 -0.4678
vn 0.1026 0.8813 -0.4614
vn 0.1273 -0.3305 -0.9352
vn 0.6271 0.4620 -0.6271
vn 0.8106 -0.0165 -0.5854
vn 0.0655 0.2056 -0.9764
vn 0.7332 -0.6016 -0.3170
vn 0.4743 -0.8777 -0.0688
vn 0.0584 -0.7963 -0.6021
vn 0.0473 -0.9535 -0.2976
vn 0.8515 -0.5007 0.1554
vn 0.6266 -0.7519 0.2051
vn 0.9890 0.1356 0.0594
vn 0.8979 0.0716 -0.4344
vn 0.7766 -0.6047 -0.1767
vn 0.4655 -0.8818 -0.0762
vn 0.6567 0.6967 -0.2887
vn 0.4814 0.6342 -0.6050
vn 0.5112 0.8038 -0.3042
vn 0.2580 0.8538 -0.4521
vn 0.5269 0.8252 -0.2035
vn 0.3378 0.8998 -0.2761
vn 0.6072 0.7916 -0.0682
vn 0.5342 0.8432 -0.0607
vn 0.6697 0.7421 0.0296
vn 0.6667 0.7344 0.1275
vn 0.7945 0.5340 0.2891
vn 0.7880 0.4716 0.3958
vn 0.6399 -0.2036 0.7410
vn 0.2104 -0.6197 0.7561
vn 0.2995 -0.5697 0.7654
vn 0.6766 -0.1463 0.7217
vn 0.7182 -0.4119 0.5609
vn 0.9159 0.2667 0.2999
vn 0.3813 -0.7113 0.5905
vn 0.3260 -0.9360 0.1326
vn 0.6081 -0.7909 -0.0679
vn 0.9524 -0.2148 -0.2164
vn 0.7661 0.6263 -0.1441
vn 0.5431 0.7178 -0.4357
vn 0.7234 -0.0606 -0.6877
vn 0.4220 0.0515 -0.9051
vn 0.3931 -0.7169 -0.5757
vn 0.1475 -0.5801 -0.8011
vn 0.1496 -0.9387 -0.3107
vn 0.0067 -0.8144 -0.5803
vn 0.2525 0.7387 -0.6249
vn 0.0833 0.1172 -0.9896
vn -0.1560 0.1498 -0.9763
vn 0.0497 0.6823 -0.7294
vn 0.2159 -0.7674 0.6038
vn 0.0962 -0.9566 0.2751
vn 0.1881 -0.6651 0.7227
vn -0.0152 -0.8995 0.4366
vn -0.1268 -0.4941 -0.8601
vn -0.2768 -0.3945 -0.8762
vn -0.1941 -0.8076 -0.5569
vn -0.3187 -0.7701 -0.5526
vn -0.0894 -0.9795 -0.1804
vn -0.2573 -0.9596 -0.1136
vn 0.8836 -0.3030 0.3570
vn 0.9125 0.1066 0.3949
vn 0.7957 0.1640 0.5831
vn 0.7823 -0.2474 0.5716
vn 0.4077 -0.7778 0.4783
vn 0.5467 -0.6061 0.5777
vn 0.5559 -0.6006 0.5748
vn 0.4309 -0.7719 0.4673
vn 0.6031 -0.6261 0.4943
vn 0.4791 -0.7679 0.4251
vn 0.5890 -0.6113 0.5286
vn 0.5188 -0.7484 0.4132
vn 0.6231 0.7070 0.3345
vn 0.5019 0.6847 0.5286
vn -0.0305 0.9935 0.1095
vn -0.0248 0.9705 0.2397
vn 0.6968 -0.2050 0.6874
vn 0.6984 0.2135 0.6831
vn 0.7124 0.3168 0.6263
vn 0.7182 -0.2297 0.6568
vn 0.7516 -0.2553 0.6082
vn 0.7502 0.3807 0.5406
vn 0.8277 0.3351 0.4502
vn 0.7951 -0.2582 0.5488
vn 0.3843 0.7370 0.5559
vn 0.3690 0.8442 0.3887
vn 0.0511 0.9688 0.2426
vn 0.1887 0.9687 0.1615
vn -0.0177 0.9996 0.0217
vn 0.1150 0.9905 0.0749
vn 0.4082 0.9129 0.0036
vn 0.5105 0.8584 0.0500
vn 0.3995 0.8954 0.1968
vn 0.5477 0.8345 0.0607
vn 0.2789 0.9602 0.0165
vn 0.3406 0.9234 -0.1770
vn 0.9419 -0.1668 0.2916
vn 0.8171 0.5575 0.1465
vn 0.9281 -0.0169 0.3718
vn 0.8200 0.5648 0.0926
vn 0.2673 0.9606 0.0758
vn 0.3932 0.9150 0.0898
vn 0.5844 0.8089 0.0645
vn 0.6290 0.7731 0.0816
vn 0.4561 0.8899 -0.0044
vn 0.4533 0.8751 -0.1695
vn 0.6582 0.7528 0.0099
vn 0.6755 0.7231 -0.1444
vn 0.6245 -0.6868 0.3719
vn 0.6099 -0.6795 0.4077
vn 0.6507 -0.5895 0.4786
vn 0.8034 0.5727 0.1629
vn 0.7869 0.6008 0.1409
vn 0.9314 0.1325 0.3391
vn 0.9291 0.2413 0.2803
vn 0.7983 0.6020 0.0184
vn 0.8200 0.5494 -0.1608
vn 0.9558 0.2898 0.0494
vn 0.9464 0.2687 -0.1790
vn 0.8934 -0.0231 0.4488
vn 0.7540 0.1471 0.6402
vn 0.6551 -0.4761 0.5866
vn 0.8422 0.3668 0.3952
vn 0.7240 0.3342 0.6035
vn 0.7580 -0.4447 0.4772
vn 0.7282 -0.3000 0.6162
vn 0.8654 -0.1962 0.4611
vn 0.8759 -0.3156 0.3648
vn 0.9807 -0.1649 0.1050
vn 0.9901 0.0872 -0.1098
vn 0.9749 0.0311 0.2206
vn 0.9061 0.4205 0.0466
vn 0.7475 0.2326 0.6223
vn 0.8226 0.3138 0.4742
vn 0.7319 0.3243 0.5993
vn 0.7910 0.3719 0.4857
vn 0.8509 0.4322 0.2986
vn 0.7828 0.5951 0.1819
vn 0.8219 0.4355 0.3672
vn 0.8062 0.5233 0.2759
vn 0.2566 0.8918 0.3727
vn 0.2373 0.7744 0.5865
vn 0.2625 0.9633 0.0564
vn 0.6736 0.6301 0.3864
vn 0.6320 0.5277 0.5676
vn 0.6309 0.2744 0.7257
vn 0.7288 0.6713 0.1350
vn 0.2775 0.9462 -0.1663
vn 0.3528 0.9234 -0.1509
vn 0.7362 0.6628 -0.1365
vn 0.8852 0.4199 0.2001
vn 0.8821 0.2977 0.3651
vn 0.8539 0.5183 -0.0470
vn 0.6710 0.7352 0.0962
vn 0.7277 0.6258 0.2807
vn 0.7584 0.4929 0.4265
vn 0.3733 0.9266 -0.0442
vn 0.3081 0.9510 0.0250
vn 0.6139 0.7635 -0.2005
vn 0.6904 0.6711 -0.2702
vn 0.2582 0.9609 0.0998
vn 0.4414 0.8775 0.1876
vn 0.8045 0.5386 -0.2504
vn 0.7572 0.5540 -0.3460
vn 0.5812 0.7869 -0.2074
vn 0.6241 0.7766 -0.0857
vn 0.5526 0.8329 -0.0303
vn 0.5121 0.7937 0.3283
vn 0.3612 0.9036 0.2303
vn 0.6846 0.7238 -0.0856
vn 0.6983 0.6231 -0.3524
vn 0.6008 0.7448 -0.2902
vn 0.4257 0.8741 -0.2338
vn 0.5231 0.8114 -0.2609
vn 0.2202 0.9743 0.0477
vn 0.3886 0.9108 -0.1392
vn 0.1556 0.9856 -0.0665
vn 0.2843 0.9385 -0.1959
vn 0.1783 0.8639 0.4710
vn 0.5099 0.6104 0.6062
vn 0.5355 0.6999 0.4726
vn 0.4506 0.5849 0.6744
vn 0.1519 0.8083 0.5689
vn 0.1384 0.7721 0.6203
vn 0.6825 0.3574 0.6376
vn 0.7392 0.3869 0.5513
vn 0.2010 0.9541 0.2218
vn 0.5145 0.7972 0.3159
vn 0.4629 0.8694 0.1730
vn 0.2024 0.9197 0.3364
vn 0.1265 0.9862 0.1069
vn 0.4123 0.9094 0.0553
vn 0.3720 0.9279 -0.0243
vn 0.1776 0.9748 0.1352
vn 0.0553 0.9925 0.1092
vn 0.2170 0.9715 -0.0951
vn 0.0138 0.9883 0.1516
vn 0.3116 0.9465 -0.0837
vn -0.2971 0.8874 0.3525
vn -0.2515 0.8805 0.4019
vn -0.3088 0.8948 0.3224
vn -0.5914 0.7947 0.1369
vn -0.5721 0.8133 0.1057
vn -0.5326 0.8363 0.1302
vn -0.2827 0.9116 0.2984
vn -0.2548 0.9278 0.2726
vn -0.6044 0.7661 0.2185
vn -0.5979 0.7790 0.1890
vn -0.2710 0.9317 0.2418
vn -0.3058 0.9075 0.2880
vn -0.6163 0.7029 0.3551
vn -0.6040 0.7529 0.2614
vn -0.3369 0.8640 0.3741
vn -0.4513 0.5169 0.7274
vn -0.5906 0.6333 0.5000
vn -0.0836 0.7103 0.6989
vn -0.2897 0.3130 0.9045
vn 0.0860 0.9717 0.2202
vn -0.2563 0.7961 0.5482
vn 0.2103 0.9191 0.3331
vn 0.1122 0.5094 0.8532
vn -0.0852 0.0342 0.9958
vn 0.3346 0.1797 0.9251
vn 0.1922 -0.2562 0.9473
vn 0.3441 0.7687 0.5391
vn 0.5003 0.5494 0.6692
vn 0.5734 -0.0748 0.8158
vn 0.4934 -0.4110 0.7666
vn 0.5811 0.4586 0.6723
vn 0.7533 -0.1527 0.6397
vn 0.5981 0.4474 0.6649
vn 0.8492 -0.1332 0.5110
vn 0.7168 -0.4208 0.5560
vn 0.8470 -0.3924 0.3586
vn 0.8697 -0.1074 0.4817
vn 0.8961 -0.3499 0.2730
vn 0.5583 0.4217 0.7145
vn 0.6475 0.3012 0.7000
vn 0.8929 -0.0943 0.4404
vn 0.9411 -0.2359 0.2424
vn 0.9259 0.1138 0.3602
vn 0.7706 0.5750 0.2749
vn 0.8288 0.5548 0.0726
vn 0.9881 0.0621 0.1407
vn 0.7471 0.2637 0.6102
vn 0.6700 0.5200 0.5298
vn 0.3942 0.8878 0.2374
vn -0.0088 0.9858 0.1678
vn 0.3086 0.8245 0.4742
vn -0.0199 0.9375 0.3475
vn 0.0120 0.9997 -0.0196
vn 0.4331 0.9011 0.0208
vn -0.3084 0.8908 0.3336
vn -0.3675 0.8189 0.4409
vn -0.3691 0.9209 0.1254
vn -0.3604 0.9313 -0.0522
vn -0.5088 0.8466 0.1560
vn -0.5701 0.8198 -0.0537
vn -0.4636 0.8538 0.2368
vn -0.6217 0.7832 -0.0050
vn -0.2009 0.8203 0.5356
vn -0.0102 0.8103 0.5859
vn -0.3410 0.8715 0.3526
vn -0.5874 0.8046 0.0870
vn 0.0921 0.7756 0.6245
vn -0.2578 0.8749 0.4100
vn -0.5387 0.8300 0.1444
vn 0.0180 -0.3967 0.9178
vn -0.1483 -0.3788 0.9135
vn -0.4831 -0.1050 0.8692
vn -0.2940 -0.1150 0.9488
vn 0.4255 -0.5130 0.7455
vn 0.6869 -0.4852 0.5411
vn 0.8288 -0.4281 0.3602
vn 0.8165 -0.4352 0.3795
vn 0.6656 -0.5014 0.5528
vn 0.3756 -0.5106 0.7734
vn 0.8961 -0.3723 0.2418
vn 0.8956 -0.3659 0.2531
vn 0.9695 -0.1989 0.1435
vn 0.9969 0.0604 0.0502
vn 0.9538 -0.2507 0.1657
vn 0.8368 0.5400 -0.0904
vn 0.7970 0.5852 -0.1492
vn 0.9877 0.1525 0.0342
vn 0.4552 0.8747 -0.1663
vn 0.0373 0.9831 -0.1792
vn -0.0090 0.9557 -0.2942
vn 0.4126 0.8685 -0.2748
vn -0.3475 0.9214 -0.1740
vn -0.5875 0.7937 -0.1578
vn -0.6056 0.7667 -0.2130
vn -0.3767 0.8895 -0.2585
vn -0.6996 0.7108 -0.0727
vn -0.6756 0.7337 -0.0727
vn -0.7211 0.6731 -0.1641
vn -0.6789 0.7323 -0.0529
vn -0.7398 0.6577 -0.1417
vn -0.7248 0.6710 -0.1564
vn -0.6864 0.7182 -0.1143
vn -0.7162 0.6779 -0.1658
vn 0.6369 -0.4071 0.6547
vn 0.2996 -0.3086 0.9028
vn 0.8139 -0.3789 0.4405
vn 0.5640 -0.1037 0.8192
vn 0.7833 -0.0620 0.6186
vn 0.1566 0.0622 0.9857
vn 0.9073 -0.2845 0.3095
vn 0.8883 0.0449 0.4571
vn 0.9841 -0.0024 0.1776
vn 0.8869 0.3514 0.2998
vn 0.9333 0.3574 0.0363
vn 0.6881 0.7093 -0.1530
vn 0.5047 0.8596 -0.0800
vn 0.7976 0.5924 0.1137
vn 0.2901 0.9103 -0.2953
vn -0.1268 0.9368 -0.3260
vn -0.2792 0.9232 -0.2641
vn 0.1353 0.9645 -0.2269
vn -0.4559 0.8423 -0.2877
vn -0.6454 0.7295 -0.2265
vn -0.6841 0.7032 -0.1938
vn -0.5458 0.8016 -0.2442
vn -0.7371 0.6517 -0.1787
vn -0.7343 0.6555 -0.1763
vn -0.7481 0.6378 -0.1832
vn -0.7322 0.6542 -0.1895
vn -0.7164 0.6977 0.0087
vn -0.7239 0.6823 0.1022
vn -0.7200 0.6773 0.1511
vn -0.7708 0.6247 0.1248
vn -0.7723 0.6318 0.0658
vn -0.7538 0.6561 -0.0365
vn -0.6934 0.7093 -0.1269
vn -0.2596 0.9063 0.3336
vn -0.6649 0.7441 -0.0646
vn -0.6625 0.7455 -0.0724
vn 0.4952 0.8203 0.2861
vn 0.4712 0.7471 0.4688
vn -0.7343 0.6435 0.2163
vn -0.7313 0.5994 0.3254
vn -0.7934 0.5535 0.2533
vn -0.7780 0.6082 0.1575
vn -0.0096 0.6444 0.7646
vn 0.4354 0.5422 0.7187
vn 0.3947 0.4089 0.8228
vn 0.6644 0.4574 0.5910
vn -0.0565 0.9969 -0.0550
vn 0.1448 0.9760 0.1626
vn -0.5821 0.8022 -0.1329
vn -0.4124 0.9095 -0.0512
vn -0.7407 0.6439 -0.1915
vn -0.7410 0.6457 -0.1842
vn -0.7499 0.6411 -0.1631
vn -0.7384 0.6438 -0.2008
vn -0.7021 0.7009 -0.1256
vn -0.3887 0.2736 0.8798
vn -0.6502 0.7104 0.2692
vn -0.7908 0.4543 0.4102
vn -0.3563 0.6835 0.6371
vn -0.6901 0.7211 -0.0619
vn -0.7297 0.6721 -0.1262
vn -0.8007 0.5936 0.0813
vn -0.8168 0.5578 0.1469
vn -0.8070 0.5897 0.0325
vn -0.7796 0.6248 -0.0428
vn -0.7596 0.6384 -0.1238
vn -0.7824 0.6170 -0.0843
vn -0.6869 0.5261 0.5013
vn -0.6154 0.3629 0.6997
vn -0.7860 0.4430 0.4312
vn -0.7577 0.3535 0.5485
vn -0.6503 0.1253 0.7493
vn -0.4615 0.1127 0.8800
vn -0.8346 0.4804 0.2697
vn -0.8321 0.5414 0.1205
vn -0.8437 0.3596 0.3986
vn -0.7908 0.1724 0.5872
vn -0.6718 0.0912 0.7351
vn -0.7880 0.6152 -0.0238
vn -0.6903 0.7174 -0.0942
vn 0.8610 0.1672 0.4804
vn 0.8298 0.0445 0.5562
vn 0.3612 0.6271 0.6902
vn 0.6321 0.3891 0.6701
vn 0.2380 0.6935 0.6800
vn 0.5351 0.4063 0.7406
vn 0.0369 0.6938 0.7192
vn 0.3136 0.4023 0.8601
vn -0.1846 0.7156 0.6737
vn 0.0286 0.4725 0.8809
vn -0.2094 0.8011 0.5606
vn -0.1232 0.5971 0.7926
vn -0.0253 0.8377 0.5455
vn -0.1070 0.6402 0.7607
vn 0.1274 0.5838 0.8018
vn 0.2530 0.7397 0.6236
vn 0.5099 0.4955 0.7032
vn 0.3364 0.5135 0.7894
vn -0.4210 0.2296 0.8775
vn 0.1125 0.3077 0.9448
vn -0.3103 0.0396 0.9498
vn -0.2035 0.5589 0.8039
vn -0.4973 0.3872 0.7764
vn 0.4740 0.5008 0.7243
vn 0.3172 0.6545 0.6863
vn 0.3212 0.6293 0.7077
vn 0.1329 0.7936 0.5937
vn 0.1949 0.7225 0.6633
vn -0.0506 0.8550 0.5161
vn 0.2227 0.7892 0.5723
vn -0.0545 0.9228 0.3813
vn 0.3133 0.8253 0.4698
vn 0.0699 0.9793 0.1897
vn 0.3267 0.8912 0.3148
vn 0.1485 0.9869 -0.0634
vn 0.1839 0.9816 -0.0514
vn 0.2895 0.9370 -0.1954
vn 0.2068 0.9501 -0.2337
vn 0.2343 0.9721 0.0084
vn 0.4079 0.8652 -0.2915
vn 0.2636 0.9137 -0.3093
vn 0.2827 0.9513 0.1226
vn 0.1624 0.9702 -0.1798
vn 0.0402 0.9656 -0.2569
vn 0.1023 0.9437 -0.3147
vn -0.1042 0.8932 -0.4374
vn -0.0519 0.8851 -0.4624
vn 0.0944 0.9203 -0.3797
vn 0.0711 0.9166 -0.3935
vn -0.0122 0.8846 -0.4662
vn -0.0023 0.8915 -0.4530
vn -0.1192 0.8672 -0.4835
vn -0.0687 0.8457 -0.5292
vn -0.0061 0.9146 -0.4043
vn -0.0383 0.8632 -0.5033
vn -0.0648 0.8611 -0.5044
vn -0.0584 0.8852 -0.4615
vn -0.0894 0.8727 -0.4799
vn -0.1267 0.8811 -0.4557
vn 0.0202 0.9231 -0.3840
vn -0.0546 0.9283 -0.3679
vn -0.1504 0.9809 -0.1235
vn -0.0234 0.9677 -0.2511
vn 0.0347 0.9635 0.2656
vn -0.2286 0.9540 0.1940
vn -0.1328 0.9112 0.3899
vn 0.1064 0.8872 0.4489
vn 0.0787 0.8551 0.5125
vn 0.0557 0.8643 0.4999
vn 0.0022 0.7284 0.6852
vn 0.0839 0.8195 0.5669
vn -0.1777 0.8547 0.4878
vn -0.5760 0.6559 0.4879
vn -0.4938 0.3822 0.7811
vn -0.0179 0.5183 0.8550
vn -0.3025 0.8415 0.4477
vn -0.3862 0.8410 0.3790
vn -0.0364 0.8742 0.4841
vn -0.2017 0.8893 0.4104
vn -0.5840 0.7441 0.3243
vn -0.5815 0.7108 0.3957
vn 0.1802 0.8664 0.4657
vn -0.0920 0.9239 0.3713
vn 0.2928 0.9013 0.3192
vn 0.1478 0.9464 0.2871
vn -0.3667 0.8780 0.3078
vn -0.3116 0.9113 0.2692
vn -0.5825 0.7707 0.2584
vn 0.2723 0.8907 -0.3640
vn 0.7002 0.6539 -0.2867
vn 0.6572 0.7507 0.0678
vn 0.4525 0.8888 -0.0720
vn -0.5789 0.7881 0.2093
vn -0.2953 0.9193 0.2601
vn -0.5838 0.7849 0.2078
vn 0.1847 0.9579 0.2198
vn 0.2747 0.9529 0.1288
vn -0.2666 0.9135 0.3074
vn -0.6096 0.7304 0.3080
vn 0.3213 0.9410 -0.1065
vn -0.1388 0.9413 0.3079
vn -0.3957 0.6672 -0.6311
vn -0.4539 0.7618 0.4622
vn -0.3934 0.7948 0.4621
vn 0.7510 0.4589 -0.4747
vn 0.7936 -0.0140 -0.6082
vn 0.8560 0.4498 -0.2548
vn 0.8247 0.2300 -0.5168
vn 0.3775 -0.2134 -0.9011
vn 0.1316 0.2091 -0.9690
vn 0.7916 0.6093 -0.0453
vn 0.8385 0.4347 -0.3285
vn 0.6667 0.1013 -0.7384
vn 0.6741 -0.2136 -0.7071
vn 0.3925 -0.2163 -0.8940
vn 0.5766 -0.3214 -0.7511
vn 0.6167 -0.2759 -0.7373
vn 0.6223 0.2655 -0.7364
vn -0.1796 0.5749 -0.7983
vn 0.4486 0.7571 -0.4749
vn 0.1839 0.9816 -0.0510
vn 0.2401 0.7468 -0.6203
vn -0.0836 0.9927 -0.0870
vn -0.4756 0.8551 -0.2066
vn 0.4616 0.3139 -0.8297
vn 0.1632 0.7840 -0.5989
vn 0.2726 0.3272 -0.9048
vn 0.3443 0.7836 -0.5171
vn -0.0631 0.4911 -0.8688
vn -0.0288 0.4702 -0.8821
vn -0.0127 0.9859 -0.1669
vn 0.1737 0.9540 0.2442
vn 0.2397 0.9681 0.0723
vn 0.1179 0.8302 -0.5448
vn -0.5327 0.8453 -0.0415
vn -0.3568 0.7890 -0.5001
vn -0.0027 0.9891 0.1475
vn 0.2068 0.9483 0.2409
vn 0.4317 0.6935 -0.5768
vn 0.6657 0.4967 -0.5569
vn 0.3983 0.9164 0.0392
vn 0.6554 0.7511 -0.0796
vn 0.5374 0.6867 -0.4896
vn 0.7117 0.6813 -0.1712
vn 0.2025 0.9347 0.2921
vn 0.2039 0.9392 0.2761
vn 0.2283 0.9333 0.2772
vn 0.2685 0.9306 0.2487
vn 0.5565 0.7828 0.2783
vn 0.7532 0.6518 0.0891
vn 0.6390 0.7557 0.1439
vn 0.6946 0.6777 0.2414
vn 0.2330 0.9373 0.2591
vn 0.0386 0.9701 0.2395
vn 0.2399 0.9300 0.2784
vn 0.0235 0.9794 0.2004
vn -0.5561 0.8298 0.0481
vn -0.5669 0.8184 0.0940
vn 0.1948 0.9410 0.2767
vn 0.2698 0.9293 0.2521
vn 0.2021 0.9411 0.2709
vn 0.2277 0.9350 0.2720
vn 0.2373 0.9328 0.2711
vn 0.2337 0.9308 0.2810
vn 0.2534 0.9425 0.2179
vn 0.0423 0.9707 0.2367
vn 0.0459 0.9845 0.1694
vn 0.2472 0.9304 0.2705
vn -0.5628 0.8221 0.0865
vn -0.5265 0.8501 0.0119
vn 0.4502 0.8235 0.3452
vn 0.5399 0.7777 0.3220
vn 0.4728 0.8008 0.3677
vn 0.3689 0.9191 0.1382
vn 0.0134 0.9978 0.0649
vn -0.5183 0.8518 -0.0762
vn 0.2605 0.9585 0.1158
vn 0.0814 0.8945 -0.4396
vn 0.3954 0.8411 -0.3689
vn 0.1168 0.9145 -0.3873
vn 0.3618 0.9236 -0.1265
vn 0.2761 0.9299 0.2428
vn 0.2253 0.9293 0.2925
vn 0.2090 0.9387 0.2740
vn 0.3064 0.9022 0.3036
vn 0.4366 0.8910 0.1245
vn 0.2091 0.9612 -0.1799
vn 0.3978 0.9061 0.1440
vn 0.3891 0.8894 0.2398
vn 0.5363 0.7713 -0.3427
vn 0.3310 0.9418 -0.0590
vn 0.2814 0.9333 0.2230
vn 0.3220 0.9407 0.1065
vn 0.2438 0.9304 0.2736
vn 0.2706 0.4997 0.8229
vn 0.3912 0.0277 0.9199
vn 0.4383 0.3354 0.8339
vn 0.5191 0.0913 0.8498
vn 0.4932 -0.3225 0.8079
vn 0.5140 -0.4938 0.7014
vn 0.5703 -0.2934 0.7672
vn 0.5220 -0.4915 0.6971
vn 0.8232 -0.0835 0.5615
vn 0.8638 -0.1027 0.4933
vn 0.7808 -0.0455 0.6232
vn 0.8270 -0.1689 0.5363
vn 0.5619 0.0301 0.8267
vn 0.6852 -0.2336 0.6899
vn 0.2498 0.1307 0.9594
vn 0.4428 -0.2224 0.8686
vn -0.0177 0.2596 0.9655
vn 0.1005 -0.1379 0.9853
vn -0.1220 0.3147 0.9413
vn -0.2181 -0.1335 0.9667
vn -0.3915 0.1657 0.9051
vn -0.2137 0.3915 0.8950
vn 0.6969 0.1175 0.7075
vn 0.6721 -0.1093 0.7324
vn 0.7855 -0.2251 0.5765
vn 0.7050 -0.4201 0.5715
vn 0.5368 -0.6049 0.5882
vn 0.6234 -0.4494 0.6399
vn 0.5861 -0.6269 0.5133
vn 0.5000 -0.7015 0.5078
vn 0.6983 -0.4622 0.5465
vn 0.6267 -0.6291 0.4598
vn 0.5801 -0.7179 0.3848
vn 0.5846 -0.5641 0.5831
vn 0.3940 -0.8136 0.4276
vn 0.3354 -0.5809 0.7417
vn 0.1258 -0.5833 0.8025
vn 0.4731 -0.7836 0.4026
vn 0.4746 -0.6340 0.6106
vn 0.4416 -0.7044 0.5557
vn 0.4246 -0.6948 0.5805
vn 0.4468 -0.6381 0.6271
vn 0.4225 -0.6723 0.6078
vn 0.4454 -0.7085 0.5474
vn 0.4426 -0.7436 0.5012
vn 0.3716 -0.7154 0.5917
vn 0.3054 -0.7787 0.5481
vn 0.2778 -0.8494 0.4488
vn 0.4262 -0.8081 0.4067
vn 0.3884 -0.8585 0.3350
vn 0.3121 -0.9273 0.2068
vn 0.3041 -0.9333 0.1907
vn 0.3038 -0.9229 0.2366
vn 0.3641 -0.9193 0.1494
vn 0.3520 -0.9256 0.1389
vn 0.3106 -0.9327 0.1833
vn 0.2820 -0.9390 0.1971
vn 0.2130 -0.9290 0.3026
vn 0.2273 -0.9121 0.3412
vn 0.0935 -0.8400 0.5344
vn 0.1702 -0.6293 0.7583
vn -0.0013 -0.6670 0.7450
vn 0.1161 -0.7842 0.6095
vn 0.3031 -0.8781 0.3702
vn 0.3630 -0.7937 0.4881
vn 0.1178 -0.8805 0.4593
vn -0.0105 -0.7449 0.6670
vn -0.0262 -0.6769 0.7356
vn 0.0791 -0.8225 0.5632
vn -0.0395 -0.5588 0.8284
vn -0.0491 -0.5816 0.8120
vn 0.0352 -0.4820 0.8754
vn 0.0402 -0.4889 0.8714
vn 0.1521 -0.7829 0.6032
vn 0.0209 -0.6531 0.7569
vn 0.0602 -0.6104 0.7898
vn 0.1984 -0.7132 0.6723
vn -0.0187 -0.5514 0.8340
vn 0.0213 -0.4659 0.8846
vn -0.0157 -0.4197 0.9075
vn -0.0018 -0.5270 0.8499
vn 0.1038 -0.5031 0.8579
vn 0.0012 -0.4852 0.8744
vn -0.2851 -0.1474 0.9471
vn -0.1096 -0.0062 0.9940
vn 0.2730 -0.8854 0.3761
vn 0.2684 -0.9036 0.3338
vn 0.3554 -0.8846 0.3020
vn 0.3478 -0.9021 0.2556
vn 0.2763 -0.9162 0.2901
vn 0.3557 -0.9135 0.1973
vn 0.4168 -0.8881 0.1939
vn 0.4603 -0.8780 0.1314
vn 0.5107 -0.8492 0.1345
vn 0.4791 -0.8467 0.2314
vn 0.4025 -0.8180 0.4110
vn 0.5084 -0.7985 0.3224
vn 0.4872 -0.7445 0.4565
vn 0.4784 -0.8353 0.2709
vn 0.4655 -0.8439 0.2665
vn 0.4788 -0.8469 0.2313
vn 0.4465 -0.8549 0.2642
vn 0.4513 -0.8674 0.2098
vn 0.4741 -0.8464 0.2426
vn 0.4919 -0.8489 0.1933
vn 0.4642 -0.8732 0.1486
vn 0.5099 -0.8493 0.1368
vn 0.4088 -0.7347 0.5414
vn 0.3821 -0.7084 0.5934
vn 0.4783 -0.7420 0.4699
vn 0.4605 -0.7723 0.4376
vn 0.3767 -0.7611 0.5279
vn 0.3075 -0.7543 0.5801
vn 0.5426 -0.7204 0.4319
vn 0.5287 -0.7585 0.3810
vn 0.4872 -0.8001 0.3499
vn 0.4360 -0.8340 0.3383
vn 0.4117 -0.8229 0.3916
vn 0.4525 -0.7958 0.4024
vn 0.4054 -0.7911 0.4580
vn 0.3564 -0.7900 0.4988
vn 0.4338 -0.7100 0.5548
vn 0.3327 -0.7731 0.5400
vn -0.5021 0.6037 -0.6192
vn -0.4481 0.8279 -0.3373
vn -0.5906 0.6151 -0.5223
vn -0.3657 0.8425 -0.3955
vn -0.4460 0.8511 -0.2770
vn -0.5945 0.6085 -0.5256
vn -0.3608 0.8684 -0.3402
vn -0.5336 0.6201 -0.5751
vn -0.3881 0.8738 -0.2930
vn -0.3546 0.8496 -0.3905
vn -0.3624 0.8362 -0.4117
vn -0.5298 0.6426 -0.5535
vn -0.5349 0.6261 -0.5674
vn -0.4201 0.8304 -0.3659
vn -0.5940 0.6402 -0.4871
vn -0.5006 0.7938 -0.3452
vn -0.6537 0.6450 -0.3958
vn -0.1971 0.6586 -0.7262
vn -0.3445 0.8601 -0.3763
vn -0.3357 0.6185 -0.7105
vn -0.4191 0.8259 -0.3772
vn -0.0311 0.4804 -0.8765
vn -0.4431 0.2574 -0.8587
vn -0.5173 0.0430 -0.8547
vn -0.6268 0.2288 -0.7448
vn -0.6434 -0.0452 -0.7642
vn -0.0547 0.5043 -0.8618
vn -0.6678 0.2319 -0.7073
vn -0.6434 -0.0581 -0.7633
vn -0.6524 0.1984 -0.7314
vn -0.6735 0.0132 -0.7391
vn -0.6789 0.2050 -0.7050
vn -0.6342 0.2308 -0.7379
vn -0.6404 0.2782 -0.7159
vn -0.5529 0.6131 -0.5643
vn -0.7296 0.3554 -0.5842
vn -0.6652 0.3278 -0.6708
vn -0.6905 0.3720 -0.6203
vn -0.6893 0.2997 -0.6596
vn -0.7311 0.4857 -0.4792
vn -0.7362 0.5753 -0.3565
vn -0.7247 0.6220 -0.2966
vn -0.7179 0.4524 -0.5292
vn -0.6375 0.1878 -0.7472
vn -0.2967 0.7409 -0.6025
vn -0.6950 0.3556 -0.6250
vn -0.4104 0.8215 -0.3959
vn -0.5948 0.6857 -0.4195
vn -0.6924 0.3608 -0.6248
vn -0.6930 0.4061 -0.5957
vn -0.5816 0.6994 -0.4155
vn -0.6706 0.1114 -0.7334
vn -0.4655 0.8462 -0.2593
vn -0.4918 0.8145 -0.3078
vn -0.4964 0.8135 -0.3031
vn -0.4596 0.8441 -0.2762
vn -0.5799 0.7372 -0.3468
vn -0.6845 0.4630 -0.5631
vn -0.6783 0.5487 -0.4887
vn -0.5970 0.6883 -0.4122
vn -0.4876 0.8488 -0.2045
vn -0.4829 0.8260 -0.2909
vn -0.4812 0.8458 -0.2303
vn -0.4705 0.8450 -0.2543
vn -0.5469 0.7967 -0.2573
vn -0.6599 0.6508 -0.3753
vn -0.6162 0.7452 -0.2550
vn -0.5051 0.8362 -0.2137
vn -0.4981 0.8495 -0.1740
vn -0.4492 0.8664 -0.2180
vn -0.4695 0.8452 -0.2553
vn -0.4647 0.8685 -0.1724
vn -0.4554 0.8226 -0.3405
vn -0.4238 0.8319 -0.3582
vn -0.5020 0.8103 -0.3025
vn -0.5184 0.7791 -0.3524
vn -0.4847 0.7857 -0.3844
vn -0.4105 0.8263 -0.3856
vn -0.6530 0.6988 -0.2919
vn -0.5710 0.7442 -0.3467
vn -0.6157 0.7056 -0.3507
vn -0.5773 0.7661 -0.2824
vn -0.5291 0.7535 -0.3904
vn -0.4166 0.8282 -0.3748
vn -0.5685 0.7286 -0.3820
vn -0.4329 0.8339 -0.3423
vn -0.6676 0.6736 -0.3172
vn -0.6426 0.6777 -0.3575
vn -0.6524 0.6786 -0.3374
vn -0.6885 0.6624 -0.2954
vn -0.5474 0.7676 -0.3333
vn -0.5843 0.7745 -0.2424
vn -0.6152 0.7113 -0.3400
vn -0.4649 0.8439 -0.2677
vn -0.6837 0.6902 -0.2371
vn -0.5158 0.8486 -0.1181
vn -0.6181 0.7826 -0.0748
vn -0.5786 0.8109 0.0879
vn -0.7467 0.6648 -0.0218
vn -0.7450 0.6517 -0.1422
vn -0.5758 0.7976 0.1798
vn -0.7403 0.6678 -0.0772
vn -0.7576 0.6510 0.0471
vn -0.5594 0.8262 0.0665
vn -0.5106 0.8449 0.1596
vn -0.4339 0.8324 0.3447
vn -0.7404 0.6289 0.2372
vn -0.7402 0.6710 0.0432
vn -0.3285 0.5432 0.7727
vn -0.6347 0.3465 0.6907
vn -0.7442 0.6573 0.1187
vn -0.7349 0.5888 0.3365
vn -0.5811 0.6609 0.4748
vn -0.5811 0.7795 0.2339
vn -0.0352 -0.4521 0.8913
vn -0.0649 -0.3556 0.9324
vn -0.2340 -0.2294 0.9448
vn -0.5876 0.2379 0.7734
vn -0.1806 -0.1943 0.9642
vn -0.4354 0.2448 0.8663
vn 0.8074 0.5720 0.1447
vn 0.5357 0.6876 -0.4901
vn 0.9049 0.3345 -0.2632
vn 0.9580 0.2686 0.1005
vn 0.8354 0.3020 -0.4592
vn 0.9517 0.2923 0.0937
vn 0.8161 0.3702 0.4437
vn 0.7049 0.4149 0.5752
vn 0.7420 0.4819 0.4660
vn 0.6688 0.5371 0.5140
vn 0.7205 0.4064 0.5619
vn 0.7662 0.4164 0.4894
vn 0.6975 0.5257 0.4870
vn 0.7187 0.5269 0.4537
vn 0.7797 0.4640 0.4205
vn 0.7710 0.5308 0.3519
vn 0.7186 0.5489 0.4269
vn 0.7199 0.5754 0.3882
vn -0.2504 0.6903 -0.6788
vn -0.3776 0.2685 -0.8862
vn -0.4497 -0.0939 -0.8882
vn -0.2969 0.3327 -0.8951
vn -0.3784 -0.0976 -0.9205
vn -0.3298 -0.4965 -0.8030
vn -0.4370 -0.5682 -0.6972
vn -0.4890 -0.3536 -0.7974
vn 0.6328 0.2956 -0.7157
vn 0.9606 0.2759 0.0345
vn 0.3090 0.1102 -0.9447
vn 0.9973 0.0609 -0.0399
vn 0.6618 0.4977 0.5606
vn 0.6472 0.5683 0.5081
vn 0.6869 0.5555 0.4686
vn 0.6397 0.6187 0.4560
vn 0.6918 0.5515 0.4661
vn 0.6834 0.5956 0.4221
vn 0.7290 0.5126 0.4537
vn 0.6714 0.5961 0.4404
vn 0.7102 0.5679 0.4159
vn 0.7201 0.5555 0.4157
vn 0.7630 0.4332 0.4797
vn 0.7697 0.4441 0.4586
vn 0.5946 0.1161 0.7956
vn 0.7391 0.2764 0.6142
vn 0.7360 0.0743 0.6729
vn 0.7376 0.4709 0.4839
vn 0.6430 0.3627 0.6746
vn 0.6670 0.5650 0.4857
vn 0.7915 0.2400 0.5621
vn 0.7731 0.0759 0.6297
vn 0.8083 0.2359 0.5394
vn 0.7762 0.0599 0.6276
vn 0.7822 0.2819 0.5557
vn 0.7729 0.0672 0.6310
vn 0.7383 0.3417 0.5816
vn 0.7551 0.1354 0.6415
vn 0.6701 0.3808 0.6372
vn 0.6768 0.2041 0.7073
vn 0.3332 -0.9423 0.0312
vn -0.0630 -0.9613 -0.2683
vn 0.3338 -0.9415 0.0456
vn -0.0528 -0.9455 -0.3213
vn -0.2439 -0.8147 -0.5262
vn -0.3234 -0.7839 -0.5300
vn 0.4982 -0.8604 0.1071
vn 0.2051 -0.9524 -0.2257
vn -0.3463 -0.6696 -0.6570
vn -0.1104 -0.5616 -0.8200
vn 0.0229 -0.8595 -0.5106
vn 0.7743 -0.6326 -0.0182
vn 0.0703 -0.2378 -0.9688
vn 0.9759 -0.2082 -0.0647
vn 0.6639 0.3744 0.6474
vn 0.7044 0.1819 0.6860
vn 0.2169 -0.9085 -0.3571
vn 0.4864 -0.8440 -0.2260
vn 0.3591 -0.8826 -0.3035
vn 0.3229 -0.8947 -0.3085
vn 0.6067 -0.0763 -0.7913
vn 0.0229 0.1672 -0.9857
vn 0.1625 -0.4590 -0.8734
vn 0.2340 0.4944 -0.8371
vn 0.5797 -0.6903 -0.4329
vn 0.2625 -0.8152 -0.5163
vn -0.2015 -0.3621 -0.9101
vn -0.2478 -0.6634 -0.7061
vn -0.3725 -0.7733 -0.5131
vn -0.3809 -0.8471 -0.3706
vn -0.3696 -0.9272 -0.0610
vn -0.3845 -0.9230 -0.0161
vn -0.1297 -0.8667 0.4817
vn -0.1787 -0.8840 0.4320
vn 0.1339 -0.6411 0.7557
vn 0.0521 -0.6928 0.7193
vn 0.1839 -0.7239 0.6650
vn -0.0120 -0.8358 0.5489
vn 0.0958 -0.8094 0.5795
vn 0.1250 -0.7177 0.6850
vn 0.2502 -0.7243 0.6425
vn 0.2985 -0.6855 0.6640
vn 0.1971 -0.8115 0.5501
vn 0.1690 -0.8129 0.5573
vn 0.3529 -0.6250 0.6964
vn 0.4411 -0.5469 0.7116
vn 0.3323 -0.7930 0.5106
vn 0.2463 -0.8063 0.5377
vn 0.4266 -0.7598 0.4906
vn 0.5397 -0.4875 0.6864
vn 0.6427 -0.4649 0.6089
vn 0.5087 -0.7235 0.4667
vn 0.6964 -0.4786 0.5347
vn 0.5345 -0.7103 0.4580
vn 0.6712 -0.5508 0.4960
vn 0.4913 -0.7320 0.4720
vn 0.5678 -0.6796 0.4644
vn 0.3762 -0.7777 0.5037
vn 0.4239 -0.8325 0.3567
vn 0.2341 -0.8665 0.4408
vn 0.7721 -0.2183 0.5968
vn 0.6384 -0.7601 0.1215
vn 0.5843 -0.8092 0.0613
vn 0.7795 -0.3649 0.5091
vn 0.5998 0.1007 0.7938
vn 0.6429 0.0243 0.7656
vn 0.6142 0.0933 0.7836
vn 0.6482 0.1149 0.7528
vn 0.8233 -0.0912 0.5602
vn 0.7514 0.0354 0.6589
vn 0.7538 -0.0068 0.6570
vn 0.7682 -0.0453 0.6385
vn 0.7313 -0.1733 0.6597
vn 0.7436 -0.0743 0.6645
vn 0.7861 -0.1358 0.6030
vn 0.7321 -0.0869 0.6756
vn 0.6317 -0.0352 0.7744
vn 0.7371 -0.0944 0.6692
vn 0.6876 -0.1922 0.7002
vn 0.6285 -0.1279 0.7672
vn 0.3718 -0.8660 -0.3343
vn 0.0747 -0.8601 -0.5047
vn 0.5935 -0.8001 -0.0873
vn 0.8067 -0.5615 0.1844
vn -0.1790 -0.8720 -0.4557
vn 0.4523 -0.8648 -0.2178
vn -0.2671 -0.9250 -0.2700
vn 0.3401 -0.9349 -0.1013
vn -0.2821 -0.9589 -0.0290
vn 0.2197 -0.9634 0.1535
vn -0.2509 -0.9525 0.1725
vn 0.1282 -0.9450 0.3009
vn -0.1663 -0.9429 0.2885
vn 0.0944 -0.9284 0.3593
vn -0.0808 -0.9293 0.3605
vn 0.0602 -0.9108 0.4084
vn -0.0297 -0.9211 0.3882
vn 0.0910 -0.9163 0.3899
vn 0.0354 -0.9117 0.4093
vn 0.4403 -0.8375 0.3236
vn 0.1352 -0.9051 0.4031
vn 0.2611 -0.8969 0.3569
vn 0.3290 -0.8843 0.3312
vn 0.1933 -0.9167 0.3497
vn 0.5283 -0.7876 0.3171
vn 0.3727 -0.8743 0.3110
vn 0.4450 -0.8425 0.3035
vn 0.5124 -0.7983 0.3164
vn 0.4580 -0.7872 0.4131
vn 0.4618 -0.8139 0.3526
vn 0.4329 -0.8010 0.4135
vn 0.4997 -0.7934 0.3477
vn 0.3131 -0.7339 0.6029
vn 0.3624 -0.7655 0.5317
vn 0.2493 -0.7302 0.6361
vn 0.4003 -0.7788 0.4830
vn 0.4845 -0.7620 0.4298
vn 0.3510 -0.7819 0.5152
vn 0.4039 -0.8156 0.4144
vn 0.4039 -0.7592 0.5103
vn 0.2695 -0.7088 0.6519
vn 0.2530 -0.7048 0.6628
vn 0.7251 -0.4981 0.4756
vn 0.6801 -0.5833 0.4441
vn 0.6464 -0.6090 0.4597
vn 0.6678 -0.6029 0.4366
vn 0.6016 -0.6671 0.4394
vn 0.3893 -0.8129 0.4332
vn 0.5447 -0.7422 0.3905
vn 0.4074 -0.8185 0.4050
vn 0.6424 -0.5744 0.5074
vn 0.6432 -0.6223 0.4462
vn 0.6934 -0.5484 0.4674
vn 0.5700 -0.6459 0.5078
vn 0.6002 -0.7019 0.3835
vn 0.4302 -0.8429 0.3232
vn 0.4234 -0.8409 0.3372
vn 0.5400 -0.7384 0.4038
vn 0.4788 -0.6022 0.6388
vn 0.4493 -0.6603 0.6017
vn 0.5506 -0.5871 0.5934
vn 0.3962 -0.6680 0.6300
vn 0.4463 -0.7364 0.5084
vn 0.3654 -0.8022 0.4721
vn 0.3782 -0.7104 0.5935
vn 0.5573 -0.6015 0.5724
vn 0.4573 -0.6701 0.5847
vn 0.4898 -0.6092 0.6237
vn 0.5584 -0.6536 0.5109
vn 0.3836 -0.6782 0.6268
vn 0.4496 -0.6572 0.6050
vn 0.3032 -0.7553 0.5810
vn 0.2719 -0.7332 0.6232
vn 0.2828 -0.7502 0.5977
vn 0.6829 -0.6207 0.3853
vn 0.6593 -0.5748 0.4847
vn 0.7771 -0.4939 0.3901
vn 0.8374 -0.5160 0.1800
vn 0.5415 -0.6287 0.5582
vn 0.6320 -0.5538 0.5421
vn 0.3079 -0.7707 0.5578
vn 0.3116 -0.7717 0.5545
vn 0.9352 -0.3496 0.0569
vn 0.8863 -0.3309 0.3240
vn 0.9278 -0.0891 0.3623
vn 0.9692 -0.1829 0.1651
vn 0.7135 -0.4446 0.5415
vn 0.7557 -0.3209 0.5710
vn 0.3070 -0.7698 0.5596
vn 0.2995 -0.7630 0.5729
vn 0.8307 0.1260 0.5423
vn 0.9238 0.0017 0.3829
vn 0.8995 0.0879 0.4281
vn 0.7816 0.1224 0.6117
vn 0.8006 -0.2346 0.5514
vn 0.3216 -0.7826 0.5330
vn 0.3398 -0.8041 0.4879
vn 0.7898 -0.2407 0.5641
vn 0.6532 0.1473 0.7428
vn 0.7253 0.0137 0.6883
vn 0.6427 -0.1334 0.7544
vn 0.6136 0.0551 0.7877
vn 0.6961 -0.3523 0.6255
vn 0.3700 -0.7781 0.5077
vn 0.3183 -0.7602 0.5664
vn 0.5706 -0.4508 0.6865
vn 0.6860 -0.0690 0.7243
vn 0.6142 -0.2390 0.7521
vn 0.6545 -0.2665 0.7075
vn 0.7909 -0.1178 0.6005
vn 0.4865 -0.4952 0.7198
vn 0.2477 -0.7343 0.6320
vn 0.2059 -0.7100 0.6734
vn 0.4649 -0.4952 0.7339
vn 0.8319 -0.0856 0.5483
vn 0.7128 -0.2135 0.6681
vn 0.7674 -0.1313 0.6276
vn 0.8221 -0.0660 0.5655
vn 0.4813 -0.4683 0.7410
vn 0.1955 -0.7079 0.6787
vn 0.2040 -0.7200 0.6633
vn 0.5130 -0.4397 0.7373
vn 0.7748 -0.0853 0.6264
vn 0.8027 -0.0460 0.5947
vn 0.7300 0.0604 0.6808
vn 0.6643 -0.0879 0.7423
vn 0.5662 -0.3703 0.7364
vn 0.2184 -0.7083 0.6713
vn 0.1832 -0.6028 0.7766
vn 0.5886 -0.1742 0.7895
vn 0.7243 0.5807 0.3717
vn 0.7309 0.6215 0.2818
vn 0.6812 0.6594 0.3181
vn 0.7072 0.6969 0.1193
vn 0.6291 0.7289 0.2700
vn 0.6101 0.7847 0.1094
vn 0.6291 0.6915 0.3550
vn 0.6159 0.7687 0.1724
vn 0.2323 0.7654 -0.6002
vn -0.1286 0.5886 -0.7982
vn 0.5517 0.7724 -0.3147
vn 0.5704 0.8050 -0.1632
vn 0.2987 0.8306 -0.4699
vn 0.3189 0.7586 -0.5682
vn 0.2097 0.4198 -0.8830
vn 0.2051 0.6309 -0.7482
vn 0.1487 0.3003 -0.9422
vn 0.3095 0.5647 -0.7650
vn 0.1899 0.3899 -0.9011
vn 0.0989 0.2391 -0.9659
vn 0.0659 0.2800 -0.9577
vn 0.0070 0.4400 -0.8980
vn 0.6384 0.7540 -0.1549
vn 0.4776 0.8176 -0.3216
vn 0.4523 0.7956 -0.4030
vn 0.5754 0.8152 -0.0661
vn 0.5845 0.8112 -0.0174
vn 0.5363 0.8064 -0.2493
vn 0.4423 0.7737 -0.4536
vn 0.3889 0.8010 -0.4551
vn 0.4671 0.7730 -0.4294
vn 0.3674 0.7993 -0.4755
vn 0.4029 0.8277 -0.3905
vn 0.3922 0.8356 -0.3846
vn 0.5543 0.7855 -0.2753
vn 0.4646 0.8558 -0.2277
vn 0.4840 0.7936 -0.3687
vn 0.4227 0.8744 -0.2382
vn 0.4784 0.8643 -0.1553
vn 0.4376 0.8893 -0.1328
vn 0.4528 0.8642 -0.2196
vn 0.4432 0.8878 -0.1240
vn 0.5772 0.7517 -0.3189
vn 0.4659 0.6815 -0.5643
vn 0.3820 0.8078 -0.4490
vn 0.4055 0.8757 -0.2622
vn 0.3370 0.6938 -0.6364
vn 0.3690 0.8332 -0.4120
vn 0.2823 0.5185 -0.8071
vn 0.4438 0.8361 -0.3225
vn 0.3215 0.7811 -0.5353
vn 0.4085 0.8031 -0.4337
vn -0.0459 0.5486 -0.8348
vn -0.0796 0.5698 -0.8179
vn 0.3634 0.8891 -0.2784
vn 0.2594 0.7889 -0.5570
vn 0.2317 0.8630 -0.4489
vn 0.3424 0.5947 -0.7275
vn 0.4281 0.8072 -0.4064
vn 0.4494 0.5937 -0.6675
vn 0.3770 0.6100 -0.6970
vn 0.2444 0.7931 -0.5579
vn 0.2315 0.8336 -0.5016
vn -0.1224 0.5853 -0.8015
vn -0.1555 0.6166 -0.7718
vn 0.5878 0.8000 -0.1200
vn 0.5447 0.8170 -0.1893
vn 0.3697 0.8184 -0.4400
vn 0.6407 0.7677 0.0097
vn 0.6226 0.7815 -0.0401
vn 0.6666 0.7435 -0.0539
vn 0.6709 0.7252 -0.1546
vn 0.5407 0.8404 -0.0368
vn 0.5735 0.8177 -0.0489
vn 0.4684 0.8617 -0.1953
vn 0.4418 0.8875 -0.1311
vn 0.5771 0.8006 -0.1614
vn 0.6184 0.7049 -0.3475
vn 0.4935 0.8651 -0.0897
vn 0.3277 0.8833 -0.3353
vn 0.3280 0.8353 -0.4411
vn 0.3702 0.9092 -0.1904
vn 0.4190 0.9020 -0.1035
vn 0.6665 0.7452 0.0187
vn 0.7481 0.6158 0.2474
vn 0.7294 0.6817 0.0571
vn 0.7535 0.6339 0.1745
vn 0.4948 0.1664 -0.8529
vn 0.3002 0.2153 -0.9293
vn 0.1338 -0.1487 -0.9798
vn 0.1647 0.2481 -0.9546
vn -0.1255 0.0200 -0.9919
vn 0.4906 -0.3046 -0.8164
vn 0.8925 0.1688 0.4182
vn 0.9083 0.4182 -0.0032
vn 0.9690 -0.0685 0.2372
vn 0.7381 0.6679 0.0948
vn 0.4227 0.8879 -0.1817
vn 0.6593 0.6990 -0.2769
vn 0.7989 -0.2993 0.5217
vn 0.6045 -0.6518 0.4580
vn 0.8082 -0.4073 0.4254
vn 0.6377 -0.6749 0.3713
vn 0.5711 -0.7200 0.3943
vn 0.6162 -0.7172 0.3254
vn 0.6252 -0.7512 0.2117
vn 0.7895 -0.5659 0.2377
vn 0.6591 -0.7110 0.2451
vn 0.6572 -0.7383 0.1515
vn 0.6026 -0.7924 0.0951
vn 0.7522 -0.6497 0.1098
vn 0.7743 -0.5494 0.3141
vn 0.8695 -0.4476 0.2086
vn 0.7934 -0.5880 0.1573
vn 0.7768 -0.5916 0.2156
vn 0.8232 -0.5677 -0.0015
vn 0.7090 -0.7050 -0.0190
vn 0.9542 -0.2825 -0.0989
vn 0.9138 -0.3095 -0.2631
vn 0.7804 -0.6002 -0.1755
vn 0.6335 -0.7355 -0.2402
vn 0.8035 -0.3284 -0.4965
vn 0.4146 -0.4692 -0.7797
vn 0.5213 -0.6646 -0.5353
vn 0.2319 -0.4455 -0.8647
vn 0.6893 -0.5723 -0.4443
vn 0.0053 -0.2172 -0.9761
vn -0.1512 -0.1364 -0.9790
vn -0.2773 0.0651 -0.9586
vn -0.4203 0.0557 -0.9057
vn -0.8714 -0.1668 -0.4613
vn -0.5935 0.0696 -0.8018
vn -0.8948 -0.2671 -0.3578
vn -0.7392 -0.4696 -0.4827
vn -0.7331 -0.2300 -0.6400
vn -0.3393 -0.6545 -0.6757
vn -0.4712 -0.3053 -0.8275
vn -0.5536 -0.6012 -0.5763
vn -0.1053 -0.4667 -0.8781
vn 0.6215 0.7829 -0.0301
vn 0.7083 0.6990 0.0985
vn 0.6340 0.7732 -0.0137
vn 0.7104 0.7033 0.0275
vn 0.5863 0.7781 -0.2255
vn 0.5380 0.8186 -0.2014
vn 0.4082 0.7967 -0.4457
vn 0.3793 0.8176 -0.4331
vn 0.3364 0.7947 -0.5053
vn 0.2684 0.8117 -0.5187
vn 0.4981 0.8481 -0.1805
vn 0.5538 0.8222 -0.1316
vn 0.4477 0.8459 -0.2899
vn 0.5582 0.8218 -0.1139
vn 0.4334 0.6627 -0.6107
vn 0.3173 0.8308 -0.4573
vn 0.4762 0.7496 -0.4597
vn 0.2528 0.8030 -0.5396
vn 0.9038 0.2651 -0.3361
vn 0.8245 0.3361 -0.4553
vn 0.6334 0.6458 -0.4264
vn 0.7347 0.2083 -0.6457
vn 0.4675 0.8447 -0.2605
vn 0.5914 0.7130 -0.3767
vn 0.6802 0.6731 -0.2903
vn 0.6752 0.6295 -0.3844
vn 0.8281 0.4782 -0.2927
vn 0.7868 0.5136 -0.3423
vn 0.9177 0.3042 -0.2556
vn 0.8168 0.5244 -0.2404
vn 0.8820 0.4577 -0.1123
vn 0.7075 0.7003 -0.0950
vn 0.6722 0.6364 -0.3783
vn 0.6804 0.6858 -0.2583
vn 0.6054 0.7414 -0.2895
vn 0.7315 0.5793 -0.3597
vn 0.5895 0.7941 -0.1479
vn 0.5108 0.8343 -0.2075
vn 0.4132 0.8498 -0.3274
vn 0.5010 0.7869 -0.3602
vn 0.6026 0.6916 -0.3981
vn 0.6925 0.6710 0.2651
vn 0.3903 0.8986 0.2006
vn 0.6937 0.6632 0.2809
vn 0.4444 0.8664 0.2277
vn -0.0661 0.9907 0.1188
vn -0.5316 0.8461 0.0388
vn 0.0242 0.9796 0.1997
vn -0.4561 0.8743 0.1662
vn -0.9673 0.2485 -0.0503
vn -0.8864 0.4523 -0.0984
vn -0.8471 0.5294 0.0461
vn -0.9490 0.2772 -0.1505
vn -0.9523 -0.0198 -0.3045
vn -0.9435 0.2845 -0.1701
vn -0.9720 0.2110 -0.1037
vn -0.9422 0.0177 -0.3346
vn 0.0499 -0.8628 -0.5030
vn 0.3656 -0.8507 -0.3777
vn 0.1628 -0.7218 -0.6727
vn 0.6791 -0.7335 -0.0295
vn 0.5514 -0.8264 -0.1141
vn 0.3589 -0.8852 -0.2959
vn 0.7442 -0.6604 0.1007
vn -0.4326 -0.7174 -0.5460
vn -0.7995 -0.3279 -0.5032
vn -0.7576 -0.4071 -0.5102
vn -0.5679 -0.5923 -0.5716
vn -0.3702 -0.7313 -0.5728
vn -0.1906 -0.8313 -0.5221
vn -0.2062 -0.7532 -0.6247
vn -0.4419 -0.6425 -0.6260
vn -0.7523 -0.4116 -0.5144
vn -0.7439 -0.3991 -0.5361
vn -0.4567 -0.6881 -0.5639
vn 0.7854 -0.5972 0.1627
vn 0.6779 -0.7276 0.1048
vn 0.7787 -0.6179 0.1085
vn 0.6782 -0.7314 0.0719
vn 0.1061 -0.9133 -0.3933
vn 0.5377 -0.8292 -0.1527
vn -0.0836 -0.8793 -0.4688
vn 0.4173 -0.8663 -0.2747
vn -0.1229 -0.8373 -0.5327
vn 0.3901 -0.8443 -0.3674
vn -0.1038 -0.7772 -0.6206
vn 0.4341 -0.7753 -0.4587
vn 0.5579 -0.8294 0.0294
vn 0.5832 -0.8122 0.0133
vn 0.7545 -0.6558 0.0230
vn 0.6838 -0.7296 0.0013
vn 0.7210 -0.6893 -0.0706
vn 0.6799 -0.7292 -0.0774
vn 0.7015 -0.6931 -0.1660
vn 0.6524 -0.7355 -0.1825
vn 0.7213 -0.6378 -0.2701
vn 0.6590 -0.6797 -0.3221
vn 0.9780 -0.1185 0.1714
vn 0.9721 0.0837 0.2191
vn 0.9581 -0.1852 0.2187
vn 0.9152 0.3229 0.2413
vn 0.9836 0.0645 0.1682
vn 0.9525 0.2410 0.1862
vn 0.8990 -0.3665 0.2396
vn 0.9164 -0.3558 0.1833
vn 0.5971 -0.8006 -0.0503
vn 0.7781 -0.6274 0.0304
vn 0.6043 -0.7865 -0.1278
vn 0.8056 -0.5900 -0.0539
vn 0.6279 -0.7433 -0.2307
vn 0.8466 -0.5042 -0.1706
vn 0.6926 -0.6202 -0.3684
vn 0.8686 -0.3765 -0.3220
vn 0.7247 0.6377 0.2610
vn 0.4639 0.8395 0.2828
vn 0.8753 0.4506 0.1755
vn 0.7300 0.6591 0.1808
vn 0.9416 -0.3189 0.1081
vn 0.9923 -0.0317 0.1200
vn 0.9664 -0.2560 0.0230
vn 0.9977 0.0578 0.0361
vn 0.9874 0.1330 0.0858
vn 0.9701 0.2428 0.0007
vn 0.9803 -0.1662 -0.1067
vn 0.9889 0.1313 -0.0698
vn 0.9643 -0.0911 -0.2485
vn 0.9765 0.1560 -0.1485
vn 0.9562 0.2880 -0.0531
vn 0.8152 0.5725 0.0869
vn 0.9598 0.2742 -0.0603
vn 0.8650 0.4900 0.1080
vn 0.0906 0.9344 0.3444
vn -0.3836 0.8597 0.3373
vn 0.2347 0.9022 0.3619
vn -0.2981 0.8871 0.3525
vn -0.7717 0.6069 0.1902
vn -0.9319 0.3626 0.0128
vn -0.7120 0.6736 0.1985
vn -0.9604 0.2786 0.0068
vn 0.3827 0.8659 0.3220
vn -0.2025 0.9231 0.3270
vn 0.4560 0.8306 0.3198
vn -0.1370 0.9437 0.3011
vn -0.9852 0.1470 -0.0887
vn -0.9808 0.1518 -0.1222
vn -0.9287 -0.0932 -0.3588
vn -0.9495 -0.0661 -0.3068
vn -0.8936 0.4489 -0.0017
vn -0.6469 0.7417 0.1771
vn -0.8537 0.5194 -0.0370
vn -0.5897 0.7940 0.1475
vn -0.7199 -0.3871 -0.5761
vn -0.6730 -0.3868 -0.6304
vn -0.3509 -0.5512 -0.7570
vn -0.4057 -0.5875 -0.7002
vn -0.8421 -0.1343 -0.5223
vn -0.9685 0.1803 -0.1720
vn -0.9453 0.2113 -0.2485
vn -0.8919 -0.1173 -0.4367
vn 0.5327 -0.5630 -0.6319
vn -0.0718 -0.6864 -0.7237
vn 0.0251 -0.6175 -0.7862
vn 0.4797 -0.6724 -0.5637
vn 0.7929 -0.4488 -0.4123
vn 0.7683 -0.5371 -0.3482
vn 0.8076 -0.4357 -0.3974
vn 0.7217 -0.5554 -0.4131
vn -0.6173 -0.3956 -0.6800
vn -0.5725 -0.3961 -0.7179
vn -0.2294 -0.5504 -0.8028
vn -0.2905 -0.5359 -0.7927
vn 0.7849 -0.4435 -0.4327
vn 0.8892 -0.2474 -0.3849
vn 0.8642 -0.3167 -0.3910
vn 0.9193 -0.1960 -0.3412
vn 0.1919 -0.5674 -0.8007
vn 0.3619 -0.5769 -0.7323
vn 0.8391 -0.3334 -0.4298
vn 0.6757 -0.4404 -0.5911
vn 0.8747 -0.3175 -0.3662
vn 0.9264 -0.2230 -0.3034
vn 0.9515 -0.0592 -0.3020
vn 0.9787 0.1105 -0.1732
vn 0.9587 -0.0915 -0.2694
vn 0.9844 0.0162 -0.1755
vn 0.9810 0.1842 -0.0600
vn 0.9205 0.3796 0.0928
vn 0.9941 0.0611 -0.0899
vn 0.9762 0.2165 0.0103
vn 0.9579 -0.1441 -0.2484
vn 0.9714 -0.1085 -0.2113
vn 0.9853 -0.0806 -0.1505
vn 0.9949 0.0121 -0.1003
vn 0.8783 -0.3092 -0.3647
vn 0.9119 -0.2423 -0.3313
vn -0.1656 -0.5350 -0.8285
vn -0.1041 -0.5032 -0.8579
vn 0.4480 -0.5486 -0.7059
vn 0.5000 -0.4951 -0.7105
vn 0.9326 -0.1474 -0.3293
vn -0.0637 -0.4296 -0.9008
vn 0.0079 -0.2005 -0.9797
vn 0.5571 -0.3878 -0.7343
vn 0.9035 0.1828 -0.3877
vn 0.5412 0.0483 -0.8395
vn -0.5195 -0.3903 -0.7601
vn -0.4622 -0.3605 -0.8102
vn -0.7865 -0.1397 -0.6016
vn -0.7373 -0.0923 -0.6692
vn -0.9133 0.2350 -0.3326
vn -0.8709 0.2794 -0.4042
vn -0.8328 0.5472 -0.0831
vn -0.8200 0.5552 -0.1389
vn 0.9514 0.3058 -0.0375
vn 0.6747 0.7345 -0.0719
vn 0.1652 0.9839 0.0682
vn 0.7648 0.6376 0.0926
vn 0.5732 0.7795 0.2525
vn -0.0308 0.9716 0.2345
vn -0.5463 0.8313 0.1028
vn -0.5586 0.8293 -0.0161
vn -0.7645 0.5341 -0.3609
vn -0.3087 0.8832 -0.3531
vn -0.5790 0.3790 -0.7219
vn -0.7047 0.0695 -0.7061
vn 0.2101 0.7497 -0.6275
vn -0.3161 0.1632 -0.9346
vn -0.4486 -0.2418 -0.8604
vn -0.2608 0.8909 -0.3720
vn -0.2610 0.8116 -0.5227
vn 0.1504 0.8528 -0.5001
vn 0.1588 0.9415 -0.2973
vn 0.4663 0.8768 -0.1174
vn 0.4759 0.8610 -0.1793
vn 0.5609 0.8118 -0.1626
vn 0.5440 0.8266 -0.1440
vn 0.3722 0.8336 -0.4082
vn 0.3720 0.8323 -0.4109
vn -0.4831 0.6375 -0.6002
vn -0.5155 0.6169 -0.5948
vn -0.3965 0.6819 -0.6146
vn -0.3376 0.7442 -0.5763
vn -0.2295 0.6900 -0.6864
vn -0.2848 0.5928 -0.7533
vn -0.1971 0.5181 -0.8323
vn -0.1253 0.6170 -0.7769
vn 0.0243 0.6818 -0.7311
vn -0.0036 0.6559 -0.7548
vn -0.5660 0.6171 -0.5467
vn -0.6061 0.6216 -0.4963
vn -0.6053 0.5343 -0.5900
vn -0.5044 0.6223 -0.5986
vn 0.5567 0.8036 -0.2104
vn 0.3416 0.8255 -0.4494
vn 0.3366 0.8432 -0.4192
vn 0.5486 0.7966 -0.2541
vn -0.4079 0.5012 -0.7631
vn -0.5232 0.3636 -0.7707
vn -0.3550 0.4195 -0.8355
vn -0.2958 0.4792 -0.8263
vn -0.0615 0.6588 -0.7498
vn -0.0771 0.6385 -0.7657
vn -0.6942 0.3928 -0.6031
vn -0.6365 0.6242 -0.4530
vn -0.6539 0.5330 -0.5369
vn -0.7048 0.1403 -0.6954
vn 0.5450 0.8064 -0.2295
vn 0.3744 0.8240 -0.4252
vn 0.3913 0.8570 -0.3354
vn 0.5367 0.8271 -0.1670
vn -0.3771 0.3426 -0.8605
vn -0.6185 0.1753 -0.7660
vn -0.6300 0.0349 -0.7758
vn -0.3976 0.3594 -0.8443
vn -0.0346 0.6330 -0.7734
vn -0.0094 0.7160 -0.6980
vn -0.6789 0.3563 -0.6420
vn -0.7643 0.0093 -0.6448
vn -0.7030 0.2180 -0.6769
vn -0.8266 0.0625 -0.5593
vn -0.7188 0.1114 -0.6863
vn -0.4583 0.5087 -0.7288
vn -0.7714 0.2826 -0.5702
vn -0.4736 0.6456 -0.5991
vn -0.6047 0.4231 -0.6748
vn -0.4575 0.2234 -0.8607
vn -0.3404 0.2478 -0.9071
vn -0.6143 0.2109 -0.7603
vn -0.7037 0.1610 -0.6921
vn -0.8113 0.2220 -0.5408
vn -0.7096 0.4817 -0.5142
vn -0.4193 0.7334 -0.5351
vn -0.5333 0.6434 -0.5491
vn -0.3579 0.7574 -0.5461
vn 0.5259 0.8401 -0.1331
vn 0.3752 0.8916 -0.2536
vn 0.3658 0.8892 -0.2747
vn 0.5409 0.8183 -0.1942
vn -0.0238 0.8360 -0.5482
vn -0.0298 0.8936 -0.4478
vn 0.0188 0.3133 -0.9495
vn 0.4027 0.4962 -0.7692
vn 0.3379 0.5850 -0.7373
vn -0.1569 0.5385 -0.8279
vn 0.6880 0.7018 -0.1846
vn 0.6910 0.6513 -0.3136
vn 0.6837 0.6603 -0.3107
vn 0.6632 0.6352 -0.3958
vn -0.1176 0.7243 -0.6794
vn -0.0056 0.8239 -0.5667
vn 0.3235 0.7011 -0.6355
vn 0.3912 0.7499 -0.5335
vn 0.5815 0.6164 -0.5310
vn 0.6314 0.6016 -0.4893
vn 0.5107 0.6561 -0.5556
vn 0.5866 0.6687 -0.4569
vn 0.5629 0.7520 -0.3429
vn 0.6549 0.6746 -0.3406
vn 0.3709 0.8410 -0.3938
vn 0.6441 0.6677 -0.3732
vn -0.0021 0.8873 -0.4612
vn 0.5818 0.0058 0.8133
vn -0.0313 -0.4023 0.9150
vn 0.2816 -0.7454 0.6043
vn 0.3211 -0.1466 0.9356
vn 0.4687 -0.6233 0.6260
vn 0.6152 -0.5073 0.6035
vn 0.7453 -0.1557 0.6483
vn 0.6664 -0.7077 0.2348
vn 0.7051 -0.6008 0.3765
vn 0.7842 -0.4052 0.4700
vn 0.5783 -0.7561 0.3065
vn 0.4562 -0.8412 0.2902
vn 0.5284 -0.8449 0.0831
vn 0.5690 -0.8133 0.1220
vn 0.7737 -0.5485 0.3170
vn 0.7722 -0.5598 0.3005
vn 0.6203 -0.7671 0.1637
vn 0.5873 -0.7492 0.3063
vn 0.6980 -0.4003 0.5938
vn 0.4984 -0.7101 0.4973
vn 0.3722 -0.8679 0.3289
vn 0.3300 -0.9319 0.1508
vn 0.4720 -0.8371 0.2767
vn 0.4624 -0.8471 0.2621
vn 0.4747 -0.8468 0.2398
vn 0.4810 -0.8483 0.2213
vn 0.3205 -0.9274 0.1930
vn 0.2346 -0.9239 0.3024
vn 0.2431 -0.7441 0.6223
vn 0.3036 -0.7484 0.5897
vn 0.5155 -0.8500 0.1082
vn 0.5072 -0.8562 0.0982
vn -0.9388 0.1701 0.2997
vn -0.9993 -0.0315 0.0220
vn -0.9712 0.2156 0.1015
vn -0.9833 -0.1574 -0.0908
vn -0.9880 -0.0699 0.1375
vn -0.9774 -0.2075 -0.0408
vn -0.9216 0.2540 -0.2934
vn -0.8639 0.4177 -0.2816
vn -0.9008 0.3438 -0.2651
vn -0.8970 -0.3712 -0.2401
vn -0.9426 -0.2514 -0.2197
vn -0.9503 -0.2712 -0.1528
vn -0.8312 -0.4519 -0.3238
vn -0.8620 -0.1246 -0.4914
vn -0.9174 0.0588 -0.3935
vn -0.4984 -0.6047 0.6212
vn -0.8902 -0.3450 0.2975
vn -0.8088 -0.1983 0.5536
vn -0.6239 -0.7141 0.3176
vn -0.5615 -0.6849 0.4645
vn -0.9099 -0.4024 0.1005
vn -0.9008 -0.4284 -0.0703
vn -0.8621 -0.4451 -0.2420
vn -0.7135 -0.6924 0.1072
vn -0.7601 -0.6479 -0.0495
vn -0.7556 -0.5632 -0.3345
vn -0.8374 -0.3281 -0.4372
vn -0.7013 -0.6983 -0.1435
vn -0.7747 -0.6037 -0.1880
vn -0.5017 0.6677 -0.5500
vn -0.7905 0.5086 -0.3413
vn -0.4822 0.6847 -0.5465
vn -0.5044 0.6611 -0.5555
vn -0.5184 0.6247 -0.5840
vn -0.5324 0.6508 -0.5413
vn -0.6151 0.5503 -0.5646
vn -0.7502 0.4630 -0.4721
vn -0.5664 0.6567 -0.4979
vn -0.5942 0.5685 -0.5690
vn -0.6381 0.5872 -0.4980
vn -0.6888 0.4296 -0.5839
vn -0.7028 0.4620 -0.5410
vn -0.7476 0.3368 -0.5724
vn -0.7249 0.3295 -0.6049
vn -0.7288 0.3354 -0.5970
vn -0.8265 0.1774 -0.5342
vn -0.8641 -0.2326 -0.4463
vn -0.7573 0.2419 -0.6067
vn -0.7389 0.3569 -0.5715
vn -0.2176 -0.8527 0.4749
vn -0.2328 -0.8661 0.4423
vn -0.2787 -0.8544 0.4386
vn -0.3973 -0.8225 0.4070
vn -0.3599 -0.8748 0.3243
vn -0.4929 -0.8286 0.2656
vn -0.5784 -0.8123 0.0750
vn -0.4977 -0.8661 0.0471
vn -0.5332 -0.8218 -0.2008
vn -0.8409 -0.3866 -0.3786
vn -0.6123 -0.7386 -0.2821
vn -0.6813 -0.6441 -0.3479
vn -0.6682 -0.7358 -0.1101
vn -0.7785 -0.2874 -0.5579
vn -0.6855 -0.5886 -0.4287
vn -0.5988 -0.5641 -0.5686
vn -0.7227 -0.1784 -0.6677
vn -0.6971 0.2839 -0.6583
vn -0.6476 0.3544 -0.6746
vn -0.5345 -0.1055 -0.8386
vn -0.3388 -0.5909 -0.7321
vn -0.4196 -0.5709 -0.7057
vn -0.5245 0.5002 -0.6890
vn -0.5041 -0.0582 -0.8617
vn -0.5443 0.4162 -0.7284
vn -0.4738 -0.8165 -0.3299
vn -0.6616 -0.1235 -0.7397
vn -0.4040 -0.6989 -0.5902
vn -0.6552 0.5269 -0.5413
vn -0.8438 -0.2376 -0.4812
vn -0.8024 0.4929 -0.3363
vn -0.4911 0.7371 -0.4643
vn -0.4999 0.6682 -0.5511
vn -0.6298 0.6668 -0.3983
vn -0.4973 0.6555 -0.5684
vn -0.4673 0.6819 -0.5627
vn -0.7707 0.5207 -0.3673
vn -0.7530 0.4885 -0.4408
vn -0.7997 0.5326 -0.2771
vn -0.5602 0.6101 -0.5603
vn -0.8268 0.3704 -0.4234
vn -0.6327 0.4891 -0.6004
vn -0.8712 0.1763 -0.4583
vn -0.7012 0.3272 -0.6334
vn -0.8442 0.0372 -0.5347
vn -0.7337 0.1791 -0.6554
vn -0.7974 -0.0498 -0.6013
vn -0.7825 0.1105 -0.6128
vn -0.8112 0.1135 -0.5736
vn -0.8355 -0.1113 -0.5380
vn -0.7914 -0.0881 -0.6049
vn -0.8220 0.1765 -0.5414
vn -0.7661 0.2407 -0.5959
vn -0.8662 -0.1421 -0.4790
vn -0.7471 0.3000 -0.5932
vn -0.8878 -0.0182 -0.4598
vn -0.7062 0.3500 -0.6155
vn -0.8550 0.0634 -0.5148
vn -0.8793 -0.0972 -0.4662
vn -0.6213 0.4941 -0.6082
vn -0.7877 0.1817 -0.5886
vn -0.7530 0.2695 -0.6003
vn -0.6377 0.4180 -0.6470
vn -0.7005 0.5492 -0.4557
vn -0.7934 0.2704 -0.5453
vn -0.7917 0.5290 -0.3056
vn -0.8593 0.1840 -0.4773
vn -0.9931 0.1159 0.0181
vn -0.9767 0.2144 0.0045
vn -0.9983 0.0392 0.0439
vn -0.7340 -0.3885 0.5570
vn -0.7765 -0.3607 0.5166
vn -0.8100 -0.3094 0.4982
vn -0.9918 -0.0650 0.1103
vn -0.7244 -0.3970 0.5635
vn -0.9784 -0.2011 0.0471
vn -0.6996 -0.3697 0.6114
vn -0.4484 -0.8737 0.1887
vn -0.9187 -0.3668 -0.1464
vn -0.8044 -0.5344 -0.2598
vn -0.7761 -0.5863 0.2323
vn -0.4327 -0.8376 0.3334
vn -0.7341 -0.5602 0.3838
vn -0.5282 -0.6335 0.5654
vn -0.6565 -0.4260 0.6225
vn -0.3748 -0.9270 0.0151
vn -0.7304 -0.5832 -0.3555
vn -0.7278 -0.5822 -0.3624
vn -0.3212 -0.9365 0.1404
vn -0.7435 -0.5979 -0.2996
vn -0.4853 -0.8729 0.0511
vn -0.8021 -0.5540 -0.2229
vn -0.4411 -0.8972 -0.0217
vn -0.8448 -0.4968 -0.1986
vn -0.4301 -0.8993 0.0787
vn -0.8479 -0.4517 -0.2776
vn -0.4864 -0.8668 0.1102
vn -0.2719 -0.9504 -0.1513
vn -0.8126 -0.4050 -0.4192
vn -0.7502 -0.3773 -0.5430
vn -0.3431 -0.9391 -0.0183
vn -0.4892 -0.8607 -0.1411
vn -0.5728 -0.7061 -0.4164
vn -0.6039 -0.7635 -0.2287
vn -0.5329 -0.6664 -0.5215
vn -0.4022 -0.9032 -0.1497
vn -0.2803 -0.9456 -0.1649
vn -0.1744 -0.9036 0.3913
vn -0.1073 -0.9407 0.3219
vn -0.2141 -0.9344 0.2848
vn 0.0085 -0.9412 0.3377
vn -0.1547 -0.9224 0.3538
vn -0.1173 -0.9291 0.3508
vn -0.5827 -0.6011 -0.5469
vn -0.6757 -0.5382 -0.5038
vn -0.2902 -0.9477 -0.1331
vn -0.4319 -0.9019 -0.0017
vn 0.0644 -0.9218 0.3823
vn 0.0395 -0.9025 0.4288
vn -0.1045 -0.9098 0.4017
vn -0.0846 -0.9141 0.3966
vn -0.3062 -0.9179 0.2525
vn -0.3213 -0.9055 0.2772
vn -0.3032 -0.9179 0.2562
vn -0.3254 -0.9135 0.2442
vn -0.2943 -0.9216 0.2531
vn -0.2988 -0.9374 0.1792
vn -0.7043 -0.5456 -0.4542
vn -0.5896 -0.6387 -0.4944
vn -0.5080 -0.8586 0.0690
vn -0.3966 -0.9179 0.0077
vn -0.0869 -0.9372 0.3379
vn -0.3421 -0.9097 0.2352
vn -0.3428 -0.9126 0.2226
vn -0.0779 -0.9262 0.3688
vn -0.3677 -0.9112 0.1857
vn -0.3873 -0.9038 0.1821
vn -0.0170 -0.9032 0.4288
vn -0.0212 -0.9081 0.4183
vn -0.3755 -0.7336 -0.5664
vn -0.1528 -0.9860 -0.0674
vn 0.0471 -0.9987 -0.0194
vn -0.2269 -0.8187 -0.5275
vn -0.1676 -0.9310 -0.3241
vn -0.1339 -0.9830 -0.1253
vn 0.1840 -0.9792 0.0855
vn 0.2797 -0.9562 0.0865
vn 0.0830 -0.9335 0.3488
vn 0.1942 -0.9393 0.2829
vn -0.0523 -0.9594 0.2770
vn -0.0313 -0.9595 0.2799
vn -0.3277 -0.9237 0.1987
vn -0.3416 -0.9188 0.1976
vn -0.3891 -0.9075 0.1581
vn -0.4262 -0.8860 0.1829
vn 0.2738 -0.9300 0.2451
vn 0.3679 -0.9115 0.1838
vn -0.0068 -0.9614 0.2750
vn 0.0695 -0.9732 0.2191
vn -0.3387 -0.9209 0.1929
vn -0.2907 -0.9404 0.1764
vn -0.4167 -0.8869 0.1996
vn -0.3645 -0.9163 0.1658
vn 0.4170 -0.8847 0.2083
vn 0.3871 -0.8509 0.3552
vn 0.1277 -0.9621 0.2411
vn 0.1316 -0.9236 0.3602
vn 0.2022 -0.9208 0.3335
vn 0.2869 -0.9483 0.1358
vn -0.2702 -0.9412 0.2030
vn -0.2952 -0.9151 0.2748
vn -0.3890 -0.9061 0.1661
vn -0.4575 -0.8638 0.2111
vn -0.2852 -0.9199 0.2691
vn -0.2687 -0.9444 0.1895
vn -0.4462 -0.8781 0.1727
vn -0.4078 -0.9035 0.1319
vn 0.1115 -0.9313 0.3467
vn 0.1171 -0.9015 0.4167
vn 0.1038 -0.9640 0.2448
vn -0.2598 -0.9515 0.1648
vn -0.2385 -0.9621 0.1324
vn 0.1155 -0.9498 0.2908
vn -0.3720 -0.9190 0.1305
vn -0.3599 -0.9286 0.0903
vn -0.1990 -0.9731 0.1158
vn -0.1186 -0.9926 0.0268
vn -0.3741 -0.9259 0.0518
vn -0.2886 -0.9563 -0.0469
vn 0.0767 -0.9895 0.1221
vn 0.0746 -0.9764 0.2027
vn -0.1253 -0.9184 0.3754
vn -0.3518 -0.6569 0.6669
vn -0.0163 -0.9442 0.3290
vn 0.2028 -0.9212 0.3320
vn 0.1750 -0.8927 0.4153
vn 0.0112 -0.6989 0.7152
vn -0.0360 -0.9411 0.3363
vn 0.1357 -0.8671 0.4793
vn 0.0568 -0.9084 0.4143
vn 0.1946 -0.8627 0.4668
vn -0.1382 -0.9669 0.2147
vn -0.1900 -0.9587 0.2119
vn 0.0759 -0.9360 0.3437
vn 0.1039 -0.9139 0.3924
vn -0.1445 -0.9537 0.2637
vn -0.0380 -0.9628 0.2674
vn 0.1536 -0.9254 0.3466
vn 0.1022 -0.9294 0.3545
vn -0.0400 -0.9522 0.3030
vn 0.0273 -0.9334 0.3577
vn -0.1280 -0.9673 0.2188
vn -0.5787 -0.8154 -0.0142
vn -0.4991 -0.8613 0.0950
vn -0.4366 -0.8891 0.1376
vn -0.6889 -0.7159 0.1139
vn -0.3658 -0.9102 0.1943
vn -0.4012 -0.8854 0.2348
vn -0.3097 -0.9472 0.0827
vn -0.6567 -0.7511 0.0675
vn -0.5759 -0.8174 -0.0097
vn -0.4037 -0.9001 0.1635
vn -0.3838 -0.9088 0.1636
vn -0.6681 -0.7326 0.1298
vn -0.5911 -0.8040 0.0650
vn -0.3641 -0.9236 0.1200
vn -0.4673 -0.8621 0.1958
vn -0.5281 -0.8491 -0.0089
vn -0.7040 -0.6978 0.1319
vn -0.4763 -0.8527 0.2147
vn -0.3867 -0.9127 0.1322
vn -0.7353 -0.6606 0.1517
vn -0.6203 -0.7843 0.0118
vn -0.4169 -0.9027 0.1069
vn -0.5336 -0.8312 0.1560
vn -0.6070 -0.7941 -0.0305
vn -0.7231 -0.6903 0.0243
vn -0.5346 -0.8391 0.1007
vn -0.5216 -0.8458 0.1121
vn -0.7250 -0.6884 -0.0227
vn -0.7532 -0.6575 -0.0171
vn -0.4938 -0.8685 0.0444
vn -0.5534 -0.8328 -0.0143
vn -0.7166 -0.6847 -0.1327
vn -0.7581 -0.6377 -0.1361
vn -0.6231 -0.7792 -0.0680
vn -0.5649 -0.8104 -0.1557
vn -0.7854 -0.5954 -0.1689
vn -0.7613 -0.6147 -0.2064
vn -0.9273 -0.0502 -0.3710
vn -0.8224 -0.5432 -0.1692
vn -0.7958 -0.5780 -0.1809
vn -0.9188 -0.3908 -0.0562
vn -0.9318 -0.0363 -0.3611
vn -0.9595 0.1183 -0.2558
vn -0.5814 -0.8126 0.0417
vn -0.5158 -0.8567 0.0082
vn -0.9194 -0.3873 -0.0691
vn -0.8839 -0.4507 -0.1245
vn -0.9602 0.1630 -0.2270
vn -0.9633 0.1195 -0.2403
vn -0.9330 -0.3600 0.0021
vn -0.8387 -0.5343 -0.1056
vn -0.9769 0.1642 -0.1364
vn -0.9600 -0.0529 -0.2750
vn -0.7348 -0.6501 -0.1937
vn -0.8978 -0.4387 -0.0396
vn -0.8957 -0.2253 -0.3833
vn -0.9596 -0.0608 -0.2746
vn -0.9469 -0.3213 0.0117
vn -0.8601 -0.4889 -0.1459
vn -0.9785 0.1130 -0.1725
vn -0.9462 -0.0196 -0.3230
vn -0.8275 -0.5268 -0.1943
vn -0.9009 -0.4046 -0.1572
vn -0.9252 -0.0331 -0.3780
vn -0.9423 0.0752 -0.3262
vn -0.9177 -0.3579 -0.1728
vn -0.9223 -0.3292 -0.2025
vn -0.9488 0.1331 -0.2865
vn -0.9428 0.1136 -0.3135
vn -0.9066 -0.3415 -0.2478
vn -0.9127 -0.3441 -0.2205
vn -0.9575 0.1203 -0.2622
vn -0.9634 0.0691 -0.2589
vn -0.4728 0.8113 -0.3437
vn -0.7589 0.5115 -0.4029
vn -0.7810 0.5924 -0.1975
vn -0.7389 0.4896 -0.4629
vn -0.4099 0.7804 -0.4723
vn -0.3707 0.7941 -0.4816
vn -0.9619 0.0191 -0.2726
vn -0.9818 0.1865 -0.0355
vn -0.7222 0.5175 -0.4589
vn -0.6967 0.6192 -0.3622
vn -0.3350 0.8271 -0.4512
vn -0.3304 0.8712 -0.3632
vn -0.6898 0.6541 -0.3105
vn -0.7146 0.6192 -0.3256
vn -0.3368 0.8850 -0.3214
vn -0.3608 0.8710 -0.3334
vn -0.7268 0.6282 -0.2777
vn -0.7585 0.5328 -0.3753
vn -0.3600 0.8686 -0.3404
vn -0.3533 0.8410 -0.4098
vn -0.7613 0.4221 -0.4922
vn -0.7504 0.4743 -0.4604
vn -0.3633 0.8135 -0.4540
vn -0.3763 0.8323 -0.4071
vn -0.7349 0.5755 -0.3588
vn -0.7348 0.5143 -0.4422
vn -0.3717 0.8495 -0.3745
vn -0.3720 0.8318 -0.4121
vn -0.7351 0.5310 -0.4214
vn -0.7393 0.5880 -0.3281
vn -0.3888 0.8640 -0.3199
vn -0.3793 0.8961 -0.2306
vn -0.7468 0.6043 -0.2776
vn -0.7590 0.5865 -0.2829
vn -0.3468 0.9193 -0.1859
vn -0.3297 0.9314 -0.1543
vn -0.7898 0.5754 -0.2124
vn -0.8218 0.5315 -0.2056
vn -0.3674 0.9248 -0.0994
vn -0.4468 0.8932 -0.0514
vn -0.8282 -0.1460 -0.5412
vn -0.6409 0.5912 -0.4896
vn -0.8677 -0.0100 -0.4970
vn -0.7422 0.3987 -0.5386
vn -0.8057 -0.3597 -0.4706
vn -0.6661 0.4984 -0.5549
vn -0.9066 0.4200 0.0409
vn -0.9301 0.2212 0.2931
vn -0.8857 0.3618 -0.2909
vn -0.9855 -0.1565 -0.0649
vn -0.7459 -0.2097 0.6321
vn -0.6669 -0.6269 0.4027
vn -0.2396 -0.8063 0.5408
vn -0.3683 -0.6431 0.6714
vn -0.1823 -0.9632 0.1975
vn -0.0999 -0.9264 0.3631
vn -0.5818 -0.8124 -0.0391
vn -0.2258 -0.9688 0.1021
vn -0.1218 -0.9692 0.2141
vn -0.1024 -0.9474 0.3033
vn -0.7736 0.3262 -0.5433
vn -0.8868 -0.1378 -0.4412
vn -0.7931 -0.5620 -0.2349
vn -0.4881 -0.8560 -0.1704
vn -0.5558 0.6630 -0.5016
vn -0.6492 0.6861 -0.3283
vn -0.7087 0.5722 -0.4127
vn -0.6157 0.7552 -0.2248
vn -0.5593 0.7387 -0.3763
vn -0.5712 0.7817 -0.2503
vn -0.8607 0.4822 -0.1632
vn -0.8663 0.4356 -0.2446
vn -0.8681 0.3825 -0.3164
vn -0.6024 0.7778 -0.1794
vn -0.6023 0.7912 -0.1062
vn -0.5792 0.7950 -0.1801
vn -0.5877 0.8053 -0.0780
vn -0.8581 0.5116 -0.0434
vn -0.8606 0.4969 -0.1114
vn -0.8626 0.4842 0.1466
vn -0.6080 0.7937 0.0181
vn -0.6339 0.7634 0.1241
vn -0.8584 0.5090 0.0635
vn -0.5741 0.8164 0.0631
vn -0.5507 0.8197 0.1574
vn -0.7070 0.7048 0.0583
vn -0.7691 0.6333 -0.0861
vn -0.6004 0.7960 0.0768
vn -0.6724 0.7387 -0.0471
vn -0.8927 0.4465 -0.0614
vn -0.8854 0.4553 0.0935
vn -0.5682 0.8107 -0.1415
vn -0.4695 0.8462 0.2519
vn -0.6328 0.7743 -0.0028
vn -0.0582 0.7837 0.6184
vn -0.3458 0.9307 0.1192
vn 0.0711 0.8693 0.4891
vn -0.3210 0.7050 0.6324
vn -0.6322 0.7601 0.1500
vn -0.7931 0.3910 0.4671
vn -0.7766 0.6300 0.0044
vn -0.5905 0.6162 0.5212
vn -0.8965 0.4412 -0.0404
vn -0.6925 0.6318 -0.3483
vn -0.7404 0.5107 -0.4370
vn -0.5952 0.7053 -0.3850
vn -0.9147 -0.0416 -0.4021
vn -0.8987 0.2986 -0.3213
vn -0.9751 -0.0555 -0.2149
vn -0.7702 0.5737 -0.2786
vn -0.6680 0.6610 -0.3419
vn -0.7961 0.5443 -0.2643
vn -0.6818 0.6617 -0.3117
vn -0.4314 -0.5646 0.7037
vn -0.4556 -0.5406 0.7072
vn -0.4337 -0.5189 0.7366
vn -0.4863 -0.5182 0.7036
vn -0.4179 -0.5467 0.7256
vn -0.3751 -0.5257 0.7635
vn -0.4775 -0.4232 0.7700
vn -0.5277 -0.3322 0.7818
vn -0.5380 -0.4662 0.7023
vn -0.4156 -0.4600 0.7847
vn -0.5218 -0.3473 0.7791
vn -0.2427 -0.4537 0.8575
vn -0.9780 0.2003 0.0586
vn -0.7438 -0.3559 0.5657
vn -0.5918 -0.5203 0.6157
vn -0.9708 0.1480 0.1887
vn -0.9879 0.1306 -0.0838
vn -0.9545 0.2930 -0.0558
vn -0.9610 -0.2438 0.1305
vn -0.9965 -0.0387 -0.0740
vn -0.9938 -0.1101 -0.0158
vn -0.9925 -0.1127 -0.0483
vn -0.9541 0.2926 0.0646
vn -0.8341 -0.3321 0.4404
vn -0.4662 -0.4705 0.7492
vn -0.3711 -0.5916 0.7158
vn -0.9299 -0.2614 -0.2588
vn -0.7146 -0.4839 0.5052
vn -0.7783 -0.4796 0.4053
vn -0.6636 -0.4998 0.5567
vn -0.9613 -0.2170 -0.1696
vn -0.9771 -0.1763 -0.1188
vn -0.6001 -0.6050 0.5233
vn -0.6047 -0.6405 0.4733
vn -0.9692 -0.2151 -0.1197
vn -0.9575 -0.2192 -0.1875
vn -0.7961 -0.5148 0.3183
vn -0.9418 -0.0466 -0.3330
vn -0.8287 0.2128 -0.5176
vn -0.9537 -0.3008 -0.0010
vn -0.9506 -0.1063 -0.2917
vn -0.9452 -0.0724 -0.3185
vn -0.7049 0.2981 -0.6436
vn -0.7721 0.3495 -0.5308
vn -0.9501 -0.1092 -0.2922
vn -0.8535 0.2572 -0.4533
vn -0.9277 0.1139 -0.3556
vn -0.9732 -0.1586 -0.1667
vn -0.8900 0.1102 -0.4425
vn -0.7111 0.3831 -0.5896
vn -0.6267 0.3883 -0.6756
vn -0.9522 0.1454 -0.2687
vn -0.9938 0.1071 -0.0311
vn -0.8960 0.2833 -0.3420
vn -0.8136 -0.0192 -0.5811
vn -0.6523 0.3158 -0.6890
vn -0.7049 0.2308 -0.6707
vn -0.8384 0.0415 -0.5434
vn -0.8569 -0.0323 -0.5145
vn -0.7613 0.1784 -0.6234
vn -0.7886 0.1092 -0.6052
vn -0.8255 -0.0497 -0.5622
vn -0.8449 -0.0101 -0.5348
vn -0.7369 -0.0465 -0.6744
vn -0.7973 -0.0099 -0.6034
vn -0.7744 -0.0015 -0.6327
vn -0.9577 0.1700 -0.2321
vn -0.9877 0.0032 -0.1566
vn -0.9583 0.0924 -0.2703
vn -0.9926 0.0332 -0.1166
vn -0.9772 0.1106 -0.1812
vn -0.9821 0.1176 -0.1471
vn -0.9485 0.2327 -0.2151
vn -0.9257 0.2394 -0.2929
vn -0.9667 0.2225 -0.1262
vn -0.9811 0.1439 -0.1296
vn -0.9690 0.1255 -0.2126
vn -0.9692 0.0836 -0.2316
vn -0.9900 -0.1040 -0.0955
vn -0.9866 0.0448 -0.1567
vn -0.9830 0.0738 -0.1683
vn -0.9935 0.0110 -0.1135
vn -0.9899 -0.0580 -0.1293
vn -0.9937 -0.0658 -0.0904
vn -0.9869 -0.0168 -0.1606
vn -0.9856 -0.1322 -0.1059
vn -0.9936 0.0243 -0.1103
vn -0.9957 0.0148 -0.0912
vn -0.9901 0.1052 -0.0926
vn -0.9975 -0.0434 -0.0558
vn -0.9866 -0.0928 -0.1339
vn -0.9985 0.0509 0.0222
vn -0.9757 0.2122 -0.0554
vn -0.9778 0.2092 0.0135
vn -0.9924 0.1101 -0.0555
vn -0.9936 0.0865 -0.0730
vn -0.9981 -0.0197 -0.0585
vn -0.9996 0.0290 -0.0029
vn -0.9985 0.0515 -0.0157
vn -0.9983 -0.0251 -0.0528
vn -0.9979 -0.0631 0.0175
vn -0.9080 -0.3542 -0.2239
vn -0.9337 -0.3546 -0.0506
vn -0.7437 -0.6650 -0.0687
vn -0.7454 -0.6066 -0.2764
vn -0.9732 0.2031 0.1076
vn -0.9612 0.2002 0.1896
vn -0.9799 -0.0228 0.1981
vn -0.9930 0.0152 0.1173
vn -0.9935 -0.1086 0.0351
vn -0.9978 0.0009 0.0664
vn -0.9867 -0.1373 0.0867
vn -0.9378 -0.3459 0.0297
vn -0.9885 -0.1052 0.1087
vn -0.9612 -0.2217 0.1639
vn -0.9769 0.2127 0.0190
vn -0.9771 -0.1125 0.1806
vn -0.9843 -0.1647 0.0643
vn -0.9680 0.1894 0.1648
vn -0.5754 -0.7695 -0.2771
vn -0.5578 -0.8276 -0.0626
vn -0.4722 -0.8678 -0.1544
vn -0.4466 -0.8634 -0.2345
vn -0.8567 -0.5157 -0.0084
vn -0.9544 -0.2940 0.0517
vn -0.9049 -0.4149 -0.0951
vn -0.8134 -0.5547 -0.1750
vn -0.9178 -0.3705 0.1428
vn -0.8706 -0.4912 0.0290
vn -0.9569 0.0594 0.2842
vn -0.9616 -0.2589 -0.0912
vn -0.9051 -0.4214 0.0562
vn -0.9724 0.2247 -0.0619
vn -0.3375 -0.9395 -0.0589
vn -0.5220 -0.8360 -0.1690
vn -0.6076 -0.7942 -0.0116
vn -0.2938 -0.9425 0.1597
vn -0.7486 -0.6455 -0.1511
vn -0.7944 -0.5480 -0.2618
vn -0.6062 -0.7952 0.0133
vn -0.7258 -0.6868 -0.0393
vn -0.8132 -0.5081 -0.2838
vn -0.8365 -0.5438 -0.0672
vn -0.8454 -0.5216 -0.1154
vn -0.9391 -0.3304 0.0945
vn -0.5226 -0.8519 0.0336
vn -0.6534 -0.7400 0.1595
vn -0.5547 -0.8320 0.0097
vn -0.4425 -0.8584 0.2595
vn -0.2322 -0.9527 0.1959
vn -0.4698 -0.8818 -0.0416
vn -0.2258 -0.8565 0.4641
vn -0.2737 -0.9496 0.1527
vn -0.1672 -0.9486 0.2686
vn -0.2172 -0.9608 0.1724
vn -0.3080 -0.9294 0.2032
vn -0.0409 -0.9660 0.2554
vn -0.0574 -0.9697 0.2375
vn -0.2960 -0.9171 0.2670
vn -0.2761 -0.9320 0.2346
vn -0.2172 -0.9195 0.3276
vn -0.2167 -0.9437 0.2499
vn -0.1078 -0.9586 0.2636
vn 0.0256 -0.9644 0.2632
vn 0.0696 -0.9595 0.2729
vn -0.3400 -0.9214 0.1883
vn -0.7118 -0.6167 0.3361
vn -0.4122 -0.7857 0.4613
vn -0.1508 -0.9615 -0.2297
vn -0.6913 -0.5906 -0.4163
vn 0.0596 -0.7714 -0.6336
vn 0.0074 -0.9177 -0.3971
vn -0.4932 -0.3544 -0.7944
vn -0.5432 -0.4925 -0.6800
vn 0.0044 -0.9734 0.2292
vn -0.6069 -0.7823 -0.1405
vn -0.1944 -0.8080 0.5562
vn -0.9194 -0.3852 0.0799
vn -0.9212 -0.3877 0.0343
vn -0.3744 -0.8018 0.4658
vn -0.4800 -0.7726 0.4156
vn -0.9147 -0.3986 -0.0668
vn -0.8971 -0.4176 -0.1446
vn -0.8978 -0.4124 -0.1544
vn -0.5387 -0.7467 0.3902
vn -0.5658 -0.7242 0.3942
vn -0.9210 -0.3694 -0.1233
vn -0.9567 -0.2847 -0.0603
vn -0.5962 -0.7012 0.3908
vn -0.6449 -0.6491 0.4035
vn -0.9829 -0.1741 0.0599
vn -0.9566 -0.1330 0.2593
vn -0.6979 -0.5563 0.4510
vn -0.5858 -0.5386 0.6056
vn -0.1178 -0.7471 0.6542
vn -0.0940 -0.7680 0.6335
vn 0.0241 -0.7979 0.6023
vn -0.2076 -0.7498 0.6282
vn 0.1363 -0.7063 0.6946
vn -0.0488 -0.7455 0.6648
vn -0.0365 -0.7178 0.6953
vn 0.0901 -0.7580 0.6460
vn 0.3003 -0.7301 0.6138
vn 0.0028 -0.7248 0.6890
vn 0.0603 -0.7463 0.6628
vn 0.1977 -0.7000 0.6862
vn 0.2572 -0.8143 0.5203
vn 0.4073 -0.7416 0.5330
vn 0.4572 -0.7449 0.4859
vn 0.1535 -0.7868 0.5978
vn 0.3947 -0.9013 -0.1786
vn 0.4292 -0.8690 0.2462
vn 0.4693 -0.7831 0.4080
vn 0.3589 -0.8870 0.2907
vn 0.2682 -0.9106 -0.3146
vn 0.0665 -0.9941 0.0856
vn 0.3543 -0.8782 0.3213
vn 0.3671 -0.9090 0.1971
vn -0.0341 -0.8479 0.5291
vn 0.0234 -0.6538 0.7563
vn 0.4147 -0.7658 0.4914
vn 0.3665 -0.8437 0.3921
vn 0.1914 -0.5921 0.7828
vn 0.3983 -0.6767 0.6192
vn 0.5088 -0.6582 0.5549
vn 0.4861 -0.6611 0.5716
vn 0.4639 -0.7642 0.4481
vn 0.3860 -0.8337 0.3950
vn 0.3851 -0.7549 0.5309
vn 0.4822 -0.7056 0.5192
vn 0.2057 -0.8331 0.5135
vn 0.0231 -0.8772 0.4795
vn -0.3670 -0.7141 0.5961
vn 0.1217 -0.7400 0.6615
vn 0.0193 -0.9225 0.3855
vn -0.4565 -0.8677 0.1969
vn -0.9773 0.2088 0.0345
vn -0.9690 -0.2027 0.1414
vn -0.8829 -0.4291 -0.1906
vn -0.9677 -0.2465 -0.0532
vn -0.9830 -0.1756 -0.0545
vn -0.9249 -0.3607 0.1202
vn -0.9805 0.1596 0.1145
vn -0.6869 -0.7189 0.1062
vn -0.8189 -0.3166 0.4787
vn -0.5942 -0.8039 0.0260
vn -0.4258 -0.9033 0.0520
vn -0.6323 -0.7739 0.0355
vn -0.6165 -0.7854 0.0564
vn -0.6644 -0.7471 -0.0231
vn -0.5605 -0.8138 0.1539
vn -0.4258 -0.8760 0.2264
vn -0.7004 -0.7038 -0.1187
vn -0.7269 -0.6317 -0.2695
vn -0.6566 -0.7335 -0.1754
vn -0.7074 -0.5923 -0.3856
vn -0.7533 -0.6395 -0.1535
vn -0.6594 -0.7517 -0.0152
vn -0.7232 -0.4423 -0.5304
vn -0.6480 -0.4521 -0.6129
vn -0.5998 -0.3384 -0.7251
vn -0.7994 -0.4228 -0.4268
vn -0.5746 -0.2190 -0.7886
vn 0.2099 -0.9561 0.2045
vn 0.0701 -0.9719 0.2248
vn 0.1343 -0.9784 0.1574
vn 0.1832 -0.9412 0.2837
vn -0.2406 -0.9696 0.0448
vn -0.2979 -0.9402 -0.1653
vn -0.2254 -0.9286 -0.2948
vn -0.1337 -0.9427 -0.3058
vn 0.2721 -0.9507 0.1491
vn 0.3488 -0.9279 0.1314
vn -0.5807 -0.4838 -0.6548
vn -0.7206 -0.3999 -0.5664
vn -0.1401 -0.9834 -0.1157
vn -0.7431 -0.4559 -0.4899
vn -0.2245 -0.9500 -0.2169
vn 0.1825 -0.9791 0.0896
vn 0.2655 -0.9571 0.1159
vn 0.3879 -0.9075 0.1613
vn 0.3629 -0.9255 0.1081
vn 0.3193 -0.9333 0.1641
vn 0.3307 -0.9228 0.1977
vn -0.1570 -0.9382 -0.3083
vn -0.5304 -0.5927 -0.6061
vn -0.2572 -0.9448 -0.2029
vn -0.6084 -0.6704 -0.4247
vn -0.6326 -0.7582 -0.1578
vn -0.4633 -0.8808 -0.0974
vn -0.8065 -0.3781 -0.4545
vn -0.8522 -0.2744 -0.4454
vn -0.9626 -0.2365 0.1322
vn -0.9216 0.1808 -0.3433
vn -0.9621 -0.2091 -0.1752
vn -0.8676 0.2589 -0.4245
vn -0.9912 -0.0631 0.1165
vn -0.7941 0.3558 -0.4928
vn -0.8758 0.2467 -0.4149
vn -0.9476 -0.2115 -0.2395
vn -0.7826 0.2432 -0.5731
vn -0.7936 0.2883 -0.5358
vn -0.5173 -0.8412 0.1571
vn -0.6441 -0.7374 0.2032
vn -0.9901 -0.0852 -0.1119
vn -0.9401 -0.2362 -0.2457
vn -0.7973 0.4575 -0.3938
vn -0.8301 0.4386 -0.3443
vn -0.8048 0.4928 -0.3309
vn -0.8218 0.4779 -0.3102
vn -0.9260 0.2595 -0.2742
vn -0.9619 -0.2385 -0.1337
vn -0.9397 0.2493 -0.2342
vn -0.9644 -0.2448 -0.1004
vn -0.7371 -0.6755 0.0215
vn -0.9668 -0.0963 -0.2366
vn -0.7889 -0.6097 -0.0763
vn -0.9493 -0.1613 -0.2699
vn -0.7479 0.5166 -0.4168
vn -0.7292 0.5532 -0.4027
vn -0.7507 0.4829 -0.4508
vn -0.6734 0.5542 -0.4893
vn -0.9038 0.2546 -0.3439
vn -0.9327 -0.2822 -0.2247
vn -0.8520 0.1885 -0.4884
vn -0.8649 -0.3306 -0.3777
vn -0.8412 -0.5392 0.0404
vn -0.8533 -0.3793 0.3576
vn -0.5931 -0.8051 0.0036
vn -0.7731 -0.6297 -0.0767
vn -0.6925 -0.6784 0.2451
vn -0.7505 -0.4485 0.4855
vn -0.7699 -0.6349 0.0646
vn -0.5250 -0.8304 0.1865
vn -0.7529 -0.6576 0.0261
vn -0.5508 -0.8322 0.0639
vn -0.7603 -0.6469 -0.0589
vn -0.7476 -0.6237 -0.2283
vn -0.5333 -0.8446 -0.0484
vn -0.5118 -0.8498 0.1259
vn -0.7715 -0.5671 -0.2884
vn -0.8044 -0.5136 -0.2985
vn -0.8610 -0.2918 -0.4165
vn -0.8774 -0.2485 -0.4104
vn -0.6147 -0.7720 -0.1617
vn -0.5774 -0.8046 -0.1383
vn -0.2211 -0.9737 0.0552
vn -0.1894 -0.9720 0.1388
vn -0.2757 -0.9612 0.0124
vn 0.1608 -0.9763 0.1451
vn 0.1190 -0.9808 0.1542
vn 0.0829 -0.9821 0.1689
vn -0.8393 0.5436 0.0011
vn -0.9302 -0.3510 0.1071
vn -0.9589 -0.2380 -0.1543
vn -0.9998 0.0159 -0.0070
vn -0.9768 0.0794 -0.1991
vn -0.7115 0.6359 -0.2990
vn -0.8528 -0.5010 0.1475
vn -0.8644 -0.4213 0.2744
vn -0.9357 -0.3503 0.0410
vn -0.9172 -0.3740 -0.1376
vn -0.8542 -0.2769 0.4401
vn -0.8016 -0.3754 0.4653
vn -0.6936 -0.5056 0.5131
vn -0.9839 -0.1782 0.0091
vn -0.7924 -0.4224 0.4401
vn -0.9768 -0.2107 -0.0389
vn -0.5519 -0.7315 0.4003
vn -0.4373 -0.8905 0.1256
vn -0.6776 -0.7154 -0.1703
vn -0.8891 -0.4575 0.0140
vn -0.3699 -0.9258 0.0784
vn -0.3181 -0.9283 0.1927
vn -0.4385 -0.8921 -0.1093
vn -0.5420 -0.8218 -0.1757
vn -0.2389 -0.9451 0.2228
vn -0.1138 -0.9830 0.1442
vn -0.8647 0.2141 -0.4544
vn -0.7845 0.4016 -0.4725
vn -0.8996 0.0295 -0.4357
vn -0.9060 -0.0693 -0.4176
vn -0.8752 0.0631 -0.4797
vn -0.9068 0.1265 -0.4021
vn -0.8850 -0.0981 -0.4552
vn -0.9034 -0.0534 -0.4255
vn -0.8456 0.1143 -0.5215
vn -0.8993 -0.0855 -0.4289
vn -0.9535 -0.2286 -0.1964
vn -0.9094 -0.2560 -0.3277
vn -0.9388 -0.1858 -0.2900
vn -0.9405 0.0331 -0.3381
vn -0.9827 -0.0809 -0.1668
vn -0.8573 0.1508 -0.4922
vn -0.7877 0.2859 -0.5458
vn -0.7533 0.3362 -0.5652
vn -0.7788 0.3162 -0.5417
vn -0.9475 0.0352 -0.3177
vn -0.9901 -0.0904 -0.1072
vn -0.9686 -0.2315 -0.0910
vn -0.9316 0.1448 -0.3335
vn -0.8085 0.1497 -0.5691
vn -0.7431 -0.1343 -0.6555
vn -0.6877 -0.0073 -0.7259
vn -0.7414 0.2054 -0.6388
vn -0.8480 -0.4377 -0.2987
vn -0.9167 -0.1398 -0.3743
vn -0.8110 -0.2847 -0.5112
vn -0.9227 -0.3622 -0.1319
vn -0.6914 -0.3526 -0.6306
vn -0.7155 -0.3854 -0.5827
vn -0.6081 -0.0958 -0.7881
vn -0.7489 -0.1774 -0.6385
vn -0.6773 -0.2259 -0.7002
vn -0.6965 -0.0791 -0.7132
vn -0.7540 -0.3650 -0.5462
vn -0.6989 -0.0885 -0.7097
vn -0.8542 0.1970 0.4811
vn -0.8886 0.1093 0.4454
vn -0.8036 0.4586 0.3793
vn -0.8920 0.3589 0.2746
vn -0.8913 0.0854 0.4452
vn -0.8716 0.1537 0.4655
vn -0.9100 -0.0414 0.4124
vn -0.8278 0.3445 0.4428
vn -0.9362 0.1039 0.3356
vn -0.8390 0.2357 0.4904
vn -0.7400 0.6709 0.0468
vn -0.8241 0.5606 -0.0812
vn -0.7529 0.6292 -0.1929
vn -0.8276 0.5269 0.1935
vn -0.9402 0.3161 0.1270
vn -0.6879 0.7216 -0.0780
vn -0.7215 0.6886 0.0731
vn -0.7750 0.6244 -0.0975
vn -0.9715 0.0766 0.2241
vn -0.9801 0.1332 0.1470
vn -0.8074 0.5757 -0.1293
vn -0.8153 0.5695 -0.1046
vn -0.9733 -0.0065 0.2294
vn -0.9311 -0.0900 0.3536
vn -0.7598 0.6356 -0.1367
vn -0.9538 0.2640 0.1437
vn -0.9522 0.2922 0.0893
vn -0.7394 0.6433 -0.1986
vn -0.6900 0.6818 -0.2429
vn -0.6900 0.6918 -0.2130
vn -0.9328 0.3601 -0.0109
vn -0.9196 0.3817 0.0931
vn -0.9853 0.1204 0.1209
vn -0.9774 0.2105 0.0178
vn -0.8060 0.5706 -0.1572
vn -0.7479 0.6143 -0.2515
vn -0.9868 -0.0016 0.1622
vn -0.9767 -0.0457 0.2096
vn -0.7598 0.5191 -0.3913
vn -0.7825 0.5431 -0.3045
vn -0.9780 0.0265 -0.2067
vn -0.9921 -0.0864 -0.0907
vn -0.5248 0.7884 -0.3209
vn -0.5356 0.7647 -0.3582
vn -0.9304 0.3378 -0.1421
vn -0.8579 0.4562 -0.2365
vn -0.6690 0.6589 -0.3440
vn -0.5966 0.7008 -0.3910
vn -0.9999 -0.0136 -0.0079
vn -0.9982 0.0134 0.0585
vn -0.8669 0.4932 -0.0726
vn -0.9480 0.3159 0.0382
vn -0.9585 0.2762 0.0708
vn -0.7514 0.6415 -0.1548
vn -0.9940 0.0717 0.0825
vn -0.9979 0.0586 0.0270
vn -0.7624 0.6210 -0.1820
vn -0.9252 0.3651 -0.1036
vn -0.9976 -0.0667 -0.0196
vn -0.9698 0.2346 -0.0663
vn -0.9987 -0.0518 -0.0026
vn -0.9393 -0.3346 0.0764
vn -0.8890 -0.4533 0.0650
vn -0.9426 -0.3340 -0.0014
vn -0.7659 0.5637 -0.3090
vn -0.9959 -0.0272 -0.0858
vn -0.5492 0.7576 -0.3527
vn -0.9325 0.0299 0.3598
vn -0.9723 -0.1011 0.2109
vn -0.9549 -0.2277 0.1905
vn -0.9241 0.0029 0.3820
vn -0.9429 -0.3177 0.0996
vn -0.8529 -0.5194 0.0535
vn -0.5967 -0.7991 0.0733
vn -0.7588 -0.6486 0.0587
vn -0.5394 -0.8389 -0.0731
vn -0.6703 -0.7360 -0.0949
vn -0.5305 -0.8398 0.1158
vn -0.7545 -0.6377 0.1552
vn -0.6779 -0.6872 -0.2613
vn -0.8338 -0.5474 -0.0720
vn -0.8043 -0.5675 0.1761
vn -0.8496 -0.5105 0.1326
vn -0.8492 -0.5108 0.1337
vn -0.7836 -0.6032 0.1486
vn -0.7663 -0.6403 0.0520
vn -0.6531 -0.7456 0.1323
vn -0.8914 -0.4067 -0.2001
vn -0.9201 -0.2088 -0.3314
vn -0.9661 -0.1983 -0.1651
vn -0.8834 -0.4377 -0.1677
vn -0.9475 -0.3194 0.0142
vn -0.9194 -0.3334 0.2087
vn -0.7520 -0.6346 0.1786
vn -0.8639 -0.4654 0.1926
vn -0.8773 -0.4433 0.1839
vn -0.9454 -0.3235 0.0407
vn -0.9162 -0.3707 0.1522
vn -0.9369 -0.2956 0.1864
vn -0.9059 -0.3706 0.2050
vn 0.1976 0.8342 -0.5148
vn -0.0377 0.8739 -0.4846
vn -0.1071 0.8769 -0.4686
vn 0.0041 0.8934 -0.4493
vn 0.2718 0.8399 -0.4697
vn 0.3048 0.8684 -0.3912
vn 0.0073 0.9260 -0.3773
vn -0.0233 0.9485 -0.3160
vn 0.2926 0.9094 -0.2957
vn 0.2751 0.9246 -0.2634
vn -0.0278 0.9514 -0.3068
vn 0.2801 0.9128 -0.2972
vn -0.0221 0.9449 -0.3265
vn 0.2774 0.9184 -0.2821
vn -0.0049 0.9420 -0.3357
vn 0.0070 0.9317 -0.3632
vn 0.2676 0.9158 -0.2996
vn 0.2618 0.9190 -0.2948
vn 0.0019 0.9296 -0.3684
vn -0.0013 0.9436 -0.3312
vn 0.2556 0.9213 -0.2932
vn 0.2605 0.9252 -0.2758
vn 0.0087 0.9480 -0.3183
vn 0.0087 0.9573 -0.2888
vn 0.2774 0.9261 -0.2556
vn 0.2840 0.9407 -0.1858
vn 0.0025 0.9816 -0.1911
vn 0.0425 0.9912 -0.1256
vn 0.2948 0.9503 -0.1001
vn 0.3300 0.9431 -0.0415
vn 0.1005 0.9923 -0.0729
vn 0.1099 0.9936 -0.0253
vn 0.3113 0.9500 0.0248
vn 0.1936 0.9794 0.0569
vn 0.1332 0.9855 0.1052
vn 0.0754 0.9970 0.0163
vn 0.1497 0.9871 0.0562
vn 0.0244 0.9962 0.0839
vn 0.3669 0.9293 0.0422
vn 0.1342 0.9829 0.1264
vn 0.3760 0.9109 0.1701
vn 0.4000 0.9148 0.0567
vn 0.0858 0.9945 0.0599
vn 0.0973 0.9904 0.0980
vn 0.0064 0.9179 -0.3968
vn 0.3180 0.8203 -0.4754
vn 0.1624 0.8747 -0.4566
vn 0.2275 0.8845 -0.4073
vn 0.3351 0.7887 -0.5154
vn 0.2098 0.8298 -0.5170
vn -0.1252 0.9455 -0.3006
vn 0.1969 0.9300 -0.3105
vn -0.0940 0.9396 -0.3292
vn 0.1957 0.9426 -0.2705
vn -0.1391 0.9357 -0.3243
vn 0.1844 0.9399 -0.2874
vn -0.1286 0.9464 -0.2964
vn 0.1556 0.9415 -0.2988
vn -0.0775 0.9135 -0.3995
vn 0.1312 0.9438 -0.3033
vn -0.1199 0.9282 -0.3523
vn 0.1292 0.9373 -0.3236
vn -0.0012 0.9121 -0.4099
vn 0.1530 0.9316 -0.3298
vn -0.0328 0.9068 -0.4204
vn 0.1785 0.9285 -0.3257
vn -0.0482 0.9407 -0.3357
vn 0.1956 0.9299 -0.3116
vn -0.0022 0.9273 -0.3744
vn 0.1902 0.9455 -0.2643
vn 0.1822 0.9593 -0.2159
vn 0.1496 0.9680 -0.2014
vn -0.1106 0.9440 -0.3110
vn -0.1316 0.9301 -0.3429
vn -0.0408 0.9203 -0.3890
vn 0.1336 0.9229 -0.3612
vn 0.1243 0.9904 -0.0608
vn 0.1140 0.9851 -0.1285
vn 0.2360 0.9712 0.0315
vn 0.4488 0.8905 0.0744
vn 0.2994 0.8987 -0.3205
vn 0.4276 0.8307 -0.3565
vn -0.0881 0.8931 -0.4412
vn -0.2874 0.8440 -0.4528
vn -0.0951 0.8397 -0.5346
vn -0.2729 0.7958 -0.5405
vn -0.3200 0.8752 -0.3629
vn -0.1399 0.9229 -0.3586
vn -0.2049 0.9299 -0.3054
vn -0.3861 0.8742 -0.2945
vn -0.4447 0.8483 -0.2875
vn -0.2613 0.9185 -0.2967
vn -0.2719 0.9102 -0.3125
vn -0.4501 0.8299 -0.3297
vn -0.4326 0.8259 -0.3617
vn -0.2568 0.9006 -0.3506
vn -0.2329 0.8820 -0.4096
vn -0.4186 0.8123 -0.4061
vn -0.3750 0.7844 -0.4941
vn -0.1934 0.8625 -0.4676
vn -0.8525 0.2874 -0.4366
vn -0.5612 0.6506 -0.5117
vn -0.8021 0.2950 -0.5192
vn -0.5864 0.7053 -0.3983
vn -0.4995 0.6509 -0.5717
vn -0.7344 0.3917 -0.5543
vn -0.6746 0.6808 -0.2853
vn -0.9023 0.2744 -0.3325
vn -0.9123 0.2645 -0.3125
vn -0.6376 0.7080 -0.3035
vn -0.6060 0.6723 -0.4252
vn -0.8616 0.3042 -0.4064
vn -0.7913 0.3336 -0.5123
vn -0.6653 0.6566 -0.3552
vn -0.6813 0.6339 -0.3661
vn -0.6059 0.6834 -0.4072
vn -0.5383 0.7752 -0.3306
vn -0.7492 0.5249 -0.4040
vn -0.7253 0.5947 -0.3467
vn -0.8003 0.4440 -0.4029
vn -0.5639 0.7912 -0.2366
vn -0.6438 0.7502 -0.1506
vn -0.8664 0.4416 -0.2332
vn -0.7796 0.5445 -0.3094
vn -0.6904 0.7121 -0.1277
vn -0.7836 0.5785 -0.2265
vn -0.9118 0.2846 -0.2961
vn -0.8951 0.3847 -0.2252
vn -0.7729 0.4574 -0.4398
vn -0.6971 0.3621 -0.6188
vn -0.8012 0.1146 -0.5874
vn -0.8681 0.1946 -0.4567
vn -0.5979 0.3284 -0.7312
vn -0.5131 0.3245 -0.7946
vn -0.6895 0.1316 -0.7122
vn -0.7483 0.0955 -0.6564
vn -0.4525 0.3649 -0.8136
vn -0.4422 0.4220 -0.7914
vn -0.1943 0.6197 -0.7604
vn -0.6209 0.2265 -0.7505
vn -0.6292 0.1957 -0.7522
vn -0.5195 0.4435 -0.7304
vn -0.6702 0.2227 -0.7079
vn -0.4679 0.4465 -0.7627
vn -0.6435 0.2195 -0.7333
vn -0.6716 0.2841 -0.6843
vn -0.5584 0.4454 -0.6998
vn -0.5416 0.4432 -0.7143
vn -0.6851 0.2621 -0.6797
vn -0.4133 0.3045 -0.8581
vn -0.4852 0.3943 -0.7804
vn -0.5453 0.1280 -0.8284
vn -0.6111 0.2394 -0.7545
vn -0.3361 0.2375 -0.9114
vn -0.3133 0.2517 -0.9157
vn -0.5393 -0.0614 -0.8399
vn -0.5217 0.0056 -0.8531
vn -0.8548 0.3105 -0.4158
vn -0.8875 0.2801 -0.3659
vn -0.8876 0.2108 -0.4096
vn -0.8434 0.3885 -0.3710
vn -0.9451 0.1628 -0.2834
vn -0.9355 0.0900 -0.3418
vn -0.9520 -0.0387 -0.3035
vn -0.9183 0.0293 -0.3948
vn -0.9450 -0.0494 -0.3232
vn -0.9595 0.0027 -0.2815
vn -0.9467 -0.0338 -0.3204
vn -0.9586 0.1085 -0.2633
vn -0.9437 0.0904 -0.3183
vn -0.9080 -0.0537 -0.4155
vn -0.8755 -0.0301 -0.4822
vn -0.9050 -0.0859 -0.4165
vn -0.8535 -0.0711 -0.5163
vn -0.8904 0.0657 -0.4503
vn -0.8197 0.0361 -0.5717
vn -0.7878 0.0339 -0.6150
vn -0.7664 0.0606 -0.6395
vn -0.8028 0.0124 -0.5961
vn -0.8224 -0.0147 -0.5687
vn -0.7178 0.0596 -0.6937
vn -0.7597 -0.0245 -0.6498
vn -0.7365 0.0792 -0.6718
vn -0.7846 -0.0047 -0.6200
vn -0.7558 -0.0446 -0.6533
vn -0.7318 0.0297 -0.6809
vn -0.7650 0.0278 -0.6435
vn -0.7390 -0.0380 -0.6726
vn -0.8267 -0.0791 -0.5571
vn -0.7906 0.0523 -0.6101
vn -0.7955 0.0656 -0.6024
vn -0.7942 -0.0593 -0.6047
vn -0.7325 -0.1413 -0.6660
vn -0.7472 0.0342 -0.6637
vn -0.6355 -0.0548 -0.7702
vn -0.8228 -0.1040 -0.5587
vn -0.7488 0.4439 -0.4923
vn -0.5636 0.5668 -0.6009
vn -0.1666 0.8383 -0.5191
vn -0.8288 0.3829 -0.4079
vn -0.6982 0.5856 -0.4119
vn -0.8129 0.4141 -0.4095
vn -0.8314 0.2853 -0.4767
vn -0.8212 0.4163 -0.3902
vn -0.8213 0.3967 -0.4099
vn -0.8810 0.1457 -0.4501
vn -0.1823 -0.8164 0.5479
vn -0.1931 -0.7685 0.6100
vn 0.0091 -0.8894 0.4570
vn 0.0612 -0.8361 0.5452
vn -0.1702 -0.8438 0.5089
vn -0.2031 -0.8108 0.5489
vn -0.5573 -0.7599 0.3346
vn -0.2066 -0.7443 0.6351
vn -0.3228 -0.8976 0.3002
vn -0.1482 -0.8885 0.4342
vn 0.1274 -0.9189 0.3735
vn 0.2201 -0.9284 0.2995
vn 0.0683 -0.9376 0.3409
vn -0.1963 -0.8852 0.4218
vn 0.2263 -0.8325 0.5057
vn 0.1990 -0.8838 0.4235
vn 0.1663 -0.7731 0.6120
vn 0.3012 -0.8396 0.4521
vn 0.1643 -0.8994 0.4050
vn 0.2749 -0.8891 0.3659
vn -0.6019 -0.7021 0.3805
vn -0.4192 -0.8123 0.4056
vn -0.0351 -0.7086 0.7047
vn -0.1172 -0.7195 0.6845
vn 0.1028 -0.9543 0.2807
vn -0.1381 -0.9522 0.2725
vn -0.0020 -0.9399 0.3415
vn -0.2583 -0.8852 0.3868
vn -0.2194 -0.6981 0.6816
vn 0.0947 -0.6759 0.7309
vn -0.0186 -0.6397 0.7684
vn -0.0077 -0.7740 0.6331
vn -0.0920 -0.8730 0.4789
vn -0.3112 -0.7979 0.5162
vn -0.4575 -0.8511 0.2574
vn -0.7938 -0.5617 0.2333
vn -0.5544 -0.7265 0.4059
vn -0.8176 -0.4495 0.3598
vn -0.4437 -0.4892 0.7509
vn -0.3329 -0.8340 0.4401
vn -0.6040 -0.5504 0.5763
vn -0.1485 -0.6707 0.7267
vn -0.7002 -0.3845 0.6016
vn -0.2546 -0.5698 0.7814
vn -0.5466 -0.4061 0.7324
vn -0.4580 -0.5843 0.6700
vn -0.5594 -0.6449 0.5208
vn -0.7867 -0.4074 0.4638
vn -0.6429 -0.0885 0.7608
vn -0.6848 -0.0143 0.7286
vn -0.5587 0.3002 0.7731
vn -0.6137 0.4936 0.6162
vn -0.3838 0.4730 0.7931
vn -0.2822 0.6107 0.7399
vn -0.9688 -0.1589 0.1904
vn -0.9666 0.2506 0.0539
vn -0.9586 -0.1233 0.2566
vn -0.9340 0.3215 0.1560
vn -0.8157 0.5180 0.2574
vn -0.8292 0.0240 0.5585
vn -0.8359 0.4704 0.2826
vn -0.8914 0.0416 0.4514
vn -0.9257 -0.0377 0.3763
vn -0.8074 0.4805 0.3425
vn -0.0458 0.7399 0.6712
vn 0.1506 0.8105 0.5660
vn -0.1390 0.9306 0.3386
vn -0.3967 0.7952 0.4585
vn -0.4829 0.8719 -0.0815
vn -0.7965 0.5944 -0.1112
vn -0.7400 0.6704 0.0536
vn -0.5305 0.8103 -0.2490
vn -0.6960 0.7156 0.0582
vn -0.6622 0.7420 0.1041
vn -0.4564 0.8892 -0.0330
vn -0.5155 0.8568 -0.0140
vn -0.5670 0.7671 0.3001
vn -0.4060 0.9034 0.1380
vn -0.0603 0.9931 0.1006
vn -0.4739 0.8789 -0.0550
vn -0.5301 0.8297 -0.1747
vn 0.1954 0.9448 0.2629
vn -0.1676 0.9609 0.2202
vn 0.1353 0.8889 0.4376
vn 0.1034 0.9104 -0.4007
vn -0.1872 0.8973 -0.3997
vn -0.1973 0.9468 -0.2542
vn 0.1470 0.8546 -0.4981
vn 0.2278 0.8374 0.4968
vn 0.0954 0.9486 0.3019
vn 0.1882 0.9680 -0.1657
vn 0.2505 0.9188 -0.3052
vn -0.1983 0.8976 -0.3936
vn 0.0785 0.9673 -0.2411
vn 0.1480 0.9884 -0.0329
vn -0.6383 0.6143 -0.4640
vn -0.7434 0.5178 -0.4233
vn 0.2844 0.8383 -0.4651
vn 0.1042 0.8090 -0.5784
vn 0.3429 0.7938 -0.5023
vn 0.0618 0.9446 -0.3223
vn 0.2627 0.8868 -0.3802
vn -0.2941 0.7326 -0.6138
vn -0.1996 0.9719 -0.1247
vn -0.2422 0.9621 -0.1257
vn -0.1414 0.9899 -0.0123
vn -0.8087 0.4748 -0.3474
vn -0.8305 0.4933 -0.2587
vn -0.7279 0.6644 -0.1694
vn -0.8161 0.5284 -0.2342
vn -0.7371 0.6480 -0.1919
vn -0.7476 0.6058 -0.2723
vn -0.8931 0.3136 -0.3225
vn -0.5892 0.6311 -0.5044
vn -0.7638 0.4524 -0.4605
vn -0.7205 0.6414 -0.2638
vn -0.9333 0.1984 -0.2994
vn -0.6758 0.6246 -0.3914
vn -0.7388 0.6494 -0.1801
vn -0.7421 0.6690 -0.0420
vn -0.9420 0.1588 -0.2958
vn -0.9203 0.2815 -0.2719
vn -0.7009 0.7085 0.0828
vn -0.6396 0.7582 0.1263
vn -0.7848 0.6198 -0.0037
vn -0.6542 0.7473 -0.1170
vn -0.6248 0.7788 0.0559
vn -0.5997 0.7859 -0.1508
vn -0.5885 0.7916 -0.1642
vn -0.6737 0.7086 -0.2097
vn -0.8927 0.3739 -0.2514
vn -0.8437 0.5117 -0.1626
vn -0.8621 0.3483 -0.3681
vn -0.7680 0.5342 -0.3532
vn -0.9255 0.3099 -0.2175
vn -0.9104 0.1172 -0.3968
vn -0.8204 0.4774 -0.3148
vn -0.8999 0.2427 -0.3624
vn -0.8571 0.2534 -0.4485
vn -0.9153 0.1552 -0.3716
vn -0.8921 0.4206 -0.1651
vn -0.8078 0.5511 -0.2090
vn -0.9131 -0.1921 0.3596
vn -0.9129 0.2263 0.3398
vn -0.9236 0.1254 0.3623
vn -0.8385 -0.0655 0.5410
vn -0.6479 -0.7162 0.2594
vn -0.9289 -0.0328 0.3690
vn -0.9170 -0.3008 0.2620
vn -0.8309 -0.4273 0.3564
vn -0.7753 -0.6312 0.0234
vn -0.6005 -0.7801 -0.1759
vn -0.2593 -0.9654 -0.0289
vn -0.3892 -0.9168 0.0899
vn -0.7413 -0.6661 -0.0823
vn -0.8724 -0.4613 0.1618
vn -0.6873 -0.6513 0.3215
vn -0.4735 -0.8742 0.1075
vn -0.9259 -0.3080 0.2188
vn -0.9488 -0.2499 0.1934
vn -0.7867 -0.5694 0.2386
vn -0.7776 -0.5363 0.3281
vn -0.9226 -0.3530 0.1556
vn -0.8436 -0.5354 0.0406
vn -0.5893 -0.8060 0.0551
vn -0.7038 -0.6981 0.1317
vn -0.7768 -0.6265 -0.0640
vn -0.6873 -0.6980 0.2012
vn -0.8583 -0.5119 -0.0352
vn -0.5977 -0.7981 0.0759
vn -0.9488 -0.3154 -0.0149
vn -0.7598 -0.5672 0.3178
vn -0.9778 -0.2085 -0.0202
vn -0.7771 -0.5212 0.3527
vn -0.9711 -0.2385 0.0048
vn -0.7653 -0.5286 0.3674
vn -0.9421 -0.3353 -0.0007
vn -0.7342 -0.5784 0.3554
vn -0.9043 -0.4235 -0.0539
vn -0.8609 -0.4672 -0.2017
vn -0.7193 -0.6242 0.3049
vn -0.7136 -0.6697 0.2056
vn -0.8064 -0.4138 -0.4225
vn -0.6927 -0.7187 0.0613
vn -0.7952 -0.2767 -0.5395
vn -0.7210 -0.6837 -0.1123
vn -0.2606 -0.8829 0.3905
vn -0.2044 -0.8674 0.4537
vn -0.2576 -0.9287 0.2667
vn 0.1699 -0.9494 0.2640
vn 0.2969 -0.8951 0.3328
vn 0.3153 -0.8648 0.3909
vn -0.2263 -0.9638 0.1409
vn -0.2603 -0.9601 0.1024
vn -0.1259 -0.9771 0.1716
vn 0.0098 -0.9807 0.1955
vn -0.3531 -0.9184 0.1783
vn -0.4125 -0.8428 0.3458
vn -0.2468 -0.8917 0.3793
vn -0.2112 -0.9470 0.2420
vn -0.2460 -0.8100 0.5323
vn -0.4075 -0.7555 0.5131
vn -0.3857 -0.6972 0.6043
vn -0.2133 -0.7357 0.6428
vn -0.3783 -0.6669 0.6420
vn -0.1339 -0.7043 0.6972
vn -0.3309 -0.6886 0.6452
vn -0.0030 -0.7160 0.6981
vn -0.2570 -0.7085 0.6573
vn -0.1401 -0.7245 0.6749
vn 0.2601 -0.6378 0.7250
vn 0.1455 -0.6992 0.6999
vn -0.0385 -0.7538 0.6560
vn 0.3092 -0.5841 0.7504
vn -0.1070 -0.8091 0.5779
vn 0.2702 -0.5825 0.7666
vn -0.8440 0.1541 -0.5137
vn -0.7284 0.4676 -0.5008
vn -0.7809 0.3542 -0.5145
vn -0.8661 0.1105 -0.4876
vn -0.2836 -0.9585 -0.0294
vn -0.1310 -0.9725 -0.1924
vn -0.5830 -0.7867 -0.2030
vn -0.4583 -0.7838 -0.4192
vn 0.1932 -0.9811 -0.0108
vn 0.1749 -0.9772 0.1200
vn -0.7736 -0.2277 -0.5914
vn -0.7914 -0.5137 -0.3312
vn -0.8747 -0.2254 -0.4290
vn -0.6512 -0.4988 -0.5720
vn -0.8701 -0.2798 -0.4057
vn -0.4387 0.2703 -0.8570
vn -0.7036 0.3855 -0.5970
vn -0.8346 0.2747 -0.4774
vn -0.2134 0.4664 -0.8584
vn -0.8161 0.0742 -0.5732
vn -0.6062 0.4173 -0.6770
vn -0.6008 0.0757 -0.7958
vn 0.6362 0.0192 -0.7713
vn -0.3304 -0.1676 -0.9288
vn 0.2240 0.2918 -0.9299
vn 0.0163 -0.5403 -0.8413
vn 0.6335 -0.7735 -0.0186
vn 0.9207 -0.2256 -0.3186
vn 0.9252 -0.3789 -0.0201
vn 0.4456 -0.7925 -0.4163
vn 0.0951 -0.9914 -0.0904
vn 0.3416 -0.8870 -0.3108
vn 0.3626 -0.9238 0.1229
vn 0.6423 -0.7661 -0.0220
vn -0.1673 -0.6213 -0.7655
vn -0.4431 -0.8039 -0.3967
vn -0.6805 -0.1829 -0.7096
vn -0.4491 0.0268 -0.8931
vn -0.6307 0.2720 -0.7268
vn -0.7199 -0.0047 -0.6940
vn -0.7823 -0.0305 -0.6222
vn -0.8349 -0.1492 -0.5297
vn -0.7637 0.1826 -0.6192
vn -0.8621 -0.0550 -0.5038
vn -0.8547 -0.2514 -0.4541
vn -0.8328 -0.5214 -0.1860
vn -0.8893 -0.2721 -0.3676
vn -0.8132 -0.5709 -0.1130
vn -0.3692 -0.8174 0.4422
vn 0.0765 -0.7152 0.6948
vn -0.3871 -0.8380 0.3845
vn 0.1447 -0.6601 0.7371
vn 0.6486 -0.7251 0.2312
vn -0.1066 -0.9497 0.2946
vn 0.5155 -0.8519 -0.0928
vn 0.2505 -0.8035 0.5400
vn -0.6406 -0.7407 -0.2026
vn -0.0179 -0.8587 -0.5122
vn -0.6968 -0.3238 -0.6400
vn 0.1019 -0.4480 -0.8882
vn -0.5978 -0.0411 -0.8006
vn 0.1769 -0.1100 -0.9781
vn 0.7342 -0.4981 -0.4614
vn 0.8846 -0.4606 -0.0739
vn 0.7834 -0.1713 -0.5975
vn 0.9345 -0.2171 -0.2821
vn 0.3287 0.4628 -0.8232
vn -0.4589 0.2785 -0.8437
vn -0.3021 0.4533 -0.8386
vn 0.2855 0.2486 -0.9256
vn 0.3403 -0.6863 0.6428
vn 0.2099 -0.6511 0.7294
vn 0.6698 -0.5823 0.4608
vn 0.5900 -0.5046 0.6304
vn 0.8231 0.1215 -0.5547
vn 0.9824 -0.0415 -0.1821
vn 0.7876 0.2992 -0.5387
vn 0.9868 0.0805 -0.1403
vn 0.9381 -0.3125 0.1492
vn 0.9468 -0.1751 0.2701
vn -0.1708 -0.9851 0.0206
vn -0.2742 -0.9333 0.2319
vn -0.6300 -0.7663 0.1262
vn -0.5415 -0.8380 -0.0676
vn 0.3368 -0.8235 0.4566
vn 0.3350 -0.8366 0.4334
vn 0.1104 -0.8966 0.4288
vn 0.1140 -0.8885 0.4446
vn 0.1453 -0.9269 0.3460
vn 0.3365 -0.8637 0.3751
vn 0.3105 -0.8869 0.3421
vn 0.1243 -0.9173 0.3782
vn -0.9661 -0.2531 0.0512
vn -0.8769 0.4502 -0.1686
vn -0.9153 0.3976 -0.0642
vn -0.9422 -0.2913 -0.1656
vn -0.3245 -0.8745 0.3603
vn -0.2914 -0.8961 0.3347
vn -0.7480 -0.6441 0.1601
vn -0.6806 -0.6928 0.2385
vn -0.2635 -0.9208 0.2877
vn -0.2514 -0.9443 0.2123
vn -0.7203 -0.6926 -0.0381
vn -0.7797 -0.6232 0.0602
vn -0.9818 -0.1536 0.1119
vn -0.9416 0.3250 -0.0877
vn -0.9976 -0.0531 -0.0447
vn -0.9525 0.2266 -0.2036
vn -0.8578 0.4488 -0.2506
vn -0.9076 0.0498 -0.4169
vn -0.9092 0.3232 -0.2624
vn -0.9112 -0.0711 -0.4058
vn -0.9724 -0.0096 -0.2332
vn -0.9135 0.1821 -0.3638
vn -0.9101 -0.1350 -0.3918
vn -0.8245 0.1599 -0.5428
vn -0.7719 -0.4793 -0.4176
vn -0.2598 -0.9608 -0.0964
vn -0.7863 -0.4946 -0.3703
vn -0.4207 -0.9048 -0.0659
vn -0.9319 0.1834 -0.3130
vn -0.8976 -0.1594 -0.4111
vn -0.9390 0.0519 -0.3399
vn -0.8867 -0.2194 -0.4069
vn -0.8980 0.0101 -0.4398
vn -0.8456 -0.2336 -0.4800
vn -0.8133 0.0492 -0.5798
vn -0.7597 -0.2175 -0.6128
vn 0.2522 -0.9335 0.2547
vn 0.1068 -0.9473 0.3019
vn 0.2220 -0.9317 0.2875
vn -0.8011 -0.4822 -0.3544
vn -0.5345 -0.8337 -0.1386
vn -0.8102 -0.4493 -0.3763
vn -0.5954 -0.7723 -0.2216
vn -0.7594 -0.4259 -0.4917
vn -0.5459 -0.7092 -0.4462
vn -0.6442 -0.4191 -0.6398
vn -0.4260 -0.6524 -0.6268
vn -0.4529 -0.8914 0.0135
vn -0.0202 -0.9285 0.3707
vn -0.7400 -0.6615 -0.1215
vn -0.6102 -0.7666 0.2001
vn -0.7503 -0.6506 0.1172
vn -0.0422 -0.9778 0.2050
vn -0.2638 -0.9619 0.0715
vn -0.1337 -0.9907 0.0250
vn -0.1999 -0.9326 0.3004
vn -0.1704 -0.9444 -0.2812
vn -0.2842 -0.8007 -0.5273
vn -0.6006 -0.6473 -0.4693
vn -0.3640 -0.8968 -0.2517
vn -0.6607 -0.7347 0.1539
vn -0.7286 -0.6774 0.1015
vn -0.6805 -0.7311 -0.0491
vn -0.7272 -0.6841 -0.0559
vn -0.7052 -0.6592 -0.2608
vn -0.7342 -0.6489 -0.1996
vn -0.7800 -0.5036 -0.3715
vn -0.7588 -0.5800 -0.2963
vn -0.9980 0.0604 -0.0200
vn -0.8847 -0.4567 0.0935
vn -0.9798 -0.0221 0.1985
vn -0.7359 -0.6080 0.2980
vn -0.9129 -0.3928 -0.1112
vn -0.9337 0.1717 -0.3141
vn -0.8686 -0.3226 -0.3761
vn -0.8227 0.2319 -0.5190
vn -0.7450 -0.2572 -0.6154
vn -0.8286 0.1701 -0.5334
vn -0.8758 -0.2674 -0.4018
vn -0.7388 -0.5939 -0.3186
vn -0.8840 -0.4049 -0.2335
vn -0.7038 -0.4614 -0.5402
vn -0.7017 -0.7009 -0.1276
vn -0.8448 -0.5302 -0.0724
vn -0.8865 0.1066 -0.4504
vn -0.6887 -0.2168 -0.6918
vn -0.7561 -0.1336 -0.6406
vn -0.9131 0.1460 -0.3806
vn -0.9398 0.1935 -0.2816
vn -0.9599 -0.0162 -0.2799
vn -0.6224 -0.3838 -0.6821
vn -0.8250 -0.1752 -0.5372
vn -0.7774 -0.0941 -0.6219
vn -0.5824 -0.3084 -0.7521
vn -0.8684 -0.1046 -0.4846
vn -0.9706 -0.1828 -0.1563
vn -0.7885 -0.2408 -0.5659
vn -0.9784 0.0134 -0.2065
vn -0.6119 -0.2091 -0.7628
vn -0.7514 -0.0023 -0.6599
vn -0.7873 0.0980 -0.6087
vn -0.7191 -0.0904 -0.6890
vn -0.9205 0.2236 -0.3204
vn -0.8629 0.3190 -0.3920
vn -0.8398 0.1159 -0.5303
vn -0.8096 0.2305 -0.5398
vn -0.9906 0.1020 0.0916
vn -0.9321 -0.3286 0.1523
vn -0.9736 0.0696 0.2173
vn -0.7961 -0.6009 0.0721
vn -0.9620 -0.2730 -0.0073
vn -0.7826 -0.5979 0.1733
vn -0.9212 -0.3070 0.2390
vn -0.9611 0.0563 0.2703
vn -0.9714 0.1902 -0.1419
vn -0.9742 -0.1627 -0.1563
vn -0.9885 0.1444 -0.0453
vn -0.9588 -0.0566 -0.2782
vn -0.9213 0.3209 -0.2195
vn -0.9297 0.0258 -0.3675
vn -0.9490 0.2329 -0.2125
vn -0.9008 0.0942 -0.4238
vn -0.8584 0.2794 -0.4302
vn -0.9051 0.3851 -0.1801
vn -0.9110 0.3876 -0.1411
vn -0.8685 0.1872 -0.4590
vn -0.8142 0.5477 0.1926
vn -0.5562 0.8236 0.1109
vn -0.8376 0.5022 0.2150
vn -0.5834 0.8044 0.1118
vn -0.5401 0.8316 0.1294
vn -0.7992 0.5809 0.1543
vn -0.8008 0.5871 0.1186
vn -0.5450 0.8203 0.1737
vn -0.5476 0.8000 0.2450
vn -0.8117 0.5734 0.1109
vn -0.8083 0.5802 0.1004
vn -0.5575 0.7721 0.3051
vn -0.5568 0.7320 0.3925
vn -0.7849 0.6077 0.1206
vn -0.7962 0.5625 0.2230
vn -0.5731 0.6358 0.5169
vn -0.6074 0.3981 0.6874
vn -0.8371 0.4162 0.3551
vn -0.8799 0.1807 0.4395
vn -0.5572 0.1340 0.8195
vn -0.3928 -0.1773 0.9024
vn -0.8277 -0.1027 0.5516
vn -0.9895 0.1339 -0.0549
vn -0.9541 0.2796 -0.1077
vn -0.6393 -0.4519 0.6222
vn -0.4466 -0.7503 0.4874
vn -0.2024 -0.5364 0.8193
vn -0.1041 -0.8192 0.5640
vn -0.9059 -0.3623 0.2194
vn -0.9902 -0.0830 0.1121
vn -0.3681 -0.8875 0.2774
vn -0.0867 -0.9558 0.2809
vn -0.3657 -0.9155 0.1678
vn -0.8477 -0.4730 0.2399
vn -0.8550 -0.4771 0.2034
vn -0.0864 -0.9898 0.1137
vn -0.3430 -0.9347 0.0932
vn -0.3635 -0.9316 -0.0052
vn -0.1039 -0.9945 -0.0095
vn -0.1843 -0.9727 -0.1412
vn -0.7393 -0.6348 0.2244
vn -0.8006 -0.5313 0.2771
vn -0.5191 -0.8437 -0.1366
vn -0.4250 -0.8407 -0.3354
vn -0.7741 -0.4617 -0.4332
vn -0.8534 -0.4660 -0.2333
vn -0.8703 -0.4910 0.0380
vn -0.7062 -0.6958 0.1311
vn -0.9815 -0.0088 -0.1915
vn -0.9980 -0.0286 0.0572
vn -0.9209 0.0177 -0.3893
vn -0.8501 0.4372 -0.2936
vn -0.9093 0.3988 -0.1191
vn -0.9398 0.3365 0.0600
vn -0.8050 0.5681 0.1711
vn -0.6650 0.7332 -0.1425
vn -0.6272 0.7692 0.1223
vn -0.5024 0.8640 -0.0319
vn -0.7656 0.5629 0.3115
vn -0.7293 0.6840 0.0182
vn -0.6776 0.7167 0.1651
vn -0.7752 0.5992 0.2002
vn -0.4677 0.8835 0.0269
vn -0.5336 0.8402 0.0963
vn -0.9313 0.2176 0.2920
vn -0.8569 0.3940 0.3324
vn -0.8273 0.5122 0.2308
vn -0.5833 0.8025 0.1258
vn -0.9500 0.0977 0.2965
vn -0.0237 -0.4314 0.9019
vn -0.1848 -0.0365 0.9821
vn -0.1062 0.1468 0.9834
vn -0.0080 -0.2725 0.9621
vn 0.0234 -0.8074 0.5896
vn -0.0108 -0.9570 0.2899
vn 0.0064 -0.9514 0.3080
vn 0.0074 -0.7632 0.6461
vn -0.0237 -0.9932 0.1139
vn -0.0410 -0.9925 0.1151
vn -0.0831 -0.9964 -0.0186
vn -0.1716 -0.9667 -0.1897
vn -0.0824 -0.9964 -0.0213
vn -0.2135 -0.9511 -0.2230
vn -0.4155 -0.8159 -0.4021
vn -0.4731 -0.7634 -0.4397
vn -0.6868 -0.3659 -0.6280
vn -0.7005 -0.4247 -0.5735
vn -0.8269 0.0313 -0.5614
vn -0.7555 0.0903 -0.6489
vn -0.7030 0.4880 -0.5174
vn -0.7836 0.4410 -0.4376
vn -0.6039 0.7533 -0.2605
vn -0.5371 0.7817 -0.3169
vn -0.3815 0.9122 -0.1495
vn -0.4331 0.8940 -0.1147
vn -0.2746 0.9615 -0.0087
vn -0.3748 0.9266 0.0303
vn -0.2729 0.9618 -0.0191
vn -0.3632 0.9314 0.0253
vn -0.3573 0.9335 0.0291
vn -0.2718 0.9623 -0.0125
vn -0.3531 0.9354 -0.0204
vn -0.2909 0.9559 -0.0400
vn -0.1275 -0.9092 0.3962
vn -0.5251 -0.3524 0.7747
vn -0.4482 -0.7393 0.5025
vn -0.0914 -0.9856 0.1419
vn -0.4454 -0.8622 0.2414
vn -0.1570 -0.9874 -0.0206
vn -0.5080 -0.8610 0.0236
vn -0.7265 -0.6543 -0.2100
vn -0.3908 -0.8832 -0.2593
vn -0.6205 -0.6299 -0.4670
vn -0.8232 -0.4105 -0.3922
vn -0.8716 -0.0165 -0.4899
vn -0.7552 -0.2274 -0.6148
vn -0.6136 0.7061 -0.3534
vn -0.7464 0.2217 -0.6275
vn -0.7861 0.3696 -0.4955
vn -0.6384 0.5964 -0.4865
vn -0.4662 0.8352 -0.2917
vn -0.4355 0.8771 -0.2026
vn -0.3240 0.9425 -0.0821
vn -0.3333 0.9335 -0.1321
vn -0.2622 0.9642 -0.0404
vn -0.2477 0.9684 -0.0284
vn -0.2711 0.9621 -0.0299
vn -0.2683 0.9630 -0.0246
vn -0.3813 0.9083 0.1720
vn -0.3549 0.9296 0.0991
vn -0.2964 0.9514 0.0840
vn -0.3155 0.9304 0.1864
vn -0.3461 0.9011 0.2613
vn -0.4119 0.8769 0.2478
vn -0.3485 0.9373 -0.0034
vn -0.8370 0.5290 0.1402
vn -0.4021 0.9150 0.0335
vn -0.4271 0.9042 0.0033
vn -0.9774 -0.0792 -0.1960
vn -0.9452 0.2664 -0.1885
vn -0.4209 0.8393 0.3440
vn -0.3644 0.8714 0.3284
vn -0.3551 0.8306 0.4290
vn -0.4356 0.7822 0.4455
vn -0.9011 -0.3086 0.3046
vn -0.8701 0.0870 0.4851
vn -0.8194 -0.3710 0.4369
vn -0.9872 -0.1591 -0.0124
vn -0.8636 -0.4872 0.1295
vn -0.8316 0.4826 -0.2747
vn -0.6536 0.7449 -0.1337
vn -0.4856 0.8677 -0.1062
vn -0.2589 0.9657 -0.0188
vn -0.2599 0.9656 0.0102
vn -0.2484 0.9683 -0.0260
vn -0.2498 0.9683 -0.0058
vn -0.3407 0.9401 0.0092
vn -0.3692 0.9291 0.0200
vn -0.5203 0.7969 0.3070
vn -0.4821 0.2493 0.8399
vn -0.3178 0.7756 0.5454
vn -0.7499 0.4452 0.4893
vn -0.3578 0.9329 0.0401
vn -0.2875 0.9576 0.0185
vn -0.2926 0.9489 0.1182
vn -0.3161 0.9112 0.2643
vn -0.2745 0.9365 0.2182
vn -0.3040 0.8931 0.3315
vn -0.2649 0.9630 0.0498
vn -0.2511 0.9623 0.1043
vn -0.4659 0.6727 0.5749
vn -0.3169 0.7357 0.5986
vn -0.4365 0.4785 0.7619
vn -0.2620 0.6319 0.7294
vn -0.3305 0.2523 0.9095
vn -0.1767 0.4300 0.8854
vn -0.2613 0.8544 0.4491
vn -0.2058 0.7824 0.5878
vn -0.2556 0.9162 0.3086
vn -0.1383 0.6069 0.7827
vn -0.1738 0.4336 0.8842
vn -0.2176 -0.6261 0.7487
vn -0.2848 0.9469 0.1494
vn -0.6269 -0.7787 0.0256
vn -0.5341 -0.8351 0.1317
vn -0.9346 -0.2192 0.2802
vn -0.8054 -0.5527 0.2143
vn -0.9489 -0.0796 0.3054
vn -0.8219 -0.4776 0.3105
vn -0.9019 0.0869 0.4231
vn -0.8323 0.2945 0.4697
vn -0.7982 -0.3199 0.5104
vn -0.7770 -0.0519 0.6274
vn -0.8515 0.3835 0.3576
vn -0.9356 0.2426 0.2567
vn -0.8024 0.1554 0.5763
vn -0.8330 0.1652 0.5281
vn -0.8700 -0.0736 0.4876
vn -0.8719 -0.4144 0.2608
vn -0.8714 -0.2799 0.4029
vn -0.9702 -0.0676 0.2326
vn -0.6916 -0.2124 0.6903
vn -0.7182 -0.0087 0.6957
vn -0.7493 0.2053 0.6296
vn -0.9316 -0.2048 0.3004
vn -0.9433 -0.1751 0.2819
vn -0.9679 0.0732 0.2404
vn -0.8774 -0.3827 0.2894
vn -0.9517 -0.0476 0.3033
vn -0.9801 0.0026 0.1984
vn -0.9311 0.2744 0.2405
vn -0.9310 0.3491 0.1065
vn -0.9986 -0.0188 0.0497
vn -0.9942 0.0314 -0.1027
vn -0.9357 0.3268 -0.1328
vn -0.8643 0.3300 -0.3796
vn -0.8778 0.2844 -0.3853
vn -0.9065 0.2218 -0.3593
vn -0.7813 0.3014 -0.5466
vn -0.8123 0.2212 -0.5397
vn -0.7537 0.1238 -0.6455
vn -0.7411 0.2665 -0.6163
vn -0.9540 0.1489 -0.2601
vn -0.8092 0.3370 -0.4812
vn -0.7299 0.4632 -0.5027
vn -0.5480 0.6038 -0.5789
vn -0.7057 0.4193 -0.5712
vn -0.5463 0.5621 -0.6210
vn -0.6621 0.4274 -0.6156
vn -0.5572 0.5272 -0.6416
vn -0.6468 0.4420 -0.6216
vn -0.5693 0.5182 -0.6382
vn -0.5029 0.6176 -0.6047
vn -0.6140 0.5147 -0.5984
vn -0.4795 0.5760 -0.6621
vn -0.5205 0.5447 -0.6576
vn -0.5038 0.5732 -0.6462
vn -0.5218 0.5889 -0.6171
vn -0.5430 0.5699 -0.6168
vn -0.5267 0.6221 -0.5793
vn -0.6367 0.4971 -0.5896
vn -0.6287 0.5581 -0.5416
vn -0.9452 0.3234 -0.0453
vn -0.7434 0.5941 -0.3073
vn -0.8274 0.5615 0.0046
vn -0.7220 0.5127 -0.4645
vn -0.9045 0.3997 0.1484
vn -0.9662 0.1898 0.1746
vn -0.9687 0.1685 0.1824
vn -0.9791 0.1740 0.1056
vn -0.9077 0.1311 0.3987
vn -0.8748 0.4044 0.2667
vn -0.9632 0.1340 0.2332
vn -0.7908 0.0159 0.6118
vn -0.8048 0.5188 0.2882
vn -0.9348 0.2937 0.1997
vn -0.7521 0.6046 0.2622
vn -0.8639 0.4628 0.1990
vn -0.9899 0.1076 0.0928
vn -0.9941 0.0640 -0.0878
vn -0.9137 0.3910 0.1103
vn -0.9748 0.2139 -0.0629
vn -0.7920 0.5990 0.1182
vn -0.7612 0.6220 0.1835
vn -0.8732 0.0288 -0.4864
vn -0.8737 -0.2479 -0.4186
vn -0.6601 -0.2188 -0.7186
vn -0.6936 0.2704 -0.6677
vn -0.7988 0.5941 0.0950
vn -0.8286 0.5467 0.1204
vn -0.9504 0.1431 -0.2760
vn -0.9672 0.1946 -0.1631
vn -0.8981 0.1922 -0.3955
vn -0.8598 0.4891 0.1466
vn -0.8694 0.4701 0.1522
vn -0.8449 0.5342 0.0295
vn -0.0892 0.9886 -0.1213
vn -0.4476 -0.3070 -0.8399
vn -0.5436 -0.4641 -0.6994
vn 0.0384 -0.5397 -0.8410
vn -0.2263 -0.4577 -0.8598
vn -0.7339 -0.4053 -0.5451
vn -0.4962 -0.4307 -0.7538
vn 0.2163 -0.5185 -0.8273
vn -0.0494 -0.2977 -0.9534
vn 0.3220 -0.4455 -0.8353
vn 0.4352 -0.3769 -0.8176
vn -0.7860 0.5397 -0.3015
vn -0.8782 0.2892 -0.3809
vn -0.4946 0.2994 -0.8159
vn -0.5894 0.0953 -0.8022
vn -0.0643 -0.0180 -0.9978
vn -0.4823 0.3410 -0.8069
vn -0.5499 0.1971 -0.8117
vn 0.0011 0.1640 -0.9865
vn -0.7633 0.4980 -0.4116
vn -0.9308 0.2091 -0.2999
vn -0.9685 0.2139 -0.1274
vn -0.9027 0.4067 -0.1404
vn -0.9757 0.1798 -0.1251
vn -0.5001 0.1104 -0.8589
vn -0.9242 0.0746 -0.3745
vn -0.4049 -0.1791 -0.8967
vn -0.8196 -0.1986 -0.5374
vn -0.5372 0.4164 -0.7335
vn -0.7287 -0.2710 -0.6290
vn -0.5394 -0.0335 -0.8414
vn -0.9825 0.1695 -0.0767
vn -0.9824 0.1310 -0.1329
vn -0.9797 0.1801 -0.0885
vn -0.9842 0.1464 -0.0992
vn -0.9595 -0.2065 -0.1914
vn -0.8342 -0.3748 -0.4046
vn -0.9050 -0.3412 -0.2542
vn -0.9115 -0.2432 -0.3317
vn -0.9409 0.3313 -0.0709
vn -0.9817 0.1481 -0.1195
vn -0.9848 0.1340 -0.1102
vn -0.9282 0.3597 -0.0955
vn -0.9796 0.1797 -0.0904
vn -0.9838 0.1208 -0.1328
vn -0.9850 0.1371 -0.1048
vn -0.9789 0.1806 -0.0959
vn -0.9838 0.1423 -0.1094
vn -0.9845 0.1415 -0.1034
vn -0.9759 0.1290 -0.1763
vn -0.9402 0.3308 -0.0813
vn -0.9841 0.1312 -0.1200
vn -0.9233 0.3577 -0.1401
vn -0.9869 -0.1155 -0.1129
vn -0.9692 -0.1921 -0.1540
vn -0.9574 0.0577 -0.2829
vn -0.9833 -0.1550 -0.0957
vn -0.8828 0.4173 -0.2155
vn -0.9511 0.1572 -0.2661
vn -0.6095 0.4465 -0.6551
vn -0.6549 0.4120 -0.6336
vn -0.6836 0.1468 -0.7150
vn -0.8457 0.1464 -0.5131
vn -0.9814 0.1127 -0.1557
vn -0.9863 0.1368 -0.0922
vn -0.9919 0.0620 -0.1108
vn -0.9809 0.1660 -0.1017
vn -0.8151 0.2855 -0.5041
vn -0.9485 -0.0075 -0.3166
vn -0.9573 0.0343 -0.2870
vn -0.9797 0.0103 -0.2002
vn -0.6776 -0.0146 -0.7353
vn -0.8838 0.1513 -0.4426
vn -0.9780 0.1128 -0.1754
vn -0.9488 0.1128 -0.2951
vn -0.9847 0.1304 -0.1153
vn -0.8545 -0.2338 0.4638
vn -0.7673 -0.4511 0.4557
vn -0.5261 -0.5732 0.6282
vn -0.5891 -0.6347 0.5001
vn -0.2075 -0.7849 0.5838
vn -0.2399 -0.8270 0.5084
vn -0.0256 -0.8480 0.5294
vn -0.0258 -0.8543 0.5191
vn -0.4284 -0.8865 0.1748
vn -0.4626 -0.8568 0.2280
vn -0.3344 -0.9271 0.1691
vn -0.3927 -0.9143 0.0991
vn -0.5468 -0.6878 0.4774
vn -0.5958 -0.4076 0.6920
vn -0.3048 -0.8748 0.3767
vn -0.3134 -0.7109 0.6296
vn -0.6232 -0.1283 0.7715
vn -0.6251 -0.0113 0.7805
vn -0.3235 -0.4140 0.8509
vn -0.6375 0.1149 0.7618
vn -0.6100 -0.7349 0.2962
vn -0.4166 -0.8220 0.3883
vn -0.0963 -0.9438 0.3162
vn -0.2916 -0.9271 0.2356
vn 0.1035 -0.8864 0.4512
vn 0.1353 -0.9190 0.3704
vn 0.2297 -0.8767 0.4227
vn -0.0745 -0.9049 0.4190
vn -0.0496 -0.9507 0.3062
vn 0.2716 -0.9187 0.2867
vn 0.1498 -0.9397 0.3074
vn 0.0605 -0.9089 0.4125
vn 0.0860 -0.7453 0.6611
vn 0.3536 -0.8609 0.3657
vn 0.1376 -0.8521 0.5050
vn 0.1429 -0.8339 0.5331
vn 0.2181 -0.8279 0.5167
vn 0.2311 -0.8409 0.4893
vn 0.1893 -0.8235 0.5347
vn 0.2501 -0.7953 0.5523
vn 0.2886 -0.8447 0.4508
vn 0.2383 -0.8434 0.4816
vn 0.3414 -0.7570 0.5571
vn 0.3868 -0.8331 0.3953
vn 0.4488 -0.7406 0.5002
vn 0.4706 -0.8046 0.3621
vn 0.6057 -0.7365 0.3011
vn 0.6217 -0.7505 0.2241
vn 0.6211 -0.7273 0.2922
vn 0.6217 -0.7302 0.2834
vn 0.6083 -0.7613 0.2245
vn 0.5914 -0.7362 0.3291
vn 0.6223 -0.7155 0.3175
vn 0.5926 -0.6904 0.4149
vn 0.5734 -0.6842 0.4506
vn 0.2621 -0.5017 0.8244
vn 0.3811 -0.6149 0.6904
vn 0.5024 -0.7498 0.4307
vn 0.4787 -0.6022 0.6389
vn 0.2796 -0.4753 0.8342
vn 0.5253 -0.6144 0.5887
vn 0.4436 -0.5805 0.6828
vn 0.3617 -0.5043 0.7841
vn 0.1441 -0.4402 0.8863
vn 0.1747 -0.4406 0.8805
vn 0.3714 -0.6380 0.6745
vn 0.2694 -0.6645 0.6971
vn 0.1757 -0.5356 0.8260
vn 0.2371 -0.5115 0.8259
vn 0.1291 -0.4548 0.8812
vn 0.0962 -0.4614 0.8820
vn 0.0471 -0.5466 0.8361
vn -0.3694 -0.1828 0.9111
vn -0.1777 -0.0763 0.9811
vn 0.0519 -0.4515 0.8907
vn 0.5102 -0.7342 0.4479
vn 0.5172 -0.7796 0.3531
vn 0.5448 -0.7244 0.4224
vn 0.5536 -0.7682 0.3217
vn 0.5714 -0.7242 0.3860
vn 0.5860 -0.7647 0.2681
vn 0.5472 -0.8025 0.2378
vn 0.5511 -0.8186 0.1619
vn 0.3881 -0.8761 0.2861
vn 0.4521 -0.8528 0.2615
vn 0.2938 -0.8704 0.3951
vn 0.4815 -0.8323 0.2746
vn 0.5126 -0.8271 0.2303
vn 0.5393 -0.8246 0.1711
vn 0.2735 -0.8224 0.4988
vn 0.3124 -0.8022 0.5088
vn 0.2388 -0.8015 0.5482
vn 0.3339 -0.8554 0.3960
vn 0.2890 -0.8655 0.4092
vn 0.2639 -0.9016 0.3427
vn 0.3241 -0.8913 0.3170
vn 0.3861 -0.8656 0.3189
vn 0.3716 -0.8490 0.3756
vn 0.3580 -0.8205 0.4456
vn 0.2408 -0.8353 0.4942
vn -0.1074 0.8628 -0.4940
vn -0.4286 0.8407 -0.3309
vn -0.4414 0.7925 -0.4208
vn -0.4752 0.8323 -0.2856
vn -0.1296 0.9189 -0.3726
vn -0.1214 0.9182 -0.3770
vn -0.5006 0.8011 -0.3280
vn -0.1236 0.8989 -0.4204
vn -0.1309 0.8852 -0.4463
vn -0.4910 0.7839 -0.3799
vn -0.4500 0.7871 -0.4219
vn -0.1314 0.8869 -0.4428
vn -0.1517 0.8874 -0.4353
vn -0.4264 0.7940 -0.4333
vn -0.4250 0.8268 -0.3685
vn -0.1596 0.9238 -0.3479
vn -0.3806 0.8722 -0.3072
vn -0.1824 0.9519 -0.2463
vn -0.4714 0.7776 -0.4161
vn -0.1283 0.7537 -0.6446
vn 0.3060 0.8399 -0.4482
vn 0.4839 0.6905 -0.5376
vn 0.5614 0.7357 -0.3789
vn 0.2792 0.7232 -0.6316
vn 0.3005 0.8652 -0.4015
vn 0.3356 0.8437 -0.4190
vn 0.5690 0.7288 -0.3809
vn 0.5089 0.7789 -0.3666
vn 0.3378 0.8587 -0.3854
vn 0.3049 0.8461 -0.4372
vn 0.4255 0.8179 -0.3873
vn 0.2595 0.8631 -0.4332
vn 0.1642 0.9389 -0.3026
vn 0.2090 0.8937 -0.3971
vn 0.2352 0.8994 -0.3684
vn 0.1522 0.9221 -0.3557
vn -0.1136 0.9807 -0.1593
vn 0.0119 0.9695 -0.2447
vn -0.1866 0.9746 -0.1235
vn 0.0563 0.9575 -0.2828
vn 0.3490 0.8290 -0.4370
vn 0.1772 0.9189 -0.3523
vn -0.2322 0.9242 -0.3031
vn 0.1667 0.9203 -0.3540
vn -0.2482 0.9181 -0.3090
vn 0.1172 0.9337 -0.3382
vn -0.4141 0.8659 -0.2807
vn -0.4157 0.8655 -0.2796
vn -0.3060 0.9160 -0.2594
vn 0.0502 0.9433 -0.3281
vn -0.2329 0.9270 -0.2941
vn -0.0556 0.9552 -0.2907
vn -0.4340 0.8577 -0.2757
vn -0.4764 0.8493 -0.2275
vn -0.4044 0.8900 -0.2108
vn -0.3424 0.9249 -0.1654
vn -0.4667 0.8615 -0.1999
vn -0.1970 0.9533 -0.2288
vn -0.5088 0.8280 -0.2356
vn -0.5245 0.8294 -0.1921
vn -0.4194 0.8473 -0.3258
vn -0.3541 0.8705 -0.3419
vn -0.3578 0.8869 -0.2923
vn -0.4106 0.8710 -0.2697
vn -0.3580 0.9103 -0.2079
vn -0.2784 0.9451 -0.1712
vn -0.3107 0.9143 -0.2599
vn -0.2650 0.9328 -0.2440
vn -0.3077 0.8949 -0.3232
vn -0.2803 0.9132 -0.2958
vn -0.2431 0.9526 -0.1832
vn -0.2375 0.9489 -0.2077
vn -0.2326 0.9438 -0.2350
vn -0.2308 0.9610 -0.1525
vn -0.3449 0.8989 -0.2702
vn -0.3747 0.9104 -0.1757
vn -0.2727 0.9327 -0.2361
vn -0.2788 0.9542 -0.1088
vn -0.4377 0.8990 -0.0153
vn -0.2646 0.9643 0.0133
vn -0.3251 0.9389 0.1130
vn -0.5500 0.8296 0.0962
vn -0.3075 0.9495 0.0619
vn -0.3384 0.9236 0.1800
vn -0.6276 0.7684 0.1255
vn -0.3585 0.9191 0.1637
vn -0.4041 0.8489 0.3406
vn -0.7169 0.6493 0.2539
vn -0.6866 0.3173 0.6542
vn -0.3857 0.5127 0.7670
vn -0.3777 0.8961 0.2330
vn -0.4122 0.7980 0.4396
vn -0.1244 -0.1578 0.9796
vn 0.0246 -0.4095 0.9120
vn -0.3405 0.3955 0.8530
vn -0.8064 -0.4678 -0.3617
vn -0.5702 -0.0340 -0.8208
vn -0.4578 -0.5404 -0.7059
vn -0.3275 -0.4426 -0.8348
vn -0.5617 -0.7222 -0.4037
vn -0.5687 -0.7072 -0.4200
vn -0.7486 -0.6590 -0.0729
vn -0.8284 -0.5573 -0.0570
vn -0.8026 -0.5927 0.0675
vn -0.8700 -0.4930 -0.0079
vn -0.7871 -0.6158 0.0348
vn -0.8484 -0.5261 -0.0586
vn -0.7664 -0.6386 -0.0694
vn -0.8306 -0.5443 -0.1175
vn -0.7701 -0.6174 -0.1606
vn -0.8292 -0.5337 -0.1661
vn -0.7817 -0.5743 -0.2430
vn -0.7957 -0.5467 -0.2605
vn -0.2288 0.6953 -0.6813
vn 0.1869 0.6365 -0.7483
vn 0.5931 0.5723 -0.5662
vn 0.2502 0.6748 -0.6943
vn 0.5882 0.5080 -0.6292
vn 0.7883 0.4715 -0.3953
vn 0.9112 0.3108 -0.2704
vn 0.8513 0.2774 -0.4453
vn -0.1350 -0.2145 -0.9674
vn -0.5182 -0.7187 -0.4637
vn -0.3106 -0.8224 -0.4766
vn 0.2219 0.0353 -0.9744
vn -0.8736 -0.4838 -0.0521
vn -0.8859 -0.4637 -0.0125
vn -0.9058 -0.4184 -0.0673
vn -0.8544 -0.5171 0.0508
vn -0.8798 -0.4634 -0.1055
vn -0.8607 -0.5030 -0.0783
vn -0.8696 -0.4706 -0.1491
vn -0.8328 -0.5425 -0.1104
vn -0.8440 -0.4967 -0.2024
vn -0.6198 -0.7405 -0.2598
vn -0.7531 -0.5950 -0.2807
vn -0.7432 -0.6488 -0.1634
vn -0.4717 -0.8812 -0.0318
vn -0.5903 -0.7930 -0.1508
vn -0.5421 -0.8387 0.0527
vn -0.4506 -0.8926 -0.0156
vn -0.4757 -0.8589 -0.1897
vn -0.4779 -0.8693 -0.1262
vn -0.5629 -0.7667 -0.3087
vn -0.5061 -0.7924 -0.3405
vn -0.5655 -0.8231 -0.0514
vn -0.6880 -0.7257 -0.0111
vn -0.4740 -0.8792 0.0474
vn -0.5353 -0.8391 0.0968
vn -0.7554 -0.6538 0.0443
vn -0.7907 -0.5969 0.1361
vn -0.6154 -0.7730 0.1540
vn -0.6749 -0.6954 0.2468
vn 0.6897 -0.7097 0.1438
vn 0.6816 -0.7147 0.1572
vn 0.9517 -0.3019 0.0560
vn 0.9576 -0.2881 0.0001
vn 0.9914 -0.0129 -0.1300
vn 0.9911 0.0673 -0.1152
vn 0.8448 -0.5346 -0.0215
vn 0.5331 -0.8375 0.1197
vn 0.9545 0.1696 -0.2452
vn 0.8608 0.0797 -0.5027
vn 0.3064 -0.9349 -0.1792
vn 0.9403 -0.2624 -0.2167
vn 0.6068 0.1039 -0.7880
vn -0.0292 -0.8928 -0.4494
vn -0.7850 -0.6007 0.1514
vn -0.6490 -0.7252 0.2299
vn 0.8584 -0.4895 -0.1534
vn 0.7698 -0.6138 -0.1749
vn 0.6665 -0.7255 -0.1718
vn 0.7909 -0.5902 -0.1618
vn 0.2742 0.3225 -0.9060
vn 0.1962 -0.3430 -0.9186
vn 0.7087 -0.1085 -0.6971
vn -0.1459 0.2451 -0.9585
vn 0.5892 -0.6876 -0.4243
vn 0.8321 -0.4420 -0.3351
vn 0.7532 0.2591 -0.6046
vn 0.9898 0.1160 -0.0823
vn 0.9368 0.1110 -0.3317
vn 0.9964 0.0524 0.0662
vn 0.9313 -0.0791 0.3555
vn 0.5803 -0.4029 0.7077
vn 0.9143 -0.0740 0.3981
vn 0.6328 -0.3524 0.6895
vn 0.1918 -0.6028 0.7745
vn 0.2777 -0.5459 0.7905
vn 0.2955 -0.6068 0.7379
vn 0.2875 -0.6620 0.6922
vn 0.4940 -0.5068 0.7064
vn 0.4325 -0.5970 0.6757
vn 0.4079 -0.6766 0.6130
vn 0.2714 -0.7084 0.6515
vn 0.4169 -0.6494 0.6360
vn 0.2163 -0.7388 0.6382
vn 0.1325 -0.7669 0.6279
vn 0.3903 -0.7134 0.5820
vn 0.3617 -0.7724 0.5220
vn 0.0330 -0.8126 0.5818
vn 0.3156 -0.8345 0.4516
vn -0.0588 -0.9197 0.3882
vn 0.2642 -0.8819 0.3906
vn -0.0386 -0.8631 0.5036
vn -0.0341 -0.9524 0.3031
vn 0.0528 -0.9527 0.2994
vn 0.2507 -0.8958 0.3669
vn 0.2766 -0.8728 0.4022
vn 0.2077 -0.9128 0.3517
vn 0.3333 -0.8056 0.4898
vn 0.4790 -0.7064 0.5211
vn 0.4263 -0.8308 0.3578
vn -0.2963 -0.9273 0.2289
vn 0.3977 -0.9166 0.0409
vn -0.1427 -0.9687 0.2031
vn 0.4887 -0.8724 0.0085
vn -0.5907 -0.7157 0.3725
vn -0.5325 -0.7620 0.3685
vn -0.5935 -0.7331 0.3321
vn -0.5967 -0.7113 0.3715
vn -0.4723 -0.8542 0.2173
vn -0.5303 -0.8187 0.2201
vn -0.4851 -0.8605 0.1556
vn -0.5145 -0.8085 0.2857
vn -0.3906 -0.9147 0.1039
vn -0.4620 -0.8800 0.1103
vn -0.4315 -0.8997 0.0650
vn -0.4411 -0.8826 0.1626
vn -0.4156 -0.9072 0.0645
vn -0.3469 -0.9343 0.0819
vn -0.4379 -0.8850 0.1581
vn -0.3432 -0.9294 0.1356
vn 0.1704 -0.9849 -0.0320
vn 0.5305 -0.8429 -0.0901
vn 0.9213 -0.3096 -0.2353
vn 0.7643 -0.6084 -0.2140
vn 0.9905 -0.1105 -0.0823
vn 0.9856 -0.1022 0.1349
vn 0.7090 -0.7009 -0.0777
vn 0.7748 -0.6293 0.0611
vn 0.9216 -0.1679 0.3501
vn 0.8218 -0.2524 0.5109
vn 0.7269 -0.6269 0.2804
vn 0.6482 -0.6088 0.4573
vn 0.7396 -0.3522 0.5736
vn 0.6754 -0.4350 0.5955
vn 0.6084 -0.5949 0.5253
vn 0.5827 -0.5815 0.5678
vn 0.6452 -0.4699 0.6024
vn 0.6173 -0.5417 0.5705
vn 0.5684 -0.6020 0.5608
vn 0.5668 -0.6847 0.4583
vn 0.4542 -0.8315 0.3197
vn 0.5684 -0.6277 0.5318
vn 0.5236 -0.7603 0.3844
vn 0.5351 -0.7169 0.4468
vn 0.3742 -0.8891 0.2636
vn 0.5013 -0.7912 0.3503
vn 0.3865 -0.8804 0.2747
vn 0.4553 -0.8377 0.3016
vn 0.3553 -0.8547 0.3786
vn 0.4022 -0.8518 0.3357
vn 0.3737 -0.8746 0.3090
vn 0.3763 -0.8399 0.3912
vn 0.2850 -0.7537 0.5922
vn 0.3183 -0.7971 0.5132
vn 0.3424 -0.8184 0.4615
vn 0.2815 -0.7076 0.6482
vn 0.3177 -0.8166 0.4820
vn 0.2574 -0.7161 0.6488
vn 0.3233 -0.8671 0.3789
vn 0.0070 -0.9758 0.2187
vn 0.1086 -0.9625 0.2485
vn 0.1417 -0.9593 0.2444
vn 0.2015 -0.9286 0.3115
vn 0.1277 -0.9517 0.2790
vn 0.3037 -0.8998 0.3133
vn 0.0728 -0.9368 0.3422
vn 0.1698 -0.9413 0.2916
vn 0.1798 -0.8991 0.3992
vn 0.0514 -0.9671 0.2491
vn 0.2290 -0.9390 0.2568
vn 0.2598 -0.9111 0.3200
vn 0.1037 -0.8442 0.5259
vn 0.1733 -0.8329 0.5256
vn 0.1750 -0.8125 0.5560
vn 0.0793 -0.8791 0.4701
vn 0.2380 -0.7999 0.5509
vn 0.2581 -0.8488 0.4615
vn 0.1087 -0.8996 0.4230
vn 0.1764 -0.8549 0.4879
vn 0.1715 -0.9120 0.3727
vn 0.1134 -0.8616 0.4947
vn 0.2008 -0.8036 0.5603
vn 0.1669 -0.8460 0.5063
vn 0.1739 -0.9724 0.1554
vn 0.1269 -0.9874 -0.0945
vn -0.0263 -0.9945 0.1009
vn 0.0847 -0.9568 0.2781
vn 0.1228 -0.8988 0.4207
vn 0.0238 -0.9379 0.3460
vn -0.3911 -0.9199 -0.0273
vn -0.0161 -0.9836 -0.1796
vn -0.2246 -0.9632 -0.1476
vn -0.1976 -0.9803 -0.0026
vn -0.2118 -0.9409 0.2641
vn -0.0926 -0.9533 0.2874
vn -0.6077 -0.7871 0.1053
vn -0.4374 -0.8986 -0.0347
vn -0.6049 -0.7803 0.1591
vn -0.5316 -0.8469 -0.0160
vn -0.2969 -0.9328 0.2042
vn -0.3027 -0.9245 0.2316
vn -0.6527 -0.6974 0.2961
vn -0.5614 -0.7457 0.3588
vn -0.3875 -0.8502 0.3565
vn -0.5292 -0.8039 0.2714
vn -0.1597 -0.9150 0.3706
vn -0.0571 -0.8966 0.4392
vn -0.4513 -0.8274 0.3343
vn -0.3998 -0.8675 0.2961
vn -0.2728 -0.8777 0.3940
vn -0.2971 -0.8714 0.3904
vn -0.0511 -0.8641 0.5008
vn -0.0788 -0.8461 0.5271
vn -0.3712 -0.8925 0.2562
vn -0.3455 -0.9170 0.1994
vn -0.2652 -0.9067 0.3279
vn -0.2699 -0.8898 0.3679
vn -0.0964 -0.8510 0.5162
vn -0.0953 -0.8676 0.4881
vn -0.3173 -0.9388 0.1338
vn -0.2647 -0.9234 0.2780
vn -0.3350 -0.9351 0.1152
vn -0.3194 -0.9107 0.2618
vn -0.0929 -0.8749 0.4753
vn -0.1425 -0.8345 0.5323
vn -0.6482 -0.6537 -0.3906
vn -0.6311 -0.6613 -0.4055
vn -0.6984 -0.5803 -0.4189
vn -0.6623 -0.5076 -0.5512
vn -0.6363 -0.6408 -0.4296
vn -0.5708 -0.6527 -0.4981
vn -0.6415 -0.4870 -0.5927
vn -0.6078 -0.7272 -0.3191
vn -0.4203 0.2802 -0.8630
vn -0.5331 0.2144 -0.8184
vn -0.7146 -0.1501 -0.6832
vn -0.6325 -0.0946 -0.7688
vn -0.4264 0.0735 -0.9016
vn -0.0954 0.1719 -0.9805
vn -0.2653 0.0874 -0.9602
vn -0.2362 0.2196 -0.9466
vn -0.0469 0.1454 -0.9883
vn -0.2430 0.0091 -0.9700
vn -0.5019 -0.2413 -0.8306
vn -0.5786 -0.3523 -0.7356
vn -0.4804 -0.1184 -0.8690
vn -0.5131 -0.3874 -0.7659
vn -0.5888 -0.3726 -0.7173
vn -0.5471 -0.5174 -0.6581
vn -0.4347 -0.0996 -0.8950
vn -0.4282 0.0069 -0.9036
vn -0.4207 0.0754 -0.9041
vn -0.4435 0.1345 -0.8861
vn -0.4699 -0.1601 -0.8681
vn -0.4744 -0.2712 -0.8375
vn -0.4874 0.0382 -0.8723
vn -0.5679 -0.0113 -0.8230
vn -0.5304 0.0856 -0.8434
vn -0.6312 -0.0140 -0.7755
vn -0.5009 -0.0303 -0.8650
vn -0.4835 -0.0724 -0.8723
vn -0.6012 -0.0822 -0.7949
vn -0.5488 -0.0868 -0.8315
vn -0.6745 -0.0773 -0.7342
vn -0.6413 -0.0598 -0.7649
vn -0.4681 -0.0868 -0.8794
vn -0.5023 -0.0446 -0.8636
vn -0.4249 -0.0075 -0.9052
vn -0.5515 0.0001 -0.8342
vn -0.3896 -0.0831 -0.9172
vn -0.4378 0.1804 -0.8808
vn -0.5330 0.0950 -0.8407
vn -0.6007 0.0132 -0.7994
vn -0.6733 -0.1163 -0.7301
vn -0.6497 0.1292 -0.7492
vn -0.4783 0.2655 -0.8371
vn -0.5705 0.1238 -0.8119
vn -0.4619 0.2745 -0.8434
vn -0.5464 0.2373 -0.8032
vn -0.4872 0.2791 -0.8275
vn -0.3008 0.1432 -0.9429
vn -0.2754 0.1769 -0.9449
vn -0.3139 0.0716 -0.9467
vn -0.5436 0.1230 -0.8303
vn -0.7118 -0.1834 -0.6781
vn -0.7651 -0.2814 -0.5791
vn -0.7396 -0.2994 -0.6028
vn -0.7376 -0.1697 -0.6536
vn -0.7604 -0.1248 -0.6374
vn -0.7620 -0.2268 -0.6065
vn -0.6779 -0.2589 -0.6881
vn -0.6744 -0.0349 -0.7376
vn -0.7191 -0.0525 -0.6929
vn -0.7002 -0.0847 -0.7089
vn -0.5619 -0.1274 -0.8174
vn -0.7366 -0.0204 -0.6760
vn -0.5562 0.1554 -0.8164
vn -0.4703 0.2177 -0.8553
vn -0.6631 0.0556 -0.7465
vn -0.7233 -0.0290 -0.6899
vn -0.7365 -0.3489 -0.5795
vn -0.7317 -0.5458 -0.4084
vn -0.7847 -0.4740 -0.3995
vn -0.6549 -0.4615 -0.5984
vn 0.1151 0.1064 -0.9876
vn 0.4643 0.0978 -0.8803
vn 0.0827 -0.1154 -0.9899
vn 0.4334 -0.3330 -0.8374
vn 0.1252 0.2485 -0.9605
vn 0.3963 0.4062 -0.8234
vn -0.6131 -0.6131 -0.4982
vn -0.5866 -0.8076 -0.0597
vn -0.3285 -0.9279 -0.1761
vn -0.6735 -0.1999 -0.7116
vn -0.8130 0.0620 -0.5789
vn -0.8278 -0.3881 -0.4050
vn -0.2100 -0.9586 0.1921
vn -0.0759 -0.9865 0.1452
vn 0.1823 -0.9297 0.3201
vn 0.2226 -0.9443 0.2424
vn 0.2761 -0.9141 0.2971
vn 0.2844 -0.9322 0.2240
vn 0.3587 -0.9248 0.1268
vn 0.4509 -0.8917 0.0401
vn 0.1405 -0.9897 0.0271
vn 0.2790 -0.9592 -0.0467
vn 0.3598 -0.9314 0.0551
vn 0.2952 -0.9459 0.1345
vn 0.1047 -0.9886 0.1078
vn 0.1847 -0.9824 0.0267
vn 0.2089 -0.9772 -0.0379
vn 0.0343 -0.9980 -0.0524
vn 0.2371 -0.9526 -0.1904
vn 0.3611 -0.8807 -0.3067
vn 0.3888 -0.9119 -0.1312
vn 0.5057 -0.8154 -0.2818
vn 0.1228 -0.8477 -0.5161
vn 0.0061 -0.9206 -0.3905
vn 0.5845 -0.3525 -0.7308
vn 0.6027 -0.6109 -0.5133
vn 0.6405 -0.1698 -0.7489
vn 0.2370 -0.7108 -0.6622
vn 0.4592 -0.7375 -0.4952
vn 0.5615 0.1745 -0.8089
vn 0.3960 0.5374 -0.7445
vn 0.5390 0.3340 -0.7733
vn 0.4384 0.6270 -0.6440
vn 0.6006 0.7995 -0.0078
vn 0.6922 0.6894 -0.2135
vn 0.4434 0.7593 -0.4763
vn 0.8355 0.5495 -0.0001
vn 0.6563 0.7448 0.1204
vn 0.7422 0.4748 -0.4729
vn 0.7679 0.1107 -0.6309
vn 0.9375 0.1767 -0.2997
vn 0.9266 0.3537 -0.1281
vn -0.8096 -0.2255 -0.5419
vn -0.8108 -0.3827 -0.4429
vn -0.7856 -0.3686 -0.4969
vn -0.8006 -0.2556 -0.5420
vn -0.6798 -0.1458 -0.7187
vn -0.5126 0.0476 -0.8573
vn -0.5661 0.1520 -0.8102
vn -0.6090 -0.2545 -0.7512
vn -0.4481 0.2114 -0.8686
vn -0.4752 0.2781 -0.8348
vn -0.7617 -0.0285 -0.6473
vn -0.7612 -0.1181 -0.6377
vn -0.7890 -0.1192 -0.6027
vn -0.6931 0.0485 -0.7192
vn -0.4874 0.2682 -0.8310
vn -0.4080 0.0677 -0.9105
vn -0.5802 0.2183 -0.7847
vn -0.5654 0.0280 -0.8243
vn -0.3413 -0.5816 -0.7384
vn -0.5474 -0.1576 -0.8219
vn -0.3091 -0.4640 -0.8302
vn -0.1027 -0.3821 -0.9184
vn -0.7542 0.0458 -0.6550
vn -0.6571 -0.2034 -0.7259
vn -0.6244 -0.0942 -0.7754
vn -0.5688 -0.1987 -0.7981
vn -0.5329 -0.4144 -0.7378
vn -0.4092 -0.5920 -0.6943
vn -0.5098 -0.3580 -0.7823
vn -0.5616 -0.4128 -0.7170
vn -0.5579 -0.5692 -0.6040
vn -0.7378 -0.3025 -0.6035
vn -0.6554 -0.2290 -0.7197
vn -0.5686 -0.2039 -0.7969
vn -0.6708 -0.1278 -0.7305
vn -0.5402 -0.2897 -0.7901
vn -0.7671 -0.1383 -0.6265
vn -0.7531 -0.0307 -0.6572
vn -0.6794 0.1025 -0.7266
vn -0.6487 0.0075 -0.7610
vn -0.5890 -0.1158 -0.7998
vn -0.8973 -0.3696 -0.2414
vn -0.8989 -0.3742 -0.2277
vn -0.9711 0.0060 -0.2388
vn -0.9728 -0.0580 -0.2242
vn -0.8756 0.4612 -0.1437
vn -0.9290 0.3559 -0.1009
vn -0.5685 0.8223 0.0250
vn -0.6691 0.7362 0.1013
vn 0.1132 0.9495 0.2925
vn -0.0564 0.9858 0.1584
vn 0.1229 0.9739 0.1906
vn -0.1921 0.9489 0.2505
vn 0.4368 0.8893 0.1354
vn 0.1113 0.9792 0.1696
vn 0.4146 0.9049 0.0964
vn 0.1576 0.9535 0.2569
vn 0.7533 -0.5900 -0.2906
vn 0.9309 -0.3017 -0.2058
vn 0.9676 -0.0552 -0.2463
vn 0.7873 -0.3196 -0.5273
vn 0.4427 -0.8900 -0.1092
vn 0.5776 -0.8085 -0.1125
vn 0.3188 -0.9467 -0.0453
vn 0.7596 -0.6289 -0.1661
vn 0.9759 0.1919 -0.1039
vn 0.7401 0.6720 -0.0261
vn 0.9208 0.3737 -0.1119
vn 0.7952 0.6059 -0.0216
vn 0.9777 0.1396 -0.1571
vn 0.9847 -0.0764 -0.1565
vn 0.9444 0.2733 -0.1830
vn 0.7970 0.6036 -0.0209
vn 0.9649 0.2396 -0.1076
vn 0.7906 0.6106 -0.0470
vn 0.2136 -0.9766 -0.0259
vn 0.2548 -0.9646 -0.0682
vn 0.3622 -0.9321 -0.0013
vn 0.3810 -0.9241 -0.0312
vn 0.9042 -0.4024 -0.1430
vn 0.9714 -0.1980 -0.1311
vn 0.6078 -0.7831 -0.1316
vn 0.7324 -0.6607 -0.1648
vn 0.9779 -0.1158 -0.1743
vn 0.7143 -0.5964 -0.3662
vn 0.7532 -0.6100 -0.2461
vn 0.9549 -0.0883 -0.2834
vn 0.5127 -0.8584 -0.0174
vn 0.5196 -0.8543 0.0076
vn 0.3225 -0.9395 -0.1159
vn 0.3910 -0.9052 -0.1668
vn 0.4038 -0.9104 -0.0901
vn 0.4369 -0.8875 -0.1467
vn 0.4318 -0.8294 -0.3545
vn 0.4266 -0.8712 -0.2429
vn 0.5047 -0.8345 -0.2209
vn 0.5242 -0.7723 -0.3588
vn -0.2673 -0.9371 -0.2243
vn -0.4638 -0.8538 -0.2365
vn -0.4311 -0.8570 -0.2823
vn -0.2248 -0.9616 -0.1575
vn -0.6625 -0.7026 -0.2597
vn -0.5842 -0.7537 -0.3012
vn -0.0661 -0.9953 -0.0714
vn -0.0541 -0.9904 -0.1269
vn 0.5237 -0.8486 -0.0753
vn 0.5412 -0.8297 -0.1368
vn 0.2813 -0.9516 -0.1240
vn 0.2729 -0.9391 -0.2086
vn 0.5405 -0.8037 -0.2488
vn 0.4723 -0.7684 -0.4319
vn 0.2332 -0.9062 -0.3527
vn 0.1772 -0.8259 -0.5352
vn -0.8809 -0.4032 -0.2477
vn -0.7321 -0.5948 -0.3321
vn -0.9799 -0.1014 -0.1721
vn -0.8666 -0.3791 -0.3245
vn -0.0658 -0.9770 -0.2027
vn -0.1002 -0.9481 -0.3018
vn -0.3348 -0.8945 -0.2963
vn -0.3871 -0.8337 -0.3938
vn -0.4584 -0.8078 -0.3707
vn -0.5136 -0.7191 -0.4681
vn -0.1320 -0.8841 -0.4482
vn -0.1405 -0.7952 -0.5899
vn -0.4054 -0.7624 -0.5045
vn -0.3936 -0.7181 -0.5739
vn -0.5257 -0.6710 -0.5229
vn -0.5146 -0.6778 -0.5252
vn -0.7766 -0.4669 -0.4228
vn -0.7332 -0.5500 -0.3999
vn -0.9705 0.2410 0.0097
vn -0.9947 0.0978 -0.0332
vn -0.7493 0.6251 0.2184
vn -0.8080 0.5588 0.1869
vn 0.0632 0.9415 0.3311
vn -0.0163 0.9541 0.2992
vn -0.3433 0.8824 0.3218
vn -0.4289 0.8565 0.2873
vn -0.9921 -0.0311 -0.1213
vn -0.9837 -0.1101 -0.1423
vn -0.8612 0.4952 0.1149
vn -0.8912 0.4498 0.0580
vn 0.2172 0.9316 0.2913
vn 0.4759 0.8682 0.1406
vn 0.5200 0.8490 0.0941
vn 0.2363 0.9379 0.2541
vn -0.5001 0.8366 0.2236
vn -0.5565 0.8144 0.1645
vn -0.0892 0.9645 0.2486
vn -0.1525 0.9688 0.1955
vn 0.7870 0.6093 -0.0970
vn 0.9159 0.2874 -0.2803
vn 0.8917 0.2729 -0.3611
vn 0.7946 0.5857 -0.1599
vn 0.5968 0.8008 -0.0504
vn 0.2352 0.9505 0.2030
vn 0.5590 0.8287 0.0286
vn 0.2310 0.9637 0.1342
vn 0.5907 -0.5129 -0.6228
vn 0.9097 -0.0405 -0.4134
vn 0.6671 -0.5478 -0.5048
vn 0.8480 -0.0661 -0.5258
vn 0.3069 -0.7643 -0.5672
vn 0.3801 -0.7949 -0.4728
vn 0.4295 -0.7500 -0.5030
vn 0.2955 -0.7672 -0.5693
vn 0.8771 0.1712 -0.4488
vn 0.8075 0.5493 -0.2149
vn 0.8771 0.2362 -0.4181
vn 0.8162 0.5144 -0.2631
vn 0.3118 -0.7509 -0.5822
vn 0.1590 -0.7698 -0.6181
vn 0.0867 -0.7643 -0.6390
vn 0.0166 -0.7756 -0.6310
vn 0.7606 -0.1832 -0.6229
vn 0.4191 -0.5958 -0.6851
vn 0.2084 -0.7391 -0.6405
vn 0.6835 -0.3633 -0.6331
vn 0.1525 -0.7819 -0.6045
vn 0.0282 -0.8021 -0.5965
vn -0.1414 -0.7540 -0.6415
vn -0.1269 -0.7814 -0.6110
vn -0.3462 -0.7339 -0.5844
vn -0.2654 -0.7831 -0.5624
vn -0.4482 -0.7368 -0.5062
vn -0.3391 -0.7946 -0.5037
vn -0.6534 -0.6408 -0.4030
vn -0.5022 -0.7346 -0.4562
vn -0.0803 -0.8140 -0.5752
vn -0.1248 -0.8182 -0.5612
vn -0.1802 -0.8305 -0.5271
vn 0.1472 -0.7806 -0.6074
vn -0.2831 -0.8129 -0.5090
vn 0.0666 -0.7969 -0.6005
vn 0.6176 -0.4349 -0.6553
vn 0.8178 0.0862 -0.5690
vn 0.5667 -0.4566 -0.6859
vn 0.8512 0.1175 -0.5115
vn -0.0226 -0.7832 -0.6214
vn -0.2760 -0.5931 -0.7563
vn 0.4773 -0.4501 -0.7547
vn 0.6094 0.1802 -0.7721
vn 0.1492 -0.2085 -0.9666
vn 0.7668 0.0930 -0.6352
vn 0.8120 0.4791 -0.3334
vn 0.7898 0.4530 -0.4135
vn 0.6257 0.7658 -0.1487
vn 0.6078 0.7547 -0.2470
vn 0.2464 0.9682 0.0438
vn -0.1676 0.9738 0.1534
vn 0.2366 0.9698 -0.0595
vn -0.1417 0.9853 0.0952
vn -0.5542 -0.6652 -0.5004
vn -0.8261 -0.3894 -0.4074
vn -0.9300 0.2520 -0.2675
vn -0.8134 -0.2289 -0.5347
vn -0.9479 -0.2178 -0.2327
vn -0.9230 0.3811 -0.0531
vn -0.5966 0.7958 0.1034
vn -0.5549 0.8319 -0.0077
vn -0.0582 0.9856 -0.1588
vn 0.4851 0.8032 -0.3458
vn 0.1911 0.8619 -0.4696
vn -0.5532 0.7411 -0.3803
vn -0.4442 0.3532 -0.8234
vn 0.4142 0.5639 -0.7145
vn 0.7190 0.4899 -0.4930
vn -0.5252 0.7193 -0.4547
vn -0.7296 0.3628 -0.5797
vn -0.5943 0.3732 -0.7124
vn -0.3936 0.7236 -0.5670
vn -0.8503 0.0209 -0.5259
vn -0.8115 0.0415 -0.5829
vn -0.7992 -0.0786 -0.5959
vn -0.7882 -0.0517 -0.6132
vn -0.6449 0.1106 -0.7562
vn -0.6525 0.1662 -0.7393
vn -0.1467 0.8582 -0.4919
vn -0.2901 0.7757 -0.5604
vn -0.2033 0.8077 -0.5534
vn -0.1188 0.8758 -0.4678
vn -0.2314 0.6882 -0.6876
vn -0.1652 0.5906 -0.7898
vn -0.0359 0.6233 -0.7811
vn -0.1034 0.7115 -0.6951
vn -0.2837 0.4814 -0.8294
vn -0.2441 0.4999 -0.8310
vn -0.1230 0.9057 -0.4056
vn -0.1258 0.8691 -0.4783
vn -0.0243 0.9156 -0.4013
vn -0.1368 0.9296 -0.3421
vn -0.7723 -0.0624 -0.6322
vn -0.7433 -0.0483 -0.6672
vn -0.6220 0.1952 -0.7583
vn -0.6486 0.2027 -0.7337
vn 0.0162 0.7779 -0.6282
vn 0.0269 0.6900 -0.7233
vn 0.0997 0.7178 -0.6890
vn 0.1716 0.8184 -0.5484
vn -0.2312 0.5475 -0.8043
vn -0.2035 0.5554 -0.8063
vn 0.1283 0.9325 -0.3376
vn 0.3868 0.8551 -0.3452
vn -0.0322 0.9411 -0.3365
vn -0.1458 0.9438 -0.2968
vn -0.7587 -0.0490 -0.6495
vn -0.7976 -0.0495 -0.6012
vn -0.7099 0.1363 -0.6910
vn -0.6406 0.1595 -0.7511
vn 0.1830 0.7106 -0.6794
vn 0.4874 0.7670 -0.4173
vn 0.1688 0.7309 -0.6612
vn 0.3605 0.8166 -0.4508
vn -0.2072 0.5218 -0.8275
vn -0.3165 0.5167 -0.7955
vn 0.1677 0.9143 -0.3688
vn 0.3041 0.8870 -0.3475
vn 0.4935 0.8364 -0.2385
vn 0.4290 0.8911 -0.1482
vn 0.4097 0.8531 -0.3231
vn 0.2287 0.9430 -0.2417
vn 0.0109 0.8170 -0.5765
vn -0.1579 0.8553 -0.4935
vn 0.0830 0.8995 -0.4290
vn 0.2856 0.7353 -0.6146
vn 0.3135 0.8347 -0.4527
vn 0.2332 0.6700 -0.7047
vn 0.3603 0.8671 -0.3440
vn 0.2779 0.9445 -0.1751
vn 0.0156 0.9642 -0.2647
vn -0.1666 0.8956 -0.4125
vn -0.2752 0.8333 -0.4794
vn -0.3170 0.7919 -0.5220
vn -0.8155 -0.0458 -0.5770
vn -0.7725 -0.0511 -0.6329
vn -0.7489 0.1573 -0.6438
vn -0.7635 0.1421 -0.6299
vn -0.4731 0.5414 -0.6950
vn -0.5600 0.5473 -0.6220
vn 0.0954 0.4095 -0.9073
vn -0.0919 0.5921 -0.8006
vn -0.2574 0.1793 -0.9495
vn -0.1952 0.0965 -0.9760
vn -0.6595 -0.2845 -0.6958
vn -0.5854 -0.2450 -0.7729
vn -0.5658 -0.2520 -0.7851
vn -0.5201 -0.2039 -0.8294
vn -0.3385 0.6118 -0.7150
vn -0.4666 0.5272 -0.7102
vn -0.5191 0.1467 -0.8420
vn -0.4109 0.2577 -0.8745
vn -0.4320 -0.1367 -0.8914
vn -0.4171 -0.0823 -0.9051
vn -0.5263 -0.0884 -0.8457
vn -0.4522 0.0066 -0.8919
vn -0.6466 -0.0618 -0.7603
vn -0.5959 -0.1782 -0.7831
vn -0.6520 0.1637 -0.7403
vn -0.5759 -0.1687 -0.7999
vn -0.5587 0.5299 -0.6380
vn -0.5146 -0.7231 0.4608
vn 0.1178 -0.8513 0.5113
vn -0.0111 -0.9140 0.4055
vn -0.3630 -0.6016 0.7115
vn -0.3519 -0.8864 0.3006
vn -0.0979 -0.9751 0.1988
vn 0.3074 -0.9430 0.1272
vn 0.1326 -0.9704 0.2019
vn 0.3249 -0.9161 0.2351
vn 0.4612 -0.8834 0.0835
vn 0.0974 -0.9896 0.1060
vn 0.4174 -0.9047 0.0858
vn 0.3364 -0.9129 0.2313
vn 0.1094 -0.9906 0.0819
vn -0.1200 -0.9349 0.3340
vn 0.2502 -0.8738 0.4170
vn 0.4910 -0.7918 0.3633
vn 0.6330 -0.7334 0.2479
vn 0.4492 -0.8492 0.2777
vn 0.6117 -0.7371 0.2872
vn 0.5921 -0.6890 0.4179
vn 0.3030 -0.7020 0.6445
vn 0.5142 -0.8515 0.1026
vn 0.7775 0.6176 0.1186
vn 0.7251 0.5871 0.3599
vn 0.7150 0.6145 0.3335
vn 0.7625 0.5329 0.3669
vn 0.7812 0.5988 0.1769
vn 0.8003 0.5620 0.2090
vn 0.7056 0.4879 0.5140
vn 0.6502 0.5419 0.5325
vn 0.6202 0.5605 0.5488
vn 0.7933 0.5926 0.1395
vn 0.8102 0.5703 0.1352
vn 0.7814 0.6054 0.1515
vn 0.7528 0.6068 0.2551
vn 0.7811 0.5988 0.1768
vn 0.8003 0.5909 0.1018
vn 0.7626 0.6315 0.1402
vn 0.7721 0.6349 0.0274
vn 0.7319 0.6400 0.2338
vn 0.7109 0.6899 0.1365
vn 0.7320 0.6801 0.0395
vn 0.7265 0.6825 -0.0801
vn 0.6703 0.7197 -0.1808
vn 0.6550 0.7099 -0.2590
vn 0.6680 0.7363 -0.1076
vn 0.5490 0.7178 -0.4282
vn 0.5403 0.6872 -0.4857
vn 0.5178 0.6738 -0.5272
vn 0.3621 0.5855 -0.7253
vn 0.3590 0.5847 -0.7275
vn 0.3667 0.6496 -0.6659
vn 0.1642 0.5597 -0.8122
vn 0.1448 0.4310 -0.8907
vn 0.2200 0.4583 -0.8611
vn 0.0079 0.2499 -0.9682
vn -0.1176 0.2196 -0.9685
vn -0.1280 0.1094 -0.9857
vn -0.0460 0.2599 -0.9645
vn -0.0499 0.4536 -0.8898
vn -0.1439 0.4217 -0.8953
vn -0.0966 0.1304 -0.9867
vn -0.0833 0.3155 -0.9453
vn -0.0729 0.1841 -0.9802
vn -0.1213 0.2640 -0.9569
vn -0.1657 0.4413 -0.8819
vn -0.1708 0.4502 -0.8764
vn -0.1999 0.1496 -0.9683
vn -0.3836 0.0407 -0.9226
vn -0.4381 -0.0139 -0.8988
vn -0.1403 0.2689 -0.9529
vn -0.2444 0.3269 -0.9129
vn -0.4361 0.0295 -0.8994
vn -0.5972 -0.1785 -0.7820
vn -0.6630 -0.3493 -0.6621
vn -0.6808 -0.2992 -0.6686
vn -0.5804 -0.1978 -0.7900
vn -0.5934 -0.2504 -0.7649
vn -0.6512 -0.4116 -0.6376
vn -0.7520 -0.4501 -0.4816
vn -0.7007 -0.4536 -0.5507
vn -0.7150 -0.5036 -0.4849
vn -0.7304 -0.3924 -0.5591
vn -0.6746 -0.4975 -0.5453
vn -0.6877 -0.5163 -0.5104
vn -0.7588 -0.4630 -0.4581
vn -0.7206 -0.5007 -0.4796
vn -0.7262 -0.4630 -0.5082
vn -0.7560 -0.4709 -0.4547
vn -0.6979 -0.4781 -0.5332
vn -0.7087 -0.4136 -0.5715
vn -0.7956 -0.3603 -0.4870
vn -0.7273 -0.3931 -0.5625
vn -0.7311 -0.3372 -0.5931
vn -0.7662 -0.4219 -0.4847
vn -0.7095 -0.3353 -0.6198
vn -0.7217 -0.3049 -0.6214
vn -0.8516 -0.5241 -0.0145
vn -0.8078 -0.4515 -0.3789
vn -0.8186 -0.5695 -0.0747
vn -0.8603 -0.4193 -0.2901
vn -0.7914 -0.4531 -0.4103
vn -0.8028 -0.5813 -0.1324
vn -0.6912 -0.5719 0.4418
vn -0.7912 -0.6024 0.1056
vn -0.6976 -0.6138 0.3697
vn -0.8084 -0.5611 0.1778
vn -0.7936 -0.6083 0.0078
vn -0.7125 -0.6487 0.2674
vn -0.0490 0.0055 0.9988
vn -0.0422 -0.1277 0.9909
vn -0.2776 -0.1772 0.9442
vn 0.2016 -0.0164 0.9793
vn 0.1065 0.0250 0.9940
vn 0.3124 0.1051 0.9441
vn 0.1590 -0.1126 0.9808
vn -0.1238 -0.2358 0.9639
vn -0.3092 -0.2267 0.9236
vn 0.2085 -0.1489 0.9666
vn 0.1624 -0.1147 0.9800
vn 0.4730 0.0091 0.8810
vn 0.6160 0.2880 0.7333
vn 0.7233 0.4710 0.5050
vn 0.3185 0.1858 0.9295
vn 0.6461 0.4229 0.6354
vn 0.5915 0.3200 0.7401
vn 0.6835 0.2534 0.6846
vn 0.5940 0.2158 0.7750
vn 0.4347 0.1728 0.8838
vn 0.2958 0.0306 0.9548
vn 0.3474 0.3419 0.8732
vn 0.2605 0.1958 0.9454
vn 0.1436 0.1731 0.9744
vn 0.4180 0.2167 0.8822
vn 0.4153 0.3557 0.8373
vn 0.5106 0.3090 0.8024
vn 0.5529 0.4652 0.6913
vn 0.6209 0.4116 0.6671
vn 0.5184 0.4790 0.7084
vn -0.6829 -0.6815 0.2630
vn -0.4829 -0.5850 0.6515
vn -0.2639 -0.4272 0.8648
vn -0.7669 -0.6366 -0.0813
vn -0.6270 -0.6244 0.4657
vn -0.8080 -0.5876 0.0427
vn -0.8222 -0.5688 -0.0218
vn -0.7837 -0.6069 0.1323
vn -0.6540 -0.5952 0.4669
vn 0.1686 -0.1484 0.9745
vn 0.3698 -0.0215 0.9289
vn -0.0630 -0.2979 0.9525
vn -0.3627 -0.5493 0.7528
vn -0.0692 -0.4818 0.8735
vn -0.3698 -0.6127 0.6985
vn 0.0089 -0.4598 0.8880
vn -0.2822 -0.5242 0.8035
vn -0.3825 -0.5089 0.7712
vn -0.7045 -0.6714 0.2302
vn -0.5853 -0.7324 0.3479
vn -0.5665 -0.6129 0.5509
vn 0.1613 0.0527 0.9855
vn 0.0644 -0.0755 0.9951
vn 0.7002 0.3339 0.6310
vn 0.6350 0.2063 0.7444
vn -0.4456 -0.3234 0.8347
vn -0.3925 -0.2091 0.8957
vn -0.3027 -0.2675 0.9147
vn -0.4225 -0.3358 0.8419
vn -0.4773 -0.4104 0.7770
vn -0.3763 -0.2411 0.8946
vn -0.2304 -0.1674 0.9586
vn -0.1723 -0.0748 0.9822
vn -0.4542 -0.3967 0.7977
vn -0.5321 -0.4713 0.7034
vn -0.1692 -0.5943 0.7862
vn -0.6293 -0.6920 0.3536
vn -0.3192 -0.6332 0.7052
vn -0.7733 -0.6338 0.0146
vn -0.5445 -0.7078 0.4501
vn -0.7302 -0.6781 0.0840
vn -0.8361 -0.5481 0.0223
vn -0.7029 -0.6265 0.3367
vn -0.3938 -0.6370 0.6627
vn 0.5808 0.2019 0.7886
vn 0.5397 0.0714 0.8388
vn 0.2035 -0.1082 0.9731
vn 0.1285 -0.1874 0.9738
vn -0.2220 -0.3881 0.8945
vn -0.3144 -0.4106 0.8559
vn -0.7492 -0.5199 0.4103
vn -0.7837 -0.4699 0.4061
vn 0.0826 0.1636 0.9831
vn 0.0590 0.1051 0.9927
vn -0.1245 -0.0091 0.9922
vn 0.3544 0.3044 0.8842
vn 0.3319 0.3395 0.8801
vn -0.3104 -0.1393 0.9403
vn 0.5063 0.4620 0.7282
vn 0.5184 0.4187 0.7457
vn 0.6231 0.5114 0.5918
vn 0.6159 0.5473 0.5667
vn -0.9094 -0.4152 -0.0239
vn -0.8359 -0.5409 0.0936
vn -0.8268 -0.5453 0.1378
vn -0.8752 -0.4769 0.0805
vn -0.4819 -0.5951 0.6431
vn -0.0468 -0.5098 0.8590
vn -0.4039 -0.6034 0.6876
vn 0.7347 0.6045 0.3077
vn 0.7740 0.5750 0.2651
vn 0.8206 0.5646 0.0884
vn 0.7888 0.6086 0.0862
vn 0.7717 0.6119 0.1733
vn 0.7715 0.5983 0.2166
vn 0.7006 0.6107 0.3689
vn 0.7207 0.6134 0.3231
vn 0.7012 0.6424 0.3092
vn 0.6819 0.6352 0.3627
vn 0.6653 0.6939 0.2754
vn 0.6846 0.6976 0.2115
vn 0.6487 0.7597 -0.0459
vn 0.6319 0.7746 0.0251
vn 0.5382 0.8106 -0.2309
vn 0.5441 0.7659 -0.3424
vn 0.6095 0.7842 0.1169
vn 0.5721 0.7969 0.1940
vn 0.6421 0.6858 0.3425
vn 0.6181 0.6812 0.3923
vn 0.4915 0.8703 0.0324
vn 0.5238 0.8461 -0.0988
vn 0.4045 0.8359 -0.3711
vn 0.2110 0.8059 -0.5532
vn 0.3905 0.7502 -0.5336
vn 0.1944 0.7130 -0.6737
vn 0.4091 0.8885 -0.2078
vn 0.3894 0.9189 -0.0639
vn 0.1850 0.8699 -0.4572
vn 0.2070 0.8504 -0.4838
vn 0.0026 0.6546 -0.7559
vn -0.1320 0.5156 -0.8466
vn -0.0328 0.6044 -0.7960
vn -0.1656 0.5150 -0.8410
vn -0.0891 0.4446 -0.8913
vn 0.0111 0.6291 -0.7773
vn -0.0123 0.5762 -0.8172
vn -0.0881 0.3689 -0.9253
vn -0.1659 0.4731 -0.8652
vn -0.2373 0.3714 -0.8977
vn -0.1783 0.5083 -0.8425
vn -0.2070 0.4579 -0.8646
vn -0.1837 0.2765 -0.9433
vn -0.1129 0.3671 -0.9233
vn -0.0947 0.2887 -0.9527
vn -0.1033 0.2637 -0.9591
vn -0.3682 0.1725 -0.9136
vn -0.5123 -0.0462 -0.8575
vn -0.3436 0.2553 -0.9038
vn -0.5046 -0.0337 -0.8627
vn -0.4957 -0.0118 -0.8684
vn -0.3275 0.1519 -0.9326
vn -0.2002 0.2298 -0.9524
vn -0.4010 0.0807 -0.9125
vn -0.6356 -0.2585 -0.7275
vn -0.6975 -0.4065 -0.5902
vn -0.6126 -0.2755 -0.7409
vn -0.6618 -0.4310 -0.6134
vn -0.6469 -0.2283 -0.7276
vn -0.6118 -0.1366 -0.7791
vn -0.7239 -0.2820 -0.6296
vn -0.7188 -0.3601 -0.5947
vn -0.7126 -0.4341 -0.5511
vn -0.7150 -0.3882 -0.5815
vn -0.6786 -0.4897 -0.5475
vn -0.6938 -0.4660 -0.5491
vn -0.7418 -0.3543 -0.5694
vn -0.7495 -0.2763 -0.6016
vn -0.7482 -0.2018 -0.6320
vn -0.7454 -0.2866 -0.6019
vn -0.7182 -0.3234 -0.6161
vn -0.7057 -0.3351 -0.6243
vn -0.7159 -0.2364 -0.6570
vn -0.7040 -0.4049 -0.5835
vn -0.7433 -0.2011 -0.6381
vn -0.7347 -0.1234 -0.6671
vn -0.7391 -0.1197 -0.6629
vn -0.7463 -0.0822 -0.6605
vn -0.7074 -0.2613 -0.6567
vn -0.7367 -0.2575 -0.6252
vn -0.7183 -0.1645 -0.6760
vn -0.7560 -0.2246 -0.6149
vn -0.7444 -0.1402 -0.6528
vn -0.7828 -0.3391 -0.5217
vn -0.7857 -0.1702 -0.5947
vn -0.8284 -0.3366 -0.4476
vn -0.8089 -0.4288 -0.4023
vn -0.8109 -0.5659 -0.1491
vn -0.8033 -0.4526 -0.3871
vn -0.7812 -0.6043 -0.1570
vn -0.7830 -0.5372 -0.3135
vn -0.7766 -0.6070 -0.1689
vn -0.8505 -0.4379 -0.2914
vn -0.8495 -0.5046 -0.1538
vn -0.7877 -0.6151 -0.0337
vn -0.7189 -0.6738 0.1708
vn -0.7571 -0.6512 -0.0521
vn -0.7808 -0.6174 -0.0957
vn -0.8447 -0.5291 -0.0802
vn -0.4463 -0.6749 0.5877
vn 0.8283 0.5536 0.0867
vn 0.8250 0.5649 -0.0182
vn 0.8008 0.5988 -0.0080
vn 0.7808 0.6085 -0.1415
vn 0.8472 0.5141 0.1339
vn 0.8304 0.5223 0.1938
vn 0.7568 0.6461 -0.0994
vn 0.7205 0.6508 -0.2395
vn 0.6999 0.6870 -0.1951
vn 0.6541 0.6873 -0.3158
vn 0.6264 0.7079 -0.3264
vn 0.5845 0.7074 -0.3974
vn 0.4817 0.6715 -0.5630
vn 0.4660 0.6707 -0.5771
vn 0.3188 0.5856 -0.7453
vn 0.3285 0.5699 -0.7532
vn 0.2194 0.5149 -0.8287
vn 0.2267 0.4862 -0.8439
vn 0.0652 0.3637 -0.9292
vn 0.1256 0.3919 -0.9114
vn -0.0702 0.1894 -0.9794
vn 0.0113 0.2594 -0.9657
vn -0.1184 0.1155 -0.9862
vn -0.1091 0.1414 -0.9839
vn -0.1627 0.1042 -0.9812
vn -0.2292 0.0662 -0.9711
vn -0.2865 0.0553 -0.9565
vn -0.3442 0.0003 -0.9389
vn -0.4584 -0.0703 -0.8860
vn -0.4578 -0.1097 -0.8823
vn -0.5914 -0.2033 -0.7803
vn -0.6756 -0.3018 -0.6727
vn -0.5569 -0.2538 -0.7908
vn -0.7297 -0.3830 -0.5664
vn -0.7560 -0.4344 -0.4897
vn -0.7082 -0.4896 -0.5087
vn -0.6765 -0.4481 -0.5845
vn -0.6253 -0.3729 -0.6855
vn -0.7685 -0.4557 -0.4492
vn -0.7832 -0.4597 -0.4186
vn -0.7657 -0.5282 -0.3671
vn -0.7333 -0.5145 -0.4444
vn -0.8063 -0.4500 -0.3838
vn -0.8400 -0.4348 -0.3245
vn -0.8310 -0.5080 -0.2266
vn -0.8013 -0.5245 -0.2877
vn -0.8773 -0.4361 -0.2007
vn -0.8747 -0.4847 -0.0006
vn -0.8477 -0.5305 -0.0019
vn -0.8492 -0.5064 -0.1496
vn -0.8184 -0.5315 0.2184
vn -0.6887 -0.5385 0.4855
vn -0.6694 -0.5474 0.5022
vn -0.7998 -0.5578 0.2217
vn -0.4188 -0.4731 0.7751
vn -0.4764 -0.5436 0.6911
vn -0.6012 -0.5775 0.5523
vn -0.4229 -0.4763 0.7709
vn -0.7052 -0.5911 0.3917
vn -0.7647 -0.6103 0.2070
vn -0.8108 -0.5459 0.2111
vn -0.7650 -0.6271 0.1465
vn -0.5158 -0.5474 0.6590
vn -0.0316 -0.3181 0.9475
vn -0.4121 -0.4417 0.7969
vn 0.0693 -0.1884 0.9796
vn 0.4712 0.0066 0.8820
vn 0.5293 0.0717 0.8454
vn 0.6621 0.1854 0.7261
vn 0.6904 0.2241 0.6878
vn 0.6542 0.1794 0.7347
vn 0.6447 0.2143 0.7338
vn 0.5207 0.1035 0.8474
vn 0.5292 0.1368 0.8374
vn 0.5187 0.1842 0.8349
vn 0.5500 0.2222 0.8051
vn 0.6204 0.2915 0.7281
vn 0.6633 0.3143 0.6792
vn 0.3725 0.0877 0.9239
vn 0.3854 0.0835 0.9190
vn 0.6959 0.3768 0.6113
vn 0.7244 0.3619 0.5868
vn 0.7593 0.4381 0.4811
vn 0.7853 0.4079 0.4657
vn 0.8056 0.4874 0.3368
vn 0.8343 0.4579 0.3071
vn 0.2808 0.0131 0.9597
vn 0.2797 0.0152 0.9600
vn 0.3183 0.0255 0.9477
vn 0.2719 -0.0078 0.9623
vn 0.3579 0.0270 0.9334
vn 0.4073 0.0671 0.9108
vn 0.8429 0.4697 0.2623
vn 0.8544 0.4752 0.2102
vn 0.8456 0.5302 0.0621
vn 0.8455 0.5337 -0.0165
vn 0.8111 0.4061 0.4209
vn 0.7956 0.4000 0.4551
vn -0.5903 -0.5929 0.5477
vn -0.2676 -0.5102 0.8173
vn -0.5728 -0.6288 0.5258
vn 0.1218 -0.1529 0.9807
vn -0.3082 -0.4580 0.8338
vn 0.0284 -0.2127 0.9767
vn 0.1193 -0.1141 0.9863
vn -0.3169 -0.5428 0.7778
vn -0.5627 -0.6981 0.4427
vn 0.3433 0.0762 0.9361
vn 0.3986 0.0583 0.9152
vn 0.3933 0.1242 0.9110
vn 0.4472 0.0924 0.8896
vn 0.4284 0.0734 0.9006
vn 0.3835 0.0757 0.9204
vn 0.6942 0.6949 -0.1874
vn 0.7369 0.6034 -0.3048
vn 0.6409 0.6750 -0.3656
vn 0.7921 0.5722 -0.2126
vn 0.8132 0.5702 -0.1163
vn 0.7106 0.5898 -0.3835
vn 0.6490 0.5976 -0.4708
vn 0.5720 0.6406 -0.5123
vn 0.7287 0.5804 0.3634
vn 0.8482 0.5043 0.1620
vn 0.7333 0.6717 0.1052
vn 0.8168 0.4320 0.3825
vn 0.8129 0.5712 -0.1136
vn 0.7503 0.6036 -0.2696
vn 0.5787 0.5902 -0.5628
vn 0.5311 0.6162 -0.5816
vn 0.6314 0.6024 -0.4884
vn 0.5692 0.6183 -0.5420
vn 0.5335 0.5876 -0.6084
vn 0.5194 0.5954 -0.6130
vn 0.6766 0.6331 -0.3760
vn 0.6084 0.6617 -0.4382
vn 0.5236 0.5993 -0.6056
vn 0.5412 0.5873 -0.6018
vn 0.5320 0.6387 -0.5560
vn 0.5025 0.6324 -0.5895
vn 0.5352 0.6038 -0.5907
vn 0.5696 0.5799 -0.5825
vn 0.5506 0.6830 -0.4799
vn 0.4782 0.6567 -0.5831
vn 0.4582 0.5260 -0.7165
vn 0.4878 0.4954 -0.7188
vn 0.4108 0.5420 -0.7331
vn 0.2678 0.4086 -0.8725
vn 0.2933 0.3815 -0.8766
vn 0.3142 0.3525 -0.8815
vn 0.3708 0.5561 -0.7438
vn 0.2465 0.4420 -0.8625
vn 0.1556 0.3154 -0.9361
vn -0.0001 0.1965 -0.9805
vn 0.1679 0.2783 -0.9457
vn 0.1778 0.2562 -0.9501
vn -0.0072 0.1479 -0.9890
vn -0.0010 0.1268 -0.9919
vn 0.0085 0.2491 -0.9684
vn 0.1440 0.3592 -0.9221
vn -0.1799 0.0724 -0.9810
vn -0.2892 0.0106 -0.9572
vn -0.2040 0.0173 -0.9788
vn -0.2994 -0.0682 -0.9517
vn -0.2930 -0.0277 -0.9557
vn -0.2039 -0.0201 -0.9788
vn -0.2783 0.0530 -0.9590
vn -0.1515 0.1323 -0.9796
vn -0.3200 -0.0402 -0.9466
vn -0.3948 -0.0998 -0.9133
vn -0.3357 -0.0206 -0.9418
vn -0.4089 -0.0802 -0.9091
vn -0.3709 -0.0781 -0.9254
vn -0.3171 -0.0568 -0.9467
vn -0.4167 -0.0946 -0.9041
vn -0.3494 -0.0029 -0.9370
vn -0.5103 -0.1856 -0.8397
vn -0.6059 -0.2666 -0.7495
vn -0.5285 -0.1890 -0.8276
vn -0.6281 -0.2978 -0.7189
vn -0.5613 -0.2500 -0.7890
vn -0.4775 -0.1591 -0.8641
vn -0.5078 -0.2339 -0.8291
vn -0.5980 -0.3704 -0.7108
vn -0.6618 -0.3417 -0.6672
vn -0.7068 -0.4116 -0.5753
vn -0.6769 -0.3866 -0.6264
vn -0.6989 -0.4628 -0.5454
vn -0.6544 -0.3902 -0.6477
vn -0.6137 -0.3175 -0.7229
vn -0.6494 -0.4786 -0.5910
vn -0.6646 -0.5400 -0.5164
vn -0.7484 -0.4737 -0.4642
vn -0.7772 -0.5365 -0.3288
vn -0.7226 -0.5394 -0.4323
vn -0.7399 -0.6080 -0.2879
vn -0.7239 -0.5321 -0.4390
vn -0.6920 -0.4654 -0.5519
vn -0.6836 -0.5879 -0.4325
vn -0.7169 -0.6180 -0.3228
vn -0.7809 -0.5853 -0.2182
vn -0.7605 -0.6059 -0.2335
vn -0.7426 -0.6406 -0.1954
vn -0.7437 -0.6311 -0.2206
vn -0.7487 -0.6134 -0.2514
vn -0.7447 -0.5926 -0.3070
vn -0.7506 -0.6188 -0.2318
vn -0.7734 -0.5976 -0.2114
vn -0.7527 -0.6256 -0.2050
vn -0.7470 -0.6648 0.0081
vn -0.7400 -0.6442 -0.1933
vn -0.7279 -0.6857 0.0076
vn -0.7524 -0.6543 -0.0759
vn -0.7429 -0.6199 -0.2528
vn -0.7783 -0.6048 -0.1688
vn -0.7755 -0.6312 -0.0124
vn -0.6771 -0.6705 0.3033
vn -0.5419 -0.6287 0.5577
vn -0.6694 -0.6796 0.3002
vn -0.5542 -0.5982 0.5788
vn -0.5837 -0.6871 0.4327
vn -0.7052 -0.6811 0.1969
vn -0.7397 -0.6289 0.2395
vn -0.6166 -0.5728 0.5401
vn -0.4369 -0.6041 0.6665
vn -0.5978 -0.6812 0.4225
vn -0.4511 -0.5272 0.7201
vn -0.6242 -0.6422 0.4449
vn -0.4954 -0.7814 0.3795
vn -0.4563 -0.7082 0.5388
vn -0.4393 -0.4960 0.7490
vn -0.6071 -0.6305 0.4836
vn -0.7191 -0.6567 0.2272
vn -0.7182 -0.6629 0.2117
vn -0.6373 -0.7420 0.2081
vn -0.7329 -0.6578 0.1737
vn -0.6368 -0.5716 0.5174
vn 0.3750 0.2678 0.8875
vn 0.4244 0.1485 0.8932
vn 0.4901 0.3941 0.7775
vn 0.4297 0.3999 0.8096
vn 0.4150 0.3181 0.8524
vn -0.3491 -0.4055 0.8448
vn 0.0460 -0.2008 0.9786
vn 0.5065 0.0841 0.8581
vn 0.6957 0.2540 0.6719
vn 0.6303 0.3188 0.7079
vn 0.3829 0.2389 0.8923
vn 0.6255 0.2856 0.7261
vn 0.5547 0.1855 0.8111
vn 0.5303 0.2803 0.8001
vn 0.4196 0.1180 0.9000
vn 0.5121 0.1478 0.8461
vn 0.6596 0.2352 0.7139
vn 0.5577 0.1667 0.8131
vn 0.5109 0.1441 0.8475
vn 0.6341 0.2028 0.7462
vn 0.6098 0.2727 0.7442
vn 0.5894 0.1944 0.7841
vn 0.5037 0.0780 0.8604
vn 0.6971 0.2799 0.6601
vn 0.7197 0.2895 0.6310
vn 0.6716 0.3897 0.6302
vn 0.4208 0.0238 0.9069
vn 0.4379 0.0305 0.8985
vn 0.4239 0.0113 0.9056
vn 0.5465 0.2220 0.8075
vn 0.6679 0.3019 0.6803
vn 0.7746 0.3569 0.5221
vn 0.7123 0.4970 0.4956
vn 0.7544 0.3362 0.5638
vn 0.7317 0.3464 0.5870
vn 0.4337 0.0544 0.8994
vn 0.4782 0.1073 0.8717
vn 0.4713 0.0723 0.8790
vn 0.4179 0.0153 0.9084
vn 0.4553 0.1059 0.8840
vn -0.1341 -0.3111 0.9409
vn -0.1985 -0.3007 0.9328
vn 0.4696 -0.0002 0.8829
vn 0.4189 0.0223 0.9078
vn -0.1925 -0.1401 0.9712
vn 0.0004 -0.1723 0.9850
vn 0.2903 -0.1966 0.9365
vn 0.0792 -0.2990 0.9510
vn -0.2648 -0.5080 0.8197
vn 0.5272 0.0395 0.8488
vn 0.0601 -0.1948 0.9790
vn 0.0184 -0.2076 0.9780
vn 0.4940 -0.0103 0.8694
vn 0.4202 -0.0717 0.9046
vn -0.1077 -0.3505 0.9303
vn 0.2235 -0.0730 0.9720
vn 0.4019 0.2215 0.8885
vn 0.0568 0.0517 0.9970
vn 0.0467 -0.0052 0.9989
vn 0.3825 0.2559 0.8878
vn -0.3910 -0.3809 0.8379
vn -0.5136 -0.3879 0.7654
vn -0.8336 -0.4287 0.3483
vn -0.8899 -0.3982 0.2224
vn -0.6668 -0.4656 0.5819
vn -0.7555 -0.4978 0.4259
vn -0.9265 -0.3624 0.1009
vn -0.9323 -0.3498 0.0923
vn -0.9636 -0.2667 0.0179
vn -0.8950 -0.4337 0.1041
vn -0.9460 -0.3201 0.0517
vn -0.9371 -0.3422 0.0688
vn -0.3893 -0.5944 0.7036
vn -0.7901 -0.5336 0.3016
vn -0.9294 -0.3481 -0.1231
vn -0.9506 -0.2618 -0.1666
vn -0.8127 -0.5488 0.1960
vn -0.8828 -0.4011 0.2443
vn -0.9791 -0.1987 -0.0427
vn -0.9431 -0.2683 0.1965
vn -0.3740 -0.6267 0.6837
vn -0.4084 -0.5871 0.6990
vn -0.7114 -0.3828 0.5894
vn -0.6378 -0.3012 0.7089
vn -0.6201 -0.3435 0.7053
vn -0.6293 -0.2577 0.7332
vn -0.7447 -0.3374 0.5758
vn -0.7348 -0.2811 0.6173
vn -0.4450 -0.1757 0.8781
vn -0.4152 -0.1866 0.8904
vn -0.3910 -0.2158 0.8947
vn -0.5625 -0.3888 0.7296
vn -0.6397 -0.4420 0.6289
vn -0.3590 -0.2668 0.8944
vn -0.7043 -0.3097 0.6388
vn -0.7239 -0.2652 0.6369
vn -0.5951 -0.3474 0.7247
vn -0.3317 -0.1284 0.9346
vn -0.3986 -0.3211 0.8591
vn -0.8696 -0.3207 0.3755
vn -0.9910 -0.1215 0.0555
vn -0.6405 -0.5924 0.4888
vn -0.6994 -0.5604 0.4435
vn -0.6139 -0.5848 0.5302
vn -0.6456 -0.4862 0.5888
vn -0.5291 -0.5708 0.6279
vn -0.8341 -0.5292 0.1561
vn -0.9003 -0.3995 -0.1728
vn -0.8114 -0.5189 0.2688
vn -0.9010 -0.4339 -0.0000
vn -0.8904 -0.2646 -0.3703
vn -0.9100 -0.3751 -0.1766
vn -0.9057 -0.3669 -0.2124
vn -0.8764 -0.2955 -0.3802
vn -0.8796 -0.4730 0.0512
vn -0.9037 -0.4228 -0.0670
vn -0.7572 -0.5616 0.3335
vn -0.8948 0.0322 -0.4454
vn -0.7221 -0.2271 -0.6535
vn -0.9278 0.0459 -0.3703
vn -0.7739 0.3275 0.5420
vn -0.8507 -0.3227 -0.4149
vn -0.7894 -0.2174 -0.5741
vn -0.7811 -0.2880 -0.5540
vn -0.8718 0.4893 -0.0251
vn -0.3238 0.9201 0.2205
vn -0.1012 0.8941 0.4363
vn -0.3378 0.8615 0.3790
vn -0.6708 0.6573 0.3436
vn -0.9518 0.0319 -0.3050
vn -0.7732 -0.2610 -0.5779
vn -0.8901 -0.0535 -0.4526
vn -0.6703 0.7150 -0.1984
vn -0.9504 -0.0060 -0.3111
vn -0.7240 -0.3204 -0.6109
vn -0.7003 0.5244 0.4844
vn -0.8471 -0.2604 -0.4634
vn -0.8076 -0.1301 -0.5752
vn -0.7566 -0.3169 -0.5720
vn -0.7261 -0.1715 -0.6659
vn -0.7832 -0.0625 -0.6186
vn -0.7334 0.0246 -0.6794
vn -0.7381 -0.0119 -0.6746
vn -0.7248 0.0212 -0.6886
vn -0.8500 -0.2069 -0.4844
vn -0.8816 -0.2995 -0.3649
vn -0.7167 0.1824 -0.6731
vn -0.7797 0.1035 -0.6176
vn -0.7874 -0.0360 -0.6154
vn -0.7762 0.3697 -0.5107
vn -0.6264 0.4099 -0.6630
vn -0.6471 0.5736 -0.5022
vn -0.7085 -0.0092 -0.7057
vn -0.7159 0.0304 -0.6976
vn -0.7473 -0.0682 -0.6609
vn -0.7445 -0.0530 -0.6655
vn -0.7628 -0.1414 -0.6309
vn -0.7135 -0.0785 -0.6963
vn -0.1628 0.6011 -0.7824
vn -0.3791 0.7062 -0.5979
vn -0.5315 0.3827 -0.7557
vn -0.4526 0.8091 -0.3749
vn -0.1163 0.9029 -0.4138
vn -0.2495 0.9536 -0.1687
vn -0.6802 0.0346 -0.7322
vn -0.5107 0.1326 -0.8495
vn -0.7474 -0.1912 -0.6362
vn -0.6308 -0.1419 -0.7628
vn -0.3768 0.0120 -0.9262
vn -0.5601 -0.0255 -0.8280
vn -0.1483 0.8756 -0.4597
vn -0.0792 0.4743 -0.8768
vn -0.1855 0.0833 -0.9791
vn -0.2727 0.9620 -0.0136
vn -0.4931 0.5772 -0.6509
vn -0.5508 0.8204 -0.1534
vn -0.2520 0.1503 -0.9560
vn -0.1854 -0.0229 -0.9824
vn -0.4312 0.0123 -0.9022
vn -0.2734 0.0739 -0.9591
vn -0.2347 0.2370 -0.9427
vn -0.1961 0.2658 -0.9439
vn -0.2262 -0.0434 -0.9731
vn -0.1837 0.0800 -0.9797
vn -0.5339 0.2361 -0.8119
vn -0.6395 0.6319 -0.4379
vn -0.4097 0.2066 -0.8885
vn -0.6104 0.5260 -0.5922
vn -0.1953 -0.0226 -0.9805
vn -0.1824 0.1152 -0.9765
vn -0.1299 0.3584 -0.9245
vn -0.1841 0.4026 -0.8967
vn -0.1251 0.3239 -0.9378
vn -0.1844 0.4096 -0.8935
vn -0.1791 0.1898 -0.9653
vn -0.2110 0.2907 -0.9333
vn -0.3049 0.2455 -0.9202
vn -0.4417 0.4208 -0.7924
vn -0.2757 0.2668 -0.9235
vn -0.4217 0.3778 -0.8243
vn -0.1502 0.3189 -0.9358
vn -0.1642 0.4151 -0.8948
vn -0.1273 0.2938 -0.9474
vn -0.1854 0.3495 -0.9184
vn -0.1156 0.3505 -0.9294
vn -0.1591 0.3826 -0.9101
vn -0.2570 0.4288 -0.8661
vn -0.3142 0.2787 -0.9075
vn -0.2414 0.3495 -0.9053
vn -0.3835 0.3322 -0.8617
vn -0.3296 0.3614 -0.8722
vn -0.3495 0.3597 -0.8652
vn -0.2070 0.3943 -0.8954
vn -0.2047 0.4269 -0.8809
vn -0.0991 0.5334 -0.8400
vn 0.1575 0.8768 -0.4544
vn 0.1197 0.8803 -0.4590
vn -0.0547 0.5391 -0.8405
vn 0.0182 0.9112 -0.4117
vn -0.2401 0.5993 -0.7637
vn -0.2188 0.5851 -0.7809
vn -0.1808 0.6418 -0.7453
vn 0.0527 0.9297 -0.3645
vn 0.0656 0.9225 -0.3805
vn -0.1567 0.5573 -0.8154
vn 0.0596 0.8911 -0.4499
vn 0.3645 0.9304 0.0382
vn 0.3260 0.9411 0.0895
vn 0.4439 0.8837 0.1481
vn 0.3830 0.8934 0.2349
vn 0.2670 0.9420 0.2036
vn 0.2285 0.9733 0.0198
vn 0.2647 0.9601 0.0901
vn 0.1302 0.9810 -0.1439
vn 0.1668 0.9836 0.0680
vn 0.0766 0.9907 -0.1128
vn 0.2898 0.9513 0.1050
vn 0.3287 0.9073 0.2621
vn 0.5050 0.7260 0.4667
vn 0.5086 0.8264 0.2418
vn 0.5796 0.6968 0.4226
vn 0.4126 0.8617 0.2953
vn 0.3811 0.7539 0.5351
vn 0.3449 0.7715 0.5346
vn 0.3072 0.8977 0.3158
vn 0.2204 0.9498 0.2218
vn 0.1146 0.9855 0.1255
vn 0.2470 0.9430 0.2230
vn 0.3861 0.2254 0.8945
vn 0.0345 -0.0262 0.9991
vn 0.0199 0.0110 0.9997
vn 0.4079 0.2195 0.8862
vn 0.6783 0.3977 0.6178
vn 0.5416 0.3628 0.7583
vn 0.5617 0.3234 0.7615
vn 0.6470 0.4420 0.6212
vn 0.8859 0.4638 0.0028
vn 0.8201 0.5307 0.2139
vn 0.8500 0.5019 0.1597
vn 0.8610 0.5046 0.0633
vn 0.6607 0.6300 0.4082
vn 0.6583 0.5979 0.4574
vn 0.6923 0.5866 0.4203
vn 0.7119 0.4843 0.5086
vn 0.7888 0.5360 0.3007
vn 0.8192 0.4252 0.3848
vn 0.5525 0.7093 0.4378
vn 0.6314 0.5863 0.5075
vn 0.6137 0.5466 0.5698
vn 0.5885 0.5951 0.5473
vn 0.4753 0.2141 0.8534
vn 0.3220 0.6782 0.6606
vn 0.5048 0.4813 0.7166
vn 0.4314 0.7506 0.5004
vn 0.4031 0.8133 0.4197
vn 0.5089 0.5889 0.6279
vn 0.4600 0.7287 0.5072
vn 0.2575 0.2882 0.9223
vn -0.0125 0.0582 0.9982
vn -0.0795 0.0576 0.9952
vn 0.3341 0.2680 0.9036
vn 0.5312 0.3404 0.7758
vn 0.6928 0.4183 0.5875
vn 0.6588 0.4402 0.6101
vn 0.5670 0.3280 0.7556
vn 0.4465 0.3680 0.8156
vn 0.4796 0.4609 0.7467
vn 0.3651 0.3856 0.8473
vn 0.4130 0.4290 0.8034
vn 0.8485 0.5236 0.0763
vn 0.7286 0.6254 0.2794
vn 0.7486 0.6285 0.2111
vn -0.1111 0.5841 0.8041
vn -0.6274 0.4425 0.6408
vn 0.3211 0.5051 0.8011
vn 0.4824 0.1165 0.8682
vn 0.6014 0.2636 0.7542
vn 0.0768 -0.3425 0.9364
vn -0.2635 -0.6959 0.6680
vn -0.4439 -0.8337 0.3284
vn -0.4540 -0.8771 0.1565
vn -0.3913 -0.8824 0.2613
vn -0.4609 -0.8188 0.3422
vn -0.5944 -0.7686 0.2363
vn -0.6864 -0.7270 0.0191
vn -0.6956 -0.6864 -0.2120
vn -0.6766 -0.6816 -0.2788
vn -0.6630 -0.6721 -0.3297
vn -0.6346 -0.6098 -0.4748
vn -0.6082 -0.5246 -0.5957
vn -0.5872 -0.4226 -0.6903
vn -0.5768 -0.3288 -0.7478
vn -0.5655 -0.2346 -0.7907
vn -0.5167 -0.1357 -0.8453
vn -0.4502 -0.0760 -0.8897
vn -0.3872 -0.0621 -0.9199
vn -0.3490 -0.0825 -0.9335
vn -0.3091 -0.0791 -0.9477
vn -0.1618 0.0259 -0.9865
vn 0.0270 0.1726 -0.9846
vn 0.1611 0.2732 -0.9484
vn 0.2735 0.3430 -0.8986
vn 0.4469 0.4597 -0.7675
vn 0.5886 0.5786 -0.5645
vn 0.5890 0.6349 -0.5001
vn 0.5386 0.6697 -0.5112
vn 0.5023 0.6886 -0.5229
vn 0.5032 0.7045 -0.5004
vn 0.5472 0.7371 -0.3967
vn 0.6030 0.7754 -0.1877
vn 0.6166 0.7864 0.0380
vn 0.6190 0.7364 0.2729
vn 0.6315 0.6441 0.4317
vn 0.6105 0.5362 0.5829
vn 0.4836 0.1631 0.8600
vn 0.5685 0.3709 0.7343
vn 0.4481 0.0329 0.8934
vn 0.4834 -0.0033 0.8754
vn 0.4956 -0.0325 0.8679
vn 0.5244 0.0404 0.8505
vn 0.5179 0.1753 0.8373
vn 0.3442 0.7165 0.6067
vn 0.3594 0.6072 0.7086
vn 0.9067 0.2276 0.3550
vn -0.2736 -0.1438 0.9510
vn -0.1957 -0.0720 0.9780
vn -0.9380 -0.3433 -0.0471
vn -0.3903 0.4159 0.8214
vn -0.0646 0.4292 0.9009
vn 0.0661 -0.5177 0.8530
vn 0.0906 0.8881 0.4506
vt 0.000000 0.000000
s 1
usemtl _17174_Tiamat_v1default
f 1/1/1 3/1/2 4/1/3
f 5/1/4 3/1/2 2/1/5
f 7/1/6 3/1/2 6/1/7
f 4/1/3 8/1/8 9/1/9
f 10/1/10 12/1/11 13/1/12
f 8/1/8 11/1/13 9/1/9
f 14/1/14 8/1/8 7/1/6
f 13/1/12 14/1/14 15/1/15
f 4/1/3 16/1/16 17/1/17
f 18/1/18 17/1/17 16/1/16
f 20/1/19 17/1/17 19/1/20
f 4/1/3 21/1/21 1/1/1
f 22/1/22 16/1/16 23/1/23
f 9/1/9 23/1/23 16/1/16
f 10/1/10 23/1/23 11/1/13
f 22/1/22 24/1/24 25/1/25
f 25/1/25 26/1/26 27/1/27
f 13/1/12 24/1/24 10/1/10
f 15/1/15 26/1/26 13/1/12
f 27/1/27 28/1/28 29/1/29
f 5/1/4 31/1/30 32/1/31
f 33/1/32 30/1/33 34/1/34
f 35/1/35 31/1/30 33/1/32
f 32/1/31 36/1/36 37/1/37
f 7/1/6 38/1/38 39/1/39
f 32/1/31 6/1/7 5/1/4
f 37/1/37 38/1/38 32/1/31
f 39/1/39 40/1/40 41/1/41
f 42/1/42 14/1/14 7/1/6
f 43/1/43 39/1/39 41/1/41
f 44/1/44 42/1/42 43/1/43
f 14/1/14 45/1/45 15/1/15
f 46/1/46 45/1/45 44/1/44
f 48/1/47 46/1/46 49/1/48
f 47/1/49 48/1/47 29/1/29
f 28/1/28 15/1/15 45/1/45
f 50/1/50 52/1/51 53/1/52
f 22/1/22 52/1/51 18/1/18
f 25/1/25 53/1/52 22/1/22
f 50/1/50 54/1/53 55/1/54
f 56/1/55 57/1/56 55/1/54
f 27/1/27 54/1/53 25/1/25
f 29/1/29 56/1/55 27/1/27
f 58/1/57 59/1/58 57/1/56
f 58/1/57 61/1/59 59/1/58
f 58/1/57 29/1/29 48/1/47
f 48/1/47 49/1/48 62/1/60
f 60/1/61 62/1/60 63/1/62
f 63/1/62 64/1/63 65/1/64
f 62/1/60 49/1/48 66/1/65
f 67/1/66 66/1/65 68/1/67
f 65/1/64 67/1/66 69/1/68
f 69/1/68 70/1/69 71/1/70
f 67/1/66 72/1/71 70/1/69
f 73/1/72 70/1/69 72/1/71
f 75/1/73 70/1/69 74/1/74
f 76/1/75 78/1/76 79/1/77
f 74/1/74 77/1/78 75/1/73
f 80/1/79 74/1/74 73/1/72
f 79/1/77 80/1/79 81/1/80
f 82/1/81 84/1/82 85/1/83
f 86/1/84 84/1/82 83/1/85
f 88/1/86 87/1/87 89/1/88
f 85/1/83 88/1/86 35/1/35
f 37/1/37 90/1/89 91/1/90
f 88/1/86 36/1/36 35/1/35
f 89/1/88 90/1/89 88/1/86
f 91/1/90 92/1/91 93/1/92
f 94/1/93 95/1/94 41/1/41
f 91/1/90 40/1/40 37/1/37
f 93/1/92 94/1/93 91/1/90
f 95/1/94 96/1/95 97/1/96
f 41/1/41 98/1/97 43/1/43
f 99/1/98 95/1/94 97/1/96
f 100/1/99 98/1/97 99/1/98
f 43/1/43 101/1/100 44/1/44
f 44/1/44 102/1/101 46/1/46
f 103/1/102 101/1/100 100/1/99
f 103/1/102 105/1/103 102/1/101
f 46/1/46 105/1/103 49/1/48
f 68/1/67 106/1/104 107/1/105
f 105/1/103 66/1/65 49/1/48
f 104/1/106 106/1/104 105/1/103
f 107/1/105 108/1/107 109/1/108
f 72/1/71 111/1/109 73/1/72
f 107/1/105 72/1/71 68/1/67
f 109/1/108 110/1/110 107/1/105
f 111/1/109 112/1/111 113/1/112
f 73/1/72 114/1/113 80/1/79
f 113/1/112 114/1/113 111/1/109
f 116/1/114 115/1/115 117/1/116
f 81/1/80 114/1/113 116/1/114
f 86/1/84 119/1/117 87/1/87
f 120/1/118 118/1/119 121/1/120
f 122/1/121 119/1/117 120/1/118
f 87/1/87 123/1/122 89/1/88
f 123/1/122 92/1/91 89/1/88
f 125/1/123 123/1/122 122/1/121
f 126/1/124 124/1/125 125/1/123
f 93/1/92 124/1/125 127/1/126
f 128/1/127 130/1/128 131/1/129
f 97/1/96 130/1/128 129/1/130
f 127/1/126 96/1/95 93/1/92
f 131/1/129 127/1/126 126/1/124
f 131/1/129 133/1/131 128/1/127
f 134/1/132 131/1/129 126/1/124
f 132/1/133 134/1/132 135/1/134
f 97/1/96 136/1/135 99/1/98
f 137/1/136 129/1/130 128/1/127
f 138/1/137 136/1/135 137/1/136
f 99/1/98 139/1/138 100/1/99
f 104/1/106 140/1/139 141/1/140
f 103/1/102 139/1/138 140/1/139
f 142/1/141 139/1/138 138/1/137
f 143/1/142 140/1/139 142/1/141
f 109/1/108 144/1/143 145/1/144
f 141/1/140 108/1/107 104/1/106
f 146/1/145 141/1/140 143/1/142
f 147/1/146 144/1/143 146/1/145
f 148/1/147 150/1/148 151/1/149
f 113/1/112 150/1/148 149/1/150
f 145/1/144 112/1/111 109/1/108
f 151/1/149 145/1/144 147/1/146
f 152/1/151 154/1/152 155/1/153
f 153/1/154 55/1/54 57/1/56
f 59/1/58 154/1/152 57/1/56
f 155/1/153 156/1/155 157/1/156
f 158/1/157 160/1/158 161/1/159
f 155/1/153 159/1/160 152/1/151
f 157/1/156 160/1/158 155/1/153
f 161/1/159 162/1/161 163/1/162
f 157/1/156 164/1/163 165/1/164
f 61/1/59 156/1/155 59/1/58
f 63/1/62 164/1/163 61/1/59
f 165/1/164 166/1/165 167/1/166
f 163/1/162 168/1/167 169/1/168
f 165/1/164 162/1/161 157/1/156
f 167/1/166 168/1/167 165/1/164
f 169/1/168 170/1/169 171/1/170
f 172/1/171 174/1/172 175/1/173
f 169/1/168 173/1/174 163/1/162
f 171/1/170 174/1/172 169/1/168
f 175/1/173 176/1/175 177/1/176
f 167/1/166 178/1/177 179/1/178
f 65/1/64 166/1/165 63/1/62
f 69/1/68 178/1/177 65/1/64
f 179/1/178 180/1/179 181/1/180
f 182/1/181 184/1/182 185/1/183
f 186/1/184 183/1/185 187/1/186
f 177/1/176 184/1/182 186/1/184
f 185/1/183 176/1/175 171/1/170
f 171/1/170 188/1/187 185/1/183
f 179/1/178 170/1/169 167/1/166
f 181/1/180 188/1/187 179/1/178
f 185/1/183 189/1/188 182/1/181
f 190/1/189 191/1/190 181/1/180
f 71/1/70 180/1/179 69/1/68
f 75/1/73 190/1/189 71/1/70
f 192/1/191 193/1/192 191/1/190
f 194/1/193 195/1/194 193/1/192
f 77/1/78 192/1/191 75/1/73
f 76/1/75 194/1/193 77/1/78
f 195/1/194 196/1/195 197/1/196
f 182/1/181 198/1/197 199/1/198
f 191/1/190 189/1/188 181/1/180
f 193/1/192 198/1/197 191/1/190
f 199/1/198 200/1/199 201/1/200
f 187/1/186 202/1/201 203/1/202
f 199/1/198 183/1/185 182/1/181
f 201/1/200 202/1/201 199/1/198
f 203/1/202 204/1/203 205/1/204
f 201/1/200 206/1/205 207/1/206
f 195/1/194 200/1/199 193/1/192
f 197/1/196 206/1/205 195/1/194
f 207/1/206 208/1/207 209/1/208
f 205/1/204 210/1/209 211/1/210
f 207/1/206 204/1/203 201/1/200
f 209/1/208 210/1/209 207/1/206
f 211/1/210 212/1/211 213/1/212
f 209/1/208 214/1/213 215/1/214
f 216/1/215 208/1/207 197/1/196
f 217/1/216 214/1/213 216/1/215
f 215/1/214 218/1/217 219/1/218
f 213/1/212 220/1/219 221/1/220
f 215/1/214 212/1/211 209/1/208
f 219/1/218 220/1/219 215/1/214
f 221/1/220 222/1/221 223/1/222
f 223/1/222 224/1/223 225/1/224
f 226/1/225 222/1/221 219/1/218
f 227/1/226 224/1/223 226/1/225
f 225/1/224 228/1/227 229/1/228
f 230/1/229 232/1/230 233/1/231
f 234/1/232 231/1/233 235/1/234
f 229/1/228 232/1/230 234/1/232
f 233/1/231 228/1/227 227/1/226
f 235/1/234 236/1/235 237/1/236
f 238/1/237 231/1/233 230/1/229
f 239/1/238 236/1/235 238/1/237
f 237/1/236 240/1/239 241/1/240
f 135/1/134 243/1/241 133/1/131
f 244/1/242 242/1/243 245/1/244
f 246/1/245 243/1/241 244/1/242
f 133/1/131 247/1/246 128/1/127
f 247/1/246 137/1/136 128/1/127
f 249/1/247 247/1/246 246/1/245
f 250/1/248 248/1/249 249/1/247
f 137/1/136 251/1/250 138/1/137
f 138/1/137 252/1/251 142/1/141
f 253/1/252 251/1/250 250/1/248
f 254/1/253 252/1/251 253/1/252
f 142/1/141 255/1/254 143/1/142
f 143/1/142 256/1/255 146/1/145
f 257/1/256 255/1/254 254/1/253
f 258/1/257 256/1/255 257/1/256
f 146/1/145 259/1/258 147/1/146
f 254/1/253 261/1/259 257/1/256
f 262/1/260 260/1/261 263/1/262
f 264/1/263 261/1/259 262/1/260
f 257/1/256 265/1/264 258/1/257
f 266/1/265 268/1/266 269/1/267
f 175/1/173 267/1/268 172/1/171
f 177/1/176 268/1/266 175/1/173
f 269/1/267 270/1/269 271/1/270
f 271/1/270 272/1/271 273/1/272
f 186/1/184 270/1/269 177/1/176
f 187/1/186 272/1/271 186/1/184
f 273/1/272 274/1/273 275/1/274
f 275/1/274 276/1/275 277/1/276
f 203/1/202 274/1/273 187/1/186
f 205/1/204 276/1/275 203/1/202
f 277/1/276 278/1/277 279/1/278
f 279/1/278 280/1/279 281/1/280
f 211/1/210 278/1/277 205/1/204
f 213/1/212 280/1/279 211/1/210
f 281/1/280 282/1/281 283/1/282
f 283/1/282 284/1/283 285/1/284
f 221/1/220 282/1/281 213/1/212
f 223/1/222 284/1/283 221/1/220
f 285/1/284 286/1/285 287/1/286
f 287/1/286 288/1/287 289/1/288
f 225/1/224 286/1/285 223/1/222
f 229/1/228 288/1/287 225/1/224
f 289/1/288 290/1/289 291/1/290
f 291/1/290 292/1/291 293/1/292
f 234/1/232 290/1/289 229/1/228
f 235/1/234 292/1/291 234/1/232
f 293/1/292 294/1/293 295/1/294
f 295/1/294 296/1/295 297/1/296
f 237/1/236 294/1/293 235/1/234
f 241/1/240 296/1/295 237/1/236
f 297/1/296 298/1/297 299/1/298
f 300/1/299 302/1/300 303/1/301
f 304/1/302 301/1/303 305/1/304
f 266/1/265 302/1/300 304/1/302
f 303/1/301 306/1/305 307/1/306
f 307/1/306 308/1/307 309/1/308
f 269/1/267 306/1/305 266/1/265
f 271/1/270 308/1/307 269/1/267
f 309/1/308 310/1/309 311/1/310
f 311/1/310 312/1/311 313/1/312
f 273/1/272 310/1/309 271/1/270
f 275/1/274 312/1/311 273/1/272
f 313/1/312 314/1/313 315/1/314
f 315/1/314 316/1/315 317/1/316
f 277/1/276 314/1/313 275/1/274
f 279/1/278 316/1/315 277/1/276
f 317/1/316 318/1/317 319/1/318
f 319/1/318 320/1/319 321/1/320
f 281/1/280 318/1/317 279/1/278
f 283/1/282 320/1/319 281/1/280
f 321/1/320 322/1/321 323/1/322
f 323/1/322 324/1/323 325/1/324
f 285/1/284 322/1/321 283/1/282
f 287/1/286 324/1/323 285/1/284
f 325/1/324 326/1/325 327/1/326
f 327/1/326 328/1/327 329/1/328
f 289/1/288 326/1/325 287/1/286
f 291/1/290 328/1/327 289/1/288
f 329/1/328 330/1/329 331/1/330
f 331/1/330 332/1/331 333/1/332
f 293/1/292 330/1/329 291/1/290
f 295/1/294 332/1/331 293/1/292
f 333/1/332 334/1/333 335/1/334
f 336/1/335 338/1/336 339/1/337
f 340/1/338 337/1/339 341/1/340
f 300/1/299 338/1/336 340/1/338
f 339/1/337 342/1/341 343/1/342
f 343/1/342 344/1/343 345/1/344
f 303/1/301 342/1/341 300/1/299
f 307/1/306 344/1/343 303/1/301
f 345/1/344 346/1/345 347/1/346
f 347/1/346 348/1/347 349/1/348
f 309/1/308 346/1/345 307/1/306
f 311/1/310 348/1/347 309/1/308
f 349/1/348 350/1/349 351/1/350
f 351/1/350 352/1/351 353/1/352
f 313/1/312 350/1/349 311/1/310
f 315/1/314 352/1/351 313/1/312
f 353/1/352 354/1/353 355/1/354
f 355/1/354 356/1/355 357/1/356
f 317/1/316 354/1/353 315/1/314
f 319/1/318 356/1/355 317/1/316
f 357/1/356 358/1/357 359/1/358
f 359/1/358 360/1/359 361/1/360
f 321/1/320 358/1/357 319/1/318
f 323/1/322 360/1/359 321/1/320
f 361/1/360 362/1/361 363/1/362
f 363/1/362 364/1/363 365/1/364
f 325/1/324 362/1/361 323/1/322
f 327/1/326 364/1/363 325/1/324
f 365/1/364 366/1/365 367/1/366
f 367/1/366 368/1/367 369/1/368
f 329/1/328 366/1/365 327/1/326
f 331/1/330 368/1/367 329/1/328
f 369/1/368 370/1/369 371/1/370
f 371/1/370 372/1/371 373/1/372
f 333/1/332 370/1/369 331/1/330
f 335/1/334 372/1/371 333/1/332
f 373/1/372 374/1/373 375/1/374
f 376/1/375 378/1/376 379/1/377
f 85/1/83 376/1/375 82/1/81
f 35/1/35 377/1/378 85/1/83
f 378/1/376 380/1/379 381/1/380
f 382/1/381 383/1/382 34/1/34
f 30/1/33 5/1/4 2/1/5
f 1/1/1 382/1/381 2/1/5
f 383/1/382 384/1/383 385/1/384
f 1/1/1 386/1/385 384/1/383
f 21/1/21 20/1/19 387/1/386
f 388/1/387 386/1/385 387/1/386
f 384/1/383 389/1/388 385/1/384
f 388/1/387 391/1/389 389/1/388
f 392/1/390 390/1/391 393/1/392
f 394/1/393 391/1/389 392/1/390
f 395/1/394 385/1/384 389/1/388
f 381/1/380 396/1/395 397/1/396
f 33/1/32 380/1/379 35/1/35
f 34/1/34 396/1/395 33/1/32
f 397/1/396 383/1/382 385/1/384
f 398/1/397 395/1/394 394/1/393
f 399/1/398 381/1/380 397/1/396
f 397/1/396 385/1/384 395/1/394
f 400/1/399 402/1/400 403/1/401
f 404/1/402 401/1/403 405/1/404
f 406/1/405 402/1/400 404/1/402
f 403/1/401 407/1/406 408/1/407
f 408/1/407 409/1/408 410/1/409
f 411/1/410 407/1/406 406/1/405
f 412/1/411 409/1/408 411/1/410
f 410/1/409 413/1/412 414/1/413
f 414/1/413 415/1/414 416/1/415
f 417/1/416 413/1/412 412/1/411
f 418/1/417 415/1/414 417/1/416
f 416/1/415 419/1/418 420/1/419
f 420/1/419 421/1/420 422/1/421
f 423/1/422 419/1/418 418/1/417
f 424/1/423 421/1/420 423/1/422
f 422/1/421 425/1/424 426/1/425
f 427/1/426 429/1/427 430/1/428
f 431/1/429 428/1/430 426/1/425
f 432/1/431 429/1/427 431/1/429
f 430/1/428 433/1/432 434/1/433
f 435/1/434 437/1/435 438/1/436
f 436/1/437 432/1/431 431/1/429
f 426/1/425 437/1/435 431/1/429
f 438/1/436 425/1/424 424/1/423
f 439/1/438 441/1/439 442/1/440
f 376/1/375 440/1/441 82/1/81
f 379/1/377 441/1/439 376/1/375
f 442/1/440 443/1/442 444/1/443
f 445/1/444 447/1/445 448/1/446
f 83/1/85 446/1/447 86/1/84
f 82/1/81 447/1/445 83/1/85
f 448/1/446 440/1/441 439/1/438
f 121/1/120 450/1/448 120/1/118
f 451/1/449 449/1/450 452/1/451
f 453/1/452 450/1/448 451/1/449
f 120/1/118 454/1/453 122/1/121
f 122/1/121 455/1/454 125/1/123
f 456/1/455 454/1/453 453/1/452
f 457/1/456 456/1/455 458/1/457
f 125/1/123 457/1/456 126/1/124
f 245/1/244 459/1/458 460/1/459
f 134/1/132 242/1/243 135/1/134
f 126/1/124 459/1/458 134/1/132
f 460/1/459 457/1/456 458/1/457
f 121/1/120 461/1/460 462/1/461
f 446/1/447 118/1/119 86/1/84
f 445/1/444 461/1/460 446/1/447
f 463/1/462 464/1/463 462/1/461
f 465/1/464 466/1/465 467/1/466
f 442/1/440 468/1/467 439/1/438
f 444/1/443 465/1/464 442/1/440
f 466/1/465 469/1/468 470/1/469
f 464/1/463 471/1/470 472/1/471
f 448/1/446 463/1/462 445/1/444
f 439/1/438 471/1/470 448/1/446
f 468/1/467 467/1/466 472/1/471
f 452/1/451 473/1/472 474/1/473
f 462/1/461 449/1/450 121/1/120
f 462/1/461 464/1/463 474/1/473
f 452/1/451 476/1/474 451/1/449
f 477/1/475 475/1/476 478/1/477
f 479/1/478 476/1/474 477/1/475
f 451/1/449 480/1/479 453/1/452
f 464/1/463 482/1/480 474/1/473
f 483/1/481 481/1/482 484/1/483
f 478/1/477 482/1/480 483/1/481
f 474/1/473 475/1/476 452/1/451
f 485/1/484 486/1/485 484/1/483
f 481/1/482 464/1/463 472/1/471
f 485/1/484 472/1/471 467/1/466
f 487/1/486 488/1/487 486/1/485
f 489/1/488 490/1/489 488/1/487
f 467/1/466 489/1/488 487/1/486
f 490/1/489 491/1/490 492/1/491
f 493/1/492 494/1/493 492/1/491
f 466/1/465 491/1/490 467/1/466
f 470/1/469 493/1/492 466/1/465
f 495/1/494 496/1/495 494/1/493
f 497/1/496 499/1/497 500/1/498
f 490/1/489 498/1/499 488/1/487
f 492/1/491 499/1/497 490/1/489
f 501/1/500 502/1/501 500/1/498
f 503/1/502 505/1/503 506/1/504
f 486/1/485 504/1/505 484/1/483
f 488/1/487 505/1/503 486/1/485
f 506/1/504 498/1/499 497/1/496
f 507/1/506 509/1/507 510/1/508
f 483/1/481 508/1/509 478/1/477
f 484/1/483 509/1/507 483/1/481
f 510/1/508 504/1/505 503/1/502
f 511/1/510 513/1/511 514/1/512
f 479/1/478 512/1/513 511/1/510
f 478/1/477 512/1/513 477/1/475
f 513/1/511 508/1/509 507/1/506
f 515/1/514 517/1/515 518/1/516
f 495/1/494 516/1/517 496/1/495
f 519/1/518 495/1/494 470/1/469
f 518/1/516 519/1/518 520/1/519
f 405/1/404 522/1/520 404/1/402
f 523/1/521 521/1/522 524/1/523
f 525/1/524 522/1/520 523/1/521
f 404/1/402 526/1/525 406/1/405
f 527/1/526 529/1/527 530/1/528
f 518/1/516 528/1/529 515/1/514
f 520/1/519 529/1/527 518/1/516
f 530/1/528 531/1/530 532/1/531
f 524/1/523 534/1/532 523/1/521
f 530/1/528 533/1/533 527/1/526
f 532/1/531 534/1/532 530/1/528
f 523/1/521 535/1/534 525/1/524
f 470/1/469 536/1/535 519/1/518
f 537/1/536 469/1/468 444/1/443
f 538/1/537 536/1/535 537/1/536
f 519/1/518 539/1/538 520/1/519
f 406/1/405 540/1/539 411/1/410
f 541/1/540 526/1/525 525/1/524
f 542/1/541 540/1/539 541/1/540
f 411/1/410 543/1/542 412/1/411
f 520/1/519 544/1/543 531/1/530
f 545/1/544 539/1/538 538/1/537
f 546/1/545 544/1/543 545/1/544
f 531/1/530 547/1/546 532/1/531
f 542/1/541 548/1/547 549/1/548
f 535/1/534 541/1/540 525/1/524
f 532/1/531 548/1/547 535/1/534
f 549/1/548 547/1/546 546/1/545
f 444/1/443 550/1/549 537/1/536
f 551/1/550 443/1/442 379/1/377
f 550/1/549 551/1/550 552/1/551
f 553/1/552 538/1/537 537/1/536
f 412/1/411 554/1/553 417/1/416
f 555/1/554 543/1/542 542/1/541
f 556/1/555 554/1/553 555/1/554
f 417/1/416 557/1/556 418/1/417
f 558/1/557 545/1/544 538/1/537
f 553/1/552 552/1/551 559/1/558
f 560/1/559 558/1/557 559/1/558
f 545/1/544 561/1/560 546/1/545
f 556/1/555 562/1/561 563/1/562
f 549/1/548 555/1/554 542/1/541
f 546/1/545 562/1/561 549/1/548
f 563/1/562 561/1/560 560/1/559
f 556/1/555 565/1/563 557/1/556
f 566/1/564 564/1/565 567/1/566
f 423/1/422 566/1/564 424/1/423
f 418/1/417 565/1/563 423/1/422
f 379/1/377 568/1/567 551/1/550
f 569/1/568 378/1/376 381/1/380
f 568/1/567 569/1/568 570/1/569
f 571/1/570 552/1/551 551/1/550
f 552/1/551 572/1/571 559/1/558
f 573/1/572 571/1/570 570/1/569
f 574/1/573 572/1/571 573/1/572
f 559/1/558 575/1/574 560/1/559
f 567/1/566 576/1/575 577/1/576
f 563/1/562 564/1/565 556/1/555
f 560/1/559 576/1/575 563/1/562
f 577/1/576 575/1/574 574/1/573
f 438/1/436 579/1/577 435/1/434
f 424/1/423 578/1/578 438/1/436
f 567/1/566 578/1/578 566/1/564
f 579/1/577 580/1/579 581/1/580
f 582/1/581 583/1/582 584/1/583
f 569/1/568 585/1/584 570/1/569
f 582/1/581 569/1/568 381/1/380
f 583/1/582 399/1/398 394/1/393
f 581/1/580 586/1/585 587/1/586
f 577/1/576 580/1/579 567/1/566
f 586/1/585 577/1/576 574/1/573
f 587/1/586 588/1/587 589/1/588
f 589/1/588 590/1/589 591/1/590
f 573/1/572 588/1/587 574/1/573
f 570/1/569 590/1/589 573/1/572
f 591/1/590 585/1/584 584/1/583
f 305/1/304 592/1/591 593/1/592
f 340/1/338 301/1/303 300/1/299
f 341/1/340 592/1/591 340/1/338
f 593/1/592 594/1/593 595/1/594
f 596/1/595 597/1/596 598/1/597
f 50/1/50 599/1/598 51/1/599
f 596/1/595 50/1/50 55/1/54
f 597/1/596 153/1/154 152/1/151
f 593/1/592 601/1/600 305/1/304
f 595/1/594 600/1/601 593/1/592
f 603/1/602 602/1/603 604/1/604
f 605/1/605 600/1/601 603/1/602
f 606/1/606 173/1/174 172/1/171
f 608/1/607 606/1/606 605/1/605
f 158/1/157 607/1/608 608/1/607
f 163/1/162 607/1/608 161/1/159
f 605/1/605 610/1/609 608/1/607
f 597/1/596 609/1/610 598/1/597
f 152/1/151 610/1/609 597/1/596
f 608/1/607 159/1/160 158/1/157
f 604/1/604 612/1/611 603/1/602
f 598/1/597 612/1/611 611/1/612
f 603/1/602 609/1/610 605/1/605
f 172/1/171 613/1/613 606/1/606
f 304/1/302 267/1/268 266/1/265
f 305/1/304 613/1/613 304/1/302
f 606/1/606 601/1/600 605/1/605
f 453/1/452 614/1/614 456/1/455
f 480/1/479 479/1/478 615/1/615
f 616/1/616 614/1/614 615/1/615
f 456/1/455 617/1/617 458/1/457
f 615/1/615 619/1/618 616/1/616
f 511/1/510 615/1/615 479/1/478
f 514/1/512 618/1/619 511/1/510
f 621/1/620 618/1/619 620/1/621
f 622/1/622 621/1/620 620/1/621
f 623/1/623 620/1/621 514/1/512
f 623/1/623 625/1/624 622/1/622
f 507/1/506 627/1/625 513/1/511
f 626/1/626 628/1/627 629/1/628
f 627/1/625 629/1/628 625/1/624
f 514/1/512 627/1/625 623/1/623
f 503/1/502 631/1/629 510/1/508
f 632/1/630 630/1/631 633/1/632
f 628/1/627 631/1/629 632/1/630
f 510/1/508 626/1/626 507/1/506
f 633/1/632 634/1/633 635/1/634
f 506/1/504 630/1/631 503/1/502
f 497/1/496 634/1/633 506/1/504
f 635/1/634 636/1/635 637/1/636
f 637/1/636 638/1/637 639/1/638
f 500/1/498 636/1/635 497/1/496
f 502/1/501 638/1/637 500/1/498
f 639/1/638 640/1/639 641/1/640
f 642/1/641 644/1/642 645/1/643
f 639/1/638 642/1/641 637/1/636
f 641/1/640 643/1/644 639/1/638
f 646/1/645 648/1/646 649/1/647
f 635/1/634 647/1/648 633/1/632
f 637/1/636 648/1/646 635/1/634
f 649/1/647 642/1/641 645/1/643
f 650/1/649 652/1/650 653/1/651
f 632/1/630 651/1/652 628/1/627
f 633/1/632 652/1/650 632/1/630
f 653/1/651 647/1/648 646/1/645
f 629/1/628 655/1/653 625/1/624
f 628/1/627 654/1/654 629/1/628
f 650/1/649 654/1/654 651/1/652
f 655/1/653 656/1/655 657/1/656
f 658/1/657 659/1/658 660/1/659
f 621/1/620 661/1/660 660/1/659
f 625/1/624 661/1/660 622/1/622
f 657/1/656 661/1/660 655/1/653
f 616/1/616 662/1/661 663/1/662
f 660/1/659 619/1/618 621/1/620
f 662/1/661 660/1/659 659/1/658
f 664/1/663 665/1/664 663/1/662
f 663/1/662 617/1/617 616/1/616
f 665/1/664 666/1/665 663/1/662
f 666/1/665 667/1/666 668/1/667
f 617/1/617 669/1/668 458/1/457
f 670/1/669 460/1/459 458/1/457
f 669/1/668 668/1/667 671/1/670
f 672/1/671 670/1/669 671/1/670
f 673/1/672 245/1/244 460/1/459
f 245/1/244 674/1/673 244/1/242
f 675/1/674 673/1/672 672/1/671
f 676/1/675 674/1/673 675/1/674
f 244/1/242 677/1/676 246/1/245
f 246/1/245 678/1/677 249/1/247
f 679/1/678 677/1/676 676/1/675
f 678/1/677 679/1/678 680/1/679
f 249/1/247 681/1/680 250/1/248
f 263/1/262 682/1/681 683/1/682
f 253/1/252 260/1/261 254/1/253
f 250/1/248 682/1/681 253/1/252
f 683/1/682 681/1/680 680/1/679
f 684/1/683 685/1/684 686/1/685
f 687/1/686 686/1/685 689/1/687
f 690/1/688 688/1/689 687/1/686
f 680/1/679 692/1/690 683/1/682
f 693/1/691 691/1/692 685/1/684
f 694/1/693 692/1/690 693/1/691
f 683/1/682 695/1/694 263/1/262
f 263/1/262 696/1/695 262/1/260
f 697/1/696 695/1/694 694/1/693
f 698/1/697 696/1/695 697/1/696
f 262/1/260 699/1/698 264/1/263
f 264/1/263 700/1/699 701/1/700
f 702/1/701 699/1/698 698/1/697
f 703/1/702 700/1/699 702/1/701
f 701/1/700 704/1/703 705/1/704
f 706/1/705 707/1/706 705/1/704
f 706/1/705 704/1/703 703/1/702
f 708/1/707 709/1/708 710/1/709
f 708/1/707 707/1/706 706/1/705
f 147/1/146 712/1/710 151/1/149
f 713/1/711 259/1/258 258/1/257
f 714/1/712 712/1/710 713/1/711
f 151/1/149 715/1/713 148/1/147
f 258/1/257 716/1/714 713/1/711
f 265/1/264 264/1/263 701/1/700
f 716/1/714 701/1/700 705/1/704
f 713/1/711 717/1/715 714/1/712
f 714/1/712 718/1/716 719/1/717
f 707/1/706 717/1/715 705/1/704
f 711/1/718 718/1/716 707/1/706
f 719/1/717 720/1/719 721/1/720
f 115/1/115 149/1/150 722/1/721
f 723/1/722 149/1/150 148/1/147
f 724/1/723 722/1/721 723/1/722
f 117/1/116 722/1/721 725/1/724
f 148/1/147 726/1/725 723/1/722
f 719/1/717 715/1/713 714/1/712
f 721/1/720 726/1/725 719/1/717
f 723/1/722 727/1/726 724/1/723
f 721/1/720 729/1/727 727/1/726
f 730/1/728 729/1/727 728/1/729
f 724/1/723 729/1/727 731/1/730
f 711/1/718 733/1/731 720/1/719
f 734/1/732 732/1/733 735/1/734
f 730/1/728 733/1/731 734/1/732
f 720/1/719 728/1/729 721/1/720
f 736/1/735 693/1/691 685/1/684
f 684/1/683 690/1/688 737/1/736
f 738/1/737 736/1/735 737/1/736
f 693/1/691 739/1/738 694/1/693
f 740/1/739 742/1/740 743/1/741
f 744/1/742 741/1/743 745/1/744
f 746/1/745 742/1/740 744/1/742
f 743/1/741 747/1/746 690/1/688
f 738/1/737 748/1/747 749/1/748
f 737/1/736 690/1/688 747/1/746
f 749/1/748 747/1/746 746/1/745
f 694/1/693 750/1/749 697/1/696
f 751/1/750 739/1/738 738/1/737
f 752/1/751 750/1/749 751/1/750
f 697/1/696 753/1/752 698/1/697
f 752/1/751 754/1/753 755/1/754
f 751/1/750 749/1/748 754/1/753
f 746/1/745 754/1/753 749/1/748
f 755/1/754 756/1/755 757/1/756
f 757/1/756 758/1/757 759/1/758
f 744/1/742 756/1/755 746/1/745
f 745/1/744 758/1/757 744/1/742
f 759/1/758 760/1/759 761/1/760
f 762/1/761 702/1/701 698/1/697
f 763/1/762 753/1/752 752/1/751
f 764/1/763 763/1/762 765/1/764
f 703/1/702 762/1/761 764/1/763
f 765/1/764 766/1/765 767/1/766
f 755/1/754 763/1/762 752/1/751
f 757/1/756 766/1/765 755/1/754
f 767/1/766 768/1/767 769/1/768
f 769/1/768 770/1/769 771/1/770
f 759/1/758 768/1/767 757/1/756
f 761/1/760 770/1/769 759/1/758
f 771/1/770 772/1/771 773/1/772
f 774/1/773 740/1/739 775/1/774
f 776/1/775 775/1/774 777/1/776
f 778/1/777 774/1/773 776/1/775
f 745/1/744 774/1/773 779/1/778
f 779/1/778 760/1/759 745/1/744
f 781/1/779 779/1/778 778/1/777
f 782/1/780 780/1/781 781/1/779
f 760/1/759 783/1/782 761/1/760
f 761/1/760 784/1/783 772/1/771
f 785/1/784 783/1/782 782/1/780
f 786/1/785 784/1/783 785/1/784
f 772/1/771 787/1/786 773/1/772
f 773/1/772 788/1/787 789/1/788
f 790/1/789 787/1/786 786/1/785
f 791/1/790 788/1/787 790/1/789
f 789/1/788 792/1/791 793/1/792
f 786/1/785 795/1/793 790/1/789
f 796/1/794 794/1/795 797/1/796
f 798/1/797 795/1/793 796/1/794
f 790/1/789 799/1/798 791/1/790
f 800/1/799 689/1/687 801/1/800
f 801/1/800 802/1/801 803/1/802
f 804/1/803 805/1/804 803/1/802
f 689/1/687 806/1/805 687/1/686
f 807/1/806 800/1/799 804/1/803
f 808/1/807 806/1/805 807/1/806
f 687/1/686 809/1/808 690/1/688
f 777/1/776 810/1/809 811/1/810
f 743/1/741 775/1/774 740/1/739
f 690/1/688 810/1/809 743/1/741
f 811/1/810 809/1/808 808/1/807
f 811/1/810 813/1/811 777/1/776
f 814/1/812 811/1/810 808/1/807
f 815/1/813 812/1/814 814/1/812
f 777/1/776 816/1/815 776/1/775
f 817/1/816 813/1/811 815/1/813
f 818/1/817 816/1/815 817/1/816
f 776/1/775 819/1/818 778/1/777
f 778/1/777 820/1/819 781/1/779
f 821/1/820 819/1/818 818/1/817
f 822/1/821 820/1/819 821/1/820
f 781/1/779 823/1/822 782/1/780
f 797/1/796 824/1/823 825/1/824
f 785/1/784 794/1/795 786/1/785
f 782/1/780 824/1/823 785/1/784
f 825/1/824 823/1/822 822/1/821
f 802/1/801 827/1/825 803/1/802
f 828/1/826 826/1/827 829/1/828
f 830/1/829 827/1/825 828/1/826
f 803/1/802 831/1/830 804/1/803
f 804/1/803 832/1/831 807/1/806
f 833/1/832 831/1/830 830/1/829
f 834/1/833 832/1/831 833/1/832
f 807/1/806 835/1/834 808/1/807
f 836/1/835 838/1/836 839/1/837
f 840/1/838 838/1/836 841/1/839
f 840/1/838 834/1/833 833/1/832
f 830/1/829 839/1/837 833/1/832
f 808/1/807 842/1/840 814/1/812
f 843/1/841 835/1/834 834/1/833
f 844/1/842 842/1/840 843/1/841
f 814/1/812 845/1/843 815/1/813
f 843/1/841 847/1/844 844/1/842
f 834/1/833 846/1/845 843/1/841
f 841/1/839 846/1/845 840/1/838
f 847/1/844 848/1/846 849/1/847
f 815/1/813 850/1/848 817/1/816
f 851/1/849 845/1/843 844/1/842
f 852/1/850 850/1/848 851/1/849
f 817/1/816 853/1/851 818/1/817
f 854/1/852 856/1/853 857/1/854
f 851/1/849 855/1/855 852/1/850
f 844/1/842 856/1/853 851/1/849
f 857/1/854 847/1/844 849/1/847
f 818/1/817 858/1/856 821/1/820
f 859/1/857 853/1/851 852/1/850
f 859/1/857 861/1/858 858/1/856
f 821/1/820 861/1/858 822/1/821
f 862/1/859 864/1/860 865/1/861
f 859/1/857 863/1/862 860/1/863
f 852/1/850 864/1/860 859/1/857
f 855/1/855 854/1/852 865/1/861
f 866/1/864 868/1/865 869/1/866
f 870/1/867 867/1/868 871/1/869
f 872/1/870 868/1/865 870/1/867
f 869/1/866 873/1/871 874/1/872
f 875/1/873 877/1/874 878/1/875
f 879/1/876 876/1/877 880/1/878
f 881/1/879 877/1/874 879/1/876
f 878/1/875 882/1/880 883/1/881
f 884/1/882 886/1/883 887/1/884
f 878/1/875 885/1/885 875/1/873
f 883/1/881 886/1/883 878/1/875
f 887/1/884 888/1/886 889/1/887
f 889/1/887 891/1/888 887/1/884
f 869/1/866 890/1/889 866/1/864
f 874/1/872 891/1/888 869/1/866
f 887/1/884 892/1/890 884/1/882
f 880/1/878 893/1/891 894/1/892
f 895/1/893 876/1/877 875/1/873
f 896/1/894 893/1/891 895/1/893
f 894/1/892 897/1/895 898/1/896
f 899/1/897 901/1/898 902/1/899
f 895/1/893 900/1/900 896/1/894
f 875/1/873 901/1/898 895/1/893
f 902/1/899 885/1/885 884/1/882
f 884/1/882 903/1/901 902/1/899
f 892/1/890 874/1/872 904/1/902
f 905/1/903 903/1/901 904/1/902
f 902/1/899 906/1/904 899/1/897
f 898/1/896 907/1/905 908/1/906
f 909/1/907 897/1/895 896/1/894
f 910/1/908 907/1/905 909/1/907
f 908/1/906 911/1/909 912/1/910
f 829/1/828 913/1/911 914/1/912
f 915/1/913 826/1/827 802/1/801
f 916/1/914 913/1/911 915/1/913
f 914/1/912 917/1/915 918/1/916
f 912/1/910 919/1/917 920/1/918
f 921/1/919 911/1/909 910/1/908
f 922/1/920 919/1/917 921/1/919
f 920/1/918 923/1/921 924/1/922
f 925/1/923 927/1/924 928/1/925
f 909/1/907 926/1/926 910/1/908
f 896/1/894 927/1/924 909/1/907
f 928/1/925 900/1/900 899/1/897
f 929/1/927 922/1/920 921/1/919
f 910/1/908 929/1/927 921/1/919
f 929/1/927 926/1/926 925/1/923
f 899/1/897 931/1/928 928/1/925
f 932/1/929 906/1/904 905/1/903
f 931/1/928 932/1/929 933/1/930
f 928/1/925 934/1/931 925/1/923
f 935/1/932 930/1/933 925/1/923
f 934/1/931 933/1/930 936/1/934
f 937/1/935 935/1/932 936/1/934
f 938/1/936 922/1/920 930/1/933
f 918/1/916 939/1/937 940/1/938
f 941/1/939 917/1/915 916/1/914
f 924/1/922 939/1/937 941/1/939
f 940/1/938 923/1/921 922/1/920
f 874/1/872 942/1/940 904/1/902
f 943/1/941 873/1/871 872/1/870
f 944/1/942 942/1/940 943/1/941
f 904/1/902 945/1/943 905/1/903
f 905/1/903 946/1/944 932/1/929
f 947/1/945 945/1/943 944/1/942
f 948/1/946 946/1/944 947/1/945
f 932/1/929 949/1/947 933/1/930
f 948/1/946 950/1/948 951/1/949
f 947/1/945 944/1/942 952/1/950
f 950/1/948 952/1/950 953/1/951
f 951/1/949 954/1/952 955/1/953
f 956/1/954 958/1/955 959/1/956
f 940/1/938 957/1/957 918/1/916
f 922/1/920 958/1/955 940/1/938
f 959/1/956 938/1/936 937/1/935
f 937/1/935 960/1/958 959/1/956
f 949/1/947 936/1/934 933/1/930
f 948/1/946 960/1/958 949/1/947
f 959/1/956 961/1/959 956/1/954
f 829/1/828 963/1/960 828/1/826
f 964/1/961 962/1/962 965/1/963
f 837/1/964 963/1/960 964/1/961
f 828/1/826 836/1/835 830/1/829
f 966/1/965 968/1/966 969/1/967
f 967/1/968 956/1/954 961/1/959
f 951/1/949 961/1/959 948/1/946
f 951/1/949 955/1/953 969/1/967
f 965/1/963 970/1/969 971/1/970
f 962/1/962 829/1/828 914/1/912
f 970/1/969 914/1/912 918/1/916
f 971/1/970 957/1/957 956/1/954
f 971/1/970 973/1/971 965/1/963
f 956/1/954 972/1/972 971/1/970
f 966/1/965 972/1/972 967/1/968
f 974/1/973 976/1/974 977/1/975
f 339/1/337 975/1/976 336/1/335
f 343/1/342 976/1/974 339/1/337
f 977/1/975 978/1/977 979/1/978
f 979/1/978 980/1/979 981/1/980
f 345/1/344 978/1/977 343/1/342
f 347/1/346 980/1/979 345/1/344
f 981/1/980 982/1/981 983/1/982
f 984/1/983 986/1/984 987/1/985
f 982/1/981 985/1/986 983/1/982
f 349/1/348 982/1/981 347/1/346
f 351/1/350 986/1/984 349/1/348
f 984/1/983 988/1/987 989/1/988
f 353/1/352 987/1/985 351/1/350
f 355/1/354 988/1/987 353/1/352
f 989/1/988 990/1/989 991/1/990
f 991/1/990 992/1/991 993/1/992
f 357/1/356 990/1/989 355/1/354
f 359/1/358 992/1/991 357/1/356
f 993/1/992 994/1/993 995/1/994
f 995/1/994 996/1/995 997/1/996
f 361/1/360 994/1/993 359/1/358
f 363/1/362 996/1/995 361/1/360
f 997/1/996 998/1/997 999/1/998
f 999/1/998 1000/1/999 1001/1/1000
f 365/1/364 998/1/997 363/1/362
f 367/1/366 1000/1/999 365/1/364
f 1001/1/1000 1002/1/1001 1003/1/1002
f 1003/1/1002 1004/1/1003 1005/1/1004
f 369/1/368 1002/1/1001 367/1/366
f 371/1/370 1004/1/1003 369/1/368
f 1005/1/1004 1006/1/1005 1007/1/1006
f 1008/1/1007 1010/1/1008 1011/1/1009
f 1006/1/1005 1009/1/1010 1007/1/1006
f 373/1/372 1006/1/1005 371/1/370
f 375/1/374 1010/1/1008 373/1/372
f 1012/1/1011 1014/1/1012 1015/1/1013
f 1009/1/1010 1012/1/1011 1007/1/1006
f 1016/1/1014 1009/1/1010 1008/1/1007
f 1017/1/1015 1013/1/1016 1016/1/1014
f 1018/1/1017 1020/1/1018 1021/1/1019
f 1022/1/1020 1019/1/1021 1023/1/1022
f 974/1/973 1020/1/1018 1022/1/1020
f 1021/1/1019 977/1/975 979/1/978
f 1024/1/1023 1026/1/1024 1027/1/1025
f 1021/1/1019 1025/1/1026 1018/1/1017
f 979/1/978 1026/1/1024 1021/1/1019
f 1027/1/1025 981/1/980 983/1/982
f 1028/1/1027 1030/1/1028 1031/1/1029
f 1027/1/1025 1029/1/1030 1024/1/1023
f 983/1/982 1030/1/1028 1027/1/1025
f 1031/1/1029 985/1/986 984/1/983
f 1032/1/1031 1034/1/1032 1035/1/1033
f 1031/1/1029 1033/1/1034 1028/1/1027
f 984/1/983 1034/1/1032 1031/1/1029
f 1034/1/1032 991/1/990 1035/1/1033
f 1036/1/1035 1038/1/1036 1039/1/1037
f 1035/1/1033 1037/1/1038 1032/1/1031
f 993/1/992 1035/1/1033 991/1/990
f 995/1/994 1038/1/1036 993/1/992
f 1040/1/1039 1042/1/1040 1043/1/1041
f 1039/1/1037 1041/1/1042 1036/1/1035
f 997/1/996 1039/1/1037 995/1/994
f 999/1/998 1042/1/1040 997/1/996
f 1040/1/1039 1044/1/1043 1045/1/1044
f 1001/1/1000 1043/1/1041 999/1/998
f 1003/1/1002 1044/1/1043 1001/1/1000
f 1045/1/1044 1046/1/1045 1047/1/1046
f 1048/1/1047 1049/1/1048 1050/1/1049
f 1047/1/1046 1051/1/1050 1050/1/1049
f 1005/1/1004 1046/1/1045 1003/1/1002
f 1048/1/1047 1005/1/1004 1007/1/1006
f 1049/1/1048 1052/1/1051 1053/1/1052
f 1012/1/1011 1048/1/1047 1007/1/1006
f 1015/1/1013 1052/1/1051 1012/1/1011
f 1053/1/1052 1054/1/1053 1055/1/1054
f 1023/1/1022 1056/1/1055 1057/1/1056
f 1058/1/1057 1019/1/1021 1018/1/1017
f 1059/1/1058 1056/1/1055 1058/1/1057
f 1057/1/1056 1060/1/1059 1061/1/1060
f 1018/1/1017 1062/1/1061 1058/1/1057
f 1063/1/1062 1025/1/1026 1024/1/1023
f 1064/1/1063 1062/1/1061 1063/1/1062
f 1058/1/1057 1065/1/1064 1059/1/1058
f 1024/1/1023 1066/1/1065 1063/1/1062
f 1067/1/1066 1029/1/1030 1028/1/1027
f 1068/1/1067 1066/1/1065 1067/1/1066
f 1063/1/1062 1069/1/1068 1064/1/1063
f 1028/1/1027 1070/1/1069 1067/1/1066
f 1071/1/1070 1033/1/1034 1032/1/1031
f 1072/1/1071 1070/1/1069 1071/1/1070
f 1067/1/1066 1073/1/1072 1068/1/1067
f 1074/1/1073 1076/1/1074 1077/1/1075
f 1078/1/1076 1075/1/1077 1079/1/1078
f 1061/1/1060 1076/1/1074 1078/1/1076
f 1077/1/1075 1060/1/1059 1059/1/1058
f 1080/1/1079 1082/1/1080 1083/1/1081
f 1077/1/1075 1080/1/1079 1074/1/1073
f 1059/1/1058 1081/1/1082 1077/1/1075
f 1082/1/1080 1065/1/1064 1064/1/1063
f 1084/1/1083 1086/1/1084 1087/1/1085
f 1083/1/1081 1085/1/1086 1084/1/1083
f 1064/1/1063 1085/1/1086 1082/1/1080
f 1086/1/1084 1069/1/1068 1068/1/1067
f 1088/1/1087 1090/1/1088 1091/1/1089
f 1092/1/1090 1091/1/1089 1090/1/1088
f 1094/1/1091 1093/1/1092 1095/1/1093
f 1088/1/1087 1094/1/1091 1096/1/1094
f 1096/1/1094 1097/1/1095 1098/1/1096
f 1099/1/1097 1094/1/1091 1095/1/1093
f 1100/1/1098 1097/1/1095 1099/1/1097
f 1098/1/1096 1101/1/1099 1102/1/1100
f 1102/1/1100 1103/1/1101 1104/1/1102
f 1105/1/1103 1101/1/1099 1100/1/1098
f 1106/1/1104 1103/1/1101 1105/1/1103
f 1104/1/1102 1107/1/1105 1108/1/1106
f 1108/1/1106 1109/1/1107 1110/1/1108
f 1111/1/1109 1107/1/1105 1106/1/1104
f 1112/1/1110 1109/1/1107 1111/1/1109
f 1110/1/1108 1113/1/1111 1114/1/1112
f 1114/1/1112 1115/1/1113 1116/1/1114
f 1117/1/1115 1113/1/1111 1112/1/1110
f 1118/1/1116 1115/1/1113 1117/1/1115
f 1116/1/1114 1119/1/1117 1120/1/1118
f 1120/1/1118 1121/1/1119 1122/1/1120
f 1123/1/1121 1119/1/1117 1118/1/1116
f 1124/1/1122 1121/1/1119 1123/1/1121
f 1125/1/1123 1122/1/1120 1121/1/1119
f 1127/1/1124 1129/1/1125 1130/1/1126
f 1129/1/1125 1125/1/1123 1130/1/1126
f 1131/1/1127 1125/1/1123 1124/1/1122
f 1132/1/1128 1130/1/1126 1131/1/1127
f 1128/1/1129 1133/1/1130 1134/1/1131
f 1135/1/1132 1127/1/1124 1132/1/1128
f 1136/1/1133 1133/1/1130 1135/1/1132
f 1137/1/1134 1134/1/1131 1133/1/1130
f 1139/1/1135 1141/1/1136 1142/1/1137
f 1137/1/1134 1140/1/1138 1138/1/1139
f 1143/1/1140 1137/1/1134 1136/1/1133
f 1144/1/1141 1141/1/1136 1143/1/1140
f 1142/1/1137 1146/1/1142 1139/1/1135
f 1147/1/1143 1142/1/1137 1144/1/1141
f 1148/1/1144 1145/1/1145 1147/1/1143
f 1146/1/1142 1149/1/1146 1150/1/1147
f 1151/1/1148 1153/1/1149 1154/1/1150
f 1152/1/1151 1156/1/1152 1153/1/1149
f 1099/1/1097 1156/1/1152 1100/1/1098
f 1154/1/1150 1099/1/1097 1095/1/1093
f 1155/1/1153 1158/1/1154 1159/1/1155
f 1080/1/1079 1157/1/1156 1074/1/1073
f 1083/1/1081 1158/1/1154 1080/1/1079
f 1159/1/1155 1160/1/1157 1161/1/1158
f 1161/1/1158 1163/1/1159 1159/1/1155
f 1105/1/1103 1162/1/1160 1106/1/1104
f 1100/1/1098 1163/1/1159 1105/1/1103
f 1159/1/1155 1156/1/1152 1155/1/1153
f 1161/1/1158 1164/1/1161 1165/1/1162
f 1084/1/1083 1160/1/1157 1083/1/1081
f 1087/1/1085 1164/1/1161 1084/1/1083
f 1165/1/1162 1166/1/1163 1167/1/1164
f 1167/1/1164 1169/1/1165 1165/1/1162
f 1111/1/1109 1168/1/1166 1112/1/1110
f 1106/1/1104 1169/1/1165 1111/1/1109
f 1165/1/1162 1162/1/1160 1161/1/1158
f 1170/1/1167 1172/1/1168 1173/1/1169
f 1117/1/1115 1171/1/1170 1118/1/1116
f 1112/1/1110 1172/1/1168 1117/1/1115
f 1173/1/1169 1168/1/1166 1167/1/1164
f 1123/1/1121 1175/1/1171 1124/1/1122
f 1118/1/1116 1174/1/1172 1123/1/1121
f 1176/1/1173 1171/1/1170 1170/1/1167
f 1177/1/1174 1174/1/1172 1176/1/1173
f 1178/1/1175 1180/1/1176 1181/1/1177
f 1131/1/1127 1179/1/1178 1132/1/1128
f 1124/1/1122 1180/1/1176 1131/1/1127
f 1181/1/1177 1175/1/1171 1177/1/1174
f 1182/1/1179 1184/1/1180 1185/1/1181
f 1135/1/1132 1183/1/1182 1136/1/1133
f 1132/1/1128 1184/1/1180 1135/1/1132
f 1185/1/1181 1179/1/1178 1178/1/1175
f 1186/1/1183 1188/1/1184 1189/1/1185
f 1143/1/1140 1187/1/1186 1144/1/1141
f 1136/1/1133 1188/1/1184 1143/1/1140
f 1189/1/1185 1183/1/1182 1182/1/1179
f 1190/1/1187 1191/1/1188 1192/1/1189
f 1193/1/1190 1194/1/1191 1079/1/1078
f 1151/1/1148 1190/1/1187 1193/1/1190
f 1191/1/1188 1195/1/1192 1196/1/1193
f 1095/1/1093 1197/1/1194 1154/1/1150
f 1198/1/1195 1093/1/1092 1092/1/1090
f 1196/1/1193 1197/1/1194 1198/1/1195
f 1154/1/1150 1195/1/1192 1151/1/1148
f 1079/1/1078 1199/1/1196 1193/1/1190
f 1157/1/1156 1075/1/1077 1074/1/1073
f 1155/1/1153 1199/1/1196 1157/1/1156
f 1193/1/1190 1152/1/1151 1151/1/1148
f 393/1/392 1200/1/1197 1201/1/1198
f 387/1/386 390/1/391 388/1/387
f 20/1/19 1200/1/1197 387/1/386
f 1201/1/1198 1202/1/1199 1203/1/1200
f 1202/1/1199 1205/1/1201 1203/1/1200
f 19/1/20 1202/1/1199 20/1/19
f 18/1/18 1204/1/1202 19/1/20
f 1205/1/1201 52/1/51 51/1/599
f 1206/1/1203 584/1/583 583/1/582
f 392/1/390 583/1/582 394/1/393
f 393/1/392 1207/1/1204 392/1/390
f 1209/1/1205 1207/1/1204 1208/1/1206
f 1210/1/1207 1211/1/1208 1212/1/1209
f 1212/1/1209 1203/1/1200 1205/1/1201
f 51/1/599 1213/1/1210 1205/1/1201
f 599/1/598 598/1/597 1210/1/1207
f 1214/1/1211 1216/1/1212 1217/1/1213
f 1215/1/1214 1209/1/1205 1208/1/1206
f 393/1/392 1216/1/1212 1208/1/1206
f 1217/1/1213 1201/1/1198 1203/1/1200
f 1217/1/1213 1219/1/1215 1214/1/1211
f 1203/1/1200 1218/1/1216 1217/1/1213
f 1211/1/1208 1218/1/1216 1212/1/1209
f 584/1/583 1220/1/1217 591/1/590
f 1206/1/1203 1209/1/1205 1221/1/1218
f 1222/1/1219 1220/1/1217 1221/1/1218
f 591/1/590 1223/1/1220 589/1/588
f 1211/1/1208 1224/1/1221 1225/1/1222
f 611/1/612 1210/1/1207 598/1/597
f 604/1/604 1224/1/1221 611/1/612
f 1225/1/1222 1226/1/1223 1227/1/1224
f 1228/1/1225 1230/1/1226 1231/1/1227
f 1221/1/1218 1229/1/1228 1222/1/1219
f 1209/1/1205 1230/1/1226 1221/1/1218
f 1231/1/1227 1215/1/1214 1214/1/1211
f 1214/1/1211 1232/1/1229 1231/1/1227
f 1225/1/1222 1219/1/1215 1211/1/1208
f 1227/1/1224 1232/1/1229 1225/1/1222
f 1231/1/1227 1233/1/1230 1228/1/1225
f 1226/1/1223 602/1/603 1234/1/1231
f 1235/1/1232 602/1/603 595/1/594
f 1236/1/1233 1235/1/1232 1237/1/1234
f 1227/1/1224 1234/1/1231 1236/1/1233
f 1238/1/1235 1240/1/1236 1241/1/1237
f 587/1/586 1239/1/1238 581/1/580
f 589/1/588 1240/1/1236 587/1/586
f 1241/1/1237 1223/1/1220 1222/1/1219
f 1222/1/1219 1242/1/1239 1241/1/1237
f 1243/1/1240 1229/1/1228 1228/1/1225
f 1244/1/1241 1242/1/1239 1243/1/1240
f 1241/1/1237 1245/1/1242 1238/1/1235
f 1228/1/1225 1246/1/1243 1243/1/1240
f 1236/1/1233 1233/1/1230 1227/1/1224
f 1237/1/1234 1246/1/1243 1236/1/1233
f 1243/1/1240 1247/1/1244 1244/1/1241
f 435/1/434 1248/1/1245 1249/1/1246
f 579/1/577 581/1/580 1239/1/1238
f 1238/1/1235 1248/1/1245 1239/1/1238
f 1249/1/1246 1250/1/1247 1251/1/1248
f 1251/1/1248 1253/1/1249 1249/1/1246
f 432/1/431 1253/1/1249 1252/1/1250
f 1249/1/1246 436/1/437 435/1/434
f 1237/1/1234 1254/1/1251 1255/1/1252
f 1254/1/1251 1235/1/1232 595/1/594
f 1256/1/1253 594/1/593 341/1/340
f 1255/1/1252 1256/1/1253 1257/1/1254
f 1258/1/1255 1260/1/1256 1261/1/1257
f 1250/1/1247 1259/1/1258 1251/1/1248
f 1238/1/1235 1260/1/1256 1250/1/1247
f 1261/1/1257 1245/1/1242 1244/1/1241
f 1244/1/1241 1262/1/1259 1261/1/1257
f 1255/1/1252 1247/1/1244 1237/1/1234
f 1257/1/1254 1262/1/1259 1255/1/1252
f 1263/1/1260 1258/1/1255 1261/1/1257
f 432/1/431 1264/1/1261 433/1/432
f 1265/1/1262 1252/1/1250 1251/1/1248
f 1266/1/1263 1264/1/1261 1265/1/1262
f 433/1/432 1267/1/1264 434/1/433
f 1268/1/1265 1270/1/1266 1271/1/1267
f 1256/1/1253 1269/1/1268 1257/1/1254
f 341/1/340 1270/1/1266 1256/1/1253
f 1271/1/1267 337/1/339 336/1/335
f 1266/1/1263 1272/1/1269 1273/1/1270
f 1259/1/1258 1265/1/1262 1251/1/1248
f 1259/1/1258 1274/1/1271 1272/1/1269
f 1273/1/1270 1274/1/1271 1275/1/1272
f 1258/1/1255 1276/1/1273 1274/1/1271
f 1263/1/1260 1269/1/1268 1276/1/1273
f 1277/1/1274 1269/1/1268 1268/1/1265
f 1274/1/1271 1277/1/1274 1275/1/1272
f 1278/1/1275 1280/1/1276 1281/1/1277
f 430/1/428 1278/1/1275 427/1/426
f 434/1/433 1279/1/1278 430/1/428
f 1283/1/1279 1279/1/1278 1282/1/1280
f 1284/1/1281 1286/1/1282 1287/1/1283
f 1271/1/1267 1285/1/1284 1268/1/1265
f 336/1/335 1286/1/1282 1271/1/1267
f 1287/1/1283 975/1/976 974/1/973
f 434/1/433 1288/1/1285 1282/1/1280
f 1266/1/1263 1288/1/1285 1267/1/1264
f 1282/1/1280 1289/1/1286 1283/1/1279
f 1290/1/1287 1291/1/1288 1281/1/1277
f 1292/1/1289 1280/1/1276 1283/1/1279
f 1293/1/1290 1290/1/1287 1292/1/1289
f 1291/1/1288 1294/1/1291 1192/1/1189
f 1196/1/1193 1296/1/1292 1191/1/1188
f 1295/1/1293 1281/1/1277 1291/1/1288
f 1291/1/1288 1191/1/1188 1296/1/1292
f 1287/1/1283 1298/1/1294 1284/1/1281
f 974/1/973 1297/1/1295 1287/1/1283
f 1023/1/1022 1297/1/1295 1022/1/1020
f 1298/1/1294 1299/1/1296 1192/1/1189
f 1300/1/1297 1294/1/1291 1293/1/1290
f 1284/1/1281 1301/1/1298 1300/1/1297
f 1294/1/1291 1298/1/1294 1192/1/1189
f 1023/1/1022 1302/1/1299 1299/1/1296
f 1078/1/1076 1057/1/1056 1061/1/1060
f 1079/1/1078 1302/1/1299 1078/1/1076
f 1194/1/1191 1192/1/1189 1299/1/1296
f 1268/1/1265 1303/1/1300 1277/1/1274
f 1300/1/1297 1285/1/1284 1284/1/1281
f 1293/1/1290 1303/1/1300 1300/1/1297
f 1277/1/1274 1304/1/1301 1275/1/1272
f 1283/1/1279 1305/1/1302 1292/1/1289
f 1273/1/1270 1289/1/1286 1266/1/1263
f 1275/1/1272 1305/1/1302 1273/1/1270
f 1292/1/1289 1304/1/1301 1293/1/1290
f 1306/1/1303 1307/1/1304 1281/1/1277
f 1198/1/1195 1295/1/1293 1196/1/1193
f 1092/1/1090 1306/1/1303 1198/1/1195
f 1307/1/1304 1308/1/1305 1309/1/1306
f 1090/1/1088 1308/1/1305 1092/1/1090
f 1311/1/1307 1090/1/1088 1089/1/1308
f 1312/1/1309 1310/1/1310 1311/1/1307
f 1308/1/1305 1313/1/1311 1309/1/1306
f 1314/1/1312 1316/1/1313 1317/1/1314
f 400/1/399 1315/1/1315 1314/1/1312
f 408/1/407 1315/1/1315 403/1/401
f 1316/1/1313 1318/1/1316 1319/1/1317
f 1319/1/1317 1320/1/1318 1321/1/1319
f 410/1/409 1318/1/1316 408/1/407
f 414/1/413 1320/1/1318 410/1/409
f 1321/1/1319 1322/1/1320 1323/1/1321
f 420/1/419 1325/1/1322 416/1/415
f 1326/1/1323 1324/1/1324 1327/1/1325
f 1323/1/1321 1325/1/1322 1326/1/1323
f 416/1/415 1322/1/1320 414/1/413
f 426/1/425 1328/1/1326 422/1/421
f 1329/1/1327 428/1/430 427/1/426
f 1327/1/1325 1328/1/1326 1329/1/1327
f 422/1/421 1324/1/1324 420/1/419
f 427/1/426 1330/1/1328 1329/1/1327
f 1307/1/1304 1278/1/1275 1281/1/1277
f 1309/1/1306 1330/1/1328 1307/1/1304
f 1329/1/1327 1331/1/1329 1327/1/1325
f 1332/1/1330 1334/1/1331 1335/1/1332
f 1326/1/1323 1333/1/1333 1323/1/1321
f 1334/1/1331 1326/1/1323 1327/1/1325
f 1335/1/1332 1336/1/1334 1337/1/1335
f 1331/1/1329 1336/1/1334 1327/1/1325
f 1339/1/1336 1331/1/1329 1309/1/1306
f 1337/1/1335 1338/1/1337 1339/1/1336
f 1340/1/1338 1342/1/1339 1343/1/1340
f 1339/1/1336 1341/1/1341 1337/1/1335
f 1342/1/1339 1339/1/1336 1309/1/1306
f 1313/1/1311 1312/1/1309 1343/1/1340
f 1337/1/1335 1344/1/1342 1335/1/1332
f 1341/1/1341 1340/1/1338 1345/1/1343
f 1346/1/1344 1344/1/1342 1345/1/1343
f 1335/1/1332 1347/1/1345 1332/1/1330
f 1348/1/1346 1350/1/1347 1351/1/1348
f 870/1/867 1349/1/1349 872/1/870
f 871/1/869 1350/1/1347 870/1/867
f 1351/1/1348 1352/1/1350 1353/1/1351
f 1354/1/1352 1356/1/1353 1357/1/1354
f 943/1/941 1355/1/1355 944/1/942
f 872/1/870 1356/1/1353 943/1/941
f 1357/1/1354 1349/1/1349 1348/1/1346
f 944/1/942 1358/1/1356 952/1/950
f 1359/1/1357 1355/1/1355 1354/1/1352
f 1360/1/1358 1358/1/1356 1359/1/1357
f 952/1/950 1361/1/1359 953/1/951
f 953/1/951 1362/1/1360 954/1/952
f 1361/1/1359 1360/1/1358 1363/1/1361
f 1364/1/1362 1362/1/1360 1363/1/1361
f 954/1/952 1365/1/1363 955/1/953
f 955/1/953 1366/1/1364 969/1/967
f 1367/1/1365 1365/1/1363 1364/1/1362
f 1368/1/1366 1366/1/1364 1367/1/1365
f 969/1/967 1369/1/1367 966/1/965
f 1370/1/1368 1371/1/1369 1372/1/1370
f 973/1/971 1373/1/1371 965/1/963
f 966/1/965 1370/1/1368 973/1/971
f 1371/1/1369 1369/1/1367 1368/1/1366
f 1373/1/1371 964/1/961 965/1/963
f 1375/1/1372 1373/1/1371 1372/1/1370
f 1376/1/1373 1374/1/1374 1375/1/1372
f 837/1/964 1374/1/1374 1377/1/1375
f 1376/1/1373 1379/1/1376 1377/1/1375
f 1380/1/1377 1378/1/1378 1381/1/1379
f 841/1/839 1379/1/1376 1380/1/1377
f 838/1/836 837/1/964 1377/1/1375
f 849/1/847 1382/1/1380 1383/1/1381
f 1380/1/1377 848/1/846 841/1/839
f 1381/1/1379 1382/1/1380 1380/1/1377
f 1383/1/1381 1384/1/1382 1385/1/1383
f 849/1/847 1386/1/1384 857/1/854
f 1385/1/1383 1386/1/1384 1383/1/1381
f 1388/1/1385 1387/1/1386 1389/1/1387
f 857/1/854 1388/1/1385 854/1/852
f 862/1/859 1390/1/1388 1391/1/1389
f 854/1/852 1390/1/1388 865/1/861
f 1389/1/1387 1390/1/1388 1388/1/1385
f 1391/1/1389 1392/1/1390 1393/1/1391
f 1364/1/1362 1395/1/1392 1367/1/1365
f 1396/1/1393 1394/1/1394 1397/1/1395
f 1398/1/1396 1395/1/1392 1396/1/1393
f 1367/1/1365 1399/1/1397 1368/1/1366
f 1368/1/1366 1400/1/1398 1371/1/1369
f 1401/1/1399 1399/1/1397 1398/1/1396
f 1402/1/1400 1400/1/1398 1401/1/1399
f 1371/1/1369 1403/1/1401 1372/1/1370
f 1372/1/1370 1404/1/1402 1375/1/1372
f 1405/1/1403 1403/1/1401 1402/1/1400
f 1406/1/1404 1404/1/1402 1405/1/1403
f 1375/1/1372 1407/1/1405 1376/1/1373
f 1376/1/1373 1408/1/1406 1378/1/1378
f 1409/1/1407 1407/1/1405 1406/1/1404
f 1410/1/1408 1409/1/1407 1411/1/1409
f 1381/1/1379 1408/1/1406 1410/1/1408
f 1385/1/1383 1412/1/1410 1413/1/1411
f 1410/1/1408 1384/1/1382 1381/1/1379
f 1411/1/1409 1412/1/1410 1410/1/1408
f 1413/1/1411 1414/1/1412 1415/1/1413
f 1389/1/1387 1416/1/1414 1417/1/1415
f 1413/1/1411 1387/1/1386 1385/1/1383
f 1415/1/1413 1416/1/1414 1413/1/1411
f 1418/1/1416 1419/1/1417 1417/1/1415
f 1393/1/1391 1420/1/1418 1421/1/1419
f 1417/1/1415 1392/1/1390 1389/1/1387
f 1419/1/1417 1420/1/1418 1417/1/1415
f 1421/1/1419 1422/1/1420 1423/1/1421
f 773/1/772 1424/1/1422 771/1/770
f 1425/1/1423 789/1/788 793/1/792
f 1426/1/1424 1424/1/1422 1425/1/1423
f 771/1/770 1427/1/1425 769/1/768
f 791/1/790 1428/1/1426 1429/1/1427
f 1430/1/1428 799/1/798 798/1/797
f 1431/1/1429 1428/1/1426 1430/1/1428
f 1429/1/1427 1432/1/1430 1433/1/1431
f 1434/1/1432 1436/1/1433 1437/1/1434
f 792/1/791 1435/1/1435 793/1/792
f 1429/1/1427 792/1/791 791/1/790
f 1429/1/1427 1437/1/1434 1436/1/1433
f 1438/1/1436 765/1/764 767/1/766
f 769/1/768 1439/1/1437 767/1/766
f 1440/1/1438 1427/1/1425 1426/1/1424
f 1439/1/1437 1440/1/1438 1441/1/1439
f 1442/1/1440 1444/1/1441 1445/1/1442
f 1425/1/1423 1443/1/1443 1426/1/1424
f 793/1/792 1444/1/1441 1425/1/1423
f 1434/1/1432 1444/1/1441 1435/1/1435
f 1446/1/1444 1448/1/1445 1449/1/1446
f 1445/1/1442 1447/1/1447 1442/1/1440
f 1437/1/1434 1445/1/1442 1434/1/1432
f 1433/1/1431 1448/1/1445 1437/1/1434
f 1433/1/1431 1450/1/1448 1449/1/1446
f 1432/1/1430 1431/1/1429 1451/1/1449
f 1452/1/1450 1451/1/1449 1453/1/1451
f 1446/1/1444 1450/1/1448 1452/1/1450
f 797/1/796 1454/1/1452 1455/1/1453
f 825/1/824 822/1/821 1456/1/1454
f 1454/1/1452 1456/1/1454 1457/1/1455
f 1455/1/1453 1458/1/1456 1459/1/1457
f 1460/1/1458 1461/1/1459 1457/1/1455
f 1456/1/1454 822/1/821 861/1/858
f 860/1/863 1460/1/1458 861/1/858
f 1462/1/1460 1463/1/1461 1461/1/1459
f 1464/1/1462 1465/1/1463 1463/1/1461
f 863/1/862 1462/1/1460 860/1/863
f 862/1/859 1464/1/1462 863/1/862
f 1465/1/1463 1466/1/1464 1467/1/1465
f 1467/1/1465 1468/1/1466 1469/1/1467
f 1391/1/1389 1466/1/1464 862/1/859
f 1393/1/1391 1468/1/1466 1391/1/1389
f 1469/1/1467 1470/1/1468 1471/1/1469
f 1393/1/1391 1421/1/1419 1472/1/1470
f 1473/1/1471 1421/1/1419 1423/1/1421
f 1474/1/1472 1472/1/1470 1473/1/1471
f 1471/1/1469 1472/1/1470 1475/1/1473
f 1471/1/1469 1476/1/1474 1477/1/1475
f 1478/1/1476 1475/1/1473 1474/1/1472
f 1479/1/1477 1476/1/1474 1478/1/1476
f 1476/1/1474 1480/1/1478 1481/1/1479
f 1482/1/1480 1477/1/1475 1481/1/1479
f 1483/1/1481 1484/1/1482 1485/1/1483
f 1469/1/1467 1483/1/1481 1467/1/1465
f 1471/1/1469 1482/1/1480 1469/1/1467
f 1485/1/1483 1486/1/1484 1487/1/1485
f 1480/1/1478 1484/1/1482 1481/1/1479
f 1479/1/1477 1486/1/1484 1480/1/1478
f 1487/1/1485 1488/1/1486 1489/1/1487
f 1467/1/1465 1490/1/1488 1465/1/1463
f 1491/1/1489 1483/1/1481 1485/1/1483
f 1492/1/1490 1490/1/1488 1491/1/1489
f 1465/1/1463 1493/1/1491 1463/1/1461
f 1479/1/1477 1494/1/1492 1495/1/1493
f 1474/1/1472 1494/1/1492 1478/1/1476
f 1495/1/1493 1496/1/1494 1497/1/1495
f 1492/1/1490 1498/1/1496 1499/1/1497
f 1487/1/1485 1491/1/1489 1485/1/1483
f 1489/1/1487 1498/1/1496 1487/1/1485
f 1499/1/1497 1500/1/1498 1501/1/1499
f 1489/1/1487 1502/1/1500 1500/1/1498
f 1495/1/1493 1488/1/1486 1479/1/1477
f 1497/1/1495 1502/1/1500 1495/1/1493
f 1501/1/1499 1502/1/1500 1503/1/1501
f 197/1/196 1504/1/1502 216/1/215
f 1505/1/1503 196/1/195 76/1/75
f 1506/1/1504 1504/1/1502 1505/1/1503
f 216/1/215 1507/1/1505 217/1/216
f 219/1/218 1508/1/1506 226/1/225
f 1509/1/1507 218/1/217 217/1/216
f 1510/1/1508 1508/1/1506 1509/1/1507
f 226/1/225 1511/1/1509 227/1/226
f 1512/1/1510 1514/1/1511 1515/1/1512
f 233/1/231 1513/1/1513 230/1/229
f 227/1/226 1514/1/1511 233/1/231
f 1515/1/1512 1511/1/1509 1510/1/1508
f 81/1/80 1517/1/1514 79/1/77
f 1518/1/1515 1516/1/1516 1519/1/1517
f 1505/1/1503 1518/1/1515 1506/1/1504
f 76/1/75 1517/1/1514 1505/1/1503
f 217/1/216 1520/1/1518 1509/1/1507
f 1521/1/1519 1507/1/1505 1506/1/1504
f 1522/1/1520 1520/1/1518 1521/1/1519
f 1509/1/1507 1523/1/1521 1510/1/1508
f 1510/1/1508 1524/1/1522 1515/1/1512
f 1525/1/1523 1523/1/1521 1522/1/1520
f 1526/1/1524 1524/1/1522 1525/1/1523
f 1515/1/1512 1527/1/1525 1512/1/1510
f 1519/1/1517 1529/1/1526 1518/1/1515
f 1530/1/1527 1528/1/1528 1531/1/1529
f 1529/1/1526 1530/1/1527 1522/1/1520
f 1518/1/1515 1521/1/1519 1506/1/1504
f 1519/1/1517 1532/1/1530 1533/1/1531
f 116/1/114 1516/1/1516 81/1/80
f 117/1/116 1532/1/1530 116/1/114
f 1533/1/1531 1534/1/1532 1535/1/1533
f 1526/1/1524 1536/1/1534 1537/1/1535
f 1530/1/1527 1525/1/1523 1522/1/1520
f 1531/1/1529 1536/1/1534 1530/1/1527
f 1537/1/1535 1538/1/1536 1539/1/1537
f 1540/1/1538 725/1/724 724/1/723
f 1542/1/1539 1540/1/1538 1543/1/1540
f 1535/1/1533 1541/1/1541 1542/1/1539
f 725/1/724 1534/1/1532 117/1/116
f 1531/1/1529 1544/1/1542 1545/1/1543
f 1528/1/1528 1519/1/1517 1533/1/1531
f 1535/1/1533 1544/1/1542 1533/1/1531
f 1545/1/1543 1546/1/1544 1547/1/1545
f 1539/1/1537 1548/1/1546 1549/1/1547
f 1545/1/1543 1538/1/1536 1531/1/1529
f 1547/1/1545 1548/1/1546 1545/1/1543
f 1549/1/1547 1550/1/1548 1551/1/1549
f 730/1/728 1553/1/1550 731/1/730
f 1552/1/1551 1555/1/1552 1553/1/1550
f 1543/1/1540 1553/1/1550 1555/1/1552
f 731/1/730 1540/1/1538 724/1/723
f 1547/1/1545 1556/1/1553 1557/1/1554
f 1542/1/1539 1546/1/1544 1535/1/1533
f 1543/1/1540 1556/1/1553 1542/1/1539
f 1557/1/1554 1558/1/1555 1559/1/1556
f 1559/1/1556 1561/1/1557 1557/1/1554
f 1562/1/1558 1560/1/1559 1563/1/1560
f 1551/1/1549 1561/1/1557 1562/1/1558
f 1557/1/1554 1550/1/1548 1547/1/1545
f 1564/1/1561 1565/1/1562 1554/1/1563
f 734/1/732 1552/1/1551 730/1/728
f 735/1/734 1564/1/1561 734/1/732
f 1565/1/1562 1566/1/1564 1567/1/1565
f 1568/1/1566 1558/1/1555 1543/1/1540
f 1569/1/1567 1555/1/1552 1554/1/1563
f 1570/1/1568 1568/1/1566 1569/1/1567
f 1559/1/1556 1568/1/1566 1571/1/1569
f 1563/1/1560 1572/1/1570 1573/1/1571
f 1571/1/1569 1560/1/1559 1559/1/1556
f 1572/1/1570 1571/1/1569 1570/1/1568
f 1574/1/1572 1575/1/1573 1573/1/1571
f 1570/1/1568 1576/1/1574 1577/1/1575
f 1565/1/1562 1569/1/1567 1554/1/1563
f 1567/1/1565 1576/1/1574 1565/1/1562
f 1577/1/1575 1578/1/1576 1579/1/1577
f 1580/1/1578 1581/1/1579 1575/1/1573
f 1577/1/1575 1574/1/1572 1570/1/1568
f 1579/1/1577 1580/1/1578 1577/1/1575
f 1581/1/1579 1582/1/1580 1583/1/1581
f 1584/1/1582 1585/1/1583 502/1/501
f 501/1/500 492/1/491 1586/1/1584
f 1584/1/1582 1586/1/1584 1587/1/1585
f 1585/1/1583 1588/1/1586 1589/1/1587
f 1590/1/1588 1587/1/1585 1586/1/1584
f 494/1/493 1586/1/1584 492/1/491
f 496/1/495 1591/1/1589 494/1/493
f 1591/1/1589 1592/1/1590 1593/1/1591
f 1587/1/1585 1594/1/1592 1595/1/1593
f 1596/1/1594 1590/1/1588 1593/1/1591
f 1597/1/1595 1594/1/1592 1596/1/1594
f 1595/1/1593 1598/1/1596 1599/1/1597
f 496/1/495 1600/1/1598 1592/1/1590
f 1601/1/1599 516/1/517 515/1/514
f 1602/1/1600 1600/1/1598 1601/1/1599
f 1592/1/1590 1603/1/1601 1593/1/1591
f 1604/1/1602 1602/1/1600 1601/1/1599
f 1604/1/1602 515/1/514 528/1/529
f 528/1/529 1605/1/1603 1604/1/1602
f 1593/1/1591 1606/1/1604 1596/1/1594
f 1607/1/1605 1603/1/1601 1602/1/1600
f 1608/1/1606 1606/1/1604 1607/1/1605
f 1596/1/1594 1609/1/1607 1597/1/1595
f 1610/1/1608 1612/1/1609 1613/1/1610
f 1605/1/1603 1611/1/1611 1602/1/1600
f 527/1/526 1612/1/1609 1605/1/1603
f 1613/1/1610 533/1/533 524/1/523
f 1602/1/1600 1614/1/1612 1607/1/1605
f 1611/1/1611 1610/1/1608 1615/1/1613
f 1616/1/1614 1614/1/1612 1615/1/1613
f 1607/1/1605 1617/1/1615 1608/1/1606
f 1610/1/1608 1618/1/1616 1619/1/1617
f 524/1/523 1618/1/1616 1613/1/1610
f 405/1/404 1618/1/1616 521/1/522
f 1619/1/1617 1620/1/1618 1621/1/1619
f 1622/1/1620 1624/1/1621 1625/1/1622
f 1626/1/1623 1623/1/1624 1627/1/1625
f 1628/1/1626 1624/1/1621 1626/1/1623
f 1625/1/1622 1629/1/1627 1599/1/1597
f 1630/1/1628 1632/1/1629 1633/1/1630
f 1625/1/1622 1631/1/1631 1622/1/1620
f 1599/1/1597 1632/1/1629 1625/1/1622
f 1633/1/1630 1598/1/1596 1597/1/1595
f 1634/1/1632 1636/1/1633 1637/1/1634
f 1633/1/1630 1635/1/1635 1630/1/1628
f 1597/1/1595 1636/1/1633 1633/1/1630
f 1637/1/1634 1609/1/1607 1608/1/1606
f 1638/1/1636 1640/1/1637 1641/1/1638
f 1638/1/1636 1637/1/1634 1639/1/1639
f 1608/1/1606 1639/1/1639 1637/1/1634
f 1616/1/1614 1639/1/1639 1617/1/1615
f 1627/1/1625 1642/1/1640 1643/1/1641
f 1644/1/1642 1623/1/1624 1622/1/1620
f 1645/1/1643 1642/1/1640 1644/1/1642
f 1643/1/1641 1646/1/1644 1647/1/1645
f 1622/1/1620 1648/1/1646 1644/1/1642
f 1648/1/1646 1630/1/1628 1649/1/1647
f 1648/1/1646 1650/1/1648 1651/1/1649
f 1644/1/1642 1651/1/1649 1645/1/1643
f 1652/1/1650 1630/1/1628 1635/1/1635
f 1652/1/1650 1634/1/1632 1653/1/1651
f 1652/1/1650 1654/1/1652 1655/1/1653
f 1652/1/1650 1650/1/1648 1649/1/1647
f 1641/1/1638 1657/1/1654 1638/1/1636
f 1657/1/1654 1658/1/1655 1659/1/1656
f 1657/1/1654 1654/1/1652 1653/1/1651
f 1653/1/1651 1638/1/1636 1657/1/1654
f 1658/1/1655 1660/1/1657 1661/1/1658
f 1662/1/1659 1656/1/1660 1641/1/1638
f 1663/1/1661 1660/1/1657 1662/1/1659
f 1661/1/1658 1664/1/1662 1665/1/1663
f 1666/1/1664 1667/1/1665 1665/1/1663
f 1664/1/1662 1663/1/1661 1668/1/1666
f 1666/1/1664 1668/1/1666 1669/1/1667
f 1667/1/1665 1670/1/1668 1671/1/1669
f 1672/1/1670 1674/1/1671 1675/1/1672
f 1673/1/1673 1677/1/1674 1674/1/1671
f 1671/1/1669 1674/1/1671 1677/1/1674
f 1675/1/1672 1670/1/1668 1669/1/1667
f 1676/1/1675 1678/1/1676 1679/1/1677
f 1680/1/1678 1673/1/1673 1672/1/1670
f 1681/1/1679 1678/1/1676 1680/1/1678
f 1679/1/1677 1682/1/1680 1683/1/1681
f 1684/1/1682 1685/1/1683 1686/1/1684
f 1683/1/1681 1684/1/1682 1687/1/1685
f 1688/1/1686 1682/1/1680 1681/1/1679
f 1689/1/1687 1684/1/1682 1688/1/1686
f 1690/1/1688 1685/1/1683 1689/1/1687
f 1691/1/1689 1692/1/1690 1693/1/1691
f 1694/1/1692 1690/1/1688 1691/1/1689
f 1695/1/1693 1686/1/1684 1685/1/1683
f 1696/1/1694 1691/1/1689 1693/1/1691
f 1698/1/1695 1697/1/1696 1696/1/1694
f 1700/1/1697 1699/1/1698 1701/1/1699
f 1691/1/1689 1700/1/1697 1694/1/1692
f 1701/1/1699 1702/1/1700 1703/1/1701
f 1704/1/1702 1699/1/1698 1698/1/1695
f 1705/1/1703 1702/1/1700 1704/1/1702
f 1703/1/1701 1706/1/1704 1707/1/1705
f 1708/1/1706 1706/1/1704 1705/1/1703
f 1643/1/1641 1708/1/1706 1627/1/1625
f 1647/1/1645 1709/1/1707 1643/1/1641
f 1707/1/1705 1709/1/1707 1710/1/1708
f 1711/1/1709 1712/1/1710 1713/1/1711
f 1714/1/1712 1665/1/1663 1667/1/1665
f 1671/1/1669 1711/1/1709 1667/1/1665
f 1715/1/1713 1712/1/1710 1711/1/1709
f 1671/1/1669 1717/1/1714 1715/1/1713
f 1718/1/1715 1677/1/1674 1676/1/1675
f 1719/1/1716 1717/1/1714 1718/1/1715
f 1715/1/1713 1720/1/1717 1716/1/1718
f 1719/1/1716 1721/1/1719 1722/1/1720
f 1679/1/1677 1718/1/1715 1676/1/1675
f 1683/1/1681 1721/1/1719 1679/1/1677
f 1721/1/1719 1724/1/1721 1722/1/1720
f 1683/1/1681 1725/1/1722 1723/1/1723
f 1726/1/1724 1687/1/1685 1686/1/1684
f 1727/1/1725 1725/1/1722 1726/1/1724
f 1723/1/1723 1728/1/1726 1724/1/1721
f 1686/1/1684 1729/1/1727 1726/1/1724
f 1730/1/1728 1695/1/1693 1694/1/1692
f 1731/1/1729 1729/1/1727 1730/1/1728
f 1726/1/1724 1732/1/1730 1727/1/1725
f 1694/1/1692 1733/1/1731 1730/1/1728
f 1734/1/1732 1700/1/1697 1701/1/1699
f 1735/1/1733 1733/1/1731 1734/1/1732
f 1730/1/1728 1736/1/1734 1731/1/1729
f 1710/1/1708 1738/1/1735 1707/1/1705
f 1739/1/1736 1710/1/1708 1647/1/1645
f 1740/1/1737 1737/1/1738 1739/1/1736
f 1742/1/1739 1737/1/1738 1741/1/1740
f 1735/1/1733 1743/1/1741 1744/1/1742
f 1703/1/1701 1734/1/1732 1701/1/1699
f 1707/1/1705 1743/1/1741 1703/1/1701
f 1744/1/1742 1738/1/1735 1742/1/1739
f 1716/1/1718 1745/1/1743 1746/1/1744
f 1747/1/1745 1720/1/1717 1719/1/1716
f 1748/1/1746 1747/1/1745 1749/1/1747
f 1745/1/1743 1748/1/1746 1750/1/1748
f 1749/1/1747 1751/1/1749 1752/1/1750
f 1722/1/1720 1747/1/1745 1719/1/1716
f 1724/1/1721 1751/1/1749 1722/1/1720
f 1753/1/1751 1754/1/1752 1752/1/1750
f 1724/1/1721 1755/1/1753 1753/1/1751
f 1756/1/1754 1728/1/1726 1727/1/1725
f 1757/1/1755 1755/1/1753 1756/1/1754
f 1753/1/1751 1758/1/1756 1754/1/1752
f 1727/1/1725 1759/1/1757 1756/1/1754
f 1760/1/1758 1732/1/1730 1731/1/1729
f 1761/1/1759 1759/1/1757 1760/1/1758
f 1756/1/1754 1762/1/1760 1757/1/1755
f 1731/1/1729 1763/1/1761 1760/1/1758
f 1764/1/1762 1736/1/1734 1735/1/1733
f 1765/1/1763 1763/1/1761 1764/1/1762
f 1760/1/1758 1766/1/1764 1761/1/1759
f 1765/1/1763 1767/1/1765 1768/1/1766
f 1744/1/1742 1764/1/1762 1735/1/1733
f 1742/1/1739 1767/1/1765 1744/1/1742
f 1768/1/1766 1769/1/1767 1770/1/1768
f 1771/1/1769 1651/1/1649 1772/1/1770
f 1772/1/1770 1650/1/1648 1773/1/1771
f 1772/1/1770 1774/1/1772 1775/1/1773
f 1776/1/1774 1772/1/1770 1775/1/1773
f 1777/1/1775 1779/1/1776 1780/1/1777
f 1765/1/1763 1777/1/1775 1780/1/1777
f 1777/1/1775 1770/1/1768 1778/1/1778
f 1781/1/1779 1779/1/1776 1783/1/1780
f 1754/1/1752 1781/1/1779 1783/1/1780
f 1757/1/1755 1781/1/1779 1758/1/1756
f 1784/1/1781 1774/1/1772 1773/1/1771
f 1784/1/1781 1650/1/1648 1655/1/1653
f 1784/1/1781 1654/1/1652 1786/1/1782
f 1784/1/1781 1787/1/1783 1785/1/1784
f 1788/1/1785 1790/1/1786 1779/1/1776
f 1750/1/1748 1789/1/1787 1788/1/1785
f 1749/1/1747 1789/1/1787 1748/1/1746
f 1783/1/1780 1779/1/1776 1790/1/1786
f 1749/1/1747 1791/1/1788 1790/1/1786
f 1754/1/1752 1791/1/1788 1752/1/1750
f 1792/1/1789 1779/1/1776 1782/1/1790
f 1757/1/1755 1792/1/1789 1782/1/1790
f 1761/1/1759 1792/1/1789 1762/1/1760
f 1794/1/1791 1779/1/1776 1793/1/1792
f 1761/1/1759 1794/1/1791 1793/1/1792
f 1794/1/1791 1765/1/1763 1780/1/1777
f 1769/1/1767 1796/1/1793 1770/1/1768
f 1741/1/1740 1769/1/1767 1742/1/1739
f 1797/1/1794 1741/1/1740 1740/1/1737
f 1798/1/1795 1795/1/1796 1797/1/1794
f 1799/1/1797 1779/1/1776 1778/1/1778
f 1770/1/1768 1799/1/1797 1778/1/1778
f 1798/1/1795 1799/1/1797 1796/1/1793
f 1801/1/1798 1803/1/1799 1804/1/1800
f 1750/1/1748 1802/1/1801 1801/1/1798
f 1788/1/1785 1779/1/1776 1803/1/1799
f 1647/1/1645 1805/1/1802 1739/1/1736
f 1771/1/1769 1646/1/1644 1645/1/1643
f 1776/1/1774 1805/1/1802 1771/1/1769
f 1739/1/1736 1806/1/1803 1740/1/1737
f 1807/1/1804 1776/1/1774 1775/1/1773
f 1807/1/1804 1774/1/1772 1785/1/1784
f 1807/1/1804 1787/1/1783 1809/1/1805
f 1807/1/1804 1810/1/1806 1808/1/1807
f 1810/1/1806 1812/1/1808 1808/1/1807
f 1797/1/1794 1811/1/1809 1798/1/1795
f 1740/1/1737 1812/1/1808 1797/1/1794
f 1808/1/1807 1806/1/1803 1776/1/1774
f 1813/1/1810 1787/1/1783 1786/1/1782
f 1813/1/1810 1654/1/1652 1659/1/1656
f 1813/1/1810 1658/1/1655 1815/1/1811
f 1814/1/1812 1815/1/1811 1816/1/1813
f 1817/1/1814 1816/1/1813 1815/1/1811
f 1661/1/1658 1815/1/1811 1658/1/1655
f 1818/1/1815 1661/1/1658 1665/1/1663
f 1714/1/1712 1713/1/1711 1817/1/1814
f 1810/1/1806 1819/1/1816 1820/1/1817
f 1819/1/1816 1787/1/1783 1814/1/1812
f 1819/1/1816 1816/1/1813 1821/1/1818
f 1820/1/1817 1821/1/1818 1804/1/1800
f 1821/1/1818 1817/1/1814 1822/1/1819
f 1822/1/1819 1713/1/1711 1823/1/1820
f 1822/1/1819 1804/1/1800 1821/1/1818
f 1801/1/1798 1804/1/1800 1823/1/1820
f 1823/1/1820 1713/1/1711 1712/1/1710
f 1746/1/1744 1712/1/1710 1716/1/1718
f 1801/1/1798 1746/1/1744 1750/1/1748
f 1804/1/1800 1825/1/1821 1820/1/1817
f 1800/1/1822 1803/1/1799 1779/1/1776
f 1798/1/1795 1825/1/1821 1800/1/1822
f 1820/1/1817 1811/1/1809 1810/1/1806
f 1589/1/1587 1826/1/1823 1827/1/1824
f 1595/1/1593 1588/1/1586 1587/1/1585
f 1599/1/1597 1826/1/1823 1595/1/1593
f 1827/1/1824 1629/1/1627 1628/1/1626
f 1627/1/1625 1828/1/1825 1626/1/1623
f 1705/1/1703 1828/1/1825 1708/1/1706
f 1830/1/1826 1829/1/1827 1831/1/1828
f 1626/1/1623 1830/1/1826 1628/1/1626
f 1831/1/1828 1832/1/1829 1833/1/1830
f 1704/1/1702 1829/1/1827 1705/1/1703
f 1698/1/1695 1832/1/1829 1704/1/1702
f 1833/1/1830 1834/1/1831 1835/1/1832
f 1835/1/1832 1836/1/1833 1837/1/1834
f 1696/1/1694 1834/1/1831 1698/1/1695
f 1693/1/1691 1836/1/1833 1696/1/1694
f 1837/1/1834 1838/1/1835 1839/1/1836
f 1838/1/1835 1841/1/1837 1839/1/1836
f 1692/1/1690 1838/1/1835 1693/1/1691
f 1840/1/1838 1692/1/1690 1689/1/1687
f 1841/1/1837 1842/1/1839 1843/1/1840
f 1844/1/1841 1846/1/1842 1847/1/1843
f 1848/1/1844 1844/1/1841 1849/1/1845
f 1841/1/1837 1848/1/1844 1839/1/1836
f 1846/1/1842 1841/1/1837 1843/1/1840
f 1688/1/1686 1842/1/1839 1689/1/1687
f 1850/1/1846 1688/1/1686 1681/1/1679
f 1851/1/1847 1852/1/1848 1853/1/1849
f 1842/1/1839 1851/1/1847 1843/1/1840
f 1853/1/1849 1854/1/1850 1855/1/1851
f 1680/1/1678 1852/1/1848 1681/1/1679
f 1672/1/1670 1854/1/1850 1680/1/1678
f 1855/1/1851 1856/1/1852 1857/1/1853
f 1857/1/1853 1858/1/1854 1859/1/1855
f 1675/1/1672 1856/1/1852 1672/1/1670
f 1669/1/1667 1858/1/1854 1675/1/1672
f 1859/1/1855 1860/1/1856 1861/1/1857
f 1641/1/1638 1862/1/1858 1662/1/1659
f 1863/1/1859 1640/1/1637 1616/1/1614
f 1864/1/1860 1862/1/1858 1863/1/1859
f 1662/1/1659 1865/1/1861 1663/1/1661
f 1621/1/1619 1867/1/1862 1619/1/1617
f 1863/1/1859 1866/1/1863 1864/1/1860
f 1616/1/1614 1867/1/1862 1863/1/1859
f 1619/1/1617 1615/1/1613 1610/1/1608
f 1861/1/1857 1868/1/1864 1869/1/1865
f 1668/1/1666 1860/1/1856 1669/1/1667
f 1663/1/1661 1868/1/1864 1668/1/1666
f 1869/1/1865 1865/1/1861 1864/1/1860
f 400/1/399 1871/1/1866 401/1/403
f 1872/1/1867 1870/1/1868 1873/1/1869
f 1621/1/1619 1871/1/1866 1872/1/1867
f 401/1/403 1620/1/1618 405/1/404
f 1864/1/1860 1874/1/1870 1875/1/1871
f 1872/1/1867 1866/1/1863 1621/1/1619
f 1873/1/1869 1874/1/1870 1872/1/1867
f 1875/1/1871 1876/1/1872 1877/1/1873
f 1873/1/1869 1878/1/1874 1879/1/1875
f 1314/1/1312 1870/1/1868 400/1/399
f 1317/1/1314 1878/1/1874 1314/1/1312
f 1879/1/1875 1880/1/1876 1881/1/1877
f 1877/1/1873 1882/1/1878 1883/1/1879
f 1879/1/1875 1876/1/1872 1873/1/1869
f 1881/1/1877 1882/1/1878 1879/1/1875
f 1883/1/1879 1884/1/1880 1885/1/1881
f 1861/1/1857 1886/1/1882 1887/1/1883
f 1875/1/1871 1869/1/1865 1864/1/1860
f 1877/1/1873 1886/1/1882 1875/1/1871
f 1887/1/1883 1883/1/1879 1885/1/1881
f 1859/1/1855 1887/1/1883 1888/1/1884
f 1889/1/1885 1887/1/1883 1885/1/1881
f 1888/1/1884 1889/1/1885 1890/1/1886
f 1859/1/1855 1891/1/1887 1857/1/1853
f 1892/1/1888 1893/1/1889 1894/1/1890
f 1895/1/1891 1853/1/1849 1855/1/1851
f 1857/1/1853 1892/1/1888 1855/1/1851
f 1891/1/1887 1890/1/1886 1893/1/1889
f 1851/1/1847 1897/1/1892 1843/1/1840
f 1896/1/1893 1851/1/1847 1853/1/1849
f 1898/1/1894 1895/1/1891 1894/1/1890
f 1897/1/1892 1898/1/1894 1899/1/1895
f 1900/1/1896 1897/1/1892 1899/1/1895
f 1847/1/1843 1901/1/1897 1900/1/1896
f 1843/1/1840 1901/1/1897 1846/1/1842
f 1894/1/1890 1903/1/1898 1898/1/1894
f 1904/1/1899 1902/1/1900 1905/1/1901
f 1906/1/1902 1903/1/1898 1904/1/1899
f 1898/1/1894 1907/1/1903 1899/1/1895
f 1905/1/1901 1908/1/1904 1909/1/1905
f 1893/1/1889 1902/1/1900 1894/1/1890
f 1890/1/1886 1908/1/1904 1893/1/1889
f 1909/1/1905 1910/1/1906 1911/1/1907
f 1905/1/1901 1912/1/1908 1904/1/1899
f 1913/1/1909 1909/1/1905 1911/1/1907
f 1913/1/1909 1915/1/1910 1912/1/1908
f 1904/1/1899 1915/1/1910 1906/1/1902
f 1910/1/1906 1890/1/1886 1889/1/1885
f 1889/1/1885 1885/1/1881 1916/1/1911
f 1916/1/1911 1917/1/1912 1918/1/1913
f 1911/1/1907 1919/1/1914 1918/1/1913
f 1914/1/1915 1920/1/1916 1921/1/1917
f 1922/1/1918 1913/1/1909 1911/1/1907
f 1923/1/1919 1920/1/1916 1922/1/1918
f 1921/1/1917 1924/1/1920 1925/1/1921
f 1926/1/1922 1924/1/1920 1923/1/1919
f 1927/1/1923 1926/1/1922 1928/1/1924
f 1927/1/1923 1930/1/1925 1931/1/1926
f 1925/1/1921 1927/1/1923 1931/1/1926
f 1923/1/1919 1933/1/1927 1926/1/1922
f 1934/1/1928 1932/1/1929 1935/1/1930
f 1936/1/1931 1933/1/1927 1934/1/1928
f 1926/1/1922 1937/1/1932 1928/1/1924
f 1923/1/1919 1938/1/1933 1932/1/1929
f 1918/1/1913 1922/1/1918 1911/1/1907
f 1938/1/1933 1918/1/1913 1917/1/1912
f 1939/1/1934 1935/1/1930 1932/1/1929
f 1940/1/1935 1934/1/1928 1935/1/1930
f 1941/1/1936 1942/1/1937 1943/1/1938
f 1941/1/1936 1944/1/1939 1945/1/1940
f 1934/1/1928 1941/1/1936 1945/1/1940
f 1940/1/1935 1947/1/1941 1942/1/1937
f 1948/1/1942 1940/1/1935 1935/1/1930
f 1949/1/1943 1946/1/1944 1948/1/1942
f 1947/1/1941 1950/1/1945 1951/1/1946
f 1952/1/1947 1954/1/1948 1955/1/1949
f 1953/1/1950 1347/1/1345 1954/1/1948
f 1346/1/1344 1954/1/1948 1347/1/1345
f 1955/1/1949 1956/1/1951 1957/1/1952
f 1958/1/1953 1959/1/1954 1960/1/1955
f 1958/1/1953 1961/1/1956 1957/1/1952
f 1962/1/1957 1958/1/1953 1964/1/1958
f 1959/1/1954 1963/1/1959 1965/1/1960
f 1952/1/1947 1966/1/1961 1967/1/1962
f 1961/1/1956 1955/1/1949 1957/1/1952
f 1966/1/1961 1960/1/1955 1968/1/1963
f 1967/1/1962 1968/1/1963 1969/1/1964
f 1952/1/1947 1970/1/1965 1953/1/1950
f 1969/1/1964 1970/1/1965 1967/1/1962
f 1333/1/1333 1971/1/1966 1323/1/1321
f 1333/1/1333 1332/1/1330 1953/1/1950
f 1960/1/1955 1972/1/1967 1968/1/1963
f 1965/1/1960 1972/1/1967 1959/1/1954
f 1974/1/1968 1972/1/1967 1973/1/1969
f 1968/1/1963 1975/1/1970 1969/1/1964
f 1976/1/1971 1978/1/1972 1979/1/1973
f 1321/1/1319 1977/1/1974 1319/1/1317
f 1323/1/1321 1978/1/1972 1321/1/1319
f 1979/1/1973 1971/1/1966 1969/1/1964
f 1980/1/1975 1982/1/1976 1983/1/1977
f 1965/1/1960 1981/1/1978 1980/1/1975
f 1984/1/1979 1963/1/1959 1962/1/1957
f 1982/1/1976 1984/1/1979 1985/1/1980
f 1986/1/1981 1988/1/1982 1989/1/1983
f 1979/1/1973 1987/1/1984 1976/1/1971
f 1969/1/1964 1988/1/1982 1979/1/1973
f 1989/1/1983 1975/1/1970 1974/1/1968
f 1974/1/1968 1990/1/1985 1989/1/1983
f 1980/1/1975 1973/1/1969 1965/1/1960
f 1983/1/1977 1990/1/1985 1980/1/1975
f 1989/1/1983 1991/1/1986 1986/1/1981
f 1992/1/1987 1994/1/1988 1995/1/1989
f 1982/1/1976 1993/1/1990 1983/1/1977
f 1985/1/1980 1994/1/1988 1982/1/1976
f 1995/1/1989 1996/1/1991 1997/1/1992
f 1998/1/1993 2000/1/1994 2001/1/1995
f 1999/1/1996 1317/1/1314 1316/1/1313
f 1319/1/1317 2000/1/1994 1316/1/1313
f 2001/1/1995 1977/1/1974 1976/1/1971
f 1997/1/1992 2003/1/1997 1995/1/1989
f 1950/1/1945 2002/1/1998 1951/1/1946
f 1950/1/1945 2004/1/1999 2003/1/1997
f 1995/1/1989 2004/1/1999 1992/1/1987
f 2005/1/2000 2006/1/2001 1917/1/1912
f 1885/1/1881 2005/1/2000 1916/1/1911
f 2007/1/2002 1884/1/1880 1881/1/1877
f 2006/1/2001 2007/1/2002 2008/1/2003
f 2009/1/2004 2011/1/2005 2012/1/2006
f 2001/1/1995 2010/1/2007 1998/1/1993
f 1976/1/1971 2011/1/2005 2001/1/1995
f 2012/1/2006 1987/1/1984 1986/1/1981
f 1880/1/1876 1317/1/1314 1999/1/1996
f 1999/1/1996 1998/1/1993 2013/1/2008
f 2014/1/2009 2013/1/2008 2008/1/2003
f 1881/1/1877 2014/1/2009 2007/1/2002
f 2013/1/2008 2016/1/2010 2008/1/2003
f 1998/1/1993 2015/1/2011 2013/1/2008
f 2009/1/2004 2015/1/2011 2010/1/2007
f 2017/1/2012 1948/1/1942 1935/1/1930
f 2006/1/2001 1939/1/1934 1917/1/1912
f 2008/1/2003 2017/1/2012 2006/1/2001
f 1948/1/1942 2018/1/2013 1949/1/1943
f 2019/1/2014 2016/1/2010 2009/1/2004
f 2004/1/1999 2019/1/2014 1992/1/1987
f 1949/1/1943 2020/1/2015 2004/1/1999
f 2018/1/2013 2016/1/2010 2020/1/2015
f 1986/1/1981 2021/1/2016 2012/1/2006
f 1993/1/1990 1991/1/1986 1983/1/1977
f 1992/1/1987 2021/1/2016 1993/1/1990
f 2012/1/2006 2019/1/2014 2009/1/2004
f 641/1/640 2022/1/2017 2023/1/2018
f 1585/1/1583 640/1/639 502/1/501
f 2022/1/2017 1585/1/1583 1589/1/1587
f 2023/1/2018 2024/1/2019 2025/1/2020
f 645/1/643 2026/1/2021 2027/1/2022
f 2023/1/2018 644/1/642 641/1/640
f 2025/1/2020 2026/1/2021 2023/1/2018
f 2027/1/2022 2028/1/2023 2029/1/2024
f 2030/1/2025 1589/1/1587 1827/1/1824
f 1628/1/1626 2031/1/2026 1827/1/1824
f 1831/1/1828 2031/1/2026 1830/1/1826
f 2030/1/2025 2032/1/2027 2033/1/2028
f 2033/1/2028 2034/1/2029 2035/1/2030
f 1833/1/1830 2032/1/2027 1831/1/1828
f 1835/1/1832 2034/1/2029 1833/1/1830
f 2035/1/2030 2036/1/2031 2037/1/2032
f 2037/1/2032 2038/1/2033 2039/1/2034
f 1837/1/1834 2036/1/2031 1835/1/1832
f 1839/1/1836 2038/1/2033 1837/1/1834
f 2039/1/2034 2040/1/2035 2041/1/2036
f 2040/1/2035 2043/1/2037 2041/1/2036
f 1848/1/1844 2040/1/2035 1839/1/1836
f 1849/1/1845 2042/1/2038 1848/1/1844
f 2025/1/2020 2044/1/2039 2045/1/2040
f 2030/1/2025 2024/1/2019 1589/1/1587
f 2044/1/2039 2030/1/2025 2033/1/2028
f 2046/1/2041 2047/1/2042 2045/1/2040
f 2028/1/2023 2049/1/2043 2029/1/2024
f 2045/1/2040 2028/1/2023 2025/1/2020
f 2048/1/2044 2045/1/2040 2047/1/2042
f 2049/1/2043 2050/1/2045 2051/1/2046
f 2052/1/2047 2053/1/2048 2047/1/2042
f 2035/1/2030 2046/1/2041 2033/1/2028
f 2037/1/2032 2052/1/2047 2035/1/2030
f 2055/1/2049 2052/1/2047 2054/1/2050
f 2056/1/2051 2058/1/2052 2059/1/2053
f 2054/1/2050 2057/1/2054 2055/1/2049
f 2058/1/2052 2054/1/2050 2037/1/2032
f 2059/1/2053 2039/1/2034 2041/1/2036
f 2029/1/2024 2060/1/2055 2027/1/2022
f 2061/1/2056 2049/1/2043 2051/1/2046
f 2062/1/2057 2060/1/2055 2061/1/2056
f 2027/1/2022 2063/1/2058 645/1/643
f 645/1/643 2064/1/2059 649/1/647
f 2065/1/2060 2063/1/2058 2062/1/2057
f 2066/1/2061 2064/1/2059 2065/1/2060
f 649/1/647 2067/1/2062 646/1/645
f 650/1/649 2068/1/2063 2069/1/2064
f 2068/1/2063 653/1/651 646/1/645
f 2066/1/2061 2068/1/2063 2067/1/2062
f 2069/1/2064 2070/1/2065 2071/1/2066
f 665/1/664 2072/1/2067 2073/1/2068
f 2074/1/2069 664/1/663 659/1/658
f 2075/1/2070 2072/1/2067 2074/1/2069
f 2073/1/2068 2076/1/2071 2077/1/2072
f 668/1/667 2078/1/2073 2079/1/2074
f 2073/1/2068 667/1/666 665/1/664
f 2077/1/2072 2078/1/2073 2073/1/2068
f 2079/1/2074 2080/1/2075 2081/1/2076
f 2082/1/2077 2084/1/2078 2085/1/2079
f 2084/1/2078 2081/1/2076 2080/1/2075
f 2086/1/2080 2080/1/2075 2077/1/2072
f 2087/1/2081 2085/1/2079 2086/1/2080
f 668/1/667 2088/1/2082 671/1/670
f 2079/1/2074 2081/1/2076 2089/1/2083
f 2090/1/2084 2088/1/2082 2089/1/2083
f 671/1/670 2091/1/2085 672/1/671
f 2089/1/2083 2093/1/2086 2090/1/2084
f 2081/1/2076 2092/1/2087 2089/1/2083
f 2084/1/2078 2094/1/2088 2092/1/2087
f 2095/1/2089 2092/1/2087 2094/1/2088
f 672/1/671 2096/1/2090 675/1/674
f 2097/1/2091 2091/1/2085 2090/1/2084
f 2098/1/2092 2096/1/2090 2097/1/2091
f 675/1/674 2099/1/2093 676/1/675
f 2090/1/2084 2100/1/2094 2097/1/2091
f 2101/1/2095 2093/1/2086 2095/1/2089
f 2102/1/2096 2100/1/2094 2101/1/2095
f 2097/1/2091 2103/1/2097 2098/1/2092
f 2104/1/2098 679/1/678 676/1/675
f 2105/1/2099 2099/1/2093 2098/1/2092
f 2106/1/2100 2104/1/2098 2105/1/2099
f 2107/1/2101 680/1/679 679/1/678
f 657/1/656 2108/1/2102 2109/1/2103
f 2069/1/2064 656/1/655 650/1/649
f 2071/1/2066 2108/1/2102 2069/1/2064
f 2109/1/2103 2110/1/2104 2111/1/2105
f 659/1/658 2112/1/2106 2074/1/2069
f 2109/1/2103 658/1/657 657/1/656
f 2111/1/2105 2112/1/2106 2109/1/2103
f 2074/1/2069 2113/1/2107 2075/1/2070
f 2077/1/2072 2114/1/2108 2086/1/2080
f 2115/1/2109 2076/1/2071 2075/1/2070
f 2116/1/2110 2114/1/2108 2115/1/2109
f 2086/1/2080 2117/1/2111 2087/1/2081
f 2118/1/2112 2120/1/2113 2121/1/2114
f 2122/1/2115 2119/1/2116 2123/1/2117
f 2071/1/2066 2120/1/2113 2122/1/2115
f 2121/1/2114 2070/1/2065 2066/1/2061
f 2111/1/2105 2124/1/2118 2125/1/2119
f 2122/1/2115 2110/1/2104 2071/1/2066
f 2123/1/2117 2124/1/2118 2122/1/2115
f 2125/1/2119 2126/1/2120 2127/1/2121
f 2075/1/2070 2128/1/2122 2115/1/2109
f 2125/1/2119 2113/1/2107 2111/1/2105
f 2127/1/2121 2128/1/2122 2125/1/2119
f 2115/1/2109 2129/1/2123 2116/1/2110
f 2062/1/2057 2130/1/2124 2131/1/2125
f 2132/1/2126 2061/1/2056 2051/1/2046
f 2133/1/2127 2130/1/2124 2132/1/2126
f 2131/1/2125 2134/1/2128 2135/1/2129
f 2051/1/2046 2136/1/2130 2132/1/2126
f 2053/1/2048 2050/1/2045 2047/1/2042
f 2137/1/2131 2053/1/2048 2055/1/2049
f 2132/1/2126 2137/1/2131 2133/1/2127
f 2055/1/2049 2138/1/2132 2137/1/2131
f 2139/1/2133 2057/1/2054 2056/1/2051
f 2140/1/2134 2138/1/2132 2139/1/2133
f 2137/1/2131 2141/1/2135 2133/1/2127
f 2133/1/2127 2142/1/2136 2134/1/2128
f 2140/1/2134 2142/1/2136 2141/1/2135
f 2134/1/2128 2143/1/2137 2135/1/2129
f 2065/1/2060 2131/1/2125 2144/1/2138
f 2145/1/2139 2131/1/2125 2135/1/2129
f 2145/1/2139 2121/1/2114 2144/1/2138
f 2065/1/2060 2121/1/2114 2066/1/2061
f 2146/1/2140 2148/1/2141 2149/1/2142
f 894/1/892 2147/1/2143 880/1/878
f 898/1/896 2148/1/2141 894/1/892
f 2149/1/2142 2150/1/2144 2151/1/2145
f 908/1/906 2150/1/2144 898/1/896
f 2153/1/2146 908/1/906 912/1/910
f 2154/1/2147 2152/1/2148 2153/1/2146
f 2152/1/2148 2151/1/2145 2150/1/2144
f 912/1/910 2156/1/2149 2153/1/2146
f 2157/1/2150 920/1/918 924/1/922
f 2158/1/2151 2156/1/2149 2157/1/2150
f 2153/1/2146 2159/1/2152 2154/1/2147
f 924/1/922 2160/1/2153 2157/1/2150
f 916/1/914 2160/1/2153 941/1/939
f 2162/1/2154 2161/1/2155 2163/1/2156
f 2157/1/2150 2162/1/2154 2158/1/2151
f 2164/1/2157 2166/1/2158 2167/1/2159
f 879/1/876 2165/1/2160 881/1/879
f 880/1/878 2166/1/2158 879/1/876
f 2167/1/2159 2147/1/2143 2146/1/2140
f 2168/1/2161 2164/1/2157 2167/1/2159
f 2169/1/2162 2167/1/2159 2146/1/2140
f 2170/1/2163 2171/1/2164 2172/1/2165
f 2168/1/2161 2170/1/2163 2173/1/2166
f 2172/1/2165 2174/1/2167 2175/1/2168
f 2149/1/2142 2171/1/2164 2146/1/2140
f 2151/1/2145 2174/1/2167 2149/1/2142
f 2175/1/2168 2176/1/2169 2177/1/2170
f 2178/1/2171 2180/1/2172 2181/1/2173
f 2180/1/2172 2177/1/2170 2176/1/2169
f 2155/1/2174 2176/1/2169 2151/1/2145
f 2181/1/2173 2155/1/2174 2154/1/2147
f 2182/1/2175 2184/1/2176 2185/1/2177
f 2181/1/2173 2183/1/2178 2178/1/2171
f 2154/1/2147 2184/1/2176 2181/1/2173
f 2185/1/2177 2159/1/2152 2158/1/2151
f 2186/1/2179 2188/1/2180 2189/1/2181
f 2185/1/2177 2186/1/2179 2182/1/2175
f 2158/1/2151 2187/1/2182 2185/1/2177
f 2163/1/2156 2187/1/2182 2162/1/2154
f 2173/1/2166 2190/1/2183 2191/1/2184
f 2175/1/2168 2170/1/2163 2172/1/2165
f 2177/1/2170 2190/1/2183 2175/1/2168
f 2191/1/2184 2192/1/2185 2193/1/2186
f 2194/1/2187 2196/1/2188 2197/1/2189
f 2192/1/2185 2195/1/2190 2193/1/2186
f 2177/1/2170 2196/1/2188 2192/1/2185
f 2197/1/2189 2179/1/2191 2178/1/2171
f 2198/1/2192 2200/1/2193 2201/1/2194
f 2195/1/2190 2199/1/2195 2193/1/2186
f 2195/1/2190 2201/1/2194 2200/1/2193
f 2202/1/2196 2204/1/2197 2205/1/2198
f 2197/1/2189 2203/1/2199 2194/1/2187
f 2178/1/2171 2204/1/2197 2197/1/2189
f 2205/1/2198 2183/1/2178 2182/1/2175
f 2206/1/2200 2208/1/2201 2209/1/2202
f 2201/1/2194 2207/1/2203 2198/1/2192
f 2194/1/2187 2208/1/2201 2201/1/2194
f 2209/1/2202 2203/1/2199 2202/1/2196
f 2205/1/2198 2211/1/2204 2202/1/2196
f 2182/1/2175 2210/1/2205 2205/1/2198
f 2189/1/2181 2210/1/2205 2186/1/2179
f 2211/1/2204 2212/1/2206 2213/1/2207
f 2214/1/2208 2216/1/2209 2217/1/2210
f 2209/1/2202 2214/1/2208 2206/1/2200
f 2202/1/2196 2215/1/2211 2209/1/2202
f 2213/1/2207 2215/1/2211 2211/1/2204
f 2217/1/2210 2218/1/2212 2219/1/2213
f 2220/1/2214 2216/1/2209 2213/1/2207
f 2221/1/2215 2218/1/2212 2220/1/2214
f 2219/1/2213 2222/1/2216 2223/1/2217
f 2224/1/2218 2212/1/2206 2189/1/2181
f 2226/1/2219 2224/1/2218 2227/1/2220
f 2221/1/2215 2225/1/2221 2226/1/2219
f 2213/1/2207 2225/1/2221 2220/1/2214
f 2223/1/2217 2228/1/2222 2229/1/2223
f 2226/1/2219 2222/1/2216 2221/1/2215
f 2227/1/2220 2228/1/2222 2226/1/2219
f 2229/1/2223 2230/1/2224 2231/1/2225
f 2227/1/2220 2232/1/2226 2233/1/2227
f 2188/1/2180 2224/1/2218 2189/1/2181
f 2234/1/2228 2188/1/2180 2163/1/2156
f 2233/1/2227 2234/1/2228 2235/1/2229
f 2163/1/2156 2236/1/2230 2234/1/2228
f 915/1/913 2161/1/2155 916/1/914
f 802/1/801 2236/1/2230 915/1/913
f 2234/1/2228 2237/1/2231 2235/1/2229
f 2231/1/2225 2238/1/2232 2239/1/2233
f 2233/1/2227 2230/1/2224 2227/1/2220
f 2235/1/2229 2238/1/2232 2233/1/2227
f 2239/1/2233 2240/1/2234 2241/1/2235
f 802/1/801 2242/1/2236 2237/1/2231
f 2243/1/2237 801/1/800 689/1/687
f 2244/1/2238 2242/1/2236 2243/1/2237
f 2237/1/2231 2245/1/2239 2235/1/2229
f 2246/1/2240 2248/1/2241 2249/1/2242
f 2247/1/2243 2240/1/2234 2248/1/2241
f 2245/1/2239 2240/1/2234 2235/1/2229
f 2249/1/2242 2245/1/2239 2244/1/2238
f 689/1/687 2250/1/2244 2243/1/2237
f 2251/1/2245 686/1/685 685/1/684
f 2252/1/2246 2250/1/2244 2251/1/2245
f 2243/1/2237 2253/1/2247 2244/1/2238
f 685/1/684 2254/1/2248 2251/1/2245
f 2107/1/2101 691/1/692 680/1/679
f 2106/1/2100 2254/1/2248 2107/1/2101
f 2251/1/2245 2255/1/2249 2252/1/2246
f 2244/1/2238 2256/1/2250 2249/1/2242
f 2257/1/2251 2253/1/2247 2252/1/2246
f 2258/1/2252 2256/1/2250 2257/1/2251
f 2249/1/2242 2259/1/2253 2246/1/2240
f 2098/1/2092 2260/1/2254 2105/1/2099
f 2261/1/2255 2103/1/2097 2102/1/2096
f 2261/1/2255 2263/1/2256 2260/1/2254
f 2105/1/2099 2263/1/2256 2106/1/2100
f 2252/1/2246 2264/1/2257 2257/1/2251
f 2263/1/2256 2255/1/2249 2106/1/2100
f 2262/1/2258 2264/1/2257 2263/1/2256
f 2257/1/2251 2265/1/2259 2258/1/2252
f 710/1/709 2266/1/2260 2267/1/2261
f 764/1/763 709/1/708 703/1/702
f 765/1/764 2266/1/2260 764/1/763
f 1438/1/1436 1441/1/1439 2267/1/2261
f 735/1/734 2268/1/2262 2269/1/2263
f 732/1/733 711/1/718 708/1/707
f 2268/1/2262 708/1/707 710/1/709
f 2269/1/2263 2270/1/2264 2271/1/2265
f 1567/1/1565 2272/1/2266 2273/1/2267
f 2269/1/2263 1566/1/1564 735/1/734
f 2271/1/2265 2272/1/2266 2269/1/2263
f 2273/1/2267 2274/1/2268 2275/1/2269
f 1579/1/1577 2276/1/2270 2277/1/2271
f 2273/1/2267 1578/1/1576 1567/1/1565
f 2275/1/2269 2276/1/2270 2273/1/2267
f 2277/1/2271 2278/1/2272 2279/1/2273
f 1583/1/1581 2280/1/2274 2281/1/2275
f 2277/1/2271 1582/1/1580 1579/1/1577
f 2279/1/2273 2280/1/2274 2277/1/2271
f 2281/1/2275 2282/1/2276 2283/1/2277
f 2284/1/2278 2285/1/2279 2286/1/2280
f 2287/1/2281 1441/1/1439 1440/1/1438
f 2284/1/2278 1440/1/1438 1426/1/1424
f 1443/1/1443 1442/1/1440 2285/1/2279
f 1442/1/1440 2288/1/2282 2285/1/2279
f 1447/1/1447 2289/1/2283 2288/1/2282
f 2290/1/2284 2288/1/2282 2289/1/2283
f 2285/1/2279 2291/1/2285 2286/1/2280
f 2292/1/2286 2293/1/2287 2271/1/2265
f 2270/1/2264 710/1/709 2267/1/2261
f 2292/1/2286 2267/1/2261 1441/1/1439
f 2294/1/2288 2295/1/2289 2293/1/2287
f 2293/1/2287 2274/1/2268 2271/1/2265
f 2297/1/2290 2293/1/2287 2295/1/2289
f 2298/1/2291 2296/1/2292 2297/1/2290
f 2275/1/2269 2296/1/2292 2299/1/2293
f 2299/1/2293 2278/1/2272 2275/1/2269
f 2301/1/2294 2299/1/2293 2298/1/2291
f 2302/1/2295 2301/1/2294 2303/1/2296
f 2279/1/2273 2300/1/2297 2302/1/2295
f 2283/1/2277 2304/1/2298 2305/1/2299
f 2302/1/2295 2282/1/2276 2279/1/2273
f 2303/1/2296 2304/1/2298 2302/1/2295
f 2307/1/2300 2304/1/2298 2306/1/2301
f 2308/1/2302 2310/1/2303 2311/1/2304
f 2312/1/2305 2309/1/2306 2313/1/2307
f 2307/1/2300 2310/1/2303 2312/1/2305
f 2311/1/2304 2314/1/2308 2315/1/2309
f 2315/1/2309 2316/1/2310 2317/1/2311
f 2306/1/2301 2314/1/2308 2307/1/2300
f 2306/1/2301 2318/1/2312 2316/1/2310
f 2317/1/2311 2318/1/2312 2319/1/2313
f 2298/1/2291 2321/1/2314 2301/1/2294
f 2322/1/2315 2320/1/2316 2323/1/2317
f 2319/1/2313 2321/1/2314 2322/1/2315
f 2301/1/2294 2318/1/2312 2303/1/2296
f 1453/1/1451 2324/1/2318 2325/1/2319
f 1430/1/1428 1451/1/1449 1431/1/1429
f 798/1/797 2324/1/2318 1430/1/1428
f 2325/1/2319 2326/1/2320 2327/1/2321
f 2290/1/2284 2328/1/2322 2329/1/2323
f 1452/1/1450 2289/1/2283 1446/1/1444
f 1453/1/1451 2328/1/2322 1452/1/1450
f 2329/1/2323 2325/1/2319 2327/1/2321
f 2330/1/2324 2331/1/2325 2327/1/2321
f 796/1/794 2326/1/2320 798/1/797
f 796/1/794 1455/1/1453 2330/1/2324
f 2330/1/2324 1455/1/1453 1459/1/1457
f 2332/1/2326 2333/1/2327 2286/1/2280
f 2329/1/2323 2291/1/2285 2290/1/2284
f 2332/1/2326 2329/1/2323 2327/1/2321
f 2334/1/2328 2335/1/2329 2333/1/2327
f 2336/1/2330 2337/1/2331 2295/1/2289
f 2294/1/2288 1441/1/1439 2287/1/2281
f 2336/1/2330 2287/1/2281 2286/1/2280
f 2333/1/2327 2335/1/2329 2337/1/2331
f 2323/1/2317 2338/1/2332 2339/1/2333
f 2297/1/2290 2320/1/2316 2298/1/2291
f 2295/1/2289 2338/1/2332 2297/1/2290
f 2337/1/2331 2335/1/2329 2339/1/2333
f 2335/1/2329 2340/1/2334 2341/1/2335
f 2334/1/2328 2327/1/2321 2331/1/2325
f 2340/1/2334 2331/1/2325 1459/1/1457
f 2341/1/2335 2342/1/2336 2343/1/2337
f 2344/1/2338 2346/1/2339 2347/1/2340
f 2344/1/2338 1457/1/1455 1461/1/1459
f 2345/1/2341 1461/1/1459 1463/1/1461
f 2346/1/2339 1493/1/1491 1492/1/1490
f 2348/1/2342 2342/1/2336 1459/1/1457
f 1458/1/1456 1457/1/1455 2344/1/2338
f 2347/1/2340 2348/1/2342 2344/1/2338
f 2342/1/2336 2349/1/2343 2343/1/2337
f 2350/1/2344 2351/1/2345 2347/1/2340
f 1499/1/1497 2346/1/2339 1492/1/1490
f 1501/1/1499 2350/1/2344 1499/1/1497
f 2351/1/2345 2352/1/2346 2353/1/2347
f 2353/1/2347 2354/1/2348 2355/1/2349
f 1503/1/1501 2352/1/2346 1501/1/1499
f 1503/1/1501 2356/1/2350 2354/1/2348
f 2355/1/2349 2356/1/2350 2357/1/2351
f 1497/1/1495 2358/1/2352 2356/1/2350
f 1473/1/1471 1496/1/1494 1474/1/1472
f 1423/1/1421 2358/1/2352 1473/1/1471
f 2356/1/2350 2359/1/2353 2357/1/2351
f 1422/1/1420 2359/1/2353 1423/1/1421
f 2361/1/2354 1422/1/1420 1419/1/1417
f 2362/1/2355 2361/1/2354 2363/1/2356
f 2357/1/2351 2360/1/2357 2362/1/2355
f 1419/1/1417 2364/1/2358 2361/1/2354
f 2365/1/2359 1418/1/1416 1415/1/1413
f 2366/1/2360 2364/1/2358 2365/1/2359
f 2367/1/2361 2361/1/2354 2364/1/2358
f 1415/1/1413 2368/1/2362 2365/1/2359
f 1414/1/1412 1411/1/1409 2369/1/2363
f 2370/1/2364 2368/1/2362 2369/1/2363
f 2365/1/2359 2371/1/2365 2366/1/2360
f 2369/1/2363 2373/1/2366 2370/1/2364
f 1411/1/1409 2372/1/2367 2369/1/2363
f 1406/1/1404 2372/1/2367 1409/1/1407
f 2373/1/2366 2374/1/2368 2375/1/2369
f 2375/1/2369 2376/1/2370 2377/1/2371
f 1405/1/1403 2374/1/2368 1406/1/1404
f 1402/1/1400 2376/1/2370 1405/1/1403
f 2377/1/2371 2378/1/2372 2379/1/2373
f 2379/1/2373 2380/1/2374 2381/1/2375
f 1401/1/1399 2378/1/2372 1402/1/1400
f 2380/1/2374 1401/1/1399 1398/1/1396
f 2382/1/2376 2383/1/2377 2381/1/2375
f 2384/1/2378 2386/1/2379 2387/1/2380
f 2385/1/2381 2335/1/2329 2341/1/2335
f 2343/1/2337 2386/1/2379 2341/1/2335
f 2388/1/2382 2390/1/2383 2391/1/2384
f 2339/1/2333 2389/1/2385 2323/1/2317
f 2335/1/2329 2390/1/2383 2339/1/2333
f 2391/1/2384 2385/1/2381 2384/1/2378
f 2392/1/2386 2394/1/2387 2395/1/2388
f 2322/1/2315 2393/1/2389 2319/1/2313
f 2323/1/2317 2394/1/2387 2322/1/2315
f 2395/1/2388 2389/1/2385 2388/1/2382
f 2396/1/2390 2398/1/2391 2399/1/2392
f 2317/1/2311 2397/1/2393 2315/1/2309
f 2319/1/2313 2398/1/2391 2317/1/2311
f 2399/1/2392 2393/1/2389 2392/1/2386
f 2311/1/2304 2401/1/2394 2308/1/2302
f 2315/1/2309 2400/1/2395 2311/1/2304
f 2402/1/2396 2397/1/2393 2396/1/2390
f 2403/1/2397 2400/1/2395 2402/1/2396
f 2343/1/2337 2404/1/2398 2387/1/2380
f 2349/1/2343 2347/1/2340 2405/1/2399
f 2405/1/2399 2406/1/2400 2407/1/2401
f 2407/1/2401 2384/1/2378 2387/1/2380
f 2408/1/2402 2409/1/2403 2406/1/2400
f 2405/1/2399 2347/1/2340 2351/1/2345
f 2353/1/2347 2408/1/2402 2351/1/2345
f 2409/1/2403 2410/1/2404 2411/1/2405
f 2411/1/2405 2412/1/2406 2413/1/2407
f 2355/1/2349 2410/1/2404 2353/1/2347
f 2357/1/2351 2412/1/2406 2355/1/2349
f 2413/1/2407 2414/1/2408 2415/1/2409
f 2415/1/2409 2416/1/2410 2417/1/2411
f 2362/1/2355 2414/1/2408 2357/1/2351
f 2363/1/2356 2416/1/2410 2362/1/2355
f 2417/1/2411 2418/1/2412 2419/1/2413
f 2419/1/2413 2420/1/2414 2421/1/2415
f 2367/1/2361 2418/1/2412 2363/1/2356
f 2422/1/2416 2367/1/2361 2366/1/2360
f 2422/1/2416 2421/1/2415 2420/1/2414
f 2424/1/2417 2426/1/2418 2427/1/2419
f 2422/1/2416 2425/1/2420 2423/1/2421
f 2366/1/2360 2426/1/2418 2422/1/2416
f 2427/1/2419 2371/1/2365 2370/1/2364
f 2428/1/2422 2430/1/2423 2431/1/2424
f 2427/1/2419 2429/1/2425 2424/1/2417
f 2370/1/2364 2430/1/2423 2427/1/2419
f 2431/1/2424 2373/1/2366 2375/1/2369
f 2432/1/2426 2434/1/2427 2435/1/2428
f 2431/1/2424 2433/1/2429 2428/1/2422
f 2375/1/2369 2434/1/2427 2431/1/2424
f 2435/1/2428 2377/1/2371 2379/1/2373
f 2436/1/2430 2438/1/2431 2439/1/2432
f 2435/1/2428 2437/1/2433 2432/1/2426
f 2379/1/2373 2438/1/2431 2435/1/2428
f 2439/1/2432 2381/1/2375 2383/1/2377
f 2440/1/2434 2442/1/2435 2443/1/2436
f 2432/1/2426 2441/1/2437 2440/1/2434
f 2436/1/2430 2441/1/2437 2437/1/2433
f 2442/1/2435 2444/1/2438 2445/1/2439
f 2446/1/2440 2448/1/2441 2449/1/2442
f 2429/1/2425 2447/1/2443 2424/1/2417
f 2450/1/2444 2429/1/2425 2428/1/2422
f 2449/1/2442 2450/1/2444 2451/1/2445
f 2428/1/2422 2452/1/2446 2450/1/2444
f 2440/1/2434 2433/1/2429 2432/1/2426
f 2443/1/2436 2452/1/2446 2440/1/2434
f 2450/1/2444 2453/1/2447 2451/1/2445
f 2454/1/2448 2456/1/2449 2457/1/2450
f 2425/1/2420 2455/1/2451 2423/1/2421
f 2424/1/2417 2456/1/2449 2425/1/2420
f 2457/1/2450 2447/1/2443 2446/1/2440
f 2446/1/2440 2458/1/2452 2457/1/2450
f 2459/1/2453 2449/1/2442 2451/1/2445
f 2460/1/2454 2458/1/2452 2459/1/2453
f 2457/1/2450 2461/1/2455 2454/1/2448
f 2462/1/2456 2464/1/2457 2465/1/2458
f 2421/1/2415 2463/1/2459 2419/1/2413
f 2423/1/2421 2464/1/2457 2421/1/2415
f 2465/1/2458 2455/1/2451 2454/1/2448
f 2454/1/2448 2466/1/2460 2465/1/2458
f 2467/1/2461 2461/1/2455 2460/1/2454
f 2467/1/2461 2469/1/2462 2466/1/2460
f 2465/1/2458 2469/1/2462 2462/1/2456
f 2470/1/2463 2472/1/2464 2473/1/2465
f 2417/1/2411 2471/1/2466 2415/1/2409
f 2419/1/2413 2472/1/2464 2417/1/2411
f 2473/1/2465 2463/1/2459 2462/1/2456
f 2470/1/2463 2474/1/2467 2475/1/2468
f 2469/1/2462 2473/1/2465 2462/1/2456
f 2468/1/2469 2474/1/2467 2469/1/2462
f 2475/1/2468 2476/1/2470 2477/1/2471
f 2415/1/2409 2478/1/2472 2413/1/2407
f 2479/1/2473 2471/1/2466 2470/1/2463
f 2480/1/2474 2478/1/2472 2479/1/2473
f 2413/1/2407 2481/1/2475 2411/1/2405
f 2480/1/2474 2482/1/2476 2483/1/2477
f 2475/1/2468 2479/1/2473 2470/1/2463
f 2477/1/2471 2482/1/2476 2475/1/2468
f 2483/1/2477 2484/1/2478 2485/1/2479
f 2486/1/2480 2487/1/2481 2488/1/2482
f 2409/1/2403 2489/1/2483 2406/1/2400
f 2411/1/2405 2486/1/2480 2409/1/2403
f 2481/1/2475 2480/1/2474 2487/1/2481
f 2488/1/2482 2487/1/2481 2490/1/2484
f 2487/1/2481 2480/1/2474 2483/1/2477
f 2485/1/2479 2490/1/2484 2483/1/2477
f 2492/1/2485 2491/1/2486 2493/1/2487
f 2494/1/2488 2496/1/2489 2497/1/2490
f 2407/1/2401 2495/1/2491 2384/1/2378
f 2406/1/2400 2496/1/2489 2407/1/2401
f 2497/1/2490 2489/1/2483 2488/1/2482
f 2488/1/2482 2498/1/2492 2497/1/2490
f 2499/1/2493 2492/1/2485 2493/1/2487
f 2500/1/2494 2498/1/2492 2499/1/2493
f 2497/1/2490 2501/1/2495 2494/1/2488
f 2384/1/2378 2502/1/2496 2391/1/2384
f 2503/1/2497 2495/1/2491 2494/1/2488
f 2504/1/2498 2502/1/2496 2503/1/2497
f 2391/1/2384 2505/1/2499 2388/1/2382
f 2506/1/2500 2503/1/2497 2494/1/2488
f 2507/1/2501 2501/1/2495 2500/1/2494
f 2508/1/2502 2506/1/2500 2507/1/2501
f 2503/1/2497 2509/1/2503 2504/1/2498
f 2388/1/2382 2510/1/2504 2395/1/2388
f 2511/1/2505 2505/1/2499 2504/1/2498
f 2512/1/2506 2510/1/2504 2511/1/2505
f 2395/1/2388 2513/1/2507 2392/1/2386
f 2504/1/2498 2514/1/2508 2511/1/2505
f 2515/1/2509 2509/1/2503 2508/1/2502
f 2516/1/2510 2514/1/2508 2515/1/2509
f 2511/1/2505 2517/1/2511 2512/1/2506
f 2392/1/2386 2518/1/2512 2399/1/2392
f 2519/1/2513 2513/1/2507 2512/1/2506
f 2520/1/2514 2518/1/2512 2519/1/2513
f 2399/1/2392 2521/1/2515 2396/1/2390
f 2512/1/2506 2522/1/2516 2519/1/2513
f 2523/1/2517 2517/1/2511 2516/1/2510
f 2524/1/2518 2522/1/2516 2523/1/2517
f 2519/1/2513 2525/1/2519 2520/1/2514
f 2396/1/2390 2526/1/2520 2402/1/2396
f 2527/1/2521 2521/1/2515 2520/1/2514
f 2528/1/2522 2526/1/2520 2527/1/2521
f 2402/1/2396 2529/1/2523 2403/1/2397
f 2520/1/2514 2530/1/2524 2527/1/2521
f 2531/1/2525 2525/1/2519 2524/1/2518
f 2532/1/2526 2530/1/2524 2531/1/2525
f 2527/1/2521 2533/1/2527 2528/1/2522
f 2283/1/2277 2534/1/2528 2535/1/2529
f 2312/1/2305 2305/1/2299 2307/1/2300
f 2313/1/2307 2534/1/2528 2312/1/2305
f 2535/1/2529 2536/1/2530 2537/1/2531
f 2537/1/2531 2538/1/2532 2539/1/2533
f 2540/1/2534 2536/1/2530 2313/1/2307
f 2541/1/2535 2538/1/2532 2540/1/2534
f 1150/1/1147 2542/1/2536 2543/1/2537
f 2544/1/2538 1149/1/1146 1148/1/1144
f 2545/1/2539 2542/1/2536 2544/1/2538
f 2546/1/2540 2543/1/2537 2542/1/2536
f 2548/1/2541 2550/1/2542 2551/1/2543
f 2552/1/2544 2549/1/2545 2553/1/2546
f 2554/1/2547 2550/1/2542 2552/1/2544
f 2551/1/2543 2555/1/2548 2556/1/2549
f 2557/1/2550 2559/1/2551 2560/1/2552
f 2537/1/2531 2558/1/2553 2557/1/2550
f 2561/1/2554 2539/1/2533 2541/1/2535
f 2562/1/2555 2558/1/2553 2561/1/2554
f 2563/1/2556 2565/1/2557 2566/1/2558
f 2567/1/2559 2564/1/2560 2568/1/2561
f 2560/1/2552 2565/1/2557 2567/1/2559
f 2566/1/2558 2559/1/2551 2562/1/2555
f 2569/1/2562 2571/1/2563 2572/1/2564
f 2573/1/2565 2570/1/2566 2574/1/2567
f 2568/1/2561 2571/1/2563 2573/1/2565
f 2572/1/2564 2564/1/2560 2563/1/2556
f 2574/1/2567 2575/1/2568 2576/1/2569
f 2577/1/2570 2570/1/2566 2569/1/2562
f 2578/1/2571 2575/1/2568 2577/1/2570
f 2576/1/2569 2579/1/2572 2580/1/2573
f 2580/1/2573 2581/1/2574 2582/1/2575
f 2583/1/2576 2579/1/2572 2578/1/2571
f 2581/1/2574 2583/1/2576 2553/1/2546
f 2582/1/2575 2549/1/2545 2548/1/2541
f 2584/1/2577 2548/1/2541 2551/1/2543
f 2556/1/2549 2586/1/2578 2551/1/2543
f 2587/1/2579 2585/1/2580 2588/1/2581
f 2587/1/2579 2584/1/2577 2586/1/2578
f 2590/1/2582 2592/1/2583 2593/1/2584
f 2594/1/2585 2591/1/2586 2595/1/2587
f 2596/1/2588 2592/1/2583 2594/1/2585
f 2593/1/2584 2597/1/2589 2598/1/2590
f 2546/1/2540 2600/1/2591 2547/1/2592
f 2601/1/2593 2546/1/2540 2545/1/2539
f 2589/1/2594 2599/1/2595 2601/1/2593
f 2588/1/2581 2599/1/2595 2587/1/2579
f 2545/1/2539 2603/1/2596 2601/1/2593
f 2604/1/2597 2602/1/2598 2605/1/2599
f 2606/1/2600 2603/1/2596 2604/1/2597
f 2601/1/2593 2607/1/2601 2589/1/2594
f 2589/1/2594 2608/1/2602 2584/1/2577
f 2609/1/2603 2607/1/2601 2606/1/2600
f 2582/1/2575 2609/1/2603 2580/1/2573
f 2548/1/2541 2608/1/2602 2582/1/2575
f 2605/1/2599 2611/1/2604 2604/1/2597
f 2591/1/2586 2610/1/2605 2595/1/2587
f 2612/1/2606 2591/1/2586 2590/1/2582
f 2604/1/2597 2612/1/2606 2606/1/2600
f 2598/1/2590 2614/1/2607 2593/1/2584
f 2573/1/2565 2613/1/2608 2568/1/2561
f 2574/1/2567 2614/1/2607 2573/1/2565
f 2593/1/2584 2615/1/2609 2590/1/2582
f 2576/1/2569 2615/1/2609 2574/1/2567
f 2580/1/2573 2616/1/2610 2576/1/2569
f 2606/1/2600 2616/1/2610 2609/1/2603
f 2590/1/2582 2616/1/2610 2612/1/2606
f 2617/1/2611 2619/1/2612 2620/1/2613
f 2281/1/2275 2618/1/2614 1583/1/1581
f 2283/1/2277 2619/1/2612 2281/1/2275
f 2535/1/2529 2620/1/2613 2619/1/2612
f 2621/1/2615 2594/1/2585 2622/1/2616
f 2595/1/2587 2622/1/2616 2594/1/2585
f 2624/1/2617 2623/1/2618 2625/1/2619
f 2621/1/2615 2624/1/2617 2626/1/2620
f 2627/1/2621 2629/1/2622 2630/1/2623
f 2627/1/2621 1526/1/1524 1537/1/1535
f 1539/1/1537 2628/1/2624 1537/1/1535
f 2631/1/2625 2632/1/2626 2629/1/2622
f 1512/1/1510 2633/1/2627 2634/1/2628
f 2627/1/2621 1527/1/1525 1526/1/1524
f 2635/1/2629 2627/1/2621 2630/1/2623
f 2634/1/2628 2635/1/2629 2636/1/2630
f 230/1/229 2637/1/2631 238/1/237
f 2634/1/2628 1513/1/1513 1512/1/1510
f 2636/1/2630 2637/1/2631 2634/1/2628
f 238/1/237 2638/1/2632 239/1/238
f 239/1/238 2639/1/2633 2640/1/2634
f 2641/1/2635 2638/1/2632 2636/1/2630
f 2642/1/2636 2639/1/2633 2641/1/2635
f 2640/1/2634 2643/1/2637 2644/1/2638
f 2636/1/2630 2645/1/2639 2641/1/2635
f 2635/1/2629 2630/1/2623 2646/1/2640
f 2647/1/2641 2645/1/2639 2646/1/2640
f 2641/1/2635 2648/1/2642 2642/1/2636
f 2647/1/2641 2649/1/2643 2650/1/2644
f 2651/1/2645 2646/1/2640 2630/1/2623
f 2652/1/2646 2649/1/2643 2651/1/2645
f 2650/1/2644 2653/1/2647 2654/1/2648
f 2655/1/2649 2653/1/2647 2652/1/2646
f 2657/1/2650 2655/1/2649 2626/1/2620
f 2658/1/2651 2657/1/2650 2659/1/2652
f 2654/1/2648 2656/1/2653 2658/1/2651
f 2625/1/2619 2661/1/2654 2624/1/2617
f 2662/1/2655 2660/1/2656 2663/1/2657
f 2659/1/2652 2661/1/2654 2662/1/2655
f 2624/1/2617 2657/1/2650 2626/1/2620
f 1055/1/1054 2664/1/2658 2665/1/2659
f 2666/1/2660 1054/1/1053 1015/1/1013
f 2667/1/2661 2664/1/2658 2666/1/2660
f 2665/1/2659 2668/1/2662 2663/1/2657
f 2669/1/2663 2671/1/2664 2672/1/2665
f 2662/1/2655 2670/1/2666 2659/1/2652
f 2663/1/2657 2671/1/2664 2662/1/2655
f 2668/1/2662 2667/1/2661 2672/1/2665
f 2673/1/2667 2675/1/2668 2676/1/2669
f 1581/1/1579 2674/1/2670 1575/1/1573
f 1583/1/1581 2675/1/2668 1581/1/1579
f 2676/1/2669 2618/1/2614 2617/1/2611
f 2560/1/2552 2678/1/2671 2557/1/2550
f 2679/1/2672 2677/1/2673 2680/1/2674
f 2620/1/2613 2679/1/2672 2617/1/2611
f 2557/1/2550 2620/1/2613 2537/1/2531
f 2568/1/2561 2681/1/2675 2567/1/2559
f 2682/1/2676 2613/1/2608 2598/1/2590
f 2680/1/2674 2681/1/2675 2682/1/2676
f 2567/1/2559 2677/1/2673 2560/1/2552
f 2683/1/2677 2685/1/2678 2686/1/2679
f 2676/1/2669 2684/1/2680 2673/1/2667
f 2617/1/2611 2685/1/2678 2676/1/2669
f 2686/1/2679 2679/1/2672 2680/1/2674
f 2687/1/2681 2597/1/2589 2596/1/2588
f 2689/1/2682 2687/1/2681 2690/1/2683
f 2682/1/2676 2689/1/2682 2680/1/2674
f 2598/1/2590 2688/1/2684 2682/1/2676
f 2652/1/2646 2691/1/2685 2692/1/2686
f 2630/1/2623 2691/1/2685 2651/1/2645
f 2632/1/2626 2691/1/2685 2629/1/2622
f 2692/1/2686 2693/1/2687 2690/1/2683
f 2626/1/2620 2694/1/2688 2621/1/2615
f 2692/1/2686 2655/1/2649 2652/1/2646
f 2690/1/2683 2694/1/2688 2692/1/2686
f 2621/1/2615 2687/1/2681 2596/1/2588
f 2695/1/2689 2696/1/2690 2632/1/2626
f 1549/1/1547 2631/1/2625 1539/1/1537
f 1551/1/1549 2695/1/2689 1549/1/1547
f 2696/1/2690 2697/1/2691 2698/1/2692
f 2698/1/2692 2699/1/2693 2700/1/2694
f 1562/1/1558 2697/1/2691 1551/1/1549
f 1563/1/1560 2699/1/2693 1562/1/1558
f 2700/1/2694 2701/1/2695 2702/1/2696
f 2703/1/2697 2704/1/2698 2702/1/2696
f 1573/1/1571 2701/1/2695 1563/1/1560
f 2703/1/2697 1573/1/1571 1575/1/1573
f 2704/1/2698 2674/1/2670 2673/1/2667
f 2705/1/2699 2707/1/2700 2708/1/2701
f 2698/1/2692 2706/1/2702 2705/1/2699
f 2702/1/2696 2706/1/2702 2700/1/2694
f 2673/1/2667 2709/1/2703 2704/1/2698
f 2710/1/2704 2684/1/2680 2683/1/2677
f 2708/1/2701 2709/1/2703 2710/1/2704
f 2704/1/2698 2707/1/2700 2702/1/2696
f 2683/1/2677 2711/1/2705 2710/1/2704
f 2689/1/2682 2686/1/2679 2680/1/2674
f 2690/1/2683 2711/1/2705 2689/1/2682
f 2710/1/2704 2712/1/2706 2708/1/2701
f 2708/1/2701 2713/1/2707 2705/1/2699
f 2693/1/2687 2712/1/2706 2690/1/2683
f 2696/1/2690 2693/1/2687 2632/1/2626
f 2705/1/2699 2696/1/2690 2698/1/2692
f 335/1/334 2714/1/2708 2715/1/2709
f 297/1/296 334/1/333 295/1/294
f 299/1/298 2714/1/2708 297/1/296
f 2715/1/2709 2716/1/2710 2717/1/2711
f 375/1/374 2718/1/2712 2719/1/2713
f 2715/1/2709 374/1/373 335/1/334
f 2717/1/2711 2718/1/2712 2715/1/2709
f 2719/1/2713 2720/1/2714 2721/1/2715
f 2722/1/2716 2724/1/2717 2725/1/2718
f 1011/1/1009 2723/1/2719 1008/1/1007
f 375/1/374 2724/1/2717 1011/1/1009
f 2725/1/2718 2719/1/2713 2721/1/2715
f 2726/1/2720 2728/1/2721 2729/1/2722
f 1016/1/1014 2727/1/2723 1017/1/1015
f 1008/1/1007 2728/1/2721 1016/1/1014
f 2729/1/2722 2723/1/2719 2722/1/2716
f 2730/1/2724 2731/1/2725 2732/1/2726
f 2731/1/2725 2654/1/2648 2658/1/2651
f 2732/1/2726 2658/1/2651 2659/1/2652
f 2669/1/2663 2732/1/2726 2670/1/2666
f 2734/1/2727 2736/1/2728 2737/1/2729
f 2650/1/2644 2735/1/2730 2647/1/2641
f 2736/1/2728 2650/1/2644 2654/1/2648
f 2731/1/2725 2730/1/2724 2737/1/2729
f 2738/1/2731 2740/1/2732 2741/1/2733
f 2666/1/2660 2739/1/2734 2667/1/2661
f 1015/1/1013 2740/1/2732 2666/1/2660
f 2741/1/2733 1014/1/1012 1017/1/1015
f 2730/1/2724 2742/1/2735 2743/1/2736
f 2672/1/2665 2733/1/2737 2669/1/2663
f 2667/1/2661 2742/1/2735 2672/1/2665
f 2743/1/2736 2739/1/2734 2738/1/2731
f 2744/1/2738 2746/1/2739 2747/1/2740
f 2741/1/2733 2745/1/2741 2738/1/2731
f 1017/1/1015 2746/1/2739 2741/1/2733
f 2747/1/2740 2727/1/2723 2726/1/2720
f 2642/1/2636 2748/1/2742 2749/1/2743
f 2735/1/2730 2648/1/2642 2647/1/2641
f 2734/1/2727 2748/1/2742 2735/1/2730
f 2749/1/2743 2750/1/2744 2751/1/2745
f 2752/1/2746 2753/1/2747 2734/1/2727
f 2737/1/2729 2730/1/2724 2743/1/2736
f 2738/1/2731 2752/1/2746 2743/1/2736
f 2753/1/2747 2754/1/2748 2755/1/2749
f 2755/1/2749 2756/1/2750 2757/1/2751
f 2745/1/2741 2754/1/2748 2738/1/2731
f 2758/1/2752 2745/1/2741 2744/1/2738
f 2759/1/2753 2756/1/2750 2758/1/2752
f 2749/1/2743 2643/1/2637 2642/1/2636
f 2751/1/2745 2760/1/2754 2749/1/2743
f 2643/1/2637 2761/1/2755 2644/1/2638
f 2753/1/2747 2750/1/2744 2734/1/2727
f 2755/1/2749 2762/1/2756 2753/1/2747
f 2764/1/2757 2763/1/2758 2765/1/2759
f 2751/1/2745 2762/1/2756 2764/1/2757
f 2765/1/2759 2766/1/2760 2767/1/2761
f 2757/1/2751 2763/1/2758 2755/1/2749
f 2768/1/2762 2757/1/2751 2759/1/2753
f 2767/1/2761 2768/1/2762 2769/1/2763
f 2770/1/2764 2772/1/2765 2773/1/2766
f 2774/1/2767 2771/1/2768 2775/1/2769
f 299/1/298 2772/1/2765 2774/1/2767
f 2773/1/2766 298/1/297 241/1/240
f 241/1/240 2776/1/2770 2773/1/2766
f 2640/1/2634 240/1/239 239/1/238
f 2644/1/2638 2776/1/2770 2640/1/2634
f 2773/1/2766 2777/1/2771 2770/1/2764
f 2644/1/2638 2778/1/2772 2779/1/2773
f 2764/1/2757 2761/1/2755 2751/1/2745
f 2765/1/2759 2778/1/2772 2764/1/2757
f 2779/1/2773 2780/1/2774 2781/1/2775
f 2781/1/2775 2782/1/2776 2783/1/2777
f 2767/1/2761 2780/1/2774 2765/1/2759
f 2769/1/2763 2782/1/2776 2767/1/2761
f 2783/1/2777 2784/1/2778 2785/1/2779
f 2717/1/2711 2786/1/2780 2787/1/2781
f 2774/1/2767 2716/1/2710 299/1/298
f 2775/1/2769 2786/1/2780 2774/1/2767
f 2787/1/2781 2788/1/2782 2789/1/2783
f 2770/1/2764 2790/1/2784 2791/1/2785
f 2779/1/2773 2777/1/2771 2644/1/2638
f 2781/1/2775 2790/1/2784 2779/1/2773
f 2791/1/2785 2792/1/2786 2793/1/2787
f 2775/1/2769 2794/1/2788 2788/1/2782
f 2791/1/2785 2771/1/2768 2770/1/2764
f 2793/1/2787 2794/1/2788 2791/1/2785
f 2788/1/2782 2795/1/2789 2789/1/2783
f 2793/1/2787 2796/1/2790 2797/1/2791
f 2783/1/2777 2792/1/2786 2781/1/2775
f 2785/1/2779 2796/1/2790 2783/1/2777
f 2797/1/2791 2798/1/2792 2799/1/2793
f 2789/1/2783 2800/1/2794 2801/1/2795
f 2797/1/2791 2795/1/2789 2793/1/2787
f 2799/1/2793 2800/1/2794 2797/1/2791
f 2801/1/2795 2802/1/2796 2803/1/2797
f 2721/1/2715 2804/1/2798 2805/1/2799
f 2787/1/2781 2720/1/2714 2717/1/2711
f 2789/1/2783 2804/1/2798 2787/1/2781
f 2805/1/2799 2806/1/2800 2807/1/2801
f 2805/1/2799 2725/1/2718 2721/1/2715
f 2807/1/2801 2808/1/2802 2805/1/2799
f 2810/1/2803 2808/1/2802 2809/1/2804
f 2725/1/2718 2811/1/2805 2722/1/2716
f 2807/1/2801 2812/1/2806 2813/1/2807
f 2801/1/2795 2806/1/2800 2789/1/2783
f 2803/1/2797 2812/1/2806 2801/1/2795
f 2813/1/2807 2814/1/2808 2815/1/2809
f 2722/1/2716 2816/1/2810 2729/1/2722
f 2817/1/2811 2811/1/2805 2810/1/2803
f 2818/1/2812 2816/1/2810 2817/1/2811
f 2729/1/2722 2819/1/2813 2726/1/2720
f 2809/1/2804 2821/1/2814 2810/1/2803
f 2813/1/2807 2809/1/2804 2807/1/2801
f 2815/1/2809 2820/1/2815 2813/1/2807
f 2823/1/2816 2820/1/2815 2822/1/2817
f 2726/1/2720 2824/1/2818 2747/1/2740
f 2825/1/2819 2819/1/2813 2818/1/2812
f 2826/1/2820 2824/1/2818 2825/1/2819
f 2747/1/2740 2827/1/2821 2744/1/2738
f 2828/1/2822 2830/1/2823 2831/1/2824
f 2817/1/2811 2829/1/2825 2818/1/2812
f 2810/1/2803 2830/1/2823 2817/1/2811
f 2831/1/2824 2821/1/2814 2823/1/2816
f 2832/1/2826 2834/1/2827 2835/1/2828
f 2758/1/2752 2833/1/2829 2759/1/2753
f 2744/1/2738 2834/1/2827 2758/1/2752
f 2835/1/2828 2827/1/2821 2826/1/2820
f 2836/1/2830 2838/1/2831 2839/1/2832
f 2769/1/2763 2838/1/2831 2837/1/2833
f 2759/1/2753 2838/1/2831 2768/1/2762
f 2839/1/2832 2833/1/2829 2832/1/2826
f 2818/1/2812 2840/1/2834 2825/1/2819
f 2841/1/2835 2829/1/2825 2828/1/2822
f 2842/1/2836 2840/1/2834 2841/1/2835
f 2825/1/2819 2843/1/2837 2826/1/2820
f 2785/1/2779 2844/1/2838 2845/1/2839
f 2837/1/2833 2784/1/2778 2769/1/2763
f 2836/1/2830 2844/1/2838 2837/1/2833
f 2845/1/2839 2846/1/2840 2847/1/2841
f 2848/1/2842 2849/1/2843 2850/1/2844
f 2835/1/2828 2851/1/2845 2832/1/2826
f 2826/1/2820 2848/1/2842 2835/1/2828
f 2849/1/2843 2843/1/2837 2842/1/2836
f 2847/1/2841 2852/1/2846 2853/1/2847
f 2839/1/2832 2846/1/2840 2836/1/2830
f 2832/1/2826 2852/1/2846 2839/1/2832
f 2853/1/2847 2851/1/2845 2850/1/2844
f 2799/1/2793 2854/1/2848 2855/1/2849
f 2845/1/2839 2798/1/2792 2785/1/2779
f 2847/1/2841 2854/1/2848 2845/1/2839
f 2855/1/2849 2856/1/2850 2857/1/2851
f 2803/1/2797 2858/1/2852 2859/1/2853
f 2855/1/2849 2802/1/2796 2799/1/2793
f 2857/1/2851 2858/1/2852 2855/1/2849
f 2859/1/2853 2860/1/2854 2861/1/2855
f 2857/1/2851 2862/1/2856 2863/1/2857
f 2853/1/2847 2856/1/2850 2847/1/2841
f 2863/1/2857 2853/1/2847 2850/1/2844
f 2861/1/2855 2864/1/2858 2865/1/2859
f 2863/1/2857 2860/1/2854 2857/1/2851
f 2850/1/2844 2864/1/2858 2863/1/2857
f 2865/1/2859 2866/1/2860 2867/1/2861
f 2849/1/2843 2866/1/2860 2850/1/2844
f 2869/1/2862 2849/1/2843 2842/1/2836
f 2870/1/2863 2868/1/2864 2869/1/2862
f 2867/1/2861 2868/1/2864 2871/1/2865
f 2871/1/2865 2873/1/2866 2867/1/2861
f 2874/1/2867 2871/1/2865 2870/1/2863
f 2875/1/2868 2872/1/2869 2874/1/2867
f 2877/1/2870 2872/1/2869 2876/1/2871
f 2842/1/2836 2878/1/2872 2869/1/2862
f 2828/1/2822 2878/1/2872 2841/1/2835
f 2880/1/2873 2879/1/2874 2881/1/2875
f 2869/1/2862 2880/1/2873 2870/1/2863
f 2881/1/2875 2882/1/2876 2883/1/2877
f 2831/1/2824 2879/1/2874 2828/1/2822
f 2823/1/2816 2882/1/2876 2831/1/2824
f 2883/1/2877 2884/1/2878 2885/1/2879
f 2886/1/2880 2887/1/2881 2888/1/2882
f 2865/1/2859 2889/1/2883 2861/1/2855
f 2867/1/2861 2886/1/2880 2865/1/2859
f 2877/1/2870 2887/1/2881 2886/1/2880
f 2815/1/2809 2890/1/2884 2891/1/2885
f 2859/1/2853 2814/1/2808 2803/1/2797
f 2861/1/2855 2890/1/2884 2859/1/2853
f 2891/1/2885 2889/1/2883 2888/1/2882
f 2885/1/2879 2892/1/2886 2893/1/2887
f 2822/1/2817 2884/1/2878 2823/1/2816
f 2891/1/2885 2822/1/2817 2815/1/2809
f 2891/1/2885 2893/1/2887 2892/1/2886
f 2894/1/2888 2895/1/2889 2896/1/2890
f 2883/1/2877 2897/1/2891 2881/1/2875
f 2885/1/2879 2894/1/2888 2883/1/2877
f 2893/1/2887 2888/1/2882 2895/1/2889
f 2877/1/2870 2898/1/2892 2887/1/2881
f 2899/1/2893 2876/1/2871 2875/1/2868
f 2895/1/2889 2899/1/2893 2896/1/2890
f 2887/1/2881 2895/1/2889 2888/1/2882
f 2875/1/2868 2900/1/2894 2899/1/2893
f 2880/1/2873 2874/1/2867 2870/1/2863
f 2881/1/2875 2900/1/2894 2880/1/2873
f 2896/1/2890 2900/1/2894 2897/1/2891
f 2901/1/2895 2902/1/2896 2903/1/2897
f 1086/1/1084 2904/1/2898 1087/1/1085
f 1068/1/1067 2901/1/2895 1086/1/1084
f 2902/1/2896 1073/1/1072 1072/1/1071
f 1170/1/1167 2905/1/2899 2906/1/2900
f 1167/1/1164 2905/1/2899 1173/1/1169
f 2904/1/2898 1166/1/1163 1087/1/1085
f 2906/1/2900 2904/1/2898 2903/1/2897
f 2907/1/2901 1176/1/1173 2908/1/2902
f 2906/1/2900 1176/1/1173 1170/1/1167
f 2906/1/2900 2903/1/2897 2909/1/2903
f 2907/1/2901 2909/1/2903 2910/1/2904
f 1032/1/1031 2911/1/2905 1071/1/1070
f 2912/1/2906 1037/1/1038 1036/1/1035
f 2913/1/2907 2911/1/2905 2912/1/2906
f 1071/1/1070 2914/1/2908 1072/1/1071
f 1072/1/1071 2915/1/2909 2902/1/2896
f 2916/1/2910 2914/1/2908 2913/1/2907
f 2917/1/2911 2915/1/2909 2916/1/2910
f 2902/1/2896 2918/1/2912 2903/1/2897
f 2910/1/2904 2919/1/2913 2920/1/2914
f 2919/1/2913 2909/1/2903 2903/1/2897
f 2920/1/2914 2918/1/2912 2917/1/2911
f 1036/1/1035 2921/1/2915 2912/1/2906
f 2922/1/2916 1041/1/1042 1040/1/1039
f 2923/1/2917 2921/1/2915 2922/1/2916
f 2912/1/2906 2924/1/2918 2913/1/2907
f 1177/1/1174 2925/1/2919 1181/1/1177
f 2910/1/2904 2925/1/2919 2907/1/2901
f 2927/1/2920 2925/1/2919 2926/1/2921
f 1181/1/1177 2928/1/2922 1178/1/1175
f 2913/1/2907 2929/1/2923 2916/1/2910
f 2924/1/2918 2923/1/2917 2930/1/2924
f 2931/1/2925 2929/1/2923 2930/1/2924
f 2916/1/2910 2932/1/2926 2917/1/2911
f 2927/1/2920 2933/1/2927 2934/1/2928
f 2920/1/2914 2926/1/2921 2910/1/2904
f 2917/1/2911 2933/1/2927 2920/1/2914
f 2934/1/2928 2932/1/2926 2931/1/2925
f 2922/1/2916 2936/1/2929 2923/1/2917
f 2935/1/2930 1040/1/1039 1045/1/1044
f 1047/1/1046 2935/1/2930 1045/1/1044
f 2937/1/2931 2938/1/2932 2936/1/2929
f 1178/1/1175 2939/1/2933 1185/1/1181
f 2940/1/2934 2928/1/2922 2927/1/2920
f 2941/1/2935 2939/1/2933 2940/1/2934
f 1185/1/1181 2942/1/2936 1182/1/1179
f 2930/1/2924 2944/1/2937 2931/1/2925
f 2943/1/2938 2930/1/2924 2923/1/2917
f 2943/1/2938 2936/1/2929 2938/1/2932
f 2944/1/2937 2945/1/2939 2946/1/2940
f 2927/1/2920 2947/1/2941 2940/1/2934
f 2931/1/2925 2947/1/2941 2934/1/2928
f 2946/1/2940 2947/1/2941 2944/1/2937
f 2940/1/2934 2948/1/2942 2941/1/2935
f 2949/1/2943 2950/1/2944 2938/1/2932
f 1050/1/1049 2937/1/2931 1047/1/1046
f 1049/1/1048 2949/1/2943 1050/1/1049
f 2950/1/2944 2951/1/2945 2952/1/2946
f 2946/1/2940 2953/1/2947 2954/1/2948
f 2950/1/2944 2945/1/2939 2938/1/2932
f 2952/1/2946 2953/1/2947 2950/1/2944
f 2954/1/2948 2955/1/2949 2956/1/2950
f 2957/1/2951 2959/1/2952 2960/1/2953
f 2665/1/2659 2958/1/2954 1055/1/1054
f 2663/1/2657 2959/1/2952 2665/1/2659
f 2960/1/2953 2660/1/2656 2625/1/2619
f 2952/1/2946 2961/1/2955 2962/1/2956
f 1053/1/1052 2951/1/2945 1049/1/1048
f 1055/1/1054 2961/1/2955 1053/1/1052
f 2958/1/2954 2957/1/2951 2962/1/2956
f 2956/1/2950 2963/1/2957 2964/1/2958
f 2962/1/2956 2955/1/2949 2952/1/2946
f 2963/1/2957 2962/1/2956 2957/1/2951
f 2964/1/2958 2965/1/2959 2966/1/2960
f 1182/1/1179 2967/1/2961 1189/1/1185
f 2968/1/2962 2942/1/2936 2941/1/2935
f 2969/1/2963 2967/1/2961 2968/1/2962
f 1189/1/1185 2970/1/2964 1186/1/1183
f 2941/1/2935 2971/1/2965 2968/1/2962
f 2954/1/2948 2948/1/2942 2946/1/2940
f 2956/1/2950 2971/1/2965 2954/1/2948
f 2968/1/2962 2972/1/2966 2969/1/2963
f 2625/1/2619 2973/1/2967 2960/1/2953
f 2974/1/2968 2623/1/2618 2595/1/2587
f 2975/1/2969 2973/1/2967 2974/1/2968
f 2960/1/2953 2976/1/2970 2957/1/2951
f 2605/1/2599 2977/1/2971 2978/1/2972
f 2544/1/2538 2602/1/2598 2545/1/2539
f 1148/1/1144 2977/1/2971 2544/1/2538
f 2978/1/2972 2979/1/2973 2980/1/2974
f 2981/1/2975 2982/1/2976 2966/1/2960
f 2965/1/2959 2957/1/2951 2976/1/2970
f 2975/1/2969 2983/1/2977 2981/1/2975
f 2983/1/2977 2984/1/2978 2982/1/2976
f 2985/1/2979 2978/1/2972 2980/1/2974
f 2974/1/2968 2985/1/2979 2975/1/2969
f 2595/1/2587 2986/1/2980 2974/1/2968
f 2978/1/2972 2610/1/2605 2605/1/2599
f 2984/1/2978 2987/1/2981 2988/1/2982
f 2975/1/2969 2987/1/2981 2983/1/2977
f 2988/1/2982 2985/1/2979 2980/1/2974
f 1186/1/1183 2989/1/2983 2990/1/2984
f 2991/1/2985 2970/1/2964 2969/1/2963
f 2984/1/2978 2989/1/2983 2991/1/2985
f 2990/1/2984 2988/1/2982 2980/1/2974
f 1144/1/1141 2992/1/2986 1147/1/1143
f 2990/1/2984 1187/1/1186 1186/1/1183
f 2980/1/2974 2992/1/2986 2990/1/2984
f 1147/1/1143 2979/1/2973 1148/1/1144
f 2969/1/2963 2993/1/2987 2991/1/2985
f 2964/1/2958 2972/1/2966 2956/1/2950
f 2966/1/2960 2993/1/2987 2964/1/2958
f 2991/1/2985 2982/1/2976 2984/1/2978
f 1351/1/1348 2995/1/2988 1348/1/1346
f 2996/1/2989 1351/1/1348 1353/1/1351
f 2997/1/2990 2994/1/2991 2996/1/2989
f 2995/1/2988 2998/1/2992 2999/1/2993
f 3000/1/2994 1357/1/1354 1348/1/1346
f 2999/1/2993 3000/1/2994 2995/1/2988
f 3002/1/2995 3000/1/2994 3001/1/2996
f 3003/1/2997 1354/1/1352 1357/1/1354
f 2999/1/2993 3004/1/2998 3001/1/2996
f 3005/1/2999 2998/1/2992 2997/1/2990
f 3006/1/3000 3004/1/2998 3005/1/2999
f 3001/1/2996 3007/1/3001 3002/1/2995
f 1359/1/1357 3009/1/3002 1360/1/1358
f 3008/1/3003 1359/1/1357 1354/1/1352
f 3010/1/3004 3003/1/2997 3002/1/2995
f 3009/1/3002 3010/1/3004 3011/1/3005
f 1364/1/1362 3012/1/3006 1394/1/1394
f 1363/1/1361 1360/1/1358 3009/1/3002
f 3011/1/3005 3012/1/3006 3009/1/3002
f 1394/1/1394 3013/1/3007 1397/1/1395
f 1397/1/1395 3014/1/3008 3015/1/3009
f 3016/1/3010 3013/1/3007 3011/1/3005
f 3017/1/3011 3014/1/3008 3016/1/3010
f 3018/1/3012 3019/1/3013 3015/1/3009
f 3020/1/3014 3021/1/3015 2383/1/2377
f 1396/1/1393 2382/1/2376 1398/1/1396
f 1397/1/1395 3020/1/3014 1396/1/1393
f 3021/1/3015 3015/1/3009 3019/1/3013
f 2445/1/2439 3022/1/3016 3023/1/3017
f 2439/1/2432 2444/1/2438 2436/1/2430
f 2383/1/2377 3022/1/3016 2439/1/2432
f 3023/1/3017 3021/1/3015 3019/1/3013
f 3002/1/2995 3024/1/3018 3010/1/3004
f 3025/1/3019 3007/1/3001 3006/1/3000
f 3025/1/3019 3016/1/3010 3024/1/3018
f 3011/1/3005 3024/1/3018 3016/1/3010
f 3026/1/3020 3028/1/3021 3029/1/3022
f 3030/1/3023 3027/1/3024 3031/1/3025
f 3032/1/3026 3028/1/3021 3030/1/3023
f 3034/1/3027 3028/1/3021 3033/1/3028
f 3035/1/3029 3037/1/3030 3038/1/3031
f 3036/1/3032 3039/1/3033 3040/1/3034
f 3030/1/3023 3040/1/3034 3032/1/3026
f 3030/1/3023 3038/1/3031 3037/1/3030
f 3041/1/3035 3043/1/3036 3044/1/3037
f 3045/1/3038 3043/1/3036 3042/1/3039
f 3046/1/3040 3027/1/3024 3043/1/3036
f 3044/1/3037 3027/1/3024 3026/1/3020
f 3035/1/3029 3047/1/3041 3048/1/3042
f 3031/1/3025 3047/1/3041 3038/1/3031
f 3046/1/3040 3049/1/3043 3047/1/3041
f 3048/1/3042 3049/1/3043 3050/1/3044
f 3050/1/3044 3052/1/3045 3048/1/3042
f 3053/1/3046 3051/1/3047 3054/1/3048
f 3039/1/3033 3052/1/3045 3053/1/3046
f 3048/1/3042 3036/1/3032 3035/1/3029
f 3034/1/3027 3056/1/3049 3057/1/3050
f 3058/1/3051 3055/1/3052 3059/1/3053
f 3060/1/3054 3056/1/3049 3058/1/3051
f 3057/1/3050 3061/1/3055 3062/1/3056
f 3032/1/3026 3064/1/3057 3033/1/3028
f 3065/1/3058 3063/1/3059 3066/1/3060
f 3059/1/3053 3064/1/3057 3065/1/3058
f 3033/1/3028 3055/1/3052 3034/1/3027
f 3067/1/3061 3063/1/3059 3032/1/3026
f 3068/1/3062 3040/1/3034 3039/1/3033
f 3069/1/3063 3067/1/3061 3068/1/3062
f 3063/1/3059 3070/1/3064 3066/1/3060
f 3071/1/3065 3053/1/3046 3054/1/3048
f 3072/1/3066 3073/1/3067 3074/1/3068
f 3068/1/3062 3074/1/3068 3069/1/3063
f 3068/1/3062 3039/1/3033 3053/1/3046
f 3075/1/3069 3077/1/3070 3078/1/3071
f 3079/1/3072 3077/1/3070 3080/1/3073
f 3050/1/3044 3078/1/3071 3079/1/3072
f 3075/1/3069 3049/1/3043 3045/1/3038
f 3054/1/3048 3081/1/3074 3082/1/3075
f 3079/1/3072 3051/1/3047 3050/1/3044
f 3081/1/3074 3079/1/3072 3080/1/3073
f 3083/1/3076 3084/1/3077 3082/1/3075
f 3085/1/3078 3073/1/3067 3072/1/3066
f 3072/1/3066 3054/1/3048 3082/1/3075
f 3086/1/3079 3082/1/3075 3084/1/3077
f 3088/1/3080 3087/1/3081 3086/1/3079
f 3088/1/3080 3090/1/3082 3085/1/3078
f 3089/1/3083 3091/1/3084 3092/1/3085
f 3093/1/3086 3092/1/3085 3094/1/3087
f 3085/1/3078 3093/1/3086 3073/1/3067
f 3091/1/3084 3096/1/3088 3092/1/3085
f 3097/1/3089 3096/1/3088 3095/1/3090
f 3099/1/3091 3096/1/3088 3098/1/3092
f 3092/1/3085 3100/1/3093 3094/1/3087
f 3101/1/3094 3103/1/3095 3104/1/3096
f 3105/1/3097 3102/1/3098 3106/1/3099
f 3098/1/3092 3105/1/3097 3099/1/3091
f 3104/1/3096 3098/1/3092 3097/1/3089
f 3107/1/3100 3109/1/3101 3110/1/3102
f 3111/1/3103 3108/1/3104 3060/1/3054
f 3112/1/3105 3111/1/3103 3113/1/3106
f 3114/1/3107 3109/1/3101 3112/1/3105
f 3059/1/3053 3116/1/3108 3058/1/3051
f 3117/1/3109 3115/1/3110 3118/1/3111
f 3113/1/3106 3116/1/3108 3117/1/3109
f 3058/1/3051 3111/1/3103 3060/1/3054
f 3119/1/3112 3065/1/3058 3066/1/3060
f 3120/1/3113 3121/1/3114 3122/1/3115
f 3118/1/3111 3119/1/3112 3120/1/3113
f 3065/1/3058 3115/1/3110 3059/1/3053
f 3066/1/3060 3123/1/3116 3121/1/3114
f 3124/1/3117 3070/1/3064 3069/1/3063
f 3125/1/3118 3123/1/3116 3124/1/3117
f 3121/1/3114 3126/1/3119 3122/1/3115
f 3069/1/3063 3127/1/3120 3124/1/3117
f 3128/1/3121 3074/1/3068 3073/1/3067
f 3128/1/3121 3130/1/3122 3127/1/3120
f 3124/1/3117 3130/1/3122 3125/1/3118
f 3094/1/3087 3132/1/3123 3093/1/3086
f 3133/1/3124 3131/1/3125 3134/1/3126
f 3129/1/3127 3132/1/3123 3133/1/3124
f 3093/1/3086 3128/1/3121 3073/1/3067
f 3135/1/3128 3100/1/3093 3099/1/3091
f 3137/1/3129 3135/1/3128 3138/1/3130
f 3134/1/3126 3136/1/3131 3137/1/3129
f 3100/1/3093 3131/1/3125 3094/1/3087
f 3099/1/3091 3139/1/3132 3135/1/3128
f 3106/1/3099 3139/1/3132 3105/1/3097
f 3141/1/3133 3140/1/3134 3142/1/3135
f 3138/1/3130 3139/1/3132 3141/1/3133
f 3114/1/3107 3143/1/3136 3144/1/3137
f 3145/1/3138 3112/1/3105 3113/1/3106
f 3146/1/3139 3143/1/3136 3145/1/3138
f 3144/1/3137 3147/1/3140 3148/1/3141
f 3117/1/3109 3145/1/3138 3113/1/3106
f 3118/1/3111 3149/1/3142 3117/1/3109
f 3151/1/3143 3149/1/3142 3150/1/3144
f 3145/1/3138 3152/1/3145 3146/1/3139
f 3153/1/3146 3155/1/3147 3156/1/3148
f 3150/1/3144 3154/1/3149 3151/1/3143
f 3120/1/3113 3150/1/3144 3118/1/3111
f 3122/1/3115 3155/1/3147 3120/1/3113
f 3157/1/3150 3154/1/3149 3153/1/3146
f 3158/1/3151 3157/1/3150 3159/1/3152
f 3154/1/3149 3160/1/3153 3151/1/3143
f 3161/1/3154 3163/1/3155 3164/1/3156
f 3156/1/3148 3162/1/3157 3153/1/3146
f 3122/1/3115 3163/1/3155 3156/1/3148
f 3164/1/3156 3126/1/3119 3125/1/3118
f 3129/1/3127 3166/1/3158 3130/1/3122
f 3167/1/3159 3166/1/3158 3165/1/3160
f 3164/1/3156 3168/1/3161 3161/1/3154
f 3130/1/3122 3164/1/3156 3125/1/3118
f 3134/1/3126 3170/1/3162 3133/1/3124
f 3171/1/3163 3170/1/3162 3169/1/3164
f 3172/1/3165 3165/1/3160 3170/1/3162
f 3133/1/3124 3165/1/3160 3129/1/3127
f 3173/1/3166 3175/1/3167 3176/1/3168
f 3169/1/3164 3174/1/3169 3171/1/3163
f 3137/1/3129 3169/1/3164 3134/1/3126
f 3138/1/3130 3175/1/3167 3137/1/3129
f 3177/1/3170 3179/1/3171 3180/1/3172
f 3181/1/3173 3178/1/3174 3182/1/3175
f 3084/1/3077 3179/1/3171 3181/1/3173
f 3083/1/3076 3080/1/3073 3180/1/3172
f 3183/1/3176 3185/1/3177 3186/1/3178
f 3187/1/3179 3184/1/3180 3188/1/3181
f 3182/1/3175 3185/1/3177 3187/1/3179
f 3186/1/3178 3178/1/3174 3177/1/3170
f 3182/1/3175 3190/1/3182 3181/1/3173
f 3191/1/3183 3189/1/3184 3192/1/3185
f 3088/1/3080 3190/1/3182 3191/1/3183
f 3181/1/3173 3086/1/3079 3084/1/3077
f 3188/1/3181 3194/1/3186 3187/1/3179
f 3195/1/3187 3193/1/3188 3196/1/3189
f 3192/1/3185 3194/1/3186 3195/1/3187
f 3187/1/3179 3189/1/3184 3182/1/3175
f 3197/1/3190 3199/1/3191 3200/1/3192
f 3201/1/3193 3198/1/3194 3202/1/3195
f 3196/1/3189 3199/1/3191 3201/1/3193
f 3200/1/3192 3193/1/3188 3188/1/3181
f 3192/1/3185 3204/1/3196 3191/1/3183
f 3205/1/3197 3203/1/3198 3206/1/3199
f 3091/1/3084 3204/1/3196 3205/1/3197
f 3191/1/3183 3089/1/3083 3088/1/3080
f 3207/1/3200 3209/1/3201 3210/1/3202
f 3201/1/3193 3208/1/3203 3196/1/3189
f 3202/1/3195 3209/1/3201 3201/1/3193
f 3210/1/3202 3211/1/3204 3212/1/3205
f 3196/1/3189 3213/1/3206 3195/1/3187
f 3214/1/3207 3208/1/3203 3207/1/3200
f 3206/1/3199 3213/1/3206 3214/1/3207
f 3195/1/3187 3203/1/3198 3192/1/3185
f 3206/1/3199 3216/1/3208 3205/1/3197
f 3215/1/3209 3217/1/3210 3218/1/3211
f 3097/1/3089 3216/1/3208 3218/1/3211
f 3205/1/3197 3095/1/3090 3091/1/3084
f 3219/1/3212 3218/1/3211 3217/1/3210
f 3220/1/3213 3221/1/3214 3222/1/3215
f 3101/1/3094 3219/1/3212 3220/1/3213
f 3218/1/3211 3104/1/3096 3097/1/3089
f 3207/1/3200 3224/1/3216 3214/1/3207
f 3225/1/3217 3223/1/3218 3226/1/3219
f 3217/1/3210 3224/1/3216 3225/1/3217
f 3214/1/3207 3215/1/3209 3206/1/3199
f 3212/1/3205 3228/1/3220 3210/1/3202
f 3229/1/3221 3227/1/3222 3230/1/3223
f 3226/1/3219 3228/1/3220 3229/1/3221
f 3210/1/3202 3223/1/3218 3207/1/3200
f 3226/1/3219 3232/1/3224 3225/1/3217
f 3233/1/3225 3231/1/3226 3234/1/3227
f 3222/1/3215 3232/1/3224 3233/1/3225
f 3225/1/3217 3221/1/3214 3217/1/3210
f 3230/1/3223 3236/1/3228 3229/1/3221
f 3237/1/3229 3235/1/3230 3238/1/3231
f 3234/1/3227 3236/1/3228 3237/1/3229
f 3229/1/3221 3231/1/3226 3226/1/3219
f 3234/1/3227 3240/1/3232 3233/1/3225
f 3241/1/3233 3239/1/3234 3242/1/3235
f 3243/1/3236 3240/1/3232 3241/1/3233
f 3233/1/3225 3244/1/3237 3222/1/3215
f 3238/1/3231 3246/1/3238 3237/1/3229
f 3247/1/3239 3245/1/3240 3248/1/3241
f 3242/1/3235 3246/1/3238 3247/1/3239
f 3237/1/3229 3239/1/3234 3234/1/3227
f 3248/1/3241 3250/1/3242 3247/1/3239
f 3251/1/3243 3249/1/3244 3252/1/3245
f 3253/1/3246 3250/1/3242 3251/1/3243
f 3247/1/3239 3254/1/3247 3242/1/3235
f 3255/1/3248 3257/1/3249 3258/1/3250
f 3251/1/3243 3256/1/3251 3253/1/3246
f 3252/1/3245 3257/1/3249 3251/1/3243
f 3258/1/3250 3259/1/3252 3260/1/3253
f 3260/1/3253 3262/1/3254 3258/1/3250
f 3263/1/3255 3261/1/3256 3264/1/3257
f 3265/1/3258 3262/1/3254 3263/1/3255
f 3258/1/3250 3266/1/3259 3255/1/3248
f 3159/1/3152 3267/1/3260 3268/1/3261
f 3269/1/3262 3157/1/3150 3153/1/3146
f 3270/1/3263 3267/1/3260 3269/1/3262
f 3268/1/3261 3271/1/3264 3272/1/3265
f 3162/1/3157 3269/1/3262 3153/1/3146
f 3274/1/3266 3162/1/3157 3161/1/3154
f 3275/1/3267 3273/1/3268 3274/1/3266
f 3269/1/3262 3276/1/3269 3270/1/3263
f 3161/1/3154 3277/1/3270 3274/1/3266
f 3278/1/3271 3168/1/3161 3167/1/3159
f 3279/1/3272 3277/1/3270 3278/1/3271
f 3274/1/3266 3280/1/3273 3275/1/3267
f 3167/1/3159 3281/1/3274 3278/1/3271
f 3282/1/3275 3172/1/3165 3171/1/3163
f 3283/1/3276 3281/1/3274 3282/1/3275
f 3278/1/3271 3284/1/3277 3279/1/3272
f 3279/1/3272 3285/1/3278 3286/1/3279
f 3287/1/3280 3284/1/3277 3283/1/3276
f 3288/1/3281 3285/1/3278 3287/1/3280
f 3286/1/3279 3289/1/3282 3290/1/3283
f 3291/1/3284 3293/1/3285 3294/1/3286
f 3295/1/3287 3292/1/3288 3296/1/3289
f 3202/1/3195 3293/1/3285 3295/1/3287
f 3294/1/3286 3198/1/3194 3197/1/3190
f 3296/1/3289 3298/1/3290 3295/1/3287
f 3299/1/3291 3297/1/3292 3300/1/3293
f 3212/1/3205 3298/1/3290 3299/1/3291
f 3295/1/3287 3211/1/3204 3202/1/3195
f 3300/1/3293 3302/1/3294 3299/1/3291
f 3303/1/3295 3301/1/3296 3304/1/3297
f 3230/1/3223 3302/1/3294 3303/1/3295
f 3299/1/3291 3227/1/3222 3212/1/3205
f 3304/1/3297 3306/1/3298 3303/1/3295
f 3307/1/3299 3305/1/3300 3308/1/3301
f 3238/1/3231 3306/1/3298 3307/1/3299
f 3303/1/3295 3235/1/3230 3230/1/3223
f 3308/1/3301 3310/1/3302 3307/1/3299
f 3311/1/3303 3309/1/3304 3312/1/3305
f 3248/1/3241 3310/1/3302 3311/1/3303
f 3307/1/3299 3245/1/3240 3238/1/3231
f 3312/1/3305 3314/1/3306 3311/1/3303
f 3315/1/3307 3313/1/3308 3316/1/3309
f 3252/1/3245 3314/1/3306 3315/1/3307
f 3311/1/3303 3249/1/3244 3248/1/3241
f 3316/1/3309 3318/1/3310 3315/1/3307
f 3319/1/3311 3317/1/3312 3320/1/3313
f 3260/1/3253 3318/1/3310 3319/1/3311
f 3315/1/3307 3259/1/3252 3252/1/3245
f 3320/1/3313 3322/1/3314 3319/1/3311
f 3323/1/3315 3321/1/3316 3324/1/3317
f 3264/1/3257 3322/1/3314 3323/1/3315
f 3319/1/3311 3261/1/3256 3260/1/3253
f 3325/1/3318 3327/1/3319 3328/1/3320
f 3329/1/3321 3326/1/3322 3330/1/3323
f 3291/1/3284 3327/1/3319 3329/1/3321
f 3328/1/3320 3331/1/3324 3332/1/3325
f 3330/1/3323 3334/1/3326 3329/1/3321
f 3335/1/3327 3333/1/3328 3336/1/3329
f 3296/1/3289 3334/1/3326 3335/1/3327
f 3329/1/3321 3292/1/3288 3291/1/3284
f 3336/1/3329 3338/1/3330 3335/1/3327
f 3339/1/3331 3337/1/3332 3340/1/3333
f 3300/1/3293 3338/1/3330 3339/1/3331
f 3335/1/3327 3297/1/3292 3296/1/3289
f 3340/1/3333 3342/1/3334 3339/1/3331
f 3343/1/3335 3341/1/3336 3344/1/3337
f 3304/1/3297 3342/1/3334 3343/1/3335
f 3339/1/3331 3301/1/3296 3300/1/3293
f 3344/1/3337 3346/1/3338 3343/1/3335
f 3347/1/3339 3345/1/3340 3348/1/3341
f 3308/1/3301 3346/1/3338 3347/1/3339
f 3343/1/3335 3305/1/3300 3304/1/3297
f 3348/1/3341 3350/1/3342 3347/1/3339
f 3351/1/3343 3349/1/3344 3352/1/3345
f 3312/1/3305 3350/1/3342 3351/1/3343
f 3347/1/3339 3309/1/3304 3308/1/3301
f 3352/1/3345 3354/1/3346 3351/1/3343
f 3355/1/3347 3353/1/3348 3356/1/3349
f 3316/1/3309 3354/1/3346 3355/1/3347
f 3351/1/3343 3313/1/3308 3312/1/3305
f 3356/1/3349 3358/1/3350 3355/1/3347
f 3359/1/3351 3357/1/3352 3360/1/3353
f 3320/1/3313 3358/1/3350 3359/1/3351
f 3355/1/3347 3317/1/3312 3316/1/3309
f 3361/1/3354 3363/1/3355 3364/1/3356
f 3365/1/3357 3362/1/3358 3366/1/3359
f 3325/1/3318 3363/1/3355 3365/1/3357
f 3364/1/3356 3367/1/3360 3368/1/3361
f 3366/1/3359 3370/1/3362 3365/1/3357
f 3371/1/3363 3369/1/3364 3372/1/3365
f 3330/1/3323 3370/1/3362 3371/1/3363
f 3365/1/3357 3326/1/3322 3325/1/3318
f 3372/1/3365 3374/1/3366 3371/1/3363
f 3375/1/3367 3373/1/3368 3376/1/3369
f 3336/1/3329 3374/1/3366 3375/1/3367
f 3371/1/3363 3333/1/3328 3330/1/3323
f 3376/1/3369 3378/1/3370 3375/1/3367
f 3379/1/3371 3377/1/3372 3380/1/3373
f 3340/1/3333 3378/1/3370 3379/1/3371
f 3375/1/3367 3337/1/3332 3336/1/3329
f 3380/1/3373 3382/1/3374 3379/1/3371
f 3383/1/3375 3381/1/3376 3384/1/3377
f 3344/1/3337 3382/1/3374 3383/1/3375
f 3379/1/3371 3341/1/3336 3340/1/3333
f 3384/1/3377 3386/1/3378 3383/1/3375
f 3387/1/3379 3385/1/3380 3388/1/3381
f 3348/1/3341 3386/1/3378 3387/1/3379
f 3383/1/3375 3345/1/3340 3344/1/3337
f 3388/1/3381 3390/1/3382 3387/1/3379
f 3391/1/3383 3389/1/3384 3392/1/3385
f 3352/1/3345 3390/1/3382 3391/1/3383
f 3387/1/3379 3349/1/3344 3348/1/3341
f 3392/1/3385 3394/1/3386 3391/1/3383
f 3395/1/3387 3393/1/3388 3396/1/3389
f 3356/1/3349 3394/1/3386 3395/1/3387
f 3391/1/3383 3353/1/3348 3352/1/3345
f 3396/1/3389 3398/1/3390 3395/1/3387
f 3399/1/3391 3397/1/3392 3400/1/3393
f 3360/1/3353 3398/1/3390 3399/1/3391
f 3395/1/3387 3357/1/3352 3356/1/3349
f 3401/1/3394 3403/1/3395 3404/1/3396
f 3405/1/3397 3401/1/3394 3406/1/3398
f 3060/1/3054 3402/1/3399 3405/1/3397
f 3403/1/3395 3108/1/3104 3107/1/3100
f 3407/1/3400 3057/1/3050 3062/1/3056
f 3408/1/3401 3409/1/3402 3410/1/3403
f 3026/1/3020 3407/1/3400 3408/1/3401
f 3029/1/3022 3034/1/3027 3057/1/3050
f 3026/1/3020 3411/1/3404 3044/1/3037
f 3412/1/3405 3408/1/3401 3410/1/3403
f 3413/1/3406 3411/1/3404 3412/1/3405
f 3044/1/3037 3414/1/3407 3041/1/3035
f 3413/1/3406 3415/1/3408 3416/1/3409
f 3412/1/3405 3410/1/3403 3417/1/3410
f 3418/1/3411 3415/1/3408 3417/1/3410
f 3416/1/3409 3419/1/3412 3420/1/3413
f 3406/1/3398 3422/1/3414 3405/1/3397
f 3409/1/3402 3421/1/3415 3410/1/3403
f 3062/1/3056 3422/1/3414 3409/1/3402
f 3405/1/3397 3061/1/3055 3060/1/3054
f 3423/1/3416 3424/1/3417 3418/1/3411
f 3417/1/3410 3410/1/3403 3421/1/3415
f 3421/1/3415 3406/1/3398 3424/1/3417
f 3425/1/3418 3427/1/3419 3428/1/3420
f 3429/1/3421 3426/1/3422 3430/1/3423
f 3431/1/3424 3427/1/3419 3429/1/3421
f 3428/1/3420 3432/1/3425 3433/1/3426
f 3430/1/3423 3435/1/3427 3429/1/3421
f 3436/1/3428 3434/1/3429 3437/1/3430
f 3438/1/3431 3435/1/3427 3436/1/3428
f 3429/1/3421 3439/1/3432 3431/1/3424
f 3440/1/3433 3442/1/3434 3443/1/3435
f 3436/1/3428 3441/1/3436 3438/1/3431
f 3437/1/3430 3442/1/3434 3436/1/3428
f 3443/1/3435 3444/1/3437 3445/1/3438
f 3445/1/3438 3447/1/3439 3443/1/3435
f 3448/1/3440 3446/1/3441 3449/1/3442
f 3450/1/3443 3447/1/3439 3448/1/3440
f 3443/1/3435 3451/1/3444 3440/1/3433
f 3452/1/3445 3454/1/3446 3455/1/3447
f 3456/1/3448 3453/1/3449 3457/1/3450
f 3458/1/3451 3454/1/3446 3456/1/3448
f 3455/1/3447 3459/1/3452 3449/1/3442
f 3460/1/3453 3462/1/3454 3463/1/3455
f 3448/1/3440 3461/1/3456 3450/1/3443
f 3449/1/3442 3462/1/3454 3448/1/3440
f 3459/1/3452 3458/1/3451 3463/1/3455
f 3464/1/3457 3466/1/3458 3467/1/3459
f 3468/1/3460 3465/1/3461 3469/1/3462
f 3404/1/3396 3466/1/3458 3468/1/3460
f 3467/1/3459 3403/1/3395 3107/1/3100
f 3470/1/3463 3472/1/3464 3473/1/3465
f 3467/1/3459 3471/1/3466 3464/1/3457
f 3107/1/3100 3472/1/3464 3467/1/3459
f 3473/1/3465 3110/1/3102 3114/1/3107
f 3148/1/3141 3474/1/3467 3475/1/3468
f 3476/1/3469 3147/1/3140 3146/1/3139
f 3477/1/3470 3474/1/3467 3476/1/3469
f 3475/1/3468 3478/1/3471 3479/1/3472
f 3146/1/3139 3480/1/3473 3476/1/3469
f 3481/1/3474 3152/1/3145 3151/1/3143
f 3482/1/3475 3481/1/3474 3483/1/3476
f 3476/1/3469 3482/1/3475 3477/1/3470
f 3272/1/3265 3485/1/3477 3268/1/3261
f 3481/1/3474 3484/1/3478 3483/1/3476
f 3151/1/3143 3485/1/3477 3481/1/3474
f 3268/1/3261 3160/1/3153 3159/1/3152
f 3148/1/3141 3487/1/3479 3144/1/3137
f 3486/1/3480 3488/1/3481 3489/1/3482
f 3470/1/3463 3487/1/3479 3489/1/3482
f 3144/1/3137 3473/1/3465 3114/1/3107
f 3490/1/3483 3491/1/3484 3492/1/3485
f 3493/1/3486 3494/1/3487 3495/1/3488
f 3469/1/3462 3490/1/3483 3493/1/3486
f 3491/1/3484 3465/1/3461 3464/1/3457
f 3488/1/3481 3497/1/3489 3489/1/3482
f 3496/1/3490 3492/1/3485 3491/1/3484
f 3464/1/3457 3497/1/3489 3491/1/3484
f 3489/1/3482 3471/1/3466 3470/1/3463
f 3479/1/3472 3499/1/3491 3475/1/3468
f 3498/1/3492 3488/1/3481 3486/1/3480
f 3475/1/3468 3486/1/3480 3148/1/3141
f 3500/1/3493 3502/1/3494 3503/1/3495
f 3504/1/3496 3501/1/3497 3505/1/3498
f 3479/1/3472 3502/1/3494 3504/1/3496
f 3503/1/3495 3478/1/3471 3477/1/3470
f 3505/1/3498 3507/1/3499 3504/1/3496
f 3508/1/3500 3506/1/3501 3509/1/3502
f 3488/1/3481 3507/1/3499 3508/1/3500
f 3504/1/3496 3498/1/3492 3479/1/3472
f 3510/1/3503 3508/1/3500 3509/1/3502
f 3511/1/3504 3512/1/3505 3513/1/3506
f 3510/1/3503 3513/1/3506 3492/1/3485
f 3496/1/3490 3488/1/3481 3508/1/3500
f 3514/1/3507 3513/1/3506 3512/1/3505
f 3515/1/3508 3516/1/3509 3517/1/3510
f 3492/1/3485 3514/1/3507 3515/1/3508
f 3518/1/3511 3515/1/3508 3517/1/3510
f 3519/1/3512 3520/1/3513 3521/1/3514
f 3495/1/3488 3518/1/3511 3521/1/3514
f 3515/1/3508 3494/1/3487 3492/1/3485
f 3522/1/3515 3524/1/3516 3525/1/3517
f 3523/1/3518 3526/1/3519 3527/1/3520
f 3524/1/3516 3527/1/3520 3517/1/3510
f 3525/1/3517 3516/1/3509 3512/1/3505
f 3528/1/3521 3530/1/3522 3531/1/3523
f 3525/1/3517 3529/1/3524 3522/1/3515
f 3512/1/3505 3530/1/3522 3525/1/3517
f 3531/1/3523 3511/1/3504 3509/1/3502
f 3532/1/3525 3534/1/3526 3535/1/3527
f 3531/1/3523 3533/1/3528 3528/1/3521
f 3509/1/3502 3534/1/3526 3531/1/3523
f 3535/1/3527 3506/1/3501 3505/1/3498
f 3536/1/3529 3538/1/3530 3539/1/3531
f 3535/1/3527 3536/1/3529 3532/1/3525
f 3505/1/3498 3537/1/3532 3535/1/3527
f 3500/1/3493 3537/1/3532 3501/1/3497
f 3540/1/3533 3542/1/3534 3543/1/3535
f 3544/1/3536 3541/1/3537 3545/1/3538
f 3521/1/3514 3544/1/3536 3495/1/3488
f 3543/1/3535 3521/1/3514 3520/1/3513
f 3433/1/3426 3546/1/3539 3547/1/3540
f 3548/1/3541 3432/1/3425 3431/1/3424
f 3549/1/3542 3546/1/3539 3548/1/3541
f 3547/1/3540 3550/1/3543 3551/1/3544
f 3552/1/3545 3554/1/3546 3555/1/3547
f 3556/1/3548 3553/1/3549 3557/1/3550
f 3545/1/3538 3554/1/3546 3556/1/3548
f 3555/1/3547 3541/1/3537 3540/1/3533
f 3551/1/3544 3558/1/3551 3559/1/3552
f 3560/1/3553 3550/1/3543 3549/1/3542
f 3557/1/3550 3558/1/3551 3560/1/3553
f 3559/1/3552 3553/1/3549 3552/1/3545
f 3495/1/3488 3561/1/3554 3493/1/3486
f 3562/1/3555 3544/1/3536 3545/1/3538
f 3563/1/3556 3561/1/3554 3562/1/3555
f 3493/1/3486 3564/1/3557 3469/1/3462
f 3565/1/3558 3567/1/3559 3568/1/3560
f 3548/1/3541 3566/1/3561 3549/1/3542
f 3431/1/3424 3567/1/3559 3548/1/3541
f 3568/1/3560 3439/1/3432 3438/1/3431
f 3545/1/3538 3569/1/3562 3562/1/3555
f 3570/1/3563 3556/1/3548 3557/1/3550
f 3571/1/3564 3569/1/3562 3570/1/3563
f 3562/1/3555 3572/1/3565 3563/1/3556
f 3565/1/3558 3574/1/3566 3566/1/3561
f 3570/1/3563 3573/1/3567 3571/1/3564
f 3557/1/3550 3574/1/3566 3570/1/3563
f 3566/1/3561 3560/1/3553 3549/1/3542
f 3469/1/3462 3575/1/3568 3468/1/3460
f 3564/1/3557 3563/1/3556 3576/1/3569
f 3575/1/3568 3576/1/3569 3577/1/3570
f 3468/1/3460 3578/1/3571 3404/1/3396
f 3438/1/3431 3579/1/3572 3568/1/3560
f 3580/1/3573 3441/1/3436 3440/1/3433
f 3581/1/3574 3579/1/3572 3580/1/3573
f 3568/1/3560 3582/1/3575 3565/1/3558
f 3583/1/3576 3576/1/3569 3563/1/3556
f 3584/1/3577 3572/1/3565 3571/1/3564
f 3585/1/3578 3583/1/3576 3584/1/3577
f 3586/1/3579 3577/1/3570 3576/1/3569
f 3581/1/3574 3588/1/3580 3582/1/3575
f 3584/1/3577 3587/1/3581 3585/1/3578
f 3571/1/3564 3588/1/3580 3584/1/3577
f 3582/1/3575 3573/1/3567 3565/1/3558
f 3589/1/3582 3451/1/3444 3450/1/3443
f 3591/1/3583 3589/1/3582 3592/1/3584
f 3581/1/3574 3590/1/3585 3591/1/3583
f 3440/1/3433 3590/1/3585 3580/1/3573
f 3404/1/3396 3593/1/3586 3401/1/3394
f 3578/1/3571 3577/1/3570 3594/1/3587
f 3593/1/3586 3594/1/3587 3595/1/3588
f 3401/1/3394 3596/1/3589 3406/1/3398
f 3577/1/3570 3597/1/3590 3594/1/3587
f 3598/1/3591 3586/1/3579 3585/1/3578
f 3599/1/3592 3597/1/3590 3598/1/3591
f 3594/1/3587 3600/1/3593 3595/1/3588
f 3592/1/3584 3602/1/3594 3591/1/3583
f 3598/1/3591 3601/1/3595 3599/1/3592
f 3585/1/3578 3602/1/3594 3598/1/3591
f 3591/1/3583 3587/1/3581 3581/1/3574
f 3603/1/3596 3461/1/3456 3460/1/3453
f 3605/1/3597 3603/1/3596 3606/1/3598
f 3592/1/3584 3604/1/3599 3605/1/3597
f 3450/1/3443 3604/1/3599 3589/1/3582
f 3607/1/3600 3608/1/3601 3609/1/3602
f 3424/1/3417 3610/1/3603 3418/1/3411
f 3607/1/3600 3424/1/3417 3406/1/3398
f 3608/1/3601 3596/1/3589 3595/1/3588
f 3606/1/3598 3612/1/3604 3605/1/3597
f 3613/1/3605 3611/1/3606 3614/1/3607
f 3612/1/3604 3613/1/3605 3599/1/3592
f 3605/1/3597 3601/1/3595 3592/1/3584
f 3614/1/3607 3616/1/3608 3613/1/3605
f 3608/1/3601 3615/1/3609 3609/1/3602
f 3595/1/3588 3616/1/3608 3608/1/3601
f 3613/1/3605 3600/1/3593 3599/1/3592
f 3332/1/3325 3618/1/3610 3328/1/3320
f 3619/1/3611 3617/1/3612 3620/1/3613
f 3368/1/3361 3618/1/3610 3619/1/3611
f 3328/1/3320 3367/1/3360 3325/1/3318
f 3621/1/3614 3622/1/3615 3623/1/3616
f 3180/1/3172 3624/1/3617 3177/1/3170
f 3621/1/3614 3180/1/3172 3080/1/3073
f 3622/1/3615 3077/1/3070 3076/1/3618
f 3625/1/3619 3617/1/3612 3332/1/3325
f 3627/1/3620 3626/1/3621 3625/1/3619
f 3629/1/3622 3628/1/3623 3630/1/3624
f 3620/1/3613 3626/1/3621 3629/1/3622
f 3183/1/3176 3632/1/3625 3184/1/3180
f 3633/1/3626 3631/1/3627 3627/1/3620
f 3200/1/3192 3633/1/3626 3197/1/3190
f 3188/1/3181 3632/1/3625 3200/1/3192
f 3627/1/3620 3634/1/3628 3635/1/3629
f 3186/1/3178 3631/1/3627 3183/1/3176
f 3177/1/3170 3634/1/3628 3186/1/3178
f 3635/1/3629 3624/1/3617 3623/1/3616
f 3630/1/3624 3636/1/3630 3637/1/3631
f 3635/1/3629 3628/1/3623 3627/1/3620
f 3623/1/3616 3636/1/3630 3635/1/3629
f 3197/1/3190 3638/1/3632 3294/1/3286
f 3625/1/3619 3633/1/3626 3627/1/3620
f 3332/1/3325 3638/1/3632 3625/1/3619
f 3294/1/3286 3331/1/3324 3291/1/3284
f 3477/1/3470 3639/1/3633 3503/1/3495
f 3640/1/3634 3482/1/3475 3483/1/3476
f 3641/1/3635 3639/1/3633 3640/1/3634
f 3642/1/3636 3500/1/3493 3503/1/3495
f 3643/1/3637 3642/1/3636 3641/1/3635
f 3645/1/3638 3644/1/3639 3643/1/3637
f 3539/1/3531 3644/1/3639 3646/1/3640
f 3642/1/3636 3538/1/3530 3500/1/3493
f 3646/1/3640 3645/1/3638 3647/1/3641
f 3648/1/3642 3647/1/3641 3649/1/3643
f 3646/1/3640 3650/1/3644 3539/1/3531
f 3651/1/3645 3650/1/3644 3649/1/3643
f 3652/1/3646 3653/1/3647 3654/1/3648
f 3532/1/3525 3651/1/3645 3654/1/3648
f 3539/1/3531 3651/1/3645 3536/1/3529
f 3653/1/3647 3656/1/3649 3654/1/3648
f 3657/1/3650 3655/1/3651 3658/1/3652
f 3528/1/3521 3656/1/3649 3657/1/3650
f 3654/1/3648 3533/1/3528 3532/1/3525
f 3658/1/3652 3660/1/3653 3657/1/3650
f 3661/1/3654 3659/1/3655 3662/1/3656
f 3522/1/3515 3660/1/3653 3661/1/3654
f 3657/1/3650 3529/1/3524 3528/1/3521
f 3662/1/3656 3664/1/3657 3661/1/3654
f 3665/1/3658 3663/1/3659 3666/1/3660
f 3526/1/3519 3664/1/3657 3665/1/3658
f 3661/1/3654 3523/1/3518 3522/1/3515
f 3667/1/3661 3669/1/3662 3670/1/3663
f 3666/1/3660 3668/1/3664 3667/1/3661
f 3669/1/3662 3663/1/3659 3662/1/3656
f 3671/1/3665 3673/1/3666 3674/1/3667
f 3669/1/3662 3672/1/3668 3670/1/3663
f 3662/1/3656 3673/1/3666 3669/1/3662
f 3674/1/3667 3659/1/3655 3658/1/3652
f 3675/1/3669 3677/1/3670 3678/1/3671
f 3674/1/3667 3676/1/3672 3671/1/3665
f 3658/1/3652 3677/1/3670 3674/1/3667
f 3678/1/3671 3655/1/3651 3653/1/3647
f 3679/1/3673 3652/1/3646 3649/1/3643
f 3681/1/3674 3679/1/3673 3682/1/3675
f 3675/1/3669 3680/1/3676 3681/1/3674
f 3653/1/3647 3680/1/3676 3678/1/3671
f 3683/1/3677 3684/1/3678 3685/1/3679
f 3682/1/3675 3686/1/3680 3685/1/3679
f 3649/1/3643 3686/1/3680 3679/1/3673
f 3645/1/3638 3686/1/3680 3647/1/3641
f 3641/1/3635 3688/1/3681 3643/1/3637
f 3687/1/3682 3689/1/3683 3690/1/3684
f 3688/1/3681 3690/1/3684 3684/1/3678
f 3643/1/3637 3683/1/3677 3645/1/3638
f 3691/1/3685 3692/1/3686 3693/1/3687
f 3689/1/3683 3691/1/3685 3694/1/3688
f 3640/1/3634 3687/1/3682 3641/1/3635
f 3692/1/3686 3640/1/3634 3483/1/3476
f 3695/1/3689 3692/1/3686 3483/1/3476
f 3484/1/3478 3272/1/3265 3696/1/3690
f 3697/1/3691 3695/1/3689 3696/1/3690
f 3698/1/3692 3693/1/3687 3692/1/3686
f 3272/1/3265 3699/1/3693 3696/1/3690
f 3700/1/3694 3271/1/3264 3270/1/3263
f 3701/1/3695 3699/1/3693 3700/1/3694
f 3696/1/3690 3702/1/3696 3697/1/3691
f 3270/1/3263 3703/1/3697 3700/1/3694
f 3704/1/3698 3276/1/3269 3275/1/3267
f 3703/1/3697 3704/1/3698 3705/1/3699
f 3700/1/3694 3706/1/3700 3701/1/3695
f 3290/1/3283 3708/1/3701 3286/1/3279
f 3704/1/3698 3707/1/3702 3705/1/3699
f 3275/1/3267 3708/1/3701 3704/1/3698
f 3286/1/3279 3280/1/3273 3279/1/3272
f 3709/1/3703 3710/1/3704 3711/1/3705
f 3712/1/3706 3714/1/3707 3711/1/3705
f 3709/1/3703 3713/1/3708 3715/1/3709
f 3705/1/3699 3716/1/3710 3717/1/3711
f 3718/1/3712 3707/1/3702 3290/1/3283
f 3719/1/3713 3716/1/3710 3718/1/3712
f 3717/1/3711 3720/1/3714 3710/1/3704
f 3290/1/3283 3721/1/3715 3718/1/3712
f 3722/1/3716 3289/1/3282 3288/1/3281
f 3723/1/3717 3721/1/3715 3722/1/3716
f 3718/1/3712 3724/1/3718 3719/1/3713
f 3288/1/3281 3726/1/3719 3722/1/3716
f 3727/1/3720 3725/1/3721 3728/1/3722
f 3729/1/3723 3726/1/3719 3727/1/3720
f 3722/1/3716 3730/1/3724 3723/1/3717
f 3731/1/3725 3727/1/3720 3728/1/3722
f 3732/1/3726 3734/1/3727 3731/1/3725
f 3735/1/3728 3734/1/3727 3736/1/3729
f 3731/1/3725 3735/1/3728 3729/1/3723
f 3737/1/3730 3739/1/3731 3740/1/3732
f 3282/1/3275 3738/1/3733 3283/1/3276
f 3171/1/3163 3739/1/3731 3282/1/3275
f 3740/1/3732 3174/1/3169 3173/1/3166
f 3283/1/3276 3741/1/3734 3287/1/3280
f 3742/1/3735 3738/1/3733 3737/1/3730
f 3741/1/3734 3742/1/3735 3728/1/3722
f 3725/1/3721 3288/1/3281 3287/1/3280
f 3737/1/3730 3744/1/3736 3742/1/3735
f 3745/1/3737 3743/1/3738 3746/1/3739
f 3733/1/3740 3744/1/3736 3745/1/3737
f 3742/1/3735 3732/1/3726 3728/1/3722
f 3176/1/3168 3141/1/3133 3747/1/3741
f 3142/1/3135 3747/1/3741 3141/1/3133
f 3749/1/3742 3747/1/3741 3748/1/3743
f 3176/1/3168 3750/1/3744 3173/1/3166
f 3173/1/3166 3751/1/3745 3740/1/3732
f 3752/1/3746 3750/1/3744 3749/1/3742
f 3746/1/3739 3751/1/3745 3752/1/3746
f 3740/1/3732 3743/1/3738 3737/1/3730
f 3746/1/3739 3753/1/3747 3754/1/3748
f 3749/1/3742 3753/1/3747 3752/1/3746
f 3756/1/3749 3753/1/3747 3755/1/3750
f 3733/1/3740 3757/1/3751 3758/1/3752
f 3754/1/3748 3745/1/3737 3746/1/3739
f 3756/1/3749 3757/1/3751 3754/1/3748
f 3758/1/3752 3759/1/3753 3760/1/3754
f 3761/1/3755 3711/1/3705 3710/1/3704
f 3762/1/3756 3720/1/3714 3719/1/3713
f 3763/1/3757 3761/1/3755 3762/1/3756
f 3764/1/3758 3712/1/3706 3711/1/3705
f 3765/1/3759 3767/1/3760 3768/1/3761
f 3769/1/3762 3766/1/3763 3712/1/3706
f 3770/1/3764 3767/1/3760 3769/1/3762
f 3768/1/3761 3771/1/3765 3772/1/3766
f 3763/1/3757 3774/1/3767 3764/1/3758
f 3769/1/3762 3773/1/3768 3770/1/3764
f 3769/1/3762 3712/1/3706 3764/1/3758
f 3719/1/3713 3775/1/3769 3762/1/3756
f 3776/1/3770 3724/1/3718 3723/1/3717
f 3777/1/3771 3775/1/3769 3776/1/3770
f 3762/1/3756 3778/1/3772 3763/1/3757
f 3777/1/3771 3780/1/3773 3778/1/3772
f 3781/1/3774 3779/1/3775 3782/1/3776
f 3770/1/3764 3780/1/3773 3781/1/3774
f 3778/1/3772 3773/1/3768 3763/1/3757
f 3782/1/3776 3784/1/3777 3781/1/3774
f 3785/1/3778 3783/1/3779 3786/1/3780
f 3772/1/3766 3784/1/3777 3785/1/3778
f 3781/1/3774 3771/1/3765 3770/1/3764
f 3787/1/3781 3776/1/3770 3723/1/3717
f 3729/1/3723 3787/1/3781 3730/1/3724
f 3789/1/3782 3788/1/3783 3790/1/3784
f 3776/1/3770 3789/1/3782 3777/1/3771
f 3790/1/3784 3792/1/3785 3789/1/3782
f 3793/1/3786 3791/1/3787 3794/1/3788
f 3782/1/3776 3792/1/3785 3793/1/3786
f 3789/1/3782 3779/1/3775 3777/1/3771
f 3794/1/3788 3796/1/3789 3793/1/3786
f 3797/1/3790 3795/1/3791 3798/1/3792
f 3786/1/3780 3796/1/3789 3797/1/3790
f 3793/1/3786 3783/1/3779 3782/1/3776
f 3765/1/3759 3799/1/3793 3800/1/3794
f 3772/1/3766 3799/1/3793 3768/1/3761
f 3802/1/3795 3799/1/3793 3801/1/3796
f 3800/1/3794 3803/1/3797 3804/1/3798
f 3785/1/3778 3801/1/3796 3772/1/3766
f 3806/1/3799 3785/1/3778 3786/1/3780
f 3807/1/3800 3805/1/3801 3806/1/3799
f 3801/1/3796 3808/1/3802 3802/1/3795
f 3786/1/3780 3809/1/3803 3806/1/3799
f 3810/1/3804 3797/1/3790 3798/1/3792
f 3811/1/3805 3809/1/3803 3810/1/3804
f 3806/1/3799 3812/1/3806 3807/1/3800
f 3798/1/3792 3814/1/3807 3810/1/3804
f 3815/1/3808 3813/1/3809 3816/1/3810
f 3817/1/3811 3814/1/3807 3815/1/3808
f 3810/1/3804 3818/1/3812 3811/1/3805
f 3811/1/3805 3819/1/3813 3820/1/3814
f 3821/1/3815 3818/1/3812 3817/1/3811
f 3822/1/3816 3819/1/3813 3821/1/3815
f 3820/1/3814 3823/1/3817 3824/1/3818
f 3825/1/3819 3715/1/3709 3826/1/3820
f 3827/1/3821 3829/1/3822 3826/1/3820
f 3828/1/3823 3830/1/3824 3825/1/3819
f 3715/1/3709 3831/1/3825 3826/1/3820
f 3832/1/3826 3713/1/3708 3712/1/3706
f 3833/1/3827 3831/1/3825 3832/1/3826
f 3826/1/3820 3834/1/3828 3827/1/3821
f 3804/1/3798 3836/1/3829 3800/1/3794
f 3832/1/3826 3835/1/3830 3833/1/3827
f 3712/1/3706 3836/1/3829 3832/1/3826
f 3800/1/3794 3766/1/3763 3765/1/3759
f 3837/1/3831 3835/1/3830 3804/1/3798
f 3839/1/3832 3838/1/3833 3837/1/3831
f 3835/1/3830 3840/1/3834 3833/1/3827
f 3804/1/3798 3841/1/3835 3837/1/3831
f 3842/1/3836 3803/1/3797 3802/1/3795
f 3843/1/3837 3841/1/3835 3842/1/3836
f 3837/1/3831 3844/1/3838 3839/1/3832
f 3802/1/3795 3845/1/3839 3842/1/3836
f 3846/1/3840 3808/1/3802 3807/1/3800
f 3847/1/3841 3845/1/3839 3846/1/3840
f 3842/1/3836 3848/1/3842 3843/1/3837
f 3824/1/3818 3850/1/3843 3820/1/3814
f 3846/1/3840 3849/1/3844 3847/1/3841
f 3807/1/3800 3850/1/3843 3846/1/3840
f 3820/1/3814 3812/1/3806 3811/1/3805
f 3830/1/3824 3851/1/3845 3852/1/3846
f 3853/1/3847 3828/1/3823 3827/1/3821
f 3854/1/3848 3851/1/3845 3853/1/3847
f 3852/1/3846 3855/1/3849 3856/1/3850
f 3827/1/3821 3857/1/3851 3853/1/3847
f 3858/1/3852 3834/1/3828 3833/1/3827
f 3859/1/3853 3857/1/3851 3858/1/3852
f 3853/1/3847 3860/1/3854 3854/1/3848
f 3861/1/3855 3863/1/3856 3864/1/3857
f 3854/1/3848 3864/1/3857 3863/1/3856
f 3860/1/3854 3859/1/3853 3865/1/3858
f 3861/1/3855 3865/1/3858 3866/1/3859
f 3833/1/3827 3867/1/3860 3858/1/3852
f 3868/1/3861 3840/1/3834 3839/1/3832
f 3869/1/3862 3867/1/3860 3868/1/3861
f 3858/1/3852 3870/1/3863 3859/1/3853
f 3871/1/3864 3870/1/3863 3869/1/3862
f 3873/1/3865 3871/1/3864 3874/1/3866
f 3866/1/3859 3872/1/3867 3873/1/3865
f 3859/1/3853 3872/1/3867 3865/1/3858
f 3839/1/3832 3875/1/3868 3868/1/3861
f 3876/1/3869 3844/1/3838 3843/1/3837
f 3877/1/3870 3875/1/3868 3876/1/3869
f 3868/1/3861 3878/1/3871 3869/1/3862
f 3879/1/3872 3881/1/3873 3882/1/3874
f 3871/1/3864 3880/1/3875 3874/1/3866
f 3869/1/3862 3881/1/3873 3871/1/3864
f 3882/1/3874 3878/1/3871 3877/1/3870
f 3843/1/3837 3883/1/3876 3876/1/3869
f 3884/1/3877 3848/1/3842 3847/1/3841
f 3884/1/3877 3886/1/3878 3883/1/3876
f 3876/1/3869 3886/1/3878 3877/1/3870
f 3887/1/3879 3889/1/3880 3890/1/3881
f 3888/1/3882 3879/1/3872 3882/1/3874
f 3877/1/3870 3889/1/3880 3882/1/3874
f 3890/1/3881 3886/1/3878 3885/1/3883
f 866/1/864 3892/1/3884 867/1/868
f 3893/1/3885 3891/1/3886 3894/1/3887
f 3895/1/3888 3892/1/3884 3893/1/3885
f 867/1/868 3896/1/3889 871/1/869
f 3897/1/3890 3899/1/3891 3900/1/3892
f 882/1/880 3898/1/3893 883/1/881
f 881/1/879 3899/1/3891 882/1/880
f 3900/1/3892 3901/1/3894 3902/1/3895
f 3903/1/3896 3905/1/3897 3906/1/3898
f 888/1/886 3904/1/3899 889/1/887
f 883/1/881 3905/1/3897 888/1/886
f 3906/1/3898 3898/1/3893 3897/1/3890
f 889/1/887 3907/1/3900 890/1/889
f 3908/1/3901 3904/1/3899 3903/1/3896
f 3894/1/3887 3907/1/3900 3908/1/3901
f 890/1/889 3891/1/3886 866/1/864
f 3902/1/3895 3910/1/3902 3900/1/3892
f 3911/1/3903 3909/1/3904 3912/1/3905
f 3913/1/3906 3910/1/3902 3911/1/3903
f 3900/1/3892 3914/1/3907 3897/1/3890
f 3915/1/3908 3917/1/3909 3918/1/3910
f 3906/1/3898 3916/1/3911 3903/1/3896
f 3897/1/3890 3917/1/3909 3906/1/3898
f 3918/1/3910 3914/1/3907 3913/1/3906
f 3903/1/3896 3919/1/3912 3908/1/3901
f 3920/1/3913 3916/1/3911 3915/1/3908
f 3921/1/3914 3919/1/3912 3920/1/3913
f 3922/1/3915 3894/1/3887 3908/1/3901
f 3912/1/3905 3924/1/3916 3911/1/3903
f 3925/1/3917 3923/1/3918 3926/1/3919
f 3927/1/3920 3924/1/3916 3925/1/3917
f 3911/1/3903 3928/1/3921 3913/1/3906
f 3856/1/3850 3930/1/3922 3852/1/3846
f 3931/1/3923 3929/1/3924 3932/1/3925
f 3933/1/3926 3930/1/3922 3931/1/3923
f 3852/1/3846 3934/1/3927 3830/1/3824
f 3926/1/3919 3936/1/3928 3925/1/3917
f 3937/1/3929 3935/1/3930 3938/1/3931
f 3939/1/3932 3936/1/3928 3937/1/3929
f 3925/1/3917 3940/1/3933 3927/1/3920
f 3941/1/3934 3943/1/3935 3944/1/3936
f 3918/1/3910 3942/1/3937 3915/1/3908
f 3913/1/3906 3943/1/3935 3918/1/3910
f 3944/1/3936 3928/1/3921 3927/1/3920
f 3945/1/3938 3939/1/3932 3946/1/3939
f 3945/1/3938 3946/1/3939 3941/1/3934
f 3927/1/3920 3945/1/3938 3944/1/3936
f 3915/1/3908 3947/1/3940 3920/1/3913
f 3948/1/3941 3942/1/3937 3941/1/3934
f 3947/1/3940 3948/1/3941 3949/1/3942
f 3920/1/3913 3950/1/3943 3921/1/3914
f 3951/1/3944 3948/1/3941 3941/1/3934
f 3946/1/3939 3939/1/3932 3952/1/3945
f 3953/1/3946 3951/1/3944 3952/1/3945
f 3954/1/3947 3949/1/3942 3948/1/3941
f 3932/1/3925 3956/1/3948 3931/1/3923
f 3937/1/3929 3955/1/3949 3939/1/3932
f 3938/1/3931 3956/1/3948 3937/1/3929
f 3931/1/3923 3957/1/3950 3933/1/3926
f 3894/1/3887 3958/1/3951 3893/1/3885
f 3959/1/3952 3922/1/3915 3921/1/3914
f 3960/1/3953 3958/1/3951 3959/1/3952
f 3893/1/3885 3961/1/3954 3895/1/3888
f 3921/1/3914 3962/1/3955 3959/1/3952
f 3963/1/3956 3950/1/3943 3949/1/3942
f 3964/1/3957 3962/1/3955 3963/1/3956
f 3965/1/3958 3960/1/3953 3959/1/3952
f 3964/1/3957 3967/1/3959 3965/1/3958
f 3968/1/3960 3966/1/3961 3969/1/3962
f 3970/1/3963 3967/1/3959 3968/1/3960
f 3971/1/3964 3960/1/3953 3965/1/3958
f 3972/1/3965 3974/1/3966 3975/1/3967
f 3952/1/3945 3973/1/3968 3953/1/3946
f 3939/1/3932 3974/1/3966 3952/1/3945
f 3975/1/3967 3955/1/3949 3932/1/3925
f 3953/1/3946 3976/1/3969 3954/1/3947
f 3977/1/3970 3973/1/3968 3972/1/3965
f 3964/1/3957 3976/1/3969 3977/1/3970
f 3954/1/3947 3963/1/3956 3949/1/3942
f 3862/1/3971 3979/1/3972 3863/1/3856
f 3980/1/3973 3978/1/3974 3981/1/3975
f 3856/1/3850 3979/1/3972 3980/1/3973
f 3863/1/3856 3855/1/3849 3854/1/3848
f 3982/1/3976 3984/1/3977 3985/1/3978
f 3983/1/3979 3969/1/3962 3966/1/3961
f 3977/1/3970 3966/1/3961 3964/1/3957
f 3977/1/3970 3972/1/3965 3985/1/3978
f 3981/1/3975 3987/1/3980 3980/1/3973
f 3975/1/3967 3986/1/3981 3972/1/3965
f 3932/1/3925 3987/1/3980 3975/1/3967
f 3929/1/3924 3856/1/3850 3980/1/3973
f 3988/1/3982 3986/1/3981 3981/1/3975
f 3982/1/3976 3989/1/3983 3988/1/3982
f 3972/1/3965 3989/1/3983 3985/1/3978
f 3990/1/3984 3992/1/3985 3993/1/3986
f 3994/1/3987 3991/1/3988 3995/1/3989
f 3366/1/3359 3992/1/3985 3994/1/3987
f 3993/1/3986 3362/1/3358 3361/1/3354
f 3995/1/3989 3997/1/3990 3994/1/3987
f 3998/1/3991 3996/1/3992 3999/1/3993
f 3372/1/3365 3997/1/3990 3998/1/3991
f 3994/1/3987 3369/1/3364 3366/1/3359
f 4000/1/3994 4002/1/3995 4003/1/3996
f 3376/1/3369 4000/1/3994 4003/1/3996
f 3998/1/3991 3373/1/3368 3372/1/3365
f 4001/1/3997 3998/1/3991 3999/1/3993
f 4002/1/3995 4005/1/3998 4003/1/3996
f 4006/1/3999 4004/1/4000 4007/1/4001
f 3380/1/3373 4005/1/3998 4006/1/3999
f 4003/1/3996 3377/1/3372 3376/1/3369
f 4007/1/4001 4009/1/4002 4006/1/3999
f 4010/1/4003 4008/1/4004 4011/1/4005
f 3384/1/3377 4009/1/4002 4010/1/4003
f 4006/1/3999 3381/1/3376 3380/1/3373
f 4011/1/4005 4013/1/4006 4010/1/4003
f 4014/1/4007 4012/1/4008 4015/1/4009
f 3388/1/3381 4013/1/4006 4014/1/4007
f 4010/1/4003 3385/1/3380 3384/1/3377
f 4015/1/4009 4017/1/4010 4014/1/4007
f 4018/1/4011 4016/1/4012 4019/1/4013
f 3392/1/3385 4017/1/4010 4018/1/4011
f 4014/1/4007 3389/1/3384 3388/1/3381
f 4019/1/4013 4021/1/4014 4018/1/4011
f 4022/1/4015 4020/1/4016 4023/1/4017
f 3396/1/3389 4021/1/4014 4022/1/4015
f 4018/1/4011 3393/1/3388 3392/1/3385
f 4024/1/4018 4026/1/4019 4027/1/4020
f 3400/1/3393 4026/1/4019 4025/1/4021
f 4022/1/4015 3397/1/3392 3396/1/3389
f 4027/1/4020 4022/1/4015 4023/1/4017
f 4028/1/4022 4030/1/4023 4031/1/4024
f 4032/1/4025 4029/1/4026 4028/1/4022
f 4027/1/4020 4033/1/4027 4024/1/4018
f 4030/1/4023 4027/1/4020 4023/1/4017
f 4034/1/4028 4036/1/4029 4037/1/4030
f 3991/1/3988 4035/1/4031 3995/1/3989
f 3990/1/3984 4036/1/4029 3991/1/3988
f 4037/1/4030 4038/1/4032 4039/1/4033
f 4040/1/4034 4042/1/4035 4043/1/4036
f 3996/1/3992 4041/1/4037 3999/1/3993
f 3995/1/3989 4042/1/4035 3996/1/3992
f 4043/1/4036 4035/1/4031 4034/1/4028
f 4044/1/4038 4046/1/4039 4047/1/4040
f 4001/1/3997 4045/1/4041 4002/1/3995
f 3999/1/3993 4046/1/4039 4001/1/3997
f 4047/1/4040 4041/1/4037 4040/1/4034
f 4048/1/4042 4050/1/4043 4051/1/4044
f 4007/1/4001 4050/1/4043 4049/1/4045
f 4002/1/3995 4050/1/4043 4004/1/4000
f 4051/1/4044 4045/1/4041 4044/1/4038
f 4052/1/4046 4054/1/4047 4055/1/4048
f 4011/1/4005 4054/1/4047 4053/1/4049
f 4049/1/4045 4008/1/4004 4007/1/4001
f 4055/1/4048 4049/1/4045 4048/1/4042
f 4056/1/4050 4058/1/4051 4059/1/4052
f 4015/1/4009 4058/1/4051 4057/1/4053
f 4053/1/4049 4012/1/4008 4011/1/4005
f 4059/1/4052 4053/1/4049 4052/1/4046
f 4056/1/4050 4061/1/4054 4057/1/4053
f 4062/1/4055 4060/1/4056 4063/1/4057
f 4019/1/4013 4061/1/4054 4062/1/4055
f 4057/1/4053 4016/1/4012 4015/1/4009
f 4064/1/4058 4065/1/4059 4066/1/4060
f 4020/1/4016 4066/1/4060 4023/1/4017
f 4062/1/4055 4020/1/4016 4019/1/4013
f 4063/1/4057 4067/1/4061 4062/1/4055
f 4065/1/4059 4069/1/4062 4066/1/4060
f 4070/1/4063 4068/1/4064 4071/1/4065
f 4031/1/4024 4069/1/4062 4070/1/4063
f 4066/1/4060 4030/1/4023 4023/1/4017
f 4039/1/4033 4073/1/4066 4037/1/4030
f 4074/1/4067 4072/1/4068 4075/1/4069
f 4076/1/4070 4073/1/4066 4074/1/4067
f 4037/1/4030 4077/1/4071 4034/1/4028
f 4034/1/4028 4078/1/4072 4043/1/4036
f 4079/1/4073 4077/1/4071 4076/1/4070
f 4080/1/4074 4078/1/4072 4079/1/4073
f 4043/1/4036 4081/1/4075 4040/1/4034
f 4040/1/4034 4082/1/4076 4047/1/4040
f 4083/1/4077 4081/1/4075 4080/1/4074
f 4084/1/4078 4082/1/4076 4083/1/4077
f 4047/1/4040 4085/1/4079 4044/1/4038
f 4044/1/4038 4086/1/4080 4051/1/4044
f 4087/1/4081 4085/1/4079 4084/1/4078
f 4088/1/4082 4086/1/4080 4087/1/4081
f 4051/1/4044 4089/1/4083 4048/1/4042
f 4090/1/4084 4092/1/4085 4093/1/4086
f 4074/1/4067 4091/1/4087 4076/1/4070
f 4075/1/4069 4092/1/4085 4074/1/4067
f 4093/1/4086 4094/1/4088 4095/1/4089
f 4096/1/4090 4098/1/4091 4099/1/4092
f 4079/1/4073 4096/1/4090 4080/1/4074
f 4076/1/4070 4097/1/4093 4079/1/4073
f 4098/1/4091 4091/1/4087 4090/1/4084
f 4100/1/4094 4102/1/4095 4103/1/4096
f 4083/1/4077 4100/1/4094 4084/1/4078
f 4080/1/4074 4101/1/4097 4083/1/4077
f 4099/1/4092 4101/1/4097 4096/1/4090
f 4104/1/4098 1088/1/1087 4105/1/4099
f 4106/1/4100 1088/1/1087 1096/1/1094
f 4107/1/4101 4106/1/4100 4108/1/4102
f 4109/1/4103 4105/1/4099 4107/1/4101
f 1096/1/1094 4110/1/4104 4106/1/4100
f 4111/1/4105 1098/1/1096 1102/1/1100
f 4112/1/4106 4110/1/4104 4111/1/4105
f 4106/1/4100 4113/1/4107 4108/1/4102
f 1102/1/1100 4114/1/4108 4111/1/4105
f 4115/1/4109 1104/1/1102 1108/1/1106
f 4116/1/4110 4114/1/4108 4115/1/4109
f 4111/1/4105 4117/1/4111 4112/1/4106
f 1108/1/1106 4118/1/4112 4115/1/4109
f 4119/1/4113 1110/1/1108 1114/1/1112
f 4120/1/4114 4118/1/4112 4119/1/4113
f 4115/1/4109 4121/1/4115 4116/1/4110
f 1114/1/1112 4122/1/4116 4119/1/4113
f 4123/1/4117 1116/1/1114 1120/1/1118
f 4124/1/4118 4122/1/4116 4123/1/4117
f 4119/1/4113 4125/1/4119 4120/1/4114
f 1120/1/1118 4126/1/4120 4123/1/4117
f 4127/1/4121 1122/1/1120 1126/1/4122
f 4128/1/4123 4126/1/4120 4127/1/4121
f 4123/1/4117 4129/1/4124 4124/1/4118
f 4130/1/4125 1129/1/1125 1128/1/1129
f 4132/1/4126 4131/1/4127 4130/1/4125
f 4127/1/4121 4133/1/4128 4128/1/4123
f 4127/1/4121 1129/1/1125 4131/1/4127
f 4134/1/4129 4136/1/4130 4137/1/4131
f 4130/1/4125 4135/1/4132 4132/1/4126
f 1128/1/1129 4136/1/4130 4130/1/4125
f 4137/1/4131 1134/1/1131 1138/1/1139
f 1140/1/1138 4138/1/4133 4139/1/4134
f 4140/1/4135 4139/1/4134 4138/1/4133
f 4137/1/4131 4141/1/4136 4134/1/4129
f 4137/1/4131 1140/1/1138 4139/1/4134
f 1139/1/1135 4142/1/4137 4138/1/4133
f 4143/1/4138 1146/1/1142 1150/1/1147
f 4144/1/4139 4142/1/4137 4143/1/4138
f 4138/1/4133 4145/1/4140 4140/1/4135
f 4146/1/4141 4148/1/4142 4149/1/4143
f 4113/1/4107 4147/1/4144 4108/1/4102
f 4150/1/4145 4113/1/4107 4112/1/4106
f 4150/1/4145 4149/1/4143 4148/1/4142
f 4151/1/4146 4153/1/4147 4154/1/4148
f 4155/1/4149 4152/1/4150 4156/1/4151
f 4099/1/4092 4153/1/4147 4155/1/4149
f 4154/1/4148 4098/1/4091 4090/1/4084
f 4156/1/4151 4157/1/4152 4158/1/4153
f 4150/1/4145 4152/1/4150 4151/1/4146
f 4112/1/4106 4157/1/4152 4150/1/4145
f 4158/1/4153 4117/1/4111 4116/1/4110
f 4156/1/4151 4160/1/4154 4155/1/4149
f 4161/1/4155 4159/1/4156 4162/1/4157
f 4103/1/4096 4160/1/4154 4161/1/4155
f 4155/1/4149 4102/1/4095 4099/1/4092
f 4162/1/4157 4163/1/4158 4164/1/4159
f 4158/1/4153 4159/1/4156 4156/1/4151
f 4116/1/4110 4163/1/4158 4158/1/4153
f 4164/1/4159 4121/1/4115 4120/1/4114
f 4120/1/4114 4165/1/4160 4164/1/4159
f 4166/1/4161 4125/1/4119 4124/1/4118
f 4167/1/4162 4165/1/4160 4166/1/4161
f 4164/1/4159 4168/1/4163 4162/1/4157
f 4169/1/4164 4129/1/4124 4128/1/4123
f 4171/1/4165 4170/1/4166 4169/1/4164
f 4166/1/4161 4172/1/4167 4167/1/4162
f 4124/1/4118 4170/1/4166 4166/1/4161
f 4173/1/4168 4175/1/4169 4176/1/4170
f 4169/1/4164 4174/1/4171 4171/1/4165
f 4128/1/4123 4175/1/4169 4169/1/4164
f 4176/1/4170 4133/1/4128 4132/1/4126
f 4177/1/4172 4179/1/4173 4180/1/4174
f 4176/1/4170 4178/1/4175 4173/1/4168
f 4132/1/4126 4179/1/4173 4176/1/4170
f 4180/1/4174 4135/1/4132 4134/1/4129
f 4181/1/4176 4183/1/4177 4184/1/4178
f 4180/1/4174 4182/1/4179 4177/1/4172
f 4134/1/4129 4183/1/4177 4180/1/4174
f 4184/1/4178 4141/1/4136 4140/1/4135
f 4185/1/4180 4186/1/4181 4187/1/4182
f 4188/1/4183 4189/1/4184 4190/1/4185
f 4146/1/4141 4185/1/4180 4188/1/4183
f 4186/1/4181 4191/1/4186 4095/1/4089
f 4108/1/4102 4192/1/4187 4107/1/4101
f 4188/1/4183 4147/1/4144 4146/1/4141
f 4190/1/4185 4192/1/4187 4188/1/4183
f 4107/1/4101 4193/1/4188 4109/1/4103
f 4095/1/4089 4194/1/4189 4093/1/4086
f 4149/1/4143 4191/1/4186 4146/1/4141
f 4151/1/4146 4194/1/4189 4149/1/4143
f 4093/1/4086 4154/1/4148 4090/1/4084
f 3420/1/3413 4196/1/4190 3416/1/3409
f 4197/1/4191 4195/1/4192 4198/1/4193
f 3041/1/3035 4196/1/4190 4197/1/4191
f 3416/1/3409 3414/1/3407 3413/1/3406
f 4199/1/4194 4197/1/4191 4198/1/4193
f 3075/1/3069 4199/1/4194 3076/1/3618
f 3045/1/3038 4200/1/4195 3075/1/3069
f 4197/1/4191 3042/1/3039 3041/1/3035
f 3610/1/3603 3609/1/3602 4201/1/4196
f 4202/1/4197 4204/1/4198 4201/1/4196
f 3420/1/3413 4204/1/4198 4203/1/4199
f 3610/1/3603 3419/1/3412 3418/1/3411
f 4205/1/4200 4206/1/4201 4207/1/4202
f 4207/1/4202 3623/1/3616 3622/1/3615
f 3076/1/3618 4208/1/4203 3622/1/3615
f 4199/1/4194 4198/1/4193 4205/1/4200
f 4209/1/4204 4211/1/4205 4212/1/4206
f 4195/1/4192 4210/1/4207 4198/1/4193
f 3420/1/3413 4211/1/4205 4195/1/4192
f 4203/1/4199 4202/1/4197 4212/1/4206
f 4213/1/4208 4210/1/4207 4209/1/4204
f 4206/1/4201 4214/1/4209 4213/1/4208
f 4198/1/4193 4214/1/4209 4205/1/4200
f 3609/1/3602 4215/1/4210 4201/1/4196
f 4216/1/4211 3615/1/3609 3614/1/3607
f 4217/1/4212 4215/1/4210 4216/1/4211
f 4218/1/4213 4202/1/4197 4201/1/4196
f 4206/1/4201 4220/1/4214 4207/1/4202
f 4221/1/4215 4219/1/4216 4222/1/4217
f 3630/1/3624 4220/1/4214 4221/1/4215
f 4207/1/4202 3637/1/3631 3623/1/3616
f 4223/1/4218 4225/1/4219 4226/1/4220
f 4212/1/4206 4224/1/4221 4209/1/4204
f 4202/1/4197 4225/1/4219 4212/1/4206
f 4226/1/4220 4218/1/4213 4217/1/4212
f 4209/1/4204 4227/1/4222 4213/1/4208
f 4228/1/4223 4224/1/4221 4223/1/4218
f 4222/1/4217 4227/1/4222 4228/1/4223
f 4213/1/4208 4219/1/4216 4206/1/4201
f 3629/1/3622 4221/1/4215 4229/1/4224
f 4222/1/4217 4229/1/4224 4221/1/4215
f 4231/1/4225 4230/1/4226 4232/1/4227
f 3629/1/3622 4231/1/4225 3620/1/3613
f 4233/1/4228 4235/1/4229 4236/1/4230
f 4216/1/4211 4234/1/4231 4217/1/4212
f 3614/1/3607 4235/1/4229 4216/1/4211
f 4236/1/4230 3611/1/3606 3606/1/3598
f 4237/1/4232 4239/1/4233 4240/1/4234
f 4226/1/4220 4238/1/4235 4223/1/4218
f 4217/1/4212 4239/1/4233 4226/1/4220
f 4240/1/4234 4234/1/4231 4233/1/4228
f 4232/1/4227 4241/1/4236 4242/1/4237
f 4228/1/4223 4230/1/4226 4222/1/4217
f 4223/1/4218 4241/1/4236 4228/1/4223
f 4242/1/4237 4238/1/4235 4237/1/4232
f 3460/1/3453 4244/1/4238 3603/1/3596
f 4245/1/4239 4243/1/4240 4246/1/4241
f 4233/1/4228 4244/1/4238 4245/1/4239
f 4236/1/4230 3606/1/3598 3603/1/3596
f 4246/1/4241 4247/1/4242 4248/1/4243
f 3463/1/3455 4243/1/4240 3460/1/3453
f 3458/1/3451 4247/1/4242 3463/1/3455
f 4232/1/4227 4250/1/4244 4231/1/4225
f 4251/1/4245 4249/1/4246 4252/1/4247
f 3619/1/3611 4251/1/4245 3368/1/3361
f 4250/1/4244 3619/1/3611 3620/1/3613
f 4253/1/4248 4255/1/4249 4256/1/4250
f 4240/1/4234 4254/1/4251 4237/1/4232
f 4233/1/4228 4255/1/4249 4240/1/4234
f 4256/1/4250 4245/1/4239 4246/1/4241
f 4237/1/4232 4257/1/4252 4242/1/4237
f 4254/1/4251 4253/1/4248 4258/1/4253
f 4252/1/4247 4257/1/4252 4258/1/4253
f 4242/1/4237 4249/1/4246 4232/1/4227
f 3458/1/3451 4259/1/4254 4248/1/4243
f 4260/1/4255 3456/1/3448 3457/1/3450
f 4261/1/4256 4259/1/4254 4260/1/4255
f 4248/1/4243 4262/1/4257 4246/1/4241
f 4263/1/4258 4265/1/4259 4266/1/4260
f 3364/1/3356 4264/1/4261 3361/1/3354
f 3368/1/3361 4265/1/4259 3364/1/3356
f 4266/1/4260 4251/1/4245 4252/1/4247
f 4261/1/4256 4268/1/4262 4262/1/4257
f 4269/1/4263 4267/1/4264 4270/1/4265
f 4256/1/4250 4269/1/4263 4253/1/4248
f 4262/1/4257 4256/1/4250 4246/1/4241
f 4253/1/4248 4271/1/4266 4258/1/4253
f 4272/1/4267 4269/1/4263 4270/1/4265
f 4266/1/4260 4272/1/4267 4263/1/4258
f 4266/1/4260 4258/1/4253 4271/1/4266
f 4273/1/4268 4275/1/4269 4276/1/4270
f 4277/1/4271 4274/1/4272 4273/1/4268
f 3457/1/3450 4274/1/4272 4278/1/4273
f 4275/1/4269 3453/1/3449 3452/1/3445
f 4279/1/4274 4281/1/4275 4282/1/4276
f 3993/1/3986 4280/1/4277 3990/1/3984
f 3361/1/3354 4281/1/4275 3993/1/3986
f 4282/1/4276 4264/1/4261 4263/1/4258
f 3457/1/3450 4283/1/4278 4260/1/4255
f 4284/1/4279 4278/1/4273 4277/1/4271
f 4261/1/4256 4283/1/4278 4284/1/4279
f 4285/1/4280 4273/1/4268 4276/1/4270
f 4286/1/4281 4287/1/4282 4187/1/4182
f 4288/1/4283 4285/1/4280 4286/1/4281
f 4273/1/4268 4289/1/4284 4277/1/4271
f 4190/1/4185 4290/1/4285 4291/1/4286
f 4189/1/4184 4287/1/4282 4290/1/4285
f 4287/1/4282 4276/1/4270 4291/1/4286
f 4292/1/4287 4280/1/4277 4279/1/4274
f 4294/1/4288 4292/1/4287 4187/1/4182
f 4039/1/4033 4293/1/4289 4294/1/4288
f 3990/1/3984 4293/1/4289 4038/1/4032
f 4286/1/4281 4296/1/4290 4288/1/4283
f 4292/1/4287 4286/1/4281 4187/1/4182
f 4279/1/4274 4295/1/4291 4292/1/4287
f 4039/1/4033 4297/1/4292 4072/1/4068
f 4294/1/4288 4187/1/4182 4186/1/4181
f 4095/1/4089 4297/1/4292 4186/1/4181
f 4072/1/4068 4094/1/4088 4075/1/4069
f 4263/1/4258 4298/1/4293 4282/1/4276
f 4299/1/4294 4272/1/4267 4270/1/4265
f 4288/1/4283 4298/1/4293 4299/1/4294
f 4282/1/4276 4296/1/4290 4279/1/4274
f 4277/1/4271 4300/1/4295 4284/1/4279
f 4299/1/4294 4289/1/4284 4288/1/4283
f 4270/1/4265 4300/1/4295 4299/1/4294
f 4284/1/4279 4267/1/4264 4261/1/4256
f 4301/1/4296 4291/1/4286 4276/1/4270
f 4302/1/4297 4303/1/4298 4304/1/4299
f 4109/1/4103 4301/1/4296 4302/1/4297
f 4291/1/4286 4193/1/4188 4190/1/4185
f 1312/1/1309 4305/1/4300 4306/1/4301
f 4104/1/4098 1311/1/1307 1089/1/1308
f 4302/1/4297 4104/1/4098 4109/1/4103
f 4306/1/4301 4302/1/4297 4304/1/4299
f 4307/1/4302 4309/1/4303 4310/1/4304
f 4311/1/4305 4307/1/4302 4312/1/4306
f 3430/1/3423 4308/1/4307 4311/1/4305
f 3425/1/3418 4308/1/4307 3426/1/3422
f 4312/1/4306 4314/1/4308 4311/1/4305
f 4315/1/4309 4313/1/4310 4316/1/4311
f 3437/1/3430 4314/1/4308 4315/1/4309
f 4311/1/4305 3434/1/3429 3430/1/3423
f 4316/1/4311 4318/1/4312 4315/1/4309
f 4319/1/4313 4317/1/4314 4320/1/4315
f 3445/1/3438 4318/1/4312 4319/1/4313
f 4315/1/4309 3444/1/3437 3437/1/3430
f 4320/1/4315 4322/1/4316 4319/1/4313
f 3455/1/3447 4321/1/4317 3452/1/3445
f 3449/1/3442 4322/1/4316 3455/1/3447
f 4319/1/4313 3446/1/3441 3445/1/3438
f 3452/1/3445 4323/1/4318 4275/1/4269
f 4324/1/4319 4321/1/4317 4320/1/4315
f 4304/1/4299 4323/1/4318 4324/1/4319
f 4275/1/4269 4303/1/4298 4276/1/4270
f 4325/1/4320 4327/1/4321 4328/1/4322
f 4329/1/4323 4326/1/4324 4330/1/4325
f 4327/1/4321 4329/1/4323 4320/1/4315
f 4328/1/4322 4317/1/4314 4316/1/4311
f 4329/1/4323 4324/1/4319 4320/1/4315
f 4330/1/4325 4331/1/4326 4329/1/4323
f 4324/1/4319 4332/1/4327 4304/1/4299
f 4333/1/4328 4306/1/4301 4304/1/4299
f 4334/1/4329 4332/1/4327 4330/1/4325
f 1340/1/1338 4333/1/4328 4334/1/4329
f 1343/1/1340 1312/1/1309 4306/1/4301
f 4330/1/4325 4335/1/4330 4334/1/4329
f 4336/1/4331 4326/1/4324 4325/1/4320
f 1346/1/1344 4335/1/4330 4336/1/4331
f 1345/1/1343 1340/1/1338 4334/1/4329
f 4337/1/4332 4339/1/4333 4340/1/4334
f 1352/1/1350 4338/1/4335 1353/1/1351
f 871/1/869 4339/1/4333 1352/1/1350
f 4340/1/4334 3896/1/3889 3895/1/3888
f 4341/1/4336 4343/1/4337 4344/1/4338
f 4340/1/4334 4342/1/4339 4337/1/4332
f 3895/1/3888 4343/1/4337 4340/1/4334
f 4344/1/4338 3961/1/3954 3960/1/3953
f 3960/1/3953 4345/1/4340 4344/1/4338
f 4346/1/4341 3971/1/3964 3970/1/3963
f 4347/1/4342 4345/1/4340 4346/1/4341
f 4344/1/4338 4348/1/4343 4341/1/4336
f 3970/1/3963 4349/1/4344 4346/1/4341
f 4350/1/4345 3968/1/3960 3969/1/3962
f 4351/1/4346 4349/1/4344 4350/1/4345
f 4352/1/4347 4347/1/4342 4346/1/4341
f 3969/1/3962 4353/1/4348 4350/1/4345
f 4354/1/4349 3983/1/3979 3982/1/3976
f 4355/1/4350 4353/1/4348 4354/1/4349
f 4350/1/4345 4356/1/4351 4351/1/4346
f 4357/1/4352 4358/1/4353 4359/1/4354
f 4354/1/4349 4360/1/4355 4355/1/4350
f 3982/1/3976 4357/1/4352 4354/1/4349
f 4358/1/4353 3988/1/3982 3981/1/3975
f 3978/1/3974 4358/1/4353 3981/1/3975
f 3862/1/3971 4361/1/4356 3978/1/3974
f 4363/1/4357 4361/1/4356 4362/1/4358
f 4358/1/4353 4364/1/4359 4359/1/4354
f 3866/1/3859 4366/1/4360 3861/1/3855
f 4367/1/4361 4365/1/4362 4368/1/4363
f 4363/1/4357 4366/1/4360 4367/1/4361
f 3861/1/3855 4362/1/4358 3862/1/3971
f 3874/1/3866 4370/1/4364 3873/1/3865
f 4371/1/4365 4369/1/4366 4372/1/4367
f 4368/1/4363 4370/1/4364 4371/1/4365
f 3873/1/3865 4365/1/4362 3866/1/3859
f 3874/1/3866 4373/1/4368 4369/1/4366
f 4374/1/4369 3880/1/3875 3879/1/3872
f 4375/1/4370 4374/1/4369 4376/1/4371
f 4372/1/4367 4373/1/4368 4375/1/4370
f 3887/1/3879 4378/1/4372 3888/1/3882
f 4379/1/4373 4377/1/4374 4380/1/4375
f 4376/1/4371 4378/1/4372 4379/1/4373
f 3879/1/3872 4378/1/4372 4374/1/4369
f 4351/1/4346 4381/1/4376 4382/1/4377
f 4383/1/4378 4356/1/4351 4355/1/4350
f 4384/1/4379 4381/1/4376 4383/1/4378
f 4382/1/4377 4385/1/4380 4386/1/4381
f 4355/1/4350 4387/1/4382 4383/1/4378
f 4388/1/4383 4360/1/4355 4359/1/4354
f 4389/1/4384 4387/1/4382 4388/1/4383
f 4383/1/4378 4390/1/4385 4384/1/4379
f 4359/1/4354 4391/1/4386 4388/1/4383
f 4392/1/4387 4364/1/4359 4363/1/4357
f 4393/1/4388 4391/1/4386 4392/1/4387
f 4388/1/4383 4394/1/4389 4389/1/4384
f 4392/1/4387 4396/1/4390 4393/1/4388
f 4363/1/4357 4395/1/4391 4392/1/4387
f 4368/1/4363 4395/1/4391 4367/1/4361
f 4396/1/4390 4397/1/4392 4398/1/4393
f 4372/1/4367 4400/1/4394 4371/1/4365
f 4401/1/4395 4399/1/4396 4402/1/4397
f 4398/1/4393 4400/1/4394 4401/1/4395
f 4371/1/4365 4397/1/4392 4368/1/4363
f 4376/1/4371 4404/1/4398 4375/1/4370
f 4403/1/4399 4405/1/4400 4406/1/4401
f 4402/1/4397 4404/1/4398 4406/1/4401
f 4375/1/4370 4399/1/4396 4372/1/4367
f 4380/1/4375 4408/1/4402 4379/1/4373
f 4409/1/4403 4407/1/4404 4410/1/4405
f 4405/1/4400 4408/1/4402 4409/1/4403
f 4379/1/4373 4403/1/4399 4376/1/4371
f 3798/1/3792 4411/1/4406 3813/1/3809
f 4412/1/4407 3795/1/3791 3794/1/3788
f 4413/1/4408 4411/1/4406 4412/1/4407
f 3813/1/3809 4414/1/4409 3816/1/3810
f 3817/1/3811 4416/1/4410 3821/1/3815
f 4417/1/4411 4415/1/4412 4418/1/4413
f 4419/1/4414 4416/1/4410 4417/1/4411
f 3821/1/3815 4420/1/4415 3822/1/3816
f 4421/1/4416 4423/1/4417 4424/1/4418
f 4422/1/4419 4415/1/4412 4423/1/4417
f 3815/1/3808 4415/1/4412 3817/1/3811
f 4424/1/4418 3815/1/3808 3816/1/3810
f 3791/1/3787 3790/1/3784 4425/1/4420
f 4426/1/4421 4427/1/4422 4428/1/4423
f 4412/1/4407 4427/1/4422 4413/1/4408
f 3794/1/3788 4428/1/4423 4412/1/4407
f 4429/1/4424 4431/1/4425 4432/1/4426
f 4421/1/4416 4431/1/4425 4430/1/4427
f 3816/1/3810 4431/1/4425 4424/1/4418
f 4432/1/4426 4414/1/4409 4413/1/4408
f 4433/1/4428 4435/1/4429 4436/1/4430
f 4418/1/4413 4435/1/4429 4434/1/4431
f 4430/1/4427 4422/1/4419 4421/1/4416
f 4436/1/4430 4430/1/4427 4429/1/4424
f 4437/1/4432 4439/1/4433 4440/1/4434
f 4437/1/4432 4419/1/4414 4417/1/4411
f 4418/1/4413 4438/1/4435 4417/1/4411
f 4433/1/4428 4438/1/4435 4434/1/4431
f 3824/1/3818 4442/1/4436 3849/1/3844
f 4443/1/4437 4441/1/4438 4444/1/4439
f 4442/1/4436 4443/1/4437 4445/1/4440
f 4446/1/4441 3847/1/3841 3849/1/3844
f 4447/1/4442 4446/1/4441 4445/1/4440
f 4448/1/4443 4449/1/4444 4450/1/4445
f 3885/1/3883 4447/1/4442 4450/1/4445
f 3884/1/3877 3847/1/3841 4446/1/4441
f 3887/1/3879 4451/1/4446 4452/1/4447
f 4450/1/4445 3890/1/3881 3885/1/3883
f 4451/1/4446 4450/1/4445 4449/1/4444
f 4452/1/4447 4453/1/4448 4454/1/4449
f 4454/1/4449 4456/1/4450 4452/1/4447
f 4457/1/4451 4455/1/4452 4458/1/4453
f 4380/1/4375 4456/1/4450 4457/1/4451
f 4452/1/4447 4377/1/4374 3887/1/3879
f 4407/1/4404 4380/1/4375 4457/1/4451
f 4458/1/4453 4460/1/4454 4457/1/4451
f 4461/1/4455 4460/1/4454 4459/1/4456
f 4407/1/4404 4462/1/4457 4410/1/4405
f 4463/1/4458 4465/1/4459 4466/1/4460
f 4459/1/4456 4464/1/4461 4461/1/4455
f 4458/1/4453 4465/1/4459 4459/1/4456
f 4465/1/4459 4467/1/4462 4468/1/4463
f 4468/1/4463 4469/1/4464 4470/1/4465
f 4458/1/4453 4469/1/4464 4467/1/4462
f 4471/1/4466 4455/1/4452 4454/1/4449
f 4472/1/4467 4469/1/4464 4471/1/4466
f 4472/1/4467 4474/1/4468 4470/1/4465
f 4475/1/4469 4473/1/4470 4476/1/4471
f 4463/1/4458 4474/1/4468 4475/1/4469
f 4470/1/4465 4466/1/4460 4468/1/4463
f 4477/1/4472 4479/1/4473 4480/1/4474
f 4471/1/4466 4478/1/4475 4472/1/4467
f 4454/1/4449 4479/1/4473 4471/1/4466
f 4480/1/4474 4453/1/4448 4449/1/4444
f 4463/1/4458 4482/1/4476 4464/1/4461
f 4483/1/4477 4481/1/4478 4484/1/4479
f 4461/1/4455 4482/1/4476 4483/1/4477
f 4477/1/4472 4486/1/4480 4478/1/4475
f 4487/1/4481 4485/1/4482 4488/1/4483
f 4476/1/4471 4486/1/4480 4487/1/4481
f 4478/1/4475 4473/1/4470 4472/1/4467
f 4476/1/4471 4489/1/4484 4475/1/4469
f 4488/1/4483 4489/1/4484 4487/1/4481
f 4484/1/4479 4489/1/4484 4490/1/4485
f 4475/1/4469 4481/1/4478 4463/1/4458
f 3222/1/3215 4491/1/4486 3220/1/3213
f 4492/1/4487 3244/1/3237 3243/1/3236
f 4493/1/4488 4491/1/4486 4492/1/4487
f 3220/1/3213 4494/1/4489 3101/1/3094
f 3242/1/3235 4495/1/4490 3241/1/3233
f 4496/1/4491 3254/1/3247 3253/1/3246
f 4497/1/4492 4495/1/4490 4496/1/4491
f 3241/1/3233 4498/1/4493 3243/1/3236
f 4499/1/4494 4501/1/4495 4502/1/4496
f 4496/1/4491 4500/1/4497 4497/1/4492
f 3253/1/3246 4501/1/4495 4496/1/4491
f 4502/1/4496 3256/1/3251 3255/1/3248
f 4503/1/4498 4494/1/4489 4493/1/4488
f 4505/1/4499 4503/1/4498 4506/1/4500
f 3106/1/3099 4504/1/4501 4505/1/4499
f 3102/1/3098 4494/1/4489 4504/1/4501
f 3243/1/3236 4507/1/4502 4492/1/4487
f 4508/1/4503 4498/1/4493 4497/1/4492
f 4509/1/4504 4507/1/4502 4508/1/4503
f 4492/1/4487 4510/1/4505 4493/1/4488
f 4497/1/4492 4511/1/4506 4508/1/4503
f 4512/1/4507 4500/1/4497 4499/1/4494
f 4513/1/4508 4511/1/4506 4512/1/4507
f 4508/1/4503 4514/1/4509 4509/1/4504
f 4515/1/4510 4510/1/4505 4509/1/4504
f 4516/1/4511 4517/1/4512 4518/1/4513
f 4506/1/4500 4515/1/4510 4516/1/4511
f 4510/1/4505 4503/1/4498 4493/1/4488
f 4506/1/4500 4520/1/4514 4505/1/4499
f 4521/1/4515 4519/1/4516 4522/1/4517
f 3142/1/3135 4520/1/4514 4521/1/4515
f 4505/1/4499 3140/1/3134 3106/1/3099
f 4513/1/4508 4524/1/4518 4514/1/4509
f 4525/1/4519 4523/1/4520 4526/1/4521
f 4518/1/4513 4524/1/4518 4525/1/4519
f 4514/1/4509 4517/1/4512 4509/1/4504
f 4522/1/4517 4528/1/4522 4521/1/4515
f 4529/1/4523 4527/1/4524 4530/1/4525
f 3748/1/3743 4529/1/4523 3749/1/3742
f 4521/1/4515 3748/1/3743 3142/1/3135
f 4518/1/4513 4532/1/4526 4516/1/4511
f 4533/1/4527 4531/1/4528 4534/1/4529
f 4522/1/4517 4532/1/4526 4533/1/4527
f 4519/1/4516 4506/1/4500 4516/1/4511
f 4526/1/4521 4536/1/4530 4525/1/4519
f 4537/1/4531 4535/1/4532 4538/1/4533
f 4534/1/4529 4536/1/4530 4537/1/4531
f 4525/1/4519 4531/1/4528 4518/1/4513
f 4530/1/4525 4540/1/4534 4529/1/4523
f 4539/1/4535 4542/1/4536 4540/1/4534
f 3756/1/3749 4540/1/4534 4542/1/4536
f 4529/1/4523 3755/1/3750 3749/1/3742
f 4534/1/4529 4544/1/4537 4533/1/4527
f 4545/1/4538 4543/1/4539 4546/1/4540
f 4530/1/4525 4544/1/4537 4545/1/4538
f 4533/1/4527 4527/1/4524 4522/1/4517
f 4538/1/4533 4548/1/4541 4537/1/4531
f 4549/1/4542 4547/1/4543 4550/1/4544
f 4546/1/4540 4548/1/4541 4549/1/4542
f 4537/1/4531 4543/1/4539 4534/1/4529
f 4551/1/4545 4542/1/4536 4541/1/4546
f 4552/1/4547 4553/1/4548 4554/1/4549
f 3760/1/3754 4551/1/4545 4552/1/4547
f 4542/1/4536 3759/1/3753 3756/1/3749
f 4555/1/4550 4539/1/4535 4530/1/4525
f 4546/1/4540 4555/1/4550 4545/1/4538
f 4557/1/4551 4555/1/4550 4556/1/4552
f 4539/1/4535 4558/1/4553 4541/1/4546
f 4550/1/4544 4560/1/4554 4549/1/4542
f 4559/1/4555 4561/1/4556 4562/1/4557
f 4557/1/4551 4560/1/4554 4562/1/4557
f 4549/1/4542 4556/1/4552 4546/1/4540
f 4557/1/4551 4564/1/4558 4558/1/4553
f 4565/1/4559 4563/1/4560 4566/1/4561
f 4554/1/4549 4564/1/4558 4565/1/4559
f 4558/1/4553 4553/1/4548 4541/1/4546
f 4567/1/4562 4562/1/4557 4561/1/4556
f 4568/1/4563 4569/1/4564 4570/1/4565
f 4566/1/4561 4567/1/4562 4568/1/4563
f 4562/1/4557 4563/1/4560 4557/1/4551
f 4571/1/4566 3527/1/3520 3526/1/3519
f 4572/1/4567 4573/1/4568 4574/1/4569
f 4575/1/4570 4571/1/4566 4572/1/4567
f 4576/1/4571 3517/1/3510 3527/1/3520
f 4576/1/4571 4575/1/4570 4577/1/4572
f 4578/1/4573 4577/1/4572 4579/1/4574
f 3520/1/3513 4578/1/4573 4580/1/4575
f 4576/1/4571 3519/1/3512 3517/1/3510
f 4581/1/4576 4583/1/4577 4584/1/4578
f 4577/1/4572 4582/1/4579 4579/1/4574
f 4575/1/4570 4583/1/4577 4577/1/4572
f 4584/1/4578 4585/1/4580 4586/1/4581
f 3520/1/3513 4587/1/4582 3543/1/3535
f 4588/1/4583 4580/1/4575 4579/1/4574
f 4589/1/4584 4587/1/4582 4588/1/4583
f 3543/1/3535 4590/1/4585 3540/1/3533
f 4591/1/4586 4589/1/4584 4592/1/4587
f 4591/1/4586 3552/1/3545 3555/1/3547
f 4591/1/4586 3540/1/3533 4590/1/4585
f 4579/1/4574 4593/1/4588 4588/1/4583
f 4594/1/4589 4582/1/4579 4581/1/4576
f 4595/1/4590 4593/1/4588 4594/1/4589
f 4588/1/4583 4596/1/4591 4589/1/4584
f 4597/1/4592 4599/1/4593 4600/1/4594
f 3559/1/3552 4598/1/4595 3551/1/3544
f 3552/1/3545 4599/1/4593 3559/1/3552
f 4600/1/4594 4592/1/4587 4589/1/4584
f 4589/1/4584 4601/1/4596 4600/1/4594
f 4602/1/4597 4596/1/4591 4595/1/4590
f 4603/1/4598 4601/1/4596 4602/1/4597
f 4604/1/4599 4597/1/4592 4600/1/4594
f 4597/1/4592 4606/1/4600 4598/1/4595
f 4607/1/4601 4605/1/4602 4608/1/4603
f 3433/1/3426 4606/1/4600 4607/1/4601
f 3551/1/3544 4606/1/4600 3547/1/3540
f 4609/1/4604 4611/1/4605 4612/1/4606
f 4613/1/4607 4610/1/4608 4586/1/4581
f 4614/1/4609 4611/1/4605 4613/1/4607
f 4612/1/4606 4615/1/4610 4616/1/4611
f 4617/1/4612 4619/1/4613 4620/1/4614
f 4584/1/4578 4618/1/4615 4581/1/4576
f 4586/1/4581 4619/1/4613 4584/1/4578
f 4620/1/4614 4610/1/4608 4609/1/4604
f 4621/1/4616 4623/1/4617 4624/1/4618
f 4594/1/4589 4622/1/4619 4595/1/4590
f 4581/1/4576 4623/1/4617 4594/1/4589
f 4624/1/4618 4618/1/4615 4617/1/4612
f 4625/1/4620 4627/1/4621 4628/1/4622
f 4603/1/4598 4626/1/4623 4625/1/4620
f 4595/1/4590 4626/1/4623 4602/1/4597
f 4622/1/4619 4627/1/4621 4626/1/4623
f 4616/1/4611 4630/1/4624 4612/1/4606
f 4631/1/4625 4629/1/4626 4632/1/4627
f 4633/1/4628 4630/1/4624 4631/1/4625
f 4612/1/4606 4634/1/4629 4609/1/4604
f 4609/1/4604 4635/1/4630 4620/1/4614
f 4636/1/4631 4634/1/4629 4633/1/4628
f 4635/1/4630 4637/1/4632 4638/1/4633
f 4638/1/4633 4620/1/4614 4635/1/4630
f 4639/1/4634 4617/1/4612 4638/1/4633
f 4639/1/4634 4637/1/4632 4640/1/4635
f 4639/1/4634 4641/1/4636 4642/1/4637
f 4639/1/4634 4621/1/4616 4624/1/4618
f 4643/1/4638 4641/1/4636 4644/1/4639
f 4645/1/4640 4643/1/4638 4644/1/4639
f 4628/1/4622 4643/1/4638 4646/1/4641
f 4643/1/4638 4621/1/4616 4642/1/4637
f 4645/1/4640 4648/1/4642 4646/1/4641
f 4647/1/4643 4649/1/4644 4650/1/4645
f 4651/1/4646 4648/1/4642 4650/1/4645
f 4646/1/4641 4652/1/4647 4628/1/4622
f 4653/1/4648 4650/1/4645 4649/1/4644
f 4654/1/4649 4655/1/4650 4656/1/4651
f 4653/1/4648 4654/1/4649 4657/1/4652
f 4658/1/4653 4651/1/4646 4650/1/4645
f 4659/1/4654 4656/1/4651 4660/1/4655
f 4660/1/4655 4662/1/4656 4659/1/4654
f 4663/1/4657 4659/1/4654 4662/1/4656
f 4654/1/4649 4664/1/4658 4657/1/4652
f 4661/1/4659 4666/1/4660 4662/1/4656
f 4667/1/4661 4665/1/4662 4668/1/4663
f 4669/1/4664 4666/1/4660 4667/1/4661
f 4662/1/4656 4670/1/4665 4663/1/4657
f 4671/1/4666 4672/1/4667 4673/1/4668
f 4671/1/4666 4674/1/4669 4675/1/4670
f 4667/1/4661 4676/1/4671 4669/1/4664
f 4668/1/4663 4671/1/4666 4667/1/4661
f 4677/1/4672 4678/1/4673 4675/1/4670
f 4674/1/4669 4673/1/4668 4679/1/4674
f 4680/1/4675 4677/1/4672 4679/1/4674
f 4678/1/4673 4681/1/4676 4682/1/4677
f 4681/1/4676 4684/1/4678 4682/1/4677
f 4685/1/4679 4681/1/4676 4680/1/4675
f 4686/1/4680 4685/1/4679 4687/1/4681
f 4688/1/4682 4683/1/4683 4686/1/4680
f 4687/1/4681 4690/1/4684 4686/1/4680
f 4691/1/4685 4689/1/4686 4692/1/4687
f 4693/1/4688 4690/1/4684 4691/1/4685
f 4686/1/4680 4694/1/4689 4688/1/4682
f 4632/1/4627 4695/1/4690 4696/1/4691
f 4697/1/4692 4629/1/4626 4616/1/4611
f 4691/1/4685 4697/1/4692 4693/1/4688
f 4692/1/4687 4695/1/4690 4691/1/4685
f 4698/1/4693 4699/1/4694 4700/1/4695
f 4701/1/4696 4703/1/4697 4698/1/4693
f 4656/1/4651 4698/1/4693 4703/1/4697
f 4655/1/4650 4649/1/4644 4699/1/4694
f 4656/1/4651 4704/1/4698 4660/1/4655
f 4705/1/4699 4703/1/4697 4702/1/4700
f 4706/1/4701 4704/1/4698 4705/1/4699
f 4660/1/4655 4707/1/4702 4661/1/4659
f 4706/1/4701 4709/1/4703 4707/1/4702
f 4710/1/4704 4708/1/4705 4711/1/4706
f 4668/1/4663 4709/1/4703 4710/1/4704
f 4707/1/4702 4665/1/4662 4661/1/4659
f 4668/1/4663 4712/1/4707 4672/1/4667
f 4713/1/4708 4710/1/4704 4711/1/4706
f 4714/1/4709 4712/1/4707 4713/1/4708
f 4672/1/4667 4715/1/4710 4673/1/4668
f 4673/1/4668 4716/1/4711 4679/1/4674
f 4717/1/4712 4715/1/4710 4714/1/4709
f 4718/1/4713 4716/1/4711 4717/1/4712
f 4679/1/4674 4719/1/4714 4680/1/4675
f 4680/1/4675 4720/1/4715 4685/1/4679
f 4721/1/4716 4719/1/4714 4718/1/4713
f 4722/1/4717 4720/1/4715 4721/1/4716
f 4685/1/4679 4723/1/4718 4687/1/4681
f 4724/1/4719 4726/1/4720 4727/1/4721
f 4696/1/4691 4725/1/4722 4632/1/4627
f 4728/1/4723 4696/1/4691 4692/1/4687
f 4729/1/4724 4726/1/4720 4728/1/4723
f 4722/1/4717 4731/1/4725 4723/1/4718
f 4728/1/4723 4730/1/4726 4729/1/4724
f 4692/1/4687 4731/1/4725 4728/1/4723
f 4723/1/4718 4689/1/4686 4687/1/4681
f 4702/1/4700 4733/1/4727 4705/1/4699
f 4734/1/4728 4735/1/4729 4733/1/4727
f 4736/1/4730 4735/1/4729 4737/1/4731
f 4705/1/4699 4736/1/4730 4706/1/4701
f 4737/1/4731 4739/1/4732 4736/1/4730
f 4738/1/4733 4740/1/4734 4741/1/4735
f 4711/1/4706 4739/1/4732 4741/1/4735
f 4736/1/4730 4708/1/4705 4706/1/4701
f 4711/1/4706 4742/1/4736 4713/1/4708
f 4743/1/4737 4741/1/4735 4740/1/4734
f 4744/1/4738 4742/1/4736 4743/1/4737
f 4713/1/4708 4745/1/4739 4714/1/4709
f 4746/1/4740 4748/1/4741 4749/1/4742
f 4717/1/4712 4747/1/4743 4718/1/4713
f 4714/1/4709 4748/1/4741 4717/1/4712
f 4749/1/4742 4745/1/4739 4744/1/4738
f 4718/1/4713 4750/1/4744 4721/1/4716
f 4751/1/4745 4747/1/4743 4746/1/4740
f 4752/1/4746 4750/1/4744 4751/1/4745
f 4721/1/4716 4753/1/4747 4722/1/4717
f 4752/1/4746 4755/1/4748 4753/1/4747
f 4756/1/4749 4754/1/4750 4757/1/4751
f 4729/1/4724 4755/1/4748 4756/1/4749
f 4753/1/4747 4730/1/4726 4722/1/4717
f 4758/1/4752 4633/1/4628 4759/1/4753
f 4758/1/4752 4760/1/4754 4761/1/4755
f 4758/1/4752 4762/1/4756 4763/1/4757
f 4758/1/4752 4637/1/4632 4636/1/4631
f 4764/1/4758 4766/1/4759 4767/1/4760
f 4764/1/4758 4757/1/4751 4754/1/4750
f 4764/1/4758 4752/1/4746 4765/1/4761
f 4768/1/4762 4766/1/4759 4770/1/4763
f 4744/1/4738 4768/1/4762 4770/1/4763
f 4740/1/4734 4768/1/4762 4743/1/4737
f 4771/1/4764 4762/1/4756 4772/1/4765
f 4771/1/4764 4773/1/4766 4774/1/4767
f 4771/1/4764 4641/1/4636 4640/1/4635
f 4771/1/4764 4637/1/4632 4763/1/4757
f 4775/1/4768 4777/1/4769 4766/1/4759
f 4737/1/4731 4776/1/4770 4775/1/4768
f 4734/1/4728 4776/1/4770 4735/1/4729
f 4769/1/4771 4775/1/4768 4766/1/4759
f 4740/1/4734 4778/1/4772 4769/1/4771
f 4737/1/4731 4778/1/4772 4738/1/4733
f 4779/1/4773 4766/1/4759 4780/1/4774
f 4779/1/4773 4746/1/4740 4749/1/4742
f 4779/1/4773 4744/1/4738 4770/1/4763
f 4781/1/4775 4766/1/4759 4765/1/4761
f 4781/1/4775 4752/1/4746 4751/1/4745
f 4781/1/4775 4746/1/4740 4780/1/4774
f 4782/1/4776 4756/1/4749 4757/1/4751
f 4784/1/4777 4783/1/4778 4782/1/4776
f 4727/1/4721 4785/1/4779 4724/1/4719
f 4756/1/4749 4727/1/4721 4729/1/4724
f 4786/1/4780 4766/1/4759 4787/1/4781
f 4784/1/4777 4786/1/4780 4787/1/4781
f 4757/1/4751 4786/1/4780 4782/1/4776
f 4788/1/4782 4790/1/4783 4791/1/4784
f 4788/1/4782 4766/1/4759 4777/1/4769
f 4734/1/4728 4789/1/4785 4777/1/4769
f 4632/1/4627 4792/1/4786 4631/1/4625
f 4793/1/4787 4725/1/4722 4724/1/4719
f 4760/1/4754 4792/1/4786 4793/1/4787
f 4631/1/4625 4759/1/4753 4633/1/4628
f 4761/1/4755 4794/1/4788 4795/1/4789
f 4795/1/4789 4796/1/4790 4797/1/4791
f 4795/1/4789 4773/1/4766 4772/1/4765
f 4795/1/4789 4762/1/4756 4761/1/4755
f 4796/1/4790 4798/1/4792 4799/1/4793
f 4793/1/4787 4794/1/4788 4760/1/4754
f 4724/1/4719 4798/1/4792 4793/1/4787
f 4799/1/4793 4785/1/4779 4784/1/4777
f 4800/1/4794 4773/1/4766 4801/1/4795
f 4802/1/4796 4801/1/4795 4803/1/4797
f 4802/1/4796 4644/1/4639 4800/1/4794
f 4800/1/4794 4641/1/4636 4774/1/4767
f 4804/1/4798 4803/1/4797 4805/1/4799
f 4805/1/4799 4700/1/4695 4699/1/4694
f 4804/1/4798 4699/1/4694 4649/1/4644
f 4802/1/4796 4647/1/4643 4645/1/4640
f 4796/1/4790 4807/1/4800 4797/1/4791
f 4808/1/4801 4806/1/4802 4791/1/4784
f 4807/1/4800 4803/1/4797 4801/1/4795
f 4773/1/4766 4807/1/4800 4801/1/4795
f 4805/1/4799 4803/1/4797 4808/1/4801
f 4809/1/4803 4791/1/4784 4810/1/4804
f 4809/1/4803 4700/1/4695 4805/1/4799
f 4810/1/4804 4791/1/4784 4790/1/4783
f 4790/1/4783 4734/1/4728 4732/1/4805
f 4701/1/4696 4732/1/4805 4702/1/4700
f 4701/1/4696 4700/1/4695 4810/1/4804
f 4791/1/4784 4812/1/4806 4788/1/4782
f 4799/1/4793 4806/1/4802 4796/1/4790
f 4784/1/4777 4812/1/4806 4799/1/4793
f 4788/1/4782 4787/1/4781 4766/1/4759
f 4574/1/4569 4814/1/4807 4572/1/4567
f 4613/1/4607 4813/1/4808 4614/1/4609
f 4586/1/4581 4814/1/4807 4613/1/4607
f 4572/1/4567 4585/1/4580 4575/1/4570
f 4616/1/4611 4815/1/4809 4697/1/4692
f 4816/1/4810 4615/1/4610 4614/1/4609
f 4817/1/4811 4816/1/4810 4818/1/4812
f 4693/1/4688 4815/1/4809 4817/1/4811
f 4818/1/4812 4820/1/4813 4817/1/4811
f 4821/1/4814 4819/1/4815 4822/1/4816
f 4688/1/4682 4820/1/4813 4821/1/4814
f 4817/1/4811 4694/1/4689 4693/1/4688
f 4822/1/4816 4824/1/4817 4821/1/4814
f 4825/1/4818 4823/1/4819 4826/1/4820
f 4682/1/4677 4824/1/4817 4825/1/4818
f 4821/1/4814 4684/1/4678 4688/1/4682
f 4827/1/4821 4825/1/4818 4826/1/4820
f 4829/1/4822 4827/1/4821 4830/1/4823
f 4828/1/4824 4829/1/4822 4675/1/4670
f 4825/1/4818 4678/1/4673 4682/1/4677
f 1844/1/1841 4831/1/4825 4832/1/4826
f 4827/1/4821 4831/1/4825 4830/1/4823
f 4833/1/4827 4827/1/4821 4826/1/4820
f 1844/1/1841 4833/1/4827 1849/1/1845
f 4834/1/4828 4836/1/4829 4837/1/4830
f 4669/1/4664 4835/1/4831 4834/1/4828
f 4829/1/4822 4676/1/4671 4675/1/4670
f 4836/1/4829 4829/1/4822 4830/1/4823
f 4837/1/4830 4839/1/4832 4834/1/4828
f 4840/1/4833 4838/1/4834 4841/1/4835
f 4663/1/4657 4839/1/4832 4840/1/4833
f 4834/1/4828 4670/1/4665 4669/1/4664
f 4841/1/4835 4843/1/4836 4840/1/4833
f 4844/1/4837 4842/1/4838 4845/1/4839
f 4657/1/4652 4843/1/4836 4844/1/4837
f 4840/1/4833 4664/1/4658 4663/1/4657
f 4628/1/4622 4846/1/4840 4625/1/4620
f 4847/1/4841 4652/1/4647 4651/1/4646
f 4848/1/4842 4846/1/4840 4847/1/4841
f 4625/1/4620 4849/1/4843 4603/1/4598
f 4603/1/4598 4850/1/4844 4604/1/4599
f 4851/1/4845 4849/1/4843 4848/1/4842
f 4608/1/4603 4850/1/4844 4851/1/4845
f 4604/1/4599 4605/1/4602 4597/1/4592
f 4845/1/4839 4853/1/4846 4844/1/4837
f 4847/1/4841 4852/1/4847 4848/1/4842
f 4651/1/4646 4853/1/4846 4847/1/4841
f 4844/1/4837 4658/1/4653 4657/1/4652
f 4608/1/4603 4855/1/4848 4607/1/4601
f 4856/1/4849 4854/1/4850 4857/1/4851
f 3425/1/3418 4855/1/4848 4856/1/4849
f 4607/1/4601 3428/1/3420 3433/1/3426
f 4857/1/4851 4858/1/4852 4859/1/4853
f 4851/1/4845 4854/1/4850 4608/1/4603
f 4848/1/4842 4858/1/4852 4851/1/4845
f 4859/1/4853 4860/1/4854 4861/1/4855
f 4857/1/4851 4863/1/4856 4856/1/4849
f 4864/1/4857 4862/1/4858 4865/1/4859
f 4310/1/4304 4863/1/4856 4864/1/4857
f 4856/1/4849 4309/1/4303 3425/1/3418
f 4861/1/4855 4867/1/4860 4859/1/4853
f 4868/1/4861 4866/1/4862 4869/1/4863
f 4865/1/4859 4867/1/4860 4868/1/4861
f 4859/1/4853 4862/1/4858 4857/1/4851
f 4845/1/4839 4871/1/4864 4852/1/4847
f 4866/1/4862 4870/1/4865 4869/1/4863
f 4861/1/4855 4871/1/4864 4866/1/4862
f 4852/1/4847 4860/1/4854 4848/1/4842
f 4872/1/4866 4874/1/4867 4875/1/4868
f 4870/1/4865 4873/1/4869 4869/1/4863
f 4870/1/4865 4842/1/4838 4874/1/4867
f 4875/1/4868 4842/1/4838 4841/1/4835
f 4876/1/4870 4877/1/4871 4878/1/4872
f 4879/1/4873 4872/1/4866 4875/1/4868
f 4841/1/4835 4876/1/4870 4875/1/4868
f 4838/1/4834 4837/1/4830 4877/1/4871
f 4880/1/4874 4836/1/4829 4830/1/4823
f 4882/1/4875 4880/1/4874 1899/1/1895
f 4877/1/4871 4882/1/4875 4878/1/4872
f 4881/1/4876 4877/1/4871 4837/1/4830
f 4880/1/4874 1900/1/1896 1899/1/1895
f 4830/1/4823 4883/1/4877 4880/1/4874
f 1847/1/1843 4883/1/4877 4831/1/4825
f 4878/1/4872 4884/1/4878 4885/1/4879
f 1907/1/1903 4882/1/4875 1899/1/1895
f 1906/1/1902 4884/1/4878 1907/1/1903
f 4885/1/4879 4886/1/4880 4887/1/4881
f 4887/1/4881 4889/1/4882 4885/1/4879
f 4890/1/4883 4888/1/4884 4891/1/4885
f 4872/1/4866 4889/1/4882 4890/1/4883
f 4885/1/4879 4879/1/4873 4878/1/4872
f 1915/1/1910 4892/1/4886 4893/1/4887
f 4888/1/4884 4892/1/4886 4891/1/4885
f 4887/1/4881 4893/1/4887 4888/1/4884
f 1915/1/1910 4886/1/4880 1906/1/1902
f 4873/1/4869 4872/1/4866 4890/1/4883
f 4891/1/4885 4895/1/4888 4890/1/4883
f 4894/1/4889 4896/1/4890 4897/1/4891
f 4897/1/4891 4869/1/4863 4873/1/4869
f 1914/1/1915 4898/1/4892 4892/1/4886
f 4899/1/4893 1921/1/1917 1925/1/1921
f 4900/1/4894 4898/1/4892 4899/1/4893
f 4892/1/4886 4901/1/4895 4891/1/4885
f 4902/1/4896 4904/1/4897 1928/1/1924
f 4899/1/4893 4902/1/4896 4900/1/4894
f 1925/1/1921 4903/1/4898 4899/1/4893
f 4905/1/4899 4904/1/4897 1925/1/1921
f 4905/1/4899 1930/1/1925 1929/1/4900
f 1929/1/4900 1928/1/1924 4904/1/4897
f 4900/1/4894 4906/1/4901 4907/1/4902
f 1937/1/1932 4902/1/4896 1928/1/1924
f 1936/1/1931 4906/1/4901 1937/1/1932
f 4907/1/4902 4908/1/4903 4909/1/4904
f 4900/1/4894 4910/1/4905 4901/1/4895
f 4907/1/4902 4909/1/4904 4911/1/4906
f 4910/1/4905 4911/1/4906 4896/1/4890
f 4901/1/4895 4894/1/4889 4891/1/4885
f 4912/1/4907 1942/1/1937 4914/1/4908
f 4909/1/4904 4912/1/4907 4914/1/4908
f 4912/1/4907 1936/1/1931 4913/1/4909
f 4915/1/4910 1936/1/1931 1945/1/1940
f 4915/1/4910 1944/1/1939 1943/1/1938
f 4915/1/4910 1942/1/1937 4913/1/4909
f 1947/1/1941 4914/1/4908 1942/1/1937
f 4917/1/4911 1947/1/1941 1951/1/1946
f 4918/1/4912 4916/1/4913 4917/1/4911
f 4914/1/4908 4919/1/4914 4909/1/4904
f 4920/1/4915 4922/1/4916 4923/1/4917
f 1956/1/1951 4921/1/4918 1957/1/1952
f 4922/1/4916 1956/1/1951 1346/1/1344
f 4336/1/4331 4923/1/4917 4922/1/4916
f 4924/1/4919 4926/1/4920 4927/1/4921
f 4928/1/4922 4927/1/4921 4929/1/4923
f 1962/1/1957 4924/1/4919 4928/1/4922
f 4924/1/4919 1964/1/1958 1957/1/1952
f 4920/1/4915 4931/1/4924 4921/1/4918
f 4932/1/4925 4930/1/4926 4933/1/4927
f 4931/1/4924 4926/1/4920 4925/1/4928
f 4921/1/4918 4925/1/4928 1957/1/1952
f 4934/1/4929 4328/1/4322 4316/1/4311
f 4933/1/4927 4935/1/4930 4934/1/4929
f 4920/1/4915 4935/1/4930 4930/1/4926
f 4923/1/4917 4325/1/4320 4328/1/4322
f 4936/1/4931 4926/1/4920 4932/1/4925
f 4937/1/4932 4932/1/4925 4933/1/4927
f 4938/1/4933 4936/1/4931 4937/1/4932
f 4929/1/4923 4936/1/4931 4939/1/4934
f 4940/1/4935 4942/1/4936 4943/1/4937
f 4934/1/4929 4941/1/4938 4933/1/4927
f 4316/1/4311 4942/1/4936 4934/1/4929
f 4943/1/4937 4313/1/4310 4312/1/4306
f 4944/1/4939 4946/1/4940 4947/1/4941
f 1984/1/1979 4944/1/4939 1985/1/1980
f 4928/1/4922 1984/1/1979 1962/1/1957
f 4929/1/4923 4945/1/4942 4928/1/4922
f 4948/1/4943 4950/1/4944 4951/1/4945
f 4937/1/4932 4949/1/4946 4938/1/4933
f 4933/1/4927 4950/1/4944 4937/1/4932
f 4951/1/4945 4941/1/4938 4940/1/4935
f 4938/1/4933 4952/1/4947 4939/1/4934
f 4953/1/4948 4949/1/4946 4948/1/4943
f 4947/1/4941 4952/1/4947 4953/1/4948
f 4939/1/4934 4946/1/4940 4929/1/4923
f 4954/1/4949 4956/1/4950 4957/1/4951
f 1996/1/1991 4955/1/4952 1997/1/1992
f 1985/1/1980 4956/1/4950 1996/1/1991
f 4957/1/4951 4944/1/4939 4947/1/4941
f 4958/1/4953 4960/1/4954 4961/1/4955
f 4943/1/4937 4959/1/4956 4940/1/4935
f 4312/1/4306 4960/1/4954 4943/1/4937
f 4307/1/4302 4310/1/4304 4961/1/4955
f 1997/1/1992 4962/1/4957 2002/1/1998
f 4963/1/4958 4955/1/4952 4954/1/4949
f 4963/1/4958 4917/1/4911 4962/1/4957
f 2002/1/1998 4917/1/4911 1951/1/1946
f 4964/1/4959 4897/1/4891 4896/1/4890
f 4965/1/4960 4966/1/4961 4967/1/4962
f 4868/1/4861 4965/1/4960 4865/1/4859
f 4869/1/4863 4964/1/4959 4868/1/4861
f 4968/1/4963 4970/1/4964 4971/1/4965
f 4951/1/4945 4969/1/4966 4948/1/4943
f 4940/1/4935 4970/1/4964 4951/1/4945
f 4971/1/4965 4959/1/4956 4958/1/4953
f 4961/1/4955 4310/1/4304 4864/1/4857
f 4865/1/4859 4972/1/4967 4864/1/4857
f 4972/1/4967 4965/1/4960 4967/1/4962
f 4973/1/4968 4958/1/4953 4961/1/4955
f 4974/1/4969 4973/1/4968 4967/1/4962
f 4968/1/4963 4975/1/4970 4974/1/4969
f 4958/1/4953 4975/1/4970 4971/1/4965
f 4976/1/4971 4911/1/4906 4909/1/4904
f 4977/1/4972 4919/1/4914 4918/1/4912
f 4967/1/4962 4976/1/4971 4977/1/4972
f 4966/1/4961 4896/1/4890 4911/1/4906
f 4974/1/4969 4979/1/4973 4968/1/4963
f 4974/1/4969 4977/1/4972 4978/1/4974
f 4918/1/4912 4978/1/4974 4977/1/4972
f 4979/1/4973 4963/1/4958 4954/1/4949
f 4948/1/4943 4980/1/4975 4953/1/4948
f 4979/1/4973 4969/1/4966 4968/1/4963
f 4954/1/4949 4980/1/4975 4979/1/4973
f 4953/1/4948 4957/1/4951 4947/1/4941
f 3666/1/3660 4982/1/4976 3665/1/3658
f 4983/1/4977 4981/1/4978 4984/1/4979
f 4982/1/4976 4983/1/4977 4574/1/4569
f 3665/1/3658 4573/1/4568 3526/1/3519
f 3670/1/3663 4986/1/4980 3667/1/3661
f 4987/1/4981 4985/1/4982 4988/1/4983
f 4984/1/4979 4986/1/4980 4987/1/4981
f 3667/1/3661 4981/1/4978 3666/1/3660
f 4813/1/4808 4574/1/4569 4989/1/4984
f 4990/1/4985 4989/1/4984 4992/1/4986
f 4818/1/4812 4991/1/4987 4990/1/4985
f 4614/1/4609 4991/1/4987 4816/1/4810
f 4992/1/4986 4994/1/4988 4990/1/4985
f 4995/1/4989 4993/1/4990 4996/1/4991
f 4822/1/4816 4994/1/4988 4995/1/4989
f 4990/1/4985 4819/1/4815 4818/1/4812
f 4826/1/4820 4997/1/4992 4998/1/4993
f 4995/1/4989 4823/1/4819 4822/1/4816
f 4996/1/4991 4997/1/4992 4995/1/4989
f 4998/1/4993 4999/1/4994 2041/1/2036
f 2043/1/2037 4998/1/4993 2041/1/2036
f 1849/1/1845 5000/1/4995 2043/1/2037
f 4998/1/4993 4833/1/4827 4826/1/4820
f 4984/1/4979 5002/1/4996 4983/1/4977
f 5001/1/4997 5003/1/4998 5004/1/4999
f 5002/1/4996 5004/1/4999 4992/1/4986
f 4983/1/4977 4989/1/4984 4574/1/4569
f 5005/1/5000 4987/1/4981 4988/1/4983
f 5007/1/5001 5005/1/5000 5008/1/5002
f 5006/1/5003 5007/1/5001 5003/1/4998
f 4987/1/4981 5001/1/4997 4984/1/4979
f 5009/1/5004 5004/1/4999 5003/1/4998
f 5010/1/5005 5009/1/5004 5012/1/5006
f 4996/1/4991 5009/1/5004 5011/1/5007
f 5004/1/4999 4993/1/4990 4992/1/4986
f 2056/1/2051 5013/1/5008 5014/1/5009
f 4999/1/4994 2059/1/2053 2041/1/2036
f 5013/1/5008 4999/1/4994 4996/1/4991
f 5014/1/5009 5011/1/5007 5010/1/5005
f 4988/1/4983 5015/1/5010 5005/1/5000
f 5016/1/5011 4985/1/4982 3670/1/3663
f 5017/1/5012 5015/1/5010 5016/1/5011
f 5005/1/5000 5018/1/5013 5008/1/5002
f 3670/1/3663 5019/1/5014 5016/1/5011
f 5020/1/5015 3672/1/3668 3671/1/3665
f 5021/1/5016 5019/1/5014 5020/1/5015
f 5016/1/5011 5022/1/5017 5017/1/5012
f 3675/1/3669 5024/1/5018 3676/1/3672
f 5025/1/5019 5023/1/5020 5026/1/5021
f 5021/1/5016 5024/1/5018 5025/1/5019
f 3671/1/3665 5024/1/5018 5020/1/5015
f 3689/1/3683 5028/1/5022 3690/1/3684
f 5029/1/5023 5027/1/5024 5030/1/5025
f 5031/1/5026 5028/1/5022 5029/1/5023
f 3690/1/3684 5032/1/5027 3684/1/3678
f 3693/1/3687 5034/1/5028 3694/1/3688
f 5033/1/5029 5036/1/5030 5034/1/5028
f 5030/1/5025 5034/1/5028 5036/1/5030
f 3694/1/3688 5027/1/5024 3689/1/3683
f 5037/1/5031 2082/1/2077 5038/1/5032
f 2087/1/2081 5038/1/5032 2082/1/2077
f 5036/1/5030 5039/1/5033 5030/1/5025
f 5036/1/5030 5035/1/5034 5037/1/5031
f 5040/1/5035 5042/1/5036 5043/1/5037
f 5041/1/5038 5035/1/5034 5033/1/5029
f 3693/1/3687 5042/1/5036 5033/1/5029
f 5043/1/5037 3698/1/3692 3697/1/3691
f 5044/1/5039 5041/1/5038 5040/1/5035
f 2095/1/2089 5045/1/5040 5044/1/5039
f 2094/1/2088 5037/1/5031 5045/1/5040
f 5035/1/5034 5045/1/5040 5037/1/5031
f 3697/1/3691 5046/1/5041 5043/1/5037
f 5047/1/5042 3702/1/3696 3701/1/3695
f 5048/1/5043 5046/1/5041 5047/1/5042
f 5043/1/5037 5049/1/5044 5040/1/5035
f 5040/1/5035 5050/1/5045 5044/1/5039
f 5051/1/5046 5049/1/5044 5048/1/5043
f 2102/1/2096 5050/1/5045 5051/1/5046
f 5044/1/5039 2101/1/2095 2095/1/2089
f 5052/1/5047 5047/1/5042 3701/1/3695
f 3706/1/3700 3705/1/3699 5053/1/5048
f 5054/1/5049 5052/1/5047 5053/1/5048
f 5047/1/5042 5055/1/5050 5048/1/5043
f 3682/1/3675 5057/1/5051 3681/1/3674
f 5058/1/5052 5056/1/5053 5059/1/5054
f 5026/1/5021 5057/1/5051 5058/1/5052
f 3681/1/3674 5023/1/5020 3675/1/3669
f 3684/1/3678 5060/1/5055 3685/1/3679
f 5061/1/5056 5032/1/5027 5031/1/5026
f 5059/1/5054 5060/1/5055 5061/1/5056
f 3685/1/3679 5056/1/5053 3682/1/3675
f 5030/1/5025 5062/1/5057 5029/1/5023
f 2117/1/2111 5039/1/5033 2087/1/2081
f 2116/1/2110 5062/1/5057 2117/1/2111
f 5029/1/5023 5063/1/5058 5031/1/5026
f 5026/1/5021 5065/1/5059 5025/1/5019
f 2119/1/2116 5064/1/5060 2123/1/2117
f 2118/1/2112 5065/1/5059 2119/1/2116
f 5025/1/5019 5066/1/5061 5021/1/5016
f 5059/1/5054 5068/1/5062 5058/1/5052
f 2126/1/2120 5067/1/5063 2127/1/2121
f 2123/1/2117 5068/1/5062 2126/1/2120
f 5058/1/5052 5064/1/5060 5026/1/5021
f 5031/1/5026 5069/1/5064 5061/1/5056
f 2129/1/2123 5063/1/5058 2116/1/2110
f 2127/1/2121 5069/1/5064 2129/1/2123
f 5061/1/5056 5067/1/5063 5059/1/5054
f 5017/1/5012 5071/1/5065 5018/1/5013
f 5072/1/5066 5070/1/5067 2135/1/2129
f 5073/1/5068 5071/1/5065 5072/1/5066
f 5018/1/5013 5074/1/5069 5008/1/5002
f 5008/1/5002 5075/1/5070 5007/1/5001
f 5076/1/5071 5074/1/5069 5073/1/5068
f 5012/1/5006 5076/1/5071 5010/1/5005
f 5007/1/5001 5012/1/5006 5003/1/4998
f 5010/1/5005 5077/1/5072 5014/1/5009
f 5078/1/5073 5076/1/5071 5073/1/5068
f 2140/1/2134 5077/1/5072 5078/1/5073
f 5014/1/5009 2139/1/2133 2056/1/2051
f 5073/1/5068 5079/1/5074 5078/1/5073
f 2143/1/2137 5072/1/5066 2135/1/2129
f 2140/1/2134 5079/1/5074 2143/1/2137
f 5066/1/5061 2145/1/2139 5080/1/5075
f 5070/1/5067 2145/1/2139 2135/1/2129
f 5070/1/5067 5022/1/5017 5080/1/5075
f 5066/1/5061 5022/1/5017 5021/1/5016
f 5081/1/5076 5083/1/5077 5084/1/5078
f 5085/1/5079 5082/1/5080 5086/1/5081
f 3912/1/3905 5083/1/5077 5085/1/5079
f 5084/1/5078 3909/1/3904 3902/1/3895
f 5085/1/5079 3923/1/3918 3912/1/3905
f 5087/1/5082 5086/1/5081 5088/1/5083
f 5089/1/5084 5087/1/5082 5088/1/5083
f 3923/1/3918 5090/1/5085 3926/1/3919
f 3926/1/3919 5091/1/5086 3935/1/3930
f 5092/1/5087 5090/1/5085 5089/1/5084
f 5093/1/5088 5091/1/5086 5092/1/5087
f 3935/1/3930 5094/1/5089 3938/1/3931
f 3938/1/3931 5095/1/5090 3957/1/3950
f 5096/1/5091 5094/1/5089 5093/1/5088
f 5097/1/5092 5096/1/5091 5098/1/5093
f 3933/1/3926 5095/1/5090 5097/1/5092
f 2164/1/2157 5100/1/5094 2165/1/2160
f 5084/1/5078 5099/1/5095 5081/1/5076
f 3902/1/3895 5100/1/5094 5084/1/5078
f 2165/1/2160 3901/1/3894 881/1/879
f 5101/1/5096 5103/1/5097 5104/1/5098
f 5102/1/5099 5101/1/5096 5081/1/5076
f 5099/1/5095 2164/1/2157 2168/1/2161
f 5103/1/5097 2168/1/2161 2173/1/2166
f 5104/1/5098 5106/1/5100 5101/1/5096
f 5107/1/5101 5105/1/5102 5108/1/5103
f 5086/1/5081 5106/1/5100 5107/1/5101
f 5101/1/5096 5082/1/5080 5081/1/5076
f 5109/1/5104 5111/1/5105 5112/1/5106
f 5088/1/5083 5110/1/5107 5089/1/5084
f 5107/1/5101 5088/1/5083 5086/1/5081
f 5107/1/5101 5112/1/5106 5111/1/5105
f 5113/1/5108 5115/1/5109 5116/1/5110
f 5092/1/5087 5114/1/5111 5093/1/5088
f 5089/1/5084 5115/1/5109 5092/1/5087
f 5116/1/5110 5110/1/5107 5109/1/5104
f 5117/1/5112 5119/1/5113 5120/1/5114
f 5098/1/5093 5118/1/5115 5117/1/5112
f 5093/1/5088 5118/1/5115 5096/1/5091
f 5119/1/5113 5114/1/5111 5113/1/5108
f 2173/1/2166 5121/1/5116 5103/1/5097
f 5122/1/5117 2191/1/2184 2193/1/2186
f 5108/1/5103 5121/1/5116 5122/1/5117
f 5103/1/5097 5105/1/5102 5104/1/5098
f 5123/1/5118 5125/1/5119 5126/1/5120
f 5112/1/5106 5124/1/5121 5109/1/5104
f 5108/1/5103 5125/1/5119 5112/1/5106
f 5126/1/5120 5122/1/5117 2193/1/2186
f 2198/1/2192 5128/1/5122 2199/1/2195
f 5127/1/5123 5126/1/5120 5128/1/5122
f 2199/1/2195 5126/1/5120 2193/1/2186
f 5129/1/5124 5131/1/5125 5132/1/5126
f 5116/1/5110 5130/1/5127 5113/1/5108
f 5109/1/5104 5131/1/5125 5116/1/5110
f 5132/1/5126 5124/1/5121 5123/1/5118
f 2206/1/2200 5134/1/5128 2207/1/2203
f 5132/1/5126 5133/1/5129 5129/1/5124
f 5123/1/5118 5134/1/5128 5132/1/5126
f 2207/1/2203 5127/1/5123 2198/1/2192
f 5135/1/5130 5130/1/5127 5129/1/5124
f 5137/1/5131 5135/1/5130 5138/1/5132
f 5120/1/5114 5136/1/5133 5137/1/5131
f 5113/1/5108 5136/1/5133 5119/1/5113
f 5139/1/5134 2214/1/2208 2217/1/2210
f 5138/1/5132 5140/1/5135 5139/1/5134
f 5129/1/5124 5140/1/5135 5135/1/5130
f 2214/1/2208 5133/1/5129 2206/1/2200
f 2217/1/2210 5141/1/5136 5139/1/5134
f 5142/1/5137 2219/1/2213 2223/1/2217
f 5143/1/5138 5141/1/5136 5142/1/5137
f 5139/1/5134 5144/1/5139 5138/1/5132
f 5143/1/5138 5146/1/5140 5144/1/5139
f 5147/1/5141 5145/1/5142 5148/1/5143
f 5137/1/5131 5147/1/5141 5120/1/5114
f 5138/1/5132 5146/1/5140 5137/1/5131
f 2223/1/2217 5149/1/5144 5142/1/5137
f 5150/1/5145 2229/1/2223 2231/1/2225
f 5148/1/5143 5149/1/5144 5150/1/5145
f 5142/1/5137 5145/1/5142 5143/1/5138
f 5148/1/5143 5152/1/5146 5147/1/5141
f 5153/1/5147 5151/1/5148 5154/1/5149
f 5117/1/5112 5153/1/5147 5098/1/5093
f 5147/1/5141 5117/1/5112 5120/1/5114
f 5098/1/5093 5155/1/5150 5097/1/5092
f 5156/1/5151 5153/1/5147 5154/1/5149
f 3830/1/3824 5155/1/5150 5156/1/5151
f 5097/1/5092 3934/1/3927 3933/1/3926
f 2231/1/2225 5157/1/5152 5150/1/5145
f 5158/1/5153 2239/1/2233 2241/1/2235
f 5154/1/5149 5157/1/5152 5158/1/5153
f 5150/1/5145 5151/1/5148 5148/1/5143
f 3830/1/3824 5159/1/5154 3825/1/3819
f 5160/1/5155 5156/1/5151 5154/1/5149
f 5161/1/5156 5159/1/5154 5160/1/5155
f 3825/1/3819 5162/1/5157 3715/1/3709
f 2246/1/2240 5164/1/5158 2247/1/2243
f 5160/1/5155 5163/1/5159 5161/1/5156
f 5158/1/5153 5160/1/5155 5154/1/5149
f 5158/1/5153 2247/1/2243 5164/1/5158
f 3715/1/3709 5165/1/5160 3709/1/3703
f 5166/1/5161 5162/1/5157 5161/1/5156
f 5167/1/5162 5165/1/5160 5166/1/5161
f 3709/1/3703 5168/1/5163 3710/1/3704
f 3710/1/3704 5169/1/5164 3717/1/3711
f 5170/1/5165 5168/1/5163 5167/1/5162
f 5054/1/5049 5169/1/5164 5170/1/5165
f 3717/1/3711 5053/1/5048 3705/1/3699
f 2258/1/2252 5172/1/5166 2259/1/2253
f 5166/1/5161 5171/1/5167 5167/1/5162
f 5161/1/5156 5172/1/5166 5166/1/5161
f 2259/1/2253 5163/1/5159 2246/1/2240
f 5173/1/5168 2261/1/2255 5174/1/5169
f 5051/1/5046 2261/1/2255 2102/1/2096
f 5048/1/5043 5174/1/5169 5051/1/5046
f 5173/1/5168 5055/1/5050 5054/1/5049
f 5167/1/5162 5175/1/5170 5170/1/5165
f 2265/1/2259 5171/1/5167 2258/1/2252
f 2262/1/2258 5175/1/5170 2265/1/2259
f 5170/1/5165 5173/1/5168 5054/1/5049
f 3736/1/3729 5177/1/5171 3735/1/3728
f 5176/1/5172 4426/1/4421 4425/1/4420
f 3790/1/3784 5177/1/5171 4425/1/4420
f 3735/1/3728 3788/1/3783 3729/1/3723
f 3760/1/3754 5179/1/5173 3758/1/3752
f 5180/1/5174 5178/1/5175 5181/1/5176
f 5179/1/5173 5180/1/5174 3736/1/3729
f 3734/1/3727 3733/1/3740 3758/1/3752
f 4554/1/4549 5183/1/5177 4552/1/4547
f 5184/1/5178 5182/1/5179 5185/1/5180
f 5181/1/5176 5183/1/5177 5184/1/5178
f 4552/1/4547 5178/1/5175 3760/1/3754
f 4566/1/4561 5187/1/5181 4565/1/4559
f 5188/1/5182 5186/1/5183 5189/1/5184
f 5185/1/5180 5187/1/5181 5188/1/5182
f 4565/1/4559 5182/1/5179 4554/1/4549
f 4570/1/4565 5191/1/5185 4568/1/4563
f 5192/1/5186 5190/1/5187 5193/1/5188
f 5189/1/5184 5191/1/5185 5192/1/5186
f 4568/1/4563 5186/1/5183 4566/1/4561
f 5194/1/5189 5195/1/5190 5196/1/5191
f 5197/1/5192 4429/1/4424 4432/1/4426
f 5194/1/5189 4432/1/4426 4413/1/4408
f 4427/1/4422 4426/1/4421 5195/1/5190
f 4429/1/4424 5198/1/5193 4436/1/4430
f 5199/1/5194 5197/1/5192 5196/1/5191
f 5200/1/5195 5198/1/5193 5199/1/5194
f 4436/1/4430 5201/1/5196 4433/1/4428
f 5202/1/5197 5180/1/5174 5181/1/5176
f 5203/1/5198 5204/1/5199 5205/1/5200
f 5202/1/5197 5205/1/5200 4426/1/4421
f 5176/1/5172 3736/1/3729 5180/1/5174
f 5184/1/5178 5203/1/5198 5181/1/5176
f 5185/1/5180 5206/1/5201 5184/1/5178
f 5208/1/5202 5206/1/5201 5207/1/5203
f 5203/1/5198 5209/1/5204 5204/1/5199
f 5188/1/5182 5207/1/5203 5185/1/5180
f 5189/1/5184 5210/1/5205 5188/1/5182
f 5212/1/5206 5211/1/5207 5213/1/5208
f 5207/1/5203 5212/1/5206 5208/1/5202
f 5193/1/5188 5215/1/5209 5192/1/5186
f 5216/1/5210 5215/1/5209 5214/1/5211
f 5213/1/5208 5215/1/5209 5217/1/5212
f 5192/1/5186 5211/1/5207 5189/1/5184
f 5218/1/5213 5220/1/5214 5221/1/5215
f 5222/1/5216 5219/1/5217 5218/1/5213
f 5216/1/5210 5219/1/5217 5223/1/5218
f 5225/1/5219 5219/1/5217 5224/1/5220
f 5222/1/5216 5227/1/5221 5223/1/5218
f 5228/1/5222 5226/1/5223 5229/1/5224
f 5213/1/5208 5227/1/5221 5228/1/5222
f 5223/1/5218 5217/1/5212 5216/1/5210
f 5229/1/5224 5231/1/5225 5228/1/5222
f 5232/1/5226 5230/1/5227 5233/1/5228
f 5208/1/5202 5231/1/5225 5232/1/5226
f 5228/1/5222 5212/1/5206 5213/1/5208
f 4440/1/4434 5235/1/5229 4437/1/4432
f 5236/1/5230 5234/1/5231 5237/1/5232
f 3822/1/3816 5235/1/5229 5236/1/5230
f 4437/1/4432 4420/1/4415 4419/1/4414
f 5200/1/5195 5239/1/5233 5201/1/5196
f 5234/1/5231 5238/1/5234 5237/1/5232
f 4440/1/4434 5239/1/5233 5234/1/5231
f 5201/1/5196 4439/1/4433 4433/1/4428
f 5237/1/5232 5240/1/5235 5241/1/5236
f 5241/1/5236 5240/1/5235 4444/1/4439
f 4441/1/4438 3823/1/3817 5241/1/5236
f 5236/1/5230 3823/1/3817 3822/1/3816
f 5242/1/5237 5199/1/5194 5196/1/5191
f 5243/1/5238 5244/1/5239 5245/1/5240
f 5237/1/5232 5242/1/5237 5245/1/5240
f 5238/1/5234 5200/1/5195 5199/1/5194
f 5246/1/5241 5205/1/5200 5204/1/5199
f 5247/1/5242 5244/1/5239 5243/1/5238
f 5246/1/5241 5243/1/5238 5196/1/5191
f 5195/1/5190 4426/1/4421 5205/1/5200
f 5233/1/5228 5249/1/5243 5232/1/5226
f 5247/1/5242 5248/1/5244 5244/1/5239
f 5204/1/5199 5249/1/5243 5247/1/5242
f 5232/1/5226 5209/1/5204 5208/1/5202
f 5244/1/5239 5251/1/5245 5245/1/5240
f 5252/1/5246 5250/1/5247 5253/1/5248
f 5251/1/5245 5252/1/5246 4444/1/4439
f 5240/1/5235 5237/1/5232 5245/1/5240
f 5254/1/5249 5256/1/5250 5257/1/5251
f 4480/1/4474 5254/1/5249 4477/1/4472
f 5255/1/5252 4480/1/4474 4449/1/4444
f 4448/1/4443 4445/1/4440 5256/1/5250
f 5258/1/5253 4443/1/4437 4444/1/4439
f 5259/1/5254 5252/1/5246 5253/1/5248
f 5257/1/5251 5258/1/5253 5259/1/5254
f 5256/1/5250 4445/1/4440 4443/1/4437
f 5260/1/5255 5254/1/5249 5257/1/5251
f 5261/1/5256 5262/1/5257 5263/1/5258
f 4488/1/4483 5260/1/5255 5261/1/5256
f 5254/1/5249 4485/1/4482 4477/1/4472
f 5263/1/5258 5265/1/5259 5261/1/5256
f 5266/1/5260 5264/1/5261 5267/1/5262
f 5266/1/5260 4490/1/4485 5265/1/5259
f 5261/1/5256 4490/1/4485 4488/1/4483
f 4484/1/4479 5268/1/5263 4483/1/4477
f 5269/1/5264 5266/1/5260 5267/1/5262
f 4410/1/4405 5268/1/5263 5269/1/5264
f 4483/1/4477 4462/1/4457 4461/1/4455
f 5269/1/5264 4409/1/4403 4410/1/4405
f 5267/1/5262 5270/1/5265 5269/1/5264
f 5272/1/5266 5271/1/5267 5273/1/5268
f 4409/1/4403 5272/1/5266 4405/1/4400
f 5274/1/5269 5276/1/5270 5277/1/5271
f 4406/1/4401 5275/1/5272 4402/1/4397
f 4405/1/4400 5276/1/5270 4406/1/4401
f 5276/1/5270 5273/1/5268 5277/1/5271
f 4402/1/4397 5278/1/5273 4401/1/4395
f 5279/1/5274 5275/1/5272 5274/1/5269
f 5280/1/5275 5278/1/5273 5279/1/5274
f 5281/1/5276 4398/1/4393 4401/1/4395
f 5282/1/5277 5281/1/5276 5280/1/5275
f 5284/1/5278 5282/1/5277 5285/1/5279
f 4393/1/4388 5283/1/5280 5284/1/5278
f 4398/1/4393 5283/1/5280 4396/1/4390
f 5285/1/5279 5287/1/5281 5284/1/5278
f 5288/1/5282 5286/1/5283 5289/1/5284
f 4389/1/4384 5287/1/5281 5288/1/5282
f 5284/1/5278 4394/1/4389 4393/1/4388
f 5289/1/5284 5291/1/5285 5288/1/5282
f 5290/1/5286 5292/1/5287 5293/1/5288
f 5291/1/5285 5293/1/5288 4384/1/4379
f 5288/1/5282 4390/1/4385 4389/1/4384
f 5294/1/5289 5296/1/5290 5297/1/5291
f 5253/1/5248 5296/1/5290 5295/1/5292
f 5250/1/5247 5244/1/5239 5297/1/5291
f 5298/1/5293 5300/1/5294 5301/1/5295
f 5297/1/5291 5299/1/5296 5294/1/5289
f 5244/1/5239 5300/1/5294 5297/1/5291
f 5301/1/5295 5248/1/5244 5233/1/5228
f 5302/1/5297 5304/1/5298 5305/1/5299
f 5301/1/5295 5303/1/5300 5298/1/5293
f 5233/1/5228 5304/1/5298 5301/1/5295
f 5305/1/5299 5230/1/5227 5229/1/5224
f 5306/1/5301 5308/1/5302 5309/1/5303
f 5305/1/5299 5307/1/5304 5302/1/5297
f 5229/1/5224 5308/1/5302 5305/1/5299
f 5309/1/5303 5226/1/5223 5222/1/5216
f 5221/1/5215 5311/1/5305 5218/1/5213
f 5312/1/5306 5310/1/5307 5313/1/5308
f 5306/1/5301 5311/1/5305 5312/1/5306
f 5218/1/5213 5309/1/5303 5222/1/5216
f 5314/1/5309 5315/1/5310 5316/1/5311
f 5316/1/5311 5257/1/5251 5259/1/5254
f 5317/1/5312 5259/1/5254 5253/1/5248
f 5295/1/5292 5294/1/5289 5314/1/5309
f 5318/1/5313 5316/1/5311 5315/1/5310
f 5319/1/5314 5320/1/5315 5321/1/5316
f 5263/1/5258 5318/1/5313 5319/1/5314
f 5262/1/5257 5257/1/5251 5316/1/5311
f 5321/1/5316 5323/1/5317 5319/1/5314
f 5324/1/5318 5322/1/5319 5325/1/5320
f 5267/1/5262 5323/1/5317 5324/1/5318
f 5319/1/5314 5264/1/5261 5263/1/5258
f 5325/1/5320 5327/1/5321 5324/1/5318
f 5328/1/5322 5326/1/5323 5329/1/5324
f 5273/1/5268 5327/1/5321 5328/1/5322
f 5324/1/5318 5271/1/5267 5267/1/5262
f 5329/1/5324 5331/1/5325 5328/1/5322
f 5332/1/5326 5330/1/5327 5333/1/5328
f 5277/1/5271 5332/1/5326 5274/1/5269
f 5328/1/5322 5277/1/5271 5273/1/5268
f 5334/1/5329 5336/1/5330 5337/1/5331
f 5279/1/5274 5335/1/5332 5280/1/5275
f 5274/1/5269 5336/1/5330 5279/1/5274
f 5337/1/5331 5332/1/5326 5333/1/5328
f 5338/1/5333 5340/1/5334 5341/1/5335
f 5282/1/5277 5339/1/5336 5285/1/5279
f 5280/1/5275 5340/1/5334 5282/1/5277
f 5341/1/5335 5335/1/5332 5334/1/5329
f 5342/1/5337 5344/1/5338 5345/1/5339
f 5286/1/5283 5343/1/5340 5289/1/5284
f 5285/1/5279 5344/1/5338 5286/1/5283
f 5345/1/5339 5339/1/5336 5338/1/5333
f 5346/1/5341 5348/1/5342 5349/1/5343
f 5290/1/5286 5347/1/5344 5292/1/5287
f 5289/1/5284 5348/1/5342 5290/1/5286
f 5349/1/5343 5343/1/5340 5342/1/5337
f 5346/1/5341 5350/1/5345 5351/1/5346
f 5342/1/5337 5350/1/5345 5349/1/5343
f 2442/1/2435 5352/1/5347 2443/1/2436
f 5351/1/5346 2442/1/2435 2445/1/2439
f 5353/1/5348 5355/1/5349 5356/1/5350
f 5357/1/5351 5354/1/5352 2451/1/2445
f 5341/1/5335 5357/1/5351 5338/1/5333
f 5356/1/5350 5341/1/5335 5334/1/5329
f 5338/1/5333 5358/1/5353 5345/1/5339
f 2453/1/2447 5357/1/5351 2451/1/2445
f 2443/1/2436 5358/1/5353 2453/1/2447
f 5345/1/5339 5352/1/5347 5342/1/5337
f 5359/1/5354 5361/1/5355 5362/1/5356
f 5356/1/5350 5360/1/5357 5353/1/5348
f 5334/1/5329 5361/1/5355 5356/1/5350
f 5362/1/5356 5337/1/5331 5333/1/5328
f 5353/1/5348 5363/1/5358 5354/1/5352
f 5364/1/5359 5360/1/5357 5359/1/5354
f 2460/1/2454 5363/1/5358 5364/1/5359
f 5354/1/5352 2459/1/2453 2451/1/2445
f 5365/1/5360 5367/1/5361 5368/1/5362
f 5362/1/5356 5366/1/5363 5359/1/5354
f 5333/1/5328 5367/1/5361 5362/1/5356
f 5368/1/5362 5330/1/5327 5329/1/5324
f 5369/1/5364 2467/1/2461 5370/1/5365
f 5364/1/5359 2467/1/2461 2460/1/2454
f 5359/1/5354 5370/1/5365 5364/1/5359
f 5369/1/5364 5366/1/5363 5365/1/5360
f 5371/1/5366 5373/1/5367 5374/1/5368
f 5368/1/5362 5372/1/5369 5365/1/5360
f 5329/1/5324 5373/1/5367 5368/1/5362
f 5374/1/5368 5326/1/5323 5325/1/5320
f 5371/1/5366 5376/1/5370 5372/1/5369
f 2476/1/2470 5375/1/5371 2477/1/2471
f 2468/1/2469 5376/1/5370 2476/1/2470
f 5372/1/5369 5369/1/5364 5365/1/5360
f 5377/1/5372 5378/1/5373 5379/1/5374
f 5374/1/5368 5380/1/5375 5371/1/5366
f 5325/1/5320 5377/1/5372 5374/1/5368
f 5378/1/5373 5322/1/5319 5321/1/5316
f 5379/1/5374 5382/1/5376 5380/1/5375
f 2484/1/2478 5381/1/5377 2485/1/2479
f 2477/1/2471 5382/1/5376 2484/1/2478
f 5380/1/5375 5375/1/5371 5371/1/5366
f 5383/1/5378 5385/1/5379 5386/1/5380
f 5384/1/5381 5379/1/5374 5378/1/5373
f 5321/1/5316 5385/1/5379 5378/1/5373
f 5320/1/5315 5315/1/5310 5386/1/5380
f 5384/1/5381 5387/1/5382 5388/1/5383
f 2491/1/2486 5387/1/5382 2493/1/2487
f 2485/1/2479 5388/1/5383 2491/1/2486
f 5381/1/5377 5379/1/5374 5384/1/5381
f 5389/1/5384 5391/1/5385 5392/1/5386
f 5386/1/5380 5390/1/5387 5383/1/5378
f 5315/1/5310 5391/1/5385 5386/1/5380
f 5392/1/5386 5314/1/5309 5294/1/5289
f 5383/1/5378 5393/1/5388 5387/1/5382
f 5394/1/5389 5390/1/5387 5389/1/5384
f 2500/1/2494 5393/1/5388 5394/1/5389
f 5387/1/5382 2499/1/2493 2493/1/2487
f 5294/1/5289 5395/1/5390 5392/1/5386
f 5396/1/5391 5299/1/5296 5298/1/5293
f 5397/1/5392 5395/1/5390 5396/1/5391
f 5392/1/5386 5398/1/5393 5389/1/5384
f 5399/1/5394 5394/1/5389 5389/1/5384
f 5400/1/5395 5398/1/5393 5397/1/5392
f 2508/1/2502 5399/1/5394 5400/1/5395
f 2507/1/2501 2500/1/2494 5394/1/5389
f 5298/1/5293 5401/1/5396 5396/1/5391
f 5402/1/5397 5303/1/5300 5302/1/5297
f 5403/1/5398 5401/1/5396 5402/1/5397
f 5396/1/5391 5404/1/5399 5397/1/5392
f 5397/1/5392 5405/1/5400 5400/1/5395
f 5406/1/5401 5404/1/5399 5403/1/5398
f 2516/1/2510 5405/1/5400 5406/1/5401
f 5400/1/5395 2515/1/2509 2508/1/2502
f 5302/1/5297 5407/1/5402 5402/1/5397
f 5408/1/5403 5307/1/5304 5306/1/5301
f 5409/1/5404 5407/1/5402 5408/1/5403
f 5402/1/5397 5410/1/5405 5403/1/5398
f 5403/1/5398 5411/1/5406 5406/1/5401
f 5412/1/5407 5410/1/5405 5409/1/5404
f 2523/1/2517 5412/1/5407 2524/1/2518
f 5406/1/5401 2523/1/2517 2516/1/2510
f 5306/1/5301 5413/1/5408 5408/1/5403
f 5313/1/5308 5413/1/5408 5312/1/5306
f 5415/1/5409 5414/1/5410 5416/1/5411
f 5408/1/5403 5415/1/5409 5409/1/5404
f 5409/1/5404 5417/1/5412 5412/1/5407
f 5416/1/5411 5417/1/5412 5415/1/5409
f 2531/1/2525 5418/1/5413 2532/1/2526
f 2524/1/2518 5417/1/5412 2531/1/2525
f 5193/1/5188 5420/1/5414 5214/1/5211
f 5421/1/5415 5419/1/5416 5422/1/5417
f 5224/1/5220 5421/1/5415 5225/1/5219
f 5214/1/5211 5224/1/5220 5216/1/5210
f 5422/1/5417 5424/1/5418 5421/1/5415
f 5425/1/5419 5424/1/5418 5423/1/5420
f 5421/1/5415 5426/1/5421 5225/1/5219
f 1150/1/1147 5427/1/5422 4143/1/4138
f 5428/1/5423 2543/1/2537 2547/1/2592
f 5429/1/5424 5427/1/5422 5428/1/5423
f 4143/1/4138 5430/1/5425 4144/1/4139
f 5431/1/5426 5433/1/5427 5434/1/5428
f 2555/1/2548 5432/1/5429 2556/1/2549
f 2554/1/2547 5433/1/5427 2555/1/2548
f 5434/1/5428 5435/1/5430 5436/1/5431
f 5437/1/5432 5439/1/5433 5440/1/5434
f 5441/1/5435 5438/1/5436 5437/1/5432
f 5423/1/5420 5442/1/5437 5425/1/5419
f 5422/1/5417 5438/1/5436 5423/1/5420
f 5440/1/5434 5444/1/5438 5437/1/5432
f 5445/1/5439 5443/1/5440 5446/1/5441
f 5447/1/5442 5444/1/5438 5445/1/5439
f 5437/1/5432 5448/1/5443 5441/1/5435
f 5446/1/5441 5450/1/5444 5445/1/5439
f 5451/1/5445 5449/1/5446 5452/1/5447
f 5453/1/5448 5450/1/5444 5451/1/5445
f 5445/1/5439 5454/1/5449 5447/1/5442
f 5452/1/5447 5456/1/5450 5451/1/5445
f 5457/1/5451 5455/1/5452 5458/1/5453
f 5459/1/5454 5456/1/5450 5457/1/5451
f 5451/1/5445 5460/1/5455 5453/1/5448
f 5458/1/5453 5462/1/5456 5457/1/5451
f 5434/1/5428 5461/1/5457 5431/1/5426
f 5436/1/5431 5462/1/5456 5434/1/5428
f 5457/1/5451 5463/1/5458 5459/1/5454
f 5431/1/5426 5465/1/5459 5432/1/5429
f 5466/1/5460 5464/1/5461 5467/1/5462
f 2588/1/2581 5465/1/5459 5466/1/5460
f 5432/1/5429 2585/1/2580 2556/1/2549
f 5468/1/5463 5470/1/5464 5471/1/5465
f 5472/1/5466 5469/1/5467 5473/1/5468
f 5474/1/5469 5470/1/5464 5472/1/5466
f 5471/1/5465 5475/1/5470 5476/1/5471
f 5467/1/5462 5478/1/5472 5466/1/5460
f 5428/1/5423 5477/1/5473 5429/1/5424
f 2547/1/2592 5478/1/5472 5428/1/5423
f 5466/1/5460 2600/1/2591 2588/1/2581
f 5429/1/5424 5479/1/5474 5480/1/5475
f 5481/1/5476 5477/1/5473 5467/1/5462
f 5482/1/5477 5479/1/5474 5481/1/5476
f 5480/1/5475 5483/1/5478 5484/1/5479
f 5467/1/5462 5485/1/5480 5481/1/5476
f 5461/1/5457 5464/1/5461 5431/1/5426
f 5458/1/5453 5485/1/5480 5461/1/5457
f 5481/1/5476 5486/1/5481 5482/1/5477
f 5484/1/5479 5487/1/5482 5488/1/5483
f 5489/1/5484 5483/1/5478 5482/1/5477
f 5468/1/5463 5487/1/5482 5489/1/5484
f 5488/1/5483 5471/1/5465 5476/1/5471
f 5473/1/5468 5490/1/5485 5491/1/5486
f 5492/1/5487 5469/1/5467 5468/1/5463
f 5452/1/5447 5490/1/5485 5492/1/5487
f 5491/1/5486 5449/1/5446 5446/1/5441
f 5492/1/5487 5455/1/5452 5452/1/5447
f 5489/1/5484 5492/1/5487 5468/1/5463
f 5482/1/5477 5493/1/5488 5489/1/5484
f 5486/1/5481 5455/1/5452 5493/1/5488
f 5494/1/5489 5496/1/5490 5497/1/5491
f 5419/1/5416 5495/1/5492 5422/1/5417
f 5193/1/5188 5496/1/5490 5419/1/5416
f 5497/1/5491 5190/1/5187 4570/1/4565
f 5474/1/5469 5499/1/5493 5475/1/5470
f 5500/1/5494 5498/1/5495 5501/1/5496
f 5502/1/5497 5500/1/5494 5503/1/5498
f 5476/1/5471 5499/1/5493 5502/1/5497
f 5504/1/5499 5506/1/5500 5507/1/5501
f 5504/1/5499 5508/1/5502 5509/1/5503
f 4526/1/4521 5505/1/5504 5509/1/5503
f 4523/1/4520 4513/1/4508 5506/1/5500
f 4499/1/4494 5511/1/5505 4512/1/4507
f 5512/1/5506 5510/1/5507 5513/1/5508
f 5506/1/5500 5512/1/5506 5507/1/5501
f 4512/1/4507 5506/1/5500 4513/1/4508
f 3255/1/3248 5514/1/5509 4502/1/4496
f 5515/1/5510 3266/1/3259 3265/1/3258
f 5513/1/5508 5514/1/5509 5515/1/5510
f 4502/1/4496 5510/1/5507 4499/1/4494
f 3265/1/3258 5517/1/5511 5515/1/5510
f 5518/1/5512 5516/1/5513 5519/1/5514
f 5520/1/5515 5517/1/5511 5518/1/5512
f 5515/1/5510 5521/1/5516 5513/1/5508
f 5513/1/5508 5522/1/5517 5512/1/5506
f 5523/1/5518 5521/1/5516 5520/1/5515
f 5524/1/5519 5522/1/5517 5523/1/5518
f 5525/1/5520 5507/1/5501 5512/1/5506
f 5524/1/5519 5527/1/5521 5525/1/5520
f 5528/1/5522 5526/1/5523 5529/1/5524
f 5530/1/5525 5527/1/5521 5528/1/5522
f 5525/1/5520 5531/1/5526 5507/1/5501
f 5532/1/5527 5534/1/5528 5535/1/5529
f 5536/1/5530 5532/1/5527 5501/1/5496
f 5536/1/5530 5528/1/5522 5533/1/5531
f 5529/1/5524 5533/1/5531 5528/1/5522
f 5503/1/5498 5537/1/5532 5538/1/5533
f 5532/1/5527 5500/1/5494 5501/1/5496
f 5535/1/5529 5537/1/5532 5532/1/5527
f 5538/1/5533 5539/1/5534 5540/1/5535
f 4071/1/4065 5542/1/5536 4070/1/4063
f 5543/1/5537 5541/1/5538 5540/1/5535
f 5544/1/5539 5542/1/5536 5543/1/5537
f 4070/1/4063 5545/1/5540 4031/1/4024
f 5546/1/5541 5547/1/5542 5548/1/5543
f 5549/1/5544 5544/1/5539 5543/1/5537
f 5540/1/5535 5546/1/5541 5543/1/5537
f 5547/1/5542 5539/1/5534 5535/1/5529
f 5550/1/5545 5552/1/5546 5553/1/5547
f 5497/1/5491 5551/1/5548 5494/1/5489
f 4570/1/4565 5552/1/5546 5497/1/5491
f 5553/1/5547 4569/1/4564 4561/1/4556
f 5554/1/5549 5495/1/5492 5494/1/5489
f 5556/1/5550 5554/1/5549 5557/1/5551
f 5440/1/5434 5555/1/5552 5556/1/5550
f 5495/1/5492 5439/1/5433 5422/1/5417
f 5446/1/5441 5558/1/5553 5491/1/5486
f 5556/1/5550 5443/1/5440 5440/1/5434
f 5559/1/5554 5556/1/5550 5557/1/5551
f 5491/1/5486 5559/1/5554 5473/1/5468
f 5560/1/5555 5562/1/5556 5563/1/5557
f 5554/1/5549 5561/1/5558 5557/1/5551
f 5494/1/5489 5562/1/5556 5554/1/5549
f 5563/1/5557 5551/1/5548 5550/1/5545
f 5557/1/5551 5565/1/5559 5559/1/5554
f 5566/1/5560 5564/1/5561 5567/1/5562
f 5474/1/5469 5565/1/5559 5566/1/5560
f 5473/1/5468 5565/1/5559 5472/1/5466
f 5530/1/5525 5569/1/5563 5531/1/5526
f 5570/1/5564 5568/1/5565 5567/1/5562
f 5508/1/5502 5569/1/5563 5570/1/5564
f 5507/1/5501 5569/1/5563 5504/1/5499
f 5501/1/5496 5571/1/5566 5536/1/5530
f 5566/1/5560 5498/1/5495 5474/1/5469
f 5567/1/5562 5571/1/5566 5566/1/5560
f 5536/1/5530 5568/1/5565 5530/1/5525
f 5572/1/5567 5509/1/5503 5508/1/5502
f 5573/1/5568 5574/1/5569 5575/1/5570
f 4538/1/4533 5572/1/5567 5573/1/5568
f 5509/1/5503 4535/1/4532 4526/1/4521
f 5575/1/5570 5577/1/5571 5573/1/5568
f 5578/1/5572 5576/1/5573 5579/1/5574
f 4550/1/4544 5577/1/5571 5578/1/5572
f 5573/1/5568 4547/1/4543 4538/1/4533
f 5580/1/5575 5578/1/5572 5579/1/5574
f 5553/1/5547 5581/1/5576 5550/1/5545
f 5580/1/5575 5553/1/5547 4561/1/4556
f 5578/1/5572 4559/1/4555 4550/1/4544
f 5582/1/5577 5584/1/5578 5585/1/5579
f 5579/1/5574 5583/1/5580 5582/1/5577
f 5575/1/5570 5583/1/5580 5576/1/5573
f 5550/1/5545 5586/1/5581 5563/1/5557
f 5582/1/5577 5581/1/5576 5579/1/5574
f 5585/1/5579 5586/1/5581 5582/1/5577
f 5563/1/5557 5587/1/5582 5560/1/5555
f 5560/1/5555 5588/1/5583 5561/1/5558
f 5589/1/5584 5587/1/5582 5585/1/5579
f 5567/1/5562 5588/1/5583 5589/1/5584
f 5561/1/5558 5564/1/5561 5557/1/5551
f 5585/1/5579 5590/1/5585 5589/1/5584
f 5574/1/5569 5584/1/5578 5575/1/5570
f 5570/1/5564 5574/1/5569 5508/1/5502
f 5589/1/5584 5570/1/5564 5567/1/5562
f 3360/1/3353 5592/1/5586 3359/1/3351
f 5593/1/5587 5591/1/5588 5594/1/5589
f 3324/1/3317 5592/1/5586 5593/1/5587
f 3359/1/3351 3321/1/3316 3320/1/3313
f 3400/1/3393 5596/1/5590 3399/1/3391
f 5597/1/5591 5595/1/5592 5598/1/5593
f 5594/1/5589 5596/1/5590 5597/1/5591
f 3399/1/3391 5591/1/5588 3360/1/3353
f 5599/1/5594 5601/1/5595 5602/1/5596
f 5595/1/5592 5600/1/5597 5598/1/5593
f 3400/1/3393 5601/1/5595 5595/1/5592
f 5602/1/5596 4025/1/4021 4024/1/4018
f 5603/1/5598 5605/1/5599 5606/1/5600
f 5602/1/5596 5604/1/5601 5599/1/5594
f 4024/1/4018 5605/1/5599 5602/1/5596
f 5606/1/5600 4033/1/4027 4032/1/4025
f 5607/1/5602 5608/1/5603 5609/1/5604
f 5610/1/5605 5609/1/5604 5548/1/5543
f 5610/1/5605 5547/1/5542 5535/1/5529
f 5534/1/5528 5529/1/5524 5607/1/5602
f 5611/1/5606 5613/1/5607 5614/1/5608
f 5612/1/5609 5608/1/5603 5607/1/5602
f 5613/1/5607 5607/1/5602 5529/1/5524
f 5614/1/5608 5526/1/5523 5524/1/5519
f 5615/1/5610 5617/1/5611 5618/1/5612
f 4028/1/4022 5616/1/5613 4032/1/4025
f 4031/1/4024 5617/1/5611 4028/1/4022
f 5618/1/5612 5545/1/5540 5544/1/5539
f 5608/1/5603 5620/1/5614 5609/1/5604
f 5618/1/5612 5619/1/5615 5615/1/5610
f 5544/1/5539 5620/1/5614 5618/1/5612
f 5609/1/5604 5549/1/5544 5548/1/5543
f 5621/1/5616 5623/1/5617 5624/1/5618
f 5606/1/5600 5622/1/5619 5603/1/5598
f 4032/1/4025 5623/1/5617 5606/1/5600
f 5624/1/5618 5616/1/5613 5615/1/5610
f 5520/1/5515 5626/1/5620 5523/1/5518
f 5627/1/5621 5625/1/5622 5628/1/5623
f 5611/1/5606 5626/1/5620 5627/1/5621
f 5523/1/5518 5614/1/5608 5524/1/5519
f 5629/1/5624 5612/1/5609 5611/1/5606
f 5630/1/5625 5631/1/5626 5632/1/5627
f 5615/1/5610 5629/1/5624 5630/1/5625
f 5619/1/5615 5608/1/5603 5612/1/5609
f 5632/1/5627 5634/1/5628 5630/1/5625
f 5635/1/5629 5634/1/5628 5633/1/5630
f 5624/1/5618 5636/1/5631 5621/1/5616
f 5630/1/5625 5624/1/5618 5615/1/5610
f 5518/1/5512 5625/1/5622 5520/1/5515
f 5638/1/5632 5518/1/5512 5519/1/5514
f 5628/1/5623 5637/1/5633 5638/1/5632
f 5627/1/5621 5631/1/5626 5611/1/5606
f 5628/1/5623 5639/1/5634 5627/1/5621
f 5641/1/5635 5640/1/5636 5642/1/5637
f 5632/1/5627 5639/1/5634 5641/1/5635
f 5633/1/5630 5644/1/5638 5635/1/5629
f 5641/1/5635 5633/1/5630 5632/1/5627
f 5642/1/5637 5643/1/5639 5641/1/5635
f 5644/1/5638 5645/1/5640 5646/1/5641
f 5647/1/5642 5649/1/5643 5650/1/5644
f 3323/1/3315 5648/1/5645 3264/1/3257
f 3324/1/3317 5649/1/5643 3323/1/3315
f 5650/1/5644 5651/1/5646 5652/1/5647
f 3264/1/3257 5653/1/5648 3263/1/3255
f 5654/1/5649 5648/1/5645 5647/1/5642
f 5519/1/5514 5653/1/5648 5654/1/5649
f 3263/1/3255 5516/1/5513 3265/1/3258
f 5519/1/5514 5656/1/5650 5638/1/5632
f 5657/1/5651 5655/1/5652 5658/1/5653
f 5642/1/5637 5656/1/5650 5657/1/5651
f 5638/1/5632 5640/1/5636 5628/1/5623
f 5658/1/5653 5660/1/5654 5657/1/5651
f 5661/1/5655 5659/1/5656 5662/1/5657
f 5646/1/5641 5660/1/5654 5661/1/5655
f 5657/1/5651 5645/1/5640 5642/1/5637
f 5594/1/5589 5664/1/5658 5593/1/5587
f 5665/1/5659 5663/1/5660 5666/1/5661
f 5652/1/5647 5664/1/5658 5665/1/5659
f 5593/1/5587 5651/1/5646 3324/1/3317
f 5647/1/5642 5668/1/5662 5654/1/5649
f 5669/1/5663 5667/1/5664 5670/1/5665
f 5658/1/5653 5668/1/5662 5669/1/5663
f 5654/1/5649 5655/1/5652 5519/1/5514
f 5652/1/5647 5671/1/5666 5650/1/5644
f 5672/1/5667 5665/1/5659 5666/1/5661
f 5670/1/5665 5671/1/5666 5672/1/5667
f 5650/1/5644 5667/1/5664 5647/1/5642
f 5670/1/5665 5674/1/5668 5669/1/5663
f 5675/1/5669 5673/1/5670 5676/1/5671
f 5662/1/5657 5674/1/5668 5675/1/5669
f 5669/1/5663 5659/1/5656 5658/1/5653
f 5666/1/5661 5678/1/5672 5672/1/5667
f 5679/1/5673 5677/1/5674 5680/1/5675
f 5676/1/5671 5678/1/5672 5679/1/5673
f 5672/1/5667 5673/1/5670 5670/1/5665
f 5598/1/5593 5682/1/5676 5597/1/5591
f 5683/1/5677 5681/1/5678 5684/1/5679
f 5666/1/5661 5682/1/5676 5683/1/5677
f 5597/1/5591 5663/1/5660 5594/1/5589
f 5600/1/5597 5681/1/5678 5598/1/5593
f 5686/1/5680 5600/1/5597 5599/1/5594
f 5687/1/5681 5685/1/5682 5686/1/5680
f 5684/1/5679 5685/1/5682 5688/1/5683
f 5684/1/5679 5690/1/5684 5683/1/5677
f 5691/1/5685 5689/1/5686 5692/1/5687
f 5680/1/5675 5690/1/5684 5691/1/5685
f 5683/1/5677 5677/1/5674 5666/1/5661
f 5599/1/5594 5693/1/5688 5686/1/5680
f 5694/1/5689 5604/1/5601 5603/1/5598
f 5695/1/5690 5693/1/5688 5694/1/5689
f 5686/1/5680 5696/1/5691 5687/1/5681
f 5692/1/5687 5697/1/5692 5698/1/5693
f 5688/1/5683 5689/1/5686 5684/1/5679
f 5699/1/5694 5688/1/5683 5687/1/5681
f 5700/1/5695 5697/1/5692 5699/1/5694
f 5603/1/5598 5701/1/5696 5694/1/5689
f 5702/1/5697 5622/1/5619 5621/1/5616
f 5703/1/5698 5701/1/5696 5702/1/5697
f 5694/1/5689 5704/1/5699 5695/1/5690
f 5705/1/5700 5707/1/5701 5708/1/5702
f 5699/1/5694 5706/1/5703 5700/1/5695
f 5687/1/5681 5707/1/5701 5699/1/5694
f 5708/1/5702 5696/1/5691 5695/1/5690
f 5709/1/5704 5711/1/5705 5712/1/5706
f 5702/1/5697 5710/1/5707 5703/1/5698
f 5621/1/5616 5711/1/5705 5702/1/5697
f 5712/1/5706 5636/1/5631 5635/1/5629
f 5713/1/5708 5715/1/5709 5716/1/5710
f 5712/1/5706 5714/1/5711 5709/1/5704
f 5635/1/5629 5715/1/5709 5712/1/5706
f 5646/1/5641 5715/1/5709 5644/1/5638
f 5717/1/5712 5719/1/5713 5720/1/5714
f 5708/1/5702 5718/1/5715 5705/1/5700
f 5695/1/5690 5719/1/5713 5708/1/5702
f 5720/1/5714 5704/1/5699 5703/1/5698
f 5662/1/5657 5722/1/5716 5661/1/5655
f 5723/1/5717 5721/1/5718 5724/1/5719
f 5713/1/5708 5722/1/5716 5723/1/5717
f 5661/1/5655 5716/1/5710 5646/1/5641
f 5725/1/5720 5726/1/5721 5727/1/5722
f 5720/1/5714 5728/1/5723 5717/1/5712
f 5703/1/5698 5725/1/5720 5720/1/5714
f 5726/1/5721 5710/1/5707 5709/1/5704
f 5724/1/5719 5730/1/5724 5723/1/5717
f 5726/1/5721 5729/1/5725 5727/1/5722
f 5709/1/5704 5730/1/5724 5726/1/5721
f 5723/1/5717 5714/1/5711 5713/1/5708
f 5676/1/5671 5732/1/5726 5675/1/5669
f 5733/1/5727 5731/1/5728 5734/1/5729
f 5724/1/5719 5732/1/5726 5733/1/5727
f 5675/1/5669 5721/1/5718 5662/1/5657
f 5680/1/5675 5736/1/5730 5679/1/5673
f 5737/1/5731 5735/1/5732 5738/1/5733
f 5734/1/5729 5736/1/5730 5737/1/5731
f 5679/1/5673 5731/1/5728 5676/1/5671
f 5734/1/5729 5740/1/5734 5733/1/5727
f 5729/1/5725 5739/1/5735 5727/1/5722
f 5733/1/5727 5729/1/5725 5724/1/5719
f 5738/1/5733 5742/1/5736 5737/1/5731
f 5743/1/5737 5741/1/5738 5744/1/5739
f 5727/1/5722 5742/1/5736 5743/1/5737
f 5737/1/5731 5739/1/5735 5734/1/5729
f 5743/1/5737 5728/1/5723 5727/1/5722
f 5744/1/5739 5745/1/5740 5743/1/5737
f 5747/1/5741 5745/1/5740 5746/1/5742
f 5728/1/5723 5748/1/5743 5717/1/5712
f 5749/1/5744 5746/1/5742 5744/1/5739
f 5751/1/5745 5750/1/5746 5749/1/5744
f 5753/1/5747 5750/1/5746 5752/1/5748
f 5746/1/5742 5754/1/5749 5747/1/5741
f 5717/1/5712 5755/1/5750 5718/1/5715
f 5756/1/5751 5748/1/5743 5747/1/5741
f 5757/1/5752 5756/1/5751 5758/1/5753
f 5705/1/5700 5755/1/5750 5757/1/5752
f 5758/1/5753 5760/1/5754 5757/1/5752
f 5761/1/5755 5759/1/5756 5762/1/5757
f 5700/1/5695 5760/1/5754 5761/1/5755
f 5757/1/5752 5706/1/5703 5705/1/5700
f 5763/1/5758 5764/1/5759 5765/1/5760
f 5763/1/5758 5766/1/5761 5751/1/5745
f 5744/1/5739 5763/1/5758 5749/1/5744
f 5764/1/5759 5741/1/5738 5738/1/5733
f 5692/1/5687 5768/1/5762 5691/1/5685
f 5764/1/5759 5767/1/5763 5765/1/5760
f 5738/1/5733 5768/1/5762 5764/1/5759
f 5691/1/5685 5735/1/5732 5680/1/5675
f 5762/1/5757 5770/1/5764 5761/1/5755
f 5765/1/5760 5770/1/5764 5769/1/5765
f 5698/1/5693 5767/1/5763 5692/1/5687
f 5761/1/5755 5698/1/5693 5700/1/5695
f 5771/1/5766 5772/1/5767 5773/1/5768
f 5774/1/5769 5765/1/5760 5769/1/5765
f 5762/1/5757 5771/1/5766 5769/1/5765
f 5772/1/5767 5759/1/5756 5758/1/5753
f 5751/1/5745 5775/1/5770 5752/1/5748
f 5774/1/5769 5766/1/5761 5765/1/5760
f 5775/1/5770 5774/1/5769 5773/1/5768
f 5752/1/5748 5776/1/5771 5753/1/5747
f 5753/1/5747 5777/1/5772 5754/1/5749
f 5776/1/5771 5772/1/5767 5777/1/5772
f 5758/1/5753 5777/1/5772 5772/1/5767
f 5754/1/5749 5756/1/5751 5747/1/5741
f 5778/1/5773 5779/1/5774 5780/1/5775
f 4087/1/4081 5781/1/5776 4088/1/4082
f 4084/1/4078 5778/1/5773 4087/1/4081
f 5779/1/5774 4100/1/4094 4103/1/4096
f 5782/1/5777 4167/1/4162 5783/1/5778
f 5779/1/5774 5783/1/5778 5780/1/5775
f 4161/1/4155 5779/1/5774 4103/1/4096
f 4162/1/4157 5782/1/5777 4161/1/4155
f 4172/1/4167 5784/1/5779 5785/1/5780
f 5786/1/5781 5784/1/5779 5787/1/5782
f 5780/1/5775 5783/1/5778 5785/1/5780
f 4172/1/4167 5783/1/5778 4167/1/4162
f 4048/1/4042 5788/1/5783 4055/1/4048
f 5789/1/5784 4089/1/4083 4088/1/4082
f 5790/1/5785 5788/1/5783 5789/1/5784
f 4055/1/4048 5791/1/5786 4052/1/4046
f 4088/1/4082 5792/1/5787 5789/1/5784
f 5793/1/5788 5781/1/5776 5780/1/5775
f 5794/1/5789 5792/1/5787 5793/1/5788
f 5789/1/5784 5795/1/5790 5790/1/5785
f 5787/1/5782 5797/1/5791 5786/1/5781
f 5793/1/5788 5796/1/5792 5794/1/5789
f 5797/1/5791 5793/1/5788 5780/1/5775
f 4052/1/4046 5798/1/5793 4059/1/4052
f 5799/1/5794 5791/1/5786 5790/1/5785
f 5800/1/5795 5798/1/5793 5799/1/5794
f 4059/1/4052 5801/1/5796 4056/1/4050
f 4171/1/4165 5802/1/5797 5784/1/5779
f 5803/1/5798 4174/1/4171 4173/1/4168
f 5804/1/5799 5802/1/5797 5803/1/5798
f 5805/1/5800 5784/1/5779 5802/1/5797
f 5790/1/5785 5806/1/5801 5799/1/5794
f 5807/1/5802 5795/1/5790 5794/1/5789
f 5808/1/5803 5806/1/5801 5807/1/5802
f 5809/1/5804 5800/1/5795 5799/1/5794
f 5804/1/5799 5811/1/5805 5805/1/5800
f 5807/1/5802 5810/1/5806 5808/1/5803
f 5794/1/5789 5811/1/5805 5807/1/5802
f 5805/1/5800 5796/1/5792 5787/1/5782
f 5812/1/5807 5801/1/5796 5800/1/5795
f 5812/1/5807 5814/1/5808 5815/1/5809
f 4063/1/4057 5813/1/5810 5815/1/5809
f 4060/1/4056 5801/1/5796 5813/1/5810
f 4173/1/4168 5816/1/5811 5803/1/5798
f 5817/1/5812 4178/1/4175 4177/1/4172
f 5818/1/5813 5816/1/5811 5817/1/5812
f 5803/1/5798 5819/1/5814 5804/1/5799
f 5820/1/5815 5809/1/5804 5808/1/5803
f 5822/1/5816 5820/1/5815 5823/1/5817
f 5821/1/5818 5822/1/5816 5814/1/5808
f 5821/1/5818 5812/1/5807 5800/1/5795
f 5804/1/5799 5824/1/5819 5810/1/5806
f 5825/1/5820 5819/1/5814 5818/1/5813
f 5823/1/5817 5824/1/5819 5825/1/5820
f 5808/1/5803 5824/1/5819 5820/1/5815
f 5826/1/5821 5815/1/5809 5814/1/5808
f 5827/1/5822 5828/1/5823 5829/1/5824
f 4065/1/4059 5826/1/5821 5827/1/5822
f 5815/1/5809 4064/1/4058 4063/1/4057
f 5823/1/5817 5831/1/5825 5822/1/5816
f 5832/1/5826 5830/1/5827 5833/1/5828
f 5829/1/5824 5831/1/5825 5832/1/5826
f 5822/1/5816 5828/1/5823 5814/1/5808
f 5834/1/5829 5836/1/5830 5837/1/5831
f 5538/1/5533 5835/1/5832 5503/1/5498
f 5540/1/5535 5836/1/5830 5538/1/5533
f 5837/1/5831 5541/1/5538 4071/1/4065
f 5829/1/5824 5839/1/5833 5827/1/5822
f 5838/1/5834 5834/1/5829 5837/1/5831
f 4071/1/4065 5839/1/5833 5837/1/5831
f 5827/1/5822 4068/1/4064 4065/1/4059
f 5833/1/5828 5841/1/5835 5832/1/5826
f 5842/1/5836 5840/1/5837 5843/1/5838
f 5841/1/5835 5842/1/5836 5834/1/5829
f 5832/1/5826 5838/1/5834 5829/1/5824
f 4177/1/4172 5844/1/5839 5817/1/5812
f 5845/1/5840 4182/1/4179 4181/1/4176
f 5846/1/5841 5844/1/5839 5845/1/5840
f 5817/1/5812 5847/1/5842 5818/1/5813
f 5818/1/5813 5848/1/5843 5825/1/5820
f 5849/1/5844 5847/1/5842 5846/1/5841
f 5833/1/5828 5848/1/5843 5849/1/5844
f 5825/1/5820 5830/1/5827 5823/1/5817
f 5503/1/5498 5850/1/5845 5502/1/5497
f 5851/1/5846 5835/1/5832 5834/1/5829
f 5852/1/5847 5850/1/5845 5851/1/5846
f 5502/1/5497 5853/1/5848 5476/1/5471
f 5484/1/5479 5855/1/5849 5480/1/5475
f 5856/1/5850 5854/1/5851 5857/1/5852
f 4144/1/4139 5855/1/5849 5856/1/5850
f 5480/1/5475 5430/1/5425 5429/1/5424
f 5858/1/5853 5842/1/5836 5843/1/5838
f 5859/1/5854 5860/1/5855 5861/1/5856
f 5861/1/5856 5852/1/5847 5851/1/5846
f 5851/1/5846 5834/1/5829 5842/1/5836
f 5857/1/5852 5862/1/5857 5863/1/5858
f 5488/1/5483 5854/1/5851 5484/1/5479
f 5476/1/5471 5862/1/5857 5488/1/5483
f 5863/1/5858 5853/1/5848 5852/1/5847
f 5861/1/5856 5864/1/5859 5865/1/5860
f 5863/1/5858 5864/1/5859 5857/1/5852
f 5852/1/5847 5865/1/5860 5863/1/5858
f 4181/1/4176 5867/1/5861 5845/1/5840
f 5864/1/5859 5866/1/5862 5857/1/5852
f 5860/1/5855 5867/1/5861 5864/1/5859
f 5845/1/5840 5868/1/5863 5846/1/5841
f 4140/1/4135 5869/1/5864 4184/1/4178
f 5856/1/5850 4145/1/4140 4144/1/4139
f 5857/1/5852 5869/1/5864 5856/1/5850
f 4184/1/4178 5866/1/5862 4181/1/4176
f 5846/1/5841 5870/1/5865 5849/1/5844
f 5859/1/5854 5868/1/5863 5860/1/5855
f 5843/1/5838 5870/1/5865 5859/1/5854
f 5849/1/5844 5840/1/5837 5833/1/5828
f 5871/1/5866 4338/1/4335 4337/1/4332
f 5873/1/5867 5871/1/5866 5874/1/5868
f 2997/1/2990 5872/1/5869 5873/1/5867
f 4338/1/4335 2996/1/2989 1353/1/1351
f 5875/1/5870 5871/1/5866 4337/1/4332
f 4342/1/4339 4341/1/4336 5876/1/5871
f 5877/1/5872 5875/1/5870 5876/1/5871
f 5874/1/5868 5875/1/5870 5878/1/5873
f 5874/1/5868 5879/1/5874 5873/1/5867
f 5880/1/5875 5878/1/5873 5877/1/5872
f 3006/1/3000 5879/1/5874 5880/1/5875
f 5873/1/5867 3005/1/2999 2997/1/2990
f 5881/1/5876 4348/1/4343 4347/1/4342
f 5883/1/5877 5881/1/5876 5884/1/5878
f 5883/1/5877 5876/1/5871 5882/1/5879
f 4341/1/4336 5882/1/5879 5876/1/5871
f 4351/1/4346 5885/1/5880 4352/1/4347
f 5886/1/5881 4382/1/4377 4386/1/4381
f 5884/1/5878 5885/1/5880 5886/1/5881
f 5881/1/5876 4347/1/4342 4352/1/4347
f 4386/1/4381 5888/1/5882 5886/1/5881
f 5887/1/5883 3019/1/3013 3018/1/3012
f 3017/1/3011 5888/1/5882 3018/1/3012
f 5886/1/5881 5889/1/5884 5884/1/5878
f 5890/1/5885 5293/1/5288 5292/1/5287
f 5887/1/5883 5891/1/5886 3019/1/3013
f 4386/1/4381 5890/1/5885 5887/1/5883
f 5293/1/5288 4385/1/4380 4384/1/4379
f 2445/1/2439 5892/1/5887 5351/1/5346
f 5891/1/5886 3023/1/3017 3019/1/3013
f 5292/1/5287 5892/1/5887 5891/1/5886
f 5351/1/5346 5347/1/5344 5346/1/5341
f 5877/1/5872 5893/1/5888 5880/1/5875
f 5884/1/5878 5893/1/5888 5883/1/5877
f 5889/1/5884 3025/1/3019 5893/1/5888
f 5880/1/5875 3025/1/3019 3006/1/3000
f 5894/1/5889 5896/1/5890 5897/1/5891
f 5898/1/5892 5895/1/5893 5899/1/5894
f 5900/1/5895 5896/1/5890 5898/1/5892
f 5897/1/5891 5901/1/5896 5902/1/5897
f 5899/1/5894 5903/1/5898 5904/1/5899
f 5905/1/5900 5895/1/5893 5894/1/5889
f 5906/1/5901 5903/1/5898 5905/1/5900
f 5904/1/5899 5907/1/5902 5908/1/5903
f 5908/1/5903 5909/1/5904 5910/1/5905
f 5911/1/5906 5907/1/5902 5906/1/5901
f 5912/1/5907 5909/1/5904 5911/1/5906
f 5910/1/5905 5913/1/5908 5914/1/5909
f 5914/1/5909 5915/1/5910 5916/1/5911
f 5917/1/5912 5913/1/5908 5912/1/5907
f 5918/1/5913 5915/1/5910 5917/1/5912
f 5916/1/5911 5919/1/5914 5920/1/5915
f 5920/1/5915 5921/1/5916 5922/1/5917
f 5923/1/5918 5919/1/5914 5918/1/5913
f 5924/1/5919 5921/1/5916 5923/1/5918
f 5922/1/5917 5925/1/5920 5926/1/5921
f 5927/1/5922 5929/1/5923 5930/1/5924
f 5926/1/5921 5928/1/5925 5927/1/5922
f 5931/1/5926 5925/1/5920 5924/1/5919
f 5932/1/5927 5928/1/5925 5931/1/5926
f 5933/1/5928 5935/1/5929 5936/1/5930
f 5930/1/5924 5934/1/5931 5933/1/5928
f 5937/1/5932 5929/1/5923 5932/1/5927
f 5938/1/5933 5934/1/5931 5937/1/5932
f 5939/1/5934 5941/1/5935 5942/1/5936
f 5936/1/5930 5940/1/5937 5939/1/5934
f 5943/1/5938 5935/1/5929 5938/1/5933
f 5944/1/5939 5940/1/5937 5943/1/5938
f 5945/1/5940 5947/1/5941 5948/1/5942
f 5942/1/5936 5946/1/5943 5945/1/5940
f 5949/1/5944 5941/1/5935 5944/1/5939
f 5950/1/5945 5946/1/5943 5949/1/5944
f 5951/1/5946 5953/1/5947 5954/1/5948
f 5952/1/5949 5947/1/5941 5953/1/5947
f 5955/1/5950 5947/1/5941 5950/1/5945
f 5954/1/5948 5955/1/5950 5956/1/5951
f 5957/1/5952 5959/1/5953 5960/1/5954
f 5954/1/5948 5958/1/5955 5951/1/5946
f 5956/1/5951 5959/1/5953 5954/1/5948
f 5960/1/5954 5961/1/5956 5962/1/5957
f 5963/1/5958 5965/1/5959 5966/1/5960
f 5960/1/5954 5964/1/5961 5957/1/5952
f 5962/1/5957 5965/1/5959 5960/1/5954
f 5966/1/5960 5967/1/5962 5968/1/5963
f 5969/1/5964 5971/1/5965 5972/1/5966
f 5970/1/5967 5966/1/5960 5971/1/5965
f 5973/1/5968 5966/1/5960 5968/1/5963
f 5972/1/5966 5973/1/5968 5974/1/5969
f 5975/1/5970 5977/1/5971 5978/1/5972
f 5972/1/5966 5976/1/5973 5969/1/5964
f 5974/1/5969 5977/1/5971 5972/1/5966
f 5978/1/5972 5979/1/5974 5980/1/5975
f 5981/1/5976 5983/1/5977 5984/1/5978
f 5985/1/5979 5982/1/5980 5986/1/5981
f 5983/1/5977 5985/1/5979 5987/1/5982
f 5988/1/5983 5989/1/5984 5984/1/5978
f 5987/1/5982 5990/1/5985 5991/1/5986
f 5991/1/5986 5990/1/5985 5992/1/5987
f 5993/1/5988 5994/1/5989 5995/1/5990
f 5988/1/5983 5995/1/5990 5989/1/5984
f 5994/1/5989 5996/1/5991 5997/1/5992
f 5993/1/5988 5992/1/5987 5998/1/5993
f 5999/1/5994 5996/1/5991 5998/1/5993
f 6000/1/5995 6001/1/5996 5997/1/5992
f 6002/1/5997 6004/1/5998 6005/1/5999
f 6006/1/6000 6003/1/6001 6007/1/6002
f 5986/1/5981 6004/1/5998 6006/1/6000
f 6005/1/5999 5982/1/5980 5981/1/5976
f 6007/1/6002 6008/1/6003 6009/1/6004
f 6010/1/6005 6003/1/6001 6002/1/5997
f 5902/1/5897 6008/1/6003 6010/1/6005
f 6009/1/6004 5901/1/5896 5900/1/5895
f 6011/1/6006 6012/1/6007 6013/1/6008
f 6014/1/6009 6015/1/6010 6016/1/6011
f 6017/1/6012 6011/1/6006 6014/1/6009
f 6012/1/6007 6018/1/6013 6019/1/6014
f 6020/1/6015 6021/1/6016 6013/1/6008
f 6012/1/6007 6019/1/6014 6022/1/6017
f 6001/1/5996 6020/1/6015 6022/1/6017
f 6021/1/6016 6000/1/5995 5999/1/5994
f 5980/1/5975 6024/1/6018 5978/1/5972
f 6025/1/6019 6023/1/6020 6026/1/6021
f 6027/1/6022 6024/1/6018 6025/1/6019
f 5978/1/5972 6028/1/6023 5975/1/5970
f 6029/1/6024 6014/1/6009 6016/1/6011
f 6029/1/6024 6027/1/6022 6025/1/6019
f 6026/1/6021 6030/1/6025 6025/1/6019
f 6030/1/6025 6031/1/6026 6017/1/6012
f 6032/1/6027 5995/1/5990 5994/1/5989
f 6033/1/6028 6034/1/6029 6035/1/6030
f 6036/1/6031 6032/1/6027 6033/1/6028
f 6037/1/6032 5995/1/5990 6032/1/6027
f 6038/1/6033 6040/1/6034 6041/1/6035
f 6042/1/6036 6039/1/6037 6043/1/6038
f 6036/1/6031 6040/1/6034 6042/1/6036
f 6041/1/6035 6044/1/6039 6045/1/6040
f 6046/1/6041 6048/1/6042 6049/1/6043
f 6050/1/6044 6047/1/6045 6051/1/6046
f 6052/1/6047 6048/1/6042 6050/1/6044
f 6049/1/6043 6053/1/6048 6054/1/6049
f 6035/1/6030 6055/1/6050 6056/1/6051
f 5997/1/5992 6034/1/6029 5994/1/5989
f 6001/1/5996 6055/1/6050 5997/1/5992
f 6056/1/6051 6057/1/6052 6058/1/6053
f 6019/1/6014 6060/1/6054 6022/1/6017
f 6061/1/6055 6059/1/6056 6062/1/6057
f 6058/1/6053 6060/1/6054 6061/1/6055
f 6022/1/6017 6057/1/6052 6001/1/5996
f 5981/1/5976 6064/1/6058 6005/1/5999
f 6065/1/6059 6063/1/6060 6043/1/6038
f 6066/1/6061 6064/1/6058 6065/1/6059
f 6005/1/5999 6067/1/6062 6002/1/5997
f 5989/1/5984 6068/1/6063 5984/1/5978
f 6042/1/6036 6037/1/6032 6036/1/6031
f 6043/1/6038 6068/1/6063 6042/1/6036
f 5984/1/5978 6063/1/6060 5981/1/5976
f 6002/1/5997 6069/1/6064 6010/1/6005
f 6070/1/6065 6067/1/6062 6066/1/6061
f 6071/1/6066 6069/1/6064 6070/1/6065
f 6010/1/6005 6072/1/6067 5902/1/5897
f 6073/1/6068 6075/1/6069 6076/1/6070
f 6062/1/6057 6074/1/6071 6073/1/6068
f 6019/1/6014 6074/1/6071 6059/1/6056
f 6075/1/6069 6018/1/6013 6017/1/6012
f 6046/1/6041 6078/1/6072 6079/1/6073
f 6077/1/6074 6076/1/6070 6075/1/6069
f 6078/1/6072 6075/1/6069 6017/1/6012
f 6079/1/6073 6031/1/6026 6026/1/6021
f 5902/1/5897 6080/1/6075 5897/1/5891
f 6081/1/6076 6072/1/6067 6071/1/6066
f 6082/1/6077 6080/1/6075 6081/1/6076
f 5897/1/5891 6083/1/6078 5894/1/5889
f 5894/1/5889 6084/1/6079 5905/1/5900
f 6085/1/6080 6083/1/6078 6082/1/6077
f 6086/1/6081 6084/1/6079 6085/1/6080
f 5905/1/5900 6087/1/6082 5906/1/5901
f 5906/1/5901 6088/1/6083 5911/1/5906
f 6089/1/6084 6087/1/6082 6086/1/6081
f 6090/1/6085 6088/1/6083 6089/1/6084
f 5911/1/5906 6091/1/6086 5912/1/5907
f 5912/1/5907 6092/1/6087 5917/1/5912
f 6093/1/6088 6091/1/6086 6090/1/6085
f 6094/1/6089 6092/1/6087 6093/1/6088
f 5917/1/5912 6095/1/6090 5918/1/5913
f 6090/1/6085 6097/1/6091 6093/1/6088
f 6098/1/6092 6096/1/6093 6099/1/6094
f 6100/1/6095 6097/1/6091 6098/1/6092
f 6093/1/6088 6101/1/6096 6094/1/6089
f 6102/1/6097 6095/1/6090 6094/1/6089
f 6104/1/6098 6103/1/6099 6102/1/6097
f 5923/1/5918 6105/1/6100 5924/1/5919
f 5918/1/5913 6103/1/6099 5923/1/5918
f 6094/1/6089 6106/1/6101 6102/1/6097
f 6107/1/6102 6101/1/6096 6100/1/6095
f 6108/1/6103 6106/1/6101 6107/1/6102
f 6102/1/6097 6109/1/6104 6104/1/6098
f 6110/1/6105 6105/1/6100 6104/1/6098
f 6112/1/6106 6111/1/6107 6110/1/6105
f 5931/1/5926 6113/1/6108 5932/1/5927
f 5924/1/5919 6111/1/6107 5931/1/5926
f 6110/1/6105 6115/1/6109 6112/1/6106
f 6104/1/6098 6114/1/6110 6110/1/6105
f 6116/1/6111 6109/1/6104 6108/1/6103
f 6117/1/6112 6114/1/6110 6116/1/6111
f 6118/1/6113 6113/1/6108 6112/1/6106
f 6120/1/6114 6119/1/6115 6118/1/6113
f 5937/1/5932 6121/1/6116 5938/1/5933
f 5932/1/5927 6119/1/6115 5937/1/5932
f 6118/1/6113 6123/1/6117 6120/1/6114
f 6112/1/6106 6122/1/6118 6118/1/6113
f 6124/1/6119 6115/1/6109 6117/1/6112
f 6125/1/6120 6122/1/6118 6124/1/6119
f 6126/1/6121 6121/1/6116 6120/1/6114
f 6128/1/6122 6127/1/6123 6126/1/6121
f 5943/1/5938 6129/1/6124 5944/1/5939
f 5938/1/5933 6127/1/6123 5943/1/5938
f 6126/1/6121 6131/1/6125 6128/1/6122
f 6120/1/6114 6130/1/6126 6126/1/6121
f 6132/1/6127 6123/1/6117 6125/1/6120
f 6133/1/6128 6130/1/6126 6132/1/6127
f 6134/1/6129 6129/1/6124 6128/1/6122
f 6136/1/6130 6135/1/6131 6134/1/6129
f 5949/1/5944 6137/1/6132 5950/1/5945
f 5944/1/5939 6135/1/6131 5949/1/5944
f 6128/1/6122 6138/1/6133 6134/1/6129
f 6139/1/6134 6131/1/6125 6133/1/6128
f 6140/1/6135 6138/1/6133 6139/1/6134
f 6134/1/6129 6141/1/6136 6136/1/6130
f 6142/1/6137 6137/1/6132 6136/1/6130
f 6144/1/6138 6143/1/6139 6142/1/6137
f 5955/1/5950 6145/1/6140 5956/1/5951
f 5950/1/5945 6143/1/6139 5955/1/5950
f 6136/1/6130 6146/1/6141 6142/1/6137
f 6147/1/6142 6141/1/6136 6140/1/6135
f 6148/1/6143 6146/1/6141 6147/1/6142
f 6142/1/6137 6149/1/6144 6144/1/6138
f 6150/1/6145 6145/1/6140 6144/1/6138
f 6152/1/6146 6150/1/6145 6153/1/6147
f 5962/1/5957 6151/1/6148 6152/1/6146
f 6145/1/6140 5961/1/5956 5956/1/5951
f 6153/1/6147 6154/1/6149 6155/1/6150
f 6144/1/6138 6154/1/6149 6150/1/6145
f 6156/1/6151 6149/1/6144 6148/1/6143
f 6157/1/6152 6154/1/6149 6156/1/6151
f 6153/1/6147 6159/1/6153 6152/1/6146
f 6160/1/6154 6158/1/6155 6161/1/6156
f 5968/1/5963 6159/1/6153 6160/1/6154
f 6152/1/6146 5967/1/5962 5962/1/5957
f 6161/1/6156 6162/1/6157 6163/1/6158
f 6155/1/6150 6158/1/6155 6153/1/6147
f 6164/1/6159 6155/1/6150 6157/1/6152
f 6163/1/6158 6164/1/6159 6165/1/6160
f 6161/1/6156 6167/1/6161 6160/1/6154
f 6168/1/6162 6166/1/6163 6169/1/6164
f 5974/1/5969 6167/1/6161 6168/1/6162
f 5968/1/5963 6167/1/6161 5973/1/5968
f 6169/1/6164 6170/1/6165 6171/1/6166
f 6163/1/6158 6166/1/6163 6161/1/6156
f 6165/1/6160 6170/1/6165 6163/1/6158
f 6171/1/6166 6172/1/6167 6173/1/6168
f 6169/1/6164 6175/1/6169 6168/1/6162
f 6176/1/6170 6174/1/6171 6051/1/6046
f 5980/1/5975 6175/1/6169 6176/1/6170
f 6168/1/6162 5979/1/5974 5974/1/5969
f 6051/1/6046 6177/1/6172 6050/1/6044
f 6171/1/6166 6174/1/6171 6169/1/6164
f 6173/1/6168 6177/1/6172 6171/1/6166
f 6050/1/6044 6178/1/6173 6052/1/6047
f 6051/1/6046 6179/1/6174 6176/1/6170
f 6079/1/6073 6047/1/6045 6046/1/6041
f 6026/1/6021 6179/1/6174 6079/1/6073
f 6176/1/6170 6023/1/6020 5980/1/5975
f 5908/1/5903 6181/1/6175 5904/1/5899
f 6182/1/6176 6180/1/6177 6183/1/6178
f 6184/1/6179 6181/1/6175 6182/1/6176
f 5904/1/5899 6185/1/6180 5899/1/5894
f 5914/1/5909 6187/1/6181 5910/1/5905
f 6188/1/6182 6186/1/6183 6189/1/6184
f 6183/1/6178 6187/1/6181 6188/1/6182
f 5910/1/5905 6180/1/6177 5908/1/5903
f 5920/1/5915 6191/1/6185 5916/1/5911
f 6192/1/6186 6190/1/6187 6193/1/6188
f 6189/1/6184 6191/1/6185 6192/1/6186
f 5916/1/5911 6186/1/6183 5914/1/5909
f 5926/1/5921 6195/1/6189 5922/1/5917
f 6196/1/6190 6194/1/6191 6197/1/6192
f 6193/1/6188 6195/1/6189 6196/1/6190
f 5922/1/5917 6190/1/6187 5920/1/5915
f 5930/1/5924 6199/1/6193 5927/1/5922
f 6200/1/6194 6198/1/6195 6201/1/6196
f 6197/1/6192 6199/1/6193 6200/1/6194
f 5927/1/5922 6194/1/6191 5926/1/5921
f 5933/1/5928 6198/1/6195 5930/1/5924
f 5936/1/5930 6202/1/6197 5933/1/5928
f 6204/1/6198 6203/1/6199 6205/1/6200
f 6201/1/6196 6202/1/6197 6204/1/6198
f 5939/1/5934 6203/1/6199 5936/1/5930
f 5942/1/5936 6206/1/6201 5939/1/5934
f 6208/1/6202 6207/1/6203 6209/1/6204
f 6205/1/6200 6206/1/6201 6208/1/6202
f 5945/1/5940 6207/1/6203 5942/1/5936
f 5948/1/5942 6210/1/6205 5945/1/5940
f 6211/1/6206 6213/1/6207 6210/1/6205
f 6209/1/6204 6210/1/6205 6213/1/6207
f 5948/1/5942 6214/1/6208 6211/1/6206
f 6215/1/6209 5952/1/5949 5951/1/5946
f 6216/1/6210 6214/1/6208 6215/1/6209
f 6211/1/6206 6217/1/6211 6212/1/6212
f 5951/1/5946 6218/1/6213 6215/1/6209
f 6219/1/6214 5958/1/5955 5957/1/5952
f 6220/1/6215 6218/1/6213 6219/1/6214
f 6215/1/6209 6221/1/6216 6216/1/6210
f 5957/1/5952 6222/1/6217 6219/1/6214
f 6223/1/6218 5964/1/5961 5963/1/5958
f 6224/1/6219 6222/1/6217 6223/1/6218
f 6219/1/6214 6225/1/6220 6220/1/6215
f 5963/1/5958 6226/1/6221 6223/1/6218
f 6227/1/6222 5970/1/5967 5969/1/5964
f 6228/1/6223 6226/1/6221 6227/1/6222
f 6223/1/6218 6229/1/6224 6224/1/6219
f 5969/1/5964 6230/1/6225 6227/1/6222
f 6231/1/6226 5976/1/5973 5975/1/5970
f 6232/1/6227 6230/1/6225 6231/1/6226
f 6227/1/6222 6233/1/6228 6228/1/6223
f 5975/1/5970 6234/1/6229 6231/1/6226
f 6235/1/6230 6028/1/6023 6027/1/6022
f 6236/1/6231 6234/1/6229 6235/1/6230
f 6231/1/6226 6237/1/6232 6232/1/6227
f 6238/1/6233 6240/1/6234 6241/1/6235
f 6239/1/6236 6236/1/6231 6235/1/6230
f 6240/1/6234 6235/1/6230 6027/1/6022
f 6016/1/6011 6241/1/6235 6240/1/6234
f 6016/1/6011 6242/1/6237 6241/1/6235
f 6015/1/6010 6013/1/6008 6243/1/6238
f 6244/1/6239 6243/1/6238 6245/1/6240
f 6244/1/6239 6238/1/6233 6241/1/6235
f 5999/1/5994 6247/1/6241 6021/1/6016
f 6248/1/6242 6246/1/6243 6249/1/6244
f 6245/1/6240 6247/1/6241 6248/1/6242
f 6021/1/6016 6243/1/6238 6013/1/6008
f 6249/1/6244 6250/1/6245 6251/1/6246
f 5998/1/5993 6246/1/6243 5999/1/5994
f 5992/1/5987 6250/1/6245 5998/1/5993
f 6251/1/6246 6252/1/6247 6253/1/6248
f 6007/1/6002 6255/1/6249 6006/1/6000
f 6256/1/6250 6254/1/6251 6257/1/6252
f 6258/1/6253 6255/1/6249 6256/1/6250
f 6006/1/6000 6259/1/6254 5986/1/5981
f 5900/1/5895 6261/1/6255 6009/1/6004
f 6262/1/6256 6260/1/6257 6263/1/6258
f 6257/1/6252 6261/1/6255 6262/1/6256
f 6009/1/6004 6254/1/6251 6007/1/6002
f 6263/1/6258 6264/1/6259 6265/1/6260
f 5898/1/5892 6260/1/6257 5900/1/5895
f 5899/1/5894 6264/1/6259 5898/1/5892
f 6265/1/6260 6185/1/6180 6184/1/6179
f 5986/1/5981 6266/1/6261 5985/1/5979
f 6267/1/6262 6259/1/6254 6258/1/6253
f 6268/1/6263 6266/1/6261 6267/1/6262
f 5985/1/5979 6269/1/6264 5987/1/5982
f 5987/1/5982 6270/1/6265 5990/1/5985
f 6271/1/6266 6269/1/6264 6268/1/6263
f 6253/1/6248 6270/1/6265 6271/1/6266
f 6252/1/6247 5992/1/5987 5990/1/5985
f 6184/1/6179 6273/1/6267 6265/1/6260
f 6274/1/6268 6272/1/6269 6275/1/6270
f 6276/1/6271 6273/1/6267 6274/1/6268
f 6265/1/6260 6277/1/6272 6263/1/6258
f 6278/1/6273 6280/1/6274 6281/1/6275
f 6282/1/6276 6279/1/6277 6283/1/6278
f 6284/1/6279 6280/1/6274 6282/1/6276
f 6281/1/6275 6285/1/6280 6286/1/6281
f 6258/1/6253 6288/1/6282 6267/1/6262
f 6289/1/6283 6287/1/6284 6290/1/6285
f 6291/1/6286 6288/1/6282 6289/1/6283
f 6267/1/6262 6292/1/6287 6268/1/6263
f 6293/1/6288 6295/1/6289 6296/1/6290
f 6297/1/6291 6294/1/6292 6275/1/6270
f 6298/1/6293 6295/1/6289 6297/1/6291
f 6296/1/6290 6299/1/6294 6300/1/6295
f 6301/1/6296 6303/1/6297 6304/1/6298
f 6274/1/6268 6302/1/6299 6276/1/6271
f 6275/1/6270 6303/1/6297 6274/1/6268
f 6304/1/6298 6294/1/6292 6293/1/6288
f 6275/1/6270 6305/1/6300 6297/1/6291
f 6182/1/6176 6272/1/6269 6184/1/6179
f 6183/1/6178 6305/1/6300 6182/1/6176
f 6297/1/6291 6306/1/6301 6298/1/6293
f 6300/1/6295 6307/1/6302 6308/1/6303
f 6309/1/6304 6299/1/6294 6298/1/6293
f 6310/1/6305 6307/1/6302 6309/1/6304
f 6308/1/6303 6311/1/6306 6312/1/6307
f 6298/1/6293 6313/1/6308 6309/1/6304
f 6188/1/6182 6306/1/6301 6183/1/6178
f 6189/1/6184 6313/1/6308 6188/1/6182
f 6309/1/6304 6314/1/6309 6310/1/6305
f 6312/1/6307 6315/1/6310 6316/1/6311
f 6317/1/6312 6311/1/6306 6310/1/6305
f 6318/1/6313 6315/1/6310 6317/1/6312
f 6316/1/6311 6319/1/6314 6320/1/6315
f 6310/1/6305 6321/1/6316 6317/1/6312
f 6192/1/6186 6314/1/6309 6189/1/6184
f 6193/1/6188 6321/1/6316 6192/1/6186
f 6317/1/6312 6322/1/6317 6318/1/6313
f 6320/1/6315 6323/1/6318 6324/1/6319
f 6325/1/6320 6319/1/6314 6318/1/6313
f 6326/1/6321 6323/1/6318 6325/1/6320
f 6324/1/6319 6327/1/6322 6328/1/6323
f 6318/1/6313 6329/1/6324 6325/1/6320
f 6196/1/6190 6322/1/6317 6193/1/6188
f 6197/1/6192 6329/1/6324 6196/1/6190
f 6325/1/6320 6330/1/6325 6326/1/6321
f 6331/1/6326 6327/1/6322 6326/1/6321
f 6333/1/6327 6332/1/6328 6331/1/6326
f 6335/1/6329 6334/1/6330 6336/1/6331
f 6328/1/6323 6332/1/6328 6335/1/6329
f 6331/1/6326 6338/1/6332 6333/1/6327
f 6326/1/6321 6337/1/6333 6331/1/6326
f 6200/1/6194 6330/1/6325 6197/1/6192
f 6201/1/6196 6337/1/6333 6200/1/6194
f 6339/1/6334 6334/1/6330 6333/1/6327
f 6341/1/6335 6340/1/6336 6339/1/6334
f 6343/1/6337 6340/1/6336 6342/1/6338
f 6336/1/6331 6340/1/6336 6344/1/6339
f 6339/1/6334 6346/1/6340 6341/1/6335
f 6333/1/6327 6345/1/6341 6339/1/6334
f 6204/1/6198 6338/1/6332 6201/1/6196
f 6205/1/6200 6345/1/6341 6204/1/6198
f 6341/1/6335 6348/1/6342 6342/1/6338
f 6349/1/6343 6347/1/6344 6350/1/6345
f 6351/1/6346 6348/1/6342 6349/1/6343
f 6342/1/6338 6352/1/6347 6343/1/6337
f 6347/1/6344 6354/1/6348 6350/1/6345
f 6341/1/6335 6353/1/6349 6347/1/6344
f 6208/1/6202 6346/1/6340 6205/1/6200
f 6209/1/6204 6353/1/6349 6208/1/6202
f 6350/1/6345 6356/1/6350 6349/1/6343
f 6357/1/6351 6355/1/6352 6358/1/6353
f 6359/1/6354 6356/1/6350 6357/1/6351
f 6349/1/6343 6360/1/6355 6351/1/6346
f 6358/1/6353 6361/1/6356 6362/1/6357
f 6354/1/6348 6355/1/6352 6350/1/6345
f 6213/1/6207 6354/1/6348 6209/1/6204
f 6212/1/6212 6361/1/6356 6213/1/6207
f 6358/1/6353 6364/1/6358 6357/1/6351
f 6365/1/6359 6363/1/6360 6366/1/6361
f 6367/1/6362 6364/1/6358 6365/1/6359
f 6357/1/6351 6368/1/6363 6359/1/6354
f 6366/1/6361 6369/1/6364 6370/1/6365
f 6362/1/6357 6363/1/6360 6358/1/6353
f 6212/1/6212 6369/1/6364 6362/1/6357
f 6370/1/6365 6217/1/6211 6216/1/6210
f 6366/1/6361 6372/1/6366 6365/1/6359
f 6373/1/6367 6371/1/6368 6374/1/6369
f 6375/1/6370 6372/1/6366 6373/1/6367
f 6365/1/6359 6376/1/6371 6367/1/6362
f 6374/1/6369 6377/1/6372 6378/1/6373
f 6370/1/6365 6371/1/6368 6366/1/6361
f 6216/1/6210 6377/1/6372 6370/1/6365
f 6378/1/6373 6221/1/6216 6220/1/6215
f 6374/1/6369 6380/1/6374 6373/1/6367
f 6381/1/6375 6379/1/6376 6382/1/6377
f 6383/1/6378 6380/1/6374 6381/1/6375
f 6373/1/6367 6384/1/6379 6375/1/6370
f 6382/1/6377 6385/1/6380 6386/1/6381
f 6378/1/6373 6379/1/6376 6374/1/6369
f 6220/1/6215 6385/1/6380 6378/1/6373
f 6386/1/6381 6225/1/6220 6224/1/6219
f 6382/1/6377 6388/1/6382 6381/1/6375
f 6389/1/6383 6387/1/6384 6390/1/6385
f 6391/1/6386 6388/1/6382 6389/1/6383
f 6381/1/6375 6392/1/6387 6383/1/6378
f 6390/1/6385 6393/1/6388 6394/1/6389
f 6386/1/6381 6387/1/6384 6382/1/6377
f 6224/1/6219 6393/1/6388 6386/1/6381
f 6394/1/6389 6229/1/6224 6228/1/6223
f 6390/1/6385 6396/1/6390 6389/1/6383
f 6397/1/6391 6395/1/6392 6398/1/6393
f 6399/1/6394 6396/1/6390 6397/1/6391
f 6389/1/6383 6400/1/6395 6391/1/6386
f 6398/1/6393 6401/1/6396 6402/1/6397
f 6394/1/6389 6395/1/6392 6390/1/6385
f 6228/1/6223 6401/1/6396 6394/1/6389
f 6402/1/6397 6233/1/6228 6232/1/6227
f 6398/1/6393 6404/1/6398 6397/1/6391
f 6405/1/6399 6403/1/6400 6406/1/6401
f 6407/1/6402 6404/1/6398 6405/1/6399
f 6397/1/6391 6408/1/6403 6399/1/6394
f 6406/1/6401 6409/1/6404 6410/1/6405
f 6402/1/6397 6403/1/6400 6398/1/6393
f 6232/1/6227 6409/1/6404 6402/1/6397
f 6410/1/6405 6237/1/6232 6236/1/6231
f 6406/1/6401 6412/1/6406 6405/1/6399
f 6281/1/6275 6411/1/6407 6278/1/6273
f 6286/1/6281 6412/1/6406 6281/1/6275
f 6405/1/6399 6413/1/6408 6407/1/6402
f 6278/1/6273 6414/1/6409 6415/1/6410
f 6410/1/6405 6411/1/6407 6406/1/6401
f 6236/1/6231 6414/1/6409 6410/1/6405
f 6415/1/6410 6239/1/6236 6238/1/6233
f 6283/1/6278 6417/1/6411 6282/1/6276
f 6416/1/6412 6419/1/6413 6417/1/6411
f 6420/1/6414 6417/1/6411 6419/1/6413
f 6282/1/6276 6421/1/6415 6284/1/6279
f 6238/1/6233 6422/1/6416 6415/1/6410
f 6423/1/6417 6244/1/6239 6245/1/6240
f 6283/1/6278 6422/1/6416 6423/1/6417
f 6415/1/6410 6279/1/6277 6278/1/6273
f 6423/1/6417 6416/1/6412 6283/1/6278
f 6248/1/6242 6423/1/6417 6245/1/6240
f 6249/1/6244 6424/1/6418 6248/1/6242
f 6416/1/6412 6425/1/6419 6418/1/6420
f 6419/1/6413 6427/1/6421 6420/1/6414
f 6428/1/6422 6419/1/6413 6418/1/6420
f 6429/1/6423 6426/1/6424 6428/1/6422
f 6431/1/6425 6426/1/6424 6430/1/6426
f 6418/1/6420 6432/1/6427 6428/1/6422
f 6251/1/6246 6425/1/6419 6249/1/6244
f 6253/1/6248 6432/1/6427 6251/1/6246
f 6428/1/6422 6433/1/6428 6429/1/6423
f 6434/1/6429 6436/1/6430 6437/1/6431
f 6438/1/6432 6435/1/6433 6290/1/6285
f 6439/1/6434 6436/1/6430 6438/1/6432
f 6437/1/6431 6440/1/6435 6441/1/6436
f 6442/1/6437 6444/1/6438 6445/1/6439
f 6289/1/6283 6444/1/6438 6291/1/6286
f 6290/1/6285 6445/1/6439 6289/1/6283
f 6442/1/6437 6435/1/6433 6434/1/6429
f 6290/1/6285 6446/1/6440 6438/1/6432
f 6256/1/6250 6287/1/6284 6258/1/6253
f 6257/1/6252 6446/1/6440 6256/1/6250
f 6438/1/6432 6447/1/6441 6439/1/6434
f 6441/1/6436 6448/1/6442 6449/1/6443
f 6450/1/6444 6440/1/6435 6439/1/6434
f 6276/1/6271 6448/1/6442 6450/1/6444
f 6449/1/6443 6302/1/6299 6301/1/6296
f 6439/1/6434 6451/1/6445 6450/1/6444
f 6262/1/6256 6447/1/6441 6257/1/6252
f 6263/1/6258 6451/1/6445 6262/1/6256
f 6450/1/6444 6277/1/6272 6276/1/6271
f 6430/1/6426 6453/1/6446 6431/1/6425
f 6454/1/6447 6430/1/6426 6429/1/6423
f 6291/1/6286 6452/1/6448 6454/1/6447
f 6443/1/6449 6452/1/6448 6444/1/6438
f 6268/1/6263 6455/1/6450 6271/1/6266
f 6454/1/6447 6292/1/6287 6291/1/6286
f 6429/1/6423 6455/1/6450 6454/1/6447
f 6271/1/6266 6433/1/6428 6253/1/6248
f 6456/1/6451 6033/1/6028 6035/1/6030
f 6457/1/6452 6458/1/6453 6459/1/6454
f 6045/1/6040 6456/1/6451 6457/1/6452
f 6033/1/6028 6044/1/6039 6036/1/6031
f 6460/1/6455 6461/1/6456 6462/1/6457
f 6463/1/6458 6462/1/6457 6464/1/6459
f 6035/1/6030 6465/1/6460 6458/1/6453
f 6466/1/6461 6056/1/6051 6058/1/6053
f 6467/1/6462 6465/1/6460 6466/1/6461
f 6458/1/6453 6468/1/6463 6459/1/6454
f 6467/1/6462 6470/1/6464 6468/1/6463
f 6469/1/6465 6464/1/6459 6462/1/6457
f 6461/1/6456 6470/1/6464 6462/1/6457
f 6459/1/6454 6470/1/6464 6471/1/6466
f 6472/1/6467 6474/1/6468 6475/1/6469
f 6065/1/6059 6473/1/6470 6066/1/6061
f 6043/1/6038 6474/1/6468 6065/1/6059
f 6475/1/6469 6039/1/6037 6038/1/6033
f 6062/1/6057 6477/1/6471 6061/1/6055
f 6478/1/6472 6476/1/6473 6479/1/6474
f 6467/1/6462 6477/1/6471 6478/1/6472
f 6061/1/6055 6466/1/6461 6058/1/6053
f 6480/1/6475 6478/1/6472 6479/1/6474
f 6481/1/6476 6482/1/6477 6483/1/6478
f 6464/1/6459 6480/1/6475 6481/1/6476
f 6469/1/6465 6467/1/6462 6478/1/6472
f 6484/1/6479 6486/1/6480 6483/1/6478
f 6487/1/6481 6485/1/6482 6484/1/6479
f 6481/1/6476 6490/1/6483 6464/1/6459
f 6483/1/6478 6489/1/6484 6481/1/6476
f 6076/1/6070 6492/1/6485 6073/1/6068
f 6493/1/6486 6491/1/6487 6494/1/6488
f 6479/1/6474 6492/1/6485 6493/1/6486
f 6073/1/6068 6476/1/6473 6062/1/6057
f 6495/1/6489 6493/1/6486 6494/1/6488
f 6484/1/6479 6496/1/6490 6487/1/6481
f 6483/1/6478 6495/1/6489 6484/1/6479
f 6493/1/6486 6482/1/6477 6479/1/6474
f 6054/1/6049 6498/1/6491 6049/1/6043
f 6491/1/6487 6497/1/6492 6494/1/6488
f 6076/1/6070 6498/1/6491 6491/1/6487
f 6049/1/6043 6077/1/6074 6046/1/6041
f 6499/1/6493 6501/1/6494 6502/1/6495
f 6503/1/6496 6500/1/6497 6504/1/6498
f 6505/1/6499 6501/1/6494 6503/1/6496
f 6502/1/6495 6506/1/6500 6507/1/6501
f 6045/1/6040 6509/1/6502 6041/1/6035
f 6502/1/6495 6508/1/6503 6499/1/6493
f 6507/1/6501 6509/1/6502 6502/1/6495
f 6041/1/6035 6510/1/6504 6038/1/6033
f 6504/1/6498 6511/1/6505 6512/1/6506
f 6513/1/6507 6500/1/6497 6499/1/6493
f 6461/1/6456 6511/1/6505 6513/1/6507
f 6512/1/6506 6460/1/6455 6514/1/6508
f 6515/1/6509 6457/1/6452 6459/1/6454
f 6471/1/6466 6461/1/6456 6513/1/6507
f 6499/1/6493 6515/1/6509 6513/1/6507
f 6457/1/6452 6508/1/6503 6045/1/6040
f 6516/1/6510 6488/1/6511 6487/1/6481
f 6517/1/6512 6518/1/6513 6519/1/6514
f 6519/1/6514 6520/1/6515 6521/1/6516
f 6496/1/6490 6518/1/6513 6487/1/6481
f 6520/1/6515 6496/1/6490 6494/1/6488
f 6521/1/6516 6497/1/6492 6054/1/6049
f 6519/1/6514 6523/1/6517 6517/1/6512
f 6524/1/6518 6522/1/6519 6525/1/6520
f 6526/1/6521 6523/1/6517 6524/1/6518
f 6528/1/6522 6530/1/6523 6531/1/6524
f 6532/1/6525 6528/1/6522 6525/1/6520
f 6052/1/6047 6529/1/6526 6532/1/6525
f 6530/1/6523 6178/1/6173 6173/1/6168
f 6525/1/6520 6533/1/6527 6532/1/6525
f 6521/1/6516 6522/1/6519 6519/1/6514
f 6054/1/6049 6533/1/6527 6521/1/6516
f 6532/1/6525 6053/1/6048 6052/1/6047
f 6534/1/6528 6536/1/6529 6537/1/6530
f 6534/1/6528 6537/1/6530 6538/1/6531
f 6525/1/6520 6539/1/6532 6524/1/6518
f 6539/1/6532 6528/1/6522 6531/1/6524
f 6535/1/6533 6540/1/6534 6536/1/6529
f 6535/1/6533 6526/1/6521 6524/1/6518
f 6541/1/6535 6542/1/6536 6543/1/6537
f 6544/1/6538 6545/1/6539 6546/1/6540
f 6546/1/6540 6547/1/6541 6548/1/6542
f 6548/1/6542 6549/1/6543 6542/1/6536
f 6536/1/6529 6551/1/6544 6537/1/6530
f 6546/1/6540 6550/1/6545 6547/1/6541
f 6545/1/6539 6551/1/6544 6546/1/6540
f 6537/1/6530 6552/1/6546 6538/1/6531
f 6553/1/6547 6540/1/6534 6531/1/6524
f 6555/1/6548 6554/1/6549 6553/1/6547
f 6550/1/6545 6556/1/6550 6547/1/6541
f 6536/1/6529 6554/1/6549 6550/1/6545
f 6157/1/6152 6558/1/6551 6164/1/6159
f 6559/1/6552 6557/1/6553 6560/1/6554
f 6555/1/6548 6558/1/6551 6559/1/6552
f 6164/1/6159 6561/1/6555 6165/1/6160
f 6553/1/6547 6561/1/6555 6555/1/6548
f 6531/1/6524 6562/1/6556 6553/1/6547
f 6172/1/6167 6530/1/6523 6173/1/6168
f 6165/1/6160 6562/1/6556 6172/1/6167
f 6563/1/6557 6565/1/6558 6566/1/6559
f 6567/1/6560 6564/1/6561 6568/1/6562
f 6565/1/6558 6567/1/6560 6549/1/6543
f 6566/1/6559 6548/1/6542 6547/1/6541
f 6560/1/6554 6570/1/6563 6559/1/6552
f 6566/1/6559 6569/1/6564 6563/1/6557
f 6547/1/6541 6570/1/6563 6566/1/6559
f 6559/1/6552 6556/1/6550 6555/1/6548
f 6148/1/6143 6572/1/6565 6156/1/6151
f 6573/1/6566 6571/1/6567 6574/1/6568
f 6560/1/6554 6572/1/6565 6573/1/6566
f 6156/1/6151 6557/1/6553 6157/1/6152
f 6575/1/6569 6577/1/6570 6578/1/6571
f 6579/1/6572 6576/1/6573 6580/1/6574
f 6568/1/6562 6577/1/6570 6579/1/6572
f 6564/1/6561 6563/1/6557 6578/1/6571
f 6574/1/6568 6582/1/6575 6573/1/6566
f 6581/1/6576 6575/1/6569 6578/1/6571
f 6563/1/6557 6582/1/6575 6578/1/6571
f 6573/1/6566 6569/1/6564 6560/1/6554
f 6140/1/6135 6584/1/6577 6147/1/6142
f 6583/1/6578 6585/1/6579 6586/1/6580
f 6574/1/6568 6584/1/6577 6586/1/6580
f 6147/1/6142 6571/1/6567 6148/1/6143
f 6587/1/6581 6588/1/6582 6589/1/6583
f 6590/1/6584 6591/1/6585 6592/1/6586
f 6580/1/6574 6587/1/6581 6590/1/6584
f 6588/1/6582 6576/1/6573 6575/1/6569
f 6585/1/6579 6594/1/6587 6586/1/6580
f 6588/1/6582 6593/1/6588 6589/1/6583
f 6594/1/6587 6588/1/6582 6575/1/6569
f 6581/1/6576 6574/1/6568 6586/1/6580
f 6133/1/6128 6596/1/6589 6139/1/6134
f 6597/1/6590 6595/1/6591 6598/1/6592
f 6585/1/6579 6596/1/6589 6597/1/6590
f 6583/1/6578 6140/1/6135 6139/1/6134
f 6599/1/6593 6591/1/6585 6589/1/6583
f 6601/1/6594 6600/1/6595 6599/1/6593
f 6603/1/6596 6602/1/6597 6604/1/6598
f 6600/1/6595 6603/1/6596 6592/1/6586
f 6598/1/6592 6606/1/6599 6597/1/6590
f 6599/1/6593 6605/1/6600 6601/1/6594
f 6589/1/6583 6606/1/6599 6599/1/6593
f 6597/1/6590 6593/1/6588 6585/1/6579
f 6125/1/6120 6608/1/6601 6132/1/6127
f 6609/1/6602 6607/1/6603 6610/1/6604
f 6598/1/6592 6608/1/6601 6609/1/6602
f 6132/1/6127 6595/1/6591 6133/1/6128
f 6611/1/6605 6602/1/6597 6601/1/6594
f 6613/1/6606 6612/1/6607 6611/1/6605
f 6615/1/6608 6614/1/6609 6616/1/6610
f 6604/1/6598 6612/1/6607 6615/1/6608
f 6609/1/6602 6605/1/6600 6598/1/6592
f 6610/1/6604 6617/1/6611 6609/1/6602
f 6618/1/6612 6613/1/6606 6611/1/6605
f 6601/1/6594 6617/1/6611 6611/1/6605
f 6117/1/6112 6620/1/6613 6124/1/6119
f 6621/1/6614 6619/1/6615 6622/1/6616
f 6610/1/6604 6620/1/6613 6621/1/6614
f 6124/1/6119 6607/1/6603 6125/1/6120
f 6623/1/6617 6625/1/6618 6626/1/6619
f 6627/1/6620 6624/1/6621 6628/1/6622
f 6616/1/6610 6625/1/6618 6627/1/6620
f 6626/1/6619 6614/1/6609 6613/1/6606
f 6622/1/6616 6630/1/6623 6621/1/6614
f 6626/1/6619 6629/1/6624 6623/1/6617
f 6613/1/6606 6630/1/6623 6626/1/6619
f 6621/1/6614 6618/1/6612 6610/1/6604
f 6631/1/6625 6633/1/6626 6634/1/6627
f 6622/1/6616 6632/1/6628 6631/1/6625
f 6116/1/6111 6619/1/6615 6117/1/6112
f 6108/1/6103 6632/1/6628 6116/1/6111
f 6635/1/6629 6637/1/6630 6638/1/6631
f 6639/1/6632 6636/1/6633 6640/1/6634
f 6628/1/6622 6637/1/6630 6639/1/6632
f 6638/1/6631 6624/1/6621 6623/1/6617
f 6634/1/6627 6642/1/6635 6631/1/6625
f 6638/1/6631 6641/1/6636 6635/1/6629
f 6623/1/6617 6642/1/6635 6638/1/6631
f 6631/1/6625 6629/1/6624 6622/1/6616
f 6100/1/6095 6644/1/6637 6107/1/6102
f 6645/1/6638 6643/1/6639 6646/1/6640
f 6634/1/6627 6644/1/6637 6645/1/6638
f 6107/1/6102 6633/1/6626 6108/1/6103
f 6647/1/6641 6649/1/6642 6650/1/6643
f 6651/1/6644 6648/1/6645 6652/1/6646
f 6640/1/6634 6649/1/6642 6651/1/6644
f 6650/1/6643 6636/1/6633 6635/1/6629
f 6646/1/6640 6654/1/6647 6645/1/6638
f 6650/1/6643 6653/1/6648 6647/1/6641
f 6635/1/6629 6654/1/6647 6650/1/6643
f 6645/1/6638 6641/1/6636 6634/1/6627
f 6655/1/6649 6657/1/6650 6658/1/6651
f 6646/1/6640 6657/1/6650 6656/1/6652
f 6098/1/6092 6643/1/6639 6100/1/6095
f 6658/1/6651 6098/1/6092 6099/1/6094
f 6656/1/6652 6653/1/6648 6646/1/6640
f 6660/1/6653 6656/1/6652 6655/1/6649
f 6661/1/6654 6659/1/6655 6660/1/6653
f 6647/1/6641 6659/1/6655 6662/1/6656
f 6661/1/6654 6664/1/6657 6662/1/6656
f 6652/1/6646 6664/1/6657 6665/1/6658
f 6662/1/6656 6648/1/6645 6647/1/6641
f 6666/1/6659 6668/1/6660 6669/1/6661
f 6475/1/6469 6667/1/6662 6472/1/6467
f 6038/1/6033 6668/1/6660 6475/1/6469
f 6669/1/6661 6510/1/6504 6507/1/6501
f 6670/1/6663 6672/1/6664 6673/1/6665
f 6070/1/6065 6671/1/6666 6071/1/6066
f 6066/1/6061 6672/1/6664 6070/1/6065
f 6673/1/6665 6473/1/6470 6472/1/6467
f 6674/1/6667 6676/1/6668 6677/1/6669
f 6081/1/6076 6675/1/6670 6082/1/6077
f 6071/1/6066 6676/1/6668 6081/1/6076
f 6677/1/6669 6671/1/6666 6670/1/6663
f 6086/1/6081 6679/1/6671 6089/1/6084
f 6680/1/6672 6678/1/6673 6681/1/6674
f 6099/1/6094 6679/1/6671 6680/1/6672
f 6089/1/6084 6096/1/6093 6090/1/6085
f 6681/1/6674 6682/1/6675 6683/1/6676
f 6085/1/6080 6678/1/6673 6086/1/6081
f 6082/1/6077 6682/1/6675 6085/1/6080
f 6683/1/6676 6675/1/6670 6674/1/6667
f 6684/1/6677 6686/1/6678 6687/1/6679
f 6658/1/6651 6685/1/6680 6655/1/6649
f 6099/1/6094 6686/1/6678 6658/1/6651
f 6687/1/6679 6680/1/6672 6681/1/6674
f 6688/1/6681 6663/1/6682 6661/1/6654
f 6689/1/6683 6690/1/6684 6691/1/6685
f 6655/1/6649 6692/1/6686 6660/1/6653
f 6693/1/6687 6685/1/6680 6684/1/6677
f 6690/1/6684 6692/1/6686 6693/1/6687
f 6660/1/6653 6689/1/6683 6661/1/6654
f 6694/1/6688 6696/1/6689 6697/1/6690
f 6669/1/6661 6695/1/6691 6666/1/6659
f 6507/1/6501 6696/1/6689 6669/1/6661
f 6697/1/6690 6506/1/6500 6505/1/6499
f 6698/1/6692 6667/1/6662 6666/1/6659
f 6700/1/6693 6698/1/6692 6701/1/6694
f 6673/1/6665 6700/1/6693 6670/1/6663
f 6472/1/6467 6699/1/6695 6673/1/6665
f 6694/1/6688 6703/1/6696 6695/1/6691
f 6704/1/6697 6702/1/6698 6705/1/6699
f 6701/1/6694 6703/1/6696 6704/1/6697
f 6695/1/6691 6698/1/6692 6666/1/6659
f 6701/1/6694 6707/1/6700 6700/1/6693
f 6708/1/6701 6706/1/6702 6709/1/6703
f 6677/1/6669 6708/1/6701 6674/1/6667
f 6670/1/6663 6707/1/6700 6677/1/6669
f 6710/1/6704 6709/1/6703 6706/1/6702
f 6706/1/6702 6701/1/6694 6704/1/6697
f 6705/1/6699 6712/1/6705 6704/1/6697
f 2528/1/2522 6713/1/6706 6714/1/6707
f 6715/1/6708 2533/1/2527 2532/1/2526
f 6713/1/6706 6715/1/6708 6284/1/6279
f 6714/1/6707 6421/1/6415 6420/1/6414
f 2532/1/2526 6716/1/6709 6715/1/6708
f 6717/1/6710 5418/1/5413 5416/1/5411
f 6286/1/6281 6716/1/6709 6717/1/6710
f 6715/1/6708 6285/1/6280 6284/1/6279
f 5416/1/5411 6718/1/6711 6717/1/6710
f 6719/1/6712 5414/1/5410 5313/1/5308
f 6407/1/6402 6718/1/6711 6719/1/6712
f 6717/1/6710 6413/1/6408 6286/1/6281
f 5313/1/5308 6720/1/6713 6719/1/6712
f 6721/1/6714 5310/1/5307 5221/1/5215
f 6399/1/6394 6720/1/6713 6721/1/6714
f 6719/1/6712 6408/1/6403 6407/1/6402
f 5221/1/5215 6722/1/6715 6721/1/6714
f 6723/1/6716 5220/1/5214 5225/1/5219
f 6391/1/6386 6722/1/6715 6723/1/6716
f 6721/1/6714 6400/1/6395 6399/1/6394
f 5225/1/5219 6724/1/6717 6723/1/6716
f 6725/1/6718 5426/1/5421 5425/1/5419
f 6383/1/6378 6724/1/6717 6725/1/6718
f 6723/1/6716 6392/1/6387 6391/1/6386
f 5425/1/5419 6726/1/6719 6725/1/6718
f 6727/1/6720 5442/1/5437 5441/1/5435
f 6375/1/6370 6726/1/6719 6727/1/6720
f 6725/1/6718 6384/1/6379 6383/1/6378
f 5441/1/5435 6728/1/6721 6727/1/6720
f 6729/1/6722 5448/1/5443 5447/1/5442
f 6367/1/6362 6728/1/6721 6729/1/6722
f 6727/1/6720 6376/1/6371 6375/1/6370
f 6730/1/6723 6729/1/6722 5447/1/5442
f 6731/1/6724 5454/1/5449 5453/1/5448
f 6359/1/6354 6730/1/6723 6731/1/6724
f 6729/1/6722 6368/1/6363 6367/1/6362
f 5453/1/5448 6732/1/6725 6731/1/6724
f 6733/1/6726 5460/1/5455 5459/1/5454
f 6351/1/6346 6732/1/6725 6733/1/6726
f 6731/1/6724 6360/1/6355 6359/1/6354
f 5459/1/5454 6734/1/6727 6733/1/6726
f 6735/1/6728 5463/1/5458 5436/1/5431
f 6343/1/6337 6734/1/6727 6735/1/6728
f 6733/1/6726 6352/1/6347 6351/1/6346
f 5436/1/5431 6736/1/6729 6735/1/6728
f 6737/1/6730 5435/1/5430 2554/1/2547
f 6336/1/6331 6736/1/6729 6737/1/6730
f 6735/1/6728 6344/1/6339 6343/1/6337
f 6737/1/6730 2552/1/2544 6738/1/6731
f 2553/1/2546 6738/1/6731 2552/1/2544
f 6335/1/6329 6739/1/6732 6328/1/6323
f 6336/1/6331 6738/1/6731 6335/1/6329
f 2583/1/2576 6739/1/6732 2553/1/2546
f 2578/1/2571 6740/1/6733 2583/1/2576
f 6324/1/6319 6741/1/6734 6320/1/6315
f 6328/1/6323 6740/1/6733 6324/1/6319
f 2577/1/2570 6741/1/6734 2578/1/2571
f 2569/1/2562 6742/1/6735 2577/1/2570
f 6316/1/6311 6743/1/6736 6312/1/6307
f 6320/1/6315 6742/1/6735 6316/1/6311
f 2572/1/2564 6743/1/6736 2569/1/2562
f 2563/1/2556 6744/1/6737 2572/1/2564
f 6308/1/6303 6745/1/6738 6300/1/6295
f 6312/1/6307 6744/1/6737 6308/1/6303
f 2566/1/2558 6745/1/6738 2563/1/2556
f 2562/1/2555 6746/1/6739 2566/1/2558
f 6296/1/6290 6747/1/6740 6293/1/6288
f 6300/1/6295 6746/1/6739 6296/1/6290
f 2561/1/2554 6747/1/6740 2562/1/2555
f 2541/1/2535 6748/1/6741 2561/1/2554
f 6304/1/6298 6749/1/6742 6301/1/6296
f 6293/1/6288 6748/1/6741 6304/1/6298
f 2540/1/2534 6749/1/6742 2541/1/2535
f 2313/1/2307 6750/1/6743 2540/1/2534
f 6449/1/6443 6751/1/6744 6441/1/6436
f 6301/1/6296 6750/1/6743 6449/1/6443
f 2309/1/2306 6751/1/6744 2313/1/2307
f 6753/1/6745 2309/1/2306 2308/1/2302
f 6437/1/6431 6753/1/6745 6434/1/6429
f 6441/1/6436 6752/1/6746 6437/1/6431
f 2308/1/2302 6754/1/6747 6753/1/6745
f 6755/1/6748 2401/1/2394 2403/1/2397
f 6443/1/6449 6754/1/6747 6755/1/6748
f 6753/1/6745 6442/1/6437 6434/1/6429
f 2403/1/2397 6756/1/6749 6755/1/6748
f 6757/1/6750 2529/1/2523 2528/1/2522
f 6431/1/6425 6756/1/6749 6757/1/6750
f 6755/1/6748 6453/1/6446 6443/1/6449
f 2528/1/2522 6758/1/6751 6757/1/6750
f 6420/1/6414 6758/1/6751 6714/1/6707
f 6757/1/6750 6427/1/6421 6431/1/6425
f 6759/1/6752 6687/1/6679 6681/1/6674
f 6683/1/6676 6759/1/6752 6681/1/6674
f 6674/1/6667 6761/1/6753 6683/1/6676
f 7/1/6 39/1/39 42/1/42
f 29/1/29 28/1/28 47/1/49
f 45/1/45 47/1/49 28/1/28
f 55/1/54 54/1/53 56/1/55
f 57/1/56 56/1/55 58/1/57
f 48/1/47 60/1/61 58/1/57
f 62/1/60 60/1/61 48/1/47
f 63/1/62 61/1/59 60/1/61
f 66/1/65 64/1/63 62/1/60
f 41/1/41 40/1/40 94/1/93
f 135/1/134 133/1/131 132/1/133
f 57/1/56 154/1/152 153/1/154
f 181/1/180 180/1/179 190/1/189
f 191/1/190 190/1/189 192/1/191
f 193/1/192 192/1/191 194/1/193
f 34/1/34 30/1/33 382/1/381
f 2/1/5 382/1/381 30/1/33
f 387/1/386 386/1/385 21/1/21
f 389/1/388 391/1/389 395/1/394
f 394/1/393 399/1/398 398/1/397
f 397/1/396 398/1/397 399/1/398
f 395/1/394 398/1/397 397/1/396
f 431/1/429 437/1/435 436/1/437
f 462/1/461 461/1/460 463/1/462
f 467/1/466 468/1/467 465/1/464
f 472/1/471 471/1/470 468/1/467
f 474/1/473 473/1/472 462/1/461
f 484/1/483 481/1/482 485/1/484
f 472/1/471 485/1/484 481/1/482
f 467/1/466 487/1/486 485/1/484
f 486/1/485 485/1/484 487/1/486
f 488/1/487 487/1/486 489/1/488
f 492/1/491 491/1/490 493/1/492
f 494/1/493 493/1/492 495/1/494
f 500/1/498 499/1/497 501/1/500
f 552/1/551 553/1/552 550/1/549
f 537/1/536 550/1/549 553/1/552
f 538/1/537 553/1/552 558/1/557
f 559/1/558 558/1/557 553/1/552
f 570/1/569 571/1/570 568/1/567
f 551/1/550 568/1/567 571/1/570
f 584/1/583 585/1/584 582/1/581
f 381/1/380 399/1/398 582/1/581
f 574/1/573 588/1/587 586/1/585
f 598/1/597 599/1/598 596/1/595
f 55/1/54 153/1/154 596/1/595
f 615/1/615 614/1/614 480/1/479
f 620/1/621 624/1/6754 622/1/622
f 622/1/622 624/1/6754 623/1/623
f 629/1/628 627/1/625 626/1/626
f 625/1/624 623/1/623 627/1/625
f 660/1/659 661/1/660 658/1/657
f 659/1/658 664/1/663 662/1/661
f 663/1/662 662/1/661 664/1/663
f 668/1/667 669/1/668 666/1/665
f 458/1/457 669/1/668 670/1/669
f 671/1/670 670/1/669 669/1/668
f 460/1/459 670/1/669 673/1/672
f 680/1/679 681/1/680 678/1/677
f 686/1/685 688/1/689 684/1/683
f 705/1/704 704/1/703 706/1/705
f 703/1/702 709/1/708 706/1/705
f 701/1/700 716/1/714 265/1/264
f 705/1/704 717/1/715 716/1/714
f 685/1/684 684/1/683 736/1/735
f 737/1/736 736/1/735 684/1/683
f 747/1/746 748/1/747 737/1/736
f 698/1/697 753/1/752 762/1/761
f 801/1/800 805/1/804 800/1/799
f 803/1/802 805/1/804 801/1/800
f 833/1/832 839/1/837 840/1/838
f 865/1/861 864/1/860 855/1/855
f 904/1/902 903/1/901 892/1/890
f 925/1/923 930/1/933 929/1/927
f 933/1/930 934/1/931 931/1/928
f 925/1/923 934/1/931 935/1/932
f 936/1/934 935/1/932 934/1/931
f 930/1/933 935/1/932 938/1/936
f 952/1/950 950/1/948 947/1/945
f 953/1/951 954/1/952 950/1/948
f 961/1/959 968/1/966 967/1/968
f 969/1/967 968/1/966 951/1/949
f 914/1/912 970/1/969 962/1/962
f 918/1/916 957/1/957 970/1/969
f 1050/1/1049 1051/1/1050 1048/1/1047
f 1192/1/1189 1194/1/1191 1190/1/1187
f 583/1/582 1207/1/1204 1206/1/1203
f 1212/1/1209 1213/1/1210 1210/1/1207
f 1205/1/1201 1213/1/1210 1212/1/1209
f 1210/1/1207 1213/1/1210 599/1/598
f 1208/1/1206 1216/1/1212 1215/1/1214
f 1221/1/1218 1220/1/1217 1206/1/1203
f 1239/1/1238 1248/1/1245 579/1/577
f 595/1/594 594/1/593 1254/1/1251
f 1261/1/1257 1262/1/1259 1263/1/1260
f 1281/1/1277 1280/1/1276 1290/1/1287
f 1291/1/1288 1296/1/1292 1295/1/1293
f 1299/1/1296 1302/1/1299 1194/1/1191
f 1281/1/1277 1295/1/1293 1306/1/1303
f 1327/1/1325 1336/1/1334 1334/1/1331
f 1309/1/1306 1313/1/1311 1342/1/1339
f 1343/1/1340 1342/1/1339 1313/1/1311
f 1345/1/1343 1344/1/1342 1341/1/1341
f 1363/1/1361 1362/1/1360 1361/1/1359
f 1372/1/1370 1373/1/1371 1370/1/1368
f 1377/1/1375 1379/1/1376 838/1/836
f 1417/1/1415 1416/1/1414 1418/1/1416
f 767/1/766 1439/1/1437 1438/1/1436
f 1441/1/1439 1438/1/1436 1439/1/1437
f 1451/1/1449 1450/1/1448 1432/1/1430
f 1456/1/1454 1454/1/1452 825/1/824
f 1457/1/1455 1458/1/1456 1454/1/1452
f 1457/1/1455 1456/1/1454 1460/1/1458
f 861/1/858 1460/1/1458 1456/1/1454
f 1461/1/1459 1460/1/1458 1462/1/1460
f 1463/1/1461 1462/1/1460 1464/1/1462
f 1472/1/1470 1470/1/1468 1393/1/1391
f 1481/1/1479 1477/1/1475 1476/1/1474
f 1481/1/1479 1484/1/1482 1482/1/1480
f 1522/1/1520 1521/1/1519 1529/1/1526
f 1533/1/1531 1544/1/1542 1528/1/1528
f 1554/1/1563 1552/1/1551 1564/1/1561
f 1543/1/1540 1555/1/1552 1568/1/1566
f 1570/1/1568 1574/1/1572 1572/1/1570
f 1573/1/1571 1572/1/1570 1574/1/1572
f 1575/1/1573 1574/1/1572 1580/1/1578
f 502/1/501 501/1/500 1584/1/1582
f 1586/1/1584 1584/1/1582 501/1/500
f 1587/1/1585 1588/1/1586 1584/1/1582
f 1586/1/1584 1591/1/1589 1590/1/1588
f 1593/1/1591 1590/1/1588 1591/1/1589
f 1615/1/1613 1614/1/1612 1611/1/1611
f 1665/1/1663 1664/1/1662 1666/1/1664
f 1668/1/1666 1666/1/1664 1664/1/1662
f 1669/1/1667 1670/1/1668 1666/1/1664
f 1686/1/1684 1687/1/1685 1684/1/1682
f 1689/1/1687 1692/1/1690 1690/1/1688
f 1685/1/1683 1690/1/1688 1695/1/1693
f 1713/1/1711 1714/1/1712 1711/1/1709
f 1667/1/1665 1711/1/1709 1714/1/1712
f 1750/1/1748 1746/1/1744 1745/1/1743
f 1752/1/1750 1751/1/1749 1753/1/1751
f 1790/1/1786 1791/1/1788 1783/1/1780
f 1803/1/1799 1802/1/1801 1788/1/1785
f 1815/1/1811 1818/1/1815 1817/1/1814
f 1665/1/1663 1714/1/1712 1818/1/1815
f 1817/1/1814 1818/1/1815 1714/1/1712
f 1823/1/1820 1824/1/6755 1801/1/1798
f 1712/1/1710 1824/1/6755 1823/1/1820
f 1689/1/1687 1842/1/1839 1840/1/1838
f 1681/1/1679 1852/1/1848 1850/1/1846
f 1890/1/1886 1891/1/1887 1888/1/1884
f 1894/1/1890 1895/1/1891 1892/1/1888
f 1855/1/1851 1892/1/1888 1895/1/1891
f 1893/1/1889 1892/1/1888 1891/1/1887
f 1853/1/1849 1895/1/1891 1896/1/1893
f 1889/1/1885 1919/1/1914 1910/1/1906
f 1916/1/1911 1919/1/1914 1889/1/1885
f 1918/1/1913 1919/1/1914 1916/1/1911
f 1928/1/1924 1929/1/4900 1927/1/1923
f 1917/1/1912 1939/1/1934 1938/1/1933
f 1932/1/1929 1938/1/1933 1939/1/1934
f 1945/1/1940 1936/1/1931 1934/1/1928
f 1960/1/1955 1961/1/1956 1958/1/1953
f 1957/1/1952 1964/1/1958 1958/1/1953
f 1953/1/1950 1970/1/1965 1333/1/1333
f 1316/1/1313 2000/1/1994 1999/1/1996
f 1917/1/1912 1916/1/1911 2005/1/2000
f 1999/1/1996 2014/1/2009 1880/1/1876
f 2013/1/2008 2014/1/2009 1999/1/1996
f 2008/1/2003 2007/1/2002 2014/1/2009
f 1935/1/1930 1939/1/1934 2017/1/2012
f 1589/1/1587 2024/1/2019 2022/1/2017
f 1827/1/1824 2031/1/2026 2030/1/2025
f 2033/1/2028 2046/1/2041 2044/1/2039
f 2045/1/2040 2044/1/2039 2046/1/2041
f 2047/1/2042 2050/1/2045 2048/1/2044
f 2047/1/2042 2046/1/2041 2052/1/2047
f 2037/1/2032 2039/1/2034 2058/1/2052
f 646/1/645 2067/1/2062 2068/1/2063
f 2080/1/2075 2085/1/2079 2084/1/2078
f 2089/1/2083 2088/1/2082 2079/1/2074
f 676/1/675 2099/1/2093 2104/1/2098
f 679/1/678 2104/1/2098 2107/1/2101
f 2167/1/2159 2169/1/2162 2168/1/2161
f 2146/1/2140 2171/1/2164 2169/1/2162
f 2267/1/2261 2266/1/2260 1438/1/1436
f 708/1/707 2268/1/2262 732/1/733
f 710/1/709 2270/1/2264 2268/1/2262
f 2286/1/2280 2287/1/2281 2284/1/2278
f 1440/1/1438 2284/1/2278 2287/1/2281
f 1426/1/1424 1443/1/1443 2284/1/2278
f 2285/1/2279 2284/1/2278 1443/1/1443
f 2271/1/2265 2270/1/2264 2292/1/2286
f 2267/1/2261 2292/1/2286 2270/1/2264
f 1441/1/1439 2294/1/2288 2292/1/2286
f 2293/1/2287 2292/1/2286 2294/1/2288
f 2327/1/2321 2326/1/2320 2330/1/2324
f 1459/1/1457 2331/1/2325 2330/1/2324
f 2286/1/2280 2291/1/2285 2332/1/2326
f 2327/1/2321 2334/1/2328 2332/1/2326
f 2333/1/2327 2332/1/2326 2334/1/2328
f 2295/1/2289 2294/1/2288 2336/1/2330
f 2287/1/2281 2336/1/2330 2294/1/2288
f 2286/1/2280 2333/1/2327 2336/1/2330
f 2337/1/2331 2336/1/2330 2333/1/2327
f 2339/1/2333 2338/1/2332 2337/1/2331
f 2331/1/2325 2340/1/2334 2334/1/2328
f 1459/1/1457 2342/1/2336 2340/1/2334
f 1461/1/1459 2345/1/2341 2344/1/2338
f 1463/1/1461 1493/1/1491 2345/1/2341
f 1459/1/1457 1458/1/1456 2348/1/2342
f 2344/1/2338 2348/1/2342 1458/1/1456
f 2347/1/2340 2346/1/2339 2350/1/2344
f 2369/1/2363 2368/1/2362 1414/1/1412
f 1398/1/1396 2382/1/2376 2380/1/2374
f 2381/1/2375 2380/1/2374 2382/1/2376
f 2341/1/2335 2386/1/2379 2385/1/2381
f 2405/1/2399 2404/1/2398 2349/1/2343
f 2407/1/2401 2404/1/2398 2405/1/2399
f 2387/1/2380 2404/1/2398 2407/1/2401
f 2406/1/2400 2405/1/2399 2408/1/2402
f 2351/1/2345 2408/1/2402 2405/1/2399
f 2488/1/2482 2489/1/2483 2486/1/2480
f 2487/1/2481 2486/1/2480 2481/1/2475
f 2490/1/2484 2492/1/2485 2488/1/2482
f 2483/1/2477 2490/1/2484 2487/1/2481
f 2494/1/2488 2501/1/2495 2506/1/2500
f 2553/1/2546 2549/1/2545 2581/1/2574
f 2551/1/2543 2586/1/2578 2584/1/2577
f 1537/1/1535 2628/1/2624 2627/1/2621
f 2629/1/2622 2628/1/2624 2631/1/2625
f 2646/1/2640 2645/1/2639 2635/1/2629
f 2672/1/2665 2671/1/2664 2668/1/2662
f 2632/1/2626 2631/1/2625 2695/1/2689
f 2702/1/2696 2701/1/2695 2703/1/2697
f 1575/1/1573 2674/1/2670 2703/1/2697
f 2732/1/2726 2733/1/2737 2730/1/2724
f 2658/1/2651 2732/1/2726 2731/1/2725
f 2659/1/2652 2670/1/2666 2732/1/2726
f 2654/1/2648 2731/1/2725 2736/1/2728
f 2737/1/2729 2736/1/2728 2731/1/2725
f 2734/1/2727 2737/1/2729 2752/1/2746
f 2743/1/2736 2752/1/2746 2737/1/2729
f 2850/1/2844 2851/1/2845 2848/1/2842
f 2888/1/2882 2889/1/2883 2886/1/2880
f 2886/1/2880 2873/1/2866 2877/1/2870
f 2896/1/2890 2897/1/2891 2894/1/2888
f 2895/1/2889 2894/1/2888 2893/1/2887
f 2903/1/2897 2904/1/2898 2901/1/2895
f 2909/1/2903 2908/1/2902 2906/1/2900
f 2903/1/2897 2918/1/2912 2919/1/2913
f 2930/1/2924 2929/1/2923 2924/1/2918
f 2936/1/2929 2935/1/2930 2937/1/2931
f 2923/1/2917 2936/1/2929 2943/1/2938
f 2938/1/2932 2945/1/2939 2943/1/2938
f 2938/1/2932 2937/1/2931 2949/1/2943
f 2962/1/2956 2961/1/2955 2958/1/2954
f 2957/1/2951 2965/1/2959 2963/1/2957
f 2966/1/2960 2965/1/2959 2981/1/2975
f 2976/1/2970 2981/1/2975 2965/1/2959
f 2981/1/2975 2976/1/2970 2975/1/2969
f 2982/1/2976 2981/1/2975 2983/1/2977
f 1348/1/1346 2995/1/2988 3000/1/2994
f 1357/1/1354 3000/1/2994 3003/1/2997
f 1354/1/1352 3003/1/2997 3008/1/3003
f 3009/1/3002 3012/1/3006 1363/1/1361
f 3015/1/3009 3014/1/3008 3018/1/3012
f 2383/1/2377 2382/1/2376 3020/1/3014
f 3040/1/3034 3037/1/3030 3036/1/3032
f 3032/1/3026 3040/1/3034 3067/1/3061
f 3054/1/3048 3072/1/3066 3071/1/3065
f 3074/1/3068 3071/1/3065 3072/1/3066
f 3053/1/3046 3071/1/3065 3068/1/3062
f 3080/1/3073 3083/1/3076 3081/1/3074
f 3082/1/3075 3081/1/3074 3083/1/3076
f 3072/1/3066 3087/1/3081 3085/1/3078
f 3082/1/3075 3087/1/3081 3072/1/3066
f 3092/1/3085 3090/1/3082 3089/1/3083
f 3066/1/3060 3121/1/3114 3119/1/3112
f 3159/1/3152 3160/1/3153 3158/1/3151
f 3180/1/3172 3179/1/3171 3083/1/3076
f 3218/1/3211 3216/1/3208 3215/1/3209
f 3217/1/3210 3221/1/3214 3219/1/3212
f 3062/1/3056 3409/1/3402 3407/1/3400
f 3057/1/3050 3407/1/3400 3029/1/3022
f 3417/1/3410 3415/1/3408 3412/1/3405
f 3418/1/3411 3417/1/3410 3423/1/3416
f 3421/1/3415 3423/1/3416 3417/1/3410
f 3424/1/3417 3423/1/3416 3421/1/3415
f 3463/1/3455 3462/1/3454 3459/1/3452
f 3489/1/3482 3487/1/3479 3486/1/3480
f 3492/1/3485 3494/1/3487 3490/1/3483
f 3491/1/3484 3497/1/3489 3496/1/3490
f 3486/1/3480 3499/1/3491 3498/1/3492
f 3509/1/3502 3511/1/3504 3510/1/3503
f 3513/1/3506 3510/1/3503 3511/1/3504
f 3492/1/3485 3496/1/3490 3510/1/3503
f 3508/1/3500 3510/1/3503 3496/1/3490
f 3512/1/3505 3516/1/3509 3514/1/3507
f 3517/1/3510 3519/1/3512 3518/1/3511
f 3521/1/3514 3518/1/3511 3519/1/3512
f 3527/1/3520 3524/1/3516 3523/1/3518
f 3517/1/3510 3516/1/3509 3524/1/3516
f 3576/1/3569 3575/1/3568 3564/1/3557
f 3577/1/3570 3578/1/3571 3575/1/3568
f 3563/1/3556 3572/1/3565 3583/1/3576
f 3576/1/3569 3583/1/3576 3586/1/3579
f 3594/1/3587 3593/1/3586 3578/1/3571
f 3595/1/3588 3596/1/3589 3593/1/3586
f 3609/1/3602 3610/1/3603 3607/1/3600
f 3406/1/3398 3596/1/3589 3607/1/3600
f 3599/1/3592 3601/1/3595 3612/1/3604
f 3623/1/3616 3624/1/3617 3621/1/3614
f 3080/1/3073 3077/1/3070 3621/1/3614
f 3503/1/3495 3639/1/3633 3642/1/3636
f 3647/1/3641 3648/1/3642 3646/1/3640
f 3649/1/3643 3650/1/3644 3648/1/3642
f 3649/1/3643 3652/1/3646 3651/1/3645
f 3654/1/3648 3651/1/3645 3652/1/3646
f 3685/1/3679 3686/1/3680 3683/1/3677
f 3690/1/3684 3688/1/3681 3687/1/3682
f 3684/1/3678 3683/1/3677 3688/1/3681
f 3693/1/3687 3694/1/3688 3691/1/3685
f 3483/1/3476 3484/1/3478 3695/1/3689
f 3696/1/3690 3695/1/3689 3484/1/3478
f 3692/1/3686 3695/1/3689 3698/1/3692
f 3705/1/3699 3706/1/3700 3703/1/3697
f 3711/1/3705 3714/1/3707 3709/1/3703
f 3728/1/3722 3732/1/3726 3731/1/3725
f 3729/1/3723 3727/1/3720 3731/1/3725
f 3728/1/3722 3725/1/3721 3741/1/3734
f 3287/1/3280 3741/1/3734 3725/1/3721
f 3710/1/3704 3720/1/3714 3761/1/3755
f 3711/1/3705 3761/1/3755 3764/1/3758
f 3764/1/3758 3774/1/3767 3769/1/3762
f 3723/1/3717 3730/1/3724 3787/1/3781
f 3826/1/3820 3829/1/3822 3825/1/3819
f 3825/1/3819 3829/1/3822 3828/1/3823
f 3865/1/3858 3864/1/3857 3860/1/3854
f 3882/1/3874 3889/1/3880 3888/1/3882
f 3908/1/3901 3919/1/3912 3922/1/3915
f 3941/1/3934 3944/1/3936 3945/1/3938
f 3949/1/3942 3950/1/3943 3947/1/3940
f 3941/1/3934 3946/1/3939 3951/1/3944
f 3952/1/3945 3951/1/3944 3946/1/3939
f 3948/1/3941 3951/1/3944 3954/1/3947
f 3959/1/3952 3962/1/3955 3965/1/3958
f 3965/1/3958 3967/1/3959 3971/1/3964
f 3966/1/3961 3984/1/3977 3983/1/3979
f 3985/1/3978 3984/1/3977 3977/1/3970
f 3980/1/3973 3987/1/3980 3929/1/3924
f 4066/1/4060 4067/1/4061 4064/1/4058
f 4187/1/4182 4189/1/4184 4185/1/4180
f 4201/1/4196 4204/1/4198 3610/1/3603
f 4207/1/4202 4208/1/4203 4205/1/4200
f 3622/1/3615 4208/1/4203 4207/1/4202
f 4205/1/4200 4208/1/4203 4199/1/4194
f 4212/1/4206 4211/1/4205 4203/1/4199
f 4201/1/4196 4215/1/4210 4218/1/4213
f 3603/1/3596 4244/1/4238 4236/1/4230
f 3620/1/3613 4231/1/4225 4250/1/4244
f 4258/1/4253 4257/1/4252 4254/1/4251
f 4276/1/4270 4287/1/4282 4285/1/4280
f 4291/1/4286 4290/1/4285 4287/1/4282
f 4186/1/4181 4297/1/4292 4294/1/4288
f 4276/1/4270 4303/1/4298 4301/1/4296
f 4320/1/4315 4317/1/4314 4327/1/4321
f 4304/1/4299 4332/1/4327 4333/1/4328
f 4306/1/4301 4333/1/4328 1343/1/1340
f 4334/1/4329 4335/1/4330 1345/1/1343
f 4346/1/4341 4349/1/4344 4352/1/4347
f 4359/1/4354 4360/1/4355 4357/1/4352
f 4406/1/4401 4404/1/4398 4403/1/4399
f 4425/1/4420 4428/1/4423 3791/1/3787
f 4428/1/4423 4425/1/4420 4426/1/4421
f 4417/1/4411 4438/1/4435 4437/1/4432
f 4445/1/4440 4446/1/4441 4442/1/4436
f 3849/1/3844 4442/1/4436 4446/1/4441
f 4445/1/4440 4448/1/4443 4447/1/4442
f 4450/1/4445 4447/1/4442 4448/1/4443
f 4446/1/4441 4447/1/4442 3884/1/3877
f 4449/1/4444 4453/1/4448 4451/1/4446
f 4457/1/4451 4460/1/4454 4407/1/4404
f 4468/1/4463 4466/1/4460 4465/1/4459
f 4509/1/4504 4517/1/4512 4515/1/4510
f 4516/1/4511 4532/1/4526 4519/1/4516
f 4541/1/4546 4553/1/4548 4551/1/4545
f 4530/1/4525 4545/1/4538 4555/1/4550
f 4562/1/4557 4560/1/4554 4559/1/4555
f 4561/1/4556 4569/1/4564 4567/1/4562
f 3526/1/3519 4573/1/4568 4571/1/4566
f 3527/1/3520 4571/1/4566 4576/1/4571
f 4577/1/4572 4578/1/4573 4576/1/4571
f 4579/1/4574 4580/1/4575 4578/1/4573
f 4600/1/4594 4601/1/4596 4604/1/4599
f 4650/1/4645 4648/1/4642 4647/1/4643
f 4649/1/4644 4655/1/4650 4653/1/4648
f 4657/1/4652 4658/1/4653 4653/1/4648
f 4650/1/4645 4653/1/4648 4658/1/4653
f 4673/1/4668 4674/1/4669 4671/1/4666
f 4675/1/4670 4676/1/4671 4671/1/4666
f 4675/1/4670 4674/1/4669 4677/1/4672
f 4679/1/4674 4677/1/4672 4674/1/4669
f 4700/1/4695 4701/1/4696 4698/1/4693
f 4699/1/4694 4698/1/4693 4655/1/4650
f 4733/1/4727 4732/1/4805 4734/1/4728
f 4741/1/4735 4739/1/4732 4738/1/4733
f 4777/1/4769 4789/1/4785 4788/1/4782
f 4699/1/4694 4804/1/4798 4805/1/4799
f 4649/1/4644 4647/1/4643 4804/1/4798
f 4808/1/4801 4809/1/4803 4805/1/4799
f 4790/1/4783 4811/1/6756 4810/1/4804
f 4732/1/4805 4811/1/6756 4790/1/4783
f 4810/1/4804 4811/1/6756 4701/1/4696
f 4675/1/4670 4678/1/4673 4828/1/4824
f 4878/1/4872 4879/1/4873 4876/1/4870
f 4875/1/4868 4876/1/4870 4879/1/4873
f 4877/1/4871 4876/1/4870 4838/1/4834
f 4837/1/4830 4836/1/4829 4881/1/4876
f 4890/1/4883 4895/1/4888 4873/1/4869
f 4897/1/4891 4895/1/4888 4894/1/4889
f 4873/1/4869 4895/1/4888 4897/1/4891
f 1925/1/1921 1931/1/1926 4905/1/4899
f 4904/1/4897 4905/1/4899 1929/1/4900
f 4911/1/4906 4910/1/4905 4907/1/4902
f 4896/1/4890 4894/1/4889 4910/1/4905
f 1346/1/1344 4336/1/4331 4922/1/4916
f 1957/1/1952 4925/1/4928 4924/1/4919
f 4328/1/4322 4935/1/4930 4923/1/4917
f 4961/1/4955 4960/1/4954 4307/1/4302
f 4896/1/4890 4966/1/4961 4964/1/4959
f 4864/1/4857 4972/1/4967 4961/1/4955
f 4967/1/4962 4973/1/4968 4972/1/4967
f 4961/1/4955 4972/1/4967 4973/1/4968
f 4909/1/4904 4919/1/4914 4976/1/4971
f 4911/1/4906 4976/1/4971 4966/1/4961
f 4574/1/4569 4573/1/4568 4982/1/4976
f 4989/1/4984 4991/1/4987 4813/1/4808
f 5004/1/4999 5002/1/4996 5001/1/4997
f 4992/1/4986 4989/1/4984 5002/1/4996
f 5003/1/4998 5001/1/4997 5006/1/5003
f 5003/1/4998 5012/1/5006 5009/1/5004
f 4996/1/4991 5011/1/5007 5013/1/5008
f 5037/1/5031 5038/1/5032 5036/1/5030
f 5033/1/5029 5042/1/5036 5041/1/5038
f 3701/1/3695 3706/1/3700 5052/1/5047
f 5053/1/5048 5052/1/5047 3706/1/3700
f 5081/1/5076 5099/1/5095 5102/1/5099
f 2168/1/2161 5102/1/5099 5099/1/5095
f 4425/1/4420 5177/1/5171 5176/1/5172
f 3736/1/3729 3734/1/3727 5179/1/5173
f 3758/1/3752 5179/1/5173 3734/1/3727
f 5196/1/5191 5197/1/5192 5194/1/5189
f 4432/1/4426 5194/1/5189 5197/1/5192
f 4413/1/4408 4427/1/4422 5194/1/5189
f 5195/1/5190 5194/1/5189 4427/1/4422
f 5181/1/5176 5203/1/5198 5202/1/5197
f 5205/1/5200 5202/1/5197 5203/1/5198
f 4426/1/4421 5176/1/5172 5202/1/5197
f 5180/1/5174 5202/1/5197 5176/1/5172
f 5241/1/5236 5236/1/5230 5237/1/5232
f 4444/1/4439 4441/1/4438 5241/1/5236
f 5196/1/5191 5243/1/5238 5242/1/5237
f 5245/1/5240 5242/1/5237 5243/1/5238
f 5199/1/5194 5242/1/5237 5238/1/5234
f 5204/1/5199 5247/1/5242 5246/1/5241
f 5243/1/5238 5246/1/5241 5247/1/5242
f 5196/1/5191 5195/1/5190 5246/1/5241
f 5205/1/5200 5246/1/5241 5195/1/5190
f 4444/1/4439 5240/1/5235 5251/1/5245
f 5245/1/5240 5251/1/5245 5240/1/5235
f 4449/1/4444 4448/1/4443 5255/1/5252
f 5256/1/5250 5255/1/5252 4448/1/4443
f 4444/1/4439 5252/1/5246 5258/1/5253
f 4443/1/4437 5258/1/5253 5256/1/5250
f 5257/1/5251 5262/1/5257 5260/1/5255
f 4401/1/4395 5278/1/5273 5281/1/5276
f 5293/1/5288 5291/1/5285 5290/1/5286
f 4384/1/4379 4390/1/4385 5291/1/5285
f 5297/1/5291 5296/1/5290 5250/1/5247
f 5316/1/5311 5317/1/5312 5314/1/5309
f 5259/1/5254 5317/1/5312 5316/1/5311
f 5253/1/5248 5295/1/5292 5317/1/5312
f 5314/1/5309 5317/1/5312 5295/1/5292
f 5315/1/5310 5320/1/5315 5318/1/5313
f 5316/1/5311 5318/1/5313 5262/1/5257
f 5379/1/5374 5380/1/5375 5377/1/5372
f 5378/1/5373 5385/1/5379 5384/1/5381
f 5386/1/5380 5385/1/5379 5320/1/5315
f 5384/1/5381 5388/1/5383 5381/1/5377
f 5389/1/5384 5398/1/5393 5399/1/5394
f 5394/1/5389 5399/1/5394 2507/1/2501
f 5509/1/5503 5505/1/5504 5504/1/5499
f 5506/1/5500 5505/1/5504 4523/1/4520
f 5512/1/5506 5522/1/5517 5525/1/5520
f 5548/1/5543 5549/1/5544 5546/1/5541
f 5543/1/5537 5546/1/5541 5549/1/5544
f 5508/1/5502 5574/1/5569 5572/1/5567
f 5579/1/5574 5581/1/5576 5580/1/5575
f 4561/1/4556 4559/1/4555 5580/1/5575
f 5609/1/5604 5610/1/5605 5607/1/5602
f 5548/1/5543 5547/1/5542 5610/1/5605
f 5535/1/5529 5534/1/5528 5610/1/5605
f 5607/1/5602 5610/1/5605 5534/1/5528
f 5607/1/5602 5613/1/5607 5612/1/5609
f 5529/1/5524 5526/1/5523 5613/1/5607
f 5611/1/5606 5631/1/5626 5629/1/5624
f 5612/1/5609 5629/1/5624 5619/1/5615
f 5727/1/5722 5728/1/5723 5725/1/5720
f 5765/1/5760 5766/1/5761 5763/1/5758
f 5751/1/5745 5749/1/5744 5763/1/5758
f 5773/1/5768 5774/1/5769 5771/1/5766
f 5769/1/5765 5771/1/5766 5774/1/5769
f 5773/1/5768 5776/1/5771 5775/1/5770
f 5780/1/5775 5781/1/5776 5778/1/5773
f 5785/1/5780 5786/1/5781 5780/1/5775
f 5780/1/5775 5786/1/5781 5797/1/5791
f 5799/1/5794 5806/1/5801 5809/1/5804
f 5815/1/5809 5813/1/5810 5812/1/5807
f 5814/1/5808 5812/1/5807 5821/1/5818
f 5800/1/5795 5809/1/5804 5821/1/5818
f 5814/1/5808 5828/1/5823 5826/1/5821
f 5837/1/5831 5839/1/5833 5838/1/5834
f 5834/1/5829 5838/1/5834 5841/1/5835
f 5843/1/5838 5859/1/5854 5858/1/5853
f 5861/1/5856 5858/1/5853 5859/1/5854
f 5851/1/5846 5858/1/5853 5861/1/5856
f 5842/1/5836 5858/1/5853 5851/1/5846
f 4337/1/4332 4342/1/4339 5875/1/5870
f 5876/1/5871 5875/1/5870 4342/1/4339
f 4352/1/4347 5885/1/5880 5881/1/5876
f 3018/1/3012 5888/1/5882 5887/1/5883
f 5292/1/5287 5891/1/5886 5890/1/5885
f 5987/1/5982 5988/1/5983 5983/1/5977
f 5984/1/5978 5983/1/5977 5988/1/5983
f 5991/1/5986 5988/1/5983 5987/1/5982
f 5992/1/5987 5993/1/5988 5991/1/5986
f 5995/1/5990 5991/1/5986 5993/1/5988
f 5998/1/5993 5996/1/5991 5993/1/5988
f 5997/1/5992 5996/1/5991 6000/1/5995
f 6013/1/6008 6015/1/6010 6011/1/6006
f 6013/1/6008 6012/1/6007 6020/1/6015
f 6022/1/6017 6020/1/6015 6012/1/6007
f 6025/1/6019 6030/1/6025 6029/1/6024
f 6017/1/6012 6014/1/6009 6030/1/6025
f 5994/1/5989 6034/1/6029 6032/1/6027
f 6075/1/6069 6078/1/6072 6077/1/6074
f 6017/1/6012 6031/1/6026 6078/1/6072
f 6235/1/6230 6240/1/6234 6239/1/6236
f 6027/1/6022 6029/1/6024 6240/1/6234
f 6240/1/6234 6029/1/6024 6016/1/6011
f 6243/1/6238 6242/1/6237 6015/1/6010
f 6241/1/6235 6242/1/6237 6244/1/6239
f 5990/1/5985 6270/1/6265 6252/1/6247
f 6035/1/6030 6458/1/6453 6456/1/6451
f 6514/1/6508 6460/1/6455 6463/1/6458
f 6462/1/6457 6463/1/6458 6460/1/6455
f 6464/1/6459 6490/1/6483 6463/1/6458
f 6462/1/6457 6470/1/6464 6469/1/6465
f 6479/1/6474 6482/1/6477 6480/1/6475
f 6478/1/6472 6480/1/6475 6469/1/6465
f 6494/1/6488 6496/1/6490 6495/1/6489
f 6459/1/6454 6471/1/6466 6515/1/6509
f 6513/1/6507 6515/1/6509 6471/1/6466
f 6487/1/6481 6518/1/6513 6516/1/6510
f 6494/1/6488 6497/1/6492 6520/1/6515
f 6517/1/6512 6523/1/6517 6527/1/6757
f 6526/1/6521 6535/1/6533 6534/1/6528
f 6531/1/6524 6540/1/6534 6539/1/6532
f 6524/1/6518 6539/1/6532 6535/1/6533
f 6543/1/6537 6544/1/6538 6541/1/6535
f 6546/1/6540 6541/1/6535 6544/1/6538
f 6548/1/6542 6541/1/6535 6546/1/6540
f 6542/1/6536 6541/1/6535 6548/1/6542
f 6549/1/6543 6548/1/6542 6565/1/6558
f 6578/1/6571 6577/1/6570 6564/1/6561
f 6578/1/6571 6582/1/6575 6581/1/6576
f 6586/1/6580 6584/1/6577 6583/1/6578
f 6589/1/6583 6591/1/6585 6587/1/6581
f 6575/1/6569 6581/1/6576 6594/1/6587
f 6586/1/6580 6594/1/6587 6581/1/6576
f 6139/1/6134 6596/1/6589 6583/1/6578
f 6592/1/6586 6591/1/6585 6600/1/6595
f 6611/1/6605 6617/1/6611 6618/1/6612
f 6665/1/6658 6664/1/6657 6663/1/6682
f 6661/1/6654 6689/1/6683 6688/1/6681
f 6691/1/6685 6688/1/6681 6689/1/6683
f 6710/1/6704 6712/1/6705 6711/1/6758
f 6706/1/6702 6712/1/6705 6710/1/6704
f 6704/1/6697 6712/1/6705 6706/1/6702
f 6284/1/6279 6421/1/6415 6713/1/6706
f 5447/1/5442 5454/1/5449 6730/1/6723
f 1/1/1 2/1/5 3/1/2
f 5/1/4 6/1/7 3/1/2
f 7/1/6 8/1/8 3/1/2
f 4/1/3 3/1/2 8/1/8
f 10/1/10 11/1/13 12/1/11
f 8/1/8 12/1/11 11/1/13
f 14/1/14 12/1/11 8/1/8
f 13/1/12 12/1/11 14/1/14
f 4/1/3 9/1/9 16/1/16
f 18/1/18 19/1/20 17/1/17
f 20/1/19 21/1/21 17/1/17
f 4/1/3 17/1/17 21/1/21
f 22/1/22 18/1/18 16/1/16
f 9/1/9 11/1/13 23/1/23
f 10/1/10 24/1/24 23/1/23
f 22/1/22 23/1/23 24/1/24
f 25/1/25 24/1/24 26/1/26
f 13/1/12 26/1/26 24/1/24
f 15/1/15 28/1/28 26/1/26
f 27/1/27 26/1/26 28/1/28
f 5/1/4 30/1/33 31/1/30
f 33/1/32 31/1/30 30/1/33
f 35/1/35 36/1/36 31/1/30
f 32/1/31 31/1/30 36/1/36
f 7/1/6 6/1/7 38/1/38
f 32/1/31 38/1/38 6/1/7
f 37/1/37 40/1/40 38/1/38
f 39/1/39 38/1/38 40/1/40
f 43/1/43 42/1/42 39/1/39
f 44/1/44 45/1/45 42/1/42
f 14/1/14 42/1/42 45/1/45
f 46/1/46 47/1/49 45/1/45
f 48/1/47 47/1/49 46/1/46
f 50/1/50 51/1/599 52/1/51
f 22/1/22 53/1/52 52/1/51
f 25/1/25 54/1/53 53/1/52
f 50/1/50 53/1/52 54/1/53
f 27/1/27 56/1/55 54/1/53
f 29/1/29 58/1/57 56/1/55
f 58/1/57 60/1/61 61/1/59
f 63/1/62 62/1/60 64/1/63
f 67/1/66 64/1/63 66/1/65
f 65/1/64 64/1/63 67/1/66
f 69/1/68 67/1/66 70/1/69
f 67/1/66 68/1/67 72/1/71
f 73/1/72 74/1/74 70/1/69
f 75/1/73 71/1/70 70/1/69
f 76/1/75 77/1/78 78/1/76
f 74/1/74 78/1/76 77/1/78
f 80/1/79 78/1/76 74/1/74
f 79/1/77 78/1/76 80/1/79
f 82/1/81 83/1/85 84/1/82
f 86/1/84 87/1/87 84/1/82
f 88/1/86 84/1/82 87/1/87
f 85/1/83 84/1/82 88/1/86
f 37/1/37 36/1/36 90/1/89
f 88/1/86 90/1/89 36/1/36
f 89/1/88 92/1/91 90/1/89
f 91/1/90 90/1/89 92/1/91
f 91/1/90 94/1/93 40/1/40
f 93/1/92 96/1/95 94/1/93
f 95/1/94 94/1/93 96/1/95
f 41/1/41 95/1/94 98/1/97
f 99/1/98 98/1/97 95/1/94
f 100/1/99 101/1/100 98/1/97
f 43/1/43 98/1/97 101/1/100
f 44/1/44 101/1/100 102/1/101
f 103/1/102 102/1/101 101/1/100
f 103/1/102 104/1/106 105/1/103
f 46/1/46 102/1/101 105/1/103
f 68/1/67 66/1/65 106/1/104
f 105/1/103 106/1/104 66/1/65
f 104/1/106 108/1/107 106/1/104
f 107/1/105 106/1/104 108/1/107
f 72/1/71 110/1/110 111/1/109
f 107/1/105 110/1/110 72/1/71
f 109/1/108 112/1/111 110/1/110
f 111/1/109 110/1/110 112/1/111
f 73/1/72 111/1/109 114/1/113
f 113/1/112 115/1/115 114/1/113
f 116/1/114 114/1/113 115/1/115
f 81/1/80 80/1/79 114/1/113
f 86/1/84 118/1/119 119/1/117
f 120/1/118 119/1/117 118/1/119
f 122/1/121 123/1/122 119/1/117
f 87/1/87 119/1/117 123/1/122
f 123/1/122 124/1/125 92/1/91
f 125/1/123 124/1/125 123/1/122
f 126/1/124 127/1/126 124/1/125
f 93/1/92 92/1/91 124/1/125
f 128/1/127 129/1/130 130/1/128
f 97/1/96 96/1/95 130/1/128
f 127/1/126 130/1/128 96/1/95
f 131/1/129 130/1/128 127/1/126
f 131/1/129 132/1/133 133/1/131
f 134/1/132 132/1/133 131/1/129
f 97/1/96 129/1/130 136/1/135
f 137/1/136 136/1/135 129/1/130
f 138/1/137 139/1/138 136/1/135
f 99/1/98 136/1/135 139/1/138
f 104/1/106 103/1/102 140/1/139
f 103/1/102 100/1/99 139/1/138
f 142/1/141 140/1/139 139/1/138
f 143/1/142 141/1/140 140/1/139
f 109/1/108 108/1/107 144/1/143
f 141/1/140 144/1/143 108/1/107
f 146/1/145 144/1/143 141/1/140
f 147/1/146 145/1/144 144/1/143
f 148/1/147 149/1/150 150/1/148
f 113/1/112 112/1/111 150/1/148
f 145/1/144 150/1/148 112/1/111
f 151/1/149 150/1/148 145/1/144
f 152/1/151 153/1/154 154/1/152
f 59/1/58 156/1/155 154/1/152
f 155/1/153 154/1/152 156/1/155
f 158/1/157 159/1/160 160/1/158
f 155/1/153 160/1/158 159/1/160
f 157/1/156 162/1/161 160/1/158
f 161/1/159 160/1/158 162/1/161
f 157/1/156 156/1/155 164/1/163
f 61/1/59 164/1/163 156/1/155
f 63/1/62 166/1/165 164/1/163
f 165/1/164 164/1/163 166/1/165
f 163/1/162 162/1/161 168/1/167
f 165/1/164 168/1/167 162/1/161
f 167/1/166 170/1/169 168/1/167
f 169/1/168 168/1/167 170/1/169
f 172/1/171 173/1/174 174/1/172
f 169/1/168 174/1/172 173/1/174
f 171/1/170 176/1/175 174/1/172
f 175/1/173 174/1/172 176/1/175
f 167/1/166 166/1/165 178/1/177
f 65/1/64 178/1/177 166/1/165
f 69/1/68 180/1/179 178/1/177
f 179/1/178 178/1/177 180/1/179
f 182/1/181 183/1/185 184/1/182
f 186/1/184 184/1/182 183/1/185
f 177/1/176 176/1/175 184/1/182
f 185/1/183 184/1/182 176/1/175
f 171/1/170 170/1/169 188/1/187
f 179/1/178 188/1/187 170/1/169
f 181/1/180 189/1/188 188/1/187
f 185/1/183 188/1/187 189/1/188
f 71/1/70 190/1/189 180/1/179
f 75/1/73 192/1/191 190/1/189
f 77/1/78 194/1/193 192/1/191
f 76/1/75 196/1/195 194/1/193
f 195/1/194 194/1/193 196/1/195
f 182/1/181 189/1/188 198/1/197
f 191/1/190 198/1/197 189/1/188
f 193/1/192 200/1/199 198/1/197
f 199/1/198 198/1/197 200/1/199
f 187/1/186 183/1/185 202/1/201
f 199/1/198 202/1/201 183/1/185
f 201/1/200 204/1/203 202/1/201
f 203/1/202 202/1/201 204/1/203
f 201/1/200 200/1/199 206/1/205
f 195/1/194 206/1/205 200/1/199
f 197/1/196 208/1/207 206/1/205
f 207/1/206 206/1/205 208/1/207
f 205/1/204 204/1/203 210/1/209
f 207/1/206 210/1/209 204/1/203
f 209/1/208 212/1/211 210/1/209
f 211/1/210 210/1/209 212/1/211
f 209/1/208 208/1/207 214/1/213
f 216/1/215 214/1/213 208/1/207
f 217/1/216 218/1/217 214/1/213
f 215/1/214 214/1/213 218/1/217
f 213/1/212 212/1/211 220/1/219
f 215/1/214 220/1/219 212/1/211
f 219/1/218 222/1/221 220/1/219
f 221/1/220 220/1/219 222/1/221
f 223/1/222 222/1/221 224/1/223
f 226/1/225 224/1/223 222/1/221
f 227/1/226 228/1/227 224/1/223
f 225/1/224 224/1/223 228/1/227
f 230/1/229 231/1/233 232/1/230
f 234/1/232 232/1/230 231/1/233
f 229/1/228 228/1/227 232/1/230
f 233/1/231 232/1/230 228/1/227
f 235/1/234 231/1/233 236/1/235
f 238/1/237 236/1/235 231/1/233
f 239/1/238 240/1/239 236/1/235
f 237/1/236 236/1/235 240/1/239
f 135/1/134 242/1/243 243/1/241
f 244/1/242 243/1/241 242/1/243
f 246/1/245 247/1/246 243/1/241
f 133/1/131 243/1/241 247/1/246
f 247/1/246 248/1/249 137/1/136
f 249/1/247 248/1/249 247/1/246
f 250/1/248 251/1/250 248/1/249
f 137/1/136 248/1/249 251/1/250
f 138/1/137 251/1/250 252/1/251
f 253/1/252 252/1/251 251/1/250
f 254/1/253 255/1/254 252/1/251
f 142/1/141 252/1/251 255/1/254
f 143/1/142 255/1/254 256/1/255
f 257/1/256 256/1/255 255/1/254
f 258/1/257 259/1/258 256/1/255
f 146/1/145 256/1/255 259/1/258
f 254/1/253 260/1/261 261/1/259
f 262/1/260 261/1/259 260/1/261
f 264/1/263 265/1/264 261/1/259
f 257/1/256 261/1/259 265/1/264
f 266/1/265 267/1/268 268/1/266
f 175/1/173 268/1/266 267/1/268
f 177/1/176 270/1/269 268/1/266
f 269/1/267 268/1/266 270/1/269
f 271/1/270 270/1/269 272/1/271
f 186/1/184 272/1/271 270/1/269
f 187/1/186 274/1/273 272/1/271
f 273/1/272 272/1/271 274/1/273
f 275/1/274 274/1/273 276/1/275
f 203/1/202 276/1/275 274/1/273
f 205/1/204 278/1/277 276/1/275
f 277/1/276 276/1/275 278/1/277
f 279/1/278 278/1/277 280/1/279
f 211/1/210 280/1/279 278/1/277
f 213/1/212 282/1/281 280/1/279
f 281/1/280 280/1/279 282/1/281
f 283/1/282 282/1/281 284/1/283
f 221/1/220 284/1/283 282/1/281
f 223/1/222 286/1/285 284/1/283
f 285/1/284 284/1/283 286/1/285
f 287/1/286 286/1/285 288/1/287
f 225/1/224 288/1/287 286/1/285
f 229/1/228 290/1/289 288/1/287
f 289/1/288 288/1/287 290/1/289
f 291/1/290 290/1/289 292/1/291
f 234/1/232 292/1/291 290/1/289
f 235/1/234 294/1/293 292/1/291
f 293/1/292 292/1/291 294/1/293
f 295/1/294 294/1/293 296/1/295
f 237/1/236 296/1/295 294/1/293
f 241/1/240 298/1/297 296/1/295
f 297/1/296 296/1/295 298/1/297
f 300/1/299 301/1/303 302/1/300
f 304/1/302 302/1/300 301/1/303
f 266/1/265 306/1/305 302/1/300
f 303/1/301 302/1/300 306/1/305
f 307/1/306 306/1/305 308/1/307
f 269/1/267 308/1/307 306/1/305
f 271/1/270 310/1/309 308/1/307
f 309/1/308 308/1/307 310/1/309
f 311/1/310 310/1/309 312/1/311
f 273/1/272 312/1/311 310/1/309
f 275/1/274 314/1/313 312/1/311
f 313/1/312 312/1/311 314/1/313
f 315/1/314 314/1/313 316/1/315
f 277/1/276 316/1/315 314/1/313
f 279/1/278 318/1/317 316/1/315
f 317/1/316 316/1/315 318/1/317
f 319/1/318 318/1/317 320/1/319
f 281/1/280 320/1/319 318/1/317
f 283/1/282 322/1/321 320/1/319
f 321/1/320 320/1/319 322/1/321
f 323/1/322 322/1/321 324/1/323
f 285/1/284 324/1/323 322/1/321
f 287/1/286 326/1/325 324/1/323
f 325/1/324 324/1/323 326/1/325
f 327/1/326 326/1/325 328/1/327
f 289/1/288 328/1/327 326/1/325
f 291/1/290 330/1/329 328/1/327
f 329/1/328 328/1/327 330/1/329
f 331/1/330 330/1/329 332/1/331
f 293/1/292 332/1/331 330/1/329
f 295/1/294 334/1/333 332/1/331
f 333/1/332 332/1/331 334/1/333
f 336/1/335 337/1/339 338/1/336
f 340/1/338 338/1/336 337/1/339
f 300/1/299 342/1/341 338/1/336
f 339/1/337 338/1/336 342/1/341
f 343/1/342 342/1/341 344/1/343
f 303/1/301 344/1/343 342/1/341
f 307/1/306 346/1/345 344/1/343
f 345/1/344 344/1/343 346/1/345
f 347/1/346 346/1/345 348/1/347
f 309/1/308 348/1/347 346/1/345
f 311/1/310 350/1/349 348/1/347
f 349/1/348 348/1/347 350/1/349
f 351/1/350 350/1/349 352/1/351
f 313/1/312 352/1/351 350/1/349
f 315/1/314 354/1/353 352/1/351
f 353/1/352 352/1/351 354/1/353
f 355/1/354 354/1/353 356/1/355
f 317/1/316 356/1/355 354/1/353
f 319/1/318 358/1/357 356/1/355
f 357/1/356 356/1/355 358/1/357
f 359/1/358 358/1/357 360/1/359
f 321/1/320 360/1/359 358/1/357
f 323/1/322 362/1/361 360/1/359
f 361/1/360 360/1/359 362/1/361
f 363/1/362 362/1/361 364/1/363
f 325/1/324 364/1/363 362/1/361
f 327/1/326 366/1/365 364/1/363
f 365/1/364 364/1/363 366/1/365
f 367/1/366 366/1/365 368/1/367
f 329/1/328 368/1/367 366/1/365
f 331/1/330 370/1/369 368/1/367
f 369/1/368 368/1/367 370/1/369
f 371/1/370 370/1/369 372/1/371
f 333/1/332 372/1/371 370/1/369
f 335/1/334 374/1/373 372/1/371
f 373/1/372 372/1/371 374/1/373
f 376/1/375 377/1/378 378/1/376
f 85/1/83 377/1/378 376/1/375
f 35/1/35 380/1/379 377/1/378
f 378/1/376 377/1/378 380/1/379
f 1/1/1 384/1/383 382/1/381
f 383/1/382 382/1/381 384/1/383
f 1/1/1 21/1/21 386/1/385
f 388/1/387 389/1/388 386/1/385
f 384/1/383 386/1/385 389/1/388
f 388/1/387 390/1/391 391/1/389
f 392/1/390 391/1/389 390/1/391
f 394/1/393 395/1/394 391/1/389
f 381/1/380 380/1/379 396/1/395
f 33/1/32 396/1/395 380/1/379
f 34/1/34 383/1/382 396/1/395
f 397/1/396 396/1/395 383/1/382
f 400/1/399 401/1/403 402/1/400
f 404/1/402 402/1/400 401/1/403
f 406/1/405 407/1/406 402/1/400
f 403/1/401 402/1/400 407/1/406
f 408/1/407 407/1/406 409/1/408
f 411/1/410 409/1/408 407/1/406
f 412/1/411 413/1/412 409/1/408
f 410/1/409 409/1/408 413/1/412
f 414/1/413 413/1/412 415/1/414
f 417/1/416 415/1/414 413/1/412
f 418/1/417 419/1/418 415/1/414
f 416/1/415 415/1/414 419/1/418
f 420/1/419 419/1/418 421/1/420
f 423/1/422 421/1/420 419/1/418
f 424/1/423 425/1/424 421/1/420
f 422/1/421 421/1/420 425/1/424
f 427/1/426 428/1/430 429/1/427
f 431/1/429 429/1/427 428/1/430
f 432/1/431 433/1/432 429/1/427
f 430/1/428 429/1/427 433/1/432
f 435/1/434 436/1/437 437/1/435
f 426/1/425 425/1/424 437/1/435
f 438/1/436 437/1/435 425/1/424
f 439/1/438 440/1/441 441/1/439
f 376/1/375 441/1/439 440/1/441
f 379/1/377 443/1/442 441/1/439
f 442/1/440 441/1/439 443/1/442
f 445/1/444 446/1/447 447/1/445
f 83/1/85 447/1/445 446/1/447
f 82/1/81 440/1/441 447/1/445
f 448/1/446 447/1/445 440/1/441
f 121/1/120 449/1/450 450/1/448
f 451/1/449 450/1/448 449/1/450
f 453/1/452 454/1/453 450/1/448
f 120/1/118 450/1/448 454/1/453
f 122/1/121 454/1/453 455/1/454
f 456/1/455 455/1/454 454/1/453
f 457/1/456 455/1/454 456/1/455
f 125/1/123 455/1/454 457/1/456
f 245/1/244 242/1/243 459/1/458
f 134/1/132 459/1/458 242/1/243
f 126/1/124 457/1/456 459/1/458
f 460/1/459 459/1/458 457/1/456
f 121/1/120 118/1/119 461/1/460
f 446/1/447 461/1/460 118/1/119
f 445/1/444 463/1/462 461/1/460
f 442/1/440 465/1/464 468/1/467
f 444/1/443 469/1/468 465/1/464
f 466/1/465 465/1/464 469/1/468
f 464/1/463 463/1/462 471/1/470
f 448/1/446 471/1/470 463/1/462
f 439/1/438 468/1/467 471/1/470
f 452/1/451 449/1/450 473/1/472
f 462/1/461 473/1/472 449/1/450
f 452/1/451 475/1/476 476/1/474
f 477/1/475 476/1/474 475/1/476
f 479/1/478 480/1/479 476/1/474
f 451/1/449 476/1/474 480/1/479
f 464/1/463 481/1/482 482/1/480
f 483/1/481 482/1/480 481/1/482
f 478/1/477 475/1/476 482/1/480
f 474/1/473 482/1/480 475/1/476
f 467/1/466 491/1/490 489/1/488
f 490/1/489 489/1/488 491/1/490
f 466/1/465 493/1/492 491/1/490
f 470/1/469 495/1/494 493/1/492
f 497/1/496 498/1/499 499/1/497
f 490/1/489 499/1/497 498/1/499
f 492/1/491 501/1/500 499/1/497
f 503/1/502 504/1/505 505/1/503
f 486/1/485 505/1/503 504/1/505
f 488/1/487 498/1/499 505/1/503
f 506/1/504 505/1/503 498/1/499
f 507/1/506 508/1/509 509/1/507
f 483/1/481 509/1/507 508/1/509
f 484/1/483 504/1/505 509/1/507
f 510/1/508 509/1/507 504/1/505
f 511/1/510 512/1/513 513/1/511
f 479/1/478 477/1/475 512/1/513
f 478/1/477 508/1/509 512/1/513
f 513/1/511 512/1/513 508/1/509
f 515/1/514 516/1/517 517/1/515
f 495/1/494 517/1/515 516/1/517
f 519/1/518 517/1/515 495/1/494
f 518/1/516 517/1/515 519/1/518
f 405/1/404 521/1/522 522/1/520
f 523/1/521 522/1/520 521/1/522
f 525/1/524 526/1/525 522/1/520
f 404/1/402 522/1/520 526/1/525
f 527/1/526 528/1/529 529/1/527
f 518/1/516 529/1/527 528/1/529
f 520/1/519 531/1/530 529/1/527
f 530/1/528 529/1/527 531/1/530
f 524/1/523 533/1/533 534/1/532
f 530/1/528 534/1/532 533/1/533
f 532/1/531 535/1/534 534/1/532
f 523/1/521 534/1/532 535/1/534
f 470/1/469 469/1/468 536/1/535
f 537/1/536 536/1/535 469/1/468
f 538/1/537 539/1/538 536/1/535
f 519/1/518 536/1/535 539/1/538
f 406/1/405 526/1/525 540/1/539
f 541/1/540 540/1/539 526/1/525
f 542/1/541 543/1/542 540/1/539
f 411/1/410 540/1/539 543/1/542
f 520/1/519 539/1/538 544/1/543
f 545/1/544 544/1/543 539/1/538
f 546/1/545 547/1/546 544/1/543
f 531/1/530 544/1/543 547/1/546
f 542/1/541 541/1/540 548/1/547
f 535/1/534 548/1/547 541/1/540
f 532/1/531 547/1/546 548/1/547
f 549/1/548 548/1/547 547/1/546
f 444/1/443 443/1/442 550/1/549
f 551/1/550 550/1/549 443/1/442
f 412/1/411 543/1/542 554/1/553
f 555/1/554 554/1/553 543/1/542
f 556/1/555 557/1/556 554/1/553
f 417/1/416 554/1/553 557/1/556
f 560/1/559 561/1/560 558/1/557
f 545/1/544 558/1/557 561/1/560
f 556/1/555 555/1/554 562/1/561
f 549/1/548 562/1/561 555/1/554
f 546/1/545 561/1/560 562/1/561
f 563/1/562 562/1/561 561/1/560
f 556/1/555 564/1/565 565/1/563
f 566/1/564 565/1/563 564/1/565
f 423/1/422 565/1/563 566/1/564
f 418/1/417 557/1/556 565/1/563
f 379/1/377 378/1/376 568/1/567
f 569/1/568 568/1/567 378/1/376
f 552/1/551 571/1/570 572/1/571
f 573/1/572 572/1/571 571/1/570
f 574/1/573 575/1/574 572/1/571
f 559/1/558 572/1/571 575/1/574
f 567/1/566 564/1/565 576/1/575
f 563/1/562 576/1/575 564/1/565
f 560/1/559 575/1/574 576/1/575
f 577/1/576 576/1/575 575/1/574
f 438/1/436 578/1/578 579/1/577
f 424/1/423 566/1/564 578/1/578
f 567/1/566 580/1/579 578/1/578
f 579/1/577 578/1/578 580/1/579
f 569/1/568 582/1/581 585/1/584
f 583/1/582 582/1/581 399/1/398
f 581/1/580 580/1/579 586/1/585
f 577/1/576 586/1/585 580/1/579
f 587/1/586 586/1/585 588/1/587
f 589/1/588 588/1/587 590/1/589
f 573/1/572 590/1/589 588/1/587
f 570/1/569 585/1/584 590/1/589
f 591/1/590 590/1/589 585/1/584
f 305/1/304 301/1/303 592/1/591
f 340/1/338 592/1/591 301/1/303
f 341/1/340 594/1/593 592/1/591
f 593/1/592 592/1/591 594/1/593
f 50/1/50 596/1/595 599/1/598
f 597/1/596 596/1/595 153/1/154
f 593/1/592 600/1/601 601/1/600
f 595/1/594 602/1/603 600/1/601
f 603/1/602 600/1/601 602/1/603
f 605/1/605 601/1/600 600/1/601
f 606/1/606 607/1/608 173/1/174
f 608/1/607 607/1/608 606/1/606
f 158/1/157 161/1/159 607/1/608
f 163/1/162 173/1/174 607/1/608
f 605/1/605 609/1/610 610/1/609
f 597/1/596 610/1/609 609/1/610
f 152/1/151 159/1/160 610/1/609
f 608/1/607 610/1/609 159/1/160
f 604/1/604 611/1/612 612/1/611
f 598/1/597 609/1/610 612/1/611
f 603/1/602 612/1/611 609/1/610
f 172/1/171 267/1/268 613/1/613
f 304/1/302 613/1/613 267/1/268
f 305/1/304 601/1/600 613/1/613
f 606/1/606 613/1/613 601/1/600
f 453/1/452 480/1/479 614/1/614
f 616/1/616 617/1/617 614/1/614
f 456/1/455 614/1/614 617/1/617
f 615/1/615 618/1/619 619/1/618
f 511/1/510 618/1/619 615/1/615
f 514/1/512 620/1/621 618/1/619
f 621/1/620 619/1/618 618/1/619
f 623/1/623 624/1/6754 620/1/621
f 507/1/506 626/1/626 627/1/625
f 514/1/512 513/1/511 627/1/625
f 503/1/502 630/1/631 631/1/629
f 632/1/630 631/1/629 630/1/631
f 628/1/627 626/1/626 631/1/629
f 510/1/508 631/1/629 626/1/626
f 633/1/632 630/1/631 634/1/633
f 506/1/504 634/1/633 630/1/631
f 497/1/496 636/1/635 634/1/633
f 635/1/634 634/1/633 636/1/635
f 637/1/636 636/1/635 638/1/637
f 500/1/498 638/1/637 636/1/635
f 502/1/501 640/1/639 638/1/637
f 639/1/638 638/1/637 640/1/639
f 642/1/641 643/1/644 644/1/642
f 639/1/638 643/1/644 642/1/641
f 641/1/640 644/1/642 643/1/644
f 646/1/645 647/1/648 648/1/646
f 635/1/634 648/1/646 647/1/648
f 637/1/636 642/1/641 648/1/646
f 649/1/647 648/1/646 642/1/641
f 650/1/649 651/1/652 652/1/650
f 632/1/630 652/1/650 651/1/652
f 633/1/632 647/1/648 652/1/650
f 653/1/651 652/1/650 647/1/648
f 629/1/628 654/1/654 655/1/653
f 628/1/627 651/1/652 654/1/654
f 650/1/649 656/1/655 654/1/654
f 655/1/653 654/1/654 656/1/655
f 621/1/620 622/1/622 661/1/660
f 625/1/624 655/1/653 661/1/660
f 657/1/656 658/1/657 661/1/660
f 616/1/616 619/1/618 662/1/661
f 660/1/659 662/1/661 619/1/618
f 663/1/662 666/1/665 617/1/617
f 665/1/664 667/1/666 666/1/665
f 617/1/617 666/1/665 669/1/668
f 672/1/671 673/1/672 670/1/669
f 245/1/244 673/1/672 674/1/673
f 675/1/674 674/1/673 673/1/672
f 676/1/675 677/1/676 674/1/673
f 244/1/242 674/1/673 677/1/676
f 246/1/245 677/1/676 678/1/677
f 679/1/678 678/1/677 677/1/676
f 249/1/247 678/1/677 681/1/680
f 263/1/262 260/1/261 682/1/681
f 253/1/252 682/1/681 260/1/261
f 250/1/248 681/1/680 682/1/681
f 683/1/682 682/1/681 681/1/680
f 687/1/686 688/1/689 686/1/685
f 690/1/688 684/1/683 688/1/689
f 680/1/679 691/1/692 692/1/690
f 693/1/691 692/1/690 691/1/692
f 694/1/693 695/1/694 692/1/690
f 683/1/682 692/1/690 695/1/694
f 263/1/262 695/1/694 696/1/695
f 697/1/696 696/1/695 695/1/694
f 698/1/697 699/1/698 696/1/695
f 262/1/260 696/1/695 699/1/698
f 264/1/263 699/1/698 700/1/699
f 702/1/701 700/1/699 699/1/698
f 703/1/702 704/1/703 700/1/699
f 701/1/700 700/1/699 704/1/703
f 708/1/707 706/1/705 709/1/708
f 708/1/707 711/1/718 707/1/706
f 147/1/146 259/1/258 712/1/710
f 713/1/711 712/1/710 259/1/258
f 714/1/712 715/1/713 712/1/710
f 151/1/149 712/1/710 715/1/713
f 258/1/257 265/1/264 716/1/714
f 713/1/711 716/1/714 717/1/715
f 714/1/712 717/1/715 718/1/716
f 707/1/706 718/1/716 717/1/715
f 711/1/718 720/1/719 718/1/716
f 719/1/717 718/1/716 720/1/719
f 115/1/115 113/1/112 149/1/150
f 723/1/722 722/1/721 149/1/150
f 724/1/723 725/1/724 722/1/721
f 117/1/116 115/1/115 722/1/721
f 148/1/147 715/1/713 726/1/725
f 719/1/717 726/1/725 715/1/713
f 721/1/720 727/1/726 726/1/725
f 723/1/722 726/1/725 727/1/726
f 721/1/720 728/1/729 729/1/727
f 730/1/728 731/1/730 729/1/727
f 724/1/723 727/1/726 729/1/727
f 711/1/718 732/1/733 733/1/731
f 734/1/732 733/1/731 732/1/733
f 730/1/728 728/1/729 733/1/731
f 720/1/719 733/1/731 728/1/729
f 738/1/737 739/1/738 736/1/735
f 693/1/691 736/1/735 739/1/738
f 740/1/739 741/1/743 742/1/740
f 744/1/742 742/1/740 741/1/743
f 746/1/745 747/1/746 742/1/740
f 743/1/741 742/1/740 747/1/746
f 738/1/737 737/1/736 748/1/747
f 749/1/748 748/1/747 747/1/746
f 694/1/693 739/1/738 750/1/749
f 751/1/750 750/1/749 739/1/738
f 752/1/751 753/1/752 750/1/749
f 697/1/696 750/1/749 753/1/752
f 752/1/751 751/1/750 754/1/753
f 751/1/750 738/1/737 749/1/748
f 746/1/745 756/1/755 754/1/753
f 755/1/754 754/1/753 756/1/755
f 757/1/756 756/1/755 758/1/757
f 744/1/742 758/1/757 756/1/755
f 745/1/744 760/1/759 758/1/757
f 759/1/758 758/1/757 760/1/759
f 763/1/762 762/1/761 753/1/752
f 764/1/763 762/1/761 763/1/762
f 703/1/702 702/1/701 762/1/761
f 765/1/764 763/1/762 766/1/765
f 755/1/754 766/1/765 763/1/762
f 757/1/756 768/1/767 766/1/765
f 767/1/766 766/1/765 768/1/767
f 769/1/768 768/1/767 770/1/769
f 759/1/758 770/1/769 768/1/767
f 761/1/760 772/1/771 770/1/769
f 771/1/770 770/1/769 772/1/771
f 774/1/773 741/1/743 740/1/739
f 776/1/775 774/1/773 775/1/774
f 778/1/777 779/1/778 774/1/773
f 745/1/744 741/1/743 774/1/773
f 779/1/778 780/1/781 760/1/759
f 781/1/779 780/1/781 779/1/778
f 782/1/780 783/1/782 780/1/781
f 760/1/759 780/1/781 783/1/782
f 761/1/760 783/1/782 784/1/783
f 785/1/784 784/1/783 783/1/782
f 786/1/785 787/1/786 784/1/783
f 772/1/771 784/1/783 787/1/786
f 773/1/772 787/1/786 788/1/787
f 790/1/789 788/1/787 787/1/786
f 791/1/790 792/1/791 788/1/787
f 789/1/788 788/1/787 792/1/791
f 786/1/785 794/1/795 795/1/793
f 796/1/794 795/1/793 794/1/795
f 798/1/797 799/1/798 795/1/793
f 790/1/789 795/1/793 799/1/798
f 804/1/803 800/1/799 805/1/804
f 689/1/687 800/1/799 806/1/805
f 807/1/806 806/1/805 800/1/799
f 808/1/807 809/1/808 806/1/805
f 687/1/686 806/1/805 809/1/808
f 777/1/776 775/1/774 810/1/809
f 743/1/741 810/1/809 775/1/774
f 690/1/688 809/1/808 810/1/809
f 811/1/810 810/1/809 809/1/808
f 811/1/810 812/1/814 813/1/811
f 814/1/812 812/1/814 811/1/810
f 815/1/813 813/1/811 812/1/814
f 777/1/776 813/1/811 816/1/815
f 817/1/816 816/1/815 813/1/811
f 818/1/817 819/1/818 816/1/815
f 776/1/775 816/1/815 819/1/818
f 778/1/777 819/1/818 820/1/819
f 821/1/820 820/1/819 819/1/818
f 822/1/821 823/1/822 820/1/819
f 781/1/779 820/1/819 823/1/822
f 797/1/796 794/1/795 824/1/823
f 785/1/784 824/1/823 794/1/795
f 782/1/780 823/1/822 824/1/823
f 825/1/824 824/1/823 823/1/822
f 802/1/801 826/1/827 827/1/825
f 828/1/826 827/1/825 826/1/827
f 830/1/829 831/1/830 827/1/825
f 803/1/802 827/1/825 831/1/830
f 804/1/803 831/1/830 832/1/831
f 833/1/832 832/1/831 831/1/830
f 834/1/833 835/1/834 832/1/831
f 807/1/806 832/1/831 835/1/834
f 836/1/835 837/1/964 838/1/836
f 840/1/838 839/1/837 838/1/836
f 830/1/829 836/1/835 839/1/837
f 808/1/807 835/1/834 842/1/840
f 843/1/841 842/1/840 835/1/834
f 844/1/842 845/1/843 842/1/840
f 814/1/812 842/1/840 845/1/843
f 843/1/841 846/1/845 847/1/844
f 834/1/833 840/1/838 846/1/845
f 841/1/839 848/1/846 846/1/845
f 847/1/844 846/1/845 848/1/846
f 815/1/813 845/1/843 850/1/848
f 851/1/849 850/1/848 845/1/843
f 852/1/850 853/1/851 850/1/848
f 817/1/816 850/1/848 853/1/851
f 854/1/852 855/1/855 856/1/853
f 851/1/849 856/1/853 855/1/855
f 844/1/842 847/1/844 856/1/853
f 857/1/854 856/1/853 847/1/844
f 818/1/817 853/1/851 858/1/856
f 859/1/857 858/1/856 853/1/851
f 859/1/857 860/1/863 861/1/858
f 821/1/820 858/1/856 861/1/858
f 862/1/859 863/1/862 864/1/860
f 859/1/857 864/1/860 863/1/862
f 852/1/850 855/1/855 864/1/860
f 866/1/864 867/1/868 868/1/865
f 870/1/867 868/1/865 867/1/868
f 872/1/870 873/1/871 868/1/865
f 869/1/866 868/1/865 873/1/871
f 875/1/873 876/1/877 877/1/874
f 879/1/876 877/1/874 876/1/877
f 881/1/879 882/1/880 877/1/874
f 878/1/875 877/1/874 882/1/880
f 884/1/882 885/1/885 886/1/883
f 878/1/875 886/1/883 885/1/885
f 883/1/881 888/1/886 886/1/883
f 887/1/884 886/1/883 888/1/886
f 889/1/887 890/1/889 891/1/888
f 869/1/866 891/1/888 890/1/889
f 874/1/872 892/1/890 891/1/888
f 887/1/884 891/1/888 892/1/890
f 880/1/878 876/1/877 893/1/891
f 895/1/893 893/1/891 876/1/877
f 896/1/894 897/1/895 893/1/891
f 894/1/892 893/1/891 897/1/895
f 899/1/897 900/1/900 901/1/898
f 895/1/893 901/1/898 900/1/900
f 875/1/873 885/1/885 901/1/898
f 902/1/899 901/1/898 885/1/885
f 884/1/882 892/1/890 903/1/901
f 905/1/903 906/1/904 903/1/901
f 902/1/899 903/1/901 906/1/904
f 898/1/896 897/1/895 907/1/905
f 909/1/907 907/1/905 897/1/895
f 910/1/908 911/1/909 907/1/905
f 908/1/906 907/1/905 911/1/909
f 829/1/828 826/1/827 913/1/911
f 915/1/913 913/1/911 826/1/827
f 916/1/914 917/1/915 913/1/911
f 914/1/912 913/1/911 917/1/915
f 912/1/910 911/1/909 919/1/917
f 921/1/919 919/1/917 911/1/909
f 922/1/920 923/1/921 919/1/917
f 920/1/918 919/1/917 923/1/921
f 925/1/923 926/1/926 927/1/924
f 909/1/907 927/1/924 926/1/926
f 896/1/894 900/1/900 927/1/924
f 928/1/925 927/1/924 900/1/900
f 929/1/927 930/1/933 922/1/920
f 910/1/908 926/1/926 929/1/927
f 899/1/897 906/1/904 931/1/928
f 932/1/929 931/1/928 906/1/904
f 928/1/925 931/1/928 934/1/931
f 937/1/935 938/1/936 935/1/932
f 918/1/916 917/1/915 939/1/937
f 941/1/939 939/1/937 917/1/915
f 924/1/922 923/1/921 939/1/937
f 940/1/938 939/1/937 923/1/921
f 874/1/872 873/1/871 942/1/940
f 943/1/941 942/1/940 873/1/871
f 944/1/942 945/1/943 942/1/940
f 904/1/902 942/1/940 945/1/943
f 905/1/903 945/1/943 946/1/944
f 947/1/945 946/1/944 945/1/943
f 948/1/946 949/1/947 946/1/944
f 932/1/929 946/1/944 949/1/947
f 948/1/946 947/1/945 950/1/948
f 951/1/949 950/1/948 954/1/952
f 956/1/954 957/1/957 958/1/955
f 940/1/938 958/1/955 957/1/957
f 922/1/920 938/1/936 958/1/955
f 959/1/956 958/1/955 938/1/936
f 937/1/935 936/1/934 960/1/958
f 949/1/947 960/1/958 936/1/934
f 948/1/946 961/1/959 960/1/958
f 959/1/956 960/1/958 961/1/959
f 829/1/828 962/1/962 963/1/960
f 964/1/961 963/1/960 962/1/962
f 837/1/964 836/1/835 963/1/960
f 828/1/826 963/1/960 836/1/835
f 966/1/965 967/1/968 968/1/966
f 951/1/949 968/1/966 961/1/959
f 965/1/963 962/1/962 970/1/969
f 971/1/970 970/1/969 957/1/957
f 971/1/970 972/1/972 973/1/971
f 956/1/954 967/1/968 972/1/972
f 966/1/965 973/1/971 972/1/972
f 974/1/973 975/1/976 976/1/974
f 339/1/337 976/1/974 975/1/976
f 343/1/342 978/1/977 976/1/974
f 977/1/975 976/1/974 978/1/977
f 979/1/978 978/1/977 980/1/979
f 345/1/344 980/1/979 978/1/977
f 347/1/346 982/1/981 980/1/979
f 981/1/980 980/1/979 982/1/981
f 984/1/983 985/1/986 986/1/984
f 982/1/981 986/1/984 985/1/986
f 349/1/348 986/1/984 982/1/981
f 351/1/350 987/1/985 986/1/984
f 984/1/983 987/1/985 988/1/987
f 353/1/352 988/1/987 987/1/985
f 355/1/354 990/1/989 988/1/987
f 989/1/988 988/1/987 990/1/989
f 991/1/990 990/1/989 992/1/991
f 357/1/356 992/1/991 990/1/989
f 359/1/358 994/1/993 992/1/991
f 993/1/992 992/1/991 994/1/993
f 995/1/994 994/1/993 996/1/995
f 361/1/360 996/1/995 994/1/993
f 363/1/362 998/1/997 996/1/995
f 997/1/996 996/1/995 998/1/997
f 999/1/998 998/1/997 1000/1/999
f 365/1/364 1000/1/999 998/1/997
f 367/1/366 1002/1/1001 1000/1/999
f 1001/1/1000 1000/1/999 1002/1/1001
f 1003/1/1002 1002/1/1001 1004/1/1003
f 369/1/368 1004/1/1003 1002/1/1001
f 371/1/370 1006/1/1005 1004/1/1003
f 1005/1/1004 1004/1/1003 1006/1/1005
f 1008/1/1007 1009/1/1010 1010/1/1008
f 1006/1/1005 1010/1/1008 1009/1/1010
f 373/1/372 1010/1/1008 1006/1/1005
f 375/1/374 1011/1/1009 1010/1/1008
f 1012/1/1011 1013/1/1016 1014/1/1012
f 1009/1/1010 1013/1/1016 1012/1/1011
f 1016/1/1014 1013/1/1016 1009/1/1010
f 1017/1/1015 1014/1/1012 1013/1/1016
f 1018/1/1017 1019/1/1021 1020/1/1018
f 1022/1/1020 1020/1/1018 1019/1/1021
f 974/1/973 977/1/975 1020/1/1018
f 1021/1/1019 1020/1/1018 977/1/975
f 1024/1/1023 1025/1/1026 1026/1/1024
f 1021/1/1019 1026/1/1024 1025/1/1026
f 979/1/978 981/1/980 1026/1/1024
f 1027/1/1025 1026/1/1024 981/1/980
f 1028/1/1027 1029/1/1030 1030/1/1028
f 1027/1/1025 1030/1/1028 1029/1/1030
f 983/1/982 985/1/986 1030/1/1028
f 1031/1/1029 1030/1/1028 985/1/986
f 1032/1/1031 1033/1/1034 1034/1/1032
f 1031/1/1029 1034/1/1032 1033/1/1034
f 984/1/983 989/1/988 1034/1/1032
f 1034/1/1032 989/1/988 991/1/990
f 1036/1/1035 1037/1/1038 1038/1/1036
f 1035/1/1033 1038/1/1036 1037/1/1038
f 993/1/992 1038/1/1036 1035/1/1033
f 995/1/994 1039/1/1037 1038/1/1036
f 1040/1/1039 1041/1/1042 1042/1/1040
f 1039/1/1037 1042/1/1040 1041/1/1042
f 997/1/996 1042/1/1040 1039/1/1037
f 999/1/998 1043/1/1041 1042/1/1040
f 1040/1/1039 1043/1/1041 1044/1/1043
f 1001/1/1000 1044/1/1043 1043/1/1041
f 1003/1/1002 1046/1/1045 1044/1/1043
f 1045/1/1044 1044/1/1043 1046/1/1045
f 1047/1/1046 1046/1/1045 1051/1/1050
f 1005/1/1004 1051/1/1050 1046/1/1045
f 1048/1/1047 1051/1/1050 1005/1/1004
f 1049/1/1048 1048/1/1047 1052/1/1051
f 1012/1/1011 1052/1/1051 1048/1/1047
f 1015/1/1013 1054/1/1053 1052/1/1051
f 1053/1/1052 1052/1/1051 1054/1/1053
f 1023/1/1022 1019/1/1021 1056/1/1055
f 1058/1/1057 1056/1/1055 1019/1/1021
f 1059/1/1058 1060/1/1059 1056/1/1055
f 1057/1/1056 1056/1/1055 1060/1/1059
f 1018/1/1017 1025/1/1026 1062/1/1061
f 1063/1/1062 1062/1/1061 1025/1/1026
f 1064/1/1063 1065/1/1064 1062/1/1061
f 1058/1/1057 1062/1/1061 1065/1/1064
f 1024/1/1023 1029/1/1030 1066/1/1065
f 1067/1/1066 1066/1/1065 1029/1/1030
f 1068/1/1067 1069/1/1068 1066/1/1065
f 1063/1/1062 1066/1/1065 1069/1/1068
f 1028/1/1027 1033/1/1034 1070/1/1069
f 1071/1/1070 1070/1/1069 1033/1/1034
f 1072/1/1071 1073/1/1072 1070/1/1069
f 1067/1/1066 1070/1/1069 1073/1/1072
f 1074/1/1073 1075/1/1077 1076/1/1074
f 1078/1/1076 1076/1/1074 1075/1/1077
f 1061/1/1060 1060/1/1059 1076/1/1074
f 1077/1/1075 1076/1/1074 1060/1/1059
f 1080/1/1079 1081/1/1082 1082/1/1080
f 1077/1/1075 1081/1/1082 1080/1/1079
f 1059/1/1058 1065/1/1064 1081/1/1082
f 1082/1/1080 1081/1/1082 1065/1/1064
f 1084/1/1083 1085/1/1086 1086/1/1084
f 1083/1/1081 1082/1/1080 1085/1/1086
f 1064/1/1063 1069/1/1068 1085/1/1086
f 1086/1/1084 1085/1/1086 1069/1/1068
f 1088/1/1087 1089/1/1308 1090/1/1088
f 1092/1/1090 1093/1/1092 1091/1/1089
f 1094/1/1091 1091/1/1089 1093/1/1092
f 1088/1/1087 1091/1/1089 1094/1/1091
f 1096/1/1094 1094/1/1091 1097/1/1095
f 1099/1/1097 1097/1/1095 1094/1/1091
f 1100/1/1098 1101/1/1099 1097/1/1095
f 1098/1/1096 1097/1/1095 1101/1/1099
f 1102/1/1100 1101/1/1099 1103/1/1101
f 1105/1/1103 1103/1/1101 1101/1/1099
f 1106/1/1104 1107/1/1105 1103/1/1101
f 1104/1/1102 1103/1/1101 1107/1/1105
f 1108/1/1106 1107/1/1105 1109/1/1107
f 1111/1/1109 1109/1/1107 1107/1/1105
f 1112/1/1110 1113/1/1111 1109/1/1107
f 1110/1/1108 1109/1/1107 1113/1/1111
f 1114/1/1112 1113/1/1111 1115/1/1113
f 1117/1/1115 1115/1/1113 1113/1/1111
f 1118/1/1116 1119/1/1117 1115/1/1113
f 1116/1/1114 1115/1/1113 1119/1/1117
f 1120/1/1118 1119/1/1117 1121/1/1119
f 1123/1/1121 1121/1/1119 1119/1/1117
f 1124/1/1122 1125/1/1123 1121/1/1119
f 1125/1/1123 1126/1/4122 1122/1/1120
f 1127/1/1124 1128/1/1129 1129/1/1125
f 1129/1/1125 1126/1/4122 1125/1/1123
f 1131/1/1127 1130/1/1126 1125/1/1123
f 1132/1/1128 1127/1/1124 1130/1/1126
f 1128/1/1129 1127/1/1124 1133/1/1130
f 1135/1/1132 1133/1/1130 1127/1/1124
f 1136/1/1133 1137/1/1134 1133/1/1130
f 1137/1/1134 1138/1/1139 1134/1/1131
f 1139/1/1135 1140/1/1138 1141/1/1136
f 1137/1/1134 1141/1/1136 1140/1/1138
f 1143/1/1140 1141/1/1136 1137/1/1134
f 1144/1/1141 1142/1/1137 1141/1/1136
f 1142/1/1137 1145/1/1145 1146/1/1142
f 1147/1/1143 1145/1/1145 1142/1/1137
f 1148/1/1144 1149/1/1146 1145/1/1145
f 1146/1/1142 1145/1/1145 1149/1/1146
f 1151/1/1148 1152/1/1151 1153/1/1149
f 1152/1/1151 1155/1/1153 1156/1/1152
f 1099/1/1097 1153/1/1149 1156/1/1152
f 1154/1/1150 1153/1/1149 1099/1/1097
f 1155/1/1153 1157/1/1156 1158/1/1154
f 1080/1/1079 1158/1/1154 1157/1/1156
f 1083/1/1081 1160/1/1157 1158/1/1154
f 1159/1/1155 1158/1/1154 1160/1/1157
f 1161/1/1158 1162/1/1160 1163/1/1159
f 1105/1/1103 1163/1/1159 1162/1/1160
f 1100/1/1098 1156/1/1152 1163/1/1159
f 1159/1/1155 1163/1/1159 1156/1/1152
f 1161/1/1158 1160/1/1157 1164/1/1161
f 1084/1/1083 1164/1/1161 1160/1/1157
f 1087/1/1085 1166/1/1163 1164/1/1161
f 1165/1/1162 1164/1/1161 1166/1/1163
f 1167/1/1164 1168/1/1166 1169/1/1165
f 1111/1/1109 1169/1/1165 1168/1/1166
f 1106/1/1104 1162/1/1160 1169/1/1165
f 1165/1/1162 1169/1/1165 1162/1/1160
f 1170/1/1167 1171/1/1170 1172/1/1168
f 1117/1/1115 1172/1/1168 1171/1/1170
f 1112/1/1110 1168/1/1166 1172/1/1168
f 1173/1/1169 1172/1/1168 1168/1/1166
f 1123/1/1121 1174/1/1172 1175/1/1171
f 1118/1/1116 1171/1/1170 1174/1/1172
f 1176/1/1173 1174/1/1172 1171/1/1170
f 1177/1/1174 1175/1/1171 1174/1/1172
f 1178/1/1175 1179/1/1178 1180/1/1176
f 1131/1/1127 1180/1/1176 1179/1/1178
f 1124/1/1122 1175/1/1171 1180/1/1176
f 1181/1/1177 1180/1/1176 1175/1/1171
f 1182/1/1179 1183/1/1182 1184/1/1180
f 1135/1/1132 1184/1/1180 1183/1/1182
f 1132/1/1128 1179/1/1178 1184/1/1180
f 1185/1/1181 1184/1/1180 1179/1/1178
f 1186/1/1183 1187/1/1186 1188/1/1184
f 1143/1/1140 1188/1/1184 1187/1/1186
f 1136/1/1133 1183/1/1182 1188/1/1184
f 1189/1/1185 1188/1/1184 1183/1/1182
f 1193/1/1190 1190/1/1187 1194/1/1191
f 1151/1/1148 1195/1/1192 1190/1/1187
f 1191/1/1188 1190/1/1187 1195/1/1192
f 1095/1/1093 1093/1/1092 1197/1/1194
f 1198/1/1195 1197/1/1194 1093/1/1092
f 1196/1/1193 1195/1/1192 1197/1/1194
f 1154/1/1150 1197/1/1194 1195/1/1192
f 1079/1/1078 1075/1/1077 1199/1/1196
f 1157/1/1156 1199/1/1196 1075/1/1077
f 1155/1/1153 1152/1/1151 1199/1/1196
f 1193/1/1190 1199/1/1196 1152/1/1151
f 393/1/392 390/1/391 1200/1/1197
f 387/1/386 1200/1/1197 390/1/391
f 20/1/19 1202/1/1199 1200/1/1197
f 1201/1/1198 1200/1/1197 1202/1/1199
f 1202/1/1199 1204/1/1202 1205/1/1201
f 19/1/20 1204/1/1202 1202/1/1199
f 18/1/18 52/1/51 1204/1/1202
f 1205/1/1201 1204/1/1202 52/1/51
f 392/1/390 1207/1/1204 583/1/582
f 393/1/392 1208/1/1206 1207/1/1204
f 1209/1/1205 1206/1/1203 1207/1/1204
f 51/1/599 599/1/598 1213/1/1210
f 1214/1/1211 1215/1/1214 1216/1/1212
f 393/1/392 1201/1/1198 1216/1/1212
f 1217/1/1213 1216/1/1212 1201/1/1198
f 1217/1/1213 1218/1/1216 1219/1/1215
f 1203/1/1200 1212/1/1209 1218/1/1216
f 1211/1/1208 1219/1/1215 1218/1/1216
f 584/1/583 1206/1/1203 1220/1/1217
f 1222/1/1219 1223/1/1220 1220/1/1217
f 591/1/590 1220/1/1217 1223/1/1220
f 1211/1/1208 1210/1/1207 1224/1/1221
f 611/1/612 1224/1/1221 1210/1/1207
f 604/1/604 1226/1/1223 1224/1/1221
f 1225/1/1222 1224/1/1221 1226/1/1223
f 1228/1/1225 1229/1/1228 1230/1/1226
f 1221/1/1218 1230/1/1226 1229/1/1228
f 1209/1/1205 1215/1/1214 1230/1/1226
f 1231/1/1227 1230/1/1226 1215/1/1214
f 1214/1/1211 1219/1/1215 1232/1/1229
f 1225/1/1222 1232/1/1229 1219/1/1215
f 1227/1/1224 1233/1/1230 1232/1/1229
f 1231/1/1227 1232/1/1229 1233/1/1230
f 1226/1/1223 604/1/604 602/1/603
f 1235/1/1232 1234/1/1231 602/1/603
f 1236/1/1233 1234/1/1231 1235/1/1232
f 1227/1/1224 1226/1/1223 1234/1/1231
f 1238/1/1235 1239/1/1238 1240/1/1236
f 587/1/586 1240/1/1236 1239/1/1238
f 589/1/588 1223/1/1220 1240/1/1236
f 1241/1/1237 1240/1/1236 1223/1/1220
f 1222/1/1219 1229/1/1228 1242/1/1239
f 1243/1/1240 1242/1/1239 1229/1/1228
f 1244/1/1241 1245/1/1242 1242/1/1239
f 1241/1/1237 1242/1/1239 1245/1/1242
f 1228/1/1225 1233/1/1230 1246/1/1243
f 1236/1/1233 1246/1/1243 1233/1/1230
f 1237/1/1234 1247/1/1244 1246/1/1243
f 1243/1/1240 1246/1/1243 1247/1/1244
f 435/1/434 579/1/577 1248/1/1245
f 1238/1/1235 1250/1/1247 1248/1/1245
f 1249/1/1246 1248/1/1245 1250/1/1247
f 1251/1/1248 1252/1/1250 1253/1/1249
f 432/1/431 436/1/437 1253/1/1249
f 1249/1/1246 1253/1/1249 436/1/437
f 1237/1/1234 1235/1/1232 1254/1/1251
f 1256/1/1253 1254/1/1251 594/1/593
f 1255/1/1252 1254/1/1251 1256/1/1253
f 1258/1/1255 1259/1/1258 1260/1/1256
f 1250/1/1247 1260/1/1256 1259/1/1258
f 1238/1/1235 1245/1/1242 1260/1/1256
f 1261/1/1257 1260/1/1256 1245/1/1242
f 1244/1/1241 1247/1/1244 1262/1/1259
f 1255/1/1252 1262/1/1259 1247/1/1244
f 1257/1/1254 1263/1/1260 1262/1/1259
f 432/1/431 1252/1/1250 1264/1/1261
f 1265/1/1262 1264/1/1261 1252/1/1250
f 1266/1/1263 1267/1/1264 1264/1/1261
f 433/1/432 1264/1/1261 1267/1/1264
f 1268/1/1265 1269/1/1268 1270/1/1266
f 1256/1/1253 1270/1/1266 1269/1/1268
f 341/1/340 337/1/339 1270/1/1266
f 1271/1/1267 1270/1/1266 337/1/339
f 1266/1/1263 1265/1/1262 1272/1/1269
f 1259/1/1258 1272/1/1269 1265/1/1262
f 1259/1/1258 1258/1/1255 1274/1/1271
f 1273/1/1270 1272/1/1269 1274/1/1271
f 1258/1/1255 1263/1/1260 1276/1/1273
f 1263/1/1260 1257/1/1254 1269/1/1268
f 1277/1/1274 1276/1/1273 1269/1/1268
f 1274/1/1271 1276/1/1273 1277/1/1274
f 1278/1/1275 1279/1/1278 1280/1/1276
f 430/1/428 1279/1/1278 1278/1/1275
f 434/1/433 1282/1/1280 1279/1/1278
f 1283/1/1279 1280/1/1276 1279/1/1278
f 1284/1/1281 1285/1/1284 1286/1/1282
f 1271/1/1267 1286/1/1282 1285/1/1284
f 336/1/335 975/1/976 1286/1/1282
f 1287/1/1283 1286/1/1282 975/1/976
f 434/1/433 1267/1/1264 1288/1/1285
f 1266/1/1263 1289/1/1286 1288/1/1285
f 1282/1/1280 1288/1/1285 1289/1/1286
f 1292/1/1289 1290/1/1287 1280/1/1276
f 1293/1/1290 1294/1/1291 1290/1/1287
f 1291/1/1288 1290/1/1287 1294/1/1291
f 1196/1/1193 1295/1/1293 1296/1/1292
f 1291/1/1288 1192/1/1189 1191/1/1188
f 1287/1/1283 1297/1/1295 1298/1/1294
f 974/1/973 1022/1/1020 1297/1/1295
f 1023/1/1022 1299/1/1296 1297/1/1295
f 1298/1/1294 1297/1/1295 1299/1/1296
f 1300/1/1297 1301/1/1298 1294/1/1291
f 1284/1/1281 1298/1/1294 1301/1/1298
f 1294/1/1291 1301/1/1298 1298/1/1294
f 1023/1/1022 1057/1/1056 1302/1/1299
f 1078/1/1076 1302/1/1299 1057/1/1056
f 1079/1/1078 1194/1/1191 1302/1/1299
f 1268/1/1265 1285/1/1284 1303/1/1300
f 1300/1/1297 1303/1/1300 1285/1/1284
f 1293/1/1290 1304/1/1301 1303/1/1300
f 1277/1/1274 1303/1/1300 1304/1/1301
f 1283/1/1279 1289/1/1286 1305/1/1302
f 1273/1/1270 1305/1/1302 1289/1/1286
f 1275/1/1272 1304/1/1301 1305/1/1302
f 1292/1/1289 1305/1/1302 1304/1/1301
f 1198/1/1195 1306/1/1303 1295/1/1293
f 1092/1/1090 1308/1/1305 1306/1/1303
f 1307/1/1304 1306/1/1303 1308/1/1305
f 1090/1/1088 1310/1/1310 1308/1/1305
f 1311/1/1307 1310/1/1310 1090/1/1088
f 1312/1/1309 1313/1/1311 1310/1/1310
f 1308/1/1305 1310/1/1310 1313/1/1311
f 1314/1/1312 1315/1/1315 1316/1/1313
f 400/1/399 403/1/401 1315/1/1315
f 408/1/407 1318/1/1316 1315/1/1315
f 1316/1/1313 1315/1/1315 1318/1/1316
f 1319/1/1317 1318/1/1316 1320/1/1318
f 410/1/409 1320/1/1318 1318/1/1316
f 414/1/413 1322/1/1320 1320/1/1318
f 1321/1/1319 1320/1/1318 1322/1/1320
f 420/1/419 1324/1/1324 1325/1/1322
f 1326/1/1323 1325/1/1322 1324/1/1324
f 1323/1/1321 1322/1/1320 1325/1/1322
f 416/1/415 1325/1/1322 1322/1/1320
f 426/1/425 428/1/430 1328/1/1326
f 1329/1/1327 1328/1/1326 428/1/430
f 1327/1/1325 1324/1/1324 1328/1/1326
f 422/1/421 1328/1/1326 1324/1/1324
f 427/1/426 1278/1/1275 1330/1/1328
f 1307/1/1304 1330/1/1328 1278/1/1275
f 1309/1/1306 1331/1/1329 1330/1/1328
f 1329/1/1327 1330/1/1328 1331/1/1329
f 1332/1/1330 1333/1/1333 1334/1/1331
f 1326/1/1323 1334/1/1331 1333/1/1333
f 1335/1/1332 1334/1/1331 1336/1/1334
f 1331/1/1329 1338/1/1337 1336/1/1334
f 1339/1/1336 1338/1/1337 1331/1/1329
f 1337/1/1335 1336/1/1334 1338/1/1337
f 1340/1/1338 1341/1/1341 1342/1/1339
f 1339/1/1336 1342/1/1339 1341/1/1341
f 1337/1/1335 1341/1/1341 1344/1/1342
f 1346/1/1344 1347/1/1345 1344/1/1342
f 1335/1/1332 1344/1/1342 1347/1/1345
f 1348/1/1346 1349/1/1349 1350/1/1347
f 870/1/867 1350/1/1347 1349/1/1349
f 871/1/869 1352/1/1350 1350/1/1347
f 1351/1/1348 1350/1/1347 1352/1/1350
f 1354/1/1352 1355/1/1355 1356/1/1353
f 943/1/941 1356/1/1353 1355/1/1355
f 872/1/870 1349/1/1349 1356/1/1353
f 1357/1/1354 1356/1/1353 1349/1/1349
f 944/1/942 1355/1/1355 1358/1/1356
f 1359/1/1357 1358/1/1356 1355/1/1355
f 1360/1/1358 1361/1/1359 1358/1/1356
f 952/1/950 1358/1/1356 1361/1/1359
f 953/1/951 1361/1/1359 1362/1/1360
f 1364/1/1362 1365/1/1363 1362/1/1360
f 954/1/952 1362/1/1360 1365/1/1363
f 955/1/953 1365/1/1363 1366/1/1364
f 1367/1/1365 1366/1/1364 1365/1/1363
f 1368/1/1366 1369/1/1367 1366/1/1364
f 969/1/967 1366/1/1364 1369/1/1367
f 973/1/971 1370/1/1368 1373/1/1371
f 966/1/965 1369/1/1367 1370/1/1368
f 1371/1/1369 1370/1/1368 1369/1/1367
f 1373/1/1371 1374/1/1374 964/1/961
f 1375/1/1372 1374/1/1374 1373/1/1371
f 1376/1/1373 1377/1/1375 1374/1/1374
f 837/1/964 964/1/961 1374/1/1374
f 1376/1/1373 1378/1/1378 1379/1/1376
f 1380/1/1377 1379/1/1376 1378/1/1378
f 841/1/839 838/1/836 1379/1/1376
f 849/1/847 848/1/846 1382/1/1380
f 1380/1/1377 1382/1/1380 848/1/846
f 1381/1/1379 1384/1/1382 1382/1/1380
f 1383/1/1381 1382/1/1380 1384/1/1382
f 849/1/847 1383/1/1381 1386/1/1384
f 1385/1/1383 1387/1/1386 1386/1/1384
f 1388/1/1385 1386/1/1384 1387/1/1386
f 857/1/854 1386/1/1384 1388/1/1385
f 862/1/859 865/1/861 1390/1/1388
f 854/1/852 1388/1/1385 1390/1/1388
f 1389/1/1387 1392/1/1390 1390/1/1388
f 1391/1/1389 1390/1/1388 1392/1/1390
f 1364/1/1362 1394/1/1394 1395/1/1392
f 1396/1/1393 1395/1/1392 1394/1/1394
f 1398/1/1396 1399/1/1397 1395/1/1392
f 1367/1/1365 1395/1/1392 1399/1/1397
f 1368/1/1366 1399/1/1397 1400/1/1398
f 1401/1/1399 1400/1/1398 1399/1/1397
f 1402/1/1400 1403/1/1401 1400/1/1398
f 1371/1/1369 1400/1/1398 1403/1/1401
f 1372/1/1370 1403/1/1401 1404/1/1402
f 1405/1/1403 1404/1/1402 1403/1/1401
f 1406/1/1404 1407/1/1405 1404/1/1402
f 1375/1/1372 1404/1/1402 1407/1/1405
f 1376/1/1373 1407/1/1405 1408/1/1406
f 1409/1/1407 1408/1/1406 1407/1/1405
f 1410/1/1408 1408/1/1406 1409/1/1407
f 1381/1/1379 1378/1/1378 1408/1/1406
f 1385/1/1383 1384/1/1382 1412/1/1410
f 1410/1/1408 1412/1/1410 1384/1/1382
f 1411/1/1409 1414/1/1412 1412/1/1410
f 1413/1/1411 1412/1/1410 1414/1/1412
f 1389/1/1387 1387/1/1386 1416/1/1414
f 1413/1/1411 1416/1/1414 1387/1/1386
f 1415/1/1413 1418/1/1416 1416/1/1414
f 1393/1/1391 1392/1/1390 1420/1/1418
f 1417/1/1415 1420/1/1418 1392/1/1390
f 1419/1/1417 1422/1/1420 1420/1/1418
f 1421/1/1419 1420/1/1418 1422/1/1420
f 773/1/772 789/1/788 1424/1/1422
f 1425/1/1423 1424/1/1422 789/1/788
f 1426/1/1424 1427/1/1425 1424/1/1422
f 771/1/770 1424/1/1422 1427/1/1425
f 791/1/790 799/1/798 1428/1/1426
f 1430/1/1428 1428/1/1426 799/1/798
f 1431/1/1429 1432/1/1430 1428/1/1426
f 1429/1/1427 1428/1/1426 1432/1/1430
f 1434/1/1432 1435/1/1435 1436/1/1433
f 792/1/791 1436/1/1433 1435/1/1435
f 1429/1/1427 1436/1/1433 792/1/791
f 1429/1/1427 1433/1/1431 1437/1/1434
f 769/1/768 1427/1/1425 1439/1/1437
f 1440/1/1438 1439/1/1437 1427/1/1425
f 1442/1/1440 1443/1/1443 1444/1/1441
f 1425/1/1423 1444/1/1441 1443/1/1443
f 793/1/792 1435/1/1435 1444/1/1441
f 1434/1/1432 1445/1/1442 1444/1/1441
f 1446/1/1444 1447/1/1447 1448/1/1445
f 1445/1/1442 1448/1/1445 1447/1/1447
f 1437/1/1434 1448/1/1445 1445/1/1442
f 1433/1/1431 1449/1/1446 1448/1/1445
f 1433/1/1431 1432/1/1430 1450/1/1448
f 1452/1/1450 1450/1/1448 1451/1/1449
f 1446/1/1444 1449/1/1446 1450/1/1448
f 797/1/796 825/1/824 1454/1/1452
f 1455/1/1453 1454/1/1452 1458/1/1456
f 860/1/863 1462/1/1460 1460/1/1458
f 863/1/862 1464/1/1462 1462/1/1460
f 862/1/859 1466/1/1464 1464/1/1462
f 1465/1/1463 1464/1/1462 1466/1/1464
f 1467/1/1465 1466/1/1464 1468/1/1466
f 1391/1/1389 1468/1/1466 1466/1/1464
f 1393/1/1391 1470/1/1468 1468/1/1466
f 1469/1/1467 1468/1/1466 1470/1/1468
f 1473/1/1471 1472/1/1470 1421/1/1419
f 1474/1/1472 1475/1/1473 1472/1/1470
f 1471/1/1469 1470/1/1468 1472/1/1470
f 1471/1/1469 1475/1/1473 1476/1/1474
f 1478/1/1476 1476/1/1474 1475/1/1473
f 1479/1/1477 1480/1/1478 1476/1/1474
f 1483/1/1481 1482/1/1480 1484/1/1482
f 1469/1/1467 1482/1/1480 1483/1/1481
f 1471/1/1469 1477/1/1475 1482/1/1480
f 1485/1/1483 1484/1/1482 1486/1/1484
f 1480/1/1478 1486/1/1484 1484/1/1482
f 1479/1/1477 1488/1/1486 1486/1/1484
f 1487/1/1485 1486/1/1484 1488/1/1486
f 1467/1/1465 1483/1/1481 1490/1/1488
f 1491/1/1489 1490/1/1488 1483/1/1481
f 1492/1/1490 1493/1/1491 1490/1/1488
f 1465/1/1463 1490/1/1488 1493/1/1491
f 1479/1/1477 1478/1/1476 1494/1/1492
f 1474/1/1472 1496/1/1494 1494/1/1492
f 1495/1/1493 1494/1/1492 1496/1/1494
f 1492/1/1490 1491/1/1489 1498/1/1496
f 1487/1/1485 1498/1/1496 1491/1/1489
f 1489/1/1487 1500/1/1498 1498/1/1496
f 1499/1/1497 1498/1/1496 1500/1/1498
f 1489/1/1487 1488/1/1486 1502/1/1500
f 1495/1/1493 1502/1/1500 1488/1/1486
f 1497/1/1495 1503/1/1501 1502/1/1500
f 1501/1/1499 1500/1/1498 1502/1/1500
f 197/1/196 196/1/195 1504/1/1502
f 1505/1/1503 1504/1/1502 196/1/195
f 1506/1/1504 1507/1/1505 1504/1/1502
f 216/1/215 1504/1/1502 1507/1/1505
f 219/1/218 218/1/217 1508/1/1506
f 1509/1/1507 1508/1/1506 218/1/217
f 1510/1/1508 1511/1/1509 1508/1/1506
f 226/1/225 1508/1/1506 1511/1/1509
f 1512/1/1510 1513/1/1513 1514/1/1511
f 233/1/231 1514/1/1511 1513/1/1513
f 227/1/226 1511/1/1509 1514/1/1511
f 1515/1/1512 1514/1/1511 1511/1/1509
f 81/1/80 1516/1/1516 1517/1/1514
f 1518/1/1515 1517/1/1514 1516/1/1516
f 1505/1/1503 1517/1/1514 1518/1/1515
f 76/1/75 79/1/77 1517/1/1514
f 217/1/216 1507/1/1505 1520/1/1518
f 1521/1/1519 1520/1/1518 1507/1/1505
f 1522/1/1520 1523/1/1521 1520/1/1518
f 1509/1/1507 1520/1/1518 1523/1/1521
f 1510/1/1508 1523/1/1521 1524/1/1522
f 1525/1/1523 1524/1/1522 1523/1/1521
f 1526/1/1524 1527/1/1525 1524/1/1522
f 1515/1/1512 1524/1/1522 1527/1/1525
f 1519/1/1517 1528/1/1528 1529/1/1526
f 1530/1/1527 1529/1/1526 1528/1/1528
f 1518/1/1515 1529/1/1526 1521/1/1519
f 1519/1/1517 1516/1/1516 1532/1/1530
f 116/1/114 1532/1/1530 1516/1/1516
f 117/1/116 1534/1/1532 1532/1/1530
f 1533/1/1531 1532/1/1530 1534/1/1532
f 1526/1/1524 1525/1/1523 1536/1/1534
f 1530/1/1527 1536/1/1534 1525/1/1523
f 1531/1/1529 1538/1/1536 1536/1/1534
f 1537/1/1535 1536/1/1534 1538/1/1536
f 1540/1/1538 1541/1/1541 725/1/724
f 1542/1/1539 1541/1/1541 1540/1/1538
f 1535/1/1533 1534/1/1532 1541/1/1541
f 725/1/724 1541/1/1541 1534/1/1532
f 1531/1/1529 1528/1/1528 1544/1/1542
f 1535/1/1533 1546/1/1544 1544/1/1542
f 1545/1/1543 1544/1/1542 1546/1/1544
f 1539/1/1537 1538/1/1536 1548/1/1546
f 1545/1/1543 1548/1/1546 1538/1/1536
f 1547/1/1545 1550/1/1548 1548/1/1546
f 1549/1/1547 1548/1/1546 1550/1/1548
f 730/1/728 1552/1/1551 1553/1/1550
f 1552/1/1551 1554/1/1563 1555/1/1552
f 1543/1/1540 1540/1/1538 1553/1/1550
f 731/1/730 1553/1/1550 1540/1/1538
f 1547/1/1545 1546/1/1544 1556/1/1553
f 1542/1/1539 1556/1/1553 1546/1/1544
f 1543/1/1540 1558/1/1555 1556/1/1553
f 1557/1/1554 1556/1/1553 1558/1/1555
f 1559/1/1556 1560/1/1559 1561/1/1557
f 1562/1/1558 1561/1/1557 1560/1/1559
f 1551/1/1549 1550/1/1548 1561/1/1557
f 1557/1/1554 1561/1/1557 1550/1/1548
f 734/1/732 1564/1/1561 1552/1/1551
f 735/1/734 1566/1/1564 1564/1/1561
f 1565/1/1562 1564/1/1561 1566/1/1564
f 1569/1/1567 1568/1/1566 1555/1/1552
f 1570/1/1568 1571/1/1569 1568/1/1566
f 1559/1/1556 1558/1/1555 1568/1/1566
f 1563/1/1560 1560/1/1559 1572/1/1570
f 1571/1/1569 1572/1/1570 1560/1/1559
f 1570/1/1568 1569/1/1567 1576/1/1574
f 1565/1/1562 1576/1/1574 1569/1/1567
f 1567/1/1565 1578/1/1576 1576/1/1574
f 1577/1/1575 1576/1/1574 1578/1/1576
f 1577/1/1575 1580/1/1578 1574/1/1572
f 1579/1/1577 1582/1/1580 1580/1/1578
f 1581/1/1579 1580/1/1578 1582/1/1580
f 1585/1/1583 1584/1/1582 1588/1/1586
f 494/1/493 1591/1/1589 1586/1/1584
f 496/1/495 1592/1/1590 1591/1/1589
f 1587/1/1585 1590/1/1588 1594/1/1592
f 1596/1/1594 1594/1/1592 1590/1/1588
f 1597/1/1595 1598/1/1596 1594/1/1592
f 1595/1/1593 1594/1/1592 1598/1/1596
f 496/1/495 516/1/517 1600/1/1598
f 1601/1/1599 1600/1/1598 516/1/517
f 1602/1/1600 1603/1/1601 1600/1/1598
f 1592/1/1590 1600/1/1598 1603/1/1601
f 1604/1/1602 1605/1/1603 1602/1/1600
f 1604/1/1602 1601/1/1599 515/1/514
f 528/1/529 527/1/526 1605/1/1603
f 1593/1/1591 1603/1/1601 1606/1/1604
f 1607/1/1605 1606/1/1604 1603/1/1601
f 1608/1/1606 1609/1/1607 1606/1/1604
f 1596/1/1594 1606/1/1604 1609/1/1607
f 1610/1/1608 1611/1/1611 1612/1/1609
f 1605/1/1603 1612/1/1609 1611/1/1611
f 527/1/526 533/1/533 1612/1/1609
f 1613/1/1610 1612/1/1609 533/1/533
f 1602/1/1600 1611/1/1611 1614/1/1612
f 1616/1/1614 1617/1/1615 1614/1/1612
f 1607/1/1605 1614/1/1612 1617/1/1615
f 1610/1/1608 1613/1/1610 1618/1/1616
f 524/1/523 521/1/522 1618/1/1616
f 405/1/404 1620/1/1618 1618/1/1616
f 1619/1/1617 1618/1/1616 1620/1/1618
f 1622/1/1620 1623/1/1624 1624/1/1621
f 1626/1/1623 1624/1/1621 1623/1/1624
f 1628/1/1626 1629/1/1627 1624/1/1621
f 1625/1/1622 1624/1/1621 1629/1/1627
f 1630/1/1628 1631/1/1631 1632/1/1629
f 1625/1/1622 1632/1/1629 1631/1/1631
f 1599/1/1597 1598/1/1596 1632/1/1629
f 1633/1/1630 1632/1/1629 1598/1/1596
f 1634/1/1632 1635/1/1635 1636/1/1633
f 1633/1/1630 1636/1/1633 1635/1/1635
f 1597/1/1595 1609/1/1607 1636/1/1633
f 1637/1/1634 1636/1/1633 1609/1/1607
f 1638/1/1636 1639/1/1639 1640/1/1637
f 1638/1/1636 1634/1/1632 1637/1/1634
f 1608/1/1606 1617/1/1615 1639/1/1639
f 1616/1/1614 1640/1/1637 1639/1/1639
f 1627/1/1625 1623/1/1624 1642/1/1640
f 1644/1/1642 1642/1/1640 1623/1/1624
f 1645/1/1643 1646/1/1644 1642/1/1640
f 1643/1/1641 1642/1/1640 1646/1/1644
f 1622/1/1620 1631/1/1631 1648/1/1646
f 1648/1/1646 1631/1/1631 1630/1/1628
f 1648/1/1646 1649/1/1647 1650/1/1648
f 1644/1/1642 1648/1/1646 1651/1/1649
f 1652/1/1650 1649/1/1647 1630/1/1628
f 1652/1/1650 1635/1/1635 1634/1/1632
f 1652/1/1650 1653/1/1651 1654/1/1652
f 1652/1/1650 1655/1/1653 1650/1/1648
f 1641/1/1638 1656/1/1660 1657/1/1654
f 1657/1/1654 1656/1/1660 1658/1/1655
f 1657/1/1654 1659/1/1656 1654/1/1652
f 1653/1/1651 1634/1/1632 1638/1/1636
f 1658/1/1655 1656/1/1660 1660/1/1657
f 1662/1/1659 1660/1/1657 1656/1/1660
f 1663/1/1661 1664/1/1662 1660/1/1657
f 1661/1/1658 1660/1/1657 1664/1/1662
f 1667/1/1665 1666/1/1664 1670/1/1668
f 1672/1/1670 1673/1/1673 1674/1/1671
f 1673/1/1673 1676/1/1675 1677/1/1674
f 1671/1/1669 1670/1/1668 1674/1/1671
f 1675/1/1672 1674/1/1671 1670/1/1668
f 1676/1/1675 1673/1/1673 1678/1/1676
f 1680/1/1678 1678/1/1676 1673/1/1673
f 1681/1/1679 1682/1/1680 1678/1/1676
f 1679/1/1677 1678/1/1676 1682/1/1680
f 1683/1/1681 1682/1/1680 1684/1/1682
f 1688/1/1686 1684/1/1682 1682/1/1680
f 1689/1/1687 1685/1/1683 1684/1/1682
f 1691/1/1689 1690/1/1688 1692/1/1690
f 1694/1/1692 1695/1/1693 1690/1/1688
f 1696/1/1694 1697/1/1696 1691/1/1689
f 1698/1/1695 1699/1/1698 1697/1/1696
f 1700/1/1697 1697/1/1696 1699/1/1698
f 1691/1/1689 1697/1/1696 1700/1/1697
f 1701/1/1699 1699/1/1698 1702/1/1700
f 1704/1/1702 1702/1/1700 1699/1/1698
f 1705/1/1703 1706/1/1704 1702/1/1700
f 1703/1/1701 1702/1/1700 1706/1/1704
f 1708/1/1706 1709/1/1707 1706/1/1704
f 1643/1/1641 1709/1/1707 1708/1/1706
f 1647/1/1645 1710/1/1708 1709/1/1707
f 1707/1/1705 1706/1/1704 1709/1/1707
f 1671/1/1669 1715/1/1713 1711/1/1709
f 1715/1/1713 1716/1/1718 1712/1/1710
f 1671/1/1669 1677/1/1674 1717/1/1714
f 1718/1/1715 1717/1/1714 1677/1/1674
f 1719/1/1716 1720/1/1717 1717/1/1714
f 1715/1/1713 1717/1/1714 1720/1/1717
f 1719/1/1716 1718/1/1715 1721/1/1719
f 1679/1/1677 1721/1/1719 1718/1/1715
f 1683/1/1681 1723/1/1723 1721/1/1719
f 1721/1/1719 1723/1/1723 1724/1/1721
f 1683/1/1681 1687/1/1685 1725/1/1722
f 1726/1/1724 1725/1/1722 1687/1/1685
f 1727/1/1725 1728/1/1726 1725/1/1722
f 1723/1/1723 1725/1/1722 1728/1/1726
f 1686/1/1684 1695/1/1693 1729/1/1727
f 1730/1/1728 1729/1/1727 1695/1/1693
f 1731/1/1729 1732/1/1730 1729/1/1727
f 1726/1/1724 1729/1/1727 1732/1/1730
f 1694/1/1692 1700/1/1697 1733/1/1731
f 1734/1/1732 1733/1/1731 1700/1/1697
f 1735/1/1733 1736/1/1734 1733/1/1731
f 1730/1/1728 1733/1/1731 1736/1/1734
f 1710/1/1708 1737/1/1738 1738/1/1735
f 1739/1/1736 1737/1/1738 1710/1/1708
f 1740/1/1737 1741/1/1740 1737/1/1738
f 1742/1/1739 1738/1/1735 1737/1/1738
f 1735/1/1733 1734/1/1732 1743/1/1741
f 1703/1/1701 1743/1/1741 1734/1/1732
f 1707/1/1705 1738/1/1735 1743/1/1741
f 1744/1/1742 1743/1/1741 1738/1/1735
f 1716/1/1718 1720/1/1717 1745/1/1743
f 1747/1/1745 1745/1/1743 1720/1/1717
f 1748/1/1746 1745/1/1743 1747/1/1745
f 1749/1/1747 1747/1/1745 1751/1/1749
f 1722/1/1720 1751/1/1749 1747/1/1745
f 1724/1/1721 1753/1/1751 1751/1/1749
f 1724/1/1721 1728/1/1726 1755/1/1753
f 1756/1/1754 1755/1/1753 1728/1/1726
f 1757/1/1755 1758/1/1756 1755/1/1753
f 1753/1/1751 1755/1/1753 1758/1/1756
f 1727/1/1725 1732/1/1730 1759/1/1757
f 1760/1/1758 1759/1/1757 1732/1/1730
f 1761/1/1759 1762/1/1760 1759/1/1757
f 1756/1/1754 1759/1/1757 1762/1/1760
f 1731/1/1729 1736/1/1734 1763/1/1761
f 1764/1/1762 1763/1/1761 1736/1/1734
f 1765/1/1763 1766/1/1764 1763/1/1761
f 1760/1/1758 1763/1/1761 1766/1/1764
f 1765/1/1763 1764/1/1762 1767/1/1765
f 1744/1/1742 1767/1/1765 1764/1/1762
f 1742/1/1739 1769/1/1767 1767/1/1765
f 1768/1/1766 1767/1/1765 1769/1/1767
f 1771/1/1769 1645/1/1643 1651/1/1649
f 1772/1/1770 1651/1/1649 1650/1/1648
f 1772/1/1770 1773/1/1771 1774/1/1772
f 1776/1/1774 1771/1/1769 1772/1/1770
f 1777/1/1775 1778/1/1778 1779/1/1776
f 1765/1/1763 1768/1/1766 1777/1/1775
f 1777/1/1775 1768/1/1766 1770/1/1768
f 1781/1/1779 1782/1/1790 1779/1/1776
f 1754/1/1752 1758/1/1756 1781/1/1779
f 1757/1/1755 1782/1/1790 1781/1/1779
f 1784/1/1781 1785/1/1784 1774/1/1772
f 1784/1/1781 1773/1/1771 1650/1/1648
f 1784/1/1781 1655/1/1653 1654/1/1652
f 1784/1/1781 1786/1/1782 1787/1/1783
f 1788/1/1785 1789/1/1787 1790/1/1786
f 1750/1/1748 1748/1/1746 1789/1/1787
f 1749/1/1747 1790/1/1786 1789/1/1787
f 1749/1/1747 1752/1/1750 1791/1/1788
f 1754/1/1752 1783/1/1780 1791/1/1788
f 1792/1/1789 1793/1/1792 1779/1/1776
f 1757/1/1755 1762/1/1760 1792/1/1789
f 1761/1/1759 1793/1/1792 1792/1/1789
f 1794/1/1791 1780/1/1777 1779/1/1776
f 1761/1/1759 1766/1/1764 1794/1/1791
f 1794/1/1791 1766/1/1764 1765/1/1763
f 1769/1/1767 1795/1/1796 1796/1/1793
f 1741/1/1740 1795/1/1796 1769/1/1767
f 1797/1/1794 1795/1/1796 1741/1/1740
f 1798/1/1795 1796/1/1793 1795/1/1796
f 1799/1/1797 1800/1/1822 1779/1/1776
f 1770/1/1768 1796/1/1793 1799/1/1797
f 1798/1/1795 1800/1/1822 1799/1/1797
f 1801/1/1798 1802/1/1801 1803/1/1799
f 1750/1/1748 1788/1/1785 1802/1/1801
f 1647/1/1645 1646/1/1644 1805/1/1802
f 1771/1/1769 1805/1/1802 1646/1/1644
f 1776/1/1774 1806/1/1803 1805/1/1802
f 1739/1/1736 1805/1/1802 1806/1/1803
f 1807/1/1804 1808/1/1807 1776/1/1774
f 1807/1/1804 1775/1/1773 1774/1/1772
f 1807/1/1804 1785/1/1784 1787/1/1783
f 1807/1/1804 1809/1/1805 1810/1/1806
f 1810/1/1806 1811/1/1809 1812/1/1808
f 1797/1/1794 1812/1/1808 1811/1/1809
f 1740/1/1737 1806/1/1803 1812/1/1808
f 1808/1/1807 1812/1/1808 1806/1/1803
f 1813/1/1810 1814/1/1812 1787/1/1783
f 1813/1/1810 1786/1/1782 1654/1/1652
f 1813/1/1810 1659/1/1656 1658/1/1655
f 1814/1/1812 1813/1/1810 1815/1/1811
f 1661/1/1658 1818/1/1815 1815/1/1811
f 1810/1/1806 1809/1/1805 1819/1/1816
f 1819/1/1816 1809/1/1805 1787/1/1783
f 1819/1/1816 1814/1/1812 1816/1/1813
f 1820/1/1817 1819/1/1816 1821/1/1818
f 1821/1/1818 1816/1/1813 1817/1/1814
f 1822/1/1819 1817/1/1814 1713/1/1711
f 1822/1/1819 1823/1/1820 1804/1/1800
f 1746/1/1744 1824/1/6755 1712/1/1710
f 1801/1/1798 1824/1/6755 1746/1/1744
f 1804/1/1800 1803/1/1799 1825/1/1821
f 1800/1/1822 1825/1/1821 1803/1/1799
f 1798/1/1795 1811/1/1809 1825/1/1821
f 1820/1/1817 1825/1/1821 1811/1/1809
f 1589/1/1587 1588/1/1586 1826/1/1823
f 1595/1/1593 1826/1/1823 1588/1/1586
f 1599/1/1597 1629/1/1627 1826/1/1823
f 1827/1/1824 1826/1/1823 1629/1/1627
f 1627/1/1625 1708/1/1706 1828/1/1825
f 1705/1/1703 1829/1/1827 1828/1/1825
f 1830/1/1826 1828/1/1825 1829/1/1827
f 1626/1/1623 1828/1/1825 1830/1/1826
f 1831/1/1828 1829/1/1827 1832/1/1829
f 1704/1/1702 1832/1/1829 1829/1/1827
f 1698/1/1695 1834/1/1831 1832/1/1829
f 1833/1/1830 1832/1/1829 1834/1/1831
f 1835/1/1832 1834/1/1831 1836/1/1833
f 1696/1/1694 1836/1/1833 1834/1/1831
f 1693/1/1691 1838/1/1835 1836/1/1833
f 1837/1/1834 1836/1/1833 1838/1/1835
f 1838/1/1835 1840/1/1838 1841/1/1837
f 1692/1/1690 1840/1/1838 1838/1/1835
f 1841/1/1837 1840/1/1838 1842/1/1839
f 1844/1/1841 1845/1/6759 1846/1/1842
f 1848/1/1844 1845/1/6759 1844/1/1841
f 1841/1/1837 1845/1/6759 1848/1/1844
f 1846/1/1842 1845/1/6759 1841/1/1837
f 1688/1/1686 1850/1/1846 1842/1/1839
f 1851/1/1847 1850/1/1846 1852/1/1848
f 1842/1/1839 1850/1/1846 1851/1/1847
f 1853/1/1849 1852/1/1848 1854/1/1850
f 1680/1/1678 1854/1/1850 1852/1/1848
f 1672/1/1670 1856/1/1852 1854/1/1850
f 1855/1/1851 1854/1/1850 1856/1/1852
f 1857/1/1853 1856/1/1852 1858/1/1854
f 1675/1/1672 1858/1/1854 1856/1/1852
f 1669/1/1667 1860/1/1856 1858/1/1854
f 1859/1/1855 1858/1/1854 1860/1/1856
f 1641/1/1638 1640/1/1637 1862/1/1858
f 1863/1/1859 1862/1/1858 1640/1/1637
f 1864/1/1860 1865/1/1861 1862/1/1858
f 1662/1/1659 1862/1/1858 1865/1/1861
f 1621/1/1619 1866/1/1863 1867/1/1862
f 1863/1/1859 1867/1/1862 1866/1/1863
f 1616/1/1614 1615/1/1613 1867/1/1862
f 1619/1/1617 1867/1/1862 1615/1/1613
f 1861/1/1857 1860/1/1856 1868/1/1864
f 1668/1/1666 1868/1/1864 1860/1/1856
f 1663/1/1661 1865/1/1861 1868/1/1864
f 1869/1/1865 1868/1/1864 1865/1/1861
f 400/1/399 1870/1/1868 1871/1/1866
f 1872/1/1867 1871/1/1866 1870/1/1868
f 1621/1/1619 1620/1/1618 1871/1/1866
f 401/1/403 1871/1/1866 1620/1/1618
f 1864/1/1860 1866/1/1863 1874/1/1870
f 1872/1/1867 1874/1/1870 1866/1/1863
f 1873/1/1869 1876/1/1872 1874/1/1870
f 1875/1/1871 1874/1/1870 1876/1/1872
f 1873/1/1869 1870/1/1868 1878/1/1874
f 1314/1/1312 1878/1/1874 1870/1/1868
f 1317/1/1314 1880/1/1876 1878/1/1874
f 1879/1/1875 1878/1/1874 1880/1/1876
f 1877/1/1873 1876/1/1872 1882/1/1878
f 1879/1/1875 1882/1/1878 1876/1/1872
f 1881/1/1877 1884/1/1880 1882/1/1878
f 1883/1/1879 1882/1/1878 1884/1/1880
f 1861/1/1857 1869/1/1865 1886/1/1882
f 1875/1/1871 1886/1/1882 1869/1/1865
f 1877/1/1873 1883/1/1879 1886/1/1882
f 1887/1/1883 1886/1/1882 1883/1/1879
f 1859/1/1855 1861/1/1857 1887/1/1883
f 1889/1/1885 1888/1/1884 1887/1/1883
f 1859/1/1855 1888/1/1884 1891/1/1887
f 1857/1/1853 1891/1/1887 1892/1/1888
f 1851/1/1847 1896/1/1893 1897/1/1892
f 1898/1/1894 1896/1/1893 1895/1/1891
f 1897/1/1892 1896/1/1893 1898/1/1894
f 1900/1/1896 1901/1/1897 1897/1/1892
f 1847/1/1843 1846/1/1842 1901/1/1897
f 1843/1/1840 1897/1/1892 1901/1/1897
f 1894/1/1890 1902/1/1900 1903/1/1898
f 1904/1/1899 1903/1/1898 1902/1/1900
f 1906/1/1902 1907/1/1903 1903/1/1898
f 1898/1/1894 1903/1/1898 1907/1/1903
f 1905/1/1901 1902/1/1900 1908/1/1904
f 1893/1/1889 1908/1/1904 1902/1/1900
f 1890/1/1886 1910/1/1906 1908/1/1904
f 1909/1/1905 1908/1/1904 1910/1/1906
f 1905/1/1901 1909/1/1905 1912/1/1908
f 1913/1/1909 1912/1/1908 1909/1/1905
f 1913/1/1909 1914/1/1915 1915/1/1910
f 1904/1/1899 1912/1/1908 1915/1/1910
f 1911/1/1907 1910/1/1906 1919/1/1914
f 1914/1/1915 1913/1/1909 1920/1/1916
f 1922/1/1918 1920/1/1916 1913/1/1909
f 1923/1/1919 1924/1/1920 1920/1/1916
f 1921/1/1917 1920/1/1916 1924/1/1920
f 1926/1/1922 1927/1/1923 1924/1/1920
f 1927/1/1923 1929/1/4900 1930/1/1925
f 1925/1/1921 1924/1/1920 1927/1/1923
f 1923/1/1919 1932/1/1929 1933/1/1927
f 1934/1/1928 1933/1/1927 1932/1/1929
f 1936/1/1931 1937/1/1932 1933/1/1927
f 1926/1/1922 1933/1/1927 1937/1/1932
f 1923/1/1919 1922/1/1918 1938/1/1933
f 1918/1/1913 1938/1/1933 1922/1/1918
f 1940/1/1935 1941/1/1936 1934/1/1928
f 1941/1/1936 1940/1/1935 1942/1/1937
f 1941/1/1936 1943/1/1938 1944/1/1939
f 1940/1/1935 1946/1/1944 1947/1/1941
f 1948/1/1942 1946/1/1944 1940/1/1935
f 1949/1/1943 1950/1/1945 1946/1/1944
f 1947/1/1941 1946/1/1944 1950/1/1945
f 1952/1/1947 1953/1/1950 1954/1/1948
f 1953/1/1950 1332/1/1330 1347/1/1345
f 1346/1/1344 1956/1/1951 1954/1/1948
f 1955/1/1949 1954/1/1948 1956/1/1951
f 1962/1/1957 1963/1/1959 1958/1/1953
f 1959/1/1954 1958/1/1953 1963/1/1959
f 1952/1/1947 1955/1/1949 1966/1/1961
f 1961/1/1956 1966/1/1961 1955/1/1949
f 1966/1/1961 1961/1/1956 1960/1/1955
f 1967/1/1962 1966/1/1961 1968/1/1963
f 1952/1/1947 1967/1/1962 1970/1/1965
f 1969/1/1964 1971/1/1966 1970/1/1965
f 1333/1/1333 1970/1/1965 1971/1/1966
f 1960/1/1955 1959/1/1954 1972/1/1967
f 1965/1/1960 1973/1/1969 1972/1/1967
f 1974/1/1968 1975/1/1970 1972/1/1967
f 1968/1/1963 1972/1/1967 1975/1/1970
f 1976/1/1971 1977/1/1974 1978/1/1972
f 1321/1/1319 1978/1/1972 1977/1/1974
f 1323/1/1321 1971/1/1966 1978/1/1972
f 1979/1/1973 1978/1/1972 1971/1/1966
f 1980/1/1975 1981/1/1978 1982/1/1976
f 1965/1/1960 1963/1/1959 1981/1/1978
f 1984/1/1979 1981/1/1978 1963/1/1959
f 1982/1/1976 1981/1/1978 1984/1/1979
f 1986/1/1981 1987/1/1984 1988/1/1982
f 1979/1/1973 1988/1/1982 1987/1/1984
f 1969/1/1964 1975/1/1970 1988/1/1982
f 1989/1/1983 1988/1/1982 1975/1/1970
f 1974/1/1968 1973/1/1969 1990/1/1985
f 1980/1/1975 1990/1/1985 1973/1/1969
f 1983/1/1977 1991/1/1986 1990/1/1985
f 1989/1/1983 1990/1/1985 1991/1/1986
f 1992/1/1987 1993/1/1990 1994/1/1988
f 1982/1/1976 1994/1/1988 1993/1/1990
f 1985/1/1980 1996/1/1991 1994/1/1988
f 1995/1/1989 1994/1/1988 1996/1/1991
f 1998/1/1993 1999/1/1996 2000/1/1994
f 1319/1/1317 1977/1/1974 2000/1/1994
f 2001/1/1995 2000/1/1994 1977/1/1974
f 1997/1/1992 2002/1/1998 2003/1/1997
f 1950/1/1945 2003/1/1997 2002/1/1998
f 1950/1/1945 1949/1/1943 2004/1/1999
f 1995/1/1989 2003/1/1997 2004/1/1999
f 1885/1/1881 1884/1/1880 2005/1/2000
f 2007/1/2002 2005/1/2000 1884/1/1880
f 2006/1/2001 2005/1/2000 2007/1/2002
f 2009/1/2004 2010/1/2007 2011/1/2005
f 2001/1/1995 2011/1/2005 2010/1/2007
f 1976/1/1971 1987/1/1984 2011/1/2005
f 2012/1/2006 2011/1/2005 1987/1/1984
f 1881/1/1877 1880/1/1876 2014/1/2009
f 2013/1/2008 2015/1/2011 2016/1/2010
f 1998/1/1993 2010/1/2007 2015/1/2011
f 2009/1/2004 2016/1/2010 2015/1/2011
f 2006/1/2001 2017/1/2012 1939/1/1934
f 2008/1/2003 2018/1/2013 2017/1/2012
f 1948/1/1942 2017/1/2012 2018/1/2013
f 2019/1/2014 2020/1/2015 2016/1/2010
f 2004/1/1999 2020/1/2015 2019/1/2014
f 1949/1/1943 2018/1/2013 2020/1/2015
f 2018/1/2013 2008/1/2003 2016/1/2010
f 1986/1/1981 1991/1/1986 2021/1/2016
f 1993/1/1990 2021/1/2016 1991/1/1986
f 1992/1/1987 2019/1/2014 2021/1/2016
f 2012/1/2006 2021/1/2016 2019/1/2014
f 641/1/640 640/1/639 2022/1/2017
f 1585/1/1583 2022/1/2017 640/1/639
f 2023/1/2018 2022/1/2017 2024/1/2019
f 645/1/643 644/1/642 2026/1/2021
f 2023/1/2018 2026/1/2021 644/1/642
f 2025/1/2020 2028/1/2023 2026/1/2021
f 2027/1/2022 2026/1/2021 2028/1/2023
f 1628/1/1626 1830/1/1826 2031/1/2026
f 1831/1/1828 2032/1/2027 2031/1/2026
f 2030/1/2025 2031/1/2026 2032/1/2027
f 2033/1/2028 2032/1/2027 2034/1/2029
f 1833/1/1830 2034/1/2029 2032/1/2027
f 1835/1/1832 2036/1/2031 2034/1/2029
f 2035/1/2030 2034/1/2029 2036/1/2031
f 2037/1/2032 2036/1/2031 2038/1/2033
f 1837/1/1834 2038/1/2033 2036/1/2031
f 1839/1/1836 2040/1/2035 2038/1/2033
f 2039/1/2034 2038/1/2033 2040/1/2035
f 2040/1/2035 2042/1/2038 2043/1/2037
f 1848/1/1844 2042/1/2038 2040/1/2035
f 1849/1/1845 2043/1/2037 2042/1/2038
f 2025/1/2020 2024/1/2019 2044/1/2039
f 2030/1/2025 2044/1/2039 2024/1/2019
f 2028/1/2023 2048/1/2044 2049/1/2043
f 2045/1/2040 2048/1/2044 2028/1/2023
f 2049/1/2043 2048/1/2044 2050/1/2045
f 2035/1/2030 2052/1/2047 2046/1/2041
f 2037/1/2032 2054/1/2050 2052/1/2047
f 2055/1/2049 2053/1/2048 2052/1/2047
f 2056/1/2051 2057/1/2054 2058/1/2052
f 2054/1/2050 2058/1/2052 2057/1/2054
f 2059/1/2053 2058/1/2052 2039/1/2034
f 2029/1/2024 2049/1/2043 2060/1/2055
f 2061/1/2056 2060/1/2055 2049/1/2043
f 2062/1/2057 2063/1/2058 2060/1/2055
f 2027/1/2022 2060/1/2055 2063/1/2058
f 645/1/643 2063/1/2058 2064/1/2059
f 2065/1/2060 2064/1/2059 2063/1/2058
f 2066/1/2061 2067/1/2062 2064/1/2059
f 649/1/647 2064/1/2059 2067/1/2062
f 650/1/649 653/1/651 2068/1/2063
f 2066/1/2061 2070/1/2065 2068/1/2063
f 2069/1/2064 2068/1/2063 2070/1/2065
f 665/1/664 664/1/663 2072/1/2067
f 2074/1/2069 2072/1/2067 664/1/663
f 2075/1/2070 2076/1/2071 2072/1/2067
f 2073/1/2068 2072/1/2067 2076/1/2071
f 668/1/667 667/1/666 2078/1/2073
f 2073/1/2068 2078/1/2073 667/1/666
f 2077/1/2072 2080/1/2075 2078/1/2073
f 2079/1/2074 2078/1/2073 2080/1/2075
f 2082/1/2077 2083/1/6760 2084/1/2078
f 2086/1/2080 2085/1/2079 2080/1/2075
f 2087/1/2081 2082/1/2077 2085/1/2079
f 668/1/667 2079/1/2074 2088/1/2082
f 2090/1/2084 2091/1/2085 2088/1/2082
f 671/1/670 2088/1/2082 2091/1/2085
f 2089/1/2083 2092/1/2087 2093/1/2086
f 2081/1/2076 2084/1/2078 2092/1/2087
f 2084/1/2078 2083/1/6760 2094/1/2088
f 2095/1/2089 2093/1/2086 2092/1/2087
f 672/1/671 2091/1/2085 2096/1/2090
f 2097/1/2091 2096/1/2090 2091/1/2085
f 2098/1/2092 2099/1/2093 2096/1/2090
f 675/1/674 2096/1/2090 2099/1/2093
f 2090/1/2084 2093/1/2086 2100/1/2094
f 2101/1/2095 2100/1/2094 2093/1/2086
f 2102/1/2096 2103/1/2097 2100/1/2094
f 2097/1/2091 2100/1/2094 2103/1/2097
f 2105/1/2099 2104/1/2098 2099/1/2093
f 2106/1/2100 2107/1/2101 2104/1/2098
f 657/1/656 656/1/655 2108/1/2102
f 2069/1/2064 2108/1/2102 656/1/655
f 2071/1/2066 2110/1/2104 2108/1/2102
f 2109/1/2103 2108/1/2102 2110/1/2104
f 659/1/658 658/1/657 2112/1/2106
f 2109/1/2103 2112/1/2106 658/1/657
f 2111/1/2105 2113/1/2107 2112/1/2106
f 2074/1/2069 2112/1/2106 2113/1/2107
f 2077/1/2072 2076/1/2071 2114/1/2108
f 2115/1/2109 2114/1/2108 2076/1/2071
f 2116/1/2110 2117/1/2111 2114/1/2108
f 2086/1/2080 2114/1/2108 2117/1/2111
f 2118/1/2112 2119/1/2116 2120/1/2113
f 2122/1/2115 2120/1/2113 2119/1/2116
f 2071/1/2066 2070/1/2065 2120/1/2113
f 2121/1/2114 2120/1/2113 2070/1/2065
f 2111/1/2105 2110/1/2104 2124/1/2118
f 2122/1/2115 2124/1/2118 2110/1/2104
f 2123/1/2117 2126/1/2120 2124/1/2118
f 2125/1/2119 2124/1/2118 2126/1/2120
f 2075/1/2070 2113/1/2107 2128/1/2122
f 2125/1/2119 2128/1/2122 2113/1/2107
f 2127/1/2121 2129/1/2123 2128/1/2122
f 2115/1/2109 2128/1/2122 2129/1/2123
f 2062/1/2057 2061/1/2056 2130/1/2124
f 2132/1/2126 2130/1/2124 2061/1/2056
f 2133/1/2127 2134/1/2128 2130/1/2124
f 2131/1/2125 2130/1/2124 2134/1/2128
f 2051/1/2046 2050/1/2045 2136/1/2130
f 2053/1/2048 2136/1/2130 2050/1/2045
f 2137/1/2131 2136/1/2130 2053/1/2048
f 2132/1/2126 2136/1/2130 2137/1/2131
f 2055/1/2049 2057/1/2054 2138/1/2132
f 2139/1/2133 2138/1/2132 2057/1/2054
f 2140/1/2134 2141/1/2135 2138/1/2132
f 2137/1/2131 2138/1/2132 2141/1/2135
f 2133/1/2127 2141/1/2135 2142/1/2136
f 2140/1/2134 2143/1/2137 2142/1/2136
f 2134/1/2128 2142/1/2136 2143/1/2137
f 2065/1/2060 2062/1/2057 2131/1/2125
f 2145/1/2139 2144/1/2138 2131/1/2125
f 2145/1/2139 2118/1/2112 2121/1/2114
f 2065/1/2060 2144/1/2138 2121/1/2114
f 2146/1/2140 2147/1/2143 2148/1/2141
f 894/1/892 2148/1/2141 2147/1/2143
f 898/1/896 2150/1/2144 2148/1/2141
f 2149/1/2142 2148/1/2141 2150/1/2144
f 908/1/906 2152/1/2148 2150/1/2144
f 2153/1/2146 2152/1/2148 908/1/906
f 2154/1/2147 2155/1/2174 2152/1/2148
f 2152/1/2148 2155/1/2174 2151/1/2145
f 912/1/910 920/1/918 2156/1/2149
f 2157/1/2150 2156/1/2149 920/1/918
f 2158/1/2151 2159/1/2152 2156/1/2149
f 2153/1/2146 2156/1/2149 2159/1/2152
f 924/1/922 941/1/939 2160/1/2153
f 916/1/914 2161/1/2155 2160/1/2153
f 2162/1/2154 2160/1/2153 2161/1/2155
f 2157/1/2150 2160/1/2153 2162/1/2154
f 2164/1/2157 2165/1/2160 2166/1/2158
f 879/1/876 2166/1/2158 2165/1/2160
f 880/1/878 2147/1/2143 2166/1/2158
f 2167/1/2159 2166/1/2158 2147/1/2143
f 2170/1/2163 2169/1/2162 2171/1/2164
f 2168/1/2161 2169/1/2162 2170/1/2163
f 2172/1/2165 2171/1/2164 2174/1/2167
f 2149/1/2142 2174/1/2167 2171/1/2164
f 2151/1/2145 2176/1/2169 2174/1/2167
f 2175/1/2168 2174/1/2167 2176/1/2169
f 2178/1/2171 2179/1/2191 2180/1/2172
f 2180/1/2172 2179/1/2191 2177/1/2170
f 2155/1/2174 2180/1/2172 2176/1/2169
f 2181/1/2173 2180/1/2172 2155/1/2174
f 2182/1/2175 2183/1/2178 2184/1/2176
f 2181/1/2173 2184/1/2176 2183/1/2178
f 2154/1/2147 2159/1/2152 2184/1/2176
f 2185/1/2177 2184/1/2176 2159/1/2152
f 2186/1/2179 2187/1/2182 2188/1/2180
f 2185/1/2177 2187/1/2182 2186/1/2179
f 2158/1/2151 2162/1/2154 2187/1/2182
f 2163/1/2156 2188/1/2180 2187/1/2182
f 2173/1/2166 2170/1/2163 2190/1/2183
f 2175/1/2168 2190/1/2183 2170/1/2163
f 2177/1/2170 2192/1/2185 2190/1/2183
f 2191/1/2184 2190/1/2183 2192/1/2185
f 2194/1/2187 2195/1/2190 2196/1/2188
f 2192/1/2185 2196/1/2188 2195/1/2190
f 2177/1/2170 2179/1/2191 2196/1/2188
f 2197/1/2189 2196/1/2188 2179/1/2191
f 2198/1/2192 2199/1/2195 2200/1/2193
f 2195/1/2190 2200/1/2193 2199/1/2195
f 2195/1/2190 2194/1/2187 2201/1/2194
f 2202/1/2196 2203/1/2199 2204/1/2197
f 2197/1/2189 2204/1/2197 2203/1/2199
f 2178/1/2171 2183/1/2178 2204/1/2197
f 2205/1/2198 2204/1/2197 2183/1/2178
f 2206/1/2200 2207/1/2203 2208/1/2201
f 2201/1/2194 2208/1/2201 2207/1/2203
f 2194/1/2187 2203/1/2199 2208/1/2201
f 2209/1/2202 2208/1/2201 2203/1/2199
f 2205/1/2198 2210/1/2205 2211/1/2204
f 2182/1/2175 2186/1/2179 2210/1/2205
f 2189/1/2181 2212/1/2206 2210/1/2205
f 2211/1/2204 2210/1/2205 2212/1/2206
f 2214/1/2208 2215/1/2211 2216/1/2209
f 2209/1/2202 2215/1/2211 2214/1/2208
f 2202/1/2196 2211/1/2204 2215/1/2211
f 2213/1/2207 2216/1/2209 2215/1/2211
f 2217/1/2210 2216/1/2209 2218/1/2212
f 2220/1/2214 2218/1/2212 2216/1/2209
f 2221/1/2215 2222/1/2216 2218/1/2212
f 2219/1/2213 2218/1/2212 2222/1/2216
f 2224/1/2218 2225/1/2221 2212/1/2206
f 2226/1/2219 2225/1/2221 2224/1/2218
f 2221/1/2215 2220/1/2214 2225/1/2221
f 2213/1/2207 2212/1/2206 2225/1/2221
f 2223/1/2217 2222/1/2216 2228/1/2222
f 2226/1/2219 2228/1/2222 2222/1/2216
f 2227/1/2220 2230/1/2224 2228/1/2222
f 2229/1/2223 2228/1/2222 2230/1/2224
f 2227/1/2220 2224/1/2218 2232/1/2226
f 2188/1/2180 2232/1/2226 2224/1/2218
f 2234/1/2228 2232/1/2226 2188/1/2180
f 2233/1/2227 2232/1/2226 2234/1/2228
f 2163/1/2156 2161/1/2155 2236/1/2230
f 915/1/913 2236/1/2230 2161/1/2155
f 802/1/801 2237/1/2231 2236/1/2230
f 2234/1/2228 2236/1/2230 2237/1/2231
f 2231/1/2225 2230/1/2224 2238/1/2232
f 2233/1/2227 2238/1/2232 2230/1/2224
f 2235/1/2229 2240/1/2234 2238/1/2232
f 2239/1/2233 2238/1/2232 2240/1/2234
f 802/1/801 801/1/800 2242/1/2236
f 2243/1/2237 2242/1/2236 801/1/800
f 2244/1/2238 2245/1/2239 2242/1/2236
f 2237/1/2231 2242/1/2236 2245/1/2239
f 2246/1/2240 2247/1/2243 2248/1/2241
f 2247/1/2243 2241/1/2235 2240/1/2234
f 2245/1/2239 2248/1/2241 2240/1/2234
f 2249/1/2242 2248/1/2241 2245/1/2239
f 689/1/687 686/1/685 2250/1/2244
f 2251/1/2245 2250/1/2244 686/1/685
f 2252/1/2246 2253/1/2247 2250/1/2244
f 2243/1/2237 2250/1/2244 2253/1/2247
f 685/1/684 691/1/692 2254/1/2248
f 2107/1/2101 2254/1/2248 691/1/692
f 2106/1/2100 2255/1/2249 2254/1/2248
f 2251/1/2245 2254/1/2248 2255/1/2249
f 2244/1/2238 2253/1/2247 2256/1/2250
f 2257/1/2251 2256/1/2250 2253/1/2247
f 2258/1/2252 2259/1/2253 2256/1/2250
f 2249/1/2242 2256/1/2250 2259/1/2253
f 2098/1/2092 2103/1/2097 2260/1/2254
f 2261/1/2255 2260/1/2254 2103/1/2097
f 2261/1/2255 2262/1/2258 2263/1/2256
f 2105/1/2099 2260/1/2254 2263/1/2256
f 2252/1/2246 2255/1/2249 2264/1/2257
f 2263/1/2256 2264/1/2257 2255/1/2249
f 2262/1/2258 2265/1/2259 2264/1/2257
f 2257/1/2251 2264/1/2257 2265/1/2259
f 710/1/709 709/1/708 2266/1/2260
f 764/1/763 2266/1/2260 709/1/708
f 765/1/764 1438/1/1436 2266/1/2260
f 735/1/734 732/1/733 2268/1/2262
f 2269/1/2263 2268/1/2262 2270/1/2264
f 1567/1/1565 1566/1/1564 2272/1/2266
f 2269/1/2263 2272/1/2266 1566/1/1564
f 2271/1/2265 2274/1/2268 2272/1/2266
f 2273/1/2267 2272/1/2266 2274/1/2268
f 1579/1/1577 1578/1/1576 2276/1/2270
f 2273/1/2267 2276/1/2270 1578/1/1576
f 2275/1/2269 2278/1/2272 2276/1/2270
f 2277/1/2271 2276/1/2270 2278/1/2272
f 1583/1/1581 1582/1/1580 2280/1/2274
f 2277/1/2271 2280/1/2274 1582/1/1580
f 2279/1/2273 2282/1/2276 2280/1/2274
f 2281/1/2275 2280/1/2274 2282/1/2276
f 1442/1/1440 1447/1/1447 2288/1/2282
f 1447/1/1447 1446/1/1444 2289/1/2283
f 2290/1/2284 2291/1/2285 2288/1/2282
f 2285/1/2279 2288/1/2282 2291/1/2285
f 2293/1/2287 2296/1/2292 2274/1/2268
f 2297/1/2290 2296/1/2292 2293/1/2287
f 2298/1/2291 2299/1/2293 2296/1/2292
f 2275/1/2269 2274/1/2268 2296/1/2292
f 2299/1/2293 2300/1/2297 2278/1/2272
f 2301/1/2294 2300/1/2297 2299/1/2293
f 2302/1/2295 2300/1/2297 2301/1/2294
f 2279/1/2273 2278/1/2272 2300/1/2297
f 2283/1/2277 2282/1/2276 2304/1/2298
f 2302/1/2295 2304/1/2298 2282/1/2276
f 2303/1/2296 2306/1/2301 2304/1/2298
f 2307/1/2300 2305/1/2299 2304/1/2298
f 2308/1/2302 2309/1/2306 2310/1/2303
f 2312/1/2305 2310/1/2303 2309/1/2306
f 2307/1/2300 2314/1/2308 2310/1/2303
f 2311/1/2304 2310/1/2303 2314/1/2308
f 2315/1/2309 2314/1/2308 2316/1/2310
f 2306/1/2301 2316/1/2310 2314/1/2308
f 2306/1/2301 2303/1/2296 2318/1/2312
f 2317/1/2311 2316/1/2310 2318/1/2312
f 2298/1/2291 2320/1/2316 2321/1/2314
f 2322/1/2315 2321/1/2314 2320/1/2316
f 2319/1/2313 2318/1/2312 2321/1/2314
f 2301/1/2294 2321/1/2314 2318/1/2312
f 1453/1/1451 1451/1/1449 2324/1/2318
f 1430/1/1428 2324/1/2318 1451/1/1449
f 798/1/797 2326/1/2320 2324/1/2318
f 2325/1/2319 2324/1/2318 2326/1/2320
f 2290/1/2284 2289/1/2283 2328/1/2322
f 1452/1/1450 2328/1/2322 2289/1/2283
f 1453/1/1451 2325/1/2319 2328/1/2322
f 2329/1/2323 2328/1/2322 2325/1/2319
f 796/1/794 2330/1/2324 2326/1/2320
f 796/1/794 797/1/796 1455/1/1453
f 2329/1/2323 2332/1/2326 2291/1/2285
f 2323/1/2317 2320/1/2316 2338/1/2332
f 2297/1/2290 2338/1/2332 2320/1/2316
f 2295/1/2289 2337/1/2331 2338/1/2332
f 2335/1/2329 2334/1/2328 2340/1/2334
f 2341/1/2335 2340/1/2334 2342/1/2336
f 2344/1/2338 2345/1/2341 2346/1/2339
f 2346/1/2339 2345/1/2341 1493/1/1491
f 2347/1/2340 2349/1/2343 2348/1/2342
f 2342/1/2336 2348/1/2342 2349/1/2343
f 1499/1/1497 2350/1/2344 2346/1/2339
f 1501/1/1499 2352/1/2346 2350/1/2344
f 2351/1/2345 2350/1/2344 2352/1/2346
f 2353/1/2347 2352/1/2346 2354/1/2348
f 1503/1/1501 2354/1/2348 2352/1/2346
f 1503/1/1501 1497/1/1495 2356/1/2350
f 2355/1/2349 2354/1/2348 2356/1/2350
f 1497/1/1495 1496/1/1494 2358/1/2352
f 1473/1/1471 2358/1/2352 1496/1/1494
f 1423/1/1421 2359/1/2353 2358/1/2352
f 2356/1/2350 2358/1/2352 2359/1/2353
f 1422/1/1420 2360/1/2357 2359/1/2353
f 2361/1/2354 2360/1/2357 1422/1/1420
f 2362/1/2355 2360/1/2357 2361/1/2354
f 2357/1/2351 2359/1/2353 2360/1/2357
f 1419/1/1417 1418/1/1416 2364/1/2358
f 2365/1/2359 2364/1/2358 1418/1/1416
f 2366/1/2360 2367/1/2361 2364/1/2358
f 2367/1/2361 2363/1/2356 2361/1/2354
f 1415/1/1413 1414/1/1412 2368/1/2362
f 2370/1/2364 2371/1/2365 2368/1/2362
f 2365/1/2359 2368/1/2362 2371/1/2365
f 2369/1/2363 2372/1/2367 2373/1/2366
f 1411/1/1409 1409/1/1407 2372/1/2367
f 1406/1/1404 2374/1/2368 2372/1/2367
f 2373/1/2366 2372/1/2367 2374/1/2368
f 2375/1/2369 2374/1/2368 2376/1/2370
f 1405/1/1403 2376/1/2370 2374/1/2368
f 1402/1/1400 2378/1/2372 2376/1/2370
f 2377/1/2371 2376/1/2370 2378/1/2372
f 2379/1/2373 2378/1/2372 2380/1/2374
f 1401/1/1399 2380/1/2374 2378/1/2372
f 2384/1/2378 2385/1/2381 2386/1/2379
f 2343/1/2337 2387/1/2380 2386/1/2379
f 2388/1/2382 2389/1/2385 2390/1/2383
f 2339/1/2333 2390/1/2383 2389/1/2385
f 2335/1/2329 2385/1/2381 2390/1/2383
f 2391/1/2384 2390/1/2383 2385/1/2381
f 2392/1/2386 2393/1/2389 2394/1/2387
f 2322/1/2315 2394/1/2387 2393/1/2389
f 2323/1/2317 2389/1/2385 2394/1/2387
f 2395/1/2388 2394/1/2387 2389/1/2385
f 2396/1/2390 2397/1/2393 2398/1/2391
f 2317/1/2311 2398/1/2391 2397/1/2393
f 2319/1/2313 2393/1/2389 2398/1/2391
f 2399/1/2392 2398/1/2391 2393/1/2389
f 2311/1/2304 2400/1/2395 2401/1/2394
f 2315/1/2309 2397/1/2393 2400/1/2395
f 2402/1/2396 2400/1/2395 2397/1/2393
f 2403/1/2397 2401/1/2394 2400/1/2395
f 2343/1/2337 2349/1/2343 2404/1/2398
f 2353/1/2347 2410/1/2404 2408/1/2402
f 2409/1/2403 2408/1/2402 2410/1/2404
f 2411/1/2405 2410/1/2404 2412/1/2406
f 2355/1/2349 2412/1/2406 2410/1/2404
f 2357/1/2351 2414/1/2408 2412/1/2406
f 2413/1/2407 2412/1/2406 2414/1/2408
f 2415/1/2409 2414/1/2408 2416/1/2410
f 2362/1/2355 2416/1/2410 2414/1/2408
f 2363/1/2356 2418/1/2412 2416/1/2410
f 2417/1/2411 2416/1/2410 2418/1/2412
f 2419/1/2413 2418/1/2412 2420/1/2414
f 2367/1/2361 2420/1/2414 2418/1/2412
f 2422/1/2416 2420/1/2414 2367/1/2361
f 2422/1/2416 2423/1/2421 2421/1/2415
f 2424/1/2417 2425/1/2420 2426/1/2418
f 2422/1/2416 2426/1/2418 2425/1/2420
f 2366/1/2360 2371/1/2365 2426/1/2418
f 2427/1/2419 2426/1/2418 2371/1/2365
f 2428/1/2422 2429/1/2425 2430/1/2423
f 2427/1/2419 2430/1/2423 2429/1/2425
f 2370/1/2364 2373/1/2366 2430/1/2423
f 2431/1/2424 2430/1/2423 2373/1/2366
f 2432/1/2426 2433/1/2429 2434/1/2427
f 2431/1/2424 2434/1/2427 2433/1/2429
f 2375/1/2369 2377/1/2371 2434/1/2427
f 2435/1/2428 2434/1/2427 2377/1/2371
f 2436/1/2430 2437/1/2433 2438/1/2431
f 2435/1/2428 2438/1/2431 2437/1/2433
f 2379/1/2373 2381/1/2375 2438/1/2431
f 2439/1/2432 2438/1/2431 2381/1/2375
f 2440/1/2434 2441/1/2437 2442/1/2435
f 2432/1/2426 2437/1/2433 2441/1/2437
f 2436/1/2430 2444/1/2438 2441/1/2437
f 2442/1/2435 2441/1/2437 2444/1/2438
f 2446/1/2440 2447/1/2443 2448/1/2441
f 2429/1/2425 2448/1/2441 2447/1/2443
f 2450/1/2444 2448/1/2441 2429/1/2425
f 2449/1/2442 2448/1/2441 2450/1/2444
f 2428/1/2422 2433/1/2429 2452/1/2446
f 2440/1/2434 2452/1/2446 2433/1/2429
f 2443/1/2436 2453/1/2447 2452/1/2446
f 2450/1/2444 2452/1/2446 2453/1/2447
f 2454/1/2448 2455/1/2451 2456/1/2449
f 2425/1/2420 2456/1/2449 2455/1/2451
f 2424/1/2417 2447/1/2443 2456/1/2449
f 2457/1/2450 2456/1/2449 2447/1/2443
f 2446/1/2440 2449/1/2442 2458/1/2452
f 2459/1/2453 2458/1/2452 2449/1/2442
f 2460/1/2454 2461/1/2455 2458/1/2452
f 2457/1/2450 2458/1/2452 2461/1/2455
f 2462/1/2456 2463/1/2459 2464/1/2457
f 2421/1/2415 2464/1/2457 2463/1/2459
f 2423/1/2421 2455/1/2451 2464/1/2457
f 2465/1/2458 2464/1/2457 2455/1/2451
f 2454/1/2448 2461/1/2455 2466/1/2460
f 2467/1/2461 2466/1/2460 2461/1/2455
f 2467/1/2461 2468/1/2469 2469/1/2462
f 2465/1/2458 2466/1/2460 2469/1/2462
f 2470/1/2463 2471/1/2466 2472/1/2464
f 2417/1/2411 2472/1/2464 2471/1/2466
f 2419/1/2413 2463/1/2459 2472/1/2464
f 2473/1/2465 2472/1/2464 2463/1/2459
f 2470/1/2463 2473/1/2465 2474/1/2467
f 2469/1/2462 2474/1/2467 2473/1/2465
f 2468/1/2469 2476/1/2470 2474/1/2467
f 2475/1/2468 2474/1/2467 2476/1/2470
f 2415/1/2409 2471/1/2466 2478/1/2472
f 2479/1/2473 2478/1/2472 2471/1/2466
f 2480/1/2474 2481/1/2475 2478/1/2472
f 2413/1/2407 2478/1/2472 2481/1/2475
f 2480/1/2474 2479/1/2473 2482/1/2476
f 2475/1/2468 2482/1/2476 2479/1/2473
f 2477/1/2471 2484/1/2478 2482/1/2476
f 2483/1/2477 2482/1/2476 2484/1/2478
f 2409/1/2403 2486/1/2480 2489/1/2483
f 2411/1/2405 2481/1/2475 2486/1/2480
f 2485/1/2479 2491/1/2486 2490/1/2484
f 2492/1/2485 2490/1/2484 2491/1/2486
f 2494/1/2488 2495/1/2491 2496/1/2489
f 2407/1/2401 2496/1/2489 2495/1/2491
f 2406/1/2400 2489/1/2483 2496/1/2489
f 2497/1/2490 2496/1/2489 2489/1/2483
f 2488/1/2482 2492/1/2485 2498/1/2492
f 2499/1/2493 2498/1/2492 2492/1/2485
f 2500/1/2494 2501/1/2495 2498/1/2492
f 2497/1/2490 2498/1/2492 2501/1/2495
f 2384/1/2378 2495/1/2491 2502/1/2496
f 2503/1/2497 2502/1/2496 2495/1/2491
f 2504/1/2498 2505/1/2499 2502/1/2496
f 2391/1/2384 2502/1/2496 2505/1/2499
f 2507/1/2501 2506/1/2500 2501/1/2495
f 2508/1/2502 2509/1/2503 2506/1/2500
f 2503/1/2497 2506/1/2500 2509/1/2503
f 2388/1/2382 2505/1/2499 2510/1/2504
f 2511/1/2505 2510/1/2504 2505/1/2499
f 2512/1/2506 2513/1/2507 2510/1/2504
f 2395/1/2388 2510/1/2504 2513/1/2507
f 2504/1/2498 2509/1/2503 2514/1/2508
f 2515/1/2509 2514/1/2508 2509/1/2503
f 2516/1/2510 2517/1/2511 2514/1/2508
f 2511/1/2505 2514/1/2508 2517/1/2511
f 2392/1/2386 2513/1/2507 2518/1/2512
f 2519/1/2513 2518/1/2512 2513/1/2507
f 2520/1/2514 2521/1/2515 2518/1/2512
f 2399/1/2392 2518/1/2512 2521/1/2515
f 2512/1/2506 2517/1/2511 2522/1/2516
f 2523/1/2517 2522/1/2516 2517/1/2511
f 2524/1/2518 2525/1/2519 2522/1/2516
f 2519/1/2513 2522/1/2516 2525/1/2519
f 2396/1/2390 2521/1/2515 2526/1/2520
f 2527/1/2521 2526/1/2520 2521/1/2515
f 2528/1/2522 2529/1/2523 2526/1/2520
f 2402/1/2396 2526/1/2520 2529/1/2523
f 2520/1/2514 2525/1/2519 2530/1/2524
f 2531/1/2525 2530/1/2524 2525/1/2519
f 2532/1/2526 2533/1/2527 2530/1/2524
f 2527/1/2521 2530/1/2524 2533/1/2527
f 2283/1/2277 2305/1/2299 2534/1/2528
f 2312/1/2305 2534/1/2528 2305/1/2299
f 2313/1/2307 2536/1/2530 2534/1/2528
f 2535/1/2529 2534/1/2528 2536/1/2530
f 2537/1/2531 2536/1/2530 2538/1/2532
f 2540/1/2534 2538/1/2532 2536/1/2530
f 2541/1/2535 2539/1/2533 2538/1/2532
f 1150/1/1147 1149/1/1146 2542/1/2536
f 2544/1/2538 2542/1/2536 1149/1/1146
f 2545/1/2539 2546/1/2540 2542/1/2536
f 2546/1/2540 2547/1/2592 2543/1/2537
f 2548/1/2541 2549/1/2545 2550/1/2542
f 2552/1/2544 2550/1/2542 2549/1/2545
f 2554/1/2547 2555/1/2548 2550/1/2542
f 2551/1/2543 2550/1/2542 2555/1/2548
f 2557/1/2550 2558/1/2553 2559/1/2551
f 2537/1/2531 2539/1/2533 2558/1/2553
f 2561/1/2554 2558/1/2553 2539/1/2533
f 2562/1/2555 2559/1/2551 2558/1/2553
f 2563/1/2556 2564/1/2560 2565/1/2557
f 2567/1/2559 2565/1/2557 2564/1/2560
f 2560/1/2552 2559/1/2551 2565/1/2557
f 2566/1/2558 2565/1/2557 2559/1/2551
f 2569/1/2562 2570/1/2566 2571/1/2563
f 2573/1/2565 2571/1/2563 2570/1/2566
f 2568/1/2561 2564/1/2560 2571/1/2563
f 2572/1/2564 2571/1/2563 2564/1/2560
f 2574/1/2567 2570/1/2566 2575/1/2568
f 2577/1/2570 2575/1/2568 2570/1/2566
f 2578/1/2571 2579/1/2572 2575/1/2568
f 2576/1/2569 2575/1/2568 2579/1/2572
f 2580/1/2573 2579/1/2572 2581/1/2574
f 2583/1/2576 2581/1/2574 2579/1/2572
f 2582/1/2575 2581/1/2574 2549/1/2545
f 2556/1/2549 2585/1/2580 2586/1/2578
f 2587/1/2579 2586/1/2578 2585/1/2580
f 2587/1/2579 2589/1/2594 2584/1/2577
f 2590/1/2582 2591/1/2586 2592/1/2583
f 2594/1/2585 2592/1/2583 2591/1/2586
f 2596/1/2588 2597/1/2589 2592/1/2583
f 2593/1/2584 2592/1/2583 2597/1/2589
f 2546/1/2540 2599/1/2595 2600/1/2591
f 2601/1/2593 2599/1/2595 2546/1/2540
f 2589/1/2594 2587/1/2579 2599/1/2595
f 2588/1/2581 2600/1/2591 2599/1/2595
f 2545/1/2539 2602/1/2598 2603/1/2596
f 2604/1/2597 2603/1/2596 2602/1/2598
f 2606/1/2600 2607/1/2601 2603/1/2596
f 2601/1/2593 2603/1/2596 2607/1/2601
f 2589/1/2594 2607/1/2601 2608/1/2602
f 2609/1/2603 2608/1/2602 2607/1/2601
f 2582/1/2575 2608/1/2602 2609/1/2603
f 2548/1/2541 2584/1/2577 2608/1/2602
f 2605/1/2599 2610/1/2605 2611/1/2604
f 2591/1/2586 2611/1/2604 2610/1/2605
f 2612/1/2606 2611/1/2604 2591/1/2586
f 2604/1/2597 2611/1/2604 2612/1/2606
f 2598/1/2590 2613/1/2608 2614/1/2607
f 2573/1/2565 2614/1/2607 2613/1/2608
f 2574/1/2567 2615/1/2609 2614/1/2607
f 2593/1/2584 2614/1/2607 2615/1/2609
f 2576/1/2569 2616/1/2610 2615/1/2609
f 2580/1/2573 2609/1/2603 2616/1/2610
f 2606/1/2600 2612/1/2606 2616/1/2610
f 2590/1/2582 2615/1/2609 2616/1/2610
f 2617/1/2611 2618/1/2614 2619/1/2612
f 2281/1/2275 2619/1/2612 2618/1/2614
f 2283/1/2277 2535/1/2529 2619/1/2612
f 2535/1/2529 2537/1/2531 2620/1/2613
f 2621/1/2615 2596/1/2588 2594/1/2585
f 2595/1/2587 2623/1/2618 2622/1/2616
f 2624/1/2617 2622/1/2616 2623/1/2618
f 2621/1/2615 2622/1/2616 2624/1/2617
f 2627/1/2621 2628/1/2624 2629/1/2622
f 1539/1/1537 2631/1/2625 2628/1/2624
f 1512/1/1510 1527/1/1525 2633/1/2627
f 2627/1/2621 2633/1/2627 1527/1/1525
f 2635/1/2629 2633/1/2627 2627/1/2621
f 2634/1/2628 2633/1/2627 2635/1/2629
f 230/1/229 1513/1/1513 2637/1/2631
f 2634/1/2628 2637/1/2631 1513/1/1513
f 2636/1/2630 2638/1/2632 2637/1/2631
f 238/1/237 2637/1/2631 2638/1/2632
f 239/1/238 2638/1/2632 2639/1/2633
f 2641/1/2635 2639/1/2633 2638/1/2632
f 2642/1/2636 2643/1/2637 2639/1/2633
f 2640/1/2634 2639/1/2633 2643/1/2637
f 2636/1/2630 2635/1/2629 2645/1/2639
f 2647/1/2641 2648/1/2642 2645/1/2639
f 2641/1/2635 2645/1/2639 2648/1/2642
f 2647/1/2641 2646/1/2640 2649/1/2643
f 2651/1/2645 2649/1/2643 2646/1/2640
f 2652/1/2646 2653/1/2647 2649/1/2643
f 2650/1/2644 2649/1/2643 2653/1/2647
f 2655/1/2649 2656/1/2653 2653/1/2647
f 2657/1/2650 2656/1/2653 2655/1/2649
f 2658/1/2651 2656/1/2653 2657/1/2650
f 2654/1/2648 2653/1/2647 2656/1/2653
f 2625/1/2619 2660/1/2656 2661/1/2654
f 2662/1/2655 2661/1/2654 2660/1/2656
f 2659/1/2652 2657/1/2650 2661/1/2654
f 2624/1/2617 2661/1/2654 2657/1/2650
f 1055/1/1054 1054/1/1053 2664/1/2658
f 2666/1/2660 2664/1/2658 1054/1/1053
f 2667/1/2661 2668/1/2662 2664/1/2658
f 2665/1/2659 2664/1/2658 2668/1/2662
f 2669/1/2663 2670/1/2666 2671/1/2664
f 2662/1/2655 2671/1/2664 2670/1/2666
f 2663/1/2657 2668/1/2662 2671/1/2664
f 2673/1/2667 2674/1/2670 2675/1/2668
f 1581/1/1579 2675/1/2668 2674/1/2670
f 1583/1/1581 2618/1/2614 2675/1/2668
f 2676/1/2669 2675/1/2668 2618/1/2614
f 2560/1/2552 2677/1/2673 2678/1/2671
f 2679/1/2672 2678/1/2671 2677/1/2673
f 2620/1/2613 2678/1/2671 2679/1/2672
f 2557/1/2550 2678/1/2671 2620/1/2613
f 2568/1/2561 2613/1/2608 2681/1/2675
f 2682/1/2676 2681/1/2675 2613/1/2608
f 2680/1/2674 2677/1/2673 2681/1/2675
f 2567/1/2559 2681/1/2675 2677/1/2673
f 2683/1/2677 2684/1/2680 2685/1/2678
f 2676/1/2669 2685/1/2678 2684/1/2680
f 2617/1/2611 2679/1/2672 2685/1/2678
f 2686/1/2679 2685/1/2678 2679/1/2672
f 2687/1/2681 2688/1/2684 2597/1/2589
f 2689/1/2682 2688/1/2684 2687/1/2681
f 2682/1/2676 2688/1/2684 2689/1/2682
f 2598/1/2590 2597/1/2589 2688/1/2684
f 2652/1/2646 2651/1/2645 2691/1/2685
f 2630/1/2623 2629/1/2622 2691/1/2685
f 2632/1/2626 2693/1/2687 2691/1/2685
f 2692/1/2686 2691/1/2685 2693/1/2687
f 2626/1/2620 2655/1/2649 2694/1/2688
f 2692/1/2686 2694/1/2688 2655/1/2649
f 2690/1/2683 2687/1/2681 2694/1/2688
f 2621/1/2615 2694/1/2688 2687/1/2681
f 1549/1/1547 2695/1/2689 2631/1/2625
f 1551/1/1549 2697/1/2691 2695/1/2689
f 2696/1/2690 2695/1/2689 2697/1/2691
f 2698/1/2692 2697/1/2691 2699/1/2693
f 1562/1/1558 2699/1/2693 2697/1/2691
f 1563/1/1560 2701/1/2695 2699/1/2693
f 2700/1/2694 2699/1/2693 2701/1/2695
f 1573/1/1571 2703/1/2697 2701/1/2695
f 2704/1/2698 2703/1/2697 2674/1/2670
f 2705/1/2699 2706/1/2702 2707/1/2700
f 2698/1/2692 2700/1/2694 2706/1/2702
f 2702/1/2696 2707/1/2700 2706/1/2702
f 2673/1/2667 2684/1/2680 2709/1/2703
f 2710/1/2704 2709/1/2703 2684/1/2680
f 2708/1/2701 2707/1/2700 2709/1/2703
f 2704/1/2698 2709/1/2703 2707/1/2700
f 2683/1/2677 2686/1/2679 2711/1/2705
f 2689/1/2682 2711/1/2705 2686/1/2679
f 2690/1/2683 2712/1/2706 2711/1/2705
f 2710/1/2704 2711/1/2705 2712/1/2706
f 2708/1/2701 2712/1/2706 2713/1/2707
f 2693/1/2687 2713/1/2707 2712/1/2706
f 2696/1/2690 2713/1/2707 2693/1/2687
f 2705/1/2699 2713/1/2707 2696/1/2690
f 335/1/334 334/1/333 2714/1/2708
f 297/1/296 2714/1/2708 334/1/333
f 299/1/298 2716/1/2710 2714/1/2708
f 2715/1/2709 2714/1/2708 2716/1/2710
f 375/1/374 374/1/373 2718/1/2712
f 2715/1/2709 2718/1/2712 374/1/373
f 2717/1/2711 2720/1/2714 2718/1/2712
f 2719/1/2713 2718/1/2712 2720/1/2714
f 2722/1/2716 2723/1/2719 2724/1/2717
f 1011/1/1009 2724/1/2717 2723/1/2719
f 375/1/374 2719/1/2713 2724/1/2717
f 2725/1/2718 2724/1/2717 2719/1/2713
f 2726/1/2720 2727/1/2723 2728/1/2721
f 1016/1/1014 2728/1/2721 2727/1/2723
f 1008/1/1007 2723/1/2719 2728/1/2721
f 2729/1/2722 2728/1/2721 2723/1/2719
f 2669/1/2663 2733/1/2737 2732/1/2726
f 2734/1/2727 2735/1/2730 2736/1/2728
f 2650/1/2644 2736/1/2728 2735/1/2730
f 2738/1/2731 2739/1/2734 2740/1/2732
f 2666/1/2660 2740/1/2732 2739/1/2734
f 1015/1/1013 1014/1/1012 2740/1/2732
f 2741/1/2733 2740/1/2732 1014/1/1012
f 2730/1/2724 2733/1/2737 2742/1/2735
f 2672/1/2665 2742/1/2735 2733/1/2737
f 2667/1/2661 2739/1/2734 2742/1/2735
f 2743/1/2736 2742/1/2735 2739/1/2734
f 2744/1/2738 2745/1/2741 2746/1/2739
f 2741/1/2733 2746/1/2739 2745/1/2741
f 1017/1/1015 2727/1/2723 2746/1/2739
f 2747/1/2740 2746/1/2739 2727/1/2723
f 2642/1/2636 2648/1/2642 2748/1/2742
f 2735/1/2730 2748/1/2742 2648/1/2642
f 2734/1/2727 2750/1/2744 2748/1/2742
f 2749/1/2743 2748/1/2742 2750/1/2744
f 2738/1/2731 2754/1/2748 2752/1/2746
f 2753/1/2747 2752/1/2746 2754/1/2748
f 2755/1/2749 2754/1/2748 2756/1/2750
f 2745/1/2741 2756/1/2750 2754/1/2748
f 2758/1/2752 2756/1/2750 2745/1/2741
f 2759/1/2753 2757/1/2751 2756/1/2750
f 2749/1/2743 2760/1/2754 2643/1/2637
f 2751/1/2745 2761/1/2755 2760/1/2754
f 2643/1/2637 2760/1/2754 2761/1/2755
f 2753/1/2747 2762/1/2756 2750/1/2744
f 2755/1/2749 2763/1/2758 2762/1/2756
f 2764/1/2757 2762/1/2756 2763/1/2758
f 2751/1/2745 2750/1/2744 2762/1/2756
f 2765/1/2759 2763/1/2758 2766/1/2760
f 2757/1/2751 2766/1/2760 2763/1/2758
f 2768/1/2762 2766/1/2760 2757/1/2751
f 2767/1/2761 2766/1/2760 2768/1/2762
f 2770/1/2764 2771/1/2768 2772/1/2765
f 2774/1/2767 2772/1/2765 2771/1/2768
f 299/1/298 298/1/297 2772/1/2765
f 2773/1/2766 2772/1/2765 298/1/297
f 241/1/240 240/1/239 2776/1/2770
f 2640/1/2634 2776/1/2770 240/1/239
f 2644/1/2638 2777/1/2771 2776/1/2770
f 2773/1/2766 2776/1/2770 2777/1/2771
f 2644/1/2638 2761/1/2755 2778/1/2772
f 2764/1/2757 2778/1/2772 2761/1/2755
f 2765/1/2759 2780/1/2774 2778/1/2772
f 2779/1/2773 2778/1/2772 2780/1/2774
f 2781/1/2775 2780/1/2774 2782/1/2776
f 2767/1/2761 2782/1/2776 2780/1/2774
f 2769/1/2763 2784/1/2778 2782/1/2776
f 2783/1/2777 2782/1/2776 2784/1/2778
f 2717/1/2711 2716/1/2710 2786/1/2780
f 2774/1/2767 2786/1/2780 2716/1/2710
f 2775/1/2769 2788/1/2782 2786/1/2780
f 2787/1/2781 2786/1/2780 2788/1/2782
f 2770/1/2764 2777/1/2771 2790/1/2784
f 2779/1/2773 2790/1/2784 2777/1/2771
f 2781/1/2775 2792/1/2786 2790/1/2784
f 2791/1/2785 2790/1/2784 2792/1/2786
f 2775/1/2769 2771/1/2768 2794/1/2788
f 2791/1/2785 2794/1/2788 2771/1/2768
f 2793/1/2787 2795/1/2789 2794/1/2788
f 2788/1/2782 2794/1/2788 2795/1/2789
f 2793/1/2787 2792/1/2786 2796/1/2790
f 2783/1/2777 2796/1/2790 2792/1/2786
f 2785/1/2779 2798/1/2792 2796/1/2790
f 2797/1/2791 2796/1/2790 2798/1/2792
f 2789/1/2783 2795/1/2789 2800/1/2794
f 2797/1/2791 2800/1/2794 2795/1/2789
f 2799/1/2793 2802/1/2796 2800/1/2794
f 2801/1/2795 2800/1/2794 2802/1/2796
f 2721/1/2715 2720/1/2714 2804/1/2798
f 2787/1/2781 2804/1/2798 2720/1/2714
f 2789/1/2783 2806/1/2800 2804/1/2798
f 2805/1/2799 2804/1/2798 2806/1/2800
f 2805/1/2799 2808/1/2802 2725/1/2718
f 2807/1/2801 2809/1/2804 2808/1/2802
f 2810/1/2803 2811/1/2805 2808/1/2802
f 2725/1/2718 2808/1/2802 2811/1/2805
f 2807/1/2801 2806/1/2800 2812/1/2806
f 2801/1/2795 2812/1/2806 2806/1/2800
f 2803/1/2797 2814/1/2808 2812/1/2806
f 2813/1/2807 2812/1/2806 2814/1/2808
f 2722/1/2716 2811/1/2805 2816/1/2810
f 2817/1/2811 2816/1/2810 2811/1/2805
f 2818/1/2812 2819/1/2813 2816/1/2810
f 2729/1/2722 2816/1/2810 2819/1/2813
f 2809/1/2804 2820/1/2815 2821/1/2814
f 2813/1/2807 2820/1/2815 2809/1/2804
f 2815/1/2809 2822/1/2817 2820/1/2815
f 2823/1/2816 2821/1/2814 2820/1/2815
f 2726/1/2720 2819/1/2813 2824/1/2818
f 2825/1/2819 2824/1/2818 2819/1/2813
f 2826/1/2820 2827/1/2821 2824/1/2818
f 2747/1/2740 2824/1/2818 2827/1/2821
f 2828/1/2822 2829/1/2825 2830/1/2823
f 2817/1/2811 2830/1/2823 2829/1/2825
f 2810/1/2803 2821/1/2814 2830/1/2823
f 2831/1/2824 2830/1/2823 2821/1/2814
f 2832/1/2826 2833/1/2829 2834/1/2827
f 2758/1/2752 2834/1/2827 2833/1/2829
f 2744/1/2738 2827/1/2821 2834/1/2827
f 2835/1/2828 2834/1/2827 2827/1/2821
f 2836/1/2830 2837/1/2833 2838/1/2831
f 2769/1/2763 2768/1/2762 2838/1/2831
f 2759/1/2753 2833/1/2829 2838/1/2831
f 2839/1/2832 2838/1/2831 2833/1/2829
f 2818/1/2812 2829/1/2825 2840/1/2834
f 2841/1/2835 2840/1/2834 2829/1/2825
f 2842/1/2836 2843/1/2837 2840/1/2834
f 2825/1/2819 2840/1/2834 2843/1/2837
f 2785/1/2779 2784/1/2778 2844/1/2838
f 2837/1/2833 2844/1/2838 2784/1/2778
f 2836/1/2830 2846/1/2840 2844/1/2838
f 2845/1/2839 2844/1/2838 2846/1/2840
f 2835/1/2828 2848/1/2842 2851/1/2845
f 2826/1/2820 2843/1/2837 2848/1/2842
f 2849/1/2843 2848/1/2842 2843/1/2837
f 2847/1/2841 2846/1/2840 2852/1/2846
f 2839/1/2832 2852/1/2846 2846/1/2840
f 2832/1/2826 2851/1/2845 2852/1/2846
f 2853/1/2847 2852/1/2846 2851/1/2845
f 2799/1/2793 2798/1/2792 2854/1/2848
f 2845/1/2839 2854/1/2848 2798/1/2792
f 2847/1/2841 2856/1/2850 2854/1/2848
f 2855/1/2849 2854/1/2848 2856/1/2850
f 2803/1/2797 2802/1/2796 2858/1/2852
f 2855/1/2849 2858/1/2852 2802/1/2796
f 2857/1/2851 2860/1/2854 2858/1/2852
f 2859/1/2853 2858/1/2852 2860/1/2854
f 2857/1/2851 2856/1/2850 2862/1/2856
f 2853/1/2847 2862/1/2856 2856/1/2850
f 2863/1/2857 2862/1/2856 2853/1/2847
f 2861/1/2855 2860/1/2854 2864/1/2858
f 2863/1/2857 2864/1/2858 2860/1/2854
f 2850/1/2844 2866/1/2860 2864/1/2858
f 2865/1/2859 2864/1/2858 2866/1/2860
f 2849/1/2843 2868/1/2864 2866/1/2860
f 2869/1/2862 2868/1/2864 2849/1/2843
f 2870/1/2863 2871/1/2865 2868/1/2864
f 2867/1/2861 2866/1/2860 2868/1/2864
f 2871/1/2865 2872/1/2869 2873/1/2866
f 2874/1/2867 2872/1/2869 2871/1/2865
f 2875/1/2868 2876/1/2871 2872/1/2869
f 2877/1/2870 2873/1/2866 2872/1/2869
f 2842/1/2836 2841/1/2835 2878/1/2872
f 2828/1/2822 2879/1/2874 2878/1/2872
f 2880/1/2873 2878/1/2872 2879/1/2874
f 2869/1/2862 2878/1/2872 2880/1/2873
f 2881/1/2875 2879/1/2874 2882/1/2876
f 2831/1/2824 2882/1/2876 2879/1/2874
f 2823/1/2816 2884/1/2878 2882/1/2876
f 2883/1/2877 2882/1/2876 2884/1/2878
f 2865/1/2859 2886/1/2880 2889/1/2883
f 2867/1/2861 2873/1/2866 2886/1/2880
f 2815/1/2809 2814/1/2808 2890/1/2884
f 2859/1/2853 2890/1/2884 2814/1/2808
f 2861/1/2855 2889/1/2883 2890/1/2884
f 2891/1/2885 2890/1/2884 2889/1/2883
f 2885/1/2879 2884/1/2878 2892/1/2886
f 2822/1/2817 2892/1/2886 2884/1/2878
f 2891/1/2885 2892/1/2886 2822/1/2817
f 2891/1/2885 2888/1/2882 2893/1/2887
f 2883/1/2877 2894/1/2888 2897/1/2891
f 2885/1/2879 2893/1/2887 2894/1/2888
f 2877/1/2870 2876/1/2871 2898/1/2892
f 2899/1/2893 2898/1/2892 2876/1/2871
f 2895/1/2889 2898/1/2892 2899/1/2893
f 2887/1/2881 2898/1/2892 2895/1/2889
f 2875/1/2868 2874/1/2867 2900/1/2894
f 2880/1/2873 2900/1/2894 2874/1/2867
f 2881/1/2875 2897/1/2891 2900/1/2894
f 2896/1/2890 2899/1/2893 2900/1/2894
f 1086/1/1084 2901/1/2895 2904/1/2898
f 1068/1/1067 1073/1/1072 2901/1/2895
f 2902/1/2896 2901/1/2895 1073/1/1072
f 1170/1/1167 1173/1/1169 2905/1/2899
f 1167/1/1164 1166/1/1163 2905/1/2899
f 2904/1/2898 2905/1/2899 1166/1/1163
f 2906/1/2900 2905/1/2899 2904/1/2898
f 2907/1/2901 1177/1/1174 1176/1/1173
f 2906/1/2900 2908/1/2902 1176/1/1173
f 2907/1/2901 2908/1/2902 2909/1/2903
f 1032/1/1031 1037/1/1038 2911/1/2905
f 2912/1/2906 2911/1/2905 1037/1/1038
f 2913/1/2907 2914/1/2908 2911/1/2905
f 1071/1/1070 2911/1/2905 2914/1/2908
f 1072/1/1071 2914/1/2908 2915/1/2909
f 2916/1/2910 2915/1/2909 2914/1/2908
f 2917/1/2911 2918/1/2912 2915/1/2909
f 2902/1/2896 2915/1/2909 2918/1/2912
f 2910/1/2904 2909/1/2903 2919/1/2913
f 2920/1/2914 2919/1/2913 2918/1/2912
f 1036/1/1035 1041/1/1042 2921/1/2915
f 2922/1/2916 2921/1/2915 1041/1/1042
f 2923/1/2917 2924/1/2918 2921/1/2915
f 2912/1/2906 2921/1/2915 2924/1/2918
f 1177/1/1174 2907/1/2901 2925/1/2919
f 2910/1/2904 2926/1/2921 2925/1/2919
f 2927/1/2920 2928/1/2922 2925/1/2919
f 1181/1/1177 2925/1/2919 2928/1/2922
f 2913/1/2907 2924/1/2918 2929/1/2923
f 2931/1/2925 2932/1/2926 2929/1/2923
f 2916/1/2910 2929/1/2923 2932/1/2926
f 2927/1/2920 2926/1/2921 2933/1/2927
f 2920/1/2914 2933/1/2927 2926/1/2921
f 2917/1/2911 2932/1/2926 2933/1/2927
f 2934/1/2928 2933/1/2927 2932/1/2926
f 2922/1/2916 2935/1/2930 2936/1/2929
f 2935/1/2930 2922/1/2916 1040/1/1039
f 1047/1/1046 2937/1/2931 2935/1/2930
f 1178/1/1175 2928/1/2922 2939/1/2933
f 2940/1/2934 2939/1/2933 2928/1/2922
f 2941/1/2935 2942/1/2936 2939/1/2933
f 1185/1/1181 2939/1/2933 2942/1/2936
f 2930/1/2924 2943/1/2938 2944/1/2937
f 2944/1/2937 2943/1/2938 2945/1/2939
f 2927/1/2920 2934/1/2928 2947/1/2941
f 2931/1/2925 2944/1/2937 2947/1/2941
f 2946/1/2940 2948/1/2942 2947/1/2941
f 2940/1/2934 2947/1/2941 2948/1/2942
f 1050/1/1049 2949/1/2943 2937/1/2931
f 1049/1/1048 2951/1/2945 2949/1/2943
f 2950/1/2944 2949/1/2943 2951/1/2945
f 2946/1/2940 2945/1/2939 2953/1/2947
f 2950/1/2944 2953/1/2947 2945/1/2939
f 2952/1/2946 2955/1/2949 2953/1/2947
f 2954/1/2948 2953/1/2947 2955/1/2949
f 2957/1/2951 2958/1/2954 2959/1/2952
f 2665/1/2659 2959/1/2952 2958/1/2954
f 2663/1/2657 2660/1/2656 2959/1/2952
f 2960/1/2953 2959/1/2952 2660/1/2656
f 2952/1/2946 2951/1/2945 2961/1/2955
f 1053/1/1052 2961/1/2955 2951/1/2945
f 1055/1/1054 2958/1/2954 2961/1/2955
f 2956/1/2950 2955/1/2949 2963/1/2957
f 2962/1/2956 2963/1/2957 2955/1/2949
f 2964/1/2958 2963/1/2957 2965/1/2959
f 1182/1/1179 2942/1/2936 2967/1/2961
f 2968/1/2962 2967/1/2961 2942/1/2936
f 2969/1/2963 2970/1/2964 2967/1/2961
f 1189/1/1185 2967/1/2961 2970/1/2964
f 2941/1/2935 2948/1/2942 2971/1/2965
f 2954/1/2948 2971/1/2965 2948/1/2942
f 2956/1/2950 2972/1/2966 2971/1/2965
f 2968/1/2962 2971/1/2965 2972/1/2966
f 2625/1/2619 2623/1/2618 2973/1/2967
f 2974/1/2968 2973/1/2967 2623/1/2618
f 2975/1/2969 2976/1/2970 2973/1/2967
f 2960/1/2953 2973/1/2967 2976/1/2970
f 2605/1/2599 2602/1/2598 2977/1/2971
f 2544/1/2538 2977/1/2971 2602/1/2598
f 1148/1/1144 2979/1/2973 2977/1/2971
f 2978/1/2972 2977/1/2971 2979/1/2973
f 2985/1/2979 2986/1/2980 2978/1/2972
f 2974/1/2968 2986/1/2980 2985/1/2979
f 2595/1/2587 2610/1/2605 2986/1/2980
f 2978/1/2972 2986/1/2980 2610/1/2605
f 2984/1/2978 2983/1/2977 2987/1/2981
f 2975/1/2969 2985/1/2979 2987/1/2981
f 2988/1/2982 2987/1/2981 2985/1/2979
f 1186/1/1183 2970/1/2964 2989/1/2983
f 2991/1/2985 2989/1/2983 2970/1/2964
f 2984/1/2978 2988/1/2982 2989/1/2983
f 2990/1/2984 2989/1/2983 2988/1/2982
f 1144/1/1141 1187/1/1186 2992/1/2986
f 2990/1/2984 2992/1/2986 1187/1/1186
f 2980/1/2974 2979/1/2973 2992/1/2986
f 1147/1/1143 2992/1/2986 2979/1/2973
f 2969/1/2963 2972/1/2966 2993/1/2987
f 2964/1/2958 2993/1/2987 2972/1/2966
f 2966/1/2960 2982/1/2976 2993/1/2987
f 2991/1/2985 2993/1/2987 2982/1/2976
f 1351/1/1348 2994/1/2991 2995/1/2988
f 2996/1/2989 2994/1/2991 1351/1/1348
f 2997/1/2990 2998/1/2992 2994/1/2991
f 2995/1/2988 2994/1/2991 2998/1/2992
f 2999/1/2993 3001/1/2996 3000/1/2994
f 3002/1/2995 3003/1/2997 3000/1/2994
f 2999/1/2993 2998/1/2992 3004/1/2998
f 3005/1/2999 3004/1/2998 2998/1/2992
f 3006/1/3000 3007/1/3001 3004/1/2998
f 3001/1/2996 3004/1/2998 3007/1/3001
f 1359/1/1357 3008/1/3003 3009/1/3002
f 3010/1/3004 3008/1/3003 3003/1/2997
f 3009/1/3002 3008/1/3003 3010/1/3004
f 1364/1/1362 1363/1/1361 3012/1/3006
f 3011/1/3005 3013/1/3007 3012/1/3006
f 1394/1/1394 3012/1/3006 3013/1/3007
f 1397/1/1395 3013/1/3007 3014/1/3008
f 3016/1/3010 3014/1/3008 3013/1/3007
f 3017/1/3011 3018/1/3012 3014/1/3008
f 1396/1/1393 3020/1/3014 2382/1/2376
f 1397/1/1395 3015/1/3009 3020/1/3014
f 3021/1/3015 3020/1/3014 3015/1/3009
f 2445/1/2439 2444/1/2438 3022/1/3016
f 2439/1/2432 3022/1/3016 2444/1/2438
f 2383/1/2377 3021/1/3015 3022/1/3016
f 3023/1/3017 3022/1/3016 3021/1/3015
f 3002/1/2995 3007/1/3001 3024/1/3018
f 3025/1/3019 3024/1/3018 3007/1/3001
f 3025/1/3019 3017/1/3011 3016/1/3010
f 3011/1/3005 3010/1/3004 3024/1/3018
f 3026/1/3020 3027/1/3024 3028/1/3021
f 3030/1/3023 3028/1/3021 3027/1/3024
f 3032/1/3026 3033/1/3028 3028/1/3021
f 3034/1/3027 3029/1/3022 3028/1/3021
f 3035/1/3029 3036/1/3032 3037/1/3030
f 3030/1/3023 3037/1/3030 3040/1/3034
f 3030/1/3023 3031/1/3025 3038/1/3031
f 3041/1/3035 3042/1/3039 3043/1/3036
f 3045/1/3038 3046/1/3040 3043/1/3036
f 3046/1/3040 3031/1/3025 3027/1/3024
f 3044/1/3037 3043/1/3036 3027/1/3024
f 3035/1/3029 3038/1/3031 3047/1/3041
f 3031/1/3025 3046/1/3040 3047/1/3041
f 3046/1/3040 3045/1/3038 3049/1/3043
f 3048/1/3042 3047/1/3041 3049/1/3043
f 3050/1/3044 3051/1/3047 3052/1/3045
f 3053/1/3046 3052/1/3045 3051/1/3047
f 3039/1/3033 3036/1/3032 3052/1/3045
f 3048/1/3042 3052/1/3045 3036/1/3032
f 3034/1/3027 3055/1/3052 3056/1/3049
f 3058/1/3051 3056/1/3049 3055/1/3052
f 3060/1/3054 3061/1/3055 3056/1/3049
f 3057/1/3050 3056/1/3049 3061/1/3055
f 3032/1/3026 3063/1/3059 3064/1/3057
f 3065/1/3058 3064/1/3057 3063/1/3059
f 3059/1/3053 3055/1/3052 3064/1/3057
f 3033/1/3028 3064/1/3057 3055/1/3052
f 3068/1/3062 3067/1/3061 3040/1/3034
f 3069/1/3063 3070/1/3064 3067/1/3061
f 3063/1/3059 3067/1/3061 3070/1/3064
f 3068/1/3062 3071/1/3065 3074/1/3068
f 3075/1/3069 3076/1/3618 3077/1/3070
f 3079/1/3072 3078/1/3071 3077/1/3070
f 3050/1/3044 3049/1/3043 3078/1/3071
f 3075/1/3069 3078/1/3071 3049/1/3043
f 3054/1/3048 3051/1/3047 3081/1/3074
f 3079/1/3072 3081/1/3074 3051/1/3047
f 3086/1/3079 3087/1/3081 3082/1/3075
f 3088/1/3080 3085/1/3078 3087/1/3081
f 3088/1/3080 3089/1/3083 3090/1/3082
f 3093/1/3086 3090/1/3082 3092/1/3085
f 3085/1/3078 3090/1/3082 3093/1/3086
f 3091/1/3084 3095/1/3090 3096/1/3088
f 3097/1/3089 3098/1/3092 3096/1/3088
f 3099/1/3091 3100/1/3093 3096/1/3088
f 3092/1/3085 3096/1/3088 3100/1/3093
f 3101/1/3094 3102/1/3098 3103/1/3095
f 3105/1/3097 3103/1/3095 3102/1/3098
f 3098/1/3092 3103/1/3095 3105/1/3097
f 3104/1/3096 3103/1/3095 3098/1/3092
f 3107/1/3100 3108/1/3104 3109/1/3101
f 3111/1/3103 3109/1/3101 3108/1/3104
f 3112/1/3105 3109/1/3101 3111/1/3103
f 3114/1/3107 3110/1/3102 3109/1/3101
f 3059/1/3053 3115/1/3110 3116/1/3108
f 3117/1/3109 3116/1/3108 3115/1/3110
f 3113/1/3106 3111/1/3103 3116/1/3108
f 3058/1/3051 3116/1/3108 3111/1/3103
f 3120/1/3113 3119/1/3112 3121/1/3114
f 3118/1/3111 3115/1/3110 3119/1/3112
f 3065/1/3058 3119/1/3112 3115/1/3110
f 3066/1/3060 3070/1/3064 3123/1/3116
f 3124/1/3117 3123/1/3116 3070/1/3064
f 3125/1/3118 3126/1/3119 3123/1/3116
f 3121/1/3114 3123/1/3116 3126/1/3119
f 3069/1/3063 3074/1/3068 3127/1/3120
f 3128/1/3121 3127/1/3120 3074/1/3068
f 3128/1/3121 3129/1/3127 3130/1/3122
f 3124/1/3117 3127/1/3120 3130/1/3122
f 3094/1/3087 3131/1/3125 3132/1/3123
f 3133/1/3124 3132/1/3123 3131/1/3125
f 3129/1/3127 3128/1/3121 3132/1/3123
f 3093/1/3086 3132/1/3123 3128/1/3121
f 3135/1/3128 3136/1/3131 3100/1/3093
f 3137/1/3129 3136/1/3131 3135/1/3128
f 3134/1/3126 3131/1/3125 3136/1/3131
f 3100/1/3093 3136/1/3131 3131/1/3125
f 3099/1/3091 3105/1/3097 3139/1/3132
f 3106/1/3099 3140/1/3134 3139/1/3132
f 3141/1/3133 3139/1/3132 3140/1/3134
f 3138/1/3130 3135/1/3128 3139/1/3132
f 3114/1/3107 3112/1/3105 3143/1/3136
f 3145/1/3138 3143/1/3136 3112/1/3105
f 3146/1/3139 3147/1/3140 3143/1/3136
f 3144/1/3137 3143/1/3136 3147/1/3140
f 3117/1/3109 3149/1/3142 3145/1/3138
f 3118/1/3111 3150/1/3144 3149/1/3142
f 3151/1/3143 3152/1/3145 3149/1/3142
f 3145/1/3138 3149/1/3142 3152/1/3145
f 3153/1/3146 3154/1/3149 3155/1/3147
f 3150/1/3144 3155/1/3147 3154/1/3149
f 3120/1/3113 3155/1/3147 3150/1/3144
f 3122/1/3115 3156/1/3148 3155/1/3147
f 3157/1/3150 3158/1/3151 3154/1/3149
f 3154/1/3149 3158/1/3151 3160/1/3153
f 3161/1/3154 3162/1/3157 3163/1/3155
f 3156/1/3148 3163/1/3155 3162/1/3157
f 3122/1/3115 3126/1/3119 3163/1/3155
f 3164/1/3156 3163/1/3155 3126/1/3119
f 3129/1/3127 3165/1/3160 3166/1/3158
f 3167/1/3159 3168/1/3161 3166/1/3158
f 3164/1/3156 3166/1/3158 3168/1/3161
f 3130/1/3122 3166/1/3158 3164/1/3156
f 3134/1/3126 3169/1/3164 3170/1/3162
f 3171/1/3163 3172/1/3165 3170/1/3162
f 3172/1/3165 3167/1/3159 3165/1/3160
f 3133/1/3124 3170/1/3162 3165/1/3160
f 3173/1/3166 3174/1/3169 3175/1/3167
f 3169/1/3164 3175/1/3167 3174/1/3169
f 3137/1/3129 3175/1/3167 3169/1/3164
f 3138/1/3130 3176/1/3168 3175/1/3167
f 3177/1/3170 3178/1/3174 3179/1/3171
f 3181/1/3173 3179/1/3171 3178/1/3174
f 3084/1/3077 3083/1/3076 3179/1/3171
f 3183/1/3176 3184/1/3180 3185/1/3177
f 3187/1/3179 3185/1/3177 3184/1/3180
f 3182/1/3175 3178/1/3174 3185/1/3177
f 3186/1/3178 3185/1/3177 3178/1/3174
f 3182/1/3175 3189/1/3184 3190/1/3182
f 3191/1/3183 3190/1/3182 3189/1/3184
f 3088/1/3080 3086/1/3079 3190/1/3182
f 3181/1/3173 3190/1/3182 3086/1/3079
f 3188/1/3181 3193/1/3188 3194/1/3186
f 3195/1/3187 3194/1/3186 3193/1/3188
f 3192/1/3185 3189/1/3184 3194/1/3186
f 3187/1/3179 3194/1/3186 3189/1/3184
f 3197/1/3190 3198/1/3194 3199/1/3191
f 3201/1/3193 3199/1/3191 3198/1/3194
f 3196/1/3189 3193/1/3188 3199/1/3191
f 3200/1/3192 3199/1/3191 3193/1/3188
f 3192/1/3185 3203/1/3198 3204/1/3196
f 3205/1/3197 3204/1/3196 3203/1/3198
f 3091/1/3084 3089/1/3083 3204/1/3196
f 3191/1/3183 3204/1/3196 3089/1/3083
f 3207/1/3200 3208/1/3203 3209/1/3201
f 3201/1/3193 3209/1/3201 3208/1/3203
f 3202/1/3195 3211/1/3204 3209/1/3201
f 3210/1/3202 3209/1/3201 3211/1/3204
f 3196/1/3189 3208/1/3203 3213/1/3206
f 3214/1/3207 3213/1/3206 3208/1/3203
f 3206/1/3199 3203/1/3198 3213/1/3206
f 3195/1/3187 3213/1/3206 3203/1/3198
f 3206/1/3199 3215/1/3209 3216/1/3208
f 3097/1/3089 3095/1/3090 3216/1/3208
f 3205/1/3197 3216/1/3208 3095/1/3090
f 3220/1/3213 3219/1/3212 3221/1/3214
f 3101/1/3094 3104/1/3096 3219/1/3212
f 3218/1/3211 3219/1/3212 3104/1/3096
f 3207/1/3200 3223/1/3218 3224/1/3216
f 3225/1/3217 3224/1/3216 3223/1/3218
f 3217/1/3210 3215/1/3209 3224/1/3216
f 3214/1/3207 3224/1/3216 3215/1/3209
f 3212/1/3205 3227/1/3222 3228/1/3220
f 3229/1/3221 3228/1/3220 3227/1/3222
f 3226/1/3219 3223/1/3218 3228/1/3220
f 3210/1/3202 3228/1/3220 3223/1/3218
f 3226/1/3219 3231/1/3226 3232/1/3224
f 3233/1/3225 3232/1/3224 3231/1/3226
f 3222/1/3215 3221/1/3214 3232/1/3224
f 3225/1/3217 3232/1/3224 3221/1/3214
f 3230/1/3223 3235/1/3230 3236/1/3228
f 3237/1/3229 3236/1/3228 3235/1/3230
f 3234/1/3227 3231/1/3226 3236/1/3228
f 3229/1/3221 3236/1/3228 3231/1/3226
f 3234/1/3227 3239/1/3234 3240/1/3232
f 3241/1/3233 3240/1/3232 3239/1/3234
f 3243/1/3236 3244/1/3237 3240/1/3232
f 3233/1/3225 3240/1/3232 3244/1/3237
f 3238/1/3231 3245/1/3240 3246/1/3238
f 3247/1/3239 3246/1/3238 3245/1/3240
f 3242/1/3235 3239/1/3234 3246/1/3238
f 3237/1/3229 3246/1/3238 3239/1/3234
f 3248/1/3241 3249/1/3244 3250/1/3242
f 3251/1/3243 3250/1/3242 3249/1/3244
f 3253/1/3246 3254/1/3247 3250/1/3242
f 3247/1/3239 3250/1/3242 3254/1/3247
f 3255/1/3248 3256/1/3251 3257/1/3249
f 3251/1/3243 3257/1/3249 3256/1/3251
f 3252/1/3245 3259/1/3252 3257/1/3249
f 3258/1/3250 3257/1/3249 3259/1/3252
f 3260/1/3253 3261/1/3256 3262/1/3254
f 3263/1/3255 3262/1/3254 3261/1/3256
f 3265/1/3258 3266/1/3259 3262/1/3254
f 3258/1/3250 3262/1/3254 3266/1/3259
f 3159/1/3152 3157/1/3150 3267/1/3260
f 3269/1/3262 3267/1/3260 3157/1/3150
f 3270/1/3263 3271/1/3264 3267/1/3260
f 3268/1/3261 3267/1/3260 3271/1/3264
f 3162/1/3157 3273/1/3268 3269/1/3262
f 3274/1/3266 3273/1/3268 3162/1/3157
f 3275/1/3267 3276/1/3269 3273/1/3268
f 3269/1/3262 3273/1/3268 3276/1/3269
f 3161/1/3154 3168/1/3161 3277/1/3270
f 3278/1/3271 3277/1/3270 3168/1/3161
f 3279/1/3272 3280/1/3273 3277/1/3270
f 3274/1/3266 3277/1/3270 3280/1/3273
f 3167/1/3159 3172/1/3165 3281/1/3274
f 3282/1/3275 3281/1/3274 3172/1/3165
f 3283/1/3276 3284/1/3277 3281/1/3274
f 3278/1/3271 3281/1/3274 3284/1/3277
f 3279/1/3272 3284/1/3277 3285/1/3278
f 3287/1/3280 3285/1/3278 3284/1/3277
f 3288/1/3281 3289/1/3282 3285/1/3278
f 3286/1/3279 3285/1/3278 3289/1/3282
f 3291/1/3284 3292/1/3288 3293/1/3285
f 3295/1/3287 3293/1/3285 3292/1/3288
f 3202/1/3195 3198/1/3194 3293/1/3285
f 3294/1/3286 3293/1/3285 3198/1/3194
f 3296/1/3289 3297/1/3292 3298/1/3290
f 3299/1/3291 3298/1/3290 3297/1/3292
f 3212/1/3205 3211/1/3204 3298/1/3290
f 3295/1/3287 3298/1/3290 3211/1/3204
f 3300/1/3293 3301/1/3296 3302/1/3294
f 3303/1/3295 3302/1/3294 3301/1/3296
f 3230/1/3223 3227/1/3222 3302/1/3294
f 3299/1/3291 3302/1/3294 3227/1/3222
f 3304/1/3297 3305/1/3300 3306/1/3298
f 3307/1/3299 3306/1/3298 3305/1/3300
f 3238/1/3231 3235/1/3230 3306/1/3298
f 3303/1/3295 3306/1/3298 3235/1/3230
f 3308/1/3301 3309/1/3304 3310/1/3302
f 3311/1/3303 3310/1/3302 3309/1/3304
f 3248/1/3241 3245/1/3240 3310/1/3302
f 3307/1/3299 3310/1/3302 3245/1/3240
f 3312/1/3305 3313/1/3308 3314/1/3306
f 3315/1/3307 3314/1/3306 3313/1/3308
f 3252/1/3245 3249/1/3244 3314/1/3306
f 3311/1/3303 3314/1/3306 3249/1/3244
f 3316/1/3309 3317/1/3312 3318/1/3310
f 3319/1/3311 3318/1/3310 3317/1/3312
f 3260/1/3253 3259/1/3252 3318/1/3310
f 3315/1/3307 3318/1/3310 3259/1/3252
f 3320/1/3313 3321/1/3316 3322/1/3314
f 3323/1/3315 3322/1/3314 3321/1/3316
f 3264/1/3257 3261/1/3256 3322/1/3314
f 3319/1/3311 3322/1/3314 3261/1/3256
f 3325/1/3318 3326/1/3322 3327/1/3319
f 3329/1/3321 3327/1/3319 3326/1/3322
f 3291/1/3284 3331/1/3324 3327/1/3319
f 3328/1/3320 3327/1/3319 3331/1/3324
f 3330/1/3323 3333/1/3328 3334/1/3326
f 3335/1/3327 3334/1/3326 3333/1/3328
f 3296/1/3289 3292/1/3288 3334/1/3326
f 3329/1/3321 3334/1/3326 3292/1/3288
f 3336/1/3329 3337/1/3332 3338/1/3330
f 3339/1/3331 3338/1/3330 3337/1/3332
f 3300/1/3293 3297/1/3292 3338/1/3330
f 3335/1/3327 3338/1/3330 3297/1/3292
f 3340/1/3333 3341/1/3336 3342/1/3334
f 3343/1/3335 3342/1/3334 3341/1/3336
f 3304/1/3297 3301/1/3296 3342/1/3334
f 3339/1/3331 3342/1/3334 3301/1/3296
f 3344/1/3337 3345/1/3340 3346/1/3338
f 3347/1/3339 3346/1/3338 3345/1/3340
f 3308/1/3301 3305/1/3300 3346/1/3338
f 3343/1/3335 3346/1/3338 3305/1/3300
f 3348/1/3341 3349/1/3344 3350/1/3342
f 3351/1/3343 3350/1/3342 3349/1/3344
f 3312/1/3305 3309/1/3304 3350/1/3342
f 3347/1/3339 3350/1/3342 3309/1/3304
f 3352/1/3345 3353/1/3348 3354/1/3346
f 3355/1/3347 3354/1/3346 3353/1/3348
f 3316/1/3309 3313/1/3308 3354/1/3346
f 3351/1/3343 3354/1/3346 3313/1/3308
f 3356/1/3349 3357/1/3352 3358/1/3350
f 3359/1/3351 3358/1/3350 3357/1/3352
f 3320/1/3313 3317/1/3312 3358/1/3350
f 3355/1/3347 3358/1/3350 3317/1/3312
f 3361/1/3354 3362/1/3358 3363/1/3355
f 3365/1/3357 3363/1/3355 3362/1/3358
f 3325/1/3318 3367/1/3360 3363/1/3355
f 3364/1/3356 3363/1/3355 3367/1/3360
f 3366/1/3359 3369/1/3364 3370/1/3362
f 3371/1/3363 3370/1/3362 3369/1/3364
f 3330/1/3323 3326/1/3322 3370/1/3362
f 3365/1/3357 3370/1/3362 3326/1/3322
f 3372/1/3365 3373/1/3368 3374/1/3366
f 3375/1/3367 3374/1/3366 3373/1/3368
f 3336/1/3329 3333/1/3328 3374/1/3366
f 3371/1/3363 3374/1/3366 3333/1/3328
f 3376/1/3369 3377/1/3372 3378/1/3370
f 3379/1/3371 3378/1/3370 3377/1/3372
f 3340/1/3333 3337/1/3332 3378/1/3370
f 3375/1/3367 3378/1/3370 3337/1/3332
f 3380/1/3373 3381/1/3376 3382/1/3374
f 3383/1/3375 3382/1/3374 3381/1/3376
f 3344/1/3337 3341/1/3336 3382/1/3374
f 3379/1/3371 3382/1/3374 3341/1/3336
f 3384/1/3377 3385/1/3380 3386/1/3378
f 3387/1/3379 3386/1/3378 3385/1/3380
f 3348/1/3341 3345/1/3340 3386/1/3378
f 3383/1/3375 3386/1/3378 3345/1/3340
f 3388/1/3381 3389/1/3384 3390/1/3382
f 3391/1/3383 3390/1/3382 3389/1/3384
f 3352/1/3345 3349/1/3344 3390/1/3382
f 3387/1/3379 3390/1/3382 3349/1/3344
f 3392/1/3385 3393/1/3388 3394/1/3386
f 3395/1/3387 3394/1/3386 3393/1/3388
f 3356/1/3349 3353/1/3348 3394/1/3386
f 3391/1/3383 3394/1/3386 3353/1/3348
f 3396/1/3389 3397/1/3392 3398/1/3390
f 3399/1/3391 3398/1/3390 3397/1/3392
f 3360/1/3353 3357/1/3352 3398/1/3390
f 3395/1/3387 3398/1/3390 3357/1/3352
f 3401/1/3394 3402/1/3399 3403/1/3395
f 3405/1/3397 3402/1/3399 3401/1/3394
f 3060/1/3054 3108/1/3104 3402/1/3399
f 3403/1/3395 3402/1/3399 3108/1/3104
f 3408/1/3401 3407/1/3400 3409/1/3402
f 3026/1/3020 3029/1/3022 3407/1/3400
f 3026/1/3020 3408/1/3401 3411/1/3404
f 3412/1/3405 3411/1/3404 3408/1/3401
f 3413/1/3406 3414/1/3407 3411/1/3404
f 3044/1/3037 3411/1/3404 3414/1/3407
f 3413/1/3406 3412/1/3405 3415/1/3408
f 3418/1/3411 3419/1/3412 3415/1/3408
f 3416/1/3409 3415/1/3408 3419/1/3412
f 3406/1/3398 3421/1/3415 3422/1/3414
f 3409/1/3402 3422/1/3414 3421/1/3415
f 3062/1/3056 3061/1/3055 3422/1/3414
f 3405/1/3397 3422/1/3414 3061/1/3055
f 3425/1/3418 3426/1/3422 3427/1/3419
f 3429/1/3421 3427/1/3419 3426/1/3422
f 3431/1/3424 3432/1/3425 3427/1/3419
f 3428/1/3420 3427/1/3419 3432/1/3425
f 3430/1/3423 3434/1/3429 3435/1/3427
f 3436/1/3428 3435/1/3427 3434/1/3429
f 3438/1/3431 3439/1/3432 3435/1/3427
f 3429/1/3421 3435/1/3427 3439/1/3432
f 3440/1/3433 3441/1/3436 3442/1/3434
f 3436/1/3428 3442/1/3434 3441/1/3436
f 3437/1/3430 3444/1/3437 3442/1/3434
f 3443/1/3435 3442/1/3434 3444/1/3437
f 3445/1/3438 3446/1/3441 3447/1/3439
f 3448/1/3440 3447/1/3439 3446/1/3441
f 3450/1/3443 3451/1/3444 3447/1/3439
f 3443/1/3435 3447/1/3439 3451/1/3444
f 3452/1/3445 3453/1/3449 3454/1/3446
f 3456/1/3448 3454/1/3446 3453/1/3449
f 3458/1/3451 3459/1/3452 3454/1/3446
f 3455/1/3447 3454/1/3446 3459/1/3452
f 3460/1/3453 3461/1/3456 3462/1/3454
f 3448/1/3440 3462/1/3454 3461/1/3456
f 3449/1/3442 3459/1/3452 3462/1/3454
f 3464/1/3457 3465/1/3461 3466/1/3458
f 3468/1/3460 3466/1/3458 3465/1/3461
f 3404/1/3396 3403/1/3395 3466/1/3458
f 3467/1/3459 3466/1/3458 3403/1/3395
f 3470/1/3463 3471/1/3466 3472/1/3464
f 3467/1/3459 3472/1/3464 3471/1/3466
f 3107/1/3100 3110/1/3102 3472/1/3464
f 3473/1/3465 3472/1/3464 3110/1/3102
f 3148/1/3141 3147/1/3140 3474/1/3467
f 3476/1/3469 3474/1/3467 3147/1/3140
f 3477/1/3470 3478/1/3471 3474/1/3467
f 3475/1/3468 3474/1/3467 3478/1/3471
f 3146/1/3139 3152/1/3145 3480/1/3473
f 3481/1/3474 3480/1/3473 3152/1/3145
f 3482/1/3475 3480/1/3473 3481/1/3474
f 3476/1/3469 3480/1/3473 3482/1/3475
f 3272/1/3265 3484/1/3478 3485/1/3477
f 3481/1/3474 3485/1/3477 3484/1/3478
f 3151/1/3143 3160/1/3153 3485/1/3477
f 3268/1/3261 3485/1/3477 3160/1/3153
f 3148/1/3141 3486/1/3480 3487/1/3479
f 3470/1/3463 3473/1/3465 3487/1/3479
f 3144/1/3137 3487/1/3479 3473/1/3465
f 3493/1/3486 3490/1/3483 3494/1/3487
f 3469/1/3462 3465/1/3461 3490/1/3483
f 3491/1/3484 3490/1/3483 3465/1/3461
f 3488/1/3481 3496/1/3490 3497/1/3489
f 3464/1/3457 3471/1/3466 3497/1/3489
f 3489/1/3482 3497/1/3489 3471/1/3466
f 3479/1/3472 3498/1/3492 3499/1/3491
f 3475/1/3468 3499/1/3491 3486/1/3480
f 3500/1/3493 3501/1/3497 3502/1/3494
f 3504/1/3496 3502/1/3494 3501/1/3497
f 3479/1/3472 3478/1/3471 3502/1/3494
f 3503/1/3495 3502/1/3494 3478/1/3471
f 3505/1/3498 3506/1/3501 3507/1/3499
f 3508/1/3500 3507/1/3499 3506/1/3501
f 3488/1/3481 3498/1/3492 3507/1/3499
f 3504/1/3496 3507/1/3499 3498/1/3492
f 3515/1/3508 3514/1/3507 3516/1/3509
f 3492/1/3485 3513/1/3506 3514/1/3507
f 3495/1/3488 3494/1/3487 3518/1/3511
f 3515/1/3508 3518/1/3511 3494/1/3487
f 3522/1/3515 3523/1/3518 3524/1/3516
f 3525/1/3517 3524/1/3516 3516/1/3509
f 3528/1/3521 3529/1/3524 3530/1/3522
f 3525/1/3517 3530/1/3522 3529/1/3524
f 3512/1/3505 3511/1/3504 3530/1/3522
f 3531/1/3523 3530/1/3522 3511/1/3504
f 3532/1/3525 3533/1/3528 3534/1/3526
f 3531/1/3523 3534/1/3526 3533/1/3528
f 3509/1/3502 3506/1/3501 3534/1/3526
f 3535/1/3527 3534/1/3526 3506/1/3501
f 3536/1/3529 3537/1/3532 3538/1/3530
f 3535/1/3527 3537/1/3532 3536/1/3529
f 3505/1/3498 3501/1/3497 3537/1/3532
f 3500/1/3493 3538/1/3530 3537/1/3532
f 3540/1/3533 3541/1/3537 3542/1/3534
f 3544/1/3536 3542/1/3534 3541/1/3537
f 3521/1/3514 3542/1/3534 3544/1/3536
f 3543/1/3535 3542/1/3534 3521/1/3514
f 3433/1/3426 3432/1/3425 3546/1/3539
f 3548/1/3541 3546/1/3539 3432/1/3425
f 3549/1/3542 3550/1/3543 3546/1/3539
f 3547/1/3540 3546/1/3539 3550/1/3543
f 3552/1/3545 3553/1/3549 3554/1/3546
f 3556/1/3548 3554/1/3546 3553/1/3549
f 3545/1/3538 3541/1/3537 3554/1/3546
f 3555/1/3547 3554/1/3546 3541/1/3537
f 3551/1/3544 3550/1/3543 3558/1/3551
f 3560/1/3553 3558/1/3551 3550/1/3543
f 3557/1/3550 3553/1/3549 3558/1/3551
f 3559/1/3552 3558/1/3551 3553/1/3549
f 3495/1/3488 3544/1/3536 3561/1/3554
f 3562/1/3555 3561/1/3554 3544/1/3536
f 3563/1/3556 3564/1/3557 3561/1/3554
f 3493/1/3486 3561/1/3554 3564/1/3557
f 3565/1/3558 3566/1/3561 3567/1/3559
f 3548/1/3541 3567/1/3559 3566/1/3561
f 3431/1/3424 3439/1/3432 3567/1/3559
f 3568/1/3560 3567/1/3559 3439/1/3432
f 3545/1/3538 3556/1/3548 3569/1/3562
f 3570/1/3563 3569/1/3562 3556/1/3548
f 3571/1/3564 3572/1/3565 3569/1/3562
f 3562/1/3555 3569/1/3562 3572/1/3565
f 3565/1/3558 3573/1/3567 3574/1/3566
f 3570/1/3563 3574/1/3566 3573/1/3567
f 3557/1/3550 3560/1/3553 3574/1/3566
f 3566/1/3561 3574/1/3566 3560/1/3553
f 3469/1/3462 3564/1/3557 3575/1/3568
f 3468/1/3460 3575/1/3568 3578/1/3571
f 3438/1/3431 3441/1/3436 3579/1/3572
f 3580/1/3573 3579/1/3572 3441/1/3436
f 3581/1/3574 3582/1/3575 3579/1/3572
f 3568/1/3560 3579/1/3572 3582/1/3575
f 3584/1/3577 3583/1/3576 3572/1/3565
f 3585/1/3578 3586/1/3579 3583/1/3576
f 3581/1/3574 3587/1/3581 3588/1/3580
f 3584/1/3577 3588/1/3580 3587/1/3581
f 3571/1/3564 3573/1/3567 3588/1/3580
f 3582/1/3575 3588/1/3580 3573/1/3567
f 3589/1/3582 3590/1/3585 3451/1/3444
f 3591/1/3583 3590/1/3585 3589/1/3582
f 3581/1/3574 3580/1/3573 3590/1/3585
f 3440/1/3433 3451/1/3444 3590/1/3585
f 3404/1/3396 3578/1/3571 3593/1/3586
f 3401/1/3394 3593/1/3586 3596/1/3589
f 3577/1/3570 3586/1/3579 3597/1/3590
f 3598/1/3591 3597/1/3590 3586/1/3579
f 3599/1/3592 3600/1/3593 3597/1/3590
f 3594/1/3587 3597/1/3590 3600/1/3593
f 3592/1/3584 3601/1/3595 3602/1/3594
f 3598/1/3591 3602/1/3594 3601/1/3595
f 3585/1/3578 3587/1/3581 3602/1/3594
f 3591/1/3583 3602/1/3594 3587/1/3581
f 3603/1/3596 3604/1/3599 3461/1/3456
f 3605/1/3597 3604/1/3599 3603/1/3596
f 3592/1/3584 3589/1/3582 3604/1/3599
f 3450/1/3443 3461/1/3456 3604/1/3599
f 3424/1/3417 3607/1/3600 3610/1/3603
f 3608/1/3601 3607/1/3600 3596/1/3589
f 3606/1/3598 3611/1/3606 3612/1/3604
f 3613/1/3605 3612/1/3604 3611/1/3606
f 3605/1/3597 3612/1/3604 3601/1/3595
f 3614/1/3607 3615/1/3609 3616/1/3608
f 3608/1/3601 3616/1/3608 3615/1/3609
f 3595/1/3588 3600/1/3593 3616/1/3608
f 3613/1/3605 3616/1/3608 3600/1/3593
f 3332/1/3325 3617/1/3612 3618/1/3610
f 3619/1/3611 3618/1/3610 3617/1/3612
f 3368/1/3361 3367/1/3360 3618/1/3610
f 3328/1/3320 3618/1/3610 3367/1/3360
f 3180/1/3172 3621/1/3614 3624/1/3617
f 3622/1/3615 3621/1/3614 3077/1/3070
f 3625/1/3619 3626/1/3621 3617/1/3612
f 3627/1/3620 3628/1/3623 3626/1/3621
f 3629/1/3622 3626/1/3621 3628/1/3623
f 3620/1/3613 3617/1/3612 3626/1/3621
f 3183/1/3176 3631/1/3627 3632/1/3625
f 3633/1/3626 3632/1/3625 3631/1/3627
f 3200/1/3192 3632/1/3625 3633/1/3626
f 3188/1/3181 3184/1/3180 3632/1/3625
f 3627/1/3620 3631/1/3627 3634/1/3628
f 3186/1/3178 3634/1/3628 3631/1/3627
f 3177/1/3170 3624/1/3617 3634/1/3628
f 3635/1/3629 3634/1/3628 3624/1/3617
f 3630/1/3624 3628/1/3623 3636/1/3630
f 3635/1/3629 3636/1/3630 3628/1/3623
f 3623/1/3616 3637/1/3631 3636/1/3630
f 3197/1/3190 3633/1/3626 3638/1/3632
f 3625/1/3619 3638/1/3632 3633/1/3626
f 3332/1/3325 3331/1/3324 3638/1/3632
f 3294/1/3286 3638/1/3632 3331/1/3324
f 3477/1/3470 3482/1/3475 3639/1/3633
f 3640/1/3634 3639/1/3633 3482/1/3475
f 3641/1/3635 3642/1/3636 3639/1/3633
f 3643/1/3637 3644/1/3639 3642/1/3636
f 3645/1/3638 3646/1/3640 3644/1/3639
f 3539/1/3531 3538/1/3530 3644/1/3639
f 3642/1/3636 3644/1/3639 3538/1/3530
f 3646/1/3640 3648/1/3642 3650/1/3644
f 3532/1/3525 3536/1/3529 3651/1/3645
f 3539/1/3531 3650/1/3644 3651/1/3645
f 3653/1/3647 3655/1/3651 3656/1/3649
f 3657/1/3650 3656/1/3649 3655/1/3651
f 3528/1/3521 3533/1/3528 3656/1/3649
f 3654/1/3648 3656/1/3649 3533/1/3528
f 3658/1/3652 3659/1/3655 3660/1/3653
f 3661/1/3654 3660/1/3653 3659/1/3655
f 3522/1/3515 3529/1/3524 3660/1/3653
f 3657/1/3650 3660/1/3653 3529/1/3524
f 3662/1/3656 3663/1/3659 3664/1/3657
f 3665/1/3658 3664/1/3657 3663/1/3659
f 3526/1/3519 3523/1/3518 3664/1/3657
f 3661/1/3654 3664/1/3657 3523/1/3518
f 3667/1/3661 3668/1/3664 3669/1/3662
f 3666/1/3660 3663/1/3659 3668/1/3664
f 3669/1/3662 3668/1/3664 3663/1/3659
f 3671/1/3665 3672/1/3668 3673/1/3666
f 3669/1/3662 3673/1/3666 3672/1/3668
f 3662/1/3656 3659/1/3655 3673/1/3666
f 3674/1/3667 3673/1/3666 3659/1/3655
f 3675/1/3669 3676/1/3672 3677/1/3670
f 3674/1/3667 3677/1/3670 3676/1/3672
f 3658/1/3652 3655/1/3651 3677/1/3670
f 3678/1/3671 3677/1/3670 3655/1/3651
f 3679/1/3673 3680/1/3676 3652/1/3646
f 3681/1/3674 3680/1/3676 3679/1/3673
f 3675/1/3669 3678/1/3671 3680/1/3676
f 3653/1/3647 3652/1/3646 3680/1/3676
f 3682/1/3675 3679/1/3673 3686/1/3680
f 3649/1/3643 3647/1/3641 3686/1/3680
f 3645/1/3638 3683/1/3677 3686/1/3680
f 3641/1/3635 3687/1/3682 3688/1/3681
f 3643/1/3637 3688/1/3681 3683/1/3677
f 3689/1/3683 3687/1/3682 3691/1/3685
f 3640/1/3634 3691/1/3685 3687/1/3682
f 3692/1/3686 3691/1/3685 3640/1/3634
f 3697/1/3691 3698/1/3692 3695/1/3689
f 3272/1/3265 3271/1/3264 3699/1/3693
f 3700/1/3694 3699/1/3693 3271/1/3264
f 3701/1/3695 3702/1/3696 3699/1/3693
f 3696/1/3690 3699/1/3693 3702/1/3696
f 3270/1/3263 3276/1/3269 3703/1/3697
f 3704/1/3698 3703/1/3697 3276/1/3269
f 3700/1/3694 3703/1/3697 3706/1/3700
f 3290/1/3283 3707/1/3702 3708/1/3701
f 3704/1/3698 3708/1/3701 3707/1/3702
f 3275/1/3267 3280/1/3273 3708/1/3701
f 3286/1/3279 3708/1/3701 3280/1/3273
f 3712/1/3706 3713/1/3708 3714/1/3707
f 3709/1/3703 3714/1/3707 3713/1/3708
f 3705/1/3699 3707/1/3702 3716/1/3710
f 3718/1/3712 3716/1/3710 3707/1/3702
f 3719/1/3713 3720/1/3714 3716/1/3710
f 3717/1/3711 3716/1/3710 3720/1/3714
f 3290/1/3283 3289/1/3282 3721/1/3715
f 3722/1/3716 3721/1/3715 3289/1/3282
f 3723/1/3717 3724/1/3718 3721/1/3715
f 3718/1/3712 3721/1/3715 3724/1/3718
f 3288/1/3281 3725/1/3721 3726/1/3719
f 3727/1/3720 3726/1/3719 3725/1/3721
f 3729/1/3723 3730/1/3724 3726/1/3719
f 3722/1/3716 3726/1/3719 3730/1/3724
f 3732/1/3726 3733/1/3740 3734/1/3727
f 3735/1/3728 3731/1/3725 3734/1/3727
f 3737/1/3730 3738/1/3733 3739/1/3731
f 3282/1/3275 3739/1/3731 3738/1/3733
f 3171/1/3163 3174/1/3169 3739/1/3731
f 3740/1/3732 3739/1/3731 3174/1/3169
f 3283/1/3276 3738/1/3733 3741/1/3734
f 3742/1/3735 3741/1/3734 3738/1/3733
f 3737/1/3730 3743/1/3738 3744/1/3736
f 3745/1/3737 3744/1/3736 3743/1/3738
f 3733/1/3740 3732/1/3726 3744/1/3736
f 3742/1/3735 3744/1/3736 3732/1/3726
f 3176/1/3168 3138/1/3130 3141/1/3133
f 3142/1/3135 3748/1/3743 3747/1/3741
f 3749/1/3742 3750/1/3744 3747/1/3741
f 3176/1/3168 3747/1/3741 3750/1/3744
f 3173/1/3166 3750/1/3744 3751/1/3745
f 3752/1/3746 3751/1/3745 3750/1/3744
f 3746/1/3739 3743/1/3738 3751/1/3745
f 3740/1/3732 3751/1/3745 3743/1/3738
f 3746/1/3739 3752/1/3746 3753/1/3747
f 3749/1/3742 3755/1/3750 3753/1/3747
f 3756/1/3749 3754/1/3748 3753/1/3747
f 3733/1/3740 3745/1/3737 3757/1/3751
f 3754/1/3748 3757/1/3751 3745/1/3737
f 3756/1/3749 3759/1/3753 3757/1/3751
f 3758/1/3752 3757/1/3751 3759/1/3753
f 3762/1/3756 3761/1/3755 3720/1/3714
f 3763/1/3757 3764/1/3758 3761/1/3755
f 3765/1/3759 3766/1/3763 3767/1/3760
f 3769/1/3762 3767/1/3760 3766/1/3763
f 3770/1/3764 3771/1/3765 3767/1/3760
f 3768/1/3761 3767/1/3760 3771/1/3765
f 3763/1/3757 3773/1/3768 3774/1/3767
f 3769/1/3762 3774/1/3767 3773/1/3768
f 3719/1/3713 3724/1/3718 3775/1/3769
f 3776/1/3770 3775/1/3769 3724/1/3718
f 3777/1/3771 3778/1/3772 3775/1/3769
f 3762/1/3756 3775/1/3769 3778/1/3772
f 3777/1/3771 3779/1/3775 3780/1/3773
f 3781/1/3774 3780/1/3773 3779/1/3775
f 3770/1/3764 3773/1/3768 3780/1/3773
f 3778/1/3772 3780/1/3773 3773/1/3768
f 3782/1/3776 3783/1/3779 3784/1/3777
f 3785/1/3778 3784/1/3777 3783/1/3779
f 3772/1/3766 3771/1/3765 3784/1/3777
f 3781/1/3774 3784/1/3777 3771/1/3765
f 3729/1/3723 3788/1/3783 3787/1/3781
f 3789/1/3782 3787/1/3781 3788/1/3783
f 3776/1/3770 3787/1/3781 3789/1/3782
f 3790/1/3784 3791/1/3787 3792/1/3785
f 3793/1/3786 3792/1/3785 3791/1/3787
f 3782/1/3776 3779/1/3775 3792/1/3785
f 3789/1/3782 3792/1/3785 3779/1/3775
f 3794/1/3788 3795/1/3791 3796/1/3789
f 3797/1/3790 3796/1/3789 3795/1/3791
f 3786/1/3780 3783/1/3779 3796/1/3789
f 3793/1/3786 3796/1/3789 3783/1/3779
f 3765/1/3759 3768/1/3761 3799/1/3793
f 3772/1/3766 3801/1/3796 3799/1/3793
f 3802/1/3795 3803/1/3797 3799/1/3793
f 3800/1/3794 3799/1/3793 3803/1/3797
f 3785/1/3778 3805/1/3801 3801/1/3796
f 3806/1/3799 3805/1/3801 3785/1/3778
f 3807/1/3800 3808/1/3802 3805/1/3801
f 3801/1/3796 3805/1/3801 3808/1/3802
f 3786/1/3780 3797/1/3790 3809/1/3803
f 3810/1/3804 3809/1/3803 3797/1/3790
f 3811/1/3805 3812/1/3806 3809/1/3803
f 3806/1/3799 3809/1/3803 3812/1/3806
f 3798/1/3792 3813/1/3809 3814/1/3807
f 3815/1/3808 3814/1/3807 3813/1/3809
f 3817/1/3811 3818/1/3812 3814/1/3807
f 3810/1/3804 3814/1/3807 3818/1/3812
f 3811/1/3805 3818/1/3812 3819/1/3813
f 3821/1/3815 3819/1/3813 3818/1/3812
f 3822/1/3816 3823/1/3817 3819/1/3813
f 3820/1/3814 3819/1/3813 3823/1/3817
f 3827/1/3821 3828/1/3823 3829/1/3822
f 3715/1/3709 3713/1/3708 3831/1/3825
f 3832/1/3826 3831/1/3825 3713/1/3708
f 3833/1/3827 3834/1/3828 3831/1/3825
f 3826/1/3820 3831/1/3825 3834/1/3828
f 3804/1/3798 3835/1/3830 3836/1/3829
f 3832/1/3826 3836/1/3829 3835/1/3830
f 3712/1/3706 3766/1/3763 3836/1/3829
f 3800/1/3794 3836/1/3829 3766/1/3763
f 3837/1/3831 3838/1/3833 3835/1/3830
f 3839/1/3832 3840/1/3834 3838/1/3833
f 3835/1/3830 3838/1/3833 3840/1/3834
f 3804/1/3798 3803/1/3797 3841/1/3835
f 3842/1/3836 3841/1/3835 3803/1/3797
f 3843/1/3837 3844/1/3838 3841/1/3835
f 3837/1/3831 3841/1/3835 3844/1/3838
f 3802/1/3795 3808/1/3802 3845/1/3839
f 3846/1/3840 3845/1/3839 3808/1/3802
f 3847/1/3841 3848/1/3842 3845/1/3839
f 3842/1/3836 3845/1/3839 3848/1/3842
f 3824/1/3818 3849/1/3844 3850/1/3843
f 3846/1/3840 3850/1/3843 3849/1/3844
f 3807/1/3800 3812/1/3806 3850/1/3843
f 3820/1/3814 3850/1/3843 3812/1/3806
f 3830/1/3824 3828/1/3823 3851/1/3845
f 3853/1/3847 3851/1/3845 3828/1/3823
f 3854/1/3848 3855/1/3849 3851/1/3845
f 3852/1/3846 3851/1/3845 3855/1/3849
f 3827/1/3821 3834/1/3828 3857/1/3851
f 3858/1/3852 3857/1/3851 3834/1/3828
f 3859/1/3853 3860/1/3854 3857/1/3851
f 3853/1/3847 3857/1/3851 3860/1/3854
f 3861/1/3855 3862/1/3971 3863/1/3856
f 3854/1/3848 3860/1/3854 3864/1/3857
f 3861/1/3855 3864/1/3857 3865/1/3858
f 3833/1/3827 3840/1/3834 3867/1/3860
f 3868/1/3861 3867/1/3860 3840/1/3834
f 3869/1/3862 3870/1/3863 3867/1/3860
f 3858/1/3852 3867/1/3860 3870/1/3863
f 3871/1/3864 3872/1/3867 3870/1/3863
f 3873/1/3865 3872/1/3867 3871/1/3864
f 3866/1/3859 3865/1/3858 3872/1/3867
f 3859/1/3853 3870/1/3863 3872/1/3867
f 3839/1/3832 3844/1/3838 3875/1/3868
f 3876/1/3869 3875/1/3868 3844/1/3838
f 3877/1/3870 3878/1/3871 3875/1/3868
f 3868/1/3861 3875/1/3868 3878/1/3871
f 3879/1/3872 3880/1/3875 3881/1/3873
f 3871/1/3864 3881/1/3873 3880/1/3875
f 3869/1/3862 3878/1/3871 3881/1/3873
f 3882/1/3874 3881/1/3873 3878/1/3871
f 3843/1/3837 3848/1/3842 3883/1/3876
f 3884/1/3877 3883/1/3876 3848/1/3842
f 3884/1/3877 3885/1/3883 3886/1/3878
f 3876/1/3869 3883/1/3876 3886/1/3878
f 3887/1/3879 3888/1/3882 3889/1/3880
f 3877/1/3870 3886/1/3878 3889/1/3880
f 3890/1/3881 3889/1/3880 3886/1/3878
f 866/1/864 3891/1/3886 3892/1/3884
f 3893/1/3885 3892/1/3884 3891/1/3886
f 3895/1/3888 3896/1/3889 3892/1/3884
f 867/1/868 3892/1/3884 3896/1/3889
f 3897/1/3890 3898/1/3893 3899/1/3891
f 882/1/880 3899/1/3891 3898/1/3893
f 881/1/879 3901/1/3894 3899/1/3891
f 3900/1/3892 3899/1/3891 3901/1/3894
f 3903/1/3896 3904/1/3899 3905/1/3897
f 888/1/886 3905/1/3897 3904/1/3899
f 883/1/881 3898/1/3893 3905/1/3897
f 3906/1/3898 3905/1/3897 3898/1/3893
f 889/1/887 3904/1/3899 3907/1/3900
f 3908/1/3901 3907/1/3900 3904/1/3899
f 3894/1/3887 3891/1/3886 3907/1/3900
f 890/1/889 3907/1/3900 3891/1/3886
f 3902/1/3895 3909/1/3904 3910/1/3902
f 3911/1/3903 3910/1/3902 3909/1/3904
f 3913/1/3906 3914/1/3907 3910/1/3902
f 3900/1/3892 3910/1/3902 3914/1/3907
f 3915/1/3908 3916/1/3911 3917/1/3909
f 3906/1/3898 3917/1/3909 3916/1/3911
f 3897/1/3890 3914/1/3907 3917/1/3909
f 3918/1/3910 3917/1/3909 3914/1/3907
f 3903/1/3896 3916/1/3911 3919/1/3912
f 3920/1/3913 3919/1/3912 3916/1/3911
f 3921/1/3914 3922/1/3915 3919/1/3912
f 3912/1/3905 3923/1/3918 3924/1/3916
f 3925/1/3917 3924/1/3916 3923/1/3918
f 3927/1/3920 3928/1/3921 3924/1/3916
f 3911/1/3903 3924/1/3916 3928/1/3921
f 3856/1/3850 3929/1/3924 3930/1/3922
f 3931/1/3923 3930/1/3922 3929/1/3924
f 3933/1/3926 3934/1/3927 3930/1/3922
f 3852/1/3846 3930/1/3922 3934/1/3927
f 3926/1/3919 3935/1/3930 3936/1/3928
f 3937/1/3929 3936/1/3928 3935/1/3930
f 3939/1/3932 3940/1/3933 3936/1/3928
f 3925/1/3917 3936/1/3928 3940/1/3933
f 3941/1/3934 3942/1/3937 3943/1/3935
f 3918/1/3910 3943/1/3935 3942/1/3937
f 3913/1/3906 3928/1/3921 3943/1/3935
f 3944/1/3936 3943/1/3935 3928/1/3921
f 3945/1/3938 3940/1/3933 3939/1/3932
f 3927/1/3920 3940/1/3933 3945/1/3938
f 3915/1/3908 3942/1/3937 3947/1/3940
f 3948/1/3941 3947/1/3940 3942/1/3937
f 3920/1/3913 3947/1/3940 3950/1/3943
f 3953/1/3946 3954/1/3947 3951/1/3944
f 3932/1/3925 3955/1/3949 3956/1/3948
f 3937/1/3929 3956/1/3948 3955/1/3949
f 3938/1/3931 3957/1/3950 3956/1/3948
f 3931/1/3923 3956/1/3948 3957/1/3950
f 3894/1/3887 3922/1/3915 3958/1/3951
f 3959/1/3952 3958/1/3951 3922/1/3915
f 3960/1/3953 3961/1/3954 3958/1/3951
f 3893/1/3885 3958/1/3951 3961/1/3954
f 3921/1/3914 3950/1/3943 3962/1/3955
f 3963/1/3956 3962/1/3955 3950/1/3943
f 3964/1/3957 3965/1/3958 3962/1/3955
f 3964/1/3957 3966/1/3961 3967/1/3959
f 3968/1/3960 3967/1/3959 3966/1/3961
f 3970/1/3963 3971/1/3964 3967/1/3959
f 3972/1/3965 3973/1/3968 3974/1/3966
f 3952/1/3945 3974/1/3966 3973/1/3968
f 3939/1/3932 3955/1/3949 3974/1/3966
f 3975/1/3967 3974/1/3966 3955/1/3949
f 3953/1/3946 3973/1/3968 3976/1/3969
f 3977/1/3970 3976/1/3969 3973/1/3968
f 3964/1/3957 3963/1/3956 3976/1/3969
f 3954/1/3947 3976/1/3969 3963/1/3956
f 3862/1/3971 3978/1/3974 3979/1/3972
f 3980/1/3973 3979/1/3972 3978/1/3974
f 3856/1/3850 3855/1/3849 3979/1/3972
f 3863/1/3856 3979/1/3972 3855/1/3849
f 3982/1/3976 3983/1/3979 3984/1/3977
f 3977/1/3970 3984/1/3977 3966/1/3961
f 3981/1/3975 3986/1/3981 3987/1/3980
f 3975/1/3967 3987/1/3980 3986/1/3981
f 3932/1/3925 3929/1/3924 3987/1/3980
f 3988/1/3982 3989/1/3983 3986/1/3981
f 3982/1/3976 3985/1/3978 3989/1/3983
f 3972/1/3965 3986/1/3981 3989/1/3983
f 3990/1/3984 3991/1/3988 3992/1/3985
f 3994/1/3987 3992/1/3985 3991/1/3988
f 3366/1/3359 3362/1/3358 3992/1/3985
f 3993/1/3986 3992/1/3985 3362/1/3358
f 3995/1/3989 3996/1/3992 3997/1/3990
f 3998/1/3991 3997/1/3990 3996/1/3992
f 3372/1/3365 3369/1/3364 3997/1/3990
f 3994/1/3987 3997/1/3990 3369/1/3364
f 4000/1/3994 4001/1/3997 4002/1/3995
f 3376/1/3369 3373/1/3368 4000/1/3994
f 3998/1/3991 4000/1/3994 3373/1/3368
f 4001/1/3997 4000/1/3994 3998/1/3991
f 4002/1/3995 4004/1/4000 4005/1/3998
f 4006/1/3999 4005/1/3998 4004/1/4000
f 3380/1/3373 3377/1/3372 4005/1/3998
f 4003/1/3996 4005/1/3998 3377/1/3372
f 4007/1/4001 4008/1/4004 4009/1/4002
f 4010/1/4003 4009/1/4002 4008/1/4004
f 3384/1/3377 3381/1/3376 4009/1/4002
f 4006/1/3999 4009/1/4002 3381/1/3376
f 4011/1/4005 4012/1/4008 4013/1/4006
f 4014/1/4007 4013/1/4006 4012/1/4008
f 3388/1/3381 3385/1/3380 4013/1/4006
f 4010/1/4003 4013/1/4006 3385/1/3380
f 4015/1/4009 4016/1/4012 4017/1/4010
f 4018/1/4011 4017/1/4010 4016/1/4012
f 3392/1/3385 3389/1/3384 4017/1/4010
f 4014/1/4007 4017/1/4010 3389/1/3384
f 4019/1/4013 4020/1/4016 4021/1/4014
f 4022/1/4015 4021/1/4014 4020/1/4016
f 3396/1/3389 3393/1/3388 4021/1/4014
f 4018/1/4011 4021/1/4014 3393/1/3388
f 4024/1/4018 4025/1/4021 4026/1/4019
f 3400/1/3393 3397/1/3392 4026/1/4019
f 4022/1/4015 4026/1/4019 3397/1/3392
f 4027/1/4020 4026/1/4019 4022/1/4015
f 4028/1/4022 4029/1/4026 4030/1/4023
f 4032/1/4025 4033/1/4027 4029/1/4026
f 4027/1/4020 4029/1/4026 4033/1/4027
f 4030/1/4023 4029/1/4026 4027/1/4020
f 4034/1/4028 4035/1/4031 4036/1/4029
f 3991/1/3988 4036/1/4029 4035/1/4031
f 3990/1/3984 4038/1/4032 4036/1/4029
f 4037/1/4030 4036/1/4029 4038/1/4032
f 4040/1/4034 4041/1/4037 4042/1/4035
f 3996/1/3992 4042/1/4035 4041/1/4037
f 3995/1/3989 4035/1/4031 4042/1/4035
f 4043/1/4036 4042/1/4035 4035/1/4031
f 4044/1/4038 4045/1/4041 4046/1/4039
f 4001/1/3997 4046/1/4039 4045/1/4041
f 3999/1/3993 4041/1/4037 4046/1/4039
f 4047/1/4040 4046/1/4039 4041/1/4037
f 4048/1/4042 4049/1/4045 4050/1/4043
f 4007/1/4001 4004/1/4000 4050/1/4043
f 4002/1/3995 4045/1/4041 4050/1/4043
f 4051/1/4044 4050/1/4043 4045/1/4041
f 4052/1/4046 4053/1/4049 4054/1/4047
f 4011/1/4005 4008/1/4004 4054/1/4047
f 4049/1/4045 4054/1/4047 4008/1/4004
f 4055/1/4048 4054/1/4047 4049/1/4045
f 4056/1/4050 4057/1/4053 4058/1/4051
f 4015/1/4009 4012/1/4008 4058/1/4051
f 4053/1/4049 4058/1/4051 4012/1/4008
f 4059/1/4052 4058/1/4051 4053/1/4049
f 4056/1/4050 4060/1/4056 4061/1/4054
f 4062/1/4055 4061/1/4054 4060/1/4056
f 4019/1/4013 4016/1/4012 4061/1/4054
f 4057/1/4053 4061/1/4054 4016/1/4012
f 4020/1/4016 4067/1/4061 4066/1/4060
f 4062/1/4055 4067/1/4061 4020/1/4016
f 4063/1/4057 4064/1/4058 4067/1/4061
f 4065/1/4059 4068/1/4064 4069/1/4062
f 4070/1/4063 4069/1/4062 4068/1/4064
f 4031/1/4024 4030/1/4023 4069/1/4062
f 4066/1/4060 4069/1/4062 4030/1/4023
f 4039/1/4033 4072/1/4068 4073/1/4066
f 4074/1/4067 4073/1/4066 4072/1/4068
f 4076/1/4070 4077/1/4071 4073/1/4066
f 4037/1/4030 4073/1/4066 4077/1/4071
f 4034/1/4028 4077/1/4071 4078/1/4072
f 4079/1/4073 4078/1/4072 4077/1/4071
f 4080/1/4074 4081/1/4075 4078/1/4072
f 4043/1/4036 4078/1/4072 4081/1/4075
f 4040/1/4034 4081/1/4075 4082/1/4076
f 4083/1/4077 4082/1/4076 4081/1/4075
f 4084/1/4078 4085/1/4079 4082/1/4076
f 4047/1/4040 4082/1/4076 4085/1/4079
f 4044/1/4038 4085/1/4079 4086/1/4080
f 4087/1/4081 4086/1/4080 4085/1/4079
f 4088/1/4082 4089/1/4083 4086/1/4080
f 4051/1/4044 4086/1/4080 4089/1/4083
f 4090/1/4084 4091/1/4087 4092/1/4085
f 4074/1/4067 4092/1/4085 4091/1/4087
f 4075/1/4069 4094/1/4088 4092/1/4085
f 4093/1/4086 4092/1/4085 4094/1/4088
f 4096/1/4090 4097/1/4093 4098/1/4091
f 4079/1/4073 4097/1/4093 4096/1/4090
f 4076/1/4070 4091/1/4087 4097/1/4093
f 4098/1/4091 4097/1/4093 4091/1/4087
f 4100/1/4094 4101/1/4097 4102/1/4095
f 4083/1/4077 4101/1/4097 4100/1/4094
f 4080/1/4074 4096/1/4090 4101/1/4097
f 4099/1/4092 4102/1/4095 4101/1/4097
f 4104/1/4098 1089/1/1308 1088/1/1087
f 4106/1/4100 4105/1/4099 1088/1/1087
f 4107/1/4101 4105/1/4099 4106/1/4100
f 4109/1/4103 4104/1/4098 4105/1/4099
f 1096/1/1094 1098/1/1096 4110/1/4104
f 4111/1/4105 4110/1/4104 1098/1/1096
f 4112/1/4106 4113/1/4107 4110/1/4104
f 4106/1/4100 4110/1/4104 4113/1/4107
f 1102/1/1100 1104/1/1102 4114/1/4108
f 4115/1/4109 4114/1/4108 1104/1/1102
f 4116/1/4110 4117/1/4111 4114/1/4108
f 4111/1/4105 4114/1/4108 4117/1/4111
f 1108/1/1106 1110/1/1108 4118/1/4112
f 4119/1/4113 4118/1/4112 1110/1/1108
f 4120/1/4114 4121/1/4115 4118/1/4112
f 4115/1/4109 4118/1/4112 4121/1/4115
f 1114/1/1112 1116/1/1114 4122/1/4116
f 4123/1/4117 4122/1/4116 1116/1/1114
f 4124/1/4118 4125/1/4119 4122/1/4116
f 4119/1/4113 4122/1/4116 4125/1/4119
f 1120/1/1118 1122/1/1120 4126/1/4120
f 4127/1/4121 4126/1/4120 1122/1/1120
f 4128/1/4123 4129/1/4124 4126/1/4120
f 4123/1/4117 4126/1/4120 4129/1/4124
f 4130/1/4125 4131/1/4127 1129/1/1125
f 4132/1/4126 4133/1/4128 4131/1/4127
f 4127/1/4121 4131/1/4127 4133/1/4128
f 4127/1/4121 1126/1/4122 1129/1/1125
f 4134/1/4129 4135/1/4132 4136/1/4130
f 4130/1/4125 4136/1/4130 4135/1/4132
f 1128/1/1129 1134/1/1131 4136/1/4130
f 4137/1/4131 4136/1/4130 1134/1/1131
f 1140/1/1138 1139/1/1135 4138/1/4133
f 4140/1/4135 4141/1/4136 4139/1/4134
f 4137/1/4131 4139/1/4134 4141/1/4136
f 4137/1/4131 1138/1/1139 1140/1/1138
f 1139/1/1135 1146/1/1142 4142/1/4137
f 4143/1/4138 4142/1/4137 1146/1/1142
f 4144/1/4139 4145/1/4140 4142/1/4137
f 4138/1/4133 4142/1/4137 4145/1/4140
f 4146/1/4141 4147/1/4144 4148/1/4142
f 4113/1/4107 4148/1/4142 4147/1/4144
f 4150/1/4145 4148/1/4142 4113/1/4107
f 4150/1/4145 4151/1/4146 4149/1/4143
f 4151/1/4146 4152/1/4150 4153/1/4147
f 4155/1/4149 4153/1/4147 4152/1/4150
f 4099/1/4092 4098/1/4091 4153/1/4147
f 4154/1/4148 4153/1/4147 4098/1/4091
f 4156/1/4151 4152/1/4150 4157/1/4152
f 4150/1/4145 4157/1/4152 4152/1/4150
f 4112/1/4106 4117/1/4111 4157/1/4152
f 4158/1/4153 4157/1/4152 4117/1/4111
f 4156/1/4151 4159/1/4156 4160/1/4154
f 4161/1/4155 4160/1/4154 4159/1/4156
f 4103/1/4096 4102/1/4095 4160/1/4154
f 4155/1/4149 4160/1/4154 4102/1/4095
f 4162/1/4157 4159/1/4156 4163/1/4158
f 4158/1/4153 4163/1/4158 4159/1/4156
f 4116/1/4110 4121/1/4115 4163/1/4158
f 4164/1/4159 4163/1/4158 4121/1/4115
f 4120/1/4114 4125/1/4119 4165/1/4160
f 4166/1/4161 4165/1/4160 4125/1/4119
f 4167/1/4162 4168/1/4163 4165/1/4160
f 4164/1/4159 4165/1/4160 4168/1/4163
f 4169/1/4164 4170/1/4166 4129/1/4124
f 4171/1/4165 4172/1/4167 4170/1/4166
f 4166/1/4161 4170/1/4166 4172/1/4167
f 4124/1/4118 4129/1/4124 4170/1/4166
f 4173/1/4168 4174/1/4171 4175/1/4169
f 4169/1/4164 4175/1/4169 4174/1/4171
f 4128/1/4123 4133/1/4128 4175/1/4169
f 4176/1/4170 4175/1/4169 4133/1/4128
f 4177/1/4172 4178/1/4175 4179/1/4173
f 4176/1/4170 4179/1/4173 4178/1/4175
f 4132/1/4126 4135/1/4132 4179/1/4173
f 4180/1/4174 4179/1/4173 4135/1/4132
f 4181/1/4176 4182/1/4179 4183/1/4177
f 4180/1/4174 4183/1/4177 4182/1/4179
f 4134/1/4129 4141/1/4136 4183/1/4177
f 4184/1/4178 4183/1/4177 4141/1/4136
f 4188/1/4183 4185/1/4180 4189/1/4184
f 4146/1/4141 4191/1/4186 4185/1/4180
f 4186/1/4181 4185/1/4180 4191/1/4186
f 4108/1/4102 4147/1/4144 4192/1/4187
f 4188/1/4183 4192/1/4187 4147/1/4144
f 4190/1/4185 4193/1/4188 4192/1/4187
f 4107/1/4101 4192/1/4187 4193/1/4188
f 4095/1/4089 4191/1/4186 4194/1/4189
f 4149/1/4143 4194/1/4189 4191/1/4186
f 4151/1/4146 4154/1/4148 4194/1/4189
f 4093/1/4086 4194/1/4189 4154/1/4148
f 3420/1/3413 4195/1/4192 4196/1/4190
f 4197/1/4191 4196/1/4190 4195/1/4192
f 3041/1/3035 3414/1/3407 4196/1/4190
f 3416/1/3409 4196/1/4190 3414/1/3407
f 4199/1/4194 4200/1/4195 4197/1/4191
f 3075/1/3069 4200/1/4195 4199/1/4194
f 3045/1/3038 3042/1/3039 4200/1/4195
f 4197/1/4191 4200/1/4195 3042/1/3039
f 4202/1/4197 4203/1/4199 4204/1/4198
f 3420/1/3413 3419/1/3412 4204/1/4198
f 3610/1/3603 4204/1/4198 3419/1/3412
f 3076/1/3618 4199/1/4194 4208/1/4203
f 4209/1/4204 4210/1/4207 4211/1/4205
f 4195/1/4192 4211/1/4205 4210/1/4207
f 3420/1/3413 4203/1/4199 4211/1/4205
f 4213/1/4208 4214/1/4209 4210/1/4207
f 4206/1/4201 4205/1/4200 4214/1/4209
f 4198/1/4193 4210/1/4207 4214/1/4209
f 3609/1/3602 3615/1/3609 4215/1/4210
f 4216/1/4211 4215/1/4210 3615/1/3609
f 4217/1/4212 4218/1/4213 4215/1/4210
f 4206/1/4201 4219/1/4216 4220/1/4214
f 4221/1/4215 4220/1/4214 4219/1/4216
f 3630/1/3624 3637/1/3631 4220/1/4214
f 4207/1/4202 4220/1/4214 3637/1/3631
f 4223/1/4218 4224/1/4221 4225/1/4219
f 4212/1/4206 4225/1/4219 4224/1/4221
f 4202/1/4197 4218/1/4213 4225/1/4219
f 4226/1/4220 4225/1/4219 4218/1/4213
f 4209/1/4204 4224/1/4221 4227/1/4222
f 4228/1/4223 4227/1/4222 4224/1/4221
f 4222/1/4217 4219/1/4216 4227/1/4222
f 4213/1/4208 4227/1/4222 4219/1/4216
f 3629/1/3622 3630/1/3624 4221/1/4215
f 4222/1/4217 4230/1/4226 4229/1/4224
f 4231/1/4225 4229/1/4224 4230/1/4226
f 3629/1/3622 4229/1/4224 4231/1/4225
f 4233/1/4228 4234/1/4231 4235/1/4229
f 4216/1/4211 4235/1/4229 4234/1/4231
f 3614/1/3607 3611/1/3606 4235/1/4229
f 4236/1/4230 4235/1/4229 3611/1/3606
f 4237/1/4232 4238/1/4235 4239/1/4233
f 4226/1/4220 4239/1/4233 4238/1/4235
f 4217/1/4212 4234/1/4231 4239/1/4233
f 4240/1/4234 4239/1/4233 4234/1/4231
f 4232/1/4227 4230/1/4226 4241/1/4236
f 4228/1/4223 4241/1/4236 4230/1/4226
f 4223/1/4218 4238/1/4235 4241/1/4236
f 4242/1/4237 4241/1/4236 4238/1/4235
f 3460/1/3453 4243/1/4240 4244/1/4238
f 4245/1/4239 4244/1/4238 4243/1/4240
f 4233/1/4228 4236/1/4230 4244/1/4238
f 4246/1/4241 4243/1/4240 4247/1/4242
f 3463/1/3455 4247/1/4242 4243/1/4240
f 3458/1/3451 4248/1/4243 4247/1/4242
f 4232/1/4227 4249/1/4246 4250/1/4244
f 4251/1/4245 4250/1/4244 4249/1/4246
f 3619/1/3611 4250/1/4244 4251/1/4245
f 4253/1/4248 4254/1/4251 4255/1/4249
f 4240/1/4234 4255/1/4249 4254/1/4251
f 4233/1/4228 4245/1/4239 4255/1/4249
f 4256/1/4250 4255/1/4249 4245/1/4239
f 4237/1/4232 4254/1/4251 4257/1/4252
f 4252/1/4247 4249/1/4246 4257/1/4252
f 4242/1/4237 4257/1/4252 4249/1/4246
f 3458/1/3451 3456/1/3448 4259/1/4254
f 4260/1/4255 4259/1/4254 3456/1/3448
f 4261/1/4256 4262/1/4257 4259/1/4254
f 4248/1/4243 4259/1/4254 4262/1/4257
f 4263/1/4258 4264/1/4261 4265/1/4259
f 3364/1/3356 4265/1/4259 4264/1/4261
f 3368/1/3361 4251/1/4245 4265/1/4259
f 4266/1/4260 4265/1/4259 4251/1/4245
f 4261/1/4256 4267/1/4264 4268/1/4262
f 4269/1/4263 4268/1/4262 4267/1/4264
f 4256/1/4250 4268/1/4262 4269/1/4263
f 4262/1/4257 4268/1/4262 4256/1/4250
f 4253/1/4248 4269/1/4263 4271/1/4266
f 4272/1/4267 4271/1/4266 4269/1/4263
f 4266/1/4260 4271/1/4266 4272/1/4267
f 4266/1/4260 4252/1/4247 4258/1/4253
f 4273/1/4268 4274/1/4272 4275/1/4269
f 4277/1/4271 4278/1/4273 4274/1/4272
f 3457/1/3450 3453/1/3449 4274/1/4272
f 4275/1/4269 4274/1/4272 3453/1/3449
f 4279/1/4274 4280/1/4277 4281/1/4275
f 3993/1/3986 4281/1/4275 4280/1/4277
f 3361/1/3354 4264/1/4261 4281/1/4275
f 4282/1/4276 4281/1/4275 4264/1/4261
f 3457/1/3450 4278/1/4273 4283/1/4278
f 4284/1/4279 4283/1/4278 4278/1/4273
f 4261/1/4256 4260/1/4255 4283/1/4278
f 4286/1/4281 4285/1/4280 4287/1/4282
f 4288/1/4283 4289/1/4284 4285/1/4280
f 4273/1/4268 4285/1/4280 4289/1/4284
f 4190/1/4185 4189/1/4184 4290/1/4285
f 4189/1/4184 4187/1/4182 4287/1/4282
f 4292/1/4287 4293/1/4289 4280/1/4277
f 4294/1/4288 4293/1/4289 4292/1/4287
f 4039/1/4033 4038/1/4032 4293/1/4289
f 3990/1/3984 4280/1/4277 4293/1/4289
f 4286/1/4281 4295/1/4291 4296/1/4290
f 4292/1/4287 4295/1/4291 4286/1/4281
f 4279/1/4274 4296/1/4290 4295/1/4291
f 4039/1/4033 4294/1/4288 4297/1/4292
f 4095/1/4089 4094/1/4088 4297/1/4292
f 4072/1/4068 4297/1/4292 4094/1/4088
f 4263/1/4258 4272/1/4267 4298/1/4293
f 4299/1/4294 4298/1/4293 4272/1/4267
f 4288/1/4283 4296/1/4290 4298/1/4293
f 4282/1/4276 4298/1/4293 4296/1/4290
f 4277/1/4271 4289/1/4284 4300/1/4295
f 4299/1/4294 4300/1/4295 4289/1/4284
f 4270/1/4265 4267/1/4264 4300/1/4295
f 4284/1/4279 4300/1/4295 4267/1/4264
f 4302/1/4297 4301/1/4296 4303/1/4298
f 4109/1/4103 4193/1/4188 4301/1/4296
f 4291/1/4286 4301/1/4296 4193/1/4188
f 1312/1/1309 1311/1/1307 4305/1/4300
f 4104/1/4098 4305/1/4300 1311/1/1307
f 4302/1/4297 4305/1/4300 4104/1/4098
f 4306/1/4301 4305/1/4300 4302/1/4297
f 4307/1/4302 4308/1/4307 4309/1/4303
f 4311/1/4305 4308/1/4307 4307/1/4302
f 3430/1/3423 3426/1/3422 4308/1/4307
f 3425/1/3418 4309/1/4303 4308/1/4307
f 4312/1/4306 4313/1/4310 4314/1/4308
f 4315/1/4309 4314/1/4308 4313/1/4310
f 3437/1/3430 3434/1/3429 4314/1/4308
f 4311/1/4305 4314/1/4308 3434/1/3429
f 4316/1/4311 4317/1/4314 4318/1/4312
f 4319/1/4313 4318/1/4312 4317/1/4314
f 3445/1/3438 3444/1/3437 4318/1/4312
f 4315/1/4309 4318/1/4312 3444/1/3437
f 4320/1/4315 4321/1/4317 4322/1/4316
f 3455/1/3447 4322/1/4316 4321/1/4317
f 3449/1/3442 3446/1/3441 4322/1/4316
f 4319/1/4313 4322/1/4316 3446/1/3441
f 3452/1/3445 4321/1/4317 4323/1/4318
f 4324/1/4319 4323/1/4318 4321/1/4317
f 4304/1/4299 4303/1/4298 4323/1/4318
f 4275/1/4269 4323/1/4318 4303/1/4298
f 4325/1/4320 4326/1/4324 4327/1/4321
f 4329/1/4323 4327/1/4321 4326/1/4324
f 4328/1/4322 4327/1/4321 4317/1/4314
f 4329/1/4323 4331/1/4326 4324/1/4319
f 4330/1/4325 4332/1/4327 4331/1/4326
f 4324/1/4319 4331/1/4326 4332/1/4327
f 4334/1/4329 4333/1/4328 4332/1/4327
f 1340/1/1338 1343/1/1340 4333/1/4328
f 4330/1/4325 4326/1/4324 4335/1/4330
f 4336/1/4331 4335/1/4330 4326/1/4324
f 1346/1/1344 1345/1/1343 4335/1/4330
f 4337/1/4332 4338/1/4335 4339/1/4333
f 1352/1/1350 4339/1/4333 4338/1/4335
f 871/1/869 3896/1/3889 4339/1/4333
f 4340/1/4334 4339/1/4333 3896/1/3889
f 4341/1/4336 4342/1/4339 4343/1/4337
f 4340/1/4334 4343/1/4337 4342/1/4339
f 3895/1/3888 3961/1/3954 4343/1/4337
f 4344/1/4338 4343/1/4337 3961/1/3954
f 3960/1/3953 3971/1/3964 4345/1/4340
f 4346/1/4341 4345/1/4340 3971/1/3964
f 4347/1/4342 4348/1/4343 4345/1/4340
f 4344/1/4338 4345/1/4340 4348/1/4343
f 3970/1/3963 3968/1/3960 4349/1/4344
f 4350/1/4345 4349/1/4344 3968/1/3960
f 4351/1/4346 4352/1/4347 4349/1/4344
f 3969/1/3962 3983/1/3979 4353/1/4348
f 4354/1/4349 4353/1/4348 3983/1/3979
f 4355/1/4350 4356/1/4351 4353/1/4348
f 4350/1/4345 4353/1/4348 4356/1/4351
f 4354/1/4349 4357/1/4352 4360/1/4355
f 3982/1/3976 3988/1/3982 4357/1/4352
f 4358/1/4353 4357/1/4352 3988/1/3982
f 3978/1/3974 4361/1/4356 4358/1/4353
f 3862/1/3971 4362/1/4358 4361/1/4356
f 4363/1/4357 4364/1/4359 4361/1/4356
f 4358/1/4353 4361/1/4356 4364/1/4359
f 3866/1/3859 4365/1/4362 4366/1/4360
f 4367/1/4361 4366/1/4360 4365/1/4362
f 4363/1/4357 4362/1/4358 4366/1/4360
f 3861/1/3855 4366/1/4360 4362/1/4358
f 3874/1/3866 4369/1/4366 4370/1/4364
f 4371/1/4365 4370/1/4364 4369/1/4366
f 4368/1/4363 4365/1/4362 4370/1/4364
f 3873/1/3865 4370/1/4364 4365/1/4362
f 3874/1/3866 3880/1/3875 4373/1/4368
f 4374/1/4369 4373/1/4368 3880/1/3875
f 4375/1/4370 4373/1/4368 4374/1/4369
f 4372/1/4367 4369/1/4366 4373/1/4368
f 3887/1/3879 4377/1/4374 4378/1/4372
f 4379/1/4373 4378/1/4372 4377/1/4374
f 4376/1/4371 4374/1/4369 4378/1/4372
f 3879/1/3872 3888/1/3882 4378/1/4372
f 4351/1/4346 4356/1/4351 4381/1/4376
f 4383/1/4378 4381/1/4376 4356/1/4351
f 4384/1/4379 4385/1/4380 4381/1/4376
f 4382/1/4377 4381/1/4376 4385/1/4380
f 4355/1/4350 4360/1/4355 4387/1/4382
f 4388/1/4383 4387/1/4382 4360/1/4355
f 4389/1/4384 4390/1/4385 4387/1/4382
f 4383/1/4378 4387/1/4382 4390/1/4385
f 4359/1/4354 4364/1/4359 4391/1/4386
f 4392/1/4387 4391/1/4386 4364/1/4359
f 4393/1/4388 4394/1/4389 4391/1/4386
f 4388/1/4383 4391/1/4386 4394/1/4389
f 4392/1/4387 4395/1/4391 4396/1/4390
f 4363/1/4357 4367/1/4361 4395/1/4391
f 4368/1/4363 4397/1/4392 4395/1/4391
f 4396/1/4390 4395/1/4391 4397/1/4392
f 4372/1/4367 4399/1/4396 4400/1/4394
f 4401/1/4395 4400/1/4394 4399/1/4396
f 4398/1/4393 4397/1/4392 4400/1/4394
f 4371/1/4365 4400/1/4394 4397/1/4392
f 4376/1/4371 4403/1/4399 4404/1/4398
f 4402/1/4397 4399/1/4396 4404/1/4398
f 4375/1/4370 4404/1/4398 4399/1/4396
f 4380/1/4375 4407/1/4404 4408/1/4402
f 4409/1/4403 4408/1/4402 4407/1/4404
f 4405/1/4400 4403/1/4399 4408/1/4402
f 4379/1/4373 4408/1/4402 4403/1/4399
f 3798/1/3792 3795/1/3791 4411/1/4406
f 4412/1/4407 4411/1/4406 3795/1/3791
f 4413/1/4408 4414/1/4409 4411/1/4406
f 3813/1/3809 4411/1/4406 4414/1/4409
f 3817/1/3811 4415/1/4412 4416/1/4410
f 4417/1/4411 4416/1/4410 4415/1/4412
f 4419/1/4414 4420/1/4415 4416/1/4410
f 3821/1/3815 4416/1/4410 4420/1/4415
f 4421/1/4416 4422/1/4419 4423/1/4417
f 4422/1/4419 4418/1/4413 4415/1/4412
f 3815/1/3808 4423/1/4417 4415/1/4412
f 4424/1/4418 4423/1/4417 3815/1/3808
f 4412/1/4407 4428/1/4423 4427/1/4422
f 3794/1/3788 3791/1/3787 4428/1/4423
f 4429/1/4424 4430/1/4427 4431/1/4425
f 4421/1/4416 4424/1/4418 4431/1/4425
f 3816/1/3810 4414/1/4409 4431/1/4425
f 4432/1/4426 4431/1/4425 4414/1/4409
f 4433/1/4428 4434/1/4431 4435/1/4429
f 4418/1/4413 4422/1/4419 4435/1/4429
f 4430/1/4427 4435/1/4429 4422/1/4419
f 4436/1/4430 4435/1/4429 4430/1/4427
f 4437/1/4432 4438/1/4435 4439/1/4433
f 4418/1/4413 4434/1/4431 4438/1/4435
f 4433/1/4428 4439/1/4433 4438/1/4435
f 3824/1/3818 4441/1/4438 4442/1/4436
f 4443/1/4437 4442/1/4436 4441/1/4438
f 3885/1/3883 3884/1/3877 4447/1/4442
f 3887/1/3879 3890/1/3881 4451/1/4446
f 4450/1/4445 4451/1/4446 3890/1/3881
f 4452/1/4447 4451/1/4446 4453/1/4448
f 4454/1/4449 4455/1/4452 4456/1/4450
f 4457/1/4451 4456/1/4450 4455/1/4452
f 4380/1/4375 4377/1/4374 4456/1/4450
f 4452/1/4447 4456/1/4450 4377/1/4374
f 4458/1/4453 4459/1/4456 4460/1/4454
f 4461/1/4455 4462/1/4457 4460/1/4454
f 4407/1/4404 4460/1/4454 4462/1/4457
f 4463/1/4458 4464/1/4461 4465/1/4459
f 4459/1/4456 4465/1/4459 4464/1/4461
f 4458/1/4453 4467/1/4462 4465/1/4459
f 4468/1/4463 4467/1/4462 4469/1/4464
f 4458/1/4453 4455/1/4452 4469/1/4464
f 4471/1/4466 4469/1/4464 4455/1/4452
f 4472/1/4467 4470/1/4465 4469/1/4464
f 4472/1/4467 4473/1/4470 4474/1/4468
f 4475/1/4469 4474/1/4468 4473/1/4470
f 4463/1/4458 4466/1/4460 4474/1/4468
f 4470/1/4465 4474/1/4468 4466/1/4460
f 4477/1/4472 4478/1/4475 4479/1/4473
f 4471/1/4466 4479/1/4473 4478/1/4475
f 4454/1/4449 4453/1/4448 4479/1/4473
f 4480/1/4474 4479/1/4473 4453/1/4448
f 4463/1/4458 4481/1/4478 4482/1/4476
f 4483/1/4477 4482/1/4476 4481/1/4478
f 4461/1/4455 4464/1/4461 4482/1/4476
f 4477/1/4472 4485/1/4482 4486/1/4480
f 4487/1/4481 4486/1/4480 4485/1/4482
f 4476/1/4471 4473/1/4470 4486/1/4480
f 4478/1/4475 4486/1/4480 4473/1/4470
f 4476/1/4471 4487/1/4481 4489/1/4484
f 4488/1/4483 4490/1/4485 4489/1/4484
f 4484/1/4479 4481/1/4478 4489/1/4484
f 4475/1/4469 4489/1/4484 4481/1/4478
f 3222/1/3215 3244/1/3237 4491/1/4486
f 4492/1/4487 4491/1/4486 3244/1/3237
f 4493/1/4488 4494/1/4489 4491/1/4486
f 3220/1/3213 4491/1/4486 4494/1/4489
f 3242/1/3235 3254/1/3247 4495/1/4490
f 4496/1/4491 4495/1/4490 3254/1/3247
f 4497/1/4492 4498/1/4493 4495/1/4490
f 3241/1/3233 4495/1/4490 4498/1/4493
f 4499/1/4494 4500/1/4497 4501/1/4495
f 4496/1/4491 4501/1/4495 4500/1/4497
f 3253/1/3246 3256/1/3251 4501/1/4495
f 4502/1/4496 4501/1/4495 3256/1/3251
f 4503/1/4498 4504/1/4501 4494/1/4489
f 4505/1/4499 4504/1/4501 4503/1/4498
f 3106/1/3099 3102/1/3098 4504/1/4501
f 3102/1/3098 3101/1/3094 4494/1/4489
f 3243/1/3236 4498/1/4493 4507/1/4502
f 4508/1/4503 4507/1/4502 4498/1/4493
f 4509/1/4504 4510/1/4505 4507/1/4502
f 4492/1/4487 4507/1/4502 4510/1/4505
f 4497/1/4492 4500/1/4497 4511/1/4506
f 4512/1/4507 4511/1/4506 4500/1/4497
f 4513/1/4508 4514/1/4509 4511/1/4506
f 4508/1/4503 4511/1/4506 4514/1/4509
f 4516/1/4511 4515/1/4510 4517/1/4512
f 4506/1/4500 4503/1/4498 4515/1/4510
f 4510/1/4505 4515/1/4510 4503/1/4498
f 4506/1/4500 4519/1/4516 4520/1/4514
f 4521/1/4515 4520/1/4514 4519/1/4516
f 3142/1/3135 3140/1/3134 4520/1/4514
f 4505/1/4499 4520/1/4514 3140/1/3134
f 4513/1/4508 4523/1/4520 4524/1/4518
f 4525/1/4519 4524/1/4518 4523/1/4520
f 4518/1/4513 4517/1/4512 4524/1/4518
f 4514/1/4509 4524/1/4518 4517/1/4512
f 4522/1/4517 4527/1/4524 4528/1/4522
f 4529/1/4523 4528/1/4522 4527/1/4524
f 3748/1/3743 4528/1/4522 4529/1/4523
f 4521/1/4515 4528/1/4522 3748/1/3743
f 4518/1/4513 4531/1/4528 4532/1/4526
f 4533/1/4527 4532/1/4526 4531/1/4528
f 4522/1/4517 4519/1/4516 4532/1/4526
f 4526/1/4521 4535/1/4532 4536/1/4530
f 4537/1/4531 4536/1/4530 4535/1/4532
f 4534/1/4529 4531/1/4528 4536/1/4530
f 4525/1/4519 4536/1/4530 4531/1/4528
f 4530/1/4525 4539/1/4535 4540/1/4534
f 4539/1/4535 4541/1/4546 4542/1/4536
f 3756/1/3749 3755/1/3750 4540/1/4534
f 4529/1/4523 4540/1/4534 3755/1/3750
f 4534/1/4529 4543/1/4539 4544/1/4537
f 4545/1/4538 4544/1/4537 4543/1/4539
f 4530/1/4525 4527/1/4524 4544/1/4537
f 4533/1/4527 4544/1/4537 4527/1/4524
f 4538/1/4533 4547/1/4543 4548/1/4541
f 4549/1/4542 4548/1/4541 4547/1/4543
f 4546/1/4540 4543/1/4539 4548/1/4541
f 4537/1/4531 4548/1/4541 4543/1/4539
f 4552/1/4547 4551/1/4545 4553/1/4548
f 3760/1/3754 3759/1/3753 4551/1/4545
f 4542/1/4536 4551/1/4545 3759/1/3753
f 4546/1/4540 4556/1/4552 4555/1/4550
f 4557/1/4551 4558/1/4553 4555/1/4550
f 4539/1/4535 4555/1/4550 4558/1/4553
f 4550/1/4544 4559/1/4555 4560/1/4554
f 4557/1/4551 4556/1/4552 4560/1/4554
f 4549/1/4542 4560/1/4554 4556/1/4552
f 4557/1/4551 4563/1/4560 4564/1/4558
f 4565/1/4559 4564/1/4558 4563/1/4560
f 4554/1/4549 4553/1/4548 4564/1/4558
f 4558/1/4553 4564/1/4558 4553/1/4548
f 4568/1/4563 4567/1/4562 4569/1/4564
f 4566/1/4561 4563/1/4560 4567/1/4562
f 4562/1/4557 4567/1/4562 4563/1/4560
f 4572/1/4567 4571/1/4566 4573/1/4568
f 4575/1/4570 4576/1/4571 4571/1/4566
f 3520/1/3513 3519/1/3512 4578/1/4573
f 4576/1/4571 4578/1/4573 3519/1/3512
f 4581/1/4576 4582/1/4579 4583/1/4577
f 4577/1/4572 4583/1/4577 4582/1/4579
f 4575/1/4570 4585/1/4580 4583/1/4577
f 4584/1/4578 4583/1/4577 4585/1/4580
f 3520/1/3513 4580/1/4575 4587/1/4582
f 4588/1/4583 4587/1/4582 4580/1/4575
f 4589/1/4584 4590/1/4585 4587/1/4582
f 3543/1/3535 4587/1/4582 4590/1/4585
f 4591/1/4586 4590/1/4585 4589/1/4584
f 4591/1/4586 4592/1/4587 3552/1/3545
f 4591/1/4586 3555/1/3547 3540/1/3533
f 4579/1/4574 4582/1/4579 4593/1/4588
f 4594/1/4589 4593/1/4588 4582/1/4579
f 4595/1/4590 4596/1/4591 4593/1/4588
f 4588/1/4583 4593/1/4588 4596/1/4591
f 4597/1/4592 4598/1/4595 4599/1/4593
f 3559/1/3552 4599/1/4593 4598/1/4595
f 3552/1/3545 4592/1/4587 4599/1/4593
f 4600/1/4594 4599/1/4593 4592/1/4587
f 4589/1/4584 4596/1/4591 4601/1/4596
f 4602/1/4597 4601/1/4596 4596/1/4591
f 4603/1/4598 4604/1/4599 4601/1/4596
f 4597/1/4592 4605/1/4602 4606/1/4600
f 4607/1/4601 4606/1/4600 4605/1/4602
f 3433/1/3426 3547/1/3540 4606/1/4600
f 3551/1/3544 4598/1/4595 4606/1/4600
f 4609/1/4604 4610/1/4608 4611/1/4605
f 4613/1/4607 4611/1/4605 4610/1/4608
f 4614/1/4609 4615/1/4610 4611/1/4605
f 4612/1/4606 4611/1/4605 4615/1/4610
f 4617/1/4612 4618/1/4615 4619/1/4613
f 4584/1/4578 4619/1/4613 4618/1/4615
f 4586/1/4581 4610/1/4608 4619/1/4613
f 4620/1/4614 4619/1/4613 4610/1/4608
f 4621/1/4616 4622/1/4619 4623/1/4617
f 4594/1/4589 4623/1/4617 4622/1/4619
f 4581/1/4576 4618/1/4615 4623/1/4617
f 4624/1/4618 4623/1/4617 4618/1/4615
f 4625/1/4620 4626/1/4623 4627/1/4621
f 4603/1/4598 4602/1/4597 4626/1/4623
f 4595/1/4590 4622/1/4619 4626/1/4623
f 4622/1/4619 4621/1/4616 4627/1/4621
f 4616/1/4611 4629/1/4626 4630/1/4624
f 4631/1/4625 4630/1/4624 4629/1/4626
f 4633/1/4628 4634/1/4629 4630/1/4624
f 4612/1/4606 4630/1/4624 4634/1/4629
f 4609/1/4604 4634/1/4629 4635/1/4630
f 4636/1/4631 4635/1/4630 4634/1/4629
f 4635/1/4630 4636/1/4631 4637/1/4632
f 4638/1/4633 4617/1/4612 4620/1/4614
f 4639/1/4634 4624/1/4618 4617/1/4612
f 4639/1/4634 4638/1/4633 4637/1/4632
f 4639/1/4634 4640/1/4635 4641/1/4636
f 4639/1/4634 4642/1/4637 4621/1/4616
f 4643/1/4638 4642/1/4637 4641/1/4636
f 4645/1/4640 4646/1/4641 4643/1/4638
f 4628/1/4622 4627/1/4621 4643/1/4638
f 4643/1/4638 4627/1/4621 4621/1/4616
f 4645/1/4640 4647/1/4643 4648/1/4642
f 4651/1/4646 4652/1/4647 4648/1/4642
f 4646/1/4641 4648/1/4642 4652/1/4647
f 4654/1/4649 4653/1/4648 4655/1/4650
f 4659/1/4654 4654/1/4649 4656/1/4651
f 4660/1/4655 4661/1/4659 4662/1/4656
f 4663/1/4657 4664/1/4658 4659/1/4654
f 4654/1/4649 4659/1/4654 4664/1/4658
f 4661/1/4659 4665/1/4662 4666/1/4660
f 4667/1/4661 4666/1/4660 4665/1/4662
f 4669/1/4664 4670/1/4665 4666/1/4660
f 4662/1/4656 4666/1/4660 4670/1/4665
f 4667/1/4661 4671/1/4666 4676/1/4671
f 4668/1/4663 4672/1/4667 4671/1/4666
f 4680/1/4675 4681/1/4676 4677/1/4672
f 4678/1/4673 4677/1/4672 4681/1/4676
f 4681/1/4676 4683/1/4683 4684/1/4678
f 4685/1/4679 4683/1/4683 4681/1/4676
f 4686/1/4680 4683/1/4683 4685/1/4679
f 4688/1/4682 4684/1/4678 4683/1/4683
f 4687/1/4681 4689/1/4686 4690/1/4684
f 4691/1/4685 4690/1/4684 4689/1/4686
f 4693/1/4688 4694/1/4689 4690/1/4684
f 4686/1/4680 4690/1/4684 4694/1/4689
f 4632/1/4627 4629/1/4626 4695/1/4690
f 4697/1/4692 4695/1/4690 4629/1/4626
f 4691/1/4685 4695/1/4690 4697/1/4692
f 4692/1/4687 4696/1/4691 4695/1/4690
f 4701/1/4696 4702/1/4700 4703/1/4697
f 4656/1/4651 4655/1/4650 4698/1/4693
f 4656/1/4651 4703/1/4697 4704/1/4698
f 4705/1/4699 4704/1/4698 4703/1/4697
f 4706/1/4701 4707/1/4702 4704/1/4698
f 4660/1/4655 4704/1/4698 4707/1/4702
f 4706/1/4701 4708/1/4705 4709/1/4703
f 4710/1/4704 4709/1/4703 4708/1/4705
f 4668/1/4663 4665/1/4662 4709/1/4703
f 4707/1/4702 4709/1/4703 4665/1/4662
f 4668/1/4663 4710/1/4704 4712/1/4707
f 4713/1/4708 4712/1/4707 4710/1/4704
f 4714/1/4709 4715/1/4710 4712/1/4707
f 4672/1/4667 4712/1/4707 4715/1/4710
f 4673/1/4668 4715/1/4710 4716/1/4711
f 4717/1/4712 4716/1/4711 4715/1/4710
f 4718/1/4713 4719/1/4714 4716/1/4711
f 4679/1/4674 4716/1/4711 4719/1/4714
f 4680/1/4675 4719/1/4714 4720/1/4715
f 4721/1/4716 4720/1/4715 4719/1/4714
f 4722/1/4717 4723/1/4718 4720/1/4715
f 4685/1/4679 4720/1/4715 4723/1/4718
f 4724/1/4719 4725/1/4722 4726/1/4720
f 4696/1/4691 4726/1/4720 4725/1/4722
f 4728/1/4723 4726/1/4720 4696/1/4691
f 4729/1/4724 4727/1/4721 4726/1/4720
f 4722/1/4717 4730/1/4726 4731/1/4725
f 4728/1/4723 4731/1/4725 4730/1/4726
f 4692/1/4687 4689/1/4686 4731/1/4725
f 4723/1/4718 4731/1/4725 4689/1/4686
f 4702/1/4700 4732/1/4805 4733/1/4727
f 4736/1/4730 4733/1/4727 4735/1/4729
f 4705/1/4699 4733/1/4727 4736/1/4730
f 4737/1/4731 4738/1/4733 4739/1/4732
f 4711/1/4706 4708/1/4705 4739/1/4732
f 4736/1/4730 4739/1/4732 4708/1/4705
f 4711/1/4706 4741/1/4735 4742/1/4736
f 4743/1/4737 4742/1/4736 4741/1/4735
f 4744/1/4738 4745/1/4739 4742/1/4736
f 4713/1/4708 4742/1/4736 4745/1/4739
f 4746/1/4740 4747/1/4743 4748/1/4741
f 4717/1/4712 4748/1/4741 4747/1/4743
f 4714/1/4709 4745/1/4739 4748/1/4741
f 4749/1/4742 4748/1/4741 4745/1/4739
f 4718/1/4713 4747/1/4743 4750/1/4744
f 4751/1/4745 4750/1/4744 4747/1/4743
f 4752/1/4746 4753/1/4747 4750/1/4744
f 4721/1/4716 4750/1/4744 4753/1/4747
f 4752/1/4746 4754/1/4750 4755/1/4748
f 4756/1/4749 4755/1/4748 4754/1/4750
f 4729/1/4724 4730/1/4726 4755/1/4748
f 4753/1/4747 4755/1/4748 4730/1/4726
f 4758/1/4752 4636/1/4631 4633/1/4628
f 4758/1/4752 4759/1/4753 4760/1/4754
f 4758/1/4752 4761/1/4755 4762/1/4756
f 4758/1/4752 4763/1/4757 4637/1/4632
f 4764/1/4758 4765/1/4761 4766/1/4759
f 4764/1/4758 4767/1/4760 4757/1/4751
f 4764/1/4758 4754/1/4750 4752/1/4746
f 4768/1/4762 4769/1/4771 4766/1/4759
f 4744/1/4738 4743/1/4737 4768/1/4762
f 4740/1/4734 4769/1/4771 4768/1/4762
f 4771/1/4764 4763/1/4757 4762/1/4756
f 4771/1/4764 4772/1/4765 4773/1/4766
f 4771/1/4764 4774/1/4767 4641/1/4636
f 4771/1/4764 4640/1/4635 4637/1/4632
f 4775/1/4768 4776/1/4770 4777/1/4769
f 4737/1/4731 4735/1/4729 4776/1/4770
f 4734/1/4728 4777/1/4769 4776/1/4770
f 4769/1/4771 4778/1/4772 4775/1/4768
f 4740/1/4734 4738/1/4733 4778/1/4772
f 4737/1/4731 4775/1/4768 4778/1/4772
f 4779/1/4773 4770/1/4763 4766/1/4759
f 4779/1/4773 4780/1/4774 4746/1/4740
f 4779/1/4773 4749/1/4742 4744/1/4738
f 4781/1/4775 4780/1/4774 4766/1/4759
f 4781/1/4775 4765/1/4761 4752/1/4746
f 4781/1/4775 4751/1/4745 4746/1/4740
f 4782/1/4776 4783/1/4778 4756/1/4749
f 4784/1/4777 4785/1/4779 4783/1/4778
f 4727/1/4721 4783/1/4778 4785/1/4779
f 4756/1/4749 4783/1/4778 4727/1/4721
f 4786/1/4780 4767/1/4760 4766/1/4759
f 4784/1/4777 4782/1/4776 4786/1/4780
f 4757/1/4751 4767/1/4760 4786/1/4780
f 4788/1/4782 4789/1/4785 4790/1/4783
f 4734/1/4728 4790/1/4783 4789/1/4785
f 4632/1/4627 4725/1/4722 4792/1/4786
f 4793/1/4787 4792/1/4786 4725/1/4722
f 4760/1/4754 4759/1/4753 4792/1/4786
f 4631/1/4625 4792/1/4786 4759/1/4753
f 4761/1/4755 4760/1/4754 4794/1/4788
f 4795/1/4789 4794/1/4788 4796/1/4790
f 4795/1/4789 4797/1/4791 4773/1/4766
f 4795/1/4789 4772/1/4765 4762/1/4756
f 4796/1/4790 4794/1/4788 4798/1/4792
f 4793/1/4787 4798/1/4792 4794/1/4788
f 4724/1/4719 4785/1/4779 4798/1/4792
f 4799/1/4793 4798/1/4792 4785/1/4779
f 4800/1/4794 4774/1/4767 4773/1/4766
f 4802/1/4796 4800/1/4794 4801/1/4795
f 4802/1/4796 4645/1/4640 4644/1/4639
f 4800/1/4794 4644/1/4639 4641/1/4636
f 4804/1/4798 4802/1/4796 4803/1/4797
f 4802/1/4796 4804/1/4798 4647/1/4643
f 4796/1/4790 4806/1/4802 4807/1/4800
f 4808/1/4801 4807/1/4800 4806/1/4802
f 4807/1/4800 4808/1/4801 4803/1/4797
f 4773/1/4766 4797/1/4791 4807/1/4800
f 4809/1/4803 4808/1/4801 4791/1/4784
f 4809/1/4803 4810/1/4804 4700/1/4695
f 4701/1/4696 4811/1/6756 4732/1/4805
f 4791/1/4784 4806/1/4802 4812/1/4806
f 4799/1/4793 4812/1/4806 4806/1/4802
f 4784/1/4777 4787/1/4781 4812/1/4806
f 4788/1/4782 4812/1/4806 4787/1/4781
f 4574/1/4569 4813/1/4808 4814/1/4807
f 4613/1/4607 4814/1/4807 4813/1/4808
f 4586/1/4581 4585/1/4580 4814/1/4807
f 4572/1/4567 4814/1/4807 4585/1/4580
f 4616/1/4611 4615/1/4610 4815/1/4809
f 4816/1/4810 4815/1/4809 4615/1/4610
f 4817/1/4811 4815/1/4809 4816/1/4810
f 4693/1/4688 4697/1/4692 4815/1/4809
f 4818/1/4812 4819/1/4815 4820/1/4813
f 4821/1/4814 4820/1/4813 4819/1/4815
f 4688/1/4682 4694/1/4689 4820/1/4813
f 4817/1/4811 4820/1/4813 4694/1/4689
f 4822/1/4816 4823/1/4819 4824/1/4817
f 4825/1/4818 4824/1/4817 4823/1/4819
f 4682/1/4677 4684/1/4678 4824/1/4817
f 4821/1/4814 4824/1/4817 4684/1/4678
f 4827/1/4821 4828/1/4824 4825/1/4818
f 4829/1/4822 4828/1/4824 4827/1/4821
f 4825/1/4818 4828/1/4824 4678/1/4673
f 1844/1/1841 1847/1/1843 4831/1/4825
f 4827/1/4821 4832/1/4826 4831/1/4825
f 4833/1/4827 4832/1/4826 4827/1/4821
f 1844/1/1841 4832/1/4826 4833/1/4827
f 4834/1/4828 4835/1/4831 4836/1/4829
f 4669/1/4664 4676/1/4671 4835/1/4831
f 4829/1/4822 4835/1/4831 4676/1/4671
f 4836/1/4829 4835/1/4831 4829/1/4822
f 4837/1/4830 4838/1/4834 4839/1/4832
f 4840/1/4833 4839/1/4832 4838/1/4834
f 4663/1/4657 4670/1/4665 4839/1/4832
f 4834/1/4828 4839/1/4832 4670/1/4665
f 4841/1/4835 4842/1/4838 4843/1/4836
f 4844/1/4837 4843/1/4836 4842/1/4838
f 4657/1/4652 4664/1/4658 4843/1/4836
f 4840/1/4833 4843/1/4836 4664/1/4658
f 4628/1/4622 4652/1/4647 4846/1/4840
f 4847/1/4841 4846/1/4840 4652/1/4647
f 4848/1/4842 4849/1/4843 4846/1/4840
f 4625/1/4620 4846/1/4840 4849/1/4843
f 4603/1/4598 4849/1/4843 4850/1/4844
f 4851/1/4845 4850/1/4844 4849/1/4843
f 4608/1/4603 4605/1/4602 4850/1/4844
f 4604/1/4599 4850/1/4844 4605/1/4602
f 4845/1/4839 4852/1/4847 4853/1/4846
f 4847/1/4841 4853/1/4846 4852/1/4847
f 4651/1/4646 4658/1/4653 4853/1/4846
f 4844/1/4837 4853/1/4846 4658/1/4653
f 4608/1/4603 4854/1/4850 4855/1/4848
f 4856/1/4849 4855/1/4848 4854/1/4850
f 3425/1/3418 3428/1/3420 4855/1/4848
f 4607/1/4601 4855/1/4848 3428/1/3420
f 4857/1/4851 4854/1/4850 4858/1/4852
f 4851/1/4845 4858/1/4852 4854/1/4850
f 4848/1/4842 4860/1/4854 4858/1/4852
f 4859/1/4853 4858/1/4852 4860/1/4854
f 4857/1/4851 4862/1/4858 4863/1/4856
f 4864/1/4857 4863/1/4856 4862/1/4858
f 4310/1/4304 4309/1/4303 4863/1/4856
f 4856/1/4849 4863/1/4856 4309/1/4303
f 4861/1/4855 4866/1/4862 4867/1/4860
f 4868/1/4861 4867/1/4860 4866/1/4862
f 4865/1/4859 4862/1/4858 4867/1/4860
f 4859/1/4853 4867/1/4860 4862/1/4858
f 4845/1/4839 4870/1/4865 4871/1/4864
f 4866/1/4862 4871/1/4864 4870/1/4865
f 4861/1/4855 4860/1/4854 4871/1/4864
f 4852/1/4847 4871/1/4864 4860/1/4854
f 4872/1/4866 4873/1/4869 4874/1/4867
f 4870/1/4865 4874/1/4867 4873/1/4869
f 4870/1/4865 4845/1/4839 4842/1/4838
f 4875/1/4868 4874/1/4867 4842/1/4838
f 4841/1/4835 4838/1/4834 4876/1/4870
f 4880/1/4874 4881/1/4876 4836/1/4829
f 4882/1/4875 4881/1/4876 4880/1/4874
f 4877/1/4871 4881/1/4876 4882/1/4875
f 4880/1/4874 4883/1/4877 1900/1/1896
f 4830/1/4823 4831/1/4825 4883/1/4877
f 1847/1/1843 1900/1/1896 4883/1/4877
f 4878/1/4872 4882/1/4875 4884/1/4878
f 1907/1/1903 4884/1/4878 4882/1/4875
f 1906/1/1902 4886/1/4880 4884/1/4878
f 4885/1/4879 4884/1/4878 4886/1/4880
f 4887/1/4881 4888/1/4884 4889/1/4882
f 4890/1/4883 4889/1/4882 4888/1/4884
f 4872/1/4866 4879/1/4873 4889/1/4882
f 4885/1/4879 4889/1/4882 4879/1/4873
f 1915/1/1910 1914/1/1915 4892/1/4886
f 4888/1/4884 4893/1/4887 4892/1/4886
f 4887/1/4881 4886/1/4880 4893/1/4887
f 1915/1/1910 4893/1/4887 4886/1/4880
f 4891/1/4885 4894/1/4889 4895/1/4888
f 1914/1/1915 1921/1/1917 4898/1/4892
f 4899/1/4893 4898/1/4892 1921/1/1917
f 4900/1/4894 4901/1/4895 4898/1/4892
f 4892/1/4886 4898/1/4892 4901/1/4895
f 4902/1/4896 4903/1/4898 4904/1/4897
f 4899/1/4893 4903/1/4898 4902/1/4896
f 1925/1/1921 4904/1/4897 4903/1/4898
f 4905/1/4899 1931/1/1926 1930/1/1925
f 4900/1/4894 4902/1/4896 4906/1/4901
f 1937/1/1932 4906/1/4901 4902/1/4896
f 1936/1/1931 4908/1/4903 4906/1/4901
f 4907/1/4902 4906/1/4901 4908/1/4903
f 4900/1/4894 4907/1/4902 4910/1/4905
f 4901/1/4895 4910/1/4905 4894/1/4889
f 4912/1/4907 4913/1/4909 1942/1/1937
f 4909/1/4904 4908/1/4903 4912/1/4907
f 4912/1/4907 4908/1/4903 1936/1/1931
f 4915/1/4910 4913/1/4909 1936/1/1931
f 4915/1/4910 1945/1/1940 1944/1/1939
f 4915/1/4910 1943/1/1938 1942/1/1937
f 1947/1/1941 4916/1/4913 4914/1/4908
f 4917/1/4911 4916/1/4913 1947/1/1941
f 4918/1/4912 4919/1/4914 4916/1/4913
f 4914/1/4908 4916/1/4913 4919/1/4914
f 4920/1/4915 4921/1/4918 4922/1/4916
f 1956/1/1951 4922/1/4916 4921/1/4918
f 4336/1/4331 4325/1/4320 4923/1/4917
f 4924/1/4919 4925/1/4928 4926/1/4920
f 4928/1/4922 4924/1/4919 4927/1/4921
f 1962/1/1957 1964/1/1958 4924/1/4919
f 4920/1/4915 4930/1/4926 4931/1/4924
f 4932/1/4925 4931/1/4924 4930/1/4926
f 4931/1/4924 4932/1/4925 4926/1/4920
f 4921/1/4918 4931/1/4924 4925/1/4928
f 4934/1/4929 4935/1/4930 4328/1/4322
f 4933/1/4927 4930/1/4926 4935/1/4930
f 4920/1/4915 4923/1/4917 4935/1/4930
f 4936/1/4931 4927/1/4921 4926/1/4920
f 4937/1/4932 4936/1/4931 4932/1/4925
f 4938/1/4933 4939/1/4934 4936/1/4931
f 4929/1/4923 4927/1/4921 4936/1/4931
f 4940/1/4935 4941/1/4938 4942/1/4936
f 4934/1/4929 4942/1/4936 4941/1/4938
f 4316/1/4311 4313/1/4310 4942/1/4936
f 4943/1/4937 4942/1/4936 4313/1/4310
f 4944/1/4939 4945/1/4942 4946/1/4940
f 1984/1/1979 4945/1/4942 4944/1/4939
f 4928/1/4922 4945/1/4942 1984/1/1979
f 4929/1/4923 4946/1/4940 4945/1/4942
f 4948/1/4943 4949/1/4946 4950/1/4944
f 4937/1/4932 4950/1/4944 4949/1/4946
f 4933/1/4927 4941/1/4938 4950/1/4944
f 4951/1/4945 4950/1/4944 4941/1/4938
f 4938/1/4933 4949/1/4946 4952/1/4947
f 4953/1/4948 4952/1/4947 4949/1/4946
f 4947/1/4941 4946/1/4940 4952/1/4947
f 4939/1/4934 4952/1/4947 4946/1/4940
f 4954/1/4949 4955/1/4952 4956/1/4950
f 1996/1/1991 4956/1/4950 4955/1/4952
f 1985/1/1980 4944/1/4939 4956/1/4950
f 4957/1/4951 4956/1/4950 4944/1/4939
f 4958/1/4953 4959/1/4956 4960/1/4954
f 4943/1/4937 4960/1/4954 4959/1/4956
f 4312/1/4306 4307/1/4302 4960/1/4954
f 1997/1/1992 4955/1/4952 4962/1/4957
f 4963/1/4958 4962/1/4957 4955/1/4952
f 4963/1/4958 4918/1/4912 4917/1/4911
f 2002/1/1998 4962/1/4957 4917/1/4911
f 4965/1/4960 4964/1/4959 4966/1/4961
f 4868/1/4861 4964/1/4959 4965/1/4960
f 4869/1/4863 4897/1/4891 4964/1/4959
f 4968/1/4963 4969/1/4966 4970/1/4964
f 4951/1/4945 4970/1/4964 4969/1/4966
f 4940/1/4935 4959/1/4956 4970/1/4964
f 4971/1/4965 4970/1/4964 4959/1/4956
f 4865/1/4859 4965/1/4960 4972/1/4967
f 4974/1/4969 4975/1/4970 4973/1/4968
f 4968/1/4963 4971/1/4965 4975/1/4970
f 4958/1/4953 4973/1/4968 4975/1/4970
f 4977/1/4972 4976/1/4971 4919/1/4914
f 4967/1/4962 4966/1/4961 4976/1/4971
f 4974/1/4969 4978/1/4974 4979/1/4973
f 4974/1/4969 4967/1/4962 4977/1/4972
f 4918/1/4912 4963/1/4958 4978/1/4974
f 4979/1/4973 4978/1/4974 4963/1/4958
f 4948/1/4943 4969/1/4966 4980/1/4975
f 4979/1/4973 4980/1/4975 4969/1/4966
f 4954/1/4949 4957/1/4951 4980/1/4975
f 4953/1/4948 4980/1/4975 4957/1/4951
f 3666/1/3660 4981/1/4978 4982/1/4976
f 4983/1/4977 4982/1/4976 4981/1/4978
f 3665/1/3658 4982/1/4976 4573/1/4568
f 3670/1/3663 4985/1/4982 4986/1/4980
f 4987/1/4981 4986/1/4980 4985/1/4982
f 4984/1/4979 4981/1/4978 4986/1/4980
f 3667/1/3661 4986/1/4980 4981/1/4978
f 4990/1/4985 4991/1/4987 4989/1/4984
f 4818/1/4812 4816/1/4810 4991/1/4987
f 4614/1/4609 4813/1/4808 4991/1/4987
f 4992/1/4986 4993/1/4990 4994/1/4988
f 4995/1/4989 4994/1/4988 4993/1/4990
f 4822/1/4816 4819/1/4815 4994/1/4988
f 4990/1/4985 4994/1/4988 4819/1/4815
f 4826/1/4820 4823/1/4819 4997/1/4992
f 4995/1/4989 4997/1/4992 4823/1/4819
f 4996/1/4991 4999/1/4994 4997/1/4992
f 4998/1/4993 4997/1/4992 4999/1/4994
f 2043/1/2037 5000/1/4995 4998/1/4993
f 1849/1/1845 4833/1/4827 5000/1/4995
f 4998/1/4993 5000/1/4995 4833/1/4827
f 4984/1/4979 5001/1/4997 5002/1/4996
f 4983/1/4977 5002/1/4996 4989/1/4984
f 5005/1/5000 5006/1/5003 4987/1/4981
f 5007/1/5001 5006/1/5003 5005/1/5000
f 4987/1/4981 5006/1/5003 5001/1/4997
f 5010/1/5005 5011/1/5007 5009/1/5004
f 4996/1/4991 4993/1/4990 5009/1/5004
f 5004/1/4999 5009/1/5004 4993/1/4990
f 2056/1/2051 2059/1/2053 5013/1/5008
f 4999/1/4994 5013/1/5008 2059/1/2053
f 5014/1/5009 5013/1/5008 5011/1/5007
f 4988/1/4983 4985/1/4982 5015/1/5010
f 5016/1/5011 5015/1/5010 4985/1/4982
f 5017/1/5012 5018/1/5013 5015/1/5010
f 5005/1/5000 5015/1/5010 5018/1/5013
f 3670/1/3663 3672/1/3668 5019/1/5014
f 5020/1/5015 5019/1/5014 3672/1/3668
f 5021/1/5016 5022/1/5017 5019/1/5014
f 5016/1/5011 5019/1/5014 5022/1/5017
f 3675/1/3669 5023/1/5020 5024/1/5018
f 5025/1/5019 5024/1/5018 5023/1/5020
f 5021/1/5016 5020/1/5015 5024/1/5018
f 3671/1/3665 3676/1/3672 5024/1/5018
f 3689/1/3683 5027/1/5024 5028/1/5022
f 5029/1/5023 5028/1/5022 5027/1/5024
f 5031/1/5026 5032/1/5027 5028/1/5022
f 3690/1/3684 5028/1/5022 5032/1/5027
f 3693/1/3687 5033/1/5029 5034/1/5028
f 5033/1/5029 5035/1/5034 5036/1/5030
f 5030/1/5025 5027/1/5024 5034/1/5028
f 3694/1/3688 5034/1/5028 5027/1/5024
f 5037/1/5031 2083/1/6760 2082/1/2077
f 2087/1/2081 5039/1/5033 5038/1/5032
f 5036/1/5030 5038/1/5032 5039/1/5033
f 5040/1/5035 5041/1/5038 5042/1/5036
f 3693/1/3687 3698/1/3692 5042/1/5036
f 5043/1/5037 5042/1/5036 3698/1/3692
f 5044/1/5039 5045/1/5040 5041/1/5038
f 2095/1/2089 2094/1/2088 5045/1/5040
f 2094/1/2088 2083/1/6760 5037/1/5031
f 5035/1/5034 5041/1/5038 5045/1/5040
f 3697/1/3691 3702/1/3696 5046/1/5041
f 5047/1/5042 5046/1/5041 3702/1/3696
f 5048/1/5043 5049/1/5044 5046/1/5041
f 5043/1/5037 5046/1/5041 5049/1/5044
f 5040/1/5035 5049/1/5044 5050/1/5045
f 5051/1/5046 5050/1/5045 5049/1/5044
f 2102/1/2096 2101/1/2095 5050/1/5045
f 5044/1/5039 5050/1/5045 2101/1/2095
f 5054/1/5049 5055/1/5050 5052/1/5047
f 5047/1/5042 5052/1/5047 5055/1/5050
f 3682/1/3675 5056/1/5053 5057/1/5051
f 5058/1/5052 5057/1/5051 5056/1/5053
f 5026/1/5021 5023/1/5020 5057/1/5051
f 3681/1/3674 5057/1/5051 5023/1/5020
f 3684/1/3678 5032/1/5027 5060/1/5055
f 5061/1/5056 5060/1/5055 5032/1/5027
f 5059/1/5054 5056/1/5053 5060/1/5055
f 3685/1/3679 5060/1/5055 5056/1/5053
f 5030/1/5025 5039/1/5033 5062/1/5057
f 2117/1/2111 5062/1/5057 5039/1/5033
f 2116/1/2110 5063/1/5058 5062/1/5057
f 5029/1/5023 5062/1/5057 5063/1/5058
f 5026/1/5021 5064/1/5060 5065/1/5059
f 2119/1/2116 5065/1/5059 5064/1/5060
f 2118/1/2112 5066/1/5061 5065/1/5059
f 5025/1/5019 5065/1/5059 5066/1/5061
f 5059/1/5054 5067/1/5063 5068/1/5062
f 2126/1/2120 5068/1/5062 5067/1/5063
f 2123/1/2117 5064/1/5060 5068/1/5062
f 5058/1/5052 5068/1/5062 5064/1/5060
f 5031/1/5026 5063/1/5058 5069/1/5064
f 2129/1/2123 5069/1/5064 5063/1/5058
f 2127/1/2121 5067/1/5063 5069/1/5064
f 5061/1/5056 5069/1/5064 5067/1/5063
f 5017/1/5012 5070/1/5067 5071/1/5065
f 5072/1/5066 5071/1/5065 5070/1/5067
f 5073/1/5068 5074/1/5069 5071/1/5065
f 5018/1/5013 5071/1/5065 5074/1/5069
f 5008/1/5002 5074/1/5069 5075/1/5070
f 5076/1/5071 5075/1/5070 5074/1/5069
f 5012/1/5006 5075/1/5070 5076/1/5071
f 5007/1/5001 5075/1/5070 5012/1/5006
f 5010/1/5005 5076/1/5071 5077/1/5072
f 5078/1/5073 5077/1/5072 5076/1/5071
f 2140/1/2134 2139/1/2133 5077/1/5072
f 5014/1/5009 5077/1/5072 2139/1/2133
f 5073/1/5068 5072/1/5066 5079/1/5074
f 2143/1/2137 5079/1/5074 5072/1/5066
f 2140/1/2134 5078/1/5073 5079/1/5074
f 5066/1/5061 2118/1/2112 2145/1/2139
f 5070/1/5067 5080/1/5075 2145/1/2139
f 5070/1/5067 5017/1/5012 5022/1/5017
f 5066/1/5061 5080/1/5075 5022/1/5017
f 5081/1/5076 5082/1/5080 5083/1/5077
f 5085/1/5079 5083/1/5077 5082/1/5080
f 3912/1/3905 3909/1/3904 5083/1/5077
f 5084/1/5078 5083/1/5077 3909/1/3904
f 5085/1/5079 5087/1/5082 3923/1/3918
f 5087/1/5082 5085/1/5079 5086/1/5081
f 5089/1/5084 5090/1/5085 5087/1/5082
f 3923/1/3918 5087/1/5082 5090/1/5085
f 3926/1/3919 5090/1/5085 5091/1/5086
f 5092/1/5087 5091/1/5086 5090/1/5085
f 5093/1/5088 5094/1/5089 5091/1/5086
f 3935/1/3930 5091/1/5086 5094/1/5089
f 3938/1/3931 5094/1/5089 5095/1/5090
f 5096/1/5091 5095/1/5090 5094/1/5089
f 5097/1/5092 5095/1/5090 5096/1/5091
f 3933/1/3926 3957/1/3950 5095/1/5090
f 2164/1/2157 5099/1/5095 5100/1/5094
f 5084/1/5078 5100/1/5094 5099/1/5095
f 3902/1/3895 3901/1/3894 5100/1/5094
f 2165/1/2160 5100/1/5094 3901/1/3894
f 5101/1/5096 5102/1/5099 5103/1/5097
f 5103/1/5097 5102/1/5099 2168/1/2161
f 5104/1/5098 5105/1/5102 5106/1/5100
f 5107/1/5101 5106/1/5100 5105/1/5102
f 5086/1/5081 5082/1/5080 5106/1/5100
f 5101/1/5096 5106/1/5100 5082/1/5080
f 5109/1/5104 5110/1/5107 5111/1/5105
f 5088/1/5083 5111/1/5105 5110/1/5107
f 5107/1/5101 5111/1/5105 5088/1/5083
f 5107/1/5101 5108/1/5103 5112/1/5106
f 5113/1/5108 5114/1/5111 5115/1/5109
f 5092/1/5087 5115/1/5109 5114/1/5111
f 5089/1/5084 5110/1/5107 5115/1/5109
f 5116/1/5110 5115/1/5109 5110/1/5107
f 5117/1/5112 5118/1/5115 5119/1/5113
f 5098/1/5093 5096/1/5091 5118/1/5115
f 5093/1/5088 5114/1/5111 5118/1/5115
f 5119/1/5113 5118/1/5115 5114/1/5111
f 2173/1/2166 2191/1/2184 5121/1/5116
f 5122/1/5117 5121/1/5116 2191/1/2184
f 5108/1/5103 5105/1/5102 5121/1/5116
f 5103/1/5097 5121/1/5116 5105/1/5102
f 5123/1/5118 5124/1/5121 5125/1/5119
f 5112/1/5106 5125/1/5119 5124/1/5121
f 5108/1/5103 5122/1/5117 5125/1/5119
f 5126/1/5120 5125/1/5119 5122/1/5117
f 2198/1/2192 5127/1/5123 5128/1/5122
f 5127/1/5123 5123/1/5118 5126/1/5120
f 2199/1/2195 5128/1/5122 5126/1/5120
f 5129/1/5124 5130/1/5127 5131/1/5125
f 5116/1/5110 5131/1/5125 5130/1/5127
f 5109/1/5104 5124/1/5121 5131/1/5125
f 5132/1/5126 5131/1/5125 5124/1/5121
f 2206/1/2200 5133/1/5129 5134/1/5128
f 5132/1/5126 5134/1/5128 5133/1/5129
f 5123/1/5118 5127/1/5123 5134/1/5128
f 2207/1/2203 5134/1/5128 5127/1/5123
f 5135/1/5130 5136/1/5133 5130/1/5127
f 5137/1/5131 5136/1/5133 5135/1/5130
f 5120/1/5114 5119/1/5113 5136/1/5133
f 5113/1/5108 5130/1/5127 5136/1/5133
f 5139/1/5134 5140/1/5135 2214/1/2208
f 5138/1/5132 5135/1/5130 5140/1/5135
f 5129/1/5124 5133/1/5129 5140/1/5135
f 2214/1/2208 5140/1/5135 5133/1/5129
f 2217/1/2210 2219/1/2213 5141/1/5136
f 5142/1/5137 5141/1/5136 2219/1/2213
f 5143/1/5138 5144/1/5139 5141/1/5136
f 5139/1/5134 5141/1/5136 5144/1/5139
f 5143/1/5138 5145/1/5142 5146/1/5140
f 5147/1/5141 5146/1/5140 5145/1/5142
f 5137/1/5131 5146/1/5140 5147/1/5141
f 5138/1/5132 5144/1/5139 5146/1/5140
f 2223/1/2217 2229/1/2223 5149/1/5144
f 5150/1/5145 5149/1/5144 2229/1/2223
f 5148/1/5143 5145/1/5142 5149/1/5144
f 5142/1/5137 5149/1/5144 5145/1/5142
f 5148/1/5143 5151/1/5148 5152/1/5146
f 5153/1/5147 5152/1/5146 5151/1/5148
f 5117/1/5112 5152/1/5146 5153/1/5147
f 5147/1/5141 5152/1/5146 5117/1/5112
f 5098/1/5093 5153/1/5147 5155/1/5150
f 5156/1/5151 5155/1/5150 5153/1/5147
f 3830/1/3824 3934/1/3927 5155/1/5150
f 5097/1/5092 5155/1/5150 3934/1/3927
f 2231/1/2225 2239/1/2233 5157/1/5152
f 5158/1/5153 5157/1/5152 2239/1/2233
f 5154/1/5149 5151/1/5148 5157/1/5152
f 5150/1/5145 5157/1/5152 5151/1/5148
f 3830/1/3824 5156/1/5151 5159/1/5154
f 5160/1/5155 5159/1/5154 5156/1/5151
f 5161/1/5156 5162/1/5157 5159/1/5154
f 3825/1/3819 5159/1/5154 5162/1/5157
f 2246/1/2240 5163/1/5159 5164/1/5158
f 5160/1/5155 5164/1/5158 5163/1/5159
f 5158/1/5153 5164/1/5158 5160/1/5155
f 5158/1/5153 2241/1/2235 2247/1/2243
f 3715/1/3709 5162/1/5157 5165/1/5160
f 5166/1/5161 5165/1/5160 5162/1/5157
f 5167/1/5162 5168/1/5163 5165/1/5160
f 3709/1/3703 5165/1/5160 5168/1/5163
f 3710/1/3704 5168/1/5163 5169/1/5164
f 5170/1/5165 5169/1/5164 5168/1/5163
f 5054/1/5049 5053/1/5048 5169/1/5164
f 3717/1/3711 5169/1/5164 5053/1/5048
f 2258/1/2252 5171/1/5167 5172/1/5166
f 5166/1/5161 5172/1/5166 5171/1/5167
f 5161/1/5156 5163/1/5159 5172/1/5166
f 2259/1/2253 5172/1/5166 5163/1/5159
f 5173/1/5168 2262/1/2258 2261/1/2255
f 5051/1/5046 5174/1/5169 2261/1/2255
f 5048/1/5043 5055/1/5050 5174/1/5169
f 5173/1/5168 5174/1/5169 5055/1/5050
f 5167/1/5162 5171/1/5167 5175/1/5170
f 2265/1/2259 5175/1/5170 5171/1/5167
f 2262/1/2258 5173/1/5168 5175/1/5170
f 5170/1/5165 5175/1/5170 5173/1/5168
f 3736/1/3729 5176/1/5172 5177/1/5171
f 3790/1/3784 3788/1/3783 5177/1/5171
f 3735/1/3728 5177/1/5171 3788/1/3783
f 3760/1/3754 5178/1/5175 5179/1/5173
f 5180/1/5174 5179/1/5173 5178/1/5175
f 4554/1/4549 5182/1/5179 5183/1/5177
f 5184/1/5178 5183/1/5177 5182/1/5179
f 5181/1/5176 5178/1/5175 5183/1/5177
f 4552/1/4547 5183/1/5177 5178/1/5175
f 4566/1/4561 5186/1/5183 5187/1/5181
f 5188/1/5182 5187/1/5181 5186/1/5183
f 5185/1/5180 5182/1/5179 5187/1/5181
f 4565/1/4559 5187/1/5181 5182/1/5179
f 4570/1/4565 5190/1/5187 5191/1/5185
f 5192/1/5186 5191/1/5185 5190/1/5187
f 5189/1/5184 5186/1/5183 5191/1/5185
f 4568/1/4563 5191/1/5185 5186/1/5183
f 4429/1/4424 5197/1/5192 5198/1/5193
f 5199/1/5194 5198/1/5193 5197/1/5192
f 5200/1/5195 5201/1/5196 5198/1/5193
f 4436/1/4430 5198/1/5193 5201/1/5196
f 5184/1/5178 5206/1/5201 5203/1/5198
f 5185/1/5180 5207/1/5203 5206/1/5201
f 5208/1/5202 5209/1/5204 5206/1/5201
f 5203/1/5198 5206/1/5201 5209/1/5204
f 5188/1/5182 5210/1/5205 5207/1/5203
f 5189/1/5184 5211/1/5207 5210/1/5205
f 5212/1/5206 5210/1/5205 5211/1/5207
f 5207/1/5203 5210/1/5205 5212/1/5206
f 5193/1/5188 5214/1/5211 5215/1/5209
f 5216/1/5210 5217/1/5212 5215/1/5209
f 5213/1/5208 5211/1/5207 5215/1/5209
f 5192/1/5186 5215/1/5209 5211/1/5207
f 5218/1/5213 5219/1/5217 5220/1/5214
f 5222/1/5216 5223/1/5218 5219/1/5217
f 5216/1/5210 5224/1/5220 5219/1/5217
f 5225/1/5219 5220/1/5214 5219/1/5217
f 5222/1/5216 5226/1/5223 5227/1/5221
f 5228/1/5222 5227/1/5221 5226/1/5223
f 5213/1/5208 5217/1/5212 5227/1/5221
f 5223/1/5218 5227/1/5221 5217/1/5212
f 5229/1/5224 5230/1/5227 5231/1/5225
f 5232/1/5226 5231/1/5225 5230/1/5227
f 5208/1/5202 5212/1/5206 5231/1/5225
f 5228/1/5222 5231/1/5225 5212/1/5206
f 4440/1/4434 5234/1/5231 5235/1/5229
f 5236/1/5230 5235/1/5229 5234/1/5231
f 3822/1/3816 4420/1/4415 5235/1/5229
f 4437/1/4432 5235/1/5229 4420/1/4415
f 5200/1/5195 5238/1/5234 5239/1/5233
f 5234/1/5231 5239/1/5233 5238/1/5234
f 4440/1/4434 4439/1/4433 5239/1/5233
f 5201/1/5196 5239/1/5233 4439/1/4433
f 4441/1/4438 3824/1/3818 3823/1/3817
f 5236/1/5230 5241/1/5236 3823/1/3817
f 5237/1/5232 5238/1/5234 5242/1/5237
f 5233/1/5228 5248/1/5244 5249/1/5243
f 5247/1/5242 5249/1/5243 5248/1/5244
f 5204/1/5199 5209/1/5204 5249/1/5243
f 5232/1/5226 5249/1/5243 5209/1/5204
f 5244/1/5239 5250/1/5247 5251/1/5245
f 5252/1/5246 5251/1/5245 5250/1/5247
f 5254/1/5249 5255/1/5252 5256/1/5250
f 4480/1/4474 5255/1/5252 5254/1/5249
f 5259/1/5254 5258/1/5253 5252/1/5246
f 5257/1/5251 5256/1/5250 5258/1/5253
f 5261/1/5256 5260/1/5255 5262/1/5257
f 4488/1/4483 4485/1/4482 5260/1/5255
f 5254/1/5249 5260/1/5255 4485/1/4482
f 5263/1/5258 5264/1/5261 5265/1/5259
f 5266/1/5260 5265/1/5259 5264/1/5261
f 5266/1/5260 4484/1/4479 4490/1/4485
f 5261/1/5256 5265/1/5259 4490/1/4485
f 4484/1/4479 5266/1/5260 5268/1/5263
f 5269/1/5264 5268/1/5263 5266/1/5260
f 4410/1/4405 4462/1/4457 5268/1/5263
f 4483/1/4477 5268/1/5263 4462/1/4457
f 5269/1/5264 5270/1/5265 4409/1/4403
f 5267/1/5262 5271/1/5267 5270/1/5265
f 5272/1/5266 5270/1/5265 5271/1/5267
f 4409/1/4403 5270/1/5265 5272/1/5266
f 5274/1/5269 5275/1/5272 5276/1/5270
f 4406/1/4401 5276/1/5270 5275/1/5272
f 4405/1/4400 5272/1/5266 5276/1/5270
f 5276/1/5270 5272/1/5266 5273/1/5268
f 4402/1/4397 5275/1/5272 5278/1/5273
f 5279/1/5274 5278/1/5273 5275/1/5272
f 5280/1/5275 5281/1/5276 5278/1/5273
f 5282/1/5277 5283/1/5280 5281/1/5276
f 5284/1/5278 5283/1/5280 5282/1/5277
f 4393/1/4388 4396/1/4390 5283/1/5280
f 4398/1/4393 5281/1/5276 5283/1/5280
f 5285/1/5279 5286/1/5283 5287/1/5281
f 5288/1/5282 5287/1/5281 5286/1/5283
f 4389/1/4384 4394/1/4389 5287/1/5281
f 5284/1/5278 5287/1/5281 4394/1/4389
f 5289/1/5284 5290/1/5286 5291/1/5285
f 5288/1/5282 5291/1/5285 4390/1/4385
f 5294/1/5289 5295/1/5292 5296/1/5290
f 5253/1/5248 5250/1/5247 5296/1/5290
f 5298/1/5293 5299/1/5296 5300/1/5294
f 5297/1/5291 5300/1/5294 5299/1/5296
f 5244/1/5239 5248/1/5244 5300/1/5294
f 5301/1/5295 5300/1/5294 5248/1/5244
f 5302/1/5297 5303/1/5300 5304/1/5298
f 5301/1/5295 5304/1/5298 5303/1/5300
f 5233/1/5228 5230/1/5227 5304/1/5298
f 5305/1/5299 5304/1/5298 5230/1/5227
f 5306/1/5301 5307/1/5304 5308/1/5302
f 5305/1/5299 5308/1/5302 5307/1/5304
f 5229/1/5224 5226/1/5223 5308/1/5302
f 5309/1/5303 5308/1/5302 5226/1/5223
f 5221/1/5215 5310/1/5307 5311/1/5305
f 5312/1/5306 5311/1/5305 5310/1/5307
f 5306/1/5301 5309/1/5303 5311/1/5305
f 5218/1/5213 5311/1/5305 5309/1/5303
f 5319/1/5314 5318/1/5313 5320/1/5315
f 5263/1/5258 5262/1/5257 5318/1/5313
f 5321/1/5316 5322/1/5319 5323/1/5317
f 5324/1/5318 5323/1/5317 5322/1/5319
f 5267/1/5262 5264/1/5261 5323/1/5317
f 5319/1/5314 5323/1/5317 5264/1/5261
f 5325/1/5320 5326/1/5323 5327/1/5321
f 5328/1/5322 5327/1/5321 5326/1/5323
f 5273/1/5268 5271/1/5267 5327/1/5321
f 5324/1/5318 5327/1/5321 5271/1/5267
f 5329/1/5324 5330/1/5327 5331/1/5325
f 5332/1/5326 5331/1/5325 5330/1/5327
f 5277/1/5271 5331/1/5325 5332/1/5326
f 5328/1/5322 5331/1/5325 5277/1/5271
f 5334/1/5329 5335/1/5332 5336/1/5330
f 5279/1/5274 5336/1/5330 5335/1/5332
f 5274/1/5269 5332/1/5326 5336/1/5330
f 5337/1/5331 5336/1/5330 5332/1/5326
f 5338/1/5333 5339/1/5336 5340/1/5334
f 5282/1/5277 5340/1/5334 5339/1/5336
f 5280/1/5275 5335/1/5332 5340/1/5334
f 5341/1/5335 5340/1/5334 5335/1/5332
f 5342/1/5337 5343/1/5340 5344/1/5338
f 5286/1/5283 5344/1/5338 5343/1/5340
f 5285/1/5279 5339/1/5336 5344/1/5338
f 5345/1/5339 5344/1/5338 5339/1/5336
f 5346/1/5341 5347/1/5344 5348/1/5342
f 5290/1/5286 5348/1/5342 5347/1/5344
f 5289/1/5284 5343/1/5340 5348/1/5342
f 5349/1/5343 5348/1/5342 5343/1/5340
f 5346/1/5341 5349/1/5343 5350/1/5345
f 5342/1/5337 5352/1/5347 5350/1/5345
f 2442/1/2435 5350/1/5345 5352/1/5347
f 5351/1/5346 5350/1/5345 2442/1/2435
f 5353/1/5348 5354/1/5352 5355/1/5349
f 5357/1/5351 5355/1/5349 5354/1/5352
f 5341/1/5335 5355/1/5349 5357/1/5351
f 5356/1/5350 5355/1/5349 5341/1/5335
f 5338/1/5333 5357/1/5351 5358/1/5353
f 2453/1/2447 5358/1/5353 5357/1/5351
f 2443/1/2436 5352/1/5347 5358/1/5353
f 5345/1/5339 5358/1/5353 5352/1/5347
f 5359/1/5354 5360/1/5357 5361/1/5355
f 5356/1/5350 5361/1/5355 5360/1/5357
f 5334/1/5329 5337/1/5331 5361/1/5355
f 5362/1/5356 5361/1/5355 5337/1/5331
f 5353/1/5348 5360/1/5357 5363/1/5358
f 5364/1/5359 5363/1/5358 5360/1/5357
f 2460/1/2454 2459/1/2453 5363/1/5358
f 5354/1/5352 5363/1/5358 2459/1/2453
f 5365/1/5360 5366/1/5363 5367/1/5361
f 5362/1/5356 5367/1/5361 5366/1/5363
f 5333/1/5328 5330/1/5327 5367/1/5361
f 5368/1/5362 5367/1/5361 5330/1/5327
f 5369/1/5364 2468/1/2469 2467/1/2461
f 5364/1/5359 5370/1/5365 2467/1/2461
f 5359/1/5354 5366/1/5363 5370/1/5365
f 5369/1/5364 5370/1/5365 5366/1/5363
f 5371/1/5366 5372/1/5369 5373/1/5367
f 5368/1/5362 5373/1/5367 5372/1/5369
f 5329/1/5324 5326/1/5323 5373/1/5367
f 5374/1/5368 5373/1/5367 5326/1/5323
f 5371/1/5366 5375/1/5371 5376/1/5370
f 2476/1/2470 5376/1/5370 5375/1/5371
f 2468/1/2469 5369/1/5364 5376/1/5370
f 5372/1/5369 5376/1/5370 5369/1/5364
f 5374/1/5368 5377/1/5372 5380/1/5375
f 5325/1/5320 5322/1/5319 5377/1/5372
f 5378/1/5373 5377/1/5372 5322/1/5319
f 5379/1/5374 5381/1/5377 5382/1/5376
f 2484/1/2478 5382/1/5376 5381/1/5377
f 2477/1/2471 5375/1/5371 5382/1/5376
f 5380/1/5375 5382/1/5376 5375/1/5371
f 5383/1/5378 5384/1/5381 5385/1/5379
f 5321/1/5316 5320/1/5315 5385/1/5379
f 5384/1/5381 5383/1/5378 5387/1/5382
f 2491/1/2486 5388/1/5383 5387/1/5382
f 2485/1/2479 5381/1/5377 5388/1/5383
f 5389/1/5384 5390/1/5387 5391/1/5385
f 5386/1/5380 5391/1/5385 5390/1/5387
f 5315/1/5310 5314/1/5309 5391/1/5385
f 5392/1/5386 5391/1/5385 5314/1/5309
f 5383/1/5378 5390/1/5387 5393/1/5388
f 5394/1/5389 5393/1/5388 5390/1/5387
f 2500/1/2494 2499/1/2493 5393/1/5388
f 5387/1/5382 5393/1/5388 2499/1/2493
f 5294/1/5289 5299/1/5296 5395/1/5390
f 5396/1/5391 5395/1/5390 5299/1/5296
f 5397/1/5392 5398/1/5393 5395/1/5390
f 5392/1/5386 5395/1/5390 5398/1/5393
f 5400/1/5395 5399/1/5394 5398/1/5393
f 2508/1/2502 2507/1/2501 5399/1/5394
f 5298/1/5293 5303/1/5300 5401/1/5396
f 5402/1/5397 5401/1/5396 5303/1/5300
f 5403/1/5398 5404/1/5399 5401/1/5396
f 5396/1/5391 5401/1/5396 5404/1/5399
f 5397/1/5392 5404/1/5399 5405/1/5400
f 5406/1/5401 5405/1/5400 5404/1/5399
f 2516/1/2510 2515/1/2509 5405/1/5400
f 5400/1/5395 5405/1/5400 2515/1/2509
f 5302/1/5297 5307/1/5304 5407/1/5402
f 5408/1/5403 5407/1/5402 5307/1/5304
f 5409/1/5404 5410/1/5405 5407/1/5402
f 5402/1/5397 5407/1/5402 5410/1/5405
f 5403/1/5398 5410/1/5405 5411/1/5406
f 5412/1/5407 5411/1/5406 5410/1/5405
f 2523/1/2517 5411/1/5406 5412/1/5407
f 5406/1/5401 5411/1/5406 2523/1/2517
f 5306/1/5301 5312/1/5306 5413/1/5408
f 5313/1/5308 5414/1/5410 5413/1/5408
f 5415/1/5409 5413/1/5408 5414/1/5410
f 5408/1/5403 5413/1/5408 5415/1/5409
f 5409/1/5404 5415/1/5409 5417/1/5412
f 5416/1/5411 5418/1/5413 5417/1/5412
f 2531/1/2525 5417/1/5412 5418/1/5413
f 2524/1/2518 5412/1/5407 5417/1/5412
f 5193/1/5188 5419/1/5416 5420/1/5414
f 5421/1/5415 5420/1/5414 5419/1/5416
f 5224/1/5220 5420/1/5414 5421/1/5415
f 5214/1/5211 5420/1/5414 5224/1/5220
f 5422/1/5417 5423/1/5420 5424/1/5418
f 5425/1/5419 5426/1/5421 5424/1/5418
f 5421/1/5415 5424/1/5418 5426/1/5421
f 1150/1/1147 2543/1/2537 5427/1/5422
f 5428/1/5423 5427/1/5422 2543/1/2537
f 5429/1/5424 5430/1/5425 5427/1/5422
f 4143/1/4138 5427/1/5422 5430/1/5425
f 5431/1/5426 5432/1/5429 5433/1/5427
f 2555/1/2548 5433/1/5427 5432/1/5429
f 2554/1/2547 5435/1/5430 5433/1/5427
f 5434/1/5428 5433/1/5427 5435/1/5430
f 5437/1/5432 5438/1/5436 5439/1/5433
f 5441/1/5435 5442/1/5437 5438/1/5436
f 5423/1/5420 5438/1/5436 5442/1/5437
f 5422/1/5417 5439/1/5433 5438/1/5436
f 5440/1/5434 5443/1/5440 5444/1/5438
f 5445/1/5439 5444/1/5438 5443/1/5440
f 5447/1/5442 5448/1/5443 5444/1/5438
f 5437/1/5432 5444/1/5438 5448/1/5443
f 5446/1/5441 5449/1/5446 5450/1/5444
f 5451/1/5445 5450/1/5444 5449/1/5446
f 5453/1/5448 5454/1/5449 5450/1/5444
f 5445/1/5439 5450/1/5444 5454/1/5449
f 5452/1/5447 5455/1/5452 5456/1/5450
f 5457/1/5451 5456/1/5450 5455/1/5452
f 5459/1/5454 5460/1/5455 5456/1/5450
f 5451/1/5445 5456/1/5450 5460/1/5455
f 5458/1/5453 5461/1/5457 5462/1/5456
f 5434/1/5428 5462/1/5456 5461/1/5457
f 5436/1/5431 5463/1/5458 5462/1/5456
f 5457/1/5451 5462/1/5456 5463/1/5458
f 5431/1/5426 5464/1/5461 5465/1/5459
f 5466/1/5460 5465/1/5459 5464/1/5461
f 2588/1/2581 2585/1/2580 5465/1/5459
f 5432/1/5429 5465/1/5459 2585/1/2580
f 5468/1/5463 5469/1/5467 5470/1/5464
f 5472/1/5466 5470/1/5464 5469/1/5467
f 5474/1/5469 5475/1/5470 5470/1/5464
f 5471/1/5465 5470/1/5464 5475/1/5470
f 5467/1/5462 5477/1/5473 5478/1/5472
f 5428/1/5423 5478/1/5472 5477/1/5473
f 2547/1/2592 2600/1/2591 5478/1/5472
f 5466/1/5460 5478/1/5472 2600/1/2591
f 5429/1/5424 5477/1/5473 5479/1/5474
f 5481/1/5476 5479/1/5474 5477/1/5473
f 5482/1/5477 5483/1/5478 5479/1/5474
f 5480/1/5475 5479/1/5474 5483/1/5478
f 5467/1/5462 5464/1/5461 5485/1/5480
f 5461/1/5457 5485/1/5480 5464/1/5461
f 5458/1/5453 5486/1/5481 5485/1/5480
f 5481/1/5476 5485/1/5480 5486/1/5481
f 5484/1/5479 5483/1/5478 5487/1/5482
f 5489/1/5484 5487/1/5482 5483/1/5478
f 5468/1/5463 5471/1/5465 5487/1/5482
f 5488/1/5483 5487/1/5482 5471/1/5465
f 5473/1/5468 5469/1/5467 5490/1/5485
f 5492/1/5487 5490/1/5485 5469/1/5467
f 5452/1/5447 5449/1/5446 5490/1/5485
f 5491/1/5486 5490/1/5485 5449/1/5446
f 5492/1/5487 5493/1/5488 5455/1/5452
f 5489/1/5484 5493/1/5488 5492/1/5487
f 5482/1/5477 5486/1/5481 5493/1/5488
f 5486/1/5481 5458/1/5453 5455/1/5452
f 5494/1/5489 5495/1/5492 5496/1/5490
f 5419/1/5416 5496/1/5490 5495/1/5492
f 5193/1/5188 5190/1/5187 5496/1/5490
f 5497/1/5491 5496/1/5490 5190/1/5187
f 5474/1/5469 5498/1/5495 5499/1/5493
f 5500/1/5494 5499/1/5493 5498/1/5495
f 5502/1/5497 5499/1/5493 5500/1/5494
f 5476/1/5471 5475/1/5470 5499/1/5493
f 5504/1/5499 5505/1/5504 5506/1/5500
f 4526/1/4521 4523/1/4520 5505/1/5504
f 4499/1/4494 5510/1/5507 5511/1/5505
f 5512/1/5506 5511/1/5505 5510/1/5507
f 5506/1/5500 5511/1/5505 5512/1/5506
f 4512/1/4507 5511/1/5505 5506/1/5500
f 3255/1/3248 3266/1/3259 5514/1/5509
f 5515/1/5510 5514/1/5509 3266/1/3259
f 5513/1/5508 5510/1/5507 5514/1/5509
f 4502/1/4496 5514/1/5509 5510/1/5507
f 3265/1/3258 5516/1/5513 5517/1/5511
f 5518/1/5512 5517/1/5511 5516/1/5513
f 5520/1/5515 5521/1/5516 5517/1/5511
f 5515/1/5510 5517/1/5511 5521/1/5516
f 5513/1/5508 5521/1/5516 5522/1/5517
f 5523/1/5518 5522/1/5517 5521/1/5516
f 5524/1/5519 5525/1/5520 5522/1/5517
f 5524/1/5519 5526/1/5523 5527/1/5521
f 5528/1/5522 5527/1/5521 5526/1/5523
f 5530/1/5525 5531/1/5526 5527/1/5521
f 5525/1/5520 5527/1/5521 5531/1/5526
f 5532/1/5527 5533/1/5531 5534/1/5528
f 5536/1/5530 5533/1/5531 5532/1/5527
f 5536/1/5530 5530/1/5525 5528/1/5522
f 5529/1/5524 5534/1/5528 5533/1/5531
f 5503/1/5498 5500/1/5494 5537/1/5532
f 5532/1/5527 5537/1/5532 5500/1/5494
f 5535/1/5529 5539/1/5534 5537/1/5532
f 5538/1/5533 5537/1/5532 5539/1/5534
f 4071/1/4065 5541/1/5538 5542/1/5536
f 5543/1/5537 5542/1/5536 5541/1/5538
f 5544/1/5539 5545/1/5540 5542/1/5536
f 4070/1/4063 5542/1/5536 5545/1/5540
f 5540/1/5535 5539/1/5534 5546/1/5541
f 5547/1/5542 5546/1/5541 5539/1/5534
f 5550/1/5545 5551/1/5548 5552/1/5546
f 5497/1/5491 5552/1/5546 5551/1/5548
f 4570/1/4565 4569/1/4564 5552/1/5546
f 5553/1/5547 5552/1/5546 4569/1/4564
f 5554/1/5549 5555/1/5552 5495/1/5492
f 5556/1/5550 5555/1/5552 5554/1/5549
f 5440/1/5434 5439/1/5433 5555/1/5552
f 5495/1/5492 5555/1/5552 5439/1/5433
f 5446/1/5441 5443/1/5440 5558/1/5553
f 5556/1/5550 5558/1/5553 5443/1/5440
f 5559/1/5554 5558/1/5553 5556/1/5550
f 5491/1/5486 5558/1/5553 5559/1/5554
f 5560/1/5555 5561/1/5558 5562/1/5556
f 5554/1/5549 5562/1/5556 5561/1/5558
f 5494/1/5489 5551/1/5548 5562/1/5556
f 5563/1/5557 5562/1/5556 5551/1/5548
f 5557/1/5551 5564/1/5561 5565/1/5559
f 5566/1/5560 5565/1/5559 5564/1/5561
f 5474/1/5469 5472/1/5466 5565/1/5559
f 5473/1/5468 5559/1/5554 5565/1/5559
f 5530/1/5525 5568/1/5565 5569/1/5563
f 5570/1/5564 5569/1/5563 5568/1/5565
f 5508/1/5502 5504/1/5499 5569/1/5563
f 5507/1/5501 5531/1/5526 5569/1/5563
f 5501/1/5496 5498/1/5495 5571/1/5566
f 5566/1/5560 5571/1/5566 5498/1/5495
f 5567/1/5562 5568/1/5565 5571/1/5566
f 5536/1/5530 5571/1/5566 5568/1/5565
f 5573/1/5568 5572/1/5567 5574/1/5569
f 4538/1/4533 4535/1/4532 5572/1/5567
f 5509/1/5503 5572/1/5567 4535/1/4532
f 5575/1/5570 5576/1/5573 5577/1/5571
f 5578/1/5572 5577/1/5571 5576/1/5573
f 4550/1/4544 4547/1/4543 5577/1/5571
f 5573/1/5568 5577/1/5571 4547/1/4543
f 5553/1/5547 5580/1/5575 5581/1/5576
f 5578/1/5572 5580/1/5575 4559/1/4555
f 5582/1/5577 5583/1/5580 5584/1/5578
f 5579/1/5574 5576/1/5573 5583/1/5580
f 5575/1/5570 5584/1/5578 5583/1/5580
f 5550/1/5545 5581/1/5576 5586/1/5581
f 5582/1/5577 5586/1/5581 5581/1/5576
f 5585/1/5579 5587/1/5582 5586/1/5581
f 5563/1/5557 5586/1/5581 5587/1/5582
f 5560/1/5555 5587/1/5582 5588/1/5583
f 5589/1/5584 5588/1/5583 5587/1/5582
f 5567/1/5562 5564/1/5561 5588/1/5583
f 5561/1/5558 5588/1/5583 5564/1/5561
f 5585/1/5579 5584/1/5578 5590/1/5585
f 5574/1/5569 5590/1/5585 5584/1/5578
f 5570/1/5564 5590/1/5585 5574/1/5569
f 5589/1/5584 5590/1/5585 5570/1/5564
f 3360/1/3353 5591/1/5588 5592/1/5586
f 5593/1/5587 5592/1/5586 5591/1/5588
f 3324/1/3317 3321/1/3316 5592/1/5586
f 3359/1/3351 5592/1/5586 3321/1/3316
f 3400/1/3393 5595/1/5592 5596/1/5590
f 5597/1/5591 5596/1/5590 5595/1/5592
f 5594/1/5589 5591/1/5588 5596/1/5590
f 3399/1/3391 5596/1/5590 5591/1/5588
f 5599/1/5594 5600/1/5597 5601/1/5595
f 5595/1/5592 5601/1/5595 5600/1/5597
f 3400/1/3393 4025/1/4021 5601/1/5595
f 5602/1/5596 5601/1/5595 4025/1/4021
f 5603/1/5598 5604/1/5601 5605/1/5599
f 5602/1/5596 5605/1/5599 5604/1/5601
f 4024/1/4018 4033/1/4027 5605/1/5599
f 5606/1/5600 5605/1/5599 4033/1/4027
f 5611/1/5606 5612/1/5609 5613/1/5607
f 5614/1/5608 5613/1/5607 5526/1/5523
f 5615/1/5610 5616/1/5613 5617/1/5611
f 4028/1/4022 5617/1/5611 5616/1/5613
f 4031/1/4024 5545/1/5540 5617/1/5611
f 5618/1/5612 5617/1/5611 5545/1/5540
f 5608/1/5603 5619/1/5615 5620/1/5614
f 5618/1/5612 5620/1/5614 5619/1/5615
f 5544/1/5539 5549/1/5544 5620/1/5614
f 5609/1/5604 5620/1/5614 5549/1/5544
f 5621/1/5616 5622/1/5619 5623/1/5617
f 5606/1/5600 5623/1/5617 5622/1/5619
f 4032/1/4025 5616/1/5613 5623/1/5617
f 5624/1/5618 5623/1/5617 5616/1/5613
f 5520/1/5515 5625/1/5622 5626/1/5620
f 5627/1/5621 5626/1/5620 5625/1/5622
f 5611/1/5606 5614/1/5608 5626/1/5620
f 5523/1/5518 5626/1/5620 5614/1/5608
f 5630/1/5625 5629/1/5624 5631/1/5626
f 5615/1/5610 5619/1/5615 5629/1/5624
f 5632/1/5627 5633/1/5630 5634/1/5628
f 5635/1/5629 5636/1/5631 5634/1/5628
f 5624/1/5618 5634/1/5628 5636/1/5631
f 5630/1/5625 5634/1/5628 5624/1/5618
f 5518/1/5512 5637/1/5633 5625/1/5622
f 5638/1/5632 5637/1/5633 5518/1/5512
f 5628/1/5623 5625/1/5622 5637/1/5633
f 5627/1/5621 5639/1/5634 5631/1/5626
f 5628/1/5623 5640/1/5636 5639/1/5634
f 5641/1/5635 5639/1/5634 5640/1/5636
f 5632/1/5627 5631/1/5626 5639/1/5634
f 5633/1/5630 5643/1/5639 5644/1/5638
f 5641/1/5635 5643/1/5639 5633/1/5630
f 5642/1/5637 5645/1/5640 5643/1/5639
f 5644/1/5638 5643/1/5639 5645/1/5640
f 5647/1/5642 5648/1/5645 5649/1/5643
f 3323/1/3315 5649/1/5643 5648/1/5645
f 3324/1/3317 5651/1/5646 5649/1/5643
f 5650/1/5644 5649/1/5643 5651/1/5646
f 3264/1/3257 5648/1/5645 5653/1/5648
f 5654/1/5649 5653/1/5648 5648/1/5645
f 5519/1/5514 5516/1/5513 5653/1/5648
f 3263/1/3255 5653/1/5648 5516/1/5513
f 5519/1/5514 5655/1/5652 5656/1/5650
f 5657/1/5651 5656/1/5650 5655/1/5652
f 5642/1/5637 5640/1/5636 5656/1/5650
f 5638/1/5632 5656/1/5650 5640/1/5636
f 5658/1/5653 5659/1/5656 5660/1/5654
f 5661/1/5655 5660/1/5654 5659/1/5656
f 5646/1/5641 5645/1/5640 5660/1/5654
f 5657/1/5651 5660/1/5654 5645/1/5640
f 5594/1/5589 5663/1/5660 5664/1/5658
f 5665/1/5659 5664/1/5658 5663/1/5660
f 5652/1/5647 5651/1/5646 5664/1/5658
f 5593/1/5587 5664/1/5658 5651/1/5646
f 5647/1/5642 5667/1/5664 5668/1/5662
f 5669/1/5663 5668/1/5662 5667/1/5664
f 5658/1/5653 5655/1/5652 5668/1/5662
f 5654/1/5649 5668/1/5662 5655/1/5652
f 5652/1/5647 5665/1/5659 5671/1/5666
f 5672/1/5667 5671/1/5666 5665/1/5659
f 5670/1/5665 5667/1/5664 5671/1/5666
f 5650/1/5644 5671/1/5666 5667/1/5664
f 5670/1/5665 5673/1/5670 5674/1/5668
f 5675/1/5669 5674/1/5668 5673/1/5670
f 5662/1/5657 5659/1/5656 5674/1/5668
f 5669/1/5663 5674/1/5668 5659/1/5656
f 5666/1/5661 5677/1/5674 5678/1/5672
f 5679/1/5673 5678/1/5672 5677/1/5674
f 5676/1/5671 5673/1/5670 5678/1/5672
f 5672/1/5667 5678/1/5672 5673/1/5670
f 5598/1/5593 5681/1/5678 5682/1/5676
f 5683/1/5677 5682/1/5676 5681/1/5678
f 5666/1/5661 5663/1/5660 5682/1/5676
f 5597/1/5591 5682/1/5676 5663/1/5660
f 5600/1/5597 5685/1/5682 5681/1/5678
f 5686/1/5680 5685/1/5682 5600/1/5597
f 5687/1/5681 5688/1/5683 5685/1/5682
f 5684/1/5679 5681/1/5678 5685/1/5682
f 5684/1/5679 5689/1/5686 5690/1/5684
f 5691/1/5685 5690/1/5684 5689/1/5686
f 5680/1/5675 5677/1/5674 5690/1/5684
f 5683/1/5677 5690/1/5684 5677/1/5674
f 5599/1/5594 5604/1/5601 5693/1/5688
f 5694/1/5689 5693/1/5688 5604/1/5601
f 5695/1/5690 5696/1/5691 5693/1/5688
f 5686/1/5680 5693/1/5688 5696/1/5691
f 5692/1/5687 5689/1/5686 5697/1/5692
f 5688/1/5683 5697/1/5692 5689/1/5686
f 5699/1/5694 5697/1/5692 5688/1/5683
f 5700/1/5695 5698/1/5693 5697/1/5692
f 5603/1/5598 5622/1/5619 5701/1/5696
f 5702/1/5697 5701/1/5696 5622/1/5619
f 5703/1/5698 5704/1/5699 5701/1/5696
f 5694/1/5689 5701/1/5696 5704/1/5699
f 5705/1/5700 5706/1/5703 5707/1/5701
f 5699/1/5694 5707/1/5701 5706/1/5703
f 5687/1/5681 5696/1/5691 5707/1/5701
f 5708/1/5702 5707/1/5701 5696/1/5691
f 5709/1/5704 5710/1/5707 5711/1/5705
f 5702/1/5697 5711/1/5705 5710/1/5707
f 5621/1/5616 5636/1/5631 5711/1/5705
f 5712/1/5706 5711/1/5705 5636/1/5631
f 5713/1/5708 5714/1/5711 5715/1/5709
f 5712/1/5706 5715/1/5709 5714/1/5711
f 5635/1/5629 5644/1/5638 5715/1/5709
f 5646/1/5641 5716/1/5710 5715/1/5709
f 5717/1/5712 5718/1/5715 5719/1/5713
f 5708/1/5702 5719/1/5713 5718/1/5715
f 5695/1/5690 5704/1/5699 5719/1/5713
f 5720/1/5714 5719/1/5713 5704/1/5699
f 5662/1/5657 5721/1/5718 5722/1/5716
f 5723/1/5717 5722/1/5716 5721/1/5718
f 5713/1/5708 5716/1/5710 5722/1/5716
f 5661/1/5655 5722/1/5716 5716/1/5710
f 5720/1/5714 5725/1/5720 5728/1/5723
f 5703/1/5698 5710/1/5707 5725/1/5720
f 5726/1/5721 5725/1/5720 5710/1/5707
f 5724/1/5719 5729/1/5725 5730/1/5724
f 5726/1/5721 5730/1/5724 5729/1/5725
f 5709/1/5704 5714/1/5711 5730/1/5724
f 5723/1/5717 5730/1/5724 5714/1/5711
f 5676/1/5671 5731/1/5728 5732/1/5726
f 5733/1/5727 5732/1/5726 5731/1/5728
f 5724/1/5719 5721/1/5718 5732/1/5726
f 5675/1/5669 5732/1/5726 5721/1/5718
f 5680/1/5675 5735/1/5732 5736/1/5730
f 5737/1/5731 5736/1/5730 5735/1/5732
f 5734/1/5729 5731/1/5728 5736/1/5730
f 5679/1/5673 5736/1/5730 5731/1/5728
f 5734/1/5729 5739/1/5735 5740/1/5734
f 5729/1/5725 5740/1/5734 5739/1/5735
f 5733/1/5727 5740/1/5734 5729/1/5725
f 5738/1/5733 5741/1/5738 5742/1/5736
f 5743/1/5737 5742/1/5736 5741/1/5738
f 5727/1/5722 5739/1/5735 5742/1/5736
f 5737/1/5731 5742/1/5736 5739/1/5735
f 5743/1/5737 5745/1/5740 5728/1/5723
f 5744/1/5739 5746/1/5742 5745/1/5740
f 5747/1/5741 5748/1/5743 5745/1/5740
f 5728/1/5723 5745/1/5740 5748/1/5743
f 5749/1/5744 5750/1/5746 5746/1/5742
f 5751/1/5745 5752/1/5748 5750/1/5746
f 5753/1/5747 5754/1/5749 5750/1/5746
f 5746/1/5742 5750/1/5746 5754/1/5749
f 5717/1/5712 5748/1/5743 5755/1/5750
f 5756/1/5751 5755/1/5750 5748/1/5743
f 5757/1/5752 5755/1/5750 5756/1/5751
f 5705/1/5700 5718/1/5715 5755/1/5750
f 5758/1/5753 5759/1/5756 5760/1/5754
f 5761/1/5755 5760/1/5754 5759/1/5756
f 5700/1/5695 5706/1/5703 5760/1/5754
f 5757/1/5752 5760/1/5754 5706/1/5703
f 5744/1/5739 5741/1/5738 5763/1/5758
f 5764/1/5759 5763/1/5758 5741/1/5738
f 5692/1/5687 5767/1/5763 5768/1/5762
f 5764/1/5759 5768/1/5762 5767/1/5763
f 5738/1/5733 5735/1/5732 5768/1/5762
f 5691/1/5685 5768/1/5762 5735/1/5732
f 5762/1/5757 5769/1/5765 5770/1/5764
f 5765/1/5760 5767/1/5763 5770/1/5764
f 5698/1/5693 5770/1/5764 5767/1/5763
f 5761/1/5755 5770/1/5764 5698/1/5693
f 5762/1/5757 5759/1/5756 5771/1/5766
f 5772/1/5767 5771/1/5766 5759/1/5756
f 5751/1/5745 5766/1/5761 5775/1/5770
f 5774/1/5769 5775/1/5770 5766/1/5761
f 5752/1/5748 5775/1/5770 5776/1/5771
f 5753/1/5747 5776/1/5771 5777/1/5772
f 5776/1/5771 5773/1/5768 5772/1/5767
f 5758/1/5753 5756/1/5751 5777/1/5772
f 5754/1/5749 5777/1/5772 5756/1/5751
f 4087/1/4081 5778/1/5773 5781/1/5776
f 4084/1/4078 4100/1/4094 5778/1/5773
f 5779/1/5774 5778/1/5773 4100/1/4094
f 5782/1/5777 4168/1/4163 4167/1/4162
f 5779/1/5774 5782/1/5777 5783/1/5778
f 4161/1/4155 5782/1/5777 5779/1/5774
f 4162/1/4157 4168/1/4163 5782/1/5777
f 4172/1/4167 4171/1/4165 5784/1/5779
f 5786/1/5781 5785/1/5780 5784/1/5779
f 4172/1/4167 5785/1/5780 5783/1/5778
f 4048/1/4042 4089/1/4083 5788/1/5783
f 5789/1/5784 5788/1/5783 4089/1/4083
f 5790/1/5785 5791/1/5786 5788/1/5783
f 4055/1/4048 5788/1/5783 5791/1/5786
f 4088/1/4082 5781/1/5776 5792/1/5787
f 5793/1/5788 5792/1/5787 5781/1/5776
f 5794/1/5789 5795/1/5790 5792/1/5787
f 5789/1/5784 5792/1/5787 5795/1/5790
f 5787/1/5782 5796/1/5792 5797/1/5791
f 5793/1/5788 5797/1/5791 5796/1/5792
f 4052/1/4046 5791/1/5786 5798/1/5793
f 5799/1/5794 5798/1/5793 5791/1/5786
f 5800/1/5795 5801/1/5796 5798/1/5793
f 4059/1/4052 5798/1/5793 5801/1/5796
f 4171/1/4165 4174/1/4171 5802/1/5797
f 5803/1/5798 5802/1/5797 4174/1/4171
f 5804/1/5799 5805/1/5800 5802/1/5797
f 5805/1/5800 5787/1/5782 5784/1/5779
f 5790/1/5785 5795/1/5790 5806/1/5801
f 5807/1/5802 5806/1/5801 5795/1/5790
f 5808/1/5803 5809/1/5804 5806/1/5801
f 5804/1/5799 5810/1/5806 5811/1/5805
f 5807/1/5802 5811/1/5805 5810/1/5806
f 5794/1/5789 5796/1/5792 5811/1/5805
f 5805/1/5800 5811/1/5805 5796/1/5792
f 5812/1/5807 5813/1/5810 5801/1/5796
f 4063/1/4057 4060/1/4056 5813/1/5810
f 4060/1/4056 4056/1/4050 5801/1/5796
f 4173/1/4168 4178/1/4175 5816/1/5811
f 5817/1/5812 5816/1/5811 4178/1/4175
f 5818/1/5813 5819/1/5814 5816/1/5811
f 5803/1/5798 5816/1/5811 5819/1/5814
f 5820/1/5815 5821/1/5818 5809/1/5804
f 5822/1/5816 5821/1/5818 5820/1/5815
f 5804/1/5799 5819/1/5814 5824/1/5819
f 5825/1/5820 5824/1/5819 5819/1/5814
f 5823/1/5817 5820/1/5815 5824/1/5819
f 5808/1/5803 5810/1/5806 5824/1/5819
f 5827/1/5822 5826/1/5821 5828/1/5823
f 4065/1/4059 4064/1/4058 5826/1/5821
f 5815/1/5809 5826/1/5821 4064/1/4058
f 5823/1/5817 5830/1/5827 5831/1/5825
f 5832/1/5826 5831/1/5825 5830/1/5827
f 5829/1/5824 5828/1/5823 5831/1/5825
f 5822/1/5816 5831/1/5825 5828/1/5823
f 5834/1/5829 5835/1/5832 5836/1/5830
f 5538/1/5533 5836/1/5830 5835/1/5832
f 5540/1/5535 5541/1/5538 5836/1/5830
f 5837/1/5831 5836/1/5830 5541/1/5538
f 5829/1/5824 5838/1/5834 5839/1/5833
f 4071/1/4065 4068/1/4064 5839/1/5833
f 5827/1/5822 5839/1/5833 4068/1/4064
f 5833/1/5828 5840/1/5837 5841/1/5835
f 5842/1/5836 5841/1/5835 5840/1/5837
f 5832/1/5826 5841/1/5835 5838/1/5834
f 4177/1/4172 4182/1/4179 5844/1/5839
f 5845/1/5840 5844/1/5839 4182/1/4179
f 5846/1/5841 5847/1/5842 5844/1/5839
f 5817/1/5812 5844/1/5839 5847/1/5842
f 5818/1/5813 5847/1/5842 5848/1/5843
f 5849/1/5844 5848/1/5843 5847/1/5842
f 5833/1/5828 5830/1/5827 5848/1/5843
f 5825/1/5820 5848/1/5843 5830/1/5827
f 5503/1/5498 5835/1/5832 5850/1/5845
f 5851/1/5846 5850/1/5845 5835/1/5832
f 5852/1/5847 5853/1/5848 5850/1/5845
f 5502/1/5497 5850/1/5845 5853/1/5848
f 5484/1/5479 5854/1/5851 5855/1/5849
f 5856/1/5850 5855/1/5849 5854/1/5851
f 4144/1/4139 5430/1/5425 5855/1/5849
f 5480/1/5475 5855/1/5849 5430/1/5425
f 5857/1/5852 5854/1/5851 5862/1/5857
f 5488/1/5483 5862/1/5857 5854/1/5851
f 5476/1/5471 5853/1/5848 5862/1/5857
f 5863/1/5858 5862/1/5857 5853/1/5848
f 5861/1/5856 5860/1/5855 5864/1/5859
f 5863/1/5858 5865/1/5860 5864/1/5859
f 5852/1/5847 5861/1/5856 5865/1/5860
f 4181/1/4176 5866/1/5862 5867/1/5861
f 5864/1/5859 5867/1/5861 5866/1/5862
f 5860/1/5855 5868/1/5863 5867/1/5861
f 5845/1/5840 5867/1/5861 5868/1/5863
f 4140/1/4135 4145/1/4140 5869/1/5864
f 5856/1/5850 5869/1/5864 4145/1/4140
f 5857/1/5852 5866/1/5862 5869/1/5864
f 4184/1/4178 5869/1/5864 5866/1/5862
f 5846/1/5841 5868/1/5863 5870/1/5865
f 5859/1/5854 5870/1/5865 5868/1/5863
f 5843/1/5838 5840/1/5837 5870/1/5865
f 5849/1/5844 5870/1/5865 5840/1/5837
f 5871/1/5866 5872/1/5869 4338/1/4335
f 5873/1/5867 5872/1/5869 5871/1/5866
f 2997/1/2990 2996/1/2989 5872/1/5869
f 4338/1/4335 5872/1/5869 2996/1/2989
f 5877/1/5872 5878/1/5873 5875/1/5870
f 5874/1/5868 5871/1/5866 5875/1/5870
f 5874/1/5868 5878/1/5873 5879/1/5874
f 5880/1/5875 5879/1/5874 5878/1/5873
f 3006/1/3000 3005/1/2999 5879/1/5874
f 5873/1/5867 5879/1/5874 3005/1/2999
f 5881/1/5876 5882/1/5879 4348/1/4343
f 5883/1/5877 5882/1/5879 5881/1/5876
f 5883/1/5877 5877/1/5872 5876/1/5871
f 4341/1/4336 4348/1/4343 5882/1/5879
f 4351/1/4346 4382/1/4377 5885/1/5880
f 5886/1/5881 5885/1/5880 4382/1/4377
f 5884/1/5878 5881/1/5876 5885/1/5880
f 4386/1/4381 5887/1/5883 5888/1/5882
f 3017/1/3011 5889/1/5884 5888/1/5882
f 5886/1/5881 5888/1/5882 5889/1/5884
f 5887/1/5883 5890/1/5885 5891/1/5886
f 4386/1/4381 4385/1/4380 5890/1/5885
f 5293/1/5288 5890/1/5885 4385/1/4380
f 2445/1/2439 3023/1/3017 5892/1/5887
f 5891/1/5886 5892/1/5887 3023/1/3017
f 5292/1/5287 5347/1/5344 5892/1/5887
f 5351/1/5346 5892/1/5887 5347/1/5344
f 5877/1/5872 5883/1/5877 5893/1/5888
f 5884/1/5878 5889/1/5884 5893/1/5888
f 5889/1/5884 3017/1/3011 3025/1/3019
f 5880/1/5875 5893/1/5888 3025/1/3019
f 5894/1/5889 5895/1/5893 5896/1/5890
f 5898/1/5892 5896/1/5890 5895/1/5893
f 5900/1/5895 5901/1/5896 5896/1/5890
f 5897/1/5891 5896/1/5890 5901/1/5896
f 5899/1/5894 5895/1/5893 5903/1/5898
f 5905/1/5900 5903/1/5898 5895/1/5893
f 5906/1/5901 5907/1/5902 5903/1/5898
f 5904/1/5899 5903/1/5898 5907/1/5902
f 5908/1/5903 5907/1/5902 5909/1/5904
f 5911/1/5906 5909/1/5904 5907/1/5902
f 5912/1/5907 5913/1/5908 5909/1/5904
f 5910/1/5905 5909/1/5904 5913/1/5908
f 5914/1/5909 5913/1/5908 5915/1/5910
f 5917/1/5912 5915/1/5910 5913/1/5908
f 5918/1/5913 5919/1/5914 5915/1/5910
f 5916/1/5911 5915/1/5910 5919/1/5914
f 5920/1/5915 5919/1/5914 5921/1/5916
f 5923/1/5918 5921/1/5916 5919/1/5914
f 5924/1/5919 5925/1/5920 5921/1/5916
f 5922/1/5917 5921/1/5916 5925/1/5920
f 5927/1/5922 5928/1/5925 5929/1/5923
f 5926/1/5921 5925/1/5920 5928/1/5925
f 5931/1/5926 5928/1/5925 5925/1/5920
f 5932/1/5927 5929/1/5923 5928/1/5925
f 5933/1/5928 5934/1/5931 5935/1/5929
f 5930/1/5924 5929/1/5923 5934/1/5931
f 5937/1/5932 5934/1/5931 5929/1/5923
f 5938/1/5933 5935/1/5929 5934/1/5931
f 5939/1/5934 5940/1/5937 5941/1/5935
f 5936/1/5930 5935/1/5929 5940/1/5937
f 5943/1/5938 5940/1/5937 5935/1/5929
f 5944/1/5939 5941/1/5935 5940/1/5937
f 5945/1/5940 5946/1/5943 5947/1/5941
f 5942/1/5936 5941/1/5935 5946/1/5943
f 5949/1/5944 5946/1/5943 5941/1/5935
f 5950/1/5945 5947/1/5941 5946/1/5943
f 5951/1/5946 5952/1/5949 5953/1/5947
f 5952/1/5949 5948/1/5942 5947/1/5941
f 5955/1/5950 5953/1/5947 5947/1/5941
f 5954/1/5948 5953/1/5947 5955/1/5950
f 5957/1/5952 5958/1/5955 5959/1/5953
f 5954/1/5948 5959/1/5953 5958/1/5955
f 5956/1/5951 5961/1/5956 5959/1/5953
f 5960/1/5954 5959/1/5953 5961/1/5956
f 5963/1/5958 5964/1/5961 5965/1/5959
f 5960/1/5954 5965/1/5959 5964/1/5961
f 5962/1/5957 5967/1/5962 5965/1/5959
f 5966/1/5960 5965/1/5959 5967/1/5962
f 5969/1/5964 5970/1/5967 5971/1/5965
f 5970/1/5967 5963/1/5958 5966/1/5960
f 5973/1/5968 5971/1/5965 5966/1/5960
f 5972/1/5966 5971/1/5965 5973/1/5968
f 5975/1/5970 5976/1/5973 5977/1/5971
f 5972/1/5966 5977/1/5971 5976/1/5973
f 5974/1/5969 5979/1/5974 5977/1/5971
f 5978/1/5972 5977/1/5971 5979/1/5974
f 5981/1/5976 5982/1/5980 5983/1/5977
f 5985/1/5979 5983/1/5977 5982/1/5980
f 5988/1/5983 5991/1/5986 5995/1/5990
f 5994/1/5989 5993/1/5988 5996/1/5991
f 5999/1/5994 6000/1/5995 5996/1/5991
f 6002/1/5997 6003/1/6001 6004/1/5998
f 6006/1/6000 6004/1/5998 6003/1/6001
f 5986/1/5981 5982/1/5980 6004/1/5998
f 6005/1/5999 6004/1/5998 5982/1/5980
f 6007/1/6002 6003/1/6001 6008/1/6003
f 6010/1/6005 6008/1/6003 6003/1/6001
f 5902/1/5897 5901/1/5896 6008/1/6003
f 6009/1/6004 6008/1/6003 5901/1/5896
f 6014/1/6009 6011/1/6006 6015/1/6010
f 6017/1/6012 6018/1/6013 6011/1/6006
f 6012/1/6007 6011/1/6006 6018/1/6013
f 6001/1/5996 6000/1/5995 6020/1/6015
f 6021/1/6016 6020/1/6015 6000/1/5995
f 5980/1/5975 6023/1/6020 6024/1/6018
f 6025/1/6019 6024/1/6018 6023/1/6020
f 6027/1/6022 6028/1/6023 6024/1/6018
f 5978/1/5972 6024/1/6018 6028/1/6023
f 6029/1/6024 6030/1/6025 6014/1/6009
f 6026/1/6021 6031/1/6026 6030/1/6025
f 6033/1/6028 6032/1/6027 6034/1/6029
f 6036/1/6031 6037/1/6032 6032/1/6027
f 6037/1/6032 5989/1/5984 5995/1/5990
f 6038/1/6033 6039/1/6037 6040/1/6034
f 6042/1/6036 6040/1/6034 6039/1/6037
f 6036/1/6031 6044/1/6039 6040/1/6034
f 6041/1/6035 6040/1/6034 6044/1/6039
f 6046/1/6041 6047/1/6045 6048/1/6042
f 6050/1/6044 6048/1/6042 6047/1/6045
f 6052/1/6047 6053/1/6048 6048/1/6042
f 6049/1/6043 6048/1/6042 6053/1/6048
f 6035/1/6030 6034/1/6029 6055/1/6050
f 5997/1/5992 6055/1/6050 6034/1/6029
f 6001/1/5996 6057/1/6052 6055/1/6050
f 6056/1/6051 6055/1/6050 6057/1/6052
f 6019/1/6014 6059/1/6056 6060/1/6054
f 6061/1/6055 6060/1/6054 6059/1/6056
f 6058/1/6053 6057/1/6052 6060/1/6054
f 6022/1/6017 6060/1/6054 6057/1/6052
f 5981/1/5976 6063/1/6060 6064/1/6058
f 6065/1/6059 6064/1/6058 6063/1/6060
f 6066/1/6061 6067/1/6062 6064/1/6058
f 6005/1/5999 6064/1/6058 6067/1/6062
f 5989/1/5984 6037/1/6032 6068/1/6063
f 6042/1/6036 6068/1/6063 6037/1/6032
f 6043/1/6038 6063/1/6060 6068/1/6063
f 5984/1/5978 6068/1/6063 6063/1/6060
f 6002/1/5997 6067/1/6062 6069/1/6064
f 6070/1/6065 6069/1/6064 6067/1/6062
f 6071/1/6066 6072/1/6067 6069/1/6064
f 6010/1/6005 6069/1/6064 6072/1/6067
f 6073/1/6068 6074/1/6071 6075/1/6069
f 6062/1/6057 6059/1/6056 6074/1/6071
f 6019/1/6014 6018/1/6013 6074/1/6071
f 6075/1/6069 6074/1/6071 6018/1/6013
f 6046/1/6041 6077/1/6074 6078/1/6072
f 6079/1/6073 6078/1/6072 6031/1/6026
f 5902/1/5897 6072/1/6067 6080/1/6075
f 6081/1/6076 6080/1/6075 6072/1/6067
f 6082/1/6077 6083/1/6078 6080/1/6075
f 5897/1/5891 6080/1/6075 6083/1/6078
f 5894/1/5889 6083/1/6078 6084/1/6079
f 6085/1/6080 6084/1/6079 6083/1/6078
f 6086/1/6081 6087/1/6082 6084/1/6079
f 5905/1/5900 6084/1/6079 6087/1/6082
f 5906/1/5901 6087/1/6082 6088/1/6083
f 6089/1/6084 6088/1/6083 6087/1/6082
f 6090/1/6085 6091/1/6086 6088/1/6083
f 5911/1/5906 6088/1/6083 6091/1/6086
f 5912/1/5907 6091/1/6086 6092/1/6087
f 6093/1/6088 6092/1/6087 6091/1/6086
f 6094/1/6089 6095/1/6090 6092/1/6087
f 5917/1/5912 6092/1/6087 6095/1/6090
f 6090/1/6085 6096/1/6093 6097/1/6091
f 6098/1/6092 6097/1/6091 6096/1/6093
f 6100/1/6095 6101/1/6096 6097/1/6091
f 6093/1/6088 6097/1/6091 6101/1/6096
f 6102/1/6097 6103/1/6099 6095/1/6090
f 6104/1/6098 6105/1/6100 6103/1/6099
f 5923/1/5918 6103/1/6099 6105/1/6100
f 5918/1/5913 6095/1/6090 6103/1/6099
f 6094/1/6089 6101/1/6096 6106/1/6101
f 6107/1/6102 6106/1/6101 6101/1/6096
f 6108/1/6103 6109/1/6104 6106/1/6101
f 6102/1/6097 6106/1/6101 6109/1/6104
f 6110/1/6105 6111/1/6107 6105/1/6100
f 6112/1/6106 6113/1/6108 6111/1/6107
f 5931/1/5926 6111/1/6107 6113/1/6108
f 5924/1/5919 6105/1/6100 6111/1/6107
f 6110/1/6105 6114/1/6110 6115/1/6109
f 6104/1/6098 6109/1/6104 6114/1/6110
f 6116/1/6111 6114/1/6110 6109/1/6104
f 6117/1/6112 6115/1/6109 6114/1/6110
f 6118/1/6113 6119/1/6115 6113/1/6108
f 6120/1/6114 6121/1/6116 6119/1/6115
f 5937/1/5932 6119/1/6115 6121/1/6116
f 5932/1/5927 6113/1/6108 6119/1/6115
f 6118/1/6113 6122/1/6118 6123/1/6117
f 6112/1/6106 6115/1/6109 6122/1/6118
f 6124/1/6119 6122/1/6118 6115/1/6109
f 6125/1/6120 6123/1/6117 6122/1/6118
f 6126/1/6121 6127/1/6123 6121/1/6116
f 6128/1/6122 6129/1/6124 6127/1/6123
f 5943/1/5938 6127/1/6123 6129/1/6124
f 5938/1/5933 6121/1/6116 6127/1/6123
f 6126/1/6121 6130/1/6126 6131/1/6125
f 6120/1/6114 6123/1/6117 6130/1/6126
f 6132/1/6127 6130/1/6126 6123/1/6117
f 6133/1/6128 6131/1/6125 6130/1/6126
f 6134/1/6129 6135/1/6131 6129/1/6124
f 6136/1/6130 6137/1/6132 6135/1/6131
f 5949/1/5944 6135/1/6131 6137/1/6132
f 5944/1/5939 6129/1/6124 6135/1/6131
f 6128/1/6122 6131/1/6125 6138/1/6133
f 6139/1/6134 6138/1/6133 6131/1/6125
f 6140/1/6135 6141/1/6136 6138/1/6133
f 6134/1/6129 6138/1/6133 6141/1/6136
f 6142/1/6137 6143/1/6139 6137/1/6132
f 6144/1/6138 6145/1/6140 6143/1/6139
f 5955/1/5950 6143/1/6139 6145/1/6140
f 5950/1/5945 6137/1/6132 6143/1/6139
f 6136/1/6130 6141/1/6136 6146/1/6141
f 6147/1/6142 6146/1/6141 6141/1/6136
f 6148/1/6143 6149/1/6144 6146/1/6141
f 6142/1/6137 6146/1/6141 6149/1/6144
f 6150/1/6145 6151/1/6148 6145/1/6140
f 6152/1/6146 6151/1/6148 6150/1/6145
f 5962/1/5957 5961/1/5956 6151/1/6148
f 6145/1/6140 6151/1/6148 5961/1/5956
f 6153/1/6147 6150/1/6145 6154/1/6149
f 6144/1/6138 6149/1/6144 6154/1/6149
f 6156/1/6151 6154/1/6149 6149/1/6144
f 6157/1/6152 6155/1/6150 6154/1/6149
f 6153/1/6147 6158/1/6155 6159/1/6153
f 6160/1/6154 6159/1/6153 6158/1/6155
f 5968/1/5963 5967/1/5962 6159/1/6153
f 6152/1/6146 6159/1/6153 5967/1/5962
f 6161/1/6156 6158/1/6155 6162/1/6157
f 6155/1/6150 6162/1/6157 6158/1/6155
f 6164/1/6159 6162/1/6157 6155/1/6150
f 6163/1/6158 6162/1/6157 6164/1/6159
f 6161/1/6156 6166/1/6163 6167/1/6161
f 6168/1/6162 6167/1/6161 6166/1/6163
f 5974/1/5969 5973/1/5968 6167/1/6161
f 5968/1/5963 6160/1/6154 6167/1/6161
f 6169/1/6164 6166/1/6163 6170/1/6165
f 6163/1/6158 6170/1/6165 6166/1/6163
f 6165/1/6160 6172/1/6167 6170/1/6165
f 6171/1/6166 6170/1/6165 6172/1/6167
f 6169/1/6164 6174/1/6171 6175/1/6169
f 6176/1/6170 6175/1/6169 6174/1/6171
f 5980/1/5975 5979/1/5974 6175/1/6169
f 6168/1/6162 6175/1/6169 5979/1/5974
f 6051/1/6046 6174/1/6171 6177/1/6172
f 6171/1/6166 6177/1/6172 6174/1/6171
f 6173/1/6168 6178/1/6173 6177/1/6172
f 6050/1/6044 6177/1/6172 6178/1/6173
f 6051/1/6046 6047/1/6045 6179/1/6174
f 6079/1/6073 6179/1/6174 6047/1/6045
f 6026/1/6021 6023/1/6020 6179/1/6174
f 6176/1/6170 6179/1/6174 6023/1/6020
f 5908/1/5903 6180/1/6177 6181/1/6175
f 6182/1/6176 6181/1/6175 6180/1/6177
f 6184/1/6179 6185/1/6180 6181/1/6175
f 5904/1/5899 6181/1/6175 6185/1/6180
f 5914/1/5909 6186/1/6183 6187/1/6181
f 6188/1/6182 6187/1/6181 6186/1/6183
f 6183/1/6178 6180/1/6177 6187/1/6181
f 5910/1/5905 6187/1/6181 6180/1/6177
f 5920/1/5915 6190/1/6187 6191/1/6185
f 6192/1/6186 6191/1/6185 6190/1/6187
f 6189/1/6184 6186/1/6183 6191/1/6185
f 5916/1/5911 6191/1/6185 6186/1/6183
f 5926/1/5921 6194/1/6191 6195/1/6189
f 6196/1/6190 6195/1/6189 6194/1/6191
f 6193/1/6188 6190/1/6187 6195/1/6189
f 5922/1/5917 6195/1/6189 6190/1/6187
f 5930/1/5924 6198/1/6195 6199/1/6193
f 6200/1/6194 6199/1/6193 6198/1/6195
f 6197/1/6192 6194/1/6191 6199/1/6193
f 5927/1/5922 6199/1/6193 6194/1/6191
f 5933/1/5928 6202/1/6197 6198/1/6195
f 5936/1/5930 6203/1/6199 6202/1/6197
f 6204/1/6198 6202/1/6197 6203/1/6199
f 6201/1/6196 6198/1/6195 6202/1/6197
f 5939/1/5934 6206/1/6201 6203/1/6199
f 5942/1/5936 6207/1/6203 6206/1/6201
f 6208/1/6202 6206/1/6201 6207/1/6203
f 6205/1/6200 6203/1/6199 6206/1/6201
f 5945/1/5940 6210/1/6205 6207/1/6203
f 5948/1/5942 6211/1/6206 6210/1/6205
f 6211/1/6206 6212/1/6212 6213/1/6207
f 6209/1/6204 6207/1/6203 6210/1/6205
f 5948/1/5942 5952/1/5949 6214/1/6208
f 6215/1/6209 6214/1/6208 5952/1/5949
f 6216/1/6210 6217/1/6211 6214/1/6208
f 6211/1/6206 6214/1/6208 6217/1/6211
f 5951/1/5946 5958/1/5955 6218/1/6213
f 6219/1/6214 6218/1/6213 5958/1/5955
f 6220/1/6215 6221/1/6216 6218/1/6213
f 6215/1/6209 6218/1/6213 6221/1/6216
f 5957/1/5952 5964/1/5961 6222/1/6217
f 6223/1/6218 6222/1/6217 5964/1/5961
f 6224/1/6219 6225/1/6220 6222/1/6217
f 6219/1/6214 6222/1/6217 6225/1/6220
f 5963/1/5958 5970/1/5967 6226/1/6221
f 6227/1/6222 6226/1/6221 5970/1/5967
f 6228/1/6223 6229/1/6224 6226/1/6221
f 6223/1/6218 6226/1/6221 6229/1/6224
f 5969/1/5964 5976/1/5973 6230/1/6225
f 6231/1/6226 6230/1/6225 5976/1/5973
f 6232/1/6227 6233/1/6228 6230/1/6225
f 6227/1/6222 6230/1/6225 6233/1/6228
f 5975/1/5970 6028/1/6023 6234/1/6229
f 6235/1/6230 6234/1/6229 6028/1/6023
f 6236/1/6231 6237/1/6232 6234/1/6229
f 6231/1/6226 6234/1/6229 6237/1/6232
f 6238/1/6233 6239/1/6236 6240/1/6234
f 6016/1/6011 6015/1/6010 6242/1/6237
f 6244/1/6239 6242/1/6237 6243/1/6238
f 5999/1/5994 6246/1/6243 6247/1/6241
f 6248/1/6242 6247/1/6241 6246/1/6243
f 6245/1/6240 6243/1/6238 6247/1/6241
f 6021/1/6016 6247/1/6241 6243/1/6238
f 6249/1/6244 6246/1/6243 6250/1/6245
f 5998/1/5993 6250/1/6245 6246/1/6243
f 5992/1/5987 6252/1/6247 6250/1/6245
f 6251/1/6246 6250/1/6245 6252/1/6247
f 6007/1/6002 6254/1/6251 6255/1/6249
f 6256/1/6250 6255/1/6249 6254/1/6251
f 6258/1/6253 6259/1/6254 6255/1/6249
f 6006/1/6000 6255/1/6249 6259/1/6254
f 5900/1/5895 6260/1/6257 6261/1/6255
f 6262/1/6256 6261/1/6255 6260/1/6257
f 6257/1/6252 6254/1/6251 6261/1/6255
f 6009/1/6004 6261/1/6255 6254/1/6251
f 6263/1/6258 6260/1/6257 6264/1/6259
f 5898/1/5892 6264/1/6259 6260/1/6257
f 5899/1/5894 6185/1/6180 6264/1/6259
f 6265/1/6260 6264/1/6259 6185/1/6180
f 5986/1/5981 6259/1/6254 6266/1/6261
f 6267/1/6262 6266/1/6261 6259/1/6254
f 6268/1/6263 6269/1/6264 6266/1/6261
f 5985/1/5979 6266/1/6261 6269/1/6264
f 5987/1/5982 6269/1/6264 6270/1/6265
f 6271/1/6266 6270/1/6265 6269/1/6264
f 6253/1/6248 6252/1/6247 6270/1/6265
f 6184/1/6179 6272/1/6269 6273/1/6267
f 6274/1/6268 6273/1/6267 6272/1/6269
f 6276/1/6271 6277/1/6272 6273/1/6267
f 6265/1/6260 6273/1/6267 6277/1/6272
f 6278/1/6273 6279/1/6277 6280/1/6274
f 6282/1/6276 6280/1/6274 6279/1/6277
f 6284/1/6279 6285/1/6280 6280/1/6274
f 6281/1/6275 6280/1/6274 6285/1/6280
f 6258/1/6253 6287/1/6284 6288/1/6282
f 6289/1/6283 6288/1/6282 6287/1/6284
f 6291/1/6286 6292/1/6287 6288/1/6282
f 6267/1/6262 6288/1/6282 6292/1/6287
f 6293/1/6288 6294/1/6292 6295/1/6289
f 6297/1/6291 6295/1/6289 6294/1/6292
f 6298/1/6293 6299/1/6294 6295/1/6289
f 6296/1/6290 6295/1/6289 6299/1/6294
f 6301/1/6296 6302/1/6299 6303/1/6297
f 6274/1/6268 6303/1/6297 6302/1/6299
f 6275/1/6270 6294/1/6292 6303/1/6297
f 6304/1/6298 6303/1/6297 6294/1/6292
f 6275/1/6270 6272/1/6269 6305/1/6300
f 6182/1/6176 6305/1/6300 6272/1/6269
f 6183/1/6178 6306/1/6301 6305/1/6300
f 6297/1/6291 6305/1/6300 6306/1/6301
f 6300/1/6295 6299/1/6294 6307/1/6302
f 6309/1/6304 6307/1/6302 6299/1/6294
f 6310/1/6305 6311/1/6306 6307/1/6302
f 6308/1/6303 6307/1/6302 6311/1/6306
f 6298/1/6293 6306/1/6301 6313/1/6308
f 6188/1/6182 6313/1/6308 6306/1/6301
f 6189/1/6184 6314/1/6309 6313/1/6308
f 6309/1/6304 6313/1/6308 6314/1/6309
f 6312/1/6307 6311/1/6306 6315/1/6310
f 6317/1/6312 6315/1/6310 6311/1/6306
f 6318/1/6313 6319/1/6314 6315/1/6310
f 6316/1/6311 6315/1/6310 6319/1/6314
f 6310/1/6305 6314/1/6309 6321/1/6316
f 6192/1/6186 6321/1/6316 6314/1/6309
f 6193/1/6188 6322/1/6317 6321/1/6316
f 6317/1/6312 6321/1/6316 6322/1/6317
f 6320/1/6315 6319/1/6314 6323/1/6318
f 6325/1/6320 6323/1/6318 6319/1/6314
f 6326/1/6321 6327/1/6322 6323/1/6318
f 6324/1/6319 6323/1/6318 6327/1/6322
f 6318/1/6313 6322/1/6317 6329/1/6324
f 6196/1/6190 6329/1/6324 6322/1/6317
f 6197/1/6192 6330/1/6325 6329/1/6324
f 6325/1/6320 6329/1/6324 6330/1/6325
f 6331/1/6326 6332/1/6328 6327/1/6322
f 6333/1/6327 6334/1/6330 6332/1/6328
f 6335/1/6329 6332/1/6328 6334/1/6330
f 6328/1/6323 6327/1/6322 6332/1/6328
f 6331/1/6326 6337/1/6333 6338/1/6332
f 6326/1/6321 6330/1/6325 6337/1/6333
f 6200/1/6194 6337/1/6333 6330/1/6325
f 6201/1/6196 6338/1/6332 6337/1/6333
f 6339/1/6334 6340/1/6336 6334/1/6330
f 6341/1/6335 6342/1/6338 6340/1/6336
f 6343/1/6337 6344/1/6339 6340/1/6336
f 6336/1/6331 6334/1/6330 6340/1/6336
f 6339/1/6334 6345/1/6341 6346/1/6340
f 6333/1/6327 6338/1/6332 6345/1/6341
f 6204/1/6198 6345/1/6341 6338/1/6332
f 6205/1/6200 6346/1/6340 6345/1/6341
f 6341/1/6335 6347/1/6344 6348/1/6342
f 6349/1/6343 6348/1/6342 6347/1/6344
f 6351/1/6346 6352/1/6347 6348/1/6342
f 6342/1/6338 6348/1/6342 6352/1/6347
f 6347/1/6344 6353/1/6349 6354/1/6348
f 6341/1/6335 6346/1/6340 6353/1/6349
f 6208/1/6202 6353/1/6349 6346/1/6340
f 6209/1/6204 6354/1/6348 6353/1/6349
f 6350/1/6345 6355/1/6352 6356/1/6350
f 6357/1/6351 6356/1/6350 6355/1/6352
f 6359/1/6354 6360/1/6355 6356/1/6350
f 6349/1/6343 6356/1/6350 6360/1/6355
f 6358/1/6353 6355/1/6352 6361/1/6356
f 6354/1/6348 6361/1/6356 6355/1/6352
f 6213/1/6207 6361/1/6356 6354/1/6348
f 6212/1/6212 6362/1/6357 6361/1/6356
f 6358/1/6353 6363/1/6360 6364/1/6358
f 6365/1/6359 6364/1/6358 6363/1/6360
f 6367/1/6362 6368/1/6363 6364/1/6358
f 6357/1/6351 6364/1/6358 6368/1/6363
f 6366/1/6361 6363/1/6360 6369/1/6364
f 6362/1/6357 6369/1/6364 6363/1/6360
f 6212/1/6212 6217/1/6211 6369/1/6364
f 6370/1/6365 6369/1/6364 6217/1/6211
f 6366/1/6361 6371/1/6368 6372/1/6366
f 6373/1/6367 6372/1/6366 6371/1/6368
f 6375/1/6370 6376/1/6371 6372/1/6366
f 6365/1/6359 6372/1/6366 6376/1/6371
f 6374/1/6369 6371/1/6368 6377/1/6372
f 6370/1/6365 6377/1/6372 6371/1/6368
f 6216/1/6210 6221/1/6216 6377/1/6372
f 6378/1/6373 6377/1/6372 6221/1/6216
f 6374/1/6369 6379/1/6376 6380/1/6374
f 6381/1/6375 6380/1/6374 6379/1/6376
f 6383/1/6378 6384/1/6379 6380/1/6374
f 6373/1/6367 6380/1/6374 6384/1/6379
f 6382/1/6377 6379/1/6376 6385/1/6380
f 6378/1/6373 6385/1/6380 6379/1/6376
f 6220/1/6215 6225/1/6220 6385/1/6380
f 6386/1/6381 6385/1/6380 6225/1/6220
f 6382/1/6377 6387/1/6384 6388/1/6382
f 6389/1/6383 6388/1/6382 6387/1/6384
f 6391/1/6386 6392/1/6387 6388/1/6382
f 6381/1/6375 6388/1/6382 6392/1/6387
f 6390/1/6385 6387/1/6384 6393/1/6388
f 6386/1/6381 6393/1/6388 6387/1/6384
f 6224/1/6219 6229/1/6224 6393/1/6388
f 6394/1/6389 6393/1/6388 6229/1/6224
f 6390/1/6385 6395/1/6392 6396/1/6390
f 6397/1/6391 6396/1/6390 6395/1/6392
f 6399/1/6394 6400/1/6395 6396/1/6390
f 6389/1/6383 6396/1/6390 6400/1/6395
f 6398/1/6393 6395/1/6392 6401/1/6396
f 6394/1/6389 6401/1/6396 6395/1/6392
f 6228/1/6223 6233/1/6228 6401/1/6396
f 6402/1/6397 6401/1/6396 6233/1/6228
f 6398/1/6393 6403/1/6400 6404/1/6398
f 6405/1/6399 6404/1/6398 6403/1/6400
f 6407/1/6402 6408/1/6403 6404/1/6398
f 6397/1/6391 6404/1/6398 6408/1/6403
f 6406/1/6401 6403/1/6400 6409/1/6404
f 6402/1/6397 6409/1/6404 6403/1/6400
f 6232/1/6227 6237/1/6232 6409/1/6404
f 6410/1/6405 6409/1/6404 6237/1/6232
f 6406/1/6401 6411/1/6407 6412/1/6406
f 6281/1/6275 6412/1/6406 6411/1/6407
f 6286/1/6281 6413/1/6408 6412/1/6406
f 6405/1/6399 6412/1/6406 6413/1/6408
f 6278/1/6273 6411/1/6407 6414/1/6409
f 6410/1/6405 6414/1/6409 6411/1/6407
f 6236/1/6231 6239/1/6236 6414/1/6409
f 6415/1/6410 6414/1/6409 6239/1/6236
f 6283/1/6278 6416/1/6412 6417/1/6411
f 6416/1/6412 6418/1/6420 6419/1/6413
f 6420/1/6414 6421/1/6415 6417/1/6411
f 6282/1/6276 6417/1/6411 6421/1/6415
f 6238/1/6233 6244/1/6239 6422/1/6416
f 6423/1/6417 6422/1/6416 6244/1/6239
f 6283/1/6278 6279/1/6277 6422/1/6416
f 6415/1/6410 6422/1/6416 6279/1/6277
f 6423/1/6417 6424/1/6418 6416/1/6412
f 6248/1/6242 6424/1/6418 6423/1/6417
f 6249/1/6244 6425/1/6419 6424/1/6418
f 6416/1/6412 6424/1/6418 6425/1/6419
f 6419/1/6413 6426/1/6424 6427/1/6421
f 6428/1/6422 6426/1/6424 6419/1/6413
f 6429/1/6423 6430/1/6426 6426/1/6424
f 6431/1/6425 6427/1/6421 6426/1/6424
f 6418/1/6420 6425/1/6419 6432/1/6427
f 6251/1/6246 6432/1/6427 6425/1/6419
f 6253/1/6248 6433/1/6428 6432/1/6427
f 6428/1/6422 6432/1/6427 6433/1/6428
f 6434/1/6429 6435/1/6433 6436/1/6430
f 6438/1/6432 6436/1/6430 6435/1/6433
f 6439/1/6434 6440/1/6435 6436/1/6430
f 6437/1/6431 6436/1/6430 6440/1/6435
f 6442/1/6437 6443/1/6449 6444/1/6438
f 6289/1/6283 6445/1/6439 6444/1/6438
f 6290/1/6285 6435/1/6433 6445/1/6439
f 6442/1/6437 6445/1/6439 6435/1/6433
f 6290/1/6285 6287/1/6284 6446/1/6440
f 6256/1/6250 6446/1/6440 6287/1/6284
f 6257/1/6252 6447/1/6441 6446/1/6440
f 6438/1/6432 6446/1/6440 6447/1/6441
f 6441/1/6436 6440/1/6435 6448/1/6442
f 6450/1/6444 6448/1/6442 6440/1/6435
f 6276/1/6271 6302/1/6299 6448/1/6442
f 6449/1/6443 6448/1/6442 6302/1/6299
f 6439/1/6434 6447/1/6441 6451/1/6445
f 6262/1/6256 6451/1/6445 6447/1/6441
f 6263/1/6258 6277/1/6272 6451/1/6445
f 6450/1/6444 6451/1/6445 6277/1/6272
f 6430/1/6426 6452/1/6448 6453/1/6446
f 6454/1/6447 6452/1/6448 6430/1/6426
f 6291/1/6286 6444/1/6438 6452/1/6448
f 6443/1/6449 6453/1/6446 6452/1/6448
f 6268/1/6263 6292/1/6287 6455/1/6450
f 6454/1/6447 6455/1/6450 6292/1/6287
f 6429/1/6423 6433/1/6428 6455/1/6450
f 6271/1/6266 6455/1/6450 6433/1/6428
f 6457/1/6452 6456/1/6451 6458/1/6453
f 6045/1/6040 6044/1/6039 6456/1/6451
f 6033/1/6028 6456/1/6451 6044/1/6039
f 6035/1/6030 6056/1/6051 6465/1/6460
f 6466/1/6461 6465/1/6460 6056/1/6051
f 6467/1/6462 6468/1/6463 6465/1/6460
f 6458/1/6453 6465/1/6460 6468/1/6463
f 6467/1/6462 6469/1/6465 6470/1/6464
f 6461/1/6456 6471/1/6466 6470/1/6464
f 6459/1/6454 6468/1/6463 6470/1/6464
f 6472/1/6467 6473/1/6470 6474/1/6468
f 6065/1/6059 6474/1/6468 6473/1/6470
f 6043/1/6038 6039/1/6037 6474/1/6468
f 6475/1/6469 6474/1/6468 6039/1/6037
f 6062/1/6057 6476/1/6473 6477/1/6471
f 6478/1/6472 6477/1/6471 6476/1/6473
f 6467/1/6462 6466/1/6461 6477/1/6471
f 6061/1/6055 6477/1/6471 6466/1/6461
f 6481/1/6476 6480/1/6475 6482/1/6477
f 6464/1/6459 6469/1/6465 6480/1/6475
f 6484/1/6479 6485/1/6482 6486/1/6480
f 6487/1/6481 6488/1/6511 6485/1/6482
f 6481/1/6476 6489/1/6484 6490/1/6483
f 6483/1/6478 6486/1/6480 6489/1/6484
f 6076/1/6070 6491/1/6487 6492/1/6485
f 6493/1/6486 6492/1/6485 6491/1/6487
f 6479/1/6474 6476/1/6473 6492/1/6485
f 6073/1/6068 6492/1/6485 6476/1/6473
f 6484/1/6479 6495/1/6489 6496/1/6490
f 6483/1/6478 6482/1/6477 6495/1/6489
f 6493/1/6486 6495/1/6489 6482/1/6477
f 6054/1/6049 6497/1/6492 6498/1/6491
f 6491/1/6487 6498/1/6491 6497/1/6492
f 6076/1/6070 6077/1/6074 6498/1/6491
f 6049/1/6043 6498/1/6491 6077/1/6074
f 6499/1/6493 6500/1/6497 6501/1/6494
f 6503/1/6496 6501/1/6494 6500/1/6497
f 6505/1/6499 6506/1/6500 6501/1/6494
f 6502/1/6495 6501/1/6494 6506/1/6500
f 6045/1/6040 6508/1/6503 6509/1/6502
f 6502/1/6495 6509/1/6502 6508/1/6503
f 6507/1/6501 6510/1/6504 6509/1/6502
f 6041/1/6035 6509/1/6502 6510/1/6504
f 6504/1/6498 6500/1/6497 6511/1/6505
f 6513/1/6507 6511/1/6505 6500/1/6497
f 6461/1/6456 6460/1/6455 6511/1/6505
f 6512/1/6506 6511/1/6505 6460/1/6455
f 6499/1/6493 6508/1/6503 6515/1/6509
f 6457/1/6452 6515/1/6509 6508/1/6503
f 6517/1/6512 6516/1/6510 6518/1/6513
f 6519/1/6514 6518/1/6513 6520/1/6515
f 6496/1/6490 6520/1/6515 6518/1/6513
f 6521/1/6516 6520/1/6515 6497/1/6492
f 6519/1/6514 6522/1/6519 6523/1/6517
f 6524/1/6518 6523/1/6517 6522/1/6519
f 6526/1/6521 6527/1/6757 6523/1/6517
f 6528/1/6522 6529/1/6526 6530/1/6523
f 6532/1/6525 6529/1/6526 6528/1/6522
f 6052/1/6047 6178/1/6173 6529/1/6526
f 6530/1/6523 6529/1/6526 6178/1/6173
f 6525/1/6520 6522/1/6519 6533/1/6527
f 6521/1/6516 6533/1/6527 6522/1/6519
f 6054/1/6049 6053/1/6048 6533/1/6527
f 6532/1/6525 6533/1/6527 6053/1/6048
f 6534/1/6528 6535/1/6533 6536/1/6529
f 6525/1/6520 6528/1/6522 6539/1/6532
f 6535/1/6533 6539/1/6532 6540/1/6534
f 6536/1/6529 6550/1/6545 6551/1/6544
f 6546/1/6540 6551/1/6544 6550/1/6545
f 6545/1/6539 6552/1/6546 6551/1/6544
f 6537/1/6530 6551/1/6544 6552/1/6546
f 6553/1/6547 6554/1/6549 6540/1/6534
f 6555/1/6548 6556/1/6550 6554/1/6549
f 6550/1/6545 6554/1/6549 6556/1/6550
f 6536/1/6529 6540/1/6534 6554/1/6549
f 6157/1/6152 6557/1/6553 6558/1/6551
f 6559/1/6552 6558/1/6551 6557/1/6553
f 6555/1/6548 6561/1/6555 6558/1/6551
f 6164/1/6159 6558/1/6551 6561/1/6555
f 6553/1/6547 6562/1/6556 6561/1/6555
f 6531/1/6524 6530/1/6523 6562/1/6556
f 6172/1/6167 6562/1/6556 6530/1/6523
f 6165/1/6160 6561/1/6555 6562/1/6556
f 6563/1/6557 6564/1/6561 6565/1/6558
f 6567/1/6560 6565/1/6558 6564/1/6561
f 6566/1/6559 6565/1/6558 6548/1/6542
f 6560/1/6554 6569/1/6564 6570/1/6563
f 6566/1/6559 6570/1/6563 6569/1/6564
f 6547/1/6541 6556/1/6550 6570/1/6563
f 6559/1/6552 6570/1/6563 6556/1/6550
f 6148/1/6143 6571/1/6567 6572/1/6565
f 6573/1/6566 6572/1/6565 6571/1/6567
f 6560/1/6554 6557/1/6553 6572/1/6565
f 6156/1/6151 6572/1/6565 6557/1/6553
f 6575/1/6569 6576/1/6573 6577/1/6570
f 6579/1/6572 6577/1/6570 6576/1/6573
f 6568/1/6562 6564/1/6561 6577/1/6570
f 6574/1/6568 6581/1/6576 6582/1/6575
f 6563/1/6557 6569/1/6564 6582/1/6575
f 6573/1/6566 6582/1/6575 6569/1/6564
f 6140/1/6135 6583/1/6578 6584/1/6577
f 6574/1/6568 6571/1/6567 6584/1/6577
f 6147/1/6142 6584/1/6577 6571/1/6567
f 6590/1/6584 6587/1/6581 6591/1/6585
f 6580/1/6574 6576/1/6573 6587/1/6581
f 6588/1/6582 6587/1/6581 6576/1/6573
f 6585/1/6579 6593/1/6588 6594/1/6587
f 6588/1/6582 6594/1/6587 6593/1/6588
f 6133/1/6128 6595/1/6591 6596/1/6589
f 6597/1/6590 6596/1/6589 6595/1/6591
f 6585/1/6579 6583/1/6578 6596/1/6589
f 6599/1/6593 6600/1/6595 6591/1/6585
f 6601/1/6594 6602/1/6597 6600/1/6595
f 6603/1/6596 6600/1/6595 6602/1/6597
f 6598/1/6592 6605/1/6600 6606/1/6599
f 6599/1/6593 6606/1/6599 6605/1/6600
f 6589/1/6583 6593/1/6588 6606/1/6599
f 6597/1/6590 6606/1/6599 6593/1/6588
f 6125/1/6120 6607/1/6603 6608/1/6601
f 6609/1/6602 6608/1/6601 6607/1/6603
f 6598/1/6592 6595/1/6591 6608/1/6601
f 6132/1/6127 6608/1/6601 6595/1/6591
f 6611/1/6605 6612/1/6607 6602/1/6597
f 6613/1/6606 6614/1/6609 6612/1/6607
f 6615/1/6608 6612/1/6607 6614/1/6609
f 6604/1/6598 6602/1/6597 6612/1/6607
f 6609/1/6602 6617/1/6611 6605/1/6600
f 6610/1/6604 6618/1/6612 6617/1/6611
f 6601/1/6594 6605/1/6600 6617/1/6611
f 6117/1/6112 6619/1/6615 6620/1/6613
f 6621/1/6614 6620/1/6613 6619/1/6615
f 6610/1/6604 6607/1/6603 6620/1/6613
f 6124/1/6119 6620/1/6613 6607/1/6603
f 6623/1/6617 6624/1/6621 6625/1/6618
f 6627/1/6620 6625/1/6618 6624/1/6621
f 6616/1/6610 6614/1/6609 6625/1/6618
f 6626/1/6619 6625/1/6618 6614/1/6609
f 6622/1/6616 6629/1/6624 6630/1/6623
f 6626/1/6619 6630/1/6623 6629/1/6624
f 6613/1/6606 6618/1/6612 6630/1/6623
f 6621/1/6614 6630/1/6623 6618/1/6612
f 6631/1/6625 6632/1/6628 6633/1/6626
f 6622/1/6616 6619/1/6615 6632/1/6628
f 6116/1/6111 6632/1/6628 6619/1/6615
f 6108/1/6103 6633/1/6626 6632/1/6628
f 6635/1/6629 6636/1/6633 6637/1/6630
f 6639/1/6632 6637/1/6630 6636/1/6633
f 6628/1/6622 6624/1/6621 6637/1/6630
f 6638/1/6631 6637/1/6630 6624/1/6621
f 6634/1/6627 6641/1/6636 6642/1/6635
f 6638/1/6631 6642/1/6635 6641/1/6636
f 6623/1/6617 6629/1/6624 6642/1/6635
f 6631/1/6625 6642/1/6635 6629/1/6624
f 6100/1/6095 6643/1/6639 6644/1/6637
f 6645/1/6638 6644/1/6637 6643/1/6639
f 6634/1/6627 6633/1/6626 6644/1/6637
f 6107/1/6102 6644/1/6637 6633/1/6626
f 6647/1/6641 6648/1/6645 6649/1/6642
f 6651/1/6644 6649/1/6642 6648/1/6645
f 6640/1/6634 6636/1/6633 6649/1/6642
f 6650/1/6643 6649/1/6642 6636/1/6633
f 6646/1/6640 6653/1/6648 6654/1/6647
f 6650/1/6643 6654/1/6647 6653/1/6648
f 6635/1/6629 6641/1/6636 6654/1/6647
f 6645/1/6638 6654/1/6647 6641/1/6636
f 6655/1/6649 6656/1/6652 6657/1/6650
f 6646/1/6640 6643/1/6639 6657/1/6650
f 6098/1/6092 6657/1/6650 6643/1/6639
f 6658/1/6651 6657/1/6650 6098/1/6092
f 6656/1/6652 6659/1/6655 6653/1/6648
f 6660/1/6653 6659/1/6655 6656/1/6652
f 6661/1/6654 6662/1/6656 6659/1/6655
f 6647/1/6641 6653/1/6648 6659/1/6655
f 6661/1/6654 6663/1/6682 6664/1/6657
f 6652/1/6646 6648/1/6645 6664/1/6657
f 6662/1/6656 6664/1/6657 6648/1/6645
f 6666/1/6659 6667/1/6662 6668/1/6660
f 6475/1/6469 6668/1/6660 6667/1/6662
f 6038/1/6033 6510/1/6504 6668/1/6660
f 6669/1/6661 6668/1/6660 6510/1/6504
f 6670/1/6663 6671/1/6666 6672/1/6664
f 6070/1/6065 6672/1/6664 6671/1/6666
f 6066/1/6061 6473/1/6470 6672/1/6664
f 6673/1/6665 6672/1/6664 6473/1/6470
f 6674/1/6667 6675/1/6670 6676/1/6668
f 6081/1/6076 6676/1/6668 6675/1/6670
f 6071/1/6066 6671/1/6666 6676/1/6668
f 6677/1/6669 6676/1/6668 6671/1/6666
f 6086/1/6081 6678/1/6673 6679/1/6671
f 6680/1/6672 6679/1/6671 6678/1/6673
f 6099/1/6094 6096/1/6093 6679/1/6671
f 6089/1/6084 6679/1/6671 6096/1/6093
f 6681/1/6674 6678/1/6673 6682/1/6675
f 6085/1/6080 6682/1/6675 6678/1/6673
f 6082/1/6077 6675/1/6670 6682/1/6675
f 6683/1/6676 6682/1/6675 6675/1/6670
f 6684/1/6677 6685/1/6680 6686/1/6678
f 6658/1/6651 6686/1/6678 6685/1/6680
f 6099/1/6094 6680/1/6672 6686/1/6678
f 6687/1/6679 6686/1/6678 6680/1/6672
f 6655/1/6649 6685/1/6680 6692/1/6686
f 6693/1/6687 6692/1/6686 6685/1/6680
f 6690/1/6684 6689/1/6683 6692/1/6686
f 6660/1/6653 6692/1/6686 6689/1/6683
f 6694/1/6688 6695/1/6691 6696/1/6689
f 6669/1/6661 6696/1/6689 6695/1/6691
f 6507/1/6501 6506/1/6500 6696/1/6689
f 6697/1/6690 6696/1/6689 6506/1/6500
f 6698/1/6692 6699/1/6695 6667/1/6662
f 6700/1/6693 6699/1/6695 6698/1/6692
f 6673/1/6665 6699/1/6695 6700/1/6693
f 6472/1/6467 6667/1/6662 6699/1/6695
f 6694/1/6688 6702/1/6698 6703/1/6696
f 6704/1/6697 6703/1/6696 6702/1/6698
f 6701/1/6694 6698/1/6692 6703/1/6696
f 6695/1/6691 6703/1/6696 6698/1/6692
f 6701/1/6694 6706/1/6702 6707/1/6700
f 6708/1/6701 6707/1/6700 6706/1/6702
f 6677/1/6669 6707/1/6700 6708/1/6701
f 6670/1/6663 6700/1/6693 6707/1/6700
f 6705/1/6699 6711/1/6758 6712/1/6705
f 2528/1/2522 2533/1/2527 6713/1/6706
f 6715/1/6708 6713/1/6706 2533/1/2527
f 6714/1/6707 6713/1/6706 6421/1/6415
f 2532/1/2526 5418/1/5413 6716/1/6709
f 6717/1/6710 6716/1/6709 5418/1/5413
f 6286/1/6281 6285/1/6280 6716/1/6709
f 6715/1/6708 6716/1/6709 6285/1/6280
f 5416/1/5411 5414/1/5410 6718/1/6711
f 6719/1/6712 6718/1/6711 5414/1/5410
f 6407/1/6402 6413/1/6408 6718/1/6711
f 6717/1/6710 6718/1/6711 6413/1/6408
f 5313/1/5308 5310/1/5307 6720/1/6713
f 6721/1/6714 6720/1/6713 5310/1/5307
f 6399/1/6394 6408/1/6403 6720/1/6713
f 6719/1/6712 6720/1/6713 6408/1/6403
f 5221/1/5215 5220/1/5214 6722/1/6715
f 6723/1/6716 6722/1/6715 5220/1/5214
f 6391/1/6386 6400/1/6395 6722/1/6715
f 6721/1/6714 6722/1/6715 6400/1/6395
f 5225/1/5219 5426/1/5421 6724/1/6717
f 6725/1/6718 6724/1/6717 5426/1/5421
f 6383/1/6378 6392/1/6387 6724/1/6717
f 6723/1/6716 6724/1/6717 6392/1/6387
f 5425/1/5419 5442/1/5437 6726/1/6719
f 6727/1/6720 6726/1/6719 5442/1/5437
f 6375/1/6370 6384/1/6379 6726/1/6719
f 6725/1/6718 6726/1/6719 6384/1/6379
f 5441/1/5435 5448/1/5443 6728/1/6721
f 6729/1/6722 6728/1/6721 5448/1/5443
f 6367/1/6362 6376/1/6371 6728/1/6721
f 6727/1/6720 6728/1/6721 6376/1/6371
f 6731/1/6724 6730/1/6723 5454/1/5449
f 6359/1/6354 6368/1/6363 6730/1/6723
f 6729/1/6722 6730/1/6723 6368/1/6363
f 5453/1/5448 5460/1/5455 6732/1/6725
f 6733/1/6726 6732/1/6725 5460/1/5455
f 6351/1/6346 6360/1/6355 6732/1/6725
f 6731/1/6724 6732/1/6725 6360/1/6355
f 5459/1/5454 5463/1/5458 6734/1/6727
f 6735/1/6728 6734/1/6727 5463/1/5458
f 6343/1/6337 6352/1/6347 6734/1/6727
f 6733/1/6726 6734/1/6727 6352/1/6347
f 5436/1/5431 5435/1/5430 6736/1/6729
f 6737/1/6730 6736/1/6729 5435/1/5430
f 6336/1/6331 6344/1/6339 6736/1/6729
f 6735/1/6728 6736/1/6729 6344/1/6339
f 6737/1/6730 2554/1/2547 2552/1/2544
f 2553/1/2546 6739/1/6732 6738/1/6731
f 6335/1/6329 6738/1/6731 6739/1/6732
f 6336/1/6331 6737/1/6730 6738/1/6731
f 2583/1/2576 6740/1/6733 6739/1/6732
f 2578/1/2571 6741/1/6734 6740/1/6733
f 6324/1/6319 6740/1/6733 6741/1/6734
f 6328/1/6323 6739/1/6732 6740/1/6733
f 2577/1/2570 6742/1/6735 6741/1/6734
f 2569/1/2562 6743/1/6736 6742/1/6735
f 6316/1/6311 6742/1/6735 6743/1/6736
f 6320/1/6315 6741/1/6734 6742/1/6735
f 2572/1/2564 6744/1/6737 6743/1/6736
f 2563/1/2556 6745/1/6738 6744/1/6737
f 6308/1/6303 6744/1/6737 6745/1/6738
f 6312/1/6307 6743/1/6736 6744/1/6737
f 2566/1/2558 6746/1/6739 6745/1/6738
f 2562/1/2555 6747/1/6740 6746/1/6739
f 6296/1/6290 6746/1/6739 6747/1/6740
f 6300/1/6295 6745/1/6738 6746/1/6739
f 2561/1/2554 6748/1/6741 6747/1/6740
f 2541/1/2535 6749/1/6742 6748/1/6741
f 6304/1/6298 6748/1/6741 6749/1/6742
f 6293/1/6288 6747/1/6740 6748/1/6741
f 2540/1/2534 6750/1/6743 6749/1/6742
f 2313/1/2307 6751/1/6744 6750/1/6743
f 6449/1/6443 6750/1/6743 6751/1/6744
f 6301/1/6296 6749/1/6742 6750/1/6743
f 2309/1/2306 6752/1/6746 6751/1/6744
f 6753/1/6745 6752/1/6746 2309/1/2306
f 6437/1/6431 6752/1/6746 6753/1/6745
f 6441/1/6436 6751/1/6744 6752/1/6746
f 2308/1/2302 2401/1/2394 6754/1/6747
f 6755/1/6748 6754/1/6747 2401/1/2394
f 6443/1/6449 6442/1/6437 6754/1/6747
f 6753/1/6745 6754/1/6747 6442/1/6437
f 2403/1/2397 2529/1/2523 6756/1/6749
f 6757/1/6750 6756/1/6749 2529/1/2523
f 6431/1/6425 6453/1/6446 6756/1/6749
f 6755/1/6748 6756/1/6749 6453/1/6446
f 2528/1/2522 6714/1/6707 6758/1/6751
f 6420/1/6414 6427/1/6421 6758/1/6751
f 6757/1/6750 6758/1/6751 6427/1/6421
f 6759/1/6752 6760/1/6761 6687/1/6679
f 6683/1/6676 6761/1/6753 6759/1/6752
f 6674/1/6667 6708/1/6701 6761/1/6753
