# Blender 4.2.1 LTS
# www.blender.org
mtllib cofrePractica06.mtl
o Audi_A6.005
v 7.313261 -3.820018 17.496574
v 7.778545 -2.992836 16.002270
v 6.797804 -2.842403 16.276722
v 6.465663 -3.707210 17.798317
v 9.565675 -1.270929 7.787957
v 10.438528 -0.576459 2.657843
v 8.557884 -0.407767 3.499261
v 7.962277 -1.103394 8.317115
v 3.148659 -1.566936 13.080129
v 3.156572 -0.840889 8.988791
v -0.451407 -0.798332 9.083966
v -0.451408 -1.507080 13.144124
v 3.135857 -0.190804 4.480346
v 3.112775 0.335983 0.371718
v -0.451406 0.347034 0.540652
v -0.451406 -0.163067 4.626729
v 5.352375 -3.595100 18.086266
v 5.752910 -4.252589 18.566448
v 6.347711 -4.280894 18.375851
v 3.149711 -2.532226 16.724583
v 3.205070 -3.329732 18.239540
v 5.457283 -2.690387 16.525867
v 6.024969 -0.958582 8.720450
v 6.288136 -0.277020 4.095653
v 8.651628 -2.040062 12.304894
v 7.374207 -1.862125 12.631803
v -0.451408 -2.455205 16.801979
v -0.451408 -3.255248 18.326363
v 5.741051 -1.701263 12.901505
v 5.753923 -4.696414 18.854858
v 6.272413 -4.693719 18.675018
v 9.016325 0.190410 -0.853933
v 6.475747 0.292239 -0.113884
v 7.095808 -4.320827 18.048229
v 6.956956 -4.693336 18.356358
v 11.152653 0.028335 -1.854677
v 7.500409 -3.868179 17.403706
v 7.620411 -3.969114 17.293495
v 8.029752 -3.168064 15.880963
v 7.977116 -3.053598 15.930722
v 9.872644 -1.351292 7.667989
v 9.839574 -1.544342 7.630969
v 10.766493 -0.851842 2.438519
v 10.797574 -0.657637 2.471583
v 3.102005 0.189723 -0.445871
v -0.451406 0.197177 -0.273088
v -0.451406 0.394660 -0.246019
v 3.107204 0.387035 -0.418106
v 5.629716 -4.275502 18.561340
v 5.140712 -3.739688 18.249149
v 5.096547 -3.866340 18.156910
v 5.564767 -4.370551 18.444553
v 3.212772 -3.516994 18.417740
v 3.196244 -3.662296 18.341473
v 8.873128 -2.294611 12.180448
v 8.895544 -2.118992 12.225289
v -0.451408 -3.445419 18.507084
v -0.451408 -3.594051 18.434315
v 5.731881 -4.805703 18.871052
v 5.676927 -4.906062 18.707996
v 6.224442 -4.884952 18.515461
v 6.248622 -4.799050 18.690491
v 5.639904 -4.748988 18.854084
v 5.575543 -4.799014 18.714157
v 9.094269 0.257117 -1.690036
v 9.069698 0.061980 -1.722291
v 6.492815 0.155524 -0.952972
v 6.506066 0.352122 -0.923301
v 7.282184 -4.340842 17.926891
v 7.456993 -4.372096 17.708630
v 7.133903 -4.700850 18.232620
v 7.325127 -4.712905 17.981529
v 7.105532 -4.805690 18.126598
v 6.954955 -4.779538 18.364201
v 11.279880 0.098445 -2.713084
v 11.248396 -0.095311 -2.746656
v 11.527884 -0.244351 -2.105344
v 11.559164 -0.050416 -2.072528
v 5.558520 -4.892707 18.735016
v 5.020145 -3.952514 18.224339
v 5.429437 -4.395469 18.463474
v 3.186090 -3.774709 18.428413
v -0.451408 -3.707732 18.525269
v 5.452402 -4.795995 18.709740
v -8.216077 -3.820018 17.496574
v -7.368478 -3.707210 17.798317
v -7.700619 -2.842403 16.276726
v -8.681360 -2.992836 16.002270
v -10.468490 -1.270928 7.787955
v -8.865090 -1.103390 8.317107
v -9.460698 -0.407767 3.499261
v -11.341341 -0.576459 2.657839
v -4.051474 -1.566936 13.080129
v -4.059386 -0.840891 8.988788
v -4.038670 -0.190804 4.480344
v -4.015585 0.335983 0.371716
v -6.255192 -3.595100 18.086266
v -7.250528 -4.280894 18.375851
v -6.655726 -4.252589 18.566448
v -4.052526 -2.532226 16.724583
v -6.360098 -2.690387 16.525867
v -4.107885 -3.329734 18.239540
v -7.190947 -0.277016 4.095651
v -6.927783 -0.958582 8.720448
v -8.277022 -1.862125 12.631803
v -9.554443 -2.040062 12.304891
v -6.643866 -1.701263 12.901505
v -7.175229 -4.693719 18.675018
v -6.656740 -4.696414 18.854858
v -7.378558 0.292239 -0.113885
v -9.919136 0.190410 -0.853935
v -7.998624 -4.320827 18.048229
v -7.859773 -4.693336 18.356358
v -12.055464 0.028335 -1.854681
v -8.403225 -3.868179 17.403706
v -8.879932 -3.053598 15.930722
v -8.932568 -3.168064 15.880963
v -8.523227 -3.969114 17.293495
v -10.775458 -1.351292 7.667987
v -11.700387 -0.657639 2.471579
v -11.669304 -0.851842 2.438515
v -10.742388 -1.544342 7.630967
v -4.004815 0.189723 -0.445873
v -4.010015 0.387035 -0.418108
v -6.532532 -4.275502 18.561340
v -6.467584 -4.370551 18.444553
v -5.999363 -3.866342 18.156910
v -6.043529 -3.739688 18.249149
v -4.099060 -3.662296 18.341473
v -4.115589 -3.516994 18.417744
v -9.798359 -2.118992 12.225286
v -9.775942 -2.294611 12.180444
v -6.635934 -4.804046 18.874252
v -7.151438 -4.799052 18.690491
v -7.127257 -4.884952 18.515461
v -6.579744 -4.906062 18.707996
v -6.544061 -4.749301 18.855400
v -6.478218 -4.800296 18.712681
v -9.997080 0.257117 -1.690038
v -7.408877 0.352122 -0.923303
v -7.395626 0.155524 -0.952974
v -9.972509 0.061980 -1.722293
v -8.185001 -4.340840 17.926891
v -8.359809 -4.372096 17.708630
v -8.227942 -4.712905 17.981529
v -8.036720 -4.700850 18.232620
v -7.857771 -4.779540 18.364201
v -8.008348 -4.805690 18.126598
v -12.182691 0.098445 -2.713088
v -12.151207 -0.095311 -2.746660
v -12.461975 -0.050412 -2.072532
v -12.430696 -0.244351 -2.105348
v -6.461336 -4.892707 18.735016
v -6.332253 -4.395469 18.463474
v -5.922962 -3.952514 18.224339
v -4.088906 -3.774709 18.428413
v -6.355218 -4.795995 18.709740
v 7.114696 -3.383426 17.105499
v 9.250589 -0.846684 5.597842
v 1.414706 -1.142158 11.116574
v 1.344800 0.128543 2.264632
v 5.973086 -3.981014 18.267918
v 4.443930 -3.072719 17.634113
v 4.768584 -0.559212 6.650865
v 7.707955 -2.432022 14.489305
v 1.481107 -2.939197 17.801872
v 4.524330 -2.104045 14.994206
v 5.982300 -4.513694 18.676075
v 6.039917 -3.236854 17.394291
v 7.675213 0.002574 1.409024
v 6.840369 -4.063075 17.969910
v 6.841061 -1.377369 10.703740
v 6.695553 -4.525506 18.384785
v 1.434421 -1.983715 15.122453
v 8.489388 -1.554609 10.301831
v 4.657374 -1.236778 10.968106
v 6.398501 -2.258281 14.781648
v 9.973736 -0.153401 0.511286
v 1.384452 -0.485756 6.884704
v 4.848686 0.088302 1.950398
v 7.274971 -0.681032 6.253306
v 7.725185 -3.545848 16.866383
v 10.327758 -1.087891 5.111604
v 1.323480 0.307925 -0.300951
v 5.480680 -4.040065 18.307045
v 4.394965 -3.659168 18.251389
v 8.406913 -2.640296 14.269303
v 1.513223 -3.534911 18.442913
v 5.910673 -4.848254 18.738235
v 5.630239 -4.580894 18.666580
v 7.852110 0.231403 -1.271854
v 7.440647 -4.161658 17.640564
v 7.278168 -4.551673 18.000553
v 6.660555 -4.815013 18.430023
v 9.377004 -1.797573 10.002791
v 10.320746 0.089027 -2.260806
v 11.224277 -0.395909 -0.146852
v 4.878232 0.289462 -0.651500
v 5.626763 -4.846038 18.821815
v 7.169957 -4.772521 18.185043
v 11.628215 -0.027184 -2.829179
v 7.651499 -3.473220 16.920151
v 10.307595 -0.962670 5.150035
v 1.325631 0.421146 -0.200542
v 5.528252 -3.960666 18.385925
v 4.417403 -3.549302 18.301876
v 8.374498 -2.545303 14.305634
v 1.517627 -3.416951 18.485771
v 5.947423 -4.773360 18.831703
v 5.680539 -4.516326 18.759041
v 7.857760 0.342044 -1.165285
v 7.331735 -4.115563 17.753761
v 7.149033 -4.538661 18.159618
v 6.629050 -4.765864 18.548256
v 9.364063 -1.674358 10.039224
v 10.326156 0.198310 -2.149471
v 11.198306 -0.270600 -0.102784
v 4.882529 0.401721 -0.549098
v 5.394922 -4.131911 18.266060
v 4.359017 -3.790326 18.241337
v 1.509180 -3.676334 18.442383
v 5.521862 -4.631915 18.595463
v -8.017511 -3.383426 17.105499
v -10.153403 -0.846684 5.597842
v -2.317520 -1.142156 11.116574
v -2.247612 0.128543 2.264630
v -6.875903 -3.981014 18.267914
v -5.346746 -3.072719 17.634109
v -5.671397 -0.559212 6.650867
v -8.610770 -2.432022 14.489305
v -2.383924 -2.939197 17.801872
v -5.427145 -2.104045 14.994206
v -6.885117 -4.513694 18.676071
v -6.942732 -3.236854 17.394295
v -8.578026 0.002574 1.409022
v -7.743186 -4.063075 17.969910
v -7.743875 -1.377369 10.703740
v -7.598369 -4.525508 18.384789
v -2.337236 -1.983715 15.122453
v -9.392201 -1.554609 10.301829
v -5.560188 -1.236776 10.968106
v -7.301317 -2.258283 14.781648
v -10.876548 -0.153401 0.511282
v -2.287265 -0.485756 6.884702
v -5.751497 0.088302 1.950398
v -8.177783 -0.681034 6.253303
v -8.628000 -3.545848 16.866383
v -11.230569 -1.087889 5.111598
v -2.226291 0.307925 -0.300954
v -6.383497 -4.040065 18.307045
v -5.297781 -3.659168 18.251389
v -9.309729 -2.640296 14.269300
v -2.416039 -3.534911 18.442913
v -6.813798 -4.847836 18.739033
v -6.533036 -4.581222 18.666225
v -8.754921 0.231403 -1.271854
v -8.343463 -4.161658 17.640564
v -8.180984 -4.551673 18.000553
v -7.563370 -4.815013 18.430023
v -10.279818 -1.797573 10.002791
v -11.223558 0.089027 -2.260808
v -12.127089 -0.395909 -0.146854
v -5.781042 0.289462 -0.651502
v -6.503490 -4.862905 18.774281
v -8.072775 -4.772521 18.185040
v -12.531026 -0.027184 -2.829181
v -8.554315 -3.473220 16.920147
v -11.210406 -0.962668 5.150033
v -2.228442 0.421146 -0.200544
v -6.431068 -3.960668 18.385921
v -5.320219 -3.549302 18.301876
v -9.277315 -2.545303 14.305627
v -2.420444 -3.416951 18.485771
v -6.850253 -4.773343 18.831734
v -6.583371 -4.516332 18.759052
v -8.760571 0.342044 -1.165285
v -8.234550 -4.115565 17.753761
v -8.051850 -4.538659 18.159618
v -7.531867 -4.765866 18.548248
v -10.266876 -1.674356 10.039218
v -11.228967 0.198310 -2.149474
v -12.101118 -0.270600 -0.102789
v -5.785339 0.401725 -0.549100
v -6.297738 -4.131911 18.266060
v -5.261834 -3.790324 18.241337
v -2.411997 -3.676334 18.442387
v -6.424675 -4.631927 18.595451
v 5.669541 -4.771323 18.908783
v 7.053079 -4.755572 18.333900
v 11.601304 0.082343 -2.723434
v 5.600533 -4.843768 18.786808
v 5.528248 -4.869246 18.734894
v -6.572936 -4.770598 18.910229
v -7.955896 -4.755572 18.333900
v -12.504115 0.082343 -2.723438
v -6.549208 -4.827943 18.852730
v -6.431001 -4.869815 18.734238
v 7.497008 -3.443355 16.977085
v 7.361447 -2.925279 16.125629
v 6.596885 -3.308513 17.260620
v 6.950366 -3.770206 17.634983
v 10.006535 -0.923405 5.280597
v 9.624544 -0.498530 3.046490
v 8.262838 -0.756256 5.969190
v 8.869896 -1.194355 8.030229
v 3.155216 -1.179474 11.060830
v 1.402410 -0.808804 9.060168
v -0.451407 -1.128902 11.134919
v 1.424032 -1.523559 13.127900
v 3.122648 0.114234 2.144215
v 1.331096 0.344619 0.498915
v -0.451406 0.132831 2.305724
v 1.363907 -0.169602 4.588611
v 5.655629 -3.955636 18.350163
v 5.992865 -4.263087 18.498535
v 6.392255 -4.020389 18.140358
v 5.960579 -3.646724 17.934120
v 3.176685 -2.994790 17.738522
v 4.435754 -3.413129 18.129597
v 5.361841 -3.162906 17.517258
v 4.470590 -2.608413 16.634808
v 3.148821 -0.512753 6.794198
v 4.717191 -0.894001 8.871566
v 6.160872 -0.617558 6.468158
v 4.812275 -0.227940 4.311034
v 8.184021 -2.507648 14.360703
v 8.102119 -1.959388 12.452996
v 7.070394 -2.340257 14.646317
v -0.451408 -2.917518 17.822201
v 1.507431 -3.276141 18.306725
v 1.452187 -2.476829 16.781960
v 3.143002 -2.034133 15.072286
v 5.591861 -2.181785 14.895444
v 4.591543 -1.629041 13.002683
v 5.768878 -4.512057 18.740520
v 5.960058 -4.694816 18.791710
v 6.305673 -4.518516 18.556904
v 6.193536 -2.766016 16.409153
v 8.825644 -0.064778 1.020535
v 7.807106 0.252006 -0.434879
v 6.398902 0.051200 1.701842
v 7.487110 -0.334790 3.841031
v 6.761528 -4.302257 18.202011
v 7.188482 -4.097529 17.821842
v 7.669418 -1.459457 10.523576
v 7.055818 -1.026123 8.543714
v 5.885562 -1.305210 10.846963
v 6.623560 -1.776994 12.780931
v 6.648581 -4.692969 18.506355
v 7.015331 -4.532748 18.231522
v -0.451408 -1.964096 15.140191
v 9.114725 -1.634079 10.116488
v 10.849980 -0.231002 0.075886
v 10.227359 0.104598 -1.395042
v -0.451407 -0.477333 6.916135
v 4.873343 0.319228 0.159983
v 7.552390 -3.912124 17.355385
v 7.775024 -3.607021 16.827007
v 8.000487 -3.103578 15.908540
v 7.686634 -3.498546 16.897682
v 9.859676 -1.434857 7.651525
v 10.308423 -1.197853 5.092738
v 10.785490 -0.741681 2.456605
v 10.340121 -1.003981 5.126956
v 1.322116 0.195651 -0.315212
v -0.451406 0.309474 -0.258922
v 1.324534 0.393092 -0.287963
v 3.104951 0.301925 -0.431324
v 5.502263 -3.986345 18.365047
v 5.123038 -3.799529 18.196018
v 5.445889 -4.097037 18.260136
v 5.605412 -4.323371 18.498985
v 4.407815 -3.594497 18.300343
v 3.204816 -3.584819 18.371696
v 4.378007 -3.732810 18.217838
v 8.412146 -2.721187 14.244607
v 8.887060 -2.195137 12.205468
v 8.401270 -2.577999 14.289067
v 1.516983 -3.465675 18.487648
v -0.451408 -3.514945 18.462605
v 1.509867 -3.613837 18.414246
v 5.707931 -4.849841 18.801285
v 5.879319 -4.903274 18.644775
v 6.237732 -4.837317 18.615658
v 5.934865 -4.804559 18.808105
v 5.655903 -4.538798 18.733112
v 5.587336 -4.620723 18.607655
v 5.615035 -4.767856 18.771088
v 9.083829 0.172973 -1.705341
v 7.841261 0.119968 -1.288133
v 6.500393 0.267337 -0.937381
v 7.860195 0.315883 -1.257175
v 7.357469 -4.354903 17.832397
v 7.526268 -4.199836 17.546284
v 7.375646 -4.131888 17.713108
v 7.197663 -4.544551 18.105843
v 7.215900 -4.706748 18.124451
v 7.384838 -4.559546 17.862164
v 6.696862 -4.845561 18.312019
v 7.018618 -4.792090 18.262669
v 6.634717 -4.789460 18.518028
v 9.356462 -1.905388 9.979547
v 9.390334 -1.715233 10.021216
v 11.266781 0.014964 -2.728881
v 10.304012 -0.021554 -2.278289
v 10.332912 0.172851 -2.244977
v 11.205385 -0.506135 -0.164663
v 11.546814 -0.134152 -2.087566
v 11.236284 -0.311871 -0.131866
v 4.873271 0.177402 -0.666504
v 4.881977 0.374450 -0.637916
v 5.609316 -4.841842 18.812698
v 5.594782 -4.902015 18.729855
v 5.650969 -4.798545 18.889488
v 7.090044 -4.766055 18.292496
v 7.277610 -4.779147 18.041687
v 11.641347 0.056018 -2.814128
v 11.609247 -0.137330 -2.846961
v 7.946222 -3.026395 15.948609
v 7.460960 -3.845161 17.434021
v 10.762345 -0.616238 2.498160
v 9.843046 -1.310101 7.687835
v -0.451406 0.422805 -0.158653
v 3.108664 0.414790 -0.330282
v 5.654344 -4.253585 18.586514
v 5.167612 -3.701568 18.255753
v 3.215546 -3.469249 18.416813
v 8.870861 -2.080503 12.242349
v -0.451408 -3.396484 18.505119
v 6.256595 -4.770076 18.715824
v 5.744029 -4.775172 18.894657
v 5.668650 -4.703004 18.873878
v 6.505095 0.378825 -0.833061
v 9.090029 0.282855 -1.596319
v 7.234828 -4.331664 17.976570
v 7.085970 -4.695762 18.286373
v 6.934487 -4.762235 18.399696
v 11.270802 0.123363 -2.617189
v 11.519828 -0.009957 -2.042320
v 5.060843 -3.915214 18.173904
v 5.335015 -4.152934 18.303642
v 5.502980 -4.391158 18.439217
v 3.190326 -3.723792 18.368065
v 4.339094 -3.837226 18.298756
v -0.451408 -3.656411 18.462906
v 1.510105 -3.727975 18.504246
v 5.444396 -4.625678 18.611259
v 5.516510 -4.805083 18.700012
v -7.853181 -3.770206 17.634983
v -7.499700 -3.308513 17.260620
v -8.264263 -2.925279 16.125633
v -8.399824 -3.443355 16.977089
v -9.772711 -1.194353 8.030227
v -9.165651 -0.756256 5.969188
v -10.527357 -0.498530 3.046488
v -10.909348 -0.923405 5.280595
v -2.326847 -1.523559 13.127900
v -2.305224 -0.808804 9.060168
v -4.058031 -1.179474 11.060830
v -2.266719 -0.169602 4.588609
v -2.233908 0.344619 0.498913
v -4.025460 0.114234 2.144213
v -6.863396 -3.646724 17.934120
v -7.295072 -4.020389 18.140358
v -6.895681 -4.263087 18.498531
v -6.558445 -3.955638 18.350159
v -5.373405 -2.608413 16.634804
v -6.264657 -3.162906 17.517258
v -5.338571 -3.413127 18.129597
v -4.079501 -2.994790 17.738518
v -5.715087 -0.227940 4.311032
v -7.063685 -0.617558 6.468156
v -5.620005 -0.894001 8.871564
v -4.051634 -0.512753 6.794196
v -7.973207 -2.340255 14.646317
v -9.004934 -1.959388 12.452992
v -9.086838 -2.507648 14.360703
v -2.355004 -2.476831 16.781956
v -2.410248 -3.276141 18.306725
v -5.494358 -1.629041 13.002683
v -6.494677 -2.181785 14.895444
v -4.045817 -2.034133 15.072289
v -7.208489 -4.518516 18.556908
v -6.862875 -4.694816 18.791706
v -6.671695 -4.512057 18.740520
v -7.096352 -2.766016 16.409157
v -8.389922 -0.334792 3.841029
v -7.301713 0.051200 1.701840
v -8.709915 0.252006 -0.434881
v -9.728456 -0.064778 1.020533
v -8.091298 -4.097529 17.821846
v -7.664344 -4.302257 18.202015
v -7.526375 -1.776994 12.780927
v -6.788375 -1.305210 10.846959
v -7.958632 -1.026123 8.543708
v -8.572231 -1.459455 10.523568
v -7.918148 -4.532748 18.231522
v -7.551397 -4.692969 18.506355
v -10.017538 -1.634079 10.116487
v -11.130169 0.104598 -1.395042
v -11.752791 -0.231002 0.075880
v -5.776154 0.319228 0.159981
v -8.589449 -3.498546 16.897678
v -8.903305 -3.103578 15.908544
v -8.677838 -3.607021 16.827007
v -8.455206 -3.912124 17.355389
v -11.242934 -1.003981 5.126950
v -11.688303 -0.741681 2.456599
v -11.211235 -1.197853 5.092734
v -10.762492 -1.434857 7.651525
v -4.007761 0.301925 -0.431326
v -2.227345 0.393092 -0.287967
v -2.224927 0.195651 -0.315214
v -6.508228 -4.323371 18.498985
v -6.348705 -4.097037 18.260132
v -6.025855 -3.799529 18.196018
v -6.405079 -3.986345 18.365047
v -5.280824 -3.732810 18.217838
v -4.107633 -3.584819 18.371696
v -5.310632 -3.594497 18.300339
v -9.304086 -2.578001 14.289067
v -9.789872 -2.195137 12.205464
v -9.314960 -2.721187 14.244603
v -2.412683 -3.613837 18.414242
v -2.419799 -3.465675 18.487648
v -6.837805 -4.804393 18.808422
v -7.140548 -4.837317 18.615658
v -6.782135 -4.903274 18.644775
v -6.614293 -4.844817 18.810738
v -6.517694 -4.771136 18.767559
v -6.490139 -4.620852 18.607510
v -6.558810 -4.538886 18.733131
v -8.763005 0.315883 -1.257179
v -7.403204 0.267337 -0.937385
v -8.744072 0.119968 -1.288135
v -9.986641 0.172973 -1.705345
v -8.278462 -4.131888 17.713108
v -8.429084 -4.199836 17.546284
v -8.260284 -4.354903 17.832401
v -8.287653 -4.559546 17.862164
v -8.118717 -4.706748 18.124454
v -8.100480 -4.544551 18.105843
v -7.537533 -4.789462 18.518021
v -7.921435 -4.792090 18.262669
v -7.599678 -4.845561 18.312019
v -10.293148 -1.715233 10.021214
v -10.259276 -1.905388 9.979545
v -11.235724 0.172854 -2.244979
v -11.206824 -0.021554 -2.278291
v -12.169593 0.014960 -2.728885
v -12.139095 -0.311871 -0.131868
v -12.449625 -0.134152 -2.087569
v -12.108196 -0.506135 -0.164666
v -5.784787 0.374450 -0.637918
v -5.776081 0.177402 -0.666505
v -6.528026 -4.843556 18.816650
v -6.497599 -4.902015 18.729855
v -6.472318 -4.876662 18.743519
v -8.180427 -4.779147 18.041687
v -7.992861 -4.766055 18.292500
v -12.512058 -0.137330 -2.846965
v -12.544157 0.056018 -2.814130
v -8.363776 -3.845161 17.434017
v -8.849036 -3.026395 15.948609
v -10.745860 -1.310101 7.687833
v -11.665158 -0.616238 2.498156
v -4.011475 0.414790 -0.330284
v -6.070428 -3.701568 18.255756
v -6.557160 -4.253585 18.586514
v -4.118362 -3.469249 18.416809
v -9.773676 -2.080503 12.242341
v -6.646969 -4.775004 18.894978
v -7.159412 -4.770076 18.715824
v -6.571612 -4.702973 18.874092
v -9.992839 0.282855 -1.596321
v -7.407907 0.378825 -0.833065
v -8.137646 -4.331662 17.976570
v -7.988787 -4.695762 18.286373
v -7.837304 -4.762235 18.399696
v -12.173613 0.123363 -2.617193
v -12.422639 -0.009953 -2.042323
v -6.405797 -4.391158 18.439209
v -6.237831 -4.152934 18.303642
v -5.963658 -3.915214 18.173901
v -5.241910 -3.837226 18.298756
v -4.093143 -3.723792 18.368069
v -2.412922 -3.727975 18.504246
v -6.419312 -4.805209 18.699867
v -6.347213 -4.625678 18.611259
v 5.570211 -4.872550 18.748573
v 5.501208 -4.872146 18.739719
v -6.557073 -4.794469 18.897659
v -6.404025 -4.872146 18.739719
v 7.395461 -3.643230 17.275700
v 7.623003 -3.225015 16.564640
v 7.596989 -2.962623 16.057068
v 7.089269 -2.884105 16.201126
v 6.688067 -3.082222 16.841782
v 6.523127 -3.517951 17.567898
v 6.715317 -3.739284 17.717701
v 7.154963 -3.797832 17.558495
v 9.787280 -1.096281 6.553727
v 10.223573 -0.750674 3.978614
v 10.082539 -0.541359 2.831129
v 9.103382 -0.452494 3.277878
v 8.412121 -0.582539 4.747607
v 8.112178 -0.929636 7.160272
v 8.425726 -1.148583 8.175851
v 9.261104 -1.236529 7.895759
v 3.152262 -1.364336 12.071946
v 3.156869 -1.006828 10.036527
v 2.298177 -0.822088 9.030427
v 0.481730 -0.800922 9.078017
v -0.451407 -0.960411 10.120091
v -0.451407 -1.309295 12.139310
v 0.495738 -1.511451 13.140031
v 2.314623 -1.542392 13.107881
v 3.129045 -0.032601 3.283536
v 3.117085 0.240245 1.145800
v 2.222090 0.341193 0.446165
v 0.439897 0.346488 0.530299
v -0.451406 0.254642 1.311791
v -0.451406 -0.009404 3.438637
v 0.458960 -0.164631 4.616943
v 2.258012 -0.178234 4.542737
v 5.547866 -3.791282 18.228733
v 5.719804 -4.108787 18.462994
v 5.855892 -4.256717 18.538864
v 6.158561 -4.271285 18.444515
v 6.368362 -4.154643 18.267532
v 6.423364 -3.872968 17.986538
v 6.217250 -3.676130 17.868484
v 5.686152 -3.619691 18.001129
v 3.161564 -2.773437 17.307919
v 3.192158 -3.184238 18.040886
v 3.874312 -3.365005 18.184677
v 4.912199 -3.481807 18.088734
v 5.340247 -3.379129 17.831806
v 5.402485 -2.932830 17.093731
v 5.000837 -2.649635 16.581818
v 3.856796 -2.568635 16.682999
v 3.142666 -0.350914 5.651208
v 3.153672 -0.676138 7.907371
v 3.965140 -0.865322 8.935269
v 5.406030 -0.925549 8.799390
v 6.093610 -0.788094 7.610301
v 6.225975 -0.447144 5.295962
v 5.582389 -0.251290 4.208106
v 3.992021 -0.207573 4.402444
v 7.968738 -2.751445 15.253881
v 8.414839 -2.268251 13.363965
v 8.411662 -2.003921 12.370687
v 7.747976 -1.910709 12.542974
v 7.221366 -2.094137 13.665849
v 6.927226 -2.592380 15.530755
v -0.451408 -2.695606 17.388947
v -0.451408 -3.108285 18.126431
v 0.544337 -3.260850 18.321796
v 2.405226 -3.299608 18.279766
v 2.339588 -2.501096 16.757710
v 0.513269 -2.461008 16.796864
v 3.145057 -1.792791 14.095620
v 3.144038 -2.283203 15.963990
v 5.521344 -2.437053 15.778302
v 5.666032 -1.933540 13.921708
v 5.202453 -1.664430 12.954652
v 3.907289 -1.596182 13.044789
v 5.767466 -4.388892 18.659756
v 5.762562 -4.616443 18.806351
v 5.841992 -4.695533 18.829350
v 6.104679 -4.694224 18.740673
v 6.287214 -4.617112 18.624989
v 6.326327 -4.404315 18.473080
v 6.504403 -2.803468 16.345604
v 5.849673 -2.728752 16.468777
v 8.697995 -0.231228 2.227888
v 8.934024 0.079719 -0.035753
v 8.414948 0.224437 -0.628278
v 7.168727 0.274230 -0.265995
v 6.442754 0.187949 0.679043
v 6.346570 -0.107346 2.869162
v 6.915285 -0.304512 3.975670
v 8.026885 -0.368872 3.684605
v 6.555045 -4.291501 18.291576
v 6.948126 -4.312316 18.117458
v 7.139686 -4.212417 17.943165
v 7.245304 -3.969089 17.675804
v 7.522976 -1.652325 11.586614
v 7.815270 -1.278240 9.435979
v 7.513222 -1.062960 8.438498
v 6.567316 -0.991718 8.636462
v 5.955733 -1.128860 9.796685
v 5.814114 -1.493913 11.879243
v 6.208368 -1.738453 12.844071
v 7.005787 -1.817886 12.710645
v 6.459816 -4.693263 18.593479
v 6.820398 -4.692954 18.423882
v 6.982452 -4.622817 18.302944
v 7.053736 -4.429845 18.145477
v -0.451408 -1.727737 14.160230
v -0.451408 -2.208978 16.036583
v 8.884832 -1.829889 11.224729
v 9.341580 -1.448978 8.973222
v 10.651540 -0.399125 1.328335
v 11.021228 -0.084409 -1.013717
v 10.747982 0.062781 -1.650129
v 9.635301 0.148803 -1.119579
v -0.451406 -0.319168 5.786189
v -0.451407 -0.637180 8.015689
v 5.704098 0.307147 0.029192
v 4.003046 0.328746 0.275240
v 7.523392 -3.887706 17.382095
v 7.585398 -3.939804 17.325287
v 7.687724 -3.802410 17.102093
v 7.887353 -3.392417 16.432034
v 8.014751 -3.134914 15.895089
v 7.987698 -3.075870 15.920644
v 7.816036 -3.282722 16.490032
v 7.583294 -3.695543 17.190090
v 9.867499 -1.388214 7.660525
v 9.850071 -1.487980 7.641501
v 10.075747 -1.370154 6.382161
v 10.538405 -1.025673 3.774316
v 10.776424 -0.795128 2.447755
v 10.792830 -0.694762 2.464675
v 10.569726 -0.831589 3.807801
v 10.108012 -1.176615 6.417523
v 2.210867 0.193351 -0.369119
v 0.434958 0.196853 -0.283441
v -0.451406 0.255019 -0.265928
v -0.451406 0.357146 -0.252237
v 0.436144 0.394325 -0.256324
v 2.214608 0.390739 -0.341652
v 3.106207 0.349559 -0.424463
v 3.103521 0.247516 -0.438514
v 5.586190 -4.130263 18.460518
v 5.359812 -3.853053 18.289677
v 5.132905 -3.766856 18.224136
v 5.110967 -3.833946 18.171406
v 5.309163 -3.972018 18.191269
v 5.524999 -4.232760 18.349304
v 5.587580 -4.349040 18.467571
v 5.619158 -4.297526 18.532379
v 4.826840 -3.655555 18.258213
v 3.873253 -3.550361 18.359028
v 3.209120 -3.547775 18.395973
v 3.200358 -3.624278 18.351376
v 3.850439 -3.692733 18.280075
v 4.789769 -3.788642 18.171276
v 8.207259 -2.943428 15.137597
v 8.636678 -2.504022 13.244664
v 8.880435 -2.243416 12.193284
v 8.892323 -2.152691 12.216355
v 8.644582 -2.343443 13.289300
v 8.175488 -2.816705 15.183305
v 2.415990 -3.488240 18.459969
v 0.549825 -3.450876 18.502705
v -0.451408 -3.477004 18.486034
v -0.451408 -3.555278 18.443230
v 0.546411 -3.599450 18.429821
v 2.404598 -3.635392 18.385490
v 5.721229 -4.825507 18.840580
v 5.692870 -4.877196 18.756111
v 5.761146 -4.905993 18.683102
v 6.033174 -4.896672 18.589928
v 6.231236 -4.860549 18.567150
v 6.243627 -4.816428 18.657833
v 6.079260 -4.802367 18.756908
v 5.818163 -4.805659 18.845634
v 5.650494 -4.650359 18.800632
v 5.650966 -4.412765 18.652779
v 5.583466 -4.501771 18.531670
v 5.582614 -4.721705 18.669487
v 5.597720 -4.784778 18.738300
v 5.628352 -4.753806 18.808685
v 9.089741 0.220077 -1.697378
v 9.076994 0.119155 -1.713712
v 8.458220 0.094375 -1.488990
v 7.194300 0.139953 -1.112024
v 6.496723 0.213119 -0.945081
v 6.503587 0.314799 -0.930057
v 7.210310 0.336234 -1.081724
v 8.480066 0.289901 -1.457368
v 7.315281 -4.347285 17.885132
v 7.405716 -4.363303 17.772343
v 7.490705 -4.287391 17.632545
v 7.568048 -4.097667 17.437416
v 7.432362 -4.010926 17.574978
v 7.326756 -4.239158 17.827339
v 7.238422 -4.445033 18.020992
v 7.162093 -4.632218 18.177654
v 7.169796 -4.703752 18.185059
v 7.268812 -4.709811 18.055164
v 7.352020 -4.644847 17.928818
v 7.420766 -4.465722 17.786972
v 6.454851 -4.866874 18.418289
v 6.922936 -4.824126 18.210255
v 7.060622 -4.798827 18.196793
v 6.982428 -4.785619 18.319904
v 6.812745 -4.784270 18.433422
v 6.440226 -4.794566 18.607288
v 9.113763 -2.095630 11.094628
v 9.599106 -1.722191 8.827546
v 9.633270 -1.529812 8.866832
v 9.144276 -1.910608 11.138314
v 11.274323 0.061729 -2.720611
v 11.257918 -0.038499 -2.737645
v 10.835326 -0.062264 -2.538938
v 9.700216 0.021598 -1.995733
v 9.727152 0.216361 -1.962884
v 10.865756 0.131808 -2.505359
v 10.993486 -0.674597 1.096960
v 11.388185 -0.358651 -1.260660
v 11.537760 -0.187600 -2.096284
v 11.554222 -0.087323 -2.079532
v 11.419191 -0.164498 -1.227857
v 11.024419 -0.480324 1.129818
v 5.712286 0.167865 -0.803281
v 3.996325 0.184547 -0.546182
v 4.003166 0.381744 -0.518041
v 5.723115 0.364719 -0.774185
v 5.624704 -4.805717 18.840244
v 5.589575 -4.869624 18.776344
v 5.576104 -4.897994 18.732983
v 5.624931 -4.904719 18.722553
v 5.678744 -4.804732 18.885914
v 5.640769 -4.782947 18.881046
v 7.115284 -4.743266 18.266960
v 7.041995 -4.775805 18.321064
v 7.217111 -4.793372 18.074669
v 7.306970 -4.755000 18.014896
v 11.529487 0.077979 -2.837205
v 11.642226 0.018153 -2.580261
v 11.610479 -0.175435 -2.613025
v 11.497461 -0.115479 -2.870418
v 7.969481 -3.038581 15.938107
v 7.888766 -3.012622 15.968057
v 7.409413 -3.834617 17.457554
v 7.485445 -3.855170 17.418552
v 10.798862 -0.633572 2.476942
v 10.653683 -0.599309 2.552657
v 9.749925 -1.293379 7.722335
v 9.874223 -1.327332 7.673408
v -0.451406 0.418617 -0.240425
v -0.451406 0.401016 0.076104
v 3.110136 0.391979 -0.094608
v 3.107855 0.410957 -0.412414
v 5.637982 -4.261283 18.579468
v 5.689191 -4.251115 18.582260
v 5.220744 -3.667407 18.208755
v 5.146608 -3.721793 18.264458
v 3.212505 -3.419227 18.359001
v 3.215274 -3.496328 18.430542
v 8.896043 -2.096954 12.231626
v 8.797043 -2.063564 12.264443
v -0.451408 -3.345752 18.446686
v -0.451408 -3.424142 18.519348
v 6.252419 -4.786353 18.710461
v 6.262733 -4.741954 18.704651
v 5.748374 -4.746325 18.883656
v 5.739007 -4.791945 18.889767
v 5.652535 -4.717158 18.868805
v 5.699295 -4.697495 18.869465
v 6.507592 0.375934 -0.917301
v 6.495504 0.353397 -0.591587
v 9.065740 0.255435 -1.346956
v 9.096951 0.280727 -1.683511
v 7.185535 -4.326945 18.004612
v 7.261205 -4.335963 17.954014
v 7.039947 -4.694224 18.314034
v 7.111625 -4.698077 18.262817
v 6.939106 -4.773982 18.391220
v 6.940702 -4.737578 18.388340
v 11.231632 0.094905 -2.361198
v 11.282796 0.121768 -2.706548
v 11.560814 -0.026734 -2.066894
v 11.396853 0.006244 -1.978494
v 5.079631 -3.892947 18.159138
v 5.040806 -3.934589 18.197033
v 5.214661 -4.043986 18.247566
v 5.400257 -4.272414 18.379860
v 5.466943 -4.394334 18.449493
v 5.536077 -4.383912 18.436329
v 3.192969 -3.695028 18.348442
v 3.188103 -3.749912 18.396130
v 3.827780 -3.802181 18.364620
v 4.732419 -3.885467 18.246700
v -0.451408 -3.627300 18.442280
v -0.451408 -3.682761 18.491978
v 0.547194 -3.713378 18.520546
v 2.401635 -3.749196 18.474247
v 5.441605 -4.515159 18.541779
v 5.445450 -4.721225 18.668415
v 5.484641 -4.801459 18.703407
v 5.547642 -4.805028 18.702499
v -8.057778 -3.797832 17.558495
v -7.618132 -3.739284 17.717701
v -7.425942 -3.517951 17.567898
v -7.590882 -3.082222 16.841782
v -7.992084 -2.884105 16.201126
v -8.499804 -2.962623 16.057068
v -8.525819 -3.225017 16.564640
v -8.298277 -3.643230 17.275700
v -10.163918 -1.236529 7.895757
v -9.328541 -1.148583 8.175849
v -9.014993 -0.929634 7.160270
v -9.314934 -0.582539 4.747607
v -10.006195 -0.452494 3.277878
v -10.985350 -0.541359 2.831129
v -11.126384 -0.750674 3.978612
v -10.690093 -1.096281 6.553729
v -3.217438 -1.542391 13.107881
v -1.398553 -1.511451 13.140031
v -1.384544 -0.800922 9.078017
v -3.200990 -0.822088 9.030425
v -4.059684 -1.006830 10.036525
v -4.055077 -1.364334 12.071946
v -3.160825 -0.178234 4.542735
v -1.361773 -0.164631 4.616943
v -1.342708 0.346488 0.530299
v -3.124901 0.341193 0.446164
v -4.019896 0.240245 1.145798
v -4.031857 -0.032601 3.283533
v -6.588969 -3.619691 18.001129
v -7.120066 -3.676130 17.868484
v -7.326180 -3.872968 17.986542
v -7.271179 -4.154643 18.267532
v -7.061378 -4.271287 18.444515
v -6.758708 -4.256717 18.538864
v -6.622621 -4.108787 18.462994
v -6.450683 -3.791282 18.228733
v -4.759611 -2.568635 16.682999
v -5.903653 -2.649635 16.581814
v -6.305301 -2.932830 17.093727
v -6.243062 -3.379129 17.831806
v -5.815016 -3.481807 18.088734
v -4.777128 -3.365005 18.184677
v -4.094974 -3.184238 18.040886
v -4.064380 -2.773437 17.307919
v -4.894833 -0.207573 4.402442
v -6.485201 -0.251290 4.208104
v -7.128788 -0.447144 5.295960
v -6.996423 -0.788094 7.610299
v -6.308844 -0.925549 8.799390
v -4.867954 -0.865322 8.935267
v -4.056486 -0.676138 7.907369
v -4.045478 -0.350914 5.651206
v -7.830041 -2.592380 15.530755
v -8.124181 -2.094137 13.665849
v -8.650790 -1.910709 12.542974
v -9.314476 -2.003921 12.370683
v -9.317655 -2.268251 13.363961
v -8.871554 -2.751445 15.253881
v -1.416086 -2.461010 16.796864
v -3.242404 -2.501096 16.757710
v -3.308042 -3.299608 18.279766
v -1.447153 -3.260850 18.321796
v -4.810103 -1.596180 13.044789
v -6.105268 -1.664430 12.954652
v -6.568847 -1.933540 13.921708
v -6.424159 -2.437053 15.778302
v -4.046853 -2.283203 15.963990
v -4.047872 -1.792789 14.095620
v -7.229143 -4.404315 18.473080
v -7.190030 -4.617112 18.624989
v -7.007495 -4.694224 18.740673
v -6.744809 -4.695533 18.829350
v -6.665379 -4.616443 18.806351
v -6.670282 -4.388892 18.659752
v -6.752489 -2.728752 16.468777
v -7.407219 -2.803468 16.345604
v -8.929698 -0.368872 3.684603
v -7.818096 -0.304512 3.975669
v -7.249382 -0.107346 2.869160
v -7.345565 0.187949 0.679041
v -8.071539 0.274230 -0.265997
v -9.317760 0.224437 -0.628280
v -9.836835 0.079719 -0.035755
v -9.600808 -0.231228 2.227887
v -8.148120 -3.969089 17.675804
v -8.042503 -4.212417 17.943169
v -7.850943 -4.312316 18.117458
v -7.457861 -4.291503 18.291576
v -7.908602 -1.817886 12.710645
v -7.111183 -1.738453 12.844071
v -6.716928 -1.493913 11.879243
v -6.858547 -1.128859 9.796681
v -7.470129 -0.991718 8.636460
v -8.416036 -1.062960 8.438495
v -8.718084 -1.278236 9.435975
v -8.425792 -1.652325 11.586614
v -7.956553 -4.429845 18.145477
v -7.885269 -4.622817 18.302944
v -7.723214 -4.692954 18.423882
v -7.362632 -4.693263 18.593479
v -10.244394 -1.448978 8.973220
v -9.787646 -1.829889 11.224725
v -10.538112 0.148803 -1.119581
v -11.650793 0.062781 -1.650132
v -11.924039 -0.084409 -1.013721
v -11.554353 -0.399125 1.328329
v -4.905857 0.328750 0.275238
v -6.606908 0.307147 0.029190
v -8.486111 -3.695543 17.190090
v -8.718851 -3.282722 16.490032
v -8.890513 -3.075870 15.920644
v -8.917568 -3.134914 15.895089
v -8.790169 -3.392417 16.432034
v -8.590538 -3.802410 17.102093
v -8.488214 -3.939804 17.325287
v -8.426208 -3.887706 17.382095
v -11.010824 -1.176615 6.417521
v -11.472538 -0.831589 3.807797
v -11.695642 -0.694762 2.464671
v -11.679235 -0.795128 2.447750
v -11.441217 -1.025673 3.774312
v -10.978559 -1.370154 6.382159
v -10.752886 -1.487980 7.641500
v -10.770312 -1.388214 7.660523
v -4.006331 0.247516 -0.438516
v -4.009018 0.349559 -0.424465
v -3.117418 0.390739 -0.341653
v -1.338955 0.394325 -0.256324
v -1.337769 0.196853 -0.283441
v -3.113678 0.193351 -0.369121
v -6.521975 -4.297526 18.532379
v -6.490396 -4.349040 18.467567
v -6.427815 -4.232760 18.349300
v -6.211979 -3.972018 18.191269
v -6.013784 -3.833946 18.171406
v -6.035721 -3.766856 18.224136
v -6.262629 -3.853053 18.289677
v -6.489007 -4.130263 18.460518
v -5.692586 -3.788642 18.171276
v -4.753256 -3.692733 18.280075
v -4.103175 -3.624278 18.351376
v -4.111937 -3.547775 18.395969
v -4.776070 -3.550361 18.359024
v -5.729657 -3.655555 18.258209
v -9.078304 -2.816705 15.183305
v -9.547397 -2.343443 13.289296
v -9.795136 -2.152691 12.216348
v -9.783249 -2.243416 12.193280
v -9.539494 -2.504022 13.244660
v -9.110075 -2.943428 15.137597
v -3.307415 -3.635392 18.385490
v -1.449227 -3.599452 18.429821
v -1.452642 -3.450877 18.502705
v -3.318807 -3.488240 18.459969
v -6.721475 -4.804996 18.846916
v -6.982077 -4.802369 18.756908
v -7.146443 -4.816428 18.657829
v -7.134053 -4.860549 18.567150
v -6.935990 -4.896672 18.589928
v -6.663963 -4.905993 18.683102
v -6.599483 -4.871051 18.767010
v -6.626518 -4.822185 18.846985
v -6.531733 -4.756162 18.806984
v -6.500253 -4.787339 18.735348
v -6.485374 -4.722217 18.668896
v -6.486282 -4.501771 18.531670
v -6.553782 -4.412765 18.652779
v -6.553675 -4.650714 18.800720
v -9.382877 0.289901 -1.457370
v -8.113121 0.336234 -1.081726
v -7.406398 0.314799 -0.930059
v -7.399534 0.213119 -0.945083
v -8.097111 0.139953 -1.112026
v -9.361032 0.094375 -1.488992
v -9.979805 0.119155 -1.713714
v -9.992553 0.220077 -1.697380
v -8.229572 -4.239158 17.827339
v -8.335177 -4.010926 17.574978
v -8.470863 -4.097667 17.437416
v -8.393520 -4.287391 17.632545
v -8.308532 -4.363303 17.772343
v -8.218098 -4.347283 17.885136
v -8.323582 -4.465722 17.786972
v -8.254837 -4.644847 17.928818
v -8.171629 -4.709811 18.055164
v -8.072614 -4.703752 18.185059
v -8.064910 -4.632218 18.177654
v -8.141240 -4.445031 18.020992
v -7.343041 -4.794566 18.607288
v -7.715560 -4.784270 18.433422
v -7.885244 -4.785619 18.319904
v -7.963438 -4.798827 18.196793
v -7.825752 -4.824126 18.210255
v -7.357666 -4.866874 18.418289
v -10.047090 -1.910608 11.138310
v -10.536084 -1.529812 8.866830
v -10.501920 -1.722191 8.827544
v -10.016577 -2.095630 11.094625
v -11.768567 0.131808 -2.505363
v -10.629963 0.216361 -1.962886
v -10.603027 0.021598 -1.995735
v -11.738137 -0.062264 -2.538942
v -12.160730 -0.038499 -2.737649
v -12.177134 0.061729 -2.720615
v -11.927232 -0.480324 1.129815
v -12.322001 -0.164494 -1.227859
v -12.457032 -0.087323 -2.079536
v -12.440571 -0.187600 -2.096288
v -12.290997 -0.358651 -1.260664
v -11.896299 -0.674597 1.096957
v -6.625926 0.364719 -0.774187
v -4.905977 0.381744 -0.518043
v -4.899135 0.184547 -0.546184
v -6.615097 0.167865 -0.803283
v -6.531206 -4.806495 18.843960
v -6.539783 -4.872947 18.775963
v -6.527748 -4.904719 18.722553
v -6.478921 -4.897994 18.732983
v -6.467411 -4.888509 18.741676
v -6.474893 -4.849517 18.735706
v -8.209786 -4.755000 18.014896
v -8.119927 -4.793372 18.074669
v -7.944811 -4.775805 18.321064
v -8.018102 -4.743266 18.266960
v -12.400272 -0.115479 -2.870422
v -12.513291 -0.175435 -2.613029
v -12.545037 0.018157 -2.580264
v -12.432298 0.077979 -2.837207
v -8.388261 -3.855170 17.418549
v -8.312229 -3.834617 17.457554
v -8.791582 -3.012622 15.968057
v -8.872296 -3.038581 15.938104
v -10.777037 -1.327332 7.673408
v -10.652740 -1.293377 7.722333
v -11.556495 -0.599309 2.552653
v -11.701674 -0.633572 2.476939
v -4.010665 0.410957 -0.412416
v -4.012947 0.391979 -0.094610
v -6.049425 -3.721793 18.264454
v -6.123561 -3.667407 18.208755
v -6.592007 -4.251115 18.582260
v -6.540798 -4.261283 18.579468
v -4.118091 -3.496326 18.430542
v -4.115321 -3.419227 18.359001
v -9.699856 -2.063564 12.264440
v -9.798857 -2.096954 12.231622
v -6.642317 -4.791282 18.891048
v -6.651190 -4.746325 18.883656
v -7.165549 -4.741954 18.704651
v -7.155234 -4.786355 18.710461
v -6.602111 -4.697495 18.869465
v -6.555937 -4.717044 18.869640
v -9.999762 0.280727 -1.683513
v -9.968550 0.255435 -1.346958
v -7.398314 0.353397 -0.591588
v -7.410403 0.375934 -0.917303
v -8.164022 -4.335963 17.954014
v -8.088352 -4.326945 18.004612
v -8.014442 -4.698077 18.262814
v -7.942764 -4.694224 18.314030
v -7.843519 -4.737578 18.388340
v -7.841922 -4.773982 18.391220
v -12.185607 0.121768 -2.706552
v -12.134443 0.094905 -2.361202
v -12.299664 0.006244 -1.978498
v -12.463625 -0.026734 -2.066898
v -6.438894 -4.383910 18.436329
v -6.369759 -4.394334 18.449493
v -6.303073 -4.272414 18.379860
v -6.117477 -4.043986 18.247566
v -5.943623 -3.934589 18.197033
v -5.982447 -3.892947 18.159138
v -5.635236 -3.885467 18.246700
v -4.730597 -3.802181 18.364620
v -4.090919 -3.749912 18.396130
v -4.095786 -3.695029 18.348442
v -3.304451 -3.749196 18.474247
v -1.450011 -3.713378 18.520546
v -6.450402 -4.805537 18.701904
v -6.387457 -4.801459 18.703407
v -6.348267 -4.721225 18.668415
v -6.344421 -4.515159 18.541779
v 5.572361 -4.846957 18.738659
v 5.566236 -4.882815 18.749489
v 5.472890 -4.844188 18.731728
v 5.531653 -4.886205 18.739040
v -6.584033 -4.801410 18.892323
v -6.546355 -4.780593 18.886826
v -6.434470 -4.886205 18.739040
v -6.375706 -4.844188 18.731728
v 7.330651 -3.416629 17.034302
v 7.225962 -3.161212 16.689560
v 6.864866 -3.346477 17.183369
v 7.024035 -3.587798 17.408836
v 9.675745 -0.888901 5.421962
v 9.438986 -0.673287 4.333566
v 8.767484 -0.801039 5.787248
v 9.060509 -1.019959 6.832377
v 2.308512 -1.158012 11.093431
v 1.409158 -0.972191 10.099385
v 0.489500 -1.132318 11.130361
v 1.419512 -1.324136 12.122491
v 2.237167 0.122764 2.214102
v 1.337026 0.251396 1.270218
v 0.447845 0.131820 2.295333
v 1.353925 -0.014824 3.398612
v 5.794762 -3.965328 18.314568
v 5.985510 -4.126674 18.392185
v 6.174422 -3.999713 18.210239
v 5.960053 -3.822265 18.118755
v 3.861578 -3.031368 17.689705
v 4.439660 -3.265231 17.933018
v 4.939671 -3.118285 17.576527
v 4.453946 -2.850418 17.210270
v 3.981856 -0.533934 6.728368
v 4.743928 -0.726273 7.777122
v 5.498444 -0.587460 6.563519
v 4.791315 -0.393029 5.494830
v 7.976494 -2.473789 14.417798
v 7.903059 -2.189441 13.500295
v 7.399043 -2.386220 14.567914
v 7.524765 -2.679760 15.378312
v 0.529658 -2.923331 17.817215
v 1.495636 -3.129586 18.106430
v 2.373322 -2.963540 17.775772
v 1.465930 -2.717452 17.368549
v 3.875434 -2.067379 15.036313
v 4.494741 -2.356796 15.881017
v 5.094777 -2.142669 14.946935
v 4.557287 -1.858635 14.019666
v 5.860101 -4.512422 18.714520
v 5.970987 -4.615928 18.742752
v 6.131988 -4.515759 18.623951
v 5.990694 -4.394088 18.593914
v 6.326476 -3.272262 17.329941
v 6.108922 -3.007926 16.974442
v 5.723480 -3.201415 17.456623
v 5.988835 -3.450687 17.703411
v 8.254347 -0.028241 1.230595
v 7.750355 0.143943 0.370301
v 7.064608 0.028705 1.563534
v 7.586020 -0.160779 2.594771
v 6.620067 -4.042010 18.057079
v 6.798452 -4.186210 18.094791
v 7.035670 -4.082082 17.888329
v 6.890076 -3.926521 17.819324
v 7.260532 -1.416645 10.619424
v 6.948143 -1.198704 9.637635
v 6.389804 -1.340578 10.778817
v 6.733292 -1.568132 11.749131
v 6.499867 -4.521850 18.473705
v 6.669054 -4.619510 18.454639
v 6.873713 -4.529227 18.300575
v 6.726802 -4.417556 18.299625
v 0.502584 -1.969352 15.135633
v 1.441963 -2.229812 16.017590
v 2.321945 -2.005779 15.101171
v 1.428722 -1.745857 14.143559
v 8.841204 -1.598434 10.198874
v 8.679909 -1.371109 9.184463
v 8.088914 -1.506864 10.413888
v 8.297177 -1.749241 11.389089
v 3.939119 -1.206131 11.018643
v 4.625027 -1.423742 11.988557
v 5.307137 -1.270206 10.910470
v 4.688217 -1.062183 9.932170
v 6.742644 -2.298000 14.717206
v 6.510586 -2.009960 13.806233
v 6.020671 -2.219936 14.840703
v 6.291440 -2.513217 15.663758
v 10.466778 -0.195958 0.269902
v 10.117469 -0.007413 -0.563760
v 9.412732 -0.108086 0.771130
v 9.806111 -0.321171 1.743548
v 0.470991 -0.479366 6.908122
v 1.394007 -0.646563 7.988172
v 2.280041 -0.496788 6.846519
v 1.374250 -0.326672 5.751079
v 3.998951 0.102714 2.055447
v 4.831619 -0.064160 3.101509
v 5.654466 0.071098 1.831664
v 4.862814 0.219436 0.941842
v 7.773075 -0.716622 6.122689
v 7.382823 -0.508149 5.061286
v 6.745309 -0.648379 6.366609
v 7.165365 -0.853630 7.414859
v 7.628659 -3.742088 17.151318
v 7.749399 -3.575569 16.847202
v 7.847339 -3.330612 16.464241
v 7.703793 -3.519596 16.883545
v 10.095397 -1.260384 6.401731
v 10.318525 -1.141243 5.102389
v 10.557531 -0.915585 3.792704
v 10.335246 -1.041050 5.119937
v 1.322818 0.253482 -0.308002
v 0.435626 0.309142 -0.269252
v 1.324065 0.355594 -0.294220
v 2.212981 0.305598 -0.354736
v 5.492831 -4.010863 18.337925
v 5.340045 -3.909909 18.234123
v 5.465227 -4.070079 18.278942
v 5.563087 -4.180911 18.400192
v 4.402044 -3.623822 18.277222
v 3.862900 -3.616828 18.311718
v 4.386859 -3.696754 18.229412
v 4.811511 -3.718007 18.207294
v 8.190001 -2.871952 15.162934
v 8.409554 -2.679580 14.257264
v 8.642254 -2.413170 13.269517
v 8.404167 -2.605661 14.280110
v 1.515228 -3.497119 18.466480
v 0.547972 -3.520351 18.458191
v 1.511318 -3.575126 18.423359
v 2.410214 -3.556957 18.414757
v 5.793352 -4.849956 18.776093
v 5.895443 -4.875056 18.692978
v 6.059072 -4.844214 18.685490
v 5.924112 -4.824283 18.777592
v 5.644717 -4.558471 18.702316
v 5.625799 -4.458358 18.588840
v 5.611444 -4.603068 18.633053
v 5.624719 -4.686007 18.729015
v 8.470757 0.205588 -1.472364
v 7.846859 0.177367 -1.279893
v 7.203465 0.251590 -1.096093
v 7.856671 0.278693 -1.264213
v 7.397424 -4.260486 17.742855
v 7.482169 -4.180223 17.594784
v 7.491011 -4.048762 17.514938
v 7.404280 -4.145198 17.680912
v 7.316905 -4.454579 17.919785
v 7.233010 -4.547971 18.059406
v 7.243689 -4.638343 18.070263
v 7.329868 -4.555562 17.933430
v 6.678054 -4.829974 18.372894
v 6.859088 -4.802825 18.338089
v 6.645673 -4.801299 18.479649
v 6.445830 -4.827048 18.526527
v 9.132362 -1.990764 11.119012
v 9.367184 -1.849888 9.991469
v 9.619827 -1.613096 8.849420
v 9.385021 -1.751629 10.012910
v 10.853017 0.048144 -2.521272
v 10.312664 0.035407 -2.269445
v 9.715755 0.132377 -1.978490
v 10.327686 0.135955 -2.252580
v 11.012410 -0.564389 1.114863
v 11.215261 -0.449383 -0.155578
v 11.407082 -0.248431 -1.242881
v 11.231572 -0.348981 -0.138830
v 5.718470 0.279819 -0.788000
v 4.875827 0.235122 -0.658914
v 4.000213 0.296687 -0.531427
v 4.880332 0.337032 -0.644443
v 5.614054 -4.842978 18.820194
v 5.611287 -4.873614 18.777382
v 5.655228 -4.848430 18.816017
v 5.640179 -4.820109 18.860050
v 7.124799 -4.769256 18.245499
v 7.116330 -4.784429 18.215675
v 7.222050 -4.775825 18.115608
v 7.197235 -4.749051 18.158672
v 11.635874 0.019469 -2.821141
v 11.629463 -0.065274 -2.595247
v 11.619095 -0.080575 -2.837899
v 11.516250 -0.005292 -2.852618
v 7.783014 -3.256734 16.509789
v 7.598044 -3.460872 16.941139
v 7.546032 -3.670986 17.216087
v 7.675115 -3.484436 16.907772
v 10.535854 -0.790219 3.832684
v 10.206543 -0.945910 5.194724
v 10.076886 -1.135369 6.438867
v 10.341513 -0.979939 5.132218
v 0.436738 0.422450 -0.168956
v 1.327506 0.399101 0.034268
v 2.216023 0.418666 -0.254093
v 1.324848 0.417045 -0.282346
v 5.611209 -4.107322 18.484592
v 5.571867 -3.954919 18.374653
v 5.387758 -3.821422 18.303471
v 5.509561 -3.970378 18.381886
v 4.845698 -3.613086 18.261314
v 4.426828 -3.501586 18.246445
v 3.878113 -3.503539 18.359173
v 4.412000 -3.574962 18.314201
v 8.619248 -2.307604 13.305989
v 8.309903 -2.529731 14.325330
v 8.146769 -2.787078 15.200200
v 8.398166 -2.559639 14.295560
v 2.417421 -3.439882 18.458405
v 1.514411 -3.366382 18.427261
v 0.550054 -3.401981 18.500736
v 1.518133 -3.444501 18.499989
v 6.090528 -4.771878 18.781025
v 5.952817 -4.744380 18.820675
v 5.830763 -4.774472 18.869144
v 5.942038 -4.790502 18.826828
v 5.676110 -4.622365 18.825035
v 5.712126 -4.512702 18.755318
v 5.675368 -4.391658 18.678768
v 5.664821 -4.524888 18.751831
v 7.208614 0.362655 -0.990682
v 7.841128 0.315444 -0.920002
v 8.476807 0.315829 -1.364589
v 7.862337 0.339595 -1.250936
v 7.390640 -3.990871 17.610355
v 7.281312 -4.107917 17.779942
v 7.280910 -4.226680 17.872936
v 7.357322 -4.122781 17.734436
v 7.190157 -4.437953 18.073326
v 7.101391 -4.535815 18.188034
v 7.113592 -4.626893 18.231838
v 7.175397 -4.541511 18.135735
v 6.799204 -4.763871 18.466454
v 6.635413 -4.739285 18.537064
v 6.442141 -4.768004 18.634804
v 6.628997 -4.780120 18.541401
v 9.605395 -1.488655 8.885598
v 9.280318 -1.657291 10.066142
v 9.119176 -1.870529 11.155782
v 9.392040 -1.691574 10.027120
v 9.721698 0.241962 -1.868198
v 10.293456 0.170444 -1.896015
v 10.857744 0.157058 -2.409387
v 10.335856 0.196376 -2.238200
v 11.380253 -0.123513 -1.198024
v 11.081470 -0.253766 -0.041864
v 10.987749 -0.438935 1.157807
v 11.237554 -0.287858 -0.126319
v 4.004303 0.409278 -0.429788
v 4.879610 0.377670 -0.311035
v 5.722930 0.391711 -0.684694
v 4.883013 0.398330 -0.632097
v 5.265436 -4.014304 18.203083
v 5.365527 -4.143289 18.282875
v 5.467901 -4.260156 18.349289
v 5.422081 -4.117072 18.257164
v 3.838782 -3.752717 18.305420
v 4.349114 -3.814441 18.267929
v 4.762537 -3.842525 18.192074
v 4.368687 -3.763557 18.223221
v 0.546351 -3.661906 18.458309
v 1.509542 -3.702834 18.471210
v 2.402149 -3.697646 18.413013
v 1.509221 -3.647121 18.421993
v 5.518760 -4.517041 18.522278
v 5.483865 -4.629884 18.601616
v 5.518905 -4.729892 18.655720
v 5.556913 -4.629601 18.596302
v -7.926850 -3.587798 17.408836
v -7.767681 -3.346477 17.183369
v -8.128778 -3.161212 16.689560
v -8.233466 -3.416629 17.034302
v -9.963322 -1.019959 6.832376
v -9.670297 -0.801039 5.787246
v -10.341799 -0.673287 4.333568
v -10.578558 -0.888901 5.421964
v -2.322327 -1.324136 12.122491
v -1.392314 -1.132318 11.130361
v -2.311972 -0.972191 10.099385
v -3.211326 -1.158012 11.093431
v -2.256737 -0.014824 3.398610
v -1.350657 0.131820 2.295333
v -2.239837 0.251396 1.270216
v -3.139978 0.122764 2.214101
v -6.862870 -3.822265 18.118755
v -7.077239 -3.999713 18.210239
v -6.888327 -4.126676 18.392185
v -6.697578 -3.965329 18.314568
v -5.356762 -2.850416 17.210270
v -5.842487 -3.118285 17.576527
v -5.342476 -3.265231 17.933018
v -4.764393 -3.031368 17.689701
v -5.694128 -0.393029 5.494828
v -6.401257 -0.587460 6.563518
v -5.646741 -0.726273 7.777120
v -4.884669 -0.533934 6.728366
v -8.427580 -2.679760 15.378312
v -8.301858 -2.386219 14.567914
v -8.805874 -2.189441 13.500295
v -8.879310 -2.473789 14.417798
v -2.368747 -2.717452 17.368549
v -3.276138 -2.963542 17.775772
v -2.398452 -3.129588 18.106430
v -1.432475 -2.923331 17.817215
v -5.460102 -1.858635 14.019666
v -5.997592 -2.142669 14.946935
v -5.397556 -2.356796 15.881017
v -4.778249 -2.067379 15.036313
v -6.893510 -4.394088 18.593914
v -7.034804 -4.515761 18.623947
v -6.873803 -4.615928 18.742752
v -6.762918 -4.512422 18.714516
v -6.891650 -3.450687 17.703411
v -6.626296 -3.201415 17.456623
v -7.011738 -3.007926 16.974442
v -7.229291 -3.272262 17.329941
v -8.488832 -0.160775 2.594769
v -7.967419 0.028705 1.563530
v -8.653166 0.143943 0.370299
v -9.157160 -0.028237 1.230593
v -7.792891 -3.926521 17.819324
v -7.938486 -4.082084 17.888336
v -7.701268 -4.186210 18.094795
v -7.522883 -4.042010 18.057079
v -7.636107 -1.568132 11.749131
v -7.292618 -1.340578 10.778817
v -7.850956 -1.198704 9.637631
v -8.163347 -1.416645 10.619424
v -7.629619 -4.417556 18.299625
v -7.776530 -4.529227 18.300575
v -7.571869 -4.619510 18.454639
v -7.402683 -4.521850 18.473705
v -2.331538 -1.745857 14.143559
v -3.224761 -2.005779 15.101171
v -2.344779 -2.229812 16.017590
v -1.405400 -1.969352 15.135633
v -9.199991 -1.749241 11.389085
v -8.991728 -1.506863 10.413884
v -9.582722 -1.371109 9.184461
v -9.744017 -1.598434 10.198873
v -5.591031 -1.062183 9.932168
v -6.209951 -1.270206 10.910470
v -5.527842 -1.423742 11.988557
v -4.841932 -1.206131 11.018643
v -7.194256 -2.513217 15.663758
v -6.923487 -2.219936 14.840703
v -7.413401 -2.009960 13.806233
v -7.645458 -2.298000 14.717206
v -10.708924 -0.321171 1.743548
v -10.315545 -0.108086 0.771128
v -11.020279 -0.007413 -0.563762
v -11.369589 -0.195958 0.269900
v -2.277063 -0.326674 5.751077
v -3.182854 -0.496788 6.846517
v -2.296820 -0.646563 7.988170
v -1.373804 -0.479366 6.908122
v -5.765625 0.219436 0.941840
v -6.557277 0.071098 1.831662
v -5.734431 -0.064160 3.101508
v -4.901762 0.102714 2.055445
v -8.068177 -0.853630 7.414855
v -7.648121 -0.648381 6.366605
v -8.285635 -0.508149 5.061283
v -8.675887 -0.716624 6.122687
v -8.606608 -3.519596 16.883545
v -8.750154 -3.330612 16.464241
v -8.652215 -3.575569 16.847202
v -8.531474 -3.742088 17.151318
v -11.238058 -1.041050 5.119933
v -11.460343 -0.915585 3.792701
v -11.221338 -1.141243 5.102386
v -10.998210 -1.260384 6.401729
v -3.115792 0.305598 -0.354738
v -2.226876 0.355594 -0.294221
v -1.338437 0.309142 -0.269252
v -2.225629 0.253486 -0.308004
v -6.465903 -4.180911 18.400192
v -6.368044 -4.070079 18.278934
v -6.242862 -3.909909 18.234123
v -6.395648 -4.010863 18.337925
v -5.714327 -3.718007 18.207294
v -5.289676 -3.696754 18.229412
v -4.765717 -3.616828 18.311718
v -5.304860 -3.623822 18.277218
v -9.306984 -2.605661 14.280107
v -9.545070 -2.413170 13.269513
v -9.312370 -2.679580 14.257260
v -9.092818 -2.871952 15.162934
v -3.313031 -3.556957 18.414757
v -2.414135 -3.575126 18.423359
v -1.450789 -3.520353 18.458191
v -2.418045 -3.497123 18.466480
v -6.827176 -4.823951 18.778233
v -6.961889 -4.844214 18.685490
v -6.798458 -4.874789 18.693489
v -6.697405 -4.848294 18.779293
v -6.527458 -4.687312 18.727589
v -6.514233 -4.603324 18.632759
v -6.528615 -4.458358 18.588840
v -6.547575 -4.558700 18.702133
v -8.759481 0.278697 -1.264215
v -8.106276 0.251590 -1.096096
v -8.749670 0.177367 -1.279895
v -9.373568 0.205588 -1.472366
v -8.307096 -4.145198 17.680912
v -8.393827 -4.048762 17.514938
v -8.384985 -4.180221 17.594784
v -8.300240 -4.260484 17.742855
v -8.232684 -4.555562 17.933430
v -8.146506 -4.638343 18.070263
v -8.135826 -4.547971 18.059406
v -8.219722 -4.454579 17.919785
v -7.348646 -4.827048 18.526527
v -7.548488 -4.801299 18.479649
v -7.761904 -4.802825 18.338089
v -7.580870 -4.829974 18.372894
v -10.287834 -1.751629 10.012908
v -10.522641 -1.613096 8.849418
v -10.269999 -1.849888 9.991467
v -10.035176 -1.990764 11.119008
v -11.230497 0.135955 -2.252582
v -10.618567 0.132377 -1.978492
v -11.215477 0.035407 -2.269447
v -11.755828 0.048144 -2.521276
v -12.134382 -0.348981 -0.138833
v -12.309893 -0.248433 -1.242883
v -12.118073 -0.449385 -0.155582
v -11.915222 -0.564391 1.114861
v -5.783142 0.337032 -0.644443
v -4.903024 0.296687 -0.531425
v -5.778637 0.235122 -0.658914
v -6.621281 0.279819 -0.788002
v -6.516592 -4.853349 18.794693
v -6.499920 -4.885690 18.755215
v -6.489444 -4.871236 18.756435
v -6.509560 -4.827193 18.780762
v -8.100052 -4.749051 18.158672
v -8.124866 -4.775825 18.115608
v -8.019147 -4.784429 18.215675
v -8.027617 -4.769256 18.245499
v -12.419061 -0.005296 -2.852620
v -12.521906 -0.080575 -2.837901
v -12.532274 -0.065274 -2.595250
v -12.538685 0.019469 -2.821143
v -8.577931 -3.484436 16.907768
v -8.448847 -3.670986 17.216087
v -8.500859 -3.460872 16.941139
v -8.685829 -3.256734 16.509789
v -11.244324 -0.979939 5.132215
v -10.979697 -1.135369 6.438867
v -11.109356 -0.945910 5.194724
v -11.438667 -0.790219 3.832680
v -2.227659 0.417045 -0.282348
v -3.118834 0.418666 -0.254095
v -2.230317 0.399101 0.034266
v -1.339549 0.422450 -0.168956
v -6.412377 -3.970378 18.381886
v -6.290575 -3.821422 18.303471
v -6.474683 -3.954919 18.374653
v -6.514026 -4.107322 18.484592
v -5.314816 -3.574962 18.314201
v -4.780929 -3.503539 18.359173
v -5.329645 -3.501586 18.246445
v -5.748515 -3.613086 18.261314
v -9.300982 -2.559639 14.295556
v -9.049585 -2.787078 15.200200
v -9.212719 -2.529731 14.325326
v -9.522065 -2.307604 13.305985
v -2.420950 -3.444501 18.499989
v -1.452871 -3.401981 18.500736
v -2.417227 -3.366382 18.427261
v -3.320237 -3.439880 18.458405
v -6.844904 -4.790435 18.826958
v -6.733629 -4.774405 18.869274
v -6.855634 -4.744380 18.820675
v -6.993344 -4.771878 18.781025
v -6.567701 -4.524913 18.751884
v -6.578184 -4.391658 18.678768
v -6.614942 -4.512702 18.755318
v -6.578991 -4.622390 18.825089
v -8.765146 0.339595 -1.250936
v -9.379618 0.315829 -1.364591
v -8.743938 0.315444 -0.920004
v -8.111425 0.362655 -0.990684
v -8.260138 -4.122783 17.734436
v -8.183725 -4.226680 17.872936
v -8.184129 -4.107919 17.779942
v -8.293456 -3.990873 17.610348
v -8.078215 -4.541511 18.135735
v -8.016409 -4.626891 18.231834
v -8.004209 -4.535815 18.188034
v -8.092975 -4.437953 18.073326
v -7.531814 -4.780120 18.541401
v -7.344958 -4.768004 18.634804
v -7.538229 -4.739285 18.537064
v -7.702021 -4.763873 18.466454
v -10.294855 -1.691574 10.027118
v -10.021990 -1.870529 11.155778
v -10.183131 -1.657291 10.066140
v -10.508209 -1.488655 8.885596
v -11.238667 0.196376 -2.238202
v -11.760555 0.157058 -2.409391
v -11.196266 0.170444 -1.896017
v -10.624509 0.241962 -1.868200
v -12.140365 -0.287858 -0.126323
v -11.890562 -0.438935 1.157801
v -11.984281 -0.253766 -0.041868
v -12.283064 -0.123513 -1.198028
v -5.785823 0.398330 -0.632099
v -6.625741 0.391711 -0.684696
v -5.782420 0.377673 -0.311037
v -4.907113 0.409278 -0.429790
v -6.324897 -4.117072 18.257160
v -6.370718 -4.260156 18.349285
v -6.268343 -4.143289 18.282875
v -6.168252 -4.014304 18.203079
v -5.271504 -3.763557 18.223225
v -5.665354 -3.842525 18.192074
v -5.251930 -3.814441 18.267929
v -4.741598 -3.752717 18.305420
v -2.412038 -3.647121 18.421993
v -3.304965 -3.697646 18.413013
v -2.412359 -3.702834 18.471210
v -1.449168 -3.661906 18.458309
v -6.459723 -4.629653 18.596241
v -6.421715 -4.729941 18.655659
v -6.386681 -4.629884 18.601616
v -6.421576 -4.517041 18.522278
v 5.690704 -4.775409 18.909523
v 5.664723 -4.751466 18.902706
v 5.658564 -4.784055 18.907536
v 7.068305 -4.738374 18.319626
v 7.016780 -4.761161 18.358261
v 7.069160 -4.762935 18.321537
v 11.519669 0.102393 -2.742120
v 11.603270 0.057788 -2.550082
v 11.643899 0.079097 -2.808484
v 5.604765 -4.845218 18.800880
v 5.606986 -4.820609 18.787762
v 5.588752 -4.861188 18.769272
v 5.521298 -4.851604 18.725311
v 5.516280 -4.874358 18.738064
v 5.547304 -4.876218 18.739346
v -6.562681 -4.782420 18.910789
v -6.567802 -4.751225 18.903271
v -6.593768 -4.775077 18.910164
v -7.971977 -4.762935 18.321537
v -7.919597 -4.761161 18.358261
v -7.971122 -4.738372 18.319622
v -12.546710 0.079097 -2.808488
v -12.506081 0.057788 -2.550086
v -12.422480 0.102393 -2.742124
v -6.549645 -4.811986 18.876457
v -6.566044 -4.836638 18.837811
v -6.537067 -4.834512 18.839130
v -6.449977 -4.877498 18.737869
v -6.419073 -4.874560 18.737827
v -6.424087 -4.851859 18.725014
v 7.233716 -3.618537 17.335140
v 7.450248 -3.196517 16.620209
v 6.966463 -3.122108 16.765743
v 6.781982 -3.553457 17.489017
v 9.469172 -1.061974 6.677812
v 9.880357 -0.715847 4.136855
v 8.937046 -0.627385 4.545049
v 8.596455 -0.974444 6.999251
v 2.311794 -1.341427 12.101441
v 2.304174 -0.986712 10.073285
v 0.485929 -0.963386 10.114945
v 0.492688 -1.313184 12.135110
v 2.247150 -0.022042 3.350039
v 2.228626 0.246929 1.218341
v 0.443333 0.253887 1.301386
v 0.453148 -0.010693 3.428422
v 5.733609 -3.800874 18.176464
v 5.834333 -4.116094 18.434025
v 6.165973 -4.139777 18.336891
v 6.189614 -3.846645 18.056713
v 3.856959 -2.810249 17.262745
v 3.868184 -3.220214 17.988728
v 4.927296 -3.323081 17.883438
v 4.964973 -2.891943 17.153080
v 3.987520 -0.370030 5.579265
v 3.974554 -0.699095 7.847716
v 5.453158 -0.756374 7.697383
v 5.541613 -0.419026 5.399770
v 7.775356 -2.719362 15.309125
v 8.191547 -2.232956 13.424508
v 7.572093 -2.141804 13.583394
v 7.235782 -2.636234 15.454503
v 0.521117 -2.701465 17.383823
v 0.537771 -3.113996 18.121662
v 2.390870 -3.153514 18.079815
v 2.355317 -2.741973 17.343216
v 3.890615 -1.823967 14.060800
v 3.863558 -2.318307 15.925618
v 5.044899 -2.396949 15.831483
v 5.148089 -1.895568 13.973035
v 5.863003 -4.390754 18.633137
v 5.851619 -4.615943 18.780697
v 6.117305 -4.616340 18.691269
v 6.146486 -4.398677 18.540951
v 6.263032 -3.483726 17.637707
v 6.407095 -3.044567 16.910721
v 5.778927 -2.971088 17.034813
v 5.687666 -3.418742 17.769951
v 8.146232 -0.193368 2.426657
v 8.345749 0.114898 0.183319
v 7.123977 0.167934 0.532956
v 6.993938 -0.132443 2.739766
v 6.662372 -3.900203 17.904430
v 6.585319 -4.170508 18.183506
v 6.989370 -4.200568 18.011353
v 7.089908 -3.950092 17.740135
v 7.134226 -1.608478 11.672822
v 7.386324 -1.236698 9.543599
v 6.478641 -1.163132 9.721017
v 6.299985 -1.530279 11.817338
v 6.526163 -4.410787 18.389160
v 6.477354 -4.618182 18.542660
v 6.843644 -4.621068 18.371281
v 6.909057 -4.424087 18.214920
v 0.498895 -1.732578 14.155976
v 0.507234 -2.214565 16.031696
v 2.328869 -2.253196 15.994832
v 2.317601 -1.766342 14.123326
v 8.627984 -1.793739 11.297765
v 9.052012 -1.414022 9.067159
v 8.257062 -1.324446 9.311831
v 7.919734 -1.700674 11.488706
v 3.953139 -1.032429 9.988990
v 3.923645 -1.392141 12.033986
v 5.255489 -1.458034 11.936650
v 5.357337 -1.094769 9.867568
v 6.617916 -2.551794 15.600129
v 6.873597 -2.050545 13.739743
v 6.114131 -1.971313 13.866498
v 5.931387 -2.475391 15.722772
v 10.281821 -0.363968 1.513432
v 10.625975 -0.049619 -0.813331
v 9.539041 0.037322 -0.294672
v 9.264729 -0.275376 1.990945
v 0.465000 -0.320975 5.777184
v 0.476659 -0.639465 8.008739
v 2.289917 -0.658707 7.954286
v 2.269191 -0.336558 5.708781
v 4.001358 0.231120 1.052651
v 3.995835 -0.046757 3.199942
v 5.620497 -0.084469 2.990498
v 5.682823 0.205081 0.816323
v 7.642844 -0.889748 7.297269
v 7.901794 -0.543145 4.917542
v 6.831964 -0.476500 5.185281
v 6.656650 -0.820126 7.517663
v 7.603408 -3.716232 17.172665
v 7.657335 -3.771389 17.127357
v 7.866802 -3.360645 16.448536
v 7.830055 -3.304058 16.478336
v 10.103024 -1.213623 6.410336
v 10.086011 -1.313645 6.392180
v 10.548402 -0.968998 3.783715
v 10.564929 -0.868695 3.800870
v 2.211955 0.251167 -0.361847
v 0.435301 0.254691 -0.276268
v 0.435913 0.356815 -0.262552
v 2.213886 0.353248 -0.347950
v 5.576130 -4.153468 18.432407
v 5.351132 -3.878921 18.263603
v 5.326180 -3.942210 18.207821
v 5.546298 -4.208653 18.370335
v 4.820017 -3.683879 18.234192
v 3.868553 -3.580510 18.336666
v 3.856719 -3.655505 18.290684
v 4.801401 -3.754180 18.184128
v 8.182230 -2.841285 15.174050
v 8.198459 -2.906677 15.150578
v 8.639669 -2.457275 13.257413
v 8.644027 -2.374346 13.280362
v 2.413314 -3.519439 18.438583
v 0.548957 -3.482436 18.481636
v 0.547060 -3.560672 18.438778
v 2.407154 -3.596906 18.394913
v 5.807144 -4.825606 18.815262
v 5.777711 -4.877240 18.731060
v 6.046480 -4.869781 18.639217
v 6.070237 -4.821300 18.725727
v 5.639100 -4.667575 18.767452
v 5.640046 -4.433825 18.623154
v 5.607262 -4.482345 18.556225
v 5.606230 -4.705710 18.694824
v 8.476016 0.252788 -1.464561
v 8.464690 0.151660 -1.480575
v 7.199027 0.197459 -1.103961
v 7.207322 0.298972 -1.088615
v 7.357851 -4.248775 17.789940
v 7.442651 -4.273589 17.689316
v 7.528380 -4.072522 17.477268
v 7.458239 -4.027766 17.548237
v 7.367250 -4.460052 17.855354
v 7.272905 -4.449504 17.976311
v 7.197878 -4.635207 18.130344
v 7.296184 -4.641570 18.001671
v 6.450127 -4.846501 18.474125
v 6.889919 -4.813304 18.276203
v 6.832635 -4.793031 18.391850
v 6.442388 -4.809428 18.572060
v 9.139572 -1.946052 11.129617
v 9.123480 -2.041652 11.107141
v 9.609921 -1.666031 8.838759
v 9.627914 -1.566616 8.858964
v 10.860314 0.094993 -2.512987
v 10.844481 -0.005387 -2.529994
v 9.708244 0.078662 -1.987010
v 9.722230 0.179393 -1.970380
v 11.019711 -0.517457 1.122893
v 11.003380 -0.617860 1.106099
v 11.398057 -0.301900 -1.251598
v 11.414409 -0.201535 -1.234853
v 5.721081 0.327342 -0.780817
v 5.715474 0.225532 -0.795549
v 3.998327 0.242309 -0.538719
v 4.001865 0.344295 -0.524477
v 5.628940 -4.811543 18.854942
v 5.595897 -4.871272 18.778362
v 5.640503 -4.875789 18.770760
v 5.668258 -4.824222 18.855385
v 7.151051 -4.746127 18.219471
v 7.074204 -4.780057 18.275047
v 7.165068 -4.788880 18.147400
v 7.250366 -4.752015 18.089005
v 11.523910 0.041392 -2.844466
v 11.637011 -0.018548 -2.587230
v 11.620360 -0.118684 -2.603961
v 11.507202 -0.058705 -2.861369
v 7.806373 -3.268348 16.498520
v 7.727907 -3.243688 16.529831
v 7.493704 -3.659431 17.238285
v 7.570032 -3.681743 17.202297
v 10.571057 -0.807530 3.813090
v 10.431048 -0.773365 3.882542
v 9.979668 -1.118670 6.478292
v 10.109484 -1.152607 6.422822
v 0.436299 0.418281 -0.250726
v 0.437818 0.400596 0.065787
v 2.218124 0.396308 -0.019008
v 2.215086 0.414680 -0.336004
v 5.594031 -4.115222 18.478050
v 5.649282 -4.105519 18.479713
v 5.440404 -3.802306 18.274429
v 5.366457 -3.836112 18.305759
v 4.831901 -3.636787 18.272766
v 4.878732 -3.569949 18.207329
v 3.877491 -3.453964 18.302399
v 3.876569 -3.530189 18.372288
v 8.643513 -2.323101 13.295697
v 8.550214 -2.291227 13.326604
v 8.086092 -2.772417 15.219518
v 8.170116 -2.800239 15.190076
v 2.417779 -3.467252 18.472473
v 2.413656 -3.389529 18.400066
v 0.548234 -3.351283 18.442245
v 0.550388 -3.429618 18.514980
v 6.085427 -4.788745 18.776016
v 6.096349 -4.743220 18.769917
v 5.835653 -4.745416 18.858170
v 5.825485 -4.791583 18.864281
v 5.660024 -4.634303 18.819042
v 5.707174 -4.617497 18.820965
v 5.708135 -4.388709 18.674934
v 5.659526 -4.399192 18.671349
v 7.212139 0.359996 -1.075611
v 7.195541 0.336604 -0.747341
v 8.456461 0.288768 -1.117300
v 8.482502 0.313560 -1.450996
v 7.415679 -3.999622 17.592972
v 7.339698 -3.981689 17.635250
v 7.231007 -4.220580 17.900208
v 7.306967 -4.232333 17.851826
v 7.216628 -4.441358 18.049873
v 7.141648 -4.434291 18.101734
v 7.066809 -4.624726 18.259983
v 7.139675 -4.629418 18.207935
v 6.801606 -4.776885 18.458740
v 6.805527 -4.738225 18.455223
v 6.448451 -4.740584 18.623619
v 6.439772 -4.783378 18.628784
v 9.634989 -1.505917 8.872470
v 9.516817 -1.471767 8.915940
v 9.040401 -1.853405 11.179967
v 9.145639 -1.887516 11.144464
v 9.730001 0.239932 -1.956207
v 9.693158 0.214301 -1.616703
v 10.821368 0.128951 -2.154353
v 10.868720 0.155253 -2.498607
v 11.420579 -0.140599 -1.222242
v 11.259894 -0.106912 -1.135232
v 10.874944 -0.422002 1.215977
v 11.025669 -0.456265 1.135273
v 4.004001 0.405650 -0.512292
v 4.004006 0.385886 -0.193092
v 5.716818 0.366962 -0.445007
v 5.724380 0.388568 -0.768280
v 5.288621 -3.995525 18.191051
v 5.240489 -4.029933 18.223278
v 5.434739 -4.267230 18.362659
v 5.498428 -4.249297 18.343559
v 3.844487 -3.724696 18.286400
v 3.833239 -3.778106 18.332905
v 4.747659 -3.864679 18.217274
v 4.776694 -3.817634 18.175331
v 0.546212 -3.632737 18.437737
v 0.546717 -3.688327 18.487316
v 2.401771 -3.724090 18.441521
v 2.403011 -3.668527 18.392933
v 5.553447 -4.512622 18.521561
v 5.480960 -4.517173 18.530224
v 5.482734 -4.726600 18.660423
v 5.552852 -4.729014 18.657597
v -8.136532 -3.618537 17.335140
v -7.684798 -3.553455 17.489017
v -7.869277 -3.122108 16.765743
v -8.353064 -3.196517 16.620209
v -10.371985 -1.061974 6.677812
v -9.499269 -0.974442 6.999249
v -9.839859 -0.627385 4.545051
v -10.783169 -0.715847 4.136855
v -3.214608 -1.341425 12.101441
v -1.395503 -1.313184 12.135110
v -1.388743 -0.963386 10.114945
v -3.206988 -0.986712 10.073283
v -3.149962 -0.022042 3.350037
v -1.355960 -0.010697 3.428422
v -1.346145 0.253887 1.301386
v -3.131437 0.246929 1.218338
v -6.636426 -3.800874 18.176464
v -7.092430 -3.846645 18.056713
v -7.068789 -4.139777 18.336891
v -6.737150 -4.116094 18.434025
v -4.759774 -2.810249 17.262745
v -5.867789 -2.891943 17.153076
v -5.830112 -3.323081 17.883438
v -4.771001 -3.220214 17.988728
v -4.890333 -0.370030 5.579263
v -6.444426 -0.419026 5.399768
v -6.355971 -0.756374 7.697383
v -4.877367 -0.699095 7.847714
v -8.678171 -2.719362 15.309125
v -8.138597 -2.636234 15.454503
v -8.474909 -2.141802 13.583394
v -9.094363 -2.232956 13.424504
v -1.423934 -2.701465 17.383823
v -3.258133 -2.741973 17.343216
v -3.293686 -3.153516 18.079815
v -1.440588 -3.113998 18.121662
v -4.793429 -1.823965 14.060800
v -6.050903 -1.895568 13.973035
v -5.947714 -2.396949 15.831483
v -4.766373 -2.318307 15.925618
v -6.765819 -4.390754 18.633133
v -7.049303 -4.398677 18.540947
v -7.020121 -4.616340 18.691269
v -6.754436 -4.615943 18.780697
v -7.165848 -3.483726 17.637707
v -6.590482 -3.418742 17.769951
v -6.681743 -2.971088 17.034813
v -7.309910 -3.044567 16.910721
v -9.049045 -0.193368 2.426655
v -7.896750 -0.132443 2.739760
v -8.026789 0.167934 0.532954
v -9.248559 0.114898 0.183318
v -7.565188 -3.900203 17.904434
v -7.992723 -3.950092 17.740135
v -7.892187 -4.200568 18.011356
v -7.488135 -4.170512 18.183506
v -8.037042 -1.608478 11.672822
v -7.202800 -1.530279 11.817338
v -7.381454 -1.163130 9.721015
v -8.289139 -1.236698 9.543597
v -7.428978 -4.410787 18.389164
v -7.811874 -4.424087 18.214916
v -7.746460 -4.621068 18.371281
v -7.380169 -4.618182 18.542660
v -1.401710 -1.732578 14.155976
v -3.220417 -1.766342 14.123326
v -3.231684 -2.253196 15.994832
v -1.410050 -2.214565 16.031696
v -9.530797 -1.793739 11.297761
v -8.822549 -1.700674 11.488706
v -9.159877 -1.324444 9.311830
v -9.954826 -1.414022 9.067157
v -4.855953 -1.032429 9.988988
v -6.260151 -1.094769 9.867566
v -6.158304 -1.458034 11.936646
v -4.826460 -1.392139 12.033986
v -7.520732 -2.551794 15.600129
v -6.834202 -2.475391 15.722768
v -7.016946 -1.971313 13.866498
v -7.776412 -2.050545 13.739743
v -11.184634 -0.363968 1.513432
v -10.167542 -0.275376 1.990942
v -10.441852 0.037322 -0.294674
v -11.528786 -0.049619 -0.813335
v -1.367813 -0.320973 5.777184
v -3.172004 -0.336558 5.708779
v -3.192731 -0.658707 7.954284
v -1.379473 -0.639465 8.008739
v -4.904169 0.231120 1.052649
v -6.585634 0.205081 0.816321
v -6.523309 -0.084469 2.990496
v -4.898647 -0.046757 3.199940
v -8.545658 -0.889748 7.297265
v -7.559462 -0.820128 7.517661
v -7.734776 -0.476500 5.185279
v -8.804605 -0.543145 4.917541
v -8.506224 -3.716232 17.172665
v -8.732870 -3.304058 16.478336
v -8.769618 -3.360645 16.448536
v -8.560150 -3.771389 17.127357
v -11.005836 -1.213623 6.410333
v -11.467741 -0.868695 3.800864
v -11.451214 -0.968998 3.783711
v -10.988824 -1.313645 6.392179
v -3.114765 0.251167 -0.361848
v -3.116696 0.353248 -0.347952
v -1.338724 0.356815 -0.262552
v -1.338112 0.254695 -0.276268
v -6.478947 -4.153468 18.432407
v -6.449114 -4.208653 18.370331
v -6.228997 -3.942210 18.207821
v -6.253949 -3.878921 18.263603
v -5.722834 -3.683879 18.234188
v -5.704218 -3.754180 18.184128
v -4.759536 -3.655505 18.290684
v -4.771370 -3.580510 18.336662
v -9.085046 -2.841285 15.174050
v -9.546843 -2.374346 13.280354
v -9.542485 -2.457275 13.257409
v -9.101274 -2.906677 15.150578
v -3.316131 -3.519439 18.438583
v -3.309971 -3.596906 18.394913
v -1.449877 -3.560674 18.438778
v -1.451773 -3.482436 18.481636
v -6.710950 -4.824277 18.817822
v -6.973053 -4.821300 18.725727
v -6.949296 -4.869781 18.639217
v -6.681319 -4.876178 18.733112
v -6.542083 -4.668494 18.766720
v -6.508933 -4.706737 18.693642
v -6.510078 -4.482345 18.556225
v -6.542861 -4.433825 18.623154
v -9.378827 0.252788 -1.464563
v -8.110133 0.298976 -1.088619
v -8.101838 0.197459 -1.103963
v -9.367501 0.151664 -1.480577
v -8.260667 -4.248775 17.789940
v -8.361055 -4.027766 17.548237
v -8.431196 -4.072520 17.477268
v -8.345468 -4.273589 17.689312
v -8.270066 -4.460052 17.855350
v -8.199000 -4.641570 18.001671
v -8.100696 -4.635207 18.130344
v -8.175723 -4.449504 17.976315
v -7.352943 -4.846501 18.474125
v -7.345203 -4.809428 18.572056
v -7.735451 -4.793031 18.391850
v -7.792734 -4.813304 18.276203
v -10.042386 -1.946052 11.129613
v -10.530728 -1.566616 8.858962
v -10.512736 -1.666031 8.838758
v -10.026294 -2.041652 11.107137
v -11.763126 0.094993 -2.512990
v -10.625042 0.179393 -1.970382
v -10.611056 0.078662 -1.987012
v -11.747293 -0.005387 -2.529998
v -11.922523 -0.517457 1.122891
v -12.317219 -0.201535 -1.234855
v -12.300868 -0.301900 -1.251602
v -11.906193 -0.617860 1.106095
v -6.623892 0.327342 -0.780818
v -4.904675 0.344295 -0.524477
v -4.901138 0.242309 -0.538719
v -6.618285 0.225532 -0.795551
v -6.521869 -4.814651 18.812965
v -6.519999 -4.881637 18.762184
v -6.484271 -4.888207 18.747475
v -6.494264 -4.839892 18.754337
v -8.053867 -4.746127 18.219471
v -8.153183 -4.752015 18.089008
v -8.067884 -4.788880 18.147396
v -7.977021 -4.780057 18.275047
v -12.426721 0.041389 -2.844468
v -12.410013 -0.058705 -2.861373
v -12.523171 -0.118684 -2.603963
v -12.539822 -0.018544 -2.587234
v -8.709188 -3.268348 16.498516
v -8.472847 -3.681743 17.202297
v -8.396520 -3.659431 17.238285
v -8.630722 -3.243690 16.529831
v -11.473869 -0.807530 3.813086
v -11.012295 -1.152607 6.422824
v -10.882481 -1.118670 6.478292
v -11.333861 -0.773365 3.882540
v -1.339110 0.418281 -0.250726
v -3.117896 0.414680 -0.336006
v -3.120935 0.396304 -0.019010
v -1.340629 0.400596 0.065787
v -6.496847 -4.115222 18.478050
v -6.269273 -3.836112 18.305756
v -6.343222 -3.802306 18.274429
v -6.552098 -4.105519 18.479713
v -5.734717 -3.636787 18.272766
v -4.779386 -3.530189 18.372288
v -4.780307 -3.453964 18.302399
v -5.781549 -3.569949 18.207329
v -9.546329 -2.323101 13.295693
v -9.072933 -2.800239 15.190076
v -8.988908 -2.772415 15.219518
v -9.453031 -2.291227 13.326596
v -3.320596 -3.467250 18.472473
v -1.453204 -3.429618 18.514980
v -1.451051 -3.351285 18.442245
v -3.316473 -3.389529 18.400066
v -6.988244 -4.788745 18.776016
v -6.728499 -4.791320 18.864792
v -6.738470 -4.745418 18.858166
v -6.999166 -4.743220 18.769917
v -6.563098 -4.634402 18.819256
v -6.562342 -4.399192 18.671349
v -6.610950 -4.388709 18.674931
v -6.609991 -4.617497 18.820969
v -8.114949 0.359996 -1.075611
v -9.385313 0.313560 -1.450998
v -9.359272 0.288768 -1.117301
v -8.098353 0.336604 -0.747343
v -8.318494 -3.999624 17.592968
v -8.209784 -4.232333 17.851826
v -8.133824 -4.220580 17.900208
v -8.242515 -3.981689 17.635250
v -8.119445 -4.441356 18.049870
v -8.042493 -4.629416 18.207935
v -7.969625 -4.624724 18.259979
v -8.044465 -4.434291 18.101738
v -7.704422 -4.776885 18.458740
v -7.342588 -4.783378 18.628784
v -7.351267 -4.740584 18.623619
v -7.708344 -4.738227 18.455223
v -10.537803 -1.505917 8.872468
v -10.048452 -1.887516 11.144460
v -9.943215 -1.853405 11.179963
v -10.419631 -1.471767 8.915938
v -10.632812 0.239932 -1.956209
v -11.771531 0.155253 -2.498611
v -11.724179 0.128951 -2.154357
v -10.595969 0.214301 -1.616704
v -12.323390 -0.140599 -1.222246
v -11.928482 -0.456265 1.135270
v -11.777757 -0.422002 1.215969
v -12.162705 -0.106912 -1.135236
v -4.906812 0.405650 -0.512294
v -6.627191 0.388568 -0.768281
v -6.619628 0.366962 -0.445009
v -4.906817 0.385890 -0.193094
v -6.191437 -3.995525 18.191051
v -6.401244 -4.249297 18.343559
v -6.337555 -4.267230 18.362659
v -6.143306 -4.029933 18.223282
v -4.747304 -3.724696 18.286400
v -5.679511 -3.817634 18.175335
v -5.650475 -3.864679 18.217274
v -4.736056 -3.778106 18.332905
v -1.449029 -3.632739 18.437737
v -3.305827 -3.668529 18.392933
v -3.304587 -3.724090 18.441521
v -1.449533 -3.688327 18.487316
v -6.456263 -4.512622 18.521561
v -6.455646 -4.729217 18.657360
v -6.385550 -4.726600 18.660419
v -6.383776 -4.517173 18.530224
v 5.685840 -4.791541 18.904663
v 5.694497 -4.747096 18.898392
v 5.649755 -4.763167 18.896942
v 7.093409 -4.740485 18.296703
v 7.022849 -4.737517 18.346657
v 7.023008 -4.771716 18.349266
v 11.532289 0.101119 -2.831138
v 11.478985 0.073390 -2.486015
v 11.644332 0.041488 -2.574689
v 5.587566 -4.869534 18.773975
v 5.617633 -4.809831 18.816139
v 5.592015 -4.834769 18.760250
v 5.547659 -4.851813 18.728050
v 5.496663 -4.848596 18.727329
v 5.540972 -4.885093 18.741482
v -6.589645 -4.790214 18.907227
v -6.553621 -4.762206 18.899204
v -6.597312 -4.747096 18.898392
v -7.996227 -4.740485 18.296700
v -7.925824 -4.771716 18.349266
v -7.925666 -4.737517 18.346657
v -12.435100 0.101119 -2.831142
v -12.547143 0.041488 -2.574693
v -12.381796 0.073390 -2.486018
v -6.537586 -4.806949 18.866753
v -6.576020 -4.817576 18.868198
v -6.554549 -4.856521 18.804119
v -6.450363 -4.852836 18.726864
v -6.443697 -4.885913 18.740540
v -6.399479 -4.848596 18.727329
vn 0.3311 0.7039 0.6284
vn 0.3599 0.6525 0.6668
vn 0.3453 0.6948 0.6309
vn 0.3087 0.7716 0.5562
vn 0.3223 0.7639 0.5591
vn 0.3163 0.7136 0.6251
vn 0.3454 0.6621 0.6651
vn 0.2949 0.7796 0.5525
vn 0.2595 0.8830 0.3911
vn 0.2966 0.8286 0.4748
vn 0.2720 0.8780 0.3940
vn 0.2479 0.8877 0.3879
vn 0.2835 0.8349 0.4718
vn 0.2709 0.8409 0.4685
vn 0.2564 0.8477 0.4644
vn 0.2182 0.8984 0.3810
vn 0.2382 0.8551 0.4606
vn 0.2789 0.7882 0.5486
vn 0.2586 0.7976 0.5449
vn 0.2348 0.8928 0.3845
vn 0.3115 0.6829 0.6607
vn 0.2763 0.7354 0.6187
vn 0.2875 0.6949 0.6591
vn 0.3298 0.6721 0.6630
vn 0.2988 0.7240 0.6217
vn 0.1657 0.9723 0.1646
vn 0.1755 0.9690 0.1738
vn 0.1740 0.9708 0.1653
vn 0.1662 0.9731 0.1595
vn 0.1741 0.9716 0.1601
vn 0.1584 0.9736 0.1641
vn 0.1675 0.9706 0.1726
vn 0.1585 0.9744 0.1592
vn 0.1685 0.9733 0.1559
vn 0.1753 0.9718 0.1575
vn 0.1761 0.9717 0.1573
vn 0.1593 0.9750 0.1549
vn 0.1673 0.9734 0.1568
vn 0.1592 0.9748 0.1562
vn 0.1490 0.9766 0.1554
vn 0.1330 0.9795 0.1514
vn 0.1348 0.9788 0.1540
vn 0.1491 0.9760 0.1587
vn 0.1360 0.9781 0.1575
vn 0.1482 0.9770 0.1534
vn 0.1515 0.9737 0.1699
vn 0.1369 0.9772 0.1622
vn 0.1399 0.9758 0.1680
vn 0.1602 0.9721 0.1714
vn 0.1495 0.9752 0.1634
vn 0.0285 0.9819 0.1874
vn 0.0416 0.9774 0.2072
vn 0.0391 0.9813 0.1885
vn 0.0268 0.9847 0.1722
vn 0.0372 0.9842 0.1730
vn 0.0189 0.9823 0.1863
vn 0.0306 0.9782 0.2056
vn 0.0175 0.9850 0.1714
vn 0.0244 0.9879 0.1529
vn 0.0358 0.9863 0.1613
vn 0.0345 0.9876 0.1534
vn 0.0156 0.9882 0.1524
vn 0.0255 0.9867 0.1606
vn 0.0164 0.9870 0.1600
vn 0.0081 0.9872 0.1595
vn -0.0000 0.9884 0.1519
vn -0.0000 0.9872 0.1593
vn 0.0088 0.9853 0.1707
vn -0.0000 0.9854 0.1704
vn 0.0076 0.9883 0.1521
vn 0.0105 0.9791 0.2032
vn -0.0000 0.9827 0.1851
vn -0.0000 0.9792 0.2028
vn 0.0204 0.9787 0.2042
vn 0.0096 0.9826 0.1854
vn 0.0183 0.9916 0.1280
vn 0.0276 0.9907 0.1331
vn 0.0252 0.9913 0.1293
vn 0.0165 0.9920 0.1250
vn 0.0228 0.9917 0.1265
vn 0.0119 0.9918 0.1272
vn 0.0200 0.9910 0.1320
vn 0.0107 0.9922 0.1240
vn 0.0134 0.9928 0.1194
vn 0.0205 0.9921 0.1239
vn 0.0187 0.9925 0.1210
vn 0.0086 0.9929 0.1182
vn 0.0148 0.9924 0.1224
vn 0.0096 0.9926 0.1213
vn 0.0047 0.9927 0.1206
vn -0.0000 0.9931 0.1173
vn -0.0000 0.9927 0.1204
vn 0.0052 0.9923 0.1234
vn -0.0000 0.9924 0.1232
vn 0.0042 0.9931 0.1175
vn 0.0064 0.9914 0.1310
vn -0.0000 0.9920 0.1265
vn -0.0000 0.9914 0.1309
vn 0.0130 0.9913 0.1314
vn 0.0058 0.9919 0.1266
vn 0.2334 0.6916 0.6835
vn 0.2112 0.7337 0.6459
vn 0.2251 0.6899 0.6880
vn 0.2375 0.6577 0.7149
vn 0.2231 0.6531 0.7236
vn 0.2475 0.6884 0.6818
vn 0.2227 0.7234 0.6535
vn 0.2540 0.6568 0.7100
vn 0.2436 0.5851 0.7735
vn 0.2187 0.6195 0.7539
vn 0.2197 0.5848 0.7809
vn 0.2663 0.5830 0.7676
vn 0.2397 0.6219 0.7455
vn 0.2601 0.6209 0.7395
vn 0.2835 0.6158 0.7351
vn 0.3201 0.5690 0.7574
vn 0.3113 0.6066 0.7316
vn 0.2756 0.6514 0.7069
vn 0.3026 0.6418 0.7046
vn 0.2918 0.5780 0.7621
vn 0.2611 0.7061 0.6582
vn 0.2950 0.6716 0.6797
vn 0.2392 0.7152 0.6568
vn 0.2683 0.6817 0.6807
vn 0.0869 0.9028 0.4212
vn 0.0595 0.9364 0.3458
vn 0.0646 0.9061 0.4180
vn 0.0956 0.8639 0.4946
vn 0.0692 0.8681 0.4915
vn 0.1105 0.8973 0.4273
vn 0.0785 0.9338 0.3491
vn 0.1240 0.8558 0.5023
vn 0.1087 0.7978 0.5931
vn 0.0731 0.8271 0.5572
vn 0.0756 0.8034 0.5906
vn 0.1458 0.7863 0.6004
vn 0.1036 0.8220 0.5600
vn 0.1371 0.8115 0.5681
vn 0.1683 0.7952 0.5825
vn 0.1880 0.7786 0.5987
vn 0.1500 0.8445 0.5141
vn 0.1692 0.8340 0.5252
vn 0.1835 0.7668 0.6151
vn 0.1175 0.9259 0.3592
vn 0.1509 0.8840 0.4424
vn 0.1350 0.9212 0.3650
vn 0.0977 0.9303 0.3536
vn 0.1323 0.8907 0.4349
vn 0.0386 0.9895 0.1391
vn 0.0298 0.9900 0.1377
vn 0.0412 0.9888 0.1437
vn 0.0316 0.9893 0.1425
vn 0.0476 0.9889 0.1409
vn 0.0357 0.9902 0.1347
vn 0.0509 0.9881 0.1454
vn 0.0454 0.9870 0.1541
vn 0.0332 0.9885 0.1478
vn 0.0561 0.9863 0.1552
vn 0.0435 0.9879 0.1487
vn 0.0537 0.9872 0.1501
vn 0.0642 0.9863 0.1518
vn 0.0787 0.9842 0.1584
vn 0.0755 0.9852 0.1537
vn 0.0609 0.9872 0.1473
vn 0.0721 0.9862 0.1494
vn 0.0670 0.9854 0.1566
vn 0.0534 0.9888 0.1391
vn 0.0684 0.9870 0.1453
vn 0.0644 0.9878 0.1415
vn 0.0441 0.9896 0.1368
vn 0.0573 0.9881 0.1431
vn 0.2405 0.9129 0.3298
vn 0.2524 0.9087 0.3326
vn 0.2268 0.9295 0.2908
vn 0.2375 0.9261 0.2932
vn 0.2297 0.9167 0.3270
vn 0.2167 0.9328 0.2880
vn 0.2040 0.9496 0.2379
vn 0.2257 0.9376 0.2647
vn 0.2139 0.9467 0.2408
vn 0.1949 0.9523 0.2349
vn 0.2152 0.9408 0.2619
vn 0.2056 0.9437 0.2591
vn 0.1953 0.9467 0.2561
vn 0.1714 0.9583 0.2285
vn 0.1808 0.9504 0.2532
vn 0.2052 0.9363 0.2851
vn 0.1906 0.9402 0.2822
vn 0.1846 0.9551 0.2318
vn 0.2022 0.9253 0.3209
vn 0.2176 0.9207 0.3240
vn 0.0148 0.9085 0.4175
vn -0.0000 0.9394 0.3429
vn -0.0000 0.9085 0.4178
vn 0.0150 0.8697 0.4934
vn -0.0000 0.8695 0.4940
vn 0.0297 0.9085 0.4168
vn 0.0146 0.9393 0.3427
vn 0.0301 0.8698 0.4925
vn 0.0147 0.8031 0.5956
vn -0.0000 0.8271 0.5621
vn -0.0000 0.8025 0.5967
vn 0.0305 0.8042 0.5935
vn 0.0149 0.8275 0.5612
vn 0.0305 0.8282 0.5596
vn 0.0489 0.8287 0.5576
vn 0.0474 0.8698 0.4912
vn 0.0495 0.8048 0.5914
vn 0.0426 0.9380 0.3441
vn 0.0281 0.9388 0.3432
vn 0.0453 0.9078 0.4170
vn 0.0582 0.9712 0.2312
vn 0.0452 0.9725 0.2286
vn 0.0640 0.9642 0.2574
vn 0.0495 0.9658 0.2544
vn 0.0721 0.9695 0.2342
vn 0.0537 0.9764 0.2091
vn 0.0792 0.9621 0.2611
vn 0.0546 0.9556 0.2896
vn 0.0707 0.9535 0.2930
vn 0.0877 0.9508 0.2972
vn 0.1050 0.9476 0.3019
vn 0.1217 0.9441 0.3064
vn 0.0950 0.9595 0.2651
vn 0.1113 0.9567 0.2689
vn 0.0806 0.9736 0.2136
vn 0.1028 0.9651 0.2407
vn 0.0959 0.9716 0.2162
vn 0.0669 0.9752 0.2111
vn 0.0869 0.9675 0.2374
vn 0.2464 0.5505 0.7977
vn 0.2209 0.5518 0.8042
vn 0.2487 0.5208 0.8167
vn 0.2224 0.5236 0.8225
vn 0.2717 0.5480 0.7911
vn 0.2748 0.5175 0.8104
vn 0.2534 0.4708 0.8451
vn 0.2250 0.4990 0.8369
vn 0.2296 0.4766 0.8486
vn 0.2796 0.4654 0.8398
vn 0.2510 0.4950 0.8319
vn 0.2772 0.4909 0.8260
vn 0.3054 0.4863 0.8187
vn 0.3393 0.4546 0.8235
vn 0.3359 0.4802 0.8103
vn 0.3024 0.5127 0.8035
vn 0.3323 0.5057 0.7961
vn 0.3082 0.4608 0.8323
vn 0.3273 0.5347 0.7791
vn 0.2980 0.5427 0.7853
vn 0.2505 0.7464 0.6165
vn 0.2340 0.8077 0.5412
vn 0.2263 0.7570 0.6130
vn 0.2096 0.8170 0.5372
vn 0.1976 0.9047 0.3774
vn 0.1750 0.9111 0.3733
vn 0.2158 0.8630 0.4568
vn 0.1919 0.8707 0.4528
vn 0.1698 0.8779 0.4477
vn 0.1872 0.8254 0.5327
vn 0.1533 0.9164 0.3697
vn 0.2051 0.7665 0.6086
vn 0.1107 0.9830 0.1466
vn 0.1299 0.9802 0.1495
vn 0.1065 0.9837 0.1446
vn 0.1261 0.9809 0.1478
vn 0.0914 0.9854 0.1437
vn 0.1145 0.9822 0.1490
vn 0.0874 0.9861 0.1414
vn 0.0991 0.9852 0.1397
vn 0.1216 0.9818 0.1461
vn 0.1181 0.9826 0.1435
vn 0.0795 0.9874 0.1366
vn 0.1024 0.9845 0.1426
vn 0.0830 0.9868 0.1393
vn 0.0658 0.9885 0.1363
vn 0.0490 0.9902 0.1307
vn 0.0521 0.9897 0.1335
vn 0.0697 0.9879 0.1385
vn 0.0555 0.9892 0.1359
vn 0.0625 0.9891 0.1335
vn 0.0784 0.9865 0.1439
vn 0.0601 0.9886 0.1383
vn 0.0955 0.9846 0.1464
vn 0.0741 0.9873 0.1409
vn 0.3193 0.6601 0.6799
vn 0.3275 0.6310 0.7032
vn 0.3373 0.6502 0.6808
vn 0.3454 0.6220 0.7027
vn 0.3451 0.5596 0.7535
vn 0.3619 0.5525 0.7508
vn 0.3363 0.5963 0.7289
vn 0.3538 0.5881 0.7273
vn 0.3677 0.5814 0.7258
vn 0.3902 0.5396 0.7461
vn 0.3827 0.5739 0.7240
vn 0.3600 0.6143 0.7021
vn 0.3751 0.6062 0.7013
vn 0.3754 0.5466 0.7485
vn 0.3677 0.6325 0.6817
vn 0.3527 0.6414 0.6814
vn 0.1453 0.9682 0.2036
vn 0.1618 0.9649 0.2071
vn 0.1371 0.9729 0.1863
vn 0.1527 0.9699 0.1897
vn 0.1262 0.9716 0.2003
vn 0.1540 0.9620 0.2253
vn 0.1192 0.9759 0.1831
vn 0.1249 0.9783 0.1655
vn 0.1451 0.9735 0.1766
vn 0.1083 0.9807 0.1630
vn 0.1301 0.9762 0.1736
vn 0.1131 0.9788 0.1706
vn 0.0964 0.9811 0.1679
vn 0.0821 0.9828 0.1657
vn 0.1014 0.9784 0.1802
vn 0.0859 0.9803 0.1779
vn 0.0923 0.9827 0.1605
vn 0.1137 0.9691 0.2190
vn 0.0904 0.9767 0.1948
vn 0.1338 0.9658 0.2220
vn 0.1072 0.9745 0.1973
vn 0.3522 0.5266 0.7737
vn 0.3572 0.4990 0.7895
vn 0.3686 0.5208 0.7700
vn 0.3734 0.4945 0.7849
vn 0.3649 0.4487 0.8158
vn 0.3809 0.4461 0.8099
vn 0.3610 0.4745 0.8028
vn 0.3771 0.4712 0.7974
vn 0.3893 0.4687 0.7929
vn 0.4054 0.4436 0.7993
vn 0.4036 0.4643 0.7884
vn 0.3861 0.4907 0.7811
vn 0.4009 0.4849 0.7773
vn 0.3925 0.4452 0.8049
vn 0.3965 0.5093 0.7639
vn 0.3816 0.5159 0.7669
vn 0.0115 0.9745 0.2239
vn -0.0000 0.9746 0.2240
vn 0.0126 0.9683 0.2495
vn -0.0000 0.9685 0.2492
vn 0.0223 0.9741 0.2249
vn 0.0243 0.9678 0.2505
vn -0.0000 0.9585 0.2851
vn 0.0135 0.9583 0.2853
vn 0.0263 0.9578 0.2861
vn 0.0394 0.9570 0.2875
vn 0.0363 0.9670 0.2521
vn 0.0332 0.9734 0.2265
vn 0.1924 0.9571 0.2168
vn 0.2017 0.9545 0.2196
vn 0.1817 0.9631 0.1986
vn 0.1905 0.9609 0.2011
vn 0.1839 0.9594 0.2137
vn 0.1737 0.9651 0.1959
vn 0.1814 0.9657 0.1858
vn 0.1736 0.9675 0.1838
vn 0.1655 0.9693 0.1817
vn 0.1567 0.9712 0.1793
vn 0.1646 0.9673 0.1929
vn 0.1743 0.9619 0.2105
vn 0.0469 0.9857 0.1619
vn 0.0485 0.9836 0.1738
vn 0.0581 0.9849 0.1628
vn 0.0602 0.9828 0.1748
vn 0.0507 0.9805 0.1897
vn 0.0629 0.9796 0.1911
vn 0.0760 0.9783 0.1928
vn 0.0725 0.9817 0.1761
vn 0.0697 0.9840 0.1640
vn 0.1827 0.9305 0.3176
vn 0.1718 0.9448 0.2790
vn 0.1608 0.9356 0.3142
vn 0.1503 0.9494 0.2758
vn 0.1627 0.9545 0.2501
vn 0.1417 0.9586 0.2469
vn 0.1214 0.9622 0.2436
vn 0.1295 0.9534 0.2725
vn 0.1398 0.9402 0.3105
vn 0.1668 0.9735 0.1561
vn 0.1749 0.9719 0.1578
vn 0.1640 0.9741 0.1557
vn 0.1719 0.9724 0.1576
vn 0.1579 0.9754 0.1541
vn 0.1545 0.9760 0.1534
vn 0.1565 0.9758 0.1525
vn 0.1680 0.9732 0.1568
vn 0.1634 0.9744 0.1545
vn 0.1473 0.9777 0.1497
vn 0.1604 0.9748 0.1547
vn 0.1513 0.9767 0.1521
vn 0.1388 0.9790 0.1493
vn 0.1425 0.9782 0.1508
vn 0.1348 0.9799 0.1469
vn 0.1456 0.9776 0.1523
vn 0.0067 0.9907 0.1361
vn -0.0000 0.9907 0.1361
vn 0.0070 0.9899 0.1413
vn -0.0000 0.9900 0.1413
vn 0.0138 0.9906 0.1363
vn 0.0144 0.9898 0.1415
vn -0.0000 0.9892 0.1466
vn 0.0073 0.9892 0.1466
vn 0.0150 0.9890 0.1468
vn 0.0235 0.9888 0.1472
vn 0.0225 0.9896 0.1419
vn 0.0214 0.9904 0.1368
vn 0.0266 0.9917 0.1259
vn 0.0294 0.9913 0.1284
vn 0.0335 0.9912 0.1282
vn 0.0241 0.9921 0.1232
vn 0.0367 0.9908 0.1306
vn 0.0325 0.9908 0.1311
vn 0.0403 0.9903 0.1333
vn 0.0492 0.9895 0.1357
vn 0.0452 0.9901 0.1331
vn 0.0388 0.9910 0.1280
vn 0.0306 0.9916 0.1256
vn 0.0417 0.9905 0.1308
vn 0.1218 0.9795 0.1602
vn 0.1195 0.9805 0.1558
vn 0.1049 0.9819 0.1580
vn 0.1020 0.9829 0.1537
vn 0.1170 0.9814 0.1522
vn 0.0990 0.9837 0.1498
vn 0.0822 0.9856 0.1475
vn 0.0856 0.9847 0.1515
vn 0.0889 0.9838 0.1558
vn 0.7851 0.3245 0.5275
vn 0.7827 0.2941 0.5485
vn 0.7744 0.3060 0.5538
vn 0.7823 0.3304 0.5280
vn 0.7707 0.3120 0.5556
vn 0.8099 0.3455 0.4740
vn 0.7923 0.3130 0.5237
vn 0.8083 0.3513 0.4724
vn 0.7811 0.3391 0.5244
vn 0.7695 0.3150 0.5556
vn 0.7689 0.3177 0.5548
vn 0.8080 0.3611 0.4656
vn 0.7813 0.3343 0.5272
vn 0.8081 0.3556 0.4696
vn 0.8505 0.3421 0.3995
vn 0.9055 0.2746 0.3235
vn 0.9051 0.2701 0.3285
vn 0.8497 0.3384 0.4044
vn 0.9031 0.2687 0.3350
vn 0.8505 0.3476 0.3947
vn 0.8498 0.3306 0.4106
vn 0.9005 0.2697 0.3412
vn 0.8961 0.2765 0.3471
vn 0.8145 0.3359 0.4730
vn 0.8493 0.3347 0.4083
vn 0.9724 -0.1742 0.1553
vn 0.9760 -0.1363 0.1696
vn 0.9700 -0.1809 0.1622
vn 0.9694 -0.1925 0.1524
vn 0.9669 -0.1994 0.1592
vn 0.9741 -0.1694 0.1500
vn 0.9782 -0.1294 0.1623
vn 0.9712 -0.1875 0.1473
vn 0.9676 -0.2026 0.1510
vn 0.9655 -0.2069 0.1581
vn 0.9650 -0.2093 0.1578
vn 0.9693 -0.1979 0.1458
vn 0.9680 -0.2002 0.1513
vn 0.9698 -0.1955 0.1461
vn 0.9709 -0.1924 0.1424
vn 0.9712 -0.1928 0.1398
vn 0.9717 -0.1902 0.1402
vn 0.9723 -0.1844 0.1436
vn 0.9730 -0.1825 0.1413
vn 0.9705 -0.1948 0.1420
vn 0.9807 -0.1216 0.1531
vn 0.9758 -0.1641 0.1442
vn 0.9813 -0.1198 0.1509
vn 0.9797 -0.1247 0.1568
vn 0.9751 -0.1664 0.1464
vn -0.0720 0.1285 -0.9891
vn -0.0970 0.1282 -0.9870
vn -0.0721 0.1258 -0.9894
vn -0.0474 0.1268 -0.9908
vn -0.0475 0.1241 -0.9911
vn -0.0718 0.1363 -0.9881
vn -0.0971 0.1310 -0.9866
vn -0.0473 0.1346 -0.9898
vn -0.0000 0.1256 -0.9921
vn -0.0234 0.1232 -0.9921
vn -0.0000 0.1229 -0.9924
vn -0.0000 0.1333 -0.9911
vn -0.0234 0.1255 -0.9918
vn -0.0233 0.1336 -0.9908
vn -0.0232 0.1516 -0.9882
vn -0.0000 0.1960 -0.9806
vn -0.0230 0.1959 -0.9804
vn -0.0471 0.1526 -0.9872
vn -0.0466 0.1970 -0.9793
vn -0.0000 0.1512 -0.9885
vn -0.0962 0.1567 -0.9830
vn -0.0707 0.1987 -0.9775
vn -0.0951 0.2011 -0.9749
vn -0.0966 0.1387 -0.9856
vn -0.0715 0.1540 -0.9855
vn -0.8979 -0.1024 0.4281
vn -0.9333 0.0323 0.3577
vn -0.8939 -0.0932 0.4385
vn -0.7795 -0.2887 0.5559
vn -0.7774 -0.2795 0.5635
vn -0.8775 -0.0614 0.4756
vn -0.9382 0.0238 0.3453
vn -0.7590 -0.2467 0.6025
vn -0.2794 -0.5913 0.7565
vn -0.5562 -0.4674 0.6871
vn -0.2806 -0.5861 0.7601
vn -0.2593 -0.5436 0.7983
vn -0.5561 -0.4749 0.6821
vn -0.5348 -0.4305 0.7271
vn -0.4808 -0.3189 0.8168
vn -0.1046 -0.1379 0.9849
vn -0.3313 -0.0533 0.9420
vn -0.6998 -0.1424 0.7000
vn -0.5181 0.0948 0.8501
vn -0.2140 -0.4249 0.8796
vn -0.8486 0.1563 0.5055
vn -0.6110 0.2442 0.7530
vn -0.6322 0.3368 0.6978
vn -0.9166 0.0638 0.3946
vn -0.8143 0.0370 0.5793
vn -0.0737 -0.6204 0.7808
vn -0.0753 -0.6155 0.7845
vn 0.0167 -0.6070 0.7945
vn 0.0159 -0.6003 0.7996
vn -0.0569 -0.5699 0.8198
vn 0.0298 -0.5531 0.8326
vn 0.0349 -0.5655 0.8240
vn 0.0428 -0.5762 0.8162
vn 0.0350 -0.5544 0.8315
vn 0.0412 -0.5073 0.8608
vn 0.0431 -0.5852 0.8097
vn 0.0525 -0.5287 0.8472
vn 0.0710 -0.3886 0.9186
vn 0.0733 -0.0313 0.9968
vn 0.1017 -0.0616 0.9929
vn 0.0559 -0.4199 0.9059
vn 0.1039 -0.1023 0.9893
vn 0.0535 -0.3627 0.9304
vn 0.0517 -0.1412 0.9886
vn -0.0217 -0.4446 0.8955
vn 0.9480 0.1456 0.2829
vn 0.9514 0.1375 0.2754
vn 0.9707 0.0130 0.2401
vn 0.9416 0.1675 0.2921
vn 0.9726 -0.0005 0.2325
vn 0.9545 0.1378 0.2644
vn 0.9748 -0.0051 0.2230
vn 0.9538 0.1353 0.2683
vn 0.9741 -0.0058 0.2260
vn 0.9735 -0.1138 0.1984
vn 0.9664 -0.1824 0.1813
vn 0.9663 -0.1810 0.1828
vn 0.9732 -0.1070 0.2036
vn 0.9670 -0.1736 0.1866
vn 0.9739 -0.1143 0.1962
vn 0.9738 -0.0501 0.2220
vn 0.9688 -0.1563 0.1923
vn 0.9726 -0.1134 0.2032
vn 0.9668 0.0472 0.2512
vn 0.9734 -0.0907 0.2105
vn 0.0185 -0.5520 0.8337
vn 0.0188 -0.5397 0.8417
vn 0.0087 -0.5443 0.8389
vn 0.0089 -0.5314 0.8471
vn 0.0224 -0.4927 0.8699
vn 0.0110 -0.4845 0.8747
vn -0.0000 -0.5401 0.8416
vn 0.0030 -0.5279 0.8493
vn -0.0000 -0.5271 0.8498
vn -0.0000 -0.4801 0.8772
vn 0.0028 -0.5408 0.8412
vn 0.0039 -0.4808 0.8768
vn 0.0062 -0.3320 0.9433
vn -0.0000 0.0037 1.0000
vn 0.0104 0.0027 0.9999
vn 0.0158 -0.3363 0.9416
vn 0.0241 -0.0027 0.9997
vn -0.0000 -0.3313 0.9435
vn 0.0434 -0.0129 0.9990
vn 0.0304 -0.3458 0.9378
vn 0.1565 -0.8570 0.4910
vn 0.1448 -0.8384 0.5255
vn 0.1327 -0.8573 0.4974
vn 0.1536 -0.8655 0.4768
vn 0.1278 -0.8646 0.4860
vn 0.1763 -0.8604 0.4782
vn 0.1667 -0.8349 0.5246
vn 0.1755 -0.8693 0.4620
vn 0.1547 -0.8698 0.4685
vn 0.1265 -0.8677 0.4807
vn 0.1265 -0.8684 0.4794
vn 0.1810 -0.8734 0.4522
vn 0.1538 -0.8692 0.4700
vn 0.1781 -0.8731 0.4538
vn 0.1981 -0.8810 0.4296
vn 0.2145 -0.8941 0.3931
vn 0.2080 -0.8939 0.3970
vn 0.1932 -0.8776 0.4387
vn 0.2010 -0.8914 0.4063
vn 0.2032 -0.8806 0.4280
vn 0.2003 -0.8454 0.4952
vn 0.1988 -0.8834 0.4243
vn 0.2100 -0.8596 0.4659
vn 0.1852 -0.8369 0.5150
vn 0.1920 -0.8690 0.4561
vn -0.9489 0.2102 0.2354
vn -0.9425 0.2144 0.2563
vn -0.9431 0.2187 0.2506
vn -0.9514 0.1665 0.2591
vn -0.9455 0.1756 0.2742
vn -0.9256 0.2405 0.2923
vn -0.9470 0.2198 0.2342
vn -0.9277 0.2011 0.3145
vn -0.9440 0.1116 0.3107
vn -0.9491 0.1037 0.2974
vn -0.9262 0.1414 0.3496
vn -0.8548 0.2265 0.4670
vn -0.6316 0.3836 0.6738
vn -0.8538 0.2794 0.4393
vn -0.6278 0.4160 0.6579
vn -0.8497 0.3056 0.4297
vn -0.6241 0.4310 0.6518
vn -0.6219 0.4112 0.6665
vn -0.9240 0.2455 0.2932
vn -0.8513 0.3108 0.4227
vn -0.3161 0.2014 -0.9271
vn -0.3501 0.2551 -0.9013
vn -0.3565 0.2113 -0.9101
vn -0.3185 0.1834 -0.9300
vn -0.3593 0.1935 -0.9129
vn -0.2729 0.1915 -0.9428
vn -0.3106 0.2455 -0.9183
vn -0.2749 0.1737 -0.9457
vn -0.3203 0.1729 -0.9314
vn -0.3608 0.1856 -0.9140
vn -0.3612 0.1832 -0.9143
vn -0.2764 0.1631 -0.9471
vn -0.3200 0.1753 -0.9311
vn -0.2761 0.1653 -0.9468
vn -0.2346 0.1559 -0.9595
vn -0.1995 0.1464 -0.9689
vn -0.1993 0.1490 -0.9685
vn -0.2335 0.1644 -0.9584
vn -0.1985 0.1568 -0.9675
vn -0.2347 0.1540 -0.9598
vn -0.2282 0.2272 -0.9467
vn -0.1973 0.1749 -0.9646
vn -0.1943 0.2200 -0.9559
vn -0.2683 0.2360 -0.9340
vn -0.2319 0.1825 -0.9555
vn 0.7733 0.2484 0.5834
vn 0.7866 0.2088 0.5810
vn 0.7792 0.2164 0.5882
vn 0.7700 0.2506 0.5868
vn 0.7764 0.2174 0.5916
vn 0.7697 0.2779 0.5748
vn 0.7814 0.2393 0.5763
vn 0.7660 0.2820 0.5776
vn 0.7683 0.2536 0.5877
vn 0.7754 0.2154 0.5936
vn 0.7753 0.2167 0.5933
vn 0.7639 0.2881 0.5775
vn 0.7687 0.2497 0.5889
vn 0.7644 0.2834 0.5791
vn 0.7649 0.3057 0.5670
vn 0.7666 0.3027 0.5663
vn 0.7643 0.3095 0.5657
vn 0.7791 0.2853 0.5582
vn 0.7785 0.2669 0.5681
vn 0.7703 0.2973 0.5642
vn 0.7810 0.1901 0.5949
vn 0.7817 0.1919 0.5934
vn 0.7849 0.1720 0.5953
vn 0.7809 0.1908 0.5948
vn 0.7859 0.1726 0.5938
vn 0.7914 0.1834 0.5832
vn 0.7948 0.1641 0.5842
vn 0.7848 0.1900 0.5899
vn 0.7884 0.1710 0.5909
vn 0.7910 0.1554 0.5918
vn 0.7993 0.1322 0.5862
vn 0.7930 0.1395 0.5931
vn 0.7885 0.1575 0.5946
vn 0.7905 0.1418 0.5958
vn 0.7973 0.1484 0.5851
vn 0.7871 0.1594 0.5959
vn 0.7894 0.1424 0.5971
vn 0.7888 0.1458 0.5971
vn 0.7847 0.1730 0.5953
vn 0.7877 0.1573 0.5957
vn 0.2152 -0.9106 0.3529
vn 0.2204 -0.9114 0.3474
vn 0.2069 -0.9298 0.3043
vn 0.2121 -0.9301 0.2999
vn 0.2062 -0.9095 0.3610
vn 0.1959 -0.9304 0.3098
vn 0.1880 -0.9583 0.2152
vn 0.2002 -0.9469 0.2517
vn 0.1961 -0.9569 0.2142
vn 0.1720 -0.9620 0.2122
vn 0.1946 -0.9472 0.2549
vn 0.1811 -0.9494 0.2565
vn 0.1731 -0.9471 0.2702
vn 0.1647 -0.9507 0.2628
vn 0.1869 -0.9285 0.3208
vn 0.1903 -0.9258 0.3266
vn 0.2032 -0.9043 0.3755
vn 0.1602 -0.9621 0.2205
vn 0.2133 -0.8798 0.4248
vn 0.2021 -0.9030 0.3792
vn 0.9656 -0.1857 0.1823
vn 0.9629 -0.2033 0.1777
vn 0.9652 -0.1938 0.1753
vn 0.9711 -0.1420 0.1921
vn 0.9622 -0.2116 0.1716
vn 0.9614 -0.2129 0.1742
vn 0.9603 -0.2217 0.1693
vn 0.9617 -0.2110 0.1751
vn 0.9607 -0.2195 0.1699
vn 0.9625 -0.2157 0.1647
vn 0.9640 -0.2077 0.1660
vn 0.9620 -0.2181 0.1643
vn 0.9734 -0.1454 0.1771
vn 0.9714 -0.1496 0.1841
vn 0.9671 -0.1899 0.1691
vn -0.4171 0.2320 -0.8788
vn -0.4131 0.2678 -0.8704
vn -0.4190 0.2330 -0.8776
vn -0.4200 0.2156 -0.8816
vn -0.4215 0.2189 -0.8800
vn -0.4058 0.2275 -0.8852
vn -0.4100 0.2716 -0.8707
vn -0.4089 0.2104 -0.8880
vn -0.4220 0.2073 -0.8826
vn -0.4229 0.2126 -0.8809
vn -0.4235 0.2107 -0.8811
vn -0.4110 0.2007 -0.8893
vn -0.4215 0.2088 -0.8825
vn -0.4105 0.2027 -0.8891
vn -0.3915 0.1946 -0.8994
vn -0.3899 0.2028 -0.8982
vn -0.3920 0.1925 -0.8996
vn -0.3799 0.2631 -0.8868
vn -0.3985 0.2695 -0.8767
vn -0.3869 0.2204 -0.8954
vn 0.9762 -0.1634 0.1428
vn 0.9735 -0.1809 0.1400
vn 0.9764 -0.1632 0.1415
vn 0.9816 -0.1187 0.1496
vn 0.9737 -0.1809 0.1387
vn 0.9717 -0.1917 0.1383
vn 0.9720 -0.1911 0.1371
vn 0.9721 -0.1894 0.1387
vn 0.9724 -0.1888 0.1374
vn 0.9726 -0.1886 0.1361
vn 0.9725 -0.1906 0.1337
vn 0.9728 -0.1887 0.1340
vn 0.9738 -0.1812 0.1373
vn 0.9739 -0.1822 0.1352
vn 0.9722 -0.1908 0.1357
vn 0.9815 -0.1230 0.1466
vn 0.9762 -0.1675 0.1379
vn 0.9809 -0.1308 0.1441
vn 0.9817 -0.1193 0.1483
vn 0.9763 -0.1649 0.1400
vn -0.1690 0.1688 -0.9711
vn -0.1700 0.1507 -0.9739
vn -0.1442 0.1639 -0.9759
vn -0.1667 0.2134 -0.9626
vn -0.1449 0.1458 -0.9786
vn -0.1707 0.1403 -0.9753
vn -0.1455 0.1354 -0.9800
vn -0.1706 0.1426 -0.9750
vn -0.1454 0.1377 -0.9797
vn -0.1215 0.1337 -0.9835
vn -0.1211 0.1418 -0.9825
vn -0.1215 0.1314 -0.9839
vn -0.1190 0.2043 -0.9716
vn -0.1423 0.2084 -0.9676
vn -0.1205 0.1599 -0.9798
vn -0.8330 -0.1824 0.5223
vn -0.9426 0.1633 0.2912
vn -0.6109 -0.4631 0.6421
vn -0.9053 0.0089 0.4246
vn -0.3663 -0.6764 0.6389
vn -0.9062 -0.0224 0.4223
vn -0.1303 -0.7903 0.5986
vn -0.1430 -0.8170 0.5587
vn -0.5859 -0.4666 0.6625
vn -0.1530 -0.7837 0.6020
vn -0.0258 -0.8540 0.5196
vn -0.2485 -0.7505 0.6124
vn -0.0265 -0.8436 0.5363
vn 0.0803 -0.8642 0.4966
vn 0.0681 -0.8579 0.5093
vn 0.0789 -0.8663 0.4932
vn 0.0054 -0.8267 0.5626
vn -0.5046 -0.5864 0.6337
vn 0.0357 -0.8468 0.5307
vn 0.7970 -0.0440 0.6024
vn 0.8020 -0.0433 0.5958
vn 0.6316 -0.5870 0.5065
vn 0.6330 -0.5841 0.5081
vn 0.7949 -0.0517 0.6045
vn 0.6274 -0.5951 0.5022
vn 0.2748 -0.9147 0.2962
vn 0.2746 -0.9225 0.2711
vn 0.2817 -0.9218 0.2663
vn 0.2899 -0.9189 0.2675
vn 0.3514 -0.8850 0.3056
vn 0.6224 -0.6037 0.4981
vn 0.7291 -0.3777 0.5707
vn 0.7945 0.0500 0.6051
vn 0.7935 -0.0620 0.6054
vn -0.0989 0.1971 -0.9754
vn -0.0916 0.2343 -0.9678
vn 0.7738 -0.0057 -0.6334
vn 0.7782 0.0350 -0.6270
vn -0.1010 0.1828 -0.9780
vn 0.7719 -0.0224 -0.6354
vn 0.9901 -0.1278 0.0588
vn 0.9858 -0.1595 0.0535
vn 0.9838 -0.1719 0.0513
vn 0.9828 -0.1775 0.0503
vn 0.9825 -0.1791 0.0503
vn 0.7710 -0.0299 -0.6361
vn 0.7695 -0.0317 -0.6378
vn -0.1053 0.1740 -0.9791
vn -0.1026 0.1757 -0.9791
vn 0.7235 0.5169 0.4575
vn 0.7540 0.5237 0.3964
vn 0.4668 0.7389 0.4859
vn 0.4541 0.7895 0.4129
vn 0.7066 0.4799 0.5200
vn 0.4843 0.6714 0.5610
vn 0.3102 0.8624 0.4000
vn 0.3346 0.8111 0.4798
vn 0.3603 0.7442 0.5625
vn 0.3836 0.6730 0.6324
vn 0.3990 0.6294 0.6668
vn 0.5024 0.5989 0.6236
vn 0.5171 0.5531 0.6532
vn 0.7016 0.3913 0.5955
vn 0.7001 0.4281 0.5715
vn 0.8771 0.4333 0.2074
vn 0.8750 0.4380 0.2061
vn 0.3810 0.9061 0.1838
vn 0.3762 0.9083 0.1830
vn 0.8789 0.4275 0.2115
vn 0.3851 0.9036 0.1876
vn 0.2063 0.9651 0.1616
vn 0.2060 0.9651 0.1616
vn 0.2060 0.9647 0.1643
vn 0.2064 0.9636 0.1699
vn 0.2099 0.9612 0.1792
vn 0.3910 0.8995 0.1949
vn 0.4001 0.8930 0.2063
vn 0.8843 0.4070 0.2290
vn 0.8812 0.4193 0.2186
vn -0.0144 0.7697 -0.6382
vn -0.0000 0.7695 -0.6387
vn 0.0015 0.9998 0.0215
vn -0.0000 0.9998 0.0212
vn -0.0289 0.7704 -0.6369
vn 0.0033 0.9997 0.0223
vn -0.0000 0.9946 0.1041
vn 0.0036 0.9945 0.1043
vn 0.0075 0.9944 0.1051
vn 0.0117 0.9943 0.1062
vn 0.0164 0.9940 0.1079
vn 0.0054 0.9997 0.0237
vn 0.0079 0.9996 0.0255
vn -0.0582 0.7731 -0.6316
vn -0.0436 0.7716 -0.6347
vn -0.7117 0.1547 0.6853
vn -0.7549 0.2438 0.6089
vn -0.1893 0.5037 0.8429
vn -0.2285 0.5142 0.8267
vn -0.5867 0.0290 0.8092
vn -0.0964 0.4895 0.8667
vn 0.1363 0.5807 0.8026
vn 0.1463 0.6073 0.7809
vn 0.1740 0.6330 0.7543
vn 0.2040 0.6681 0.7156
vn 0.2059 0.7029 0.6808
vn 0.0457 0.5110 0.8584
vn 0.1327 0.5386 0.8321
vn -0.1092 -0.1085 0.9881
vn -0.3521 -0.0578 0.9342
vn 0.0390 -0.1170 0.9924
vn 0.1611 0.5595 0.8130
vn 0.0917 -0.0921 0.9915
vn 0.1483 0.5860 0.7967
vn 0.1881 0.7367 0.6495
vn 0.1504 0.7604 0.6319
vn 0.1121 0.7722 0.6254
vn 0.0775 0.7784 0.6230
vn 0.1176 0.6037 0.7885
vn 0.0820 0.6141 0.7849
vn 0.0685 -0.0432 0.9967
vn 0.0933 -0.0645 0.9935
vn 0.8683 0.3973 0.2970
vn 0.8855 0.3706 0.2803
vn 0.4575 0.8376 0.2987
vn 0.4552 0.8460 0.2776
vn 0.8390 0.4409 0.3190
vn 0.4549 0.8296 0.3237
vn 0.2543 0.9346 0.2487
vn 0.2667 0.9244 0.2726
vn 0.2778 0.9123 0.3008
vn 0.2914 0.8944 0.3394
vn 0.4517 0.8172 0.3580
vn 0.7983 0.4903 0.3497
vn 0.0409 -0.0302 0.9987
vn 0.0517 0.6186 0.7840
vn 0.0227 -0.0242 0.9994
vn 0.0308 0.6191 0.7847
vn 0.0501 0.7800 0.6237
vn 0.0305 0.7794 0.6257
vn 0.0144 0.7779 0.6282
vn -0.0000 0.7776 0.6287
vn 0.0143 0.6182 0.7859
vn -0.0000 0.6176 0.7865
vn -0.0000 -0.0222 0.9998
vn 0.0098 -0.0224 0.9997
vn 0.2812 -0.6202 0.7323
vn 0.3027 -0.6367 0.7092
vn 0.3494 -0.0409 0.9361
vn 0.3820 -0.0525 0.9227
vn 0.2592 -0.6098 0.7490
vn 0.3195 -0.0307 0.9471
vn 0.3550 0.3586 0.8634
vn 0.3228 0.3656 0.8730
vn 0.2934 0.3723 0.8805
vn 0.2672 0.3802 0.8855
vn 0.2456 0.3904 0.8873
vn 0.2931 -0.0217 0.9558
vn 0.2737 -0.0153 0.9617
vn 0.2173 -0.6112 0.7610
vn 0.2374 -0.6066 0.7588
vn -0.7891 0.3573 0.4997
vn -0.7972 0.3575 0.4865
vn -0.2889 0.5135 0.8080
vn -0.3017 0.5087 0.8064
vn -0.7797 0.3341 0.5296
vn -0.2686 0.5141 0.8146
vn 0.1263 0.4970 0.8585
vn 0.1225 0.5141 0.8489
vn 0.1256 0.5321 0.8373
vn 0.1304 0.5540 0.8222
vn -0.2505 0.5137 0.8206
vn -0.7711 0.2944 0.5646
vn -0.1264 0.7899 -0.6001
vn -0.1109 0.7850 -0.6095
vn 0.0377 0.9985 0.0405
vn 0.0277 0.9989 0.0371
vn -0.1441 0.7955 -0.5885
vn 0.0505 0.9978 0.0439
vn 0.0449 0.9920 0.1178
vn 0.0577 0.9910 0.1210
vn 0.0742 0.9895 0.1237
vn 0.0928 0.9875 0.1273
vn 0.1121 0.9851 0.1304
vn 0.0651 0.9968 0.0473
vn 0.0801 0.9955 0.0505
vn -0.1794 0.8058 -0.5644
vn -0.1625 0.8009 -0.5764
vn 0.7032 0.3758 0.6036
vn 0.5258 0.5322 0.6636
vn 0.7064 0.3526 0.6138
vn 0.5343 0.5050 0.6779
vn 0.4072 0.6096 0.6801
vn 0.4149 0.5836 0.6981
vn 0.4232 0.5512 0.7191
vn 0.4316 0.5165 0.7395
vn 0.5439 0.4712 0.6943
vn 0.5544 0.4349 0.7095
vn 0.7200 0.2880 0.6314
vn 0.7122 0.3218 0.6238
vn 0.7273 0.2587 0.6357
vn 0.5641 0.4030 0.7207
vn 0.7328 0.2362 0.6382
vn 0.5711 0.3786 0.7284
vn 0.4394 0.4856 0.7557
vn 0.4440 0.4621 0.7677
vn 0.4461 0.4435 0.7774
vn 0.4454 0.4277 0.7866
vn 0.5750 0.3602 0.7346
vn 0.5753 0.3466 0.7409
vn 0.7387 0.2033 0.6427
vn 0.7364 0.2187 0.6402
vn 0.3183 -0.7119 0.6260
vn 0.3112 -0.7404 0.5958
vn 0.4371 -0.0721 0.8965
vn 0.4462 -0.0726 0.8920
vn 0.3207 -0.6843 0.6549
vn 0.4258 -0.0690 0.9022
vn 0.4180 0.3614 0.8335
vn 0.4078 0.3553 0.8411
vn 0.3973 0.3522 0.8474
vn 0.3814 0.3535 0.8541
vn 0.4092 -0.0632 0.9103
vn 0.3171 -0.6590 0.6820
vn 0.8883 0.3908 0.2413
vn 0.4141 0.8829 0.2213
vn 0.8915 0.3752 0.2538
vn 0.4294 0.8710 0.2387
vn 0.2177 0.9569 0.1923
vn 0.2286 0.9509 0.2085
vn 0.2413 0.9434 0.2275
vn 0.4448 0.8578 0.2577
vn 0.8916 0.3661 0.2666
vn -0.1926 0.8091 -0.5552
vn 0.0925 0.9943 0.0534
vn -0.2005 0.8113 -0.5491
vn 0.1017 0.9932 0.0562
vn 0.1280 0.9826 0.1343
vn 0.1398 0.9807 0.1368
vn 0.1486 0.9790 0.1398
vn 0.1550 0.9775 0.1427
vn 0.1088 0.9923 0.0593
vn 0.1141 0.9915 0.0628
vn -0.2070 0.8108 -0.5475
vn -0.2053 0.8124 -0.5458
vn 0.8680 0.4521 0.2052
vn 0.8677 0.4533 0.2038
vn 0.3528 0.9179 0.1818
vn 0.3432 0.9220 0.1795
vn 0.8697 0.4487 0.2057
vn 0.3616 0.9143 0.1827
vn 0.1890 0.9690 0.1592
vn 0.1956 0.9673 0.1617
vn 0.2006 0.9661 0.1624
vn 0.2044 0.9653 0.1623
vn 0.3693 0.9111 0.1831
vn 0.8723 0.4436 0.2059
vn -0.0721 0.7750 -0.6278
vn 0.0110 0.9996 0.0279
vn -0.0850 0.7776 -0.6230
vn 0.0150 0.9994 0.0307
vn 0.0216 0.9937 0.1099
vn 0.0277 0.9933 0.1123
vn 0.0352 0.9927 0.1150
vn 0.0203 0.9992 0.0338
vn -0.0976 0.7809 -0.6170
vn -0.0754 0.3096 0.9479
vn 0.0588 0.2690 0.9613
vn 0.1305 0.5512 0.8241
vn 0.1726 0.5538 0.8145
vn -0.1892 0.3899 0.9012
vn 0.0897 0.5632 0.8214
vn 0.2637 0.6873 0.6769
vn 0.2234 0.6836 0.6948
vn 0.2334 0.7228 0.6505
vn 0.2821 0.6440 0.7111
vn 0.2342 0.6559 0.7176
vn 0.2359 0.6279 0.7417
vn 0.2308 0.6010 0.7652
vn 0.2745 0.5659 0.7774
vn 0.2238 0.5704 0.7902
vn 0.0671 0.5737 0.8163
vn 0.0610 0.5653 0.8226
vn 0.2832 0.6032 0.7456
vn -0.2525 0.5052 0.8252
vn -0.2440 0.4679 0.8494
vn 0.1217 0.3622 0.9241
vn 0.0849 0.3854 0.9188
vn 0.1210 0.6329 0.7647
vn 0.0833 0.6458 0.7589
vn 0.1458 0.3270 0.9337
vn 0.1571 0.6113 0.7757
vn 0.1110 0.7823 0.6129
vn 0.0793 0.7585 0.6469
vn 0.0768 0.7884 0.6103
vn 0.1500 0.7712 0.6187
vn 0.1156 0.7506 0.6505
vn 0.1557 0.7365 0.6583
vn 0.1961 0.7129 0.6733
vn 0.1822 0.5803 0.7937
vn 0.1932 0.7516 0.6307
vn 0.1378 0.2857 0.9484
vn 0.0137 0.4110 0.9115
vn -0.0000 0.4127 0.9109
vn 0.0147 0.6618 0.7496
vn -0.0000 0.6634 0.7483
vn 0.0302 0.4063 0.9132
vn 0.0314 0.6577 0.7526
vn 0.0148 0.7985 0.6018
vn -0.0000 0.7713 0.6365
vn -0.0000 0.8000 0.6000
vn 0.0307 0.7957 0.6049
vn 0.0148 0.7698 0.6382
vn 0.0309 0.7667 0.6412
vn 0.0509 0.7630 0.6443
vn 0.0526 0.6530 0.7555
vn 0.0500 0.7924 0.6080
vn 0.0521 0.3986 0.9157
vn -0.2508 0.5130 0.8209
vn 0.0569 0.5461 0.8358
vn -0.2494 0.5156 0.8198
vn 0.0526 0.5297 0.8466
vn 0.2645 0.5337 0.8032
vn 0.2561 0.5098 0.8213
vn 0.2162 0.5400 0.8134
vn 0.2092 0.5169 0.8301
vn 0.2037 0.4994 0.8421
vn 0.2471 0.4872 0.8376
vn 0.2011 0.4885 0.8491
vn 0.0479 0.5138 0.8566
vn 0.0421 0.4927 0.8692
vn 0.2504 0.4935 0.8329
vn -0.2503 0.4832 0.8390
vn -0.2492 0.5098 0.8234
vn -0.3311 0.7039 0.6284
vn -0.3599 0.6525 0.6668
vn -0.3451 0.6621 0.6652
vn -0.3163 0.7136 0.6251
vn -0.3298 0.6721 0.6630
vn -0.3087 0.7716 0.5562
vn -0.3453 0.6948 0.6309
vn -0.2949 0.7796 0.5525
vn -0.2763 0.7354 0.6187
vn -0.3110 0.6829 0.6610
vn -0.2875 0.6949 0.6591
vn -0.2586 0.7976 0.5449
vn -0.2988 0.7240 0.6217
vn -0.2789 0.7882 0.5486
vn -0.2564 0.8477 0.4644
vn -0.2182 0.8984 0.3810
vn -0.2348 0.8928 0.3845
vn -0.2708 0.8411 0.4682
vn -0.2479 0.8877 0.3879
vn -0.2382 0.8551 0.4606
vn -0.2966 0.8286 0.4748
vn -0.2595 0.8830 0.3911
vn -0.2720 0.8780 0.3940
vn -0.3224 0.7639 0.5591
vn -0.2832 0.8347 0.4723
vn -0.1657 0.9723 0.1646
vn -0.1755 0.9690 0.1738
vn -0.1675 0.9706 0.1726
vn -0.1578 0.9737 0.1643
vn -0.1602 0.9721 0.1714
vn -0.1662 0.9731 0.1595
vn -0.1741 0.9708 0.1652
vn -0.1585 0.9744 0.1592
vn -0.1373 0.9772 0.1621
vn -0.1515 0.9737 0.1699
vn -0.1399 0.9758 0.1679
vn -0.1360 0.9781 0.1575
vn -0.1495 0.9752 0.1634
vn -0.1491 0.9760 0.1587
vn -0.1490 0.9766 0.1554
vn -0.1330 0.9795 0.1514
vn -0.1482 0.9770 0.1534
vn -0.1595 0.9748 0.1561
vn -0.1593 0.9750 0.1549
vn -0.1348 0.9788 0.1540
vn -0.1750 0.9719 0.1574
vn -0.1680 0.9734 0.1560
vn -0.1761 0.9717 0.1573
vn -0.1741 0.9716 0.1601
vn -0.1673 0.9734 0.1568
vn -0.0284 0.9819 0.1874
vn -0.0416 0.9774 0.2072
vn -0.0306 0.9782 0.2056
vn -0.0189 0.9823 0.1863
vn -0.0204 0.9787 0.2042
vn -0.0268 0.9847 0.1722
vn -0.0391 0.9813 0.1885
vn -0.0175 0.9850 0.1714
vn -0.0105 0.9791 0.2032
vn -0.0096 0.9826 0.1854
vn -0.0088 0.9853 0.1707
vn -0.0081 0.9872 0.1595
vn -0.0076 0.9883 0.1521
vn -0.0164 0.9870 0.1600
vn -0.0156 0.9882 0.1524
vn -0.0358 0.9863 0.1613
vn -0.0244 0.9879 0.1529
vn -0.0345 0.9876 0.1534
vn -0.0372 0.9842 0.1730
vn -0.0255 0.9867 0.1606
vn -0.0183 0.9916 0.1280
vn -0.0276 0.9907 0.1331
vn -0.0200 0.9910 0.1320
vn -0.0119 0.9918 0.1272
vn -0.0130 0.9913 0.1314
vn -0.0165 0.9920 0.1250
vn -0.0252 0.9913 0.1293
vn -0.0107 0.9922 0.1240
vn -0.0064 0.9914 0.1310
vn -0.0058 0.9919 0.1266
vn -0.0052 0.9923 0.1234
vn -0.0047 0.9927 0.1206
vn -0.0042 0.9931 0.1175
vn -0.0096 0.9926 0.1213
vn -0.0086 0.9929 0.1182
vn -0.0205 0.9921 0.1239
vn -0.0134 0.9928 0.1194
vn -0.0187 0.9925 0.1210
vn -0.0228 0.9917 0.1265
vn -0.0148 0.9924 0.1224
vn -0.2334 0.6916 0.6835
vn -0.2107 0.7337 0.6460
vn -0.2227 0.7234 0.6535
vn -0.2475 0.6884 0.6818
vn -0.2392 0.7152 0.6568
vn -0.2375 0.6577 0.7149
vn -0.2251 0.6899 0.6880
vn -0.2540 0.6568 0.7100
vn -0.2947 0.6715 0.6799
vn -0.2611 0.7061 0.6582
vn -0.3026 0.6418 0.7046
vn -0.2683 0.6817 0.6807
vn -0.2756 0.6514 0.7069
vn -0.2835 0.6158 0.7351
vn -0.3201 0.5690 0.7574
vn -0.2918 0.5781 0.7620
vn -0.2601 0.6209 0.7395
vn -0.2663 0.5830 0.7676
vn -0.3113 0.6066 0.7316
vn -0.2187 0.6196 0.7539
vn -0.2432 0.5850 0.7737
vn -0.2197 0.5848 0.7809
vn -0.2231 0.6531 0.7236
vn -0.2397 0.6219 0.7455
vn -0.0869 0.9028 0.4212
vn -0.0595 0.9364 0.3458
vn -0.0785 0.9338 0.3491
vn -0.1101 0.8975 0.4270
vn -0.0981 0.9302 0.3537
vn -0.0956 0.8639 0.4946
vn -0.0646 0.9061 0.4180
vn -0.1240 0.8558 0.5023
vn -0.1509 0.8840 0.4424
vn -0.1175 0.9259 0.3592
vn -0.1351 0.9213 0.3646
vn -0.1692 0.8340 0.5252
vn -0.1323 0.8907 0.4349
vn -0.1500 0.8445 0.5141
vn -0.1683 0.7952 0.5825
vn -0.1835 0.7668 0.6151
vn -0.1371 0.8115 0.5681
vn -0.1458 0.7863 0.6004
vn -0.1880 0.7786 0.5987
vn -0.0731 0.8271 0.5572
vn -0.1087 0.7978 0.5931
vn -0.0756 0.8034 0.5906
vn -0.0692 0.8681 0.4915
vn -0.1036 0.8220 0.5600
vn -0.0386 0.9895 0.1391
vn -0.0357 0.9902 0.1347
vn -0.0476 0.9889 0.1409
vn -0.0441 0.9896 0.1368
vn -0.0412 0.9888 0.1437
vn -0.0303 0.9901 0.1373
vn -0.0509 0.9881 0.1454
vn -0.0684 0.9870 0.1453
vn -0.0534 0.9888 0.1391
vn -0.0644 0.9878 0.1415
vn -0.0721 0.9862 0.1494
vn -0.0573 0.9881 0.1431
vn -0.0609 0.9872 0.1473
vn -0.0642 0.9863 0.1518
vn -0.0787 0.9842 0.1584
vn -0.0670 0.9854 0.1566
vn -0.0537 0.9872 0.1501
vn -0.0561 0.9863 0.1552
vn -0.0755 0.9852 0.1537
vn -0.0332 0.9885 0.1478
vn -0.0454 0.9870 0.1541
vn -0.0316 0.9893 0.1425
vn -0.0435 0.9879 0.1487
vn -0.2405 0.9129 0.3298
vn -0.2297 0.9167 0.3270
vn -0.2268 0.9295 0.2908
vn -0.2524 0.9087 0.3326
vn -0.2167 0.9328 0.2880
vn -0.2022 0.9253 0.3209
vn -0.1906 0.9402 0.2822
vn -0.2176 0.9207 0.3240
vn -0.2052 0.9363 0.2851
vn -0.1947 0.9468 0.2562
vn -0.1714 0.9583 0.2285
vn -0.1847 0.9551 0.2318
vn -0.2056 0.9437 0.2591
vn -0.1949 0.9523 0.2349
vn -0.1808 0.9504 0.2532
vn -0.2261 0.9374 0.2650
vn -0.2040 0.9496 0.2379
vn -0.2139 0.9467 0.2408
vn -0.2380 0.9259 0.2935
vn -0.2152 0.9408 0.2619
vn -0.0148 0.9085 0.4175
vn -0.0144 0.9392 0.3430
vn -0.0295 0.9084 0.4171
vn -0.0281 0.9388 0.3432
vn -0.0150 0.8697 0.4934
vn -0.0303 0.8700 0.4922
vn -0.0428 0.9381 0.3438
vn -0.0453 0.9078 0.4170
vn -0.0474 0.8698 0.4912
vn -0.0489 0.8287 0.5576
vn -0.0495 0.8048 0.5914
vn -0.0306 0.8284 0.5594
vn -0.0305 0.8042 0.5935
vn -0.0147 0.8033 0.5954
vn -0.0149 0.8275 0.5612
vn -0.0582 0.9712 0.2312
vn -0.0537 0.9764 0.2091
vn -0.0724 0.9696 0.2339
vn -0.0666 0.9752 0.2112
vn -0.0640 0.9642 0.2574
vn -0.0452 0.9725 0.2286
vn -0.0792 0.9621 0.2611
vn -0.1028 0.9651 0.2407
vn -0.0806 0.9736 0.2136
vn -0.0959 0.9716 0.2162
vn -0.1113 0.9567 0.2689
vn -0.0869 0.9675 0.2374
vn -0.0950 0.9595 0.2651
vn -0.1050 0.9476 0.3019
vn -0.0877 0.9508 0.2972
vn -0.1217 0.9441 0.3064
vn -0.0542 0.9556 0.2897
vn -0.0495 0.9658 0.2544
vn -0.0707 0.9535 0.2930
vn -0.2464 0.5505 0.7977
vn -0.2714 0.5478 0.7914
vn -0.2487 0.5208 0.8167
vn -0.2209 0.5518 0.8042
vn -0.2748 0.5175 0.8104
vn -0.3273 0.5347 0.7791
vn -0.3323 0.5057 0.7961
vn -0.2980 0.5427 0.7853
vn -0.3024 0.5127 0.8035
vn -0.3054 0.4863 0.8187
vn -0.3393 0.4543 0.8237
vn -0.3082 0.4608 0.8323
vn -0.2772 0.4909 0.8260
vn -0.2797 0.4657 0.8396
vn -0.3358 0.4802 0.8103
vn -0.2250 0.4990 0.8369
vn -0.2534 0.4707 0.8451
vn -0.2302 0.4772 0.8481
vn -0.2224 0.5236 0.8224
vn -0.2507 0.4947 0.8321
vn -0.2503 0.7468 0.6162
vn -0.2263 0.7570 0.6130
vn -0.2342 0.8075 0.5414
vn -0.2094 0.8168 0.5376
vn -0.2051 0.7665 0.6086
vn -0.1872 0.8254 0.5327
vn -0.1696 0.8777 0.4482
vn -0.1534 0.9165 0.3694
vn -0.1919 0.8707 0.4528
vn -0.1749 0.9109 0.3736
vn -0.1976 0.9047 0.3774
vn -0.2158 0.8630 0.4568
vn -0.1107 0.9830 0.1466
vn -0.1145 0.9822 0.1490
vn -0.0914 0.9854 0.1437
vn -0.0955 0.9846 0.1464
vn -0.1065 0.9837 0.1446
vn -0.1299 0.9802 0.1495
vn -0.0867 0.9861 0.1415
vn -0.0601 0.9886 0.1383
vn -0.0784 0.9865 0.1439
vn -0.0555 0.9892 0.1359
vn -0.0741 0.9873 0.1409
vn -0.0697 0.9879 0.1385
vn -0.0658 0.9885 0.1363
vn -0.0490 0.9902 0.1307
vn -0.0625 0.9891 0.1335
vn -0.0830 0.9868 0.1393
vn -0.0795 0.9874 0.1366
vn -0.0521 0.9897 0.1335
vn -0.1227 0.9817 0.1459
vn -0.0991 0.9852 0.1397
vn -0.1182 0.9826 0.1435
vn -0.1261 0.9809 0.1478
vn -0.1024 0.9845 0.1426
vn -0.3193 0.6601 0.6799
vn -0.3376 0.6502 0.6806
vn -0.3275 0.6310 0.7032
vn -0.3454 0.6220 0.7027
vn -0.3677 0.6325 0.6817
vn -0.3751 0.6062 0.7013
vn -0.3527 0.6414 0.6814
vn -0.3600 0.6143 0.7021
vn -0.3677 0.5814 0.7258
vn -0.3902 0.5396 0.7461
vn -0.3754 0.5466 0.7485
vn -0.3538 0.5881 0.7273
vn -0.3619 0.5525 0.7508
vn -0.3827 0.5739 0.7240
vn -0.3451 0.5596 0.7535
vn -0.3363 0.5963 0.7289
vn -0.1453 0.9682 0.2036
vn -0.1540 0.9620 0.2253
vn -0.1262 0.9716 0.2003
vn -0.1338 0.9658 0.2220
vn -0.1371 0.9729 0.1863
vn -0.1618 0.9649 0.2071
vn -0.1192 0.9759 0.1831
vn -0.0904 0.9767 0.1948
vn -0.1137 0.9691 0.2190
vn -0.0859 0.9803 0.1779
vn -0.1072 0.9745 0.1973
vn -0.1014 0.9784 0.1802
vn -0.0964 0.9811 0.1679
vn -0.0923 0.9827 0.1605
vn -0.1131 0.9788 0.1706
vn -0.1088 0.9806 0.1628
vn -0.0821 0.9828 0.1657
vn -0.1451 0.9735 0.1766
vn -0.1249 0.9783 0.1655
vn -0.1527 0.9699 0.1897
vn -0.1301 0.9762 0.1736
vn -0.3522 0.5266 0.7737
vn -0.3686 0.5208 0.7700
vn -0.3572 0.4990 0.7895
vn -0.3734 0.4945 0.7849
vn -0.3965 0.5093 0.7639
vn -0.4006 0.4851 0.7773
vn -0.3816 0.5159 0.7670
vn -0.3861 0.4908 0.7811
vn -0.3893 0.4687 0.7929
vn -0.4036 0.4460 0.7989
vn -0.3925 0.4452 0.8049
vn -0.3771 0.4712 0.7974
vn -0.3809 0.4461 0.8099
vn -0.4036 0.4643 0.7884
vn -0.3649 0.4490 0.8156
vn -0.3610 0.4745 0.8028
vn -0.0115 0.9745 0.2239
vn -0.0223 0.9741 0.2249
vn -0.0126 0.9683 0.2495
vn -0.0241 0.9678 0.2507
vn -0.0332 0.9734 0.2265
vn -0.0363 0.9670 0.2521
vn -0.0394 0.9570 0.2875
vn -0.0263 0.9578 0.2861
vn -0.0138 0.9584 0.2851
vn -0.1929 0.9570 0.2169
vn -0.1839 0.9594 0.2137
vn -0.1817 0.9631 0.1986
vn -0.2017 0.9545 0.2196
vn -0.1737 0.9651 0.1959
vn -0.1743 0.9619 0.2105
vn -0.1646 0.9673 0.1929
vn -0.1567 0.9712 0.1793
vn -0.1655 0.9693 0.1817
vn -0.1814 0.9657 0.1858
vn -0.1905 0.9609 0.2011
vn -0.1731 0.9676 0.1839
vn -0.0469 0.9857 0.1619
vn -0.0581 0.9849 0.1628
vn -0.0485 0.9836 0.1738
vn -0.0602 0.9828 0.1748
vn -0.0697 0.9840 0.1640
vn -0.0725 0.9817 0.1761
vn -0.0760 0.9783 0.1928
vn -0.0626 0.9795 0.1913
vn -0.0507 0.9805 0.1897
vn -0.1826 0.9305 0.3176
vn -0.1608 0.9357 0.3142
vn -0.1718 0.9448 0.2790
vn -0.1503 0.9494 0.2758
vn -0.1398 0.9402 0.3105
vn -0.1295 0.9534 0.2725
vn -0.1210 0.9623 0.2438
vn -0.1417 0.9586 0.2469
vn -0.1627 0.9545 0.2501
vn -0.1673 0.9735 0.1560
vn -0.1576 0.9754 0.1543
vn -0.1640 0.9741 0.1557
vn -0.1749 0.9719 0.1578
vn -0.1545 0.9760 0.1534
vn -0.1459 0.9775 0.1521
vn -0.1425 0.9782 0.1508
vn -0.1388 0.9790 0.1493
vn -0.1352 0.9799 0.1467
vn -0.1510 0.9768 0.1522
vn -0.1476 0.9777 0.1495
vn -0.1680 0.9732 0.1568
vn -0.1569 0.9758 0.1523
vn -0.1633 0.9744 0.1547
vn -0.1719 0.9724 0.1576
vn -0.1600 0.9749 0.1548
vn -0.0067 0.9907 0.1361
vn -0.0138 0.9906 0.1363
vn -0.0070 0.9899 0.1413
vn -0.0144 0.9898 0.1415
vn -0.0214 0.9904 0.1368
vn -0.0225 0.9896 0.1419
vn -0.0235 0.9888 0.1472
vn -0.0150 0.9890 0.1468
vn -0.0073 0.9892 0.1466
vn -0.0266 0.9917 0.1259
vn -0.0240 0.9921 0.1232
vn -0.0335 0.9912 0.1283
vn -0.0306 0.9916 0.1256
vn -0.0294 0.9913 0.1284
vn -0.0367 0.9908 0.1306
vn -0.0391 0.9910 0.1277
vn -0.0417 0.9905 0.1308
vn -0.0452 0.9901 0.1331
vn -0.0492 0.9895 0.1357
vn -0.0403 0.9903 0.1333
vn -0.0325 0.9908 0.1311
vn -0.1218 0.9795 0.1602
vn -0.1049 0.9819 0.1580
vn -0.1195 0.9805 0.1558
vn -0.1020 0.9829 0.1537
vn -0.0889 0.9838 0.1558
vn -0.0856 0.9847 0.1515
vn -0.0822 0.9856 0.1475
vn -0.0990 0.9837 0.1498
vn -0.1173 0.9814 0.1521
vn -0.7851 0.3245 0.5275
vn -0.7827 0.2941 0.5485
vn -0.7923 0.3130 0.5237
vn -0.8099 0.3455 0.4740
vn -0.8145 0.3359 0.4730
vn -0.7823 0.3304 0.5280
vn -0.7744 0.3060 0.5538
vn -0.8083 0.3513 0.4724
vn -0.9005 0.2698 0.3412
vn -0.8497 0.3306 0.4107
vn -0.8961 0.2765 0.3472
vn -0.9031 0.2687 0.3350
vn -0.8493 0.3347 0.4083
vn -0.8497 0.3384 0.4044
vn -0.8505 0.3421 0.3995
vn -0.9055 0.2746 0.3235
vn -0.8506 0.3476 0.3946
vn -0.8081 0.3556 0.4696
vn -0.8080 0.3611 0.4656
vn -0.9051 0.2701 0.3285
vn -0.7695 0.3150 0.5556
vn -0.7811 0.3391 0.5244
vn -0.7689 0.3177 0.5548
vn -0.7710 0.3116 0.5554
vn -0.7813 0.3342 0.5272
vn -0.9724 -0.1741 0.1553
vn -0.9761 -0.1360 0.1696
vn -0.9782 -0.1294 0.1623
vn -0.9741 -0.1695 0.1500
vn -0.9798 -0.1242 0.1569
vn -0.9695 -0.1921 0.1524
vn -0.9700 -0.1809 0.1622
vn -0.9712 -0.1875 0.1473
vn -0.9758 -0.1645 0.1441
vn -0.9807 -0.1216 0.1531
vn -0.9813 -0.1198 0.1509
vn -0.9730 -0.1825 0.1413
vn -0.9751 -0.1663 0.1464
vn -0.9723 -0.1844 0.1436
vn -0.9709 -0.1924 0.1424
vn -0.9712 -0.1929 0.1398
vn -0.9705 -0.1948 0.1420
vn -0.9698 -0.1955 0.1461
vn -0.9693 -0.1979 0.1458
vn -0.9716 -0.1908 0.1401
vn -0.9655 -0.2069 0.1581
vn -0.9676 -0.2023 0.1510
vn -0.9650 -0.2094 0.1578
vn -0.9670 -0.1989 0.1593
vn -0.9679 -0.2005 0.1512
vn 0.0720 0.1282 -0.9891
vn 0.0970 0.1282 -0.9870
vn 0.0969 0.1306 -0.9867
vn 0.0718 0.1363 -0.9881
vn 0.0966 0.1387 -0.9856
vn 0.0475 0.1265 -0.9908
vn 0.0721 0.1261 -0.9894
vn 0.0473 0.1346 -0.9898
vn 0.0707 0.1987 -0.9775
vn 0.0962 0.1567 -0.9830
vn 0.0950 0.2006 -0.9750
vn 0.0466 0.1970 -0.9793
vn 0.0715 0.1543 -0.9854
vn 0.0471 0.1521 -0.9872
vn 0.0232 0.1516 -0.9882
vn 0.0233 0.1339 -0.9907
vn 0.0230 0.1959 -0.9804
vn 0.0234 0.1232 -0.9921
vn 0.0475 0.1244 -0.9911
vn 0.0234 0.1255 -0.9918
vn 0.8979 -0.1024 0.4281
vn 0.9333 0.0323 0.3577
vn 0.9381 0.0240 0.3455
vn 0.8775 -0.0614 0.4756
vn 0.9166 0.0638 0.3946
vn 0.7795 -0.2887 0.5559
vn 0.8939 -0.0932 0.4384
vn 0.7590 -0.2468 0.6025
vn 0.6110 0.2442 0.7530
vn 0.8486 0.1563 0.5055
vn 0.6321 0.3369 0.6978
vn 0.5180 0.0948 0.8501
vn 0.8143 0.0370 0.5793
vn 0.6998 -0.1424 0.7000
vn 0.4808 -0.3189 0.8168
vn 0.1046 -0.1378 0.9849
vn 0.2140 -0.4249 0.8796
vn 0.5348 -0.4305 0.7271
vn 0.2593 -0.5436 0.7983
vn 0.3313 -0.0533 0.9420
vn 0.5562 -0.4674 0.6872
vn 0.2794 -0.5913 0.7565
vn 0.2806 -0.5856 0.7604
vn 0.7774 -0.2795 0.5635
vn 0.5561 -0.4749 0.6821
vn 0.0739 -0.6206 0.7806
vn 0.0569 -0.5699 0.8198
vn -0.0167 -0.6070 0.7945
vn 0.0753 -0.6156 0.7845
vn -0.0298 -0.5530 0.8326
vn -0.0518 -0.1411 0.9886
vn -0.1039 -0.1023 0.9893
vn 0.0217 -0.4446 0.8955
vn -0.0559 -0.4199 0.9059
vn -0.0710 -0.3886 0.9186
vn -0.0733 -0.0313 0.9968
vn -0.0535 -0.3627 0.9304
vn -0.0525 -0.5286 0.8472
vn -0.0412 -0.5073 0.8608
vn -0.1017 -0.0616 0.9929
vn -0.0428 -0.5763 0.8161
vn -0.0349 -0.5655 0.8240
vn -0.0350 -0.5544 0.8315
vn -0.0158 -0.6004 0.7996
vn -0.0431 -0.5852 0.8098
vn -0.9480 0.1455 0.2829
vn -0.9416 0.1675 0.2921
vn -0.9707 0.0130 0.2401
vn -0.9668 0.0472 0.2512
vn -0.9514 0.1375 0.2754
vn -0.9726 -0.0006 0.2324
vn -0.9688 -0.1564 0.1923
vn -0.9738 -0.0501 0.2220
vn -0.9726 -0.1134 0.2032
vn -0.9670 -0.1736 0.1866
vn -0.9734 -0.0907 0.2105
vn -0.9732 -0.1069 0.2036
vn -0.9735 -0.1138 0.1984
vn -0.9664 -0.1823 0.1813
vn -0.9739 -0.1143 0.1962
vn -0.9741 -0.0058 0.2260
vn -0.9748 -0.0051 0.2230
vn -0.9664 -0.1810 0.1828
vn -0.9545 0.1377 0.2644
vn -0.9538 0.1352 0.2683
vn -0.0185 -0.5520 0.8337
vn -0.0224 -0.4927 0.8699
vn -0.0087 -0.5443 0.8389
vn -0.0188 -0.5396 0.8417
vn -0.0110 -0.4846 0.8747
vn -0.0434 -0.0129 0.9990
vn -0.0241 -0.0027 0.9997
vn -0.0304 -0.3458 0.9378
vn -0.0158 -0.3364 0.9416
vn -0.0062 -0.3320 0.9433
vn -0.0039 -0.4808 0.8768
vn -0.0104 0.0027 0.9999
vn -0.0030 -0.5278 0.8493
vn -0.0089 -0.5314 0.8471
vn -0.0028 -0.5408 0.8412
vn -0.1599 -0.8555 0.4925
vn -0.1538 -0.8309 0.5347
vn -0.1699 -0.8320 0.5282
vn -0.1772 -0.8600 0.4785
vn -0.1861 -0.8362 0.5158
vn -0.1564 -0.8655 0.4758
vn -0.1420 -0.8534 0.5015
vn -0.1763 -0.8693 0.4617
vn -0.1988 -0.8834 0.4243
vn -0.2004 -0.8454 0.4951
vn -0.2099 -0.8596 0.4659
vn -0.2010 -0.8914 0.4063
vn -0.1921 -0.8690 0.4561
vn -0.1933 -0.8776 0.4387
vn -0.1982 -0.8810 0.4296
vn -0.2145 -0.8941 0.3931
vn -0.2033 -0.8807 0.4279
vn -0.1785 -0.8734 0.4532
vn -0.1810 -0.8738 0.4514
vn -0.2080 -0.8939 0.3970
vn -0.1280 -0.8704 0.4753
vn -0.1545 -0.8714 0.4657
vn -0.1236 -0.8703 0.4768
vn -0.1355 -0.8648 0.4834
vn -0.1548 -0.8703 0.4675
vn 0.9500 0.2043 0.2362
vn 0.9475 0.2016 0.2482
vn 0.9504 0.2044 0.2344
vn 0.9256 0.2348 0.2970
vn 0.9234 0.2330 0.3050
vn 0.9514 0.1651 0.2599
vn 0.9448 0.2133 0.2486
vn 0.9277 0.1990 0.3159
vn 0.6133 0.4290 0.6633
vn 0.8392 0.2984 0.4546
vn 0.5949 0.4069 0.6932
vn 0.6250 0.4152 0.6611
vn 0.8475 0.3070 0.4331
vn 0.8528 0.2778 0.4422
vn 0.8546 0.2262 0.4675
vn 0.9261 0.1409 0.3499
vn 0.6314 0.3832 0.6741
vn 0.9440 0.1114 0.3105
vn 0.9459 0.1739 0.2740
vn 0.9491 0.1034 0.2976
vn 0.3161 0.2014 -0.9271
vn 0.3501 0.2551 -0.9013
vn 0.3106 0.2455 -0.9183
vn 0.2729 0.1915 -0.9428
vn 0.2683 0.2361 -0.9340
vn 0.3185 0.1834 -0.9300
vn 0.3565 0.2113 -0.9101
vn 0.2749 0.1734 -0.9457
vn 0.1973 0.1750 -0.9646
vn 0.2282 0.2273 -0.9467
vn 0.1944 0.2196 -0.9560
vn 0.1985 0.1568 -0.9675
vn 0.2319 0.1825 -0.9555
vn 0.2335 0.1640 -0.9584
vn 0.2345 0.1566 -0.9594
vn 0.1995 0.1464 -0.9689
vn 0.2347 0.1541 -0.9598
vn 0.2761 0.1653 -0.9468
vn 0.2764 0.1631 -0.9471
vn 0.1993 0.1483 -0.9686
vn 0.3608 0.1856 -0.9140
vn 0.3203 0.1732 -0.9313
vn 0.3613 0.1835 -0.9142
vn 0.3593 0.1935 -0.9129
vn 0.3200 0.1753 -0.9311
vn -0.7733 0.2484 0.5834
vn -0.7866 0.2088 0.5810
vn -0.7814 0.2393 0.5763
vn -0.7697 0.2778 0.5748
vn -0.7785 0.2669 0.5681
vn -0.7700 0.2506 0.5868
vn -0.7792 0.2164 0.5882
vn -0.7660 0.2820 0.5776
vn -0.7790 0.2854 0.5583
vn -0.7703 0.2973 0.5642
vn -0.7666 0.3027 0.5663
vn -0.7649 0.3057 0.5670
vn -0.7643 0.3095 0.5657
vn -0.7644 0.2834 0.5791
vn -0.7639 0.2881 0.5775
vn -0.7754 0.2154 0.5936
vn -0.7683 0.2536 0.5877
vn -0.7753 0.2167 0.5933
vn -0.7764 0.2174 0.5916
vn -0.7687 0.2497 0.5889
vn -0.7810 0.1901 0.5949
vn -0.7809 0.1908 0.5948
vn -0.7849 0.1720 0.5953
vn -0.7847 0.1730 0.5953
vn -0.7818 0.1918 0.5933
vn -0.7859 0.1726 0.5938
vn -0.7895 0.1424 0.5971
vn -0.7870 0.1595 0.5959
vn -0.7887 0.1461 0.5971
vn -0.7903 0.1423 0.5959
vn -0.7876 0.1575 0.5958
vn -0.7885 0.1575 0.5945
vn -0.7910 0.1554 0.5918
vn -0.7993 0.1322 0.5862
vn -0.7974 0.1481 0.5849
vn -0.7886 0.1707 0.5908
vn -0.7949 0.1641 0.5842
vn -0.7929 0.1397 0.5931
vn -0.7914 0.1834 0.5832
vn -0.7846 0.1904 0.5901
vn -0.2152 -0.9106 0.3529
vn -0.2062 -0.9095 0.3611
vn -0.2069 -0.9298 0.3043
vn -0.2204 -0.9114 0.3474
vn -0.1959 -0.9304 0.3098
vn -0.2133 -0.8798 0.4248
vn -0.2032 -0.9043 0.3755
vn -0.2021 -0.9030 0.3792
vn -0.1903 -0.9258 0.3266
vn -0.1731 -0.9471 0.2702
vn -0.1723 -0.9478 0.2685
vn -0.1602 -0.9621 0.2205
vn -0.1811 -0.9494 0.2565
vn -0.1720 -0.9620 0.2122
vn -0.1869 -0.9285 0.3208
vn -0.2002 -0.9469 0.2517
vn -0.1880 -0.9583 0.2152
vn -0.1961 -0.9569 0.2142
vn -0.2121 -0.9301 0.2999
vn -0.1946 -0.9472 0.2549
vn -0.9656 -0.1857 0.1823
vn -0.9711 -0.1420 0.1921
vn -0.9652 -0.1938 0.1753
vn -0.9714 -0.1497 0.1841
vn -0.9629 -0.2033 0.1777
vn -0.9622 -0.2116 0.1716
vn -0.9734 -0.1454 0.1771
vn -0.9671 -0.1898 0.1691
vn -0.9640 -0.2078 0.1660
vn -0.9625 -0.2157 0.1647
vn -0.9620 -0.2181 0.1643
vn -0.9607 -0.2195 0.1699
vn -0.9603 -0.2217 0.1693
vn -0.9614 -0.2130 0.1742
vn -0.9617 -0.2111 0.1751
vn 0.4171 0.2320 -0.8788
vn 0.4131 0.2678 -0.8704
vn 0.4100 0.2715 -0.8707
vn 0.4059 0.2272 -0.8852
vn 0.3985 0.2696 -0.8767
vn 0.4199 0.2159 -0.8815
vn 0.4190 0.2329 -0.8776
vn 0.4089 0.2104 -0.8880
vn 0.3798 0.2636 -0.8867
vn 0.3869 0.2204 -0.8954
vn 0.3899 0.2028 -0.8982
vn 0.3915 0.1950 -0.8993
vn 0.3920 0.1928 -0.8995
vn 0.4105 0.2027 -0.8891
vn 0.4110 0.2007 -0.8893
vn 0.4229 0.2126 -0.8809
vn 0.4220 0.2069 -0.8827
vn 0.4235 0.2107 -0.8811
vn 0.4215 0.2184 -0.8801
vn 0.4215 0.2088 -0.8825
vn -0.9762 -0.1634 0.1428
vn -0.9816 -0.1183 0.1497
vn -0.9763 -0.1636 0.1415
vn -0.9817 -0.1197 0.1483
vn -0.9734 -0.1813 0.1399
vn -0.9737 -0.1809 0.1387
vn -0.9762 -0.1675 0.1379
vn -0.9816 -0.1226 0.1467
vn -0.9809 -0.1306 0.1439
vn -0.9739 -0.1822 0.1352
vn -0.9763 -0.1648 0.1400
vn -0.9739 -0.1809 0.1373
vn -0.9726 -0.1886 0.1361
vn -0.9725 -0.1906 0.1337
vn -0.9722 -0.1908 0.1357
vn -0.9723 -0.1891 0.1374
vn -0.9720 -0.1911 0.1371
vn -0.9728 -0.1887 0.1341
vn -0.9717 -0.1917 0.1383
vn -0.9721 -0.1894 0.1387
vn 0.1690 0.1688 -0.9711
vn 0.1667 0.2134 -0.9626
vn 0.1442 0.1639 -0.9759
vn 0.1423 0.2083 -0.9676
vn 0.1700 0.1507 -0.9738
vn 0.1450 0.1458 -0.9786
vn 0.1190 0.2043 -0.9716
vn 0.1205 0.1598 -0.9798
vn 0.1211 0.1418 -0.9825
vn 0.1215 0.1341 -0.9835
vn 0.1215 0.1314 -0.9838
vn 0.1454 0.1380 -0.9797
vn 0.1455 0.1354 -0.9800
vn 0.1707 0.1403 -0.9753
vn 0.1706 0.1426 -0.9750
vn 0.9512 0.0929 0.2943
vn 0.9566 -0.0094 0.2914
vn 0.6619 -0.4542 0.5963
vn 0.5950 -0.5940 0.5414
vn 0.9173 0.1592 0.3649
vn 0.7502 -0.2123 0.6262
vn -0.0793 -0.8631 0.4988
vn -0.0131 -0.8554 0.5179
vn 0.0230 -0.8470 0.5311
vn 0.0322 -0.8225 0.5678
vn 0.1609 -0.7413 0.6516
vn 0.2668 -0.6215 0.7366
vn 0.1333 -0.7861 0.6036
vn 0.2161 -0.4934 0.8426
vn 0.7080 -0.0060 0.7062
vn 0.4672 0.1769 0.8663
vn 0.1394 -0.8050 0.5767
vn 0.5606 0.3376 0.7561
vn 0.8194 0.2284 0.5258
vn -0.7970 -0.0440 0.6023
vn -0.7949 -0.0517 0.6045
vn -0.6319 -0.5871 0.5061
vn -0.8017 -0.0433 0.5962
vn -0.6274 -0.5951 0.5022
vn -0.7945 0.0500 0.6051
vn -0.7291 -0.3777 0.5707
vn -0.7935 -0.0620 0.6054
vn -0.6224 -0.6037 0.4981
vn -0.2899 -0.9189 0.2675
vn -0.2817 -0.9218 0.2663
vn -0.3514 -0.8850 0.3056
vn -0.2785 -0.9122 0.3006
vn -0.6328 -0.5841 0.5084
vn -0.2746 -0.9225 0.2711
vn 0.0985 0.1974 -0.9754
vn 0.1012 0.1824 -0.9780
vn -0.7738 -0.0057 -0.6334
vn 0.0916 0.2342 -0.9679
vn -0.7719 -0.0224 -0.6354
vn 0.1053 0.1740 -0.9791
vn -0.7697 -0.0312 -0.6377
vn 0.1026 0.1757 -0.9791
vn -0.7710 -0.0299 -0.6361
vn -0.9828 -0.1775 0.0503
vn -0.9838 -0.1719 0.0513
vn -0.9825 -0.1791 0.0503
vn -0.9901 -0.1274 0.0586
vn -0.7785 0.0353 -0.6266
vn -0.9858 -0.1595 0.0535
vn -0.7235 0.5169 0.4575
vn -0.7066 0.4799 0.5200
vn -0.4668 0.7389 0.4859
vn -0.7540 0.5237 0.3964
vn -0.4843 0.6714 0.5609
vn -0.7016 0.3913 0.5955
vn -0.5171 0.5531 0.6532
vn -0.7001 0.4281 0.5715
vn -0.5023 0.5989 0.6237
vn -0.3836 0.6730 0.6324
vn -0.3604 0.7441 0.5625
vn -0.3991 0.6294 0.6668
vn -0.3097 0.8626 0.3999
vn -0.4541 0.7895 0.4129
vn -0.3346 0.8111 0.4798
vn -0.8771 0.4333 0.2074
vn -0.8789 0.4275 0.2115
vn -0.3807 0.9062 0.1838
vn -0.8750 0.4380 0.2061
vn -0.3851 0.9036 0.1876
vn -0.8841 0.4074 0.2290
vn -0.4001 0.8929 0.2063
vn -0.8811 0.4193 0.2186
vn -0.3910 0.8995 0.1949
vn -0.2065 0.9636 0.1699
vn -0.2057 0.9647 0.1642
vn -0.2099 0.9612 0.1792
vn -0.2063 0.9651 0.1616
vn -0.3762 0.9083 0.1830
vn -0.2060 0.9651 0.1616
vn 0.0144 0.7697 -0.6382
vn 0.0289 0.7705 -0.6368
vn -0.0015 0.9998 0.0218
vn -0.0033 0.9998 0.0218
vn 0.0582 0.7731 -0.6316
vn -0.0079 0.9996 0.0255
vn 0.0436 0.7716 -0.6347
vn -0.0054 0.9997 0.0237
vn -0.0117 0.9943 0.1062
vn -0.0075 0.9944 0.1051
vn -0.0164 0.9940 0.1079
vn -0.0036 0.9945 0.1043
vn 0.7117 0.1547 0.6853
vn 0.5867 0.0291 0.8093
vn 0.1893 0.5036 0.8429
vn 0.7549 0.2438 0.6089
vn 0.0964 0.4895 0.8667
vn 0.1092 -0.1086 0.9881
vn -0.1326 0.5385 0.8321
vn 0.3521 -0.0578 0.9342
vn -0.0457 0.5109 0.8584
vn -0.2040 0.6681 0.7156
vn -0.1740 0.6330 0.7543
vn -0.2059 0.7029 0.6808
vn -0.1363 0.5807 0.8026
vn 0.2285 0.5142 0.8267
vn -0.1463 0.6073 0.7809
vn -0.0390 -0.1171 0.9924
vn -0.0917 -0.0922 0.9915
vn -0.1611 0.5595 0.8130
vn -0.1483 0.5860 0.7967
vn -0.0685 -0.0431 0.9967
vn -0.0820 0.6142 0.7849
vn -0.0933 -0.0645 0.9935
vn -0.1176 0.6037 0.7885
vn -0.1121 0.7722 0.6254
vn -0.1504 0.7604 0.6319
vn -0.0775 0.7784 0.6230
vn -0.1881 0.7367 0.6495
vn -0.8683 0.3972 0.2970
vn -0.8390 0.4409 0.3190
vn -0.4575 0.8376 0.2987
vn -0.8855 0.3706 0.2803
vn -0.4549 0.8297 0.3237
vn -0.7983 0.4904 0.3497
vn -0.4517 0.8172 0.3580
vn -0.2914 0.8944 0.3394
vn -0.2778 0.9123 0.3008
vn -0.2543 0.9346 0.2487
vn -0.4552 0.8460 0.2776
vn -0.2661 0.9247 0.2723
vn -0.0409 -0.0302 0.9987
vn -0.0227 -0.0242 0.9994
vn -0.0517 0.6186 0.7840
vn -0.0308 0.6194 0.7845
vn -0.0098 -0.0219 0.9997
vn -0.0143 0.6182 0.7859
vn -0.0145 0.7783 0.6277
vn -0.0305 0.7794 0.6257
vn -0.0501 0.7800 0.6237
vn -0.2813 -0.6202 0.7323
vn -0.2603 -0.6074 0.7505
vn -0.3495 -0.0405 0.9360
vn -0.3027 -0.6367 0.7092
vn -0.3199 -0.0279 0.9470
vn -0.2283 -0.5865 0.7771
vn -0.2807 0.0104 0.9597
vn -0.2414 -0.5971 0.7650
vn -0.2947 -0.0111 0.9555
vn -0.2671 0.3823 0.8846
vn -0.2934 0.3729 0.8803
vn -0.2485 0.3957 0.8841
vn -0.3550 0.3586 0.8634
vn -0.3820 -0.0525 0.9227
vn -0.3228 0.3656 0.8730
vn 0.7928 0.3549 0.4956
vn 0.7805 0.3330 0.5291
vn 0.2894 0.5144 0.8073
vn 0.8044 0.3569 0.4750
vn 0.2687 0.5141 0.8146
vn 0.7710 0.2936 0.5651
vn 0.2505 0.5137 0.8206
vn -0.1305 0.5540 0.8222
vn -0.1257 0.5321 0.8373
vn -0.1300 0.4993 0.8566
vn 0.2963 0.5155 0.8040
vn -0.1232 0.5143 0.8487
vn 0.1264 0.7898 -0.6002
vn 0.1441 0.7956 -0.5885
vn -0.0377 0.9985 0.0405
vn 0.1109 0.7850 -0.6095
vn -0.0505 0.9978 0.0439
vn 0.1794 0.8058 -0.5644
vn -0.0801 0.9955 0.0502
vn 0.1623 0.8012 -0.5760
vn -0.0651 0.9968 0.0468
vn -0.0929 0.9875 0.1270
vn -0.0742 0.9895 0.1237
vn -0.1121 0.9851 0.1304
vn -0.0450 0.9921 0.1175
vn -0.0277 0.9989 0.0371
vn -0.0580 0.9910 0.1204
vn -0.7031 0.3758 0.6037
vn -0.7064 0.3526 0.6138
vn -0.5258 0.5321 0.6636
vn -0.5343 0.5050 0.6779
vn -0.7200 0.2880 0.6314
vn -0.5542 0.4352 0.7096
vn -0.7122 0.3218 0.6239
vn -0.5439 0.4712 0.6943
vn -0.4232 0.5512 0.7191
vn -0.4149 0.5836 0.6981
vn -0.4316 0.5166 0.7395
vn -0.4073 0.6096 0.6801
vn -0.7273 0.2587 0.6357
vn -0.7328 0.2362 0.6382
vn -0.5642 0.4030 0.7207
vn -0.5711 0.3786 0.7284
vn -0.7387 0.2033 0.6427
vn -0.5758 0.3469 0.7403
vn -0.7364 0.2187 0.6402
vn -0.5749 0.3602 0.7346
vn -0.4461 0.4435 0.7774
vn -0.4440 0.4621 0.7677
vn -0.4440 0.4305 0.7858
vn -0.4390 0.4859 0.7557
vn -0.3183 -0.7119 0.6260
vn -0.3207 -0.6842 0.6550
vn -0.4371 -0.0722 0.8965
vn -0.3132 -0.7398 0.5955
vn -0.4258 -0.0689 0.9022
vn -0.3171 -0.6590 0.6820
vn -0.4092 -0.0628 0.9103
vn -0.3814 0.3532 0.8543
vn -0.3973 0.3521 0.8474
vn -0.4157 0.3627 0.8341
vn -0.4458 -0.0732 0.8922
vn -0.4079 0.3553 0.8411
vn -0.8883 0.3909 0.2413
vn -0.8915 0.3752 0.2538
vn -0.4140 0.8830 0.2213
vn -0.4296 0.8709 0.2386
vn -0.8916 0.3661 0.2666
vn -0.4448 0.8578 0.2577
vn -0.2413 0.9434 0.2275
vn -0.2286 0.9509 0.2085
vn -0.2177 0.9569 0.1923
vn 0.1927 0.8089 -0.5556
vn 0.2006 0.8112 -0.5493
vn -0.0925 0.9943 0.0534
vn -0.1017 0.9932 0.0562
vn 0.2070 0.8108 -0.5475
vn -0.1132 0.9916 0.0622
vn 0.2053 0.8124 -0.5458
vn -0.1088 0.9923 0.0593
vn -0.1487 0.9790 0.1398
vn -0.1398 0.9807 0.1368
vn -0.1543 0.9777 0.1424
vn -0.1282 0.9827 0.1337
vn -0.8680 0.4521 0.2052
vn -0.8697 0.4487 0.2057
vn -0.3528 0.9179 0.1818
vn -0.8679 0.4529 0.2039
vn -0.3616 0.9142 0.1827
vn -0.8723 0.4436 0.2059
vn -0.3697 0.9109 0.1831
vn -0.2041 0.9654 0.1622
vn -0.2006 0.9661 0.1624
vn -0.1895 0.9688 0.1599
vn -0.3433 0.9218 0.1802
vn -0.1956 0.9673 0.1617
vn 0.0722 0.7747 -0.6282
vn 0.0850 0.7776 -0.6230
vn -0.0110 0.9996 0.0279
vn -0.0150 0.9994 0.0307
vn 0.0976 0.7807 -0.6173
vn -0.0203 0.9992 0.0338
vn -0.0352 0.9927 0.1150
vn -0.0277 0.9933 0.1123
vn -0.0216 0.9937 0.1099
vn 0.0754 0.3096 0.9479
vn 0.1892 0.3900 0.9012
vn -0.1305 0.5512 0.8241
vn -0.0587 0.2690 0.9614
vn -0.0898 0.5632 0.8214
vn 0.2519 0.5052 0.8254
vn -0.0609 0.5653 0.8226
vn 0.2440 0.4679 0.8494
vn -0.0671 0.5737 0.8163
vn -0.2309 0.6010 0.7652
vn -0.2745 0.5659 0.7775
vn -0.2832 0.6032 0.7456
vn -0.2359 0.6279 0.7417
vn -0.2821 0.6440 0.7111
vn -0.2239 0.5704 0.7902
vn -0.2234 0.6836 0.6948
vn -0.2636 0.6872 0.6769
vn -0.2334 0.7228 0.6505
vn -0.1725 0.5538 0.8146
vn -0.2342 0.6560 0.7175
vn -0.1217 0.3622 0.9241
vn -0.1458 0.3270 0.9337
vn -0.1210 0.6329 0.7647
vn -0.0849 0.3855 0.9188
vn -0.1571 0.6112 0.7757
vn -0.1378 0.2858 0.9483
vn -0.1822 0.5803 0.7938
vn -0.1961 0.7129 0.6733
vn -0.1932 0.7516 0.6307
vn -0.1557 0.7364 0.6583
vn -0.1501 0.7715 0.6183
vn -0.0793 0.7584 0.6469
vn -0.1110 0.7823 0.6129
vn -0.0768 0.7884 0.6103
vn -0.0833 0.6458 0.7589
vn -0.1156 0.7506 0.6505
vn -0.0137 0.4110 0.9115
vn -0.0302 0.4064 0.9132
vn -0.0147 0.6618 0.7496
vn -0.0314 0.6581 0.7523
vn -0.0521 0.3986 0.9157
vn -0.0526 0.6530 0.7555
vn -0.0509 0.7630 0.6443
vn -0.0500 0.7924 0.6080
vn -0.0309 0.7667 0.6412
vn -0.0307 0.7957 0.6049
vn -0.0148 0.7985 0.6018
vn -0.0148 0.7698 0.6382
vn 0.2508 0.5129 0.8210
vn 0.2469 0.5150 0.8209
vn -0.0569 0.5461 0.8358
vn -0.0537 0.5294 0.8467
vn 0.2250 0.4782 0.8490
vn -0.0545 0.4913 0.8693
vn 0.2397 0.5080 0.8274
vn -0.0523 0.5128 0.8569
vn -0.2050 0.4992 0.8419
vn -0.2468 0.4876 0.8375
vn -0.2505 0.4935 0.8329
vn -0.2094 0.5168 0.8301
vn -0.2555 0.5098 0.8215
vn -0.2033 0.4889 0.8483
vn -0.2646 0.5334 0.8034
vn -0.2162 0.5400 0.8134
vn 0.0534 -0.5917 0.8044
vn 0.1320 -0.0103 0.9912
vn -0.4145 -0.2840 0.8646
vn -0.1432 0.1130 0.9832
vn 0.1520 0.4187 0.8953
vn -0.2844 0.3943 0.8739
vn -0.7588 0.2062 0.6179
vn 0.7491 0.0478 0.6608
vn 0.5948 0.2244 0.7719
vn 0.6223 -0.4147 0.6639
vn 0.5627 0.0110 0.8266
vn 0.4507 0.3600 0.8169
vn 0.4850 -0.0699 0.8717
vn 0.3946 -0.7122 0.5806
vn 0.0191 0.7516 -0.6593
vn 0.1613 0.9852 0.0573
vn 0.7173 0.5598 -0.4149
vn 0.2766 0.9544 0.1119
vn 0.1785 0.9727 0.1480
vn 0.3339 0.9290 0.1596
vn 0.8773 0.4620 0.1303
vn -0.8274 0.0840 0.5553
vn -0.9209 0.2664 0.2847
vn -0.8478 0.3051 0.4337
vn -0.4512 -0.3238 0.8316
vn -0.9071 0.2631 0.3286
vn -0.9425 0.2192 0.2523
vn -0.9204 0.2378 0.3103
vn -0.8478 0.2774 0.4519
vn -0.6239 0.3619 0.6926
vn -0.6368 0.3270 0.6983
vn -0.2592 0.4395 0.8600
vn 0.0219 0.4727 0.8810
vn -0.2544 0.3760 0.8910
vn -0.0132 0.4352 0.9002
vn 0.2459 0.4877 0.8377
vn 0.1820 0.4627 0.8676
vn 0.1909 0.4831 0.8545
vn 0.1024 0.3606 0.9271
vn -0.1549 -0.2820 0.9468
vn -0.1801 -0.2804 0.9428
vn -0.0808 -0.5458 0.8340
vn -0.0219 -0.8138 0.5807
vn 0.4085 -0.2432 0.8798
vn 0.5033 -0.5402 0.6745
vn -0.1541 0.0487 0.9869
vn 0.0364 0.1854 0.9820
vn 0.9004 -0.0054 0.4351
vn 0.7677 0.2227 0.6008
vn 0.2413 0.4294 0.8703
vn -0.1589 0.4258 0.8907
vn -0.7490 0.0478 0.6608
vn -0.6219 -0.4212 0.6602
vn -0.5954 0.2211 0.7724
vn -0.5645 0.0646 0.8229
vn -0.3735 -0.7302 0.5721
vn -0.4828 -0.0710 0.8728
vn -0.4559 0.3544 0.8164
vn -0.0191 0.7516 -0.6594
vn -0.7173 0.5589 -0.4160
vn -0.1621 0.9850 0.0583
vn -0.2565 0.9606 0.1067
vn -0.8802 0.4547 0.1357
vn -0.3308 0.9299 0.1611
vn -0.1792 0.9727 0.1474
vn 0.8552 -0.2485 0.4549
vn 0.3932 -0.6641 0.6360
vn 0.5376 -0.6498 0.5373
vn 0.1674 -0.7936 0.5849
vn -0.0578 -0.8400 0.5395
vn -0.0679 -0.8607 0.5046
vn -0.0368 -0.8675 0.4960
vn 0.2047 0.4299 0.8793
vn 0.1536 0.3939 0.9062
vn -0.0575 0.4765 0.8773
vn -0.0384 0.4702 0.8817
vn 0.1369 -0.4061 0.9035
vn -0.1723 0.4256 0.8884
vn 0.0876 -0.2065 0.9745
vn -0.1486 0.5189 0.8418
vn -0.2001 0.4940 0.8461
vn -0.2414 0.4894 0.8380
vt 0.300829 0.451655
vt 0.301801 0.449817
vt 0.302242 0.452000
vt 0.301406 0.454430
vt 0.302860 0.454758
vt 0.299007 0.451220
vt 0.300418 0.449458
vt 0.299527 0.454015
vt 0.303425 0.462645
vt 0.303757 0.458316
vt 0.305026 0.462945
vt 0.301355 0.462263
vt 0.302243 0.458005
vt 0.300285 0.457609
vt 0.298026 0.457166
vt 0.296429 0.461398
vt 0.295608 0.456714
vt 0.297360 0.453552
vt 0.295042 0.453078
vt 0.298972 0.461835
vt 0.296638 0.448490
vt 0.294689 0.450235
vt 0.294509 0.447959
vt 0.298651 0.449003
vt 0.296916 0.450734
vt 0.322468 0.537659
vt 0.322957 0.528566
vt 0.325414 0.538494
vt 0.324813 0.547808
vt 0.327899 0.548779
vt 0.318693 0.536615
vt 0.320156 0.527856
vt 0.320858 0.546599
vt 0.329568 0.568871
vt 0.330406 0.559340
vt 0.332928 0.570089
vt 0.325254 0.567358
vt 0.327183 0.558237
vt 0.323049 0.556866
vt 0.318363 0.555394
vt 0.315258 0.564191
vt 0.313483 0.553991
vt 0.316378 0.545298
vt 0.311716 0.544054
vt 0.320360 0.565736
vt 0.312504 0.526007
vt 0.309975 0.534408
vt 0.308277 0.525078
vt 0.316567 0.526969
vt 0.314419 0.535490
vt 0.257399 0.496015
vt 0.264711 0.488101
vt 0.264802 0.496173
vt 0.257409 0.504097
vt 0.264900 0.504277
vt 0.249539 0.495891
vt 0.257395 0.487954
vt 0.249502 0.503957
vt 0.257419 0.520699
vt 0.264998 0.512505
vt 0.265090 0.520949
vt 0.249417 0.520508
vt 0.257418 0.512293
vt 0.249463 0.512131
vt 0.241257 0.512014
vt 0.232859 0.520293
vt 0.232926 0.511940
vt 0.241316 0.503854
vt 0.232992 0.503785
vt 0.241194 0.520373
vt 0.241434 0.487746
vt 0.233057 0.495731
vt 0.233121 0.487680
vt 0.249581 0.487836
vt 0.241374 0.495797
vt 0.257340 0.567171
vt 0.265378 0.557723
vt 0.265464 0.567619
vt 0.257345 0.576625
vt 0.265559 0.577099
vt 0.249114 0.566828
vt 0.257346 0.557307
vt 0.249071 0.576267
vt 0.257377 0.591466
vt 0.265653 0.585458
vt 0.265733 0.591974
vt 0.249020 0.591093
vt 0.257360 0.584964
vt 0.249040 0.584597
vt 0.240701 0.584355
vt 0.232301 0.590735
vt 0.232351 0.584239
vt 0.240754 0.576028
vt 0.232417 0.575912
vt 0.240661 0.590850
vt 0.240893 0.556767
vt 0.232491 0.566482
vt 0.232569 0.556655
vt 0.249168 0.556986
vt 0.240820 0.566596
vt 0.288562 0.444445
vt 0.284744 0.445584
vt 0.286901 0.443909
vt 0.289511 0.442903
vt 0.288303 0.442491
vt 0.290533 0.444997
vt 0.287764 0.446363
vt 0.291024 0.443386
vt 0.290917 0.440360
vt 0.289347 0.441193
vt 0.290125 0.440006
vt 0.291974 0.440808
vt 0.290290 0.441557
vt 0.291520 0.442013
vt 0.292973 0.442538
vt 0.294733 0.441921
vt 0.294597 0.443119
vt 0.292700 0.443912
vt 0.294494 0.444474
vt 0.293259 0.441331
vt 0.292387 0.447458
vt 0.294455 0.446063
vt 0.290175 0.446941
vt 0.292487 0.445528
vt 0.270927 0.454059
vt 0.264701 0.458705
vt 0.264853 0.453803
vt 0.271038 0.450311
vt 0.265039 0.450042
vt 0.276150 0.454365
vt 0.270861 0.458944
vt 0.276167 0.450614
vt 0.271264 0.445642
vt 0.265227 0.447269
vt 0.265383 0.445355
vt 0.276269 0.445856
vt 0.271160 0.447549
vt 0.276229 0.447809
vt 0.280611 0.448005
vt 0.284338 0.448294
vt 0.280554 0.450945
vt 0.284289 0.451330
vt 0.280615 0.445899
vt 0.280824 0.459547
vt 0.284449 0.455105
vt 0.284792 0.459893
vt 0.276208 0.459227
vt 0.280624 0.454718
vt 0.272989 0.548558
vt 0.265304 0.548099
vt 0.272768 0.539166
vt 0.265236 0.538756
vt 0.280307 0.549088
vt 0.273216 0.558228
vt 0.279888 0.539644
vt 0.272319 0.521263
vt 0.265167 0.529703
vt 0.279049 0.521634
vt 0.272547 0.530064
vt 0.279469 0.530488
vt 0.285859 0.530969
vt 0.290775 0.522526
vt 0.291637 0.531499
vt 0.286500 0.540182
vt 0.292511 0.540774
vt 0.285221 0.522057
vt 0.287793 0.559466
vt 0.293390 0.550340
vt 0.294273 0.560185
vt 0.280730 0.558812
vt 0.287145 0.549684
vt 0.305033 0.468647
vt 0.306756 0.468946
vt 0.306947 0.475755
vt 0.308808 0.476069
vt 0.302811 0.468266
vt 0.304548 0.475359
vt 0.311248 0.492072
vt 0.311064 0.484012
vt 0.313419 0.492456
vt 0.308457 0.491591
vt 0.309052 0.483670
vt 0.306461 0.483241
vt 0.303500 0.482768
vt 0.301928 0.490546
vt 0.300375 0.482299
vt 0.301800 0.474920
vt 0.298889 0.474480
vt 0.305274 0.491064
vt 0.297547 0.467412
vt 0.300259 0.467842
vt 0.241853 0.453301
vt 0.233350 0.458163
vt 0.233386 0.453227
vt 0.241964 0.449510
vt 0.233414 0.449435
vt 0.250079 0.453424
vt 0.241746 0.458237
vt 0.250254 0.449637
vt 0.242149 0.444773
vt 0.233434 0.446635
vt 0.233448 0.444698
vt 0.250560 0.444907
vt 0.242066 0.446710
vt 0.250422 0.446841
vt 0.258230 0.447029
vt 0.258029 0.449816
vt 0.258396 0.445103
vt 0.257645 0.458510
vt 0.249919 0.458353
vt 0.257825 0.453592
vt 0.271154 0.480149
vt 0.264639 0.479966
vt 0.270986 0.472320
vt 0.264603 0.472124
vt 0.276979 0.480362
vt 0.271366 0.488283
vt 0.276638 0.472549
vt 0.264620 0.464923
vt 0.270883 0.465140
vt 0.276374 0.465394
vt 0.281157 0.465679
vt 0.285297 0.465987
vt 0.281606 0.472805
vt 0.285937 0.473087
vt 0.282732 0.488747
vt 0.286674 0.480878
vt 0.287467 0.489027
vt 0.277369 0.488499
vt 0.282143 0.480606
vt 0.291415 0.439269
vt 0.290726 0.438930
vt 0.291793 0.438323
vt 0.291176 0.438006
vt 0.292352 0.439701
vt 0.292648 0.438730
vt 0.292209 0.436991
vt 0.291493 0.437274
vt 0.291687 0.436754
vt 0.292989 0.437326
vt 0.292055 0.437557
vt 0.292859 0.437929
vt 0.293895 0.438400
vt 0.295228 0.438339
vt 0.295137 0.438974
vt 0.293730 0.439225
vt 0.295017 0.439809
vt 0.294007 0.437775
vt 0.294877 0.440804
vt 0.293515 0.440214
vt 0.292451 0.449765
vt 0.292705 0.452636
vt 0.290078 0.449289
vt 0.290224 0.452204
vt 0.293877 0.460993
vt 0.291179 0.460611
vt 0.293174 0.456293
vt 0.290591 0.455891
vt 0.287728 0.455497
vt 0.287468 0.451763
vt 0.288198 0.460247
vt 0.287440 0.448770
vt 0.311865 0.573249
vt 0.317029 0.574621
vt 0.313335 0.583119
vt 0.318713 0.584559
vt 0.306646 0.572107
vt 0.310317 0.562913
vt 0.307906 0.581913
vt 0.315698 0.598566
vt 0.320215 0.593282
vt 0.321429 0.600064
vt 0.309924 0.597282
vt 0.314645 0.591802
vt 0.309028 0.590548
vt 0.303137 0.589471
vt 0.297340 0.595169
vt 0.296747 0.588516
vt 0.302202 0.580886
vt 0.295998 0.579982
vt 0.303880 0.596166
vt 0.300042 0.560962
vt 0.295156 0.570299
vt 0.305317 0.561854
vt 0.301149 0.571143
vt 0.296461 0.446629
vt 0.296368 0.445075
vt 0.298382 0.447174
vt 0.298191 0.445654
vt 0.296359 0.442573
vt 0.297989 0.443210
vt 0.296340 0.443749
vt 0.298065 0.444359
vt 0.299629 0.444893
vt 0.300686 0.444189
vt 0.300883 0.445304
vt 0.299826 0.446161
vt 0.301126 0.446555
vt 0.299482 0.443765
vt 0.301429 0.448030
vt 0.300086 0.447654
vt 0.300000 0.498372
vt 0.303481 0.498886
vt 0.301369 0.506789
vt 0.305047 0.507380
vt 0.296425 0.497924
vt 0.298644 0.490090
vt 0.297611 0.506279
vt 0.304197 0.524288
vt 0.306640 0.516090
vt 0.300057 0.523616
vt 0.302763 0.515407
vt 0.298818 0.514821
vt 0.294606 0.514314
vt 0.289929 0.513867
vt 0.293583 0.505836
vt 0.289096 0.505446
vt 0.295652 0.523037
vt 0.291583 0.489338
vt 0.288275 0.497191
vt 0.295252 0.489689
vt 0.292577 0.497534
vt 0.296408 0.441469
vt 0.296477 0.440479
vt 0.297954 0.442127
vt 0.297953 0.441155
vt 0.296616 0.439007
vt 0.298012 0.439701
vt 0.296551 0.439644
vt 0.297978 0.440332
vt 0.299265 0.440946
vt 0.300234 0.440809
vt 0.300289 0.441393
vt 0.299299 0.441746
vt 0.300385 0.442180
vt 0.299262 0.440334
vt 0.300519 0.443129
vt 0.299371 0.442700
vt 0.241498 0.479602
vt 0.233185 0.479536
vt 0.241571 0.471732
vt 0.233247 0.471663
vt 0.249632 0.479695
vt 0.249701 0.471832
vt 0.233302 0.464422
vt 0.241652 0.464493
vt 0.249795 0.464601
vt 0.257521 0.464744
vt 0.257443 0.471962
vt 0.257405 0.479816
vt 0.313446 0.500632
vt 0.315777 0.501073
vt 0.315657 0.509408
vt 0.318147 0.509921
vt 0.310453 0.500079
vt 0.312462 0.508764
vt 0.320538 0.519064
vt 0.317890 0.518461
vt 0.314495 0.517706
vt 0.310648 0.516886
vt 0.308835 0.508063
vt 0.307048 0.499476
vt 0.272081 0.512773
vt 0.271838 0.504505
vt 0.278624 0.513092
vt 0.278199 0.504778
vt 0.271597 0.496372
vt 0.277779 0.496608
vt 0.283340 0.496882
vt 0.283960 0.505093
vt 0.284588 0.513458
vt 0.294839 0.467016
vt 0.296000 0.474081
vt 0.291991 0.466650
vt 0.292980 0.473719
vt 0.297291 0.481880
vt 0.294086 0.481508
vt 0.290601 0.481176
vt 0.289677 0.473389
vt 0.288859 0.466309
vt 0.331963 0.579621
vt 0.335461 0.580921
vt 0.334243 0.589741
vt 0.337867 0.591082
vt 0.327466 0.578007
vt 0.329573 0.588075
vt 0.337843 0.605139
vt 0.339984 0.599798
vt 0.341589 0.606343
vt 0.332955 0.603575
vt 0.336266 0.598477
vt 0.331452 0.596829
vt 0.325960 0.595031
vt 0.324261 0.586281
vt 0.327334 0.601811
vt 0.322358 0.576274
vt 0.240970 0.547229
vt 0.232645 0.547124
vt 0.241048 0.537983
vt 0.232718 0.537886
vt 0.249231 0.547430
vt 0.249297 0.538163
vt 0.232790 0.528942
vt 0.241123 0.529030
vt 0.249361 0.529187
vt 0.257407 0.529411
vt 0.257386 0.538421
vt 0.257364 0.547722
vt 0.273911 0.586078
vt 0.273691 0.577687
vt 0.281961 0.586805
vt 0.274089 0.592617
vt 0.281582 0.578372
vt 0.273454 0.568167
vt 0.281163 0.568804
vt 0.288446 0.569517
vt 0.289071 0.579141
vt 0.290073 0.594233
vt 0.282263 0.593377
vt 0.289631 0.587623
vt 0.305686 0.533497
vt 0.307213 0.543017
vt 0.301340 0.532730
vt 0.302654 0.542150
vt 0.308762 0.552829
vt 0.303984 0.551863
vt 0.298932 0.551049
vt 0.297824 0.541416
vt 0.296728 0.532075
vt 0.304305 0.452384
vt 0.303582 0.450233
vt 0.303897 0.450263
vt 0.304663 0.452392
vt 0.304292 0.450301
vt 0.304907 0.455096
vt 0.304019 0.452376
vt 0.305230 0.455087
vt 0.305503 0.452409
vt 0.304742 0.450344
vt 0.305221 0.450390
vt 0.305986 0.455065
vt 0.305070 0.452400
vt 0.305596 0.455077
vt 0.306449 0.458581
vt 0.308080 0.463134
vt 0.307745 0.463169
vt 0.306115 0.458603
vt 0.307429 0.463200
vt 0.306803 0.458557
vt 0.305582 0.458633
vt 0.307149 0.463227
vt 0.306921 0.463246
vt 0.304647 0.455100
vt 0.305820 0.458621
vt 0.329018 0.539254
vt 0.326077 0.529254
vt 0.326411 0.529193
vt 0.329443 0.539173
vt 0.326833 0.529110
vt 0.331647 0.549679
vt 0.328681 0.539313
vt 0.332074 0.549600
vt 0.330441 0.538977
vt 0.327314 0.529013
vt 0.327825 0.528908
vt 0.333078 0.549407
vt 0.329927 0.539079
vt 0.332561 0.549507
vt 0.335211 0.560206
vt 0.338390 0.570972
vt 0.337871 0.571072
vt 0.334722 0.560299
vt 0.337382 0.571165
vt 0.335729 0.560107
vt 0.333953 0.560433
vt 0.336952 0.571244
vt 0.336612 0.571300
vt 0.331308 0.549737
vt 0.334293 0.560377
vt 0.257300 0.599464
vt 0.265642 0.600469
vt 0.257264 0.599953
vt 0.248934 0.599088
vt 0.248909 0.599577
vt 0.257334 0.599004
vt 0.265689 0.599982
vt 0.248958 0.598626
vt 0.232239 0.598733
vt 0.240569 0.599336
vt 0.232235 0.599224
vt 0.232242 0.598271
vt 0.240583 0.598846
vt 0.240597 0.598384
vt 0.240608 0.597979
vt 0.232248 0.597545
vt 0.240617 0.597659
vt 0.248978 0.598221
vt 0.248994 0.597902
vt 0.232245 0.597866
vt 0.265773 0.599119
vt 0.257386 0.598280
vt 0.265802 0.598801
vt 0.265734 0.599522
vt 0.257363 0.598600
vt 0.287880 0.440418
vt 0.289071 0.439467
vt 0.288136 0.440612
vt 0.286682 0.441487
vt 0.286900 0.441730
vt 0.287590 0.440193
vt 0.288806 0.439307
vt 0.286437 0.441211
vt 0.282922 0.443068
vt 0.285241 0.442691
vt 0.282992 0.443378
vt 0.282838 0.442714
vt 0.285090 0.442404
vt 0.284920 0.442078
vt 0.284752 0.441765
vt 0.282650 0.442081
vt 0.284601 0.441504
vt 0.286202 0.440944
vt 0.286000 0.440717
vt 0.282747 0.442371
vt 0.288198 0.438926
vt 0.287070 0.439776
vt 0.287935 0.438753
vt 0.288500 0.439117
vt 0.287309 0.439971
vt 0.279972 0.443378
vt 0.279986 0.443686
vt 0.276143 0.443376
vt 0.276134 0.443678
vt 0.279952 0.443019
vt 0.276150 0.443021
vt 0.265546 0.442872
vt 0.271352 0.443466
vt 0.265536 0.443169
vt 0.265556 0.442523
vt 0.271365 0.443168
vt 0.271379 0.442817
vt 0.271386 0.442465
vt 0.265565 0.441861
vt 0.271379 0.442154
vt 0.276146 0.442667
vt 0.276122 0.442357
vt 0.265564 0.442172
vt 0.279866 0.442358
vt 0.279919 0.442664
vt 0.308999 0.469212
vt 0.309286 0.469173
vt 0.311211 0.476329
vt 0.308766 0.469240
vt 0.311523 0.476275
vt 0.309952 0.469076
vt 0.312248 0.476141
vt 0.309610 0.469126
vt 0.311875 0.476210
vt 0.314390 0.484131
vt 0.317467 0.492478
vt 0.317009 0.492579
vt 0.313998 0.484212
vt 0.316578 0.492673
vt 0.314806 0.484044
vt 0.313376 0.484333
vt 0.316199 0.492754
vt 0.315898 0.492814
vt 0.310960 0.476370
vt 0.313652 0.484282
vt 0.258567 0.442604
vt 0.258563 0.442900
vt 0.250700 0.442397
vt 0.250698 0.442694
vt 0.258573 0.442255
vt 0.250704 0.442048
vt 0.233466 0.442182
vt 0.242232 0.442555
vt 0.233464 0.442479
vt 0.233469 0.441832
vt 0.242234 0.442258
vt 0.242236 0.441908
vt 0.242239 0.441557
vt 0.233473 0.441169
vt 0.242243 0.441245
vt 0.250707 0.441697
vt 0.250711 0.441384
vt 0.233471 0.441481
vt 0.258582 0.441592
vt 0.258578 0.441904
vt 0.292425 0.435989
vt 0.291820 0.436091
vt 0.291836 0.435884
vt 0.292494 0.435676
vt 0.291835 0.435591
vt 0.293279 0.436249
vt 0.292364 0.436218
vt 0.293409 0.435935
vt 0.292650 0.434822
vt 0.291821 0.435208
vt 0.291806 0.434734
vt 0.293736 0.435133
vt 0.292566 0.435284
vt 0.293563 0.435557
vt 0.294778 0.436047
vt 0.296522 0.436424
vt 0.296205 0.436740
vt 0.294557 0.436391
vt 0.295915 0.437034
vt 0.295022 0.435672
vt 0.294229 0.436913
vt 0.295668 0.437290
vt 0.295481 0.437491
vt 0.293177 0.436486
vt 0.294371 0.436685
vt 0.290545 0.436656
vt 0.291117 0.436229
vt 0.290783 0.436771
vt 0.290095 0.437380
vt 0.290346 0.437506
vt 0.290262 0.436515
vt 0.290857 0.436149
vt 0.289800 0.437226
vt 0.289788 0.438419
vt 0.289527 0.438278
vt 0.289223 0.438108
vt 0.288920 0.437933
vt 0.288654 0.437774
vt 0.289509 0.437060
vt 0.289251 0.436904
vt 0.290384 0.435826
vt 0.289753 0.436188
vt 0.290172 0.435650
vt 0.290618 0.436005
vt 0.289991 0.436349
vt 0.316689 0.605955
vt 0.322705 0.607145
vt 0.322609 0.607450
vt 0.316572 0.606344
vt 0.322482 0.607835
vt 0.310742 0.604650
vt 0.316778 0.605646
vt 0.310638 0.605043
vt 0.316291 0.607257
vt 0.322334 0.608272
vt 0.322176 0.608736
vt 0.310386 0.605965
vt 0.316436 0.606787
vt 0.310516 0.605491
vt 0.304343 0.604345
vt 0.297585 0.603786
vt 0.297683 0.603305
vt 0.304449 0.603894
vt 0.297774 0.602852
vt 0.304230 0.604823
vt 0.304610 0.603184
vt 0.297853 0.602454
vt 0.297913 0.602139
vt 0.310822 0.604338
vt 0.304541 0.603498
vt 0.302980 0.446026
vt 0.302373 0.444801
vt 0.302765 0.444981
vt 0.303459 0.446219
vt 0.303265 0.445214
vt 0.303232 0.447185
vt 0.302603 0.445877
vt 0.303687 0.447325
vt 0.304600 0.446683
vt 0.303841 0.445486
vt 0.304458 0.445780
vt 0.304766 0.447661
vt 0.304010 0.446442
vt 0.304209 0.447487
vt 0.304452 0.448746
vt 0.303964 0.448648
vt 0.304972 0.448851
vt 0.303198 0.448495
vt 0.302873 0.447076
vt 0.303537 0.448562
vt 0.303677 0.444497
vt 0.303082 0.444200
vt 0.303517 0.443550
vt 0.304316 0.444819
vt 0.302907 0.443246
vt 0.302162 0.443753
vt 0.301969 0.442793
vt 0.302566 0.443947
vt 0.302380 0.442989
vt 0.302208 0.442166
vt 0.301648 0.441365
vt 0.302057 0.441534
vt 0.302743 0.442416
vt 0.302597 0.441769
vt 0.301796 0.441979
vt 0.304032 0.443044
vt 0.303229 0.442058
vt 0.303909 0.442386
vt 0.304172 0.443880
vt 0.303365 0.442715
vt 0.297844 0.437636
vt 0.298250 0.437408
vt 0.299483 0.438612
vt 0.299974 0.438485
vt 0.297469 0.437852
vt 0.299025 0.438739
vt 0.301983 0.440359
vt 0.301485 0.439527
vt 0.302640 0.440483
vt 0.301408 0.440273
vt 0.300920 0.439544
vt 0.300400 0.439576
vt 0.299948 0.439618
vt 0.300566 0.440222
vt 0.299600 0.439661
vt 0.298632 0.438857
vt 0.298331 0.438955
vt 0.300935 0.440231
vt 0.296904 0.438199
vt 0.297148 0.438044
vt 0.318739 0.501422
vt 0.319140 0.501336
vt 0.321283 0.510343
vt 0.318422 0.501486
vt 0.321696 0.510256
vt 0.320082 0.501127
vt 0.322668 0.510044
vt 0.319597 0.501235
vt 0.322167 0.510153
vt 0.324734 0.519392
vt 0.324256 0.519493
vt 0.325242 0.519284
vt 0.323505 0.519642
vt 0.320955 0.510408
vt 0.323837 0.519579
vt 0.339585 0.612199
vt 0.343351 0.612661
vt 0.343329 0.612916
vt 0.339485 0.612561
vt 0.343303 0.613253
vt 0.334542 0.610839
vt 0.339658 0.611916
vt 0.334417 0.611211
vt 0.339245 0.613425
vt 0.343275 0.613657
vt 0.343245 0.614109
vt 0.334115 0.612088
vt 0.339369 0.612978
vt 0.334271 0.611636
vt 0.328436 0.609971
vt 0.328589 0.609539
vt 0.328273 0.610428
vt 0.328819 0.608860
vt 0.334636 0.610545
vt 0.328720 0.609161
vt 0.339618 0.582160
vt 0.340046 0.582081
vt 0.342130 0.592371
vt 0.339278 0.582217
vt 0.342554 0.592292
vt 0.341051 0.581885
vt 0.343550 0.592096
vt 0.340534 0.581986
vt 0.343037 0.592198
vt 0.345177 0.600943
vt 0.347152 0.607439
vt 0.346655 0.607505
vt 0.344703 0.601032
vt 0.346193 0.607568
vt 0.345679 0.600847
vt 0.343960 0.601161
vt 0.345793 0.607621
vt 0.345481 0.607658
vt 0.341794 0.592428
vt 0.344289 0.601108
vt 0.290444 0.601472
vt 0.290377 0.601872
vt 0.282503 0.600576
vt 0.290496 0.601156
vt 0.282445 0.600977
vt 0.290214 0.602810
vt 0.282308 0.601918
vt 0.290298 0.602327
vt 0.282379 0.601433
vt 0.274113 0.600645
vt 0.274168 0.600186
vt 0.274053 0.601131
vt 0.274253 0.599466
vt 0.282547 0.600259
vt 0.274216 0.599784
vt 0.291245 0.435927
vt 0.291147 0.435918
vt 0.291139 0.435654
vt 0.291079 0.435630
vt 0.291331 0.435911
vt 0.291306 0.436113
vt 0.291233 0.435648
vt 0.290794 0.434838
vt 0.290903 0.435296
vt 0.290612 0.434866
vt 0.290979 0.434809
vt 0.290965 0.435301
vt 0.291102 0.435283
vt 0.291358 0.435240
vt 0.291439 0.435613
vt 0.291277 0.434767
vt 0.291530 0.436064
vt 0.291396 0.436080
vt 0.291498 0.435885
vt 0.301940 0.441152
vt 0.301535 0.441002
vt 0.301765 0.440905
vt 0.301374 0.440780
vt 0.302483 0.441368
vt 0.302300 0.441096
vt 0.301100 0.440556
vt 0.301467 0.440631
vt 0.301976 0.440771
vt 0.302599 0.440969
vt 0.303288 0.441222
vt 0.302941 0.441350
vt 0.303636 0.441655
vt 0.303820 0.441966
vt 0.303126 0.441645
vt 0.345236 0.612852
vt 0.345164 0.612659
vt 0.345810 0.612519
vt 0.345647 0.612397
vt 0.345356 0.613128
vt 0.346045 0.612704
vt 0.345949 0.611236
vt 0.346215 0.611254
vt 0.346577 0.611288
vt 0.347023 0.611341
vt 0.347536 0.611410
vt 0.346364 0.612962
vt 0.346780 0.613293
vt 0.345735 0.613942
vt 0.345527 0.613491
vt 0.305418 0.458638
vt 0.306764 0.463254
vt 0.305180 0.458603
vt 0.306525 0.463221
vt 0.304471 0.455100
vt 0.304230 0.455062
vt 0.306004 0.463127
vt 0.304682 0.458504
vt 0.303748 0.454957
vt 0.303107 0.452212
vt 0.302650 0.450038
vt 0.303580 0.452324
vt 0.303120 0.450158
vt 0.303373 0.450211
vt 0.303827 0.452368
vt 0.333731 0.560461
vt 0.336389 0.571327
vt 0.333354 0.560345
vt 0.335999 0.571199
vt 0.331087 0.549766
vt 0.330724 0.549664
vt 0.334961 0.570824
vt 0.332357 0.560006
vt 0.329769 0.549365
vt 0.327199 0.538999
vt 0.324655 0.528995
vt 0.328113 0.539256
vt 0.325524 0.529214
vt 0.325859 0.529287
vt 0.328462 0.539343
vt 0.240623 0.597452
vt 0.232250 0.597338
vt 0.240627 0.596762
vt 0.232255 0.596648
vt 0.249003 0.597695
vt 0.249006 0.597005
vt 0.232270 0.594663
vt 0.240638 0.594777
vt 0.249010 0.595020
vt 0.257391 0.595397
vt 0.265786 0.595913
vt 0.257398 0.597384
vt 0.265813 0.597903
vt 0.265820 0.598594
vt 0.257399 0.598074
vt 0.288303 0.440736
vt 0.289243 0.439568
vt 0.288456 0.440818
vt 0.289382 0.439645
vt 0.287045 0.441885
vt 0.287208 0.441989
vt 0.289641 0.439775
vt 0.288766 0.440953
vt 0.287575 0.442181
vt 0.285956 0.443402
vt 0.283657 0.444315
vt 0.285516 0.443035
vt 0.283208 0.443787
vt 0.283044 0.443579
vt 0.285344 0.442876
vt 0.280001 0.443885
vt 0.280099 0.444108
vt 0.276133 0.443873
vt 0.276159 0.444102
vt 0.280372 0.444684
vt 0.276223 0.444688
vt 0.271318 0.444485
vt 0.265475 0.444194
vt 0.271341 0.443892
vt 0.265518 0.443597
vt 0.265531 0.443360
vt 0.271346 0.443658
vt 0.313191 0.484361
vt 0.315699 0.492847
vt 0.312925 0.484327
vt 0.315420 0.492809
vt 0.310790 0.476391
vt 0.310536 0.476359
vt 0.314738 0.492689
vt 0.312288 0.484220
vt 0.309942 0.476260
vt 0.307806 0.469128
vt 0.308361 0.469223
vt 0.308606 0.469255
vt 0.258560 0.443092
vt 0.258545 0.443333
vt 0.250697 0.442886
vt 0.250684 0.443128
vt 0.258496 0.443934
vt 0.250643 0.443732
vt 0.242198 0.443596
vt 0.233457 0.443521
vt 0.242223 0.442991
vt 0.233461 0.442915
vt 0.233463 0.442671
vt 0.242231 0.442747
vt 0.294143 0.437060
vt 0.295368 0.437623
vt 0.294105 0.437179
vt 0.295318 0.437736
vt 0.293114 0.436636
vt 0.293086 0.436754
vt 0.295282 0.437946
vt 0.294070 0.437389
vt 0.293055 0.436955
vt 0.292279 0.436650
vt 0.291766 0.436459
vt 0.292305 0.436467
vt 0.291790 0.436304
vt 0.291800 0.436214
vt 0.292323 0.436359
vt 0.290917 0.436869
vt 0.291203 0.436407
vt 0.291007 0.436963
vt 0.291269 0.436498
vt 0.290503 0.437595
vt 0.290616 0.437672
vt 0.291403 0.436601
vt 0.291170 0.437084
vt 0.290809 0.437795
vt 0.290308 0.438707
vt 0.290084 0.438582
vt 0.289956 0.438510
vt 0.304651 0.602980
vt 0.297948 0.601934
vt 0.304574 0.602268
vt 0.297889 0.601228
vt 0.310868 0.604136
vt 0.310772 0.603419
vt 0.297705 0.599193
vt 0.304340 0.600219
vt 0.310484 0.601357
vt 0.316364 0.602657
vt 0.322207 0.604160
vt 0.316712 0.604726
vt 0.322618 0.606228
vt 0.322759 0.606946
vt 0.316830 0.605445
vt 0.302975 0.448450
vt 0.302718 0.448385
vt 0.302638 0.447006
vt 0.302379 0.446927
vt 0.302256 0.448258
vt 0.301928 0.446793
vt 0.301658 0.445550
vt 0.301432 0.444441
vt 0.302098 0.445693
vt 0.301860 0.444589
vt 0.302119 0.444691
vt 0.302358 0.445785
vt 0.301902 0.443634
vt 0.301645 0.443529
vt 0.301707 0.442674
vt 0.301454 0.442571
vt 0.301232 0.443381
vt 0.301059 0.442427
vt 0.300919 0.441636
vt 0.300821 0.441057
vt 0.301292 0.441772
vt 0.301165 0.441184
vt 0.301393 0.441268
vt 0.301535 0.441867
vt 0.299391 0.439699
vt 0.300337 0.440231
vt 0.299301 0.439762
vt 0.300240 0.440277
vt 0.298150 0.439027
vt 0.298072 0.439110
vt 0.300215 0.440453
vt 0.299270 0.439952
vt 0.298038 0.439310
vt 0.296657 0.438612
vt 0.296692 0.438405
vt 0.296756 0.438304
vt 0.323288 0.519677
vt 0.322968 0.519615
vt 0.320741 0.510443
vt 0.320435 0.510391
vt 0.322144 0.519429
vt 0.319659 0.510232
vt 0.317192 0.501340
vt 0.317921 0.501477
vt 0.318213 0.501521
vt 0.328873 0.608663
vt 0.328707 0.607951
vt 0.334686 0.610352
vt 0.334490 0.609653
vt 0.328227 0.605894
vt 0.333942 0.607624
vt 0.338861 0.609110
vt 0.342514 0.610141
vt 0.339463 0.611071
vt 0.343092 0.611927
vt 0.343359 0.612493
vt 0.339696 0.611732
vt 0.343746 0.601186
vt 0.345278 0.607673
vt 0.343338 0.601040
vt 0.344896 0.607522
vt 0.341574 0.592454
vt 0.341163 0.592311
vt 0.343808 0.607108
vt 0.342219 0.600620
vt 0.340055 0.591897
vt 0.337576 0.581707
vt 0.338653 0.582106
vt 0.339055 0.582244
vt 0.274275 0.599261
vt 0.274258 0.598567
vt 0.282573 0.600054
vt 0.282544 0.599357
vt 0.274201 0.596570
vt 0.282449 0.597349
vt 0.290345 0.598230
vt 0.290483 0.600250
vt 0.290527 0.600952
vt 0.284461 0.441302
vt 0.282538 0.441855
vt 0.284304 0.441100
vt 0.282401 0.441632
vt 0.285831 0.440537
vt 0.285655 0.440353
vt 0.283926 0.440635
vt 0.282241 0.441385
vt 0.282067 0.441120
vt 0.285235 0.439923
vt 0.284124 0.440877
vt 0.285454 0.440147
vt 0.286446 0.439250
vt 0.286969 0.438070
vt 0.287240 0.438264
vt 0.286672 0.439442
vt 0.287492 0.438444
vt 0.286201 0.439041
vt 0.287717 0.438603
vt 0.286874 0.439613
vt 0.271353 0.441892
vt 0.265558 0.441596
vt 0.271315 0.441622
vt 0.265547 0.441320
vt 0.276069 0.442100
vt 0.275997 0.441839
vt 0.271224 0.441008
vt 0.265535 0.441017
vt 0.265522 0.440696
vt 0.275820 0.441245
vt 0.271271 0.441324
vt 0.275912 0.441551
vt 0.279545 0.441595
vt 0.279674 0.441865
vt 0.279407 0.441306
vt 0.279783 0.442112
vt 0.242247 0.440976
vt 0.233475 0.440901
vt 0.242254 0.440696
vt 0.233477 0.440620
vt 0.250717 0.441116
vt 0.250725 0.440836
vt 0.242270 0.440060
vt 0.233479 0.440312
vt 0.233482 0.439985
vt 0.250746 0.440202
vt 0.242262 0.440387
vt 0.250735 0.440528
vt 0.258592 0.440741
vt 0.258587 0.441047
vt 0.258598 0.440416
vt 0.258584 0.441325
vt 0.288428 0.437633
vt 0.288190 0.437482
vt 0.289027 0.436765
vt 0.288789 0.436616
vt 0.287636 0.437128
vt 0.288235 0.436272
vt 0.287923 0.437312
vt 0.288523 0.436451
vt 0.289060 0.435735
vt 0.289289 0.435068
vt 0.289526 0.435215
vt 0.289312 0.435896
vt 0.289754 0.435359
vt 0.288788 0.435565
vt 0.289970 0.435502
vt 0.289540 0.436045
vt 0.166106 0.450779
vt 0.165180 0.448925
vt 0.166569 0.448595
vt 0.167935 0.450380
vt 0.168343 0.448177
vt 0.165466 0.453541
vt 0.164687 0.451098
vt 0.167353 0.453159
vt 0.172260 0.449474
vt 0.170359 0.447704
vt 0.172488 0.447213
vt 0.171848 0.452301
vt 0.170030 0.449933
vt 0.169526 0.452734
vt 0.168786 0.456331
vt 0.170297 0.460582
vt 0.167747 0.460980
vt 0.166520 0.456737
vt 0.165357 0.461371
vt 0.171209 0.455918
vt 0.163033 0.457386
vt 0.163280 0.461722
vt 0.161673 0.461997
vt 0.164006 0.453843
vt 0.164554 0.457100
vt 0.142960 0.536505
vt 0.142618 0.527403
vt 0.145431 0.526729
vt 0.146754 0.535511
vt 0.149036 0.525888
vt 0.140450 0.546629
vt 0.140000 0.537304
vt 0.144427 0.545470
vt 0.155510 0.533415
vt 0.153117 0.524979
vt 0.157360 0.524104
vt 0.153613 0.543042
vt 0.151047 0.534440
vt 0.148929 0.544226
vt 0.146781 0.554301
vt 0.149746 0.563140
vt 0.144617 0.564621
vt 0.142070 0.555713
vt 0.139695 0.566181
vt 0.151685 0.552960
vt 0.134670 0.558094
vt 0.135355 0.567639
vt 0.131974 0.568814
vt 0.137348 0.547560
vt 0.137912 0.557032
vt 0.208714 0.495703
vt 0.201532 0.487697
vt 0.208848 0.487644
vt 0.216574 0.495680
vt 0.216662 0.487627
vt 0.208573 0.503783
vt 0.201310 0.495766
vt 0.216482 0.503745
vt 0.224808 0.487640
vt 0.224739 0.495691
vt 0.224667 0.503748
vt 0.224595 0.511907
vt 0.224524 0.520267
vt 0.216389 0.511918
vt 0.216299 0.520296
vt 0.200849 0.512092
vt 0.208295 0.520384
vt 0.200621 0.520535
vt 0.201080 0.503867
vt 0.208432 0.511978
vt 0.207632 0.566857
vt 0.199743 0.557307
vt 0.207782 0.556993
vt 0.215863 0.566618
vt 0.215965 0.556776
vt 0.207477 0.576312
vt 0.199499 0.567203
vt 0.215758 0.576058
vt 0.224243 0.556661
vt 0.224161 0.566491
vt 0.224078 0.575924
vt 0.224001 0.584250
vt 0.223939 0.590746
vt 0.215658 0.584388
vt 0.215576 0.590885
vt 0.199030 0.585042
vt 0.207213 0.591154
vt 0.198848 0.591558
vt 0.199255 0.576683
vt 0.207332 0.584652
vt 0.178461 0.443814
vt 0.182232 0.444994
vt 0.179220 0.445729
vt 0.176496 0.444334
vt 0.176815 0.446269
vt 0.177546 0.442271
vt 0.180117 0.443303
vt 0.176038 0.442729
vt 0.172583 0.445331
vt 0.174607 0.446750
vt 0.172577 0.443755
vt 0.174546 0.444831
vt 0.174367 0.443225
vt 0.174123 0.441860
vt 0.172393 0.441221
vt 0.173863 0.440659
vt 0.175573 0.441361
vt 0.175146 0.440161
vt 0.172504 0.442410
vt 0.177738 0.440580
vt 0.176201 0.439734
vt 0.176991 0.439395
vt 0.178750 0.441879
vt 0.176799 0.440927
vt 0.195871 0.453610
vt 0.202013 0.458325
vt 0.195860 0.458487
vt 0.190655 0.453850
vt 0.190519 0.458701
vt 0.195817 0.449869
vt 0.201936 0.453428
vt 0.190696 0.450109
vt 0.182368 0.454479
vt 0.185908 0.458960
vt 0.181942 0.459250
vt 0.182593 0.450719
vt 0.186188 0.454145
vt 0.186320 0.450384
vt 0.186308 0.447454
vt 0.186336 0.445356
vt 0.190677 0.447311
vt 0.190666 0.445364
vt 0.182594 0.447695
vt 0.201660 0.446902
vt 0.195659 0.445208
vt 0.201531 0.444990
vt 0.201807 0.449671
vt 0.195736 0.447111
vt 0.192276 0.548043
vt 0.191896 0.557712
vt 0.184949 0.548481
vt 0.184370 0.558201
vt 0.192648 0.538654
vt 0.199970 0.547683
vt 0.185520 0.539040
vt 0.171843 0.549565
vt 0.177296 0.558765
vt 0.170803 0.559401
vt 0.172876 0.540008
vt 0.178101 0.548989
vt 0.178898 0.539493
vt 0.179688 0.530287
vt 0.174908 0.521779
vt 0.180471 0.521382
vt 0.186086 0.529889
vt 0.186650 0.521039
vt 0.173900 0.530743
vt 0.200402 0.529288
vt 0.193386 0.520755
vt 0.200187 0.538340
vt 0.193016 0.529554
vt 0.161559 0.467700
vt 0.163789 0.467352
vt 0.159517 0.474783
vt 0.159830 0.467974
vt 0.161924 0.474420
vt 0.169068 0.466575
vt 0.167599 0.473622
vt 0.166348 0.466965
vt 0.164680 0.474021
vt 0.162842 0.481846
vt 0.164282 0.489647
vt 0.160926 0.490120
vt 0.159872 0.482278
vt 0.157733 0.490604
vt 0.165976 0.481420
vt 0.155254 0.482986
vt 0.154933 0.491048
vt 0.152755 0.491402
vt 0.157649 0.475071
vt 0.157273 0.482672
vt 0.224921 0.453201
vt 0.224955 0.458136
vt 0.216698 0.453226
vt 0.216785 0.458154
vt 0.224866 0.449411
vt 0.216579 0.449441
vt 0.209063 0.458216
vt 0.208958 0.453302
vt 0.208810 0.449529
vt 0.208650 0.446743
vt 0.208511 0.444818
vt 0.216452 0.446645
vt 0.216342 0.444711
vt 0.224749 0.444673
vt 0.224804 0.446610
vt 0.195223 0.479664
vt 0.194877 0.487792
vt 0.189398 0.479802
vt 0.188873 0.487929
vt 0.195519 0.471844
vt 0.201737 0.479567
vt 0.189869 0.471998
vt 0.179699 0.480186
vt 0.183507 0.488106
vt 0.178769 0.488322
vt 0.180569 0.472410
vt 0.184233 0.479976
vt 0.184901 0.472188
vt 0.185471 0.465076
vt 0.190251 0.464856
vt 0.181332 0.465326
vt 0.201997 0.464536
vt 0.201899 0.471731
vt 0.195738 0.464674
vt 0.175731 0.438647
vt 0.174794 0.439059
vt 0.175379 0.437706
vt 0.176419 0.438323
vt 0.174522 0.438094
vt 0.172271 0.440113
vt 0.172151 0.439126
vt 0.173632 0.439549
vt 0.173437 0.438567
vt 0.173289 0.437746
vt 0.171964 0.437665
vt 0.173189 0.437122
vt 0.174330 0.437296
vt 0.174215 0.436694
vt 0.172044 0.438297
vt 0.175705 0.436677
vt 0.175001 0.436381
vt 0.175527 0.436164
vt 0.175997 0.437403
vt 0.175138 0.436944
vt 0.174497 0.449044
vt 0.176868 0.448605
vt 0.174186 0.451898
vt 0.176666 0.451505
vt 0.179500 0.448128
vt 0.179420 0.451106
vt 0.179092 0.454824
vt 0.178537 0.459555
vt 0.176230 0.455175
vt 0.175555 0.459876
vt 0.172854 0.460216
vt 0.173647 0.455537
vt 0.152995 0.572246
vt 0.154710 0.561926
vt 0.158235 0.571170
vt 0.159728 0.560930
vt 0.151367 0.582102
vt 0.147807 0.573552
vt 0.156818 0.580964
vt 0.169758 0.569508
vt 0.165019 0.560105
vt 0.168762 0.579183
vt 0.163749 0.570276
vt 0.162541 0.580009
vt 0.161469 0.588587
vt 0.167180 0.594360
vt 0.160621 0.595276
vt 0.155558 0.589590
vt 0.154556 0.596316
vt 0.167878 0.587711
vt 0.144319 0.592183
vt 0.148756 0.597529
vt 0.142995 0.598955
vt 0.145963 0.583474
vt 0.149917 0.590773
vt 0.170578 0.445858
vt 0.168655 0.446363
vt 0.170706 0.444318
vt 0.168884 0.444857
vt 0.165599 0.447150
vt 0.165943 0.445688
vt 0.166947 0.446805
vt 0.167246 0.445326
vt 0.167478 0.444072
vt 0.166451 0.443351
vt 0.167657 0.442960
vt 0.169043 0.443577
vt 0.169147 0.442442
vt 0.166221 0.444450
vt 0.170772 0.441840
vt 0.170764 0.443005
vt 0.166079 0.497499
vt 0.167574 0.489235
vt 0.169661 0.497100
vt 0.170973 0.488880
vt 0.164570 0.505901
vt 0.162588 0.497968
vt 0.168337 0.505440
vt 0.177824 0.496475
vt 0.174647 0.488578
vt 0.176866 0.504720
vt 0.173516 0.496761
vt 0.172372 0.505050
vt 0.171210 0.513516
vt 0.170022 0.522227
vt 0.166989 0.513968
vt 0.165606 0.522748
vt 0.175895 0.513130
vt 0.159144 0.515135
vt 0.161454 0.523367
vt 0.160881 0.506443
vt 0.163034 0.514502
vt 0.170746 0.440748
vt 0.169209 0.441374
vt 0.170695 0.439769
vt 0.169230 0.440415
vt 0.166651 0.442308
vt 0.166815 0.441380
vt 0.167797 0.441913
vt 0.167896 0.440977
vt 0.167950 0.440191
vt 0.167015 0.440051
vt 0.167962 0.439585
vt 0.169219 0.439602
vt 0.169194 0.438980
vt 0.166939 0.440615
vt 0.170579 0.438312
vt 0.170634 0.438942
vt 0.224873 0.479498
vt 0.216740 0.479488
vt 0.224924 0.471628
vt 0.216795 0.471627
vt 0.208969 0.479510
vt 0.209055 0.471660
vt 0.209092 0.464447
vt 0.216813 0.464399
vt 0.224953 0.464391
vt 0.152590 0.499582
vt 0.155594 0.499068
vt 0.150234 0.508331
vt 0.150252 0.499992
vt 0.153441 0.507730
vt 0.159010 0.498511
vt 0.157081 0.507077
vt 0.155122 0.515879
vt 0.151260 0.516648
vt 0.145192 0.517928
vt 0.147734 0.508813
vt 0.147851 0.517359
vt 0.193762 0.512269
vt 0.187213 0.512503
vt 0.194139 0.504005
vt 0.187774 0.504194
vt 0.181244 0.512791
vt 0.182009 0.504433
vt 0.182764 0.496231
vt 0.188329 0.496031
vt 0.194513 0.495875
vt 0.171782 0.466219
vt 0.174633 0.465895
vt 0.170494 0.473264
vt 0.173519 0.472944
vt 0.177768 0.465598
vt 0.176827 0.472661
vt 0.175768 0.480431
vt 0.172278 0.480715
vt 0.169068 0.481044
vt 0.132786 0.578364
vt 0.137311 0.576806
vt 0.130339 0.588459
vt 0.129264 0.579619
vt 0.135039 0.586853
vt 0.142448 0.575138
vt 0.140383 0.585126
vt 0.138540 0.593859
vt 0.137053 0.600627
vt 0.133013 0.595587
vt 0.131393 0.602317
vt 0.124423 0.598446
vt 0.126466 0.603811
vt 0.122692 0.604954
vt 0.126690 0.589754
vt 0.128167 0.597173
vt 0.224318 0.547123
vt 0.216054 0.547219
vt 0.224388 0.537876
vt 0.216136 0.537951
vt 0.207917 0.547407
vt 0.208043 0.538106
vt 0.208167 0.529096
vt 0.216217 0.528975
vt 0.224456 0.528924
vt 0.190761 0.585559
vt 0.190480 0.592098
vt 0.182697 0.586186
vt 0.182292 0.592755
vt 0.191112 0.577169
vt 0.183208 0.577754
vt 0.174465 0.593515
vt 0.175012 0.586907
vt 0.175705 0.578429
vt 0.176483 0.568811
vt 0.183779 0.568189
vt 0.191500 0.567650
vt 0.159816 0.532560
vt 0.164174 0.531848
vt 0.158134 0.542062
vt 0.162709 0.541254
vt 0.168799 0.531253
vt 0.167551 0.540582
vt 0.166289 0.550204
vt 0.161222 0.550953
vt 0.156427 0.551857
vt 0.162614 0.451442
vt 0.163389 0.449304
vt 0.162900 0.451440
vt 0.161951 0.454145
vt 0.162210 0.454155
vt 0.162255 0.451443
vt 0.163074 0.449328
vt 0.161628 0.454132
vt 0.159544 0.462246
vt 0.161202 0.457674
vt 0.159771 0.462268
vt 0.159264 0.462215
vt 0.160963 0.457658
vt 0.160668 0.457636
vt 0.160335 0.457608
vt 0.158614 0.462139
vt 0.159981 0.457579
vt 0.161261 0.454115
vt 0.160871 0.454096
vt 0.158948 0.462179
vt 0.162226 0.449391
vt 0.161413 0.451445
vt 0.161745 0.449428
vt 0.162677 0.449358
vt 0.161847 0.451444
vt 0.136382 0.538017
vt 0.139486 0.528051
vt 0.136718 0.538080
vt 0.133584 0.548413
vt 0.133921 0.548474
vt 0.135958 0.537931
vt 0.139152 0.527986
vt 0.133157 0.548329
vt 0.127929 0.569918
vt 0.131104 0.559142
vt 0.128269 0.569979
vt 0.127500 0.569834
vt 0.130764 0.559081
vt 0.130336 0.558997
vt 0.129849 0.558898
vt 0.126495 0.569627
vt 0.129332 0.558792
vt 0.132672 0.548229
vt 0.132157 0.548122
vt 0.127012 0.569734
vt 0.138252 0.527794
vt 0.134963 0.537721
vt 0.137742 0.527682
vt 0.138731 0.527897
vt 0.135475 0.537830
vt 0.207166 0.599154
vt 0.198807 0.600056
vt 0.198767 0.599568
vt 0.207139 0.598693
vt 0.198730 0.599108
vt 0.215538 0.598881
vt 0.207195 0.599643
vt 0.215522 0.598419
vt 0.207099 0.597969
vt 0.198698 0.598704
vt 0.198673 0.598385
vt 0.215497 0.597694
vt 0.207116 0.598289
vt 0.215508 0.598014
vt 0.223881 0.597875
vt 0.223887 0.598281
vt 0.223877 0.597555
vt 0.223899 0.599233
vt 0.215556 0.599371
vt 0.223893 0.598743
vt 0.179200 0.439833
vt 0.178041 0.438878
vt 0.178304 0.438724
vt 0.179490 0.439614
vt 0.178609 0.438542
vt 0.180370 0.440904
vt 0.178945 0.440021
vt 0.180617 0.440633
vt 0.180009 0.439208
vt 0.178909 0.438357
vt 0.179170 0.438190
vt 0.181055 0.440149
vt 0.179770 0.439397
vt 0.180853 0.440371
vt 0.182279 0.441200
vt 0.184363 0.441535
vt 0.184263 0.441822
vt 0.182109 0.441508
vt 0.184168 0.442162
vt 0.182432 0.440942
vt 0.181781 0.442114
vt 0.184080 0.442514
vt 0.184006 0.442821
vt 0.180151 0.441142
vt 0.181935 0.441830
vt 0.187010 0.442853
vt 0.187036 0.442496
vt 0.190825 0.442893
vt 0.186993 0.443160
vt 0.190823 0.442540
vt 0.187130 0.441839
vt 0.190861 0.441878
vt 0.187073 0.442144
vt 0.190832 0.442187
vt 0.195582 0.442038
vt 0.201399 0.441499
vt 0.201396 0.441810
vt 0.195584 0.442389
vt 0.201399 0.442160
vt 0.195593 0.441728
vt 0.195602 0.443036
vt 0.201404 0.442509
vt 0.201410 0.442805
vt 0.190830 0.443195
vt 0.195593 0.442739
vt 0.157581 0.468207
vt 0.157813 0.468239
vt 0.155240 0.475297
vt 0.155491 0.475341
vt 0.157295 0.468164
vt 0.154930 0.475238
vt 0.149968 0.491663
vt 0.152936 0.483276
vt 0.150268 0.491727
vt 0.149590 0.491577
vt 0.152660 0.483221
vt 0.152315 0.483146
vt 0.151924 0.483060
vt 0.148704 0.491370
vt 0.151510 0.482966
vt 0.154578 0.475169
vt 0.154206 0.475094
vt 0.149160 0.491477
vt 0.156630 0.468057
vt 0.156972 0.468113
vt 0.208376 0.442319
vt 0.208375 0.441971
vt 0.216237 0.442202
vt 0.208376 0.442616
vt 0.216239 0.441853
vt 0.208376 0.441309
vt 0.216240 0.441190
vt 0.208375 0.441620
vt 0.216240 0.441502
vt 0.224704 0.441458
vt 0.224702 0.441809
vt 0.224705 0.441146
vt 0.224697 0.442456
vt 0.216235 0.442498
vt 0.224700 0.442159
vt 0.174825 0.435394
vt 0.175419 0.435521
vt 0.174875 0.435616
vt 0.173957 0.435614
vt 0.174051 0.435853
vt 0.174772 0.435081
vt 0.175411 0.435340
vt 0.173835 0.435295
vt 0.171540 0.436617
vt 0.172984 0.436257
vt 0.171724 0.436819
vt 0.171296 0.436359
vt 0.172846 0.436027
vt 0.172664 0.435728
vt 0.172447 0.435378
vt 0.170693 0.435746
vt 0.172205 0.434997
vt 0.173689 0.434904
vt 0.173521 0.434459
vt 0.171008 0.436063
vt 0.175470 0.434713
vt 0.174664 0.434163
vt 0.175569 0.434125
vt 0.175425 0.435076
vt 0.174720 0.434669
vt 0.176656 0.436080
vt 0.176087 0.435663
vt 0.176355 0.435567
vt 0.176941 0.435943
vt 0.176604 0.435414
vt 0.177078 0.436805
vt 0.176416 0.436192
vt 0.177372 0.436659
vt 0.177447 0.435639
vt 0.176844 0.435243
vt 0.177062 0.435086
vt 0.177916 0.436356
vt 0.177211 0.435788
vt 0.177660 0.436503
vt 0.178216 0.437371
vt 0.177916 0.437538
vt 0.178480 0.437219
vt 0.177355 0.437835
vt 0.176828 0.436925
vt 0.177614 0.437700
vt 0.147648 0.604913
vt 0.141605 0.606029
vt 0.147563 0.604602
vt 0.153621 0.603681
vt 0.153546 0.603368
vt 0.147759 0.605304
vt 0.141696 0.606336
vt 0.153720 0.604076
vt 0.166554 0.601643
vt 0.159781 0.602290
vt 0.166498 0.601327
vt 0.166627 0.602042
vt 0.159846 0.602604
vt 0.159931 0.603002
vt 0.160030 0.603455
vt 0.166801 0.602979
vt 0.160136 0.603934
vt 0.153835 0.604525
vt 0.153957 0.605002
vt 0.166711 0.602497
vt 0.141959 0.607163
vt 0.148027 0.606221
vt 0.142109 0.607630
vt 0.141818 0.606723
vt 0.147888 0.605749
vt 0.164113 0.445115
vt 0.164758 0.443912
vt 0.164494 0.444977
vt 0.163824 0.446265
vt 0.164186 0.446165
vt 0.163629 0.445294
vt 0.164362 0.444080
vt 0.163365 0.446394
vt 0.163820 0.447574
vt 0.163480 0.447634
vt 0.163050 0.447710
vt 0.162559 0.447797
vt 0.162035 0.447892
vt 0.162839 0.446543
vt 0.162276 0.446704
vt 0.163273 0.444552
vt 0.162473 0.445729
vt 0.162645 0.444829
vt 0.163856 0.444297
vt 0.163071 0.445503
vt 0.163473 0.443570
vt 0.162823 0.443872
vt 0.163671 0.442632
vt 0.163005 0.442939
vt 0.164076 0.443294
vt 0.164288 0.442353
vt 0.164026 0.441164
vt 0.163182 0.442110
vt 0.163337 0.441461
vt 0.164662 0.440904
vt 0.163860 0.441808
vt 0.164487 0.441536
vt 0.165022 0.441311
vt 0.165603 0.440545
vt 0.165432 0.441142
vt 0.164819 0.442116
vt 0.165230 0.441936
vt 0.165199 0.440695
vt 0.165004 0.442879
vt 0.164598 0.443059
vt 0.169376 0.436949
vt 0.169746 0.437164
vt 0.167770 0.437906
vt 0.168976 0.436725
vt 0.168212 0.438030
vt 0.170303 0.437511
vt 0.168889 0.438245
vt 0.170062 0.437356
vt 0.168595 0.438147
vt 0.167308 0.438880
vt 0.166704 0.439465
vt 0.166353 0.439470
vt 0.166877 0.438838
vt 0.165890 0.439499
vt 0.167642 0.438924
vt 0.165836 0.438777
vt 0.165329 0.439563
vt 0.164691 0.439657
vt 0.167295 0.437782
vt 0.166379 0.438802
vt 0.147282 0.500301
vt 0.147599 0.500370
vt 0.144590 0.509193
vt 0.144917 0.509263
vt 0.146882 0.500210
vt 0.144178 0.509101
vt 0.142215 0.518468
vt 0.141884 0.518400
vt 0.141465 0.518309
vt 0.140989 0.518202
vt 0.140483 0.518087
vt 0.143708 0.508992
vt 0.143209 0.508876
vt 0.145943 0.499989
vt 0.146427 0.500103
vt 0.124573 0.610872
vt 0.120741 0.611286
vt 0.124504 0.610584
vt 0.129675 0.609577
vt 0.129586 0.609280
vt 0.124667 0.611239
vt 0.120760 0.611546
vt 0.129794 0.609953
vt 0.135451 0.607669
vt 0.135545 0.607972
vt 0.135670 0.608353
vt 0.135816 0.608788
vt 0.135973 0.609249
vt 0.129934 0.610382
vt 0.130083 0.610838
vt 0.120804 0.612302
vt 0.124895 0.612116
vt 0.120828 0.612762
vt 0.120782 0.611890
vt 0.124777 0.611662
vt 0.125086 0.580805
vt 0.125425 0.580866
vt 0.122404 0.590987
vt 0.122740 0.591048
vt 0.124658 0.580720
vt 0.121981 0.590902
vt 0.118463 0.606187
vt 0.120422 0.599753
vt 0.118774 0.606232
vt 0.118064 0.606125
vt 0.120095 0.599695
vt 0.119681 0.599614
vt 0.119210 0.599517
vt 0.117111 0.605972
vt 0.118710 0.599414
vt 0.121499 0.590801
vt 0.120989 0.590693
vt 0.117605 0.606051
vt 0.123656 0.580511
vt 0.124172 0.580619
vt 0.173981 0.600753
vt 0.173935 0.600436
vt 0.181940 0.599954
vt 0.181901 0.599636
vt 0.174043 0.601153
vt 0.181992 0.600356
vt 0.190210 0.598946
vt 0.190242 0.599265
vt 0.190284 0.599668
vt 0.190332 0.600127
vt 0.190384 0.600614
vt 0.182051 0.600813
vt 0.182115 0.601299
vt 0.174191 0.602094
vt 0.174115 0.601610
vt 0.176199 0.435237
vt 0.176043 0.435368
vt 0.176173 0.434931
vt 0.176049 0.435088
vt 0.176395 0.435056
vt 0.176324 0.434768
vt 0.176073 0.434206
vt 0.175984 0.434720
vt 0.176357 0.434257
vt 0.176164 0.434589
vt 0.176350 0.434519
vt 0.176500 0.434445
vt 0.176707 0.434296
vt 0.176663 0.434376
vt 0.176487 0.434616
vt 0.176665 0.434492
vt 0.176537 0.434284
vt 0.176794 0.434719
vt 0.176596 0.434874
vt 0.165331 0.440327
vt 0.164793 0.440516
vt 0.165514 0.440095
vt 0.165730 0.440197
vt 0.164985 0.440260
vt 0.163447 0.441047
vt 0.163647 0.440748
vt 0.164149 0.440761
vt 0.164347 0.440480
vt 0.164702 0.440124
vt 0.165317 0.439957
vt 0.164016 0.440338
vt 0.166183 0.439790
vt 0.165900 0.439989
vt 0.165820 0.439843
vt 0.118827 0.611468
vt 0.118696 0.611746
vt 0.118251 0.611109
vt 0.118905 0.611274
vt 0.118004 0.611291
vt 0.118286 0.612572
vt 0.117229 0.611871
vt 0.118512 0.612113
vt 0.117669 0.611545
vt 0.117084 0.609868
vt 0.117537 0.609829
vt 0.116566 0.609919
vt 0.118174 0.609795
vt 0.118422 0.610991
vt 0.117904 0.609806
vt 0.161365 0.457681
vt 0.162387 0.454158
vt 0.161605 0.457650
vt 0.159928 0.462279
vt 0.162629 0.454123
vt 0.163599 0.449286
vt 0.163854 0.449238
vt 0.163093 0.451436
vt 0.163340 0.451396
vt 0.163817 0.451293
vt 0.163113 0.454027
vt 0.164327 0.449128
vt 0.160691 0.462164
vt 0.160168 0.462250
vt 0.162104 0.457560
vt 0.131326 0.559173
vt 0.134142 0.548507
vt 0.131704 0.559061
vt 0.128491 0.570009
vt 0.134507 0.548409
vt 0.139703 0.528087
vt 0.140040 0.528018
vt 0.136937 0.538114
vt 0.137287 0.538031
vt 0.138205 0.537786
vt 0.135468 0.548123
vt 0.140913 0.527810
vt 0.129927 0.569524
vt 0.128884 0.569885
vt 0.132707 0.558735
vt 0.223875 0.597348
vt 0.215491 0.597487
vt 0.223881 0.596659
vt 0.215499 0.596798
vt 0.198658 0.598179
vt 0.198676 0.597488
vt 0.207088 0.597762
vt 0.207100 0.597072
vt 0.207138 0.595086
vt 0.215525 0.594813
vt 0.198734 0.595497
vt 0.223901 0.594674
vt 0.178778 0.440141
vt 0.180005 0.441294
vt 0.178625 0.440220
vt 0.177870 0.438976
vt 0.179842 0.441395
vt 0.183952 0.443020
vt 0.183786 0.443225
vt 0.181677 0.442296
vt 0.181504 0.442452
vt 0.181062 0.442811
vt 0.179475 0.441581
vt 0.183332 0.443745
vt 0.177473 0.439174
vt 0.177730 0.439049
vt 0.178317 0.440350
vt 0.186976 0.443358
vt 0.190829 0.443389
vt 0.186875 0.443580
vt 0.190800 0.443617
vt 0.201412 0.442996
vt 0.201421 0.443233
vt 0.195605 0.443228
vt 0.195607 0.443462
vt 0.195621 0.444053
vt 0.190728 0.444200
vt 0.201457 0.443829
vt 0.186594 0.444149
vt 0.153120 0.483306
vt 0.155661 0.475365
vt 0.153387 0.483276
vt 0.150467 0.491762
vt 0.155916 0.475336
vt 0.157973 0.468256
vt 0.158219 0.468228
vt 0.158776 0.468141
vt 0.156511 0.475246
vt 0.151431 0.491618
vt 0.150746 0.491728
vt 0.154025 0.483177
vt 0.208376 0.442807
vt 0.216234 0.442690
vt 0.208387 0.443047
vt 0.216243 0.442933
vt 0.224696 0.442648
vt 0.224700 0.442891
vt 0.224716 0.443496
vt 0.216276 0.443537
vt 0.208428 0.443648
vt 0.173067 0.436406
vt 0.174109 0.436003
vt 0.173103 0.436526
vt 0.171835 0.436952
vt 0.174133 0.436121
vt 0.175433 0.435630
vt 0.175439 0.435714
vt 0.174910 0.435752
vt 0.174923 0.435857
vt 0.174942 0.436040
vt 0.174158 0.436323
vt 0.175454 0.435867
vt 0.171916 0.437275
vt 0.171883 0.437065
vt 0.173134 0.436736
vt 0.176284 0.436287
vt 0.176672 0.437009
vt 0.176195 0.436377
vt 0.176010 0.435829
vt 0.176559 0.437084
vt 0.177188 0.437921
vt 0.177060 0.437990
vt 0.176836 0.438110
vt 0.176365 0.437201
vt 0.175816 0.436018
vt 0.175949 0.435917
vt 0.176032 0.436493
vt 0.159744 0.602085
vt 0.153503 0.603164
vt 0.159831 0.601374
vt 0.166466 0.601122
vt 0.153610 0.602449
vt 0.141554 0.605829
vt 0.141706 0.605112
vt 0.147515 0.604400
vt 0.147644 0.603683
vt 0.148025 0.601616
vt 0.153931 0.600388
vt 0.142151 0.603046
vt 0.166753 0.598382
vt 0.166537 0.600416
vt 0.160097 0.599326
vt 0.164045 0.447535
vt 0.164423 0.446101
vt 0.164303 0.447475
vt 0.164684 0.446028
vt 0.165014 0.443809
vt 0.165275 0.443716
vt 0.164741 0.444891
vt 0.165002 0.444806
vt 0.165444 0.444676
vt 0.165137 0.445905
vt 0.165703 0.443581
vt 0.164768 0.447359
vt 0.165265 0.442769
vt 0.165493 0.441827
vt 0.165523 0.442673
vt 0.165745 0.441734
vt 0.165859 0.440460
vt 0.166084 0.440388
vt 0.165693 0.441041
vt 0.165935 0.440956
vt 0.166308 0.440835
vt 0.166140 0.441604
vt 0.166427 0.440280
vt 0.165937 0.442538
vt 0.167842 0.438961
vt 0.169066 0.438317
vt 0.167929 0.439024
vt 0.166913 0.439472
vt 0.169142 0.438399
vt 0.170448 0.437616
vt 0.170510 0.437716
vt 0.170543 0.437921
vt 0.169173 0.438596
vt 0.167032 0.439692
vt 0.167006 0.439517
vt 0.167958 0.439210
vt 0.142431 0.518505
vt 0.145130 0.509301
vt 0.142753 0.518448
vt 0.145437 0.509253
vt 0.147807 0.500408
vt 0.148099 0.500368
vt 0.148831 0.500240
vt 0.146216 0.509104
vt 0.143579 0.518272
vt 0.135399 0.607471
vt 0.129539 0.609086
vt 0.135578 0.606759
vt 0.129748 0.608386
vt 0.120734 0.611116
vt 0.121015 0.610532
vt 0.124470 0.610398
vt 0.124719 0.609736
vt 0.125365 0.607776
vt 0.130333 0.606359
vt 0.121687 0.608759
vt 0.136092 0.604704
vt 0.120635 0.599781
vt 0.122959 0.591077
vt 0.121046 0.599641
vt 0.118974 0.606251
vt 0.123372 0.590940
vt 0.125647 0.580896
vt 0.126052 0.580763
vt 0.127135 0.580378
vt 0.124487 0.590541
vt 0.120453 0.605702
vt 0.119363 0.606106
vt 0.122171 0.599238
vt 0.190191 0.598740
vt 0.181878 0.599431
vt 0.190219 0.598047
vt 0.181918 0.598734
vt 0.173907 0.600230
vt 0.173962 0.599529
vt 0.174131 0.597510
vt 0.182044 0.596727
vt 0.190307 0.596050
vt 0.182574 0.440743
vt 0.181224 0.439972
vt 0.182732 0.440544
vt 0.184478 0.441312
vt 0.181401 0.439792
vt 0.179386 0.438046
vt 0.179610 0.437891
vt 0.180205 0.439049
vt 0.180405 0.438882
vt 0.180630 0.438695
vt 0.180127 0.437529
vt 0.180874 0.438491
vt 0.181602 0.439590
vt 0.181821 0.439369
vt 0.179859 0.437717
vt 0.184778 0.440847
vt 0.183112 0.440086
vt 0.184955 0.440585
vt 0.184616 0.441091
vt 0.182913 0.440324
vt 0.195623 0.441467
vt 0.190916 0.441623
vt 0.195664 0.441198
vt 0.201410 0.441235
vt 0.190992 0.441363
vt 0.187216 0.441595
vt 0.187328 0.441351
vt 0.187459 0.441083
vt 0.187601 0.440796
vt 0.191081 0.441077
vt 0.191176 0.440773
vt 0.201441 0.440657
vt 0.195763 0.440586
vt 0.201458 0.440337
vt 0.201424 0.440960
vt 0.195712 0.440901
vt 0.224704 0.440877
vt 0.216238 0.440922
vt 0.224702 0.440597
vt 0.216235 0.440642
vt 0.208377 0.441042
vt 0.208377 0.440764
vt 0.208377 0.440459
vt 0.208376 0.440134
vt 0.216229 0.440334
vt 0.216223 0.440008
vt 0.224695 0.439961
vt 0.224699 0.440289
vt 0.178705 0.437084
vt 0.178138 0.436226
vt 0.178940 0.436940
vt 0.178373 0.436087
vt 0.177273 0.434954
vt 0.177498 0.434828
vt 0.177662 0.435509
vt 0.177891 0.435373
vt 0.178143 0.435229
vt 0.177968 0.434585
vt 0.178410 0.435076
vt 0.178636 0.435933
vt 0.178918 0.435766
vt 0.177730 0.434706
vt 0.179485 0.436603
vt 0.179202 0.436778
vt 0.291537 0.436164
vt 0.291534 0.436231
vt 0.291426 0.436163
vt 0.291447 0.436216
vt 0.291505 0.436350
vt 0.291396 0.436279
vt 0.291348 0.436215
vt 0.301294 0.440923
vt 0.301088 0.440849
vt 0.301154 0.440720
vt 0.301018 0.440707
vt 0.300771 0.440723
vt 0.300783 0.440568
vt 0.300876 0.440537
vt 0.345121 0.612536
vt 0.344931 0.612154
vt 0.345552 0.612336
vt 0.345367 0.612016
vt 0.344536 0.610727
vt 0.345456 0.611072
vt 0.345772 0.611219
vt 0.290879 0.435283
vt 0.291006 0.435566
vt 0.290812 0.435332
vt 0.290677 0.435024
vt 0.290897 0.435528
vt 0.291009 0.435835
vt 0.290839 0.435690
vt 0.290657 0.435504
vt 0.290472 0.435319
vt 0.290640 0.435128
vt 0.290279 0.435174
vt 0.290080 0.435051
vt 0.290436 0.434988
vt 0.290241 0.434951
vt 0.289712 0.434844
vt 0.290058 0.434798
vt 0.289893 0.434946
vt 0.290183 0.434855
vt 0.290433 0.434892
vt 0.290361 0.434843
vt 0.175689 0.435595
vt 0.175696 0.435518
vt 0.175791 0.435601
vt 0.175817 0.435542
vt 0.175688 0.435653
vt 0.175770 0.435646
vt 0.175900 0.435566
vt 0.175864 0.435647
vt 0.175821 0.435704
vt 0.175714 0.435769
vt 0.165977 0.440133
vt 0.166125 0.439949
vt 0.166182 0.440071
vt 0.166257 0.439939
vt 0.166393 0.439773
vt 0.166484 0.439804
vt 0.166491 0.439958
vt 0.118952 0.611149
vt 0.118525 0.610933
vt 0.119161 0.610778
vt 0.118735 0.610602
vt 0.118335 0.609787
vt 0.118665 0.609643
vt 0.119609 0.609302
vt 0.175934 0.435425
vt 0.175856 0.435436
vt 0.175955 0.435228
vt 0.175871 0.435302
vt 0.175721 0.435390
vt 0.175772 0.435203
vt 0.175853 0.434963
vt 0.177001 0.434601
vt 0.176870 0.434401
vt 0.177212 0.434501
vt 0.177066 0.434388
vt 0.176959 0.434269
vt 0.177263 0.434253
vt 0.176882 0.434308
vt 0.177137 0.434300
vt 0.177408 0.434416
vt 0.177594 0.434336
s 1
usemtl carpaint
f 1736/1/1 1/2/2 594/3/3
f 1186/4/4 594/3/3 298/5/5
f 1189/6/6 601/7/7 1736/1/1
f 158/8/8 1736/1/1 1186/4/4
f 596/9/9 595/10/10 2/11/11
f 299/12/12 1737/13/13 596/9/9
f 1737/13/13 298/5/5 595/10/10
f 1187/14/14 1186/4/4 1737/13/13
f 1738/15/15 3/16/16 598/17/17
f 1188/18/18 598/17/17 300/19/19
f 1187/14/14 597/20/20 1738/15/15
f 158/8/8 1738/15/15 1188/18/18
f 600/21/21 599/22/22 4/23/23
f 301/24/24 1739/25/25 600/21/21
f 1739/25/25 300/19/19 599/22/22
f 1189/6/6 1188/18/18 1739/25/25
f 1740/26/26 5/27/27 602/28/28
f 1190/29/29 602/28/28 302/30/30
f 1193/31/31 609/32/32 1740/26/26
f 159/33/33 1740/26/26 1190/29/29
f 604/34/34 603/35/35 6/36/36
f 303/37/37 1741/38/38 604/34/34
f 1741/38/38 302/30/30 603/35/35
f 1191/39/39 1190/29/29 1741/38/38
f 1742/40/40 7/41/41 606/42/42
f 1192/43/43 606/42/42 304/44/44
f 1191/39/39 605/45/45 1742/40/40
f 159/33/33 1742/40/40 1192/43/43
f 608/46/46 607/47/47 8/48/48
f 305/49/49 1743/50/50 608/46/46
f 1743/50/50 304/44/44 607/47/47
f 1193/31/31 1192/43/43 1743/50/50
f 1744/51/51 9/52/52 610/53/53
f 1194/54/54 610/53/53 306/55/55
f 1197/56/56 617/57/57 1744/51/51
f 160/58/58 1744/51/51 1194/54/54
f 612/59/59 611/60/60 10/61/61
f 307/62/62 1745/63/63 612/59/59
f 1745/63/63 306/55/55 611/60/60
f 1195/64/64 1194/54/54 1745/63/63
f 1746/65/65 11/66/66 614/67/67
f 1196/68/68 614/67/67 308/69/69
f 1195/64/64 613/70/70 1746/65/65
f 160/58/58 1746/65/65 1196/68/68
f 616/71/71 615/72/72 12/73/73
f 309/74/74 1747/75/75 616/71/71
f 1747/75/75 308/69/69 615/72/72
f 1197/56/56 1196/68/68 1747/75/75
f 1748/76/76 13/77/77 618/78/78
f 1198/79/79 618/78/78 310/80/80
f 1201/81/81 625/82/82 1748/76/76
f 161/83/83 1748/76/76 1198/79/79
f 620/84/84 619/85/85 14/86/86
f 311/87/87 1749/88/88 620/84/84
f 1749/88/88 310/80/80 619/85/85
f 1199/89/89 1198/79/79 1749/88/88
f 1750/90/90 15/91/91 622/92/92
f 1200/93/93 622/92/92 312/94/94
f 1199/89/89 621/95/95 1750/90/90
f 161/83/83 1750/90/90 1200/93/93
f 624/96/96 623/97/97 16/98/98
f 313/99/99 1751/100/100 624/96/96
f 1751/100/100 312/94/94 623/97/97
f 1201/81/81 1200/93/93 1751/100/100
f 1752/101/101 17/102/102 626/103/103
f 1202/104/104 626/103/103 314/105/105
f 1205/106/106 633/107/107 1752/101/101
f 162/108/108 1752/101/101 1202/104/104
f 628/109/109 627/110/110 18/111/111
f 315/112/112 1753/113/113 628/109/109
f 1753/113/113 314/105/105 627/110/110
f 1203/114/114 1202/104/104 1753/113/113
f 1754/115/115 19/116/116 630/117/117
f 1204/118/118 630/117/117 316/119/119
f 1203/114/114 629/120/120 1754/115/115
f 162/108/108 1754/115/115 1204/118/118
f 632/121/121 631/122/122 4/23/23
f 317/123/123 1755/124/124 632/121/121
f 1755/124/124 316/119/119 631/122/122
f 1205/106/106 1204/118/118 1755/124/124
f 1756/125/125 20/126/126 634/127/127
f 1206/128/128 634/127/127 318/129/129
f 1209/130/130 641/131/131 1756/125/125
f 163/132/132 1756/125/125 1206/128/128
f 636/133/133 635/134/134 21/135/135
f 319/136/136 1757/137/137 636/133/133
f 1757/137/137 318/129/129 635/134/134
f 1207/138/138 1206/128/128 1757/137/137
f 1758/139/139 17/102/102 638/140/140
f 1208/141/141 638/140/140 320/142/142
f 1207/138/138 637/143/143 1758/139/139
f 163/132/132 1758/139/139 1208/141/141
f 640/144/144 639/145/145 22/146/146
f 321/147/147 1759/148/148 640/144/144
f 1759/148/148 320/142/142 639/145/145
f 1209/130/130 1208/141/141 1759/148/148
f 1760/149/149 13/77/77 642/150/150
f 1210/151/151 642/150/150 322/152/152
f 1213/153/153 649/154/154 1760/149/149
f 164/155/155 1760/149/149 1210/151/151
f 644/156/156 643/157/157 10/61/61
f 323/158/158 1761/159/159 644/156/156
f 1761/159/159 322/152/152 643/157/157
f 1211/160/160 1210/151/151 1761/159/159
f 1762/161/161 23/162/162 646/163/163
f 1212/164/164 646/163/163 324/165/165
f 1211/160/160 645/166/166 1762/161/161
f 164/155/155 1762/161/161 1212/164/164
f 648/167/167 647/168/168 24/169/169
f 325/170/170 1763/171/171 648/167/167
f 1763/171/171 324/165/165 647/168/168
f 1213/153/153 1212/164/164 1763/171/171
f 1764/172/172 2/11/11 650/173/173
f 1214/174/174 650/173/173 326/175/175
f 1217/176/176 596/9/9 1764/172/172
f 165/177/177 1764/172/172 1214/174/174
f 652/178/178 651/179/179 25/180/180
f 327/181/181 1765/182/182 652/178/178
f 1765/182/182 326/175/175 651/179/179
f 1215/183/183 1214/174/174 1765/182/182
f 1766/184/184 26/185/185 654/186/186
f 1216/187/187 654/186/186 328/188/188
f 1215/183/183 653/189/189 1766/184/184
f 165/177/177 1766/184/184 1216/187/187
f 597/20/20 655/190/190 3/16/16
f 299/12/12 1767/191/191 597/20/20
f 1767/191/191 328/188/188 655/190/190
f 1217/176/176 1216/187/187 1767/191/191
f 1768/192/192 27/193/193 656/194/194
f 1218/195/195 656/194/194 329/196/196
f 1221/197/197 661/198/198 1768/192/192
f 166/199/199 1768/192/192 1218/195/195
f 658/200/200 657/201/201 28/202/202
f 330/203/203 1769/204/204 658/200/200
f 1769/204/204 329/196/196 657/201/201
f 1219/205/205 1218/195/195 1769/204/204
f 1770/206/206 21/135/135 635/134/134
f 1220/207/207 635/134/134 318/129/129
f 1219/205/205 659/208/208 1770/206/206
f 166/199/199 1770/206/206 1220/207/207
f 660/209/209 634/127/127 20/126/126
f 331/210/210 1771/211/211 660/209/209
f 1771/211/211 318/129/129 634/127/127
f 1221/197/197 1220/207/207 1771/211/211
f 1772/212/212 9/52/52 662/213/213
f 1222/214/214 662/213/213 332/215/215
f 1225/216/216 667/217/217 1772/212/212
f 167/218/218 1772/212/212 1222/214/214
f 641/131/131 663/219/219 20/126/126
f 321/147/147 1773/220/220 641/131/131
f 1773/220/220 332/215/215 663/219/219
f 1223/221/221 1222/214/214 1773/220/220
f 1774/222/222 22/146/146 664/223/223
f 1224/224/224 664/223/223 333/225/225
f 1223/221/221 640/144/144 1774/222/222
f 167/218/218 1774/222/222 1224/224/224
f 666/226/226 665/227/227 29/228/228
f 334/229/229 1775/230/230 666/226/226
f 1775/230/230 333/225/225 665/227/227
f 1225/216/216 1224/224/224 1775/230/230
f 1776/231/231 18/111/111 668/232/232
f 1226/233/233 668/232/232 335/234/234
f 1229/235/235 628/109/109 1776/231/231
f 168/236/236 1776/231/231 1226/233/233
f 670/237/237 669/238/238 30/239/239
f 336/240/240 1777/241/241 670/237/237
f 1777/241/241 335/234/234 669/238/238
f 1227/242/242 1226/233/233 1777/241/241
f 1778/243/243 31/244/244 672/245/245
f 1228/246/246 672/245/245 337/247/247
f 1227/242/242 671/248/248 1778/243/243
f 168/236/236 1778/243/243 1228/246/246
f 629/120/120 673/249/249 19/116/116
f 315/112/112 1779/250/250 629/120/120
f 1779/250/250 337/247/247 673/249/249
f 1229/235/235 1228/246/246 1779/250/250
f 1780/251/251 4/23/23 599/22/22
f 1230/252/252 599/22/22 300/19/19
f 1233/253/253 632/121/121 1780/251/251
f 169/254/254 1780/251/251 1230/252/252
f 674/255/255 598/17/17 3/16/16
f 338/256/256 1781/257/257 674/255/255
f 1781/257/257 300/19/19 598/17/17
f 1231/258/258 1230/252/252 1781/257/257
f 1782/259/259 22/146/146 639/145/145
f 1232/260/260 639/145/145 320/142/142
f 1231/258/258 675/261/261 1782/259/259
f 169/254/254 1782/259/259 1232/260/260
f 633/107/107 638/140/140 17/102/102
f 317/123/123 1783/262/262 633/107/107
f 1783/262/262 320/142/142 638/140/140
f 1233/253/253 1232/260/260 1783/262/262
f 1784/263/263 7/41/41 676/264/264
f 1234/265/265 676/264/264 339/266/266
f 1237/267/267 683/268/268 1784/263/263
f 170/269/269 1784/263/263 1234/265/265
f 678/270/270 677/271/271 32/272/272
f 340/273/273 1785/274/274 678/270/270
f 1785/274/274 339/266/266 677/271/271
f 1235/275/275 1234/265/265 1785/274/274
f 1786/276/276 33/277/277 680/278/278
f 1236/279/279 680/278/278 341/280/280
f 1235/275/275 679/281/281 1786/276/276
f 170/269/269 1786/276/276 1236/279/279
f 682/282/282 681/283/283 24/169/169
f 342/284/284 1787/285/285 682/282/282
f 1787/285/285 341/280/280 681/283/283
f 1237/267/267 1236/279/279 1787/285/285
f 1788/286/286 4/23/23 631/122/122
f 1238/287/287 631/122/122 316/119/119
f 1241/288/288 600/21/21 1788/286/286
f 171/289/289 1788/286/286 1238/287/287
f 684/290/290 630/117/117 19/116/116
f 343/291/291 1789/292/292 684/290/290
f 1789/292/292 316/119/119 630/117/117
f 1239/293/293 1238/287/287 1789/292/292
f 1790/294/294 34/295/295 686/296/296
f 1240/297/297 686/296/296 344/298/298
f 1239/293/293 685/299/299 1790/294/294
f 171/289/289 1790/294/294 1240/297/297
f 601/7/7 687/300/300 1/2/2
f 301/24/24 1791/301/301 601/7/7
f 1791/301/301 344/298/298 687/300/300
f 1241/288/288 1240/297/297 1791/301/301
f 1792/302/302 26/185/185 688/303/303
f 1242/304/304 688/303/303 345/305/305
f 1245/306/306 695/307/307 1792/302/302
f 172/308/308 1792/302/302 1242/304/304
f 690/309/309 689/310/310 8/48/48
f 346/311/311 1793/312/312 690/309/309
f 1793/312/312 345/305/305 689/310/310
f 1243/313/313 1242/304/304 1793/312/312
f 1794/314/314 23/162/162 692/315/315
f 1244/316/316 692/315/315 347/317/317
f 1243/313/313 691/318/318 1794/314/314
f 172/308/308 1794/314/314 1244/316/316
f 694/319/319 693/320/320 29/228/228
f 348/321/321 1795/322/322 694/319/319
f 1795/322/322 347/317/317 693/320/320
f 1245/306/306 1244/316/316 1795/322/322
f 1796/323/323 19/116/116 673/249/249
f 1246/324/324 673/249/249 337/247/247
f 1249/325/325 684/290/290 1796/323/323
f 173/326/326 1796/323/323 1246/324/324
f 696/327/327 672/245/245 31/244/244
f 349/328/328 1797/329/329 696/327/327
f 1797/329/329 337/247/247 672/245/245
f 1247/330/330 1246/324/324 1797/329/329
f 1798/331/331 35/332/332 698/333/333
f 1248/334/334 698/333/333 350/335/335
f 1247/330/330 697/336/336 1798/331/331
f 173/326/326 1798/331/331 1248/334/334
f 685/299/299 699/337/337 34/295/295
f 343/291/291 1799/338/338 685/299/299
f 1799/338/338 350/335/335 699/337/337
f 1249/325/325 1248/334/334 1799/338/338
f 1800/339/339 12/73/73 700/340/340
f 1250/341/341 700/340/340 351/342/342
f 1253/343/343 616/71/71 1800/339/339
f 174/344/344 1800/339/339 1250/341/341
f 661/198/198 701/345/345 27/193/193
f 331/210/210 1801/346/346 661/198/198
f 1801/346/346 351/342/342 701/345/345
f 1251/347/347 1250/341/341 1801/346/346
f 1802/348/348 20/126/126 663/219/219
f 1252/349/349 663/219/219 332/215/215
f 1251/347/347 660/209/209 1802/348/348
f 174/344/344 1802/348/348 1252/349/349
f 617/57/57 662/213/213 9/52/52
f 309/74/74 1803/350/350 617/57/57
f 1803/350/350 332/215/215 662/213/213
f 1253/343/343 1252/349/349 1803/350/350
f 1804/351/351 25/180/180 702/352/352
f 1254/353/353 702/352/352 352/354/354
f 1257/355/355 652/178/178 1804/351/351
f 175/356/356 1804/351/351 1254/353/353
f 609/32/32 703/357/357 5/27/27
f 305/49/49 1805/358/358 609/32/32
f 1805/358/358 352/354/354 703/357/357
f 1255/359/359 1254/353/353 1805/358/358
f 1806/360/360 8/48/48 689/310/310
f 1256/361/361 689/310/310 345/305/305
f 1255/359/359 608/46/46 1806/360/360
f 175/356/356 1806/360/360 1256/361/361
f 653/189/189 688/303/303 26/185/185
f 327/181/181 1807/362/362 653/189/189
f 1807/362/362 345/305/305 688/303/303
f 1257/355/355 1256/361/361 1807/362/362
f 1808/363/363 10/61/61 611/60/60
f 1258/364/364 611/60/60 306/55/55
f 1261/365/365 644/156/156 1808/363/363
f 176/366/366 1808/363/363 1258/364/364
f 667/217/217 610/53/53 9/52/52
f 334/229/229 1809/367/367 667/217/217
f 1809/367/367 306/55/55 610/53/53
f 1259/368/368 1258/364/364 1809/367/367
f 1810/369/369 29/228/228 693/320/320
f 1260/370/370 693/320/320 347/317/317
f 1259/368/368 666/226/226 1810/369/369
f 176/366/366 1810/369/369 1260/370/370
f 645/166/166 692/315/315 23/162/162
f 323/158/158 1811/371/371 645/166/166
f 1811/371/371 347/317/317 692/315/315
f 1261/365/365 1260/370/370 1811/371/371
f 1812/372/372 3/16/16 655/190/190
f 1262/373/373 655/190/190 328/188/188
f 1265/374/374 674/255/255 1812/372/372
f 177/375/375 1812/372/372 1262/373/373
f 695/307/307 654/186/186 26/185/185
f 348/321/321 1813/376/376 695/307/307
f 1813/376/376 328/188/188 654/186/186
f 1263/377/377 1262/373/373 1813/376/376
f 1814/378/378 29/228/228 665/227/227
f 1264/379/379 665/227/227 333/225/225
f 1263/377/377 694/319/319 1814/378/378
f 177/375/375 1814/378/378 1264/379/379
f 675/261/261 664/223/223 22/146/146
f 338/256/256 1815/380/380 675/261/261
f 1815/380/380 333/225/225 664/223/223
f 1265/374/374 1264/379/379 1815/380/380
f 1816/381/381 6/36/36 704/382/382
f 1266/383/383 704/382/382 353/384/384
f 1269/385/385 604/34/34 1816/381/381
f 178/386/386 1816/381/381 1266/383/383
f 706/387/387 705/388/388 36/389/389
f 354/390/390 1817/391/391 706/387/387
f 1817/391/391 353/384/384 705/388/388
f 1267/392/392 1266/383/383 1817/391/391
f 1818/393/393 32/272/272 677/271/271
f 1268/394/394 677/271/271 339/266/266
f 1267/392/392 707/395/395 1818/393/393
f 178/386/386 1818/393/393 1268/394/394
f 605/45/45 676/264/264 7/41/41
f 303/37/37 1819/396/396 605/45/45
f 1819/396/396 339/266/266 676/264/264
f 1269/385/385 1268/394/394 1819/396/396
f 1820/397/397 16/98/98 708/398/398
f 1270/399/399 708/398/398 355/400/400
f 1273/401/401 624/96/96 1820/397/397
f 179/402/402 1820/397/397 1270/399/399
f 613/70/70 709/403/403 11/66/66
f 307/62/62 1821/404/404 613/70/70
f 1821/404/404 355/400/400 709/403/403
f 1271/405/405 1270/399/399 1821/404/404
f 1822/406/406 10/61/61 643/157/157
f 1272/407/407 643/157/157 322/152/152
f 1271/405/405 612/59/59 1822/406/406
f 179/402/402 1822/406/406 1272/407/407
f 625/82/82 642/150/150 13/77/77
f 313/99/99 1823/408/408 625/82/82
f 1823/408/408 322/152/152 642/150/150
f 1273/401/401 1272/407/407 1823/408/408
f 1824/409/409 14/86/86 619/85/85
f 1274/410/410 619/85/85 310/80/80
f 1277/411/411 711/412/412 1824/409/409
f 180/413/413 1824/409/409 1274/410/410
f 649/154/154 618/78/78 13/77/77
f 325/170/170 1825/414/414 649/154/154
f 1825/414/414 310/80/80 618/78/78
f 1275/415/415 1274/410/410 1825/414/414
f 1826/416/416 24/169/169 681/283/283
f 1276/417/417 681/283/283 341/280/280
f 1275/415/415 648/167/167 1826/416/416
f 180/413/413 1826/416/416 1276/417/417
f 710/418/418 680/278/278 33/277/277
f 356/419/419 1827/420/420 710/418/418
f 1827/420/420 341/280/280 680/278/278
f 1277/411/411 1276/417/417 1827/420/420
f 1828/421/421 8/48/48 607/47/47
f 1278/422/422 607/47/47 304/44/44
f 1281/423/423 690/309/309 1828/421/421
f 181/424/424 1828/421/421 1278/422/422
f 683/268/268 606/42/42 7/41/41
f 342/284/284 1829/425/425 683/268/268
f 1829/425/425 304/44/44 606/42/42
f 1279/426/426 1278/422/422 1829/425/425
f 1830/427/427 24/169/169 647/168/168
f 1280/428/428 647/168/168 324/165/165
f 1279/426/426 682/282/282 1830/427/427
f 181/424/424 1830/427/427 1280/428/428
f 691/318/318 646/163/163 23/162/162
f 346/311/311 1831/429/429 691/318/318
f 1831/429/429 324/165/165 646/163/163
f 1281/423/423 1280/428/428 1831/429/429
f 1832/430/430 37/431/431 712/432/432
f 1282/433/433 712/432/432 357/434/434
f 1285/435/435 719/436/436 1832/430/430
f 182/437/437 1832/430/430 1282/433/433
f 714/438/438 713/439/439 38/440/440
f 358/441/441 1833/442/442 714/438/438
f 1833/442/442 357/434/434 713/439/439
f 1283/443/443 1282/433/433 1833/442/442
f 1834/444/444 39/445/445 716/446/446
f 1284/447/447 716/446/446 359/448/448
f 1283/443/443 715/449/449 1834/444/444
f 182/437/437 1834/444/444 1284/447/447
f 718/450/450 717/451/451 40/452/452
f 360/453/453 1835/454/454 718/450/450
f 1835/454/454 359/448/448 717/451/451
f 1285/435/435 1284/447/447 1835/454/454
f 1836/455/455 41/456/456 720/457/457
f 1286/458/458 720/457/457 361/459/459
f 1289/460/460 727/461/461 1836/455/455
f 183/462/462 1836/455/455 1286/458/458
f 722/463/463 721/464/464 42/465/465
f 362/466/466 1837/467/467 722/463/463
f 1837/467/467 361/459/459 721/464/464
f 1287/468/468 1286/458/458 1837/467/467
f 1838/469/469 43/470/470 724/471/471
f 1288/472/472 724/471/471 363/473/473
f 1287/468/468 723/474/474 1838/469/469
f 183/462/462 1838/469/469 1288/472/472
f 726/475/475 725/476/476 44/477/477
f 364/478/478 1839/479/479 726/475/475
f 1839/479/479 363/473/473 725/476/476
f 1289/460/460 1288/472/472 1839/479/479
f 1840/480/480 45/481/481 728/482/482
f 1290/483/483 728/482/482 365/484/484
f 1293/485/485 735/486/486 1840/480/480
f 184/487/487 1840/480/480 1290/483/483
f 730/488/488 729/489/489 46/490/490
f 366/491/491 1841/492/492 730/488/488
f 1841/492/492 365/484/484 729/489/489
f 1291/493/493 1290/483/483 1841/492/492
f 1842/494/494 47/495/495 732/496/496
f 1292/497/497 732/496/496 367/498/498
f 1291/493/493 731/499/499 1842/494/494
f 184/487/487 1842/494/494 1292/497/497
f 734/500/500 733/501/501 48/502/502
f 368/503/503 1843/504/504 734/500/500
f 1843/504/504 367/498/498 733/501/501
f 1293/485/485 1292/497/497 1843/504/504
f 1844/505/505 49/506/506 736/507/507
f 1294/508/508 736/507/507 369/509/509
f 1297/510/510 743/511/511 1844/505/505
f 185/512/512 1844/505/505 1294/508/508
f 738/513/513 737/514/514 50/515/515
f 370/516/516 1845/517/517 738/513/513
f 1845/517/517 369/509/509 737/514/514
f 1295/518/518 1294/508/508 1845/517/517
f 1846/519/519 51/520/520 740/521/521
f 1296/522/522 740/521/521 371/523/523
f 1295/518/518 739/524/524 1846/519/519
f 185/512/512 1846/519/519 1296/522/522
f 742/525/525 741/526/526 52/527/527
f 372/528/528 1847/529/529 742/525/525
f 1847/529/529 371/523/523 741/526/526
f 1297/510/510 1296/522/522 1847/529/529
f 1848/530/530 50/515/515 744/531/531
f 1298/532/532 744/531/531 373/533/533
f 1301/534/534 738/513/513 1848/530/530
f 186/535/535 1848/530/530 1298/532/532
f 746/536/536 745/537/537 53/538/538
f 374/539/539 1849/540/540 746/536/536
f 1849/540/540 373/533/533 745/537/537
f 1299/541/541 1298/532/532 1849/540/540
f 1850/542/542 54/543/543 748/544/544
f 1300/545/545 748/544/544 375/546/546
f 1299/541/541 747/547/547 1850/542/542
f 186/535/535 1850/542/542 1300/545/545
f 739/524/524 749/548/548 51/520/520
f 370/516/516 1851/549/549 739/524/524
f 1851/549/549 375/546/546 749/548/548
f 1301/534/534 1300/545/545 1851/549/549
f 1852/550/550 40/452/452 717/451/451
f 1302/551/551 717/451/451 359/448/448
f 1305/552/552 755/553/553 1852/550/550
f 187/554/554 1852/550/550 1302/551/551
f 750/555/555 716/446/446 39/445/445
f 376/556/556 1853/557/557 750/555/555
f 1853/557/557 359/448/448 716/446/446
f 1303/558/558 1302/551/551 1853/557/557
f 1854/559/559 55/560/560 752/561/561
f 1304/562/562 752/561/561 377/563/563
f 1303/558/558 751/564/564 1854/559/559
f 187/554/554 1854/559/559 1304/562/562
f 754/565/565 753/566/566 56/567/567
f 378/568/568 1855/569/569 754/565/565
f 1855/569/569 377/563/563 753/566/566
f 1305/552/552 1304/562/562 1855/569/569
f 1856/570/570 53/538/538 756/571/571
f 1306/572/572 756/571/571 379/573/573
f 1309/574/574 746/536/536 1856/570/570
f 188/575/575 1856/570/570 1306/572/572
f 758/576/576 757/577/577 57/578/578
f 380/579/579 1857/580/580 758/576/576
f 1857/580/580 379/573/573 757/577/577
f 1307/581/581 1306/572/572 1857/580/580
f 1858/582/582 58/583/583 760/584/584
f 1308/585/585 760/584/584 381/586/586
f 1307/581/581 759/587/587 1858/582/582
f 188/575/575 1858/582/582 1308/585/585
f 747/547/547 761/588/588 54/543/543
f 374/539/539 1859/589/589 747/547/547
f 1859/589/589 381/586/586 761/588/588
f 1309/574/574 1308/585/585 1859/589/589
f 1860/590/590 59/591/591 762/592/592
f 1310/593/593 762/592/592 382/594/594
f 1313/595/595 769/596/596 1860/590/590
f 189/597/597 1860/590/590 1310/593/593
f 764/598/598 763/599/599 60/600/600
f 383/601/601 1861/602/602 764/598/598
f 1861/602/602 382/594/594 763/599/599
f 1311/603/603 1310/593/593 1861/602/602
f 1862/604/604 61/605/605 766/606/606
f 1312/607/607 766/606/606 384/608/608
f 1311/603/603 765/609/609 1862/604/604
f 189/597/597 1862/604/604 1312/607/607
f 768/610/610 767/611/611 62/612/612
f 385/613/613 1863/614/614 768/610/610
f 1863/614/614 384/608/608 767/611/611
f 1313/595/595 1312/607/607 1863/614/614
f 1864/615/615 63/616/616 770/617/617
f 1314/618/618 770/617/617 386/619/619
f 1317/620/620 775/621/621 1864/615/615
f 190/622/622 1864/615/615 1314/618/618
f 743/511/511 771/623/623 49/506/506
f 372/528/528 1865/624/624 743/511/511
f 1865/624/624 386/619/619 771/623/623
f 1315/625/625 1314/618/618 1865/624/624
f 1866/626/626 52/527/527 772/627/627
f 1316/628/628 772/627/627 387/629/629
f 1315/625/625 742/525/525 1866/626/626
f 190/622/622 1866/626/626 1316/628/628
f 774/630/630 773/631/631 64/632/632
f 388/633/633 1867/634/634 774/630/630
f 1867/634/634 387/629/629 773/631/631
f 1317/620/620 1316/628/628 1867/634/634
f 1868/635/635 65/636/636 776/637/637
f 1318/638/638 776/637/637 389/639/639
f 1321/640/640 783/641/641 1868/635/635
f 191/642/642 1868/635/635 1318/638/638
f 778/643/643 777/644/644 66/645/645
f 390/646/646 1869/647/647 778/643/643
f 1869/647/647 389/639/639 777/644/644
f 1319/648/648 1318/638/638 1869/647/647
f 1870/649/649 67/650/650 780/651/651
f 1320/652/652 780/651/651 391/653/653
f 1319/648/648 779/654/654 1870/649/649
f 191/642/642 1870/649/649 1320/652/652
f 782/655/655 781/656/656 68/657/657
f 392/658/658 1871/659/659 782/655/655
f 1871/659/659 391/653/653 781/656/656
f 1321/640/640 1320/652/652 1871/659/659
f 1872/660/660 69/661/661 784/662/662
f 1322/663/663 784/662/662 393/664/664
f 1325/665/665 789/666/666 1872/660/660
f 192/667/667 1872/660/660 1322/663/663
f 786/668/668 785/669/669 70/670/670
f 394/671/671 1873/672/672 786/668/668
f 1873/672/672 393/664/664 785/669/669
f 1323/673/673 1322/663/663 1873/672/672
f 1874/674/674 38/440/440 713/439/439
f 1324/675/675 713/439/439 357/434/434
f 1323/673/673 787/676/676 1874/674/674
f 192/667/667 1874/674/674 1324/675/675
f 788/677/677 712/432/432 37/431/431
f 395/678/678 1875/679/679 788/677/677
f 1875/679/679 357/434/434 712/432/432
f 1325/665/665 1324/675/675 1875/679/679
f 1876/680/680 70/670/670 785/669/669
f 1326/681/681 785/669/669 393/664/664
f 1329/682/682 795/683/683 1876/680/680
f 193/684/684 1876/680/680 1326/681/681
f 790/685/685 784/662/662 69/661/661
f 396/686/686 1877/687/687 790/685/685
f 1877/687/687 393/664/664 784/662/662
f 1327/688/688 1326/681/681 1877/687/687
f 1878/689/689 71/690/690 792/691/691
f 1328/692/692 792/691/691 397/693/693
f 1327/688/688 791/694/694 1878/689/689
f 193/684/684 1878/689/689 1328/692/692
f 794/695/695 793/696/696 72/697/697
f 398/698/698 1879/699/699 794/695/695
f 1879/699/699 397/693/693 793/696/696
f 1329/682/682 1328/692/692 1879/699/699
f 1880/700/700 61/605/605 796/701/701
f 1330/702/702 796/701/701 399/703/703
f 1333/704/704 766/606/606 1880/700/700
f 194/705/705 1880/700/700 1330/702/702
f 798/706/706 797/707/707 73/708/708
f 400/709/709 1881/710/710 798/706/706
f 1881/710/710 399/703/703 797/707/707
f 1331/711/711 1330/702/702 1881/710/710
f 1882/712/712 74/713/713 800/714/714
f 1332/715/715 800/714/714 401/716/716
f 1331/711/711 799/717/717 1882/712/712
f 194/705/705 1882/712/712 1332/715/715
f 767/611/611 801/718/718 62/612/612
f 384/608/608 1883/719/719 767/611/611
f 1883/719/719 401/716/716 801/718/718
f 1333/704/704 1332/715/715 1883/719/719
f 1884/720/720 56/567/567 753/566/566
f 1334/721/721 753/566/566 377/563/563
f 1337/722/722 805/723/723 1884/720/720
f 195/724/724 1884/720/720 1334/721/721
f 802/725/725 752/561/561 55/560/560
f 402/726/726 1885/727/727 802/725/725
f 1885/727/727 377/563/563 752/561/561
f 1335/728/728 1334/721/721 1885/727/727
f 1886/729/729 42/465/465 721/464/464
f 1336/730/730 721/464/464 361/459/459
f 1335/728/728 803/731/731 1886/729/729
f 195/724/724 1886/729/729 1336/730/730
f 804/732/732 720/457/457 41/456/456
f 403/733/733 1887/734/734 804/732/732
f 1887/734/734 361/459/459 720/457/457
f 1337/722/722 1336/730/730 1887/734/734
f 1888/735/735 75/736/736 806/737/737
f 1338/738/738 806/737/737 404/739/739
f 1341/740/740 811/741/741 1888/735/735
f 196/742/742 1888/735/735 1338/738/738
f 808/743/743 807/744/744 76/745/745
f 405/746/746 1889/747/747 808/743/743
f 1889/747/747 404/739/739 807/744/744
f 1339/748/748 1338/738/738 1889/747/747
f 1890/749/749 66/645/645 777/644/644
f 1340/750/750 777/644/644 389/639/639
f 1339/748/748 809/751/751 1890/749/749
f 196/742/742 1890/749/749 1340/750/750
f 810/752/752 776/637/637 65/636/636
f 406/753/753 1891/754/754 810/752/752
f 1891/754/754 389/639/639 776/637/637
f 1341/740/740 1340/750/750 1891/754/754
f 1892/755/755 44/477/477 725/476/476
f 1342/756/756 725/476/476 363/473/473
f 1345/757/757 817/758/758 1892/755/755
f 197/759/759 1892/755/755 1342/756/756
f 812/760/760 724/471/471 43/470/470
f 407/761/761 1893/762/762 812/760/760
f 1893/762/762 363/473/473 724/471/471
f 1343/763/763 1342/756/756 1893/762/762
f 1894/764/764 77/765/765 814/766/766
f 1344/767/767 814/766/766 408/768/768
f 1343/763/763 813/769/769 1894/764/764
f 197/759/759 1894/764/764 1344/767/767
f 816/770/770 815/771/771 78/772/772
f 409/773/773 1895/774/774 816/770/770
f 1895/774/774 408/768/768 815/771/771
f 1345/757/757 1344/767/767 1895/774/774
f 1896/775/775 68/657/657 781/656/656
f 1346/776/776 781/656/656 391/653/653
f 1349/777/777 821/778/778 1896/775/775
f 198/779/779 1896/775/775 1346/776/776
f 818/780/780 780/651/651 67/650/650
f 410/781/781 1897/782/782 818/780/780
f 1897/782/782 391/653/653 780/651/651
f 1347/783/783 1346/776/776 1897/782/782
f 1898/784/784 45/481/481 735/486/486
f 1348/785/785 735/486/486 368/503/503
f 1347/783/783 819/786/786 1898/784/784
f 198/779/779 1898/784/784 1348/785/785
f 820/787/787 734/500/500 48/502/502
f 411/788/788 1899/789/789 820/787/787
f 1899/789/789 368/503/503 734/500/500
f 1349/777/777 1348/785/785 1899/789/789
f 1900/790/790 63/616/616 822/791/791
f 1350/792/792 822/791/791 412/793/793
f 1353/794/794 827/795/795 1900/790/790
f 199/796/796 1900/790/790 1350/792/792
f 824/797/797 823/798/798 79/799/799
f 413/800/800 1901/801/801 824/797/797
f 1901/801/801 412/793/793 823/798/798
f 1351/802/802 1350/792/792 1901/801/801
f 1902/803/803 60/600/600 763/599/599
f 1352/804/804 763/599/599 382/594/594
f 1351/802/802 825/805/805 1902/803/803
f 199/796/796 1902/803/803 1352/804/804
f 826/806/806 762/592/592 59/591/591
f 414/807/807 1903/808/808 826/806/806
f 1903/808/808 382/594/594 762/592/592
f 1353/794/794 1352/804/804 1903/808/808
f 1904/809/809 71/690/690 828/810/810
f 1354/811/811 828/810/810 415/812/812
f 1357/813/813 792/691/691 1904/809/809
f 200/814/814 1904/809/809 1354/811/811
f 799/717/717 829/815/815 74/713/713
f 400/709/709 1905/816/816 799/717/717
f 1905/816/816 415/812/812 829/815/815
f 1355/817/817 1354/811/811 1905/816/816
f 1906/818/818 73/708/708 830/819/819
f 1356/820/820 830/819/819 416/821/821
f 1355/817/817 798/706/706 1906/818/818
f 200/814/814 1906/818/818 1356/820/820
f 793/696/696 831/822/822 72/697/697
f 397/693/693 1907/823/823 793/696/696
f 1907/823/823 416/821/821 831/822/822
f 1357/813/813 1356/820/820 1907/823/823
f 1908/824/824 75/736/736 832/825/825
f 1358/826/826 832/825/825 417/827/827
f 1361/828/828 806/737/737 1908/824/824
f 201/829/829 1908/824/824 1358/826/826
f 815/771/771 833/830/830 78/772/772
f 408/768/768 1909/831/831 815/771/771
f 1909/831/831 417/827/827 833/830/830
f 1359/832/832 1358/826/826 1909/831/831
f 1910/833/833 77/765/765 834/834/834
f 1360/835/835 834/834/834 418/836/836
f 1359/832/832 814/766/766 1910/833/833
f 201/829/829 1910/833/833 1360/835/835
f 807/744/744 835/837/837 76/745/745
f 404/739/739 1911/838/838 807/744/744
f 1911/838/838 418/836/836 835/837/837
f 1361/828/828 1360/835/835 1911/838/838
f 1912/839/839 40/452/452 836/840/840
f 1362/841/841 836/840/840 419/842/842
f 1365/843/843 718/450/450 1912/839/839
f 202/844/844 1912/839/839 1362/841/841
f 595/10/10 837/845/845 2/11/11
f 298/5/5 1913/846/846 595/10/10
f 1913/846/846 419/842/842 837/845/845
f 1363/847/847 1362/841/841 1913/846/846
f 1914/848/848 1/2/2 838/849/849
f 1364/850/850 838/849/849 420/851/851
f 1363/847/847 594/3/3 1914/848/848
f 202/844/844 1914/848/848 1364/850/850
f 719/436/436 839/852/852 37/431/431
f 360/453/453 1915/853/853 719/436/436
f 1915/853/853 420/851/851 839/852/852
f 1365/843/843 1364/850/850 1915/853/853
f 1916/854/854 44/477/477 840/855/855
f 1366/856/856 840/855/855 421/857/857
f 1369/858/858 726/475/475 1916/854/854
f 203/859/859 1916/854/854 1366/856/856
f 603/35/35 841/860/860 6/36/36
f 302/30/30 1917/861/861 603/35/35
f 1917/861/861 421/857/857 841/860/860
f 1367/862/862 1366/856/856 1917/861/861
f 1918/863/863 5/27/27 842/864/864
f 1368/865/865 842/864/864 422/866/866
f 1367/862/862 602/28/28 1918/863/863
f 203/859/859 1918/863/863 1368/865/865
f 727/461/461 843/867/867 41/456/456
f 364/478/478 1919/868/868 727/461/461
f 1919/868/868 422/866/866 843/867/867
f 1369/858/858 1368/865/865 1919/868/868
f 1920/869/869 47/495/495 844/870/870
f 1370/871/871 844/870/870 423/872/872
f 1373/873/873 732/496/496 1920/869/869
f 204/874/874 1920/869/869 1370/871/871
f 621/95/95 845/875/875 15/91/91
f 311/87/87 1921/876/876 621/95/95
f 1921/876/876 423/872/872 845/875/875
f 1371/877/877 1370/871/871 1921/876/876
f 1922/878/878 14/86/86 846/879/879
f 1372/880/880 846/879/879 424/881/881
f 1371/877/877 620/84/84 1922/878/878
f 204/874/874 1922/878/878 1372/880/880
f 733/501/501 847/882/882 48/502/502
f 367/498/498 1923/883/883 733/501/501
f 1923/883/883 424/881/881 847/882/882
f 1373/873/873 1372/880/880 1923/883/883
f 1924/884/884 49/506/506 848/885/885
f 1374/886/886 848/885/885 425/887/887
f 1377/888/888 736/507/507 1924/884/884
f 205/889/889 1924/884/884 1374/886/886
f 627/110/110 849/890/890 18/111/111
f 314/105/105 1925/891/891 627/110/110
f 1925/891/891 425/887/887 849/890/890
f 1375/892/892 1374/886/886 1925/891/891
f 1926/893/893 17/102/102 850/894/894
f 1376/895/895 850/894/894 426/896/896
f 1375/892/892 626/103/103 1926/893/893
f 205/889/889 1926/893/893 1376/895/895
f 737/514/514 851/897/897 50/515/515
f 369/509/509 1927/898/898 737/514/514
f 1927/898/898 426/896/896 851/897/897
f 1377/888/888 1376/895/895 1927/898/898
f 1928/899/899 50/515/515 851/897/897
f 1378/900/900 851/897/897 426/896/896
f 1381/901/901 744/531/531 1928/899/899
f 206/902/902 1928/899/899 1378/900/900
f 637/143/143 850/894/894 17/102/102
f 319/136/136 1929/903/903 637/143/143
f 1929/903/903 426/896/896 850/894/894
f 1379/904/904 1378/900/900 1929/903/903
f 1930/905/905 21/135/135 852/906/906
f 1380/907/907 852/906/906 427/908/908
f 1379/904/904 636/133/133 1930/905/905
f 206/902/902 1930/905/905 1380/907/907
f 745/537/537 853/909/909 53/538/538
f 373/533/533 1931/910/910 745/537/537
f 1931/910/910 427/908/908 853/909/909
f 1381/901/901 1380/907/907 1931/910/910
f 1932/911/911 56/567/567 854/912/912
f 1382/913/913 854/912/912 428/914/914
f 1385/915/915 754/565/565 1932/911/911
f 207/916/916 1932/911/911 1382/913/913
f 651/179/179 855/917/917 25/180/180
f 326/175/175 1933/918/918 651/179/179
f 1933/918/918 428/914/914 855/917/917
f 1383/919/919 1382/913/913 1933/918/918
f 1934/920/920 2/11/11 837/845/845
f 1384/921/921 837/845/845 419/842/842
f 1383/919/919 650/173/173 1934/920/920
f 207/916/916 1934/920/920 1384/921/921
f 755/553/553 836/840/840 40/452/452
f 378/568/568 1935/922/922 755/553/553
f 1935/922/922 419/842/842 836/840/840
f 1385/915/915 1384/921/921 1935/922/922
f 1936/923/923 53/538/538 853/909/909
f 1386/924/924 853/909/909 427/908/908
f 1389/925/925 756/571/571 1936/923/923
f 208/926/926 1936/923/923 1386/924/924
f 659/208/208 852/906/906 21/135/135
f 330/203/203 1937/927/927 659/208/208
f 1937/927/927 427/908/908 852/906/906
f 1387/928/928 1386/924/924 1937/927/927
f 1938/929/929 28/202/202 856/930/930
f 1388/931/931 856/930/930 429/932/932
f 1387/928/928 658/200/200 1938/929/929
f 208/926/926 1938/929/929 1388/931/931
f 757/577/577 857/933/933 57/578/578
f 379/573/573 1939/934/934 757/577/577
f 1939/934/934 429/932/932 857/933/933
f 1389/925/925 1388/931/931 1939/934/934
f 1940/935/935 62/612/612 858/936/936
f 1390/937/937 858/936/936 430/938/938
f 1393/939/939 768/610/610 1940/935/935
f 209/940/940 1940/935/935 1390/937/937
f 671/248/248 859/941/941 31/244/244
f 336/240/240 1941/942/942 671/248/248
f 1941/942/942 430/938/938 859/941/941
f 1391/943/943 1390/937/937 1941/942/942
f 1942/944/944 30/239/239 860/945/945
f 1392/946/946 860/945/945 431/947/947
f 1391/943/943 670/237/237 1942/944/944
f 209/940/940 1942/944/944 1392/946/946
f 769/596/596 861/948/948 59/591/591
f 385/613/613 1943/949/949 769/596/596
f 1943/949/949 431/947/947 861/948/948
f 1393/939/939 1392/946/946 1943/949/949
f 1944/950/950 63/616/616 862/951/951
f 1394/952/952 862/951/951 432/953/953
f 1397/954/954 770/617/617 1944/950/950
f 210/955/955 1944/950/950 1394/952/952
f 669/238/238 863/956/956 30/239/239
f 335/234/234 1945/957/957 669/238/238
f 1945/957/957 432/953/953 863/956/956
f 1395/958/958 1394/952/952 1945/957/957
f 1946/959/959 18/111/111 849/890/890
f 1396/960/960 849/890/890 425/887/887
f 1395/958/958 668/232/232 1946/959/959
f 210/955/955 1946/959/959 1396/960/960
f 771/623/623 848/885/885 49/506/506
f 386/619/619 1947/961/961 771/623/623
f 1947/961/961 425/887/887 848/885/885
f 1397/954/954 1396/960/960 1947/961/961
f 1948/962/962 68/657/657 864/963/963
f 1398/964/964 864/963/963 433/965/965
f 1401/966/966 782/655/655 1948/962/962
f 211/967/967 1948/962/962 1398/964/964
f 679/281/281 865/968/968 33/277/277
f 340/273/273 1949/969/969 679/281/281
f 1949/969/969 433/965/965 865/968/968
f 1399/970/970 1398/964/964 1949/969/969
f 1950/971/971 32/272/272 866/972/972
f 1400/973/973 866/972/972 434/974/974
f 1399/970/970 678/270/270 1950/971/971
f 211/967/967 1950/971/971 1400/973/973
f 783/641/641 867/975/975 65/636/636
f 392/658/658 1951/976/976 783/641/641
f 1951/976/976 434/974/974 867/975/975
f 1401/966/966 1400/973/973 1951/976/976
f 1952/977/977 37/431/431 839/852/852
f 1402/978/978 839/852/852 420/851/851
f 1405/979/979 788/677/677 1952/977/977
f 212/980/980 1952/977/977 1402/978/978
f 687/300/300 838/849/849 1/2/2
f 344/298/298 1953/981/981 687/300/300
f 1953/981/981 420/851/851 838/849/849
f 1403/982/982 1402/978/978 1953/981/981
f 1954/983/983 34/295/295 868/984/984
f 1404/985/985 868/984/984 435/986/986
f 1403/982/982 686/296/296 1954/983/983
f 212/980/980 1954/983/983 1404/985/985
f 789/666/666 869/987/987 69/661/661
f 395/678/678 1955/988/988 789/666/666
f 1955/988/988 435/986/986 869/987/987
f 1405/979/979 1404/985/985 1955/988/988
f 1956/989/989 69/661/661 869/987/987
f 1406/990/990 869/987/987 435/986/986
f 1409/991/991 790/685/685 1956/989/989
f 213/992/992 1956/989/989 1406/990/990
f 699/337/337 868/984/984 34/295/295
f 350/335/335 1957/993/993 699/337/337
f 1957/993/993 435/986/986 868/984/984
f 1407/994/994 1406/990/990 1957/993/993
f 1958/995/995 35/332/332 870/996/996
f 1408/997/997 870/996/996 436/998/998
f 1407/994/994 698/333/333 1958/995/995
f 213/992/992 1958/995/995 1408/997/997
f 791/694/694 871/999/999 71/690/690
f 396/686/686 1959/1000/1000 791/694/694
f 1959/1000/1000 436/998/998 871/999/999
f 1409/991/991 1408/997/997 1959/1000/1000
f 1960/1001/1001 74/713/713 872/1002/1002
f 1410/1003/1003 872/1002/1002 437/1004/1004
f 1413/1005/1005 800/714/714 1960/1001/1001
f 214/1006/1006 1960/1001/1001 1410/1003/1003
f 697/336/336 873/1007/1007 35/332/332
f 349/328/328 1961/1008/1008 697/336/336
f 1961/1008/1008 437/1004/1004 873/1007/1007
f 1411/1009/1009 1410/1003/1003 1961/1008/1008
f 1962/1010/1010 31/244/244 859/941/941
f 1412/1011/1011 859/941/941 430/938/938
f 1411/1009/1009 696/327/327 1962/1010/1010
f 214/1006/1006 1962/1010/1010 1412/1011/1011
f 801/718/718 858/936/936 62/612/612
f 401/716/716 1963/1012/1012 801/718/718
f 1963/1012/1012 430/938/938 858/936/936
f 1413/1005/1005 1412/1011/1011 1963/1012/1012
f 1964/1013/1013 41/456/456 843/867/867
f 1414/1014/1014 843/867/867 422/866/866
f 1417/1015/1015 804/732/732 1964/1013/1013
f 215/1016/1016 1964/1013/1013 1414/1014/1014
f 703/357/357 842/864/864 5/27/27
f 352/354/354 1965/1017/1017 703/357/357
f 1965/1017/1017 422/866/866 842/864/864
f 1415/1018/1018 1414/1014/1014 1965/1017/1017
f 1966/1019/1019 25/180/180 855/917/917
f 1416/1020/1020 855/917/917 428/914/914
f 1415/1018/1018 702/352/352 1966/1019/1019
f 215/1016/1016 1966/1019/1019 1416/1020/1020
f 805/723/723 854/912/912 56/567/567
f 403/733/733 1967/1021/1021 805/723/723
f 1967/1021/1021 428/914/914 854/912/912
f 1417/1015/1015 1416/1020/1020 1967/1021/1021
f 1968/1022/1022 65/636/636 867/975/975
f 1418/1023/1023 867/975/975 434/974/974
f 1421/1024/1024 810/752/752 1968/1022/1022
f 216/1025/1025 1968/1022/1022 1418/1023/1023
f 707/395/395 866/972/972 32/272/272
f 354/390/390 1969/1026/1026 707/395/395
f 1969/1026/1026 434/974/974 866/972/972
f 1419/1027/1027 1418/1023/1023 1969/1026/1026
f 1970/1028/1028 36/389/389 874/1029/1029
f 1420/1030/1030 874/1029/1029 438/1031/1031
f 1419/1027/1027 706/387/387 1970/1028/1028
f 216/1025/1025 1970/1028/1028 1420/1030/1030
f 811/741/741 875/1032/1032 75/736/736
f 406/753/753 1971/1033/1033 811/741/741
f 1971/1033/1033 438/1031/1031 875/1032/1032
f 1421/1024/1024 1420/1030/1030 1971/1033/1033
f 1972/1034/1034 78/772/772 876/1035/1035
f 1422/1036/1036 876/1035/1035 439/1037/1037
f 1425/1038/1038 816/770/770 1972/1034/1034
f 217/1039/1039 1972/1034/1034 1422/1036/1036
f 705/388/388 877/1040/1040 36/389/389
f 353/384/384 1973/1041/1041 705/388/388
f 1973/1041/1041 439/1037/1037 877/1040/1040
f 1423/1042/1042 1422/1036/1036 1973/1041/1041
f 1974/1043/1043 6/36/36 841/860/860
f 1424/1044/1044 841/860/860 421/857/857
f 1423/1042/1042 704/382/382 1974/1043/1043
f 217/1039/1039 1974/1043/1043 1424/1044/1044
f 817/758/758 840/855/855 44/477/477
f 409/773/773 1975/1045/1045 817/758/758
f 1975/1045/1045 421/857/857 840/855/855
f 1425/1038/1038 1424/1044/1044 1975/1045/1045
f 1976/1046/1046 48/502/502 847/882/882
f 1426/1047/1047 847/882/882 424/881/881
f 1429/1048/1048 820/787/787 1976/1046/1046
f 218/1049/1049 1976/1046/1046 1426/1047/1047
f 711/412/412 846/879/879 14/86/86
f 356/419/419 1977/1050/1050 711/412/412
f 1977/1050/1050 424/881/881 846/879/879
f 1427/1051/1051 1426/1047/1047 1977/1050/1050
f 1978/1052/1052 33/277/277 865/968/968
f 1428/1053/1053 865/968/968 433/965/965
f 1427/1051/1051 710/418/418 1978/1052/1052
f 218/1049/1049 1978/1052/1052 1428/1053/1053
f 821/778/778 864/963/963 68/657/657
f 411/788/788 1979/1054/1054 821/778/778
f 1979/1054/1054 433/965/965 864/963/963
f 1429/1048/1048 1428/1053/1053 1979/1054/1054
f 1980/1055/1055 51/520/520 878/1056/1056
f 1430/1057/1057 878/1056/1056 440/1058/1058
f 1433/1059/1059 740/521/521 1980/1055/1055
f 219/1060/1060 1980/1055/1055 1430/1057/1057
f 880/1061/1061 879/1062/1062 80/1063/1063
f 441/1064/1064 1981/1065/1065 880/1061/1061
f 1981/1065/1065 440/1058/1058 879/1062/1062
f 1431/1066/1066 1430/1057/1057 1981/1065/1065
f 1982/1067/1067 81/1068/1068 882/1069/1069
f 1432/1070/1070 882/1069/1069 442/1071/1071
f 1431/1066/1066 881/1072/1072 1982/1067/1067
f 219/1060/1060 1982/1067/1067 1432/1070/1070
f 741/526/526 883/1073/1073 52/527/527
f 371/523/523 1983/1074/1074 741/526/526
f 1983/1074/1074 442/1071/1071 883/1073/1073
f 1433/1059/1059 1432/1070/1070 1983/1074/1074
f 1984/1075/1075 54/543/543 884/1076/1076
f 1434/1077/1077 884/1076/1076 443/1078/1078
f 1437/1079/1079 748/544/544 1984/1075/1075
f 220/1080/1080 1984/1075/1075 1434/1077/1077
f 886/1081/1081 885/1082/1082 82/1083/1083
f 444/1084/1084 1985/1085/1085 886/1081/1081
f 1985/1085/1085 443/1078/1078 885/1082/1082
f 1435/1086/1086 1434/1077/1077 1985/1085/1085
f 1986/1087/1087 80/1063/1063 879/1062/1062
f 1436/1088/1088 879/1062/1062 440/1058/1058
f 1435/1086/1086 887/1089/1089 1986/1087/1087
f 220/1080/1080 1986/1087/1087 1436/1088/1088
f 749/548/548 878/1056/1056 51/520/520
f 375/546/546 1987/1090/1090 749/548/548
f 1987/1090/1090 440/1058/1058 878/1056/1056
f 1437/1079/1079 1436/1088/1088 1987/1090/1090
f 1988/1091/1091 58/583/583 888/1092/1092
f 1438/1093/1093 888/1092/1092 445/1094/1094
f 1441/1095/1095 760/584/584 1988/1091/1091
f 221/1096/1096 1988/1091/1091 1438/1093/1093
f 890/1097/1097 889/1098/1098 83/1099/1099
f 446/1100/1100 1989/1101/1101 890/1097/1097
f 1989/1101/1101 445/1094/1094 889/1098/1098
f 1439/1102/1102 1438/1093/1093 1989/1101/1101
f 1990/1103/1103 82/1083/1083 885/1082/1082
f 1440/1104/1104 885/1082/1082 443/1078/1078
f 1439/1102/1102 891/1105/1105 1990/1103/1103
f 221/1096/1096 1990/1103/1103 1440/1104/1104
f 761/588/588 884/1076/1076 54/543/543
f 381/586/586 1991/1106/1106 761/588/588
f 1991/1106/1106 443/1078/1078 884/1076/1076
f 1441/1095/1095 1440/1104/1104 1991/1106/1106
f 1992/1107/1107 52/527/527 883/1073/1073
f 1442/1108/1108 883/1073/1073 442/1071/1071
f 1445/1109/1109 772/627/627 1992/1107/1107
f 222/1110/1110 1992/1107/1107 1442/1108/1108
f 892/1111/1111 882/1069/1069 81/1068/1068
f 447/1112/1112 1993/1113/1113 892/1111/1111
f 1993/1113/1113 442/1071/1071 882/1069/1069
f 1443/1114/1114 1442/1108/1108 1993/1113/1113
f 1994/1115/1115 84/1116/1116 894/1117/1117
f 1444/1118/1118 894/1117/1117 448/1119/1119
f 1443/1114/1114 893/1120/1120 1994/1115/1115
f 222/1110/1110 1994/1115/1115 1444/1118/1118
f 773/631/631 895/1121/1121 64/632/632
f 387/629/629 1995/1122/1122 773/631/631
f 1995/1122/1122 448/1119/1119 895/1121/1121
f 1445/1109/1109 1444/1118/1118 1995/1122/1122
f 1996/1123/1123 85/1124/1124 896/1125/1125
f 1446/1126/1126 896/1125/1125 449/1127/1127
f 1449/1128/1128 903/1129/1129 1996/1123/1123
f 223/1130/1130 1996/1123/1123 1446/1126/1126
f 898/1131/1131 897/1132/1132 86/1133/1133
f 450/1134/1134 1997/1135/1135 898/1131/1131
f 1997/1135/1135 449/1127/1127 897/1132/1132
f 1447/1136/1136 1446/1126/1126 1997/1135/1135
f 1998/1137/1137 87/1138/1138 900/1139/1139
f 1448/1140/1140 900/1139/1139 451/1141/1141
f 1447/1136/1136 899/1142/1142 1998/1137/1137
f 223/1130/1130 1998/1137/1137 1448/1140/1140
f 902/1143/1143 901/1144/1144 88/1145/1145
f 452/1146/1146 1999/1147/1147 902/1143/1143
f 1999/1147/1147 451/1141/1141 901/1144/1144
f 1449/1128/1128 1448/1140/1140 1999/1147/1147
f 2000/1148/1148 89/1149/1149 904/1150/1150
f 1450/1151/1151 904/1150/1150 453/1152/1152
f 1453/1153/1153 911/1154/1154 2000/1148/1148
f 224/1155/1155 2000/1148/1148 1450/1151/1151
f 906/1156/1156 905/1157/1157 90/1158/1158
f 454/1159/1159 2001/1160/1160 906/1156/1156
f 2001/1160/1160 453/1152/1152 905/1157/1157
f 1451/1161/1161 1450/1151/1151 2001/1160/1160
f 2002/1162/1162 91/1163/1163 908/1164/1164
f 1452/1165/1165 908/1164/1164 455/1166/1166
f 1451/1161/1161 907/1167/1167 2002/1162/1162
f 224/1155/1155 2002/1162/1162 1452/1165/1165
f 910/1168/1168 909/1169/1169 92/1170/1170
f 456/1171/1171 2003/1172/1172 910/1168/1168
f 2003/1172/1172 455/1166/1166 909/1169/1169
f 1453/1153/1153 1452/1165/1165 2003/1172/1172
f 2004/1173/1173 93/1174/1174 912/1175/1175
f 1454/1176/1176 912/1175/1175 457/1177/1177
f 1457/1178/1178 917/1179/1179 2004/1173/1173
f 225/1180/1180 2004/1173/1173 1454/1176/1176
f 615/72/72 913/1181/1181 12/73/73
f 308/69/69 2005/1182/1182 615/72/72
f 2005/1182/1182 457/1177/1177 913/1181/1181
f 1455/1183/1183 1454/1176/1176 2005/1182/1182
f 2006/1184/1184 11/66/66 914/1185/1185
f 1456/1186/1186 914/1185/1185 458/1187/1187
f 1455/1183/1183 614/67/67 2006/1184/1184
f 225/1180/1180 2006/1184/1184 1456/1186/1186
f 916/1188/1188 915/1189/1189 94/1190/1190
f 459/1191/1191 2007/1192/1192 916/1188/1188
f 2007/1192/1192 458/1187/1187 915/1189/1189
f 1457/1178/1178 1456/1186/1186 2007/1192/1192
f 2008/1193/1193 95/1194/1194 918/1195/1195
f 1458/1196/1196 918/1195/1195 460/1197/1197
f 1461/1198/1198 923/1199/1199 2008/1193/1193
f 226/1200/1200 2008/1193/1193 1458/1196/1196
f 623/97/97 919/1201/1201 16/98/98
f 312/94/94 2009/1202/1202 623/97/97
f 2009/1202/1202 460/1197/1197 919/1201/1201
f 1459/1203/1203 1458/1196/1196 2009/1202/1202
f 2010/1204/1204 15/91/91 920/1205/1205
f 1460/1206/1206 920/1205/1205 461/1207/1207
f 1459/1203/1203 622/92/92 2010/1204/1204
f 226/1200/1200 2010/1204/1204 1460/1206/1206
f 922/1208/1208 921/1209/1209 96/1210/1210
f 462/1211/1211 2011/1212/1212 922/1208/1208
f 2011/1212/1212 461/1207/1207 921/1209/1209
f 1461/1198/1198 1460/1206/1206 2011/1212/1212
f 2012/1213/1213 97/1214/1214 924/1215/1215
f 1462/1216/1216 924/1215/1215 463/1217/1217
f 1465/1218/1218 931/1219/1219 2012/1213/1213
f 227/1220/1220 2012/1213/1213 1462/1216/1216
f 926/1221/1221 925/1222/1222 86/1133/1133
f 464/1223/1223 2013/1224/1224 926/1221/1221
f 2013/1224/1224 463/1217/1217 925/1222/1222
f 1463/1225/1225 1462/1216/1216 2013/1224/1224
f 2014/1226/1226 98/1227/1227 928/1228/1228
f 1464/1229/1229 928/1228/1228 465/1230/1230
f 1463/1225/1225 927/1231/1231 2014/1226/1226
f 227/1220/1220 2014/1226/1226 1464/1229/1229
f 930/1232/1232 929/1233/1233 99/1234/1234
f 466/1235/1235 2015/1236/1236 930/1232/1232
f 2015/1236/1236 465/1230/1230 929/1233/1233
f 1465/1218/1218 1464/1229/1229 2015/1236/1236
f 2016/1237/1237 100/1238/1238 932/1239/1239
f 1466/1240/1240 932/1239/1239 467/1241/1241
f 1469/1242/1242 939/1243/1243 2016/1237/1237
f 228/1244/1244 2016/1237/1237 1466/1240/1240
f 934/1245/1245 933/1246/1246 101/1247/1247
f 468/1248/1248 2017/1249/1249 934/1245/1245
f 2017/1249/1249 467/1241/1241 933/1246/1246
f 1467/1250/1250 1466/1240/1240 2017/1249/1249
f 2018/1251/1251 97/1214/1214 936/1252/1252
f 1468/1253/1253 936/1252/1252 469/1254/1254
f 1467/1250/1250 935/1255/1255 2018/1251/1251
f 228/1244/1244 2018/1251/1251 1468/1253/1253
f 938/1256/1256 937/1257/1257 102/1258/1258
f 470/1259/1259 2019/1260/1260 938/1256/1256
f 2019/1260/1260 469/1254/1254 937/1257/1257
f 1469/1242/1242 1468/1253/1253 2019/1260/1260
f 2020/1261/1261 95/1194/1194 940/1262/1262
f 1470/1263/1263 940/1262/1262 471/1264/1264
f 1473/1265/1265 947/1266/1266 2020/1261/1261
f 229/1267/1267 2020/1261/1261 1470/1263/1263
f 942/1268/1268 941/1269/1269 103/1270/1270
f 472/1271/1271 2021/1272/1272 942/1268/1268
f 2021/1272/1272 471/1264/1264 941/1269/1269
f 1471/1273/1273 1470/1263/1263 2021/1272/1272
f 2022/1274/1274 104/1275/1275 944/1276/1276
f 1472/1277/1277 944/1276/1276 473/1278/1278
f 1471/1273/1273 943/1279/1279 2022/1274/1274
f 229/1267/1267 2022/1274/1274 1472/1277/1277
f 946/1280/1280 945/1281/1281 94/1190/1190
f 474/1282/1282 2023/1283/1283 946/1280/1280
f 2023/1283/1283 473/1278/1278 945/1281/1281
f 1473/1265/1265 1472/1277/1277 2023/1283/1283
f 2024/1284/1284 88/1145/1145 901/1144/1144
f 1474/1285/1285 901/1144/1144 451/1141/1141
f 1477/1286/1286 953/1287/1287 2024/1284/1284
f 230/1288/1288 2024/1284/1284 1474/1285/1285
f 948/1289/1289 900/1139/1139 87/1138/1138
f 475/1290/1290 2025/1291/1291 948/1289/1289
f 2025/1291/1291 451/1141/1141 900/1139/1139
f 1475/1292/1292 1474/1285/1285 2025/1291/1291
f 2026/1293/1293 105/1294/1294 950/1295/1295
f 1476/1296/1296 950/1295/1295 476/1297/1297
f 1475/1292/1292 949/1298/1298 2026/1293/1293
f 230/1288/1288 2026/1293/1293 1476/1296/1296
f 952/1299/1299 951/1300/1300 106/1301/1301
f 477/1302/1302 2027/1303/1303 952/1299/1299
f 2027/1303/1303 476/1297/1297 951/1300/1300
f 1477/1286/1286 1476/1296/1296 2027/1303/1303
f 2028/1304/1304 27/193/193 954/1305/1305
f 1478/1306/1306 954/1305/1305 478/1307/1307
f 1481/1308/1308 656/194/194 2028/1304/1304
f 231/1309/1309 2028/1304/1304 1478/1306/1306
f 939/1243/1243 955/1310/1310 100/1238/1238
f 470/1259/1259 2029/1311/1311 939/1243/1243
f 2029/1311/1311 478/1307/1307 955/1310/1310
f 1479/1312/1312 1478/1306/1306 2029/1311/1311
f 2030/1313/1313 102/1258/1258 956/1314/1314
f 1480/1315/1315 956/1314/1314 479/1316/1316
f 1479/1312/1312 938/1256/1256 2030/1313/1313
f 231/1309/1309 2030/1313/1313 1480/1315/1315
f 657/201/201 957/1317/1317 28/202/202
f 329/196/196 2031/1318/1318 657/201/201
f 2031/1318/1318 479/1316/1316 957/1317/1317
f 1481/1308/1308 1480/1315/1315 2031/1318/1318
f 2032/1319/1319 93/1174/1174 958/1320/1320
f 1482/1321/1321 958/1320/1320 480/1322/1322
f 1485/1323/1323 963/1324/1324 2032/1319/1319
f 232/1325/1325 2032/1319/1319 1482/1321/1321
f 960/1326/1326 959/1327/1327 107/1328/1328
f 481/1329/1329 2033/1330/1330 960/1326/1326
f 2033/1330/1330 480/1322/1322 959/1327/1327
f 1483/1331/1331 1482/1321/1321 2033/1330/1330
f 2034/1332/1332 101/1247/1247 933/1246/1246
f 1484/1333/1333 933/1246/1246 467/1241/1241
f 1483/1331/1331 961/1334/1334 2034/1332/1332
f 232/1325/1325 2034/1332/1332 1484/1333/1333
f 962/1335/1335 932/1239/1239 100/1238/1238
f 482/1336/1336 2035/1337/1337 962/1335/1335
f 2035/1337/1337 467/1241/1241 932/1239/1239
f 1485/1323/1323 1484/1333/1333 2035/1337/1337
f 2036/1338/1338 99/1234/1234 929/1233/1233
f 1486/1339/1339 929/1233/1233 465/1230/1230
f 1489/1340/1340 969/1341/1341 2036/1338/1338
f 233/1342/1342 2036/1338/1338 1486/1339/1339
f 964/1343/1343 928/1228/1228 98/1227/1227
f 483/1344/1344 2037/1345/1345 964/1343/1343
f 2037/1345/1345 465/1230/1230 928/1228/1228
f 1487/1346/1346 1486/1339/1339 2037/1345/1345
f 2038/1347/1347 108/1348/1348 966/1349/1349
f 1488/1350/1350 966/1349/1349 484/1351/1351
f 1487/1346/1346 965/1352/1352 2038/1347/1347
f 233/1342/1342 2038/1347/1347 1488/1350/1350
f 968/1353/1353 967/1354/1354 109/1355/1355
f 485/1356/1356 2039/1357/1357 968/1353/1353
f 2039/1357/1357 484/1351/1351 967/1354/1354
f 1489/1340/1340 1488/1350/1350 2039/1357/1357
f 2040/1358/1358 86/1133/1133 925/1222/1222
f 1490/1359/1359 925/1222/1222 463/1217/1217
f 1493/1360/1360 898/1131/1131 2040/1358/1358
f 234/1361/1361 2040/1358/1358 1490/1359/1359
f 935/1255/1255 924/1215/1215 97/1214/1214
f 468/1248/1248 2041/1362/1362 935/1255/1255
f 2041/1362/1362 463/1217/1217 924/1215/1215
f 1491/1363/1363 1490/1359/1359 2041/1362/1362
f 2042/1364/1364 101/1247/1247 970/1365/1365
f 1492/1366/1366 970/1365/1365 486/1367/1367
f 1491/1363/1363 934/1245/1245 2042/1364/1364
f 234/1361/1361 2042/1364/1364 1492/1366/1366
f 899/1142/1142 971/1368/1368 87/1138/1138
f 450/1134/1134 2043/1369/1369 899/1142/1142
f 2043/1369/1369 486/1367/1367 971/1368/1368
f 1493/1360/1360 1492/1366/1366 2043/1369/1369
f 2044/1370/1370 91/1163/1163 972/1371/1371
f 1494/1372/1372 972/1371/1371 487/1373/1373
f 1497/1374/1374 979/1375/1375 2044/1370/1370
f 235/1376/1376 2044/1370/1370 1494/1372/1372
f 974/1377/1377 973/1378/1378 103/1270/1270
f 488/1379/1379 2045/1380/1380 974/1377/1377
f 2045/1380/1380 487/1373/1373 973/1378/1378
f 1495/1381/1381 1494/1372/1372 2045/1380/1380
f 2046/1382/1382 110/1383/1383 976/1384/1384
f 1496/1385/1385 976/1384/1384 489/1386/1386
f 1495/1381/1381 975/1387/1387 2046/1382/1382
f 235/1376/1376 2046/1382/1382 1496/1385/1385
f 978/1388/1388 977/1389/1389 111/1390/1390
f 490/1391/1391 2047/1392/1392 978/1388/1388
f 2047/1392/1392 489/1386/1386 977/1389/1389
f 1497/1374/1374 1496/1385/1385 2047/1392/1392
f 2048/1393/1393 86/1133/1133 897/1132/1132
f 1498/1394/1394 897/1132/1132 449/1127/1127
f 1501/1395/1395 926/1221/1221 2048/1393/1393
f 236/1396/1396 2048/1393/1393 1498/1394/1394
f 980/1397/1397 896/1125/1125 85/1124/1124
f 491/1398/1398 2049/1399/1399 980/1397/1397
f 2049/1399/1399 449/1127/1127 896/1125/1125
f 1499/1400/1400 1498/1394/1394 2049/1399/1399
f 2050/1401/1401 112/1402/1402 982/1403/1403
f 1500/1404/1404 982/1403/1403 492/1405/1405
f 1499/1400/1400 981/1406/1406 2050/1401/1401
f 236/1396/1396 2050/1401/1401 1500/1404/1404
f 927/1231/1231 983/1407/1407 98/1227/1227
f 464/1223/1223 2051/1408/1408 927/1231/1231
f 2051/1408/1408 492/1405/1405 983/1407/1407
f 1501/1395/1395 1500/1404/1404 2051/1408/1408
f 2052/1409/1409 105/1294/1294 984/1410/1410
f 1502/1411/1411 984/1410/1410 493/1412/1412
f 1505/1413/1413 991/1414/1414 2052/1409/1409
f 237/1415/1415 2052/1409/1409 1502/1411/1411
f 986/1416/1416 985/1417/1417 107/1328/1328
f 494/1418/1418 2053/1419/1419 986/1416/1416
f 2053/1419/1419 493/1412/1412 985/1417/1417
f 1503/1420/1420 1502/1411/1411 2053/1419/1419
f 2054/1421/1421 104/1275/1275 988/1422/1422
f 1504/1423/1423 988/1422/1422 495/1424/1424
f 1503/1420/1420 987/1425/1425 2054/1421/1421
f 237/1415/1415 2054/1421/1421 1504/1423/1423
f 990/1426/1426 989/1427/1427 90/1158/1158
f 496/1428/1428 2055/1429/1429 990/1426/1426
f 2055/1429/1429 495/1424/1424 989/1427/1427
f 1505/1413/1413 1504/1423/1423 2055/1429/1429
f 2056/1430/1430 98/1227/1227 983/1407/1407
f 1506/1431/1431 983/1407/1407 492/1405/1405
f 1509/1432/1432 964/1343/1343 2056/1430/1430
f 238/1433/1433 2056/1430/1430 1506/1431/1431
f 992/1434/1434 982/1403/1403 112/1402/1402
f 497/1435/1435 2057/1436/1436 992/1434/1434
f 2057/1436/1436 492/1405/1405 982/1403/1403
f 1507/1437/1437 1506/1431/1431 2057/1436/1436
f 2058/1438/1438 113/1439/1439 994/1440/1440
f 1508/1441/1441 994/1440/1440 498/1442/1442
f 1507/1437/1437 993/1443/1443 2058/1438/1438
f 238/1433/1433 2058/1438/1438 1508/1441/1441
f 965/1352/1352 995/1444/1444 108/1348/1348
f 483/1344/1344 2059/1445/1445 965/1352/1352
f 2059/1445/1445 498/1442/1442 995/1444/1444
f 1509/1432/1432 1508/1441/1441 2059/1445/1445
f 2060/1446/1446 12/73/73 913/1181/1181
f 1510/1447/1447 913/1181/1181 457/1177/1177
f 1513/1448/1448 700/340/340 2060/1446/1446
f 239/1449/1449 2060/1446/1446 1510/1447/1447
f 963/1324/1324 912/1175/1175 93/1174/1174
f 482/1336/1336 2061/1450/1450 963/1324/1324
f 2061/1450/1450 457/1177/1177 912/1175/1175
f 1511/1451/1451 1510/1447/1447 2061/1450/1450
f 2062/1452/1452 100/1238/1238 955/1310/1310
f 1512/1453/1453 955/1310/1310 478/1307/1307
f 1511/1451/1451 962/1335/1335 2062/1452/1452
f 239/1449/1449 2062/1452/1452 1512/1453/1453
f 701/345/345 954/1305/1305 27/193/193
f 351/342/342 2063/1454/1454 701/345/345
f 2063/1454/1454 478/1307/1307 954/1305/1305
f 1513/1448/1448 1512/1453/1453 2063/1454/1454
f 2064/1455/1455 106/1301/1301 951/1300/1300
f 1514/1456/1456 951/1300/1300 476/1297/1297
f 1517/1457/1457 997/1458/1458 2064/1455/1455
f 240/1459/1459 2064/1455/1455 1514/1456/1456
f 991/1414/1414 950/1295/1295 105/1294/1294
f 496/1428/1428 2065/1460/1460 991/1414/1414
f 2065/1460/1460 476/1297/1297 950/1295/1295
f 1515/1461/1461 1514/1456/1456 2065/1460/1460
f 2066/1462/1462 90/1158/1158 905/1157/1157
f 1516/1463/1463 905/1157/1157 453/1152/1152
f 1515/1461/1461 990/1426/1426 2066/1462/1462
f 240/1459/1459 2066/1462/1462 1516/1463/1463
f 996/1464/1464 904/1150/1150 89/1149/1149
f 499/1465/1465 2067/1466/1466 996/1464/1464
f 2067/1466/1466 453/1152/1152 904/1150/1150
f 1517/1457/1457 1516/1463/1463 2067/1466/1466
f 2068/1467/1467 94/1190/1190 945/1281/1281
f 1518/1468/1468 945/1281/1281 473/1278/1278
f 1521/1469/1469 916/1188/1188 2068/1467/1467
f 241/1470/1470 2068/1467/1467 1518/1468/1468
f 987/1425/1425 944/1276/1276 104/1275/1275
f 494/1418/1418 2069/1471/1471 987/1425/1425
f 2069/1471/1471 473/1278/1278 944/1276/1276
f 1519/1472/1472 1518/1468/1468 2069/1471/1471
f 2070/1473/1473 107/1328/1328 959/1327/1327
f 1520/1474/1474 959/1327/1327 480/1322/1322
f 1519/1472/1472 986/1416/1416 2070/1473/1473
f 241/1470/1470 2070/1473/1473 1520/1474/1474
f 917/1179/1179 958/1320/1320 93/1174/1174
f 459/1191/1191 2071/1475/1475 917/1179/1179
f 2071/1475/1475 480/1322/1322 958/1320/1320
f 1521/1469/1469 1520/1474/1474 2071/1475/1475
f 2072/1476/1476 87/1138/1138 971/1368/1368
f 1522/1477/1477 971/1368/1368 486/1367/1367
f 1525/1478/1478 948/1289/1289 2072/1476/1476
f 242/1479/1479 2072/1476/1476 1522/1477/1477
f 961/1334/1334 970/1365/1365 101/1247/1247
f 481/1329/1329 2073/1480/1480 961/1334/1334
f 2073/1480/1480 486/1367/1367 970/1365/1365
f 1523/1481/1481 1522/1477/1477 2073/1480/1480
f 2074/1482/1482 107/1328/1328 985/1417/1417
f 1524/1483/1483 985/1417/1417 493/1412/1412
f 1523/1481/1481 960/1326/1326 2074/1482/1482
f 242/1479/1479 2074/1482/1482 1524/1483/1483
f 949/1298/1298 984/1410/1410 105/1294/1294
f 475/1290/1290 2075/1484/1484 949/1298/1298
f 2075/1484/1484 493/1412/1412 984/1410/1410
f 1525/1478/1478 1524/1483/1483 2075/1484/1484
f 2076/1485/1485 92/1170/1170 909/1169/1169
f 1526/1486/1486 909/1169/1169 455/1166/1166
f 1529/1487/1487 1001/1488/1488 2076/1485/1485
f 243/1489/1489 2076/1485/1485 1526/1486/1486
f 979/1375/1375 908/1164/1164 91/1163/1163
f 490/1391/1391 2077/1490/1490 979/1375/1375
f 2077/1490/1490 455/1166/1166 908/1164/1164
f 1527/1491/1491 1526/1486/1486 2077/1490/1490
f 2078/1492/1492 111/1390/1390 998/1493/1493
f 1528/1494/1494 998/1493/1493 500/1495/1495
f 1527/1491/1491 978/1388/1388 2078/1492/1492
f 243/1489/1489 2078/1492/1492 1528/1494/1494
f 1000/1496/1496 999/1497/1497 114/1498/1498
f 501/1499/1499 2079/1500/1500 1000/1496/1496
f 2079/1500/1500 500/1495/1495 999/1497/1497
f 1529/1487/1487 1528/1494/1494 2079/1500/1500
f 2080/1501/1501 16/98/98 919/1201/1201
f 1530/1502/1502 919/1201/1201 460/1197/1197
f 1533/1503/1503 708/398/398 2080/1501/1501
f 244/1504/1504 2080/1501/1501 1530/1502/1502
f 947/1266/1266 918/1195/1195 95/1194/1194
f 474/1282/1282 2081/1505/1505 947/1266/1266
f 2081/1505/1505 460/1197/1197 918/1195/1195
f 1531/1506/1506 1530/1502/1502 2081/1505/1505
f 2082/1507/1507 94/1190/1190 915/1189/1189
f 1532/1508/1508 915/1189/1189 458/1187/1187
f 1531/1506/1506 946/1280/1280 2082/1507/1507
f 244/1504/1504 2082/1507/1507 1532/1508/1508
f 709/403/403 914/1185/1185 11/66/66
f 355/400/400 2083/1509/1509 709/403/403
f 2083/1509/1509 458/1187/1187 914/1185/1185
f 1533/1503/1503 1532/1508/1508 2083/1509/1509
f 2084/1510/1510 96/1210/1210 1002/1511/1511
f 1534/1512/1512 1002/1511/1511 502/1513/1513
f 1537/1514/1514 922/1208/1208 2084/1510/1510
f 245/1515/1515 2084/1510/1510 1534/1512/1512
f 975/1387/1387 1003/1516/1516 110/1383/1383
f 488/1379/1379 2085/1517/1517 975/1387/1387
f 2085/1517/1517 502/1513/1513 1003/1516/1516
f 1535/1518/1518 1534/1512/1512 2085/1517/1517
f 2086/1519/1519 103/1270/1270 941/1269/1269
f 1536/1520/1520 941/1269/1269 471/1264/1264
f 1535/1518/1518 974/1377/1377 2086/1519/1519
f 245/1515/1515 2086/1519/1519 1536/1520/1520
f 923/1199/1199 940/1262/1262 95/1194/1194
f 462/1211/1211 2087/1521/1521 923/1199/1199
f 2087/1521/1521 471/1264/1264 940/1262/1262
f 1537/1514/1514 1536/1520/1520 2087/1521/1521
f 2088/1522/1522 90/1158/1158 989/1427/1427
f 1538/1523/1523 989/1427/1427 495/1424/1424
f 1541/1524/1524 906/1156/1156 2088/1522/1522
f 246/1525/1525 2088/1522/1522 1538/1523/1523
f 943/1279/1279 988/1422/1422 104/1275/1275
f 472/1271/1271 2089/1526/1526 943/1279/1279
f 2089/1526/1526 495/1424/1424 988/1422/1422
f 1539/1527/1527 1538/1523/1523 2089/1526/1526
f 2090/1528/1528 103/1270/1270 973/1378/1378
f 1540/1529/1529 973/1378/1378 487/1373/1373
f 1539/1527/1527 942/1268/1268 2090/1528/1528
f 246/1525/1525 2090/1528/1528 1540/1529/1529
f 907/1167/1167 972/1371/1371 91/1163/1163
f 454/1159/1159 2091/1530/1530 907/1167/1167
f 2091/1530/1530 487/1373/1373 972/1371/1371
f 1541/1524/1524 1540/1529/1529 2091/1530/1530
f 2092/1531/1531 115/1532/1532 1004/1533/1533
f 1542/1534/1534 1004/1533/1533 503/1535/1535
f 1545/1536/1536 1011/1537/1537 2092/1531/1531
f 247/1538/1538 2092/1531/1531 1542/1534/1534
f 1006/1539/1539 1005/1540/1540 116/1541/1541
f 504/1542/1542 2093/1543/1543 1006/1539/1539
f 2093/1543/1543 503/1535/1535 1005/1540/1540
f 1543/1544/1544 1542/1534/1534 2093/1543/1543
f 2094/1545/1545 117/1546/1546 1008/1547/1547
f 1544/1548/1548 1008/1547/1547 505/1549/1549
f 1543/1544/1544 1007/1550/1550 2094/1545/1545
f 247/1538/1538 2094/1545/1545 1544/1548/1548
f 1010/1551/1551 1009/1552/1552 118/1553/1553
f 506/1554/1554 2095/1555/1555 1010/1551/1551
f 2095/1555/1555 505/1549/1549 1009/1552/1552
f 1545/1536/1536 1544/1548/1548 2095/1555/1555
f 2096/1556/1556 119/1557/1557 1012/1558/1558
f 1546/1559/1559 1012/1558/1558 507/1560/1560
f 1549/1561/1561 1019/1562/1562 2096/1556/1556
f 248/1563/1563 2096/1556/1556 1546/1559/1559
f 1014/1564/1564 1013/1565/1565 120/1566/1566
f 508/1567/1567 2097/1568/1568 1014/1564/1564
f 2097/1568/1568 507/1560/1560 1013/1565/1565
f 1547/1569/1569 1546/1559/1559 2097/1568/1568
f 2098/1570/1570 121/1571/1571 1016/1572/1572
f 1548/1573/1573 1016/1572/1572 509/1574/1574
f 1547/1569/1569 1015/1575/1575 2098/1570/1570
f 248/1563/1563 2098/1570/1570 1548/1573/1573
f 1018/1576/1576 1017/1577/1577 122/1578/1578
f 510/1579/1579 2099/1580/1580 1018/1576/1576
f 2099/1580/1580 509/1574/1574 1017/1577/1577
f 1549/1561/1561 1548/1573/1573 2099/1580/1580
f 2100/1581/1581 123/1582/1582 1020/1583/1583
f 1550/1584/1584 1020/1583/1583 511/1585/1585
f 1553/1586/1586 1025/1587/1587 2100/1581/1581
f 249/1588/1588 2100/1581/1581 1550/1584/1584
f 1022/1589/1589 1021/1590/1590 124/1591/1591
f 512/1592/1592 2101/1593/1593 1022/1589/1589
f 2101/1593/1593 511/1585/1585 1021/1590/1590
f 1551/1594/1594 1550/1584/1584 2101/1593/1593
f 2102/1595/1595 47/495/495 731/499/499
f 1552/1596/1596 731/499/499 366/491/491
f 1551/1594/1594 1023/1597/1597 2102/1595/1595
f 249/1588/1588 2102/1595/1595 1552/1596/1596
f 1024/1598/1598 730/488/488 46/490/490
f 513/1599/1599 2103/1600/1600 1024/1598/1598
f 2103/1600/1600 366/491/491 730/488/488
f 1553/1586/1586 1552/1596/1596 2103/1600/1600
f 2104/1601/1601 125/1602/1602 1026/1603/1603
f 1554/1604/1604 1026/1603/1603 514/1605/1605
f 1557/1606/1606 1033/1607/1607 2104/1601/1601
f 250/1608/1608 2104/1601/1601 1554/1604/1604
f 1028/1609/1609 1027/1610/1610 126/1611/1611
f 515/1612/1612 2105/1613/1613 1028/1609/1609
f 2105/1613/1613 514/1605/1605 1027/1610/1610
f 1555/1614/1614 1554/1604/1604 2105/1613/1613
f 2106/1615/1615 127/1616/1616 1030/1617/1617
f 1556/1618/1618 1030/1617/1617 516/1619/1619
f 1555/1614/1614 1029/1620/1620 2106/1615/1615
f 250/1608/1608 2106/1615/1615 1556/1618/1618
f 1032/1621/1621 1031/1622/1622 128/1623/1623
f 517/1624/1624 2107/1625/1625 1032/1621/1621
f 2107/1625/1625 516/1619/1619 1031/1622/1622
f 1557/1606/1606 1556/1618/1618 2107/1625/1625
f 2108/1626/1626 128/1623/1623 1031/1622/1622
f 1558/1627/1627 1031/1622/1622 516/1619/1619
f 1561/1628/1628 1039/1629/1629 2108/1626/1626
f 251/1630/1630 2108/1626/1626 1558/1627/1627
f 1034/1631/1631 1030/1617/1617 127/1616/1616
f 518/1632/1632 2109/1633/1633 1034/1631/1631
f 2109/1633/1633 516/1619/1619 1030/1617/1617
f 1559/1634/1634 1558/1627/1627 2109/1633/1633
f 2110/1635/1635 129/1636/1636 1036/1637/1637
f 1560/1638/1638 1036/1637/1637 519/1639/1639
f 1559/1634/1634 1035/1640/1640 2110/1635/1635
f 251/1630/1630 2110/1635/1635 1560/1638/1638
f 1038/1641/1641 1037/1642/1642 130/1643/1643
f 520/1644/1644 2111/1645/1645 1038/1641/1641
f 2111/1645/1645 519/1639/1639 1037/1642/1642
f 1561/1628/1628 1560/1638/1638 2111/1645/1645
f 2112/1646/1646 116/1541/1541 1040/1647/1647
f 1562/1648/1648 1040/1647/1647 521/1649/1649
f 1565/1650/1650 1006/1539/1539 2112/1646/1646
f 252/1651/1651 2112/1646/1646 1562/1648/1648
f 1042/1652/1652 1041/1653/1653 131/1654/1654
f 522/1655/1655 2113/1656/1656 1042/1652/1652
f 2113/1656/1656 521/1649/1649 1041/1653/1653
f 1563/1657/1657 1562/1648/1648 2113/1656/1656
f 2114/1658/1658 132/1659/1659 1044/1660/1660
f 1564/1661/1661 1044/1660/1660 523/1662/1662
f 1563/1657/1657 1043/1663/1663 2114/1658/1658
f 252/1651/1651 2114/1658/1658 1564/1661/1661
f 1007/1550/1550 1045/1664/1664 117/1546/1546
f 504/1542/1542 2115/1665/1665 1007/1550/1550
f 2115/1665/1665 523/1662/1662 1045/1664/1664
f 1565/1650/1650 1564/1661/1661 2115/1665/1665
f 2116/1666/1666 130/1643/1643 1037/1642/1642
f 1566/1667/1667 1037/1642/1642 519/1639/1639
f 1569/1668/1668 1049/1669/1669 2116/1666/1666
f 253/1670/1670 2116/1666/1666 1566/1667/1667
f 1046/1671/1671 1036/1637/1637 129/1636/1636
f 524/1672/1672 2117/1673/1673 1046/1671/1671
f 2117/1673/1673 519/1639/1639 1036/1637/1637
f 1567/1674/1674 1566/1667/1667 2117/1673/1673
f 2118/1675/1675 58/583/583 759/587/587
f 1568/1676/1676 759/587/587 380/579/579
f 1567/1674/1674 1047/1677/1677 2118/1675/1675
f 253/1670/1670 2118/1675/1675 1568/1676/1676
f 1048/1678/1678 758/576/576 57/578/578
f 525/1679/1679 2119/1680/1680 1048/1678/1678
f 2119/1680/1680 380/579/579 758/576/576
f 1569/1668/1668 1568/1676/1676 2119/1680/1680
f 2120/1681/1681 133/1682/1682 1050/1683/1683
f 1570/1684/1684 1050/1683/1683 526/1685/1685
f 1573/1686/1686 1057/1687/1687 2120/1681/1681
f 254/1688/1688 2120/1681/1681 1570/1684/1684
f 1052/1689/1689 1051/1690/1690 134/1691/1691
f 527/1692/1692 2121/1693/1693 1052/1689/1689
f 2121/1693/1693 526/1685/1685 1051/1690/1690
f 1571/1694/1694 1570/1684/1684 2121/1693/1693
f 2122/1695/1695 135/1696/1696 1054/1697/1697
f 1572/1698/1698 1054/1697/1697 528/1699/1699
f 1571/1694/1694 1053/1700/1700 2122/1695/1695
f 254/1688/1688 2122/1695/1695 1572/1698/1698
f 1056/1701/1701 1055/1702/1702 136/1703/1703
f 529/1704/1704 2123/1705/1705 1056/1701/1701
f 2123/1705/1705 528/1699/1699 1055/1702/1702
f 1573/1686/1686 1572/1698/1698 2123/1705/1705
f 2124/1706/1706 137/1707/1707 1058/1708/1708
f 1574/1709/1709 1058/1708/1708 530/1710/1710
f 1577/1711/1711 1063/1712/1712 2124/1706/1706
f 255/1713/1713 2124/1706/1706 1574/1709/1709
f 1060/1714/1714 1059/1715/1715 138/1716/1716
f 531/1717/1717 2125/1718/1718 1060/1714/1714
f 2125/1718/1718 530/1710/1710 1059/1715/1715
f 1575/1719/1719 1574/1709/1709 2125/1718/1718
f 2126/1720/1720 126/1611/1611 1027/1610/1610
f 1576/1721/1721 1027/1610/1610 514/1605/1605
f 1575/1719/1719 1061/1722/1722 2126/1720/1720
f 255/1713/1713 2126/1720/1720 1576/1721/1721
f 1062/1723/1723 1026/1603/1603 125/1602/1602
f 532/1724/1724 2127/1725/1725 1062/1723/1723
f 2127/1725/1725 514/1605/1605 1026/1603/1603
f 1577/1711/1711 1576/1721/1721 2127/1725/1725
f 2128/1726/1726 139/1727/1727 1064/1728/1728
f 1578/1729/1729 1064/1728/1728 533/1730/1730
f 1581/1731/1731 1071/1732/1732 2128/1726/1726
f 256/1733/1733 2128/1726/1726 1578/1729/1729
f 1066/1734/1734 1065/1735/1735 140/1736/1736
f 534/1737/1737 2129/1738/1738 1066/1734/1734
f 2129/1738/1738 533/1730/1730 1065/1735/1735
f 1579/1739/1739 1578/1729/1729 2129/1738/1738
f 2130/1740/1740 141/1741/1741 1068/1742/1742
f 1580/1743/1743 1068/1742/1742 535/1744/1744
f 1579/1739/1739 1067/1745/1745 2130/1740/1740
f 256/1733/1733 2130/1740/1740 1580/1743/1743
f 1070/1746/1746 1069/1747/1747 142/1748/1748
f 536/1749/1749 2131/1750/1750 1070/1746/1746
f 2131/1750/1750 535/1744/1744 1069/1747/1747
f 1581/1731/1731 1580/1743/1743 2131/1750/1750
f 2132/1751/1751 143/1752/1752 1072/1753/1753
f 1582/1754/1754 1072/1753/1753 537/1755/1755
f 1585/1756/1756 1077/1757/1757 2132/1751/1751
f 257/1758/1758 2132/1751/1751 1582/1754/1754
f 1011/1537/1537 1073/1759/1759 115/1532/1532
f 506/1554/1554 2133/1760/1760 1011/1537/1537
f 2133/1760/1760 537/1755/1755 1073/1759/1759
f 1583/1761/1761 1582/1754/1754 2133/1760/1760
f 2134/1762/1762 118/1553/1553 1074/1763/1763
f 1584/1764/1764 1074/1763/1763 538/1765/1765
f 1583/1761/1761 1010/1551/1551 2134/1762/1762
f 257/1758/1758 2134/1762/1762 1584/1764/1764
f 1076/1766/1766 1075/1767/1767 144/1768/1768
f 539/1769/1769 2135/1770/1770 1076/1766/1766
f 2135/1770/1770 538/1765/1765 1075/1767/1767
f 1585/1756/1756 1584/1764/1764 2135/1770/1770
f 2136/1771/1771 144/1768/1768 1078/1772/1772
f 1586/1773/1773 1078/1772/1772 540/1774/1774
f 1589/1775/1775 1076/1766/1766 2136/1771/1771
f 258/1776/1776 2136/1771/1771 1586/1773/1773
f 1080/1777/1777 1079/1778/1778 145/1779/1779
f 541/1780/1780 2137/1781/1781 1080/1777/1777
f 2137/1781/1781 540/1774/1774 1079/1778/1778
f 1587/1782/1782 1586/1773/1773 2137/1781/1781
f 2138/1783/1783 146/1784/1784 1082/1785/1785
f 1588/1786/1786 1082/1785/1785 542/1787/1787
f 1587/1782/1782 1081/1788/1788 2138/1783/1783
f 258/1776/1776 2138/1783/1783 1588/1786/1786
f 1077/1757/1757 1083/1789/1789 143/1752/1752
f 539/1769/1769 2139/1790/1790 1077/1757/1757
f 2139/1790/1790 542/1787/1787 1083/1789/1789
f 1589/1775/1775 1588/1786/1786 2139/1790/1790
f 2140/1791/1791 135/1696/1696 1053/1700/1700
f 1590/1792/1792 1053/1700/1700 527/1692/1692
f 1593/1793/1793 1089/1794/1794 2140/1791/1791
f 259/1795/1795 2140/1791/1791 1590/1792/1792
f 1084/1796/1796 1052/1689/1689 134/1691/1691
f 543/1797/1797 2141/1798/1798 1084/1796/1796
f 2141/1798/1798 527/1692/1692 1052/1689/1689
f 1591/1799/1799 1590/1792/1792 2141/1798/1798
f 2142/1800/1800 147/1801/1801 1086/1802/1802
f 1592/1803/1803 1086/1802/1802 544/1804/1804
f 1591/1799/1799 1085/1805/1805 2142/1800/1800
f 259/1795/1795 2142/1800/1800 1592/1803/1803
f 1088/1806/1806 1087/1807/1807 148/1808/1808
f 545/1809/1809 2143/1810/1810 1088/1806/1806
f 2143/1810/1810 544/1804/1804 1087/1807/1807
f 1593/1793/1793 1592/1803/1803 2143/1810/1810
f 2144/1811/1811 131/1654/1654 1090/1812/1812
f 1594/1813/1813 1090/1812/1812 546/1814/1814
f 1597/1815/1815 1042/1652/1652 2144/1811/1811
f 260/1816/1816 2144/1811/1811 1594/1813/1813
f 1019/1562/1562 1091/1817/1817 119/1557/1557
f 510/1579/1579 2145/1818/1818 1019/1562/1562
f 2145/1818/1818 546/1814/1814 1091/1817/1817
f 1595/1819/1819 1594/1813/1813 2145/1818/1818
f 2146/1820/1820 122/1578/1578 1092/1821/1821
f 1596/1822/1822 1092/1821/1821 547/1823/1823
f 1595/1819/1819 1018/1576/1576 2146/1820/1820
f 260/1816/1816 2146/1820/1820 1596/1822/1822
f 1043/1663/1663 1093/1824/1824 132/1659/1659
f 522/1655/1655 2147/1825/1825 1043/1663/1663
f 2147/1825/1825 547/1823/1823 1093/1824/1824
f 1597/1815/1815 1596/1822/1822 2147/1825/1825
f 2148/1826/1826 149/1827/1827 1094/1828/1828
f 1598/1829/1829 1094/1828/1828 548/1830/1830
f 1601/1831/1831 1099/1832/1832 2148/1826/1826
f 261/1833/1833 2148/1826/1826 1598/1829/1829
f 1071/1732/1732 1095/1834/1834 139/1727/1727
f 536/1749/1749 2149/1835/1835 1071/1732/1732
f 2149/1835/1835 548/1830/1830 1095/1834/1834
f 1599/1836/1836 1598/1829/1829 2149/1835/1835
f 2150/1837/1837 142/1748/1748 1096/1838/1838
f 1600/1839/1839 1096/1838/1838 549/1840/1840
f 1599/1836/1836 1070/1746/1746 2150/1837/1837
f 261/1833/1833 2150/1837/1837 1600/1839/1839
f 1098/1841/1841 1097/1842/1842 150/1843/1843
f 550/1844/1844 2151/1845/1845 1098/1841/1841
f 2151/1845/1845 549/1840/1840 1097/1842/1842
f 1601/1831/1831 1600/1839/1839 2151/1845/1845
f 2152/1846/1846 120/1566/1566 1100/1847/1847
f 1602/1848/1848 1100/1847/1847 551/1849/1849
f 1605/1850/1850 1014/1564/1564 2152/1846/1846
f 262/1851/1851 2152/1846/1846 1602/1848/1848
f 1102/1852/1852 1101/1853/1853 151/1854/1854
f 552/1855/1855 2153/1856/1856 1102/1852/1852
f 2153/1856/1856 551/1849/1849 1101/1853/1853
f 1603/1857/1857 1602/1848/1848 2153/1856/1856
f 2154/1858/1858 152/1859/1859 1104/1860/1860
f 1604/1861/1861 1104/1860/1860 553/1862/1862
f 1603/1857/1857 1103/1863/1863 2154/1858/1858
f 262/1851/1851 2154/1858/1858 1604/1861/1861
f 1015/1575/1575 1105/1864/1864 121/1571/1571
f 508/1567/1567 2155/1865/1865 1015/1575/1575
f 2155/1865/1865 553/1862/1862 1105/1864/1864
f 1605/1850/1850 1604/1861/1861 2155/1865/1865
f 2156/1866/1866 140/1736/1736 1106/1867/1867
f 1606/1868/1868 1106/1867/1867 554/1869/1869
f 1609/1870/1870 1066/1734/1734 2156/1866/1866
f 263/1871/1871 2156/1866/1866 1606/1868/1868
f 1021/1590/1590 1107/1872/1872 124/1591/1591
f 511/1585/1585 2157/1873/1873 1021/1590/1590
f 2157/1873/1873 554/1869/1869 1107/1872/1872
f 1607/1874/1874 1606/1868/1868 2157/1873/1873
f 2158/1875/1875 123/1582/1582 1108/1876/1876
f 1608/1877/1877 1108/1876/1876 555/1878/1878
f 1607/1874/1874 1020/1583/1583 2158/1875/1875
f 263/1871/1871 2158/1875/1875 1608/1877/1877
f 1067/1745/1745 1109/1879/1879 141/1741/1741
f 534/1737/1737 2159/1880/1880 1067/1745/1745
f 2159/1880/1880 555/1878/1878 1109/1879/1879
f 1609/1870/1870 1608/1877/1877 2159/1880/1880
f 2160/1881/1881 137/1707/1707 1110/1882/1882
f 1610/1883/1883 1110/1882/1882 556/1884/1884
f 1613/1885/1885 1058/1708/1708 2160/1881/1881
f 264/1886/1886 2160/1881/1881 1610/1883/1883
f 1112/1887/1887 1111/1888/1888 136/1703/1703
f 557/1889/1889 2161/1890/1890 1112/1887/1887
f 2161/1890/1890 556/1884/1884 1111/1888/1888
f 1611/1891/1891 1610/1883/1883 2161/1890/1890
f 2162/1892/1892 153/1893/1893 1114/1894/1894
f 1612/1895/1895 1114/1894/1894 558/1896/1896
f 1611/1891/1891 1113/1897/1897 2162/1892/1892
f 264/1886/1886 2162/1892/1892 1612/1895/1895
f 1059/1715/1715 1115/1898/1898 138/1716/1716
f 530/1710/1710 2163/1899/1899 1059/1715/1715
f 2163/1899/1899 558/1896/1896 1115/1898/1898
f 1613/1885/1885 1612/1895/1895 2163/1899/1899
f 2164/1900/1900 146/1784/1784 1081/1788/1788
f 1614/1901/1901 1081/1788/1788 541/1780/1780
f 1617/1902/1902 1119/1903/1903 2164/1900/1900
f 265/1904/1904 2164/1900/1900 1614/1901/1901
f 1116/1905/1905 1080/1777/1777 145/1779/1779
f 559/1906/1906 2165/1907/1907 1116/1905/1905
f 2165/1907/1907 541/1780/1780 1080/1777/1777
f 1615/1908/1908 1614/1901/1901 2165/1907/1907
f 2166/1909/1909 148/1808/1808 1087/1807/1807
f 1616/1910/1910 1087/1807/1807 544/1804/1804
f 1615/1908/1908 1117/1911/1911 2166/1909/1909
f 265/1904/1904 2166/1909/1909 1616/1910/1910
f 1118/1912/1912 1086/1802/1802 147/1801/1801
f 560/1913/1913 2167/1914/1914 1118/1912/1912
f 2167/1914/1914 544/1804/1804 1086/1802/1802
f 1617/1902/1902 1616/1910/1910 2167/1914/1914
f 2168/1915/1915 149/1827/1827 1099/1832/1832
f 1618/1916/1916 1099/1832/1832 550/1844/1844
f 1621/1917/1917 1123/1918/1918 2168/1915/1915
f 266/1919/1919 2168/1915/1915 1618/1916/1916
f 1120/1920/1920 1098/1841/1841 150/1843/1843
f 561/1921/1921 2169/1922/1922 1120/1920/1920
f 2169/1922/1922 550/1844/1844 1098/1841/1841
f 1619/1923/1923 1618/1916/1916 2169/1922/1922
f 2170/1924/1924 152/1859/1859 1103/1863/1863
f 1620/1925/1925 1103/1863/1863 552/1855/1855
f 1619/1923/1923 1121/1926/1926 2170/1924/1924
f 266/1919/1919 2170/1924/1924 1620/1925/1925
f 1122/1927/1927 1102/1852/1852 151/1854/1854
f 562/1928/1928 2171/1929/1929 1122/1927/1927
f 2171/1929/1929 552/1855/1855 1102/1852/1852
f 1621/1917/1917 1620/1925/1925 2171/1929/1929
f 2172/1930/1930 116/1541/1541 1005/1540/1540
f 1622/1931/1931 1005/1540/1540 503/1535/1535
f 1625/1932/1932 1127/1933/1933 2172/1930/1930
f 267/1934/1934 2172/1930/1930 1622/1931/1931
f 1124/1935/1935 1004/1533/1533 115/1532/1532
f 563/1936/1936 2173/1937/1937 1124/1935/1935
f 2173/1937/1937 503/1535/1535 1004/1533/1533
f 1623/1938/1938 1622/1931/1931 2173/1937/1937
f 2174/1939/1939 85/1124/1124 903/1129/1129
f 1624/1940/1940 903/1129/1129 452/1146/1146
f 1623/1938/1938 1125/1941/1941 2174/1939/1939
f 267/1934/1934 2174/1939/1939 1624/1940/1940
f 1126/1942/1942 902/1143/1143 88/1145/1145
f 564/1943/1943 2175/1944/1944 1126/1942/1942
f 2175/1944/1944 452/1146/1146 902/1143/1143
f 1625/1932/1932 1624/1940/1940 2175/1944/1944
f 2176/1945/1945 120/1566/1566 1013/1565/1565
f 1626/1946/1946 1013/1565/1565 507/1560/1560
f 1629/1947/1947 1131/1948/1948 2176/1945/1945
f 268/1949/1949 2176/1945/1945 1626/1946/1946
f 1128/1950/1950 1012/1558/1558 119/1557/1557
f 565/1951/1951 2177/1952/1952 1128/1950/1950
f 2177/1952/1952 507/1560/1560 1012/1558/1558
f 1627/1953/1953 1626/1946/1946 2177/1952/1952
f 2178/1954/1954 89/1149/1149 911/1154/1154
f 1628/1955/1955 911/1154/1154 456/1171/1171
f 1627/1953/1953 1129/1956/1956 2178/1954/1954
f 268/1949/1949 2178/1954/1954 1628/1955/1955
f 1130/1957/1957 910/1168/1168 92/1170/1170
f 566/1958/1958 2179/1959/1959 1130/1957/1957
f 2179/1959/1959 456/1171/1171 910/1168/1168
f 1629/1947/1947 1628/1955/1955 2179/1959/1959
f 2180/1960/1960 47/495/495 1023/1597/1597
f 1630/1961/1961 1023/1597/1597 512/1592/1592
f 1633/1962/1962 844/870/870 2180/1960/1960
f 269/1963/1963 2180/1960/1960 1630/1961/1961
f 1132/1964/1964 1022/1589/1589 124/1591/1591
f 567/1965/1965 2181/1966/1966 1132/1964/1964
f 2181/1966/1966 512/1592/1592 1022/1589/1589
f 1631/1967/1967 1630/1961/1961 2181/1966/1966
f 2182/1968/1968 96/1210/1210 921/1209/1209
f 1632/1969/1969 921/1209/1209 461/1207/1207
f 1631/1967/1967 1133/1970/1970 2182/1968/1968
f 269/1963/1963 2182/1968/1968 1632/1969/1969
f 845/875/875 920/1205/1205 15/91/91
f 423/872/872 2183/1971/1971 845/875/875
f 2183/1971/1971 461/1207/1207 920/1205/1205
f 1633/1962/1962 1632/1969/1969 2183/1971/1971
f 2184/1972/1972 125/1602/1602 1033/1607/1607
f 1634/1973/1973 1033/1607/1607 517/1624/1624
f 1637/1974/1974 1137/1975/1975 2184/1972/1972
f 270/1976/1976 2184/1972/1972 1634/1973/1973
f 1134/1977/1977 1032/1621/1621 128/1623/1623
f 568/1978/1978 2185/1979/1979 1134/1977/1977
f 2185/1979/1979 517/1624/1624 1032/1621/1621
f 1635/1980/1980 1634/1973/1973 2185/1979/1979
f 2186/1981/1981 97/1214/1214 931/1219/1219
f 1636/1982/1982 931/1219/1219 466/1235/1235
f 1635/1980/1980 1135/1983/1983 2186/1981/1981
f 270/1976/1976 2186/1981/1981 1636/1982/1982
f 1136/1984/1984 930/1232/1232 99/1234/1234
f 569/1985/1985 2187/1986/1986 1136/1984/1984
f 2187/1986/1986 466/1235/1235 930/1232/1232
f 1637/1974/1974 1636/1982/1982 2187/1986/1986
f 2188/1987/1987 128/1623/1623 1039/1629/1629
f 1638/1988/1988 1039/1629/1629 520/1644/1644
f 1641/1989/1989 1134/1977/1977 2188/1987/1987
f 271/1990/1990 2188/1987/1987 1638/1988/1988
f 1138/1991/1991 1038/1641/1641 130/1643/1643
f 570/1992/1992 2189/1993/1993 1138/1991/1991
f 2189/1993/1993 520/1644/1644 1038/1641/1641
f 1639/1994/1994 1638/1988/1988 2189/1993/1993
f 2190/1995/1995 102/1258/1258 937/1257/1257
f 1640/1996/1996 937/1257/1257 469/1254/1254
f 1639/1994/1994 1139/1997/1997 2190/1995/1995
f 271/1990/1990 2190/1995/1995 1640/1996/1996
f 1135/1983/1983 936/1252/1252 97/1214/1214
f 568/1978/1978 2191/1998/1998 1135/1983/1983
f 2191/1998/1998 469/1254/1254 936/1252/1252
f 1641/1989/1989 1640/1996/1996 2191/1998/1998
f 2192/1999/1999 131/1654/1654 1041/1653/1653
f 1642/2000/2000 1041/1653/1653 521/1649/1649
f 1645/2001/2001 1141/2002/2002 2192/1999/1999
f 272/2003/2003 2192/1999/1999 1642/2000/2000
f 1127/1933/1933 1040/1647/1647 116/1541/1541
f 564/1943/1943 2193/2004/2004 1127/1933/1933
f 2193/2004/2004 521/1649/1649 1040/1647/1647
f 1643/2005/2005 1642/2000/2000 2193/2004/2004
f 2194/2006/2006 88/1145/1145 953/1287/1287
f 1644/2007/2007 953/1287/1287 477/1302/1302
f 1643/2005/2005 1126/1942/1942 2194/2006/2006
f 272/2003/2003 2194/2006/2006 1644/2007/2007
f 1140/2008/2008 952/1299/1299 106/1301/1301
f 571/2009/2009 2195/2010/2010 1140/2008/2008
f 2195/2010/2010 477/1302/1302 952/1299/1299
f 1645/2001/2001 1644/2007/2007 2195/2010/2010
f 2196/2011/2011 130/1643/1643 1049/1669/1669
f 1646/2012/2012 1049/1669/1669 525/1679/1679
f 1649/2013/2013 1138/1991/1991 2196/2011/2011
f 273/2014/2014 2196/2011/2011 1646/2012/2012
f 857/933/933 1048/1678/1678 57/578/578
f 429/932/932 2197/2015/2015 857/933/933
f 2197/2015/2015 525/1679/1679 1048/1678/1678
f 1647/2016/2016 1646/2012/2012 2197/2015/2015
f 2198/2017/2017 28/202/202 957/1317/1317
f 1648/2018/2018 957/1317/1317 479/1316/1316
f 1647/2016/2016 856/930/930 2198/2017/2017
f 273/2014/2014 2198/2017/2017 1648/2018/2018
f 1139/1997/1997 956/1314/1314 102/1258/1258
f 570/1992/1992 2199/2019/2019 1139/1997/1997
f 2199/2019/2019 479/1316/1316 956/1314/1314
f 1649/2013/2013 1648/2018/2018 2199/2019/2019
f 2200/2020/2020 134/1691/1691 1051/1690/1690
f 1650/2021/2021 1051/1690/1690 526/1685/1685
f 1653/2022/2022 1145/2023/2023 2200/2020/2020
f 274/2024/2024 2200/2020/2020 1650/2021/2021
f 1142/2025/2025 1050/1683/1683 133/1682/1682
f 572/2026/2026 2201/2027/2027 1142/2025/2025
f 2201/2027/2027 526/1685/1685 1050/1683/1683
f 1651/2028/2028 1650/2021/2021 2201/2027/2027
f 2202/2029/2029 109/1355/1355 967/1354/1354
f 1652/2030/2030 967/1354/1354 484/1351/1351
f 1651/2028/2028 1143/2031/2031 2202/2029/2029
f 274/2024/2024 2202/2029/2029 1652/2030/2030
f 1144/2032/2032 966/1349/1349 108/1348/1348
f 573/2033/2033 2203/2034/2034 1144/2032/2032
f 2203/2034/2034 484/1351/1351 966/1349/1349
f 1653/2022/2022 1652/2030/2030 2203/2034/2034
f 2204/2035/2035 137/1707/1707 1063/1712/1712
f 1654/2036/2036 1063/1712/1712 532/1724/1724
f 1657/2037/2037 1147/2038/2038 2204/2035/2035
f 275/2039/2039 2204/2035/2035 1654/2036/2036
f 1137/1975/1975 1062/1723/1723 125/1602/1602
f 569/1985/1985 2205/2040/2040 1137/1975/1975
f 2205/2040/2040 532/1724/1724 1062/1723/1723
f 1655/2041/2041 1654/2036/2036 2205/2040/2040
f 2206/2042/2042 99/1234/1234 969/1341/1341
f 1656/2043/2043 969/1341/1341 485/1356/1356
f 1655/2041/2041 1136/1984/1984 2206/2042/2042
f 275/2039/2039 2206/2042/2042 1656/2043/2043
f 1146/2044/2044 968/1353/1353 109/1355/1355
f 574/2045/2045 2207/2046/2046 1146/2044/2044
f 2207/2046/2046 485/1356/1356 968/1353/1353
f 1657/2037/2037 1656/2043/2043 2207/2046/2046
f 2208/2047/2047 140/1736/1736 1065/1735/1735
f 1658/2048/2048 1065/1735/1735 533/1730/1730
f 1661/2049/2049 1151/2050/2050 2208/2047/2047
f 276/2051/2051 2208/2047/2047 1658/2048/2048
f 1148/2052/2052 1064/1728/1728 139/1727/1727
f 575/2053/2053 2209/2054/2054 1148/2052/2052
f 2209/2054/2054 533/1730/1730 1064/1728/1728
f 1659/2055/2055 1658/2048/2048 2209/2054/2054
f 2210/2056/2056 111/1390/1390 977/1389/1389
f 1660/2057/2057 977/1389/1389 489/1386/1386
f 1659/2055/2055 1149/2058/2058 2210/2056/2056
f 276/2051/2051 2210/2056/2056 1660/2057/2057
f 1150/2059/2059 976/1384/1384 110/1383/1383
f 576/2060/2060 2211/2061/2061 1150/2059/2059
f 2211/2061/2061 489/1386/1386 976/1384/1384
f 1661/2049/2049 1660/2057/2057 2211/2061/2061
f 2212/2062/2062 115/1532/1532 1073/1759/1759
f 1662/2063/2063 1073/1759/1759 537/1755/1755
f 1665/2064/2064 1124/1935/1935 2212/2062/2062
f 277/2065/2065 2212/2062/2062 1662/2063/2063
f 1152/2066/2066 1072/1753/1753 143/1752/1752
f 577/2067/2067 2213/2068/2068 1152/2066/2066
f 2213/2068/2068 537/1755/1755 1072/1753/1753
f 1663/2069/2069 1662/2063/2063 2213/2068/2068
f 2214/2070/2070 112/1402/1402 981/1406/1406
f 1664/2071/2071 981/1406/1406 491/1398/1398
f 1663/2069/2069 1153/2072/2072 2214/2070/2070
f 277/2065/2065 2214/2070/2070 1664/2071/2071
f 1125/1941/1941 980/1397/1397 85/1124/1124
f 563/1936/1936 2215/2073/2073 1125/1941/1941
f 2215/2073/2073 491/1398/1398 980/1397/1397
f 1665/2064/2064 1664/2071/2071 2215/2073/2073
f 2216/2074/2074 143/1752/1752 1083/1789/1789
f 1666/2075/2075 1083/1789/1789 542/1787/1787
f 1669/2076/2076 1152/2066/2066 2216/2074/2074
f 278/2077/2077 2216/2074/2074 1666/2075/2075
f 1154/2078/2078 1082/1785/1785 146/1784/1784
f 578/2079/2079 2217/2080/2080 1154/2078/2078
f 2217/2080/2080 542/1787/1787 1082/1785/1785
f 1667/2081/2081 1666/2075/2075 2217/2080/2080
f 2218/2082/2082 113/1439/1439 993/1443/1443
f 1668/2083/2083 993/1443/1443 497/1435/1435
f 1667/2081/2081 1155/2084/2084 2218/2082/2082
f 278/2077/2077 2218/2082/2082 1668/2083/2083
f 1153/2072/2072 992/1434/1434 112/1402/1402
f 577/2067/2067 2219/2085/2085 1153/2072/2072
f 2219/2085/2085 497/1435/1435 992/1434/1434
f 1669/2076/2076 1668/2083/2083 2219/2085/2085
f 2220/2086/2086 147/1801/1801 1085/1805/1805
f 1670/2087/2087 1085/1805/1805 543/1797/1797
f 1673/2088/2088 1157/2089/2089 2220/2086/2086
f 279/2090/2090 2220/2086/2086 1670/2087/2087
f 1145/2023/2023 1084/1796/1796 134/1691/1691
f 573/2033/2033 2221/2091/2091 1145/2023/2023
f 2221/2091/2091 543/1797/1797 1084/1796/1796
f 1671/2092/2092 1670/2087/2087 2221/2091/2091
f 2222/2093/2093 108/1348/1348 995/1444/1444
f 1672/2094/2094 995/1444/1444 498/1442/1442
f 1671/2092/2092 1144/2032/2032 2222/2093/2093
f 279/2090/2090 2222/2093/2093 1672/2094/2094
f 1156/2095/2095 994/1440/1440 113/1439/1439
f 579/2096/2096 2223/2097/2097 1156/2095/2095
f 2223/2097/2097 498/1442/1442 994/1440/1440
f 1673/2088/2088 1672/2094/2094 2223/2097/2097
f 2224/2098/2098 119/1557/1557 1091/1817/1817
f 1674/2099/2099 1091/1817/1817 546/1814/1814
f 1677/2100/2100 1128/1950/1950 2224/2098/2098
f 280/2101/2101 2224/2098/2098 1674/2099/2099
f 1141/2002/2002 1090/1812/1812 131/1654/1654
f 571/2009/2009 2225/2102/2102 1141/2002/2002
f 2225/2102/2102 546/1814/1814 1090/1812/1812
f 1675/2103/2103 1674/2099/2099 2225/2102/2102
f 2226/2104/2104 106/1301/1301 997/1458/1458
f 1676/2105/2105 997/1458/1458 499/1465/1465
f 1675/2103/2103 1140/2008/2008 2226/2104/2104
f 280/2101/2101 2226/2104/2104 1676/2105/2105
f 1129/1956/1956 996/1464/1464 89/1149/1149
f 565/1951/1951 2227/2106/2106 1129/1956/1956
f 2227/2106/2106 499/1465/1465 996/1464/1464
f 1677/2100/2100 1676/2105/2105 2227/2106/2106
f 2228/2107/2107 139/1727/1727 1095/1834/1834
f 1678/2108/2108 1095/1834/1834 548/1830/1830
f 1681/2109/2109 1148/2052/2052 2228/2107/2107
f 281/2110/2110 2228/2107/2107 1678/2108/2108
f 1158/2111/2111 1094/1828/1828 149/1827/1827
f 580/2112/2112 2229/2113/2113 1158/2111/2111
f 2229/2113/2113 548/1830/1830 1094/1828/1828
f 1679/2114/2114 1678/2108/2108 2229/2113/2113
f 2230/2115/2115 114/1498/1498 999/1497/1497
f 1680/2116/2116 999/1497/1497 500/1495/1495
f 1679/2114/2114 1159/2117/2117 2230/2115/2115
f 281/2110/2110 2230/2115/2115 1680/2116/2116
f 1149/2058/2058 998/1493/1493 111/1390/1390
f 575/2053/2053 2231/2118/2118 1149/2058/2058
f 2231/2118/2118 500/1495/1495 998/1493/1493
f 1681/2109/2109 1680/2116/2116 2231/2118/2118
f 2232/2119/2119 151/1854/1854 1101/1853/1853
f 1682/2120/2120 1101/1853/1853 551/1849/1849
f 1685/2121/2121 1161/2122/2122 2232/2119/2119
f 282/2123/2123 2232/2119/2119 1682/2120/2120
f 1131/1948/1948 1100/1847/1847 120/1566/1566
f 566/1958/1958 2233/2124/2124 1131/1948/1948
f 2233/2124/2124 551/1849/1849 1100/1847/1847
f 1683/2125/2125 1682/2120/2120 2233/2124/2124
f 2234/2126/2126 92/1170/1170 1001/1488/1488
f 1684/2127/2127 1001/1488/1488 501/1499/1499
f 1683/2125/2125 1130/1957/1957 2234/2126/2126
f 282/2123/2123 2234/2126/2126 1684/2127/2127
f 1160/2128/2128 1000/1496/1496 114/1498/1498
f 581/2129/2129 2235/2130/2130 1160/2128/2128
f 2235/2130/2130 501/1499/1499 1000/1496/1496
f 1685/2121/2121 1684/2127/2127 2235/2130/2130
f 2236/2131/2131 124/1591/1591 1107/1872/1872
f 1686/2132/2132 1107/1872/1872 554/1869/1869
f 1689/2133/2133 1132/1964/1964 2236/2131/2131
f 283/2134/2134 2236/2131/2131 1686/2132/2132
f 1151/2050/2050 1106/1867/1867 140/1736/1736
f 576/2060/2060 2237/2135/2135 1151/2050/2050
f 2237/2135/2135 554/1869/1869 1106/1867/1867
f 1687/2136/2136 1686/2132/2132 2237/2135/2135
f 2238/2137/2137 110/1383/1383 1003/1516/1516
f 1688/2138/2138 1003/1516/1516 502/1513/1513
f 1687/2136/2136 1150/2059/2059 2238/2137/2137
f 283/2134/2134 2238/2137/2137 1688/2138/2138
f 1133/1970/1970 1002/1511/1511 96/1210/1210
f 567/1965/1965 2239/2139/2139 1133/1970/1970
f 2239/2139/2139 502/1513/1513 1002/1511/1511
f 1689/2133/2133 1688/2138/2138 2239/2139/2139
f 2240/2140/2140 127/1616/1616 1029/1620/1620
f 1690/2141/2141 1029/1620/1620 515/1612/1612
f 1693/2142/2142 1167/2143/2143 2240/2140/2140
f 284/2144/2144 2240/2140/2140 1690/2141/2141
f 1162/2145/2145 1028/1609/1609 126/1611/1611
f 582/2146/2146 2241/2147/2147 1162/2145/2145
f 2241/2147/2147 515/1612/1612 1028/1609/1609
f 1691/2148/2148 1690/2141/2141 2241/2147/2147
f 2242/2149/2149 154/2150/2150 1164/2151/2151
f 1692/2152/2152 1164/2151/2151 583/2153/2153
f 1691/2148/2148 1163/2154/2154 2242/2149/2149
f 284/2144/2144 2242/2149/2149 1692/2152/2152
f 1166/2155/2155 1165/2156/2156 155/2157/2157
f 584/2158/2158 2243/2159/2159 1166/2155/2155
f 2243/2159/2159 583/2153/2153 1165/2156/2156
f 1693/2142/2142 1692/2152/2152 2243/2159/2159
f 2244/2160/2160 129/1636/1636 1035/1640/1640
f 1694/2161/2161 1035/1640/1640 518/1632/1632
f 1697/2162/2162 1171/2163/2163 2244/2160/2160
f 285/2164/2164 2244/2160/2160 1694/2161/2161
f 1167/2143/2143 1034/1631/1631 127/1616/1616
f 584/2158/2158 2245/2165/2165 1167/2143/2143
f 2245/2165/2165 518/1632/1632 1034/1631/1631
f 1695/2166/2166 1694/2161/2161 2245/2165/2165
f 2246/2167/2167 155/2157/2157 1168/2168/2168
f 1696/2169/2169 1168/2168/2168 585/2170/2170
f 1695/2166/2166 1166/2155/2155 2246/2167/2167
f 285/2164/2164 2246/2167/2167 1696/2169/2169
f 1170/2171/2171 1169/2172/2172 156/2173/2173
f 586/2174/2174 2247/2175/2175 1170/2171/2171
f 2247/2175/2175 585/2170/2170 1169/2172/2172
f 1697/2162/2162 1696/2169/2169 2247/2175/2175
f 2248/2176/2176 58/583/583 1047/1677/1677
f 1698/2177/2177 1047/1677/1677 524/1672/1672
f 1701/2178/2178 888/1092/1092 2248/2176/2176
f 286/2179/2179 2248/2176/2176 1698/2177/2177
f 1171/2163/2163 1046/1671/1671 129/1636/1636
f 586/2174/2174 2249/2180/2180 1171/2163/2163
f 2249/2180/2180 524/1672/1672 1046/1671/1671
f 1699/2181/2181 1698/2177/2177 2249/2180/2180
f 2250/2182/2182 156/2173/2173 1172/2183/2183
f 1700/2184/2184 1172/2183/2183 587/2185/2185
f 1699/2181/2181 1170/2171/2171 2250/2182/2182
f 286/2179/2179 2250/2182/2182 1700/2184/2184
f 889/1098/1098 1173/2186/2186 83/1099/1099
f 445/1094/1094 2251/2187/2187 889/1098/1098
f 2251/2187/2187 587/2185/2185 1173/2186/2186
f 1701/2178/2178 1700/2184/2184 2251/2187/2187
f 2252/2188/2188 126/1611/1611 1061/1722/1722
f 1702/2189/2189 1061/1722/1722 531/1717/1717
f 1705/2190/2190 1162/2145/2145 2252/2188/2188
f 287/2191/2191 2252/2188/2188 1702/2189/2189
f 1174/2192/2192 1060/1714/1714 138/1716/1716
f 588/2193/2193 2253/2194/2194 1174/2192/2192
f 2253/2194/2194 531/1717/1717 1060/1714/1714
f 1703/2195/2195 1702/2189/2189 2253/2194/2194
f 2254/2196/2196 157/2197/2197 1176/2198/2198
f 1704/2199/2199 1176/2198/2198 589/2200/2200
f 1703/2195/2195 1175/2201/2201 2254/2196/2196
f 287/2191/2191 2254/2196/2196 1704/2199/2199
f 1163/2154/2154 1177/2202/2202 154/2150/2150
f 582/2146/2146 2255/2203/2203 1163/2154/2154
f 2255/2203/2203 589/2200/2200 1177/2202/2202
f 1705/2190/2190 1704/2199/2199 2255/2203/2203
f 2256/2204/2204 59/591/591 861/948/948
f 1706/2205/2205 861/948/948 431/947/947
f 1708/2206/2206 826/806/806 2256/2204/2204
f 288/2207/2207 2256/2204/2204 1706/2205/2205
f 863/956/956 860/945/945 30/239/239
f 432/953/953 2257/2208/2208 863/956/956
f 2257/2208/2208 431/947/947 860/945/945
f 1707/2209/2209 1706/2205/2205 2257/2208/2208
f 2258/2210/2210 63/616/616 827/795/795
f 1708/2206/2206 827/795/795 414/807/807
f 1707/2209/2209 862/951/951 2258/2210/2210
f 288/2207/2207 2258/2210/2210 1708/2206/2206
f 2259/2211/2211 71/690/690 871/999/999
f 1709/2212/2212 871/999/999 436/998/998
f 1711/2213/2213 828/810/810 2259/2211/2211
f 289/2214/2214 2259/2211/2211 1709/2212/2212
f 873/1007/1007 870/996/996 35/332/332
f 437/1004/1004 2260/2215/2215 873/1007/1007
f 2260/2215/2215 436/998/998 870/996/996
f 1710/2216/2216 1709/2212/2212 2260/2215/2215
f 2261/2217/2217 74/713/713 829/815/815
f 1711/2213/2213 829/815/815 415/812/812
f 1710/2216/2216 872/1002/1002 2261/2217/2217
f 289/2214/2214 2261/2217/2217 1711/2213/2213
f 2262/2218/2218 75/736/736 875/1032/1032
f 1712/2219/2219 875/1032/1032 438/1031/1031
f 1714/2220/2220 832/825/825 2262/2218/2218
f 290/2221/2221 2262/2218/2218 1712/2219/2219
f 877/1040/1040 874/1029/1029 36/389/389
f 439/1037/1037 2263/2222/2222 877/1040/1040
f 2263/2222/2222 438/1031/1031 874/1029/1029
f 1713/2223/2223 1712/2219/2219 2263/2222/2222
f 2264/2224/2224 78/772/772 833/830/830
f 1714/2220/2220 833/830/830 417/827/827
f 1713/2223/2223 876/1035/1035 2264/2224/2224
f 290/2221/2221 2264/2224/2224 1714/2220/2220
f 2265/2225/2225 79/799/799 823/798/798
f 1715/2226/2226 823/798/798 412/793/793
f 1717/2227/2227 1179/2228/2228 2265/2225/2225
f 291/2229/2229 2265/2225/2225 1715/2226/2226
f 775/621/621 822/791/791 63/616/616
f 388/633/633 2266/2230/2230 775/621/621
f 2266/2230/2230 412/793/793 822/791/791
f 1716/2231/2231 1715/2226/2226 2266/2230/2230
f 2267/2232/2232 64/632/632 1178/2233/2233
f 1717/2227/2227 1178/2233/2233 590/2234/2234
f 1716/2231/2231 774/630/630 2267/2232/2232
f 291/2229/2229 2267/2232/2232 1717/2227/2227
f 2268/2235/2235 64/632/632 895/1121/1121
f 1718/2236/2236 895/1121/1121 448/1119/1119
f 1720/2237/2237 1178/2233/2233 2268/2235/2235
f 292/2238/2238 2268/2235/2235 1718/2236/2236
f 1180/2239/2239 894/1117/1117 84/1116/1116
f 591/2240/2240 2269/2241/2241 1180/2239/2239
f 2269/2241/2241 448/1119/1119 894/1117/1117
f 1719/2242/2242 1718/2236/2236 2269/2241/2241
f 2270/2243/2243 79/799/799 1179/2228/2228
f 1720/2237/2237 1179/2228/2228 590/2234/2234
f 1719/2242/2242 1181/2244/2244 2270/2243/2243
f 292/2238/2238 2270/2243/2243 1720/2237/2237
f 2271/2245/2245 133/1682/1682 1182/2246/2246
f 1721/2247/2247 1182/2246/2246 592/2248/2248
f 1723/2249/2249 1142/2025/2025 2271/2245/2245
f 293/2250/2250 2271/2245/2245 1721/2247/2247
f 1147/2038/2038 1183/2251/2251 137/1707/1707
f 574/2045/2045 2272/2252/2252 1147/2038/2038
f 2272/2252/2252 592/2248/2248 1183/2251/2251
f 1722/2253/2253 1721/2247/2247 2272/2252/2252
f 2273/2254/2254 109/1355/1355 1143/2031/2031
f 1723/2249/2249 1143/2031/2031 572/2026/2026
f 1722/2253/2253 1146/2044/2044 2273/2254/2254
f 293/2250/2250 2273/2254/2254 1723/2249/2249
f 2274/2255/2255 146/1784/1784 1119/1903/1903
f 1724/2256/2256 1119/1903/1903 560/1913/1913
f 1726/2257/2257 1154/2078/2078 2274/2255/2255
f 294/2258/2258 2274/2255/2255 1724/2256/2256
f 1157/2089/2089 1118/1912/1912 147/1801/1801
f 579/2096/2096 2275/2259/2259 1157/2089/2089
f 2275/2259/2259 560/1913/1913 1118/1912/1912
f 1725/2260/2260 1724/2256/2256 2275/2259/2259
f 2276/2261/2261 113/1439/1439 1155/2084/2084
f 1726/2257/2257 1155/2084/2084 578/2079/2079
f 1725/2260/2260 1156/2095/2095 2276/2261/2261
f 294/2258/2258 2276/2261/2261 1726/2257/2257
f 2277/2262/2262 149/1827/1827 1123/1918/1918
f 1727/2263/2263 1123/1918/1918 562/1928/1928
f 1729/2264/2264 1158/2111/2111 2277/2262/2262
f 295/2265/2265 2277/2262/2262 1727/2263/2263
f 1161/2122/2122 1122/1927/1927 151/1854/1854
f 581/2129/2129 2278/2266/2266 1161/2122/2122
f 2278/2266/2266 562/1928/1928 1122/1927/1927
f 1728/2267/2267 1727/2263/2263 2278/2266/2266
f 2279/2268/2268 114/1498/1498 1159/2117/2117
f 1729/2264/2264 1159/2117/2117 580/2112/2112
f 1728/2267/2267 1160/2128/2128 2279/2268/2268
f 295/2265/2265 2279/2268/2268 1729/2264/2264
f 2280/2269/2269 137/1707/1707 1183/2251/2251
f 1730/2270/2270 1183/2251/2251 592/2248/2248
f 1732/2271/2271 1110/1882/1882 2280/2269/2269
f 296/2272/2272 2280/2269/2269 1730/2270/2270
f 1057/1687/1687 1182/2246/2246 133/1682/1682
f 529/1704/1704 2281/2273/2273 1057/1687/1687
f 2281/2273/2273 592/2248/2248 1182/2246/2246
f 1731/2274/2274 1730/2270/2270 2281/2273/2273
f 2282/2275/2275 136/1703/1703 1111/1888/1888
f 1732/2271/2271 1111/1888/1888 556/1884/1884
f 1731/2274/2274 1056/1701/1701 2282/2275/2275
f 296/2272/2272 2282/2275/2275 1732/2271/2271
f 2283/2276/2276 138/1716/1716 1115/1898/1898
f 1733/2277/2277 1115/1898/1898 558/1896/1896
f 1735/2278/2278 1174/2192/2192 2283/2276/2276
f 297/2279/2279 2283/2276/2276 1733/2277/2277
f 1184/2280/2280 1114/1894/1894 153/1893/1893
f 593/2281/2281 2284/2282/2282 1184/2280/2280
f 2284/2282/2282 558/1896/1896 1114/1894/1894
f 1734/2283/2283 1733/2277/2277 2284/2282/2282
f 2285/2284/2284 157/2197/2197 1175/2201/2201
f 1735/2278/2278 1175/2201/2201 588/2193/2193
f 1734/2283/2283 1185/2285/2285 2285/2284/2284
f 297/2279/2279 2285/2284/2284 1735/2278/2278
f 1736/1/1 601/7/7 1/2/2
f 1186/4/4 1736/1/1 594/3/3
f 1189/6/6 301/24/24 601/7/7
f 158/8/8 1189/6/6 1736/1/1
f 596/9/9 1737/13/13 595/10/10
f 299/12/12 1187/14/14 1737/13/13
f 1737/13/13 1186/4/4 298/5/5
f 1187/14/14 158/8/8 1186/4/4
f 1738/15/15 597/20/20 3/16/16
f 1188/18/18 1738/15/15 598/17/17
f 1187/14/14 299/12/12 597/20/20
f 158/8/8 1187/14/14 1738/15/15
f 600/21/21 1739/25/25 599/22/22
f 301/24/24 1189/6/6 1739/25/25
f 1739/25/25 1188/18/18 300/19/19
f 1189/6/6 158/8/8 1188/18/18
f 1740/26/26 609/32/32 5/27/27
f 1190/29/29 1740/26/26 602/28/28
f 1193/31/31 305/49/49 609/32/32
f 159/33/33 1193/31/31 1740/26/26
f 604/34/34 1741/38/38 603/35/35
f 303/37/37 1191/39/39 1741/38/38
f 1741/38/38 1190/29/29 302/30/30
f 1191/39/39 159/33/33 1190/29/29
f 1742/40/40 605/45/45 7/41/41
f 1192/43/43 1742/40/40 606/42/42
f 1191/39/39 303/37/37 605/45/45
f 159/33/33 1191/39/39 1742/40/40
f 608/46/46 1743/50/50 607/47/47
f 305/49/49 1193/31/31 1743/50/50
f 1743/50/50 1192/43/43 304/44/44
f 1193/31/31 159/33/33 1192/43/43
f 1744/51/51 617/57/57 9/52/52
f 1194/54/54 1744/51/51 610/53/53
f 1197/56/56 309/74/74 617/57/57
f 160/58/58 1197/56/56 1744/51/51
f 612/59/59 1745/63/63 611/60/60
f 307/62/62 1195/64/64 1745/63/63
f 1745/63/63 1194/54/54 306/55/55
f 1195/64/64 160/58/58 1194/54/54
f 1746/65/65 613/70/70 11/66/66
f 1196/68/68 1746/65/65 614/67/67
f 1195/64/64 307/62/62 613/70/70
f 160/58/58 1195/64/64 1746/65/65
f 616/71/71 1747/75/75 615/72/72
f 309/74/74 1197/56/56 1747/75/75
f 1747/75/75 1196/68/68 308/69/69
f 1197/56/56 160/58/58 1196/68/68
f 1748/76/76 625/82/82 13/77/77
f 1198/79/79 1748/76/76 618/78/78
f 1201/81/81 313/99/99 625/82/82
f 161/83/83 1201/81/81 1748/76/76
f 620/84/84 1749/88/88 619/85/85
f 311/87/87 1199/89/89 1749/88/88
f 1749/88/88 1198/79/79 310/80/80
f 1199/89/89 161/83/83 1198/79/79
f 1750/90/90 621/95/95 15/91/91
f 1200/93/93 1750/90/90 622/92/92
f 1199/89/89 311/87/87 621/95/95
f 161/83/83 1199/89/89 1750/90/90
f 624/96/96 1751/100/100 623/97/97
f 313/99/99 1201/81/81 1751/100/100
f 1751/100/100 1200/93/93 312/94/94
f 1201/81/81 161/83/83 1200/93/93
f 1752/101/101 633/107/107 17/102/102
f 1202/104/104 1752/101/101 626/103/103
f 1205/106/106 317/123/123 633/107/107
f 162/108/108 1205/106/106 1752/101/101
f 628/109/109 1753/113/113 627/110/110
f 315/112/112 1203/114/114 1753/113/113
f 1753/113/113 1202/104/104 314/105/105
f 1203/114/114 162/108/108 1202/104/104
f 1754/115/115 629/120/120 19/116/116
f 1204/118/118 1754/115/115 630/117/117
f 1203/114/114 315/112/112 629/120/120
f 162/108/108 1203/114/114 1754/115/115
f 632/121/121 1755/124/124 631/122/122
f 317/123/123 1205/106/106 1755/124/124
f 1755/124/124 1204/118/118 316/119/119
f 1205/106/106 162/108/108 1204/118/118
f 1756/125/125 641/131/131 20/126/126
f 1206/128/128 1756/125/125 634/127/127
f 1209/130/130 321/147/147 641/131/131
f 163/132/132 1209/130/130 1756/125/125
f 636/133/133 1757/137/137 635/134/134
f 319/136/136 1207/138/138 1757/137/137
f 1757/137/137 1206/128/128 318/129/129
f 1207/138/138 163/132/132 1206/128/128
f 1758/139/139 637/143/143 17/102/102
f 1208/141/141 1758/139/139 638/140/140
f 1207/138/138 319/136/136 637/143/143
f 163/132/132 1207/138/138 1758/139/139
f 640/144/144 1759/148/148 639/145/145
f 321/147/147 1209/130/130 1759/148/148
f 1759/148/148 1208/141/141 320/142/142
f 1209/130/130 163/132/132 1208/141/141
f 1760/149/149 649/154/154 13/77/77
f 1210/151/151 1760/149/149 642/150/150
f 1213/153/153 325/170/170 649/154/154
f 164/155/155 1213/153/153 1760/149/149
f 644/156/156 1761/159/159 643/157/157
f 323/158/158 1211/160/160 1761/159/159
f 1761/159/159 1210/151/151 322/152/152
f 1211/160/160 164/155/155 1210/151/151
f 1762/161/161 645/166/166 23/162/162
f 1212/164/164 1762/161/161 646/163/163
f 1211/160/160 323/158/158 645/166/166
f 164/155/155 1211/160/160 1762/161/161
f 648/167/167 1763/171/171 647/168/168
f 325/170/170 1213/153/153 1763/171/171
f 1763/171/171 1212/164/164 324/165/165
f 1213/153/153 164/155/155 1212/164/164
f 1764/172/172 596/9/9 2/11/11
f 1214/174/174 1764/172/172 650/173/173
f 1217/176/176 299/12/12 596/9/9
f 165/177/177 1217/176/176 1764/172/172
f 652/178/178 1765/182/182 651/179/179
f 327/181/181 1215/183/183 1765/182/182
f 1765/182/182 1214/174/174 326/175/175
f 1215/183/183 165/177/177 1214/174/174
f 1766/184/184 653/189/189 26/185/185
f 1216/187/187 1766/184/184 654/186/186
f 1215/183/183 327/181/181 653/189/189
f 165/177/177 1215/183/183 1766/184/184
f 597/20/20 1767/191/191 655/190/190
f 299/12/12 1217/176/176 1767/191/191
f 1767/191/191 1216/187/187 328/188/188
f 1217/176/176 165/177/177 1216/187/187
f 1768/192/192 661/198/198 27/193/193
f 1218/195/195 1768/192/192 656/194/194
f 1221/197/197 331/210/210 661/198/198
f 166/199/199 1221/197/197 1768/192/192
f 658/200/200 1769/204/204 657/201/201
f 330/203/203 1219/205/205 1769/204/204
f 1769/204/204 1218/195/195 329/196/196
f 1219/205/205 166/199/199 1218/195/195
f 1770/206/206 659/208/208 21/135/135
f 1220/207/207 1770/206/206 635/134/134
f 1219/205/205 330/203/203 659/208/208
f 166/199/199 1219/205/205 1770/206/206
f 660/209/209 1771/211/211 634/127/127
f 331/210/210 1221/197/197 1771/211/211
f 1771/211/211 1220/207/207 318/129/129
f 1221/197/197 166/199/199 1220/207/207
f 1772/212/212 667/217/217 9/52/52
f 1222/214/214 1772/212/212 662/213/213
f 1225/216/216 334/229/229 667/217/217
f 167/218/218 1225/216/216 1772/212/212
f 641/131/131 1773/220/220 663/219/219
f 321/147/147 1223/221/221 1773/220/220
f 1773/220/220 1222/214/214 332/215/215
f 1223/221/221 167/218/218 1222/214/214
f 1774/222/222 640/144/144 22/146/146
f 1224/224/224 1774/222/222 664/223/223
f 1223/221/221 321/147/147 640/144/144
f 167/218/218 1223/221/221 1774/222/222
f 666/226/226 1775/230/230 665/227/227
f 334/229/229 1225/216/216 1775/230/230
f 1775/230/230 1224/224/224 333/225/225
f 1225/216/216 167/218/218 1224/224/224
f 1776/231/231 628/109/109 18/111/111
f 1226/233/233 1776/231/231 668/232/232
f 1229/235/235 315/112/112 628/109/109
f 168/236/236 1229/235/235 1776/231/231
f 670/237/237 1777/241/241 669/238/238
f 336/240/240 1227/242/242 1777/241/241
f 1777/241/241 1226/233/233 335/234/234
f 1227/242/242 168/236/236 1226/233/233
f 1778/243/243 671/248/248 31/244/244
f 1228/246/246 1778/243/243 672/245/245
f 1227/242/242 336/240/240 671/248/248
f 168/236/236 1227/242/242 1778/243/243
f 629/120/120 1779/250/250 673/249/249
f 315/112/112 1229/235/235 1779/250/250
f 1779/250/250 1228/246/246 337/247/247
f 1229/235/235 168/236/236 1228/246/246
f 1780/251/251 632/121/121 4/23/23
f 1230/252/252 1780/251/251 599/22/22
f 1233/253/253 317/123/123 632/121/121
f 169/254/254 1233/253/253 1780/251/251
f 674/255/255 1781/257/257 598/17/17
f 338/256/256 1231/258/258 1781/257/257
f 1781/257/257 1230/252/252 300/19/19
f 1231/258/258 169/254/254 1230/252/252
f 1782/259/259 675/261/261 22/146/146
f 1232/260/260 1782/259/259 639/145/145
f 1231/258/258 338/256/256 675/261/261
f 169/254/254 1231/258/258 1782/259/259
f 633/107/107 1783/262/262 638/140/140
f 317/123/123 1233/253/253 1783/262/262
f 1783/262/262 1232/260/260 320/142/142
f 1233/253/253 169/254/254 1232/260/260
f 1784/263/263 683/268/268 7/41/41
f 1234/265/265 1784/263/263 676/264/264
f 1237/267/267 342/284/284 683/268/268
f 170/269/269 1237/267/267 1784/263/263
f 678/270/270 1785/274/274 677/271/271
f 340/273/273 1235/275/275 1785/274/274
f 1785/274/274 1234/265/265 339/266/266
f 1235/275/275 170/269/269 1234/265/265
f 1786/276/276 679/281/281 33/277/277
f 1236/279/279 1786/276/276 680/278/278
f 1235/275/275 340/273/273 679/281/281
f 170/269/269 1235/275/275 1786/276/276
f 682/282/282 1787/285/285 681/283/283
f 342/284/284 1237/267/267 1787/285/285
f 1787/285/285 1236/279/279 341/280/280
f 1237/267/267 170/269/269 1236/279/279
f 1788/286/286 600/21/21 4/23/23
f 1238/287/287 1788/286/286 631/122/122
f 1241/288/288 301/24/24 600/21/21
f 171/289/289 1241/288/288 1788/286/286
f 684/290/290 1789/292/292 630/117/117
f 343/291/291 1239/293/293 1789/292/292
f 1789/292/292 1238/287/287 316/119/119
f 1239/293/293 171/289/289 1238/287/287
f 1790/294/294 685/299/299 34/295/295
f 1240/297/297 1790/294/294 686/296/296
f 1239/293/293 343/291/291 685/299/299
f 171/289/289 1239/293/293 1790/294/294
f 601/7/7 1791/301/301 687/300/300
f 301/24/24 1241/288/288 1791/301/301
f 1791/301/301 1240/297/297 344/298/298
f 1241/288/288 171/289/289 1240/297/297
f 1792/302/302 695/307/307 26/185/185
f 1242/304/304 1792/302/302 688/303/303
f 1245/306/306 348/321/321 695/307/307
f 172/308/308 1245/306/306 1792/302/302
f 690/309/309 1793/312/312 689/310/310
f 346/311/311 1243/313/313 1793/312/312
f 1793/312/312 1242/304/304 345/305/305
f 1243/313/313 172/308/308 1242/304/304
f 1794/314/314 691/318/318 23/162/162
f 1244/316/316 1794/314/314 692/315/315
f 1243/313/313 346/311/311 691/318/318
f 172/308/308 1243/313/313 1794/314/314
f 694/319/319 1795/322/322 693/320/320
f 348/321/321 1245/306/306 1795/322/322
f 1795/322/322 1244/316/316 347/317/317
f 1245/306/306 172/308/308 1244/316/316
f 1796/323/323 684/290/290 19/116/116
f 1246/324/324 1796/323/323 673/249/249
f 1249/325/325 343/291/291 684/290/290
f 173/326/326 1249/325/325 1796/323/323
f 696/327/327 1797/329/329 672/245/245
f 349/328/328 1247/330/330 1797/329/329
f 1797/329/329 1246/324/324 337/247/247
f 1247/330/330 173/326/326 1246/324/324
f 1798/331/331 697/336/336 35/332/332
f 1248/334/334 1798/331/331 698/333/333
f 1247/330/330 349/328/328 697/336/336
f 173/326/326 1247/330/330 1798/331/331
f 685/299/299 1799/338/338 699/337/337
f 343/291/291 1249/325/325 1799/338/338
f 1799/338/338 1248/334/334 350/335/335
f 1249/325/325 173/326/326 1248/334/334
f 1800/339/339 616/71/71 12/73/73
f 1250/341/341 1800/339/339 700/340/340
f 1253/343/343 309/74/74 616/71/71
f 174/344/344 1253/343/343 1800/339/339
f 661/198/198 1801/346/346 701/345/345
f 331/210/210 1251/347/347 1801/346/346
f 1801/346/346 1250/341/341 351/342/342
f 1251/347/347 174/344/344 1250/341/341
f 1802/348/348 660/209/209 20/126/126
f 1252/349/349 1802/348/348 663/219/219
f 1251/347/347 331/210/210 660/209/209
f 174/344/344 1251/347/347 1802/348/348
f 617/57/57 1803/350/350 662/213/213
f 309/74/74 1253/343/343 1803/350/350
f 1803/350/350 1252/349/349 332/215/215
f 1253/343/343 174/344/344 1252/349/349
f 1804/351/351 652/178/178 25/180/180
f 1254/353/353 1804/351/351 702/352/352
f 1257/355/355 327/181/181 652/178/178
f 175/356/356 1257/355/355 1804/351/351
f 609/32/32 1805/358/358 703/357/357
f 305/49/49 1255/359/359 1805/358/358
f 1805/358/358 1254/353/353 352/354/354
f 1255/359/359 175/356/356 1254/353/353
f 1806/360/360 608/46/46 8/48/48
f 1256/361/361 1806/360/360 689/310/310
f 1255/359/359 305/49/49 608/46/46
f 175/356/356 1255/359/359 1806/360/360
f 653/189/189 1807/362/362 688/303/303
f 327/181/181 1257/355/355 1807/362/362
f 1807/362/362 1256/361/361 345/305/305
f 1257/355/355 175/356/356 1256/361/361
f 1808/363/363 644/156/156 10/61/61
f 1258/364/364 1808/363/363 611/60/60
f 1261/365/365 323/158/158 644/156/156
f 176/366/366 1261/365/365 1808/363/363
f 667/217/217 1809/367/367 610/53/53
f 334/229/229 1259/368/368 1809/367/367
f 1809/367/367 1258/364/364 306/55/55
f 1259/368/368 176/366/366 1258/364/364
f 1810/369/369 666/226/226 29/228/228
f 1260/370/370 1810/369/369 693/320/320
f 1259/368/368 334/229/229 666/226/226
f 176/366/366 1259/368/368 1810/369/369
f 645/166/166 1811/371/371 692/315/315
f 323/158/158 1261/365/365 1811/371/371
f 1811/371/371 1260/370/370 347/317/317
f 1261/365/365 176/366/366 1260/370/370
f 1812/372/372 674/255/255 3/16/16
f 1262/373/373 1812/372/372 655/190/190
f 1265/374/374 338/256/256 674/255/255
f 177/375/375 1265/374/374 1812/372/372
f 695/307/307 1813/376/376 654/186/186
f 348/321/321 1263/377/377 1813/376/376
f 1813/376/376 1262/373/373 328/188/188
f 1263/377/377 177/375/375 1262/373/373
f 1814/378/378 694/319/319 29/228/228
f 1264/379/379 1814/378/378 665/227/227
f 1263/377/377 348/321/321 694/319/319
f 177/375/375 1263/377/377 1814/378/378
f 675/261/261 1815/380/380 664/223/223
f 338/256/256 1265/374/374 1815/380/380
f 1815/380/380 1264/379/379 333/225/225
f 1265/374/374 177/375/375 1264/379/379
f 1816/381/381 604/34/34 6/36/36
f 1266/383/383 1816/381/381 704/382/382
f 1269/385/385 303/37/37 604/34/34
f 178/386/386 1269/385/385 1816/381/381
f 706/387/387 1817/391/391 705/388/388
f 354/390/390 1267/392/392 1817/391/391
f 1817/391/391 1266/383/383 353/384/384
f 1267/392/392 178/386/386 1266/383/383
f 1818/393/393 707/395/395 32/272/272
f 1268/394/394 1818/393/393 677/271/271
f 1267/392/392 354/390/390 707/395/395
f 178/386/386 1267/392/392 1818/393/393
f 605/45/45 1819/396/396 676/264/264
f 303/37/37 1269/385/385 1819/396/396
f 1819/396/396 1268/394/394 339/266/266
f 1269/385/385 178/386/386 1268/394/394
f 1820/397/397 624/96/96 16/98/98
f 1270/399/399 1820/397/397 708/398/398
f 1273/401/401 313/99/99 624/96/96
f 179/402/402 1273/401/401 1820/397/397
f 613/70/70 1821/404/404 709/403/403
f 307/62/62 1271/405/405 1821/404/404
f 1821/404/404 1270/399/399 355/400/400
f 1271/405/405 179/402/402 1270/399/399
f 1822/406/406 612/59/59 10/61/61
f 1272/407/407 1822/406/406 643/157/157
f 1271/405/405 307/62/62 612/59/59
f 179/402/402 1271/405/405 1822/406/406
f 625/82/82 1823/408/408 642/150/150
f 313/99/99 1273/401/401 1823/408/408
f 1823/408/408 1272/407/407 322/152/152
f 1273/401/401 179/402/402 1272/407/407
f 1824/409/409 711/412/412 14/86/86
f 1274/410/410 1824/409/409 619/85/85
f 1277/411/411 356/419/419 711/412/412
f 180/413/413 1277/411/411 1824/409/409
f 649/154/154 1825/414/414 618/78/78
f 325/170/170 1275/415/415 1825/414/414
f 1825/414/414 1274/410/410 310/80/80
f 1275/415/415 180/413/413 1274/410/410
f 1826/416/416 648/167/167 24/169/169
f 1276/417/417 1826/416/416 681/283/283
f 1275/415/415 325/170/170 648/167/167
f 180/413/413 1275/415/415 1826/416/416
f 710/418/418 1827/420/420 680/278/278
f 356/419/419 1277/411/411 1827/420/420
f 1827/420/420 1276/417/417 341/280/280
f 1277/411/411 180/413/413 1276/417/417
f 1828/421/421 690/309/309 8/48/48
f 1278/422/422 1828/421/421 607/47/47
f 1281/423/423 346/311/311 690/309/309
f 181/424/424 1281/423/423 1828/421/421
f 683/268/268 1829/425/425 606/42/42
f 342/284/284 1279/426/426 1829/425/425
f 1829/425/425 1278/422/422 304/44/44
f 1279/426/426 181/424/424 1278/422/422
f 1830/427/427 682/282/282 24/169/169
f 1280/428/428 1830/427/427 647/168/168
f 1279/426/426 342/284/284 682/282/282
f 181/424/424 1279/426/426 1830/427/427
f 691/318/318 1831/429/429 646/163/163
f 346/311/311 1281/423/423 1831/429/429
f 1831/429/429 1280/428/428 324/165/165
f 1281/423/423 181/424/424 1280/428/428
f 1832/430/430 719/436/436 37/431/431
f 1282/433/433 1832/430/430 712/432/432
f 1285/435/435 360/453/453 719/436/436
f 182/437/437 1285/435/435 1832/430/430
f 714/438/438 1833/442/442 713/439/439
f 358/441/441 1283/443/443 1833/442/442
f 1833/442/442 1282/433/433 357/434/434
f 1283/443/443 182/437/437 1282/433/433
f 1834/444/444 715/449/449 39/445/445
f 1284/447/447 1834/444/444 716/446/446
f 1283/443/443 358/441/441 715/449/449
f 182/437/437 1283/443/443 1834/444/444
f 718/450/450 1835/454/454 717/451/451
f 360/453/453 1285/435/435 1835/454/454
f 1835/454/454 1284/447/447 359/448/448
f 1285/435/435 182/437/437 1284/447/447
f 1836/455/455 727/461/461 41/456/456
f 1286/458/458 1836/455/455 720/457/457
f 1289/460/460 364/478/478 727/461/461
f 183/462/462 1289/460/460 1836/455/455
f 722/463/463 1837/467/467 721/464/464
f 362/466/466 1287/468/468 1837/467/467
f 1837/467/467 1286/458/458 361/459/459
f 1287/468/468 183/462/462 1286/458/458
f 1838/469/469 723/474/474 43/470/470
f 1288/472/472 1838/469/469 724/471/471
f 1287/468/468 362/466/466 723/474/474
f 183/462/462 1287/468/468 1838/469/469
f 726/475/475 1839/479/479 725/476/476
f 364/478/478 1289/460/460 1839/479/479
f 1839/479/479 1288/472/472 363/473/473
f 1289/460/460 183/462/462 1288/472/472
f 1840/480/480 735/486/486 45/481/481
f 1290/483/483 1840/480/480 728/482/482
f 1293/485/485 368/503/503 735/486/486
f 184/487/487 1293/485/485 1840/480/480
f 730/488/488 1841/492/492 729/489/489
f 366/491/491 1291/493/493 1841/492/492
f 1841/492/492 1290/483/483 365/484/484
f 1291/493/493 184/487/487 1290/483/483
f 1842/494/494 731/499/499 47/495/495
f 1292/497/497 1842/494/494 732/496/496
f 1291/493/493 366/491/491 731/499/499
f 184/487/487 1291/493/493 1842/494/494
f 734/500/500 1843/504/504 733/501/501
f 368/503/503 1293/485/485 1843/504/504
f 1843/504/504 1292/497/497 367/498/498
f 1293/485/485 184/487/487 1292/497/497
f 1844/505/505 743/511/511 49/506/506
f 1294/508/508 1844/505/505 736/507/507
f 1297/510/510 372/528/528 743/511/511
f 185/512/512 1297/510/510 1844/505/505
f 738/513/513 1845/517/517 737/514/514
f 370/516/516 1295/518/518 1845/517/517
f 1845/517/517 1294/508/508 369/509/509
f 1295/518/518 185/512/512 1294/508/508
f 1846/519/519 739/524/524 51/520/520
f 1296/522/522 1846/519/519 740/521/521
f 1295/518/518 370/516/516 739/524/524
f 185/512/512 1295/518/518 1846/519/519
f 742/525/525 1847/529/529 741/526/526
f 372/528/528 1297/510/510 1847/529/529
f 1847/529/529 1296/522/522 371/523/523
f 1297/510/510 185/512/512 1296/522/522
f 1848/530/530 738/513/513 50/515/515
f 1298/532/532 1848/530/530 744/531/531
f 1301/534/534 370/516/516 738/513/513
f 186/535/535 1301/534/534 1848/530/530
f 746/536/536 1849/540/540 745/537/537
f 374/539/539 1299/541/541 1849/540/540
f 1849/540/540 1298/532/532 373/533/533
f 1299/541/541 186/535/535 1298/532/532
f 1850/542/542 747/547/547 54/543/543
f 1300/545/545 1850/542/542 748/544/544
f 1299/541/541 374/539/539 747/547/547
f 186/535/535 1299/541/541 1850/542/542
f 739/524/524 1851/549/549 749/548/548
f 370/516/516 1301/534/534 1851/549/549
f 1851/549/549 1300/545/545 375/546/546
f 1301/534/534 186/535/535 1300/545/545
f 1852/550/550 755/553/553 40/452/452
f 1302/551/551 1852/550/550 717/451/451
f 1305/552/552 378/568/568 755/553/553
f 187/554/554 1305/552/552 1852/550/550
f 750/555/555 1853/557/557 716/446/446
f 376/556/556 1303/558/558 1853/557/557
f 1853/557/557 1302/551/551 359/448/448
f 1303/558/558 187/554/554 1302/551/551
f 1854/559/559 751/564/564 55/560/560
f 1304/562/562 1854/559/559 752/561/561
f 1303/558/558 376/556/556 751/564/564
f 187/554/554 1303/558/558 1854/559/559
f 754/565/565 1855/569/569 753/566/566
f 378/568/568 1305/552/552 1855/569/569
f 1855/569/569 1304/562/562 377/563/563
f 1305/552/552 187/554/554 1304/562/562
f 1856/570/570 746/536/536 53/538/538
f 1306/572/572 1856/570/570 756/571/571
f 1309/574/574 374/539/539 746/536/536
f 188/575/575 1309/574/574 1856/570/570
f 758/576/576 1857/580/580 757/577/577
f 380/579/579 1307/581/581 1857/580/580
f 1857/580/580 1306/572/572 379/573/573
f 1307/581/581 188/575/575 1306/572/572
f 1858/582/582 759/587/587 58/583/583
f 1308/585/585 1858/582/582 760/584/584
f 1307/581/581 380/579/579 759/587/587
f 188/575/575 1307/581/581 1858/582/582
f 747/547/547 1859/589/589 761/588/588
f 374/539/539 1309/574/574 1859/589/589
f 1859/589/589 1308/585/585 381/586/586
f 1309/574/574 188/575/575 1308/585/585
f 1860/590/590 769/596/596 59/591/591
f 1310/593/593 1860/590/590 762/592/592
f 1313/595/595 385/613/613 769/596/596
f 189/597/597 1313/595/595 1860/590/590
f 764/598/598 1861/602/602 763/599/599
f 383/601/601 1311/603/603 1861/602/602
f 1861/602/602 1310/593/593 382/594/594
f 1311/603/603 189/597/597 1310/593/593
f 1862/604/604 765/609/609 61/605/605
f 1312/607/607 1862/604/604 766/606/606
f 1311/603/603 383/601/601 765/609/609
f 189/597/597 1311/603/603 1862/604/604
f 768/610/610 1863/614/614 767/611/611
f 385/613/613 1313/595/595 1863/614/614
f 1863/614/614 1312/607/607 384/608/608
f 1313/595/595 189/597/597 1312/607/607
f 1864/615/615 775/621/621 63/616/616
f 1314/618/618 1864/615/615 770/617/617
f 1317/620/620 388/633/633 775/621/621
f 190/622/622 1317/620/620 1864/615/615
f 743/511/511 1865/624/624 771/623/623
f 372/528/528 1315/625/625 1865/624/624
f 1865/624/624 1314/618/618 386/619/619
f 1315/625/625 190/622/622 1314/618/618
f 1866/626/626 742/525/525 52/527/527
f 1316/628/628 1866/626/626 772/627/627
f 1315/625/625 372/528/528 742/525/525
f 190/622/622 1315/625/625 1866/626/626
f 774/630/630 1867/634/634 773/631/631
f 388/633/633 1317/620/620 1867/634/634
f 1867/634/634 1316/628/628 387/629/629
f 1317/620/620 190/622/622 1316/628/628
f 1868/635/635 783/641/641 65/636/636
f 1318/638/638 1868/635/635 776/637/637
f 1321/640/640 392/658/658 783/641/641
f 191/642/642 1321/640/640 1868/635/635
f 778/643/643 1869/647/647 777/644/644
f 390/646/646 1319/648/648 1869/647/647
f 1869/647/647 1318/638/638 389/639/639
f 1319/648/648 191/642/642 1318/638/638
f 1870/649/649 779/654/654 67/650/650
f 1320/652/652 1870/649/649 780/651/651
f 1319/648/648 390/646/646 779/654/654
f 191/642/642 1319/648/648 1870/649/649
f 782/655/655 1871/659/659 781/656/656
f 392/658/658 1321/640/640 1871/659/659
f 1871/659/659 1320/652/652 391/653/653
f 1321/640/640 191/642/642 1320/652/652
f 1872/660/660 789/666/666 69/661/661
f 1322/663/663 1872/660/660 784/662/662
f 1325/665/665 395/678/678 789/666/666
f 192/667/667 1325/665/665 1872/660/660
f 786/668/668 1873/672/672 785/669/669
f 394/671/671 1323/673/673 1873/672/672
f 1873/672/672 1322/663/663 393/664/664
f 1323/673/673 192/667/667 1322/663/663
f 1874/674/674 787/676/676 38/440/440
f 1324/675/675 1874/674/674 713/439/439
f 1323/673/673 394/671/671 787/676/676
f 192/667/667 1323/673/673 1874/674/674
f 788/677/677 1875/679/679 712/432/432
f 395/678/678 1325/665/665 1875/679/679
f 1875/679/679 1324/675/675 357/434/434
f 1325/665/665 192/667/667 1324/675/675
f 1876/680/680 795/683/683 70/670/670
f 1326/681/681 1876/680/680 785/669/669
f 1329/682/682 398/698/698 795/683/683
f 193/684/684 1329/682/682 1876/680/680
f 790/685/685 1877/687/687 784/662/662
f 396/686/686 1327/688/688 1877/687/687
f 1877/687/687 1326/681/681 393/664/664
f 1327/688/688 193/684/684 1326/681/681
f 1878/689/689 791/694/694 71/690/690
f 1328/692/692 1878/689/689 792/691/691
f 1327/688/688 396/686/686 791/694/694
f 193/684/684 1327/688/688 1878/689/689
f 794/695/695 1879/699/699 793/696/696
f 398/698/698 1329/682/682 1879/699/699
f 1879/699/699 1328/692/692 397/693/693
f 1329/682/682 193/684/684 1328/692/692
f 1880/700/700 766/606/606 61/605/605
f 1330/702/702 1880/700/700 796/701/701
f 1333/704/704 384/608/608 766/606/606
f 194/705/705 1333/704/704 1880/700/700
f 798/706/706 1881/710/710 797/707/707
f 400/709/709 1331/711/711 1881/710/710
f 1881/710/710 1330/702/702 399/703/703
f 1331/711/711 194/705/705 1330/702/702
f 1882/712/712 799/717/717 74/713/713
f 1332/715/715 1882/712/712 800/714/714
f 1331/711/711 400/709/709 799/717/717
f 194/705/705 1331/711/711 1882/712/712
f 767/611/611 1883/719/719 801/718/718
f 384/608/608 1333/704/704 1883/719/719
f 1883/719/719 1332/715/715 401/716/716
f 1333/704/704 194/705/705 1332/715/715
f 1884/720/720 805/723/723 56/567/567
f 1334/721/721 1884/720/720 753/566/566
f 1337/722/722 403/733/733 805/723/723
f 195/724/724 1337/722/722 1884/720/720
f 802/725/725 1885/727/727 752/561/561
f 402/726/726 1335/728/728 1885/727/727
f 1885/727/727 1334/721/721 377/563/563
f 1335/728/728 195/724/724 1334/721/721
f 1886/729/729 803/731/731 42/465/465
f 1336/730/730 1886/729/729 721/464/464
f 1335/728/728 402/726/726 803/731/731
f 195/724/724 1335/728/728 1886/729/729
f 804/732/732 1887/734/734 720/457/457
f 403/733/733 1337/722/722 1887/734/734
f 1887/734/734 1336/730/730 361/459/459
f 1337/722/722 195/724/724 1336/730/730
f 1888/735/735 811/741/741 75/736/736
f 1338/738/738 1888/735/735 806/737/737
f 1341/740/740 406/753/753 811/741/741
f 196/742/742 1341/740/740 1888/735/735
f 808/743/743 1889/747/747 807/744/744
f 405/746/746 1339/748/748 1889/747/747
f 1889/747/747 1338/738/738 404/739/739
f 1339/748/748 196/742/742 1338/738/738
f 1890/749/749 809/751/751 66/645/645
f 1340/750/750 1890/749/749 777/644/644
f 1339/748/748 405/746/746 809/751/751
f 196/742/742 1339/748/748 1890/749/749
f 810/752/752 1891/754/754 776/637/637
f 406/753/753 1341/740/740 1891/754/754
f 1891/754/754 1340/750/750 389/639/639
f 1341/740/740 196/742/742 1340/750/750
f 1892/755/755 817/758/758 44/477/477
f 1342/756/756 1892/755/755 725/476/476
f 1345/757/757 409/773/773 817/758/758
f 197/759/759 1345/757/757 1892/755/755
f 812/760/760 1893/762/762 724/471/471
f 407/761/761 1343/763/763 1893/762/762
f 1893/762/762 1342/756/756 363/473/473
f 1343/763/763 197/759/759 1342/756/756
f 1894/764/764 813/769/769 77/765/765
f 1344/767/767 1894/764/764 814/766/766
f 1343/763/763 407/761/761 813/769/769
f 197/759/759 1343/763/763 1894/764/764
f 816/770/770 1895/774/774 815/771/771
f 409/773/773 1345/757/757 1895/774/774
f 1895/774/774 1344/767/767 408/768/768
f 1345/757/757 197/759/759 1344/767/767
f 1896/775/775 821/778/778 68/657/657
f 1346/776/776 1896/775/775 781/656/656
f 1349/777/777 411/788/788 821/778/778
f 198/779/779 1349/777/777 1896/775/775
f 818/780/780 1897/782/782 780/651/651
f 410/781/781 1347/783/783 1897/782/782
f 1897/782/782 1346/776/776 391/653/653
f 1347/783/783 198/779/779 1346/776/776
f 1898/784/784 819/786/786 45/481/481
f 1348/785/785 1898/784/784 735/486/486
f 1347/783/783 410/781/781 819/786/786
f 198/779/779 1347/783/783 1898/784/784
f 820/787/787 1899/789/789 734/500/500
f 411/788/788 1349/777/777 1899/789/789
f 1899/789/789 1348/785/785 368/503/503
f 1349/777/777 198/779/779 1348/785/785
f 1900/790/790 827/795/795 63/616/616
f 1350/792/792 1900/790/790 822/791/791
f 1353/794/794 414/807/807 827/795/795
f 199/796/796 1353/794/794 1900/790/790
f 824/797/797 1901/801/801 823/798/798
f 413/800/800 1351/802/802 1901/801/801
f 1901/801/801 1350/792/792 412/793/793
f 1351/802/802 199/796/796 1350/792/792
f 1902/803/803 825/805/805 60/600/600
f 1352/804/804 1902/803/803 763/599/599
f 1351/802/802 413/800/800 825/805/805
f 199/796/796 1351/802/802 1902/803/803
f 826/806/806 1903/808/808 762/592/592
f 414/807/807 1353/794/794 1903/808/808
f 1903/808/808 1352/804/804 382/594/594
f 1353/794/794 199/796/796 1352/804/804
f 1904/809/809 792/691/691 71/690/690
f 1354/811/811 1904/809/809 828/810/810
f 1357/813/813 397/693/693 792/691/691
f 200/814/814 1357/813/813 1904/809/809
f 799/717/717 1905/816/816 829/815/815
f 400/709/709 1355/817/817 1905/816/816
f 1905/816/816 1354/811/811 415/812/812
f 1355/817/817 200/814/814 1354/811/811
f 1906/818/818 798/706/706 73/708/708
f 1356/820/820 1906/818/818 830/819/819
f 1355/817/817 400/709/709 798/706/706
f 200/814/814 1355/817/817 1906/818/818
f 793/696/696 1907/823/823 831/822/822
f 397/693/693 1357/813/813 1907/823/823
f 1907/823/823 1356/820/820 416/821/821
f 1357/813/813 200/814/814 1356/820/820
f 1908/824/824 806/737/737 75/736/736
f 1358/826/826 1908/824/824 832/825/825
f 1361/828/828 404/739/739 806/737/737
f 201/829/829 1361/828/828 1908/824/824
f 815/771/771 1909/831/831 833/830/830
f 408/768/768 1359/832/832 1909/831/831
f 1909/831/831 1358/826/826 417/827/827
f 1359/832/832 201/829/829 1358/826/826
f 1910/833/833 814/766/766 77/765/765
f 1360/835/835 1910/833/833 834/834/834
f 1359/832/832 408/768/768 814/766/766
f 201/829/829 1359/832/832 1910/833/833
f 807/744/744 1911/838/838 835/837/837
f 404/739/739 1361/828/828 1911/838/838
f 1911/838/838 1360/835/835 418/836/836
f 1361/828/828 201/829/829 1360/835/835
f 1912/839/839 718/450/450 40/452/452
f 1362/841/841 1912/839/839 836/840/840
f 1365/843/843 360/453/453 718/450/450
f 202/844/844 1365/843/843 1912/839/839
f 595/10/10 1913/846/846 837/845/845
f 298/5/5 1363/847/847 1913/846/846
f 1913/846/846 1362/841/841 419/842/842
f 1363/847/847 202/844/844 1362/841/841
f 1914/848/848 594/3/3 1/2/2
f 1364/850/850 1914/848/848 838/849/849
f 1363/847/847 298/5/5 594/3/3
f 202/844/844 1363/847/847 1914/848/848
f 719/436/436 1915/853/853 839/852/852
f 360/453/453 1365/843/843 1915/853/853
f 1915/853/853 1364/850/850 420/851/851
f 1365/843/843 202/844/844 1364/850/850
f 1916/854/854 726/475/475 44/477/477
f 1366/856/856 1916/854/854 840/855/855
f 1369/858/858 364/478/478 726/475/475
f 203/859/859 1369/858/858 1916/854/854
f 603/35/35 1917/861/861 841/860/860
f 302/30/30 1367/862/862 1917/861/861
f 1917/861/861 1366/856/856 421/857/857
f 1367/862/862 203/859/859 1366/856/856
f 1918/863/863 602/28/28 5/27/27
f 1368/865/865 1918/863/863 842/864/864
f 1367/862/862 302/30/30 602/28/28
f 203/859/859 1367/862/862 1918/863/863
f 727/461/461 1919/868/868 843/867/867
f 364/478/478 1369/858/858 1919/868/868
f 1919/868/868 1368/865/865 422/866/866
f 1369/858/858 203/859/859 1368/865/865
f 1920/869/869 732/496/496 47/495/495
f 1370/871/871 1920/869/869 844/870/870
f 1373/873/873 367/498/498 732/496/496
f 204/874/874 1373/873/873 1920/869/869
f 621/95/95 1921/876/876 845/875/875
f 311/87/87 1371/877/877 1921/876/876
f 1921/876/876 1370/871/871 423/872/872
f 1371/877/877 204/874/874 1370/871/871
f 1922/878/878 620/84/84 14/86/86
f 1372/880/880 1922/878/878 846/879/879
f 1371/877/877 311/87/87 620/84/84
f 204/874/874 1371/877/877 1922/878/878
f 733/501/501 1923/883/883 847/882/882
f 367/498/498 1373/873/873 1923/883/883
f 1923/883/883 1372/880/880 424/881/881
f 1373/873/873 204/874/874 1372/880/880
f 1924/884/884 736/507/507 49/506/506
f 1374/886/886 1924/884/884 848/885/885
f 1377/888/888 369/509/509 736/507/507
f 205/889/889 1377/888/888 1924/884/884
f 627/110/110 1925/891/891 849/890/890
f 314/105/105 1375/892/892 1925/891/891
f 1925/891/891 1374/886/886 425/887/887
f 1375/892/892 205/889/889 1374/886/886
f 1926/893/893 626/103/103 17/102/102
f 1376/895/895 1926/893/893 850/894/894
f 1375/892/892 314/105/105 626/103/103
f 205/889/889 1375/892/892 1926/893/893
f 737/514/514 1927/898/898 851/897/897
f 369/509/509 1377/888/888 1927/898/898
f 1927/898/898 1376/895/895 426/896/896
f 1377/888/888 205/889/889 1376/895/895
f 1928/899/899 744/531/531 50/515/515
f 1378/900/900 1928/899/899 851/897/897
f 1381/901/901 373/533/533 744/531/531
f 206/902/902 1381/901/901 1928/899/899
f 637/143/143 1929/903/903 850/894/894
f 319/136/136 1379/904/904 1929/903/903
f 1929/903/903 1378/900/900 426/896/896
f 1379/904/904 206/902/902 1378/900/900
f 1930/905/905 636/133/133 21/135/135
f 1380/907/907 1930/905/905 852/906/906
f 1379/904/904 319/136/136 636/133/133
f 206/902/902 1379/904/904 1930/905/905
f 745/537/537 1931/910/910 853/909/909
f 373/533/533 1381/901/901 1931/910/910
f 1931/910/910 1380/907/907 427/908/908
f 1381/901/901 206/902/902 1380/907/907
f 1932/911/911 754/565/565 56/567/567
f 1382/913/913 1932/911/911 854/912/912
f 1385/915/915 378/568/568 754/565/565
f 207/916/916 1385/915/915 1932/911/911
f 651/179/179 1933/918/918 855/917/917
f 326/175/175 1383/919/919 1933/918/918
f 1933/918/918 1382/913/913 428/914/914
f 1383/919/919 207/916/916 1382/913/913
f 1934/920/920 650/173/173 2/11/11
f 1384/921/921 1934/920/920 837/845/845
f 1383/919/919 326/175/175 650/173/173
f 207/916/916 1383/919/919 1934/920/920
f 755/553/553 1935/922/922 836/840/840
f 378/568/568 1385/915/915 1935/922/922
f 1935/922/922 1384/921/921 419/842/842
f 1385/915/915 207/916/916 1384/921/921
f 1936/923/923 756/571/571 53/538/538
f 1386/924/924 1936/923/923 853/909/909
f 1389/925/925 379/573/573 756/571/571
f 208/926/926 1389/925/925 1936/923/923
f 659/208/208 1937/927/927 852/906/906
f 330/203/203 1387/928/928 1937/927/927
f 1937/927/927 1386/924/924 427/908/908
f 1387/928/928 208/926/926 1386/924/924
f 1938/929/929 658/200/200 28/202/202
f 1388/931/931 1938/929/929 856/930/930
f 1387/928/928 330/203/203 658/200/200
f 208/926/926 1387/928/928 1938/929/929
f 757/577/577 1939/934/934 857/933/933
f 379/573/573 1389/925/925 1939/934/934
f 1939/934/934 1388/931/931 429/932/932
f 1389/925/925 208/926/926 1388/931/931
f 1940/935/935 768/610/610 62/612/612
f 1390/937/937 1940/935/935 858/936/936
f 1393/939/939 385/613/613 768/610/610
f 209/940/940 1393/939/939 1940/935/935
f 671/248/248 1941/942/942 859/941/941
f 336/240/240 1391/943/943 1941/942/942
f 1941/942/942 1390/937/937 430/938/938
f 1391/943/943 209/940/940 1390/937/937
f 1942/944/944 670/237/237 30/239/239
f 1392/946/946 1942/944/944 860/945/945
f 1391/943/943 336/240/240 670/237/237
f 209/940/940 1391/943/943 1942/944/944
f 769/596/596 1943/949/949 861/948/948
f 385/613/613 1393/939/939 1943/949/949
f 1943/949/949 1392/946/946 431/947/947
f 1393/939/939 209/940/940 1392/946/946
f 1944/950/950 770/617/617 63/616/616
f 1394/952/952 1944/950/950 862/951/951
f 1397/954/954 386/619/619 770/617/617
f 210/955/955 1397/954/954 1944/950/950
f 669/238/238 1945/957/957 863/956/956
f 335/234/234 1395/958/958 1945/957/957
f 1945/957/957 1394/952/952 432/953/953
f 1395/958/958 210/955/955 1394/952/952
f 1946/959/959 668/232/232 18/111/111
f 1396/960/960 1946/959/959 849/890/890
f 1395/958/958 335/234/234 668/232/232
f 210/955/955 1395/958/958 1946/959/959
f 771/623/623 1947/961/961 848/885/885
f 386/619/619 1397/954/954 1947/961/961
f 1947/961/961 1396/960/960 425/887/887
f 1397/954/954 210/955/955 1396/960/960
f 1948/962/962 782/655/655 68/657/657
f 1398/964/964 1948/962/962 864/963/963
f 1401/966/966 392/658/658 782/655/655
f 211/967/967 1401/966/966 1948/962/962
f 679/281/281 1949/969/969 865/968/968
f 340/273/273 1399/970/970 1949/969/969
f 1949/969/969 1398/964/964 433/965/965
f 1399/970/970 211/967/967 1398/964/964
f 1950/971/971 678/270/270 32/272/272
f 1400/973/973 1950/971/971 866/972/972
f 1399/970/970 340/273/273 678/270/270
f 211/967/967 1399/970/970 1950/971/971
f 783/641/641 1951/976/976 867/975/975
f 392/658/658 1401/966/966 1951/976/976
f 1951/976/976 1400/973/973 434/974/974
f 1401/966/966 211/967/967 1400/973/973
f 1952/977/977 788/677/677 37/431/431
f 1402/978/978 1952/977/977 839/852/852
f 1405/979/979 395/678/678 788/677/677
f 212/980/980 1405/979/979 1952/977/977
f 687/300/300 1953/981/981 838/849/849
f 344/298/298 1403/982/982 1953/981/981
f 1953/981/981 1402/978/978 420/851/851
f 1403/982/982 212/980/980 1402/978/978
f 1954/983/983 686/296/296 34/295/295
f 1404/985/985 1954/983/983 868/984/984
f 1403/982/982 344/298/298 686/296/296
f 212/980/980 1403/982/982 1954/983/983
f 789/666/666 1955/988/988 869/987/987
f 395/678/678 1405/979/979 1955/988/988
f 1955/988/988 1404/985/985 435/986/986
f 1405/979/979 212/980/980 1404/985/985
f 1956/989/989 790/685/685 69/661/661
f 1406/990/990 1956/989/989 869/987/987
f 1409/991/991 396/686/686 790/685/685
f 213/992/992 1409/991/991 1956/989/989
f 699/337/337 1957/993/993 868/984/984
f 350/335/335 1407/994/994 1957/993/993
f 1957/993/993 1406/990/990 435/986/986
f 1407/994/994 213/992/992 1406/990/990
f 1958/995/995 698/333/333 35/332/332
f 1408/997/997 1958/995/995 870/996/996
f 1407/994/994 350/335/335 698/333/333
f 213/992/992 1407/994/994 1958/995/995
f 791/694/694 1959/1000/1000 871/999/999
f 396/686/686 1409/991/991 1959/1000/1000
f 1959/1000/1000 1408/997/997 436/998/998
f 1409/991/991 213/992/992 1408/997/997
f 1960/1001/1001 800/714/714 74/713/713
f 1410/1003/1003 1960/1001/1001 872/1002/1002
f 1413/1005/1005 401/716/716 800/714/714
f 214/1006/1006 1413/1005/1005 1960/1001/1001
f 697/336/336 1961/1008/1008 873/1007/1007
f 349/328/328 1411/1009/1009 1961/1008/1008
f 1961/1008/1008 1410/1003/1003 437/1004/1004
f 1411/1009/1009 214/1006/1006 1410/1003/1003
f 1962/1010/1010 696/327/327 31/244/244
f 1412/1011/1011 1962/1010/1010 859/941/941
f 1411/1009/1009 349/328/328 696/327/327
f 214/1006/1006 1411/1009/1009 1962/1010/1010
f 801/718/718 1963/1012/1012 858/936/936
f 401/716/716 1413/1005/1005 1963/1012/1012
f 1963/1012/1012 1412/1011/1011 430/938/938
f 1413/1005/1005 214/1006/1006 1412/1011/1011
f 1964/1013/1013 804/732/732 41/456/456
f 1414/1014/1014 1964/1013/1013 843/867/867
f 1417/1015/1015 403/733/733 804/732/732
f 215/1016/1016 1417/1015/1015 1964/1013/1013
f 703/357/357 1965/1017/1017 842/864/864
f 352/354/354 1415/1018/1018 1965/1017/1017
f 1965/1017/1017 1414/1014/1014 422/866/866
f 1415/1018/1018 215/1016/1016 1414/1014/1014
f 1966/1019/1019 702/352/352 25/180/180
f 1416/1020/1020 1966/1019/1019 855/917/917
f 1415/1018/1018 352/354/354 702/352/352
f 215/1016/1016 1415/1018/1018 1966/1019/1019
f 805/723/723 1967/1021/1021 854/912/912
f 403/733/733 1417/1015/1015 1967/1021/1021
f 1967/1021/1021 1416/1020/1020 428/914/914
f 1417/1015/1015 215/1016/1016 1416/1020/1020
f 1968/1022/1022 810/752/752 65/636/636
f 1418/1023/1023 1968/1022/1022 867/975/975
f 1421/1024/1024 406/753/753 810/752/752
f 216/1025/1025 1421/1024/1024 1968/1022/1022
f 707/395/395 1969/1026/1026 866/972/972
f 354/390/390 1419/1027/1027 1969/1026/1026
f 1969/1026/1026 1418/1023/1023 434/974/974
f 1419/1027/1027 216/1025/1025 1418/1023/1023
f 1970/1028/1028 706/387/387 36/389/389
f 1420/1030/1030 1970/1028/1028 874/1029/1029
f 1419/1027/1027 354/390/390 706/387/387
f 216/1025/1025 1419/1027/1027 1970/1028/1028
f 811/741/741 1971/1033/1033 875/1032/1032
f 406/753/753 1421/1024/1024 1971/1033/1033
f 1971/1033/1033 1420/1030/1030 438/1031/1031
f 1421/1024/1024 216/1025/1025 1420/1030/1030
f 1972/1034/1034 816/770/770 78/772/772
f 1422/1036/1036 1972/1034/1034 876/1035/1035
f 1425/1038/1038 409/773/773 816/770/770
f 217/1039/1039 1425/1038/1038 1972/1034/1034
f 705/388/388 1973/1041/1041 877/1040/1040
f 353/384/384 1423/1042/1042 1973/1041/1041
f 1973/1041/1041 1422/1036/1036 439/1037/1037
f 1423/1042/1042 217/1039/1039 1422/1036/1036
f 1974/1043/1043 704/382/382 6/36/36
f 1424/1044/1044 1974/1043/1043 841/860/860
f 1423/1042/1042 353/384/384 704/382/382
f 217/1039/1039 1423/1042/1042 1974/1043/1043
f 817/758/758 1975/1045/1045 840/855/855
f 409/773/773 1425/1038/1038 1975/1045/1045
f 1975/1045/1045 1424/1044/1044 421/857/857
f 1425/1038/1038 217/1039/1039 1424/1044/1044
f 1976/1046/1046 820/787/787 48/502/502
f 1426/1047/1047 1976/1046/1046 847/882/882
f 1429/1048/1048 411/788/788 820/787/787
f 218/1049/1049 1429/1048/1048 1976/1046/1046
f 711/412/412 1977/1050/1050 846/879/879
f 356/419/419 1427/1051/1051 1977/1050/1050
f 1977/1050/1050 1426/1047/1047 424/881/881
f 1427/1051/1051 218/1049/1049 1426/1047/1047
f 1978/1052/1052 710/418/418 33/277/277
f 1428/1053/1053 1978/1052/1052 865/968/968
f 1427/1051/1051 356/419/419 710/418/418
f 218/1049/1049 1427/1051/1051 1978/1052/1052
f 821/778/778 1979/1054/1054 864/963/963
f 411/788/788 1429/1048/1048 1979/1054/1054
f 1979/1054/1054 1428/1053/1053 433/965/965
f 1429/1048/1048 218/1049/1049 1428/1053/1053
f 1980/1055/1055 740/521/521 51/520/520
f 1430/1057/1057 1980/1055/1055 878/1056/1056
f 1433/1059/1059 371/523/523 740/521/521
f 219/1060/1060 1433/1059/1059 1980/1055/1055
f 880/1061/1061 1981/1065/1065 879/1062/1062
f 441/1064/1064 1431/1066/1066 1981/1065/1065
f 1981/1065/1065 1430/1057/1057 440/1058/1058
f 1431/1066/1066 219/1060/1060 1430/1057/1057
f 1982/1067/1067 881/1072/1072 81/1068/1068
f 1432/1070/1070 1982/1067/1067 882/1069/1069
f 1431/1066/1066 441/1064/1064 881/1072/1072
f 219/1060/1060 1431/1066/1066 1982/1067/1067
f 741/526/526 1983/1074/1074 883/1073/1073
f 371/523/523 1433/1059/1059 1983/1074/1074
f 1983/1074/1074 1432/1070/1070 442/1071/1071
f 1433/1059/1059 219/1060/1060 1432/1070/1070
f 1984/1075/1075 748/544/544 54/543/543
f 1434/1077/1077 1984/1075/1075 884/1076/1076
f 1437/1079/1079 375/546/546 748/544/544
f 220/1080/1080 1437/1079/1079 1984/1075/1075
f 886/1081/1081 1985/1085/1085 885/1082/1082
f 444/1084/1084 1435/1086/1086 1985/1085/1085
f 1985/1085/1085 1434/1077/1077 443/1078/1078
f 1435/1086/1086 220/1080/1080 1434/1077/1077
f 1986/1087/1087 887/1089/1089 80/1063/1063
f 1436/1088/1088 1986/1087/1087 879/1062/1062
f 1435/1086/1086 444/1084/1084 887/1089/1089
f 220/1080/1080 1435/1086/1086 1986/1087/1087
f 749/548/548 1987/1090/1090 878/1056/1056
f 375/546/546 1437/1079/1079 1987/1090/1090
f 1987/1090/1090 1436/1088/1088 440/1058/1058
f 1437/1079/1079 220/1080/1080 1436/1088/1088
f 1988/1091/1091 760/584/584 58/583/583
f 1438/1093/1093 1988/1091/1091 888/1092/1092
f 1441/1095/1095 381/586/586 760/584/584
f 221/1096/1096 1441/1095/1095 1988/1091/1091
f 890/1097/1097 1989/1101/1101 889/1098/1098
f 446/1100/1100 1439/1102/1102 1989/1101/1101
f 1989/1101/1101 1438/1093/1093 445/1094/1094
f 1439/1102/1102 221/1096/1096 1438/1093/1093
f 1990/1103/1103 891/1105/1105 82/1083/1083
f 1440/1104/1104 1990/1103/1103 885/1082/1082
f 1439/1102/1102 446/1100/1100 891/1105/1105
f 221/1096/1096 1439/1102/1102 1990/1103/1103
f 761/588/588 1991/1106/1106 884/1076/1076
f 381/586/586 1441/1095/1095 1991/1106/1106
f 1991/1106/1106 1440/1104/1104 443/1078/1078
f 1441/1095/1095 221/1096/1096 1440/1104/1104
f 1992/1107/1107 772/627/627 52/527/527
f 1442/1108/1108 1992/1107/1107 883/1073/1073
f 1445/1109/1109 387/629/629 772/627/627
f 222/1110/1110 1445/1109/1109 1992/1107/1107
f 892/1111/1111 1993/1113/1113 882/1069/1069
f 447/1112/1112 1443/1114/1114 1993/1113/1113
f 1993/1113/1113 1442/1108/1108 442/1071/1071
f 1443/1114/1114 222/1110/1110 1442/1108/1108
f 1994/1115/1115 893/1120/1120 84/1116/1116
f 1444/1118/1118 1994/1115/1115 894/1117/1117
f 1443/1114/1114 447/1112/1112 893/1120/1120
f 222/1110/1110 1443/1114/1114 1994/1115/1115
f 773/631/631 1995/1122/1122 895/1121/1121
f 387/629/629 1445/1109/1109 1995/1122/1122
f 1995/1122/1122 1444/1118/1118 448/1119/1119
f 1445/1109/1109 222/1110/1110 1444/1118/1118
f 1996/1123/1123 903/1129/1129 85/1124/1124
f 1446/1126/1126 1996/1123/1123 896/1125/1125
f 1449/1128/1128 452/1146/1146 903/1129/1129
f 223/1130/1130 1449/1128/1128 1996/1123/1123
f 898/1131/1131 1997/1135/1135 897/1132/1132
f 450/1134/1134 1447/1136/1136 1997/1135/1135
f 1997/1135/1135 1446/1126/1126 449/1127/1127
f 1447/1136/1136 223/1130/1130 1446/1126/1126
f 1998/1137/1137 899/1142/1142 87/1138/1138
f 1448/1140/1140 1998/1137/1137 900/1139/1139
f 1447/1136/1136 450/1134/1134 899/1142/1142
f 223/1130/1130 1447/1136/1136 1998/1137/1137
f 902/1143/1143 1999/1147/1147 901/1144/1144
f 452/1146/1146 1449/1128/1128 1999/1147/1147
f 1999/1147/1147 1448/1140/1140 451/1141/1141
f 1449/1128/1128 223/1130/1130 1448/1140/1140
f 2000/1148/1148 911/1154/1154 89/1149/1149
f 1450/1151/1151 2000/1148/1148 904/1150/1150
f 1453/1153/1153 456/1171/1171 911/1154/1154
f 224/1155/1155 1453/1153/1153 2000/1148/1148
f 906/1156/1156 2001/1160/1160 905/1157/1157
f 454/1159/1159 1451/1161/1161 2001/1160/1160
f 2001/1160/1160 1450/1151/1151 453/1152/1152
f 1451/1161/1161 224/1155/1155 1450/1151/1151
f 2002/1162/1162 907/1167/1167 91/1163/1163
f 1452/1165/1165 2002/1162/1162 908/1164/1164
f 1451/1161/1161 454/1159/1159 907/1167/1167
f 224/1155/1155 1451/1161/1161 2002/1162/1162
f 910/1168/1168 2003/1172/1172 909/1169/1169
f 456/1171/1171 1453/1153/1153 2003/1172/1172
f 2003/1172/1172 1452/1165/1165 455/1166/1166
f 1453/1153/1153 224/1155/1155 1452/1165/1165
f 2004/1173/1173 917/1179/1179 93/1174/1174
f 1454/1176/1176 2004/1173/1173 912/1175/1175
f 1457/1178/1178 459/1191/1191 917/1179/1179
f 225/1180/1180 1457/1178/1178 2004/1173/1173
f 615/72/72 2005/1182/1182 913/1181/1181
f 308/69/69 1455/1183/1183 2005/1182/1182
f 2005/1182/1182 1454/1176/1176 457/1177/1177
f 1455/1183/1183 225/1180/1180 1454/1176/1176
f 2006/1184/1184 614/67/67 11/66/66
f 1456/1186/1186 2006/1184/1184 914/1185/1185
f 1455/1183/1183 308/69/69 614/67/67
f 225/1180/1180 1455/1183/1183 2006/1184/1184
f 916/1188/1188 2007/1192/1192 915/1189/1189
f 459/1191/1191 1457/1178/1178 2007/1192/1192
f 2007/1192/1192 1456/1186/1186 458/1187/1187
f 1457/1178/1178 225/1180/1180 1456/1186/1186
f 2008/1193/1193 923/1199/1199 95/1194/1194
f 1458/1196/1196 2008/1193/1193 918/1195/1195
f 1461/1198/1198 462/1211/1211 923/1199/1199
f 226/1200/1200 1461/1198/1198 2008/1193/1193
f 623/97/97 2009/1202/1202 919/1201/1201
f 312/94/94 1459/1203/1203 2009/1202/1202
f 2009/1202/1202 1458/1196/1196 460/1197/1197
f 1459/1203/1203 226/1200/1200 1458/1196/1196
f 2010/1204/1204 622/92/92 15/91/91
f 1460/1206/1206 2010/1204/1204 920/1205/1205
f 1459/1203/1203 312/94/94 622/92/92
f 226/1200/1200 1459/1203/1203 2010/1204/1204
f 922/1208/1208 2011/1212/1212 921/1209/1209
f 462/1211/1211 1461/1198/1198 2011/1212/1212
f 2011/1212/1212 1460/1206/1206 461/1207/1207
f 1461/1198/1198 226/1200/1200 1460/1206/1206
f 2012/1213/1213 931/1219/1219 97/1214/1214
f 1462/1216/1216 2012/1213/1213 924/1215/1215
f 1465/1218/1218 466/1235/1235 931/1219/1219
f 227/1220/1220 1465/1218/1218 2012/1213/1213
f 926/1221/1221 2013/1224/1224 925/1222/1222
f 464/1223/1223 1463/1225/1225 2013/1224/1224
f 2013/1224/1224 1462/1216/1216 463/1217/1217
f 1463/1225/1225 227/1220/1220 1462/1216/1216
f 2014/1226/1226 927/1231/1231 98/1227/1227
f 1464/1229/1229 2014/1226/1226 928/1228/1228
f 1463/1225/1225 464/1223/1223 927/1231/1231
f 227/1220/1220 1463/1225/1225 2014/1226/1226
f 930/1232/1232 2015/1236/1236 929/1233/1233
f 466/1235/1235 1465/1218/1218 2015/1236/1236
f 2015/1236/1236 1464/1229/1229 465/1230/1230
f 1465/1218/1218 227/1220/1220 1464/1229/1229
f 2016/1237/1237 939/1243/1243 100/1238/1238
f 1466/1240/1240 2016/1237/1237 932/1239/1239
f 1469/1242/1242 470/1259/1259 939/1243/1243
f 228/1244/1244 1469/1242/1242 2016/1237/1237
f 934/1245/1245 2017/1249/1249 933/1246/1246
f 468/1248/1248 1467/1250/1250 2017/1249/1249
f 2017/1249/1249 1466/1240/1240 467/1241/1241
f 1467/1250/1250 228/1244/1244 1466/1240/1240
f 2018/1251/1251 935/1255/1255 97/1214/1214
f 1468/1253/1253 2018/1251/1251 936/1252/1252
f 1467/1250/1250 468/1248/1248 935/1255/1255
f 228/1244/1244 1467/1250/1250 2018/1251/1251
f 938/1256/1256 2019/1260/1260 937/1257/1257
f 470/1259/1259 1469/1242/1242 2019/1260/1260
f 2019/1260/1260 1468/1253/1253 469/1254/1254
f 1469/1242/1242 228/1244/1244 1468/1253/1253
f 2020/1261/1261 947/1266/1266 95/1194/1194
f 1470/1263/1263 2020/1261/1261 940/1262/1262
f 1473/1265/1265 474/1282/1282 947/1266/1266
f 229/1267/1267 1473/1265/1265 2020/1261/1261
f 942/1268/1268 2021/1272/1272 941/1269/1269
f 472/1271/1271 1471/1273/1273 2021/1272/1272
f 2021/1272/1272 1470/1263/1263 471/1264/1264
f 1471/1273/1273 229/1267/1267 1470/1263/1263
f 2022/1274/1274 943/1279/1279 104/1275/1275
f 1472/1277/1277 2022/1274/1274 944/1276/1276
f 1471/1273/1273 472/1271/1271 943/1279/1279
f 229/1267/1267 1471/1273/1273 2022/1274/1274
f 946/1280/1280 2023/1283/1283 945/1281/1281
f 474/1282/1282 1473/1265/1265 2023/1283/1283
f 2023/1283/1283 1472/1277/1277 473/1278/1278
f 1473/1265/1265 229/1267/1267 1472/1277/1277
f 2024/1284/1284 953/1287/1287 88/1145/1145
f 1474/1285/1285 2024/1284/1284 901/1144/1144
f 1477/1286/1286 477/1302/1302 953/1287/1287
f 230/1288/1288 1477/1286/1286 2024/1284/1284
f 948/1289/1289 2025/1291/1291 900/1139/1139
f 475/1290/1290 1475/1292/1292 2025/1291/1291
f 2025/1291/1291 1474/1285/1285 451/1141/1141
f 1475/1292/1292 230/1288/1288 1474/1285/1285
f 2026/1293/1293 949/1298/1298 105/1294/1294
f 1476/1296/1296 2026/1293/1293 950/1295/1295
f 1475/1292/1292 475/1290/1290 949/1298/1298
f 230/1288/1288 1475/1292/1292 2026/1293/1293
f 952/1299/1299 2027/1303/1303 951/1300/1300
f 477/1302/1302 1477/1286/1286 2027/1303/1303
f 2027/1303/1303 1476/1296/1296 476/1297/1297
f 1477/1286/1286 230/1288/1288 1476/1296/1296
f 2028/1304/1304 656/194/194 27/193/193
f 1478/1306/1306 2028/1304/1304 954/1305/1305
f 1481/1308/1308 329/196/196 656/194/194
f 231/1309/1309 1481/1308/1308 2028/1304/1304
f 939/1243/1243 2029/1311/1311 955/1310/1310
f 470/1259/1259 1479/1312/1312 2029/1311/1311
f 2029/1311/1311 1478/1306/1306 478/1307/1307
f 1479/1312/1312 231/1309/1309 1478/1306/1306
f 2030/1313/1313 938/1256/1256 102/1258/1258
f 1480/1315/1315 2030/1313/1313 956/1314/1314
f 1479/1312/1312 470/1259/1259 938/1256/1256
f 231/1309/1309 1479/1312/1312 2030/1313/1313
f 657/201/201 2031/1318/1318 957/1317/1317
f 329/196/196 1481/1308/1308 2031/1318/1318
f 2031/1318/1318 1480/1315/1315 479/1316/1316
f 1481/1308/1308 231/1309/1309 1480/1315/1315
f 2032/1319/1319 963/1324/1324 93/1174/1174
f 1482/1321/1321 2032/1319/1319 958/1320/1320
f 1485/1323/1323 482/1336/1336 963/1324/1324
f 232/1325/1325 1485/1323/1323 2032/1319/1319
f 960/1326/1326 2033/1330/1330 959/1327/1327
f 481/1329/1329 1483/1331/1331 2033/1330/1330
f 2033/1330/1330 1482/1321/1321 480/1322/1322
f 1483/1331/1331 232/1325/1325 1482/1321/1321
f 2034/1332/1332 961/1334/1334 101/1247/1247
f 1484/1333/1333 2034/1332/1332 933/1246/1246
f 1483/1331/1331 481/1329/1329 961/1334/1334
f 232/1325/1325 1483/1331/1331 2034/1332/1332
f 962/1335/1335 2035/1337/1337 932/1239/1239
f 482/1336/1336 1485/1323/1323 2035/1337/1337
f 2035/1337/1337 1484/1333/1333 467/1241/1241
f 1485/1323/1323 232/1325/1325 1484/1333/1333
f 2036/1338/1338 969/1341/1341 99/1234/1234
f 1486/1339/1339 2036/1338/1338 929/1233/1233
f 1489/1340/1340 485/1356/1356 969/1341/1341
f 233/1342/1342 1489/1340/1340 2036/1338/1338
f 964/1343/1343 2037/1345/1345 928/1228/1228
f 483/1344/1344 1487/1346/1346 2037/1345/1345
f 2037/1345/1345 1486/1339/1339 465/1230/1230
f 1487/1346/1346 233/1342/1342 1486/1339/1339
f 2038/1347/1347 965/1352/1352 108/1348/1348
f 1488/1350/1350 2038/1347/1347 966/1349/1349
f 1487/1346/1346 483/1344/1344 965/1352/1352
f 233/1342/1342 1487/1346/1346 2038/1347/1347
f 968/1353/1353 2039/1357/1357 967/1354/1354
f 485/1356/1356 1489/1340/1340 2039/1357/1357
f 2039/1357/1357 1488/1350/1350 484/1351/1351
f 1489/1340/1340 233/1342/1342 1488/1350/1350
f 2040/1358/1358 898/1131/1131 86/1133/1133
f 1490/1359/1359 2040/1358/1358 925/1222/1222
f 1493/1360/1360 450/1134/1134 898/1131/1131
f 234/1361/1361 1493/1360/1360 2040/1358/1358
f 935/1255/1255 2041/1362/1362 924/1215/1215
f 468/1248/1248 1491/1363/1363 2041/1362/1362
f 2041/1362/1362 1490/1359/1359 463/1217/1217
f 1491/1363/1363 234/1361/1361 1490/1359/1359
f 2042/1364/1364 934/1245/1245 101/1247/1247
f 1492/1366/1366 2042/1364/1364 970/1365/1365
f 1491/1363/1363 468/1248/1248 934/1245/1245
f 234/1361/1361 1491/1363/1363 2042/1364/1364
f 899/1142/1142 2043/1369/1369 971/1368/1368
f 450/1134/1134 1493/1360/1360 2043/1369/1369
f 2043/1369/1369 1492/1366/1366 486/1367/1367
f 1493/1360/1360 234/1361/1361 1492/1366/1366
f 2044/1370/1370 979/1375/1375 91/1163/1163
f 1494/1372/1372 2044/1370/1370 972/1371/1371
f 1497/1374/1374 490/1391/1391 979/1375/1375
f 235/1376/1376 1497/1374/1374 2044/1370/1370
f 974/1377/1377 2045/1380/1380 973/1378/1378
f 488/1379/1379 1495/1381/1381 2045/1380/1380
f 2045/1380/1380 1494/1372/1372 487/1373/1373
f 1495/1381/1381 235/1376/1376 1494/1372/1372
f 2046/1382/1382 975/1387/1387 110/1383/1383
f 1496/1385/1385 2046/1382/1382 976/1384/1384
f 1495/1381/1381 488/1379/1379 975/1387/1387
f 235/1376/1376 1495/1381/1381 2046/1382/1382
f 978/1388/1388 2047/1392/1392 977/1389/1389
f 490/1391/1391 1497/1374/1374 2047/1392/1392
f 2047/1392/1392 1496/1385/1385 489/1386/1386
f 1497/1374/1374 235/1376/1376 1496/1385/1385
f 2048/1393/1393 926/1221/1221 86/1133/1133
f 1498/1394/1394 2048/1393/1393 897/1132/1132
f 1501/1395/1395 464/1223/1223 926/1221/1221
f 236/1396/1396 1501/1395/1395 2048/1393/1393
f 980/1397/1397 2049/1399/1399 896/1125/1125
f 491/1398/1398 1499/1400/1400 2049/1399/1399
f 2049/1399/1399 1498/1394/1394 449/1127/1127
f 1499/1400/1400 236/1396/1396 1498/1394/1394
f 2050/1401/1401 981/1406/1406 112/1402/1402
f 1500/1404/1404 2050/1401/1401 982/1403/1403
f 1499/1400/1400 491/1398/1398 981/1406/1406
f 236/1396/1396 1499/1400/1400 2050/1401/1401
f 927/1231/1231 2051/1408/1408 983/1407/1407
f 464/1223/1223 1501/1395/1395 2051/1408/1408
f 2051/1408/1408 1500/1404/1404 492/1405/1405
f 1501/1395/1395 236/1396/1396 1500/1404/1404
f 2052/1409/1409 991/1414/1414 105/1294/1294
f 1502/1411/1411 2052/1409/1409 984/1410/1410
f 1505/1413/1413 496/1428/1428 991/1414/1414
f 237/1415/1415 1505/1413/1413 2052/1409/1409
f 986/1416/1416 2053/1419/1419 985/1417/1417
f 494/1418/1418 1503/1420/1420 2053/1419/1419
f 2053/1419/1419 1502/1411/1411 493/1412/1412
f 1503/1420/1420 237/1415/1415 1502/1411/1411
f 2054/1421/1421 987/1425/1425 104/1275/1275
f 1504/1423/1423 2054/1421/1421 988/1422/1422
f 1503/1420/1420 494/1418/1418 987/1425/1425
f 237/1415/1415 1503/1420/1420 2054/1421/1421
f 990/1426/1426 2055/1429/1429 989/1427/1427
f 496/1428/1428 1505/1413/1413 2055/1429/1429
f 2055/1429/1429 1504/1423/1423 495/1424/1424
f 1505/1413/1413 237/1415/1415 1504/1423/1423
f 2056/1430/1430 964/1343/1343 98/1227/1227
f 1506/1431/1431 2056/1430/1430 983/1407/1407
f 1509/1432/1432 483/1344/1344 964/1343/1343
f 238/1433/1433 1509/1432/1432 2056/1430/1430
f 992/1434/1434 2057/1436/1436 982/1403/1403
f 497/1435/1435 1507/1437/1437 2057/1436/1436
f 2057/1436/1436 1506/1431/1431 492/1405/1405
f 1507/1437/1437 238/1433/1433 1506/1431/1431
f 2058/1438/1438 993/1443/1443 113/1439/1439
f 1508/1441/1441 2058/1438/1438 994/1440/1440
f 1507/1437/1437 497/1435/1435 993/1443/1443
f 238/1433/1433 1507/1437/1437 2058/1438/1438
f 965/1352/1352 2059/1445/1445 995/1444/1444
f 483/1344/1344 1509/1432/1432 2059/1445/1445
f 2059/1445/1445 1508/1441/1441 498/1442/1442
f 1509/1432/1432 238/1433/1433 1508/1441/1441
f 2060/1446/1446 700/340/340 12/73/73
f 1510/1447/1447 2060/1446/1446 913/1181/1181
f 1513/1448/1448 351/342/342 700/340/340
f 239/1449/1449 1513/1448/1448 2060/1446/1446
f 963/1324/1324 2061/1450/1450 912/1175/1175
f 482/1336/1336 1511/1451/1451 2061/1450/1450
f 2061/1450/1450 1510/1447/1447 457/1177/1177
f 1511/1451/1451 239/1449/1449 1510/1447/1447
f 2062/1452/1452 962/1335/1335 100/1238/1238
f 1512/1453/1453 2062/1452/1452 955/1310/1310
f 1511/1451/1451 482/1336/1336 962/1335/1335
f 239/1449/1449 1511/1451/1451 2062/1452/1452
f 701/345/345 2063/1454/1454 954/1305/1305
f 351/342/342 1513/1448/1448 2063/1454/1454
f 2063/1454/1454 1512/1453/1453 478/1307/1307
f 1513/1448/1448 239/1449/1449 1512/1453/1453
f 2064/1455/1455 997/1458/1458 106/1301/1301
f 1514/1456/1456 2064/1455/1455 951/1300/1300
f 1517/1457/1457 499/1465/1465 997/1458/1458
f 240/1459/1459 1517/1457/1457 2064/1455/1455
f 991/1414/1414 2065/1460/1460 950/1295/1295
f 496/1428/1428 1515/1461/1461 2065/1460/1460
f 2065/1460/1460 1514/1456/1456 476/1297/1297
f 1515/1461/1461 240/1459/1459 1514/1456/1456
f 2066/1462/1462 990/1426/1426 90/1158/1158
f 1516/1463/1463 2066/1462/1462 905/1157/1157
f 1515/1461/1461 496/1428/1428 990/1426/1426
f 240/1459/1459 1515/1461/1461 2066/1462/1462
f 996/1464/1464 2067/1466/1466 904/1150/1150
f 499/1465/1465 1517/1457/1457 2067/1466/1466
f 2067/1466/1466 1516/1463/1463 453/1152/1152
f 1517/1457/1457 240/1459/1459 1516/1463/1463
f 2068/1467/1467 916/1188/1188 94/1190/1190
f 1518/1468/1468 2068/1467/1467 945/1281/1281
f 1521/1469/1469 459/1191/1191 916/1188/1188
f 241/1470/1470 1521/1469/1469 2068/1467/1467
f 987/1425/1425 2069/1471/1471 944/1276/1276
f 494/1418/1418 1519/1472/1472 2069/1471/1471
f 2069/1471/1471 1518/1468/1468 473/1278/1278
f 1519/1472/1472 241/1470/1470 1518/1468/1468
f 2070/1473/1473 986/1416/1416 107/1328/1328
f 1520/1474/1474 2070/1473/1473 959/1327/1327
f 1519/1472/1472 494/1418/1418 986/1416/1416
f 241/1470/1470 1519/1472/1472 2070/1473/1473
f 917/1179/1179 2071/1475/1475 958/1320/1320
f 459/1191/1191 1521/1469/1469 2071/1475/1475
f 2071/1475/1475 1520/1474/1474 480/1322/1322
f 1521/1469/1469 241/1470/1470 1520/1474/1474
f 2072/1476/1476 948/1289/1289 87/1138/1138
f 1522/1477/1477 2072/1476/1476 971/1368/1368
f 1525/1478/1478 475/1290/1290 948/1289/1289
f 242/1479/1479 1525/1478/1478 2072/1476/1476
f 961/1334/1334 2073/1480/1480 970/1365/1365
f 481/1329/1329 1523/1481/1481 2073/1480/1480
f 2073/1480/1480 1522/1477/1477 486/1367/1367
f 1523/1481/1481 242/1479/1479 1522/1477/1477
f 2074/1482/1482 960/1326/1326 107/1328/1328
f 1524/1483/1483 2074/1482/1482 985/1417/1417
f 1523/1481/1481 481/1329/1329 960/1326/1326
f 242/1479/1479 1523/1481/1481 2074/1482/1482
f 949/1298/1298 2075/1484/1484 984/1410/1410
f 475/1290/1290 1525/1478/1478 2075/1484/1484
f 2075/1484/1484 1524/1483/1483 493/1412/1412
f 1525/1478/1478 242/1479/1479 1524/1483/1483
f 2076/1485/1485 1001/1488/1488 92/1170/1170
f 1526/1486/1486 2076/1485/1485 909/1169/1169
f 1529/1487/1487 501/1499/1499 1001/1488/1488
f 243/1489/1489 1529/1487/1487 2076/1485/1485
f 979/1375/1375 2077/1490/1490 908/1164/1164
f 490/1391/1391 1527/1491/1491 2077/1490/1490
f 2077/1490/1490 1526/1486/1486 455/1166/1166
f 1527/1491/1491 243/1489/1489 1526/1486/1486
f 2078/1492/1492 978/1388/1388 111/1390/1390
f 1528/1494/1494 2078/1492/1492 998/1493/1493
f 1527/1491/1491 490/1391/1391 978/1388/1388
f 243/1489/1489 1527/1491/1491 2078/1492/1492
f 1000/1496/1496 2079/1500/1500 999/1497/1497
f 501/1499/1499 1529/1487/1487 2079/1500/1500
f 2079/1500/1500 1528/1494/1494 500/1495/1495
f 1529/1487/1487 243/1489/1489 1528/1494/1494
f 2080/1501/1501 708/398/398 16/98/98
f 1530/1502/1502 2080/1501/1501 919/1201/1201
f 1533/1503/1503 355/400/400 708/398/398
f 244/1504/1504 1533/1503/1503 2080/1501/1501
f 947/1266/1266 2081/1505/1505 918/1195/1195
f 474/1282/1282 1531/1506/1506 2081/1505/1505
f 2081/1505/1505 1530/1502/1502 460/1197/1197
f 1531/1506/1506 244/1504/1504 1530/1502/1502
f 2082/1507/1507 946/1280/1280 94/1190/1190
f 1532/1508/1508 2082/1507/1507 915/1189/1189
f 1531/1506/1506 474/1282/1282 946/1280/1280
f 244/1504/1504 1531/1506/1506 2082/1507/1507
f 709/403/403 2083/1509/1509 914/1185/1185
f 355/400/400 1533/1503/1503 2083/1509/1509
f 2083/1509/1509 1532/1508/1508 458/1187/1187
f 1533/1503/1503 244/1504/1504 1532/1508/1508
f 2084/1510/1510 922/1208/1208 96/1210/1210
f 1534/1512/1512 2084/1510/1510 1002/1511/1511
f 1537/1514/1514 462/1211/1211 922/1208/1208
f 245/1515/1515 1537/1514/1514 2084/1510/1510
f 975/1387/1387 2085/1517/1517 1003/1516/1516
f 488/1379/1379 1535/1518/1518 2085/1517/1517
f 2085/1517/1517 1534/1512/1512 502/1513/1513
f 1535/1518/1518 245/1515/1515 1534/1512/1512
f 2086/1519/1519 974/1377/1377 103/1270/1270
f 1536/1520/1520 2086/1519/1519 941/1269/1269
f 1535/1518/1518 488/1379/1379 974/1377/1377
f 245/1515/1515 1535/1518/1518 2086/1519/1519
f 923/1199/1199 2087/1521/1521 940/1262/1262
f 462/1211/1211 1537/1514/1514 2087/1521/1521
f 2087/1521/1521 1536/1520/1520 471/1264/1264
f 1537/1514/1514 245/1515/1515 1536/1520/1520
f 2088/1522/1522 906/1156/1156 90/1158/1158
f 1538/1523/1523 2088/1522/1522 989/1427/1427
f 1541/1524/1524 454/1159/1159 906/1156/1156
f 246/1525/1525 1541/1524/1524 2088/1522/1522
f 943/1279/1279 2089/1526/1526 988/1422/1422
f 472/1271/1271 1539/1527/1527 2089/1526/1526
f 2089/1526/1526 1538/1523/1523 495/1424/1424
f 1539/1527/1527 246/1525/1525 1538/1523/1523
f 2090/1528/1528 942/1268/1268 103/1270/1270
f 1540/1529/1529 2090/1528/1528 973/1378/1378
f 1539/1527/1527 472/1271/1271 942/1268/1268
f 246/1525/1525 1539/1527/1527 2090/1528/1528
f 907/1167/1167 2091/1530/1530 972/1371/1371
f 454/1159/1159 1541/1524/1524 2091/1530/1530
f 2091/1530/1530 1540/1529/1529 487/1373/1373
f 1541/1524/1524 246/1525/1525 1540/1529/1529
f 2092/1531/1531 1011/1537/1537 115/1532/1532
f 1542/1534/1534 2092/1531/1531 1004/1533/1533
f 1545/1536/1536 506/1554/1554 1011/1537/1537
f 247/1538/1538 1545/1536/1536 2092/1531/1531
f 1006/1539/1539 2093/1543/1543 1005/1540/1540
f 504/1542/1542 1543/1544/1544 2093/1543/1543
f 2093/1543/1543 1542/1534/1534 503/1535/1535
f 1543/1544/1544 247/1538/1538 1542/1534/1534
f 2094/1545/1545 1007/1550/1550 117/1546/1546
f 1544/1548/1548 2094/1545/1545 1008/1547/1547
f 1543/1544/1544 504/1542/1542 1007/1550/1550
f 247/1538/1538 1543/1544/1544 2094/1545/1545
f 1010/1551/1551 2095/1555/1555 1009/1552/1552
f 506/1554/1554 1545/1536/1536 2095/1555/1555
f 2095/1555/1555 1544/1548/1548 505/1549/1549
f 1545/1536/1536 247/1538/1538 1544/1548/1548
f 2096/1556/1556 1019/1562/1562 119/1557/1557
f 1546/1559/1559 2096/1556/1556 1012/1558/1558
f 1549/1561/1561 510/1579/1579 1019/1562/1562
f 248/1563/1563 1549/1561/1561 2096/1556/1556
f 1014/1564/1564 2097/1568/1568 1013/1565/1565
f 508/1567/1567 1547/1569/1569 2097/1568/1568
f 2097/1568/1568 1546/1559/1559 507/1560/1560
f 1547/1569/1569 248/1563/1563 1546/1559/1559
f 2098/1570/1570 1015/1575/1575 121/1571/1571
f 1548/1573/1573 2098/1570/1570 1016/1572/1572
f 1547/1569/1569 508/1567/1567 1015/1575/1575
f 248/1563/1563 1547/1569/1569 2098/1570/1570
f 1018/1576/1576 2099/1580/1580 1017/1577/1577
f 510/1579/1579 1549/1561/1561 2099/1580/1580
f 2099/1580/1580 1548/1573/1573 509/1574/1574
f 1549/1561/1561 248/1563/1563 1548/1573/1573
f 2100/1581/1581 1025/1587/1587 123/1582/1582
f 1550/1584/1584 2100/1581/1581 1020/1583/1583
f 1553/1586/1586 513/1599/1599 1025/1587/1587
f 249/1588/1588 1553/1586/1586 2100/1581/1581
f 1022/1589/1589 2101/1593/1593 1021/1590/1590
f 512/1592/1592 1551/1594/1594 2101/1593/1593
f 2101/1593/1593 1550/1584/1584 511/1585/1585
f 1551/1594/1594 249/1588/1588 1550/1584/1584
f 2102/1595/1595 1023/1597/1597 47/495/495
f 1552/1596/1596 2102/1595/1595 731/499/499
f 1551/1594/1594 512/1592/1592 1023/1597/1597
f 249/1588/1588 1551/1594/1594 2102/1595/1595
f 1024/1598/1598 2103/1600/1600 730/488/488
f 513/1599/1599 1553/1586/1586 2103/1600/1600
f 2103/1600/1600 1552/1596/1596 366/491/491
f 1553/1586/1586 249/1588/1588 1552/1596/1596
f 2104/1601/1601 1033/1607/1607 125/1602/1602
f 1554/1604/1604 2104/1601/1601 1026/1603/1603
f 1557/1606/1606 517/1624/1624 1033/1607/1607
f 250/1608/1608 1557/1606/1606 2104/1601/1601
f 1028/1609/1609 2105/1613/1613 1027/1610/1610
f 515/1612/1612 1555/1614/1614 2105/1613/1613
f 2105/1613/1613 1554/1604/1604 514/1605/1605
f 1555/1614/1614 250/1608/1608 1554/1604/1604
f 2106/1615/1615 1029/1620/1620 127/1616/1616
f 1556/1618/1618 2106/1615/1615 1030/1617/1617
f 1555/1614/1614 515/1612/1612 1029/1620/1620
f 250/1608/1608 1555/1614/1614 2106/1615/1615
f 1032/1621/1621 2107/1625/1625 1031/1622/1622
f 517/1624/1624 1557/1606/1606 2107/1625/1625
f 2107/1625/1625 1556/1618/1618 516/1619/1619
f 1557/1606/1606 250/1608/1608 1556/1618/1618
f 2108/1626/1626 1039/1629/1629 128/1623/1623
f 1558/1627/1627 2108/1626/1626 1031/1622/1622
f 1561/1628/1628 520/1644/1644 1039/1629/1629
f 251/1630/1630 1561/1628/1628 2108/1626/1626
f 1034/1631/1631 2109/1633/1633 1030/1617/1617
f 518/1632/1632 1559/1634/1634 2109/1633/1633
f 2109/1633/1633 1558/1627/1627 516/1619/1619
f 1559/1634/1634 251/1630/1630 1558/1627/1627
f 2110/1635/1635 1035/1640/1640 129/1636/1636
f 1560/1638/1638 2110/1635/1635 1036/1637/1637
f 1559/1634/1634 518/1632/1632 1035/1640/1640
f 251/1630/1630 1559/1634/1634 2110/1635/1635
f 1038/1641/1641 2111/1645/1645 1037/1642/1642
f 520/1644/1644 1561/1628/1628 2111/1645/1645
f 2111/1645/1645 1560/1638/1638 519/1639/1639
f 1561/1628/1628 251/1630/1630 1560/1638/1638
f 2112/1646/1646 1006/1539/1539 116/1541/1541
f 1562/1648/1648 2112/1646/1646 1040/1647/1647
f 1565/1650/1650 504/1542/1542 1006/1539/1539
f 252/1651/1651 1565/1650/1650 2112/1646/1646
f 1042/1652/1652 2113/1656/1656 1041/1653/1653
f 522/1655/1655 1563/1657/1657 2113/1656/1656
f 2113/1656/1656 1562/1648/1648 521/1649/1649
f 1563/1657/1657 252/1651/1651 1562/1648/1648
f 2114/1658/1658 1043/1663/1663 132/1659/1659
f 1564/1661/1661 2114/1658/1658 1044/1660/1660
f 1563/1657/1657 522/1655/1655 1043/1663/1663
f 252/1651/1651 1563/1657/1657 2114/1658/1658
f 1007/1550/1550 2115/1665/1665 1045/1664/1664
f 504/1542/1542 1565/1650/1650 2115/1665/1665
f 2115/1665/1665 1564/1661/1661 523/1662/1662
f 1565/1650/1650 252/1651/1651 1564/1661/1661
f 2116/1666/1666 1049/1669/1669 130/1643/1643
f 1566/1667/1667 2116/1666/1666 1037/1642/1642
f 1569/1668/1668 525/1679/1679 1049/1669/1669
f 253/1670/1670 1569/1668/1668 2116/1666/1666
f 1046/1671/1671 2117/1673/1673 1036/1637/1637
f 524/1672/1672 1567/1674/1674 2117/1673/1673
f 2117/1673/1673 1566/1667/1667 519/1639/1639
f 1567/1674/1674 253/1670/1670 1566/1667/1667
f 2118/1675/1675 1047/1677/1677 58/583/583
f 1568/1676/1676 2118/1675/1675 759/587/587
f 1567/1674/1674 524/1672/1672 1047/1677/1677
f 253/1670/1670 1567/1674/1674 2118/1675/1675
f 1048/1678/1678 2119/1680/1680 758/576/576
f 525/1679/1679 1569/1668/1668 2119/1680/1680
f 2119/1680/1680 1568/1676/1676 380/579/579
f 1569/1668/1668 253/1670/1670 1568/1676/1676
f 2120/1681/1681 1057/1687/1687 133/1682/1682
f 1570/1684/1684 2120/1681/1681 1050/1683/1683
f 1573/1686/1686 529/1704/1704 1057/1687/1687
f 254/1688/1688 1573/1686/1686 2120/1681/1681
f 1052/1689/1689 2121/1693/1693 1051/1690/1690
f 527/1692/1692 1571/1694/1694 2121/1693/1693
f 2121/1693/1693 1570/1684/1684 526/1685/1685
f 1571/1694/1694 254/1688/1688 1570/1684/1684
f 2122/1695/1695 1053/1700/1700 135/1696/1696
f 1572/1698/1698 2122/1695/1695 1054/1697/1697
f 1571/1694/1694 527/1692/1692 1053/1700/1700
f 254/1688/1688 1571/1694/1694 2122/1695/1695
f 1056/1701/1701 2123/1705/1705 1055/1702/1702
f 529/1704/1704 1573/1686/1686 2123/1705/1705
f 2123/1705/1705 1572/1698/1698 528/1699/1699
f 1573/1686/1686 254/1688/1688 1572/1698/1698
f 2124/1706/1706 1063/1712/1712 137/1707/1707
f 1574/1709/1709 2124/1706/1706 1058/1708/1708
f 1577/1711/1711 532/1724/1724 1063/1712/1712
f 255/1713/1713 1577/1711/1711 2124/1706/1706
f 1060/1714/1714 2125/1718/1718 1059/1715/1715
f 531/1717/1717 1575/1719/1719 2125/1718/1718
f 2125/1718/1718 1574/1709/1709 530/1710/1710
f 1575/1719/1719 255/1713/1713 1574/1709/1709
f 2126/1720/1720 1061/1722/1722 126/1611/1611
f 1576/1721/1721 2126/1720/1720 1027/1610/1610
f 1575/1719/1719 531/1717/1717 1061/1722/1722
f 255/1713/1713 1575/1719/1719 2126/1720/1720
f 1062/1723/1723 2127/1725/1725 1026/1603/1603
f 532/1724/1724 1577/1711/1711 2127/1725/1725
f 2127/1725/1725 1576/1721/1721 514/1605/1605
f 1577/1711/1711 255/1713/1713 1576/1721/1721
f 2128/1726/1726 1071/1732/1732 139/1727/1727
f 1578/1729/1729 2128/1726/1726 1064/1728/1728
f 1581/1731/1731 536/1749/1749 1071/1732/1732
f 256/1733/1733 1581/1731/1731 2128/1726/1726
f 1066/1734/1734 2129/1738/1738 1065/1735/1735
f 534/1737/1737 1579/1739/1739 2129/1738/1738
f 2129/1738/1738 1578/1729/1729 533/1730/1730
f 1579/1739/1739 256/1733/1733 1578/1729/1729
f 2130/1740/1740 1067/1745/1745 141/1741/1741
f 1580/1743/1743 2130/1740/1740 1068/1742/1742
f 1579/1739/1739 534/1737/1737 1067/1745/1745
f 256/1733/1733 1579/1739/1739 2130/1740/1740
f 1070/1746/1746 2131/1750/1750 1069/1747/1747
f 536/1749/1749 1581/1731/1731 2131/1750/1750
f 2131/1750/1750 1580/1743/1743 535/1744/1744
f 1581/1731/1731 256/1733/1733 1580/1743/1743
f 2132/1751/1751 1077/1757/1757 143/1752/1752
f 1582/1754/1754 2132/1751/1751 1072/1753/1753
f 1585/1756/1756 539/1769/1769 1077/1757/1757
f 257/1758/1758 1585/1756/1756 2132/1751/1751
f 1011/1537/1537 2133/1760/1760 1073/1759/1759
f 506/1554/1554 1583/1761/1761 2133/1760/1760
f 2133/1760/1760 1582/1754/1754 537/1755/1755
f 1583/1761/1761 257/1758/1758 1582/1754/1754
f 2134/1762/1762 1010/1551/1551 118/1553/1553
f 1584/1764/1764 2134/1762/1762 1074/1763/1763
f 1583/1761/1761 506/1554/1554 1010/1551/1551
f 257/1758/1758 1583/1761/1761 2134/1762/1762
f 1076/1766/1766 2135/1770/1770 1075/1767/1767
f 539/1769/1769 1585/1756/1756 2135/1770/1770
f 2135/1770/1770 1584/1764/1764 538/1765/1765
f 1585/1756/1756 257/1758/1758 1584/1764/1764
f 2136/1771/1771 1076/1766/1766 144/1768/1768
f 1586/1773/1773 2136/1771/1771 1078/1772/1772
f 1589/1775/1775 539/1769/1769 1076/1766/1766
f 258/1776/1776 1589/1775/1775 2136/1771/1771
f 1080/1777/1777 2137/1781/1781 1079/1778/1778
f 541/1780/1780 1587/1782/1782 2137/1781/1781
f 2137/1781/1781 1586/1773/1773 540/1774/1774
f 1587/1782/1782 258/1776/1776 1586/1773/1773
f 2138/1783/1783 1081/1788/1788 146/1784/1784
f 1588/1786/1786 2138/1783/1783 1082/1785/1785
f 1587/1782/1782 541/1780/1780 1081/1788/1788
f 258/1776/1776 1587/1782/1782 2138/1783/1783
f 1077/1757/1757 2139/1790/1790 1083/1789/1789
f 539/1769/1769 1589/1775/1775 2139/1790/1790
f 2139/1790/1790 1588/1786/1786 542/1787/1787
f 1589/1775/1775 258/1776/1776 1588/1786/1786
f 2140/1791/1791 1089/1794/1794 135/1696/1696
f 1590/1792/1792 2140/1791/1791 1053/1700/1700
f 1593/1793/1793 545/1809/1809 1089/1794/1794
f 259/1795/1795 1593/1793/1793 2140/1791/1791
f 1084/1796/1796 2141/1798/1798 1052/1689/1689
f 543/1797/1797 1591/1799/1799 2141/1798/1798
f 2141/1798/1798 1590/1792/1792 527/1692/1692
f 1591/1799/1799 259/1795/1795 1590/1792/1792
f 2142/1800/1800 1085/1805/1805 147/1801/1801
f 1592/1803/1803 2142/1800/1800 1086/1802/1802
f 1591/1799/1799 543/1797/1797 1085/1805/1805
f 259/1795/1795 1591/1799/1799 2142/1800/1800
f 1088/1806/1806 2143/1810/1810 1087/1807/1807
f 545/1809/1809 1593/1793/1793 2143/1810/1810
f 2143/1810/1810 1592/1803/1803 544/1804/1804
f 1593/1793/1793 259/1795/1795 1592/1803/1803
f 2144/1811/1811 1042/1652/1652 131/1654/1654
f 1594/1813/1813 2144/1811/1811 1090/1812/1812
f 1597/1815/1815 522/1655/1655 1042/1652/1652
f 260/1816/1816 1597/1815/1815 2144/1811/1811
f 1019/1562/1562 2145/1818/1818 1091/1817/1817
f 510/1579/1579 1595/1819/1819 2145/1818/1818
f 2145/1818/1818 1594/1813/1813 546/1814/1814
f 1595/1819/1819 260/1816/1816 1594/1813/1813
f 2146/1820/1820 1018/1576/1576 122/1578/1578
f 1596/1822/1822 2146/1820/1820 1092/1821/1821
f 1595/1819/1819 510/1579/1579 1018/1576/1576
f 260/1816/1816 1595/1819/1819 2146/1820/1820
f 1043/1663/1663 2147/1825/1825 1093/1824/1824
f 522/1655/1655 1597/1815/1815 2147/1825/1825
f 2147/1825/1825 1596/1822/1822 547/1823/1823
f 1597/1815/1815 260/1816/1816 1596/1822/1822
f 2148/1826/1826 1099/1832/1832 149/1827/1827
f 1598/1829/1829 2148/1826/1826 1094/1828/1828
f 1601/1831/1831 550/1844/1844 1099/1832/1832
f 261/1833/1833 1601/1831/1831 2148/1826/1826
f 1071/1732/1732 2149/1835/1835 1095/1834/1834
f 536/1749/1749 1599/1836/1836 2149/1835/1835
f 2149/1835/1835 1598/1829/1829 548/1830/1830
f 1599/1836/1836 261/1833/1833 1598/1829/1829
f 2150/1837/1837 1070/1746/1746 142/1748/1748
f 1600/1839/1839 2150/1837/1837 1096/1838/1838
f 1599/1836/1836 536/1749/1749 1070/1746/1746
f 261/1833/1833 1599/1836/1836 2150/1837/1837
f 1098/1841/1841 2151/1845/1845 1097/1842/1842
f 550/1844/1844 1601/1831/1831 2151/1845/1845
f 2151/1845/1845 1600/1839/1839 549/1840/1840
f 1601/1831/1831 261/1833/1833 1600/1839/1839
f 2152/1846/1846 1014/1564/1564 120/1566/1566
f 1602/1848/1848 2152/1846/1846 1100/1847/1847
f 1605/1850/1850 508/1567/1567 1014/1564/1564
f 262/1851/1851 1605/1850/1850 2152/1846/1846
f 1102/1852/1852 2153/1856/1856 1101/1853/1853
f 552/1855/1855 1603/1857/1857 2153/1856/1856
f 2153/1856/1856 1602/1848/1848 551/1849/1849
f 1603/1857/1857 262/1851/1851 1602/1848/1848
f 2154/1858/1858 1103/1863/1863 152/1859/1859
f 1604/1861/1861 2154/1858/1858 1104/1860/1860
f 1603/1857/1857 552/1855/1855 1103/1863/1863
f 262/1851/1851 1603/1857/1857 2154/1858/1858
f 1015/1575/1575 2155/1865/1865 1105/1864/1864
f 508/1567/1567 1605/1850/1850 2155/1865/1865
f 2155/1865/1865 1604/1861/1861 553/1862/1862
f 1605/1850/1850 262/1851/1851 1604/1861/1861
f 2156/1866/1866 1066/1734/1734 140/1736/1736
f 1606/1868/1868 2156/1866/1866 1106/1867/1867
f 1609/1870/1870 534/1737/1737 1066/1734/1734
f 263/1871/1871 1609/1870/1870 2156/1866/1866
f 1021/1590/1590 2157/1873/1873 1107/1872/1872
f 511/1585/1585 1607/1874/1874 2157/1873/1873
f 2157/1873/1873 1606/1868/1868 554/1869/1869
f 1607/1874/1874 263/1871/1871 1606/1868/1868
f 2158/1875/1875 1020/1583/1583 123/1582/1582
f 1608/1877/1877 2158/1875/1875 1108/1876/1876
f 1607/1874/1874 511/1585/1585 1020/1583/1583
f 263/1871/1871 1607/1874/1874 2158/1875/1875
f 1067/1745/1745 2159/1880/1880 1109/1879/1879
f 534/1737/1737 1609/1870/1870 2159/1880/1880
f 2159/1880/1880 1608/1877/1877 555/1878/1878
f 1609/1870/1870 263/1871/1871 1608/1877/1877
f 2160/1881/1881 1058/1708/1708 137/1707/1707
f 1610/1883/1883 2160/1881/1881 1110/1882/1882
f 1613/1885/1885 530/1710/1710 1058/1708/1708
f 264/1886/1886 1613/1885/1885 2160/1881/1881
f 1112/1887/1887 2161/1890/1890 1111/1888/1888
f 557/1889/1889 1611/1891/1891 2161/1890/1890
f 2161/1890/1890 1610/1883/1883 556/1884/1884
f 1611/1891/1891 264/1886/1886 1610/1883/1883
f 2162/1892/1892 1113/1897/1897 153/1893/1893
f 1612/1895/1895 2162/1892/1892 1114/1894/1894
f 1611/1891/1891 557/1889/1889 1113/1897/1897
f 264/1886/1886 1611/1891/1891 2162/1892/1892
f 1059/1715/1715 2163/1899/1899 1115/1898/1898
f 530/1710/1710 1613/1885/1885 2163/1899/1899
f 2163/1899/1899 1612/1895/1895 558/1896/1896
f 1613/1885/1885 264/1886/1886 1612/1895/1895
f 2164/1900/1900 1119/1903/1903 146/1784/1784
f 1614/1901/1901 2164/1900/1900 1081/1788/1788
f 1617/1902/1902 560/1913/1913 1119/1903/1903
f 265/1904/1904 1617/1902/1902 2164/1900/1900
f 1116/1905/1905 2165/1907/1907 1080/1777/1777
f 559/1906/1906 1615/1908/1908 2165/1907/1907
f 2165/1907/1907 1614/1901/1901 541/1780/1780
f 1615/1908/1908 265/1904/1904 1614/1901/1901
f 2166/1909/1909 1117/1911/1911 148/1808/1808
f 1616/1910/1910 2166/1909/1909 1087/1807/1807
f 1615/1908/1908 559/1906/1906 1117/1911/1911
f 265/1904/1904 1615/1908/1908 2166/1909/1909
f 1118/1912/1912 2167/1914/1914 1086/1802/1802
f 560/1913/1913 1617/1902/1902 2167/1914/1914
f 2167/1914/1914 1616/1910/1910 544/1804/1804
f 1617/1902/1902 265/1904/1904 1616/1910/1910
f 2168/1915/1915 1123/1918/1918 149/1827/1827
f 1618/1916/1916 2168/1915/1915 1099/1832/1832
f 1621/1917/1917 562/1928/1928 1123/1918/1918
f 266/1919/1919 1621/1917/1917 2168/1915/1915
f 1120/1920/1920 2169/1922/1922 1098/1841/1841
f 561/1921/1921 1619/1923/1923 2169/1922/1922
f 2169/1922/1922 1618/1916/1916 550/1844/1844
f 1619/1923/1923 266/1919/1919 1618/1916/1916
f 2170/1924/1924 1121/1926/1926 152/1859/1859
f 1620/1925/1925 2170/1924/1924 1103/1863/1863
f 1619/1923/1923 561/1921/1921 1121/1926/1926
f 266/1919/1919 1619/1923/1923 2170/1924/1924
f 1122/1927/1927 2171/1929/1929 1102/1852/1852
f 562/1928/1928 1621/1917/1917 2171/1929/1929
f 2171/1929/1929 1620/1925/1925 552/1855/1855
f 1621/1917/1917 266/1919/1919 1620/1925/1925
f 2172/1930/1930 1127/1933/1933 116/1541/1541
f 1622/1931/1931 2172/1930/1930 1005/1540/1540
f 1625/1932/1932 564/1943/1943 1127/1933/1933
f 267/1934/1934 1625/1932/1932 2172/1930/1930
f 1124/1935/1935 2173/1937/1937 1004/1533/1533
f 563/1936/1936 1623/1938/1938 2173/1937/1937
f 2173/1937/1937 1622/1931/1931 503/1535/1535
f 1623/1938/1938 267/1934/1934 1622/1931/1931
f 2174/1939/1939 1125/1941/1941 85/1124/1124
f 1624/1940/1940 2174/1939/1939 903/1129/1129
f 1623/1938/1938 563/1936/1936 1125/1941/1941
f 267/1934/1934 1623/1938/1938 2174/1939/1939
f 1126/1942/1942 2175/1944/1944 902/1143/1143
f 564/1943/1943 1625/1932/1932 2175/1944/1944
f 2175/1944/1944 1624/1940/1940 452/1146/1146
f 1625/1932/1932 267/1934/1934 1624/1940/1940
f 2176/1945/1945 1131/1948/1948 120/1566/1566
f 1626/1946/1946 2176/1945/1945 1013/1565/1565
f 1629/1947/1947 566/1958/1958 1131/1948/1948
f 268/1949/1949 1629/1947/1947 2176/1945/1945
f 1128/1950/1950 2177/1952/1952 1012/1558/1558
f 565/1951/1951 1627/1953/1953 2177/1952/1952
f 2177/1952/1952 1626/1946/1946 507/1560/1560
f 1627/1953/1953 268/1949/1949 1626/1946/1946
f 2178/1954/1954 1129/1956/1956 89/1149/1149
f 1628/1955/1955 2178/1954/1954 911/1154/1154
f 1627/1953/1953 565/1951/1951 1129/1956/1956
f 268/1949/1949 1627/1953/1953 2178/1954/1954
f 1130/1957/1957 2179/1959/1959 910/1168/1168
f 566/1958/1958 1629/1947/1947 2179/1959/1959
f 2179/1959/1959 1628/1955/1955 456/1171/1171
f 1629/1947/1947 268/1949/1949 1628/1955/1955
f 2180/1960/1960 844/870/870 47/495/495
f 1630/1961/1961 2180/1960/1960 1023/1597/1597
f 1633/1962/1962 423/872/872 844/870/870
f 269/1963/1963 1633/1962/1962 2180/1960/1960
f 1132/1964/1964 2181/1966/1966 1022/1589/1589
f 567/1965/1965 1631/1967/1967 2181/1966/1966
f 2181/1966/1966 1630/1961/1961 512/1592/1592
f 1631/1967/1967 269/1963/1963 1630/1961/1961
f 2182/1968/1968 1133/1970/1970 96/1210/1210
f 1632/1969/1969 2182/1968/1968 921/1209/1209
f 1631/1967/1967 567/1965/1965 1133/1970/1970
f 269/1963/1963 1631/1967/1967 2182/1968/1968
f 845/875/875 2183/1971/1971 920/1205/1205
f 423/872/872 1633/1962/1962 2183/1971/1971
f 2183/1971/1971 1632/1969/1969 461/1207/1207
f 1633/1962/1962 269/1963/1963 1632/1969/1969
f 2184/1972/1972 1137/1975/1975 125/1602/1602
f 1634/1973/1973 2184/1972/1972 1033/1607/1607
f 1637/1974/1974 569/1985/1985 1137/1975/1975
f 270/1976/1976 1637/1974/1974 2184/1972/1972
f 1134/1977/1977 2185/1979/1979 1032/1621/1621
f 568/1978/1978 1635/1980/1980 2185/1979/1979
f 2185/1979/1979 1634/1973/1973 517/1624/1624
f 1635/1980/1980 270/1976/1976 1634/1973/1973
f 2186/1981/1981 1135/1983/1983 97/1214/1214
f 1636/1982/1982 2186/1981/1981 931/1219/1219
f 1635/1980/1980 568/1978/1978 1135/1983/1983
f 270/1976/1976 1635/1980/1980 2186/1981/1981
f 1136/1984/1984 2187/1986/1986 930/1232/1232
f 569/1985/1985 1637/1974/1974 2187/1986/1986
f 2187/1986/1986 1636/1982/1982 466/1235/1235
f 1637/1974/1974 270/1976/1976 1636/1982/1982
f 2188/1987/1987 1134/1977/1977 128/1623/1623
f 1638/1988/1988 2188/1987/1987 1039/1629/1629
f 1641/1989/1989 568/1978/1978 1134/1977/1977
f 271/1990/1990 1641/1989/1989 2188/1987/1987
f 1138/1991/1991 2189/1993/1993 1038/1641/1641
f 570/1992/1992 1639/1994/1994 2189/1993/1993
f 2189/1993/1993 1638/1988/1988 520/1644/1644
f 1639/1994/1994 271/1990/1990 1638/1988/1988
f 2190/1995/1995 1139/1997/1997 102/1258/1258
f 1640/1996/1996 2190/1995/1995 937/1257/1257
f 1639/1994/1994 570/1992/1992 1139/1997/1997
f 271/1990/1990 1639/1994/1994 2190/1995/1995
f 1135/1983/1983 2191/1998/1998 936/1252/1252
f 568/1978/1978 1641/1989/1989 2191/1998/1998
f 2191/1998/1998 1640/1996/1996 469/1254/1254
f 1641/1989/1989 271/1990/1990 1640/1996/1996
f 2192/1999/1999 1141/2002/2002 131/1654/1654
f 1642/2000/2000 2192/1999/1999 1041/1653/1653
f 1645/2001/2001 571/2009/2009 1141/2002/2002
f 272/2003/2003 1645/2001/2001 2192/1999/1999
f 1127/1933/1933 2193/2004/2004 1040/1647/1647
f 564/1943/1943 1643/2005/2005 2193/2004/2004
f 2193/2004/2004 1642/2000/2000 521/1649/1649
f 1643/2005/2005 272/2003/2003 1642/2000/2000
f 2194/2006/2006 1126/1942/1942 88/1145/1145
f 1644/2007/2007 2194/2006/2006 953/1287/1287
f 1643/2005/2005 564/1943/1943 1126/1942/1942
f 272/2003/2003 1643/2005/2005 2194/2006/2006
f 1140/2008/2008 2195/2010/2010 952/1299/1299
f 571/2009/2009 1645/2001/2001 2195/2010/2010
f 2195/2010/2010 1644/2007/2007 477/1302/1302
f 1645/2001/2001 272/2003/2003 1644/2007/2007
f 2196/2011/2011 1138/1991/1991 130/1643/1643
f 1646/2012/2012 2196/2011/2011 1049/1669/1669
f 1649/2013/2013 570/1992/1992 1138/1991/1991
f 273/2014/2014 1649/2013/2013 2196/2011/2011
f 857/933/933 2197/2015/2015 1048/1678/1678
f 429/932/932 1647/2016/2016 2197/2015/2015
f 2197/2015/2015 1646/2012/2012 525/1679/1679
f 1647/2016/2016 273/2014/2014 1646/2012/2012
f 2198/2017/2017 856/930/930 28/202/202
f 1648/2018/2018 2198/2017/2017 957/1317/1317
f 1647/2016/2016 429/932/932 856/930/930
f 273/2014/2014 1647/2016/2016 2198/2017/2017
f 1139/1997/1997 2199/2019/2019 956/1314/1314
f 570/1992/1992 1649/2013/2013 2199/2019/2019
f 2199/2019/2019 1648/2018/2018 479/1316/1316
f 1649/2013/2013 273/2014/2014 1648/2018/2018
f 2200/2020/2020 1145/2023/2023 134/1691/1691
f 1650/2021/2021 2200/2020/2020 1051/1690/1690
f 1653/2022/2022 573/2033/2033 1145/2023/2023
f 274/2024/2024 1653/2022/2022 2200/2020/2020
f 1142/2025/2025 2201/2027/2027 1050/1683/1683
f 572/2026/2026 1651/2028/2028 2201/2027/2027
f 2201/2027/2027 1650/2021/2021 526/1685/1685
f 1651/2028/2028 274/2024/2024 1650/2021/2021
f 2202/2029/2029 1143/2031/2031 109/1355/1355
f 1652/2030/2030 2202/2029/2029 967/1354/1354
f 1651/2028/2028 572/2026/2026 1143/2031/2031
f 274/2024/2024 1651/2028/2028 2202/2029/2029
f 1144/2032/2032 2203/2034/2034 966/1349/1349
f 573/2033/2033 1653/2022/2022 2203/2034/2034
f 2203/2034/2034 1652/2030/2030 484/1351/1351
f 1653/2022/2022 274/2024/2024 1652/2030/2030
f 2204/2035/2035 1147/2038/2038 137/1707/1707
f 1654/2036/2036 2204/2035/2035 1063/1712/1712
f 1657/2037/2037 574/2045/2045 1147/2038/2038
f 275/2039/2039 1657/2037/2037 2204/2035/2035
f 1137/1975/1975 2205/2040/2040 1062/1723/1723
f 569/1985/1985 1655/2041/2041 2205/2040/2040
f 2205/2040/2040 1654/2036/2036 532/1724/1724
f 1655/2041/2041 275/2039/2039 1654/2036/2036
f 2206/2042/2042 1136/1984/1984 99/1234/1234
f 1656/2043/2043 2206/2042/2042 969/1341/1341
f 1655/2041/2041 569/1985/1985 1136/1984/1984
f 275/2039/2039 1655/2041/2041 2206/2042/2042
f 1146/2044/2044 2207/2046/2046 968/1353/1353
f 574/2045/2045 1657/2037/2037 2207/2046/2046
f 2207/2046/2046 1656/2043/2043 485/1356/1356
f 1657/2037/2037 275/2039/2039 1656/2043/2043
f 2208/2047/2047 1151/2050/2050 140/1736/1736
f 1658/2048/2048 2208/2047/2047 1065/1735/1735
f 1661/2049/2049 576/2060/2060 1151/2050/2050
f 276/2051/2051 1661/2049/2049 2208/2047/2047
f 1148/2052/2052 2209/2054/2054 1064/1728/1728
f 575/2053/2053 1659/2055/2055 2209/2054/2054
f 2209/2054/2054 1658/2048/2048 533/1730/1730
f 1659/2055/2055 276/2051/2051 1658/2048/2048
f 2210/2056/2056 1149/2058/2058 111/1390/1390
f 1660/2057/2057 2210/2056/2056 977/1389/1389
f 1659/2055/2055 575/2053/2053 1149/2058/2058
f 276/2051/2051 1659/2055/2055 2210/2056/2056
f 1150/2059/2059 2211/2061/2061 976/1384/1384
f 576/2060/2060 1661/2049/2049 2211/2061/2061
f 2211/2061/2061 1660/2057/2057 489/1386/1386
f 1661/2049/2049 276/2051/2051 1660/2057/2057
f 2212/2062/2062 1124/1935/1935 115/1532/1532
f 1662/2063/2063 2212/2062/2062 1073/1759/1759
f 1665/2064/2064 563/1936/1936 1124/1935/1935
f 277/2065/2065 1665/2064/2064 2212/2062/2062
f 1152/2066/2066 2213/2068/2068 1072/1753/1753
f 577/2067/2067 1663/2069/2069 2213/2068/2068
f 2213/2068/2068 1662/2063/2063 537/1755/1755
f 1663/2069/2069 277/2065/2065 1662/2063/2063
f 2214/2070/2070 1153/2072/2072 112/1402/1402
f 1664/2071/2071 2214/2070/2070 981/1406/1406
f 1663/2069/2069 577/2067/2067 1153/2072/2072
f 277/2065/2065 1663/2069/2069 2214/2070/2070
f 1125/1941/1941 2215/2073/2073 980/1397/1397
f 563/1936/1936 1665/2064/2064 2215/2073/2073
f 2215/2073/2073 1664/2071/2071 491/1398/1398
f 1665/2064/2064 277/2065/2065 1664/2071/2071
f 2216/2074/2074 1152/2066/2066 143/1752/1752
f 1666/2075/2075 2216/2074/2074 1083/1789/1789
f 1669/2076/2076 577/2067/2067 1152/2066/2066
f 278/2077/2077 1669/2076/2076 2216/2074/2074
f 1154/2078/2078 2217/2080/2080 1082/1785/1785
f 578/2079/2079 1667/2081/2081 2217/2080/2080
f 2217/2080/2080 1666/2075/2075 542/1787/1787
f 1667/2081/2081 278/2077/2077 1666/2075/2075
f 2218/2082/2082 1155/2084/2084 113/1439/1439
f 1668/2083/2083 2218/2082/2082 993/1443/1443
f 1667/2081/2081 578/2079/2079 1155/2084/2084
f 278/2077/2077 1667/2081/2081 2218/2082/2082
f 1153/2072/2072 2219/2085/2085 992/1434/1434
f 577/2067/2067 1669/2076/2076 2219/2085/2085
f 2219/2085/2085 1668/2083/2083 497/1435/1435
f 1669/2076/2076 278/2077/2077 1668/2083/2083
f 2220/2086/2086 1157/2089/2089 147/1801/1801
f 1670/2087/2087 2220/2086/2086 1085/1805/1805
f 1673/2088/2088 579/2096/2096 1157/2089/2089
f 279/2090/2090 1673/2088/2088 2220/2086/2086
f 1145/2023/2023 2221/2091/2091 1084/1796/1796
f 573/2033/2033 1671/2092/2092 2221/2091/2091
f 2221/2091/2091 1670/2087/2087 543/1797/1797
f 1671/2092/2092 279/2090/2090 1670/2087/2087
f 2222/2093/2093 1144/2032/2032 108/1348/1348
f 1672/2094/2094 2222/2093/2093 995/1444/1444
f 1671/2092/2092 573/2033/2033 1144/2032/2032
f 279/2090/2090 1671/2092/2092 2222/2093/2093
f 1156/2095/2095 2223/2097/2097 994/1440/1440
f 579/2096/2096 1673/2088/2088 2223/2097/2097
f 2223/2097/2097 1672/2094/2094 498/1442/1442
f 1673/2088/2088 279/2090/2090 1672/2094/2094
f 2224/2098/2098 1128/1950/1950 119/1557/1557
f 1674/2099/2099 2224/2098/2098 1091/1817/1817
f 1677/2100/2100 565/1951/1951 1128/1950/1950
f 280/2101/2101 1677/2100/2100 2224/2098/2098
f 1141/2002/2002 2225/2102/2102 1090/1812/1812
f 571/2009/2009 1675/2103/2103 2225/2102/2102
f 2225/2102/2102 1674/2099/2099 546/1814/1814
f 1675/2103/2103 280/2101/2101 1674/2099/2099
f 2226/2104/2104 1140/2008/2008 106/1301/1301
f 1676/2105/2105 2226/2104/2104 997/1458/1458
f 1675/2103/2103 571/2009/2009 1140/2008/2008
f 280/2101/2101 1675/2103/2103 2226/2104/2104
f 1129/1956/1956 2227/2106/2106 996/1464/1464
f 565/1951/1951 1677/2100/2100 2227/2106/2106
f 2227/2106/2106 1676/2105/2105 499/1465/1465
f 1677/2100/2100 280/2101/2101 1676/2105/2105
f 2228/2107/2107 1148/2052/2052 139/1727/1727
f 1678/2108/2108 2228/2107/2107 1095/1834/1834
f 1681/2109/2109 575/2053/2053 1148/2052/2052
f 281/2110/2110 1681/2109/2109 2228/2107/2107
f 1158/2111/2111 2229/2113/2113 1094/1828/1828
f 580/2112/2112 1679/2114/2114 2229/2113/2113
f 2229/2113/2113 1678/2108/2108 548/1830/1830
f 1679/2114/2114 281/2110/2110 1678/2108/2108
f 2230/2115/2115 1159/2117/2117 114/1498/1498
f 1680/2116/2116 2230/2115/2115 999/1497/1497
f 1679/2114/2114 580/2112/2112 1159/2117/2117
f 281/2110/2110 1679/2114/2114 2230/2115/2115
f 1149/2058/2058 2231/2118/2118 998/1493/1493
f 575/2053/2053 1681/2109/2109 2231/2118/2118
f 2231/2118/2118 1680/2116/2116 500/1495/1495
f 1681/2109/2109 281/2110/2110 1680/2116/2116
f 2232/2119/2119 1161/2122/2122 151/1854/1854
f 1682/2120/2120 2232/2119/2119 1101/1853/1853
f 1685/2121/2121 581/2129/2129 1161/2122/2122
f 282/2123/2123 1685/2121/2121 2232/2119/2119
f 1131/1948/1948 2233/2124/2124 1100/1847/1847
f 566/1958/1958 1683/2125/2125 2233/2124/2124
f 2233/2124/2124 1682/2120/2120 551/1849/1849
f 1683/2125/2125 282/2123/2123 1682/2120/2120
f 2234/2126/2126 1130/1957/1957 92/1170/1170
f 1684/2127/2127 2234/2126/2126 1001/1488/1488
f 1683/2125/2125 566/1958/1958 1130/1957/1957
f 282/2123/2123 1683/2125/2125 2234/2126/2126
f 1160/2128/2128 2235/2130/2130 1000/1496/1496
f 581/2129/2129 1685/2121/2121 2235/2130/2130
f 2235/2130/2130 1684/2127/2127 501/1499/1499
f 1685/2121/2121 282/2123/2123 1684/2127/2127
f 2236/2131/2131 1132/1964/1964 124/1591/1591
f 1686/2132/2132 2236/2131/2131 1107/1872/1872
f 1689/2133/2133 567/1965/1965 1132/1964/1964
f 283/2134/2134 1689/2133/2133 2236/2131/2131
f 1151/2050/2050 2237/2135/2135 1106/1867/1867
f 576/2060/2060 1687/2136/2136 2237/2135/2135
f 2237/2135/2135 1686/2132/2132 554/1869/1869
f 1687/2136/2136 283/2134/2134 1686/2132/2132
f 2238/2137/2137 1150/2059/2059 110/1383/1383
f 1688/2138/2138 2238/2137/2137 1003/1516/1516
f 1687/2136/2136 576/2060/2060 1150/2059/2059
f 283/2134/2134 1687/2136/2136 2238/2137/2137
f 1133/1970/1970 2239/2139/2139 1002/1511/1511
f 567/1965/1965 1689/2133/2133 2239/2139/2139
f 2239/2139/2139 1688/2138/2138 502/1513/1513
f 1689/2133/2133 283/2134/2134 1688/2138/2138
f 2240/2140/2140 1167/2143/2143 127/1616/1616
f 1690/2141/2141 2240/2140/2140 1029/1620/1620
f 1693/2142/2142 584/2158/2158 1167/2143/2143
f 284/2144/2144 1693/2142/2142 2240/2140/2140
f 1162/2145/2145 2241/2147/2147 1028/1609/1609
f 582/2146/2146 1691/2148/2148 2241/2147/2147
f 2241/2147/2147 1690/2141/2141 515/1612/1612
f 1691/2148/2148 284/2144/2144 1690/2141/2141
f 2242/2149/2149 1163/2154/2154 154/2150/2150
f 1692/2152/2152 2242/2149/2149 1164/2151/2151
f 1691/2148/2148 582/2146/2146 1163/2154/2154
f 284/2144/2144 1691/2148/2148 2242/2149/2149
f 1166/2155/2155 2243/2159/2159 1165/2156/2156
f 584/2158/2158 1693/2142/2142 2243/2159/2159
f 2243/2159/2159 1692/2152/2152 583/2153/2153
f 1693/2142/2142 284/2144/2144 1692/2152/2152
f 2244/2160/2160 1171/2163/2163 129/1636/1636
f 1694/2161/2161 2244/2160/2160 1035/1640/1640
f 1697/2162/2162 586/2174/2174 1171/2163/2163
f 285/2164/2164 1697/2162/2162 2244/2160/2160
f 1167/2143/2143 2245/2165/2165 1034/1631/1631
f 584/2158/2158 1695/2166/2166 2245/2165/2165
f 2245/2165/2165 1694/2161/2161 518/1632/1632
f 1695/2166/2166 285/2164/2164 1694/2161/2161
f 2246/2167/2167 1166/2155/2155 155/2157/2157
f 1696/2169/2169 2246/2167/2167 1168/2168/2168
f 1695/2166/2166 584/2158/2158 1166/2155/2155
f 285/2164/2164 1695/2166/2166 2246/2167/2167
f 1170/2171/2171 2247/2175/2175 1169/2172/2172
f 586/2174/2174 1697/2162/2162 2247/2175/2175
f 2247/2175/2175 1696/2169/2169 585/2170/2170
f 1697/2162/2162 285/2164/2164 1696/2169/2169
f 2248/2176/2176 888/1092/1092 58/583/583
f 1698/2177/2177 2248/2176/2176 1047/1677/1677
f 1701/2178/2178 445/1094/1094 888/1092/1092
f 286/2179/2179 1701/2178/2178 2248/2176/2176
f 1171/2163/2163 2249/2180/2180 1046/1671/1671
f 586/2174/2174 1699/2181/2181 2249/2180/2180
f 2249/2180/2180 1698/2177/2177 524/1672/1672
f 1699/2181/2181 286/2179/2179 1698/2177/2177
f 2250/2182/2182 1170/2171/2171 156/2173/2173
f 1700/2184/2184 2250/2182/2182 1172/2183/2183
f 1699/2181/2181 586/2174/2174 1170/2171/2171
f 286/2179/2179 1699/2181/2181 2250/2182/2182
f 889/1098/1098 2251/2187/2187 1173/2186/2186
f 445/1094/1094 1701/2178/2178 2251/2187/2187
f 2251/2187/2187 1700/2184/2184 587/2185/2185
f 1701/2178/2178 286/2179/2179 1700/2184/2184
f 2252/2188/2188 1162/2145/2145 126/1611/1611
f 1702/2189/2189 2252/2188/2188 1061/1722/1722
f 1705/2190/2190 582/2146/2146 1162/2145/2145
f 287/2191/2191 1705/2190/2190 2252/2188/2188
f 1174/2192/2192 2253/2194/2194 1060/1714/1714
f 588/2193/2193 1703/2195/2195 2253/2194/2194
f 2253/2194/2194 1702/2189/2189 531/1717/1717
f 1703/2195/2195 287/2191/2191 1702/2189/2189
f 2254/2196/2196 1175/2201/2201 157/2197/2197
f 1704/2199/2199 2254/2196/2196 1176/2198/2198
f 1703/2195/2195 588/2193/2193 1175/2201/2201
f 287/2191/2191 1703/2195/2195 2254/2196/2196
f 1163/2154/2154 2255/2203/2203 1177/2202/2202
f 582/2146/2146 1705/2190/2190 2255/2203/2203
f 2255/2203/2203 1704/2199/2199 589/2200/2200
f 1705/2190/2190 287/2191/2191 1704/2199/2199
f 2256/2204/2204 826/806/806 59/591/591
f 1706/2205/2205 2256/2204/2204 861/948/948
f 1708/2206/2206 414/807/807 826/806/806
f 288/2207/2207 1708/2206/2206 2256/2204/2204
f 863/956/956 2257/2208/2208 860/945/945
f 432/953/953 1707/2209/2209 2257/2208/2208
f 2257/2208/2208 1706/2205/2205 431/947/947
f 1707/2209/2209 288/2207/2207 1706/2205/2205
f 2258/2210/2210 862/951/951 63/616/616
f 1708/2206/2206 2258/2210/2210 827/795/795
f 1707/2209/2209 432/953/953 862/951/951
f 288/2207/2207 1707/2209/2209 2258/2210/2210
f 2259/2211/2211 828/810/810 71/690/690
f 1709/2212/2212 2259/2211/2211 871/999/999
f 1711/2213/2213 415/812/812 828/810/810
f 289/2214/2214 1711/2213/2213 2259/2211/2211
f 873/1007/1007 2260/2215/2215 870/996/996
f 437/1004/1004 1710/2216/2216 2260/2215/2215
f 2260/2215/2215 1709/2212/2212 436/998/998
f 1710/2216/2216 289/2214/2214 1709/2212/2212
f 2261/2217/2217 872/1002/1002 74/713/713
f 1711/2213/2213 2261/2217/2217 829/815/815
f 1710/2216/2216 437/1004/1004 872/1002/1002
f 289/2214/2214 1710/2216/2216 2261/2217/2217
f 2262/2218/2218 832/825/825 75/736/736
f 1712/2219/2219 2262/2218/2218 875/1032/1032
f 1714/2220/2220 417/827/827 832/825/825
f 290/2221/2221 1714/2220/2220 2262/2218/2218
f 877/1040/1040 2263/2222/2222 874/1029/1029
f 439/1037/1037 1713/2223/2223 2263/2222/2222
f 2263/2222/2222 1712/2219/2219 438/1031/1031
f 1713/2223/2223 290/2221/2221 1712/2219/2219
f 2264/2224/2224 876/1035/1035 78/772/772
f 1714/2220/2220 2264/2224/2224 833/830/830
f 1713/2223/2223 439/1037/1037 876/1035/1035
f 290/2221/2221 1713/2223/2223 2264/2224/2224
f 2265/2225/2225 1179/2228/2228 79/799/799
f 1715/2226/2226 2265/2225/2225 823/798/798
f 1717/2227/2227 590/2234/2234 1179/2228/2228
f 291/2229/2229 1717/2227/2227 2265/2225/2225
f 775/621/621 2266/2230/2230 822/791/791
f 388/633/633 1716/2231/2231 2266/2230/2230
f 2266/2230/2230 1715/2226/2226 412/793/793
f 1716/2231/2231 291/2229/2229 1715/2226/2226
f 2267/2232/2232 774/630/630 64/632/632
f 1717/2227/2227 2267/2232/2232 1178/2233/2233
f 1716/2231/2231 388/633/633 774/630/630
f 291/2229/2229 1716/2231/2231 2267/2232/2232
f 2268/2235/2235 1178/2233/2233 64/632/632
f 1718/2236/2236 2268/2235/2235 895/1121/1121
f 1720/2237/2237 590/2234/2234 1178/2233/2233
f 292/2238/2238 1720/2237/2237 2268/2235/2235
f 1180/2239/2239 2269/2241/2241 894/1117/1117
f 591/2240/2240 1719/2242/2242 2269/2241/2241
f 2269/2241/2241 1718/2236/2236 448/1119/1119
f 1719/2242/2242 292/2238/2238 1718/2236/2236
f 2270/2243/2243 1181/2244/2244 79/799/799
f 1720/2237/2237 2270/2243/2243 1179/2228/2228
f 1719/2242/2242 591/2240/2240 1181/2244/2244
f 292/2238/2238 1719/2242/2242 2270/2243/2243
f 2271/2245/2245 1142/2025/2025 133/1682/1682
f 1721/2247/2247 2271/2245/2245 1182/2246/2246
f 1723/2249/2249 572/2026/2026 1142/2025/2025
f 293/2250/2250 1723/2249/2249 2271/2245/2245
f 1147/2038/2038 2272/2252/2252 1183/2251/2251
f 574/2045/2045 1722/2253/2253 2272/2252/2252
f 2272/2252/2252 1721/2247/2247 592/2248/2248
f 1722/2253/2253 293/2250/2250 1721/2247/2247
f 2273/2254/2254 1146/2044/2044 109/1355/1355
f 1723/2249/2249 2273/2254/2254 1143/2031/2031
f 1722/2253/2253 574/2045/2045 1146/2044/2044
f 293/2250/2250 1722/2253/2253 2273/2254/2254
f 2274/2255/2255 1154/2078/2078 146/1784/1784
f 1724/2256/2256 2274/2255/2255 1119/1903/1903
f 1726/2257/2257 578/2079/2079 1154/2078/2078
f 294/2258/2258 1726/2257/2257 2274/2255/2255
f 1157/2089/2089 2275/2259/2259 1118/1912/1912
f 579/2096/2096 1725/2260/2260 2275/2259/2259
f 2275/2259/2259 1724/2256/2256 560/1913/1913
f 1725/2260/2260 294/2258/2258 1724/2256/2256
f 2276/2261/2261 1156/2095/2095 113/1439/1439
f 1726/2257/2257 2276/2261/2261 1155/2084/2084
f 1725/2260/2260 579/2096/2096 1156/2095/2095
f 294/2258/2258 1725/2260/2260 2276/2261/2261
f 2277/2262/2262 1158/2111/2111 149/1827/1827
f 1727/2263/2263 2277/2262/2262 1123/1918/1918
f 1729/2264/2264 580/2112/2112 1158/2111/2111
f 295/2265/2265 1729/2264/2264 2277/2262/2262
f 1161/2122/2122 2278/2266/2266 1122/1927/1927
f 581/2129/2129 1728/2267/2267 2278/2266/2266
f 2278/2266/2266 1727/2263/2263 562/1928/1928
f 1728/2267/2267 295/2265/2265 1727/2263/2263
f 2279/2268/2268 1160/2128/2128 114/1498/1498
f 1729/2264/2264 2279/2268/2268 1159/2117/2117
f 1728/2267/2267 581/2129/2129 1160/2128/2128
f 295/2265/2265 1728/2267/2267 2279/2268/2268
f 2280/2269/2269 1110/1882/1882 137/1707/1707
f 1730/2270/2270 2280/2269/2269 1183/2251/2251
f 1732/2271/2271 556/1884/1884 1110/1882/1882
f 296/2272/2272 1732/2271/2271 2280/2269/2269
f 1057/1687/1687 2281/2273/2273 1182/2246/2246
f 529/1704/1704 1731/2274/2274 2281/2273/2273
f 2281/2273/2273 1730/2270/2270 592/2248/2248
f 1731/2274/2274 296/2272/2272 1730/2270/2270
f 2282/2275/2275 1056/1701/1701 136/1703/1703
f 1732/2271/2271 2282/2275/2275 1111/1888/1888
f 1731/2274/2274 529/1704/1704 1056/1701/1701
f 296/2272/2272 1731/2274/2274 2282/2275/2275
f 2283/2276/2276 1174/2192/2192 138/1716/1716
f 1733/2277/2277 2283/2276/2276 1115/1898/1898
f 1735/2278/2278 588/2193/2193 1174/2192/2192
f 297/2279/2279 1735/2278/2278 2283/2276/2276
f 1184/2280/2280 2284/2282/2282 1114/1894/1894
f 593/2281/2281 1734/2283/2283 2284/2282/2282
f 2284/2282/2282 1733/2277/2277 558/1896/1896
f 1734/2283/2283 297/2279/2279 1733/2277/2277
f 2285/2284/2284 1185/2285/2285 157/2197/2197
f 1735/2278/2278 2285/2284/2284 1175/2201/2201
f 1734/2283/2283 593/2281/2281 1185/2285/2285
f 297/2279/2279 1734/2283/2283 2285/2284/2284
