# Blender 4.2.1 LTS
# www.blender.org
mtllib cuerpoDragon.mtl
o 17174_Tiamat
v -0.784389 -1.166155 0.516543
v -0.713289 -1.189618 0.504871
v -0.734689 -1.064087 0.583285
v -0.804989 -1.036547 0.590634
v -0.651889 -1.089230 0.557222
v -0.634789 -1.201308 0.470334
v -0.657589 -0.989417 0.632577
v -0.745389 -0.962103 0.653228
v -0.818489 -0.934799 0.653978
v -0.540389 -1.213243 0.427399
v -0.543589 -1.114954 0.516562
v -0.428589 -1.152302 0.471166
v -0.440389 -1.234415 0.377814
v -0.411289 -1.058986 0.547056
v -0.538789 -1.014969 0.586416
v -0.346089 -1.273127 0.320825
v -0.329389 -1.200317 0.413728
v -0.231989 -1.233247 0.335407
v -0.249089 -1.289868 0.240315
v -0.208089 -1.161257 0.424714
v -0.305589 -1.116353 0.498470
v -0.721689 -1.436740 0.209319
v -0.650989 -1.440833 0.192341
v -0.684089 -1.328952 0.371231
v -0.752589 -1.319152 0.389478
v -0.612889 -1.331094 0.345243
v -0.584189 -1.419046 0.171621
v -0.509289 -1.398670 0.148910
v -0.531089 -1.317425 0.303067
v -0.441389 -1.319858 0.260480
v -0.427289 -1.399115 0.122412
v -0.343289 -1.394537 0.081786
v -0.350589 -1.344525 0.211714
v -0.252989 -1.342213 0.140800
v -0.243489 -1.378802 0.033399
v -0.913289 -1.110331 0.502437
v -0.965189 -1.095507 0.488355
v -0.930589 -1.199569 0.422624
v -0.879089 -1.247378 0.402785
v -1.011189 -1.109450 0.462431
v -0.950089 -1.233908 0.379011
v -0.866589 -1.371828 0.266064
v -0.849789 -1.130613 0.505648
v -0.819789 -1.291312 0.396626
v -0.789689 -1.420020 0.231128
v -0.944289 -0.995143 0.573007
v -0.999989 -1.002357 0.552247
v -1.022089 -0.911721 0.594951
v -0.966489 -0.898572 0.622180
v -1.067189 -0.926022 0.558329
v -1.053289 -1.013509 0.524307
v -0.876489 -1.008980 0.584483
v -0.896789 -0.911443 0.645850
v -0.363689 -1.373270 -0.180034
v -0.283489 -1.385648 -0.175967
v -0.318489 -1.407916 -0.060543
v -0.400489 -1.420041 -0.046776
v -0.185889 -1.392320 -0.170930
v -0.218389 -1.387615 -0.078754
v -0.250889 -1.365733 -0.228176
v -0.155889 -1.383786 -0.219477
v -0.331089 -1.338556 -0.232325
v -0.316189 -1.326774 -0.253990
v -0.235489 -1.361459 -0.251100
v -0.140289 -1.377523 -0.244612
v -0.472689 -1.420988 -0.037071
v -0.543689 -1.428351 -0.030331
v -0.498189 -1.346142 -0.174983
v -0.429789 -1.360871 -0.180302
v -0.396289 -1.316555 -0.232346
v -0.466189 -1.295332 -0.228062
v -0.455189 -1.285755 -0.250714
v -0.381989 -1.300467 -0.252834
v -0.673789 -1.321197 -0.148619
v -0.585989 -1.336794 -0.166234
v -0.618289 -1.429597 -0.020324
v -0.699789 -1.433725 -0.007301
v -0.562789 -1.291519 -0.225882
v -0.657189 -1.285465 -0.216015
v -0.649689 -1.289137 -0.247396
v -0.554189 -1.290356 -0.250789
v -0.793689 -1.321946 -0.102714
v -0.740489 -1.323381 -0.127407
v -0.766689 -1.423085 0.018341
v -0.827389 -1.404740 0.044741
v -0.885189 -1.288831 -0.063595
v -0.843089 -1.311426 -0.080871
v -0.886989 -1.387858 0.059749
v -0.929389 -1.347717 0.067129
v -0.933289 -1.353092 0.236161
v -0.972789 -1.312461 0.223439
v -0.722889 -1.269961 -0.197100
v -0.771989 -1.259745 -0.175856
v -0.764389 -1.267632 -0.228313
v -0.715489 -1.276991 -0.239062
v -0.847989 -1.239797 -0.203765
v -0.807689 -1.256266 -0.216275
v -0.814889 -1.251937 -0.156098
v -0.854789 -1.243953 -0.140742
v -1.055389 -1.097116 0.431963
v -0.988789 -1.225160 0.351263
v -1.065089 -1.060826 0.393564
v -1.026389 -1.200156 0.333626
v -1.047389 -1.180084 0.310116
v -0.994489 -1.276880 0.201444
v -1.085489 -1.041492 0.363158
v -1.123989 -1.051993 0.381216
v -1.073588 -1.164601 0.307131
v -1.030789 -1.232544 0.208101
v -1.117789 -1.129100 0.325337
v -1.165289 -1.055785 0.400937
v -1.226289 -1.062051 0.407171
v -1.114488 -1.154771 0.275977
v -1.231789 -0.899993 0.563587
v -1.307088 -0.888650 0.626126
v -1.314089 -0.966957 0.588653
v -1.234089 -0.976498 0.508004
v -1.347389 -1.025859 0.515275
v -1.088089 -0.911324 0.503148
v -1.076889 -0.990691 0.472782
v -1.083089 -0.959150 0.425508
v -1.095289 -0.885191 0.454304
v -1.145388 -0.962559 0.442027
v -1.181288 -0.972435 0.464782
v -1.154189 -0.886425 0.484511
v -1.186789 -0.894157 0.515254
v -1.112989 -0.949047 0.407753
v -1.126788 -0.879993 0.453876
v -1.237189 -0.835093 0.599832
v -1.306288 -0.826913 0.651088
v -1.232789 -0.789200 0.635181
v -1.297789 -0.784240 0.682655
v -1.198689 -0.829151 0.552799
v -1.167989 -0.826215 0.522882
v -1.164088 -0.793537 0.573504
v -1.192689 -0.791789 0.600495
v -1.113389 -0.789304 0.524680
v -1.139189 -0.791485 0.546493
v -1.138288 -0.825247 0.498677
v -1.103289 -0.819613 0.486546
v -1.210689 -0.769081 0.674972
v -1.278689 -0.754943 0.718495
v -1.242089 -0.758606 0.780116
v -1.167889 -0.774687 0.728703
v -1.073989 -0.850397 0.581015
v -1.091488 -0.842176 0.529970
v -1.102889 -0.791035 0.555590
v -1.079889 -0.792004 0.597796
v -1.148889 -0.772129 0.611588
v -1.171689 -0.776164 0.641610
v -1.116688 -0.749311 0.651263
v -1.133289 -0.761525 0.685331
v -1.126089 -0.763906 0.579142
v -1.095289 -0.756486 0.619202
v -1.183189 -0.733894 0.855382
v -1.107189 -0.727652 0.789747
v -1.030189 -0.690954 0.862547
v -1.116688 -0.677091 0.928672
v -0.974889 -0.821472 0.658558
v -1.031989 -0.834972 0.622032
v -1.036789 -0.779451 0.644028
v -0.972189 -0.761945 0.681533
v -1.059589 -0.726413 0.705539
v -0.986189 -0.705103 0.762123
v -0.995689 -0.700844 0.809400
v -1.075289 -0.720910 0.742709
v -0.973489 -0.706594 0.709030
v -1.044088 -0.738324 0.667103
v -0.947289 -0.662860 0.934494
v -1.054289 -0.631323 0.996023
v -1.006889 -0.572631 1.049102
v -0.838789 -0.607327 0.995191
v -0.905689 -0.832547 0.699620
v -0.823389 -0.850931 0.720920
v -0.898389 -0.764713 0.723949
v -0.816889 -0.778112 0.760823
v -0.910689 -0.695582 0.875573
v -0.906989 -0.715296 0.818280
v -0.814489 -0.711695 0.855060
v -0.812389 -0.678726 0.922481
v -0.813189 -0.729815 0.796659
v -0.899789 -0.723598 0.763124
v -0.741289 -0.870111 0.724725
v -0.645789 -0.889512 0.706231
v -0.625189 -0.801585 0.765651
v -0.728389 -0.790619 0.777691
v -0.694489 -0.661455 0.935287
v -0.684889 -0.595126 0.995325
v -0.704289 -0.709894 0.873451
v -0.585489 -0.692955 0.844058
v -0.565089 -0.655676 0.913155
v -0.549189 -0.595071 0.968724
v -0.606189 -0.734326 0.794583
v -0.715589 -0.735423 0.813490
v -0.524189 -0.903808 0.652209
v -0.392689 -0.946003 0.616639
v -0.372189 -0.849255 0.680111
v -0.502689 -0.811346 0.718104
v -0.282589 -1.007349 0.571874
v -0.182089 -1.071877 0.512027
v -0.157589 -0.983249 0.571942
v -0.260389 -0.904686 0.619613
v -1.277489 -1.060532 0.301061
v -1.406888 -1.019762 0.405140
v -1.431889 -0.926049 0.334026
v -1.296189 -0.975795 0.234497
v -1.328588 -0.796822 0.247417
v -1.300989 -0.887883 0.236415
v -1.433089 -0.839715 0.321853
v -1.432989 -0.753229 0.337380
v -0.813389 -0.414817 1.069539
v -0.985789 -0.421096 1.109774
v -0.983189 -0.498008 1.089594
v -0.817889 -0.508298 1.054850
v -0.727689 -0.010768 0.949426
v -0.683889 -0.056614 0.977777
v -0.662989 -0.022904 0.997693
v -0.710289 0.027260 0.972718
v -0.603289 -0.081185 1.019512
v -0.626589 -0.110587 1.001073
v -0.569889 -0.032209 1.015044
v -0.631989 0.028419 1.001712
v -0.682589 0.082034 0.986018
v -0.823089 0.112466 0.900551
v -0.776389 0.045384 0.922218
v -0.761489 0.079013 0.945734
v -0.809789 0.140486 0.922398
v -0.737089 0.127423 0.965770
v -0.788089 0.179717 0.946083
v -0.959589 -0.303835 1.065932
v -1.054589 -0.297156 1.098595
v -1.013489 -0.356086 1.111518
v -0.899289 -0.356189 1.074518
v -0.944089 -0.225181 0.965899
v -0.905289 -0.208623 0.976509
v -0.918689 -0.167424 0.939583
v -0.962989 -0.187910 0.923995
v -0.852189 -0.148793 0.945281
v -0.840589 -0.193708 0.979127
v -0.862689 -0.122768 0.894938
v -0.922289 -0.146342 0.881567
v -0.968789 -0.165914 0.868374
v -0.535389 -0.189240 1.009804
v -0.511589 -0.154842 1.027615
v -0.426989 -0.257376 0.985176
v -0.406189 -0.219239 0.991867
v -0.382989 -0.163408 0.979062
v -0.481489 -0.099925 1.012415
v -0.434889 0.056271 0.919758
v -0.445589 -0.026314 0.977611
v -0.354189 -0.091042 0.936165
v -0.318689 0.007858 0.862823
v -0.535489 0.037633 0.985961
v -0.516989 0.122308 0.944797
v -0.554089 -0.227395 0.981612
v -0.546689 -0.205740 0.991593
v -0.637589 -0.126272 0.985458
v -0.663989 -0.149891 0.963887
v -0.445289 -0.273961 0.969667
v -0.446689 -0.292624 0.958168
v 0.413211 -0.180022 0.665948
v 0.473111 -0.144854 0.659955
v 0.413811 -0.093943 0.661777
v 0.361011 -0.133620 0.666094
v 0.316411 -0.046821 0.665719
v 0.283211 -0.091784 0.672565
v 0.457411 -0.223446 0.661685
v 0.502211 -0.187978 0.655691
v 0.501011 -0.255145 0.661959
v 0.544611 -0.200908 0.650262
v -0.328889 -0.292257 0.933866
v -0.363089 -0.305609 0.942739
v -0.342089 -0.323400 0.926236
v -0.241689 -0.324967 0.895745
v -0.219589 -0.279225 0.884994
v -0.307289 -0.257084 0.928774
v -0.290489 -0.205973 0.912394
v -0.200489 -0.229560 0.878422
v -0.173989 -0.336268 0.804105
v -0.159589 -0.300864 0.804811
v -0.180289 -0.291559 0.842261
v -0.194289 -0.331951 0.843882
v -0.141789 -0.258852 0.806881
v -0.161689 -0.245463 0.841309
v -0.264789 -0.142548 0.880346
v -0.210789 -0.062250 0.843206
v -0.175789 -0.171930 0.865407
v -0.134189 -0.104571 0.839538
v -0.140089 -0.192189 0.836417
v -0.120889 -0.208050 0.807103
v -0.092289 -0.152509 0.796199
v -0.105289 -0.132182 0.819288
v -0.055789 -0.092295 0.761969
v -0.052189 -0.065711 0.777224
v 0.019711 -0.059645 0.716290
v 0.162311 -0.062485 0.690705
v 0.175011 -0.016976 0.692156
v 0.031111 -0.016341 0.716753
v -0.065689 -0.121722 0.738830
v -0.040489 -0.120696 0.707124
v -0.087289 -0.173556 0.751114
v -0.089289 -0.174667 0.694219
v -0.001689 -0.149103 0.705779
v -0.058889 -0.196084 0.691136
v -0.026189 -0.208510 0.704804
v 0.075011 -0.116017 0.703298
v 0.034511 -0.184606 0.705374
v 0.091511 -0.158056 0.696228
v 0.154311 -0.177326 0.683433
v 0.171611 -0.120520 0.684322
v 0.207711 -0.207061 0.677096
v 0.261011 -0.149691 0.671582
v -0.131689 -0.270946 0.753247
v -0.111589 -0.223046 0.753085
v -0.119589 -0.227863 0.695010
v -0.138489 -0.274146 0.698363
v -0.050789 -0.274137 0.699963
v -0.043089 -0.239633 0.700675
v -0.094789 -0.239939 0.681176
v -0.113489 -0.281043 0.680701
v 0.079911 -0.249268 0.694227
v 0.061511 -0.218348 0.697858
v 0.237311 -0.239074 0.674871
v 0.314711 -0.186305 0.668982
v 0.253711 -0.271975 0.674751
v 0.349111 -0.226011 0.668100
v -0.165089 -0.342935 0.755341
v -0.150989 -0.309545 0.753458
v -0.148689 -0.314810 0.705086
v -0.157789 -0.349694 0.708077
v -0.046889 -0.329702 0.706568
v -0.051889 -0.303022 0.702822
v -0.121989 -0.317121 0.684698
v -0.121789 -0.348385 0.691470
v 0.099911 -0.305551 0.697535
v 0.091311 -0.278062 0.695385
v -0.355189 -0.790477 0.712389
v -0.483389 -0.750235 0.756570
v -0.325989 -0.747711 0.742656
v -0.463389 -0.699558 0.788593
v -0.128489 -0.929468 0.604849
v -0.235789 -0.848430 0.648006
v -0.202889 -0.822873 0.676666
v -0.095589 -0.905047 0.645015
v -0.435089 -0.674867 0.860059
v -0.325789 -0.709214 0.815146
v -0.411889 -0.622570 0.914274
v -0.271089 -0.669374 0.858729
v -0.216189 -0.720344 0.809507
v -0.263589 -0.731324 0.795067
v -0.236089 -0.753078 0.748585
v -0.177089 -0.747982 0.766158
v -0.166789 -0.579227 0.885436
v -0.265289 -0.575557 0.916416
v -0.091189 -0.573175 0.858202
v -0.158089 -0.661689 0.855987
v -0.073689 -0.652373 0.840636
v -0.114189 -0.497339 0.864687
v -0.176189 -0.500679 0.894006
v -0.262689 -0.496918 0.923286
v -0.121089 -0.738818 0.777808
v -0.147789 -0.710519 0.814153
v -0.076089 -0.728253 0.789750
v -0.074489 -0.702845 0.809311
v -0.006489 -0.647072 0.822506
v -0.025089 -0.571005 0.834590
v 0.031111 -0.569605 0.816282
v 0.047811 -0.643062 0.805984
v 0.003911 -0.498390 0.818893
v -0.052489 -0.497481 0.838788
v -0.060689 -0.869160 0.679120
v -0.155689 -0.803700 0.708262
v -0.106089 -0.785841 0.737264
v -0.026289 -0.829074 0.713101
v 0.002811 -0.782750 0.735548
v -0.064989 -0.760751 0.753627
v 0.023211 -0.732082 0.747870
v -0.033789 -0.731262 0.769766
v 0.043311 -0.694696 0.781766
v -0.011789 -0.698112 0.797085
v 0.140211 -0.733161 0.696776
v 0.154511 -0.689106 0.761635
v 0.093611 -0.693753 0.771361
v 0.076811 -0.735515 0.723589
v 0.150411 -0.630111 0.778713
v 0.092211 -0.637935 0.792656
v 0.157911 -1.771146 0.885159
v 0.139611 -1.777481 0.988295
v 0.177411 -1.671477 0.988915
v 0.178211 -1.668598 0.893698
v 0.165311 -1.779957 1.084110
v 0.204411 -1.676038 1.069141
v 0.257011 -1.571740 1.050070
v 0.220011 -1.563099 0.984622
v 0.206011 -1.560686 0.895507
v 0.286811 -1.729990 1.151138
v 0.314711 -1.666832 1.143292
v 0.257511 -1.666272 1.117689
v 0.236411 -1.752506 1.129961
v 0.297911 -1.574684 1.096987
v 0.350111 -1.575008 1.129089
v 0.666711 -1.220743 1.158251
v 0.724711 -1.304556 1.192610
v 0.850011 -1.139381 1.169306
v 0.781411 -1.041468 1.134869
v 0.911411 -1.251197 1.166818
v 0.781411 -1.398512 1.201025
v 1.062511 -1.107170 1.134729
v 0.992111 -0.982035 1.122644
v 0.914511 -0.874986 1.076357
v 1.158512 -1.363191 1.076729
v 0.997211 -1.457741 1.122648
v 1.039011 -1.538679 1.079490
v 1.196512 -1.461616 1.017767
v 0.922111 -1.632823 1.144806
v 0.876111 -1.564732 1.179434
v 0.956011 -1.685529 1.088994
v 1.070611 -1.601918 1.017635
v 1.216711 -1.533352 0.938258
v 0.830011 -1.485950 1.194403
v 0.958211 -1.359666 1.154411
v 1.115511 -1.240278 1.115357
v 0.521111 -1.453911 1.183127
v 0.577911 -1.507625 1.217222
v 0.636511 -1.416442 1.213823
v 0.581611 -1.348650 1.175551
v 0.697611 -1.495893 1.222958
v 0.645011 -1.572799 1.222179
v 0.871811 -1.709800 1.167528
v 0.914111 -1.753177 1.116964
v 0.816611 -1.648015 1.201190
v 0.787811 -1.717450 1.194870
v 0.853611 -1.774935 1.161184
v 0.902411 -1.806702 1.112557
v 0.716911 -1.645362 1.210675
v 0.758011 -1.574730 1.216489
v 0.439411 -1.660682 1.188959
v 0.501411 -1.701255 1.193981
v 0.537111 -1.604872 1.208854
v 0.476211 -1.559274 1.190204
v 0.607311 -1.656113 1.201534
v 0.571111 -1.742137 1.179005
v 0.188811 -1.683571 0.788978
v 0.187511 -1.568492 0.784849
v 0.211911 -1.581229 0.668516
v 0.232911 -1.696238 0.685546
v 0.264011 -1.792621 0.688774
v 0.195111 -1.786008 0.782439
v 0.645711 -1.788385 1.152157
v 0.682911 -1.713942 1.178050
v 0.726011 -1.839005 1.130434
v 0.759011 -1.781079 1.171518
v 0.815511 -1.886488 1.115394
v 0.836111 -1.832027 1.144696
v 0.896511 -1.905618 1.091498
v 0.899411 -1.854831 1.107420
v 0.928711 -1.772438 1.051169
v 0.966911 -1.718333 1.015272
v 0.929211 -1.810568 1.063977
v 0.972411 -1.796131 0.997598
v 0.954411 -1.769751 0.957353
v 0.985811 -1.715487 0.950655
v 0.940311 -1.844896 1.077266
v 0.953511 -1.890792 1.078117
v 1.016011 -1.849298 1.058589
v 0.988911 -1.812476 1.025887
v 1.073111 -1.674061 0.882128
v 1.081711 -1.647435 0.941683
v 1.212312 -1.578023 0.852302
v 1.190511 -1.606399 0.783756
v 1.082811 -1.704132 0.905793
v 1.090511 -1.725866 0.954512
v 1.217111 -1.656790 0.895133
v 1.208111 -1.633919 0.835007
v 1.263411 -1.746173 1.008024
v 1.237411 -1.687453 0.956802
v 1.106411 -1.747896 1.003834
v 1.132911 -1.794810 1.056191
v 0.390311 -1.619606 1.166134
v 0.357011 -1.703125 1.162891
v 0.402211 -1.752992 1.168964
v 0.313711 -1.775952 1.158089
v 0.357411 -1.835732 1.143717
v 0.475811 -1.413270 1.135604
v 0.429011 -1.521483 1.151797
v 0.398611 -1.484982 1.115296
v 0.441011 -1.381094 1.094628
v 0.323711 -1.329547 1.029944
v 0.269111 -1.315533 0.977567
v 0.252111 -1.445839 0.976980
v 0.298011 -1.456922 1.034842
v 0.214811 -1.435627 0.887723
v 0.213911 -1.296825 0.887763
v 0.333711 -1.464710 1.073685
v 0.365111 -1.463014 1.091076
v 0.365511 -1.341425 1.052210
v 0.394811 -1.349462 1.063854
v 0.388711 -1.442101 1.093462
v 0.418411 -1.354610 1.073282
v 0.613211 -1.160616 1.108221
v 0.535811 -1.300838 1.122889
v 0.496911 -1.267285 1.077704
v 0.569111 -1.125099 1.056326
v 0.750911 -0.502237 0.645811
v 0.749611 -0.566929 0.684066
v 0.803911 -0.549929 0.683873
v 0.869011 -0.515049 0.643681
v 0.814011 -0.466247 0.607413
v 0.797611 -0.505447 0.644029
v 0.755711 -0.436835 0.609452
v -0.039789 -1.384173 -0.235376
v -0.049289 -1.389636 -0.210345
v 0.051911 -1.375570 -0.198322
v 0.055211 -1.375618 -0.225322
v 0.043211 -1.372568 -0.161338
v -0.068489 -1.394604 -0.168017
v -0.092989 -1.380422 -0.098194
v 0.026811 -1.360075 -0.107906
v 0.007711 -1.344123 -0.043592
v -0.116289 -1.354171 -0.015936
v -0.127289 -1.337081 0.073671
v -0.007989 -1.324143 0.025800
v -0.015789 -1.292331 0.100827
v -0.127589 -1.301986 0.163981
v -0.114789 -1.255777 0.256929
v -0.011189 -1.249073 0.184491
v -0.001489 -1.198393 0.272115
v -0.097189 -1.195877 0.348103
v -0.080789 -1.124687 0.437314
v 0.005111 -1.148003 0.361441
v 0.012411 -1.095275 0.439453
v -0.064389 -1.057975 0.512450
v -0.042889 -1.008508 0.561180
v 0.026211 -1.051128 0.502813
v 0.044711 -1.007746 0.554176
v -0.016289 -0.971072 0.604176
v 0.011111 -0.928745 0.645545
v 0.065711 -0.961803 0.598525
v 0.090211 -0.903676 0.639708
v 0.037511 -0.873960 0.679146
v 0.062311 -0.808282 0.711587
v 0.119411 -0.824238 0.682974
v 0.163711 -0.991140 0.555185
v 0.115511 -0.976648 0.572106
v 0.097411 -1.021857 0.515753
v 0.148511 -1.046486 0.492187
v 0.191911 -0.919222 0.613193
v 0.143011 -0.912379 0.620955
v 0.980711 -1.640564 0.022732
v 0.879311 -1.615256 0.024093
v 0.888611 -1.635695 -0.074197
v 0.986311 -1.654608 -0.076593
v 0.785411 -1.616113 -0.077704
v 0.774411 -1.595400 0.016084
v 0.789811 -1.625537 -0.173454
v 0.891111 -1.647846 -0.174932
v 0.986511 -1.668664 -0.178218
v 0.200911 -1.435828 -0.208892
v 0.196511 -1.434678 -0.163098
v 0.128411 -1.397678 -0.181601
v 0.130511 -1.396971 -0.216805
v 0.121911 -1.393645 -0.138922
v 0.187211 -1.425898 -0.111945
v 0.345911 -1.486973 -0.070710
v 0.265211 -1.452686 -0.091498
v 0.283511 -1.463294 -0.147641
v 0.369411 -1.500813 -0.132736
v 0.292711 -1.465673 -0.198629
v 0.381511 -1.504925 -0.189814
v 0.091711 -1.356149 -0.030126
v 0.107911 -1.379760 -0.086797
v 0.172311 -1.405890 -0.055754
v 0.152911 -1.383665 0.003525
v 0.295511 -1.436236 0.063814
v 0.219011 -1.411401 0.033578
v 0.243111 -1.436748 -0.029685
v 0.323911 -1.464908 -0.004030
v 0.067411 -1.292099 0.088525
v 0.079111 -1.320453 0.023780
v 0.135111 -1.356050 0.061075
v 0.121511 -1.320120 0.121379
v 0.253411 -1.399874 0.129816
v 0.215411 -1.350511 0.196147
v 0.168411 -1.339120 0.157784
v 0.193311 -1.377171 0.093791
v 0.064111 -1.256463 0.168032
v 0.116211 -1.270457 0.187508
v 0.116311 -1.214405 0.251703
v 0.066411 -1.213402 0.252197
v 0.120511 -1.132111 0.378154
v 0.072311 -1.118567 0.404380
v 0.068211 -1.167559 0.332947
v 0.112211 -1.173831 0.319882
v 0.136811 -1.198892 0.327119
v 0.153011 -1.180566 0.368219
v 0.143411 -1.241200 0.289150
v 0.175311 -1.237862 0.332632
v 0.082911 -1.069944 0.463415
v 0.133711 -1.090212 0.432726
v 0.192011 -1.296407 0.269752
v 0.152411 -1.291535 0.228124
v 0.292611 -1.369557 0.279052
v 0.262911 -1.281450 0.353271
v 0.231211 -1.289275 0.312013
v 0.258911 -1.361482 0.238007
v 0.255111 -1.167023 0.430946
v 0.212811 -1.213832 0.374601
v 0.288811 -1.586434 0.484842
v 0.243711 -1.589349 0.555259
v 0.229211 -1.462512 0.506864
v 0.293611 -1.510323 0.431925
v 0.186011 -1.432783 0.621603
v 0.246711 -1.267058 0.589296
v 0.252711 -1.351344 0.464155
v 0.307811 -1.422737 0.392445
v 0.197611 -1.276777 0.750151
v 0.184911 -1.426722 0.760672
v 0.176711 -1.148113 0.414442
v 0.200811 -1.094330 0.466049
v 0.319011 -1.196451 0.499008
v 0.295111 -1.290400 0.417221
v 0.289711 -1.303764 0.442095
v 0.312211 -1.220741 0.537342
v 0.313411 -1.380749 0.372015
v 0.313911 -1.379972 0.349510
v 0.286511 -1.281863 0.387274
v 0.309311 -1.375945 0.317788
v 0.295611 -1.180842 0.464022
v 0.308211 -1.018988 0.747541
v 0.289011 -1.133542 0.683167
v 0.241611 -1.139579 0.786101
v 0.289211 -1.016562 0.825428
v 0.241311 -1.152532 0.904374
v 0.304611 -1.021916 0.906959
v 0.272911 -0.954828 0.612187
v 0.232211 -0.941272 0.604113
v 0.214611 -1.021846 0.536053
v 0.263011 -1.054192 0.527630
v 0.333711 -1.094589 0.583152
v 0.303911 -1.074394 0.545641
v 0.305411 -0.970531 0.629974
v 0.325311 -0.988875 0.658574
v 0.327311 -1.008370 0.695982
v 0.336411 -1.121440 0.628600
v 0.266111 -0.864414 0.650993
v 0.246511 -0.827582 0.656692
v 0.301111 -0.851964 0.678325
v 0.341911 -0.737129 0.720998
v 0.188111 -0.818481 0.656842
v 0.230411 -0.732344 0.699971
v 0.249311 -0.678639 0.755578
v 0.248711 -0.619383 0.765554
v 0.365711 -0.663635 0.756296
v 0.371611 -0.600928 0.757453
v 0.322211 -0.862655 0.698284
v 0.333311 -0.883565 0.714899
v 0.380711 -0.806103 0.744275
v 0.376911 -0.776269 0.732012
v 0.376011 -0.867705 0.780613
v 0.380911 -0.836401 0.762942
v 0.341411 -0.906836 0.738527
v 0.343511 -0.922632 0.775814
v 0.474611 -0.770890 0.783083
v 0.515211 -0.747948 0.772358
v 0.456211 -0.742257 0.752426
v 0.436711 -0.776174 0.767812
v 0.582511 -0.704606 0.743420
v 0.475111 -0.698795 0.745288
v 0.490511 -0.639899 0.744466
v 0.499311 -0.570365 0.732185
v 0.600611 -0.627663 0.714498
v 0.610111 -0.552280 0.692786
v 0.294811 -1.174517 0.980295
v 0.348611 -1.193982 1.023303
v 0.388611 -1.059626 0.996567
v 0.340811 -1.038202 0.964249
v 0.531111 -1.107964 1.026232
v 0.467011 -1.246228 1.051389
v 0.437711 -1.231621 1.034409
v 0.490211 -1.095224 1.015262
v 0.441411 -1.080479 1.005181
v 0.398811 -1.214140 1.030813
v 0.721211 -0.710158 0.733950
v 0.736611 -0.632366 0.713924
v 0.677911 -0.633876 0.693932
v 0.659711 -0.712276 0.712362
v 0.688011 -0.562382 0.674341
v 0.787311 -0.624208 0.742780
v 0.759311 -0.699395 0.800292
v 0.786211 -0.725903 0.908439
v 0.839811 -0.610028 0.757303
v 0.844211 -0.793350 1.009710
v 0.716411 -0.969363 1.080874
v 0.662111 -0.935003 1.018585
v 0.614311 -0.936638 0.975593
v 0.690111 -0.797649 0.900132
v 0.637811 -0.829945 0.864508
v 0.564911 -0.950183 0.949167
v 0.723611 -0.743935 0.829536
v 0.687011 -0.765984 0.784157
v 0.370711 -0.917874 0.877789
v 0.350211 -0.921255 0.826407
v 0.398111 -0.851465 0.806225
v 0.426911 -0.842902 0.835778
v 0.563411 -0.768394 0.800470
v 0.624911 -0.770608 0.779682
v 0.573711 -0.840469 0.860165
v 0.513311 -0.836610 0.870844
v 0.462811 -0.795872 0.804620
v 0.509411 -0.779951 0.808433
v 0.464011 -0.837574 0.859249
v 0.422311 -0.808476 0.785689
v 0.402411 -0.922747 0.919216
v 0.450111 -0.937334 0.939897
v 0.507011 -0.951040 0.938872
v 1.054611 -0.494919 0.612570
v 0.974711 -0.473322 0.593652
v 0.943311 -0.528832 0.646757
v 1.024311 -0.561150 0.680134
v 0.900811 -0.449403 0.578821
v 0.898011 -0.588367 0.731984
v 0.920311 -0.635806 0.798044
v 1.246511 -0.031034 -0.012678
v 1.209611 -0.069449 0.057634
v 1.364011 -0.146623 0.062556
v 1.394511 -0.115844 -0.014314
v 1.312311 -0.216808 0.102141
v 1.153911 -0.137499 0.085306
v 1.445112 -0.265800 0.122009
v 1.490811 -0.201702 0.066658
v 1.518711 -0.173563 -0.017698
v 1.418111 -0.302839 0.188113
v 1.126311 -0.178582 0.125132
v 1.283711 -0.263738 0.151598
v 1.106311 -0.207945 0.168493
v 1.263411 -0.298021 0.209687
v 1.399812 -0.325852 0.258840
v 0.855311 0.197397 -0.007628
v 0.846411 0.188062 0.040824
v 1.031312 0.055024 0.052552
v 1.055311 0.079774 -0.011684
v 0.825911 0.161192 0.082872
v 0.984411 -0.001044 0.076659
v 0.959411 -0.039768 0.108972
v 0.802611 0.122940 0.109981
v 0.779411 0.087911 0.141374
v 0.941011 -0.066355 0.148018
v 0.687711 0.309547 0.092460
v 0.658111 0.266464 0.113996
v 0.554611 0.389390 0.136724
v 0.578011 0.425813 0.104324
v 0.546511 0.360303 0.175583
v 0.641111 0.232565 0.150882
v 0.969611 -0.703323 0.886515
v 1.039111 -0.781479 0.986044
v 1.145011 -0.732771 0.914277
v 1.077111 -0.645249 0.808496
v 1.145411 -0.575921 0.703715
v 1.149211 -0.523965 0.640830
v 1.233912 -0.545303 0.670447
v 1.234311 -0.596567 0.731929
v 1.296011 -0.614269 0.731625
v 1.284912 -0.556354 0.679308
v 1.329711 -0.558118 0.667717
v 1.352412 -0.617091 0.709440
v 1.420712 -0.609082 0.656096
v 1.592711 -0.360569 0.237530
v 1.605511 -0.374662 0.147605
v 1.538611 -0.314192 0.141974
v 1.515711 -0.323067 0.219524
v 1.497011 -0.323883 0.289730
v 1.568411 -0.359610 0.321426
v 1.587811 -0.259780 0.070775
v 1.663512 -0.328281 0.070850
v 1.618511 -0.232594 -0.023175
v 1.702911 -0.298030 -0.029517
v 1.198911 -1.032494 1.057019
v 1.121211 -0.900100 1.037294
v 1.230211 -0.856049 0.973452
v 1.312912 -0.995958 0.990518
v 1.170911 -0.637243 0.791252
v 1.224011 -0.729222 0.868457
v 1.289011 -0.746121 0.832049
v 1.250911 -0.662762 0.787792
v 1.314312 -0.682771 0.768001
v 1.374712 -0.690793 0.727444
v 1.345711 -0.765964 0.787656
v 1.404812 -0.773562 0.733297
v 1.475212 -0.759333 0.647218
v 1.447811 -0.678363 0.659775
v 1.517111 -0.640377 0.584066
v 1.547112 -0.718386 0.564393
v 1.484911 -0.576523 0.593817
v 1.624511 -0.603599 0.397262
v 1.561611 -0.536147 0.406493
v 1.546111 -0.589280 0.492085
v 1.593911 -0.659066 0.476567
v 1.500211 -0.534509 0.504885
v 1.509611 -0.480842 0.425491
v 1.632811 -0.447537 0.298506
v 1.599512 -0.482526 0.355299
v 1.662611 -0.563654 0.332242
v 1.693011 -0.539693 0.270310
v 1.547611 -0.420894 0.379362
v 1.715611 -0.528844 0.187850
v 1.649611 -0.437959 0.221253
v 1.755111 -0.507057 0.112329
v 1.667711 -0.443865 0.128884
v 1.839911 -0.450680 0.053120
v 1.743011 -0.392439 0.060301
v 1.792311 -0.364269 -0.036454
v 1.894411 -0.420750 -0.032945
v 2.841412 -1.372553 0.827877
v 2.848312 -1.456428 0.960638
v 2.901312 -1.421971 0.970949
v 2.895012 -1.336923 0.833382
v 2.783812 -1.413750 0.828602
v 2.792812 -1.494552 0.956346
v 2.828712 -1.528813 1.091436
v 2.772712 -1.564957 1.083634
v 2.877812 -1.494737 1.105250
v 2.533512 -1.731735 1.581454
v 2.630112 -1.697346 1.469664
v 2.582412 -1.731546 1.451451
v 2.486812 -1.762950 1.560424
v 2.582911 -1.711505 1.605144
v 2.679212 -1.671734 1.490124
v 2.714012 -1.647428 1.344989
v 2.762912 -1.616531 1.362620
v 2.663712 -1.683913 1.329489
v 2.949311 -1.291107 0.854531
v 2.951411 -1.382769 0.989535
v 3.007312 -1.380526 0.979123
v 3.007512 -1.284288 0.839594
v 2.928112 -1.461750 1.121169
v 2.980612 -1.463894 1.113181
v 2.816112 -1.596444 1.378310
v 2.731812 -1.659930 1.508960
v 2.786112 -1.668675 1.519108
v 2.872312 -1.600730 1.381034
v 2.634912 -1.706481 1.627816
v 2.687212 -1.720394 1.643693
v 2.278912 -1.793807 1.751196
v 2.384511 -1.782810 1.659134
v 2.343912 -1.820823 1.638642
v 2.240512 -1.827640 1.726881
v 2.444412 -1.803747 1.542847
v 2.409712 -1.854127 1.528323
v 2.311112 -1.868021 1.620900
v 2.207812 -1.869458 1.705409
v 2.727812 -1.625992 1.205270
v 2.679111 -1.675056 1.193638
v 2.617812 -1.729993 1.314940
v 2.724012 -1.615000 1.075807
v 2.690212 -1.673561 1.064828
v 2.644612 -1.731931 1.180149
v 2.583512 -1.783776 1.299934
v 2.559412 -1.904260 1.266693
v 2.475212 -1.948864 1.394039
v 2.482812 -1.883893 1.406784
v 2.564412 -1.841267 1.283649
v 2.386811 -1.912401 1.515141
v 2.376912 -1.977970 1.502500
v 2.504412 -1.826015 1.420767
v 2.613712 -2.205493 1.352843
v 2.550212 -2.163572 1.356514
v 2.643912 -2.116712 1.221355
v 2.707112 -2.155976 1.209670
v 2.503911 -2.248180 1.483279
v 2.440612 -2.198310 1.477706
v 2.506812 -2.096711 1.367548
v 2.400412 -2.127572 1.484319
v 2.598711 -2.052225 1.237003
v 2.274312 -1.986784 1.591550
v 2.274112 -2.057942 1.581139
v 2.158412 -2.046826 1.656980
v 2.164112 -1.978558 1.669206
v 2.380512 -2.051226 1.492601
v 2.289512 -2.132580 1.574347
v 2.168112 -2.120563 1.650483
v 2.686712 -1.666362 0.790584
v 2.694712 -1.732397 0.912247
v 2.696212 -1.665092 0.931279
v 2.687812 -1.595045 0.811694
v 2.674911 -1.731342 1.050244
v 2.673012 -1.795642 1.032195
v 2.710812 -1.605223 0.943752
v 2.702312 -1.531283 0.822945
v 2.670612 -2.004543 1.105540
v 2.717512 -2.069975 1.081697
v 2.723612 -1.953059 0.974656
v 2.770512 -2.019653 0.939320
v 2.781912 -2.109689 1.061014
v 2.835312 -2.059824 0.908139
v 2.624212 -1.852419 1.146208
v 2.638612 -1.929223 1.127328
v 2.570312 -1.978043 1.251797
v 2.689111 -1.874584 1.006327
v 2.487911 -1.265501 0.416885
v 2.558212 -1.325462 0.497214
v 2.590512 -1.244395 0.490970
v 2.517411 -1.181319 0.413324
v 2.652512 -1.311229 0.594638
v 2.616912 -1.387110 0.598253
v 2.703412 -1.245215 0.578776
v 2.638012 -1.171413 0.469371
v 2.561311 -1.103754 0.388499
v 1.815311 -0.788708 0.359574
v 1.867611 -0.742088 0.290018
v 1.746311 -0.652805 0.304930
v 1.703211 -0.692323 0.374847
v 1.784711 -0.625989 0.234682
v 1.912712 -0.706177 0.218721
v 1.969611 -0.678353 0.150067
v 1.827511 -0.605396 0.160268
v 1.886611 -0.569540 0.097271
v 2.033712 -0.642661 0.093671
v 2.610212 -1.043397 0.362268
v 2.689512 -1.114824 0.448861
v 2.743112 -1.069893 0.436115
v 2.659912 -0.989559 0.350674
v 2.757912 -1.193892 0.564495
v 2.813512 -1.151929 0.557665
v 2.101312 -0.577733 0.062015
v 1.963311 -0.511288 0.051852
v 2.014611 -0.481923 -0.027710
v 2.144312 -0.550324 -0.009436
v 2.772612 -0.924659 0.314018
v 2.717211 -0.938562 0.350194
v 2.797312 -1.013612 0.450707
v 2.855112 -1.001681 0.419941
v 2.868011 -1.099036 0.574476
v 2.929612 -1.085874 0.549304
v 1.651411 -0.746080 0.455843
v 1.583311 -0.807265 0.531979
v 1.647411 -0.905524 0.484816
v 1.739011 -0.845351 0.424885
v 1.304911 -1.304473 1.006907
v 1.258511 -1.172587 1.040386
v 1.383211 -1.138510 0.981398
v 1.423911 -1.273564 0.935337
v 1.381711 -0.981923 0.923740
v 1.301311 -0.847288 0.911603
v 1.355211 -0.852889 0.856533
v 1.426011 -0.980806 0.853733
v 1.463012 -0.984450 0.772552
v 1.398311 -0.868156 0.789416
v 1.449311 -0.869850 0.717524
v 1.509811 -0.977125 0.685911
v 1.568911 -0.950305 0.579762
v 1.511411 -0.850066 0.623114
v 1.912611 -1.124171 0.349010
v 2.028912 -1.055158 0.332932
v 1.876812 -0.953591 0.381277
v 1.765611 -1.009984 0.419286
v 1.968211 -0.896707 0.341665
v 2.121312 -1.001122 0.321036
v 2.183912 -0.942900 0.288317
v 2.028512 -0.843710 0.286174
v 2.075212 -0.799354 0.223231
v 2.229612 -0.888455 0.241519
v 2.272511 -0.840028 0.191653
v 2.127512 -0.761983 0.162925
v 2.182012 -0.723172 0.110112
v 2.316812 -0.788850 0.150772
v 2.369212 -0.720371 0.128497
v 2.242112 -0.649578 0.090609
v 2.284012 -0.621750 0.022556
v 2.414011 -0.691017 0.065335
v 2.459311 -1.403489 0.364639
v 2.539112 -1.468912 0.451999
v 2.545511 -1.398137 0.483812
v 2.473912 -1.336007 0.397670
v 2.604012 -1.459287 0.584548
v 2.602112 -1.531755 0.553944
v 2.736612 -1.834887 0.695105
v 2.702111 -1.752388 0.749554
v 2.665212 -1.683199 0.619474
v 2.693212 -1.766550 0.555429
v 2.655012 -1.598033 0.667908
v 2.606512 -1.612662 0.497986
v 2.624612 -1.695649 0.427639
v 2.332712 -1.141232 0.319603
v 2.280012 -1.198435 0.300916
v 2.383012 -1.268227 0.339098
v 2.412912 -1.203105 0.361242
v 2.351312 -1.332806 0.306451
v 2.225912 -1.260179 0.274854
v 2.489312 -1.049366 0.331301
v 2.447612 -1.124021 0.358010
v 2.376012 -1.070551 0.315916
v 2.417011 -1.001595 0.289439
v 2.293212 -1.014863 0.295311
v 2.336512 -0.952044 0.262167
v 2.238012 -1.078383 0.310059
v 2.161211 -1.132017 0.303953
v 2.085312 -1.193708 0.287490
v 2.460011 -0.943083 0.254818
v 2.535112 -0.988935 0.300369
v 2.582011 -0.930412 0.286149
v 2.504912 -0.884903 0.232699
v 2.377512 -0.896866 0.221364
v 2.420012 -0.839028 0.191547
v 2.608711 -0.805962 0.166966
v 2.558712 -0.827592 0.216485
v 2.638712 -0.879174 0.274668
v 2.691211 -0.862407 0.231976
v 2.471312 -0.779258 0.167620
v 2.518912 -0.750559 0.112662
v 1.327011 -1.482879 0.860081
v 1.328511 -1.409418 0.944080
v 1.428612 -1.377441 0.866704
v 1.412511 -1.454971 0.788427
v 1.492512 -1.258970 0.861056
v 1.450711 -1.122615 0.907310
v 1.484511 -1.117994 0.819784
v 1.520011 -1.249405 0.763402
v 1.571411 -1.240303 0.672351
v 1.523311 -1.112809 0.725754
v 1.579811 -1.096557 0.625463
v 1.646511 -1.230644 0.536896
v 1.653011 -1.062664 0.496276
v 1.745011 -1.157425 0.430493
v 1.791211 -1.226597 0.380971
v 1.897012 -1.243021 0.321860
v 1.741311 -1.293501 0.398738
v 1.851911 -1.332353 0.297949
v 2.182212 -1.345259 0.242119
v 2.032511 -1.283175 0.257379
v 1.992811 -1.371113 0.213960
v 2.144912 -1.436461 0.205517
v 2.318412 -1.413251 0.262091
v 2.292312 -1.500839 0.209670
v 2.439111 -1.480288 0.310259
v 2.429912 -1.563358 0.242912
v 2.647412 -1.761428 0.139295
v 2.576012 -1.717185 0.238354
v 2.446512 -1.651278 0.166392
v 2.485912 -1.700789 0.018361
v 2.740812 -1.820035 0.266017
v 2.667612 -1.776075 0.349878
v 2.536012 -1.632221 0.322990
v 1.474011 -1.444358 0.717668
v 1.493811 -1.365742 0.793439
v 1.529511 -1.447339 0.648083
v 1.534111 -1.358197 0.710196
v 1.583012 -1.448438 0.575088
v 1.589811 -1.353357 0.626169
v 1.652811 -1.358389 0.528995
v 1.639112 -1.452870 0.478011
v 1.694811 -1.458155 0.352738
v 1.716311 -1.375151 0.389784
v 1.813211 -1.404309 0.269642
v 1.782811 -1.467968 0.222490
v 2.252412 -1.637577 0.075216
v 2.283412 -1.584789 0.145928
v 2.106012 -1.515673 0.166950
v 2.068912 -1.575055 0.115574
v 1.952411 -1.443296 0.180854
v 1.910211 -1.507249 0.153004
v 2.013312 -1.607375 0.075451
v 2.165411 -1.656506 0.015019
v 2.030112 -1.659018 -0.023668
v 1.966911 -1.628418 0.031165
v 2.094212 -1.671875 -0.125299
v 2.263712 -1.674590 -0.073284
v 1.854711 -1.611832 0.046875
v 1.880711 -1.649370 -0.051421
v 1.724512 -1.649614 -0.059420
v 1.699811 -1.601893 0.072221
v 1.748511 -1.655965 -0.178387
v 1.914711 -1.656447 -0.156784
v 1.097111 -1.683675 -0.180136
v 1.098711 -1.667354 -0.085023
v 1.217911 -1.668892 -0.091915
v 1.217911 -1.683485 -0.182037
v 1.216511 -1.665899 -0.001830
v 1.095212 -1.664228 0.011061
v 1.747711 -1.532776 0.166344
v 1.875011 -1.563806 0.106313
v 1.091911 -1.660843 0.099644
v 0.973711 -1.633457 0.115294
v 1.213211 -1.667212 0.087078
v 1.205711 -1.677772 0.167537
v 1.080812 -1.679308 0.179346
v 0.960711 -1.633683 0.201997
v 1.462511 -1.666572 -0.088328
v 1.339711 -1.672809 -0.094994
v 1.340711 -1.676083 -0.181677
v 1.469811 -1.670795 -0.183806
v 1.449511 -1.641149 0.007234
v 1.332111 -1.648104 -0.002928
v 1.590011 -1.656307 -0.076384
v 1.600811 -1.665583 -0.181635
v 1.566211 -1.628691 0.035967
v 0.339311 -1.646628 0.486072
v 0.417111 -1.719109 0.489668
v 0.335411 -1.772278 0.586961
v 0.285711 -1.686510 0.580891
v 0.652811 -1.721879 0.458683
v 0.669411 -1.662195 0.419056
v 0.772011 -1.696293 0.419542
v 0.688111 -1.613523 0.359089
v 0.791911 -1.631960 0.388790
v 0.910611 -1.679349 0.354449
v 0.890611 -1.733396 0.364345
v 0.871411 -1.789942 0.374454
v 0.753111 -1.758945 0.428485
v 0.375911 -1.466672 0.313084
v 0.458411 -1.548419 0.323132
v 0.373311 -1.499362 0.351664
v 0.358611 -1.448038 0.337683
v 0.443911 -1.622560 0.407139
v 0.369011 -1.574259 0.407174
v 0.521011 -1.585504 0.307634
v 0.497711 -1.638951 0.390428
v 0.545611 -1.651058 0.370994
v 0.566111 -1.607868 0.295957
v 0.535011 -1.684570 0.423678
v 0.493911 -1.697587 0.457150
v 0.598011 -1.653861 0.388710
v 0.574911 -1.704681 0.439989
v 0.617811 -1.609625 0.322067
v 0.853111 -1.587458 0.206344
v 0.869111 -1.599456 0.115508
v 0.765511 -1.577721 0.103489
v 0.751311 -1.564045 0.190415
v 0.378311 -1.472124 0.102711
v 0.318911 -1.422758 0.169442
v 0.365111 -1.450305 0.215693
v 0.469611 -1.508956 0.151713
v 0.476911 -1.519961 0.242175
v 0.382011 -1.464715 0.268673
v 0.824611 -1.588523 0.304151
v 0.721111 -1.568436 0.283441
v 0.934911 -1.651240 0.282894
v 0.652411 -1.579287 -0.000004
v 0.658011 -1.595770 -0.088015
v 0.538211 -1.557343 -0.101626
v 0.526011 -1.545240 -0.009691
v 0.542711 -1.562170 -0.179501
v 0.661511 -1.605053 -0.176266
v 0.581911 -1.568471 0.222340
v 0.642011 -1.574442 0.245873
v 0.659411 -1.566004 0.161426
v 0.586411 -1.552904 0.143054
v 0.536611 -1.538379 0.147674
v 0.531511 -1.537812 0.086670
v 0.572911 -1.547605 0.069823
v 0.488611 -1.521450 0.061480
v 0.428911 -1.517436 -0.045643
v 0.411511 -1.497929 0.028851
v 0.657411 -1.570041 0.081446
v 0.447511 -1.531328 -0.117068
v 0.456711 -1.534993 -0.183849
v 0.535411 -1.547745 0.227027
v 0.179911 -1.887574 1.081299
v 0.252511 -1.840791 1.132944
v 0.298011 -1.911458 1.120831
v 0.236511 -1.965760 1.065927
v 0.460611 -1.789150 1.158662
v 0.413411 -1.866592 1.114585
v 0.477711 -1.894694 1.095938
v 0.526711 -1.822740 1.142145
v 0.549611 -1.929719 1.073130
v 0.598511 -1.862181 1.116561
v 0.638811 -1.966457 1.048230
v 0.682611 -1.903525 1.090387
v 0.871711 -2.020410 1.002225
v 0.886111 -1.964234 1.052218
v 0.786311 -1.943136 1.070103
v 0.755411 -2.000886 1.024618
v 1.045612 -1.994732 0.979584
v 1.037812 -1.926685 1.042913
v 0.960211 -1.956075 1.044873
v 0.960911 -2.016780 0.989305
v 1.148311 -1.882435 1.033670
v 1.148511 -1.956724 0.962876
v 1.254511 -1.921281 0.933981
v 1.265911 -1.836262 0.992017
v 1.322111 -2.110055 0.829513
v 1.339911 -2.011289 0.859773
v 1.255011 -2.013356 0.883985
v 1.247911 -2.103202 0.839376
v 1.423811 -2.013306 0.838284
v 1.402012 -2.132214 0.818934
v 1.349311 -1.907122 0.889903
v 1.435012 -1.904246 0.848887
v 1.056511 -2.057263 0.919426
v 1.157712 -2.033151 0.903193
v 1.157111 -2.108939 0.850807
v 1.055611 -2.119057 0.865763
v 0.949411 -2.121755 0.884478
v 0.960111 -2.071277 0.935202
v 0.855011 -2.071067 0.955202
v 0.834411 -2.120994 0.913874
v 0.604111 -2.025052 1.012751
v 0.728611 -2.056093 0.987020
v 0.705911 -2.118048 0.958859
v 0.579911 -2.096143 0.996239
v 0.429211 -1.960418 1.055398
v 0.507311 -1.991337 1.033666
v 0.475311 -2.062620 1.018556
v 0.387011 -2.036499 1.040614
v 0.360611 -1.942240 1.087698
v 0.307311 -2.009624 1.054367
v 0.211311 -1.967674 0.880635
v 0.205511 -1.975452 0.975979
v 0.157211 -1.886824 0.980894
v 0.166111 -1.878185 0.878345
v 1.361111 -1.812561 0.919186
v 1.361211 -1.726237 0.923214
v 1.439511 -1.806212 0.854950
v 1.434811 -1.721543 0.848987
v 1.414212 -1.653296 0.820913
v 1.339011 -1.660633 0.887254
v 1.314411 -1.618434 0.832223
v 1.384811 -1.613369 0.770894
v 1.508711 -1.898424 0.816555
v 1.500911 -1.804548 0.811741
v 1.578012 -1.888546 0.775800
v 1.558612 -1.801690 0.767524
v 1.537812 -1.725307 0.746006
v 1.491311 -1.723418 0.798697
v 1.621611 -2.080613 0.764151
v 1.602011 -1.984465 0.772825
v 1.515711 -2.002520 0.817524
v 1.522712 -2.102661 0.810272
v 1.467911 -2.259237 0.778429
v 1.552011 -2.258762 0.792326
v 1.539811 -2.185324 0.798824
v 1.443911 -2.201847 0.794915
v 1.646611 -2.255322 0.781307
v 1.638711 -2.170896 0.767545
v 1.335711 -2.195895 0.767782
v 1.343611 -2.228340 0.686558
v 1.377111 -2.222173 0.753525
v 1.302112 -2.207110 0.691942
v 1.364511 -2.265231 0.688360
v 1.404112 -2.262941 0.741148
v 1.213112 -2.168510 0.783232
v 1.282811 -2.178447 0.776487
v 1.243811 -2.198261 0.700994
v 1.169912 -2.194708 0.710575
v 1.025111 -2.170882 0.806746
v 1.124911 -2.168860 0.792434
v 1.081811 -2.194066 0.718271
v 0.984911 -2.188591 0.731941
v 0.805611 -2.162469 0.863700
v 0.919111 -2.163456 0.829605
v 0.883311 -2.178231 0.761185
v 0.774411 -2.176946 0.794879
v 0.560911 -2.128600 0.931016
v 0.681811 -2.153869 0.900154
v 0.549411 -2.141425 0.853485
v 0.660911 -2.163577 0.825806
v 0.224111 -1.881707 0.783063
v 0.266211 -1.959965 0.790891
v 0.310911 -1.874964 0.699425
v 0.357011 -1.941069 0.717086
v 0.279811 -2.028457 0.975169
v 0.274811 -2.034933 0.888303
v 0.356211 -2.077919 0.891038
v 0.363011 -2.064983 0.970568
v 0.455411 -2.097769 0.954948
v 0.448011 -2.110593 0.877517
v 0.388911 -1.993043 0.740271
v 0.314711 -2.019495 0.803917
v 0.379311 -2.055143 0.813412
v 0.411111 -2.030534 0.760177
v 0.625911 -1.788615 0.488949
v 0.576611 -1.872802 0.546310
v 0.484611 -1.803336 0.521730
v 0.541411 -1.750144 0.483538
v 0.472811 -2.035079 0.733701
v 0.459311 -2.082214 0.800460
v 0.550811 -2.105757 0.774389
v 0.559111 -2.047574 0.698069
v 0.399411 -1.848398 0.601778
v 0.454011 -1.914533 0.632140
v 0.475611 -1.977075 0.679483
v 0.572311 -1.971175 0.624650
v 0.728211 -1.822784 0.458135
v 0.845811 -1.848033 0.412673
v 0.814511 -1.911714 0.471122
v 0.701911 -1.893189 0.512221
v 0.755211 -2.064099 0.638659
v 0.862011 -2.074798 0.602417
v 0.860611 -2.142164 0.681987
v 0.754511 -2.134475 0.716245
v 0.961811 -2.151827 0.652039
v 0.965711 -2.088969 0.571094
v 0.654211 -2.055332 0.669411
v 0.651011 -2.120804 0.747771
v 0.674711 -1.974373 0.588467
v 0.780411 -1.986063 0.553730
v 1.053211 -2.164508 0.637308
v 1.056011 -2.111071 0.552614
v 1.138611 -2.173844 0.630859
v 1.142411 -2.131015 0.544724
v 0.933411 -1.924743 0.429193
v 0.891311 -1.998281 0.513897
v 1.002011 -2.015577 0.478191
v 1.057011 -1.937812 0.398564
v 1.221012 -2.178087 0.622882
v 1.232211 -2.144841 0.539899
v 1.289912 -2.188813 0.618241
v 1.308911 -2.164429 0.542206
v 1.337611 -2.214986 0.623284
v 1.356111 -2.204354 0.556025
v 1.363811 -2.257485 0.568616
v 1.351311 -2.261031 0.633536
v 1.762911 -2.236969 0.626405
v 1.746511 -2.150216 0.617730
v 1.709011 -2.156576 0.698066
v 1.727011 -2.244778 0.716049
v 1.690911 -2.064706 0.692263
v 1.725511 -2.061651 0.610945
v 1.670011 -1.966871 0.698327
v 1.700011 -1.965759 0.609420
v 1.670511 -1.873685 0.604316
v 1.646511 -1.869652 0.701595
v 1.616112 -1.789833 0.686558
v 1.624311 -1.808678 0.587160
v 1.557112 -1.763900 0.564615
v 1.565711 -1.725797 0.656407
v 1.014211 -1.800121 0.341610
v 0.977411 -1.859757 0.371736
v 1.115111 -1.867361 0.352878
v 1.160111 -1.806417 0.342444
v 1.179911 -1.959686 0.384983
v 1.107511 -2.039380 0.459521
v 1.207711 -2.066411 0.453769
v 1.294011 -1.989177 0.386745
v 1.283111 -1.818387 0.366210
v 1.243912 -1.883925 0.359368
v 1.356211 -1.910614 0.379715
v 1.387011 -1.836018 0.397107
v 1.548811 -1.893520 0.451722
v 1.527111 -1.982050 0.428207
v 1.447411 -1.947075 0.405415
v 1.475212 -1.863058 0.426355
v 1.494511 -2.086686 0.403679
v 1.391011 -2.029553 0.391166
v 1.553211 -1.822644 0.501835
v 1.612811 -1.860519 0.524843
v 1.607211 -1.924562 0.480593
v 1.655511 -1.914029 0.541636
v 1.642811 -1.949924 0.505932
v 1.303811 -2.094193 0.457321
v 1.383811 -2.131516 0.471425
v 1.763312 -2.241556 0.555629
v 1.745911 -2.160784 0.550386
v 1.725711 -2.250947 0.502579
v 1.706311 -2.175677 0.497067
v 1.681811 -2.096792 0.493935
v 1.719111 -2.079607 0.545942
v 1.687311 -1.993201 0.546769
v 1.659212 -2.013763 0.499081
v 1.602511 -2.007087 0.458044
v 1.607011 -2.095919 0.452430
v 1.631411 -2.181322 0.452197
v 1.660711 -2.256172 0.461407
v 1.562912 -2.281987 0.440548
v 1.533412 -2.186012 0.435623
v 1.432611 -2.193333 0.486564
v 1.437011 -2.263695 0.493749
v 1.684811 -2.311616 0.471911
v 1.643011 -2.351705 0.455630
v 1.736812 -2.324169 0.498680
v 1.715011 -2.395756 0.483071
v 1.756311 -2.413293 0.549468
v 1.773511 -2.327865 0.554301
v 1.776911 -2.328929 0.633908
v 1.770911 -2.422819 0.636222
v 1.061711 -1.689603 0.253203
v 1.188511 -1.705306 0.234589
v 1.188211 -1.715462 0.315646
v 1.042311 -1.712209 0.307028
v 1.032311 -1.748845 0.337129
v 1.170712 -1.756381 0.348970
v 1.426511 -1.620778 0.111525
v 1.323611 -1.646093 0.090663
v 1.310611 -1.658922 0.176734
v 1.402811 -1.641163 0.205638
v 1.289011 -1.686149 0.244884
v 1.369811 -1.672490 0.273910
v 1.342911 -1.693439 0.319825
v 1.280911 -1.698960 0.315955
v 1.605011 -1.565954 0.207126
v 1.524211 -1.593559 0.151376
v 1.486211 -1.629162 0.260573
v 1.552411 -1.595261 0.352089
v 1.491311 -1.557848 0.536987
v 1.523611 -1.583210 0.470924
v 1.562811 -1.525794 0.510311
v 1.511212 -1.518703 0.581673
v 1.611012 -1.531121 0.413938
v 1.660811 -1.524843 0.282102
v 1.277611 -1.572933 0.704272
v 1.305012 -1.528170 0.770528
v 1.386511 -1.515022 0.706155
v 1.361211 -1.578657 0.626802
v 1.382211 -1.762405 0.435805
v 1.473711 -1.787687 0.475643
v 1.365412 -1.702444 0.501577
v 1.470411 -1.727241 0.538914
v 1.284212 -1.758179 0.385781
v 1.271511 -1.712036 0.411828
v 1.374811 -1.682624 0.377267
v 1.314811 -1.690312 0.397909
v 1.402811 -1.653088 0.456907
v 1.339611 -1.655496 0.492120
v 1.436711 -1.663361 0.333961
v 1.469311 -1.638834 0.411828
v 1.438111 -1.561295 0.565106
v 1.448611 -1.505992 0.638504
v 1.303512 -1.597671 0.770508
v 1.358411 -1.607739 0.703262
v 1.390911 -1.634675 0.642009
v 1.434312 -1.628821 0.724978
v 1.397012 -1.622140 0.684841
v 1.452111 -1.646622 0.669974
v 1.460611 -1.611285 0.493878
v 1.392712 -1.613763 0.534493
v 1.359411 -1.648127 0.577581
v 1.430012 -1.668545 0.592693
v 1.502111 -1.671914 0.708013
v 1.469512 -1.661190 0.767256
v 1.495211 -1.685794 0.620388
v 1.772811 -1.809877 1.975888
v 1.874411 -1.835456 1.925127
v 1.829611 -1.865402 1.898390
v 1.726712 -1.828923 1.949391
v 1.951311 -1.884676 1.830194
v 1.988711 -1.848826 1.857399
v 1.919912 -1.934985 1.810270
v 1.789611 -1.907519 1.877320
v 1.658711 -1.859842 1.927560
v 1.767511 -1.981501 1.862425
v 1.637311 -1.951829 1.893763
v 1.903211 -2.004251 1.798449
v 1.769411 -2.066915 1.860092
v 1.905311 -2.082477 1.793977
v 1.625211 -2.053864 1.905922
v 1.235011 -1.890271 2.434034
v 1.302011 -1.878709 2.408971
v 1.280711 -1.871610 2.372031
v 1.212911 -1.882023 2.387888
v 1.349311 -1.857923 2.351356
v 1.371011 -1.867555 2.382109
v 1.327611 -1.862129 2.313679
v 1.262811 -1.881837 2.330687
v 1.198311 -1.899487 2.339783
v 1.311111 -1.921736 2.531908
v 1.365211 -1.914030 2.478165
v 1.331211 -1.895515 2.444163
v 1.268312 -1.906813 2.481325
v 1.394911 -1.883419 2.407096
v 1.419311 -1.902002 2.428298
v 1.441011 -1.853316 2.352531
v 1.418411 -1.842970 2.324373
v 1.487911 -1.826672 2.287484
v 1.511912 -1.836314 2.316437
v 1.459512 -1.823254 2.254165
v 1.393211 -1.842461 2.289470
v 1.526511 -1.850996 2.338018
v 1.459111 -1.868100 2.373812
v 1.476012 -1.884214 2.389700
v 1.539011 -1.866015 2.352800
v 1.670911 -1.802853 2.254353
v 1.599011 -1.823319 2.297266
v 1.614411 -1.841621 2.315066
v 1.691611 -1.822834 2.276163
v 1.581711 -1.807963 2.270881
v 1.655311 -1.790902 2.208787
v 1.935111 -1.792656 2.144096
v 2.057712 -1.793247 2.090998
v 2.018712 -1.782845 2.054841
v 1.900612 -1.781852 2.108336
v 1.971911 -1.816901 2.172529
v 2.098212 -1.818486 2.120537
v 2.182212 -1.787343 2.018564
v 2.226112 -1.811186 2.047396
v 2.139112 -1.778533 1.983916
v 1.611611 -1.782486 2.175140
v 1.554511 -1.800150 2.236638
v 1.522611 -1.794733 2.203108
v 1.577011 -1.775565 2.142502
v 1.795712 -1.794495 2.191806
v 1.851611 -1.794787 2.175108
v 1.825411 -1.785265 2.142555
v 1.774311 -1.784966 2.160554
v 1.823511 -1.811561 2.216400
v 1.882311 -1.813542 2.201511
v 1.629311 -1.773318 2.023188
v 1.667611 -1.777987 2.047214
v 1.683911 -1.795360 1.997208
v 1.635811 -1.795492 1.973209
v 1.726012 -1.793213 2.024097
v 1.703411 -1.783161 2.070043
v 1.647012 -1.776348 2.109006
v 1.683111 -1.784129 2.130848
v 1.612011 -1.770303 2.080772
v 1.736211 -1.796249 2.218517
v 1.760811 -1.814422 2.241916
v 1.721111 -1.786245 2.182661
v 2.099912 -1.861729 1.783868
v 2.134112 -1.826589 1.809376
v 2.025912 -1.821066 1.886547
v 2.061812 -1.799105 1.915928
v 2.171211 -1.798136 1.837121
v 1.737611 -1.785887 2.083558
v 1.760512 -1.790389 2.046682
v 1.763211 -1.787246 2.091065
v 1.787812 -1.789349 2.072376
v 1.810712 -1.797018 2.005018
v 1.841111 -1.788550 2.035672
v 1.871011 -1.783860 2.070347
v 1.983511 -1.786350 2.017359
v 1.950112 -1.797233 1.984018
v 2.099012 -1.783827 1.948444
v 1.806412 -1.787868 2.105369
v 1.766212 -1.789181 2.121176
v 1.724611 -1.788116 2.133070
v 1.564911 -1.841168 1.922858
v 1.548811 -1.922281 1.902401
v 1.493111 -1.898610 1.915272
v 1.512911 -1.829943 1.927296
v 1.528811 -2.002523 1.913241
v 1.468411 -1.969679 1.921261
v 1.553011 -1.789252 1.998775
v 1.587611 -1.775104 2.007397
v 1.581011 -1.791463 1.960086
v 1.538811 -1.798259 1.960824
v 1.545811 -1.792904 2.043995
v 1.575711 -1.774916 2.060097
v 1.515811 -1.801232 2.093842
v 1.542211 -1.780708 2.116430
v 1.467711 -1.817166 2.142430
v 1.491311 -1.800007 2.171436
v 1.432411 -1.830953 2.217906
v 1.412211 -1.847945 2.182799
v 1.352211 -1.882694 2.210389
v 1.368912 -1.859381 2.249362
v 1.305211 -1.887866 2.270518
v 1.278211 -1.921522 2.223802
v 1.222811 -1.955944 2.238191
v 1.243111 -1.914094 2.283662
v 1.181311 -1.938762 2.289698
v 1.168311 -1.988103 2.245767
v 1.093211 -1.855645 1.908837
v 1.184611 -1.808065 1.941577
v 1.195911 -1.829121 1.913092
v 1.108411 -1.872458 1.888229
v 1.076612 -1.848802 1.934900
v 1.172711 -1.804983 1.974861
v 1.270211 -1.778786 2.010718
v 1.281911 -1.773090 1.973386
v 1.291611 -1.793373 1.940096
v 1.160211 -1.814102 2.007811
v 1.135811 -1.834740 2.037625
v 1.058411 -1.850442 1.964109
v 1.033611 -1.861883 1.993372
v 1.232511 -1.823551 2.071964
v 1.258611 -1.796108 2.043213
v 0.998611 -1.882838 2.019887
v 1.091612 -1.863508 2.061882
v 1.044111 -1.893992 2.082949
v 0.962911 -1.912916 2.042253
v 1.118912 -1.885708 2.116605
v 1.178011 -1.856421 2.096044
v 0.940211 -1.952047 2.054966
v 1.015411 -1.928419 2.096438
v 1.009411 -1.969777 2.086064
v 0.934411 -1.995078 2.049502
v 1.075311 -1.957656 2.107998
v 1.085511 -1.917278 2.122277
v 0.833811 -1.962248 1.963321
v 0.810811 -2.003728 1.967148
v 0.864011 -1.976964 2.015402
v 0.883711 -1.934839 2.001472
v 0.864611 -2.021484 2.011746
v 0.820611 -2.039180 1.976042
v 0.934411 -2.040849 2.018252
v 1.013611 -2.026275 2.049973
v 1.028711 -2.070571 1.996114
v 0.940011 -2.074621 1.968636
v 1.084711 -2.022737 2.075154
v 1.108811 -2.078221 2.023357
v 0.981011 -2.071474 1.885818
v 1.073712 -2.075647 1.909141
v 1.049611 -2.082633 1.948180
v 0.957711 -2.081776 1.922075
v 1.135211 -2.097100 1.972659
v 1.162411 -2.088738 1.928913
v 1.034811 -2.022638 1.855850
v 1.125811 -2.011438 1.874089
v 1.098711 -2.047378 1.884986
v 1.005911 -2.048990 1.864594
v 1.190211 -2.051996 1.900211
v 1.218311 -2.007712 1.878669
v 0.866111 -1.953275 1.903571
v 0.842011 -1.957922 1.931597
v 0.909511 -1.909687 1.974334
v 0.938811 -1.895943 1.945858
v 0.816911 -2.064379 1.939680
v 0.867511 -2.058253 1.980947
v 0.836611 -2.070079 1.903210
v 0.877011 -2.079391 1.937462
v 0.925411 -1.951599 1.862761
v 0.894511 -1.951802 1.880563
v 0.965811 -1.891990 1.918836
v 0.990411 -1.894521 1.894950
v 0.799311 -2.022101 1.917248
v 0.825711 -2.022088 1.883147
v 0.857311 -2.018108 1.861225
v 0.892211 -2.010292 1.845982
v 0.897311 -2.052243 1.855012
v 0.865411 -2.064225 1.876478
v 0.925411 -2.066462 1.869790
v 0.898511 -2.079004 1.898559
v 1.040211 -1.910391 1.864036
v 1.062311 -1.920015 1.859588
v 1.045612 -1.945281 1.847727
v 0.997411 -1.948407 1.843044
v 1.117311 -1.898135 1.874169
v 1.112512 -1.928803 1.861737
v 0.958911 -1.949872 1.849452
v 1.015311 -1.900924 1.876184
v 1.282111 -1.862737 1.891976
v 1.197711 -1.898620 1.876971
v 1.199311 -1.864331 1.893184
v 1.288911 -1.827618 1.913684
v 1.095711 -1.972642 1.854876
v 1.184511 -1.943186 1.865016
v 1.157811 -1.975569 1.868193
v 1.070511 -1.996341 1.855006
v 1.245511 -1.959040 1.873402
v 1.267311 -1.916847 1.872072
v 1.022311 -2.006218 1.840960
v 1.028511 -1.990834 1.838076
v 0.987011 -2.024628 1.839261
v 0.975111 -2.009369 1.831777
v 1.195211 -1.920180 1.866189
v 1.277211 -1.887723 1.876412
v 1.107011 -1.952736 1.855767
v 1.034411 -1.970327 1.839364
v 0.976611 -1.983472 1.831235
v 0.954611 -2.047176 1.848884
v 0.932611 -2.031733 1.838500
v 0.930711 -1.997451 1.835012
v 1.210111 -2.024661 2.162166
v 1.200112 -2.049607 2.172203
v 1.204111 -1.999847 2.201230
v 1.220411 -1.969390 2.193264
v 1.164511 -2.032777 2.214111
v 1.173211 -2.092541 2.184237
v 1.103211 -2.013975 2.251009
v 1.117011 -1.961656 2.290723
v 1.063111 -1.983234 2.294941
v 1.045612 -2.032140 2.257308
v 1.083511 -1.941645 2.347614
v 1.136011 -1.918867 2.343489
v 1.099512 -1.927694 2.411638
v 1.151312 -1.901247 2.401894
v 1.173111 -1.906526 2.460524
v 1.108411 -1.931574 2.488561
v 1.152811 -1.948129 2.551553
v 1.208211 -1.923718 2.517019
v 1.195211 -1.968323 2.607364
v 1.253611 -1.937993 2.576397
v 0.829311 -2.507666 2.418413
v 0.782611 -2.515362 2.473956
v 0.770811 -2.480850 2.457967
v 0.808211 -2.471393 2.413415
v 0.770811 -2.475544 2.532039
v 0.757011 -2.454927 2.516626
v 0.738911 -2.441011 2.501249
v 0.767611 -2.449198 2.448893
v 0.803311 -2.436111 2.409921
v 1.020811 -1.989339 2.586479
v 1.051011 -2.007330 2.624678
v 1.101411 -1.975736 2.586904
v 1.065611 -1.961782 2.541827
v 1.139711 -2.001479 2.633946
v 1.084412 -2.037642 2.659044
v 0.919411 -2.072829 2.679737
v 0.942011 -2.090107 2.702132
v 0.998711 -2.049023 2.662507
v 0.972911 -2.029578 2.634100
v 1.025911 -2.074884 2.687949
v 0.964611 -2.110595 2.722744
v 0.804111 -2.169060 2.729165
v 0.822811 -2.186051 2.749158
v 0.881411 -2.138355 2.729897
v 0.860911 -2.120358 2.711097
v 0.901411 -2.156858 2.747898
v 0.841611 -2.203648 2.767954
v 0.742111 -2.286426 2.735707
v 0.775411 -2.236140 2.751232
v 0.758011 -2.219251 2.730939
v 0.723411 -2.269928 2.717116
v 0.760811 -2.303039 2.751798
v 0.793411 -2.253540 2.769628
v 0.704611 -2.321700 2.685899
v 0.724011 -2.335096 2.704673
v 0.707811 -2.366588 2.633244
v 0.736111 -2.370414 2.646665
v 0.753811 -2.383722 2.663538
v 0.740211 -2.349803 2.721754
v 0.755011 -2.405187 2.578554
v 0.719211 -2.408947 2.567675
v 0.775911 -2.417008 2.593220
v 1.049511 -1.968993 2.357064
v 1.056511 -1.951385 2.413468
v 1.026511 -1.978893 2.412019
v 1.022511 -1.985664 2.362656
v 1.017011 -1.972845 2.457387
v 1.050911 -1.949283 2.468658
v 0.998311 -1.976527 2.497207
v 1.029211 -1.963637 2.513637
v 0.967811 -1.987593 2.539868
v 0.993111 -1.986296 2.557662
v 1.012711 -2.041677 2.269060
v 1.028711 -1.997880 2.304921
v 1.005311 -2.002153 2.309845
v 0.992511 -2.044733 2.276978
v 1.030811 -2.103444 2.220298
v 0.993611 -2.109939 2.239634
v 1.004611 -2.078175 2.251260
v 1.039611 -2.069660 2.235513
v 0.980911 -2.078845 2.256764
v 0.967111 -2.111719 2.243143
v 0.985811 -2.199212 2.226522
v 0.958311 -2.192068 2.252883
v 0.974911 -2.150264 2.235054
v 1.009311 -2.149084 2.213147
v 0.949011 -2.152151 2.237365
v 0.931511 -2.191775 2.251482
v 0.786611 -2.155293 2.704789
v 0.742111 -2.202881 2.707249
v 0.771011 -2.146002 2.684937
v 0.733611 -2.193110 2.683596
v 0.702211 -2.240678 2.671355
v 0.708511 -2.252852 2.694423
v 0.673711 -2.292296 2.649938
v 0.683011 -2.307286 2.669920
v 0.655511 -2.350296 2.613354
v 0.677311 -2.361638 2.624117
v 0.686111 -2.414289 2.560204
v 0.658311 -2.413530 2.552700
v 0.685811 -2.442851 2.475859
v 0.711411 -2.442088 2.487355
v 0.719311 -2.437576 2.416429
v 0.743611 -2.438991 2.431937
v 0.753111 -2.414420 2.371802
v 0.778211 -2.416806 2.392615
v 0.782011 -2.382907 2.337529
v 0.809811 -2.387972 2.362157
v 0.813511 -2.346457 2.309929
v 0.842611 -2.352408 2.337262
v 0.874711 -2.378262 2.345704
v 0.839411 -2.411486 2.377886
v 0.491811 -2.110644 2.512641
v 0.394211 -2.141391 2.485909
v 0.400411 -2.162880 2.506327
v 0.490211 -2.139894 2.540302
v 0.322011 -2.180909 2.482826
v 0.303711 -2.160996 2.466716
v 0.354711 -2.191628 2.497484
v 0.408511 -2.183579 2.524641
v 0.489511 -2.167743 2.567855
v 0.586711 -2.336421 2.316374
v 0.535111 -2.307289 2.304015
v 0.584111 -2.281335 2.277172
v 0.624011 -2.311966 2.289840
v 0.552011 -2.246567 2.271382
v 0.489511 -2.275731 2.296342
v 0.625011 -2.211344 2.257189
v 0.643211 -2.250549 2.256304
v 0.670211 -2.283977 2.269687
v 0.441511 -2.228065 2.289881
v 0.417811 -2.208778 2.287475
v 0.490111 -2.177797 2.284106
v 0.514211 -2.194512 2.281297
v 0.460611 -2.158953 2.291903
v 0.412411 -2.184832 2.295744
v 0.550411 -2.119024 2.297084
v 0.576211 -2.139278 2.287295
v 0.598011 -2.156720 2.279691
v 0.531911 -2.216840 2.276219
v 0.461911 -2.249250 2.292797
v 0.612511 -2.180375 2.269719
v 0.390911 -2.293268 2.362739
v 0.452011 -2.331190 2.376946
v 0.422011 -2.327845 2.440029
v 0.365511 -2.294358 2.419446
v 0.482111 -2.355684 2.469482
v 0.516611 -2.365077 2.397632
v 0.408211 -2.297825 2.498366
v 0.464911 -2.314814 2.537159
v 0.368211 -2.286393 2.467703
v 0.491111 -2.322619 2.335099
v 0.551911 -2.355138 2.350077
v 0.434411 -2.288375 2.324912
v 0.373811 -2.186588 2.322154
v 0.433711 -2.144076 2.324122
v 0.411911 -2.128860 2.363639
v 0.343011 -2.173389 2.358482
v 0.516511 -2.092290 2.376339
v 0.530411 -2.104234 2.331704
v 0.399211 -2.110724 2.406740
v 0.508411 -2.078626 2.424665
v 0.320211 -2.148685 2.395548
v 0.329811 -2.123599 2.429611
v 0.393411 -2.104494 2.448807
v 0.502311 -2.071583 2.468927
v 0.417711 -2.219162 2.528035
v 0.414911 -2.199648 2.530529
v 0.339311 -2.208757 2.492278
v 0.343611 -2.231489 2.486602
v 0.488011 -2.214493 2.577111
v 0.489611 -2.189071 2.581072
v 0.351211 -2.260037 2.477758
v 0.415011 -2.251715 2.518414
v 0.478111 -2.254881 2.561132
v 0.322211 -2.240373 2.361549
v 0.315411 -2.206631 2.350864
v 0.359211 -2.216738 2.313119
v 0.378211 -2.241830 2.314557
v 0.280611 -2.178875 2.397613
v 0.280311 -2.205167 2.417557
v 0.303011 -2.141904 2.446912
v 0.393511 -2.123271 2.471310
v 0.497511 -2.088748 2.493721
v 0.291111 -2.215757 2.455816
v 0.308211 -2.246705 2.428785
v 0.354711 -2.266495 2.357692
v 0.400411 -2.262807 2.318771
v 0.332011 -2.268875 2.416106
v 0.645611 -2.068278 2.342007
v 0.659011 -2.082393 2.302684
v 0.634911 -2.058419 2.389254
v 0.753911 -2.022441 2.403357
v 0.763911 -2.031307 2.354905
v 0.771511 -2.043158 2.308869
v 0.624911 -2.047359 2.436694
v 0.612811 -2.038720 2.480347
v 0.721411 -2.011160 2.491197
v 0.739611 -2.014194 2.448413
v 0.679311 -2.063288 2.559483
v 0.702711 -2.031462 2.527408
v 0.601211 -2.054751 2.511236
v 0.587611 -2.082013 2.536585
v 0.677811 -2.107770 2.288522
v 0.693311 -2.129636 2.276642
v 0.780911 -2.072204 2.282328
v 0.788011 -2.102197 2.265292
v 0.792311 -2.131275 2.251251
v 0.703411 -2.154908 2.263580
v 0.793911 -2.161849 2.238017
v 0.710011 -2.184487 2.249142
v 0.876111 -2.058470 2.635758
v 0.820711 -2.098581 2.670378
v 0.839211 -2.105372 2.690315
v 0.897111 -2.063463 2.655285
v 0.795511 -2.233749 2.237911
v 0.731111 -2.256670 2.252537
v 0.717511 -2.222530 2.241450
v 0.793611 -2.198895 2.229520
v 0.949011 -2.023325 2.607265
v 0.926411 -2.020127 2.588647
v 0.572211 -2.117941 2.568083
v 0.557011 -2.152976 2.598274
v 0.618111 -2.142034 2.624215
v 0.648811 -2.103101 2.593601
v 0.545411 -2.180080 2.616023
v 0.536611 -2.211582 2.615596
v 0.577711 -2.214494 2.649912
v 0.594211 -2.174510 2.646993
v 0.526611 -2.255388 2.596535
v 0.513211 -2.320924 2.571793
v 0.561611 -2.318913 2.591882
v 0.567511 -2.261516 2.627969
v 0.528511 -2.371514 2.500569
v 0.561311 -2.388749 2.421162
v 0.595311 -2.407032 2.442662
v 0.567711 -2.381577 2.525824
v 0.630411 -2.359154 2.328899
v 0.596311 -2.379244 2.367209
v 0.631111 -2.399659 2.382921
v 0.667811 -2.378192 2.340303
v 0.909311 -2.335244 2.312368
v 0.854311 -2.302448 2.293188
v 0.882511 -2.306797 2.320912
v 0.892811 -2.257997 2.284144
v 0.919011 -2.265145 2.293584
v 0.939911 -2.288625 2.279212
v 0.705411 -2.305021 2.279902
v 0.665811 -2.333207 2.300857
v 0.704611 -2.349557 2.310046
v 0.741211 -2.319075 2.288279
v 0.751811 -2.278918 2.262159
v 0.777611 -2.293282 2.268738
v 0.800811 -2.258696 2.247948
v 0.806011 -2.275250 2.256238
v 0.941311 -2.228477 2.269583
v 0.964111 -2.244382 2.250270
v 0.915611 -2.224189 2.267259
v 0.790311 -2.339224 2.297789
v 0.769911 -2.331550 2.293047
v 0.806911 -2.301765 2.271884
v 0.831211 -2.302224 2.279186
v 0.836511 -2.271941 2.257920
v 0.866311 -2.264484 2.268280
v 0.974411 -2.047537 2.276292
v 0.988011 -2.005568 2.307163
v 0.950611 -2.014412 2.299012
v 0.940411 -2.054772 2.269832
v 0.957311 -1.981876 2.341934
v 0.999111 -1.985390 2.357754
v 0.999411 -1.975527 2.405801
v 0.955511 -1.965304 2.391544
v 0.945711 -1.958941 2.439810
v 0.990111 -1.971482 2.450479
v 0.875711 -2.005775 2.323865
v 0.870611 -1.987214 2.371564
v 0.860811 -1.979645 2.420823
v 0.876311 -2.038074 2.287841
v 0.873411 -2.071230 2.259422
v 0.928211 -1.961501 2.483625
v 0.972611 -1.973565 2.490191
v 0.903311 -1.984474 2.525051
v 0.944811 -1.984735 2.532353
v 0.844611 -1.977998 2.465915
v 0.823511 -1.993264 2.508799
v 0.868811 -2.019639 2.568244
v 0.905711 -2.018181 2.578936
v 0.857711 -2.056529 2.625047
v 0.825411 -2.056999 2.612049
v 0.796811 -2.023249 2.548164
v 0.762611 -2.057937 2.586954
v 0.949511 -2.115036 2.240062
v 0.962511 -2.082046 2.256381
v 0.931311 -2.088093 2.248014
v 0.921911 -2.122777 2.232504
v 0.870311 -2.102647 2.237993
v 0.866611 -2.138225 2.223788
v 0.916611 -2.195601 2.246903
v 0.933711 -2.156364 2.234988
v 0.909911 -2.164598 2.228932
v 0.896411 -2.203938 2.239948
v 0.860511 -2.179130 2.223012
v 0.853711 -2.217078 2.232620
v 0.880411 -2.259650 2.274554
v 0.901711 -2.226720 2.261573
v 0.884611 -2.234157 2.254913
v 0.848811 -2.245508 2.245476
v 0.728911 -2.134022 2.681272
v 0.776111 -2.095394 2.649660
v 0.720611 -2.097339 2.623270
v 0.679911 -2.136171 2.653983
v 0.804311 -2.094727 2.662057
v 0.755811 -2.138807 2.683998
v 0.703111 -2.185467 2.673153
v 0.724111 -2.188043 2.677568
v 0.685111 -2.228622 2.644789
v 0.697911 -2.235727 2.662228
v 0.653011 -2.178805 2.666117
v 0.639711 -2.219559 2.638139
v 0.670011 -2.285943 2.641303
v 0.661911 -2.275228 2.625744
v 0.642811 -2.332579 2.598358
v 0.648711 -2.342833 2.606613
v 0.623711 -2.261077 2.616567
v 0.612511 -2.315728 2.589365
v 0.645511 -2.409257 2.547676
v 0.635511 -2.404570 2.545351
v 0.656611 -2.436606 2.465725
v 0.671511 -2.441082 2.470049
v 0.607211 -2.391011 2.537676
v 0.628811 -2.424153 2.456957
v 0.705911 -2.434914 2.409315
v 0.690811 -2.430546 2.403691
v 0.726411 -2.406898 2.357561
v 0.740211 -2.411167 2.363184
v 0.664011 -2.418293 2.394824
v 0.701111 -2.394939 2.349895
v 0.769111 -2.378655 2.328705
v 0.757511 -2.374884 2.323485
v 0.800811 -2.342404 2.301407
v 0.735511 -2.364317 2.317327
v 0.842911 -2.301298 2.284081
v 0.894911 -2.433911 2.336808
v 0.858511 -2.468408 2.373997
v 0.848111 -2.445702 2.375073
v 0.885411 -2.409604 2.338075
v 0.922311 -2.465541 2.349782
v 0.877811 -2.488182 2.378906
v 0.877611 -2.474549 2.366631
v 0.910411 -2.450601 2.338899
v 0.965211 -2.351077 2.269754
v 0.928011 -2.395593 2.303498
v 0.918811 -2.366390 2.303938
v 0.950811 -2.318478 2.269375
v 0.945711 -2.420049 2.311532
v 0.988611 -2.380602 2.283616
v 1.014812 -2.406390 2.304057
v 0.965911 -2.439371 2.325938
v 1.014911 -2.296570 2.234355
v 0.986511 -2.267476 2.233196
v 1.024611 -2.211336 2.203788
v 1.069611 -2.233717 2.207310
v 1.092811 -2.095611 2.207955
v 1.100911 -2.055516 2.225235
v 1.063011 -2.150182 2.195253
v 1.119311 -2.167989 2.193951
v 1.044511 -2.330563 2.254041
v 1.104612 -2.273496 2.229629
v 1.138811 -2.315528 2.260359
v 1.075112 -2.363921 2.280124
v 1.249211 -2.243142 2.221062
v 1.198012 -2.267697 2.247697
v 1.159811 -2.217191 2.212020
v 1.205511 -2.186717 2.189053
v 1.215511 -2.105547 2.146808
v 1.214512 -2.079520 2.133265
v 1.239811 -2.125207 2.099215
v 1.254712 -2.151583 2.121860
v 1.273611 -2.179160 2.144611
v 1.222111 -2.142982 2.158713
v 1.247211 -2.191980 2.177481
v 1.284311 -2.232140 2.203102
v 1.298011 -2.204156 2.163648
v 1.323111 -2.226662 2.180871
v 1.326612 -2.198715 2.116218
v 1.298111 -2.178380 2.086106
v 1.343911 -2.186117 2.042748
v 1.377111 -2.210150 2.073279
v 1.269812 -2.156445 2.055885
v 1.307811 -2.164704 2.008530
v 1.401711 -2.226255 2.090768
v 1.350111 -2.214614 2.134605
v 1.368611 -2.229248 2.146685
v 1.419111 -2.239398 2.101240
v 1.386511 -2.172216 1.988071
v 1.432511 -2.117704 1.953672
v 1.480511 -2.150028 1.967749
v 1.425811 -2.197979 2.013212
v 1.347412 -2.137011 1.970678
v 1.386711 -2.088257 1.943810
v 1.484211 -2.061523 1.931664
v 1.429811 -2.030314 1.933193
v 1.544111 -2.103484 1.938894
v 1.456711 -2.215768 2.033410
v 1.521611 -2.180510 1.989216
v 1.481311 -2.232780 2.049603
v 1.557311 -2.206268 2.015257
v 2.196812 -2.192847 1.653678
v 2.063012 -2.174745 1.726980
v 2.038412 -2.101170 1.722278
v 2.109112 -2.233127 1.748700
v 2.247812 -2.248940 1.673286
v 1.974411 -2.218529 1.821321
v 1.929711 -2.158350 1.799092
v 1.640311 -2.188099 1.991158
v 1.594611 -2.150875 1.958953
v 1.681311 -2.139785 1.920592
v 1.733311 -2.195939 1.947300
v 1.390011 -1.926769 1.904526
v 1.415811 -1.855698 1.899037
v 1.447111 -1.873743 1.909136
v 1.422711 -1.944905 1.916425
v 1.443811 -1.808306 1.934078
v 1.474512 -1.819103 1.934637
v 1.504211 -1.801739 1.964543
v 1.471012 -1.785454 1.961854
v 1.487811 -1.785296 1.990653
v 1.520711 -1.798878 1.994027
v 1.482011 -1.788721 2.022672
v 1.514511 -1.802377 2.030647
v 1.489111 -1.816056 2.071223
v 1.457611 -1.798025 2.058524
v 1.417611 -1.812007 2.098401
v 1.444311 -1.827119 2.114484
v 1.390211 -1.847813 2.152198
v 1.368311 -1.835517 2.133030
v 1.333911 -1.878177 2.177164
v 1.316311 -1.864989 2.156692
v 1.274112 -1.907409 2.189624
v 1.259811 -1.894905 2.172055
v 1.349111 -2.068269 1.923301
v 1.386811 -2.008717 1.914275
v 1.320211 -2.050957 1.907106
v 1.355811 -1.990284 1.902074
v 1.250911 -2.137127 1.967678
v 1.285111 -2.099007 1.934769
v 1.312611 -2.117232 1.948469
v 1.275811 -2.150140 1.983550
v 1.220611 -2.129953 2.017740
v 1.242811 -2.140767 2.033499
v 1.218611 -2.107621 2.078318
v 1.195611 -2.100101 2.063677
v 1.207611 -1.942056 2.162814
v 1.221511 -1.952475 2.177571
v 1.199412 -2.006856 2.144768
v 1.178612 -1.995427 2.131605
v 1.201111 -2.060227 2.113559
v 1.177311 -2.051396 2.101011
v 1.148711 -2.085734 2.039398
v 1.124712 -2.028874 2.086688
v 1.146912 -2.038150 2.091139
v 1.167812 -2.090487 2.048024
v 1.145811 -1.976986 2.120904
v 1.118711 -1.963308 2.116729
v 1.344311 -1.837057 1.906635
v 1.332711 -1.868876 1.884909
v 1.370111 -1.857962 1.887449
v 1.388711 -1.819889 1.918941
v 1.346311 -1.912361 1.887847
v 1.316911 -1.909499 1.880831
v 1.292812 -1.959606 1.879705
v 1.317011 -1.968972 1.885957
v 1.285211 -2.026947 1.890674
v 1.264611 -2.015085 1.883709
v 1.367911 -1.917021 1.895173
v 1.335311 -1.977933 1.893006
v 1.301211 -2.037504 1.898432
v 1.395611 -1.852144 1.890617
v 1.419111 -1.809242 1.927483
v 1.367211 -1.781144 1.963630
v 1.359111 -1.807203 1.934572
v 1.409711 -1.789648 1.944676
v 1.422211 -1.764194 1.972737
v 1.444011 -1.779006 1.952218
v 1.460311 -1.769938 1.982869
v 1.398611 -1.774194 2.045793
v 1.418111 -1.761897 2.008625
v 1.361111 -1.766570 1.995351
v 1.346012 -1.774876 2.030897
v 1.455611 -1.773154 2.016587
v 1.433011 -1.782952 2.053541
v 1.325511 -1.827443 2.110185
v 1.367311 -1.796704 2.080617
v 1.324412 -1.796194 2.064114
v 1.290111 -1.825034 2.093572
v 1.395811 -1.801850 2.090445
v 1.349211 -1.828878 2.121994
v 1.215711 -1.888911 2.152723
v 1.272211 -1.858511 2.134256
v 1.234511 -1.856398 2.118444
v 1.175611 -1.885992 2.137806
v 1.297611 -1.859451 2.145261
v 1.242311 -1.890558 2.162431
v 1.171611 -1.930160 2.143748
v 1.136711 -1.920911 2.134598
v 1.193311 -1.936311 2.152782
v 1.163011 -1.986861 2.125558
v 1.253511 -2.075899 1.917842
v 1.234811 -2.063746 1.909276
v 1.204511 -2.105378 1.939904
v 1.221111 -2.117030 1.948968
v 1.267811 -2.086358 1.925500
v 1.234511 -2.126383 1.957319
v 1.176011 -2.109613 1.988528
v 1.193211 -2.116556 1.998966
v 1.205912 -2.122510 2.007299
v 1.181011 -2.094848 2.054948
v 1.161611 -2.045228 2.095177
v 0.735511 -2.518329 0.652745
v 0.743211 -2.537330 0.689149
v 0.841611 -2.510810 0.674604
v 0.836811 -2.495922 0.635622
v 0.649111 -2.554641 0.669044
v 0.661211 -2.571373 0.699736
v 0.669311 -2.564381 0.734698
v 0.750411 -2.524235 0.724778
v 0.849511 -2.499316 0.710042
v 0.939711 -2.470443 0.650083
v 0.940611 -2.471545 0.613188
v 0.946911 -2.463529 0.689145
v 1.031911 -2.428258 0.665652
v 1.026711 -2.431995 0.622272
v 1.034511 -2.443190 0.586633
v 1.093411 -2.414899 0.603178
v 1.114111 -2.430071 0.571861
v 1.095212 -2.408971 0.644846
v 1.151312 -2.397882 0.624485
v 1.158311 -2.410309 0.583053
v 1.173111 -2.425529 0.561136
v 1.275612 -2.358016 0.581666
v 1.269211 -2.346665 0.664006
v 1.321911 -2.311654 0.647814
v 1.333211 -2.314348 0.575527
v 1.346012 -2.315315 0.709635
v 1.298411 -2.352766 0.736840
v 1.155011 -2.384105 0.693311
v 1.214411 -2.371288 0.678241
v 1.214911 -2.385106 0.601815
v 1.168311 -2.388928 0.762238
v 1.235111 -2.375188 0.751163
v 1.347711 -2.365029 0.780408
v 1.394711 -2.320067 0.754861
v 1.403311 -2.389045 0.813840
v 1.460811 -2.324505 0.784586
v 1.203811 -2.414505 0.821379
v 1.275811 -2.412115 0.819466
v 1.267712 -2.393164 0.792362
v 1.183612 -2.408410 0.802145
v 1.038611 -2.405699 0.730930
v 1.101012 -2.392208 0.711255
v 1.061311 -2.428178 0.789854
v 1.116611 -2.404653 0.775925
v 1.074711 -2.445490 0.824249
v 1.128211 -2.424253 0.812632
v 1.094111 -2.447526 0.854260
v 1.155011 -2.425907 0.839342
v 1.228112 -2.434849 0.849991
v 1.146611 -2.459864 0.883728
v 1.221911 -2.495022 0.891521
v 1.321611 -2.450150 0.849775
v 0.892411 -2.502836 0.815962
v 0.983111 -2.466114 0.801661
v 0.955311 -2.437296 0.750003
v 0.861711 -2.474901 0.767309
v 0.999811 -2.489945 0.832392
v 0.910711 -2.526055 0.849090
v 0.920511 -2.513747 0.886923
v 1.014012 -2.488771 0.864286
v 0.764811 -2.497207 0.784631
v 0.677711 -2.528616 0.801503
v 0.720211 -2.555817 0.856053
v 0.801011 -2.524525 0.836181
v 0.747411 -2.557837 0.925465
v 0.829311 -2.530428 0.908815
v 0.822111 -2.543731 0.871887
v 0.743511 -2.568621 0.892024
v 1.052912 -2.490940 0.906399
v 0.951411 -2.511185 0.934810
v 1.003911 -2.552003 0.968334
v 1.117911 -2.528753 0.922406
v 0.669711 -2.594880 0.570663
v 0.649511 -2.554141 0.614240
v 0.751111 -2.525845 0.594985
v 0.785011 -2.573860 0.555947
v 0.861411 -2.510714 0.582402
v 0.904811 -2.559190 0.550367
v 0.578111 -2.600712 0.637895
v 0.584411 -2.627854 0.593743
v 0.543011 -2.653536 0.615384
v 0.591411 -2.605862 0.683624
v 0.535411 -2.649722 0.654464
v 0.554411 -2.650610 0.693269
v 0.606511 -2.614020 0.709669
v 0.576511 -2.653181 0.716784
v 0.610811 -2.603811 0.747714
v 0.570411 -2.642644 0.760027
v 0.613111 -2.577126 0.817869
v 0.563111 -2.631457 0.830667
v 0.604011 -2.642867 0.883730
v 0.652211 -2.594621 0.873766
v 0.635911 -2.646937 0.944053
v 0.680311 -2.599773 0.937395
v 0.675111 -2.603635 0.907816
v 0.635511 -2.652601 0.914084
v 0.645711 -2.648726 0.982663
v 0.688311 -2.605762 0.975828
v 0.668011 -2.651687 1.007980
v 0.702511 -2.627277 1.009646
v 0.770311 -2.592101 1.005354
v 0.755811 -2.563703 0.968198
v 1.062811 -2.472453 0.556792
v 0.964111 -2.496154 0.575122
v 1.004012 -2.541000 0.548567
v 1.103912 -2.516693 0.531534
v 1.377512 -2.435405 0.455988
v 1.324911 -2.386966 0.517824
v 1.396912 -2.332642 0.503826
v 1.484612 -2.363619 0.453195
v 1.241911 -2.411277 0.552457
v 1.242911 -2.435299 0.530289
v 1.169912 -2.453854 0.538390
v 1.223112 -2.472822 0.489393
v 1.574011 -2.410318 0.453551
v 1.652211 -2.459256 0.483319
v 1.564211 -2.498763 0.500235
v 1.499211 -2.467902 0.456566
v 1.433711 -2.586553 0.447615
v 1.401312 -2.559390 0.422466
v 1.439211 -2.513062 0.445813
v 1.485011 -2.540259 0.482862
v 1.359612 -2.491735 0.432296
v 1.346012 -2.540840 0.413364
v 1.247811 -2.499951 0.447741
v 1.263811 -2.545004 0.419887
v 1.214811 -2.581342 0.467887
v 1.184312 -2.542320 0.508174
v 1.356311 -2.677007 0.383209
v 1.347711 -2.608352 0.392934
v 1.391711 -2.618412 0.400389
v 1.393211 -2.677023 0.398410
v 1.418611 -2.636770 0.426390
v 1.411611 -2.670500 0.421074
v 1.288512 -2.609846 0.394142
v 1.318111 -2.676033 0.396704
v 1.282712 -2.671818 0.417781
v 1.250011 -2.633426 0.434371
v 1.360511 -2.717142 0.413329
v 1.331311 -2.710911 0.419095
v 1.360411 -2.723706 0.456566
v 1.333911 -2.715197 0.458319
v 1.315012 -2.694454 0.466006
v 1.299811 -2.693900 0.439403
v 1.409912 -2.692580 0.442995
v 1.389511 -2.712489 0.423204
v 1.386111 -2.717280 0.461331
v 1.404112 -2.698845 0.467730
v 0.649411 -2.734777 0.937034
v 0.663911 -2.738510 0.985755
v 0.632711 -2.697795 0.988332
v 0.622411 -2.695137 0.944117
v 0.670211 -2.686531 1.018371
v 0.686111 -2.716945 1.015937
v 0.635011 -2.691439 0.907196
v 0.587911 -2.701395 0.878750
v 0.629011 -2.734900 0.859633
v 0.649711 -2.714989 0.898025
v 0.561611 -2.694535 0.761911
v 0.540211 -2.710370 0.828598
v 0.605611 -2.753104 0.804132
v 0.603811 -2.722803 0.749465
v 0.546011 -2.694891 0.696812
v 0.573211 -2.685780 0.716962
v 0.577711 -2.726127 0.690283
v 0.595611 -2.707900 0.713483
v 0.514311 -2.703610 0.656859
v 0.561511 -2.744645 0.650483
v 0.541611 -2.697168 0.609623
v 0.572011 -2.729450 0.613000
v 0.697811 -2.655141 0.559492
v 0.604711 -2.677829 0.580217
v 0.624011 -2.722040 0.596559
v 0.721611 -2.704521 0.581663
v 0.635111 -2.740212 0.638259
v 0.729911 -2.718487 0.624540
v 0.641211 -2.721892 0.678259
v 0.729811 -2.701660 0.665848
v 0.948011 -2.628675 0.534947
v 0.820511 -2.640915 0.546114
v 0.846611 -2.698408 0.565829
v 0.979111 -2.695594 0.550113
v 1.137411 -2.603125 0.526007
v 1.055611 -2.612506 0.529358
v 1.097412 -2.686947 0.540266
v 1.188011 -2.672920 0.545289
v 0.869511 -2.563362 0.994196
v 0.847511 -2.530665 0.956717
v 0.800711 -2.689895 1.024889
v 0.787711 -2.635880 1.027494
v 0.719311 -2.662463 1.030639
v 0.730911 -2.707397 1.024485
v 0.978711 -2.664624 0.982850
v 0.979811 -2.609790 0.989250
v 0.881611 -2.614149 1.014875
v 0.884711 -2.673663 1.012400
v 1.116211 -2.613876 0.936772
v 1.059411 -2.630453 0.959263
v 1.080112 -2.674630 0.945405
v 1.179611 -2.674009 0.912801
v 0.725611 -2.746824 0.983100
v 0.709911 -2.745232 0.926891
v 0.782711 -2.736496 0.915343
v 0.798911 -2.740740 0.980367
v 0.953011 -2.718951 0.886846
v 0.967211 -2.708541 0.943390
v 0.876311 -2.724109 0.967676
v 0.860311 -2.723668 0.901972
v 0.699311 -2.721255 0.886159
v 0.687611 -2.728985 0.844201
v 0.758711 -2.714056 0.831119
v 0.769811 -2.711824 0.873507
v 0.673811 -2.741790 0.788370
v 0.660411 -2.717364 0.738335
v 0.734611 -2.703919 0.728362
v 0.746311 -2.724952 0.776977
v 0.730211 -2.692501 0.694999
v 0.649211 -2.707144 0.705279
v 0.852211 -2.720072 0.608948
v 0.973511 -2.717283 0.643534
v 0.846911 -2.696330 0.653219
v 0.983811 -2.734565 0.592027
v 0.842811 -2.696424 0.818522
v 0.849811 -2.697996 0.860431
v 0.942311 -2.692193 0.806099
v 0.946211 -2.695173 0.846316
v 0.835611 -2.710511 0.766198
v 0.832011 -2.691275 0.717992
v 0.939511 -2.714061 0.757218
v 0.945011 -2.704613 0.711165
v 0.838311 -2.678365 0.683121
v 0.959511 -2.694204 0.676108
v 1.078712 -2.737220 0.673343
v 1.184111 -2.747533 0.670999
v 1.093411 -2.741529 0.635266
v 1.192912 -2.741748 0.631667
v 1.176011 -2.750527 0.708517
v 1.063911 -2.738514 0.710851
v 1.105111 -2.737722 0.581644
v 1.200812 -2.720398 0.585850
v 1.195511 -2.603122 0.526407
v 1.245611 -2.609567 0.518342
v 1.287311 -2.643256 0.556727
v 1.242411 -2.657758 0.556506
v 1.283211 -2.645479 0.479538
v 1.314911 -2.658480 0.497610
v 1.255412 -2.699460 0.592835
v 1.284011 -2.681216 0.600836
v 1.278111 -2.704472 0.627263
v 1.252311 -2.722948 0.631664
v 1.055211 -2.732084 0.752916
v 1.169011 -2.748415 0.747405
v 1.168311 -2.736217 0.783539
v 1.055811 -2.704348 0.795965
v 1.308612 -2.701311 0.674847
v 1.261311 -2.744778 0.699285
v 1.255211 -2.736362 0.665738
v 1.291511 -2.702148 0.649851
v 1.407511 -2.676097 0.494706
v 1.423711 -2.658867 0.463611
v 1.446011 -2.612617 0.490758
v 1.431011 -2.637037 0.541993
v 1.334512 -2.674165 0.500495
v 1.357311 -2.686468 0.499863
v 1.352811 -2.661726 0.562328
v 1.323611 -2.652352 0.557577
v 1.309312 -2.668049 0.613064
v 1.330812 -2.665256 0.630049
v 1.384111 -2.686555 0.502263
v 1.391912 -2.669206 0.547769
v 1.540411 -2.330733 0.797620
v 1.496711 -2.402627 0.817314
v 1.598411 -2.426073 0.809142
v 1.635911 -2.335341 0.796345
v 1.735312 -2.335571 0.736046
v 1.723411 -2.421650 0.740017
v 1.598311 -2.531248 0.612815
v 1.598711 -2.515792 0.549929
v 1.690511 -2.477094 0.549418
v 1.705511 -2.491783 0.624599
v 1.509311 -2.560719 0.526775
v 1.508611 -2.579976 0.571281
v 1.683711 -2.496190 0.714525
v 1.609011 -2.507053 0.776285
v 1.588911 -2.555032 0.743647
v 1.613212 -2.547825 0.690207
v 1.399812 -2.663925 0.580941
v 1.381411 -2.666574 0.608456
v 1.431611 -2.642265 0.591622
v 1.423211 -2.653877 0.644387
v 1.382311 -2.598519 0.855887
v 1.482711 -2.519259 0.830153
v 1.412812 -2.478768 0.846431
v 1.308711 -2.545494 0.878597
v 1.279912 -2.648782 0.880962
v 1.204011 -2.588338 0.907132
v 1.484511 -2.603920 0.600012
v 1.507811 -2.593513 0.637556
v 1.180611 -2.740242 0.815462
v 1.061111 -2.713148 0.832614
v 1.196711 -2.748442 0.852007
v 1.069911 -2.735538 0.871037
v 1.314511 -2.695004 0.858815
v 1.203611 -2.724825 0.891479
v 1.316512 -2.730383 0.826108
v 1.422711 -2.674330 0.781000
v 1.417011 -2.641470 0.828421
v 1.081811 -2.724658 0.921978
v 1.346712 -2.700501 0.731343
v 1.369011 -2.689352 0.758682
v 1.296711 -2.744581 0.789985
v 1.276111 -2.749128 0.763210
v 1.266912 -2.751193 0.733120
v 1.327011 -2.703360 0.702558
v 1.355312 -2.663201 0.658338
v 1.381011 -2.670027 0.690176
v 1.400512 -2.676356 0.721511
v 1.448111 -2.666316 0.710456
v 1.513711 -2.565109 0.802903
v 1.523711 -2.602047 0.759405
v 1.523412 -2.605795 0.695824
v -0.920189 -1.255972 -0.052874
v -0.956989 -1.165013 -0.023972
v -0.934589 -1.184549 -0.121966
v -0.928789 -1.172774 -0.181332
v -0.884989 -1.205928 -0.191150
v -0.898689 -1.226403 -0.131737
v -1.134789 -1.064138 0.117378
v -1.134089 -1.148198 0.179639
v -1.009789 -1.235096 0.088813
v -0.959889 -1.302243 0.062181
v -0.982189 -1.151166 -0.125049
v -0.982289 -1.148955 -0.177962
v -0.996489 -1.123194 -0.075501
v -1.043689 -1.119286 -0.128924
v -1.043989 -1.101507 -0.096120
v -1.043489 -1.120751 -0.177316
v -1.169989 -0.973227 0.119081
v -1.239989 -0.875841 0.134548
v -1.186089 -0.953791 0.034173
v -1.085689 -1.054225 0.010022
v -1.097889 -1.055041 -0.084275
v -1.117989 -1.076673 -0.126557
v -1.192788 -0.988785 -0.074237
v -1.220689 -1.039093 -0.112062
v -1.220689 -1.048655 -0.178211
v -1.117089 -1.080345 -0.176237
v -1.144688 -0.943858 -0.032882
v -1.060489 -1.049726 -0.045003
v -1.307788 -0.915570 -0.053537
v -1.346689 -0.991247 -0.085624
v -1.440589 -0.929307 -0.078363
v -1.390789 -0.833856 -0.051185
v -1.458889 -0.968966 -0.180447
v -1.353589 -1.014775 -0.181996
v -1.334589 -0.764842 -0.030562
v -1.251489 -0.848133 -0.028606
v -1.293289 -0.851207 0.049312
v -1.367289 -0.753478 0.054177
v -1.397389 -0.697252 0.241672
v -1.338789 -0.776619 0.138305
v -1.389789 -0.668884 0.144415
v -1.465088 -0.572377 0.254989
v -1.468789 -0.664067 0.330192
v -1.517989 -0.571571 0.329086
v -1.565789 -0.373632 0.372203
v -1.551189 -0.461457 0.313183
v -1.568789 -0.473673 0.346750
v -1.574988 -0.387079 0.400277
v -1.560289 -0.342658 0.440535
v -1.550389 -0.307912 0.467045
v -1.544589 -0.298800 0.432794
v -1.566189 -0.327144 0.406549
v -1.510789 -0.269049 0.460332
v -1.535089 -0.268471 0.492729
v -1.513489 -0.224449 0.514889
v -1.479488 -0.219738 0.480462
v 0.038611 0.610203 0.248017
v 0.058911 0.651087 0.190192
v -0.097689 0.693806 0.193558
v -0.119889 0.645203 0.248025
v -0.079589 0.732570 0.132145
v 0.072811 0.685535 0.125703
v -0.238589 0.756990 0.208813
v -0.238489 0.803338 0.144358
v -0.261089 0.707312 0.249585
v -0.202789 0.784586 -0.011241
v -0.209989 0.784695 0.063459
v -0.073989 0.744496 0.063679
v -0.072989 0.744301 -0.008421
v 0.073111 0.693768 0.058757
v 0.072511 0.695416 -0.005553
v -0.462489 0.874201 0.210471
v -0.351289 0.860931 0.179444
v -0.411189 0.854119 0.140780
v -0.503789 0.873615 0.176374
v -0.344889 0.825529 0.106036
v -0.419089 0.834794 0.081385
v -0.472289 0.855472 0.113972
v -0.548089 0.875661 0.148363
v -0.302089 0.805774 -0.013557
v -0.312489 0.809331 0.051724
v -0.376789 0.818263 -0.015526
v -0.388789 0.821547 0.036357
v -0.519889 0.842601 0.100943
v -0.590289 0.862473 0.132334
v -0.472589 0.827422 0.068125
v -0.522589 0.795812 0.066398
v -0.566689 0.812688 0.098706
v -0.631689 0.828967 0.131318
v -0.435289 0.801858 -0.016436
v -0.445889 0.809508 0.029123
v -0.494289 0.771657 -0.016571
v -0.500789 0.777301 0.027899
v -1.078289 0.462433 0.107723
v -1.051689 0.462172 0.060124
v -1.070589 0.442500 0.065332
v -1.099089 0.438279 0.116156
v -1.053389 0.444343 0.018321
v -1.040488 0.467918 0.013692
v -1.083989 0.434474 0.023975
v -1.094089 0.420542 0.073052
v -1.115789 0.406645 0.128329
v -1.019089 0.495527 0.106642
v -0.994189 0.495760 0.057740
v -1.029489 0.477063 0.058443
v -1.056089 0.479520 0.105330
v -1.015388 0.479794 0.009327
v -0.976389 0.491873 0.005361
v -0.877689 0.535278 0.115925
v -0.861389 0.542460 0.057785
v -0.930589 0.514560 0.057837
v -0.949989 0.506658 0.112281
v -0.917789 0.518346 0.000416
v -0.853989 0.552120 -0.004469
v -0.627289 0.759014 0.103500
v -0.680689 0.776996 0.136702
v -0.595289 0.747109 0.066165
v -0.673889 0.700331 0.070221
v -0.691689 0.710319 0.104567
v -0.729989 0.722105 0.138503
v -0.731089 0.662923 0.087126
v -0.785789 0.627907 0.120918
v -0.766789 0.676590 0.135952
v -0.733589 0.677551 0.110446
v -0.577589 0.735964 -0.015275
v -0.581589 0.737291 0.026318
v -0.657189 0.693973 -0.013346
v -0.663389 0.694512 0.030352
v -0.758189 0.631287 -0.010702
v -0.765189 0.620848 0.055356
v -0.720289 0.657183 0.043357
v -0.714389 0.663880 -0.012081
v -0.809089 0.581165 0.058573
v -0.826389 0.574402 0.120011
v -0.801889 0.590799 -0.008281
v -1.226588 0.101273 0.499806
v -1.264189 0.058158 0.497142
v -1.243088 0.069286 0.538782
v -1.203789 0.110266 0.553257
v -1.278589 0.047266 0.535102
v -1.314689 0.023289 0.484732
v -1.248289 0.058265 0.589843
v -1.206189 0.068248 0.586588
v -1.178389 0.111962 0.607449
v -1.281589 0.043259 0.424422
v -1.306589 0.031797 0.449585
v -1.275389 0.055996 0.467653
v -1.257189 0.071433 0.455969
v -1.338389 -0.014268 0.419537
v -1.356588 -0.033544 0.442243
v -1.312788 0.006277 0.391224
v -1.363088 -0.012872 0.363929
v -1.375389 -0.066287 0.379621
v -1.385289 -0.100469 0.401308
v -1.263188 0.054028 0.400363
v -1.243189 0.070888 0.374770
v -1.258089 0.039968 0.334639
v -1.275689 0.006498 0.358422
v -1.308589 0.064099 0.322007
v -1.337188 0.021680 0.336839
v -1.253188 0.086733 0.328083
v -1.275189 0.108550 0.312763
v -1.240988 0.111851 0.349646
v -1.224388 0.152103 0.304125
v -1.185489 0.427344 0.036814
v -1.186789 0.415246 0.091981
v -1.141788 0.426093 0.082322
v -1.135789 0.444311 0.030721
v -1.147789 0.392678 0.134406
v -1.183589 0.387023 0.142637
v -1.424188 0.131249 0.330939
v -1.452689 0.076842 0.347937
v -1.392289 0.053142 0.348067
v -1.360188 0.100974 0.335505
v -1.419689 -0.003461 0.365877
v -1.476689 0.004107 0.360136
v -1.322888 0.145715 0.324560
v -1.287688 0.185132 0.309244
v -1.346289 0.208208 0.304818
v -1.385589 0.173777 0.317606
v -1.217189 0.380273 0.151874
v -1.212889 0.355804 0.194108
v -1.180789 0.359586 0.190788
v -1.259588 0.367393 0.155644
v -1.256788 0.346800 0.193558
v -1.214989 0.331909 0.231740
v -1.257689 0.326273 0.225170
v -1.186189 0.335530 0.235420
v -1.222789 0.402492 0.100551
v -1.223589 0.413578 0.043090
v -1.261589 0.398714 0.049771
v -1.261689 0.385621 0.105844
v -1.207689 0.207674 0.298721
v -1.260089 0.222860 0.296137
v -1.239889 0.260993 0.283829
v -1.203489 0.257129 0.290450
v -1.288388 0.271438 0.273671
v -1.314689 0.240328 0.290142
v -1.264688 0.301429 0.253807
v -1.225589 0.300485 0.263912
v -1.197789 0.302315 0.269502
v -0.762389 -0.166891 0.982181
v -0.779189 -0.120374 0.948626
v -0.714189 -0.097725 0.939302
v -0.751889 -0.061684 0.891804
v -0.802589 -0.097308 0.905799
v -0.734189 -0.034192 0.926854
v -0.692589 -0.076326 0.957285
v -0.823389 -0.064015 0.831415
v -0.897989 -0.080275 0.802204
v -0.873489 -0.112882 0.837583
v -0.829189 -0.090946 0.862363
v -0.783589 0.023576 0.902537
v -0.831989 0.093080 0.884756
v -0.853989 0.075017 0.855055
v -0.797689 0.009749 0.861012
v -1.000889 0.004648 0.769539
v -0.933789 0.040590 0.832043
v -0.979989 0.093929 0.820651
v -1.052289 0.041076 0.756239
v -0.891289 0.148234 0.839754
v -0.924289 0.219505 0.834264
v -1.019289 0.147084 0.830660
v -1.116189 0.078122 0.746336
v -0.877689 -0.012665 0.840435
v -0.951389 -0.038227 0.792574
v -0.947489 -0.118878 0.765215
v -0.920589 -0.147613 0.813673
v -0.993489 -0.164298 0.743463
v -0.974089 -0.173165 0.804212
v -1.158789 -0.005267 0.693692
v -1.132789 0.023039 0.694837
v -1.172489 0.051776 0.646679
v -1.203289 0.031880 0.647388
v -1.165989 0.095640 0.676439
v -1.042289 -0.038521 0.720474
v -0.999589 -0.077364 0.749287
v -1.036589 -0.115901 0.724398
v -1.078989 -0.078816 0.703395
v -1.117489 -0.043946 0.697704
v -1.084089 -0.005719 0.702594
v -1.038589 0.208209 0.853326
v -1.133988 0.152552 0.806430
v -1.220389 0.175332 0.601802
v -1.218489 0.181430 0.546468
v -1.190989 0.151079 0.738237
v -1.208588 0.172079 0.665221
v -0.861289 0.191009 0.889921
v -0.867889 0.172314 0.872623
v -0.899789 0.248791 0.868104
v -0.894389 0.268788 0.885795
v -0.828389 0.253958 0.935277
v -0.848889 0.218328 0.911571
v -0.883389 0.297413 0.908539
v -0.864089 0.332346 0.932748
v -1.235188 0.129861 0.479249
v -1.243888 0.156365 0.461704
v -1.244089 0.107114 0.415873
v -1.250489 0.086537 0.438486
v -1.220489 0.202858 0.515050
v -1.258589 0.226816 0.507319
v -1.239789 0.143775 0.390372
v -1.259789 0.190857 0.441815
v -1.266788 0.231115 0.415794
v -1.232689 0.187840 0.365630
v -1.216789 0.232616 0.342885
v -0.330289 0.835020 0.232286
v -0.429489 0.875741 0.254264
v -0.420289 0.843169 0.296043
v -0.342189 0.788628 0.270441
v -0.525689 0.868777 0.333903
v -0.436889 0.783105 0.302871
v -0.362089 0.730590 0.281858
v -0.457889 0.734632 0.326037
v -0.538189 0.812673 0.351710
v -0.544689 0.741578 0.371000
v -0.717289 0.286972 0.955796
v -0.754989 0.342823 0.946791
v -0.792489 0.300373 0.956023
v -0.752589 0.234332 0.966985
v -0.828689 0.374132 0.948319
v -0.790789 0.408459 0.934931
v -0.701789 0.347820 0.927963
v -0.717889 0.378875 0.919793
v -0.734289 0.365939 0.931464
v -0.704889 0.323180 0.939098
v -0.762789 0.421569 0.918459
v -0.737989 0.425595 0.904937
v -0.701489 0.424587 0.885142
v -0.688289 0.452902 0.924388
v -0.700689 0.490141 0.858383
v -0.838789 -0.286893 1.000338
v -0.831789 -0.243486 1.001500
v -0.882989 -0.244141 0.991504
v -0.900689 -0.259633 0.993088
v -0.391389 -0.474449 0.954164
v -0.398389 -0.544495 0.946047
v -0.539689 -0.516218 0.996493
v -0.533989 -0.449026 0.994825
v -0.692589 -0.313373 1.004183
v -0.670789 -0.236587 1.019663
v -0.761489 -0.232113 1.014838
v -0.772989 -0.300063 1.005910
v -0.588389 -0.337344 0.991214
v -0.565389 -0.279083 1.002195
v -0.473689 -0.365524 0.958367
v -0.456389 -0.327408 0.961259
v -0.674989 -0.510407 1.035062
v -0.665389 -0.435491 1.037852
v -0.524189 -0.420929 0.975871
v -0.654289 -0.405034 1.011585
v -0.635589 -0.392437 0.992715
v -0.508689 -0.409302 0.962607
v -0.741589 -0.369061 1.024688
v -0.763589 -0.383460 1.043367
v -0.614489 -0.373908 0.979714
v -0.717889 -0.352960 1.006599
v -0.492889 -0.392861 0.951717
v -1.445688 -0.153101 0.486998
v -1.487289 -0.170653 0.532395
v -1.479389 -0.114375 0.546387
v -1.422289 -0.084888 0.489125
v -1.402089 -0.036086 0.507558
v -1.461689 -0.070751 0.568948
v -1.438189 -0.037477 0.600767
v -1.375988 -0.003314 0.539079
v -1.310589 0.042663 0.626029
v -1.344089 0.024197 0.577529
v -1.409589 -0.007068 0.638801
v -1.379289 0.015283 0.684579
v -1.284489 0.054534 0.602363
v -1.318289 0.035853 0.551165
v -1.306388 0.037709 0.543054
v -1.272588 0.055195 0.595359
v -1.340889 0.010574 0.500202
v -1.351289 0.008630 0.510513
v -1.296089 0.038974 0.536747
v -1.332789 0.011538 0.493597
v -1.263489 0.056069 0.590655
v -1.346489 0.018791 0.740861
v -1.309589 0.019303 0.797859
v -1.236089 0.008315 0.745218
v -1.273689 0.023991 0.686032
v -1.243689 0.030868 0.663594
v -1.204689 0.003381 0.720745
v -1.229789 0.031127 0.655992
v -1.188488 -0.000277 0.710265
v -1.218189 0.031000 0.651093
v -1.174589 -0.004619 0.702588
v -1.029489 -0.145445 0.826161
v -1.009289 -0.156908 0.814624
v -1.030389 -0.140841 0.771935
v -1.050189 -0.127050 0.788660
v -0.997889 -0.175338 0.864025
v -1.019389 -0.166195 0.871875
v -1.083089 -0.135261 0.914507
v -1.101389 -0.124315 0.867946
v -1.195289 -0.092918 0.922175
v -1.175089 -0.116688 0.964406
v -1.195889 -0.068418 0.885640
v -1.114989 -0.100099 0.834413
v -1.074189 -0.117957 0.805510
v -1.042489 -0.154020 0.885509
v -1.053488 -0.135564 0.840807
v -1.018789 -0.251172 1.040743
v -1.097489 -0.241897 1.072592
v -1.064689 -0.206682 1.002199
v -1.135789 -0.198405 1.034454
v -1.076488 -0.162000 0.962354
v -1.162489 -0.151076 1.003094
v -0.249189 -0.396603 0.907537
v -0.242889 -0.364344 0.899960
v -0.345289 -0.355258 0.915611
v -0.353189 -0.387182 0.929586
v -0.254689 -0.436528 0.921356
v -0.252789 -0.419168 0.914060
v -0.361889 -0.408633 0.938703
v -0.371089 -0.423692 0.946286
v -0.258389 -0.457105 0.925568
v -0.381489 -0.439954 0.953175
v 0.824311 -0.411566 0.567214
v 0.760111 -0.373986 0.581708
v -0.136489 -0.405263 0.732182
v -0.094889 -0.395507 0.724028
v -0.113289 -0.374411 0.705012
v -0.165589 -0.389418 0.703794
v -0.017989 -0.383629 0.719963
v -0.036189 -0.357790 0.708821
v 0.617411 -0.468577 0.674927
v 0.500711 -0.488677 0.711538
v 0.494411 -0.417669 0.694649
v 0.632711 -0.379306 0.651138
v 0.351611 -0.455763 0.713958
v 0.367511 -0.520567 0.750013
v 0.716711 -0.361253 0.606039
v 0.703611 -0.409534 0.627903
v 0.692111 -0.327533 0.609454
v 0.593211 -0.337694 0.653211
v 0.657911 -0.294698 0.615775
v 0.620411 -0.261733 0.627594
v 0.564111 -0.310973 0.656964
v 0.694811 -0.482710 0.650604
v 0.381211 -0.264428 0.665110
v 0.267211 -0.304589 0.672230
v 0.281011 -0.336078 0.674402
v 0.410111 -0.298909 0.668599
v 0.535011 -0.283854 0.660416
v 0.583811 -0.228059 0.641110
v 0.433711 -0.327597 0.670956
v 0.298111 -0.362307 0.687446
v 0.316711 -0.387037 0.700281
v 0.455611 -0.352150 0.679590
v 0.109611 -0.333843 0.698990
v 0.122911 -0.364346 0.698657
v -0.172189 -0.392967 0.822816
v -0.161989 -0.415107 0.833837
v -0.137289 -0.422256 0.788275
v -0.154689 -0.395330 0.774728
v -0.146789 -0.434442 0.845743
v -0.104289 -0.421334 0.755770
v -0.109689 -0.442465 0.804886
v -0.067189 -0.439706 0.779171
v 0.478211 -0.375895 0.689720
v 0.335211 -0.414308 0.705731
v -0.083889 -0.463790 0.818703
v -0.032489 -0.464108 0.797105
v -0.135689 -0.460214 0.850884
v -0.181689 -0.368540 0.809382
v -0.201589 -0.368812 0.850984
v -0.195989 -0.396323 0.867335
v -0.194389 -0.419483 0.874762
v -0.187789 -0.437730 0.884561
v -0.166189 -0.372497 0.762303
v 0.166611 -0.422951 0.716078
v 0.190211 -0.451123 0.721332
v 0.041811 -0.435063 0.750545
v 0.075211 -0.460988 0.764287
v 0.109311 -0.493559 0.787866
v 0.217111 -0.479852 0.752690
v -0.185089 -0.460815 0.887288
v 0.143411 -0.389462 0.713995
v 0.009511 -0.407235 0.737292
v 0.075111 -0.566676 0.803266
v 0.134311 -0.559660 0.787927
v 0.047811 -0.498662 0.805594
v 0.010611 -0.464484 0.783206
v -0.026389 -0.437573 0.766959
v 0.237911 -0.545461 0.769449
v -0.063289 -0.409562 0.750605
v 0.626011 0.462733 -0.001880
v 0.614211 0.458183 0.062046
v 0.716911 0.340532 0.053190
v 0.729011 0.349816 -0.004662
v 0.374811 0.540099 0.174599
v 0.368111 0.521393 0.228203
v 0.422211 0.477388 0.209143
v 0.384111 0.553291 0.118126
v 0.433011 0.503959 0.167197
v 0.445711 0.524493 0.118684
v 0.306311 0.583983 0.116558
v 0.299011 0.573529 0.179917
v 0.288811 0.552950 0.238630
v 0.485911 0.459985 0.153838
v 0.503411 0.488762 0.113079
v 0.480711 0.436413 0.195667
v 0.193911 0.615370 0.187188
v 0.177011 0.581383 0.244574
v 0.203311 0.635405 0.120577
v 0.209311 0.635556 0.056675
v 0.214211 0.635330 -0.002924
v 0.323111 0.583254 0.056561
v 0.335111 0.581641 -0.000731
v 0.407711 0.562474 0.060275
v 0.421711 0.561445 0.000180
v 0.476411 0.552809 0.066528
v 0.491311 0.557244 0.000003
v 0.537011 0.518600 0.065115
v 0.550711 0.523442 -0.000412
v -1.472489 -0.531870 0.237867
v -1.408089 -0.612996 0.142010
v -1.478689 -0.506727 0.227329
v -1.430389 -0.588062 0.129873
v -1.415389 -0.665571 0.037096
v -1.394389 -0.694119 0.046652
v -1.475188 -0.580421 0.119031
v -1.518988 -0.577222 0.118913
v -1.503989 -0.491517 0.210846
v -1.544888 -0.490650 0.204841
v -1.482589 -0.612334 0.007204
v -1.440989 -0.638950 0.022550
v -1.501389 -0.895971 -0.072045
v -1.483389 -0.904081 -0.073801
v -1.436989 -0.803409 -0.042551
v -1.463389 -0.793574 -0.036105
v -1.518089 -0.943937 -0.175184
v -1.502589 -0.950448 -0.177148
v -1.524989 -0.887367 -0.071292
v -1.537688 -0.936437 -0.175225
v -1.492489 -0.784044 -0.030657
v -1.557489 -0.875972 -0.072154
v -1.528089 -0.772622 -0.026719
v -1.568289 -0.927448 -0.177274
v -1.452689 -0.702261 -0.034105
v -1.500089 -0.688811 -0.024978
v -1.412889 -0.709810 -0.043063
v -1.376189 -0.717331 -0.046922
v -1.599189 -0.349740 0.352472
v -1.615189 -0.336470 0.346999
v -1.577389 -0.419274 0.291552
v -1.562689 -0.432535 0.298824
v -1.601889 -0.409800 0.286900
v -1.635289 -0.323002 0.341026
v -1.556689 -0.282886 0.417007
v -1.579589 -0.313018 0.392872
v -1.569689 -0.267138 0.407421
v -1.594089 -0.297368 0.383786
v -1.582888 -0.362909 0.358244
v -1.553389 -0.448417 0.302111
v -1.584089 -0.250782 0.399331
v -1.609189 -0.281806 0.376801
v -1.605289 -0.233725 0.391338
v -1.629089 -0.266746 0.369518
v -1.501289 -0.077701 0.395484
v -1.443089 -0.070804 0.394846
v -1.456089 -0.124336 0.425739
v -1.525789 -0.166625 0.427871
v -1.118189 -0.064860 0.750019
v -1.136489 -0.055251 0.769867
v -1.102288 -0.087369 0.785043
v -1.081989 -0.098277 0.765302
v -1.134089 -0.075522 0.811878
v -1.168989 -0.044774 0.802310
v -1.137488 -0.041009 0.722688
v -1.152489 -0.032434 0.736441
v -1.103088 -0.077770 0.729889
v -1.201189 -0.015083 0.782247
v -1.265689 0.002134 0.840154
v -1.231889 -0.029160 0.859525
v -1.169489 -0.024847 0.752400
v -1.190189 -0.057597 0.852881
v -1.064489 -0.112788 0.745081
v -0.860189 -0.306550 1.008245
v -0.795489 -0.331616 1.014683
v -0.885789 -0.305651 1.026541
v -0.821389 -0.341919 1.032339
v -1.035989 -0.175536 0.937527
v -1.024389 -0.216998 0.981155
v -1.014688 -0.192019 0.922417
v -1.002689 -0.234991 0.964153
v -0.845489 -0.350214 1.051485
v -0.910889 -0.304651 1.044736
v -0.977889 -0.263705 1.016411
v -0.950489 -0.266475 1.003526
v -0.923289 -0.266525 0.994526
v -0.974289 -0.240341 0.954982
v -0.991789 -0.201160 0.914867
v -1.370889 -0.033640 0.461244
v -1.378989 -0.028765 0.475017
v -1.400389 -0.083769 0.456018
v -1.390689 -0.096164 0.438785
v -1.530789 -0.241022 0.428578
v -1.547889 -0.226466 0.420598
v -1.501489 -0.195781 0.435931
v -1.482889 -0.208162 0.439498
v -1.572989 -0.208016 0.411297
v -1.427088 -0.161795 0.433345
v -1.449189 -0.149102 0.432075
v -1.383789 -0.108466 0.420153
v -1.365789 -0.037879 0.454067
v -1.426089 -0.155374 0.455310
v -1.468989 -0.218697 0.451256
v -1.518389 -0.254373 0.437651
v -0.696389 -1.140015 -0.883322
v -0.719689 -1.013301 -0.917616
v -0.645989 -1.038587 -0.915077
v -0.621689 -1.161795 -0.879602
v -0.662689 -0.940830 -0.941412
v -0.739189 -0.915621 -0.939850
v -0.573789 -0.967220 -0.921168
v -0.562789 -1.062857 -0.891144
v -0.544389 -1.171314 -0.846550
v -0.457089 -1.088517 -0.847203
v -0.452989 -1.185182 -0.804073
v -0.457889 -0.992341 -0.870129
v -0.332989 -1.036996 -0.825284
v -0.346389 -1.126540 -0.796494
v -0.358489 -1.207790 -0.750549
v -0.253589 -1.176501 -0.734420
v -0.271989 -1.248649 -0.688224
v -0.231589 -1.094601 -0.771168
v -0.142289 -1.141271 -0.692412
v -0.166589 -1.212333 -0.648822
v -0.186389 -1.270966 -0.599901
v -0.656989 -1.417242 -0.650001
v -0.671389 -1.294634 -0.795074
v -0.600889 -1.302987 -0.786428
v -0.587489 -1.420517 -0.645383
v -0.528989 -1.304076 -0.766022
v -0.518489 -1.396137 -0.630716
v -0.451289 -1.290844 -0.723794
v -0.445389 -1.376917 -0.609021
v -0.366689 -1.295395 -0.678168
v -0.366889 -1.378060 -0.580214
v -0.283989 -1.321793 -0.622923
v -0.289389 -1.375600 -0.532627
v -0.197889 -1.323545 -0.541112
v -0.199689 -1.363257 -0.470094
v -0.838189 -1.090320 -0.847893
v -0.810089 -1.227827 -0.775639
v -0.863489 -1.182651 -0.780187
v -0.896689 -1.078489 -0.823957
v -0.888789 -1.218824 -0.738588
v -0.812989 -1.357306 -0.661829
v -0.949089 -1.095526 -0.794064
v -0.745089 -1.268697 -0.788216
v -0.768489 -1.107899 -0.862197
v -0.733089 -1.401964 -0.653984
v -0.932589 -0.986881 -0.859259
v -0.870189 -0.976630 -0.886416
v -0.993489 -1.001505 -0.826979
v -1.012889 -0.917710 -0.828237
v -0.959589 -0.899435 -0.869238
v -0.897889 -0.883708 -0.901024
v -0.796389 -0.988030 -0.904754
v -0.821989 -0.894058 -0.928468
v -0.350889 -1.368536 -0.320062
v -0.365889 -1.408483 -0.438046
v -0.285389 -1.396367 -0.417012
v -0.270089 -1.380825 -0.317995
v -0.190689 -1.377586 -0.383914
v -0.173189 -1.387677 -0.309257
v -0.151289 -1.381954 -0.268588
v -0.246689 -1.364376 -0.272584
v -0.327189 -1.337184 -0.274033
v -0.436089 -1.408643 -0.449245
v -0.417589 -1.356829 -0.318826
v -0.484789 -1.341435 -0.319911
v -0.505789 -1.416168 -0.453704
v -0.392489 -1.315276 -0.272753
v -0.462089 -1.292775 -0.272576
v -0.659389 -1.317201 -0.332144
v -0.661889 -1.424701 -0.459657
v -0.584989 -1.418285 -0.456692
v -0.573089 -1.330857 -0.323969
v -0.558889 -1.289575 -0.272594
v -0.652789 -1.284486 -0.274622
v -0.779689 -1.321352 -0.341421
v -0.796389 -1.398273 -0.472902
v -0.734489 -1.413747 -0.468117
v -0.726089 -1.320631 -0.337625
v -0.914189 -1.346141 -0.448987
v -0.858889 -1.385739 -0.466770
v -0.830189 -1.312545 -0.340169
v -0.877289 -1.292597 -0.331378
v -0.943089 -1.307169 -0.582102
v -0.891789 -1.344662 -0.617198
v -0.717489 -1.269198 -0.276805
v -0.766089 -1.259695 -0.276357
v -0.851089 -1.246519 -0.262429
v -0.809389 -1.252672 -0.272096
v -0.940089 -1.216423 -0.701701
v -1.004489 -1.088108 -0.754204
v -0.990389 -1.195523 -0.665314
v -1.025089 -1.057499 -0.697970
v -0.975089 -1.284325 -0.537627
v -1.019489 -1.183404 -0.625280
v -1.020089 -1.246208 -0.516335
v -1.055289 -1.174675 -0.601828
v -1.101489 -1.062671 -0.656141
v -1.057589 -1.045943 -0.651233
v -1.104189 -1.141573 -0.601609
v -1.148489 -1.069474 -0.656804
v -1.106389 -1.171724 -0.555843
v -1.214689 -1.082131 -0.648935
v -1.027989 -0.983258 -0.763678
v -1.043289 -0.907662 -0.764591
v -1.044788 -0.958824 -0.702810
v -1.059689 -0.886836 -0.705104
v -1.162189 -0.990496 -0.697437
v -1.121688 -0.972447 -0.688536
v -1.214289 -0.922262 -0.746311
v -1.169589 -0.910809 -0.718373
v -1.215589 -0.999203 -0.716890
v -1.132289 -0.896829 -0.703850
v -1.098189 -0.886053 -0.689909
v -1.085088 -0.954748 -0.670532
v -1.220789 -0.857841 -0.760864
v -1.181789 -0.846098 -0.734728
v -1.216189 -0.813445 -0.780007
v -1.146188 -0.837232 -0.722676
v -1.175189 -0.809465 -0.765429
v -1.140189 -0.806223 -0.757746
v -1.109789 -0.831585 -0.714207
v -1.110188 -0.799264 -0.746984
v -1.081889 -0.793589 -0.733415
v -1.069689 -0.822972 -0.711854
v -1.051089 -0.841560 -0.764353
v -1.026389 -0.845565 -0.820132
v -1.066589 -0.793372 -0.766717
v -1.039088 -0.792504 -0.809022
v -1.154289 -0.794313 -0.792612
v -1.124689 -0.783661 -0.782970
v -1.194589 -0.793681 -0.804916
v -1.151789 -0.800507 -0.846179
v -1.115089 -0.780086 -0.824190
v -1.090289 -0.761825 -0.812990
v -1.095489 -0.770897 -0.771340
v -1.061689 -0.762484 -0.805487
v -0.914189 -0.811909 -0.901417
v -0.977289 -0.827704 -0.863830
v -0.990389 -0.777646 -0.853304
v -0.920889 -0.758636 -0.888209
v -1.053488 -0.741238 -0.870304
v -1.030189 -0.738173 -0.858420
v -1.088489 -0.752765 -0.893441
v -1.008888 -0.716793 -0.953439
v -0.971389 -0.719338 -0.925124
v -0.953489 -0.716037 -0.906642
v -1.006389 -0.743910 -0.846889
v -0.931489 -0.712902 -0.882159
v -0.838389 -0.820238 -0.943072
v -0.841989 -0.759961 -0.929302
v -0.755489 -0.771954 -0.964437
v -0.751089 -0.836661 -0.965683
v -0.925089 -0.688114 -1.012197
v -0.883789 -0.713543 -0.980857
v -0.815589 -0.632841 -1.053900
v -0.774789 -0.720969 -0.985716
v -0.870189 -0.725402 -0.955092
v -0.783289 -0.695445 -1.017956
v -0.853289 -0.726881 -0.933083
v -0.762989 -0.730739 -0.961863
v -0.665889 -0.853779 -0.968889
v -0.663089 -0.782331 -0.978580
v -0.558589 -0.791144 -0.962532
v -0.569189 -0.872068 -0.948489
v -0.660589 -0.616131 -1.051991
v -0.661189 -0.675181 -1.024468
v -0.524389 -0.612765 -1.021709
v -0.531589 -0.667221 -0.995411
v -0.542189 -0.697933 -0.960842
v -0.661389 -0.715131 -0.996949
v -0.662189 -0.735616 -0.975936
v -0.551889 -0.731473 -0.949758
v -0.450789 -0.886442 -0.888909
v -0.437689 -0.799654 -0.909685
v -0.308589 -0.836215 -0.865884
v -0.320789 -0.928016 -0.847481
v -0.213289 -0.989150 -0.798746
v -0.199989 -0.890871 -0.802884
v -0.099489 -0.969911 -0.755051
v -0.118889 -1.053801 -0.734791
v -0.735089 -0.030228 -0.925196
v -0.720489 0.005934 -0.950494
v -0.669489 -0.041699 -0.974834
v -0.691089 -0.075575 -0.951948
v -0.640589 0.008066 -0.981306
v -0.690489 0.060646 -0.966794
v -0.575589 -0.049998 -0.992789
v -0.609789 -0.099115 -0.995720
v -0.631289 -0.128004 -0.975461
v -0.832189 0.091429 -0.878561
v -0.823689 0.116396 -0.902998
v -0.770589 0.057779 -0.924177
v -0.788289 0.023715 -0.899291
v -0.749889 0.103350 -0.947927
v -0.798289 0.155650 -0.929713
v -0.943589 -0.246085 -0.935015
v -0.962489 -0.208749 -0.892118
v -0.918889 -0.187436 -0.908035
v -0.905489 -0.228146 -0.946313
v -0.922889 -0.165114 -0.849257
v -0.968589 -0.186239 -0.835441
v -0.864589 -0.140496 -0.864391
v -0.853889 -0.167277 -0.915446
v -0.841789 -0.212965 -0.949796
v -0.515589 -0.171755 -1.002823
v -0.538889 -0.205252 -0.983939
v -0.484589 -0.116477 -0.988825
v -0.385689 -0.177091 -0.954593
v -0.409389 -0.235155 -0.966175
v -0.428589 -0.272425 -0.960571
v -0.555389 -0.244297 -0.955625
v -0.665789 -0.168097 -0.937441
v -0.641689 -0.143618 -0.959676
v -0.547989 -0.220565 -0.967955
v -0.445789 -0.287939 -0.944886
v -0.447389 -0.307866 -0.931376
v 0.413911 -0.187363 -0.638832
v 0.361511 -0.140967 -0.639585
v 0.414411 -0.101142 -0.635203
v 0.473911 -0.152027 -0.632325
v 0.317011 -0.054373 -0.641059
v 0.283611 -0.099299 -0.645714
v 0.502811 -0.195296 -0.626588
v 0.458311 -0.230735 -0.633594
v 0.501911 -0.262533 -0.633220
v 0.544911 -0.208160 -0.620017
v -0.342189 -0.337600 -0.901013
v -0.363589 -0.318786 -0.916816
v -0.329889 -0.305936 -0.907687
v -0.241989 -0.337627 -0.869413
v -0.308589 -0.270508 -0.902680
v -0.220189 -0.291869 -0.858863
v -0.291789 -0.218722 -0.887064
v -0.200889 -0.240733 -0.852443
v -0.173489 -0.346123 -0.777365
v -0.193789 -0.343143 -0.817482
v -0.180289 -0.302331 -0.815405
v -0.159389 -0.310623 -0.777359
v -0.161589 -0.255827 -0.814860
v -0.141589 -0.268334 -0.779590
v -0.176389 -0.182661 -0.839560
v -0.139789 -0.202304 -0.810652
v -0.134689 -0.115628 -0.815327
v -0.105289 -0.142309 -0.793580
v -0.091989 -0.161780 -0.769873
v -0.120689 -0.217637 -0.780168
v -0.051689 -0.075182 -0.752147
v 0.030711 -0.023251 -0.691831
v 0.019911 -0.067644 -0.690588
v -0.055089 -0.101397 -0.736703
v 0.162711 -0.070305 -0.665173
v 0.175411 -0.024916 -0.667221
v -0.040689 -0.128288 -0.680156
v -0.064889 -0.130569 -0.713143
v -0.089289 -0.182517 -0.666959
v -0.087289 -0.181727 -0.723564
v -0.001589 -0.156382 -0.679002
v 0.034911 -0.192476 -0.677804
v -0.026089 -0.216369 -0.676373
v -0.058489 -0.203699 -0.663743
v 0.075511 -0.123571 -0.676981
v 0.092011 -0.165730 -0.669450
v 0.172011 -0.128468 -0.658254
v 0.154811 -0.184963 -0.657045
v 0.261511 -0.157193 -0.644497
v 0.208111 -0.214520 -0.649183
v -0.111289 -0.231838 -0.725589
v -0.131189 -0.279440 -0.725629
v -0.119189 -0.235317 -0.666970
v -0.138689 -0.282236 -0.670213
v -0.050189 -0.282044 -0.671614
v -0.113689 -0.288733 -0.651377
v -0.093989 -0.247845 -0.653701
v -0.042589 -0.247354 -0.673604
v 0.061911 -0.226035 -0.670120
v 0.080311 -0.257110 -0.665550
v 0.315311 -0.193678 -0.641597
v 0.237811 -0.246506 -0.646608
v 0.349811 -0.233271 -0.640080
v 0.254411 -0.279406 -0.646528
v -0.150689 -0.318342 -0.725916
v -0.164189 -0.351755 -0.728333
v -0.148289 -0.322475 -0.677293
v -0.156989 -0.357695 -0.680800
v -0.046089 -0.337976 -0.677408
v -0.121389 -0.355907 -0.664609
v -0.121989 -0.324365 -0.656982
v -0.051289 -0.311054 -0.673355
v 0.091811 -0.285516 -0.666595
v 0.100711 -0.313628 -0.668741
v -0.429989 -0.746035 -0.906278
v -0.302989 -0.783861 -0.856070
v -0.422089 -0.702684 -0.897015
v -0.286889 -0.747382 -0.841770
v -0.185689 -0.839708 -0.791464
v -0.079189 -0.920082 -0.749923
v -0.161789 -0.818467 -0.783980
v -0.053989 -0.897908 -0.754645
v -0.402289 -0.684497 -0.936015
v -0.387289 -0.636833 -0.961076
v -0.295089 -0.715103 -0.882247
v -0.248189 -0.679282 -0.896843
v -0.204489 -0.753960 -0.819433
v -0.234589 -0.735254 -0.855036
v -0.191489 -0.725546 -0.853589
v -0.150489 -0.750246 -0.816854
v -0.246889 -0.590184 -0.933831
v -0.152389 -0.590971 -0.895027
v -0.139689 -0.669870 -0.876394
v -0.165489 -0.514564 -0.893845
v -0.249889 -0.513645 -0.927050
v -0.104789 -0.508574 -0.859177
v -0.078689 -0.582286 -0.861274
v -0.057989 -0.659939 -0.852448
v -0.126889 -0.715792 -0.843643
v -0.098489 -0.742125 -0.813098
v -0.056189 -0.708010 -0.828685
v -0.055489 -0.732038 -0.815553
v -0.013389 -0.578433 -0.833294
v 0.007911 -0.653309 -0.828784
v -0.043189 -0.506422 -0.831488
v 0.011811 -0.506398 -0.808788
v 0.041611 -0.576118 -0.812207
v 0.061211 -0.648305 -0.809711
v -0.122189 -0.802178 -0.786069
v -0.025589 -0.865243 -0.761223
v -0.077689 -0.785914 -0.792758
v 0.003011 -0.827600 -0.771830
v -0.041389 -0.762410 -0.791987
v 0.026811 -0.782819 -0.775275
v -0.013689 -0.734226 -0.795141
v 0.042911 -0.734206 -0.773041
v 0.005511 -0.702921 -0.812413
v 0.059611 -0.698524 -0.794736
v 0.157411 -0.732824 -0.721648
v 0.095911 -0.737077 -0.749425
v 0.109211 -0.696661 -0.783246
v 0.169811 -0.691507 -0.773474
v 0.104711 -0.642624 -0.794942
v 0.162211 -0.634241 -0.779688
v -0.057489 -1.771008 -0.916869
v -0.014589 -1.667658 -0.926234
v -0.022589 -1.672605 -1.008008
v -0.082489 -1.780509 -1.008418
v 0.045111 -1.564372 -1.002201
v 0.039611 -1.559661 -0.927126
v -0.002189 -1.678881 -1.076575
v 0.074811 -1.574873 -1.057144
v -0.061589 -1.784369 -1.092398
v 0.057511 -1.734172 -1.147874
v 0.007611 -1.756976 -1.130349
v 0.047411 -1.670811 -1.118620
v 0.099411 -1.672324 -1.139212
v 0.110911 -1.579296 -1.097821
v 0.160411 -1.580350 -1.126015
v 0.568611 -1.218282 -1.187698
v 0.720911 -1.036100 -1.173095
v 0.786411 -1.129647 -1.218083
v 0.621711 -1.299615 -1.229953
v 0.969111 -0.967435 -1.179770
v 0.891411 -0.865429 -1.124028
v 1.037511 -1.088456 -1.201508
v 0.842211 -1.238779 -1.223586
v 0.671311 -1.391102 -1.245653
v 1.127811 -1.436919 -1.102400
v 0.931111 -1.520399 -1.153344
v 0.906011 -1.440318 -1.193683
v 1.110911 -1.339323 -1.158235
v 1.120911 -1.510193 -1.024398
v 0.941911 -1.583964 -1.092095
v 0.798911 -1.672590 -1.151311
v 0.779511 -1.619883 -1.205100
v 0.746211 -1.552950 -1.235667
v 0.880011 -1.344157 -1.219309
v 0.710911 -1.476006 -1.246088
v 1.082111 -1.217898 -1.190600
v 0.355711 -1.457015 -1.192991
v 0.448411 -1.349222 -1.194681
v 0.497111 -1.414869 -1.239523
v 0.404511 -1.509727 -1.231603
v 0.550211 -1.492151 -1.254300
v 0.463411 -1.573080 -1.241157
v 0.727311 -1.744652 -1.162517
v 0.695311 -1.701517 -1.211053
v 0.646911 -1.770102 -1.189778
v 0.689311 -1.800749 -1.143509
v 0.590311 -1.714669 -1.220482
v 0.651311 -1.641085 -1.241785
v 0.601811 -1.569147 -1.253378
v 0.526911 -1.643836 -1.232970
v 0.223511 -1.665884 -1.186848
v 0.283511 -1.563316 -1.193009
v 0.335311 -1.608035 -1.214665
v 0.275911 -1.705722 -1.193630
v 0.397011 -1.658412 -1.210289
v 0.337711 -1.745950 -1.180410
v 0.060711 -1.690531 -0.756907
v 0.063311 -1.574531 -0.738841
v 0.029811 -1.563655 -0.834602
v 0.005511 -1.680686 -0.839862
v -0.011289 -1.783052 -0.833502
v 0.068411 -1.786748 -0.759580
v 0.464511 -1.714895 -1.188680
v 0.404711 -1.791315 -1.155561
v 0.534511 -1.781380 -1.185816
v 0.479211 -1.841008 -1.135789
v 0.604511 -1.830547 -1.161247
v 0.563511 -1.887634 -1.122234
v 0.664211 -1.851651 -1.125430
v 0.642911 -1.905812 -1.099933
v 0.791811 -1.704286 -1.077536
v 0.732811 -1.762717 -1.101117
v 0.750311 -1.757009 -1.008447
v 0.797511 -1.705315 -1.009629
v 0.753311 -1.788664 -1.036574
v 0.709511 -1.804203 -1.098590
v 0.700511 -1.840299 -1.097692
v 0.750611 -1.807852 -1.052569
v 0.761111 -1.848467 -1.073547
v 0.698511 -1.890653 -1.089117
v 0.929411 -1.631041 -1.014636
v 0.896711 -1.661384 -0.949369
v 1.084512 -1.557813 -0.936536
v 1.030511 -1.590408 -0.862456
v 0.886811 -1.690965 -0.964007
v 1.021611 -1.619098 -0.897100
v 1.007411 -1.644742 -0.941560
v 0.874311 -1.715255 -0.998575
v 1.014911 -1.739398 -1.024643
v 0.884011 -1.792167 -1.073755
v 0.871811 -1.740348 -1.033838
v 1.007111 -1.678698 -0.988275
v 0.132111 -1.709128 -1.158111
v 0.185411 -1.625254 -1.163170
v 0.167511 -1.758760 -1.163939
v 0.110311 -1.840923 -1.138690
v 0.076311 -1.781105 -1.153817
v 0.246311 -1.526292 -1.152212
v 0.318611 -1.417131 -1.141209
v 0.227211 -1.490181 -1.113708
v 0.292311 -1.385685 -1.096380
v 0.143011 -1.460182 -1.040771
v 0.104511 -1.447320 -0.993041
v 0.149911 -1.317109 -0.991354
v 0.196911 -1.333048 -1.034867
v 0.076111 -1.435011 -0.918208
v 0.104811 -1.296495 -0.915666
v 0.173311 -1.469262 -1.073622
v 0.202311 -1.468242 -1.088328
v 0.231911 -1.345942 -1.052097
v 0.256811 -1.354396 -1.062051
v 0.277011 -1.359553 -1.072323
v 0.229211 -1.447356 -1.090943
v 0.408611 -1.303196 -1.135132
v 0.519011 -1.160855 -1.128111
v 0.375611 -1.270914 -1.083708
v 0.478611 -1.127523 -1.067493
v 0.802211 -0.553692 -0.679727
v 0.747211 -0.571474 -0.676430
v 0.751111 -0.507542 -0.634179
v 0.756711 -0.443029 -0.595432
v 0.815611 -0.471151 -0.599278
v 0.869311 -0.518404 -0.645420
v 0.797511 -0.510450 -0.635663
v -0.045089 -1.387898 -0.258355
v -0.057789 -1.390676 -0.290841
v 0.051811 -1.368278 -0.272863
v 0.055611 -1.373739 -0.247533
v -0.071689 -1.372257 -0.342142
v -0.084289 -1.342563 -0.398106
v 0.030811 -1.335080 -0.346546
v 0.042311 -1.353466 -0.307345
v -0.085789 -1.322674 -0.455115
v -0.079089 -1.285357 -0.506920
v 0.020011 -1.279413 -0.425652
v 0.021911 -1.312694 -0.385669
v -0.061689 -1.238235 -0.557779
v -0.040989 -1.178003 -0.606909
v 0.043811 -1.184936 -0.521470
v 0.030211 -1.235664 -0.471792
v -0.024789 -1.108568 -0.655590
v -0.011389 -1.044068 -0.692344
v 0.059111 -1.082763 -0.618131
v 0.052611 -1.133924 -0.574250
v 0.004711 -0.997245 -0.706500
v 0.024511 -0.963908 -0.718083
v 0.082311 -0.997131 -0.667300
v 0.069411 -1.040231 -0.648964
v 0.046111 -0.922974 -0.730107
v 0.066511 -0.870421 -0.738895
v 0.117411 -0.899725 -0.703034
v 0.098211 -0.955433 -0.686029
v 0.086611 -0.807392 -0.752140
v 0.142011 -0.822750 -0.726055
v 0.131911 -1.012544 -0.633115
v 0.145511 -0.969701 -0.661950
v 0.190211 -0.984126 -0.648271
v 0.178711 -1.037136 -0.613280
v 0.168411 -0.907832 -0.686089
v 0.214611 -0.914606 -0.681252
v 0.966011 -1.625442 -0.357057
v 0.980911 -1.646583 -0.273140
v 0.882511 -1.627667 -0.270243
v 0.863311 -1.600826 -0.354092
v 0.778411 -1.609036 -0.264545
v 0.756711 -1.582672 -0.344291
v 0.132711 -1.395238 -0.247315
v 0.201411 -1.431655 -0.250216
v 0.131311 -1.388702 -0.277351
v 0.197011 -1.419964 -0.288380
v 0.347911 -1.479183 -0.291756
v 0.370111 -1.497117 -0.243158
v 0.286811 -1.460032 -0.245961
v 0.272311 -1.446171 -0.289637
v 0.173011 -1.373547 -0.358536
v 0.187311 -1.397661 -0.324503
v 0.123011 -1.373183 -0.310337
v 0.112111 -1.348857 -0.342170
v 0.302511 -1.424340 -0.375558
v 0.327811 -1.454922 -0.335490
v 0.254611 -1.427299 -0.331441
v 0.234911 -1.400104 -0.368890
v 0.149711 -1.308861 -0.416190
v 0.159411 -1.344801 -0.386893
v 0.103411 -1.313691 -0.366763
v 0.097511 -1.279450 -0.396051
v 0.233611 -1.337250 -0.450636
v 0.265411 -1.386847 -0.413364
v 0.213511 -1.364874 -0.400084
v 0.193511 -1.326261 -0.434295
v 0.148311 -1.259448 -0.450461
v 0.099911 -1.243701 -0.441947
v 0.106611 -1.199474 -0.491790
v 0.149211 -1.209665 -0.490234
v 0.158011 -1.120835 -0.558022
v 0.150811 -1.161155 -0.525100
v 0.110511 -1.152536 -0.539848
v 0.114411 -1.102852 -0.579520
v 0.187811 -1.168009 -0.553163
v 0.172811 -1.187191 -0.531658
v 0.206611 -1.224000 -0.533157
v 0.177811 -1.228476 -0.510432
v 0.121711 -1.055906 -0.607878
v 0.168111 -1.079272 -0.583349
v 0.182711 -1.278285 -0.475359
v 0.217511 -1.282795 -0.495634
v 0.245311 -1.276482 -0.511469
v 0.261911 -1.269848 -0.523506
v 0.281511 -1.357619 -0.481425
v 0.265111 -1.348239 -0.466776
v 0.234811 -1.201576 -0.547080
v 0.264411 -1.157172 -0.564823
v 0.151711 -1.576941 -0.594526
v 0.173111 -1.500978 -0.546641
v 0.112911 -1.455387 -0.603191
v 0.101411 -1.581327 -0.646703
v 0.208711 -1.415206 -0.515410
v 0.160711 -1.345384 -0.566393
v 0.162111 -1.262584 -0.657947
v 0.064111 -1.428572 -0.691939
v 0.055311 -1.424016 -0.809566
v 0.098311 -1.274735 -0.795283
v 0.206511 -1.136513 -0.572236
v 0.223811 -1.084217 -0.591422
v 0.255011 -1.280248 -0.541849
v 0.286511 -1.188443 -0.595852
v 0.261611 -1.214279 -0.620611
v 0.229911 -1.295910 -0.553063
v 0.239611 -1.371655 -0.506148
v 0.260711 -1.368518 -0.499465
v 0.277511 -1.364480 -0.492587
v 0.284611 -1.171642 -0.577444
v 0.267011 -1.270998 -0.532699
v 0.269811 -1.017557 -0.781690
v 0.239711 -1.017532 -0.850191
v 0.169611 -1.137873 -0.820832
v 0.231311 -1.130383 -0.731372
v 0.244711 -1.023327 -0.922361
v 0.158311 -1.152152 -0.926556
v 0.283211 -0.949791 -0.678360
v 0.273111 -1.046071 -0.619732
v 0.234611 -1.013927 -0.630108
v 0.250211 -0.936066 -0.673835
v 0.311711 -1.087955 -0.653203
v 0.299011 -1.067622 -0.628914
v 0.304311 -0.966054 -0.689871
v 0.312011 -0.984663 -0.709669
v 0.296911 -1.116542 -0.687247
v 0.301711 -1.005421 -0.738656
v 0.282011 -0.861333 -0.704644
v 0.311311 -0.849242 -0.724510
v 0.264311 -0.825727 -0.703639
v 0.352111 -0.736951 -0.744825
v 0.208411 -0.817016 -0.701586
v 0.245811 -0.731847 -0.725853
v 0.261611 -0.680764 -0.765633
v 0.375011 -0.667048 -0.762708
v 0.258811 -0.623259 -0.764748
v 0.379011 -0.604299 -0.753951
v 0.324211 -0.860422 -0.739150
v 0.379611 -0.775809 -0.755213
v 0.375711 -0.806368 -0.766046
v 0.326011 -0.882183 -0.750231
v 0.356011 -0.868347 -0.798507
v 0.318411 -0.923151 -0.799107
v 0.324211 -0.905878 -0.767601
v 0.368211 -0.836755 -0.781780
v 0.463811 -0.774087 -0.787723
v 0.429511 -0.778236 -0.778400
v 0.453611 -0.743942 -0.761387
v 0.505611 -0.751114 -0.774448
v 0.476511 -0.700583 -0.750724
v 0.573711 -0.708331 -0.741282
v 0.494611 -0.644644 -0.743730
v 0.598311 -0.631750 -0.708301
v 0.503711 -0.574039 -0.724717
v 0.611011 -0.557106 -0.682209
v 0.202311 -1.176607 -0.991423
v 0.272211 -1.040606 -0.973167
v 0.313711 -1.063048 -0.999244
v 0.249111 -1.197705 -1.027408
v 0.350911 -1.250545 -1.052919
v 0.442811 -1.111620 -1.030479
v 0.326211 -1.236340 -1.033797
v 0.404611 -1.099239 -1.015647
v 0.292111 -1.218526 -1.031194
v 0.361111 -1.084882 -1.005225
v 0.703911 -0.712170 -0.730061
v 0.645911 -0.715344 -0.707043
v 0.672511 -0.638334 -0.687164
v 0.728111 -0.636157 -0.709576
v 0.687411 -0.566909 -0.664555
v 0.778411 -0.627440 -0.743025
v 0.740311 -0.702468 -0.802715
v 0.831211 -0.611862 -0.765410
v 0.761411 -0.725237 -0.924992
v 0.657711 -0.967444 -1.108269
v 0.820111 -0.787988 -1.043750
v 0.604911 -0.936038 -1.034340
v 0.552611 -0.939548 -0.981120
v 0.503411 -0.953977 -0.949841
v 0.596411 -0.833309 -0.864700
v 0.651611 -0.800431 -0.905380
v 0.695911 -0.747122 -0.830871
v 0.659511 -0.769358 -0.782549
v 0.316511 -0.922889 -0.842509
v 0.329311 -0.920331 -0.886724
v 0.375011 -0.853454 -0.818089
v 0.399011 -0.845487 -0.842433
v 0.599411 -0.773530 -0.777326
v 0.541811 -0.771848 -0.799035
v 0.534111 -0.843878 -0.859042
v 0.477311 -0.840538 -0.870060
v 0.490411 -0.783907 -0.809769
v 0.445611 -0.799106 -0.809486
v 0.432711 -0.841493 -0.861755
v 0.407911 -0.810335 -0.796524
v 0.396311 -0.941425 -0.940509
v 0.354911 -0.926138 -0.924593
v 0.448911 -0.955016 -0.938835
v 0.948411 -0.529298 -0.662561
v 0.984311 -0.473684 -0.605364
v 1.072811 -0.492953 -0.636159
v 1.039711 -0.556489 -0.715612
v 0.906011 -0.452535 -0.578179
v 0.918511 -0.632098 -0.826800
v 0.896611 -0.588373 -0.749239
v 1.370811 -0.145999 -0.097350
v 1.214711 -0.069729 -0.084767
v 1.501211 -0.200162 -0.108754
v 1.462411 -0.263687 -0.167907
v 1.323012 -0.215428 -0.138970
v 1.160011 -0.137196 -0.115198
v 1.298211 -0.261890 -0.186817
v 1.279711 -0.296074 -0.238531
v 1.441011 -0.298533 -0.231117
v 1.426811 -0.321382 -0.294793
v 1.115811 -0.206706 -0.189819
v 1.134712 -0.177596 -0.151578
v 0.847811 0.187535 -0.055575
v 1.034212 0.054933 -0.073749
v 0.987711 -0.002399 -0.097836
v 0.828711 0.160410 -0.096627
v 0.964911 -0.040064 -0.127730
v 0.947811 -0.066251 -0.161887
v 0.783711 0.087117 -0.150026
v 0.805811 0.121874 -0.121316
v 0.661111 0.265581 -0.120403
v 0.690211 0.308791 -0.100539
v 0.643911 0.230686 -0.155912
v 0.549211 0.357780 -0.175608
v 0.557311 0.387984 -0.138473
v 0.580111 0.424653 -0.107773
v 0.971811 -0.695669 -0.930854
v 1.103812 -0.634299 -0.863389
v 1.186211 -0.715164 -0.984648
v 1.049312 -0.767787 -1.043561
v 1.182511 -0.518770 -0.675818
v 1.186111 -0.566198 -0.753860
v 1.283711 -0.535679 -0.713826
v 1.299011 -0.582613 -0.793171
v 1.350411 -0.543376 -0.731685
v 1.380412 -0.595658 -0.801299
v 1.404112 -0.543141 -0.725086
v 1.451111 -0.595776 -0.786199
v 1.552912 -0.315880 -0.276123
v 1.566011 -0.308461 -0.199562
v 1.645811 -0.367300 -0.224841
v 1.537611 -0.316105 -0.335522
v 1.645611 -0.347944 -0.305948
v 1.631511 -0.346773 -0.384555
v 1.604011 -0.257956 -0.125738
v 1.685111 -0.323313 -0.136080
v 1.136912 -0.880532 -1.106345
v 1.215411 -1.007486 -1.134251
v 1.283412 -0.831046 -1.054215
v 1.373011 -0.964792 -1.080483
v 1.227611 -0.621475 -0.859059
v 1.300012 -0.704680 -0.951205
v 1.334811 -0.641520 -0.867249
v 1.397211 -0.716975 -0.931937
v 1.423311 -0.657088 -0.861464
v 1.481411 -0.731520 -0.903557
v 1.500911 -0.661508 -0.828440
v 1.564611 -0.735886 -0.860833
v 1.582312 -0.648557 -0.764309
v 1.641811 -0.720542 -0.779716
v 1.523811 -0.586380 -0.732349
v 1.588411 -0.554230 -0.668424
v 1.650411 -0.610816 -0.683915
v 1.714911 -0.681371 -0.693829
v 1.768911 -0.573446 -0.525017
v 1.750311 -0.624185 -0.605040
v 1.671211 -0.562440 -0.596978
v 1.671611 -0.511773 -0.511854
v 1.596311 -0.515052 -0.581137
v 1.596311 -0.463742 -0.506417
v 1.805811 -0.516201 -0.389128
v 1.790111 -0.535263 -0.455225
v 1.701411 -0.460771 -0.456832
v 1.720511 -0.427111 -0.391116
v 1.623911 -0.404933 -0.450038
v 1.722611 -0.422420 -0.319640
v 1.801111 -0.509254 -0.307465
v 1.715912 -0.432818 -0.227982
v 1.816011 -0.494695 -0.223643
v 1.771912 -0.386451 -0.142735
v 1.873111 -0.442816 -0.136226
v 3.062212 -1.353509 0.744571
v 3.062711 -1.445757 0.900579
v 3.090212 -1.490388 0.858422
v 3.083812 -1.393776 0.695891
v 3.065112 -1.576634 1.014796
v 3.042912 -1.530429 1.052044
v 3.096411 -1.628320 0.980879
v 3.118011 -1.538113 0.817483
v 3.115512 -1.444022 0.651165
v 2.954812 -1.674709 1.348538
v 2.870212 -1.745572 1.501628
v 2.893212 -1.797782 1.481614
v 2.973512 -1.727858 1.321329
v 2.794312 -1.853299 1.624820
v 2.770512 -1.800919 1.639333
v 2.810212 -1.907580 1.610217
v 2.913311 -1.852684 1.463214
v 2.999212 -1.782199 1.295826
v 3.053812 -1.395200 0.947303
v 3.054512 -1.298017 0.797768
v 3.025012 -1.481824 1.089379
v 2.834812 -1.699090 1.516374
v 2.921812 -1.627985 1.370883
v 2.734712 -1.753772 1.647875
v 2.573712 -2.025626 1.839666
v 2.698312 -2.001054 1.724930
v 2.695212 -1.945585 1.737327
v 2.574512 -1.971955 1.852473
v 2.690012 -2.056725 1.712034
v 2.561112 -2.078702 1.825856
v 2.815012 -2.024528 1.583556
v 2.818012 -1.965154 1.596931
v 3.053912 -1.707574 1.135615
v 3.015212 -1.846921 1.273780
v 3.075112 -1.771209 1.111163
v 3.081212 -1.835529 1.089514
v 3.016812 -1.911729 1.253934
v 3.127512 -1.753909 0.928365
v 3.118812 -1.688585 0.950908
v 2.975412 -2.022223 1.218938
v 3.005012 -1.967840 1.233941
v 2.914412 -2.035070 1.411512
v 2.878312 -2.085178 1.391785
v 2.928512 -1.978464 1.430602
v 2.799212 -2.081810 1.568769
v 2.765012 -2.134111 1.550455
v 2.782412 -2.154797 1.205864
v 2.689111 -2.206162 1.358347
v 2.762012 -2.177614 1.367191
v 2.857112 -2.123990 1.206995
v 2.652512 -2.222991 1.517741
v 2.581112 -2.251185 1.500596
v 2.497612 -2.179087 1.792405
v 2.446612 -2.223109 1.770146
v 2.587712 -2.210782 1.665477
v 2.636811 -2.164081 1.683822
v 2.526911 -2.249396 1.644888
v 2.384112 -2.256064 1.741926
v 2.714112 -2.181406 1.533014
v 3.127512 -1.704279 0.550088
v 3.147212 -1.635009 0.562709
v 3.146111 -1.725037 0.740605
v 3.125211 -1.789500 0.729057
v 3.152212 -1.664445 0.757173
v 3.151312 -1.570710 0.580658
v 3.120311 -1.812504 0.911186
v 3.098212 -1.872876 0.898316
v 2.913912 -2.046304 0.893665
v 2.859212 -2.103745 1.050782
v 2.934911 -2.066559 1.048078
v 2.987612 -2.000922 0.890217
v 2.923812 -2.077470 1.210640
v 3.001611 -2.013553 1.048988
v 3.048512 -1.950809 1.056845
v 3.052212 -1.940817 0.890888
v 2.854012 -1.240904 -0.022256
v 2.850811 -1.159178 0.018897
v 2.949612 -1.232828 0.137802
v 2.961312 -1.312055 0.096635
v 2.922512 -1.162732 0.191719
v 2.828312 -1.086467 0.075600
v 3.013312 -1.247386 0.328184
v 3.042511 -1.313265 0.277544
v 3.056712 -1.388783 0.237857
v 2.029212 -0.745535 -0.504275
v 1.881411 -0.654739 -0.523472
v 1.903211 -0.619713 -0.445862
v 2.052412 -0.705070 -0.419395
v 1.915011 -0.599091 -0.368674
v 2.061712 -0.676708 -0.335149
v 1.926211 -0.585230 -0.284549
v 2.078812 -0.656725 -0.246957
v 1.953811 -0.555773 -0.201109
v 2.105612 -0.628167 -0.163212
v 2.797312 -0.981030 0.191525
v 2.877912 -1.067311 0.304998
v 2.896811 -1.108824 0.247825
v 2.805412 -1.031041 0.134997
v 2.985212 -1.195894 0.381503
v 2.962912 -1.155092 0.436581
v 2.003312 -0.502344 -0.123000
v 2.146111 -0.568092 -0.094840
v 2.887912 -1.011593 0.362794
v 2.800912 -0.933993 0.252968
v 2.967211 -1.100475 0.494383
v 1.848511 -0.704024 -0.612004
v 1.787911 -0.762490 -0.696985
v 1.973112 -0.797221 -0.592993
v 1.886811 -0.854678 -0.676180
v 1.269311 -1.144048 -1.126903
v 1.301711 -1.273698 -1.099093
v 1.440911 -1.102980 -1.078027
v 1.469311 -1.235181 -1.041303
v 1.394812 -0.815999 -1.009197
v 1.485811 -0.944015 -1.029896
v 1.487512 -0.815014 -0.975402
v 1.574811 -0.935764 -0.984241
v 1.562711 -0.826355 -0.927939
v 1.652111 -0.934166 -0.929749
v 1.642011 -0.823757 -0.873552
v 1.733311 -0.922714 -0.865311
v 1.715912 -0.803493 -0.788862
v 1.807511 -0.896809 -0.773251
v 2.192312 -1.071231 -0.520992
v 2.028912 -0.956332 -0.612823
v 2.137511 -0.902978 -0.529913
v 2.302812 -1.006359 -0.434946
v 2.210011 -0.851219 -0.446195
v 2.379611 -0.956650 -0.360217
v 2.237312 -0.804763 -0.363148
v 2.410012 -0.904743 -0.286000
v 2.242512 -0.768417 -0.281646
v 2.413512 -0.857846 -0.213656
v 2.249912 -0.739463 -0.198903
v 2.409811 -0.817154 -0.142077
v 2.259812 -0.710026 -0.119063
v 2.411211 -0.772690 -0.075620
v 2.293912 -0.639698 -0.059247
v 2.429012 -0.710150 -0.013861
v 2.835612 -1.310925 -0.044174
v 2.952312 -1.383880 0.073927
v 2.924512 -1.454676 0.056515
v 2.802612 -1.378738 -0.064703
v 3.049512 -1.460406 0.215648
v 3.023911 -1.532393 0.199842
v 2.978412 -1.777340 0.356385
v 3.045712 -1.698535 0.357054
v 3.081112 -1.784428 0.541327
v 3.013512 -1.858028 0.541529
v 2.906012 -1.694388 0.182928
v 2.972912 -1.612274 0.185279
v 3.092612 -1.616565 0.369605
v 2.626412 -1.104053 -0.196008
v 2.744312 -1.170431 -0.118744
v 2.713511 -1.234806 -0.150492
v 2.580312 -1.159406 -0.242106
v 2.670012 -1.299366 -0.179639
v 2.524212 -1.220037 -0.284175
v 2.750012 -1.094578 -0.072658
v 2.734812 -1.025755 -0.013834
v 2.644412 -1.037171 -0.144773
v 2.639012 -0.974146 -0.085517
v 2.538412 -0.922395 -0.149401
v 2.537712 -0.978446 -0.213396
v 2.511512 -1.036989 -0.275876
v 2.375412 -1.147130 -0.392675
v 2.449612 -1.087237 -0.339302
v 2.625112 -0.869088 0.034510
v 2.712912 -0.918707 0.104282
v 2.716412 -0.971717 0.047771
v 2.626112 -0.922703 -0.022798
v 2.528912 -0.822712 -0.024845
v 2.529412 -0.874637 -0.084162
v 2.717612 -0.870163 0.167017
v 2.630212 -0.819741 0.097740
v 2.537312 -0.768265 0.038358
v 1.302711 -1.378693 -1.043118
v 1.268711 -1.453755 -0.962906
v 1.448811 -1.339658 -0.981930
v 1.398611 -1.419778 -0.912291
v 1.557611 -1.079780 -1.023153
v 1.587011 -1.212484 -0.987026
v 1.639911 -1.068256 -0.964015
v 1.666111 -1.197032 -0.922810
v 1.725511 -1.057511 -0.901173
v 1.773011 -1.181806 -0.863292
v 1.826911 -1.036507 -0.827387
v 1.899411 -1.168558 -0.763164
v 1.907911 -1.005766 -0.710154
v 2.015012 -1.099147 -0.651642
v 2.178312 -1.188776 -0.528749
v 2.065711 -1.169426 -0.611156
v 2.117112 -1.278265 -0.544960
v 2.006112 -1.233734 -0.648905
v 2.405512 -1.397405 -0.332705
v 2.242412 -1.326717 -0.426293
v 2.312612 -1.236084 -0.420589
v 2.467112 -1.305199 -0.313509
v 2.613312 -1.380609 -0.205495
v 2.746412 -1.456659 -0.086477
v 2.678712 -1.542799 -0.093505
v 2.548712 -1.470488 -0.219603
v 2.609612 -1.637041 -0.064489
v 2.729112 -1.709035 0.064807
v 2.804512 -1.619915 0.031619
v 2.828511 -1.774857 0.207169
v 1.563411 -1.320986 -0.932432
v 1.508611 -1.402128 -0.866787
v 1.653911 -1.306489 -0.878010
v 1.612811 -1.399108 -0.826503
v 1.762711 -1.295396 -0.824570
v 1.713411 -1.394650 -0.779326
v 1.870412 -1.296317 -0.755364
v 1.808311 -1.395804 -0.716119
v 1.952011 -1.316154 -0.652454
v 1.884811 -1.403794 -0.622874
v 2.046712 -1.352944 -0.540951
v 1.968812 -1.421417 -0.517376
v 2.333212 -1.479645 -0.339655
v 2.478112 -1.559018 -0.206718
v 2.382012 -1.619323 -0.189088
v 2.247312 -1.542016 -0.334113
v 2.097612 -1.467923 -0.427020
v 2.171612 -1.400342 -0.430690
v 2.249712 -1.640896 -0.202370
v 2.153112 -1.578966 -0.324911
v 2.100612 -1.644475 -0.235151
v 2.072312 -1.603291 -0.311177
v 1.935611 -1.634257 -0.268307
v 1.957411 -1.585031 -0.355078
v 1.765411 -1.635469 -0.288801
v 1.775811 -1.573083 -0.401144
v 1.093112 -1.659262 -0.269271
v 1.080511 -1.649495 -0.348325
v 1.202312 -1.650528 -0.336019
v 1.213211 -1.661229 -0.263260
v 2.019212 -1.528705 -0.405287
v 1.883611 -1.493477 -0.473481
v 0.943811 -1.610823 -0.426638
v 1.060611 -1.639642 -0.411780
v 0.910811 -1.600554 -0.487095
v 1.026711 -1.649620 -0.462526
v 1.151711 -1.652725 -0.445109
v 1.183411 -1.646357 -0.396343
v 1.337811 -1.664233 -0.263843
v 1.469311 -1.656967 -0.270083
v 1.324111 -1.632412 -0.333318
v 1.454511 -1.622975 -0.344770
v 1.609911 -1.644036 -0.282854
v 1.598511 -1.606715 -0.370360
v 0.125811 -1.678477 -0.673971
v 0.154811 -1.763722 -0.681905
v 0.258811 -1.707962 -0.616309
v 0.192711 -1.637477 -0.600895
v 0.538211 -1.643144 -0.613064
v 0.491911 -1.706596 -0.622517
v 0.581611 -1.742826 -0.591218
v 0.685711 -1.775085 -0.528841
v 0.739411 -1.714508 -0.551472
v 0.636311 -1.674451 -0.614393
v 0.807111 -1.638564 -0.598589
v 0.691511 -1.603531 -0.610781
v 0.586511 -1.592276 -0.582542
v 0.308811 -1.455619 -0.481088
v 0.276311 -1.439957 -0.488174
v 0.273311 -1.490205 -0.496799
v 0.370511 -1.535503 -0.496251
v 0.244711 -1.563725 -0.536797
v 0.319911 -1.610935 -0.556839
v 0.375011 -1.623479 -0.564871
v 0.426211 -1.569755 -0.505764
v 0.346411 -1.683535 -0.611443
v 0.393911 -1.670041 -0.594316
v 0.421511 -1.636449 -0.559200
v 0.465311 -1.591478 -0.509845
v 0.424611 -1.689915 -0.607608
v 0.470611 -1.640559 -0.579378
v 0.515811 -1.595253 -0.541925
v 0.837811 -1.579410 -0.424310
v 0.802911 -1.559265 -0.489221
v 0.732111 -1.560932 -0.410211
v 0.698311 -1.544465 -0.471102
v 0.317611 -1.409318 -0.426241
v 0.371611 -1.459511 -0.388366
v 0.345011 -1.436822 -0.445291
v 0.439611 -1.495413 -0.406869
v 0.420211 -1.505873 -0.454313
v 0.339111 -1.451928 -0.464608
v 0.645911 -1.547729 -0.537485
v 0.753611 -1.552876 -0.564457
v 0.864511 -1.597007 -0.551715
v 0.650611 -1.589708 -0.259451
v 0.633411 -1.568292 -0.329769
v 0.531311 -1.552258 -0.250556
v 0.507611 -1.535432 -0.318949
v 0.564611 -1.557601 -0.495930
v 0.505911 -1.552028 -0.464260
v 0.603811 -1.549694 -0.439773
v 0.531811 -1.537755 -0.414438
v 0.536411 -1.534510 -0.369655
v 0.495611 -1.525034 -0.374007
v 0.489311 -1.524321 -0.408211
v 0.466411 -1.509552 -0.359191
v 0.404711 -1.486880 -0.346115
v 0.422511 -1.509427 -0.299691
v 0.621511 -1.555510 -0.387840
v 0.444711 -1.527030 -0.245394
v 0.467211 -1.532374 -0.454468
v 0.008911 -1.845787 -1.132062
v -0.062689 -1.890055 -1.089420
v 0.043811 -1.917315 -1.118771
v -0.018689 -1.969561 -1.072185
v 0.216411 -1.794409 -1.154444
v 0.156411 -1.871766 -1.109820
v 0.275011 -1.827425 -1.139163
v 0.213311 -1.899567 -1.091768
v 0.340311 -1.866094 -1.114951
v 0.279311 -1.933946 -1.069579
v 0.419411 -1.906558 -1.090129
v 0.364211 -1.970014 -1.045381
v 0.592211 -2.022662 -0.999093
v 0.477711 -2.003785 -1.021696
v 0.519311 -1.945052 -1.070618
v 0.617811 -1.965463 -1.054206
v 0.765411 -1.995549 -0.978441
v 0.680311 -2.018396 -0.987016
v 0.690411 -1.956334 -1.048956
v 0.767611 -1.925635 -1.049225
v 0.881711 -1.879788 -1.040775
v 1.001611 -1.832855 -0.998331
v 0.976111 -1.920195 -0.932352
v 0.869111 -1.956658 -0.962053
v 0.967411 -2.013989 -0.876238
v 1.052112 -2.011548 -0.850251
v 1.027411 -2.112354 -0.814599
v 0.954911 -2.104826 -0.827740
v 1.071512 -1.905553 -0.888132
v 1.135711 -2.013721 -0.827239
v 1.157911 -1.902026 -0.846651
v 1.104811 -2.134371 -0.799478
v 0.870111 -2.034101 -0.896628
v 0.769111 -2.058596 -0.913895
v 0.865011 -2.110203 -0.841811
v 0.764711 -2.120197 -0.858957
v 0.569011 -2.073599 -0.950913
v 0.673011 -2.073087 -0.930316
v 0.659411 -2.123413 -0.880140
v 0.546111 -2.123085 -0.911642
v 0.444811 -2.059482 -0.984191
v 0.323311 -2.029732 -1.011854
v 0.420211 -2.120043 -0.958859
v 0.296811 -2.099658 -0.998271
v 0.229911 -1.995945 -1.032640
v 0.157711 -1.965160 -1.053808
v 0.195811 -2.067487 -1.021748
v 0.112111 -2.040007 -1.043699
v 0.096311 -1.947033 -1.085508
v 0.040611 -2.013588 -1.058743
v -0.039389 -1.968157 -0.906890
v -0.069189 -1.876258 -0.907393
v -0.083789 -1.887464 -0.999833
v -0.049089 -1.977421 -0.991740
v 1.097211 -1.808462 -0.926564
v 1.176711 -1.801112 -0.862603
v 1.114612 -1.717643 -0.941561
v 1.190211 -1.712643 -0.868487
v 1.113611 -1.650127 -0.920630
v 1.192611 -1.641476 -0.856477
v 1.112811 -1.604519 -0.882779
v 1.188811 -1.597211 -0.826419
v 1.239511 -1.798779 -0.820015
v 1.232511 -1.895746 -0.813784
v 1.248511 -1.714081 -0.820679
v 1.298611 -1.794536 -0.775638
v 1.298512 -1.715094 -0.768172
v 1.302411 -1.885620 -0.772539
v 1.325311 -2.082355 -0.741762
v 1.227511 -2.104212 -0.788843
v 1.228912 -2.002599 -0.804900
v 1.314312 -1.983448 -0.759104
v 1.237711 -2.188311 -0.770083
v 1.244811 -2.263942 -0.757069
v 1.160111 -2.264366 -0.743266
v 1.140811 -2.204995 -0.766991
v 1.336111 -2.173936 -0.737961
v 1.339911 -2.260179 -0.745589
v 1.034311 -2.198283 -0.746728
v 1.095511 -2.267765 -0.706547
v 1.072011 -2.224861 -0.724182
v 1.056311 -2.269779 -0.654235
v 1.043512 -2.227288 -0.656168
v 1.002411 -2.204263 -0.669894
v 0.985611 -2.182065 -0.761817
v 0.917611 -2.171227 -0.772976
v 0.946211 -2.196553 -0.686336
v 0.874411 -2.193345 -0.703154
v 0.831411 -2.168089 -0.784494
v 0.733611 -2.170990 -0.802778
v 0.789611 -2.193120 -0.716855
v 0.695611 -2.188124 -0.735883
v 0.629211 -2.164135 -0.829416
v 0.517811 -2.163537 -0.866320
v 0.596211 -2.177909 -0.769740
v 0.490211 -2.176812 -0.806846
v 0.396411 -2.154850 -0.905168
v 0.278111 -2.130029 -0.937904
v 0.379011 -2.162197 -0.840627
v 0.270311 -2.139458 -0.870152
v -0.006989 -1.878925 -0.828377
v 0.090511 -1.870563 -0.762122
v 0.017111 -1.962034 -0.829622
v 0.115911 -1.940599 -0.768538
v 0.013511 -2.030298 -0.987351
v 0.088411 -2.066661 -0.980452
v 0.011511 -2.034279 -0.910728
v 0.084211 -2.077277 -0.910192
v 0.176111 -2.099466 -0.963172
v 0.172011 -2.109395 -0.895216
v 0.054311 -2.018982 -0.838310
v 0.132311 -1.992975 -0.782152
v 0.111511 -2.053612 -0.843621
v 0.147011 -2.029258 -0.797454
v 0.372211 -1.736617 -0.626253
v 0.295011 -1.792365 -0.634848
v 0.359211 -1.864003 -0.641656
v 0.437911 -1.775192 -0.621541
v 0.188411 -2.080538 -0.830073
v 0.209311 -2.033532 -0.774330
v 0.278011 -2.103596 -0.804147
v 0.296711 -2.044065 -0.743672
v 0.193011 -1.840355 -0.687686
v 0.224811 -1.909147 -0.704309
v 0.225211 -1.974206 -0.733154
v 0.327011 -1.964974 -0.690804
v 0.527011 -1.809600 -0.586253
v 0.474611 -1.883613 -0.606848
v 0.577711 -1.902060 -0.560546
v 0.631711 -1.835907 -0.532808
v 0.487311 -2.059627 -0.681886
v 0.476811 -2.132157 -0.742090
v 0.579211 -2.140144 -0.703245
v 0.589411 -2.070296 -0.639727
v 0.676711 -2.150944 -0.666586
v 0.687611 -2.085078 -0.599945
v 0.376011 -2.118146 -0.776667
v 0.389911 -2.050912 -0.715634
v 0.426011 -1.967585 -0.656189
v 0.526111 -1.979074 -0.617725
v 0.763811 -2.165322 -0.644207
v 0.844811 -2.176241 -0.629247
v 0.772011 -2.108620 -0.571016
v 0.853011 -2.130121 -0.552598
v 0.630311 -1.991518 -0.570857
v 0.687211 -1.915478 -0.508872
v 0.733211 -2.009766 -0.524656
v 0.800411 -1.929829 -0.463393
v 0.923311 -2.180052 -0.613025
v 0.988211 -2.190582 -0.600268
v 0.937011 -2.144834 -0.536717
v 1.007911 -2.166583 -0.527598
v 1.033211 -2.217168 -0.597722
v 1.042411 -2.265087 -0.600960
v 1.054611 -2.260837 -0.537182
v 1.050211 -2.207008 -0.531877
v 1.455112 -2.240331 -0.590895
v 1.419811 -2.248521 -0.680352
v 1.406312 -2.159154 -0.668341
v 1.442912 -2.152413 -0.587876
v 1.394511 -2.065758 -0.669252
v 1.427311 -2.062113 -0.587971
v 1.382111 -1.965230 -0.682902
v 1.369811 -1.868202 -0.696133
v 1.389911 -1.871876 -0.600012
v 1.409111 -1.964548 -0.594705
v 1.352911 -1.781882 -0.692706
v 1.322611 -1.716306 -0.679064
v 1.306511 -1.754225 -0.591056
v 1.355411 -1.802549 -0.595291
v 0.750911 -1.849608 -0.478232
v 0.813211 -1.788587 -0.474366
v 0.875311 -1.859389 -0.438078
v 0.945011 -1.794645 -0.448432
v 0.830811 -2.035391 -0.492615
v 0.913211 -1.953654 -0.431362
v 0.923911 -2.064282 -0.472657
v 1.018111 -1.984863 -0.414691
v 0.992711 -1.877900 -0.421576
v 1.055311 -1.807436 -0.446662
v 1.094011 -1.905295 -0.420726
v 1.144511 -1.827670 -0.452952
v 1.275711 -1.889345 -0.466414
v 1.215411 -1.856906 -0.459492
v 1.173911 -1.942635 -0.427922
v 1.243411 -1.979174 -0.434822
v 1.106411 -2.025997 -0.402465
v 1.199911 -2.086165 -0.396536
v 1.325011 -1.921834 -0.482637
v 1.337211 -1.856694 -0.530194
v 1.291811 -1.816352 -0.522815
v 1.370311 -1.911827 -0.536292
v 1.355312 -1.948135 -0.500993
v 1.012111 -2.093519 -0.461097
v 1.085212 -2.132616 -0.460483
v 1.441311 -2.162751 -0.521619
v 1.454911 -2.244450 -0.521172
v 1.419611 -2.080064 -0.524171
v 1.382811 -2.096795 -0.475079
v 1.401611 -2.177374 -0.470838
v 1.417011 -2.253268 -0.469623
v 1.394311 -1.992311 -0.533052
v 1.366311 -2.012765 -0.488039
v 1.312311 -2.005177 -0.453680
v 1.309111 -2.095696 -0.438685
v 1.327011 -2.183039 -0.428106
v 1.229612 -2.187759 -0.413380
v 1.252911 -2.284527 -0.407151
v 1.351811 -2.258146 -0.429095
v 1.127512 -2.195433 -0.463339
v 1.127311 -2.266529 -0.462450
v 1.331111 -2.354475 -0.415868
v 1.374111 -2.313780 -0.435091
v 1.401911 -2.398011 -0.440530
v 1.425311 -2.325921 -0.460825
v 1.465811 -2.332349 -0.593892
v 1.462111 -2.330116 -0.514603
v 1.443311 -2.417665 -0.505223
v 1.456911 -2.430334 -0.590855
v 0.979611 -1.650972 -0.508520
v 0.929011 -1.667417 -0.553330
v 1.056211 -1.684126 -0.518438
v 1.101511 -1.677310 -0.478875
v 0.868111 -1.731571 -0.508178
v 0.993411 -1.740459 -0.487729
v 1.421211 -1.595047 -0.412724
v 1.302411 -1.623962 -0.397166
v 1.266711 -1.632346 -0.449121
v 1.376311 -1.611474 -0.472535
v 1.216011 -1.657855 -0.487282
v 1.180012 -1.671153 -0.523309
v 1.262011 -1.662221 -0.535758
v 1.314011 -1.642187 -0.511468
v 1.548711 -1.564040 -0.448094
v 1.670712 -1.529202 -0.496186
v 1.484711 -1.595314 -0.516324
v 1.587011 -1.555114 -0.589645
v 1.554211 -1.478176 -0.765669
v 1.640111 -1.479318 -0.718562
v 1.546111 -1.542975 -0.673913
v 1.500811 -1.519937 -0.721740
v 1.716612 -1.481560 -0.652949
v 1.788911 -1.479275 -0.564460
v 1.208611 -1.503567 -0.873432
v 1.146011 -1.556695 -0.805440
v 1.329811 -1.483240 -0.832142
v 1.254111 -1.550188 -0.749375
v 1.232211 -1.777830 -0.518925
v 1.167711 -1.749076 -0.509083
v 1.247311 -1.713033 -0.592581
v 1.186711 -1.682472 -0.599948
v 1.089811 -1.743573 -0.490312
v 1.127811 -1.694949 -0.540779
v 1.202011 -1.667217 -0.571632
v 1.295311 -1.653544 -0.576506
v 1.220611 -1.635367 -0.635507
v 1.321911 -1.623850 -0.632570
v 1.397712 -1.631240 -0.557528
v 1.441711 -1.604568 -0.617575
v 1.445411 -1.469646 -0.796716
v 1.402911 -1.527276 -0.728900
v 1.128511 -1.579384 -0.839816
v 1.195711 -1.587696 -0.787170
v 1.224811 -1.601676 -0.765393
v 1.239811 -1.611376 -0.783540
v 1.230711 -1.609925 -0.737648
v 1.264911 -1.627425 -0.737552
v 1.429211 -1.577895 -0.677422
v 1.308311 -1.584139 -0.685388
v 1.246311 -1.647583 -0.675041
v 1.216911 -1.615309 -0.698218
v 1.249411 -1.648403 -0.806638
v 1.287012 -1.658091 -0.749484
v 1.279011 -1.672151 -0.669206
v 2.078212 -2.055303 2.172933
v 2.055212 -2.095553 2.163954
v 2.162212 -2.137385 2.103281
v 2.192012 -2.090896 2.119528
v 2.006212 -2.150013 2.152951
v 2.113612 -2.182246 2.073927
v 2.234212 -2.195019 1.987495
v 2.282212 -2.151262 2.016056
v 2.315711 -2.105338 2.038805
v 1.947311 -2.214047 2.092101
v 2.050212 -2.222994 2.028749
v 1.972111 -2.241860 1.980252
v 1.840011 -2.234413 2.043612
v 2.102712 -2.251460 1.907203
v 2.173012 -2.231323 1.950393
v 1.380811 -2.025263 2.545575
v 1.410811 -2.065196 2.539593
v 1.446611 -2.024719 2.498671
v 1.422311 -1.989709 2.500479
v 1.457111 -2.061929 2.478774
v 1.422611 -2.107848 2.511826
v 1.496711 -2.019829 2.442044
v 1.483511 -1.983170 2.452743
v 1.463812 -1.953873 2.452082
v 1.345611 -1.978190 2.540517
v 1.395211 -1.954849 2.493089
v 1.441811 -1.927125 2.442436
v 1.532811 -1.951200 2.410568
v 1.513312 -1.921824 2.406207
v 1.544411 -1.984138 2.403748
v 1.604711 -1.957660 2.363102
v 1.592511 -1.923547 2.365415
v 1.576711 -1.896151 2.364565
v 1.496511 -1.903744 2.402407
v 1.556911 -1.879073 2.360472
v 1.639711 -1.861652 2.327676
v 1.718812 -1.845467 2.288487
v 1.659811 -1.879653 2.327775
v 1.757111 -1.880906 2.281381
v 2.038512 -1.895886 2.193861
v 2.168411 -1.901038 2.147789
v 2.136212 -1.855985 2.139042
v 2.007112 -1.853615 2.188330
v 2.266912 -1.848781 2.066701
v 2.300411 -1.896335 2.075162
v 1.676311 -1.912058 2.326852
v 1.758111 -1.914511 2.280765
v 1.683911 -1.942579 2.323019
v 1.763111 -1.944523 2.278529
v 1.879012 -1.875962 2.234753
v 1.940112 -1.884344 2.219699
v 1.911411 -1.846867 2.215293
v 1.850111 -1.841987 2.230067
v 1.898811 -2.010065 2.216287
v 1.956811 -2.071464 2.198323
v 1.977211 -2.041455 2.199758
v 1.908811 -1.985956 2.217755
v 1.987211 -2.010340 2.202488
v 1.914611 -1.963953 2.218434
v 1.841811 -1.922621 2.242208
v 1.835711 -1.942716 2.243319
v 1.833712 -1.968229 2.240858
v 1.788811 -1.841046 2.255662
v 1.822711 -1.874757 2.253847
v 2.452512 -2.044319 1.950670
v 2.436612 -2.096003 1.935453
v 2.455412 -1.991445 1.963881
v 2.331912 -2.054057 2.053525
v 2.334212 -2.001889 2.065739
v 1.991411 -1.982628 2.204636
v 1.925211 -1.946865 2.216041
v 2.086912 -2.018059 2.180830
v 2.082011 -1.979923 2.187221
v 1.985911 -1.956012 2.207391
v 1.935311 -1.937276 2.214088
v 2.205812 -1.997571 2.142017
v 2.192111 -1.949438 2.147954
v 2.063712 -1.939397 2.191899
v 2.323411 -1.948742 2.073949
v 1.964111 -1.923580 2.213113
v 1.906711 -1.912736 2.221354
v 1.867311 -1.912875 2.232355
v 1.882911 -2.155814 2.189484
v 1.840511 -2.202887 2.157941
v 1.887211 -2.213049 2.128496
v 1.936911 -2.157796 2.174394
v 1.771411 -2.235119 2.133817
v 1.800411 -2.236018 2.097421
v 1.872711 -2.095741 2.202655
v 1.919811 -2.086555 2.199905
v 1.875011 -2.030970 2.215301
v 1.840411 -2.048702 2.209498
v 1.818712 -1.994147 2.237700
v 1.793411 -2.018603 2.227733
v 1.756311 -1.976044 2.274801
v 1.738411 -2.005723 2.260363
v 1.684211 -1.977820 2.315712
v 1.676811 -2.010607 2.300091
v 1.610211 -1.995721 2.352110
v 1.610011 -2.031827 2.332907
v 1.548211 -2.026739 2.385480
v 1.549011 -2.066284 2.359197
v 1.497811 -2.066865 2.417501
v 1.490811 -2.120256 2.382692
v 1.456211 -2.111706 2.446446
v 1.448211 -2.164906 2.410137
v 1.419411 -2.160165 2.472512
v 1.406211 -2.209406 2.428481
v 1.713112 -2.326161 2.327518
v 1.707611 -2.313736 2.350150
v 1.682912 -2.421603 2.374841
v 1.686111 -2.426843 2.349170
v 1.744411 -2.231303 2.301099
v 1.735711 -2.216480 2.323718
v 1.713211 -2.208985 2.341077
v 1.693111 -2.305429 2.369805
v 1.671911 -2.416973 2.398516
v 1.672112 -2.296002 2.392854
v 1.655612 -2.409735 2.423677
v 1.684411 -2.202965 2.362844
v 1.647712 -2.209710 2.391282
v 1.641611 -2.298550 2.420869
v 1.630811 -2.410881 2.451884
v 1.599011 -2.327256 2.456226
v 1.593011 -2.433013 2.482705
v 1.600511 -2.242611 2.427662
v 1.549811 -2.283041 2.458884
v 1.549212 -2.362598 2.485220
v 1.543211 -2.458990 2.505248
v 1.505211 -2.386820 2.481252
v 1.496711 -2.474739 2.496334
v 1.509712 -2.315446 2.458062
v 1.485111 -2.343893 2.431317
v 1.477211 -2.409770 2.453877
v 1.467711 -2.493585 2.469637
v 1.528011 -2.624878 2.489555
v 1.534311 -2.563582 2.507020
v 1.487711 -2.571204 2.503062
v 1.489711 -2.651368 2.491501
v 1.458211 -2.582762 2.474125
v 1.462211 -2.637676 2.471625
v 1.458211 -2.445379 2.397672
v 1.450911 -2.528438 2.423527
v 1.461511 -2.376934 2.368997
v 1.464111 -2.479326 2.334357
v 1.460111 -2.406139 2.295056
v 1.459011 -2.563219 2.372316
v 1.524511 -2.581887 2.305217
v 1.487211 -2.580337 2.332609
v 1.490611 -2.496070 2.289747
v 1.526711 -2.499941 2.258468
v 1.484811 -2.421927 2.242541
v 1.524411 -2.425918 2.207762
v 1.593411 -2.544792 2.285914
v 1.561111 -2.569964 2.290952
v 1.569412 -2.486898 2.248097
v 1.609511 -2.462603 2.246964
v 1.576711 -2.412074 2.197486
v 1.630711 -2.391388 2.194773
v 1.570211 -2.634478 2.453107
v 1.611611 -2.536693 2.468373
v 1.577111 -2.549775 2.489845
v 1.543512 -2.638376 2.471729
v 1.450311 -2.606785 2.433555
v 1.466011 -2.669140 2.441897
v 1.464111 -2.629210 2.392378
v 1.485911 -2.677239 2.405341
v 1.615111 -2.624414 2.410052
v 1.650512 -2.531575 2.416744
v 1.634811 -2.533232 2.442853
v 1.593311 -2.631388 2.432990
v 1.509511 -2.689415 2.464808
v 1.534811 -2.693106 2.429828
v 1.555012 -2.682760 2.401671
v 1.510911 -2.671696 2.376910
v 1.540411 -2.657426 2.353031
v 1.575611 -2.664798 2.376472
v 1.492211 -2.636692 2.359218
v 1.526111 -2.631532 2.333590
v 1.653911 -2.523889 2.322800
v 1.665111 -2.496722 2.335052
v 1.666811 -2.511594 2.358534
v 1.649711 -2.571444 2.349661
v 1.669311 -2.455626 2.297626
v 1.679511 -2.435499 2.320716
v 1.663111 -2.524034 2.387902
v 1.637711 -2.606372 2.381053
v 1.739111 -2.291001 2.247025
v 1.743311 -2.259757 2.273254
v 1.707511 -2.347824 2.297636
v 1.701311 -2.371475 2.270266
v 1.643312 -2.483830 2.278680
v 1.620811 -2.510024 2.279924
v 1.646912 -2.431512 2.245493
v 1.678612 -2.403604 2.246741
v 1.676711 -2.359936 2.204301
v 1.714011 -2.332076 2.215049
v 1.626812 -2.550216 2.299744
v 1.611511 -2.557139 2.295582
v 1.606211 -2.601717 2.318026
v 1.591511 -2.590790 2.304566
v 1.734311 -2.313003 2.228345
v 1.695511 -2.387263 2.254352
v 1.658111 -2.468500 2.284297
v 1.641311 -2.540459 2.310091
v 1.626812 -2.599031 2.333512
v 1.574412 -2.636827 2.334519
v 1.560911 -2.616528 2.316007
v 1.601811 -2.639715 2.354935
v 1.442212 -2.242580 2.342061
v 1.465611 -2.195975 2.379406
v 1.434411 -2.213387 2.377202
v 1.416412 -2.251306 2.337309
v 1.391811 -2.244126 2.388370
v 1.368511 -2.273821 2.334532
v 1.385711 -2.211728 2.497595
v 1.367611 -2.260463 2.454860
v 1.389711 -2.154902 2.538684
v 1.355711 -2.195596 2.558207
v 1.352611 -2.254011 2.519126
v 1.335711 -2.303415 2.481996
v 1.370211 -2.105129 2.570312
v 1.329811 -2.142426 2.589217
v 1.334412 -2.056149 2.584644
v 1.280211 -2.091448 2.621638
v 1.292911 -2.002363 2.582050
v 1.237211 -2.027172 2.616986
v 0.855511 -2.515295 2.449755
v 0.812811 -2.519773 2.490280
v 0.842011 -2.517784 2.506570
v 0.883111 -2.509871 2.472326
v 0.810311 -2.505811 2.556205
v 0.793011 -2.487976 2.544407
v 1.153911 -2.113676 2.689661
v 1.212611 -2.099261 2.655782
v 1.181511 -2.050799 2.648816
v 1.122411 -2.074530 2.679746
v 1.011311 -2.158739 2.751208
v 1.083311 -2.133111 2.719768
v 1.056211 -2.102879 2.707202
v 0.988711 -2.133810 2.738372
v 0.884811 -2.244519 2.791778
v 0.943911 -2.198205 2.775825
v 0.922711 -2.177081 2.762009
v 0.862911 -2.223579 2.780764
v 0.836711 -2.293018 2.792044
v 0.814511 -2.272874 2.781734
v 0.779911 -2.321967 2.764902
v 0.799811 -2.342004 2.776412
v 0.760111 -2.367950 2.731453
v 0.778211 -2.388301 2.740465
v 0.772011 -2.402370 2.673141
v 0.779311 -2.429502 2.685789
v 0.793911 -2.436837 2.606228
v 0.794311 -2.470160 2.620511
v 1.299711 -2.178658 2.601615
v 1.320112 -2.222049 2.566952
v 1.265411 -2.149474 2.635256
v 1.246611 -2.187272 2.635663
v 1.272611 -2.208751 2.602980
v 1.297812 -2.242899 2.576166
v 1.220411 -2.142827 2.662020
v 1.216111 -2.178200 2.667214
v 1.168211 -2.150154 2.693660
v 1.172711 -2.180027 2.698624
v 1.326811 -2.276720 2.535851
v 1.312711 -2.322308 2.501600
v 1.314811 -2.291248 2.548931
v 1.301611 -2.333230 2.515860
v 1.301611 -2.356500 2.430086
v 1.320011 -2.331577 2.452450
v 1.294912 -2.349647 2.476149
v 1.276011 -2.374246 2.458184
v 1.283611 -2.362658 2.492620
v 1.265512 -2.391054 2.474976
v 1.214211 -2.412842 2.404294
v 1.266511 -2.389697 2.412467
v 1.242311 -2.400123 2.444225
v 1.198111 -2.417359 2.437719
v 1.234411 -2.419237 2.459830
v 1.193111 -2.437173 2.453428
v 0.860711 -2.313880 2.799058
v 0.906911 -2.267985 2.798007
v 0.823911 -2.361959 2.784621
v 0.847411 -2.376470 2.782800
v 0.883611 -2.332018 2.792057
v 0.923411 -2.288760 2.802721
v 0.816811 -2.425198 2.759567
v 0.794911 -2.410721 2.755187
v 0.782011 -2.457601 2.704243
v 0.794511 -2.476128 2.717545
v 0.787811 -2.503082 2.634791
v 0.792211 -2.523614 2.647104
v 0.813111 -2.535656 2.566468
v 0.818411 -2.555390 2.578676
v 0.855111 -2.543618 2.518611
v 0.913411 -2.564139 2.496623
v 0.861411 -2.568770 2.527549
v 0.903611 -2.533471 2.490655
v 0.950411 -2.519574 2.471779
v 0.964311 -2.552929 2.480162
v 0.928711 -2.493703 2.448137
v 0.980811 -2.476508 2.428942
v 1.014911 -2.534091 2.468758
v 0.999411 -2.497231 2.461257
v 1.003312 -2.589976 2.910270
v 0.963511 -2.583486 2.908335
v 0.950111 -2.677849 2.933452
v 0.977911 -2.688416 2.939610
v 0.924411 -2.667296 2.924994
v 0.925211 -2.575896 2.906494
v 0.925311 -2.725816 2.939815
v 0.937111 -2.755406 2.959977
v 0.955411 -2.772333 2.973370
v 0.974211 -2.701384 2.616576
v 1.017111 -2.681709 2.593868
v 1.040511 -2.710610 2.630127
v 0.993911 -2.739752 2.659087
v 1.089011 -2.668971 2.600799
v 1.060411 -2.650834 2.570899
v 1.113811 -2.668972 2.636999
v 1.064111 -2.726597 2.669115
v 1.014211 -2.768610 2.703346
v 1.044111 -2.794012 2.757885
v 1.089512 -2.733675 2.728154
v 1.096111 -2.745227 2.755018
v 1.056311 -2.807873 2.783262
v 1.139611 -2.667189 2.725191
v 1.135211 -2.660141 2.697452
v 1.142411 -2.674310 2.757930
v 1.098511 -2.756743 2.788582
v 1.068612 -2.799750 2.805817
v 1.079412 -2.729819 2.701633
v 1.031011 -2.783239 2.734725
v 1.126711 -2.661995 2.669261
v 0.937611 -2.797258 2.786203
v 0.902111 -2.781633 2.827219
v 0.885611 -2.737832 2.790678
v 0.916711 -2.754196 2.742367
v 0.881711 -2.754588 2.853671
v 0.869811 -2.712189 2.834939
v 0.868611 -2.688014 2.757205
v 0.855011 -2.657822 2.810540
v 0.896111 -2.707314 2.702410
v 0.932411 -2.711995 2.651134
v 0.954111 -2.755349 2.696173
v 0.975211 -2.792793 2.743178
v 1.085111 -2.754615 2.830470
v 1.042812 -2.813453 2.841893
v 1.129211 -2.665294 2.797281
v 1.107511 -2.646083 2.835777
v 1.067711 -2.743477 2.873710
v 1.023911 -2.811101 2.887881
v 1.086111 -2.619777 2.873633
v 1.051611 -2.722054 2.914493
v 1.028711 -2.700100 2.942574
v 1.063811 -2.596301 2.905606
v 1.016711 -2.765604 2.960333
v 1.015411 -2.799144 2.934816
v 0.912511 -2.745724 2.938324
v 0.909711 -2.663349 2.915272
v 0.897511 -2.668527 2.901000
v 0.898711 -2.753032 2.918763
v 0.883411 -2.588818 2.884264
v 0.901111 -2.574533 2.899786
v 0.877311 -2.688770 2.874911
v 0.887311 -2.757895 2.888789
v 0.862211 -2.621373 2.855942
v 0.966911 -2.845240 2.862667
v 1.005911 -2.831472 2.801891
v 1.022511 -2.839132 2.827633
v 1.000211 -2.848536 2.881685
v 0.986111 -2.836310 2.941220
v 0.985011 -2.780617 2.976215
v 0.948111 -2.832131 2.937296
v 1.000412 -2.692197 2.943130
v 1.032712 -2.590377 2.909973
v 0.919811 -2.805778 2.946852
v 0.917711 -2.818122 2.902419
v 0.992611 -2.817703 2.778015
v 0.955511 -2.829343 2.825579
v 0.913511 -2.814800 2.869901
v 1.188811 -2.578946 2.714508
v 1.172411 -2.561844 2.751514
v 1.215311 -2.454293 2.705725
v 1.236911 -2.479186 2.670461
v 1.189711 -2.430794 2.742097
v 1.148211 -2.539343 2.788192
v 1.124811 -2.515839 2.825264
v 1.165011 -2.412691 2.778899
v 1.137411 -2.400395 2.814732
v 1.101911 -2.496747 2.860460
v 1.046311 -2.407232 2.844769
v 1.028711 -2.495243 2.879452
v 1.067411 -2.491772 2.874033
v 1.094711 -2.399200 2.832226
v 1.182311 -2.580532 2.680616
v 1.233311 -2.495986 2.634053
v 1.176311 -2.582189 2.651924
v 1.222711 -2.509455 2.603226
v 1.167411 -2.589640 2.624265
v 1.210711 -2.523203 2.576100
v 1.155411 -2.601899 2.595231
v 1.196711 -2.539146 2.550087
v 1.040811 -2.212871 2.763805
v 1.029112 -2.187104 2.757864
v 0.963911 -2.222242 2.787456
v 0.977811 -2.246422 2.791189
v 1.142311 -2.558584 2.506693
v 1.173611 -2.554991 2.523774
v 1.133711 -2.613173 2.563492
v 1.103411 -2.606299 2.540455
v 1.100011 -2.164584 2.724740
v 1.109311 -2.191652 2.730688
v 0.978711 -2.498917 2.884172
v 0.989011 -2.421859 2.858050
v 0.934111 -2.438493 2.870041
v 0.930311 -2.502793 2.888593
v 0.896311 -2.508991 2.888927
v 0.891011 -2.453150 2.877921
v 0.856811 -2.475418 2.865543
v 0.871211 -2.525164 2.875515
v 0.849111 -2.563660 2.839926
v 0.838811 -2.513239 2.825350
v 0.830111 -2.559551 2.768402
v 0.839411 -2.605241 2.788753
v 0.850211 -2.641470 2.728650
v 0.836311 -2.601098 2.705328
v 0.875811 -2.665394 2.669480
v 0.859711 -2.629530 2.644583
v 0.913911 -2.673064 2.620321
v 0.957711 -2.666660 2.584386
v 0.897411 -2.641110 2.593346
v 0.943611 -2.636315 2.556019
v 1.040511 -2.456179 2.415831
v 1.053211 -2.468895 2.449601
v 1.103211 -2.441030 2.406648
v 1.113811 -2.465257 2.456481
v 1.066411 -2.500337 2.460274
v 1.107011 -2.441038 2.441649
v 1.001911 -2.649790 2.560493
v 1.044212 -2.623693 2.541750
v 0.991211 -2.618944 2.532224
v 1.035211 -2.595133 2.516093
v 1.073911 -2.570824 2.499260
v 1.084111 -2.590713 2.519769
v 1.117611 -2.555350 2.494475
v 1.100611 -2.551094 2.486351
v 1.160311 -2.427749 2.402976
v 1.155612 -2.428868 2.436182
v 1.154711 -2.447773 2.453486
v 1.023412 -2.556323 2.481180
v 1.071011 -2.526602 2.466617
v 1.071011 -2.548134 2.479136
v 1.028311 -2.572848 2.494971
v 1.107811 -2.525578 2.471012
v 1.113111 -2.495529 2.461648
v 1.309211 -2.306705 2.556915
v 1.293811 -2.346982 2.524735
v 1.295612 -2.262536 2.587774
v 1.299212 -2.302028 2.607390
v 1.299911 -2.341630 2.570707
v 1.286011 -2.378307 2.538407
v 1.272411 -2.231170 2.617803
v 1.245911 -2.210598 2.649191
v 1.252411 -2.246240 2.678286
v 1.279812 -2.269330 2.643612
v 1.259012 -2.351169 2.673360
v 1.276011 -2.380881 2.634622
v 1.231911 -2.327270 2.709430
v 1.274311 -2.410786 2.597185
v 1.266611 -2.439463 2.564942
v 1.215711 -2.200735 2.679137
v 1.219512 -2.234367 2.709822
v 1.175211 -2.200058 2.711434
v 1.171511 -2.235338 2.733427
v 1.159811 -2.307638 2.770123
v 1.201911 -2.312583 2.743550
v 1.112611 -2.211901 2.739899
v 1.110811 -2.246412 2.756388
v 1.045211 -2.232233 2.770811
v 1.046611 -2.264262 2.783986
v 1.049411 -2.326720 2.809929
v 1.106511 -2.313436 2.788956
v 1.278811 -2.378009 2.501605
v 1.261311 -2.407018 2.481763
v 1.272811 -2.407848 2.512768
v 1.255511 -2.434773 2.489915
v 1.255911 -2.464016 2.536976
v 1.237211 -2.485154 2.511791
v 1.230011 -2.433813 2.464509
v 1.189111 -2.450745 2.458702
v 1.222511 -2.457576 2.471339
v 1.182811 -2.472221 2.463019
v 1.205511 -2.502671 2.490587
v 1.169511 -2.512841 2.477842
v 1.153311 -2.462352 2.457366
v 1.115811 -2.479844 2.458861
v 1.148311 -2.480935 2.460567
v 1.138511 -2.516675 2.471763
v 0.925611 -2.318785 2.834685
v 0.931311 -2.372400 2.850279
v 0.988711 -2.348502 2.831648
v 0.984611 -2.290710 2.811731
v 0.982711 -2.261769 2.800873
v 0.926511 -2.298680 2.817275
v 0.888911 -2.341768 2.801311
v 0.887711 -2.358288 2.815902
v 0.857111 -2.383571 2.782739
v 0.869511 -2.401644 2.787638
v 0.871011 -2.436880 2.817732
v 0.884711 -2.396397 2.850910
v 0.825411 -2.430791 2.760897
v 0.801011 -2.482603 2.722080
v 0.817211 -2.493077 2.726938
v 0.848011 -2.444581 2.762773
v 0.851011 -2.473217 2.792730
v 0.826411 -2.521877 2.745296
v 0.799611 -2.533673 2.654659
v 0.824211 -2.567836 2.588545
v 0.832711 -2.580965 2.601517
v 0.811411 -2.546016 2.665127
v 0.824511 -2.568918 2.683252
v 0.845111 -2.601257 2.621228
v 0.866311 -2.581923 2.536021
v 0.918611 -2.578209 2.502200
v 0.922511 -2.590766 2.509969
v 0.872111 -2.595158 2.547994
v 0.883011 -2.614947 2.568402
v 0.931511 -2.610856 2.530179
v 0.970411 -2.566696 2.486037
v 1.020911 -2.547658 2.474633
v 0.974111 -2.576960 2.492893
v 0.981611 -2.594370 2.509289
v 1.071011 -2.514419 2.463650
v 0.948711 -2.483079 2.379378
v 0.963911 -2.481466 2.399969
v 0.906411 -2.500355 2.420373
v 0.892111 -2.500867 2.399975
v 0.938111 -2.475276 2.361535
v 0.895811 -2.490667 2.381520
v 1.067411 -2.444933 2.351168
v 1.089411 -2.447088 2.377581
v 1.024611 -2.463636 2.387271
v 1.004911 -2.465759 2.364883
v 0.985411 -2.455973 2.343929
v 1.041711 -2.429671 2.325985
v 1.227611 -2.400971 2.362428
v 1.158311 -2.427344 2.367473
v 1.142011 -2.414629 2.333603
v 1.218812 -2.373184 2.323375
v 1.351311 -2.289062 2.418617
v 1.330311 -2.317210 2.391470
v 1.289511 -2.361222 2.371311
v 1.289912 -2.326167 2.326418
v 1.110511 -2.391780 2.305877
v 1.182711 -2.346464 2.290429
v 1.305111 -2.276015 2.262743
v 1.250611 -2.301205 2.282781
v 1.398911 -2.277088 2.285849
v 1.397111 -2.283996 2.229686
v 1.423111 -2.297445 2.238960
v 1.425211 -2.275545 2.293641
v 1.364911 -2.277385 2.268150
v 1.369511 -2.267965 2.216998
v 1.325311 -2.263161 2.235772
v 1.345711 -2.248561 2.199292
v 1.445112 -2.270783 2.122212
v 1.467511 -2.297628 2.132459
v 1.421111 -2.291385 2.176925
v 1.398111 -2.264429 2.168678
v 1.444311 -2.316836 2.185765
v 1.488111 -2.328480 2.141128
v 1.382511 -2.244584 2.158469
v 1.431412 -2.253041 2.111715
v 1.535411 -2.303246 2.092489
v 1.515711 -2.277037 2.075946
v 1.607711 -2.262341 2.056765
v 1.553911 -2.321408 2.117889
v 1.620511 -2.283386 2.085280
v 1.627111 -2.301331 2.113579
v 1.708012 -2.256876 2.087135
v 1.698712 -2.267585 2.121994
v 1.708311 -2.245075 2.050770
v 1.499311 -2.252709 2.062812
v 1.585711 -2.236466 2.033923
v 2.240412 -2.256597 1.827430
v 2.171812 -2.260422 1.786250
v 2.315112 -2.269353 1.707598
v 2.034811 -2.249513 1.860892
v 1.787012 -2.226530 1.985768
v 1.680611 -2.224661 2.016658
v 1.812011 -2.214111 2.190203
v 1.751011 -2.252928 2.168815
v 1.757612 -2.243396 2.156463
v 1.822611 -2.208674 2.178573
v 1.846611 -2.153026 2.205469
v 1.827911 -2.156857 2.218090
v 1.836311 -2.101707 2.208788
v 1.810611 -2.064709 2.208285
v 1.804711 -2.076098 2.228748
v 1.827211 -2.109912 2.226233
v 1.775311 -2.041711 2.226260
v 1.774711 -2.058311 2.244451
v 1.726811 -2.035176 2.250825
v 1.734612 -2.054374 2.269530
v 1.675712 -2.041560 2.290360
v 1.686011 -2.062391 2.302974
v 1.620311 -2.061856 2.327672
v 1.633911 -2.082004 2.337382
v 1.567411 -2.094898 2.356553
v 1.523511 -2.139669 2.380198
v 1.584211 -2.112953 2.364752
v 1.539212 -2.154621 2.389080
v 1.698611 -2.286999 2.137601
v 1.632211 -2.321855 2.127692
v 1.695411 -2.297129 2.150557
v 1.634311 -2.335698 2.137968
v 1.498212 -2.353638 2.148966
v 1.563111 -2.343134 2.131308
v 1.567111 -2.355965 2.144178
v 1.504111 -2.369489 2.158153
v 1.446811 -2.334451 2.256263
v 1.441211 -2.314097 2.247751
v 1.457511 -2.338487 2.194783
v 1.465011 -2.355644 2.202778
v 1.485811 -2.198763 2.381522
v 1.498811 -2.213922 2.389005
v 1.462911 -2.251853 2.347012
v 1.473911 -2.270388 2.358914
v 1.445011 -2.288203 2.301310
v 1.452811 -2.308041 2.312719
v 1.460111 -2.343153 2.347212
v 1.454111 -2.370548 2.275161
v 1.485811 -2.309032 2.405726
v 1.481311 -2.291955 2.383232
v 1.457211 -2.328140 2.331329
v 1.451111 -2.354995 2.266475
v 1.762411 -2.265798 2.210986
v 1.769211 -2.232574 2.233505
v 1.728912 -2.291085 2.195124
v 1.736012 -2.271353 2.182516
v 1.782111 -2.237558 2.199831
v 1.791911 -2.192612 2.226486
v 1.686611 -2.324468 2.180007
v 1.635611 -2.358940 2.166995
v 1.633511 -2.348314 2.153437
v 1.688011 -2.310742 2.166332
v 1.691311 -2.303385 2.158591
v 1.743711 -2.260490 2.175857
v 1.633611 -2.342154 2.146203
v 1.800211 -2.222886 2.194751
v 1.810911 -2.168828 2.223356
v 1.773611 -2.194957 2.254699
v 1.774011 -2.163129 2.278125
v 1.800211 -2.151622 2.242762
v 1.802011 -2.116811 2.263072
v 1.819711 -2.125059 2.235816
v 1.806511 -2.089109 2.244919
v 1.738212 -2.090472 2.306528
v 1.728912 -2.138992 2.321294
v 1.761011 -2.144889 2.303525
v 1.776911 -2.095493 2.284555
v 1.738111 -2.066579 2.286997
v 1.776711 -2.070615 2.262019
v 1.641111 -2.119296 2.356987
v 1.645011 -2.154228 2.369478
v 1.688911 -2.140480 2.341702
v 1.690812 -2.098846 2.329575
v 1.639012 -2.097551 2.346867
v 1.690411 -2.075915 2.316749
v 1.542511 -2.192808 2.409790
v 1.545111 -2.228389 2.431685
v 1.596211 -2.186836 2.404757
v 1.591511 -2.151733 2.386864
v 1.542911 -2.170179 2.396966
v 1.589911 -2.129200 2.374541
v 1.509211 -2.271199 2.429919
v 1.506011 -2.244323 2.407172
v 1.477511 -2.281030 2.369572
v 1.503211 -2.226489 2.395174
v 1.575112 -2.379624 2.169909
v 1.570211 -2.368586 2.158548
v 1.517011 -2.395870 2.179897
v 1.510611 -2.384824 2.169937
v 1.507311 -2.377355 2.164096
v 1.568411 -2.362523 2.151815
v 1.476911 -2.387652 2.219653
v 1.471611 -2.373694 2.211877
v 1.468311 -2.364920 2.207128
v 1.449011 -2.345123 2.261221
v 1.455311 -2.318695 2.321277
v 0.523011 -2.518001 -0.621176
v 0.424311 -2.543877 -0.634935
v 0.417111 -2.525583 -0.599434
v 0.518411 -2.503090 -0.582657
v 0.431811 -2.531975 -0.671200
v 0.531111 -2.506796 -0.656738
v 0.350911 -2.572526 -0.680279
v 0.342311 -2.578533 -0.645045
v 0.330911 -2.562073 -0.615835
v 0.621011 -2.476471 -0.597403
v 0.622411 -2.478370 -0.560792
v 0.718411 -2.454047 -0.538325
v 0.707911 -2.436422 -0.570222
v 0.712311 -2.429863 -0.614558
v 0.628011 -2.469087 -0.636844
v 0.774711 -2.417921 -0.551823
v 0.841811 -2.418130 -0.535421
v 0.798811 -2.442181 -0.526390
v 0.858711 -2.438737 -0.518208
v 0.832711 -2.396749 -0.575439
v 0.775411 -2.408354 -0.594476
v 0.961211 -2.363152 -0.539422
v 1.021011 -2.318742 -0.537765
v 1.009611 -2.316236 -0.609780
v 0.954611 -2.351498 -0.621087
v 1.034011 -2.320372 -0.671058
v 0.984511 -2.358797 -0.693848
v 0.897411 -2.385736 -0.554799
v 0.897711 -2.374259 -0.631963
v 0.836811 -2.386529 -0.644896
v 0.919511 -2.381561 -0.705424
v 0.851511 -2.395410 -0.714548
v 1.082611 -2.325217 -0.716033
v 1.149511 -2.330769 -0.743703
v 1.089211 -2.396605 -0.768243
v 1.033911 -2.371831 -0.736578
v 0.887411 -2.422926 -0.772199
v 0.867411 -2.417820 -0.752826
v 0.952311 -2.400282 -0.745922
v 0.959911 -2.418829 -0.772721
v 0.782411 -2.395819 -0.661345
v 0.720511 -2.412020 -0.679757
v 0.799211 -2.411575 -0.726360
v 0.743411 -2.435644 -0.738829
v 0.811511 -2.434070 -0.761838
v 0.757311 -2.454829 -0.772624
v 0.838111 -2.435317 -0.788731
v 0.777011 -2.457789 -0.801908
v 0.911811 -2.442494 -0.802792
v 1.005811 -2.458388 -0.801605
v 0.905011 -2.503500 -0.840359
v 0.830011 -2.469159 -0.832947
v 0.574311 -2.512275 -0.762510
v 0.543811 -2.483905 -0.713364
v 0.636511 -2.444518 -0.697579
v 0.664611 -2.473903 -0.749419
v 0.682011 -2.499072 -0.780382
v 0.696111 -2.498342 -0.811387
v 0.602311 -2.523463 -0.833449
v 0.592411 -2.535357 -0.795784
v 0.446111 -2.505599 -0.730546
v 0.482711 -2.533983 -0.782391
v 0.401711 -2.565292 -0.802020
v 0.358611 -2.537093 -0.747473
v 0.428811 -2.567970 -0.871006
v 0.425511 -2.579385 -0.837243
v 0.503611 -2.553077 -0.817787
v 0.510911 -2.540479 -0.854557
v 0.735111 -2.501175 -0.853872
v 0.800011 -2.538160 -0.869469
v 0.685711 -2.562006 -0.914240
v 0.632911 -2.521026 -0.881463
v 0.351211 -2.602324 -0.515413
v 0.466511 -2.581343 -0.500728
v 0.432511 -2.532662 -0.540995
v 0.330911 -2.561469 -0.560437
v 0.542911 -2.517195 -0.528779
v 0.586511 -2.565715 -0.495713
v 0.258711 -2.607497 -0.583686
v 0.216711 -2.656985 -0.599515
v 0.225911 -2.659366 -0.559501
v 0.265711 -2.633750 -0.538541
v 0.273211 -2.613547 -0.629253
v 0.237711 -2.659094 -0.637704
v 0.288111 -2.621886 -0.654708
v 0.292211 -2.611995 -0.692763
v 0.257711 -2.660824 -0.661395
v 0.251411 -2.650664 -0.705351
v 0.294111 -2.586181 -0.763505
v 0.334211 -2.604886 -0.819003
v 0.286111 -2.652136 -0.828245
v 0.245411 -2.639246 -0.775215
v 0.317111 -2.657367 -0.888717
v 0.317111 -2.662603 -0.858688
v 0.356711 -2.613570 -0.852757
v 0.361911 -2.609933 -0.882477
v 0.327111 -2.659177 -0.927008
v 0.369911 -2.615646 -0.921446
v 0.437411 -2.574004 -0.913974
v 0.451811 -2.603102 -0.950015
v 0.384111 -2.638228 -0.954623
v 0.349711 -2.662615 -0.952290
v 0.646211 -2.502765 -0.523258
v 0.748711 -2.484319 -0.514859
v 0.686211 -2.547530 -0.498513
v 0.790711 -2.523415 -0.495745
v 1.061111 -2.439739 -0.408901
v 1.171211 -2.367358 -0.412597
v 1.084111 -2.336345 -0.465268
v 1.009811 -2.391795 -0.474265
v 0.927111 -2.420181 -0.508210
v 0.929811 -2.447887 -0.490758
v 0.858811 -2.471756 -0.503427
v 0.918411 -2.491089 -0.472821
v 1.259111 -2.414044 -0.410042
v 1.182912 -2.471841 -0.409226
v 1.247911 -2.503375 -0.451954
v 1.336211 -2.463100 -0.438274
v 1.116511 -2.591260 -0.394072
v 1.167911 -2.544966 -0.431926
v 1.121911 -2.517264 -0.395077
v 1.083111 -2.563429 -0.370324
v 1.042211 -2.495194 -0.382397
v 1.028511 -2.544279 -0.361328
v 0.935611 -2.510154 -0.411516
v 0.877411 -2.543206 -0.475836
v 0.912611 -2.579461 -0.430837
v 1.038911 -2.681499 -0.327977
v 1.075112 -2.681182 -0.343179
v 1.073811 -2.622697 -0.345999
v 1.029912 -2.613055 -0.338352
v 1.100212 -2.640838 -0.371700
v 1.092711 -2.674900 -0.364714
v 0.946411 -2.549337 -0.371901
v 0.967311 -2.615457 -0.338738
v 0.930711 -2.639278 -0.379109
v 0.964211 -2.676892 -0.363203
v 0.998811 -2.680574 -0.341682
v 1.011411 -2.716982 -0.361283
v 1.042911 -2.722650 -0.355552
v 0.978811 -2.700598 -0.382573
v 0.995211 -2.700546 -0.409674
v 1.014511 -2.721501 -0.401459
v 1.042311 -2.728692 -0.399620
v 1.072011 -2.717611 -0.366480
v 1.091612 -2.697521 -0.386890
v 1.067811 -2.722321 -0.405055
v 1.085811 -2.704258 -0.411754
v 0.331311 -2.744418 -0.879541
v 0.304511 -2.705262 -0.887655
v 0.313211 -2.707107 -0.932246
v 0.345211 -2.748891 -0.929317
v 0.352511 -2.697571 -0.962198
v 0.369511 -2.727458 -0.959835
v 0.316511 -2.701163 -0.851177
v 0.268811 -2.711106 -0.822622
v 0.330211 -2.726513 -0.841938
v 0.311611 -2.742702 -0.803449
v 0.220611 -2.719033 -0.772478
v 0.242811 -2.703173 -0.706764
v 0.288111 -2.761494 -0.747045
v 0.285911 -2.729598 -0.693019
v 0.255711 -2.693021 -0.660819
v 0.227911 -2.702911 -0.640664
v 0.277411 -2.714301 -0.657102
v 0.259611 -2.732173 -0.633704
v 0.244111 -2.752560 -0.594592
v 0.196811 -2.714801 -0.602299
v 0.223311 -2.703739 -0.554359
v 0.253711 -2.737058 -0.557976
v 0.285211 -2.681974 -0.524277
v 0.378711 -2.660161 -0.503896
v 0.305111 -2.728560 -0.540022
v 0.402911 -2.711383 -0.525816
v 0.316711 -2.747188 -0.581521
v 0.322511 -2.729210 -0.622120
v 0.411311 -2.725217 -0.568641
v 0.411211 -2.708943 -0.609931
v 0.501711 -2.645989 -0.490674
v 0.629411 -2.633529 -0.479742
v 0.528011 -2.704699 -0.510553
v 0.660511 -2.702514 -0.495164
v 0.736311 -2.617505 -0.475329
v 0.820511 -2.606689 -0.472588
v 0.778611 -2.695257 -0.484704
v 0.870911 -2.679485 -0.489790
v 0.529411 -2.540540 -0.902257
v 0.551511 -2.573945 -0.939575
v 0.481711 -2.700409 -0.969183
v 0.413011 -2.718803 -0.968082
v 0.401611 -2.675039 -0.974722
v 0.469211 -2.647625 -0.972272
v 0.660411 -2.674378 -0.927225
v 0.566511 -2.683740 -0.956774
v 0.563611 -2.625955 -0.959590
v 0.661611 -2.620817 -0.934318
v 0.761611 -2.684676 -0.890068
v 0.740911 -2.641252 -0.904206
v 0.798111 -2.624233 -0.882299
v 0.861411 -2.683598 -0.857673
v 0.406511 -2.757674 -0.926169
v 0.479711 -2.752268 -0.924999
v 0.464011 -2.746402 -0.858330
v 0.391311 -2.754761 -0.868984
v 0.634511 -2.728749 -0.830326
v 0.541811 -2.733932 -0.845398
v 0.558111 -2.734794 -0.911594
v 0.648911 -2.719160 -0.887279
v 0.380811 -2.730346 -0.829817
v 0.451211 -2.721277 -0.817167
v 0.440111 -2.723046 -0.774956
v 0.369011 -2.738119 -0.788174
v 0.354911 -2.750510 -0.731705
v 0.427911 -2.733348 -0.720399
v 0.416011 -2.711683 -0.672217
v 0.341611 -2.725338 -0.682142
v 0.330611 -2.713157 -0.649108
v 0.411411 -2.699700 -0.638782
v 0.533711 -2.727130 -0.552930
v 0.528211 -2.703575 -0.597660
v 0.654911 -2.723718 -0.587150
v 0.664711 -2.740835 -0.535355
v 0.531411 -2.707407 -0.804342
v 0.524311 -2.705377 -0.762353
v 0.627711 -2.703630 -0.790363
v 0.623711 -2.701108 -0.749776
v 0.517011 -2.718989 -0.709777
v 0.620811 -2.723040 -0.700955
v 0.513411 -2.698927 -0.661987
v 0.626411 -2.712289 -0.655013
v 0.519311 -2.685933 -0.626457
v 0.641211 -2.701494 -0.619372
v 0.760111 -2.744582 -0.617136
v 0.774811 -2.748369 -0.578115
v 0.745311 -2.746181 -0.653428
v 0.857311 -2.758070 -0.651363
v 0.865611 -2.754568 -0.614481
v 0.874511 -2.748052 -0.575016
v 0.786511 -2.743372 -0.523941
v 0.882711 -2.725698 -0.528738
v 0.875311 -2.610865 -0.468266
v 0.923611 -2.618626 -0.461023
v 0.922311 -2.664842 -0.500271
v 0.967811 -2.651739 -0.499942
v 0.963011 -2.651723 -0.423741
v 0.995111 -2.664521 -0.441671
v 0.935211 -2.705138 -0.535951
v 0.933711 -2.729953 -0.575215
v 0.959911 -2.711332 -0.571417
v 0.965611 -2.688481 -0.543942
v 0.736711 -2.740218 -0.696661
v 0.737311 -2.713253 -0.739709
v 0.849711 -2.744781 -0.726537
v 0.850211 -2.756086 -0.690874
v 0.989911 -2.708589 -0.618533
v 0.972811 -2.708953 -0.593531
v 0.936911 -2.743337 -0.608743
v 0.943311 -2.751620 -0.642198
v 1.128011 -2.617597 -0.437328
v 1.105312 -2.663441 -0.408877
v 1.088712 -2.680807 -0.438982
v 1.113411 -2.643173 -0.487589
v 1.016011 -2.679835 -0.444188
v 1.002811 -2.657554 -0.502511
v 1.034311 -2.667677 -0.506655
v 1.038611 -2.691431 -0.443524
v 0.989811 -2.675054 -0.557316
v 1.013811 -2.671445 -0.573936
v 1.065211 -2.690744 -0.445928
v 1.074611 -2.674496 -0.491918
v 1.229511 -2.336841 -0.756869
v 1.325511 -2.340931 -0.755047
v 1.284611 -2.434476 -0.762835
v 1.182912 -2.409923 -0.771670
v 1.424411 -2.339402 -0.694855
v 1.408911 -2.433293 -0.692941
v 1.281711 -2.537179 -0.562170
v 1.390611 -2.496848 -0.574891
v 1.375111 -2.482158 -0.503771
v 1.282211 -2.520843 -0.500859
v 1.192111 -2.565902 -0.475012
v 1.191311 -2.585642 -0.518704
v 1.293211 -2.515182 -0.727293
v 1.368311 -2.504229 -0.662752
v 1.297411 -2.554200 -0.639278
v 1.271611 -2.561305 -0.694740
v 1.082511 -2.669779 -0.525244
v 1.063011 -2.673229 -0.552825
v 1.105011 -2.660332 -0.589797
v 1.113711 -2.648644 -0.537260
v 1.065511 -2.607300 -0.803390
v 0.991911 -2.554328 -0.826880
v 1.097011 -2.486863 -0.797149
v 1.167112 -2.527370 -0.779827
v 0.886411 -2.597876 -0.853842
v 0.962411 -2.658029 -0.826813
v 1.190411 -2.600104 -0.584826
v 1.166911 -2.609995 -0.546671
v 0.742711 -2.722353 -0.776260
v 0.862211 -2.749358 -0.758812
v 0.751311 -2.744961 -0.814237
v 0.878511 -2.757760 -0.795567
v 0.885111 -2.733477 -0.835300
v 0.996811 -2.704101 -0.803360
v 1.099411 -2.649841 -0.774257
v 1.105611 -2.682983 -0.726975
v 0.998711 -2.738727 -0.771370
v 0.763211 -2.734545 -0.866095
v 1.028111 -2.708598 -0.674834
v 0.957411 -2.757458 -0.704167
v 0.978911 -2.752928 -0.735092
v 1.050911 -2.697553 -0.703195
v 0.949411 -2.758608 -0.676560
v 1.008811 -2.710942 -0.646420
v 1.038311 -2.672397 -0.601631
v 1.062711 -2.676878 -0.634707
v 1.082511 -2.684550 -0.666065
v 1.130311 -2.673591 -0.655525
v 1.197311 -2.572913 -0.750977
v 1.206411 -2.609474 -0.707377
v 1.205912 -2.613123 -0.643156
v -0.897389 -1.231037 -0.247514
v -0.935389 -1.191563 -0.234130
v -0.958789 -1.180233 -0.301793
v -0.917389 -1.264191 -0.312033
v -1.274289 -1.081701 -0.551936
v -1.132789 -1.166634 -0.466470
v -1.133089 -1.085895 -0.404711
v -1.291988 -1.000940 -0.486177
v -1.005989 -1.251827 -0.410102
v -0.950989 -1.310561 -0.416081
v -0.982289 -1.156219 -0.226123
v -1.042889 -1.122796 -0.222106
v -0.997289 -1.132611 -0.261353
v -1.043489 -1.108034 -0.247287
v -1.167189 -0.994329 -0.392911
v -1.294589 -0.911789 -0.477164
v -1.085389 -1.070112 -0.316496
v -1.183689 -0.967670 -0.327456
v -1.236389 -0.895139 -0.395054
v -1.317289 -0.817282 -0.476082
v -1.116989 -1.079497 -0.222443
v -1.096588 -1.061370 -0.254042
v -1.218289 -1.041073 -0.236353
v -1.190889 -0.994605 -0.260508
v -1.060089 -1.062001 -0.278039
v -1.142289 -0.953593 -0.276833
v -1.340489 -0.990627 -0.264530
v -1.301089 -0.916698 -0.277735
v -1.434188 -0.926762 -0.271179
v -1.382389 -0.832779 -0.274494
v -1.331089 -0.768328 -0.265446
v -1.357089 -0.757768 -0.327605
v -1.286888 -0.860299 -0.332944
v -1.246989 -0.855680 -0.274669
v -1.329388 -0.789104 -0.388835
v -1.379789 -0.713457 -0.453650
v -1.375689 -0.675154 -0.380058
v -1.443588 -0.581702 -0.443870
v 0.046411 0.604959 -0.253262
v -0.109489 0.639626 -0.259352
v -0.087089 0.688908 -0.208021
v 0.065911 0.646157 -0.198987
v -0.222589 0.752281 -0.231368
v -0.245989 0.697966 -0.270471
v -0.070989 0.728929 -0.149439
v -0.223689 0.800011 -0.171228
v 0.078511 0.682402 -0.135984
v -0.069789 0.742308 -0.080311
v -0.203689 0.782774 -0.086533
v 0.075911 0.691766 -0.069534
v -0.426889 0.873749 -0.255833
v -0.465489 0.875727 -0.223243
v -0.383289 0.854360 -0.180626
v -0.324889 0.858446 -0.219849
v -0.442289 0.857696 -0.155844
v -0.507089 0.880372 -0.196868
v -0.400089 0.835108 -0.117020
v -0.327789 0.824391 -0.138361
v -0.304889 0.808012 -0.079671
v -0.380189 0.820976 -0.068141
v -0.547489 0.869256 -0.181507
v -0.488589 0.846060 -0.144180
v -0.535389 0.817577 -0.140924
v -0.588889 0.836869 -0.178930
v -0.502289 0.798077 -0.104217
v -0.452389 0.828869 -0.105885
v -0.436789 0.809404 -0.062978
v -0.491489 0.777709 -0.061805
v -1.055189 0.478497 -0.081467
v -1.077888 0.454007 -0.079633
v -1.061189 0.449685 -0.028809
v -1.041489 0.469560 -0.033418
v -1.096989 0.422400 -0.080860
v -1.085589 0.427505 -0.025187
v -1.032189 0.495264 -0.087659
v -1.019089 0.484124 -0.040097
v -0.983189 0.501380 -0.048092
v -0.994689 0.510210 -0.097541
v -0.925889 0.519124 -0.113290
v -0.919889 0.519928 -0.057694
v -0.850789 0.546577 -0.067140
v -0.853989 0.545048 -0.127232
v -0.639289 0.785665 -0.179550
v -0.596989 0.764972 -0.141736
v -0.662189 0.717494 -0.137576
v -0.691189 0.731989 -0.175056
v -0.653589 0.705100 -0.099908
v -0.575189 0.750598 -0.100457
v -0.731789 0.686131 -0.167205
v -0.759289 0.635345 -0.146327
v -0.709689 0.668524 -0.113708
v -0.705089 0.685182 -0.139699
v -0.572189 0.738233 -0.057488
v -0.653189 0.695231 -0.057653
v -0.710189 0.658974 -0.067955
v -0.753889 0.623822 -0.077363
v -0.801289 0.583077 -0.140241
v -0.798089 0.584632 -0.075448
v -1.207989 0.120527 -0.440614
v -1.191089 0.124216 -0.497235
v -1.229289 0.080889 -0.483897
v -1.246789 0.074929 -0.439964
v -1.170989 0.119602 -0.554810
v -1.195889 0.073411 -0.534657
v -1.236688 0.060480 -0.540286
v -1.263689 0.054587 -0.484253
v -1.296789 0.037067 -0.433057
v -1.261189 0.068141 -0.364726
v -1.236989 0.094576 -0.394971
v -1.255889 0.075595 -0.409667
v -1.285889 0.050884 -0.393332
v -1.335989 -0.017637 -0.397057
v -1.316689 0.006924 -0.367591
v -1.361089 -0.084166 -0.365692
v -1.354889 -0.040404 -0.336231
v -1.338688 0.013450 -0.308226
v -1.289989 0.030016 -0.332617
v -1.239789 0.081094 -0.336796
v -1.313488 0.050740 -0.273529
v -1.236688 0.066886 -0.265117
v -1.252189 0.029062 -0.287811
v -1.283989 0.093551 -0.253363
v -1.219189 0.100348 -0.308701
v -1.226089 0.116016 -0.259686
v -1.247989 0.139419 -0.241014
v -1.194988 0.183657 -0.234156
v -1.214489 0.142499 -0.281331
v -1.134688 0.432416 -0.023114
v -1.179989 0.421634 -0.019755
v -1.169489 0.400056 -0.070638
v -1.131589 0.406332 -0.074972
v -1.394688 0.166347 -0.254162
v -1.333089 0.132999 -0.262979
v -1.364889 0.084781 -0.284416
v -1.421489 0.112695 -0.281968
v -1.444288 0.040138 -0.310472
v -1.391689 0.027120 -0.313600
v -1.295889 0.176485 -0.247317
v -1.357589 0.206854 -0.234783
v -1.319089 0.239943 -0.218664
v -1.260189 0.216084 -0.229433
v -1.161489 0.378389 -0.119220
v -1.194589 0.373835 -0.110895
v -1.204889 0.392974 -0.067299
v -1.192389 0.354023 -0.149587
v -1.162389 0.359945 -0.163820
v -1.236688 0.348512 -0.133257
v -1.239689 0.364901 -0.098746
v -1.247589 0.380221 -0.058529
v -1.217089 0.408760 -0.015085
v -1.255989 0.392203 -0.007194
v -1.232589 0.252661 -0.215333
v -1.181589 0.239405 -0.225561
v -1.288388 0.270135 -0.201829
v -1.263389 0.299129 -0.184787
v -1.213189 0.289230 -0.202833
v -1.174689 0.286750 -0.217520
v -1.200089 0.326242 -0.182536
v -1.240988 0.326344 -0.163836
v -1.170289 0.329758 -0.197855
v -0.764589 -0.185688 -0.954145
v -0.782589 -0.138604 -0.920503
v -0.807189 -0.115964 -0.876826
v -0.757489 -0.080391 -0.863520
v -0.719089 -0.116659 -0.912423
v -0.699689 -0.095667 -0.932238
v -0.742689 -0.054099 -0.901665
v -0.876689 -0.130679 -0.806344
v -0.900589 -0.096873 -0.768929
v -0.827089 -0.081354 -0.801914
v -0.833389 -0.108427 -0.833466
v -0.794289 0.002829 -0.878276
v -0.806389 -0.009742 -0.836507
v -0.844089 0.071422 -0.861551
v -0.862389 0.055709 -0.827265
v -1.005388 -0.008982 -0.734209
v -1.056989 0.029512 -0.717120
v -0.989989 0.076622 -0.788479
v -0.942689 0.023448 -0.801888
v -1.030789 0.126781 -0.796053
v -1.121089 0.070202 -0.700742
v -0.901889 0.127674 -0.815758
v -0.935789 0.198492 -0.812646
v -0.884289 -0.030098 -0.810095
v -0.955989 -0.053524 -0.759966
v -0.923589 -0.164745 -0.781757
v -0.950289 -0.134372 -0.731923
v -0.973289 -0.191482 -0.770211
v -0.991789 -0.179739 -0.707574
v -1.156188 -0.014807 -0.647276
v -1.196789 0.028352 -0.600112
v -1.168388 0.050464 -0.597932
v -1.128389 0.017095 -0.647051
v -1.164989 0.096014 -0.625482
v -1.001389 -0.092371 -0.713753
v -1.040789 -0.049994 -0.681484
v -1.034589 -0.130432 -0.688244
v -1.079189 -0.092502 -0.664451
v -1.086189 -0.016175 -0.659869
v -1.114389 -0.055349 -0.654954
v -1.056189 0.188349 -0.820490
v -0.964389 0.262184 -0.814195
v -1.146888 0.142881 -0.759541
v -1.168589 0.219561 -0.818361
v -1.076289 0.260295 -0.848685
v -0.995689 0.319928 -0.824511
v -1.099889 0.335450 -0.875396
v -1.033689 0.374213 -0.845708
v -1.187989 0.304465 -0.872627
v -1.225289 0.226332 -0.750597
v -1.250389 0.308284 -0.814247
v -1.270789 0.325702 -0.738041
v -1.235289 0.252649 -0.674440
v -1.209489 0.190259 -0.544597
v -1.205088 0.179295 -0.611038
v -1.200989 0.201756 -0.490359
v -1.219989 0.277689 -0.539275
v -1.233189 0.263857 -0.599900
v -1.197188 0.150996 -0.683784
v -1.251489 0.339056 -0.655013
v -1.241989 0.352030 -0.586683
v -0.970889 0.360445 -0.876433
v -0.966389 0.386694 -0.904077
v -0.933189 0.331213 -0.900574
v -0.940489 0.304862 -0.873229
v -0.916289 0.362751 -0.930047
v -0.951489 0.417633 -0.933647
v -0.880989 0.300974 -0.925708
v -0.899689 0.268530 -0.897230
v -0.909789 0.241870 -0.871584
v -1.005589 0.413817 -0.881725
v -1.001589 0.439760 -0.910368
v -0.881389 0.148973 -0.852476
v -0.875789 0.166468 -0.871571
v -0.914089 0.223478 -0.851683
v -0.942889 0.285975 -0.852425
v -0.972289 0.341463 -0.854729
v -0.864489 0.191934 -0.896211
v -0.844089 0.225788 -0.923097
v -1.219589 0.136926 -0.349402
v -1.220088 0.186471 -0.396174
v -1.213989 0.155762 -0.415906
v -1.227189 0.112789 -0.374270
v -1.074189 0.436288 -0.868748
v -1.050189 0.454069 -0.872345
v -1.007589 0.395244 -0.858423
v -1.199689 0.229948 -0.455213
v -1.233788 0.303765 -0.507117
v -1.233689 0.257910 -0.444066
v -1.267189 0.333117 -0.497678
v -1.293089 0.410132 -0.550000
v -1.258589 0.377991 -0.557524
v -1.212689 0.175371 -0.323012
v -1.231389 0.224386 -0.375281
v -1.202389 0.220814 -0.296960
v -1.235589 0.266928 -0.349413
v -1.262089 0.292396 -0.428454
v -1.295588 0.370094 -0.483780
v -1.275589 0.332332 -0.403672
v -1.311889 0.410009 -0.462798
v -1.316388 0.444579 -0.431987
v -1.310089 0.477550 -0.400767
v -1.351089 0.546465 -0.471345
v -1.351289 0.519615 -0.498499
v -1.344889 0.488182 -0.522727
v -1.326789 0.447587 -0.540105
v -1.184789 0.265533 -0.275305
v -1.223589 0.310000 -0.318049
v -1.165588 0.310556 -0.253151
v -1.199489 0.353452 -0.290486
v -1.272189 0.371321 -0.369185
v -1.253888 0.410788 -0.338801
v -1.132089 0.393802 -0.135205
v -1.129489 0.430866 -0.141908
v -1.168789 0.435743 -0.219235
v -1.146489 0.385110 -0.188558
v -1.155689 0.353702 -0.226487
v -1.187088 0.396509 -0.261921
v -1.244689 0.450352 -0.309017
v -1.299989 0.512189 -0.375356
v -1.231889 0.490287 -0.284335
v -1.288089 0.547313 -0.352848
v -1.263988 0.582488 -0.339340
v -1.318989 0.635589 -0.412332
v -1.335489 0.603302 -0.428156
v -1.294888 0.665551 -0.401096
v -1.236089 0.613150 -0.328108
v -1.344889 0.574190 -0.448497
v -1.124489 0.516306 -0.189676
v -1.153789 0.485243 -0.201106
v -1.115288 0.466911 -0.133805
v -1.087089 0.495138 -0.128859
v -1.204989 0.527862 -0.270840
v -1.175989 0.559433 -0.257913
v -1.209989 0.636834 -0.312737
v -1.270589 0.689327 -0.387326
v -1.242189 0.711039 -0.366844
v -1.179489 0.660359 -0.290066
v -1.046189 0.552550 -0.181574
v -1.092789 0.538362 -0.179496
v -1.055588 0.511726 -0.131250
v -1.011589 0.521473 -0.140903
v -1.147189 0.582920 -0.242141
v -1.108788 0.605608 -0.226065
v -1.133888 0.685805 -0.263405
v -1.205689 0.734914 -0.334974
v -1.078889 0.710471 -0.251439
v -1.164788 0.761601 -0.300820
v -0.940089 0.521134 -0.166302
v -0.864289 0.539688 -0.193004
v -0.915189 0.594574 -0.213905
v -0.978389 0.559106 -0.208010
v -1.050389 0.627741 -0.220186
v -0.991189 0.653431 -0.222027
v -1.031089 0.742387 -0.248514
v -1.115988 0.790791 -0.284479
v -1.068689 0.819986 -0.285439
v -0.990489 0.777246 -0.256105
v -0.827989 0.604431 -0.185358
v -0.876289 0.640703 -0.208757
v -0.799089 0.655612 -0.188938
v -0.847389 0.689077 -0.213722
v -0.948289 0.690430 -0.222229
v -0.915789 0.734209 -0.226269
v -0.956389 0.811940 -0.275495
v -1.029289 0.845889 -0.303281
v -0.993689 0.875991 -0.321246
v -0.924689 0.847017 -0.298187
v -0.770589 0.708769 -0.196929
v -0.822189 0.743026 -0.223117
v -0.738089 0.761101 -0.209516
v -0.796689 0.795849 -0.237407
v -0.887889 0.782441 -0.238733
v -0.859189 0.823690 -0.266559
v -0.891189 0.885121 -0.315796
v -0.955289 0.911298 -0.338340
v -0.917689 0.949104 -0.355547
v -0.858389 0.923034 -0.331704
v -0.737689 0.880482 -0.268070
v -0.767289 0.841359 -0.253956
v -0.699989 0.813056 -0.217900
v -0.661789 0.858425 -0.223749
v -0.829689 0.863577 -0.287278
v -0.800889 0.900989 -0.303483
v -0.849389 1.008507 -0.409973
v -0.883789 0.984981 -0.378144
v -0.827889 0.957131 -0.350691
v -0.795789 0.981292 -0.376123
v -0.678589 0.934507 -0.300266
v -0.709189 0.911508 -0.281740
v -0.627789 0.891488 -0.230530
v -0.592889 0.910095 -0.247532
v -0.772889 0.932897 -0.320358
v -0.742689 0.957082 -0.341490
v -0.767689 0.965877 -0.415540
v -0.822689 0.989169 -0.453568
v -0.802389 0.958835 -0.496202
v -0.748389 0.935969 -0.453277
v -0.622589 0.902340 -0.367191
v -0.647089 0.924918 -0.334714
v -0.559289 0.899525 -0.278674
v -0.530489 0.885953 -0.309901
v -0.712789 0.946080 -0.378331
v -0.691789 0.918491 -0.412680
v -0.730689 0.877460 -0.527957
v -0.784889 0.890248 -0.584928
v -0.787789 0.929696 -0.539843
v -0.734989 0.911073 -0.489141
v -0.677189 0.897930 -0.442168
v -0.604489 0.887591 -0.394311
v -0.592889 0.870016 -0.426315
v -0.670989 0.871752 -0.474525
v -0.306389 0.829286 -0.267190
v -0.318989 0.785123 -0.296849
v -0.390189 0.839237 -0.331045
v -0.397189 0.872219 -0.297825
v -0.507689 0.877787 -0.340256
v -0.490289 0.863679 -0.378180
v -0.338489 0.721176 -0.305199
v -0.410389 0.778824 -0.333315
v -0.751989 0.768186 -0.614261
v -0.806889 0.780274 -0.671228
v -0.795789 0.836792 -0.631636
v -0.739489 0.824720 -0.571669
v -0.506789 0.808229 -0.387177
v -0.602089 0.825865 -0.453874
v -0.439289 0.728377 -0.341739
v -0.518689 0.736472 -0.397484
v -0.615789 0.764808 -0.482340
v -0.680989 0.823358 -0.509761
v -0.692389 0.767331 -0.551255
v -0.682589 0.229670 -0.944519
v -0.715589 0.166666 -0.963374
v -0.766989 0.206109 -0.955590
v -0.729789 0.258748 -0.948578
v -0.628689 0.224363 -0.964090
v -0.658989 0.131164 -0.963680
v -0.715889 0.295227 -0.934377
v -0.675089 0.278555 -0.929186
v -0.711089 0.320681 -0.924516
v -0.687189 0.322459 -0.928626
v -0.808589 0.269747 -0.948938
v -0.768589 0.311975 -0.943969
v -0.845689 0.340260 -0.946624
v -0.804889 0.374608 -0.937912
v -0.881389 0.399956 -0.947550
v -0.840389 0.431910 -0.937725
v -0.917889 0.453629 -0.952644
v -0.876989 0.486678 -0.943825
v -0.746189 0.335547 -0.930798
v -0.728289 0.349306 -0.920073
v -0.774889 0.388487 -0.923687
v -0.744489 0.396556 -0.911031
v -0.804889 0.444812 -0.919196
v -0.839889 0.504501 -0.921422
v -0.796189 0.517250 -0.894292
v -0.770589 0.449415 -0.900420
v -0.838989 -0.308992 -0.972671
v -0.900989 -0.282538 -0.963015
v -0.883689 -0.264834 -0.962212
v -0.832889 -0.264293 -0.973016
v -0.380489 -0.562984 -0.970581
v -0.378689 -0.494539 -0.962455
v -0.522289 -0.537984 -1.025518
v -0.521789 -0.472271 -1.004978
v -0.692089 -0.334732 -0.979930
v -0.773289 -0.322033 -0.980100
v -0.762089 -0.253375 -0.987976
v -0.671489 -0.257907 -0.993851
v -0.566689 -0.298322 -0.978229
v -0.587689 -0.357768 -0.968304
v -0.455889 -0.344705 -0.938375
v -0.472189 -0.384092 -0.935959
v -0.658089 -0.535896 -1.064231
v -0.800589 -0.537696 -1.082421
v -0.654789 -0.461495 -1.045937
v -0.801589 -0.445648 -1.073925
v -0.647289 -0.431485 -1.007601
v -0.516089 -0.444696 -0.973028
v -0.758489 -0.411938 -1.035708
v -0.738489 -0.395093 -1.009100
v -0.631489 -0.417233 -0.979879
v -0.503689 -0.431572 -0.950500
v -0.612589 -0.396722 -0.959791
v -0.716789 -0.376960 -0.984899
v -0.490289 -0.413578 -0.933298
v -1.333289 0.005059 -0.543983
v -1.308389 0.024219 -0.514788
v -1.274788 0.041250 -0.563982
v -1.301889 0.022104 -0.590677
v -1.338089 -0.000074 -0.476954
v -1.363088 -0.020751 -0.509141
v -1.323289 0.008807 -0.462103
v -1.290989 0.033291 -0.501737
v -1.259688 0.047708 -0.553417
v -1.312389 0.017982 -0.448553
v -1.281289 0.040348 -0.491276
v -1.249389 0.053654 -0.545049
v -1.238589 0.014514 -0.625336
v -1.267089 0.001880 -0.649767
v -1.220289 0.020075 -0.614266
v -1.182088 -0.014728 -0.669377
v -1.200189 -0.014798 -0.682277
v -1.230589 -0.015043 -0.708776
v -1.211089 0.023513 -0.607285
v -1.168089 -0.015672 -0.659172
v -1.047688 -0.150488 -0.753135
v -1.028789 -0.161894 -0.736072
v -1.008789 -0.178938 -0.780480
v -1.026989 -0.170498 -0.791526
v -0.996789 -0.198013 -0.830776
v -1.017389 -0.192156 -0.838508
v -1.095489 -0.154928 -0.833512
v -1.108889 -0.128841 -0.799454
v -1.071889 -0.144580 -0.770068
v -1.050989 -0.163379 -0.806365
v -1.039889 -0.182731 -0.852360
v -1.076889 -0.167189 -0.881246
v -0.247089 -0.411012 -0.884711
v -0.351289 -0.403737 -0.907551
v -0.344589 -0.370245 -0.890934
v -0.241789 -0.378559 -0.875089
v -0.248589 -0.453442 -0.908379
v -0.365489 -0.443985 -0.934532
v -0.358789 -0.427103 -0.919524
v -0.249289 -0.434966 -0.894580
v -0.372989 -0.460564 -0.948941
v -0.249489 -0.474102 -0.919266
v 0.828811 -0.416316 -0.556477
v 0.761811 -0.379361 -0.564980
v -0.112489 -0.382878 -0.677662
v -0.093189 -0.403593 -0.698449
v -0.134189 -0.413039 -0.706897
v -0.165189 -0.398569 -0.675876
v -0.034989 -0.365995 -0.680755
v -0.016189 -0.390477 -0.695721
v 0.505111 -0.494196 -0.698953
v 0.619811 -0.474184 -0.660162
v 0.373811 -0.526424 -0.740377
v 0.356511 -0.461993 -0.698329
v 0.498411 -0.423282 -0.678241
v 0.635311 -0.385431 -0.632547
v 0.705011 -0.415716 -0.611381
v 0.718411 -0.367387 -0.587846
v 0.693711 -0.333688 -0.588130
v 0.594911 -0.345009 -0.628569
v 0.658511 -0.301388 -0.588307
v 0.619911 -0.268426 -0.595387
v 0.565211 -0.318313 -0.629315
v 0.695611 -0.488257 -0.636885
v 0.382211 -0.271752 -0.636670
v 0.411411 -0.306274 -0.640481
v 0.282511 -0.343411 -0.647278
v 0.268311 -0.312000 -0.645149
v 0.583311 -0.235000 -0.608870
v 0.536111 -0.291126 -0.631864
v 0.435511 -0.335192 -0.643723
v 0.457911 -0.359550 -0.654289
v 0.319611 -0.394079 -0.677801
v 0.300211 -0.369595 -0.662535
v 0.110711 -0.341839 -0.670587
v 0.124411 -0.372939 -0.670516
v -0.170389 -0.403743 -0.798950
v -0.153789 -0.405575 -0.750039
v -0.133989 -0.431367 -0.766898
v -0.158889 -0.426319 -0.812926
v -0.101189 -0.429582 -0.733107
v -0.105189 -0.451479 -0.787188
v -0.063089 -0.448727 -0.759503
v -0.141689 -0.445807 -0.829020
v 0.481711 -0.382833 -0.669362
v 0.339011 -0.420826 -0.686355
v -0.026389 -0.471752 -0.782277
v -0.078289 -0.474470 -0.803863
v -0.128889 -0.471763 -0.839078
v -0.194389 -0.408789 -0.843923
v -0.200289 -0.380390 -0.825878
v -0.180589 -0.378459 -0.783788
v -0.182589 -0.451628 -0.869289
v -0.191089 -0.432849 -0.854791
v -0.165189 -0.381499 -0.736171
v 0.194411 -0.456718 -0.702958
v 0.169711 -0.430166 -0.693604
v 0.223011 -0.486013 -0.738499
v 0.116211 -0.499615 -0.775425
v 0.080111 -0.467959 -0.746898
v 0.045211 -0.443359 -0.728732
v -0.177289 -0.474579 -0.878563
v 0.145711 -0.397737 -0.688381
v 0.012011 -0.414379 -0.714290
v 0.084911 -0.572639 -0.797825
v 0.055511 -0.505318 -0.794194
v 0.143411 -0.565347 -0.781065
v 0.016411 -0.470775 -0.768282
v -0.022489 -0.445258 -0.746822
v 0.245911 -0.551038 -0.761143
v -0.060489 -0.417651 -0.727373
v 0.718411 0.339905 -0.061509
v 0.615011 0.456986 -0.065249
v 0.378511 0.537898 -0.172894
v 0.435911 0.501642 -0.164695
v 0.425411 0.474425 -0.204347
v 0.302511 0.570360 -0.179972
v 0.371711 0.518117 -0.224186
v 0.293011 0.548144 -0.237551
v 0.309211 0.581902 -0.117534
v 0.386711 0.551704 -0.117069
v 0.447911 0.522702 -0.117210
v 0.488711 0.458606 -0.152860
v 0.504711 0.486727 -0.112613
v 0.483811 0.434390 -0.192328
v 0.182811 0.576494 -0.246706
v 0.199511 0.611898 -0.191299
v 0.207611 0.633058 -0.125614
v 0.211711 0.634404 -0.062320
v 0.324811 0.582127 -0.058034
v 0.408911 0.561319 -0.059420
v 0.477811 0.551188 -0.065065
v 0.537411 0.517288 -0.064979
v -1.389089 -0.610493 -0.369012
v -1.447888 -0.527420 -0.429067
v -1.381889 -0.694183 -0.312253
v -1.398389 -0.659692 -0.295641
v -1.406589 -0.579417 -0.355282
v -1.449089 -0.493568 -0.419652
v -1.450589 -0.565874 -0.347456
v -1.471588 -0.471489 -0.405173
v -1.425689 -0.630201 -0.279103
v -1.465289 -0.601828 -0.265858
v -1.489789 -0.555293 -0.350914
v -1.507889 -0.461375 -0.402728
v -1.426889 -0.799099 -0.278278
v -1.472789 -0.901764 -0.271716
v -1.490689 -0.891451 -0.269373
v -1.450788 -0.786111 -0.280449
v -1.512789 -0.880451 -0.269233
v -1.543589 -0.865657 -0.270514
v -1.476489 -0.774134 -0.284815
v -1.510289 -0.758663 -0.290100
v -1.483989 -0.678111 -0.262640
v -1.442689 -0.695253 -0.251846
v -1.402489 -0.708698 -0.241872
v -1.365889 -0.721508 -0.243602
v -1.563889 -0.330098 -0.480448
v -1.528889 -0.415195 -0.461282
v -1.542489 -0.394171 -0.456997
v -1.575089 -0.306483 -0.477677
v -1.559789 -0.375268 -0.456600
v -1.588889 -0.283060 -0.473605
v -1.519889 -0.304246 -0.489290
v -1.539088 -0.331345 -0.489041
v -1.551389 -0.305311 -0.482784
v -1.529989 -0.276589 -0.478941
v -1.554689 -0.354695 -0.479813
v -1.539289 -0.378217 -0.483785
v -1.559589 -0.278184 -0.478032
v -1.537289 -0.249451 -0.471989
v -1.527289 -0.442592 -0.460732
v -1.525589 -0.466796 -0.461400
v -1.569389 -0.252058 -0.473275
v -1.546489 -0.222410 -0.464637
v -1.580389 -0.226625 -0.467414
v -1.558488 -0.194366 -0.456590
v -1.412489 -0.041814 -0.356224
v -1.464789 -0.040770 -0.366330
v -1.426789 -0.098368 -0.402415
v -1.487889 -0.130903 -0.427037
v -1.114689 -0.084259 -0.711597
v -1.078789 -0.119352 -0.728505
v -1.099589 -0.111564 -0.748848
v -1.133489 -0.077475 -0.732634
v -1.127989 -0.102214 -0.776300
v -1.163289 -0.070258 -0.766074
v -1.132589 -0.054095 -0.681662
v -1.099488 -0.093544 -0.690546
v -1.147289 -0.048579 -0.696992
v -1.195889 -0.039546 -0.745842
v -1.165689 -0.044575 -0.714614
v -1.061789 -0.130640 -0.707943
v -0.794689 -0.355995 -0.991314
v -0.859689 -0.330945 -0.982351
v -0.819389 -0.368813 -1.013044
v -0.884389 -0.332461 -1.003443
v -1.033289 -0.204526 -0.906142
v -1.069988 -0.193864 -0.931400
v -1.012689 -0.217743 -0.890869
v -1.022389 -0.245880 -0.952316
v -1.000889 -0.260783 -0.934734
v -1.059188 -0.239097 -0.973753
v -0.891789 -0.388799 -1.065135
v -0.842589 -0.379945 -1.036983
v -0.908789 -0.334177 -1.024834
v -0.953789 -0.336904 -1.047819
v -0.976389 -0.293293 -0.991157
v -1.013188 -0.283732 -1.016710
v -0.949389 -0.293713 -0.976555
v -0.922589 -0.290955 -0.966070
v -0.974389 -0.264330 -0.925015
v -0.991389 -0.227091 -0.881318
v -1.364189 -0.035412 -0.447160
v -1.352988 -0.032116 -0.429778
v -1.387488 -0.051609 -0.483172
v -1.382889 -0.089561 -0.437764
v -1.405589 -0.098956 -0.473413
v -1.369389 -0.093341 -0.415843
v -1.512189 -0.200066 -0.456759
v -1.500889 -0.225715 -0.465619
v -1.528889 -0.170101 -0.444823
v -1.469189 -0.172999 -0.444507
v -1.456289 -0.196643 -0.452478
v -1.421789 -0.132761 -0.419327
v -1.405189 -0.154499 -0.426308
v -1.359889 -0.098399 -0.389915
v -1.344889 -0.027937 -0.415301
v -1.426089 -0.166015 -0.483946
v -1.406888 -0.158143 -0.452589
v -1.446189 -0.218521 -0.466658
v -1.457989 -0.228967 -0.493302
v -1.494389 -0.250064 -0.474386
v -1.487489 -0.276663 -0.492441
v 2.666712 -1.456816 0.707036
v 2.701312 -1.387507 0.708557
v 2.734512 -1.467949 0.828899
v 2.751611 -1.327545 0.701329
v 2.806911 -1.281181 0.694675
v 2.864012 -1.244093 0.692472
v 2.916811 -1.191772 0.714386
v 2.979511 -1.183091 0.692638
v 2.653612 -1.524985 0.694609
v 2.526412 -1.547509 0.398028
v 2.849212 -1.939522 0.579376
v 2.781811 -1.902115 0.635372
v 2.735811 -1.840130 0.486131
v 2.807412 -1.881619 0.415357
v 3.136512 -1.502346 0.610384
v 3.101312 -1.404083 0.438744
v 3.074712 -1.341534 0.484202
v 3.114112 -1.474777 0.403730
v 3.022112 -1.251873 0.586413
v 3.046911 -1.291862 0.533831
v 3.021712 -1.198063 0.643019
v 3.109312 -1.542788 0.383502
v 2.866112 -1.531983 0.037137
v 2.895812 -1.845255 0.372057
v 2.933112 -1.914383 0.549938
v 2.782712 -1.589726 1.217171
v 2.831712 -1.557846 1.231797
v 2.881512 -1.524144 1.250313
v 2.937912 -1.531774 1.244755
v 2.742712 -1.545272 0.952824
v 2.627311 -1.789521 1.163764
v 2.792912 -1.961977 0.788702
v 2.745712 -1.895615 0.836340
v 2.858112 -1.999112 0.745805
v 2.710212 -1.815278 0.879501
v 3.004611 -1.605537 1.197057
v 3.025712 -1.654108 1.165823
v 2.986612 -1.553664 1.228474
v 3.141512 -1.598104 0.782710
v 3.072312 -1.892931 1.070928
v 2.937512 -1.979822 0.725799
v 3.012612 -1.929850 0.720425
v 3.078112 -1.862748 0.720458
v 2.429811 -1.755378 1.683285
v 2.322212 -1.770355 1.778768
v 2.368812 -1.759393 1.808309
v 2.478212 -1.740533 1.709704
v 2.417312 -1.763540 1.836332
v 2.528512 -1.740998 1.734407
v 2.464812 -1.784222 1.857945
v 2.577712 -1.758898 1.752605
v 2.538812 -1.774734 1.435487
v 2.287412 -1.923208 1.605102
v 2.181612 -1.919366 1.685882
v 2.323712 -2.205281 1.574245
v 2.381612 -2.261002 1.588951
v 2.482112 -2.021840 1.380338
v 2.563512 -1.918494 1.863380
v 2.681612 -1.891119 1.749228
v 2.657212 -1.838968 1.758343
v 2.540912 -1.866656 1.870296
v 2.622012 -1.792955 1.760592
v 2.507411 -1.820060 1.869442
v 2.926712 -1.914176 1.446650
v 2.535712 -2.130088 1.810338
v 2.670112 -2.111599 1.698534
v 2.456511 -2.273241 1.618418
v 2.826212 -2.134758 1.377457
v 2.069211 -1.904759 1.760203
v 2.045312 -1.959065 1.740900
v 2.033612 -2.026338 1.727968
v 2.302112 -1.777715 1.932311
v 2.348212 -1.800275 1.958035
v 2.255812 -1.770989 1.900573
v 1.915211 -1.813697 1.953908
v 2.211912 -1.778769 1.867616
v 1.800411 -2.145780 1.866624
v 1.848112 -2.205756 1.889453
v 2.406712 -2.145506 1.916623
v 2.363012 -2.191636 1.893175
v 2.306612 -2.230998 1.863690
v 2.423912 -1.885062 1.978899
v 2.390311 -1.837388 1.974038
v 2.206212 -2.044726 2.132075
v 2.445912 -1.937888 1.974388
v 1.906711 -2.237435 1.929827
v -0.600089 0.099918 0.983021
v -0.649389 0.153697 0.979226
v -0.576789 0.185955 0.953149
v -0.622589 0.246381 0.975919
v -0.703189 0.192485 0.976814
v -0.671189 0.255959 0.953566
v -0.690489 0.391178 0.920126
v -0.679989 0.410768 0.954919
v -0.677389 0.348837 0.931157
v -0.664989 0.366422 0.964962
v -0.663589 0.305856 0.934793
v -0.648189 0.317892 0.977828
v -0.265789 -0.154550 -0.855914
v -0.211189 -0.073350 -0.819558
v -0.356089 -0.103665 -0.913594
v -0.319189 -0.004463 -0.840436
v -0.516989 0.103264 -0.927026
v -0.540289 0.020349 -0.966173
v -0.605589 0.080855 -0.965204
v -0.579889 0.165796 -0.939569
v -0.447989 -0.042497 -0.956029
v -0.435489 0.040215 -0.899181
v -0.697089 0.363690 -0.923052
v -0.734989 0.456419 -0.881359
v -0.708989 0.399056 -0.892745
v -0.765789 0.520068 -0.854306
vn -0.2307 -0.5694 0.7890
vn -0.0202 -0.5499 0.8350
vn -0.2218 -0.5445 0.8089
vn 0.1472 -0.5686 0.8093
vn 0.0836 -0.6059 0.7911
vn 0.2298 -0.6277 0.7437
vn 0.1176 -0.5793 0.8066
vn -0.0919 -0.5803 0.8092
vn -0.2291 -0.5769 0.7841
vn 0.1300 -0.6130 0.7793
vn 0.0680 -0.6919 0.7188
vn 0.2073 -0.6931 0.6904
vn 0.1063 -0.7729 0.6255
vn 0.0596 -0.5785 0.8135
vn 0.1288 -0.5496 0.8254
vn 0.1141 -0.7616 0.6379
vn 0.1917 -0.8213 0.5373
vn 0.1385 -0.8172 0.5594
vn 0.2343 -0.8540 0.4646
vn 0.1707 -0.7532 0.6352
vn 0.1029 -0.6570 0.7468
vn -0.0722 -0.9613 0.2657
vn 0.1372 -0.7542 0.6422
vn -0.0823 -0.7510 0.6551
vn 0.2983 -0.7459 0.5956
vn 0.1755 -0.9511 0.2542
vn 0.3351 -0.9046 0.2634
vn 0.3076 -0.7826 0.5413
vn 0.1317 -0.8363 0.5323
vn 0.2212 -0.9226 0.3159
vn 0.1137 -0.9473 0.2994
vn 0.1904 -0.8636 0.4669
vn 0.2597 -0.8876 0.3803
vn 0.2144 -0.9460 0.2430
vn 0.2411 -0.9464 0.2148
vn -0.2911 -0.5780 0.7624
vn -0.3309 -0.6237 0.7082
vn -0.3493 -0.6430 0.6816
vn -0.4185 -0.6175 0.6660
vn -0.2987 -0.5831 0.7555
vn -0.4394 -0.6729 0.5950
vn -0.3692 -0.8396 0.3985
vn -0.3162 -0.6841 0.6573
vn -0.3173 -0.5631 0.7631
vn -0.2793 -0.9167 0.2857
vn -0.2658 -0.5354 0.8017
vn -0.4223 -0.4007 0.8131
vn -0.3684 -0.4594 0.8082
vn -0.7500 -0.3156 0.5813
vn -0.2873 -0.5231 0.8024
vn -0.6446 -0.4546 0.6147
vn -0.2578 -0.5522 0.7929
vn -0.3063 -0.5528 0.7750
vn -0.1321 -0.8652 -0.4836
vn 0.1370 -0.9890 -0.0553
vn 0.0467 -0.9919 -0.1177
vn -0.0855 -0.9472 -0.3091
vn -0.0453 -0.9947 -0.0918
vn 0.1347 -0.9877 0.0790
vn -0.2106 -0.8965 -0.3899
vn -0.0851 -0.9646 -0.2498
vn -0.2332 -0.7655 -0.5997
vn -0.3433 -0.9391 -0.0120
vn -0.2523 -0.9672 -0.0308
vn -0.0943 -0.9952 -0.0250
vn 0.0218 -0.9866 -0.1619
vn 0.0353 -0.9741 -0.2235
vn -0.1423 -0.7881 -0.5988
vn -0.1822 -0.8008 -0.5706
vn -0.2087 -0.7075 -0.6752
vn -0.1218 -0.8163 -0.5646
vn -0.1560 -0.9861 -0.0571
vn -0.2728 -0.9618 -0.0230
vn -0.2205 -0.7888 -0.5738
vn -0.0160 -0.9507 -0.3096
vn -0.1390 -0.9261 -0.3508
vn -0.1697 -0.8029 -0.5715
vn -0.0703 -0.9305 -0.3594
vn -0.1995 -0.9543 -0.2224
vn -0.1087 -0.9934 -0.0363
vn -0.0211 -0.9988 -0.0448
vn -0.3669 -0.7074 -0.6042
vn -0.3181 -0.9003 -0.2971
vn -0.3666 -0.8974 -0.2454
vn -0.2656 -0.7323 -0.6271
vn -0.6075 -0.6140 -0.5039
vn -0.4883 -0.8434 -0.2239
vn -0.7315 -0.6298 -0.2613
vn -0.4670 -0.6766 -0.5693
vn -0.5556 -0.7967 0.2380
vn -0.7847 -0.6119 0.0986
vn -0.2613 -0.9370 -0.2318
vn -0.3113 -0.9020 -0.2993
vn -0.2030 -0.9792 -0.0006
vn -0.1949 -0.9804 -0.0294
vn -0.4432 -0.8920 0.0891
vn -0.3505 -0.8611 -0.3684
vn -0.4362 -0.7859 -0.4384
vn -0.2656 -0.9634 0.0348
vn -0.5858 -0.6574 0.4740
vn -0.8327 -0.4587 0.3101
vn -0.9380 -0.2857 0.1965
vn -0.7467 -0.5756 0.3333
vn -0.8212 -0.5703 -0.0173
vn -0.6924 -0.6043 0.3942
vn -0.2739 -0.4436 0.8533
vn 0.4429 -0.4030 0.8009
vn -0.3938 -0.6869 0.6108
vn -0.6960 -0.7148 0.0675
vn -0.1741 -0.7588 0.6276
vn 0.2805 -0.5638 0.7769
vn -0.0323 -0.8759 0.4815
vn -0.4959 -0.8373 0.2300
vn 0.6537 -0.3752 0.6572
vn 0.4500 -0.6405 0.6223
vn 0.5199 -0.5922 0.6157
vn 0.0615 -0.9420 0.3299
vn -0.9613 -0.2249 0.1594
vn -0.8634 -0.3243 0.3864
vn -0.9683 -0.1697 0.1836
vn -0.6968 -0.4088 0.5894
vn 0.6517 -0.3295 0.6831
vn 0.6970 -0.3114 0.6459
vn 0.5423 -0.4748 0.6931
vn 0.6861 -0.3327 0.6470
vn 0.1479 -0.4521 0.8796
vn 0.3941 -0.4439 0.8048
vn 0.5989 -0.4608 0.6549
vn 0.5335 -0.3487 0.7706
vn 0.3421 -0.7805 0.5232
vn 0.4625 -0.4685 0.7527
vn 0.6528 -0.5007 0.5685
vn 0.5931 -0.5288 0.6071
vn 0.4728 -0.7789 0.4121
vn 0.4113 -0.8096 0.4187
vn -0.2594 -0.8827 0.3918
vn 0.4895 -0.5610 0.6676
vn -0.4534 -0.6364 0.6241
vn 0.3487 -0.8222 0.4499
vn 0.0621 -0.9720 0.2265
vn 0.3119 -0.7252 0.6138
vn -0.1121 -0.9776 0.1779
vn 0.1625 -0.9819 0.0972
vn -0.9452 -0.2490 0.2111
vn -0.6466 -0.6620 0.3790
vn -0.7825 -0.2766 0.5579
vn -0.6645 -0.4638 0.5859
vn 0.3824 -0.9034 0.1937
vn 0.2535 -0.9430 0.2154
vn 0.3039 -0.9432 0.1339
vn 0.3642 -0.9313 0.0104
vn 0.0468 -0.9249 0.3773
vn -0.1880 -0.8614 0.4718
vn 0.2415 -0.9174 0.3164
vn 0.3203 -0.9155 0.2436
vn 0.0641 -0.9412 0.3316
vn 0.2551 -0.8803 0.4000
vn -0.5188 -0.3509 0.7796
vn -0.4756 -0.4354 0.7644
vn -0.4691 -0.3613 0.8059
vn -0.4236 -0.3670 0.8282
vn 0.2216 -0.9442 0.2437
vn -0.0086 -0.9970 0.0767
vn 0.2939 -0.9425 0.1593
vn 0.0094 -0.9877 0.1563
vn -0.1350 -0.7857 0.6038
vn -0.2056 -0.8550 0.4761
vn 0.1788 -0.8229 0.5394
vn 0.2129 -0.6470 0.7322
vn -0.0126 -0.8447 0.5350
vn 0.0556 -0.6459 0.7614
vn -0.4006 -0.3960 0.8263
vn -0.2541 -0.5079 0.8231
vn -0.4587 -0.4512 0.7655
vn -0.3050 -0.5182 0.7990
vn -0.0903 -0.9224 0.3756
vn -0.1463 -0.9639 0.2226
vn -0.0731 -0.9258 0.3708
vn -0.0182 -0.8113 0.5843
vn -0.3344 -0.8579 0.3901
vn -0.1903 -0.8123 0.5513
vn -0.0829 -0.5734 0.8150
vn 0.1438 -0.5935 0.7919
vn 0.1757 -0.5177 0.8373
vn -0.0892 -0.5420 0.8356
vn 0.1133 -0.7459 0.6563
vn 0.1167 -0.5654 0.8165
vn 0.0919 -0.8583 0.5049
vn 0.1548 -0.8347 0.5286
vn 0.1207 -0.7929 0.5972
vn 0.1973 -0.5279 0.8261
vn -0.0168 -0.7736 0.6335
vn 0.1825 -0.6661 0.7232
vn 0.1581 -0.5655 0.8095
vn 0.0844 -0.5282 0.8449
vn 0.1292 -0.5373 0.8334
vn 0.1663 -0.5630 0.8096
vn 0.0915 -0.5155 0.8520
vn 0.1166 -0.6472 0.7533
vn 0.0284 -0.5421 0.8398
vn 0.1025 -0.4835 0.8693
vn -0.5660 -0.7927 -0.2264
vn -0.6483 -0.3401 -0.6812
vn -0.6707 -0.3051 -0.6760
vn -0.4658 -0.8443 -0.2650
vn -0.7824 -0.3742 -0.4979
vn -0.6312 -0.0047 -0.7756
vn -0.7007 -0.1469 -0.6981
vn -0.6990 -0.1280 -0.7036
vn 0.2330 0.1052 0.9668
vn 0.2734 -0.3753 0.8857
vn 0.1488 -0.3375 0.9295
vn -0.6830 -0.2605 0.6824
vn -0.4129 -0.0247 0.9104
vn -0.5143 -0.0868 0.8532
vn -0.2337 -0.0501 0.9710
vn -0.6280 -0.2396 0.7404
vn -0.4710 -0.3029 0.8285
vn 0.0677 0.1954 0.9784
vn -0.1055 0.1539 0.9824
vn -0.2444 0.0722 0.9670
vn -0.6833 -0.2364 0.6908
vn -0.5704 -0.1598 0.8057
vn -0.6118 -0.2051 0.7640
vn -0.6775 -0.2719 0.6834
vn -0.3756 -0.0509 0.9254
vn -0.4695 -0.1379 0.8721
vn 0.3185 0.6183 0.7185
vn 0.3527 0.2857 0.8910
vn 0.2814 0.3788 0.8817
vn 0.3280 -0.0456 0.9436
vn -0.4372 0.4342 0.7876
vn -0.3967 0.7152 0.5754
vn -0.4923 0.6834 0.5391
vn -0.2732 0.6881 0.6722
vn -0.2750 0.4353 0.8573
vn -0.1875 0.4687 0.8632
vn -0.4136 0.8343 0.3646
vn -0.4517 0.8700 0.1978
vn -0.3962 0.9025 0.1690
vn 0.0343 -0.1305 0.9909
vn -0.2547 -0.4630 0.8490
vn 0.0703 -0.4584 0.8860
vn 0.3331 -0.1460 0.9315
vn 0.5036 0.1351 0.8533
vn 0.2988 0.1884 0.9356
vn 0.3586 0.0469 0.9323
vn 0.5738 0.2797 0.7698
vn 0.4577 0.0054 0.8891
vn 0.2942 0.3193 0.9008
vn 0.2195 0.0305 0.9751
vn 0.4559 0.3328 0.8255
vn 0.0678 -0.0051 0.9977
vn -0.5033 -0.3291 0.7990
vn -0.1888 0.1841 0.9646
vn -0.0821 -0.5603 0.8242
vn 0.1842 -0.2435 0.9523
vn -0.2915 -0.4613 0.8380
vn 0.0594 0.0098 0.9982
vn 0.0976 0.0902 0.9911
vn 0.0574 0.0260 0.9980
vn 0.1387 0.0554 0.9888
vn 0.1228 -0.0073 0.9924
vn 0.0656 0.0354 0.9972
vn 0.1507 0.0662 0.9864
vn 0.0893 0.0791 0.9929
vn 0.1505 0.0602 0.9868
vn 0.3697 -0.2500 0.8949
vn 0.2790 -0.3480 0.8950
vn 0.5180 -0.0527 0.8538
vn 0.2037 -0.4993 0.8421
vn 0.4825 -0.0210 0.8756
vn 0.5199 0.1452 0.8418
vn 0.5756 -0.0907 0.8127
vn 0.5023 -0.0278 0.8643
vn 0.9019 -0.2363 0.3617
vn 0.7414 -0.2638 0.6170
vn 0.8050 -0.1544 0.5729
vn 0.8402 -0.3544 0.4104
vn 0.8483 -0.3718 0.3770
vn 0.6977 -0.2398 0.6751
vn 0.4207 0.2335 0.8766
vn 0.2374 0.1977 0.9511
vn 0.4160 0.0591 0.9074
vn 0.3978 0.0951 0.9125
vn 0.8259 -0.3301 0.4571
vn 0.8413 -0.2904 0.4559
vn 0.6598 -0.1777 0.7301
vn 0.6721 -0.1137 0.7316
vn 0.7394 -0.4705 0.4815
vn 0.6753 -0.2723 0.6854
vn 0.3658 -0.2057 0.9077
vn 0.1564 -0.0743 0.9849
vn 0.4081 -0.0179 0.9128
vn 0.1714 0.0168 0.9851
vn 0.3139 -0.4575 0.8320
vn 0.7888 -0.5259 0.3182
vn 0.9090 -0.3962 0.1294
vn 0.5861 -0.4536 0.6714
vn -0.0399 -0.0690 0.9968
vn -0.1956 -0.0602 0.9788
vn -0.1502 -0.0182 0.9885
vn 0.1514 -0.0771 0.9855
vn 0.0814 -0.0738 0.9939
vn 0.1872 -0.0772 0.9793
vn 0.1484 -0.0683 0.9866
vn 0.1137 0.0125 0.9934
vn 0.1386 -0.0330 0.9898
vn 0.0826 -0.0244 0.9963
vn 0.9037 -0.4170 0.0972
vn 0.7936 -0.3800 0.4751
vn 0.9087 -0.4102 0.0778
vn 0.8573 -0.2577 0.4457
vn -0.1536 0.0717 0.9855
vn 0.0252 -0.0687 0.9973
vn 0.1560 0.0117 0.9877
vn -0.1736 0.0021 0.9848
vn 0.0880 0.0168 0.9960
vn 0.1158 -0.0809 0.9900
vn 0.0958 0.0388 0.9946
vn 0.1115 0.0106 0.9937
vn 0.0548 0.0104 0.9984
vn 0.0546 -0.0039 0.9985
vn 0.9130 -0.3887 0.1237
vn 0.8454 -0.1361 0.5165
vn 0.9696 -0.1758 0.1702
vn 0.7644 -0.0874 0.6388
vn -0.0798 0.1216 0.9894
vn 0.2185 0.1300 0.9671
vn 0.1258 0.3146 0.9408
vn -0.1383 0.1149 0.9837
vn 0.0753 0.0871 0.9934
vn 0.0844 0.0907 0.9923
vn 0.1018 -0.5742 0.8124
vn -0.0366 -0.7582 0.6510
vn 0.1550 -0.5887 0.7934
vn 0.0840 -0.7985 0.5961
vn -0.1469 -0.6067 0.7812
vn -0.1381 -0.6868 0.7136
vn -0.2257 -0.6530 0.7230
vn 0.0177 -0.6031 0.7975
vn 0.0391 -0.8473 0.5296
vn -0.0768 -0.8186 0.5692
vn 0.1489 -0.5860 0.7965
vn 0.0700 -0.6225 0.7795
vn 0.0216 -0.7694 0.6384
vn -0.0772 -0.8187 0.5691
vn -0.0541 -0.7782 0.6257
vn -0.0459 -0.8413 0.5387
vn 0.2907 -0.2099 0.9335
vn 0.2245 -0.3105 0.9237
vn 0.3274 -0.0719 0.9421
vn 0.1453 -0.4653 0.8732
vn 0.2282 -0.3364 0.9137
vn 0.3996 0.3004 0.8661
vn 0.3956 0.1136 0.9114
vn 0.2866 -0.0696 0.9555
vn 0.0896 -0.6975 0.7109
vn 0.0190 -0.7117 0.7022
vn 0.1152 -0.6559 0.7460
vn 0.1504 -0.5947 0.7897
vn 0.3171 -0.0107 0.9483
vn 0.2953 0.0037 0.9554
vn 0.2843 -0.2656 0.9212
vn 0.3012 -0.2542 0.9191
vn 0.2865 0.4065 0.8675
vn 0.3332 0.3966 0.8554
vn -0.1760 -0.6829 0.7090
vn -0.0731 -0.6376 0.7669
vn -0.1122 -0.5992 0.7927
vn 0.0189 -0.5525 0.8333
vn 0.0752 -0.5969 0.7988
vn 0.1954 -0.4176 0.8874
vn 0.3024 -0.5520 0.7771
vn 0.2219 -0.6132 0.7581
vn 0.2372 -0.5915 0.7706
vn 0.2388 -0.5853 0.7749
vn 0.1892 -0.5740 0.7967
vn 0.2003 -0.5868 0.7846
vn 0.3130 -0.5208 0.7942
vn 0.1839 -0.1683 0.9684
vn 0.1194 -0.5781 0.8072
vn 0.2671 -0.2228 0.9375
vn -0.9792 0.0553 -0.1950
vn -0.9211 0.3583 0.1524
vn -0.9785 0.2064 -0.0057
vn -0.9952 0.0841 0.0494
vn -0.7678 0.3970 0.5028
vn -0.8896 0.3127 0.3330
vn -0.9647 0.1904 0.1818
vn -0.3376 0.1148 0.9343
vn -0.5468 0.3411 0.7647
vn -0.5114 0.1108 0.8522
vn -0.5805 0.3661 0.7273
vn -0.3694 0.2586 0.8926
vn -0.4671 0.3222 0.8234
vn -0.7431 0.3860 0.5467
vn -0.8208 0.0872 0.5646
vn -0.3009 0.3078 0.9026
vn 0.0105 0.1783 0.9839
vn -0.1968 0.3435 0.9183
vn 0.1885 0.0299 0.9816
vn -0.0495 0.2017 0.9782
vn 0.1556 0.0935 0.9834
vn 0.2988 0.1208 0.9466
vn 0.1637 0.3493 0.9226
vn -0.0010 0.5190 0.8548
vn 0.4470 -0.2045 0.8708
vn 0.5471 -0.2988 0.7819
vn 0.5364 -0.4133 0.7358
vn 0.5835 -0.1873 0.7902
vn 0.4277 -0.1534 0.8908
vn 0.4092 -0.0349 0.9118
vn 0.7453 -0.3841 0.5449
vn 0.6175 -0.5278 0.5832
vn 0.5969 -0.6335 0.4924
vn 0.3125 -0.0675 0.9475
vn 0.2872 0.0260 0.9575
vn 0.3847 -0.0565 0.9213
vn -0.4259 0.2839 0.8591
vn -0.1353 0.2084 0.9686
vn -0.3784 0.3395 0.8611
vn 0.0670 0.0596 0.9960
vn -0.2071 0.1043 0.9727
vn -0.0355 -0.0923 0.9951
vn 0.5163 -0.1764 0.8381
vn 0.7852 -0.2504 0.5664
vn 0.2861 -0.0985 0.9531
vn 0.0899 -0.2645 0.9602
vn 0.3962 -0.2946 0.8696
vn 0.7162 -0.1171 0.6880
vn 0.1613 -0.0292 0.9865
vn -0.0086 -0.2315 0.9728
vn -0.2506 -0.0118 0.9680
vn -0.1444 -0.0597 0.9877
vn -0.3618 0.1711 0.9164
vn -0.0057 -0.2523 0.9676
vn -0.0635 -0.2282 0.9716
vn 0.0468 -0.3568 0.9330
vn -0.9674 -0.0191 -0.2525
vn -0.9989 0.0278 -0.0385
vn -0.9492 -0.1988 -0.2440
vn -0.8694 -0.2221 -0.4415
vn -0.7352 -0.3648 -0.5714
vn -0.8804 -0.1471 -0.4508
vn -0.0589 -0.3334 0.9409
vn -0.0044 -0.4084 0.9128
vn -0.0676 -0.5138 0.8553
vn -0.0499 -0.4049 0.9130
vn 0.2088 -0.4219 0.8823
vn 0.0198 -0.5391 0.8420
vn 0.1873 -0.4458 0.8753
vn 0.4223 -0.2073 0.8824
vn 0.9144 -0.0911 0.3944
vn 0.7837 -0.5493 0.2899
vn 0.7442 0.3698 0.5562
vn 0.1835 0.8431 0.5055
vn 0.6317 0.3477 0.6929
vn 0.6715 -0.4994 0.5474
vn 0.5276 0.2880 0.7992
vn 0.3237 -0.1829 0.9283
vn 0.1263 0.2592 0.9575
vn 0.0278 0.7601 0.6492
vn 0.6039 -0.7161 0.3501
vn 0.5927 -0.7672 0.2453
vn 0.5805 -0.0738 0.8109
vn 0.6517 0.0692 0.7553
vn -0.0361 0.7722 0.6343
vn -0.2669 0.8473 0.4591
vn -0.1395 0.8872 0.4398
vn -0.1131 0.8902 0.4414
vn 0.3809 0.3340 0.8622
vn -0.2056 0.7641 0.6115
vn 0.0666 0.2914 0.9543
vn 0.0546 0.7889 0.6120
vn -0.2489 0.0545 0.9670
vn -0.1042 -0.1989 0.9745
vn -0.3964 0.2027 0.8954
vn -0.1802 -0.1227 0.9759
vn 0.0430 -0.3671 0.9292
vn -0.4826 0.3222 0.8145
vn -0.4582 0.3533 0.8157
vn -0.5272 0.3589 0.7703
vn -0.4768 0.3542 0.8045
vn -0.5431 0.1557 0.8251
vn -0.8446 0.1700 0.5077
vn -0.7040 0.2621 0.6601
vn -0.9462 0.0487 0.3200
vn -0.7698 0.1021 0.6300
vn -0.9356 0.1026 0.3377
vn -0.5789 0.3137 0.7527
vn -0.3638 0.2515 0.8969
vn -0.4245 0.3197 0.8471
vn -0.2892 0.3110 0.9053
vn -0.3840 0.3255 0.8640
vn -0.3546 0.3241 0.8771
vn -0.5114 0.3776 0.7719
vn -0.5003 0.3704 0.7826
vn -0.4756 0.3678 0.7991
vn -0.5103 0.4000 0.7613
vn 0.1061 0.4978 0.8608
vn -0.1802 0.5147 0.8382
vn -0.0804 0.6720 0.7362
vn 0.0828 0.7120 0.6973
vn 0.0824 0.6665 0.7409
vn 0.1783 0.5880 0.7890
vn 0.3578 0.3873 0.8497
vn 0.0670 -0.9894 -0.1286
vn -0.0903 -0.9958 0.0164
vn 0.0542 -0.9984 -0.0182
vn -0.0954 -0.9943 -0.0472
vn -0.0684 -0.9893 0.1291
vn 0.0747 -0.9952 0.0639
vn 0.1070 -0.9610 0.2551
vn -0.0331 -0.9706 0.2383
vn 0.0299 -0.9522 0.3040
vn 0.1821 -0.9498 0.2546
vn 0.2391 -0.9234 0.3002
vn 0.1264 -0.9341 0.3339
vn 0.1722 -0.8964 0.4085
vn 0.2498 -0.8852 0.3924
vn 0.2576 -0.8544 0.4514
vn 0.1718 -0.8768 0.4492
vn 0.1519 -0.8623 0.4831
vn 0.2488 -0.8095 0.5317
vn 0.1916 -0.7679 0.6112
vn 0.1413 -0.8359 0.5303
vn 0.1335 -0.8079 0.5740
vn 0.0885 -0.7250 0.6830
vn -0.0301 -0.7040 0.7096
vn 0.1351 -0.7885 0.6000
vn 0.1370 -0.7645 0.6299
vn -0.0526 -0.7122 0.7000
vn 0.0549 -0.6326 0.7725
vn 0.1717 -0.6835 0.7095
vn 0.2271 -0.5783 0.7836
vn 0.1523 -0.5441 0.8251
vn 0.2692 -0.3665 0.8906
vn 0.3331 -0.3838 0.8612
vn -0.0560 -0.6900 0.7216
vn 0.0854 -0.7682 0.6344
vn -0.1439 -0.7294 0.6688
vn -0.0347 -0.5096 0.8597
vn 0.1100 -0.7104 0.6951
vn 0.1479 -0.5476 0.8236
vn -0.2132 -0.9724 0.0949
vn -0.1977 -0.9706 0.1371
vn -0.1602 -0.9802 0.1166
vn -0.1788 -0.9738 0.1408
vn -0.2267 -0.9624 0.1497
vn -0.1730 -0.9695 0.1735
vn -0.1803 -0.9831 -0.0332
vn -0.2086 -0.9773 -0.0361
vn -0.1643 -0.9855 -0.0417
vn -0.3896 -0.9193 -0.0561
vn -0.3818 -0.9242 -0.0065
vn -0.3734 -0.9257 -0.0608
vn -0.3875 -0.9177 0.0876
vn -0.3961 -0.9178 0.0282
vn -0.4186 -0.9000 0.1218
vn -0.3957 -0.9121 0.1072
vn -0.3606 -0.9325 0.0193
vn -0.3838 -0.9231 0.0237
vn -0.3664 -0.9257 0.0937
vn -0.3584 -0.9327 -0.0413
vn -0.3826 -0.9234 -0.0314
vn -0.3721 -0.8669 0.3318
vn -0.4541 -0.8706 0.1893
vn -0.4965 -0.8389 0.2231
vn -0.3802 -0.9022 0.2038
vn -0.4220 -0.8815 0.2116
vn -0.3938 -0.9042 0.1656
vn -0.4040 -0.8991 0.1685
vn -0.4331 -0.8711 0.2314
vn -0.2722 -0.8882 0.3701
vn -0.5430 -0.7954 0.2691
vn -0.5535 -0.7486 0.3650
vn -0.3232 -0.8784 0.3521
vn -0.4611 -0.8435 0.2755
vn -0.5429 -0.7665 0.3432
vn -0.4846 -0.8238 0.2943
vn -0.2084 -0.8663 0.4539
vn -0.5341 -0.7073 0.4631
vn -0.4560 -0.7265 0.5141
vn -0.0534 -0.8531 0.5190
vn -0.2705 -0.7374 0.6190
vn 0.0074 -0.8480 0.5299
vn -0.3497 -0.7786 0.5211
vn 0.0518 -0.8071 0.5881
vn -0.5592 -0.5730 0.5991
vn -0.7016 -0.5524 0.4502
vn -0.5006 -0.6325 0.5910
vn -0.7300 -0.5538 0.4004
vn 0.0770 -0.7825 0.6178
vn -0.1912 -0.7328 0.6530
vn -0.5091 -0.7859 0.3509
vn -0.6532 -0.6521 0.3849
vn -0.5114 -0.7165 0.4744
vn -0.6782 -0.6781 0.2833
vn -0.5023 -0.6687 0.5483
vn -0.5405 -0.7637 0.3530
vn -0.6401 -0.5490 0.5374
vn -0.4973 -0.5271 0.6891
vn -0.3971 -0.5931 0.7003
vn -0.6960 -0.4472 -0.5618
vn -0.8865 -0.1270 -0.4451
vn -0.7211 -0.2968 -0.6260
vn -0.9819 0.0050 -0.1895
vn -0.8461 -0.3697 -0.3839
vn -0.8438 0.4342 -0.3154
vn -0.8651 0.2148 -0.4532
vn -0.7823 -0.1707 -0.5990
vn -0.9973 0.0035 0.0728
vn -0.9648 0.2559 -0.0599
vn -0.4180 -0.5828 0.6969
vn -0.3249 -0.6192 0.7148
vn -0.9733 -0.0064 0.2295
vn -0.9030 0.2998 -0.3076
vn -0.8808 0.4186 -0.2214
vn -0.9275 -0.2065 -0.3116
vn -0.9963 -0.0652 0.0558
vn -0.9026 -0.4297 0.0250
vn -0.8545 -0.3583 0.3762
vn -0.8198 -0.5493 0.1618
vn -0.7655 -0.3430 0.5444
vn -0.9054 0.3436 -0.2492
vn -0.9302 0.3357 -0.1482
vn -0.8930 0.4500 0.0034
vn -0.8146 0.4080 -0.4122
vn -0.9052 0.2545 0.3404
vn -0.7814 0.4769 0.4026
vn -0.4596 -0.4558 0.7622
vn -0.2280 -0.6435 0.7307
vn -0.4339 -0.5647 0.7020
vn -0.2099 -0.5279 0.8230
vn -0.6969 -0.4187 0.5823
vn -0.7410 -0.3465 0.5753
vn -0.9533 -0.1463 0.2642
vn -0.9577 -0.1405 0.2510
vn -0.9753 0.1558 -0.1564
vn -0.9289 0.2681 -0.2556
vn -0.3822 -0.3653 0.8488
vn -0.2331 -0.3551 0.9053
vn -0.5710 -0.2116 0.7932
vn -0.2064 -0.3167 0.9258
vn 0.1071 -0.4027 0.9090
vn -0.0692 -0.5987 0.7980
vn 0.0394 -0.4419 0.8962
vn 0.0951 -0.0907 0.9913
vn 0.0435 -0.2151 0.9756
vn 0.1170 0.0382 0.9924
vn -0.8669 0.0581 0.4951
vn -0.6626 0.3074 0.6830
vn -0.7552 -0.0072 0.6555
vn -0.4680 0.1060 0.8773
vn -0.8269 0.4575 0.3269
vn -0.9347 0.2334 0.2682
vn -0.8895 0.4422 0.1152
vn -0.7611 0.3936 0.5155
vn -0.2879 0.6794 0.6750
vn -0.2985 0.3996 0.8667
vn -0.4482 0.5674 0.6908
vn -0.1237 0.6259 0.7701
vn 0.2179 0.4377 0.8723
vn -0.0573 0.1176 0.9914
vn 0.1418 0.0967 0.9852
vn 0.2316 0.1869 0.9547
vn 0.2785 0.2277 0.9331
vn 0.2784 0.2163 0.9358
vn -0.6757 0.2075 0.7073
vn -0.3504 0.1829 0.9186
vn -0.2268 0.3615 0.9044
vn -0.5443 0.4249 0.7233
vn -0.4009 0.3474 0.8477
vn -0.1856 0.2492 0.9505
vn -0.3263 0.3838 0.8639
vn -0.1170 0.3414 0.9326
vn -0.0800 0.1611 0.9837
vn -0.0512 0.3313 0.9421
vn -0.5187 0.5623 0.6440
vn -0.0369 0.2580 0.9654
vn 0.0260 0.4925 0.8699
vn 0.0788 0.3247 0.9425
vn -0.3925 0.3524 0.8496
vn -0.4429 0.5710 0.6912
vn -0.6543 0.6747 0.3417
vn -0.3625 0.7653 0.5319
vn -0.1946 0.7552 0.6259
vn -0.3887 0.4604 0.7981
vn -0.5284 0.5283 0.6645
vn -0.1818 0.6778 0.7124
vn -0.5485 0.5577 0.6230
vn -0.5979 0.6802 0.4241
vn -0.4205 0.7423 0.5218
vn -0.3216 0.5733 0.7536
vn -0.6510 0.7140 0.2577
vn -0.4237 0.7851 0.4517
vn -0.8073 0.5573 0.1940
vn -0.6980 0.5914 0.4038
vn -0.6714 0.6147 0.4140
vn -0.5292 0.6856 0.4999
vn 0.0883 0.7261 0.6819
vn 0.0173 0.6539 0.7564
vn 0.0980 0.6791 0.7275
vn 0.0069 0.6312 0.7756
vn -0.1679 0.7422 0.6488
vn -0.3009 0.7007 0.6470
vn -0.3793 0.7040 0.6004
vn -0.5644 0.5969 0.5702
vn -0.0472 0.5111 0.8582
vn -0.3932 0.6004 0.6964
vn -0.0035 0.5043 0.8635
vn 0.0165 0.6715 0.7408
vn 0.0674 0.7363 0.6732
vn 0.0145 0.7831 0.6217
vn 0.0944 0.6122 0.7850
vn 0.0259 0.7968 0.6037
vn -0.0075 0.8081 0.5890
vn 0.4677 0.8836 0.0208
vn 0.2663 0.6427 0.7183
vn 0.4392 0.8976 0.0381
vn 0.1254 0.5684 0.8131
vn 0.2645 0.5318 0.8045
vn 0.2083 0.4386 0.8742
vn 0.1985 0.6834 0.7025
vn 0.3305 0.7169 0.6139
vn 0.4649 0.8843 0.0424
vn 0.1436 0.8906 0.4316
vn 0.3345 0.6263 0.7042
vn 0.4343 0.7530 0.4943
vn 0.1642 0.7506 0.6401
vn 0.2525 0.9127 0.3213
vn 0.0892 0.9959 0.0144
vn 0.6711 0.7413 0.0048
vn 0.3766 0.5463 0.7481
vn 0.5260 0.8505 0.0028
vn 0.5991 0.6568 0.4579
vn 0.4465 0.4555 0.7702
vn 0.2988 0.3391 0.8920
vn 0.4348 0.5190 0.7359
vn 0.4281 0.3903 0.8151
vn 0.6793 0.6398 0.3594
vn 0.5514 0.6597 0.5107
vn 0.4961 0.3379 0.7998
vn 0.6155 0.4282 0.6616
vn 0.4678 0.3276 0.8209
vn 0.5027 0.4316 0.7490
vn 0.7367 0.6086 0.2948
vn 0.7217 0.5581 0.4096
vn 0.0077 0.7958 0.6055
vn 0.1382 0.6673 0.7318
vn 0.2170 0.6937 0.6868
vn 0.0241 0.8081 0.5885
vn 0.0039 0.7577 0.6526
vn 0.0247 0.7913 0.6110
vn -0.0103 0.7988 0.6015
vn 0.1107 0.7327 0.6714
vn 0.1420 0.7517 0.6440
vn 0.2623 0.6941 0.6704
vn 0.2775 0.6079 0.7439
vn 0.4421 0.5089 0.7386
vn 0.5380 0.3894 0.7476
vn 0.6654 0.7348 0.1320
vn 0.6922 0.6188 0.3714
vn 0.3856 0.7731 0.5037
vn 0.2461 0.9560 0.1598
vn 0.2536 0.9665 -0.0384
vn 0.6835 0.6550 0.3222
vn 0.4839 0.6731 0.5593
vn 0.5640 0.8234 0.0632
vn 0.5608 0.5776 0.5933
vn 0.6127 0.7849 0.0926
vn 0.4185 0.2190 0.8814
vn 0.4174 0.4794 0.7720
vn 0.5192 0.2879 0.8047
vn 0.2997 0.4387 0.8472
vn 0.1298 0.7677 0.6275
vn 0.4129 0.6300 0.6578
vn 0.5577 0.5305 0.6384
vn 0.3270 0.6244 0.7093
vn 0.4844 0.4617 0.7431
vn 0.5944 0.3248 0.7356
vn 0.6610 0.4061 0.6309
vn 0.7020 0.2726 0.6579
vn 0.6692 0.2235 0.7087
vn 0.7525 0.2433 0.6121
vn 0.7425 0.1490 0.6530
vn 0.7550 0.1371 0.6412
vn 0.6696 0.4316 0.6045
vn 0.6614 0.4599 0.5924
vn 0.7507 0.4674 0.4669
vn 0.7375 0.3561 0.5738
vn 0.6704 0.6089 0.4241
vn 0.6627 0.4390 0.6067
vn 0.6873 0.3129 0.6555
vn 0.7859 0.4422 0.4323
vn 0.6811 0.4078 0.6081
vn 0.7654 0.4933 0.4133
vn 0.7187 0.2280 0.6569
vn 0.6556 0.3087 0.6891
vn 0.8149 0.5527 0.1747
vn 0.6948 0.6182 0.3676
vn 0.4565 0.5539 0.6963
vn 0.6628 0.5458 0.5126
vn 0.4830 0.5751 0.6602
vn 0.5434 0.8328 0.1054
vn 0.3633 0.6106 0.7037
vn 0.4564 0.8795 0.1348
vn -0.5013 0.6871 0.5258
vn -0.6010 0.7030 0.3803
vn -0.5919 0.6321 0.5001
vn -0.5654 0.6449 0.5142
vn -0.5466 0.7331 0.4047
vn -0.5733 0.7773 0.2590
vn -0.6071 0.6948 0.3856
vn -0.6348 0.7392 0.2248
vn -0.5896 0.7697 0.2447
vn -0.4128 0.9006 -0.1363
vn -0.5917 0.7853 -0.1823
vn -0.5184 0.8039 -0.2916
vn -0.2632 0.9628 0.0618
vn -0.4994 0.8640 -0.0638
vn -0.5605 0.8276 0.0299
vn -0.3684 0.9251 0.0920
vn -0.4665 0.8758 0.1242
vn -0.6398 0.7670 -0.0474
vn -0.3150 0.7598 0.5687
vn 0.3326 0.7718 0.5419
vn 0.3392 0.7879 0.5139
vn -0.3004 0.8132 0.4984
vn -0.2424 0.8792 0.4102
vn 0.3397 0.7809 0.5242
vn -0.1895 0.9173 0.3502
vn 0.2657 0.7932 0.5479
vn 0.2815 0.7809 0.5576
vn -0.1097 0.9383 0.3280
vn -0.0296 0.9495 0.3123
vn 0.2689 0.7941 0.5451
vn -0.3663 0.8555 -0.3659
vn -0.5313 0.6853 -0.4981
vn -0.4420 0.7312 -0.5196
vn -0.6068 0.6692 -0.4289
vn -0.4445 0.8256 -0.3475
vn -0.6725 0.4998 -0.5458
vn -0.5829 0.5285 -0.6172
vn -0.4787 0.5990 -0.6419
vn -0.7810 0.6225 -0.0494
vn -0.7446 0.6462 -0.1676
vn -0.8007 0.5904 0.1016
vn -0.6440 0.7610 0.0783
vn -0.9179 0.3937 -0.0500
vn -0.8763 0.4417 -0.1925
vn -0.8270 0.4778 -0.2963
vn -0.8676 0.0818 -0.4905
vn -0.7967 0.3056 -0.5214
vn -0.8679 0.2864 -0.4059
vn -0.7034 0.3224 -0.6334
vn -0.7988 0.1196 -0.5895
vn -0.7037 0.1532 -0.6938
vn -0.7547 0.4993 -0.4257
vn -0.2338 -0.8575 -0.4582
vn -0.6304 -0.5314 -0.5658
vn -0.2678 -0.8586 -0.4370
vn -0.2295 -0.8748 -0.4266
vn -0.5841 -0.5141 -0.6281
vn -0.7188 -0.2417 -0.6518
vn -0.5544 -0.4948 -0.6692
vn -0.6542 -0.2012 -0.7290
vn -0.7650 -0.2823 -0.5789
vn -0.6016 0.2106 -0.7705
vn -0.5126 0.0957 -0.8533
vn -0.5000 0.2908 -0.8158
vn -0.5915 0.0327 -0.8056
vn -0.5774 -0.1622 -0.8002
vn -0.6862 -0.0186 -0.7271
vn -0.5169 -0.1205 -0.8475
vn -0.9888 -0.1113 0.0997
vn -0.9915 0.1285 0.0179
vn -0.9759 0.0677 0.2077
vn -0.9642 0.1917 -0.1831
vn -0.9951 -0.0497 -0.0859
vn -0.9590 0.0072 -0.2835
vn -0.9311 0.3325 0.1501
vn -0.8986 0.2793 0.3384
vn -0.8132 -0.2986 -0.4995
vn -0.8691 -0.3247 -0.3732
vn -0.6838 -0.5379 -0.4931
vn -0.2791 -0.8719 -0.4023
vn -0.7337 -0.5551 -0.3918
vn -0.2605 -0.8887 -0.3773
vn -0.8686 -0.1374 -0.4761
vn -0.8288 -0.1043 -0.5497
vn -0.9215 -0.1731 -0.3475
vn -0.9094 0.0474 -0.4132
vn -0.6188 0.0935 0.7799
vn -0.5597 0.4157 0.7169
vn -0.4480 0.3521 0.8218
vn -0.6295 0.4665 0.6214
vn -0.7423 0.1752 0.6467
vn -0.8049 0.2184 0.5517
vn -0.4825 0.6000 0.6382
vn -0.4088 0.5537 0.7255
vn -0.3101 0.5137 0.8000
vn 0.4570 0.4238 0.7820
vn 0.6045 0.5206 0.6030
vn 0.6156 0.4248 0.6638
vn 0.5835 0.6316 0.5105
vn 0.4587 0.5885 0.6658
vn 0.4248 0.6730 0.6055
vn 0.4629 0.6596 0.5922
vn 0.3013 0.5171 0.8012
vn 0.3435 0.6542 0.6738
vn 0.2065 0.4977 0.8424
vn -0.2993 0.5310 0.7927
vn -0.4691 0.5083 0.7222
vn -0.3584 0.4729 0.8049
vn -0.3521 0.6026 0.7162
vn -0.4200 0.6432 0.6402
vn -0.5334 0.5573 0.6363
vn 0.2902 0.6141 0.7339
vn 0.4363 0.8879 0.1457
vn 0.2156 0.6127 0.7603
vn 0.4256 0.8880 0.1738
vn 0.3564 0.8724 0.3345
vn -0.2657 0.6971 0.6660
vn 0.3550 0.8633 0.3586
vn -0.1514 0.6996 0.6983
vn 0.3642 0.8413 0.3995
vn -0.3083 0.7131 0.6296
vn 0.6716 0.2490 0.6978
vn 0.7310 0.0988 0.6752
vn 0.6296 0.1039 0.7699
vn 0.4870 0.2073 0.8484
vn 0.4508 0.0146 0.8925
vn 0.5874 0.0786 0.8055
vn 0.5101 -0.2006 0.8364
vn 0.6629 -0.2088 0.7190
vn 0.5829 0.4952 0.6443
vn 0.7204 0.4632 0.5161
vn 0.6993 0.3602 0.6174
vn 0.8262 0.3617 0.4319
vn 0.7856 0.3780 0.4899
vn 0.7822 0.2766 0.5582
vn 0.8463 0.3117 0.4319
vn 0.8239 0.2539 0.5067
vn 0.7768 0.1737 0.6053
vn 0.7882 0.1805 0.5883
vn 0.3237 -0.1771 0.9294
vn 0.3333 0.0580 0.9410
vn 0.4517 0.0055 0.8922
vn 0.3350 0.2961 0.8945
vn 0.1952 -0.1088 0.9747
vn 0.1907 0.1249 0.9737
vn 0.3551 0.5317 0.7689
vn 0.3267 0.6421 0.6936
vn 0.2288 0.4010 0.8871
vn 0.2111 0.5623 0.7995
vn 0.2651 0.6549 0.7077
vn 0.0795 0.4956 0.8649
vn 0.1316 0.6033 0.7865
vn -0.0441 0.4816 0.8753
vn 0.1241 0.6148 0.7789
vn 0.4130 0.8889 0.1982
vn 0.0833 0.6350 0.7680
vn 0.4012 0.8867 0.2296
vn -0.7052 -0.2436 0.6659
vn -0.8330 -0.0550 0.5505
vn -0.6971 -0.1093 0.7086
vn -0.8951 -0.0347 0.4445
vn -0.8373 -0.2062 0.5064
vn -0.9087 -0.2131 0.3590
vn -0.8932 -0.4474 -0.0445
vn -0.9292 -0.3288 0.1686
vn -0.8677 -0.4849 0.1093
vn -0.9559 -0.2934 0.0133
vn -0.9540 -0.1733 0.2447
vn -0.8766 -0.3565 0.3232
vn -0.8136 -0.5230 0.2538
vn -0.2617 0.0660 0.9629
vn -0.5274 -0.0988 0.8439
vn -0.4858 0.0883 0.8696
vn -0.4841 -0.2397 0.8416
vn -0.2418 -0.1379 0.9605
vn -0.1888 -0.2525 0.9490
vn -0.3310 0.3404 0.8801
vn -0.1749 0.3065 0.9357
vn -0.2164 0.5024 0.8371
vn -0.0786 0.4837 0.8717
vn 0.0397 0.3124 0.9491
vn 0.0505 0.5095 0.8590
vn 0.0207 0.0469 0.9987
vn 0.0076 -0.1858 0.9826
vn 0.0858 -0.2983 0.9506
vn -0.1283 0.5089 0.8512
vn -0.2906 0.4817 0.8267
vn -0.2153 0.4872 0.8463
vn -0.2408 0.5049 0.8289
vn -0.0198 0.5451 0.8381
vn -0.1222 0.4844 0.8663
vn 0.3671 0.8880 0.2771
vn -0.0743 0.7109 0.6993
vn 0.3535 0.8790 0.3201
vn -0.0420 0.6932 0.7196
vn 0.0231 0.6630 0.7483
vn 0.3773 0.8894 0.2579
vn 0.5951 -0.4700 0.6519
vn 0.6616 -0.4937 0.5644
vn 0.5957 -0.6945 0.4035
vn 0.5783 -0.6954 0.4265
vn 0.8169 0.1767 0.5490
vn 0.9086 0.2049 0.3639
vn 0.8705 -0.0979 0.4824
vn 0.9205 -0.0040 0.3906
vn 0.8731 0.1739 0.4555
vn 0.8452 0.1640 0.5086
vn 0.8666 0.0140 0.4989
vn 0.8239 0.0245 0.5662
vn 0.7103 0.1016 0.6965
vn 0.6000 -0.0747 0.7965
vn 0.5115 -0.2687 0.8162
vn 0.3407 -0.3433 0.8752
vn 0.7095 -0.2178 0.6702
vn 0.4389 -0.4510 0.7772
vn -0.1642 -0.2973 0.9406
vn 0.1111 -0.4683 0.8766
vn -0.1618 -0.3555 0.9206
vn 0.1296 -0.4227 0.8969
vn -0.3916 -0.3190 0.8631
vn -0.6405 -0.3682 0.6739
vn -0.3127 -0.4859 0.8162
vn -0.5519 -0.5374 0.6376
vn -0.1942 -0.9426 -0.2715
vn -0.4451 -0.8006 0.4011
vn -0.0947 -0.9820 -0.1634
vn -0.2025 -0.9362 -0.2875
vn -0.5903 -0.7895 0.1678
vn -0.6693 -0.7397 0.0700
vn -0.7360 -0.5432 0.4041
vn 0.8007 -0.3979 0.4477
vn 0.6283 -0.6399 0.4425
vn 0.6460 -0.5478 0.5316
vn 0.8314 -0.2803 0.4798
vn 0.8234 -0.2021 0.5303
vn 0.8359 -0.1973 0.5123
vn 0.7256 -0.4699 0.5027
vn 0.7796 -0.4668 0.4175
vn 0.7520 -0.3749 0.5422
vn 0.4803 -0.5809 0.6572
vn 0.7070 -0.5657 0.4244
vn 0.4106 -0.6850 0.6018
vn -0.1783 -0.8669 0.4655
vn -0.1411 -0.5234 0.8403
vn -0.0842 -0.6784 0.7298
vn -0.2873 -0.6492 0.7043
vn 0.1198 -0.4941 0.8611
vn 0.1115 -0.5834 0.8045
vn -0.0636 -0.9407 0.3332
vn -0.0800 -0.9648 0.2506
vn -0.0803 -0.7947 0.6016
vn -0.0920 -0.8848 0.4567
vn -0.0174 -0.9967 -0.0796
vn 0.0003 -0.9979 -0.0650
vn -0.0507 -0.9789 0.1980
vn 0.0255 -0.9792 0.2011
vn -0.0080 -0.8746 0.4849
vn 0.1036 -0.9048 0.4130
vn 0.0330 -0.9973 -0.0654
vn -0.0253 -0.9969 -0.0745
vn -0.0598 -0.9935 0.0968
vn 0.0106 -0.9922 0.1239
vn -0.0672 -0.9966 -0.0472
vn 0.0040 -0.9985 -0.0545
vn 0.0759 -0.9970 0.0169
vn -0.0975 -0.9945 0.0386
vn 0.2703 -0.7943 0.5441
vn 0.0477 -0.7336 0.6779
vn -0.1321 -0.9871 -0.0909
vn -0.2858 -0.9582 -0.0118
vn 0.0742 -0.9954 -0.0605
vn 0.0860 -0.9662 -0.2430
vn -0.1958 -0.9558 -0.2195
vn -0.3639 -0.9164 -0.1666
vn 0.0524 -0.9867 0.1541
vn 0.0511 -0.9974 -0.0517
vn 0.0471 -0.9976 -0.0502
vn 0.0651 -0.9739 0.2173
vn 0.0220 -0.9870 0.1592
vn 0.0717 -0.9894 0.1259
vn 0.0548 -0.9970 -0.0549
vn 0.0721 -0.9557 0.2854
vn 0.0388 -0.9854 0.1655
vn -0.5562 -0.5182 -0.6497
vn -0.3588 -0.5556 -0.7500
vn -0.5772 -0.5082 -0.6392
vn -0.7659 -0.4004 -0.5030
vn -0.1104 -0.4160 -0.9026
vn 0.0246 -0.6623 -0.7488
vn -0.3236 -0.2224 -0.9197
vn 0.1049 -0.8388 -0.5342
vn -0.2498 -0.6216 -0.7425
vn -0.3850 -0.4717 -0.7933
vn -0.3032 -0.0825 -0.9493
vn -0.3536 -0.2216 -0.9088
vn -0.7714 -0.5835 -0.2539
vn -0.5262 -0.6784 -0.5127
vn -0.6418 -0.4568 -0.6159
vn -0.8304 -0.4217 -0.3640
vn -0.5071 -0.5306 -0.6793
vn -0.3805 -0.6280 -0.6789
vn -0.4057 -0.6891 -0.6004
vn -0.1524 -0.8181 -0.5545
vn -0.4965 -0.7159 -0.4910
vn -0.1601 -0.8600 -0.4845
vn -0.1839 -0.7714 -0.6092
vn -0.2155 -0.6238 -0.7512
vn 0.1419 -0.8024 -0.5797
vn -0.0540 -0.6477 -0.7600
vn 0.1888 -0.8803 -0.4353
vn -0.2752 -0.9568 0.0941
vn -0.1532 -0.9780 0.1414
vn -0.3347 -0.9412 -0.0454
vn -0.1018 -0.9945 0.0249
vn -0.5329 -0.8201 0.2084
vn -0.5941 -0.8016 0.0670
vn -0.4378 -0.8881 0.1401
vn -0.4309 -0.9024 0.0006
vn -0.5098 -0.8258 -0.2410
vn -0.6663 -0.7398 -0.0941
vn -0.3162 -0.8881 -0.3337
vn 0.0236 -0.9620 -0.2721
vn -0.4152 -0.8321 -0.3676
vn -0.2427 -0.9618 0.1265
vn -0.2943 -0.9528 0.0741
vn -0.2191 -0.9659 0.1382
vn -0.2934 -0.9487 0.1176
vn -0.3074 -0.9513 -0.0242
vn -0.2434 -0.9695 -0.0280
vn 0.0934 -0.9672 -0.2361
vn -0.0705 -0.9973 -0.0227
vn -0.2003 -0.9303 -0.3074
vn -0.2292 -0.9695 -0.0864
vn -0.3117 -0.9493 -0.0399
vn -0.2673 -0.9624 0.0479
vn -0.3564 -0.9322 -0.0626
vn -0.3477 -0.9327 0.0958
vn -0.3699 -0.9159 0.1559
vn -0.3461 -0.9307 0.1184
vn -0.1768 -0.9804 0.0865
vn -0.3308 -0.9422 0.0540
vn -0.3282 -0.9442 -0.0292
vn -0.4432 -0.8518 -0.2794
vn -0.3381 -0.2014 0.9193
vn -0.0706 -0.4342 0.8981
vn -0.7440 -0.3391 0.5757
vn -0.4975 -0.6443 0.5808
vn -0.0041 -0.4160 0.9094
vn 0.1219 -0.5054 0.8542
vn 0.0063 -0.4831 0.8755
vn 0.0061 -0.5310 0.8474
vn 0.0125 -0.5083 0.8611
vn 0.0131 -0.5441 0.8389
vn 0.0053 -0.5401 0.8416
vn -0.0147 -0.5427 0.8398
vn 0.0769 -0.6800 0.7292
vn -0.0237 -0.6000 0.7997
vn 0.0258 -0.6018 0.7982
vn 0.0766 -0.6240 0.7777
vn 0.2818 -0.6352 0.7191
vn 0.2060 -0.5734 0.7929
vn 0.1949 -0.6789 0.7079
vn 0.2658 -0.4386 0.8585
vn 0.3226 -0.4102 0.8530
vn 0.3442 -0.5873 0.7326
vn 0.4169 -0.5075 0.7541
vn 0.5061 -0.3063 0.8063
vn 0.0745 -0.4607 0.8844
vn 0.2867 -0.4225 0.8598
vn 0.1053 -0.5674 0.8167
vn 0.2223 -0.1796 0.9583
vn 0.0084 -0.3296 0.9441
vn 0.4242 -0.3298 0.8433
vn 0.4258 -0.1099 0.8981
vn 0.2586 -0.5560 0.7899
vn 0.1566 -0.6491 0.7444
vn 0.2280 -0.6364 0.7369
vn 0.1553 -0.7156 0.6810
vn 0.1269 -0.7625 0.6344
vn 0.1175 -0.6762 0.7273
vn 0.1695 -0.7314 0.6605
vn 0.1674 -0.6937 0.7005
vn 0.1144 -0.5335 0.8380
vn 0.1240 -0.6800 0.7226
vn 0.0883 -0.4180 0.9041
vn 0.0421 -0.6357 0.7708
vn 0.0735 -0.4046 0.9115
vn -0.0185 -0.6099 0.7923
vn 0.1665 -0.4206 0.8918
vn -0.0195 -0.6727 0.7396
vn 0.2054 -0.4667 0.8602
vn -0.2213 -0.7337 0.6424
vn -0.7768 -0.5604 -0.2873
vn -0.9505 -0.3073 0.0456
vn -0.9233 -0.2671 -0.2759
vn -0.7514 -0.6512 0.1060
vn 0.6159 -0.1474 0.7739
vn 0.5948 0.3047 0.7439
vn 0.5994 0.0165 0.8003
vn 0.6343 0.3043 0.7107
vn 0.3429 0.7007 0.6257
vn 0.1052 0.8955 0.4324
vn 0.5061 0.6652 0.5490
vn 0.3231 0.9201 0.2213
vn 0.4625 0.0452 0.8855
vn 0.6714 0.2826 0.6851
vn 0.5811 0.1431 0.8012
vn 0.7267 0.5293 0.4379
vn 0.6534 0.3719 0.6593
vn 0.5635 0.0749 0.8227
vn 0.3573 -0.0226 0.9337
vn 0.2664 -0.1003 0.9586
vn 0.5993 0.0798 0.7965
vn 0.6084 0.1514 0.7791
vn -0.2841 -0.0993 0.9536
vn 0.1484 -0.0840 0.9854
vn -0.1343 -0.3648 0.9214
vn 0.0034 0.0443 0.9990
vn 0.3690 0.1716 0.9135
vn 0.4692 0.1471 0.8708
vn -0.2484 -0.7677 0.5907
vn -0.6961 -0.6925 0.1895
vn -0.3088 -0.9492 0.0612
vn -0.9051 0.0197 0.4248
vn -0.4299 -0.6743 0.6005
vn -0.5923 -0.1255 0.7959
vn -0.0944 -0.8126 0.5752
vn -0.1013 -0.9934 0.0536
vn 0.0161 -0.8368 0.5472
vn -0.0191 -0.9985 0.0512
vn 0.0794 -0.8651 0.4953
vn -0.0337 -0.9994 -0.0071
vn 0.0538 -0.8980 0.4367
vn -0.1032 -0.9920 -0.0721
vn 0.0589 -0.9164 0.3958
vn -0.0905 -0.9914 -0.0945
vn 0.0911 -0.9190 0.3835
vn -0.0969 -0.9873 -0.1261
vn -0.1453 -0.9306 0.3360
vn -0.2639 -0.9588 -0.1048
vn -0.0417 -0.9358 0.3500
vn -0.1859 -0.9724 -0.1411
vn -0.7412 -0.3593 -0.5671
vn -0.6165 -0.5251 -0.5867
vn -0.5745 -0.4931 -0.6533
vn -0.4493 -0.5652 -0.6919
vn -0.4785 -0.8503 0.2192
vn -0.5762 -0.7978 -0.1775
vn -0.2945 -0.9049 0.3072
vn -0.2300 -0.9067 0.3535
vn -0.3919 -0.9157 -0.0887
vn -0.3232 -0.9423 -0.0866
vn -0.4765 -0.6947 -0.5387
vn -0.3715 -0.7972 -0.4758
vn -0.3940 -0.6033 -0.6934
vn -0.3977 -0.6673 -0.6297
vn -0.2328 -0.4343 -0.8701
vn -0.2689 -0.5470 -0.7928
vn -0.1627 -0.5371 -0.8277
vn -0.2663 -0.5544 -0.7885
vn -0.3451 -0.8091 -0.4756
vn -0.3072 -0.8079 -0.5029
vn -0.3534 -0.6784 -0.6441
vn -0.3130 -0.6849 -0.6580
vn -0.3613 -0.6259 -0.6912
vn -0.4379 -0.5753 -0.6908
vn -0.3732 -0.6242 -0.6864
vn -0.3092 -0.6141 -0.7261
vn -0.3855 -0.3764 -0.8424
vn -0.3721 -0.4431 -0.8156
vn -0.3813 -0.1568 -0.9110
vn -0.3526 -0.5711 -0.7413
vn -0.3403 -0.5311 -0.7760
vn -0.2795 -0.6862 -0.6716
vn -0.2309 -0.8314 -0.5054
vn -0.2370 -0.8137 -0.5308
vn -0.2189 -0.8396 -0.4971
vn -0.2906 -0.7010 -0.6513
vn -0.2887 -0.7250 -0.6254
vn -0.2568 -0.8085 -0.5296
vn -0.2677 -0.6879 -0.6746
vn -0.2908 -0.6210 -0.7279
vn -0.3179 -0.6374 -0.7019
vn -0.1661 -0.8813 -0.4424
vn -0.1073 -0.9254 -0.3636
vn -0.2571 -0.7649 -0.5906
vn -0.1934 -0.8129 -0.5494
vn -0.3173 -0.6509 -0.6897
vn -0.2900 -0.6433 -0.7085
vn -0.2958 -0.5745 -0.7632
vn -0.2083 -0.5265 -0.8242
vn -0.1289 -0.9408 -0.3134
vn -0.3180 -0.9085 -0.2710
vn -0.1771 -0.8393 -0.5141
vn -0.3164 -0.7875 -0.5289
vn -0.7408 -0.6465 -0.1820
vn -0.6523 -0.5142 -0.5569
vn -0.8680 0.0492 -0.4942
vn -0.9960 0.0883 -0.0116
vn 0.9634 0.1885 0.1907
vn 0.7925 0.2232 0.5675
vn 0.7834 0.2249 0.5794
vn 0.8169 0.1848 0.5464
vn 0.9571 0.2290 0.1773
vn 0.9595 0.2653 0.0945
vn 0.8449 0.1784 0.5043
vn 0.9591 0.2830 0.0050
vn 0.9105 0.3943 -0.1244
vn 0.8428 0.2765 0.4618
vn 0.8128 0.5164 0.2697
vn 0.7371 0.5870 -0.3349
vn 0.5443 0.6749 -0.4983
vn 0.6879 0.7218 -0.0761
vn -0.2298 -0.4332 -0.8715
vn -0.0652 -0.3083 -0.9491
vn -0.1356 -0.1899 -0.9724
vn 0.0912 -0.0327 -0.9953
vn -0.2329 -0.6380 -0.7340
vn -0.1776 -0.6525 -0.7366
vn -0.1165 -0.4525 -0.8841
vn -0.0602 -0.3704 -0.9269
vn 0.0899 -0.1525 -0.9842
vn 0.2101 -0.0120 -0.9776
vn 0.2568 0.1443 -0.9556
vn 0.3721 0.2787 -0.8854
vn 0.4763 0.3042 -0.8250
vn 0.2948 0.0854 -0.9517
vn 0.4058 0.3188 -0.8566
vn 0.0868 -0.2046 -0.9750
vn 0.3777 0.1336 -0.9163
vn -0.0212 -0.3008 -0.9534
vn 0.6559 0.4634 -0.5959
vn 0.5971 0.2853 -0.7497
vn 0.5208 0.5421 -0.6595
vn 0.7926 0.3523 -0.4976
vn 0.7078 0.2727 -0.6517
vn -0.1811 -0.6670 -0.7227
vn -0.3006 -0.6034 -0.7386
vn 0.9131 0.2252 -0.3398
vn 0.6786 0.1128 -0.7258
vn 0.9416 0.1488 -0.3020
vn 0.6270 0.1924 -0.7549
vn 0.6489 0.1437 -0.7472
vn 0.8778 0.2742 -0.3928
vn 0.8543 0.2935 -0.4290
vn 0.6713 0.2227 -0.7070
vn 0.5007 0.1416 -0.8539
vn 0.4157 0.0705 -0.9067
vn 0.3389 0.0615 -0.9388
vn 0.3855 0.0336 -0.9221
vn -0.0462 -0.0283 -0.9985
vn -0.0825 -0.1651 -0.9828
vn -0.4900 -0.3199 -0.8109
vn -0.5427 0.0288 -0.8394
vn 0.2382 -0.0860 -0.9674
vn 0.4334 0.0385 -0.9004
vn 0.5694 -0.2773 -0.7739
vn 0.6987 0.0387 -0.7144
vn 0.8357 -0.4069 -0.3688
vn 0.9869 0.0351 0.1572
vn 0.9131 -0.3949 0.1015
vn 0.9540 -0.0187 -0.2993
vn -0.2255 -0.9268 -0.3002
vn 0.0392 -0.9714 -0.2340
vn 0.1428 -0.8803 -0.4525
vn -0.1991 -0.7607 -0.6178
vn -0.1367 -0.3003 -0.9440
vn 0.1554 -0.2926 -0.9435
vn 0.2082 -0.9753 0.0741
vn 0.1833 -0.9829 -0.0149
vn 0.2256 -0.9525 -0.2044
vn 0.2768 -0.9364 -0.2158
vn 0.2090 -0.9460 -0.2478
vn 0.2911 -0.9210 -0.2588
vn 0.2071 -0.9744 -0.0874
vn 0.1671 -0.9809 -0.0992
vn 0.3501 -0.9207 0.1727
vn 0.3946 -0.9086 -0.1372
vn 0.5561 -0.8241 0.1075
vn 0.2314 -0.9674 0.1025
vn 0.4306 -0.7329 0.5267
vn 0.6282 -0.6411 0.4409
vn 0.4822 -0.7021 0.5240
vn 0.6814 -0.6698 0.2951
vn 0.5545 -0.7472 0.3664
vn 0.5513 -0.7897 0.2692
vn 0.5235 -0.7955 0.3050
vn 0.4933 -0.7639 0.4160
vn 0.7340 0.0412 0.6779
vn 0.8741 -0.2696 0.4041
vn 0.4434 0.5856 -0.6786
vn 0.4440 0.5838 -0.6798
vn 0.4185 0.7087 -0.5679
vn 0.7027 -0.2756 -0.6559
vn 0.4333 0.3649 -0.8241
vn 0.6207 0.5947 -0.5109
vn 0.3535 -0.9350 -0.0276
vn 0.3043 -0.8906 0.3379
vn 0.2668 -0.9530 0.1435
vn 0.9083 -0.4184 -0.0009
vn 0.3962 -0.9172 -0.0410
vn 0.4622 -0.8630 0.2038
vn 0.4824 -0.7344 0.4775
vn 0.4272 -0.7322 0.5305
vn 0.1082 0.9551 0.2756
vn 0.3889 0.9166 0.0933
vn 0.5637 0.7773 -0.2794
vn 0.4361 0.8996 0.0238
vn 0.4300 0.8730 -0.2303
vn 0.2842 0.9313 -0.2278
vn 0.4173 -0.7811 0.4645
vn 0.5432 -0.7402 0.3963
vn 0.9176 0.2988 -0.2621
vn 0.3648 0.8182 -0.4444
vn 0.6307 0.7739 0.0579
vn 0.6066 0.6978 0.3809
vn 0.4927 0.7960 -0.3516
vn -0.0463 0.8936 -0.4465
vn -0.1903 0.6909 -0.6974
vn -0.0566 0.7740 -0.6307
vn -0.3038 0.6405 -0.7053
vn -0.1454 0.8308 -0.5373
vn -0.2525 0.7897 -0.5590
vn -0.3731 0.4001 -0.8371
vn -0.2439 0.4559 -0.8560
vn 0.0050 0.5284 -0.8490
vn -0.1455 0.1206 -0.9820
vn -0.3162 0.1285 -0.9400
vn -0.3904 -0.1248 -0.9122
vn -0.4293 0.1416 -0.8920
vn -0.4665 -0.0896 -0.8800
vn -0.2336 -0.2361 -0.9432
vn -0.0874 0.9525 0.2918
vn -0.1688 0.9831 0.0707
vn -0.2278 0.9737 -0.0015
vn -0.1399 0.9725 0.1860
vn -0.0324 0.9454 0.3244
vn 0.0071 0.9134 0.4070
vn -0.3249 0.9361 -0.1344
vn -0.3119 0.9090 -0.2766
vn -0.3127 0.8773 -0.3642
vn 0.3042 0.7582 0.5767
vn 0.0700 0.9205 0.3845
vn -0.0279 0.9439 0.3290
vn 0.1105 0.8587 0.5003
vn 0.3226 0.7675 0.5540
vn 0.2630 0.7587 0.5960
vn -0.1001 0.9595 0.2634
vn -0.1064 0.9453 0.3082
vn 0.0174 0.8935 0.4488
vn -0.0211 0.8895 0.4565
vn -0.2472 0.9570 0.1518
vn -0.2839 0.9588 0.0105
vn 0.0805 0.7940 0.6025
vn 0.1907 0.7259 0.6609
vn 0.1566 0.7118 0.6846
vn 0.1081 0.8129 0.5723
vn 0.0912 0.8966 0.4333
vn 0.1464 0.7109 0.6879
vn 0.1952 0.7446 0.6383
vn -0.0415 0.9235 0.3815
vn 0.0191 0.9792 0.2022
vn 0.0717 0.8104 0.5815
vn 0.1377 0.9274 0.3477
vn 0.0240 0.9971 0.0718
vn 0.0255 0.9954 0.0920
vn 0.2443 0.7350 0.6325
vn 0.1480 0.9313 0.3327
vn 0.1357 0.9426 0.3051
vn 0.2640 0.7650 0.5874
vn 0.2827 0.7974 0.5331
vn -0.0093 0.9980 0.0626
vn 0.0258 0.9809 0.1928
vn -0.1917 0.9617 0.1957
vn -0.0783 0.9888 0.1268
vn -0.0944 0.9561 0.2773
vn 0.1152 0.9321 0.3434
vn 0.0103 0.9952 0.0976
vn 0.0277 0.9968 0.0745
vn 0.2097 0.7640 0.6102
vn 0.1070 0.9314 0.3478
vn 0.2062 0.7314 0.6501
vn 0.1081 0.9746 -0.1960
vn 0.1785 0.8731 -0.4537
vn 0.2207 0.7736 -0.5940
vn 0.1011 0.9588 -0.2656
vn 0.1759 0.9789 -0.1036
vn 0.1415 0.9893 -0.0368
vn 0.1223 0.9882 0.0924
vn 0.0941 0.9929 0.0722
vn 0.0074 0.9998 0.0179
vn 0.2183 0.7727 0.5961
vn 0.1137 0.9212 0.3721
vn 0.0224 0.9913 0.1294
vn -0.3418 0.7977 -0.4969
vn -0.2359 0.8646 -0.4436
vn -0.3641 0.6957 -0.6192
vn -0.2043 0.9256 -0.3186
vn -0.2855 0.8913 -0.3522
vn 0.0622 0.9978 -0.0237
vn 0.0346 0.9994 -0.0052
vn 0.0262 0.9887 -0.1478
vn -0.0413 0.9544 -0.2956
vn 0.0033 0.9975 -0.0711
vn -0.0478 0.9845 -0.1686
vn -0.0396 0.9964 -0.0756
vn -0.1122 0.9518 -0.2855
vn -0.0694 0.9879 -0.1385
vn -0.1293 0.9798 -0.1525
vn -0.0438 0.9986 -0.0293
vn -0.0021 0.9998 -0.0172
vn 0.0458 0.9989 -0.0045
vn 0.0511 0.4322 -0.9003
vn -0.0199 0.0577 -0.9981
vn 0.0254 0.5177 -0.8552
vn -0.0964 0.1005 -0.9903
vn -0.1629 -0.1541 -0.9745
vn -0.0861 -0.1208 -0.9889
vn -0.2949 0.9513 -0.0898
vn 0.0177 0.8114 -0.5842
vn -0.1253 0.8835 -0.4513
vn -0.1339 0.9724 -0.1913
vn -0.3812 0.9232 -0.0491
vn -0.3391 0.9390 -0.0580
vn -0.2708 0.9599 -0.0721
vn -0.4509 0.8844 -0.1202
vn -0.3947 0.9188 0.0021
vn -0.4323 0.9007 -0.0421
vn -0.4467 0.8917 -0.0729
vn -0.4451 0.8952 0.0219
vn -0.4610 0.8633 -0.2056
vn -0.4389 0.8389 -0.3220
vn -0.4691 0.8832 0.0011
vn -0.5450 0.8377 -0.0360
vn -0.4066 0.7990 -0.4430
vn -0.3358 0.7505 -0.5692
vn -0.5455 0.7256 -0.4195
vn -0.4021 0.6237 -0.6703
vn -0.2323 0.7960 -0.5589
vn -0.0750 0.6501 -0.7562
vn -0.0698 0.6080 -0.7908
vn -0.3133 0.9495 -0.0159
vn -0.2199 0.8871 -0.4059
vn -0.1415 0.9658 -0.2173
vn -0.0079 0.7488 -0.6627
vn -0.3313 0.9129 0.2383
vn -0.3283 0.9039 -0.2743
vn -0.3221 0.8671 0.3800
vn -0.3478 0.9366 -0.0422
vn -0.3589 0.9214 0.1492
vn -0.2454 0.8103 0.5322
vn -0.2413 0.8568 0.4557
vn -0.2298 0.9454 0.2312
vn -0.3225 0.8479 0.4208
vn -0.3823 0.7239 0.5743
vn -0.3914 0.8661 0.3109
vn -0.4772 0.6902 0.5440
vn -0.2881 0.6417 0.7108
vn -0.2414 0.8143 0.5279
vn -0.4336 0.2338 0.8702
vn -0.3121 -0.3335 0.8896
vn -0.4997 0.2333 0.8342
vn -0.3444 -0.3116 0.8856
vn -0.2453 -0.3487 0.9046
vn -0.3261 0.1563 0.9323
vn -0.7461 0.6450 0.1656
vn -0.6138 0.2170 0.7591
vn -0.5795 0.6828 0.4449
vn -0.4458 -0.3497 0.8240
vn -0.8960 0.2135 0.3895
vn -0.6871 -0.3894 0.6133
vn -0.1925 -0.6657 0.7210
vn -0.1393 -0.9015 0.4097
vn -0.1745 -0.6976 0.6949
vn -0.0717 -0.9385 0.3377
vn -0.2633 -0.6019 0.7539
vn -0.2848 -0.8534 0.4366
vn 0.0802 -0.8931 -0.4426
vn -0.0834 -0.9965 -0.0015
vn -0.0099 -0.9983 -0.0582
vn -0.2115 -0.9771 -0.0238
vn 0.0333 -0.8794 -0.4748
vn -0.0728 -0.8290 -0.5545
vn 0.2645 -0.4865 -0.8327
vn 0.1506 -0.5644 -0.8117
vn 0.1940 -0.6678 -0.7186
vn 0.0528 -0.5355 -0.8429
vn 0.1633 -0.3634 -0.9172
vn 0.0649 -0.3110 -0.9482
vn -0.5423 0.6972 -0.4689
vn -0.4927 0.8638 0.1051
vn -0.4169 0.8989 -0.1346
vn -0.6681 0.7071 -0.2318
vn -0.2347 -0.7829 0.5762
vn -0.6776 -0.7204 0.1476
vn -0.4954 -0.7816 -0.3791
vn -0.1201 -0.9800 0.1586
vn -0.3682 0.6039 -0.7069
vn -0.3592 0.8726 -0.3309
vn -0.2978 0.8118 -0.5023
vn -0.4476 0.6500 -0.6141
vn -0.6999 0.0636 -0.7114
vn -0.9648 0.0522 -0.2579
vn -0.5178 0.0833 -0.8515
vn -0.3848 0.1238 -0.9147
vn -0.2068 -0.5694 -0.7956
vn -0.3236 -0.6825 -0.6554
vn -0.0482 -0.9680 -0.2463
vn -0.0064 -0.8415 -0.5403
vn -0.0507 0.5653 -0.8233
vn 0.0958 0.3314 -0.9386
vn -0.0542 0.4456 -0.8936
vn 0.0560 0.4241 -0.9039
vn 0.0732 0.3034 -0.9501
vn 0.0391 0.4315 -0.9013
vn -0.1945 0.7178 -0.6685
vn -0.2518 0.5507 -0.7958
vn -0.0404 0.5300 -0.8470
vn -0.0005 0.4666 -0.8845
vn 0.0034 0.5773 -0.8165
vn -0.0161 0.4406 -0.8975
vn 0.2150 -0.1567 -0.9640
vn 0.1345 -0.2296 -0.9640
vn 0.2679 -0.3375 -0.9024
vn 0.1101 -0.1237 -0.9862
vn 0.1118 -0.0865 -0.9900
vn 0.1244 0.0150 -0.9921
vn 0.2288 -0.1411 -0.9632
vn 0.2749 -0.3769 -0.8845
vn 0.0503 -0.2018 -0.9781
vn 0.1818 -0.4707 -0.8634
vn 0.0359 0.2306 -0.9724
vn 0.0299 0.3224 -0.9461
vn 0.1340 0.0866 -0.9872
vn 0.1542 0.1350 -0.9788
vn -0.0368 0.1808 -0.9828
vn 0.0699 -0.6484 -0.7580
vn -0.1037 -0.3731 -0.9220
vn -0.2495 0.1769 -0.9521
vn -0.9990 0.0386 0.0205
vn -0.7452 0.4749 -0.4681
vn -0.8805 0.4651 0.0915
vn -0.4666 0.4535 -0.7594
vn -0.7948 0.2206 -0.5653
vn -0.4721 0.1084 -0.8748
vn -0.3169 0.7223 -0.6147
vn -0.4125 0.7306 -0.5441
vn -0.2924 0.5813 -0.7593
vn -0.3490 0.5834 -0.7334
vn -0.4962 0.8226 -0.2778
vn -0.3571 0.8690 -0.3426
vn -0.4222 0.9065 -0.0059
vn -0.2174 0.9379 0.2703
vn -0.2746 0.9321 0.2361
vn -0.3699 0.9289 0.0167
vn -0.1653 0.8974 0.4091
vn 0.0461 0.6781 0.7335
vn -0.1315 0.9227 0.3624
vn 0.1480 0.7249 0.6728
vn -0.3288 -0.7877 -0.5210
vn -0.8246 -0.4018 -0.3983
vn -0.6374 -0.3103 -0.7053
vn -0.7557 -0.5799 0.3046
vn -0.6060 -0.7913 -0.0812
vn -0.7614 -0.6176 0.1969
vn -0.4235 -0.8896 0.1707
vn -0.5575 -0.6709 -0.4889
vn -0.4444 -0.4996 -0.7435
vn -0.2149 0.8801 0.4234
vn -0.1583 0.8613 0.4828
vn -0.2261 0.9169 0.3289
vn 0.0079 0.6433 0.7655
vn -0.1254 0.7859 0.6055
vn -0.0161 0.6248 0.7806
vn -0.1785 0.7645 0.6194
vn -0.0750 0.7291 0.6802
vn -0.1960 0.8215 0.5355
vn 0.0109 0.6456 0.7636
vn -0.0987 0.6881 0.7189
vn -0.0279 0.6204 0.7838
vn -0.4000 0.5493 0.7337
vn -0.1803 0.5964 0.7822
vn -0.2155 0.6291 0.7468
vn -0.1239 0.5525 0.8242
vn -0.3309 0.5212 0.7867
vn -0.2490 0.4534 0.8558
vn -0.6783 0.0212 0.7345
vn -0.5797 0.3652 0.7284
vn -0.7350 0.0839 0.6728
vn -0.6263 -0.0249 0.7791
vn -0.5408 0.3122 0.7811
vn -0.4611 0.2225 0.8590
vn -0.7881 -0.4021 0.4661
vn -0.7257 -0.3872 0.5687
vn -0.3310 -0.7684 0.5477
vn -0.5508 -0.7663 0.3306
vn -0.7241 -0.6677 0.1729
vn -0.7587 -0.4204 0.4976
vn -0.4259 -0.7628 0.4865
vn -0.0886 -0.8381 0.5383
vn -0.7261 -0.6078 0.3216
vn -0.5705 0.8122 -0.1217
vn -0.3095 0.9375 -0.1589
vn -0.5967 0.7769 -0.2009
vn -0.2457 0.9480 -0.2024
vn -0.2831 0.9573 -0.0587
vn -0.4422 0.8957 0.0475
vn -0.3345 0.9311 0.1454
vn -0.1649 0.9815 0.0971
vn -0.1185 0.9378 0.3264
vn -0.2697 0.9165 0.2956
vn -0.3834 0.7943 -0.4713
vn -0.1662 0.8420 -0.5133
vn -0.3955 0.5672 -0.7224
vn -0.2034 0.5757 -0.7919
vn -0.3528 0.3901 -0.8505
vn -0.3589 0.4695 -0.8067
vn -0.3424 0.4762 -0.8099
vn -0.1316 0.4767 -0.8691
vn -0.3400 0.3651 -0.8667
vn -0.0284 0.2952 -0.9550
vn -0.5990 -0.0346 -0.8000
vn -0.3586 0.0615 -0.9315
vn -0.4358 0.1806 -0.8817
vn 0.0649 -0.1321 -0.9891
vn -0.3700 -0.2292 -0.9003
vn 0.1983 -0.4393 -0.8762
vn -0.6715 0.4428 0.5942
vn -0.2656 0.4400 0.8578
vn -0.4748 0.5846 0.6578
vn -0.6285 0.3236 0.7073
vn -0.7981 0.2412 0.5522
vn -0.8734 0.0689 0.4822
vn -0.8174 0.3088 0.4864
vn -0.6827 -0.3966 0.6137
vn -0.4652 -0.6204 0.6314
vn -0.8006 -0.1805 0.5713
vn -0.1099 -0.8478 0.5188
vn -0.3039 -0.8195 0.4859
vn -0.0740 -0.9857 0.1515
vn 0.0268 -0.9664 -0.2558
vn -0.0938 -0.9909 0.0965
vn 0.1850 -0.8676 -0.4615
vn -0.0517 -0.9576 -0.2834
vn 0.0578 -0.8333 -0.5499
vn 0.1131 -0.7249 -0.6796
vn 0.3382 -0.6804 -0.6502
vn 0.2615 -0.7647 -0.5890
vn -0.4517 -0.2926 -0.8428
vn 0.1277 -0.5972 -0.7919
vn -0.4160 -0.3961 -0.8186
vn -0.3787 0.6501 0.6587
vn -0.3998 0.5316 0.7467
vn -0.4181 0.6377 0.6470
vn -0.4784 0.1748 0.8606
vn -0.3458 0.5765 0.7403
vn -0.6726 0.3665 0.6429
vn -0.4036 0.1961 0.8937
vn -0.4633 0.3295 0.8227
vn -0.4854 0.5456 0.6831
vn -0.1834 -0.6798 -0.7101
vn -0.1637 -0.4111 -0.8968
vn -0.1143 -0.5556 -0.8236
vn -0.2050 -0.1561 -0.9662
vn -0.2179 -0.5879 -0.7790
vn -0.2343 -0.4401 -0.8668
vn -0.2139 0.1181 -0.9697
vn -0.1541 -0.2533 -0.9550
vn -0.0677 -0.4613 -0.8846
vn -0.1440 -0.2660 -0.9532
vn -0.0832 0.1448 -0.9860
vn -0.1101 0.0797 -0.9907
vn -0.2378 0.5117 -0.8256
vn -0.2736 -0.0480 -0.9607
vn -0.4290 0.4077 -0.8061
vn -0.1940 0.6212 -0.7592
vn -0.0971 0.3069 -0.9468
vn -0.1289 0.2904 -0.9482
vn -0.1874 0.0404 -0.9814
vn -0.1970 -0.3184 -0.9273
vn -0.1822 0.2863 -0.9406
vn -0.4612 -0.7918 -0.4004
vn -0.4765 -0.8780 0.0456
vn -0.5534 -0.8313 -0.0515
vn -0.4556 -0.8797 0.1365
vn -0.3978 -0.8582 -0.3245
vn -0.3681 -0.8915 -0.2640
vn -0.5564 -0.5930 0.5820
vn -0.5588 -0.5442 0.6257
vn -0.6084 -0.7110 0.3525
vn -0.2997 -0.7436 -0.5977
vn -0.2668 -0.8062 -0.5280
vn -0.3293 -0.6565 -0.6787
vn -0.3636 0.7542 -0.5467
vn -0.3608 0.7970 -0.4843
vn -0.4852 0.5471 -0.6821
vn -0.4368 0.6294 -0.6427
vn -0.2500 0.9101 -0.3304
vn -0.2797 0.8630 -0.4207
vn -0.2906 0.8907 -0.3496
vn -0.2376 0.9398 -0.2454
vn -0.4577 0.7141 -0.5296
vn -0.4404 0.8960 -0.0571
vn -0.3408 0.9099 0.2365
vn -0.3167 0.9346 0.1621
vn -0.5023 -0.1959 0.8422
vn -0.4892 -0.1286 0.8627
vn -0.5447 -0.3740 0.7506
vn -0.5787 -0.1403 0.8034
vn -0.4962 -0.0073 0.8682
vn -0.5753 0.2001 0.7931
vn -0.5205 -0.2372 0.8202
vn -0.6382 -0.4888 0.5948
vn -0.5694 -0.1855 0.8009
vn -0.7117 -0.5308 -0.4601
vn -0.5579 0.0026 -0.8299
vn -0.4196 -0.4794 -0.7708
vn -0.7181 0.0875 -0.6904
vn -0.9763 -0.2153 -0.0205
vn -0.6933 0.6740 0.2551
vn -0.3529 0.6647 0.6585
vn -0.3523 0.7357 0.5785
vn -0.8166 -0.3125 0.4853
vn -0.7273 -0.6760 0.1183
vn -0.3554 -0.5775 -0.7350
vn -0.5472 -0.7042 -0.4524
vn -0.6540 -0.7560 -0.0280
vn -0.2562 0.9076 -0.3327
vn -0.1960 0.6948 -0.6920
vn -0.2485 0.9321 -0.2636
vn -0.2883 0.9280 -0.2362
vn -0.2969 0.9156 -0.2713
vn -0.2576 0.7954 -0.5486
vn -0.2318 0.9386 -0.2557
vn -0.2640 0.9626 0.0617
vn -0.2205 0.9681 0.1194
vn -0.2450 0.9518 -0.1847
vn -0.2742 0.7614 0.5874
vn -0.3028 0.8180 0.4892
vn -0.3346 0.7142 0.6148
vn -0.2347 0.8456 0.4794
vn -0.1391 0.4107 -0.9011
vn -0.1795 0.3835 -0.9059
vn -0.2192 0.5423 -0.8111
vn -0.2416 0.4256 -0.8721
vn -0.2036 0.3841 -0.9006
vn -0.2182 0.2836 -0.9338
vn -0.2597 0.3812 -0.8873
vn -0.1956 0.2840 -0.9387
vn -0.2320 0.8325 0.5031
vn -0.3068 0.7072 0.6369
vn -0.2488 0.8284 0.5018
vn -0.2822 0.7175 0.6369
vn -0.0356 -0.3217 -0.9462
vn -0.1349 -0.1025 -0.9855
vn -0.1147 -0.0122 -0.9933
vn -0.0794 -0.3974 -0.9142
vn -0.2592 0.8658 0.4281
vn -0.1880 0.8640 0.4671
vn -0.3676 0.6965 0.6163
vn -0.4139 0.6614 0.6254
vn -0.3398 0.6832 0.6464
vn -0.3206 0.7386 0.5930
vn -0.5302 0.4046 0.7452
vn -0.6111 -0.0342 0.7908
vn -0.2508 -0.1141 0.9613
vn -0.3004 0.3630 0.8820
vn -0.5731 -0.2323 0.7859
vn -0.4555 -0.5138 0.7270
vn -0.1930 -0.5466 0.8148
vn -0.2606 -0.4078 0.8751
vn -0.4308 -0.8653 0.2561
vn -0.3649 -0.9106 -0.1940
vn -0.3947 -0.9145 -0.0894
vn -0.3593 -0.8435 0.3993
vn -0.2674 -0.8352 -0.4805
vn -0.2964 -0.8407 -0.4532
vn -0.1676 -0.7170 -0.6766
vn -0.1663 -0.7225 -0.6711
vn -0.5695 -0.1270 -0.8121
vn 0.4794 -0.6115 -0.6295
vn -0.0052 -0.4254 -0.9050
vn 0.3644 -0.5946 -0.7167
vn -0.2988 -0.3402 -0.8916
vn -0.0828 -0.5998 -0.7959
vn -0.0790 -0.6025 -0.7942
vn -0.0417 -0.5242 -0.8506
vn -0.0562 -0.5377 -0.8413
vn -0.0623 -0.4784 -0.8759
vn -0.0657 -0.5112 -0.8570
vn -0.0123 -0.4163 -0.9091
vn 0.0171 -0.4723 -0.8813
vn -0.6577 -0.0710 -0.7499
vn -0.3725 -0.2946 -0.8800
vn -0.6715 -0.0809 -0.7365
vn 0.2081 -0.5424 -0.8139
vn 0.0506 -0.5900 -0.8058
vn 0.0858 -0.5633 -0.8218
vn 0.2949 -0.6024 -0.7418
vn -0.0547 -0.5461 -0.8359
vn 0.2435 -0.5255 -0.8152
vn 0.4375 -0.5706 -0.6949
vn -0.0016 0.7650 -0.6440
vn -0.0471 0.6963 -0.7162
vn -0.0076 0.5519 -0.8339
vn 0.0141 0.5608 -0.8278
vn 0.0086 0.9028 -0.4300
vn 0.1361 0.9467 -0.2920
vn 0.1986 0.9732 -0.1157
vn 0.0418 0.9774 -0.2074
vn 0.0321 0.9993 -0.0216
vn 0.1607 0.9866 0.0299
vn -0.2537 0.9242 -0.2854
vn -0.1976 0.8350 -0.5136
vn -0.2647 0.9517 -0.1556
vn -0.1305 0.6824 -0.7192
vn -0.1189 0.5967 -0.7936
vn 0.1366 0.9663 0.2181
vn -0.0350 0.9760 0.2149
vn -0.1564 0.8786 0.4512
vn -0.0184 0.8987 0.4382
vn -0.2607 0.9643 0.0460
vn -0.2298 0.9133 0.3364
vn -0.1617 0.8436 0.5120
vn -0.2122 0.8255 0.5230
vn -0.1893 0.8346 0.5173
vn -0.2179 0.8243 0.5225
vn -0.2029 0.8351 0.5114
vn -0.2307 0.8022 0.5506
vn 0.0402 0.4577 -0.8882
vn 0.0836 0.4654 -0.8811
vn 0.1617 0.2300 -0.9597
vn 0.1539 0.2064 -0.9663
vn -0.1220 0.4657 -0.8765
vn -0.0787 0.2065 -0.9753
vn 0.2629 -0.1960 -0.9447
vn 0.2525 -0.1842 -0.9499
vn 0.4038 -0.4714 -0.7841
vn 0.3592 -0.4399 -0.8231
vn 0.0286 -0.1110 -0.9934
vn 0.1494 -0.3568 -0.9222
vn 0.4522 -0.5679 -0.6878
vn 0.4249 -0.5399 -0.7266
vn 0.5157 -0.5861 -0.6249
vn 0.2284 -0.4727 -0.8511
vn -0.2545 0.4111 0.8753
vn -0.2873 0.7783 0.5583
vn -0.3511 0.5656 0.7462
vn -0.2575 0.7652 0.5900
vn -0.2309 0.7077 0.6677
vn -0.0457 0.2995 0.9530
vn -0.3575 0.0253 0.9336
vn -0.2893 -0.0913 0.9529
vn -0.5435 -0.1820 0.8194
vn -0.7875 0.1440 0.5993
vn -0.2786 0.0023 0.9604
vn -0.1293 -0.3985 0.9080
vn -0.8498 0.1341 0.5098
vn -0.6900 -0.2540 0.6778
vn -0.6241 -0.1148 0.7729
vn -0.8395 -0.1894 0.5093
vn -0.1640 -0.4804 0.8616
vn -0.0792 -0.4260 0.9012
vn -0.4563 -0.7709 0.4445
vn -0.4850 -0.7262 0.4872
vn -0.3524 -0.9358 -0.0019
vn -0.2259 -0.9735 0.0342
vn -0.3916 -0.7681 0.5066
vn -0.4272 -0.9036 -0.0306
vn -0.0811 -0.9402 -0.3309
vn -0.1993 -0.8981 -0.3921
vn -0.0833 -0.7793 -0.6211
vn 0.0559 -0.8331 -0.5503
vn -0.2843 -0.8544 -0.4350
vn -0.1598 -0.7303 -0.6642
vn 0.0044 -0.6637 -0.7480
vn 0.1392 -0.7224 -0.6774
vn 0.1819 -0.6293 -0.7556
vn -0.0883 -0.6056 -0.7909
vn 0.4019 -0.6000 -0.6917
vn -0.4685 -0.3202 -0.8234
vn -0.6108 -0.1726 -0.7727
vn -0.6250 -0.1246 -0.7706
vn -0.5071 -0.3945 -0.7663
vn -0.0423 -0.7011 -0.7118
vn -0.3291 -0.5652 -0.7564
vn -0.2196 -0.5393 -0.8130
vn -0.1918 -0.7418 -0.6425
vn -0.3005 -0.3629 -0.8820
vn -0.6293 -0.1044 -0.7701
vn -0.5865 -0.1361 -0.7985
vn -0.4052 -0.3274 -0.8536
vn -0.1284 -0.5331 -0.8363
vn -0.0300 -0.5335 -0.8452
vn 0.0747 -0.6068 -0.7913
vn 0.0326 -0.6500 -0.7592
vn -0.1332 -0.4064 -0.9039
vn -0.2684 -0.1319 -0.9542
vn 0.0210 -0.3098 -0.9506
vn -0.4813 -0.2137 -0.8501
vn -0.2754 0.4660 -0.8408
vn -0.2194 0.3229 -0.9207
vn -0.1405 0.1150 -0.9834
vn -0.0643 -0.1102 -0.9918
vn 0.0604 -0.5136 -0.8559
vn 0.1316 -0.4567 -0.8798
vn 0.1796 -0.5107 -0.8408
vn 0.1203 -0.5643 -0.8168
vn -0.0796 -0.6933 -0.7162
vn 0.0123 -0.4563 -0.8897
vn -0.2394 -0.4319 -0.8696
vn 0.0921 -0.5796 -0.8097
vn -0.8224 -0.2470 -0.5124
vn -0.9590 -0.2808 -0.0380
vn -0.7864 -0.6176 -0.0094
vn -0.7076 -0.6519 -0.2725
vn -0.5200 -0.7353 -0.4347
vn -0.6329 -0.3980 -0.6641
vn -0.3492 -0.6173 -0.7050
vn -0.2030 -0.7561 -0.6222
vn -0.3754 -0.7771 -0.5052
vn -0.3235 -0.7823 -0.5323
vn -0.4051 -0.8749 -0.2655
vn -0.3069 -0.8989 -0.3127
vn -0.3456 -0.8816 -0.3216
vn -0.4674 -0.8625 -0.1938
vn -0.5306 -0.8445 -0.0725
vn -0.2312 -0.8994 -0.3709
vn -0.3995 -0.8536 -0.3344
vn -0.4422 -0.8029 -0.3999
vn -0.3697 -0.8566 -0.3599
vn -0.4142 -0.7985 -0.4368
vn -0.1514 -0.7118 -0.6859
vn -0.0416 -0.3874 -0.9210
vn -0.0401 -0.5449 -0.8376
vn -0.1237 -0.8092 -0.5743
vn -0.0312 -0.6268 -0.7786
vn 0.1105 -0.3950 -0.9120
vn -0.1132 -0.2503 -0.9615
vn 0.0628 -0.2194 -0.9736
vn -0.1164 -0.4018 -0.9083
vn -0.1566 -0.8036 -0.5742
vn -0.2162 -0.7475 -0.6281
vn -0.0563 -0.6629 -0.7466
vn -0.0765 -0.6683 -0.7399
vn -0.4749 -0.4154 -0.7758
vn -0.4889 -0.0930 -0.8674
vn -0.3536 -0.7937 -0.4949
vn -0.4889 -0.4447 -0.7504
vn -0.3339 -0.8333 -0.4406
vn -0.3622 -0.7733 -0.5204
vn -0.4658 -0.4043 -0.7871
vn -0.1773 -0.6950 -0.6968
vn -0.3360 -0.5104 -0.7916
vn -0.2985 -0.7612 -0.5757
vn -0.1438 -0.5920 -0.7930
vn 0.2901 -0.1575 -0.9439
vn 0.2086 0.0740 -0.9752
vn 0.1746 -0.1470 -0.9736
vn 0.3721 0.1575 -0.9147
vn 0.2441 0.4886 -0.8377
vn 0.1388 0.5641 -0.8139
vn 0.1673 0.8765 -0.4514
vn 0.4042 0.7381 -0.5402
vn 0.4430 0.8948 -0.0558
vn 0.0096 0.9994 -0.0337
vn 0.3677 0.8759 0.3125
vn -0.1105 0.9720 0.2074
vn 0.3193 0.8118 0.4888
vn -0.0499 0.9878 0.1475
vn -0.1116 0.9525 0.2834
vn -0.1892 0.8868 0.4216
vn 0.1473 0.8042 0.5758
vn -0.0713 0.7874 0.6124
vn -0.2799 0.8285 0.4850
vn -0.4361 0.7119 0.5504
vn -0.1772 0.7428 0.6456
vn -0.3290 0.5834 0.7426
vn 0.2870 -0.2222 -0.9318
vn 0.1786 -0.4076 -0.8955
vn 0.2225 -0.4429 -0.8685
vn 0.2822 -0.1822 -0.9419
vn -0.2176 -0.8601 -0.4614
vn 0.0667 -0.6262 -0.7768
vn -0.1843 -0.8976 -0.4005
vn 0.0300 -0.5811 -0.8133
vn -0.4764 -0.8761 0.0746
vn -0.6571 -0.6907 0.3020
vn -0.5189 -0.7465 0.4165
vn -0.5139 -0.8565 0.0488
vn -0.7469 0.3359 0.5738
vn -0.7835 -0.1963 0.5895
vn -0.5873 0.1359 0.7979
vn -0.5473 -0.2805 0.7886
vn -0.7464 -0.4619 0.4791
vn -0.5156 -0.5414 0.6641
vn -0.3452 -0.5557 0.7563
vn -0.4198 -0.5514 0.7209
vn -0.3743 -0.8198 0.4334
vn -0.4423 -0.7926 0.4197
vn -0.3582 -0.3328 0.8723
vn -0.2722 -0.3499 0.8964
vn 0.0302 0.3047 -0.9520
vn 0.0413 0.2893 -0.9563
vn -0.0387 0.6329 -0.7732
vn -0.0503 0.6689 -0.7417
vn 0.2460 -0.0854 -0.9655
vn 0.1925 -0.0141 -0.9812
vn 0.1754 -0.1179 -0.9774
vn 0.2411 -0.1499 -0.9588
vn 0.1530 -0.3589 -0.9207
vn 0.0996 -0.3047 -0.9472
vn 0.2909 -0.1812 -0.9394
vn 0.2988 -0.1505 -0.9424
vn 0.1687 -0.3817 -0.9088
vn 0.2011 0.2713 -0.9413
vn 0.0986 0.5880 -0.8028
vn -0.0192 0.7054 -0.7086
vn -0.0821 0.7119 -0.6975
vn -0.0658 0.8307 -0.5528
vn 0.0117 0.9351 -0.3542
vn 0.2064 0.7230 -0.6593
vn 0.3673 0.9193 -0.1413
vn -0.0068 0.9163 0.4003
vn -0.0914 0.9924 -0.0821
vn -0.1271 0.9397 0.3174
vn 0.0624 0.9862 0.1533
vn 0.3400 0.8967 0.2835
vn 0.2460 0.8368 0.4892
vn -0.2145 0.8057 0.5522
vn -0.1780 0.8444 0.5053
vn -0.1979 0.7996 0.5670
vn -0.1176 0.8410 0.5281
vn 0.0517 0.8069 0.5884
vn -0.1476 0.7906 0.5943
vn -0.2772 0.4855 0.8292
vn -0.2067 0.7848 0.5843
vn -0.2707 0.5298 0.8037
vn -0.2136 0.7782 0.5906
vn -0.2026 0.7602 0.6173
vn -0.3003 0.5311 0.7923
vn -0.2783 0.0129 0.9604
vn -0.3374 -0.0440 0.9403
vn -0.4619 0.0267 0.8866
vn -0.4459 -0.3089 0.8401
vn 0.0245 -0.5348 -0.8447
vn -0.1802 -0.7774 -0.6027
vn 0.0303 -0.5564 -0.8303
vn -0.2135 -0.7971 -0.5648
vn 0.0269 -0.5672 -0.8231
vn -0.2253 -0.8224 -0.5224
vn -0.3496 -0.9367 -0.0177
vn -0.4193 -0.9074 0.0294
vn -0.4636 -0.8850 0.0439
vn -0.4958 -0.7666 0.4081
vn -0.4697 -0.5490 0.6914
vn -0.2636 0.9511 0.1609
vn -0.2876 0.9548 0.0753
vn -0.2289 0.9734 0.0088
vn -0.4431 0.8451 0.2992
vn -0.3161 0.9384 0.1398
vn -0.5131 0.8328 -0.2077
vn -0.4591 0.8507 0.2560
vn -0.3564 0.8860 -0.2967
vn -0.3336 0.9058 -0.2613
vn -0.3550 0.9340 -0.0409
vn -0.3097 0.8877 -0.3408
vn -0.3650 0.9178 -0.1562
vn -0.4017 0.8933 -0.2018
vn -0.3557 0.9164 -0.1837
vn -0.3141 0.7407 -0.5938
vn -0.2488 0.9076 -0.3380
vn -0.2258 0.6993 -0.6782
vn -0.2765 0.9484 -0.1551
vn -0.2402 0.9442 -0.2256
vn -0.2144 0.8395 -0.4992
vn -0.2137 0.6794 -0.7020
vn -0.5214 0.7398 -0.4252
vn -0.7142 0.6970 0.0646
vn -0.7079 0.5585 -0.4325
vn -0.5981 0.6520 0.4661
vn -0.4648 0.8849 0.0291
vn -0.3157 0.8617 0.3972
vn -0.3112 0.9501 -0.0214
vn -0.3453 0.8672 -0.3587
vn -0.1545 0.9398 0.3050
vn -0.2004 0.9784 -0.0502
vn -0.1982 0.9249 0.3245
vn -0.2164 0.7418 0.6348
vn -0.0538 0.5028 0.8627
vn -0.4220 0.4985 0.7573
vn -0.2251 0.3140 0.9223
vn -0.0473 0.8695 0.4917
vn -0.1368 0.8344 0.5340
vn -0.1221 0.8979 0.4229
vn -0.0254 0.7419 0.6701
vn -0.2176 0.9757 -0.0241
vn -0.3084 0.9480 0.0793
vn -0.2915 0.8202 0.4922
vn -0.1986 0.8968 0.3953
vn -0.2198 0.8888 0.4022
vn -0.2629 0.8666 0.4242
vn -0.3455 0.8478 0.4023
vn -0.1217 0.8796 0.4599
vn 0.0667 0.7030 0.7080
vn 0.0155 0.6570 0.7537
vn 0.1949 0.3396 0.9202
vn 0.0992 0.4441 0.8905
vn -0.1354 0.8036 0.5795
vn -0.3425 0.9273 0.1513
vn -0.2660 0.9542 0.1368
vn -0.2242 0.7657 0.6029
vn -0.3135 0.8669 0.3875
vn -0.2343 0.9468 0.2209
vn -0.2527 0.9659 -0.0570
vn -0.3123 0.9291 0.1981
vn -0.2614 0.9579 0.1184
vn -0.4472 0.8863 0.1204
vn -0.2507 0.8156 0.5215
vn -0.1291 0.8414 0.5247
vn -0.4245 0.9053 -0.0118
vn -0.2211 0.9645 0.1446
vn -0.3680 0.9183 0.1460
vn -0.2770 0.9578 -0.0768
vn -0.0676 0.7867 0.6136
vn -0.0677 0.8951 0.4408
vn 0.2111 0.4390 0.8734
vn 0.2096 0.3309 0.9201
vn -0.2837 0.3630 -0.8876
vn -0.2463 0.8003 -0.5466
vn -0.1376 0.3251 -0.9356
vn -0.4510 0.8071 -0.3810
vn -0.1825 0.7224 -0.6669
vn -0.0940 0.3133 -0.9450
vn -0.6731 0.7318 -0.1066
vn -0.5176 0.3816 -0.7659
vn -0.7936 0.2992 -0.5298
vn -0.5975 0.6870 0.4135
vn -0.8828 0.4609 0.0905
vn -0.7368 0.4038 0.5423
vn -0.8759 0.4053 0.2617
vn -0.6689 0.7180 -0.1926
vn -0.8825 0.4241 -0.2031
vn -0.6279 0.7613 0.1618
vn -0.6242 0.3617 0.6925
vn -0.8477 0.4693 0.2474
vn -0.4508 0.7001 0.5538
vn -0.8660 0.4904 0.0977
vn -0.5648 0.7831 0.2602
vn -0.8774 0.3670 0.3089
vn -0.6040 0.7894 0.1097
vn -0.5221 0.7401 0.4239
vn -0.5464 0.3857 0.7435
vn -0.7659 0.4699 0.4387
vn -0.1711 0.5851 0.7927
vn -0.3238 0.5607 0.7621
vn -0.3421 0.8354 0.4301
vn -0.2254 0.5581 -0.7986
vn -0.1556 0.2663 -0.9513
vn -0.2430 0.4448 -0.8620
vn -0.2403 0.1888 -0.9522
vn -0.1755 0.3944 -0.9020
vn -0.5229 0.3624 -0.7715
vn -0.1948 0.0982 -0.9759
vn -0.4720 0.5352 -0.7005
vn -0.3615 0.6658 -0.6526
vn -0.3231 0.6825 -0.6556
vn -0.2972 0.5949 -0.7468
vn -0.4518 0.5595 -0.6949
vn 0.1064 -0.2319 -0.9669
vn 0.3338 -0.5786 -0.7442
vn 0.3434 -0.6191 -0.7063
vn 0.2058 -0.2081 -0.9562
vn 0.7640 -0.1163 -0.6347
vn 0.3507 0.0367 -0.9358
vn 0.5671 -0.4140 -0.7121
vn 0.0498 0.3674 -0.9287
vn 0.4211 0.1895 -0.8870
vn 0.0714 0.3264 -0.9425
vn -0.4904 0.4333 -0.7561
vn -0.4516 0.2560 -0.8547
vn -0.8120 -0.2906 -0.5061
vn -0.5122 -0.0752 -0.8556
vn 0.0081 -0.2524 -0.9676
vn 0.4718 0.1584 -0.8674
vn 0.5730 -0.2638 -0.7759
vn 0.0681 0.1923 -0.9790
vn 0.8546 -0.0678 -0.5149
vn 0.8688 -0.2408 -0.4326
vn -0.3730 0.0351 -0.9272
vn -0.3957 -0.3824 -0.8350
vn -0.7114 -0.5758 -0.4029
vn -0.8221 -0.4710 -0.3200
vn -0.4232 -0.7995 -0.4262
vn -0.0382 -0.9688 0.2449
vn 0.0207 -0.8445 -0.5352
vn -0.4086 -0.8574 0.3129
vn -0.5906 -0.6311 0.5029
vn -0.7067 -0.7075 -0.0090
vn 0.5315 -0.7532 -0.3874
vn 0.3973 -0.8738 0.2804
vn 0.8580 -0.4968 -0.1303
vn 0.7311 -0.6264 0.2703
vn -0.5626 -0.8127 -0.1513
vn -0.8424 -0.1729 0.5103
vn -0.9847 -0.1733 -0.0198
vn -0.4684 -0.0484 0.8822
vn -0.4351 -0.8078 0.3976
vn -0.2597 -0.4965 0.8283
vn -0.8906 -0.3566 0.2821
vn -0.5809 -0.3507 0.7345
vn -0.1192 -0.8922 0.4356
vn -0.4740 -0.8753 0.0959
vn -0.8998 -0.3054 -0.3117
vn -0.2386 -0.9699 -0.0494
vn -0.3103 -0.8695 -0.3842
vn -0.8721 -0.3188 0.3712
vn -0.1956 -0.7912 0.5794
vn -0.6805 -0.2171 0.6999
vn -0.3130 -0.9164 0.2494
vn -0.3541 -0.9346 0.0354
vn -0.6865 -0.2069 -0.6971
vn -0.3034 -0.7152 -0.6296
vn -0.2854 -0.1493 -0.9467
vn -0.0551 -0.7029 -0.7091
vn -0.1269 -0.1617 -0.9786
vn 0.0061 -0.7292 -0.6842
vn 0.1361 -0.9906 -0.0107
vn 0.1275 -0.9915 0.0245
vn 0.1869 -0.8904 0.4151
vn 0.1769 -0.9197 0.3506
vn -0.0833 -0.1294 -0.9881
vn -0.0663 -0.6681 -0.7411
vn -0.0710 -0.0469 -0.9964
vn -0.0703 -0.5207 -0.8509
vn -0.0761 -0.0270 -0.9967
vn 0.0172 -0.4280 -0.9036
vn -0.0467 -0.1429 -0.9886
vn 0.1877 -0.4342 -0.8811
vn -0.1657 0.8993 0.4047
vn 0.0246 0.5704 0.8210
vn 0.1610 -0.3580 0.9197
vn -0.1454 0.1417 0.9792
vn 0.0083 -0.4482 0.8939
vn 0.0175 0.2219 0.9749
vn 0.2844 -0.3979 0.8723
vn 0.1655 0.1980 0.9661
vn 0.2571 -0.3551 0.8988
vn 0.2761 0.0866 0.9572
vn 0.3270 0.0449 0.9439
vn 0.2772 -0.2886 0.9165
vn 0.3020 -0.1649 0.9389
vn 0.3532 -0.0121 0.9355
vn 0.0142 -0.9428 0.3330
vn -0.0634 -0.9631 -0.2615
vn 0.0813 -0.9474 -0.3096
vn 0.1775 -0.9148 0.3627
vn -0.0504 -0.9801 -0.1918
vn 0.2309 -0.8914 0.3899
vn 0.0589 -0.9526 -0.2985
vn 0.1494 -0.8608 0.4866
vn -0.0193 -0.9835 -0.1801
vn 0.1651 -0.9685 0.1865
vn 0.1983 -0.9756 0.0946
vn 0.1078 -0.9570 -0.2694
vn 0.1451 -0.9781 -0.1495
vn 0.1069 -0.9201 -0.3769
vn 0.0657 -0.9206 -0.3850
vn 0.1704 -0.9749 -0.1431
vn 0.1271 -0.9906 0.0504
vn 0.1513 -0.9883 -0.0201
vn -0.0593 -0.9981 -0.0147
vn -0.1669 -0.9064 0.3881
vn -0.1169 -0.9591 -0.2579
vn -0.0153 -0.8721 0.4892
vn 0.1303 -0.9866 0.0979
vn -0.0842 -0.9535 -0.2893
vn 0.0515 -0.9539 -0.2956
vn 0.0770 -0.9944 -0.0726
vn -0.0899 -0.9912 0.0971
vn -0.0036 -0.9369 -0.3496
vn -0.1733 -0.9470 -0.2705
vn -0.0060 -0.9962 0.0871
vn -0.2114 -0.9720 0.1022
vn -0.1844 -0.9828 -0.0089
vn 0.0234 -0.9940 -0.1064
vn -0.0807 -0.9967 0.0037
vn 0.1491 -0.9568 -0.2498
vn -0.0425 -0.9986 -0.0328
vn -0.2194 -0.9753 -0.0270
vn 0.0260 -0.8722 -0.4885
vn 0.2530 -0.7606 -0.5979
vn -0.1805 -0.4888 -0.8535
vn -0.4286 -0.8346 -0.3461
vn -0.0907 -0.9284 -0.3602
vn 0.2389 -0.5682 -0.7874
vn -0.6234 -0.7405 0.2511
vn -0.5356 -0.7688 0.3494
vn 0.5282 -0.6502 -0.5461
vn 0.5647 -0.7442 -0.3567
vn 0.4421 -0.6560 -0.6117
vn 0.4134 -0.8271 -0.3809
vn -0.1763 -0.9376 0.2996
vn -0.0784 -0.9808 0.1784
vn -0.1503 -0.9785 0.1409
vn -0.1898 -0.9659 0.1763
vn -0.0313 -0.9857 0.1654
vn 0.5222 -0.7696 -0.3675
vn 0.3713 -0.8772 -0.3043
vn 0.5650 -0.7510 -0.3418
vn 0.3162 -0.9153 -0.2495
vn 0.7098 -0.6464 0.2799
vn 0.8223 -0.5014 -0.2692
vn 0.6778 -0.7345 -0.0320
vn 0.9296 -0.3662 -0.0403
vn -0.4931 -0.7415 0.4550
vn -0.2058 -0.8306 0.5174
vn -0.1585 -0.9837 0.0847
vn -0.2975 -0.9535 -0.0488
vn 0.3456 -0.8679 -0.3568
vn 0.2682 -0.9422 -0.2011
vn 0.2156 -0.8654 0.4522
vn 0.2883 -0.9293 0.2306
vn -0.0369 0.1591 0.9866
vn 0.0661 0.2356 0.9696
vn 0.3270 -0.0873 0.9410
vn 0.3030 0.0627 0.9509
vn 0.7662 0.0532 0.6404
vn 0.7089 -0.3218 0.6276
vn 0.4475 -0.8631 -0.2341
vn 0.5185 -0.7698 -0.3723
vn 0.6109 -0.7888 -0.0680
vn 0.4190 -0.8340 -0.3589
vn 0.5901 -0.6720 -0.4475
vn 0.5839 -0.7837 -0.2119
vn 0.6495 -0.6478 0.3980
vn 0.5690 -0.4482 0.6895
vn 0.6455 -0.6823 0.3432
vn 0.5395 -0.8417 0.0219
vn 0.3489 -0.9351 0.0624
vn 0.1441 -0.9895 0.0129
vn 0.5531 -0.8305 -0.0661
vn 0.3656 -0.9151 -0.1699
vn 0.3364 -0.1324 0.9324
vn 0.1865 0.1751 0.9667
vn 0.2517 0.0838 0.9642
vn 0.3183 -0.1008 0.9426
vn 0.2784 0.0428 0.9595
vn 0.3092 -0.1301 0.9421
vn 0.5955 -0.7934 -0.1265
vn 0.5419 -0.8075 -0.2330
vn -0.2258 -0.9195 -0.3217
vn -0.1407 -0.9823 -0.1235
vn 0.0516 -0.9763 0.2100
vn -0.1312 -0.9870 -0.0930
vn 0.3943 -0.4549 0.7985
vn 0.2585 -0.6263 0.7354
vn 0.4416 -0.8049 0.3965
vn 0.4970 -0.4728 0.7276
vn 0.0996 -0.7752 0.6238
vn 0.4766 -0.8598 -0.1835
vn 0.3398 -0.9403 0.0213
vn 0.2315 -0.9728 -0.0110
vn 0.4231 -0.8987 -0.1157
vn 0.4933 -0.8368 0.2374
vn 0.2773 -0.9558 -0.0978
vn 0.4859 -0.8158 -0.3137
vn 0.2699 -0.9357 -0.2270
vn 0.2391 -0.9142 -0.3273
vn 0.2491 -0.9516 -0.1801
vn 0.4249 -0.8966 -0.1246
vn 0.6145 -0.7109 0.3420
vn 0.4988 -0.4109 0.7631
vn 0.5755 -0.8070 -0.1324
vn -0.7972 -0.4632 -0.3871
vn -0.8060 -0.5114 -0.2981
vn -0.7424 -0.6482 -0.1692
vn -0.5700 -0.8212 0.0268
vn -0.5983 -0.6863 -0.4136
vn -0.6083 -0.7920 0.0512
vn -0.7426 -0.4103 -0.5294
vn -0.7667 -0.5209 -0.3753
vn -0.6975 -0.6526 -0.2959
vn -0.8051 -0.4947 -0.3271
vn -0.5082 -0.8541 0.1106
vn -0.4271 -0.9031 0.0445
vn -0.6317 -0.7636 0.1334
vn -0.4728 -0.8571 0.2045
vn -0.4954 -0.7272 0.4751
vn -0.4542 -0.8905 0.0257
vn -0.7974 -0.4502 -0.4018
vn -0.7821 -0.6082 -0.1359
vn -0.7142 -0.6668 -0.2128
vn -0.7279 -0.5928 -0.3447
vn -0.4086 -0.8429 0.3501
vn -0.1824 -0.5000 0.8466
vn -0.1992 -0.8277 0.5246
vn -0.2852 -0.9585 0.0039
vn -0.3934 -0.9192 0.0192
vn -0.6741 -0.7074 0.2127
vn -0.4678 -0.6417 0.6077
vn -0.7514 -0.6558 0.0738
vn -0.2651 -0.7008 0.6623
vn -0.2988 -0.5776 0.7597
vn -0.1098 -0.2867 0.9517
vn -0.0869 -0.2356 0.9679
vn -0.4413 -0.8951 -0.0634
vn -0.3472 -0.9371 -0.0347
vn -0.6658 -0.5336 0.5215
vn -0.7254 -0.6846 -0.0721
vn -0.8522 -0.5233 -0.0010
vn -0.6028 -0.6851 0.4089
vn -0.8102 -0.5846 0.0423
vn -0.9224 -0.3829 -0.0517
vn -0.8251 -0.4583 -0.3303
vn -0.8294 -0.3607 -0.4266
vn -0.7630 -0.3389 -0.5504
vn -0.7515 -0.3729 -0.5442
vn -0.9639 -0.2166 0.1549
vn -0.8542 -0.0756 -0.5144
vn -0.8906 0.2766 -0.3609
vn -0.8943 -0.2557 -0.3672
vn -0.8422 0.4855 -0.2344
vn -0.6893 0.6110 -0.3894
vn -0.8353 0.3545 0.4203
vn -0.8947 0.0047 0.4466
vn -0.7729 0.6345 0.0038
vn -0.6523 0.5541 -0.5172
vn -0.7444 0.5309 -0.4050
vn 0.2500 0.9359 0.2483
vn 0.2869 0.7195 0.6324
vn 0.3131 0.9362 0.1595
vn 0.3171 0.8769 0.3611
vn 0.2263 0.8000 0.5557
vn 0.3112 0.9010 0.3022
vn 0.4688 0.5959 0.6520
vn 0.4311 0.8916 0.1384
vn 0.4141 0.7602 0.5006
vn 0.2555 0.9668 0.0016
vn 0.3001 0.9493 0.0942
vn 0.3074 0.9516 -0.0056
vn 0.2892 0.9570 -0.0232
vn 0.3544 0.9330 0.0630
vn 0.0766 0.9907 -0.1128
vn 0.1379 0.9448 -0.2971
vn 0.1302 0.9810 -0.1440
vn 0.2337 0.9336 -0.2717
vn 0.3121 0.9460 -0.0877
vn 0.0823 0.9339 -0.3480
vn 0.0526 0.9170 -0.3953
vn 0.0656 0.9224 -0.3806
vn 0.1926 0.9813 0.0058
vn -0.0219 0.9998 0.0003
vn 0.2140 0.9729 -0.0879
vn 0.0094 0.9849 -0.1726
vn -0.1838 0.7017 -0.6883
vn -0.1808 0.6417 -0.7454
vn -0.1902 0.7966 -0.5738
vn -0.3810 0.6530 -0.6545
vn -0.3454 0.4825 -0.8049
vn -0.3495 0.3597 -0.8651
vn -0.3556 0.9342 -0.0290
vn -0.4401 0.8962 -0.0560
vn -0.2752 0.8926 -0.3571
vn -0.4299 0.8209 -0.3759
vn -0.6472 0.5736 -0.5021
vn -0.6872 0.6904 -0.2261
vn -0.7763 0.3698 -0.5106
vn -0.6843 0.7285 -0.0314
vn -0.6653 0.7007 -0.2577
vn -0.6580 0.7530 0.0008
vn -0.1441 0.9893 -0.0231
vn -0.3597 0.9312 0.0584
vn -0.6703 0.7150 -0.1985
vn -0.2496 0.9535 -0.1687
vn -0.4885 0.8557 -0.1710
vn -0.4526 0.8091 -0.3748
vn -0.3876 0.9217 -0.0146
vn -0.3288 0.9367 -0.1202
vn -0.3480 0.9372 0.0250
vn -0.5507 0.8205 -0.1533
vn -0.3507 0.9362 -0.0220
vn -0.2727 0.9620 -0.0136
vn -0.4046 0.9136 0.0397
vn -0.5071 0.8619 0.0024
vn -0.5232 0.8522 -0.0026
vn -0.4455 0.5117 -0.7346
vn -0.3835 0.3323 -0.8617
vn -0.4840 0.7139 -0.5060
vn -0.5439 0.7493 -0.3777
vn -0.5203 0.5800 -0.6268
vn -0.4217 0.3778 -0.8243
vn -0.6060 0.6945 -0.3879
vn -0.6105 0.5261 -0.5920
vn -0.4418 0.4209 -0.7923
vn -0.5081 0.6340 -0.5830
vn -0.4409 0.8963 -0.0478
vn -0.4661 0.8835 -0.0467
vn -0.4646 0.8535 -0.2358
vn -0.5072 0.8474 -0.1572
vn -0.6395 0.7679 -0.0367
vn -0.6017 0.7919 -0.1043
vn -0.5515 0.8332 -0.0412
vn -0.6573 0.7436 -0.1228
vn -0.6553 0.7528 -0.0619
vn -0.6395 0.6320 -0.4378
vn -0.6403 0.7675 -0.0303
vn -0.8963 0.2935 0.3324
vn -0.6153 0.7572 0.2192
vn -0.9176 0.1022 0.3841
vn -0.4842 0.8749 0.0019
vn -0.6402 0.7608 0.1061
vn -0.6396 0.7663 -0.0605
vn -0.1954 0.9405 0.2779
vn -0.5813 0.6531 0.4854
vn -0.9328 -0.1704 0.3176
vn -0.6648 0.7229 -0.1883
vn -0.6118 0.7899 0.0421
vn -0.8099 0.5791 0.0937
vn -0.6819 0.7238 -0.1057
vn -0.7530 0.6578 0.0135
vn -0.7917 0.5787 -0.1957
vn -0.4897 0.8711 -0.0377
vn -0.2744 0.5295 0.8027
vn -0.4780 0.5002 0.7220
vn -0.4720 0.6393 0.6071
vn -0.7788 0.5651 -0.2723
vn -0.9398 0.3327 -0.0784
vn -0.6271 0.4893 0.6061
vn -0.4774 0.8604 0.1782
vn 0.0765 0.2268 0.9709
vn 0.0559 0.5267 0.8482
vn -0.7002 0.1170 0.7043
vn -0.1295 0.2247 0.9658
vn -0.9592 0.2217 0.1756
vn -0.6837 0.3676 0.6304
vn -0.3098 0.9494 0.0518
vn -0.0451 0.9301 0.3645
vn -0.0478 0.9967 0.0652
vn -0.3238 0.9200 0.2207
vn -0.1878 0.9162 0.3539
vn -0.1011 0.8940 0.4364
vn -0.0303 0.3260 0.9449
vn 0.1552 0.2298 0.9608
vn 0.1493 0.1532 0.9768
vn 0.0453 0.2949 0.9545
vn -0.0369 0.2637 0.9639
vn -0.1002 0.3058 0.9468
vn 0.1547 0.1718 0.9729
vn 0.1222 0.2311 0.9652
vn -0.0271 0.4117 0.9109
vn -0.0492 0.3626 0.9307
vn -0.1478 0.8813 0.4489
vn -0.3376 0.8616 0.3791
vn -0.2401 0.8744 0.4216
vn -0.1262 0.8560 0.5014
vn -0.1807 0.7860 0.5912
vn -0.2085 0.8427 0.4964
vn -0.1924 0.7934 0.5775
vn -0.6708 0.6573 0.3436
vn -0.2713 0.9071 0.3217
vn -0.3453 0.9379 0.0316
vn -0.3173 0.9476 0.0367
vn -0.2834 0.9124 0.2953
vn 0.0249 0.2891 0.9570
vn -0.0987 0.3998 0.9113
vn -0.8046 0.2529 0.5373
vn -0.7739 0.3275 0.5420
vn -0.1034 0.5599 0.8221
vn -0.0394 0.4731 0.8801
vn -0.1809 0.6113 0.7705
vn -0.1644 0.6805 0.7141
vn -0.7003 0.5243 0.4844
vn -0.0899 0.5030 0.8596
vn -0.3968 0.2743 0.8760
vn -0.6756 0.2223 0.7029
vn -0.2191 0.6453 0.7318
vn -0.3953 0.7645 0.5093
vn -0.7446 -0.2851 0.6036
vn -0.6506 -0.2262 0.7250
vn -0.4970 0.1856 0.8477
vn -0.5059 -0.0173 0.8624
vn -0.5534 0.6928 0.4623
vn -0.5508 0.7274 0.4092
vn -0.7621 -0.3682 0.5325
vn -0.6908 -0.2950 0.6601
vn -0.4649 -0.1832 0.8662
vn -0.6059 -0.3024 0.7358
vn -0.5424 -0.3014 0.7842
vn -0.3183 -0.2678 0.9094
vn -0.4522 -0.4406 0.7755
vn -0.4503 -0.1283 0.8836
vn -0.3945 -0.1682 0.9034
vn -0.3317 -0.1285 0.9346
vn -0.1427 -0.3600 0.9220
vn -0.5351 -0.5370 0.6521
vn -0.2851 -0.2711 0.9193
vn -0.4916 -0.2868 0.8223
vn -0.5870 0.7292 0.3517
vn -0.5825 0.1530 0.7983
vn -0.0776 0.7476 0.6596
vn -0.1324 0.9692 0.2075
vn 0.0788 0.6142 0.7852
vn -0.7477 0.3148 0.5846
vn -0.1480 0.8165 0.5581
vn -0.8836 -0.3712 0.2856
vn -0.5391 -0.1074 0.8353
vn -0.5297 -0.1475 0.8353
vn -0.0236 0.4959 0.8680
vn -0.5388 -0.1623 0.8267
vn 0.0858 0.4528 0.8875
vn 0.2829 0.4167 0.8639
vn -0.3885 -0.2535 0.8859
vn 0.0792 -0.2990 0.9510
vn -0.3893 -0.5944 0.7036
vn -0.9371 -0.3423 0.0689
vn -0.9910 -0.1215 0.0556
vn -0.7901 -0.5337 0.3016
vn -0.8950 -0.4338 0.1041
vn -0.7221 -0.2586 0.6417
vn -0.7239 -0.2652 0.6368
vn -0.7178 -0.2646 0.6440
vn -0.7348 -0.2811 0.6173
vn -0.6252 -0.2254 0.7472
vn -0.6292 -0.2577 0.7333
vn -0.4836 -0.1616 0.8603
vn -0.4450 -0.1757 0.8781
vn -0.9556 0.0150 0.2943
vn -0.9426 -0.2272 0.2449
vn -0.9839 0.1738 -0.0412
vn -0.9139 0.4060 0.0016
vn -0.8696 -0.3206 0.3756
vn -0.6405 -0.5923 0.4889
vn -0.9934 0.0205 -0.1132
vn -0.9381 -0.3432 -0.0471
vn -0.8904 -0.2646 -0.3703
vn -0.9404 0.0509 -0.3363
vn -0.8948 0.0323 -0.4453
vn 0.5335 0.6910 0.4878
vn 0.2472 0.9429 0.2231
vn 0.4194 0.4385 0.7949
vn 0.4559 0.2652 0.8496
vn 0.3220 0.6782 0.6606
vn 0.3150 0.3124 0.8962
vn 0.0617 0.8370 0.5437
vn 0.4753 0.2141 0.8534
vn 0.4030 0.8133 0.4197
vn 0.1547 0.2309 0.9606
vn -0.1714 0.0294 0.9848
vn -0.1748 0.0336 0.9840
vn -0.0795 0.0576 0.9952
vn 0.1758 0.2574 0.9502
vn 0.2575 0.2883 0.9223
vn 0.0474 0.3402 0.9392
vn 0.3049 0.3587 0.8822
vn 0.2031 0.3156 0.9269
vn 0.3651 0.3856 0.8473
vn 0.1528 0.4081 0.9001
vn 0.4130 0.4290 0.8034
vn -0.3902 0.4160 0.8214
vn -0.9710 0.0441 0.2351
vn -0.6274 0.4425 0.6407
vn -0.0412 0.1841 0.9820
vn -0.1327 0.2418 0.9612
vn -0.1018 0.3089 0.9456
vn -0.1846 0.1645 0.9689
vn 0.2255 -0.2614 0.9385
vn 0.2740 -0.1843 0.9439
vn 0.2306 -0.0545 0.9715
vn 0.3068 0.2467 0.9193
vn 0.0726 -0.1326 0.9885
vn -0.1063 0.1719 0.9794
vn -0.0030 0.0462 0.9989
vn 0.0863 0.1817 0.9796
vn 0.2410 0.0186 0.9704
vn 0.1748 -0.2345 0.9563
vn 0.1227 -0.2984 0.9465
vn 0.2866 -0.0916 0.9537
vn 0.1824 -0.2416 0.9531
vn 0.2795 0.2337 0.9313
vn 0.3237 0.5686 0.7563
vn 0.2969 0.4856 0.8222
vn 0.2718 0.5021 0.8210
vn 0.2244 0.4799 0.8481
vn 0.2946 0.5344 0.7923
vn 0.2735 0.4745 0.8367
vn 0.2033 0.0089 0.9791
vn 0.2312 0.2487 0.9406
vn 0.1705 0.0472 0.9842
vn -0.7823 0.3899 -0.4858
vn -0.7825 0.4364 -0.4442
vn -0.7966 0.4014 -0.4519
vn -0.7375 0.4482 -0.5052
vn -0.7324 0.6065 -0.3093
vn -0.6529 0.7321 -0.1940
vn -0.6242 0.7653 -0.1572
vn -0.7396 0.6014 -0.3021
vn -0.2852 0.9436 0.1683
vn -0.5419 0.8318 -0.1207
vn -0.3138 0.9492 -0.0243
vn -0.5167 0.8539 -0.0631
vn -0.1586 0.9823 0.0998
vn -0.2819 0.9287 -0.2411
vn -0.0478 0.9975 0.0512
vn -0.4374 0.8230 -0.3624
vn -0.3962 0.9032 -0.1648
vn -0.5305 0.8069 -0.2599
vn -0.5129 0.7994 -0.3128
vn -0.3626 0.9187 -0.1568
vn -0.1070 0.9905 0.0862
vn -0.0334 0.9994 -0.0107
vn 0.1641 0.9853 0.0481
vn 0.2624 0.9540 0.1450
vn 0.0293 0.9674 0.2514
vn 0.0889 0.9393 0.3313
vn 0.3315 0.9094 0.2513
vn 0.1589 0.9342 0.3194
vn 0.4118 0.8641 0.2893
vn 0.1122 0.9124 0.3937
vn 0.3923 0.8274 0.4020
vn 0.5151 0.8400 0.1708
vn 0.5658 0.8136 0.1336
vn 0.5598 0.8186 0.1282
vn 0.1534 0.9483 0.2778
vn 0.5100 0.8076 0.2963
vn 0.4595 0.8610 0.2181
vn 0.4840 0.8101 0.3310
vn 0.4254 0.8155 0.3925
vn 0.5494 0.7528 0.3625
vn 0.4620 0.8603 0.2156
vn 0.5588 0.7584 0.3355
vn 0.5048 0.8218 0.2643
vn 0.5307 0.8160 0.2291
vn 0.4298 0.8724 0.2327
vn 0.3950 0.7402 0.5441
vn 0.3488 0.5313 0.7720
vn 0.4041 0.7334 0.5467
vn 0.3240 0.6986 0.6380
vn 0.4741 0.7202 0.5066
vn 0.3729 0.6771 0.6345
vn 0.3952 0.1861 0.8996
vn 0.3019 0.0231 0.9531
vn 0.2834 0.2742 0.9189
vn 0.4704 0.1388 0.8715
vn 0.3530 0.2267 0.9078
vn 0.2212 0.2957 0.9293
vn 0.1902 0.3108 0.9312
vn 0.3719 0.2832 0.8840
vn 0.1901 0.1348 0.9725
vn 0.3376 0.0193 0.9411
vn 0.2767 0.5023 0.8193
vn 0.4840 0.3052 0.8201
vn 0.2989 0.8640 0.4052
vn -0.0769 0.4789 0.8745
vn 0.6312 0.4534 0.6293
vn -0.0947 0.6979 0.7099
vn 0.0281 0.5402 0.8411
vn -0.0158 0.2514 0.9678
vn 0.2075 0.2544 0.9446
vn 0.1699 0.2068 0.9635
vn 0.2944 0.1978 0.9350
vn 0.3296 0.2219 0.9177
vn 0.1184 0.3380 0.9337
vn 0.1234 0.3138 0.9415
vn 0.4218 0.2442 0.8732
vn 0.4447 0.2663 0.8552
vn 0.2969 0.2009 0.9335
vn 0.4500 0.1852 0.8736
vn 0.2563 0.1486 0.9551
vn 0.4281 0.2447 0.8700
vn 0.2850 0.2746 0.9183
vn 0.0334 0.0408 0.9986
vn 0.1040 0.0428 0.9937
vn 0.0393 0.2879 0.9569
vn 0.0293 0.1243 0.9918
vn 0.1691 0.0988 0.9806
vn 0.2798 0.1257 0.9518
vn 0.3989 0.1733 0.9005
vn 0.0320 0.2384 0.9706
vn -0.0018 0.4240 0.9057
vn 0.0276 0.3429 0.9390
vn 0.0188 0.3498 0.9366
vn 0.1183 0.0774 0.9900
vn 0.1038 0.3234 0.9406
vn 0.7783 0.5171 0.3561
vn 0.5720 0.7651 0.2957
vn 0.7952 0.5625 0.2264
vn 0.6894 0.6044 0.3993
vn 0.6217 0.5700 0.5373
vn 0.0828 0.8560 0.5103
vn 0.3875 0.8028 0.4531
vn 0.1651 0.7653 0.6221
vn 0.1024 0.2812 0.9542
vn 0.0866 0.2732 0.9581
vn 0.3241 0.7107 0.6243
vn 0.2329 0.7118 0.6627
vn 0.5251 0.4788 0.7036
vn 0.8102 0.2287 0.5396
vn 0.7041 0.3513 0.6171
vn 0.9095 0.1848 0.3725
vn 0.5871 0.4293 0.6863
vn 0.5582 0.3407 0.7566
vn 0.9492 0.2707 0.1607
vn 0.0876 0.5329 0.8416
vn 0.1813 0.2891 0.9400
vn 0.1481 0.5712 0.8074
vn 0.1761 0.6439 0.7445
vn 0.2345 0.4201 0.8767
vn 0.1149 0.4962 0.8605
vn 0.5127 0.1959 0.8359
vn 0.1217 0.3915 0.9121
vn 0.0989 0.5980 0.7954
vn 0.2708 0.0024 0.9626
vn 0.2321 0.0282 0.9723
vn 0.2454 0.3916 0.8868
vn 0.1943 0.6738 0.7130
vn 0.1657 0.6622 0.7307
vn 0.1374 0.1523 0.9787
vn -0.0165 0.7377 0.6750
vn 0.6955 0.7186 -0.0017
vn 0.6677 0.5438 0.5084
vn 0.7547 0.6561 0.0035
vn 0.6146 0.6209 0.4867
vn 0.4794 0.8167 0.3212
vn 0.4990 0.7464 0.4403
vn 0.6276 0.6635 0.4072
vn 0.3719 0.8875 0.2720
vn 0.5507 0.6861 0.4754
vn 0.4084 0.7624 0.5020
vn 0.4074 0.9010 0.1489
vn 0.3976 0.8707 0.2893
vn 0.3377 0.8085 0.4819
vn 0.5965 0.5935 0.5403
vn 0.4796 0.5916 0.6481
vn 0.6476 0.5988 0.4712
vn 0.2994 0.8503 0.4327
vn 0.2743 0.8730 0.4034
vn 0.3971 0.9010 0.1744
vn 0.3579 0.9338 -0.0058
vn 0.4102 0.9111 0.0400
vn 0.4034 0.9150 -0.0011
vn 0.3444 0.9349 0.0851
vn 0.3111 0.9504 -0.0051
vn 0.2161 0.9588 0.1842
vn 0.1561 0.9877 -0.0089
vn 0.2925 0.8844 0.3636
vn 0.3089 0.9510 -0.0093
vn 0.5155 0.7301 0.4485
vn 0.5642 0.8256 -0.0062
vn -0.8883 -0.4592 -0.0045
vn -0.8593 -0.3597 -0.3638
vn -0.8012 -0.5966 -0.0460
vn -0.5971 -0.7372 0.3162
vn -0.7541 -0.5351 0.3809
vn -0.8578 -0.4888 0.1590
vn -0.2184 -0.8535 0.4731
vn -0.0538 -0.8734 0.4841
vn -0.4094 -0.7846 0.4657
vn -0.1448 -0.7324 0.6653
vn -0.3120 -0.6839 0.6595
vn -0.6093 -0.5725 0.5486
vn -0.1928 -0.6129 0.7663
vn 0.0557 -0.1928 0.9797
vn 0.1322 -0.2065 0.9695
vn -0.3764 -0.9256 -0.0390
vn -0.2193 -0.5909 0.7764
vn -0.4054 -0.9118 -0.0661
vn -0.3164 -0.9473 -0.0506
vn -0.2130 -0.6263 0.7499
vn -0.2301 -0.6380 0.7348
vn 0.0730 -0.2166 0.9735
vn 0.0255 -0.2372 0.9711
vn 0.0072 -0.2701 0.9628
vn 0.0256 -0.4330 0.9010
vn -0.0364 -0.5726 0.8190
vn -0.4626 -0.5490 0.6961
vn -0.6222 -0.5089 0.5949
vn -0.5344 -0.7102 0.4583
vn -0.7749 -0.6145 0.1478
vn -0.3822 -0.6896 0.6151
vn -0.5569 -0.4906 0.6702
vn -0.4898 -0.4690 0.7349
vn -0.6489 0.0640 0.7582
vn -0.5594 -0.0534 0.8272
vn -0.7220 -0.1974 0.6631
vn -0.6197 -0.2357 0.7486
vn -0.6846 -0.5017 0.5288
vn -0.8849 -0.4278 -0.1843
vn -0.4934 -0.1383 0.8587
vn -0.4438 -0.1864 0.8765
vn -0.5350 -0.2656 0.8020
vn -0.4635 -0.2930 0.8362
vn 0.0572 0.4386 0.8969
vn -0.0547 0.3795 0.9236
vn -0.1228 0.4137 0.9021
vn -0.2384 0.1835 0.9537
vn 0.6572 0.7388 0.1495
vn 0.5960 0.7540 0.2763
vn 0.6368 0.7596 0.1321
vn 0.5622 0.7524 0.3433
vn 0.5897 0.7610 0.2703
vn 0.5514 0.7661 0.3302
vn 0.6216 0.7203 0.3079
vn 0.5943 0.7708 0.2296
vn 0.6283 0.7325 0.2621
vn 0.4798 0.8383 0.2588
vn 0.5401 0.7655 0.3497
vn 0.4097 0.8792 0.2431
vn 0.5318 0.8061 0.2595
vn 0.5605 0.7493 0.3527
vn 0.5457 0.7974 0.2576
vn 0.1616 0.4570 0.8747
vn 0.2195 0.5971 0.7715
vn 0.3813 0.7570 0.5306
vn 0.2861 0.6606 0.6941
vn 0.6102 0.7023 0.3665
vn 0.5940 0.7068 0.3842
vn 0.5779 0.7180 0.3878
vn 0.5388 0.7617 0.3598
vn 0.3163 0.5404 0.7797
vn 0.3427 0.7068 0.6188
vn 0.3976 0.8207 0.4103
vn 0.2447 0.8570 0.4535
vn 0.0458 0.6564 0.7530
vn -0.0486 0.7640 0.6433
vn 0.0180 0.8165 0.5771
vn -0.6247 0.6320 -0.4586
vn -0.7236 0.3856 -0.5724
vn -0.5090 0.6027 -0.6146
vn -0.7148 0.4038 -0.5710
vn -0.3937 -0.0214 0.9190
vn -0.1867 0.0801 0.9791
vn -0.4249 0.0917 0.9006
vn -0.2692 0.2517 0.9296
vn -0.3863 -0.0577 0.9206
vn -0.0205 0.1924 0.9811
vn -0.5947 0.5228 0.6107
vn -0.7361 0.6756 0.0415
vn -0.6395 0.5535 -0.5335
vn -0.8223 0.4579 -0.3378
vn -0.7507 0.5949 0.2872
vn -0.5773 0.3438 0.7406
vn -0.2260 -0.3866 -0.8941
vn 0.0638 -0.2622 -0.9629
vn 0.1197 -0.4051 -0.9064
vn 0.0183 -0.2712 -0.9623
vn -0.1791 -0.2939 -0.9389
vn -0.1634 -0.2941 -0.9417
vn 0.2597 -0.2529 -0.9320
vn 0.2779 -0.2646 -0.9235
vn 0.3101 -0.4081 -0.8587
vn 0.2995 -0.3004 -0.9056
vn 0.3297 -0.4640 -0.8222
vn 0.3021 -0.2098 -0.9299
vn 0.2861 -0.2711 -0.9191
vn 0.2975 -0.4130 -0.8608
vn 0.2959 -0.5605 -0.7735
vn 0.3688 -0.5201 -0.7704
vn 0.3576 -0.6180 -0.7002
vn 0.3642 -0.3879 -0.8467
vn 0.4119 -0.5294 -0.7416
vn 0.4225 -0.6165 -0.6644
vn 0.4338 -0.6825 -0.5882
vn -0.0879 -0.9290 -0.3595
vn 0.1164 -0.6463 -0.7542
vn 0.1700 -0.9289 -0.3290
vn -0.1290 -0.6425 -0.7554
vn 0.3226 -0.6334 -0.7034
vn 0.3412 -0.8809 -0.3280
vn 0.3752 -0.6601 -0.6508
vn 0.2465 -0.8802 -0.4056
vn 0.2613 -0.6950 -0.6699
vn 0.1748 -0.8943 -0.4119
vn 0.3479 -0.7317 -0.5861
vn 0.2914 -0.8980 -0.3296
vn 0.4119 -0.7658 -0.4938
vn 0.3220 -0.8961 -0.3055
vn -0.3429 -0.4310 -0.8346
vn -0.3888 -0.5135 -0.7649
vn -0.3619 -0.4406 -0.8216
vn -0.4501 -0.5740 -0.6840
vn -0.4117 -0.5249 -0.7450
vn -0.4046 -0.7768 -0.4826
vn -0.4430 -0.4948 -0.7476
vn -0.3676 -0.5634 -0.7399
vn -0.3454 -0.4022 -0.8479
vn -0.2861 -0.8801 -0.3788
vn -0.3215 -0.3293 -0.8878
vn -0.6367 -0.2985 -0.7110
vn -0.7486 -0.1466 -0.6466
vn -0.3753 -0.3275 -0.8671
vn -0.4154 -0.1822 -0.8912
vn -0.5056 -0.1454 -0.8504
vn -0.2593 -0.3295 -0.9078
vn -0.2880 -0.2777 -0.9165
vn -0.1370 -0.8723 0.4693
vn 0.1407 -0.9899 0.0146
vn -0.1120 -0.9526 0.2829
vn 0.0482 -0.9966 0.0673
vn 0.1643 -0.9754 -0.1469
vn -0.0509 -0.9982 0.0317
vn -0.2466 -0.9024 0.3534
vn -0.1202 -0.9700 0.2115
vn -0.2458 -0.7763 0.5805
vn 0.0270 -0.9937 0.1085
vn -0.1652 -0.8154 0.5548
vn -0.1186 -0.7930 0.5976
vn 0.0580 -0.9805 0.1877
vn -0.1912 -0.7303 0.6558
vn -0.1130 -0.8423 0.5270
vn -0.1050 -0.8069 0.5812
vn 0.0424 -0.9552 0.2930
vn -0.1224 -0.8101 0.5733
vn -0.0520 -0.9462 0.3195
vn -0.0510 -0.9425 0.3302
vn -0.1643 -0.9656 0.2016
vn -0.0876 -0.7848 0.6135
vn -0.2045 -0.9445 0.2570
vn -0.0457 -0.7694 0.6371
vn -0.2416 -0.9533 0.1811
vn -0.5446 -0.8145 0.2000
vn -0.1851 -0.7879 0.5873
vn -0.2533 -0.7979 0.5470
vn -0.6939 -0.6752 -0.2503
vn -0.3496 -0.9216 0.1689
vn -0.5116 -0.7816 -0.3570
vn -0.1822 -0.9538 0.2391
vn -0.1464 -0.9429 0.2991
vn -0.1746 -0.9298 0.3241
vn -0.1349 -0.9387 0.3172
vn -0.5657 -0.5793 -0.5868
vn -0.7905 -0.4025 -0.4617
vn -0.7265 -0.5096 -0.4611
vn -0.8999 -0.2572 -0.3520
vn -0.7010 -0.5062 -0.5023
vn -0.7097 -0.6890 -0.1469
vn -0.6238 -0.7658 -0.1564
vn -0.4683 -0.6263 -0.6233
vn 0.1411 -0.4122 -0.9001
vn -0.3573 -0.3316 -0.8732
vn -0.2780 -0.6886 -0.6697
vn 0.0392 -0.5199 -0.8533
vn -0.4823 -0.8178 -0.3140
vn -0.0877 -0.8157 -0.5717
vn -0.9280 -0.2117 -0.3067
vn -0.9392 -0.1578 -0.3049
vn -0.8534 -0.2276 -0.4690
vn -0.7550 -0.2105 -0.6210
vn 0.2949 -0.3539 -0.8875
vn 0.3784 -0.1697 -0.9100
vn 0.4834 -0.1955 -0.8533
vn 0.3822 -0.5033 -0.7750
vn 0.4491 -0.1508 -0.8807
vn 0.4034 -0.1808 -0.8970
vn -0.0492 -0.2087 -0.9768
vn 0.0819 -0.2711 -0.9591
vn 0.4415 -0.3707 -0.8171
vn 0.4770 -0.2563 -0.8407
vn 0.3037 -0.6461 -0.7003
vn 0.3238 -0.4767 -0.8173
vn 0.2272 -0.7943 -0.5635
vn 0.3077 -0.7929 -0.5260
vn 0.2584 -0.4801 -0.8383
vn 0.4017 -0.7090 -0.5797
vn -0.1910 -0.7688 -0.6103
vn -0.5085 -0.4474 -0.7357
vn -0.7940 -0.0807 -0.6026
vn -0.9227 -0.1859 -0.3377
vn -0.7241 -0.5398 -0.4293
vn -0.7250 -0.2316 -0.6487
vn 0.2292 -0.9561 -0.1824
vn 0.4446 -0.8572 -0.2599
vn 0.0282 -0.9700 -0.2415
vn 0.1955 -0.9728 -0.1240
vn 0.4904 -0.8712 -0.0242
vn 0.3567 -0.9283 -0.1050
vn 0.1007 -0.8947 -0.4351
vn -0.2904 -0.7881 -0.5427
vn -0.4937 0.0323 -0.8690
vn -0.5678 -0.0231 -0.8228
vn -0.5499 -0.0257 -0.8349
vn -0.4907 0.0451 -0.8702
vn 0.2886 -0.9445 -0.1568
vn 0.1066 -0.9543 -0.2791
vn 0.3418 -0.8948 -0.2872
vn 0.1165 -0.9298 -0.3491
vn 0.1192 -0.9809 -0.1534
vn 0.1354 -0.9901 -0.0360
vn -0.2551 -0.7605 -0.5971
vn -0.2884 -0.6193 -0.7302
vn -0.3770 -0.0320 -0.9257
vn -0.4000 -0.0186 -0.9163
vn -0.2321 0.0326 -0.9722
vn -0.1815 -0.1664 -0.9692
vn 0.0077 -0.7938 -0.6082
vn -0.1141 -0.8584 -0.5001
vn 0.0379 -0.4627 -0.8857
vn -0.0568 -0.8796 -0.4722
vn -0.0486 -0.6398 -0.7670
vn -0.1219 -0.9764 -0.1785
vn -0.1970 -0.5743 -0.7946
vn -0.2941 -0.7670 -0.5703
vn 0.0267 -0.2274 -0.9734
vn 0.0145 -0.0257 -0.9996
vn 0.2897 -0.0210 -0.9569
vn 0.2731 -0.2475 -0.9296
vn 0.1400 -0.3020 -0.9430
vn 0.2300 -0.6075 -0.7603
vn 0.1418 -0.5025 -0.8529
vn 0.2623 -0.5812 -0.7703
vn 0.1204 -0.6475 -0.7525
vn 0.0273 -0.3606 -0.9323
vn 0.3128 -0.1480 -0.9382
vn 0.3196 -0.2335 -0.9184
vn 0.3490 -0.0986 -0.9319
vn 0.3842 -0.0534 -0.9217
vn 0.2996 -0.2035 -0.9321
vn 0.3568 -0.2037 -0.9117
vn 0.4234 -0.0313 -0.9054
vn 0.3849 -0.1776 -0.9057
vn 0.3892 -0.3892 -0.8349
vn -0.6701 -0.3036 -0.6773
vn -0.4223 -0.0675 -0.9039
vn -0.6233 -0.2651 -0.7356
vn -0.1217 0.1143 -0.9860
vn -0.5239 -0.1382 -0.8405
vn -0.2519 0.0319 -0.9672
vn 0.0585 0.1683 -0.9840
vn -0.4757 -0.3430 -0.8100
vn -0.2473 -0.0894 -0.9648
vn -0.6772 -0.2860 -0.6779
vn -0.5735 -0.1999 -0.7944
vn -0.6765 -0.3020 -0.6716
vn -0.3913 -0.1238 -0.9119
vn -0.6283 -0.2950 -0.7199
vn -0.4689 -0.1951 -0.8614
vn -0.4531 0.4345 -0.7784
vn -0.4245 0.7041 -0.5692
vn -0.3034 0.4326 -0.8490
vn -0.4787 0.8509 -0.2163
vn -0.5470 0.6574 -0.5182
vn -0.4569 0.8690 -0.1900
vn -0.4385 0.8171 -0.3741
vn -0.3039 0.6796 -0.6677
vn -0.2067 0.4595 -0.8638
vn 0.0252 -0.1554 -0.9875
vn -0.2572 -0.4721 -0.8432
vn 0.2741 0.1639 -0.9476
vn 0.5005 0.0997 -0.8599
vn 0.3331 -0.1471 -0.9313
vn 0.0763 -0.4635 -0.8828
vn 0.0525 -0.0152 -0.9985
vn -0.5009 -0.3606 -0.7868
vn -0.3058 -0.4818 -0.8212
vn -0.0891 -0.5928 -0.8004
vn 0.1943 -0.2102 -0.9581
vn 0.0648 -0.0017 -0.9979
vn 0.1124 0.0874 -0.9898
vn 0.1726 0.0603 -0.9831
vn 0.1415 0.0442 -0.9890
vn 0.0569 0.0123 -0.9983
vn 0.1168 -0.0293 -0.9927
vn 0.0781 0.0291 -0.9965
vn 0.1007 0.0899 -0.9908
vn 0.1781 0.0542 -0.9825
vn 0.3202 0.1280 -0.9387
vn 0.2943 -0.3105 -0.9039
vn 0.3757 -0.2343 -0.8966
vn 0.5187 -0.0291 -0.8545
vn 0.2158 -0.4726 -0.8545
vn 0.4795 -0.0254 -0.8772
vn 0.5769 -0.0910 -0.8117
vn 0.5168 0.1318 -0.8459
vn 0.5048 -0.0325 -0.8626
vn 0.9091 -0.2166 -0.3559
vn 0.7493 -0.2588 -0.6095
vn 0.8546 -0.3662 -0.3682
vn 0.8118 -0.1305 -0.5691
vn 0.8433 -0.3571 -0.4017
vn 0.7012 -0.2463 -0.6691
vn 0.4136 0.0494 -0.9091
vn 0.4012 0.0796 -0.9125
vn 0.6610 -0.1882 -0.7264
vn 0.8423 -0.3020 -0.4465
vn 0.6785 -0.1259 -0.7237
vn 0.8308 -0.3372 -0.4427
vn 0.6795 -0.2729 -0.6810
vn 0.4117 -0.0308 -0.9108
vn 0.3672 -0.2165 -0.9046
vn 0.7435 -0.4753 -0.4705
vn 0.1706 -0.0000 -0.9853
vn 0.1586 -0.0858 -0.9836
vn 0.3247 -0.4732 -0.8189
vn 0.7962 -0.5280 -0.2954
vn 0.5884 -0.4592 -0.6655
vn 0.9071 -0.4033 -0.1204
vn -0.0423 -0.0852 -0.9955
vn 0.0760 -0.0904 -0.9930
vn -0.1422 -0.0121 -0.9898
vn -0.1900 -0.0652 -0.9796
vn 0.1488 -0.0896 -0.9848
vn 0.1803 -0.0883 -0.9796
vn 0.1524 -0.0780 -0.9852
vn 0.1438 -0.0519 -0.9882
vn 0.1169 -0.0040 -0.9931
vn 0.0857 -0.0345 -0.9957
vn 0.9060 -0.4133 -0.0908
vn 0.9166 -0.3893 -0.0909
vn 0.7866 -0.3902 -0.4785
vn 0.8829 -0.2357 -0.4061
vn -0.1551 0.0357 -0.9872
vn 0.0020 -0.0865 -0.9962
vn -0.1689 -0.0079 -0.9856
vn 0.1707 0.0129 -0.9852
vn 0.0902 0.0011 -0.9959
vn 0.1151 -0.0975 -0.9886
vn 0.0916 0.0326 -0.9953
vn 0.0532 -0.0011 -0.9986
vn 0.0561 -0.0126 -0.9983
vn 0.1016 0.0247 -0.9945
vn 0.9077 -0.3878 -0.1603
vn 0.9668 -0.1763 -0.1852
vn 0.8681 -0.1416 -0.4757
vn 0.7730 -0.1045 -0.6257
vn -0.0745 0.1428 -0.9869
vn 0.2367 0.1560 -0.9590
vn -0.1341 0.1075 -0.9851
vn 0.1369 0.3131 -0.9398
vn 0.0736 0.0831 -0.9938
vn 0.0811 0.0973 -0.9919
vn 0.4468 0.1206 -0.8865
vn 0.3900 0.0425 -0.9198
vn 0.2956 -0.5180 -0.8027
vn 0.2836 -0.3915 -0.8754
vn 0.2577 -0.1798 -0.9493
vn 0.4208 0.0022 -0.9071
vn 0.2222 -0.2299 -0.9475
vn 0.1062 -0.3053 -0.9463
vn 0.1845 -0.7336 -0.6540
vn 0.2974 -0.3534 -0.8870
vn 0.2888 -0.2561 -0.9225
vn 0.0991 -0.6916 -0.7155
vn 0.2319 -0.4625 -0.8558
vn 0.1561 -0.6013 -0.7836
vn 0.1780 -0.6531 -0.7360
vn 0.1208 -0.5899 -0.7984
vn 0.1236 -0.7327 -0.6693
vn 0.3798 -0.0604 -0.9231
vn 0.2696 -0.3339 -0.9032
vn 0.4268 0.2792 -0.8602
vn 0.3279 -0.1351 -0.9350
vn 0.3368 0.1606 -0.9278
vn 0.4068 0.4317 -0.8051
vn 0.3841 0.0630 -0.9212
vn 0.3226 -0.2207 -0.9205
vn 0.2228 -0.5815 -0.7824
vn 0.1598 -0.5118 -0.8441
vn 0.2527 -0.4628 -0.8497
vn 0.2116 -0.4974 -0.8413
vn 0.3651 0.1073 -0.9248
vn 0.3337 -0.1416 -0.9320
vn 0.3281 0.5017 -0.8004
vn 0.2953 0.4829 -0.8244
vn 0.3254 0.1172 -0.9383
vn 0.3378 -0.1159 -0.9341
vn 0.0596 -0.3852 -0.9209
vn 0.1235 -0.3173 -0.9403
vn 0.1028 -0.3460 -0.9326
vn 0.1860 -0.2883 -0.9393
vn 0.2054 -0.3261 -0.9228
vn 0.2867 -0.1444 -0.9471
vn 0.2867 -0.4240 -0.8591
vn 0.3534 -0.3580 -0.8643
vn 0.2884 -0.4551 -0.8424
vn 0.2928 -0.4473 -0.8451
vn 0.2035 -0.4512 -0.8689
vn 0.2383 -0.4606 -0.8550
vn 0.1223 -0.4641 -0.8773
vn 0.3689 -0.3529 -0.8599
vn 0.2856 -0.0824 -0.9548
vn 0.1879 -0.0215 -0.9819
vn -0.9117 0.2584 0.3194
vn -0.8613 0.4985 -0.0983
vn -0.9660 0.2572 -0.0261
vn -0.8271 0.4939 -0.2683
vn -0.9104 0.3993 0.1085
vn -0.9110 0.3959 -0.1154
vn -0.7133 0.4979 -0.4933
vn -0.6563 0.5122 -0.5540
vn -0.7932 0.2063 -0.5730
vn -0.3115 0.1768 -0.9336
vn -0.4942 0.4374 -0.7513
vn -0.3346 0.3280 -0.8834
vn -0.4762 0.1955 -0.8573
vn -0.5217 0.4644 -0.7157
vn -0.4576 0.4148 -0.7865
vn -0.3631 0.3682 -0.8559
vn -0.0823 0.2094 -0.9744
vn -0.1468 0.2281 -0.9625
vn 0.0589 0.3667 -0.9285
vn -0.2708 0.3948 -0.8780
vn -0.1007 0.5511 -0.8284
vn 0.1831 0.1324 -0.9741
vn 0.0780 0.0408 -0.9961
vn 0.0257 0.0936 -0.9953
vn 0.4251 -0.5459 -0.7220
vn 0.3313 -0.2404 -0.9124
vn 0.3396 -0.2926 -0.8939
vn 0.4742 -0.7665 -0.4331
vn 0.4659 -0.4282 -0.7744
vn 0.5530 -0.6578 -0.5114
vn 0.4535 -0.3561 -0.8171
vn 0.2782 -0.1400 -0.9503
vn 0.1965 -0.0817 -0.9771
vn 0.1424 -0.0116 -0.9897
vn 0.2622 -0.0779 -0.9619
vn -0.4659 0.3614 -0.8077
vn -0.2241 0.2336 -0.9462
vn -0.2847 0.1337 -0.9492
vn -0.4253 0.4095 -0.8071
vn -0.0631 0.0399 -0.9972
vn -0.1387 -0.1160 -0.9835
vn 0.6046 -0.6114 -0.5106
vn 0.3391 -0.4025 -0.8503
vn 0.2293 -0.4979 -0.8364
vn 0.6139 -0.5720 -0.5439
vn 0.5892 -0.5254 -0.6138
vn -0.0404 -0.3545 -0.9342
vn 0.1199 -0.2273 -0.9664
vn 0.0081 -0.0929 -0.9956
vn -0.1223 -0.2762 -0.9533
vn -0.2917 0.0315 -0.9560
vn -0.2110 -0.0502 -0.9762
vn -0.1108 -0.2332 -0.9661
vn -0.4112 0.2371 -0.8802
vn -0.0723 -0.2914 -0.9539
vn 0.0026 -0.3921 -0.9199
vn -0.7854 -0.0332 0.6181
vn -0.9315 -0.0702 0.3568
vn -0.9648 0.2003 0.1705
vn -0.8752 0.2044 0.4384
vn -0.7871 0.0755 0.6123
vn -0.6419 -0.1086 0.7591
vn -0.1242 -0.3565 -0.9260
vn -0.0399 -0.4540 -0.8901
vn -0.1308 -0.4224 -0.8969
vn -0.1315 -0.5381 -0.8325
vn -0.0521 -0.5946 -0.8023
vn 0.1144 -0.5238 -0.8441
vn 0.1906 -0.5746 -0.7959
vn 0.4266 -0.4529 -0.7829
vn 0.6431 -0.7462 -0.1723
vn 0.6656 0.0666 -0.7433
vn 0.5984 -0.6901 -0.4069
vn 0.7926 -0.5399 -0.2832
vn 0.4251 0.5522 -0.7172
vn 0.8111 -0.3065 -0.4982
vn 0.6304 -0.1827 -0.7545
vn 0.2867 0.4783 -0.8301
vn 0.2166 0.0494 -0.9750
vn 0.3553 -0.3807 -0.8537
vn 0.5342 -0.8112 -0.2377
vn 0.5634 -0.3384 -0.7537
vn 0.4557 -0.8662 -0.2051
vn 0.5309 -0.1847 -0.8271
vn 0.0763 0.6211 -0.7800
vn -0.0366 0.8204 -0.5706
vn -0.0766 0.8396 -0.5377
vn -0.2247 0.8103 -0.5413
vn 0.4271 0.1568 -0.8905
vn -0.1567 0.6990 -0.6977
vn 0.1378 0.6687 -0.7307
vn 0.1350 0.1430 -0.9805
vn -0.2480 0.0999 -0.9636
vn -0.4222 0.2859 -0.8603
vn -0.1165 -0.1838 -0.9760
vn 0.0621 -0.3717 -0.9263
vn -0.1596 -0.0995 -0.9821
vn -0.5181 0.4157 -0.7475
vn -0.5538 0.4573 -0.6958
vn -0.4971 0.4481 -0.7430
vn -0.5246 0.4526 -0.7211
vn -0.6421 0.3804 -0.6656
vn -0.7217 0.2657 -0.6392
vn -0.4721 0.2872 -0.8334
vn -0.8007 0.3489 -0.4869
vn -0.9211 0.2496 -0.2989
vn -0.9006 0.2692 -0.3413
vn -0.5120 0.3980 -0.7612
vn -0.4167 0.4028 -0.8150
vn -0.3017 0.3073 -0.9025
vn -0.2887 0.3418 -0.8943
vn -0.4269 0.4083 -0.8069
vn -0.4110 0.4111 -0.8137
vn -0.5395 0.4727 -0.6968
vn -0.5170 0.4511 -0.7275
vn -0.5415 0.4721 -0.6956
vn -0.5541 0.4900 -0.6730
vn -0.1668 0.7104 -0.6837
vn -0.2263 0.5642 -0.7940
vn 0.0634 0.5362 -0.8417
vn 0.3095 0.4233 -0.8515
vn 0.0907 0.6225 -0.7774
vn -0.0385 0.7524 -0.6576
vn 0.0029 0.6963 -0.7178
vn 0.0530 -0.9943 0.0930
vn 0.1015 -0.9834 -0.1506
vn -0.0308 -0.9576 -0.2866
vn -0.0786 -0.9877 -0.1354
vn 0.1893 -0.8921 -0.4102
vn 0.2821 -0.8759 -0.3914
vn 0.1406 -0.8439 -0.5177
vn 0.0373 -0.9025 -0.4291
vn 0.3803 -0.8212 -0.4254
vn 0.4276 -0.7400 -0.5192
vn 0.3506 -0.7243 -0.5937
vn 0.2666 -0.7795 -0.5668
vn 0.4469 -0.6890 -0.5706
vn 0.4519 -0.6194 -0.6420
vn 0.3397 -0.7004 -0.6277
vn 0.3481 -0.7176 -0.6032
vn 0.4299 -0.5473 -0.7181
vn 0.3963 -0.4479 -0.8014
vn 0.3948 -0.5920 -0.7027
vn 0.3636 -0.6520 -0.6654
vn 0.3324 -0.3960 -0.8559
vn 0.2663 -0.4297 -0.8628
vn 0.3721 -0.4914 -0.7874
vn 0.4045 -0.5270 -0.7474
vn 0.3003 -0.3503 -0.8872
vn 0.3175 -0.3086 -0.8966
vn 0.3283 -0.3615 -0.8727
vn 0.3460 -0.4466 -0.8251
vn 0.3523 -0.1525 -0.9234
vn 0.3633 -0.1917 -0.9118
vn 0.2298 -0.5504 -0.8027
vn 0.0381 -0.5005 -0.8649
vn 0.0009 -0.5398 -0.8418
vn 0.2101 -0.4960 -0.8425
vn 0.1809 -0.3491 -0.9195
vn -0.0174 -0.3299 -0.9439
vn -0.2117 -0.9625 -0.1695
vn -0.1984 -0.9571 -0.2111
vn -0.2197 -0.9501 -0.2215
vn -0.1638 -0.9666 -0.1973
vn -0.1696 -0.9626 -0.2113
vn -0.1688 -0.9520 -0.2552
vn -0.3883 -0.9075 -0.1601
vn -0.3702 -0.9192 -0.1346
vn -0.3526 -0.8983 -0.2622
vn -0.4036 -0.8654 -0.2971
vn -0.3945 -0.8912 -0.2240
vn -0.3561 -0.9266 -0.1206
vn -0.3463 -0.9092 -0.2310
vn -0.3882 -0.9159 -0.1024
vn -0.4172 -0.7711 -0.4810
vn -0.3302 -0.8520 -0.4062
vn -0.3208 -0.7377 -0.5940
vn -0.4150 -0.8222 -0.3895
vn -0.4077 -0.8215 -0.3986
vn -0.3567 -0.8643 -0.3547
vn -0.3927 -0.7954 -0.4616
vn -0.4011 -0.8601 -0.3151
vn -0.5436 -0.5725 -0.6137
vn -0.2467 -0.6571 -0.7123
vn -0.1362 -0.7080 -0.6930
vn -0.4691 -0.6745 -0.5701
vn -0.4696 -0.6738 -0.5706
vn -0.4207 -0.7206 -0.5511
vn -0.4512 -0.6649 -0.5952
vn -0.4281 -0.7548 -0.4970
vn -0.5399 -0.5353 -0.6496
vn -0.0461 -0.7479 -0.6622
vn 0.0398 -0.7093 -0.7038
vn -0.4512 -0.5522 -0.7011
vn -0.1475 -0.5278 -0.8365
vn 0.1556 -0.6767 -0.7196
vn 0.2262 -0.5836 -0.7799
vn -0.2855 -0.5804 -0.7627
vn -0.3945 -0.4020 -0.8263
vn -0.3140 -0.4659 -0.8273
vn -0.5987 -0.4034 -0.6920
vn -0.5891 -0.4687 -0.6582
vn 0.2617 -0.5505 -0.7928
vn -0.0352 -0.5087 -0.8602
vn -0.4022 -0.5813 -0.7074
vn -0.5519 -0.5478 -0.6288
vn -0.3531 -0.5050 -0.7876
vn -0.6461 -0.3424 -0.6821
vn -0.8708 -0.4903 0.0351
vn -0.5826 -0.6467 -0.4923
vn -0.0993 -0.3810 -0.9192
vn -0.3483 -0.3361 -0.8751
vn -0.6011 -0.3478 0.7195
vn -0.7997 0.0035 0.6004
vn -0.8022 -0.2558 0.5395
vn -0.5246 0.0313 0.8508
vn -0.5832 -0.1935 0.7890
vn -0.6867 0.3608 0.6311
vn -0.7043 0.5420 0.4584
vn -0.9420 0.1455 0.3024
vn -0.9824 0.1858 -0.0194
vn -0.9117 0.3922 0.1227
vn -0.1733 -0.3587 -0.9172
vn -0.1351 -0.4156 -0.8994
vn -0.6675 0.4380 0.6021
vn -0.9483 0.3108 0.0645
vn -0.6719 0.5744 0.4676
vn -0.5404 0.5266 0.6562
vn -0.4013 0.2656 0.8766
vn -0.3702 0.2274 0.9007
vn -0.6846 -0.0310 0.7283
vn -0.8609 -0.0879 -0.5012
vn -0.9901 0.1362 0.0332
vn -0.7680 0.4802 0.4239
vn -0.8256 0.5228 0.2121
vn -0.6320 0.5494 0.5466
vn -0.7393 0.5890 -0.3264
vn -0.8125 0.5752 0.0954
vn -0.8416 0.4318 -0.3245
vn -0.4599 -0.3313 -0.8239
vn -0.1037 -0.4935 -0.8636
vn -0.1437 -0.3857 -0.9114
vn -0.3773 -0.4272 -0.8217
vn -0.9950 0.0644 -0.0769
vn -0.7769 -0.2518 -0.5770
vn -0.8212 -0.1870 -0.5391
vn -0.9960 0.0665 -0.0594
vn -0.7957 0.4170 0.4392
vn -0.8968 0.2833 0.3400
vn -0.3705 -0.2162 -0.9033
vn -0.5742 -0.0267 -0.8182
vn -0.2316 -0.1736 -0.9572
vn -0.1481 -0.1543 -0.9769
vn 0.0954 -0.2118 -0.9726
vn -0.0690 -0.4659 -0.8822
vn 0.0428 -0.2857 -0.9574
vn 0.0735 -0.0513 -0.9960
vn 0.1009 0.0538 -0.9934
vn 0.1268 0.1548 -0.9798
vn -0.7440 0.1567 -0.6495
vn -0.3638 0.2200 -0.9052
vn -0.6057 0.4194 -0.6762
vn -0.8972 0.2262 -0.3793
vn -0.7953 0.5586 -0.2355
vn -0.9364 0.3282 -0.1240
vn -0.7270 0.5106 -0.4591
vn -0.8857 0.4623 0.0432
vn -0.2255 0.6926 -0.6852
vn -0.1844 0.4294 -0.8841
vn -0.0650 0.6190 -0.7827
vn -0.3462 0.6135 -0.7098
vn 0.0349 0.1874 -0.9817
vn 0.2821 0.4200 -0.8626
vn 0.1881 0.1781 -0.9659
vn 0.3130 0.2455 -0.9175
vn 0.2520 0.2532 -0.9340
vn 0.2792 0.2471 -0.9279
vn -0.6145 0.3165 -0.7226
vn -0.4841 0.4952 -0.7214
vn -0.1535 0.3671 -0.9174
vn -0.2756 0.2286 -0.9337
vn -0.4606 0.4258 -0.7788
vn -0.3859 0.4660 -0.7962
vn -0.2061 0.3006 -0.9312
vn -0.1707 0.3887 -0.9054
vn -0.0332 0.3226 -0.9460
vn -0.0209 0.1797 -0.9835
vn -0.5300 0.6115 -0.5875
vn -0.0597 0.2996 -0.9522
vn -0.4394 0.4147 -0.7968
vn 0.0327 0.5088 -0.8603
vn 0.0690 0.3608 -0.9301
vn -0.5022 0.6177 -0.6052
vn -0.6395 0.7192 -0.2714
vn -0.3019 0.7847 -0.5414
vn -0.4121 0.7893 -0.4552
vn -0.4417 0.5225 -0.7293
vn -0.2558 0.7123 -0.6536
vn -0.5562 0.5943 -0.5810
vn -0.5712 0.6205 -0.5372
vn -0.3557 0.6210 -0.6985
vn -0.4222 0.7785 -0.4644
vn -0.5964 0.7258 -0.3429
vn -0.6274 0.7525 -0.2003
vn -0.4193 0.8138 -0.4024
vn -0.6415 0.6888 -0.3377
vn -0.7908 0.6092 -0.0585
vn -0.6656 0.6662 -0.3365
vn -0.4884 0.7425 -0.4584
vn 0.1055 0.7192 -0.6868
vn 0.1296 0.6583 -0.7416
vn 0.0128 0.6551 -0.7555
vn 0.0293 0.6231 -0.7816
vn -0.1353 0.7491 -0.6485
vn -0.3214 0.7423 -0.5879
vn -0.2579 0.7272 -0.6361
vn -0.4931 0.6714 -0.5533
vn 0.0098 0.5056 -0.8627
vn -0.3356 0.6532 -0.6787
vn -0.0071 0.5072 -0.8618
vn -0.0533 0.7901 -0.6107
vn -0.0379 0.7621 -0.6463
vn -0.0762 0.8372 -0.5416
vn -0.0009 0.6694 -0.7429
vn -0.1072 0.8347 -0.5401
vn -0.1231 0.8398 -0.5288
vn 0.2448 0.6908 -0.6803
vn 0.2524 0.5689 -0.7827
vn 0.3200 0.7599 -0.5658
vn 0.1435 0.7336 -0.6643
vn 0.1000 0.5735 -0.8131
vn 0.1774 0.4579 -0.8711
vn 0.1394 0.7538 -0.6421
vn 0.2130 0.9188 -0.3322
vn 0.0727 0.9106 -0.4068
vn 0.0643 0.9979 -0.0014
vn 0.3893 0.7548 -0.5279
vn 0.2840 0.6236 -0.7283
vn 0.5878 0.6686 -0.4555
vn 0.3561 0.5634 -0.7455
vn 0.2642 0.3551 -0.8967
vn 0.4155 0.4596 -0.7850
vn 0.3917 0.5215 -0.7580
vn 0.5108 0.6582 -0.5530
vn 0.6636 0.6504 -0.3696
vn 0.3876 0.3850 -0.8376
vn 0.4622 0.3363 -0.8205
vn 0.4432 0.3414 -0.8289
vn 0.7091 0.5639 -0.4233
vn 0.7257 0.6144 -0.3095
vn 0.5899 0.4273 -0.6851
vn 0.4847 0.4473 -0.7517
vn -0.0962 0.8210 -0.5627
vn -0.0768 0.8390 -0.5387
vn 0.0570 0.7132 -0.6986
vn 0.0191 0.6918 -0.7219
vn -0.0301 0.8445 -0.5347
vn -0.0630 0.8622 -0.5026
vn -0.0306 0.8747 -0.4837
vn 0.0217 0.8360 -0.5484
vn 0.0284 0.8639 -0.5028
vn 0.1111 0.7835 -0.6114
vn 0.0951 0.8547 -0.5103
vn 0.2483 0.7440 -0.6203
vn 0.2281 0.9706 -0.0765
vn 0.3170 0.8439 -0.4328
vn 0.5658 0.7951 -0.2185
vn 0.1921 0.9795 0.0612
vn 0.5309 0.8462 0.0465
vn 0.5161 0.8089 -0.2817
vn 0.4205 0.7659 -0.4863
vn 0.5132 0.7326 -0.4471
vn 0.1594 0.4482 -0.8796
vn 0.2621 0.2096 -0.9420
vn 0.2072 0.4798 -0.8526
vn 0.2998 0.2436 -0.9224
vn 0.0095 0.8296 -0.5583
vn 0.1744 0.6924 -0.7001
vn 0.1367 0.7653 -0.6290
vn 0.2633 0.6524 -0.7107
vn 0.2484 0.6982 -0.6714
vn 0.3776 0.6151 -0.6922
vn 0.3671 0.6562 -0.6592
vn 0.4578 0.5777 -0.6758
vn 0.4375 0.6204 -0.6509
vn 0.5228 0.5554 -0.6467
vn 0.3272 0.7082 -0.6256
vn 0.3776 0.7493 -0.5440
vn 0.4902 0.6291 -0.6032
vn 0.5173 0.5561 -0.6505
vn 0.4732 0.7100 -0.5215
vn 0.4567 0.7463 -0.4842
vn 0.4077 0.6937 -0.5938
vn 0.4965 0.6614 -0.5621
vn 0.3778 0.8040 -0.4592
vn 0.4136 0.5977 -0.6868
vn 0.6440 0.7364 -0.2074
vn 0.4796 0.6250 -0.6160
vn 0.6499 0.6966 -0.3040
vn 0.5397 0.7005 -0.4669
vn 0.5020 0.5724 -0.6483
vn 0.6243 0.7737 -0.1076
vn 0.7122 0.7016 0.0238
vn 0.6100 0.7399 -0.2837
vn 0.4709 0.7542 -0.4576
vn 0.4766 0.7417 -0.4719
vn 0.4315 0.7653 -0.4776
vn 0.9630 0.2655 0.0453
vn 0.9133 0.3267 0.2432
vn 0.9055 0.4060 0.1238
vn 0.9088 0.2603 0.3261
vn 0.9632 0.1963 0.1835
vn 0.9440 0.1607 0.2883
vn 0.9134 0.2500 0.3214
vn 0.9306 0.2967 0.2145
vn 0.9249 0.3676 0.0976
vn 0.8573 0.1917 0.4779
vn 0.8246 0.1255 0.5515
vn 0.8860 0.1512 0.4384
vn 0.7593 0.1015 0.6428
vn 0.7677 0.2390 0.5946
vn 0.6954 0.2565 0.6713
vn 0.7797 0.0071 0.6261
vn 0.8391 0.0796 0.5381
vn 0.8866 0.1412 0.4405
vn 0.8530 0.4030 0.3318
vn 0.8637 0.4565 0.2137
vn 0.8033 0.4143 0.4279
vn 0.5916 0.5054 0.6281
vn 0.6524 0.4873 0.5804
vn 0.5375 0.5178 0.6655
vn 0.6773 -0.2499 0.6919
vn 0.7197 -0.0479 0.6926
vn 0.6925 -0.0938 0.7153
vn 0.6890 -0.3305 0.6450
vn 0.6353 -0.4103 0.6543
vn 0.7741 -0.2689 0.5731
vn 0.7146 -0.1806 0.6759
vn 0.7839 -0.1026 0.6124
vn 0.9028 0.2083 0.3764
vn 0.9156 -0.0064 0.4020
vn 0.9394 0.0741 0.3346
vn 0.9572 -0.1188 0.2641
vn 0.9222 -0.1929 0.3352
vn 0.9822 -0.0556 0.1796
vn 0.9572 0.1269 0.2600
vn 0.7836 -0.6025 0.1517
vn 0.8035 -0.4897 0.3386
vn 0.6975 -0.6807 0.2240
vn 0.8635 -0.2276 0.4500
vn 0.8824 -0.4027 0.2431
vn 0.7303 -0.4827 0.4833
vn 0.6460 -0.6731 0.3602
vn 0.2008 -0.9640 -0.1741
vn 0.4613 -0.8869 0.0241
vn 0.2017 -0.9587 -0.2007
vn 0.4837 -0.8745 -0.0365
vn 0.4348 -0.8900 0.1373
vn 0.1912 -0.9783 -0.0797
vn 0.4838 -0.6934 0.5340
vn 0.4731 -0.7869 0.3963
vn 0.5743 -0.6474 0.5010
vn 0.3372 -0.9017 0.2706
vn 0.3676 -0.8220 0.4349
vn 0.2008 -0.9382 0.2820
vn 0.5545 -0.7926 0.2537
vn 0.9051 -0.3458 -0.2475
vn 0.9794 -0.2005 -0.0253
vn 0.9052 -0.4082 -0.1180
vn 0.9975 0.0038 0.0699
vn 0.9778 -0.1297 -0.1648
vn 0.9938 0.0893 -0.0661
vn 0.9630 -0.2559 0.0851
vn 0.8903 -0.4552 -0.0162
vn 0.2474 -0.9440 -0.2184
vn 0.5355 -0.8386 -0.1002
vn 0.3177 -0.9086 -0.2713
vn 0.5925 -0.7830 -0.1892
vn 0.7168 -0.6971 -0.0150
vn 0.8570 -0.5087 0.0826
vn 0.6492 -0.7578 0.0654
vn 0.7596 -0.6403 -0.1142
vn 0.7538 0.1762 -0.6331
vn 0.8239 0.4352 -0.3631
vn 0.8213 0.2176 -0.5274
vn 0.7994 0.5497 -0.2424
vn 0.7785 0.4205 -0.4659
vn 0.7584 0.5633 -0.3279
vn 0.8452 0.5188 -0.1280
vn 0.8851 0.4076 -0.2246
vn 0.9124 0.1823 -0.3665
vn 0.5242 0.6236 -0.5799
vn 0.5398 0.7427 -0.3964
vn 0.5212 0.7492 -0.4086
vn 0.5119 0.6813 -0.5232
vn 0.5462 0.8029 -0.2387
vn 0.4974 0.8136 -0.3010
vn 0.4884 0.8182 -0.3034
vn 0.4817 0.8017 -0.3538
vn 0.4329 0.7133 -0.5511
vn 0.4730 0.6691 -0.5732
vn 0.8071 0.4769 -0.3480
vn 0.7981 0.5736 -0.1845
vn 0.7676 0.5594 -0.3130
vn 0.8302 0.5509 -0.0855
vn 0.8496 0.4470 -0.2799
vn 0.8929 0.4079 -0.1904
vn 0.4372 0.7557 -0.4876
vn 0.4746 0.7323 -0.4884
vn 0.7893 0.5986 -0.1364
vn 0.7376 0.6596 -0.1443
vn 0.8386 0.5428 -0.0474
vn 0.5180 0.5730 -0.6352
vn 0.5521 0.4780 -0.6832
vn 0.5189 0.4568 -0.7225
vn 0.5705 0.3597 -0.7384
vn 0.3785 -0.2903 -0.8789
vn 0.3146 -0.0191 -0.9490
vn 0.3615 -0.0047 -0.9324
vn 0.4112 -0.3341 -0.8481
vn 0.2807 0.4899 -0.8254
vn 0.3801 0.2715 -0.8842
vn 0.3989 0.4980 -0.7700
vn 0.4990 0.2907 -0.8164
vn 0.4916 0.4890 -0.7206
vn 0.5536 0.2939 -0.7792
vn 0.5321 0.4968 -0.6856
vn 0.6026 0.3494 -0.7175
vn 0.5682 0.5100 -0.6458
vn 0.6514 0.3912 -0.6501
vn 0.5796 0.0560 -0.8129
vn 0.5525 0.3015 -0.7771
vn 0.5853 0.1727 -0.7922
vn 0.5473 0.2141 -0.8091
vn 0.5789 0.4999 -0.6442
vn 0.6181 0.3737 -0.6916
vn 0.5649 0.6846 -0.4607
vn 0.6116 0.5820 -0.5359
vn 0.5276 0.7730 -0.3523
vn 0.5661 0.7031 -0.4304
vn 0.5093 0.7868 -0.3487
vn 0.5264 0.7312 -0.4337
vn 0.4815 0.6495 -0.5884
vn 0.5020 0.6188 -0.6042
vn 0.4907 0.7191 -0.4921
vn 0.5414 0.7298 -0.4175
vn 0.6840 -0.0217 -0.7292
vn 0.6885 -0.2110 -0.6939
vn 0.6240 -0.1546 -0.7660
vn 0.7694 -0.0151 -0.6386
vn 0.8751 -0.0684 -0.4790
vn 0.7904 -0.2659 -0.5519
vn 0.5987 -0.6470 -0.4721
vn 0.7751 -0.5481 -0.3142
vn 0.6105 -0.7107 -0.3496
vn 0.5683 -0.5677 -0.5956
vn 0.7466 -0.4817 -0.4588
vn 0.8751 -0.2740 -0.3989
vn 0.6802 -0.4236 -0.5983
vn 0.6330 0.2465 -0.7339
vn 0.6178 0.0205 -0.7861
vn 0.6060 0.0739 -0.7920
vn 0.6731 0.2070 -0.7100
vn 0.5841 -0.0896 -0.8068
vn 0.5752 -0.0435 -0.8168
vn 0.7039 0.4456 -0.5532
vn 0.6937 0.5902 -0.4129
vn 0.6510 0.4586 -0.6050
vn 0.6415 0.6065 -0.4698
vn 0.6369 0.4983 -0.5883
vn 0.6019 0.6418 -0.4752
vn 0.6443 0.2925 -0.7066
vn 0.6042 0.1005 -0.7905
vn 0.5589 -0.0381 -0.8283
vn 0.6533 0.5613 -0.5081
vn 0.7031 0.5853 -0.4039
vn 0.6384 0.6163 -0.4611
vn 0.7272 0.5222 -0.4455
vn 0.5791 0.6619 -0.4760
vn 0.5778 0.5885 -0.5656
vn 0.6705 0.7161 -0.1940
vn 0.6211 0.7345 -0.2734
vn 0.5863 0.7359 -0.3387
vn 0.3968 -0.8172 -0.4180
vn 0.4288 -0.5894 -0.6846
vn 0.4025 -0.6155 -0.6777
vn 0.3562 -0.7910 -0.4974
vn 0.4936 0.0245 -0.8693
vn 0.5353 -0.2828 -0.7959
vn 0.5912 0.0213 -0.8063
vn 0.5722 -0.2323 -0.7865
vn 0.5737 0.0471 -0.8177
vn 0.5532 -0.1664 -0.8163
vn 0.6800 0.1594 -0.7157
vn 0.6747 -0.0417 -0.7369
vn 0.6605 0.2300 -0.7147
vn 0.6130 0.0762 -0.7864
vn 0.5968 -0.0900 -0.7974
vn 0.5421 -0.3613 -0.7587
vn 0.5909 -0.1428 -0.7941
vn 0.6462 -0.2405 -0.7243
vn 0.4764 -0.2693 -0.8369
vn 0.5122 -0.1870 -0.8383
vn 0.5392 -0.1409 -0.8303
vn 0.4569 -0.3244 -0.8283
vn 0.5525 -0.2031 -0.8084
vn 0.5669 -0.2787 -0.7752
vn 0.4872 -0.4355 -0.7570
vn 0.4931 -0.3572 -0.7932
vn 0.2915 -0.7158 -0.6346
vn 0.5243 -0.4929 -0.6944
vn 0.2717 -0.7517 -0.6010
vn 0.3309 -0.7784 -0.5335
vn 0.2902 -0.7461 -0.5993
vn 0.4267 -0.5836 -0.6909
vn 0.4713 -0.4874 -0.7350
vn 0.3395 -0.6668 -0.6634
vn 0.3943 -0.6490 -0.6507
vn 0.4677 -0.4389 -0.7672
vn 0.5856 -0.4124 -0.6979
vn 0.4723 -0.6827 -0.5575
vn 0.4872 -0.7149 -0.5015
vn 0.4489 -0.5532 -0.7018
vn 0.3641 -0.6831 -0.6331
vn 0.6006 -0.5203 -0.6070
vn 0.3869 -0.4396 -0.8106
vn 0.2184 -0.8084 -0.5467
vn 0.2751 -0.6192 -0.7354
vn 0.3773 -0.5707 -0.7294
vn 0.4071 -0.4296 -0.8061
vn 0.3114 -0.5541 -0.7720
vn 0.1524 -0.8968 -0.4153
vn 0.1792 -0.7397 -0.6487
vn 0.0649 -0.9238 -0.3774
vn 0.1045 -0.8189 -0.5644
vn 0.0308 -0.9373 -0.3473
vn 0.0960 -0.8105 -0.5778
vn 0.0520 -0.9411 -0.3342
vn 0.1119 -0.8529 -0.5100
vn -0.0563 -0.9809 -0.1860
vn -0.0854 -0.9886 -0.1240
vn 0.0841 -0.9876 -0.1325
vn 0.0161 -0.9718 -0.2354
vn 0.1925 -0.6819 -0.7057
vn 0.2552 -0.7743 -0.5791
vn -0.1358 -0.9880 0.0731
vn -0.2978 -0.9544 -0.0226
vn -0.4007 -0.9024 0.1583
vn -0.2624 -0.9040 0.3375
vn 0.0640 -0.9538 0.2935
vn 0.0843 -0.9962 -0.0228
vn 0.0204 -0.9558 -0.2933
vn 0.0449 -0.9546 -0.2945
vn 0.0890 -0.9478 -0.3062
vn 0.0438 -0.9063 -0.4203
vn 0.0506 -0.9521 -0.3016
vn 0.0437 -0.8899 -0.4540
vn -0.6651 -0.3061 0.6812
vn -0.5172 -0.2486 0.8190
vn -0.2068 -0.3859 0.8991
vn -0.4145 -0.4695 0.7796
vn 0.1243 -0.3807 0.9163
vn -0.0362 -0.0929 0.9950
vn -0.2511 0.3235 0.9123
vn -0.3413 0.4113 0.8452
vn -0.1342 0.1723 0.9758
vn -0.2123 0.5374 0.8162
vn -0.2223 0.0760 0.9720
vn -0.0377 -0.2925 0.9555
vn 0.1988 -0.6857 0.7002
vn -0.3215 -0.1826 0.9292
vn -0.2935 -0.2656 0.9183
vn -0.2435 -0.5261 0.8149
vn -0.2859 -0.0127 0.9582
vn -0.2874 -0.4549 0.8429
vn -0.0766 -0.5705 0.8177
vn -0.1409 -0.6020 0.7860
vn -0.2684 -0.6154 0.7411
vn -0.0403 -0.4459 0.8942
vn -0.1180 -0.5549 0.8235
vn -0.0596 -0.6732 0.7370
vn 0.0010 -0.7484 0.6633
vn 0.0505 -0.4369 0.8981
vn 0.2442 -0.6687 0.7023
vn 0.2808 -0.8023 0.5267
vn -0.2565 -0.9529 -0.1620
vn -0.2728 -0.9620 -0.0084
vn -0.1503 -0.9646 -0.2165
vn -0.0635 -0.9955 -0.0697
vn -0.6040 -0.7537 -0.2591
vn -0.4899 -0.8490 -0.1980
vn -0.6951 -0.6621 0.2802
vn -0.4942 -0.8594 0.1313
vn -0.4488 -0.6688 0.5927
vn -0.5286 -0.4251 0.7347
vn -0.1740 -0.8523 0.4933
vn 0.1209 -0.9351 0.3331
vn -0.4191 -0.7067 0.5700
vn -0.2310 -0.9546 -0.1881
vn -0.2039 -0.9571 -0.2060
vn -0.2886 -0.9503 -0.1168
vn -0.2999 -0.9413 -0.1551
vn -0.0476 -0.8823 0.4683
vn 0.1554 -0.9391 0.3064
vn -0.0299 -0.9995 0.0082
vn -0.1787 -0.9690 0.1709
vn -0.3604 -0.9328 -0.0024
vn -0.3832 -0.9022 0.1980
vn -0.2391 -0.9700 -0.0428
vn -0.4165 -0.9029 -0.1064
vn -0.4095 -0.8834 -0.2279
vn -0.3638 -0.9069 -0.2127
vn -0.1417 -0.9813 -0.1306
vn -0.3317 -0.9375 -0.1049
vn -0.3539 -0.7655 0.5374
vn -0.3047 -0.1493 -0.9407
vn -0.7588 -0.2700 -0.5927
vn -0.0331 -0.4107 -0.9111
vn -0.5477 -0.5772 -0.6057
vn -0.0262 -0.4202 -0.9071
vn 0.1288 -0.5127 -0.8489
vn -0.0157 -0.4953 -0.8686
vn 0.0076 -0.5230 -0.8523
vn 0.0062 -0.5331 -0.8460
vn -0.0347 -0.5480 -0.8357
vn 0.0168 -0.5432 -0.8394
vn 0.0054 -0.5245 -0.8514
vn 0.0745 -0.7020 -0.7083
vn -0.0481 -0.6251 -0.7790
vn 0.0697 -0.6777 -0.7320
vn 0.0275 -0.6130 -0.7896
vn 0.2940 -0.6747 -0.6771
vn 0.2097 -0.6437 -0.7360
vn 0.2897 -0.5281 -0.7982
vn 0.1876 -0.7115 -0.6772
vn 0.3389 -0.5082 -0.7917
vn 0.5114 -0.4310 -0.7434
vn 0.4045 -0.5618 -0.7217
vn 0.3547 -0.6375 -0.6839
vn 0.2759 -0.4962 -0.8232
vn 0.0855 -0.5095 -0.8562
vn 0.1320 -0.5802 -0.8037
vn 0.2658 -0.3758 -0.8878
vn 0.2537 -0.2538 -0.9334
vn 0.4346 -0.4111 -0.8013
vn 0.4255 -0.2359 -0.8737
vn 0.0582 -0.4101 -0.9102
vn 0.2726 -0.5913 -0.7590
vn 0.2425 -0.6641 -0.7072
vn 0.1704 -0.6604 -0.7313
vn 0.1738 -0.7211 -0.6707
vn 0.1289 -0.6788 -0.7229
vn 0.1460 -0.7579 -0.6358
vn 0.1894 -0.7190 -0.6687
vn 0.1699 -0.7114 -0.6819
vn 0.1321 -0.5272 -0.8394
vn 0.1070 -0.3982 -0.9110
vn 0.1444 -0.6663 -0.7316
vn 0.0609 -0.6268 -0.7768
vn 0.0916 -0.3756 -0.9222
vn 0.1881 -0.4017 -0.8962
vn -0.0049 -0.5957 -0.8032
vn -0.0133 -0.6541 -0.7563
vn 0.2443 -0.4571 -0.8552
vn -0.2264 -0.7103 -0.6665
vn -0.8179 -0.4580 0.3483
vn -0.9794 -0.1962 -0.0469
vn -0.8121 -0.5765 -0.0904
vn -0.9147 -0.0955 0.3927
vn 0.6023 -0.3131 -0.7343
vn 0.5876 -0.1793 -0.7890
vn 0.6265 0.0474 -0.7780
vn 0.6458 0.0062 -0.7635
vn 0.4452 0.4507 -0.7738
vn 0.5944 0.3336 -0.7317
vn 0.2090 0.7475 -0.6305
vn 0.4775 0.7211 -0.5020
vn 0.4751 -0.1065 -0.8735
vn 0.5796 -0.0796 -0.8110
vn 0.7213 0.0316 -0.6919
vn 0.6690 0.0487 -0.7417
vn 0.8386 0.2000 -0.5066
vn 0.6437 -0.0268 -0.7648
vn 0.5994 -0.0153 -0.8003
vn 0.3816 -0.1352 -0.9144
vn 0.6294 -0.0514 -0.7754
vn 0.2749 -0.1824 -0.9440
vn 0.1207 -0.1729 -0.9775
vn -0.0224 -0.0673 -0.9975
vn -0.2663 -0.1750 -0.9479
vn -0.0967 -0.4280 -0.8986
vn 0.5252 0.0599 -0.8489
vn 0.4062 0.0639 -0.9115
vn -0.2174 -0.8056 -0.5511
vn -0.6493 -0.1631 -0.7428
vn -0.4464 -0.7215 -0.5293
vn -0.8693 0.1163 -0.4805
vn -0.7315 -0.6453 -0.2203
vn -0.3179 -0.9464 -0.0563
vn -0.0546 -0.8360 -0.5460
vn 0.0235 -0.8471 -0.5309
vn -0.0953 -0.9945 -0.0422
vn -0.0194 -0.9981 -0.0577
vn 0.0885 -0.8661 -0.4920
vn 0.0773 -0.8940 -0.4413
vn -0.0345 -0.9994 -0.0020
vn -0.1210 -0.9886 0.0894
vn 0.0780 -0.9108 -0.4054
vn 0.1072 -0.9117 -0.3967
vn -0.1102 -0.9851 0.1319
vn -0.1199 -0.9778 0.1719
vn -0.1440 -0.9347 -0.3248
vn -0.0380 -0.9348 -0.3530
vn -0.2819 -0.9453 0.1643
vn -0.2131 -0.9566 0.1988
vn -0.6961 -0.1257 0.7068
vn -0.5337 -0.2225 0.8159
vn -0.6190 -0.3534 0.7014
vn -0.4434 -0.3210 0.8369
vn -0.5465 -0.8195 -0.1727
vn -0.3288 -0.8978 -0.2928
vn -0.6459 -0.7356 0.2041
vn -0.4324 -0.8919 0.1327
vn -0.2354 -0.9099 -0.3414
vn -0.3387 -0.9295 0.1460
vn -0.4938 -0.5973 0.6320
vn -0.4055 -0.4342 0.8044
vn -0.3855 -0.7318 0.5620
vn -0.4002 -0.5714 0.7165
vn -0.0758 -0.2200 0.9726
vn -0.2553 -0.2327 0.9385
vn -0.1829 -0.2581 0.9487
vn -0.1901 -0.0133 0.9817
vn -0.3533 -0.7477 0.5623
vn -0.3347 -0.5626 0.7560
vn -0.3210 -0.7306 0.6027
vn -0.3057 -0.5428 0.7822
vn -0.3925 -0.3139 0.8645
vn -0.3412 -0.3678 0.8650
vn -0.3461 -0.4182 0.8398
vn -0.3073 -0.3976 0.8646
vn -0.3531 0.1472 0.9239
vn -0.3699 -0.1529 0.9164
vn -0.4380 -0.1766 0.8815
vn -0.4176 0.1423 0.8974
vn -0.3445 -0.5225 0.7799
vn -0.2970 -0.7496 0.5915
vn -0.3757 -0.5412 0.7523
vn -0.2897 -0.7205 0.6301
vn -0.2952 -0.7682 0.5681
vn -0.3844 -0.5788 0.7192
vn -0.2902 -0.7158 0.6351
vn -0.3054 -0.5299 0.7912
vn -0.3359 -0.3908 0.8570
vn -0.3974 -0.3967 0.8275
vn -0.2375 -0.8372 0.4927
vn -0.1599 -0.9060 0.3918
vn -0.3553 -0.6427 0.6787
vn -0.2838 -0.7183 0.6353
vn -0.4206 -0.4163 0.8061
vn -0.4195 -0.1905 0.8875
vn -0.4035 -0.4239 0.8109
vn -0.3426 -0.1852 0.9210
vn -0.1730 -0.9286 0.3283
vn -0.3560 -0.8931 0.2751
vn -0.2722 -0.7591 0.5914
vn -0.4084 -0.7055 0.5792
vn -0.8104 -0.5645 0.1566
vn -0.9832 0.1812 -0.0219
vn -0.8611 0.1575 0.4834
vn -0.7282 -0.3840 0.5677
vn 0.9720 0.1412 -0.1879
vn 0.8138 0.1365 -0.5649
vn 0.9721 0.1640 -0.1679
vn 0.7993 0.1539 -0.5809
vn 0.9776 0.1945 -0.0809
vn 0.8746 0.0532 -0.4818
vn 0.8403 0.0841 -0.5355
vn 0.9024 0.1337 -0.4097
vn 0.9389 0.3213 0.1234
vn 0.9804 0.1963 0.0183
vn 0.9324 0.3109 -0.1844
vn 0.8399 0.5185 0.1601
vn 0.5960 0.6418 0.4825
vn 0.7990 0.5192 0.3035
vn -0.3570 0.1181 0.9266
vn -0.2338 0.4359 0.8691
vn -0.2089 0.1389 0.9680
vn -0.0641 0.4536 0.8889
vn -0.3441 -0.4453 0.8266
vn -0.2385 -0.1732 0.9556
vn -0.2866 -0.4857 0.8258
vn -0.1692 -0.1340 0.9764
vn -0.0409 0.1683 0.9849
vn 0.0870 0.4200 0.9033
vn 0.0967 0.2052 0.9739
vn 0.2184 0.4017 0.8893
vn 0.3893 0.3480 0.8528
vn 0.1935 0.2052 0.9594
vn 0.2734 0.2149 0.9376
vn 0.2805 0.3929 0.8758
vn -0.1019 -0.0950 0.9903
vn 0.0273 -0.0439 0.9987
vn 0.6467 0.4353 0.6263
vn 0.4799 0.5325 0.6972
vn 0.7933 0.3122 0.5227
vn 0.5544 0.2937 0.7787
vn 0.6891 0.2600 0.6764
vn -0.2839 -0.5052 0.8150
vn -0.3758 -0.4389 0.8162
vn 0.9132 0.1946 0.3580
vn 0.9364 0.1394 0.3222
vn 0.8796 0.2461 0.4070
vn 0.6006 0.2141 0.7703
vn 0.6343 0.1621 0.7559
vn 0.6685 0.1418 0.7300
vn 0.8555 0.2593 0.4481
vn 0.6437 0.2347 0.7284
vn 0.4401 0.1846 0.8788
vn 0.3743 0.1428 0.9162
vn 0.3121 0.1359 0.9403
vn -0.1049 -0.0371 0.9938
vn -0.0559 0.0678 0.9961
vn 0.3703 0.0967 0.9239
vn -0.5134 -0.1694 0.8413
vn -0.5354 0.1456 0.8319
vn 0.2336 -0.0289 0.9719
vn 0.5644 -0.2473 0.7876
vn 0.4288 0.0892 0.8990
vn 0.6909 0.0646 0.7201
vn 0.9871 -0.0063 -0.1598
vn 0.8301 -0.4028 0.3856
vn 0.9130 -0.4011 -0.0745
vn 0.9488 -0.0271 0.3146
vn -0.3715 -0.7738 0.5131
vn -0.3367 0.0873 0.9375
vn -0.0822 -0.2965 0.9515
vn -0.0214 -0.9189 0.3938
vn -0.1295 0.6228 0.7716
vn -0.0347 0.5735 0.8185
vn 0.1661 -0.9758 -0.1423
vn 0.1915 -0.9787 -0.0739
vn 0.2041 -0.9633 0.1744
vn 0.2382 -0.9533 0.1857
vn 0.1791 -0.9379 0.2972
vn 0.2093 -0.9644 0.1615
vn 0.2022 -0.9746 0.0967
vn 0.2463 -0.9400 0.2362
vn 0.2065 -0.9268 -0.3137
vn 0.1879 -0.9568 -0.2218
vn 0.3229 -0.9436 0.0732
vn 0.3699 -0.9147 -0.1627
vn 0.2263 -0.7643 -0.6039
vn 0.3195 -0.8414 -0.4359
vn 0.1601 -0.7769 -0.6089
vn 0.3496 -0.7872 -0.5081
vn 0.3892 -0.8442 -0.3685
vn 0.3197 -0.8603 -0.3971
vn 0.6163 -0.2934 -0.7308
vn 0.3666 -0.8768 -0.3111
vn 0.2700 -0.8575 -0.4379
vn 0.4318 -0.7019 -0.5664
vn 0.3829 0.5763 0.7220
vn 0.3201 0.5929 0.7390
vn 0.4151 0.6980 0.5835
vn 0.7920 0.0656 0.6069
vn 0.1698 0.5304 0.8305
vn 0.4151 -0.0795 0.9063
vn 0.3494 -0.9356 -0.0503
vn 0.2008 -0.9596 -0.1973
vn 0.7272 -0.6856 -0.0330
vn 0.1518 -0.8637 -0.4805
vn 0.2787 -0.9603 -0.0091
vn 0.2897 -0.9151 -0.2805
vn 0.1508 -0.7651 -0.6260
vn 0.1984 -0.8066 -0.5568
vn 0.2103 0.7986 -0.5640
vn 0.5309 0.5619 -0.6343
vn 0.8245 0.4509 -0.3419
vn 0.6696 0.6899 -0.2751
vn 0.8988 0.4088 0.1583
vn 0.6779 0.7322 0.0664
vn 0.1719 -0.7937 -0.5835
vn 0.1833 -0.7792 -0.5993
vn 0.5661 0.6987 0.4374
vn 0.9991 -0.0382 -0.0184
vn 0.7277 0.3537 -0.5877
vn 0.8464 0.4943 -0.1982
vn 0.6166 0.6629 0.4248
vn 0.2628 -0.3106 0.9135
vn 0.3120 -0.6114 0.7272
vn 0.3795 -0.4398 0.8140
vn 0.2828 -0.4160 0.8643
vn 0.2926 -0.5942 0.7492
vn 0.2400 -0.7722 0.5883
vn 0.3136 -0.8114 0.4932
vn 0.4103 -0.6903 0.5959
vn 0.5022 -0.5135 0.6957
vn 0.1485 -0.9087 0.3902
vn 0.0027 -0.9904 0.1383
vn 0.1899 -0.8923 0.4095
vn 0.0527 -0.9975 0.0470
vn 0.0297 -0.9872 0.1567
vn 0.1871 -0.9156 0.3559
vn 0.4889 0.3327 0.8064
vn 0.6809 0.1313 0.7205
vn 0.5016 0.4188 0.7570
vn 0.7927 -0.2219 0.5678
vn 0.6541 0.0375 0.7555
vn 0.8002 -0.2636 0.5386
vn 0.7234 -0.1363 0.6768
vn 0.6034 0.2122 0.7687
vn 0.4452 0.4677 0.7635
vn 0.4696 0.4396 0.7657
vn 0.4326 0.5424 0.7202
vn 0.3545 0.6150 0.7044
vn 0.5199 0.2293 0.8229
vn 0.3912 0.4591 0.7977
vn 0.6188 -0.0952 0.7797
vn 0.4503 0.1934 0.8717
vn 0.3394 0.3977 0.8525
vn 0.2888 0.6014 0.7450
vn 0.2266 0.5986 0.7683
vn 0.2545 0.5320 0.8076
vn 0.3325 0.4953 0.8026
vn 0.3737 0.2819 0.8837
vn 0.4220 0.1364 0.8963
vn 0.2922 0.2235 0.9299
vn 0.3424 0.5383 0.7700
vn 0.2966 0.4726 0.8299
vn 0.4098 0.5810 0.7032
vn 0.3859 0.3076 0.8697
vn 0.5024 0.3369 0.7963
vn 0.4418 0.0941 0.8922
vn 0.4592 0.0013 0.8883
vn 0.5121 -0.0299 0.8584
vn 0.4763 -0.0783 0.8758
vn 0.4617 -0.0993 0.8815
vn 0.2799 0.1018 0.9546
vn 0.2650 0.4425 0.8567
vn 0.2824 0.4685 0.8371
vn 0.2348 0.1132 0.9654
vn 0.1744 -0.1771 0.9686
vn 0.2025 -0.1796 0.9627
vn 0.2113 -0.1162 0.9705
vn 0.1974 -0.2422 0.9499
vn 0.1849 -0.1309 0.9740
vn 0.2297 -0.0447 0.9722
vn 0.3600 -0.0801 0.9295
vn 0.3671 -0.0429 0.9292
vn 0.3121 -0.1966 0.9295
vn 0.3284 0.4824 0.8121
vn 0.3679 0.1324 0.9204
vn 0.6501 -0.3007 0.6978
vn 0.5992 -0.4784 0.6420
vn 0.5662 -0.3023 0.7668
vn 0.6694 -0.1215 0.7329
vn 0.5794 -0.1125 0.8073
vn 0.1745 -0.0845 0.9810
vn 0.2085 -0.0044 0.9780
vn 0.2639 -0.1911 0.9455
vn 0.2679 -0.0574 0.9617
vn 0.1649 -0.0572 0.9846
vn 0.1455 -0.0590 0.9876
vn 0.4117 0.1024 0.9055
vn 0.2721 0.0633 0.9602
vn 0.5582 0.1016 0.8235
vn 0.4248 -0.0891 0.9009
vn 0.1683 -0.0602 0.9839
vn 0.2188 -0.0971 0.9709
vn 0.3188 -0.0545 0.9462
vn 0.2584 -0.4769 0.8401
vn 0.1995 -0.8721 0.4468
vn 0.2639 -0.5548 0.7890
vn 0.3560 -0.8104 0.4654
vn 0.3632 -0.9286 0.0760
vn 0.1887 -0.9707 0.1486
vn 0.1354 -0.1342 0.9817
vn 0.0991 -0.2526 0.9625
vn 0.0464 -0.2530 0.9664
vn 0.1373 -0.2277 0.9640
vn 0.2400 -0.3848 0.8912
vn 0.2500 -0.4405 0.8622
vn 0.4271 -0.3853 0.8180
vn 0.4126 -0.4973 0.7631
vn 0.4839 -0.3257 0.8123
vn 0.5184 -0.3827 0.7647
vn 0.5372 -0.2920 0.7913
vn 0.5205 -0.2382 0.8200
vn 0.6344 -0.3419 0.6933
vn 0.5350 -0.1794 0.8256
vn 0.7314 -0.3729 0.5710
vn 0.5329 -0.2272 0.8151
vn 0.7968 -0.3837 0.4668
vn 0.7208 -0.4465 0.5302
vn 0.8259 -0.4148 0.3819
vn 0.7781 -0.5468 0.3093
vn 0.9497 -0.2443 0.1959
vn 0.9385 -0.1455 0.3132
vn 0.9674 -0.2520 0.0254
vn 0.8999 -0.2361 0.3666
vn 0.8690 -0.0950 0.4856
vn 0.7571 -0.0572 0.6508
vn 0.6122 0.1037 0.7839
vn 0.7748 0.0260 0.6317
vn 0.8660 -0.0541 0.4971
vn 0.7069 0.1141 0.6981
vn 0.7916 0.0173 0.6108
vn 0.5853 0.2054 0.7844
vn 0.4982 0.2877 0.8180
vn 0.5946 0.1906 0.7811
vn 0.6694 0.0782 0.7388
vn 0.4418 0.2370 0.8653
vn 0.4877 0.0907 0.8683
vn 0.3398 0.3397 0.8770
vn -0.0480 0.3880 0.9204
vn 0.0632 0.2619 0.9630
vn 0.0853 0.0976 0.9916
vn -0.5268 0.2519 0.8118
vn -0.4861 0.1400 0.8626
vn -0.5968 0.3397 0.7269
vn -0.8887 0.2462 0.3869
vn -0.8763 0.1997 0.4384
vn -0.8635 0.1494 0.4817
vn 0.3797 -0.3270 0.8654
vn -0.3931 -0.0346 0.9188
vn -0.2257 -0.4375 0.8704
vn 0.1782 -0.1470 0.9730
vn -0.8744 0.0051 0.4852
vn -0.9934 0.0916 0.0686
vn -0.9963 0.0641 0.0572
vn -0.9860 0.0845 0.1437
vn -0.9569 -0.1124 -0.2677
vn -0.9719 -0.1861 -0.1439
vn -0.9342 -0.1170 -0.3371
vn -0.3897 -0.4427 -0.8076
vn -0.7620 -0.3294 -0.5576
vn -0.3606 -0.4840 -0.7973
vn -0.7077 -0.3111 -0.6343
vn -0.7667 -0.4241 -0.4821
vn -0.3106 -0.6079 -0.7307
vn 0.2393 -0.4101 -0.8801
vn 0.1153 -0.5130 -0.8506
vn 0.3360 -0.5250 -0.7819
vn -0.0120 -0.4578 -0.8890
vn 0.1249 -0.6189 -0.7755
vn 0.3705 -0.6212 -0.6905
vn 0.5909 -0.5036 0.6302
vn 0.4983 -0.1881 0.8463
vn 0.5236 -0.4460 0.7259
vn 0.6560 -0.1812 0.7327
vn -0.8306 -0.2751 0.4842
vn -0.9931 -0.1169 -0.0036
vn -0.7773 -0.6239 0.0806
vn -0.8679 -0.3174 -0.3821
vn -0.5289 -0.7798 -0.3350
vn 0.7288 -0.5929 0.3425
vn 0.7900 -0.1968 0.5807
vn 0.6480 -0.5678 0.5076
vn 0.8763 -0.2131 0.4321
vn 0.0324 -0.8546 0.5182
vn 0.3062 -0.9433 0.1280
vn 0.4291 -0.8979 -0.0984
vn -0.2622 -0.7870 -0.5585
vn -0.0572 -0.7607 -0.6466
vn 0.4817 -0.8446 -0.2338
vn -0.5912 -0.4808 -0.6476
vn -0.3151 -0.5704 -0.7585
vn 0.8946 -0.2984 -0.3325
vn 0.9677 -0.2354 -0.0904
vn 0.9032 -0.3642 -0.2272
vn 0.9029 -0.3702 -0.2183
vn 0.9395 -0.2669 -0.2148
vn 0.9432 -0.3114 -0.1157
vn 0.9542 -0.2202 0.2026
vn 0.8496 -0.5210 0.0818
vn 0.8955 -0.3703 0.2471
vn 0.9431 -0.3256 0.0671
vn 0.9262 -0.3705 0.0700
vn 0.9106 -0.3184 0.2634
vn 0.5830 -0.4434 -0.6808
vn 0.4774 -0.5451 -0.6891
vn 0.6269 -0.5424 -0.5592
vn 0.3891 -0.4148 -0.8225
vn 0.5579 -0.5694 -0.6038
vn 0.6822 -0.5327 -0.5008
vn 0.5511 -0.4023 -0.7311
vn 0.4232 -0.5621 -0.7106
vn 0.3313 -0.3975 -0.8557
vn 0.2332 -0.4861 -0.8422
vn 0.8496 -0.4806 -0.2174
vn 0.8648 -0.4873 -0.1212
vn 0.7807 -0.4385 -0.4453
vn 0.7692 -0.3646 -0.5247
vn 0.6944 -0.5351 -0.4811
vn -0.0088 -0.5717 -0.8204
vn 0.1939 -0.7039 -0.6833
vn 0.5775 -0.7430 -0.3382
vn -0.1280 -0.6966 0.7059
vn 0.4868 -0.6714 0.5589
vn 0.3062 -0.8414 0.4452
vn 0.1456 -0.4418 0.8852
vn 0.6831 -0.6907 0.2371
vn 0.4660 -0.8844 0.0278
vn 0.8279 -0.4374 0.3511
vn 0.8230 -0.5396 0.1776
vn 0.7550 -0.2776 0.5941
vn 0.6434 -0.3411 0.6854
vn 0.7654 -0.4549 0.4552
vn 0.7950 -0.5593 0.2348
vn 0.5629 -0.1114 0.8190
vn 0.5764 -0.0518 0.8155
vn 0.4730 0.2295 0.8507
vn 0.4730 0.1740 0.8637
vn 0.4276 0.3547 0.8315
vn 0.3622 0.3436 0.8665
vn -0.1795 -0.9785 0.1018
vn -0.3164 -0.9032 -0.2900
vn 0.0912 -0.9879 -0.1257
vn 0.0163 -0.9205 -0.3905
vn -0.8655 -0.4849 -0.1261
vn -0.7181 -0.6460 0.2589
vn 0.3507 0.3365 0.8739
vn 0.3025 0.4041 0.8633
vn 0.1853 0.4862 0.8540
vn 0.4246 0.2695 0.8643
vn 0.1550 0.4504 0.8793
vn 0.1123 0.5537 0.8251
vn 0.0481 0.5494 0.8342
vn 0.2440 0.4051 0.8811
vn -0.1169 0.2823 0.9522
vn -0.0744 0.4984 0.8638
vn -0.1638 0.3635 0.9171
vn -0.0373 0.4599 0.8872
vn -0.2896 0.0889 0.9530
vn -0.5758 -0.0822 0.8135
vn -0.5102 -0.1439 0.8479
vn -0.3601 0.1387 0.9225
vn -0.7270 -0.4684 0.5022
vn -0.7881 -0.3512 0.5056
vn -0.8670 -0.4917 0.0812
vn -0.9831 -0.1817 0.0202
vn -0.9326 -0.3422 0.1148
vn -0.9906 -0.0256 -0.1345
vn 0.5418 -0.3059 0.7829
vn 0.5512 -0.3711 0.7474
vn 0.5290 -0.0824 0.8446
vn 0.7005 0.0055 0.7136
vn 0.7272 -0.0869 0.6809
vn 0.7706 -0.0587 0.6347
vn 0.5338 0.1064 0.8389
vn 0.6415 0.2018 0.7401
vn 0.4436 0.2228 0.8681
vn 0.4627 0.3667 0.8071
vn 0.7726 -0.3742 0.5129
vn 0.7761 -0.5773 0.2537
vn 0.8948 -0.2261 0.3851
vn 0.8539 -0.5051 0.1257
vn 0.7298 -0.6821 0.0451
vn 0.7460 -0.6487 0.1508
vn 0.7154 -0.6976 0.0410
vn 0.7686 -0.6281 0.1216
vn 0.8637 -0.5022 -0.0420
vn 0.8048 -0.5188 -0.2883
vn 0.3498 -0.9353 -0.0532
vn 0.5464 -0.8153 -0.1918
vn 0.3308 -0.8709 -0.3634
vn 0.5663 -0.8231 -0.0421
vn 0.5459 -0.5343 -0.6454
vn 0.2520 -0.5303 -0.8095
vn -0.1121 -0.0784 0.9906
vn -0.0546 0.1884 0.9806
vn -0.3137 -0.2392 0.9189
vn -0.1838 -0.2747 0.9438
vn -0.3180 0.0326 0.9475
vn -0.2803 0.4245 0.8609
vn -0.4201 -0.3614 0.8324
vn -0.6506 -0.3193 0.6891
vn -0.9506 -0.1963 0.2407
vn -0.8145 -0.3195 0.4843
vn -0.9863 -0.1088 -0.1239
vn -0.9258 -0.3741 0.0532
vn -0.8164 -0.4958 -0.2962
vn -0.8606 -0.3504 -0.3696
vn -0.5624 -0.4937 -0.6633
vn -0.3302 -0.3815 -0.8634
vn -0.2720 -0.5112 -0.8153
vn -0.5801 -0.4976 -0.6449
vn -0.0923 -0.5184 -0.8501
vn -0.1399 -0.3702 -0.9184
vn 0.1407 -0.9089 -0.3926
vn 0.2310 -0.9186 -0.3207
vn -0.0319 -0.3160 -0.9482
vn 0.0801 -0.5497 -0.8315
vn 0.0030 0.2902 0.9570
vn -0.1585 0.2916 0.9433
vn -0.0949 0.3402 0.9356
vn -0.3484 0.2264 0.9096
vn -0.0067 0.2481 0.9687
vn -0.1258 0.1901 0.9737
vn -0.4669 0.2866 0.8366
vn -0.4793 0.2218 0.8492
vn -0.2691 -0.0075 0.9631
vn -0.1708 -0.7411 -0.6493
vn 0.2339 -0.7739 -0.5885
vn -0.0332 -0.8040 -0.5937
vn 0.3977 -0.7543 -0.5224
vn 0.0608 -0.7310 -0.6797
vn 0.1939 -0.7035 -0.6837
vn 0.6689 -0.6911 -0.2739
vn 0.4676 -0.7656 -0.4419
vn 0.1528 -0.8271 -0.5409
vn 0.3678 -0.7445 -0.5571
vn 0.7247 -0.5941 -0.3491
vn 0.5199 -0.7796 -0.3491
vn 0.8113 -0.5376 -0.2296
vn 0.6621 -0.6382 -0.3928
vn 0.7878 -0.5689 -0.2363
vn 0.9067 -0.4090 0.1031
vn 0.8648 -0.5010 0.0328
vn 0.7367 -0.6693 0.0967
vn 0.6170 -0.7008 -0.3580
vn 0.2975 -0.7899 -0.5362
vn 0.7727 -0.6042 -0.1947
vn -0.5559 -0.7312 -0.3954
vn -0.8427 -0.4831 -0.2374
vn -0.6624 -0.6529 -0.3673
vn -0.9142 -0.4039 0.0324
vn -0.7780 -0.5804 -0.2405
vn -0.8846 -0.4368 -0.1635
vn -0.9664 -0.2452 0.0768
vn -0.9649 -0.2355 0.1160
vn -0.7351 -0.6007 -0.3142
vn -0.3765 -0.7791 -0.5012
vn -0.4788 -0.7111 -0.5148
vn -0.2300 -0.8266 -0.5136
vn 0.8459 -0.3711 0.3830
vn 0.7411 -0.6095 0.2817
vn 0.8654 -0.2119 0.4542
vn 0.8452 -0.1162 0.5216
vn 0.8346 -0.3222 0.4468
vn 0.8080 -0.5005 0.3109
vn 0.8346 -0.1559 0.5284
vn 0.4644 0.1500 0.8728
vn 0.8243 -0.0576 0.5632
vn 0.5387 0.1257 0.8331
vn 0.6432 -0.1226 0.7558
vn 0.7871 -0.4438 0.4284
vn -0.7089 0.1238 0.6944
vn -0.7907 0.0552 0.6097
vn -0.8860 -0.0912 0.4547
vn -0.6347 0.1331 0.7612
vn -0.7422 -0.0038 0.6702
vn -0.4645 0.0872 0.8813
vn -0.9088 -0.0482 0.4144
vn -0.9360 -0.2749 0.2199
vn -0.8886 -0.0795 0.4518
vn -0.2702 -0.9564 -0.1110
vn 0.4121 -0.9075 -0.0816
vn 0.3698 -0.9176 0.1459
vn 0.0190 -0.9082 -0.4180
vn 0.2811 -0.7821 0.5561
vn 0.1955 -0.1819 0.9637
vn -0.3283 -0.8142 0.4788
vn 0.0226 0.3099 0.9505
vn 0.1006 0.2923 0.9510
vn -0.6748 -0.4289 0.6005
vn -0.7325 -0.6717 0.1109
vn -0.1022 -0.8556 -0.5075
vn -0.4200 -0.8394 -0.3450
vn -0.7357 -0.6686 -0.1085
vn 0.8445 -0.1279 0.5201
vn 0.8022 -0.1158 0.5857
vn 0.9181 -0.3540 0.1781
vn 0.8929 -0.2850 0.3485
vn 0.7923 -0.0858 0.6041
vn 0.8196 -0.0701 0.5686
vn 0.8246 -0.0540 0.5631
vn 0.7905 -0.0197 0.6121
vn 0.6101 0.1856 0.7703
vn 0.6362 0.1209 0.7620
vn 0.1554 0.3607 0.9196
vn 0.2448 0.3045 0.9205
vn 0.2821 0.3536 0.8919
vn 0.0878 0.3172 0.9443
vn 0.8468 -0.5152 -0.1323
vn 0.8737 -0.4850 0.0391
vn 0.8216 -0.5560 -0.1256
vn 0.8209 -0.5697 -0.0391
vn 0.8140 -0.5714 -0.1046
vn 0.7970 -0.6015 -0.0551
vn 0.7584 -0.6293 -0.1698
vn 0.7705 -0.6126 -0.1762
vn 0.2659 0.3564 0.8957
vn 0.0851 0.3251 0.9418
vn 0.0790 0.3784 0.9222
vn 0.2649 0.3433 0.9011
vn 0.3292 -0.6636 -0.6718
vn 0.5319 -0.7041 -0.4705
vn 0.2574 -0.6994 -0.6668
vn 0.5869 -0.6725 -0.4509
vn 0.3340 0.2984 0.8941
vn 0.3232 0.3819 0.8658
vn 0.0680 0.2878 0.9553
vn 0.1236 0.3217 0.9387
vn 0.0570 0.3130 0.9480
vn 0.0265 0.2475 0.9685
vn -0.2738 0.1511 0.9498
vn -0.3445 0.3718 0.8620
vn -0.7749 0.2993 0.5568
vn -0.6922 -0.0097 0.7216
vn -0.9013 -0.0792 0.4259
vn -0.9557 0.1002 0.2769
vn -0.9854 -0.1044 0.1347
vn -0.9709 -0.1908 0.1445
vn -0.9111 -0.3990 -0.1032
vn -0.9328 -0.3570 -0.0491
vn -0.7732 -0.5637 -0.2906
vn -0.7944 -0.5590 -0.2378
vn -0.5303 -0.6777 -0.5094
vn -0.2382 -0.7227 -0.6488
vn -0.5411 -0.7015 -0.4639
vn -0.2414 -0.7311 -0.6382
vn 0.2626 -0.9469 -0.1856
vn 0.1970 -0.6702 -0.7156
vn 0.2794 -0.9600 -0.0183
vn 0.0898 -0.3242 -0.9417
vn 0.2742 -0.8329 -0.4807
vn 0.0347 -0.2500 -0.9676
vn -0.0004 -0.7013 -0.7129
vn 0.1237 -0.6686 -0.7333
vn -0.0021 -0.6822 -0.7311
vn 0.0954 -0.6618 -0.7435
vn 0.1692 -0.6784 -0.7149
vn 0.2303 -0.6393 -0.7337
vn 0.1240 -0.6668 -0.7349
vn 0.1769 -0.6081 -0.7739
vn 0.2149 -0.8973 -0.3856
vn 0.2468 -0.9690 -0.0125
vn 0.1179 -0.4788 -0.8700
vn 0.0713 -0.5980 -0.7983
vn 0.0966 -0.5727 -0.8141
vn 0.0850 -0.6500 -0.7552
vn 0.1496 -0.4454 -0.8828
vn 0.0438 -0.3648 -0.9301
vn 0.0732 -0.2467 -0.9663
vn 0.9691 -0.1865 0.1616
vn 0.9231 -0.3807 -0.0555
vn 0.9194 0.1869 0.3460
vn 0.9498 0.0088 0.3128
vn 0.9627 -0.2597 0.0759
vn 0.9459 -0.3111 -0.0919
vn 0.8453 0.3431 0.4095
vn 0.7670 0.3969 0.5041
vn 0.7731 0.2960 0.5611
vn 0.8724 0.1901 0.4503
vn 0.8254 -0.0916 0.5571
vn 0.9118 -0.2099 0.3529
vn 0.7641 -0.0144 0.6449
vn 0.9390 -0.3232 0.1175
vn 0.9238 -0.3820 0.0261
vn 0.6181 0.4726 0.6281
vn 0.5959 0.3784 0.7083
vn 0.3954 0.5173 0.7590
vn 0.3521 0.4009 0.8458
vn 0.6520 0.1107 0.7501
vn 0.4347 0.2913 0.8521
vn 0.2809 0.4261 0.8600
vn 0.2660 0.4028 0.8758
vn 0.2478 0.3871 0.8881
vn 0.2535 0.3821 0.8887
vn 0.2638 0.3923 0.8812
vn 0.2166 0.3826 0.8982
vn 0.9151 -0.3395 -0.2174
vn 0.8018 -0.3615 -0.4759
vn 0.9233 -0.3176 -0.2160
vn 0.7915 -0.3880 -0.4722
vn 0.8755 -0.4751 -0.0889
vn 0.7490 -0.5778 -0.3241
vn 0.4865 -0.3849 -0.7843
vn 0.2017 -0.3280 -0.9229
vn 0.4883 -0.4287 -0.7602
vn 0.2401 -0.3401 -0.9092
vn 0.5417 -0.5892 -0.5995
vn 0.3176 -0.5249 -0.7897
vn 0.0821 -0.2270 -0.9704
vn 0.0398 -0.1705 -0.9845
vn 0.1133 -0.2685 -0.9566
vn 0.1882 -0.4599 -0.8678
vn -0.3164 0.4461 0.8372
vn 0.1818 0.3380 0.9234
vn 0.1625 0.3719 0.9139
vn -0.0955 0.3522 0.9310
vn 0.0511 0.4590 0.8869
vn -0.4127 0.6134 0.6734
vn -0.6982 0.3813 0.6059
vn -0.7481 0.3809 0.5434
vn -0.4131 -0.1932 0.8900
vn -0.7948 0.0216 0.6065
vn -0.6528 0.3640 0.6643
vn -0.9177 0.2926 0.2687
vn -0.3617 -0.3526 0.8630
vn -0.6505 -0.4409 0.6185
vn -0.7868 -0.2889 0.5454
vn -0.7123 -0.0563 0.6996
vn -0.9209 0.3165 0.2275
vn -0.9742 -0.0230 0.2246
vn -0.8199 -0.5323 0.2106
vn -0.7695 -0.6049 -0.2051
vn -0.7589 -0.6336 -0.1505
vn -0.8599 -0.4711 0.1966
vn -0.7842 -0.5965 -0.1712
vn -0.9259 -0.3735 0.0571
vn -0.5515 -0.6338 -0.5424
vn -0.2865 -0.5154 -0.8077
vn -0.2433 -0.6594 -0.7113
vn -0.5316 -0.7106 -0.4609
vn -0.5307 -0.7267 -0.4362
vn -0.2203 -0.7406 -0.6348
vn 0.0375 -0.4912 -0.8702
vn -0.0754 -0.5034 -0.8607
vn -0.0164 -0.6234 -0.7817
vn 0.0121 -0.6842 -0.7292
vn 0.0240 -0.2358 -0.9715
vn 0.2020 -0.9289 -0.3103
vn 0.2653 -0.9602 -0.0870
vn 0.1005 -0.9409 -0.3234
vn 0.2807 -0.9573 -0.0693
vn 0.0208 -0.8436 -0.5366
vn 0.0833 -0.8165 -0.5713
vn 0.2102 -0.8611 -0.4629
vn 0.2800 -0.9586 -0.0513
vn 0.2163 -0.9090 -0.3564
vn 0.2598 -0.9583 -0.1187
vn 0.1168 -0.7648 -0.6335
vn 0.1320 -0.6994 -0.7025
vn 0.4250 -0.8193 -0.3848
vn 0.2233 -0.7639 -0.6054
vn 0.3578 -0.6494 -0.6710
vn 0.2646 -0.9317 -0.2488
vn 0.7951 -0.6034 0.0616
vn 0.7485 -0.6543 -0.1076
vn 0.6542 -0.6801 -0.3310
vn 0.4985 -0.7014 -0.5094
vn 0.1583 -0.6218 -0.7671
vn 0.2305 -0.5574 -0.7976
vn 0.2022 -0.6650 -0.7190
vn 0.1015 -0.8609 -0.4986
vn -0.0257 -0.9677 0.2507
vn -0.4287 -0.8990 -0.0897
vn -0.5840 -0.8053 0.1023
vn -0.3295 -0.8147 0.4772
vn -0.0961 -0.9944 -0.0434
vn -0.3576 -0.8839 -0.3014
vn -0.1723 -0.8807 -0.4413
vn -0.3531 -0.8065 -0.4742
vn -0.5076 -0.6676 -0.5446
vn -0.6356 -0.7030 -0.3191
vn -0.5619 -0.7149 -0.4161
vn -0.7128 -0.6455 -0.2743
vn -0.5332 -0.6162 -0.5797
vn -0.5198 -0.5376 -0.6639
vn -0.4695 -0.7259 -0.5026
vn -0.5061 -0.7260 -0.4656
vn -0.1320 -0.7218 -0.6794
vn -0.2828 -0.6326 -0.7210
vn 0.0307 -0.7305 -0.6822
vn -0.0028 -0.6788 -0.7344
vn 0.2047 -0.8025 -0.5605
vn 0.2793 -0.6537 -0.7033
vn 0.2989 -0.9298 -0.2148
vn 0.4402 -0.7806 -0.4438
vn 0.1010 -0.9252 -0.3657
vn -0.2903 -0.6489 -0.7033
vn -0.0864 -0.6367 -0.7663
vn 0.0988 -0.9742 0.2027
vn -0.0465 -0.9989 -0.0061
vn -0.1225 -0.9880 -0.0939
vn -0.1619 -0.9769 -0.1398
vn -0.1089 -0.7999 -0.5902
vn -0.1223 -0.9520 -0.2805
vn 0.6404 -0.6851 0.3471
vn 0.6091 -0.7593 -0.2291
vn 0.5323 -0.8269 -0.1814
vn 0.6123 -0.7340 0.2938
vn 0.4875 -0.3514 0.7993
vn 0.5754 -0.3513 0.7386
vn 0.4734 0.1443 0.8690
vn 0.6867 0.5607 0.4627
vn 0.4060 0.1447 0.9023
vn 0.7809 0.1850 0.5967
vn 0.4990 0.1012 0.8607
vn 0.5137 0.6793 0.5241
vn 0.5216 0.1421 0.8412
vn 0.3626 0.7530 0.5491
vn 0.5063 0.1946 0.8401
vn 0.2771 0.6720 0.6867
vn 0.3712 0.2896 0.8822
vn 0.1999 0.5566 0.8064
vn 0.0160 0.2353 0.9718
vn 0.0790 0.5089 0.8572
vn -0.1496 0.3952 0.9063
vn 0.2464 0.3136 0.9170
vn 0.5256 -0.6394 -0.5611
vn 0.2806 -0.5330 -0.7983
vn 0.5867 -0.7272 -0.3564
vn 0.3515 -0.6551 -0.6688
vn -0.4580 -0.5242 -0.7180
vn 0.0653 -0.7189 -0.6921
vn -0.3939 -0.6107 -0.6869
vn 0.0111 -0.6181 -0.7860
vn -0.9675 -0.2527 -0.0059
vn -0.8020 -0.5219 -0.2906
vn -0.8232 -0.4734 -0.3134
vn -0.8647 -0.4944 0.0892
vn -0.2925 -0.0885 0.9522
vn -0.5581 0.0981 0.8240
vn -0.6336 -0.3316 0.6990
vn -0.8660 0.0196 0.4996
vn -0.7898 -0.4237 0.4435
vn -0.9501 -0.0915 0.2981
vn -0.9758 0.0627 0.2096
vn -0.9706 -0.2268 -0.0805
vn -0.9015 0.2432 0.3581
vn -0.9057 0.2012 0.3732
vn -0.9743 0.0379 0.2220
vn -0.9715 -0.2311 -0.0528
vn 0.8292 -0.5522 -0.0867
vn 0.8509 -0.3723 0.3706
vn 0.6584 -0.5514 -0.5124
vn 0.6540 -0.6273 -0.4229
vn 0.7444 -0.6595 0.1040
vn 0.7308 -0.4103 0.5455
vn 0.5868 -0.5756 -0.5696
vn 0.3917 -0.6599 -0.6412
vn 0.3717 -0.7038 -0.6054
vn 0.6051 -0.6419 -0.4710
vn 0.6118 -0.7167 -0.3348
vn 0.6379 -0.7258 -0.2574
vn 0.3762 -0.7271 -0.5742
vn 0.6448 -0.7083 0.2873
vn 0.5913 -0.4142 0.6920
vn 0.8457 -0.3297 0.4196
vn 0.8237 -0.2691 0.4991
vn 0.7391 -0.3517 0.5744
vn 0.7956 -0.0161 0.6056
vn 0.7773 -0.1193 0.6177
vn 0.7560 0.4339 0.4901
vn 0.4319 0.3931 0.8117
vn 0.6599 -0.0095 0.7513
vn 0.6065 0.3386 0.7193
vn 0.4719 0.1509 0.8687
vn 0.5357 0.6574 0.5300
vn 0.3599 0.7065 0.6094
vn 0.3064 0.3825 0.8717
vn 0.4473 0.2332 0.8634
vn 0.3545 0.3544 0.8653
vn 0.3982 0.3428 0.8508
vn 0.2600 0.6157 0.7439
vn 0.2143 0.4970 0.8409
vn -0.3164 0.4739 0.8218
vn 0.2164 0.4291 0.8770
vn 0.1370 0.4661 0.8741
vn -0.2303 0.4571 0.8591
vn 0.0914 0.5000 0.8612
vn -0.2392 0.4277 0.8717
vn -0.6997 0.3672 0.6128
vn -0.7519 0.3252 0.5735
vn -0.7011 0.2300 0.6750
vn -0.9010 0.1500 0.4070
vn 0.1158 -0.7037 -0.7010
vn 0.1346 -0.6628 -0.7366
vn -0.2859 -0.7026 -0.6516
vn -0.3360 -0.6960 -0.6346
vn -0.3604 -0.6626 -0.6566
vn 0.0988 -0.7336 -0.6723
vn -0.7700 -0.4941 -0.4037
vn -0.7938 -0.4982 -0.3489
vn -0.8174 -0.4704 -0.3326
vn -0.9734 -0.2259 -0.0371
vn -0.9714 0.0055 0.2376
vn -0.2907 0.9532 -0.0829
vn -0.2646 0.9506 -0.1626
vn -0.2318 0.9726 -0.0166
vn -0.3554 0.8918 0.2799
vn -0.3373 0.9083 0.2475
vn -0.5139 0.8364 0.1905
vn -0.3130 0.9370 -0.1550
vn -0.4425 0.8420 -0.3086
vn -0.4611 0.8436 -0.2751
vn -0.3745 0.9255 0.0575
vn -0.2997 0.8833 0.3606
vn -0.2651 0.6470 0.7149
vn -0.3778 0.8741 0.3054
vn -0.3877 0.9095 0.1498
vn -0.4250 0.8851 0.1899
vn -0.2516 0.8220 0.5109
vn -0.1988 0.7006 0.6853
vn -0.1699 0.5192 0.8376
vn -0.2183 0.4609 0.8602
vn -0.2248 0.9307 0.2885
vn -0.2924 0.9425 0.1618
vn -0.4830 0.7579 0.4385
vn -0.6978 0.7124 -0.0747
vn -0.4334 0.9001 -0.0435
vn -0.6775 0.6058 0.4171
vn -0.3236 0.8491 -0.4174
vn -0.5738 0.6592 -0.4859
vn -0.2766 0.9608 -0.0173
vn -0.1864 0.9825 -0.0048
vn -0.3055 0.8530 0.4231
vn -0.2015 0.9104 -0.3613
vn -0.1522 0.9176 -0.3672
vn -0.4364 0.4833 -0.7589
vn -0.2250 0.2525 -0.9411
vn -0.0575 0.4581 -0.8870
vn -0.2275 0.7117 -0.6647
vn -0.0864 0.8744 -0.4774
vn -0.1590 0.8219 -0.5469
vn -0.0388 0.7309 -0.6814
vn -0.1419 0.8829 -0.4476
vn -0.2276 0.9731 -0.0366
vn -0.3150 0.9407 -0.1258
vn -0.1967 0.8714 -0.4494
vn -0.2873 0.8040 -0.5206
vn -0.2190 0.8741 -0.4336
vn -0.3299 0.8367 -0.4372
vn -0.1514 0.8789 -0.4524
vn -0.2666 0.8628 -0.4295
vn 0.0457 0.6908 -0.7216
vn 0.0993 0.4080 -0.9075
vn 0.1840 0.3078 -0.9335
vn -0.0078 0.6477 -0.7619
vn -0.1476 0.7995 -0.5823
vn -0.3566 0.9180 -0.1737
vn -0.2317 0.7533 -0.6155
vn -0.2715 0.9506 -0.1506
vn -0.3108 0.8600 -0.4047
vn -0.3074 0.9284 -0.2089
vn -0.2527 0.9662 0.0518
vn -0.2382 0.9443 -0.2271
vn -0.2577 0.9578 -0.1272
vn -0.1295 0.8365 -0.5325
vn -0.2455 0.8054 -0.5396
vn -0.4498 0.8837 -0.1299
vn -0.4291 0.9031 0.0162
vn -0.2250 0.9623 -0.1528
vn -0.2769 0.9584 0.0699
vn -0.3690 0.9168 -0.1526
vn -0.0706 0.7823 -0.6189
vn 0.1998 0.3132 -0.9284
vn 0.2079 0.4264 -0.8803
vn -0.0689 0.8913 -0.4481
vn -0.2828 0.3746 0.8830
vn -0.2474 0.8059 0.5379
vn -0.4477 0.8132 0.3720
vn -0.1791 0.7330 0.6563
vn -0.1370 0.3335 0.9327
vn -0.0787 0.3312 0.9403
vn -0.6805 0.7285 0.0787
vn -0.8818 0.4577 -0.1138
vn -0.7859 0.3079 0.5363
vn -0.5210 0.3969 0.7556
vn -0.6112 0.6687 -0.4234
vn -0.6671 0.7214 0.1861
vn -0.8922 0.3808 -0.2429
vn -0.8850 0.4215 0.1977
vn -0.7373 0.4022 -0.5428
vn -0.6264 0.7595 -0.1752
vn -0.4516 0.6931 -0.5618
vn -0.6208 0.3597 -0.6966
vn -0.8431 0.4738 -0.2543
vn -0.8714 0.4803 -0.0996
vn -0.5634 0.7830 -0.2634
vn -0.6023 0.7911 -0.1069
vn -0.8810 0.3621 -0.3045
vn -0.7653 0.4646 -0.4455
vn -0.5207 0.7358 -0.4329
vn -0.3384 0.8307 -0.4419
vn -0.1655 0.5748 -0.8014
vn -0.5444 0.3647 -0.7554
vn -0.3197 0.5382 -0.7799
vn -0.1710 0.5767 0.7988
vn -0.1485 0.4084 0.9006
vn -0.0851 0.3231 0.9425
vn -0.1354 0.2847 0.9490
vn -0.2137 0.4312 0.8766
vn -0.5004 0.4359 0.7481
vn -0.4848 0.5423 0.6862
vn -0.1842 0.1783 0.9666
vn -0.3609 0.5599 0.7458
vn -0.3947 0.4528 0.7995
vn -0.2332 0.4243 0.8750
vn -0.4849 0.5288 0.6966
vn 0.1112 -0.1762 0.9780
vn 0.2171 -0.1570 0.9634
vn 0.3562 -0.5916 0.7233
vn 0.3393 -0.5522 0.7615
vn 0.7660 -0.1187 0.6318
vn 0.3566 0.0769 0.9311
vn 0.4162 0.2198 0.8823
vn 0.5763 -0.3898 0.7183
vn -0.0297 0.4188 0.9076
vn 0.0246 0.3999 0.9162
vn -0.6006 0.5417 0.5881
vn -0.4420 0.1860 0.8775
vn -0.8466 -0.0727 0.5272
vn 0.0210 -0.2207 0.9751
vn 0.4742 0.1755 0.8628
vn 0.0755 0.2114 0.9745
vn 0.8652 -0.0619 0.4976
vn 0.5803 -0.2345 0.7799
vn 0.8693 -0.2190 0.4431
vn -0.3988 0.0628 0.9149
vn -0.8692 -0.3935 0.2994
vn -0.5504 0.4073 0.7289
vn -0.7204 -0.5555 0.4153
vn -0.3921 -0.3477 0.8517
vn -0.4054 -0.7905 0.4591
vn 0.0492 -0.8316 0.5532
vn -0.7183 -0.6949 0.0351
vn -0.5690 -0.6365 -0.5208
vn -0.3735 -0.8723 -0.3155
vn -0.0164 -0.9694 -0.2449
vn 0.5513 -0.7392 0.3868
vn 0.8659 -0.4825 0.1318
vn 0.3912 -0.8738 -0.2887
vn 0.7240 -0.6310 -0.2789
vn -0.5602 -0.8135 0.1564
vn -0.8494 -0.1605 -0.5028
vn -0.4395 -0.8089 -0.3905
vn -0.9835 -0.1785 0.0288
vn -0.4614 -0.0597 -0.8852
vn -0.2469 -0.5057 -0.8266
vn -0.8946 -0.3445 -0.2844
vn -0.5748 -0.3640 -0.7328
vn -0.4995 -0.8619 -0.0878
vn -0.1222 -0.9018 -0.4145
vn -0.8918 -0.3095 0.3299
vn -0.2288 -0.9714 0.0634
vn -0.3051 -0.8625 0.4037
vn -0.8713 -0.3355 -0.3583
vn -0.6619 -0.2196 -0.7167
vn -0.1814 -0.7886 -0.5875
vn -0.3140 -0.9168 -0.2469
vn -0.3292 -0.9434 -0.0406
vn -0.6919 -0.1992 0.6940
vn -0.3101 -0.7109 0.6313
vn -0.2964 -0.1290 0.9463
vn -0.1271 -0.1475 0.9809
vn -0.0639 -0.6880 0.7229
vn 0.0092 -0.7238 0.6900
vn 0.1359 -0.9906 0.0183
vn 0.1289 -0.9915 -0.0196
vn 0.1813 -0.8875 -0.4236
vn 0.1737 -0.9204 -0.3503
vn -0.0808 -0.1214 0.9893
vn -0.0610 -0.0269 0.9978
vn -0.0668 -0.6587 0.7495
vn -0.0736 -0.5103 0.8568
vn -0.0585 0.0495 0.9971
vn -0.0579 0.0132 0.9982
vn 0.0166 -0.4160 0.9092
vn 0.1819 -0.4347 0.8820
vn -0.1686 0.8961 -0.4106
vn 0.0218 0.5564 -0.8307
vn 0.1607 -0.3578 -0.9199
vn -0.1435 0.1166 -0.9828
vn 0.0174 0.2135 -0.9768
vn 0.0061 -0.4606 -0.8876
vn 0.2830 -0.4023 -0.8707
vn 0.1649 0.1845 -0.9689
vn 0.2747 0.0712 -0.9589
vn 0.2576 -0.3581 -0.8975
vn 0.2741 -0.2989 -0.9141
vn 0.3208 0.0278 -0.9467
vn 0.2988 -0.1852 -0.9362
vn 0.3487 -0.0264 -0.9369
vn 0.0020 -0.9490 -0.3152
vn 0.1758 -0.9159 -0.3608
vn 0.0767 -0.9424 0.3256
vn -0.0692 -0.9569 0.2822
vn -0.0520 -0.9758 0.2123
vn 0.2349 -0.8917 -0.3868
vn 0.1494 -0.8642 -0.4805
vn 0.0598 -0.9478 0.3133
vn -0.0052 -0.9819 0.1891
vn 0.1045 -0.9537 0.2820
vn 0.1969 -0.9767 -0.0854
vn 0.1625 -0.9712 -0.1740
vn 0.1394 -0.9772 0.1603
vn 0.1697 -0.9732 0.1554
vn 0.1062 -0.9144 0.3907
vn 0.0496 -0.9106 0.4103
vn 0.1212 -0.9915 -0.0470
vn 0.1464 -0.9889 0.0254
vn -0.0136 -0.8722 -0.4889
vn -0.1659 -0.9098 -0.3803
vn -0.0601 -0.9978 0.0268
vn -0.1187 -0.9570 0.2646
vn 0.1294 -0.9877 -0.0877
vn 0.0520 -0.9496 0.3090
vn -0.0830 -0.9510 0.2977
vn 0.0746 -0.9935 0.0855
vn -0.0901 -0.9924 -0.0839
vn -0.0064 -0.9340 0.3573
vn -0.1717 -0.9433 0.2841
vn -0.0054 -0.9956 -0.0938
vn -0.2102 -0.9731 -0.0948
vn -0.1844 -0.9826 0.0230
vn -0.0788 -0.9968 0.0130
vn -0.2191 -0.9749 0.0395
vn -0.0396 -0.9983 0.0423
vn 0.0262 -0.9924 0.1202
vn 0.1480 -0.9532 0.2638
vn 0.0299 -0.8663 0.4986
vn 0.2559 -0.7536 0.6055
vn -0.2072 -0.2544 0.9446
vn -0.4926 -0.7430 0.4531
vn 0.2285 -0.5832 0.7795
vn -0.1068 -0.9048 0.4121
vn -0.6119 -0.7563 -0.2314
vn -0.5085 -0.7879 -0.3474
vn 0.4115 -0.8210 0.3958
vn 0.5645 -0.7435 0.3584
vn 0.4257 -0.6568 0.6224
vn 0.4657 -0.7314 0.4982
vn -0.1730 -0.9421 -0.2872
vn -0.1894 -0.9674 -0.1683
vn -0.0298 -0.9851 -0.1696
vn -0.1496 -0.9809 -0.1247
vn -0.0763 -0.9829 -0.1676
vn 0.5077 -0.7744 0.3776
vn 0.3711 -0.8753 0.3100
vn 0.3173 -0.9121 0.2598
vn 0.5652 -0.7470 0.3501
vn 0.8145 -0.5044 0.2868
vn 0.6987 -0.6584 -0.2799
vn 0.6753 -0.7361 0.0473
vn 0.9353 -0.3509 0.0446
vn -0.4650 -0.7570 -0.4590
vn -0.1979 -0.9728 0.1200
vn -0.1508 -0.9859 -0.0727
vn -0.1872 -0.8367 -0.5147
vn 0.4079 -0.8693 0.2792
vn 0.2394 -0.9447 0.2243
vn 0.2134 -0.8696 -0.4452
vn 0.2910 -0.9337 -0.2088
vn -0.0401 0.0907 -0.9951
vn 0.3051 -0.0103 -0.9523
vn 0.3025 -0.1206 -0.9455
vn 0.0590 0.1852 -0.9809
vn 0.7676 -0.0109 -0.6409
vn 0.7093 -0.3348 -0.6203
vn 0.4501 -0.8582 0.2468
vn 0.5151 -0.7628 0.3909
vn 0.4250 -0.8236 0.3755
vn 0.5842 -0.8024 0.1217
vn 0.5941 -0.6608 0.4587
vn 0.5861 -0.7790 0.2226
vn 0.5181 -0.5198 -0.6793
vn 0.6111 -0.7198 -0.3294
vn 0.5332 -0.8459 -0.0128
vn 0.6314 -0.6962 -0.3415
vn 0.3516 -0.9349 -0.0491
vn 0.1431 -0.9896 0.0105
vn 0.3743 -0.9103 0.1766
vn 0.5535 -0.8302 0.0658
vn 0.3352 -0.1620 -0.9281
vn 0.1822 0.1402 -0.9732
vn 0.3140 -0.1376 -0.9394
vn 0.2447 0.0563 -0.9680
vn 0.2707 0.0216 -0.9624
vn 0.3044 -0.1553 -0.9398
vn 0.5955 -0.7924 0.1321
vn 0.5417 -0.8047 0.2430
vn -0.2279 -0.9157 0.3309
vn -0.1388 -0.9815 0.1323
vn -0.1291 -0.9862 0.1037
vn 0.0522 -0.9762 -0.2103
vn 0.2547 -0.6323 -0.7316
vn 0.3892 -0.4680 -0.7934
vn 0.4939 -0.4858 -0.7211
vn 0.4391 -0.8062 -0.3966
vn 0.1017 -0.7830 -0.6137
vn 0.4771 -0.8566 0.1967
vn 0.3406 -0.9400 -0.0205
vn 0.4191 -0.8999 0.1209
vn 0.2354 -0.9715 0.0281
vn 0.4945 -0.8372 -0.2334
vn 0.2793 -0.9532 0.1158
vn 0.4829 -0.8165 0.3164
vn 0.2686 -0.9347 0.2330
vn 0.2592 -0.9105 0.3220
vn 0.2518 -0.9459 0.2045
vn 0.4274 -0.8927 0.1429
vn 0.4913 -0.4382 -0.7527
vn 0.6121 -0.7170 -0.3335
vn 0.5770 -0.8052 0.1368
vn -0.4998 -0.7771 0.3825
vn -0.5990 -0.7624 0.2448
vn -0.7084 -0.6027 0.3674
vn -0.5070 -0.6668 0.5462
vn -0.4970 -0.8308 0.2503
vn -0.6616 -0.4633 0.5897
vn -0.5603 -0.3701 0.7410
vn -0.6355 -0.7071 0.3102
vn -0.6738 -0.6514 0.3488
vn -0.5946 -0.7528 0.2823
vn -0.5623 -0.8258 0.0429
vn -0.4907 -0.8524 -0.1806
vn -0.6707 -0.7377 -0.0774
vn -0.4910 -0.6829 -0.5409
vn -0.7446 -0.4790 0.4649
vn -0.5903 -0.1814 0.7865
vn -0.6798 -0.5649 0.4677
vn -0.7087 -0.6308 0.3158
vn -0.7882 -0.5872 0.1840
vn -0.7080 -0.3945 0.5857
vn -0.4149 -0.8304 -0.3719
vn -0.4391 -0.5317 -0.7242
vn -0.1780 -0.7901 -0.5865
vn -0.0770 -0.3137 -0.9464
vn -0.6773 -0.6766 -0.2888
vn -0.7510 -0.6576 -0.0591
vn -0.2196 -0.6167 -0.7559
vn 0.0210 -0.0712 -0.9972
vn -0.2829 -0.4497 -0.8472
vn 0.0296 0.0175 -0.9994
vn -0.6813 -0.3748 -0.6288
vn -0.8816 -0.4719 -0.0111
vn -0.7455 -0.6564 0.1155
vn -0.6022 -0.6232 -0.4990
vn -0.8383 -0.5450 -0.0141
vn -0.7599 -0.4485 0.4705
vn -0.9376 -0.3287 0.1137
vn -0.6759 -0.2928 0.6763
vn 0.2594 0.9241 -0.2806
vn 0.3161 0.6851 -0.6563
vn 0.2414 0.7774 -0.5809
vn 0.5176 0.5362 -0.6668
vn 0.3612 0.9176 -0.1659
vn 0.4145 0.7753 -0.4766
vn 0.3397 0.8644 -0.3706
vn 0.4650 0.8753 -0.1332
vn 0.3218 0.8935 -0.3134
vn 0.3066 0.9467 -0.0986
vn 0.2987 0.9541 0.0234
vn 0.3564 0.9317 -0.0707
vn 0.1123 0.9912 0.0705
vn 0.1641 0.9451 0.2827
vn 0.3639 0.9305 0.0425
vn 0.0677 0.9229 0.3790
vn 0.1721 0.9783 0.1156
vn 0.0959 0.9334 0.3459
vn 0.0931 0.9335 0.3462
vn 0.2481 0.9292 0.2741
vn 0.2169 0.9716 0.0946
vn 0.0225 0.9876 0.1556
vn -0.1995 0.7533 0.6266
vn -0.3748 0.5814 0.7221
vn -0.1899 0.7034 0.6850
vn -0.3828 0.4708 0.7949
vn -0.4125 0.7033 0.5789
vn -0.2071 0.8280 0.5211
vn -0.3133 0.9034 0.2927
vn -0.4548 0.8448 0.2820
vn -0.5389 0.7241 0.4304
vn -0.6778 0.7042 0.2114
vn -0.5772 0.7952 0.1857
vn -0.7096 0.5706 0.4135
vn -0.6929 0.7092 0.1301
vn -0.3153 0.9488 0.0191
vn -0.3577 0.8565 0.3720
vn -0.3245 0.9223 0.2101
vn -0.1875 0.9582 0.2162
vn -0.4220 0.8779 0.2262
vn -0.2331 0.9711 0.0512
vn -0.4812 0.8754 -0.0473
vn -0.5009 0.8609 0.0887
vn -0.3112 0.9498 0.0317
vn -0.4663 0.6154 0.6355
vn -0.5223 0.6793 0.5156
vn -0.4077 0.4608 0.7883
vn -0.4448 0.5092 0.7367
vn -0.5245 0.7985 0.2953
vn -0.4670 0.7737 0.4282
vn -0.5015 0.5387 0.6769
vn -0.6462 0.6066 0.4631
vn -0.6004 0.7479 0.2831
vn -0.5128 0.7165 0.4729
vn -0.4434 0.8859 0.1367
vn -0.4960 0.8649 0.0764
vn -0.5881 0.8085 0.0220
vn -0.6616 0.7498 0.0094
vn -0.5982 0.7260 0.3392
vn -0.6298 0.7753 -0.0479
vn -0.9109 0.3070 -0.2755
vn -0.6497 0.7124 -0.2653
vn -0.6655 0.7280 -0.1647
vn -0.9485 0.1252 -0.2909
vn -0.9684 -0.1415 -0.2054
vn -0.6139 0.6241 -0.4834
vn -0.3181 0.8691 -0.3788
vn -0.5911 0.7936 -0.1446
vn -0.7194 0.6916 -0.0646
vn -0.7074 0.6919 0.1446
vn -0.6446 0.7581 -0.0992
vn -0.7185 0.6937 0.0508
vn -0.8132 0.5727 -0.1033
vn -0.7603 0.6470 -0.0583
vn -0.8438 0.5354 0.0377
vn -0.4478 0.6454 -0.6187
vn -0.3840 0.5753 -0.7221
vn -0.1835 0.6370 -0.7487
vn -0.5118 0.8591 0.0044
vn -0.7983 0.5467 0.2525
vn 0.1783 0.5623 -0.8075
vn -0.6273 0.4548 -0.6322
vn 0.1047 0.2547 -0.9613
vn -0.9340 0.3473 0.0844
vn -0.7335 0.1707 -0.6579
vn -0.1754 0.2984 -0.9382
vn -0.7243 0.3961 -0.5644
vn -0.9570 0.2534 -0.1411
vn -0.2940 0.9151 -0.2761
vn -0.1118 0.9560 -0.2713
vn -0.2121 0.8778 -0.4295
vn -0.3542 0.8662 -0.3524
vn -0.0210 0.4643 -0.8854
vn 0.2111 0.3429 -0.9154
vn 0.0171 0.4151 -0.9096
vn 0.1710 0.2676 -0.9482
vn 0.0220 0.4775 -0.8784
vn 0.1366 0.4370 -0.8890
vn 0.1272 0.2702 -0.9544
vn -0.0635 0.4802 -0.8749
vn -0.0639 0.5155 -0.8545
vn 0.0451 0.3275 -0.9438
vn -0.2506 0.8617 -0.4411
vn -0.2790 0.8733 -0.3994
vn -0.3122 0.8172 -0.4845
vn -0.3783 0.8567 -0.3507
vn -0.6474 0.7106 -0.2755
vn -0.2651 0.8344 -0.4833
vn -0.2824 0.8651 -0.4145
vn -0.3260 0.8839 -0.3354
vn -0.3685 0.9023 -0.2239
vn -0.3528 0.9136 -0.2020
vn -0.0841 0.3724 -0.9243
vn -0.8008 0.2898 -0.5241
vn -0.1008 0.5629 -0.8204
vn -0.1761 0.6348 -0.7523
vn -0.2397 0.4609 -0.8545
vn -0.8074 0.3282 -0.4903
vn -0.2495 0.7303 -0.6359
vn -0.3496 0.6352 -0.6887
vn -0.7585 0.4820 -0.4387
vn -0.0991 0.4945 -0.8635
vn -0.2305 0.6431 -0.7303
vn -0.4066 0.7563 -0.5125
vn -0.7025 0.1781 -0.6891
vn -0.4269 0.2362 -0.8729
vn -0.2039 0.1535 -0.9669
vn -0.6458 -0.2637 -0.7165
vn -0.7428 -0.3288 -0.5832
vn -0.5715 0.6808 -0.4582
vn -0.5238 -0.0330 -0.8512
vn -0.5338 0.1525 -0.8317
vn -0.5565 0.7231 -0.4092
vn -0.7562 -0.4246 -0.4978
vn -0.7079 -0.3294 -0.6248
vn -0.6298 -0.3580 -0.6893
vn -0.5198 -0.2470 -0.8178
vn -0.6040 -0.3236 -0.7283
vn -0.3848 -0.3037 -0.8716
vn -0.4300 -0.2053 -0.8792
vn -0.2402 -0.4070 -0.8813
vn -0.5348 -0.4578 -0.7102
vn -0.6223 -0.5528 -0.5542
vn -0.5074 -0.1942 -0.8395
vn -0.4071 -0.2181 -0.8869
vn -0.3213 -0.3069 -0.8959
vn -0.5218 -0.3122 -0.7939
vn -0.6047 0.7095 -0.3619
vn -0.6138 0.1230 -0.7799
vn -0.1931 0.9491 -0.2488
vn -0.1349 0.7145 -0.6865
vn 0.0862 0.6452 -0.7591
vn -0.7718 0.3005 -0.5604
vn -0.6079 -0.0757 -0.7904
vn -0.2032 0.7560 -0.6222
vn -0.9159 -0.3610 -0.1752
vn -0.5853 -0.1530 -0.7962
vn -0.5871 -0.1630 -0.7930
vn -0.0840 0.4663 -0.8806
vn 0.0850 0.4726 -0.8772
vn -0.4485 -0.2081 -0.8692
vn 0.2504 0.4234 -0.8707
vn -0.0381 -0.3846 -0.9223
vn -0.2829 -0.2608 -0.9230
vn -0.4988 -0.6226 -0.6029
vn -0.3987 -0.5798 -0.7105
vn 0.1551 -0.3126 -0.9371
vn -0.1093 -0.3121 -0.9438
vn 0.2760 -0.2113 -0.9376
vn 0.1112 -0.2334 -0.9660
vn -0.2719 -0.4626 -0.8438
vn -0.7678 -0.5017 -0.3984
vn -0.9427 -0.3233 0.0824
vn -0.8246 -0.5023 -0.2603
vn -0.9478 -0.3113 0.0692
vn -0.9582 -0.2776 0.0690
vn -0.9193 -0.3915 0.0407
vn -0.9963 -0.0721 0.0470
vn -0.9641 -0.2479 0.0949
vn -0.9701 -0.2031 0.1330
vn -0.8411 -0.5175 -0.1574
vn -0.9703 -0.1255 0.2070
vn -0.9783 -0.2051 -0.0284
vn -0.7149 -0.4675 -0.5200
vn -0.6370 -0.3960 -0.6614
vn -0.7407 -0.4122 -0.5305
vn -0.4264 -0.3015 -0.8528
vn -0.6189 -0.4441 -0.6479
vn -0.4023 -0.3498 -0.8461
vn -0.4611 -0.2740 -0.8440
vn -0.6386 -0.3371 -0.6918
vn -0.7448 -0.3529 -0.5664
vn -0.6613 -0.5183 -0.5423
vn -0.7424 -0.3272 -0.5846
vn -0.7335 -0.3379 -0.5897
vn -0.7549 -0.3428 -0.5591
vn -0.7280 -0.3961 -0.5595
vn -0.6348 -0.4519 -0.6267
vn -0.6322 -0.2948 -0.7166
vn -0.4938 -0.2462 -0.8340
vn -0.9803 0.1855 0.0677
vn -0.9752 -0.1615 -0.1510
vn -0.9775 0.0637 -0.2013
vn -0.9103 0.4129 0.0288
vn 0.2827 -0.1639 -0.9451
vn -0.4620 -0.4477 -0.7656
vn -0.9215 -0.2850 -0.2639
vn -0.8083 -0.5150 -0.2852
vn -0.7493 -0.5506 -0.3680
vn -0.7359 -0.5548 -0.3881
vn -0.7825 -0.4663 -0.4126
vn -0.9872 0.0691 0.1436
vn -0.9567 -0.2688 0.1117
vn -0.9410 0.0929 0.3254
vn -0.8961 -0.2013 0.3956
vn -0.8839 -0.4642 -0.0576
vn -0.8770 -0.4586 -0.1436
vn -0.9184 -0.3087 0.2475
vn -0.9332 -0.3397 0.1171
vn -0.9281 -0.2399 0.2848
vn -0.9286 -0.1884 0.3198
vn -0.9433 -0.2673 0.1969
vn -0.9362 -0.3479 0.0505
vn -0.8421 -0.4871 -0.2314
vn -0.6834 -0.5518 -0.4780
vn -0.9105 0.1226 0.3948
vn -0.7945 -0.1137 0.5965
vn -0.9455 0.1222 0.3017
vn -0.7599 -0.1035 0.6418
vn -0.8562 -0.1967 0.4777
vn -0.7825 -0.1638 0.6007
vn -0.8277 0.5559 0.0771
vn -0.8829 0.1318 0.4507
vn -0.8447 -0.0749 0.5300
vn -0.9621 0.1599 0.2207
vn -0.9701 0.0879 0.2261
vn -0.7943 -0.1938 0.5758
vn -0.8818 -0.1528 0.4462
vn -0.7784 -0.1888 0.5987
vn -0.8451 -0.0964 0.5258
vn -0.7264 0.0170 0.6871
vn -0.7770 0.0623 0.6264
vn -0.7273 0.1787 0.6626
vn -0.8395 0.0230 0.5429
vn -0.6464 0.2512 0.7205
vn -0.6531 0.2470 0.7159
vn -0.6329 0.2686 0.7262
vn -0.8943 -0.0918 0.4380
vn -0.6211 0.4472 0.6436
vn -0.7424 0.3856 0.5479
vn -0.5124 0.6323 0.5810
vn -0.7729 0.2303 0.5913
vn -0.6546 0.2299 0.7202
vn -0.6347 0.2917 0.7156
vn -0.6592 0.2274 0.7168
vn -0.6885 0.1874 0.7006
vn -0.6609 0.2224 0.7167
vn -0.6291 0.2114 0.7480
vn -0.0065 0.6722 0.7403
vn -0.2319 0.8003 0.5529
vn 0.0134 0.8939 0.4482
vn -0.3856 0.5903 0.7091
vn -0.5827 0.3105 0.7510
vn -0.3834 0.3730 0.8449
vn -0.6878 0.1565 0.7088
vn -0.4542 0.2498 0.8552
vn -0.2649 0.2548 0.9300
vn -0.5579 0.1882 0.8083
vn -0.0630 0.8987 0.4341
vn -0.4327 0.6796 0.5924
vn -0.1252 0.2340 0.9641
vn 0.0383 0.5391 0.8414
vn -0.1140 0.3317 0.9365
vn -0.0878 0.1749 0.9807
vn -0.3259 0.2875 0.9006
vn -0.1016 0.4351 0.8946
vn -0.1706 0.2874 0.9425
vn -0.0930 0.4355 0.8954
vn -0.5032 0.3909 0.7707
vn -0.2209 0.1542 0.9630
vn -0.4063 0.3478 0.8449
vn -0.1790 0.2278 0.9571
vn -0.1313 0.1681 0.9770
vn -0.1407 0.2740 0.9514
vn 0.0122 0.5171 0.8558
vn -0.0112 0.4951 0.8688
vn -0.0973 0.5516 0.8284
vn -0.1181 0.5601 0.8200
vn -0.3216 0.3606 0.8755
vn -0.1515 0.2921 0.9443
vn -0.2987 0.3938 0.8693
vn -0.1704 0.4310 0.8861
vn -0.1483 0.4504 0.8804
vn -0.1470 0.5799 0.8013
vn -0.0534 0.4781 0.8767
vn -0.0676 0.5167 0.8535
vn -0.1554 0.5146 0.8432
vn -0.1523 0.5419 0.8265
vn -0.2775 0.5372 0.7964
vn -0.3372 0.4075 0.8487
vn -0.3540 0.4675 0.8100
vn -0.2565 0.4741 0.8423
vn -0.2066 0.5314 0.8216
vn -0.2182 0.5588 0.8001
vn 0.3400 0.8775 0.3383
vn -0.0814 0.6694 0.7384
vn 0.2203 0.9136 0.3419
vn 0.0269 0.6586 0.7520
vn 0.0657 0.9359 0.3461
vn -0.2505 0.6663 0.7024
vn 0.0941 0.9450 0.3133
vn -0.2319 0.6674 0.7077
vn -0.1637 0.6687 0.7253
vn 0.1255 0.9236 0.3621
vn 0.5762 0.8071 -0.1285
vn 0.6448 0.7246 -0.2434
vn 0.4841 0.8552 -0.1853
vn 0.5346 0.7772 -0.3320
vn 0.3668 0.8867 -0.2813
vn 0.2990 0.9516 -0.0711
vn 0.2302 0.9644 -0.1304
vn 0.3641 0.9188 -0.1525
vn 0.4231 0.8884 -0.1781
vn 0.4668 0.8162 -0.3406
vn 0.6522 0.5087 -0.5620
vn 0.6985 0.6291 -0.3412
vn 0.5624 0.7164 -0.4128
vn 0.4415 0.7950 -0.4160
vn 0.4410 0.6362 -0.6331
vn 0.2998 0.9024 -0.3095
vn 0.5197 0.5757 -0.6313
vn 0.6035 0.6002 -0.5249
vn 0.5055 0.1673 -0.8465
vn 0.4874 0.3298 -0.8085
vn 0.3102 0.9064 -0.2866
vn 0.4030 0.5663 -0.7189
vn 0.1771 0.9666 -0.1850
vn 0.3285 0.1558 -0.9316
vn 0.4833 0.7593 -0.4357
vn 0.6392 0.5651 -0.5216
vn 0.7406 0.3039 -0.5994
vn 0.7025 0.3516 -0.6188
vn 0.7496 0.4283 -0.5047
vn 0.5180 0.0277 -0.8550
vn 0.5734 0.2847 -0.7682
vn 0.1084 0.7289 -0.6760
vn 0.4699 0.7583 -0.4519
vn 0.4948 0.6466 -0.5806
vn 0.6203 0.3671 -0.6932
vn 0.5501 0.5930 -0.5880
vn -0.1621 0.1177 -0.9797
vn -0.1952 -0.0557 -0.9792
vn 0.1431 0.1635 -0.9761
vn -0.1397 -0.2601 -0.9554
vn 0.0260 0.0685 -0.9973
vn -0.0822 0.0378 -0.9959
vn -0.5151 0.1327 -0.8468
vn 0.1924 0.2508 -0.9487
vn 0.0095 0.2630 -0.9647
vn -0.5765 -0.0404 -0.8161
vn -0.1932 -0.0573 -0.9795
vn 0.1544 0.1789 -0.9717
vn -0.1056 -0.0477 -0.9933
vn 0.2248 0.1875 -0.9562
vn -0.0409 -0.0732 -0.9965
vn 0.2940 0.1410 -0.9453
vn -0.0132 -0.1492 -0.9887
vn 0.3413 0.0771 -0.9368
vn 0.2878 0.2838 -0.9147
vn 0.0993 0.2161 -0.9713
vn 0.3180 0.2829 -0.9049
vn 0.2905 0.3649 -0.8845
vn 0.4108 0.2408 -0.8793
vn 0.4630 0.1973 -0.8641
vn 0.6169 0.3089 -0.7239
vn 0.4299 0.3426 -0.8354
vn -0.0614 0.2181 -0.9740
vn -0.1717 0.2349 -0.9567
vn -0.2033 0.1741 -0.9635
vn -0.1147 0.3336 -0.9357
vn 0.3188 -0.0158 -0.9477
vn 0.2889 0.2456 -0.9253
vn 0.3150 0.1033 -0.9434
vn 0.2980 0.5153 -0.8035
vn 0.0656 -0.0871 -0.9940
vn -0.1215 0.1790 -0.9763
vn 0.0747 0.1879 -0.9793
vn -0.0202 0.0882 -0.9959
vn 0.2401 0.0439 -0.9697
vn 0.1300 -0.2423 -0.9615
vn 0.1919 -0.1544 -0.9692
vn 0.2994 -0.0307 -0.9536
vn 0.1880 0.0457 -0.9811
vn 0.1391 -0.0868 -0.9865
vn 0.2477 0.4778 -0.8428
vn 0.2151 0.3366 -0.9167
vn 0.2751 0.7503 -0.6011
vn 0.2406 0.7392 -0.6291
vn 0.2479 0.6545 -0.7143
vn 0.2753 0.6798 -0.6798
vn 0.2708 0.6771 -0.6843
vn 0.2065 0.6918 -0.6919
vn 0.2100 0.1731 -0.9623
vn 0.2234 0.3731 -0.9005
vn 0.1887 0.2229 -0.9564
vn -0.5652 0.8249 0.0071
vn -0.2938 0.9262 -0.2364
vn -0.3462 0.9104 -0.2264
vn -0.6387 0.7542 0.1525
vn -0.6660 0.7363 0.1195
vn -0.6568 0.7446 0.1191
vn -0.5232 0.8518 0.0270
vn -0.5207 0.8537 -0.0044
vn -0.2689 0.9285 -0.2560
vn -0.7286 0.6848 0.0127
vn -0.5841 0.8064 -0.0929
vn -0.3413 0.8910 -0.2993
vn -0.0150 0.8989 -0.4378
vn -0.0471 0.9469 -0.3181
vn 0.0347 0.8812 -0.4715
vn 0.3154 0.8619 -0.3972
vn 0.2410 0.9063 -0.3471
vn 0.1888 0.9558 -0.2255
vn 0.0252 0.8580 -0.5130
vn 0.3842 0.8176 -0.4289
vn 0.5223 0.8273 -0.2066
vn 0.4448 0.8753 -0.1898
vn 0.4584 0.8578 -0.2325
vn 0.5372 0.8196 -0.1989
vn 0.0584 0.9426 -0.3287
vn 0.4487 0.8302 -0.3308
vn 0.4330 0.8647 -0.2546
vn 0.5427 0.7465 -0.3850
vn 0.4686 0.8171 -0.3359
vn 0.3791 0.8832 -0.2762
vn 0.4793 0.8407 -0.2520
vn 0.4172 0.8771 -0.2380
vn 0.3895 0.2844 -0.8760
vn 0.3156 0.0666 -0.9466
vn 0.4684 0.1931 -0.8621
vn 0.2837 0.3456 -0.8945
vn 0.3341 0.4977 -0.8004
vn 0.2179 0.4819 -0.8487
vn 0.3477 0.4728 -0.8097
vn 0.1923 0.5963 -0.7794
vn 0.2194 0.4644 -0.8580
vn 0.3567 0.3014 -0.8843
vn 0.1979 0.5488 -0.8122
vn -0.0780 0.4931 -0.8665
vn -0.1024 0.7277 -0.6782
vn 0.2673 0.9039 -0.3340
vn 0.6232 0.4669 -0.6275
vn -0.0325 0.3218 -0.9463
vn 0.0118 0.5983 -0.8012
vn 0.2127 0.3083 -0.9272
vn 0.2889 0.2483 -0.9246
vn 0.1217 0.3824 -0.9159
vn 0.1077 0.4084 -0.9064
vn 0.1630 0.2783 -0.9466
vn 0.3117 0.2948 -0.9033
vn 0.4061 0.2809 -0.8696
vn 0.4349 0.3561 -0.8271
vn 0.4080 0.3484 -0.8439
vn 0.3806 0.3404 -0.8598
vn 0.4335 0.2414 -0.8682
vn 0.2733 0.3103 -0.9105
vn 0.2568 0.2295 -0.9388
vn 0.2831 0.3202 -0.9041
vn 0.0357 0.0407 -0.9985
vn 0.0300 0.1448 -0.9890
vn 0.0320 0.3164 -0.9481
vn 0.0992 0.0554 -0.9935
vn 0.1828 0.1330 -0.9741
vn 0.4292 0.1950 -0.8819
vn 0.0290 0.2850 -0.9581
vn -0.0025 0.4424 -0.8968
vn 0.0143 0.4242 -0.9055
vn -0.0147 0.4807 -0.8767
vn 0.1200 0.0957 -0.9882
vn 0.1045 0.3618 -0.9264
vn 0.7510 0.5596 -0.3506
vn 0.5241 0.7743 -0.3546
vn 0.6343 0.6687 -0.3878
vn 0.7137 0.6500 -0.2610
vn 0.1310 0.8652 -0.4840
vn 0.3738 0.8246 -0.4246
vn 0.1439 0.8011 -0.5809
vn 0.5648 0.6684 -0.4840
vn 0.0811 0.3885 -0.9179
vn 0.0715 0.3649 -0.9283
vn 0.2939 0.7703 -0.5659
vn 0.1919 0.7722 -0.6057
vn 0.5109 0.5863 -0.6287
vn 0.7987 0.2621 -0.5417
vn 0.9076 0.2062 -0.3657
vn 0.6743 0.4249 -0.6039
vn 0.5305 0.5519 -0.6435
vn 0.4814 0.5436 -0.6875
vn 0.9456 0.2791 -0.1671
vn 0.0672 0.6059 -0.7927
vn 0.1557 0.3942 -0.9057
vn 0.1101 0.5563 -0.8236
vn 0.2249 0.4991 -0.8369
vn 0.1603 0.7204 -0.6748
vn 0.1498 0.6409 -0.7529
vn 0.4868 0.4086 -0.7721
vn 0.1077 0.4611 -0.8808
vn 0.1071 0.6285 -0.7704
vn 0.2859 0.1116 -0.9517
vn 0.2494 0.4717 -0.8457
vn 0.2365 0.1338 -0.9624
vn 0.1822 0.7418 -0.6454
vn 0.1438 0.7218 -0.6770
vn 0.1355 0.2454 -0.9599
vn -0.0334 0.7591 -0.6502
vn 0.6563 0.5599 -0.5058
vn 0.6033 0.6325 -0.4858
vn 0.4819 0.8087 -0.3373
vn 0.5449 0.6793 -0.4916
vn 0.6254 0.6594 -0.4172
vn 0.4023 0.8622 -0.3080
vn 0.4972 0.7362 -0.4591
vn 0.3483 0.7908 -0.5033
vn 0.4097 0.8983 -0.1585
vn 0.3765 0.8843 -0.2763
vn 0.4085 0.7609 -0.5041
vn 0.5796 0.5988 -0.5527
vn 0.4676 0.6066 -0.6429
vn 0.6310 0.5953 -0.4975
vn 0.3118 0.8352 -0.4531
vn 0.2829 0.8557 -0.4333
vn 0.4036 0.8966 -0.1821
vn 0.4117 0.9102 -0.0442
vn 0.3468 0.9333 -0.0928
vn 0.2210 0.9560 -0.1927
vn 0.2932 0.8811 -0.3711
vn 0.5025 0.7365 -0.4529
vn -0.9380 -0.3321 0.0997
vn -0.7245 -0.2101 0.6564
vn -0.9127 -0.3638 -0.1861
vn -0.7915 -0.3527 -0.4991
vn -0.7223 -0.6102 -0.3254
vn -0.8553 -0.4712 0.2154
vn -0.3074 -0.7277 -0.6132
vn -0.5505 -0.6718 -0.4956
vn -0.5516 -0.3875 -0.7387
vn -0.2518 -0.4898 -0.8347
vn -0.0961 -0.7443 -0.6609
vn -0.1967 -0.5515 -0.8106
vn 0.0865 0.0941 -0.9918
vn -0.2847 -0.4410 -0.8512
vn 0.1672 0.0775 -0.9829
vn -0.2890 -0.4191 -0.8607
vn -0.2029 -0.4831 -0.8517
vn -0.2830 -0.9569 -0.0648
vn 0.1779 0.0364 -0.9834
vn -0.1429 -0.4994 -0.8545
vn 0.1886 0.0028 -0.9821
vn 0.1858 0.0257 -0.9823
vn 0.1145 -0.1405 -0.9834
vn -0.1058 -0.3007 -0.9478
vn -0.5460 -0.3339 -0.7683
vn -0.5928 -0.2419 -0.7681
vn -0.7518 -0.5435 -0.3733
vn -0.5057 -0.1526 -0.8491
vn -0.7706 -0.3031 0.5607
vn -0.5396 -0.4723 -0.6970
vn -0.3734 -0.0821 -0.9241
vn -0.6513 0.4985 -0.5721
vn -0.2593 0.1240 -0.9578
vn -0.1571 0.2800 -0.9470
vn -0.8701 -0.2608 -0.4181
vn -0.7761 0.1594 -0.6101
vn -0.9928 -0.0615 -0.1031
vn -0.1133 0.1423 -0.9833
vn -0.0149 0.2509 -0.9679
vn -0.5984 0.0056 0.8012
vn -0.5351 -0.0210 0.8445
vn -0.0721 0.1759 -0.9818
vn 0.0228 0.2810 -0.9594
vn -0.0680 0.2106 -0.9752
vn 0.0414 0.3290 -0.9434
vn 0.2198 0.5301 -0.8189
vn 0.1033 0.5607 -0.8215
vn 0.1424 0.5407 -0.8291
vn 0.0677 0.4573 -0.8867
vn 0.6471 0.7151 -0.2645
vn 0.5744 0.7358 -0.3588
vn 0.5734 0.7335 -0.3649
vn 0.6190 0.7496 -0.2344
vn 0.5445 0.7358 -0.4026
vn 0.5250 0.7523 -0.3979
vn 0.6232 0.6952 -0.3581
vn 0.6287 0.7092 -0.3191
vn 0.5632 0.7475 -0.3522
vn 0.4825 0.7918 -0.3746
vn 0.4312 0.8357 -0.3400
vn 0.5217 0.7844 -0.3354
vn 0.1498 0.5278 -0.8361
vn 0.2023 0.6305 -0.7494
vn 0.2683 0.7252 -0.6341
vn 0.3586 0.7803 -0.5124
vn 0.5717 0.7332 -0.3682
vn 0.4258 0.7546 -0.4993
vn 0.5945 0.7129 -0.3719
vn 0.5459 0.7262 -0.4178
vn 0.5130 0.7703 -0.3788
vn 0.3636 0.7347 -0.5728
vn 0.2967 0.6552 -0.6947
vn 0.3129 0.7444 -0.5899
vn 0.2562 0.5194 -0.8152
vn 0.2811 0.6686 -0.6884
vn 0.3625 0.8239 -0.4356
vn 0.3559 0.7578 -0.5469
vn 0.2074 0.8531 -0.4788
vn 0.0292 0.6647 -0.7466
vn -0.0776 0.7629 -0.6418
vn -0.0159 0.8227 -0.5683
vn -0.7798 0.5233 0.3436
vn -0.7532 0.5561 0.3513
vn -0.8045 0.3288 0.4947
vn -0.7719 0.5553 0.3096
vn -0.8190 0.2917 0.4941
vn -0.7833 0.4814 0.3932
vn -0.0189 0.3398 -0.9403
vn 0.0301 0.3516 -0.9357
vn 0.0834 0.3866 -0.9185
vn 0.0447 0.3850 -0.9218
vn -0.1024 0.4532 -0.8855
vn -0.5486 0.5788 -0.6033
vn 0.0411 0.4300 -0.9019
vn -0.6563 0.7341 -0.1740
vn -0.8463 0.4966 0.1928
vn -0.8561 0.4673 0.2206
vn -0.6684 0.6575 -0.3477
vn -0.8031 0.2775 0.5272
vn -0.7736 0.5552 0.3053
vn -0.3146 0.4484 -0.8366
vn -0.7430 0.6392 -0.1985
vn -0.6810 0.4745 0.5578
vn -0.7403 0.4972 0.4525
vn -0.8491 0.2384 0.4714
vn -0.5273 0.6117 0.5897
vn -0.4515 0.6685 0.5910
vn -0.5726 0.5952 0.5638
vn -0.3307 0.7354 0.5914
vn 0.3680 0.8143 0.4490
vn -0.9374 -0.0059 0.3482
vn -0.8073 -0.3500 0.4752
vn -0.2198 -0.9297 -0.2955
vn -0.7136 -0.7002 -0.0214
vn -0.2082 -0.9348 -0.2877
vn -0.7342 -0.6657 -0.1334
vn 0.9651 0.2608 0.0234
vn 0.8963 0.4433 -0.0127
vn 0.9707 0.1281 -0.2035
vn 0.9409 0.3283 -0.0837
vn 0.8743 0.4847 0.0261
vn 0.9366 0.3431 -0.0718
vn 0.8664 0.4944 0.0698
vn 0.9471 -0.0705 -0.3132
vn 0.6163 -0.3399 -0.7104
vn 0.3497 -0.8239 -0.4459
vn 0.3483 -0.8638 -0.3641
vn -0.5647 0.8147 0.1315
vn -0.5717 0.8065 0.1508
vn -0.2276 0.9020 0.3670
vn 0.3351 0.7788 0.5303
vn -0.7855 0.5476 0.2882
vn -0.9159 0.2465 -0.3167
vn -0.7481 -0.6077 -0.2666
vn -0.8992 -0.3852 -0.2076
vn -0.2403 -0.9080 -0.3431
vn -0.9598 -0.2290 -0.1624
vn 0.9038 0.2086 0.3737
vn 0.9267 0.1412 0.3483
vn 0.7636 0.4338 0.4783
vn 0.9700 0.1860 0.1564
vn 0.9325 -0.3147 0.1775
vn 0.3433 -0.8837 -0.3180
vn 0.6112 -0.7468 -0.2620
vn 0.7739 -0.6001 -0.2023
vn -0.3270 0.9301 -0.1673
vn -0.2508 0.9516 -0.1775
vn -0.0964 0.9944 0.0432
vn -0.1682 0.9844 0.0510
vn 0.0999 0.9530 0.2859
vn 0.3156 0.8012 0.5084
vn 0.0465 0.9520 0.3025
vn 0.2911 0.7943 0.5332
vn -0.6817 0.6642 -0.3067
vn -0.6038 0.3680 -0.7071
vn -0.4935 0.4512 -0.7435
vn -0.5238 -0.4729 -0.7085
vn -0.2916 -0.8699 -0.3978
vn -0.7736 -0.0512 -0.6316
vn 0.6772 0.0895 0.7303
vn 0.6302 0.2932 0.7189
vn 0.6207 0.3075 0.7212
vn 0.6961 0.1008 0.7108
vn 0.4989 0.5434 0.6752
vn 0.5016 0.5619 0.6578
vn 0.8591 -0.0315 0.5109
vn 0.6465 -0.4836 0.5901
vn 0.5699 -0.5574 0.6037
vn 0.0845 -0.9961 0.0232
vn 0.5999 -0.7883 0.1368
vn -0.3848 0.5522 -0.7396
vn -0.4232 0.3579 -0.8323
vn -0.4666 0.1366 -0.8738
vn 0.3096 0.8065 0.5036
vn 0.1261 0.9503 0.2848
vn -0.0452 0.9978 0.0478
vn -0.1292 0.9021 -0.4117
vn -0.1848 0.9680 -0.1697
vn -0.4254 -0.4269 -0.7980
vn -0.3459 -0.7712 -0.5344
vn 0.5138 -0.6412 0.5699
vn 0.4059 -0.7703 0.4918
vn 0.2714 -0.8846 0.3793
vn 0.4732 0.5823 0.6611
vn 0.5899 0.3263 0.7386
vn 0.4152 -0.2710 0.8684
vn 0.6524 0.0852 0.7531
vn -0.1696 -0.9710 -0.1687
vn 0.1734 0.2335 0.9568
vn 0.0519 0.0794 0.9955
vn 0.1430 -0.0999 0.9847
vn -0.1648 -0.2033 0.9651
vn -0.2220 0.2483 0.9429
vn -0.1403 0.0754 0.9872
vn -0.7123 0.1838 0.6774
vn -0.9522 -0.1185 0.2814
vn -0.9073 -0.2305 0.3517
vn -0.5663 0.0193 0.8240
vn -0.8416 -0.2159 0.4951
vn -0.5272 0.1630 0.8339
vn 0.2379 0.1827 -0.9539
vn 0.4233 0.2201 -0.8789
vn 0.5836 0.2687 -0.7663
vn 0.4603 -0.0067 -0.8877
vn 0.2325 0.0063 -0.9726
vn 0.1624 0.1970 -0.9669
vn 0.1616 -0.1224 -0.9792
vn 0.2839 0.2920 -0.9133
vn 0.3681 0.0309 -0.9293
vn 0.4386 0.3332 -0.8346
vn -0.6370 0.0957 -0.7649
vn 0.1017 0.4827 -0.8698
vn -0.3595 0.3045 -0.8821
vn 0.6977 0.5843 -0.4144
vn -0.9667 -0.2416 0.0840
vn -0.6077 0.5987 -0.5219
vn 0.4404 0.7807 0.4433
vn 0.4945 0.8577 0.1406
vn -0.9502 -0.2956 -0.0992
vn -0.4557 0.8578 -0.2377
vn 0.0203 -0.9483 0.3168
vn 0.0187 0.6322 0.7746
vn 0.2482 -0.3068 0.9188
vn -0.8982 0.2834 -0.3360
vn -0.6703 0.7060 0.2284
vn -0.9121 -0.3585 0.1987
vn 0.4522 0.6486 0.6123
vn 0.4995 0.2490 0.8297
vn -0.0700 0.7105 -0.7002
vn -0.6709 0.7037 -0.2339
vn -0.9150 -0.3552 -0.1915
vn -0.6180 -0.4707 -0.6297
vn -0.2384 -0.4053 -0.8826
vn 0.6856 0.3551 -0.6355
vn 0.4792 0.3153 -0.8191
vt 0.000000 0.000000
s 1
usemtl _17174_Tiamat_v1default
f 1/1/1 3/1/2 4/1/3
f 5/1/4 2/1/5 6/1/6
f 7/1/7 3/1/2 5/1/4
f 4/1/3 8/1/8 9/1/9
f 6/1/6 11/1/10 5/1/4
f 12/1/11 10/1/12 13/1/13
f 14/1/14 11/1/10 12/1/11
f 5/1/4 15/1/15 7/1/7
f 13/1/13 17/1/16 12/1/11
f 18/1/17 16/1/18 19/1/19
f 20/1/20 17/1/16 18/1/17
f 12/1/11 21/1/21 14/1/14
f 22/1/22 24/1/23 25/1/24
f 26/1/25 23/1/26 27/1/27
f 6/1/6 24/1/23 26/1/25
f 25/1/24 2/1/5 1/1/1
f 27/1/27 29/1/28 26/1/25
f 30/1/29 28/1/30 31/1/31
f 13/1/13 29/1/28 30/1/29
f 26/1/25 10/1/12 6/1/6
f 31/1/31 33/1/32 30/1/29
f 34/1/33 32/1/34 35/1/35
f 19/1/19 33/1/32 34/1/33
f 30/1/29 16/1/18 13/1/13
f 36/1/36 38/1/37 39/1/38
f 40/1/39 38/1/37 37/1/40
f 39/1/38 41/1/41 42/1/42
f 1/1/1 44/1/43 25/1/24
f 39/1/38 43/1/44 36/1/36
f 42/1/42 44/1/43 39/1/38
f 25/1/24 45/1/45 22/1/22
f 46/1/46 37/1/40 36/1/36
f 48/1/47 46/1/46 49/1/48
f 50/1/49 47/1/50 48/1/47
f 37/1/40 51/1/51 40/1/39
f 36/1/36 52/1/52 46/1/46
f 4/1/3 43/1/44 1/1/1
f 9/1/9 52/1/52 4/1/3
f 46/1/46 53/1/53 49/1/48
f 54/1/54 56/1/55 57/1/56
f 55/1/57 58/1/58 59/1/59
f 35/1/35 56/1/55 59/1/59
f 57/1/56 32/1/34 31/1/31
f 58/1/58 60/1/60 61/1/61
f 62/1/62 55/1/57 54/1/54
f 63/1/63 60/1/60 62/1/62
f 61/1/61 64/1/64 65/1/65
f 66/1/66 67/1/67 68/1/68
f 57/1/56 69/1/69 54/1/54
f 31/1/31 66/1/66 57/1/56
f 67/1/67 28/1/30 27/1/27
f 54/1/54 70/1/70 62/1/62
f 71/1/71 69/1/69 68/1/68
f 72/1/72 70/1/70 71/1/71
f 62/1/62 73/1/73 63/1/63
f 74/1/74 76/1/75 77/1/76
f 67/1/67 75/1/77 68/1/68
f 76/1/75 67/1/67 27/1/27
f 77/1/76 23/1/26 22/1/22
f 68/1/68 78/1/78 71/1/71
f 79/1/79 75/1/77 74/1/74
f 80/1/80 78/1/78 79/1/79
f 81/1/81 72/1/72 71/1/71
f 82/1/82 84/1/83 85/1/84
f 77/1/76 83/1/85 74/1/74
f 22/1/22 84/1/83 77/1/76
f 85/1/84 45/1/45 42/1/42
f 86/1/86 88/1/87 89/1/88
f 85/1/84 87/1/89 82/1/82
f 42/1/42 88/1/87 85/1/84
f 89/1/88 90/1/90 91/1/91
f 74/1/74 92/1/92 79/1/79
f 93/1/93 83/1/85 82/1/82
f 94/1/94 92/1/92 93/1/93
f 79/1/79 95/1/95 80/1/80
f 96/1/96 98/1/97 99/1/98
f 93/1/93 97/1/99 94/1/94
f 82/1/82 98/1/97 93/1/93
f 99/1/98 87/1/89 86/1/86
f 40/1/39 101/1/100 41/1/41
f 100/1/101 102/1/102 103/1/103
f 91/1/91 101/1/100 103/1/103
f 41/1/41 90/1/90 42/1/42
f 103/1/103 105/1/104 91/1/91
f 102/1/102 104/1/105 103/1/103
f 106/1/106 107/1/107 108/1/108
f 104/1/105 108/1/108 109/1/109
f 110/1/110 108/1/108 107/1/107
f 110/1/110 111/1/111 112/1/112
f 108/1/108 113/1/113 109/1/109
f 114/1/114 116/1/115 117/1/116
f 117/1/116 118/1/117 112/1/112
f 50/1/49 120/1/118 51/1/51
f 121/1/119 119/1/120 122/1/121
f 102/1/102 120/1/118 121/1/119
f 100/1/101 40/1/39 51/1/51
f 123/1/122 111/1/111 107/1/107
f 125/1/123 124/1/124 123/1/122
f 117/1/116 126/1/125 114/1/114
f 124/1/124 117/1/116 112/1/112
f 106/1/106 102/1/102 121/1/119
f 127/1/126 121/1/119 122/1/121
f 123/1/122 128/1/127 125/1/123
f 127/1/126 123/1/122 107/1/107
f 129/1/128 115/1/129 114/1/114
f 131/1/130 130/1/131 129/1/128
f 114/1/114 133/1/132 129/1/128
f 134/1/133 126/1/125 125/1/123
f 135/1/134 133/1/132 134/1/133
f 129/1/128 136/1/135 131/1/130
f 137/1/136 139/1/137 140/1/138
f 134/1/133 138/1/139 135/1/134
f 125/1/123 139/1/137 134/1/133
f 128/1/127 122/1/121 140/1/138
f 141/1/140 132/1/141 131/1/130
f 143/1/142 141/1/140 144/1/143
f 50/1/49 146/1/144 119/1/120
f 147/1/145 145/1/146 148/1/147
f 137/1/136 146/1/144 147/1/145
f 122/1/121 146/1/144 140/1/138
f 149/1/148 136/1/135 135/1/134
f 150/1/149 149/1/148 151/1/150
f 152/1/151 144/1/143 141/1/140
f 131/1/130 150/1/149 141/1/140
f 138/1/139 137/1/136 147/1/145
f 153/1/152 147/1/145 148/1/147
f 154/1/153 151/1/150 149/1/148
f 135/1/134 153/1/152 149/1/148
f 155/1/154 143/1/142 144/1/143
f 156/1/155 157/1/156 158/1/157
f 49/1/48 160/1/158 48/1/47
f 161/1/159 159/1/160 162/1/161
f 148/1/147 160/1/158 161/1/159
f 48/1/47 145/1/146 50/1/49
f 152/1/151 151/1/150 163/1/162
f 164/1/163 166/1/164 163/1/162
f 165/1/165 157/1/156 156/1/155
f 144/1/143 166/1/164 156/1/155
f 162/1/161 168/1/166 161/1/159
f 167/1/167 164/1/163 163/1/162
f 151/1/150 168/1/166 163/1/162
f 161/1/159 154/1/153 148/1/147
f 157/1/156 170/1/168 158/1/157
f 171/1/169 169/1/170 172/1/171
f 49/1/48 173/1/172 159/1/160
f 174/1/173 53/1/53 9/1/9
f 175/1/174 174/1/173 176/1/175
f 162/1/161 173/1/172 175/1/174
f 177/1/176 169/1/170 157/1/156
f 178/1/177 165/1/165 164/1/163
f 179/1/178 177/1/176 178/1/177
f 180/1/179 172/1/171 169/1/170
f 176/1/175 182/1/180 175/1/174
f 178/1/177 181/1/181 179/1/178
f 164/1/163 182/1/180 178/1/177
f 167/1/167 162/1/161 175/1/174
f 9/1/9 183/1/182 174/1/173
f 184/1/183 8/1/8 7/1/7
f 185/1/184 183/1/182 184/1/183
f 176/1/175 183/1/182 186/1/185
f 172/1/171 187/1/186 188/1/187
f 189/1/188 180/1/179 179/1/178
f 190/1/189 187/1/186 189/1/188
f 188/1/187 191/1/190 192/1/191
f 185/1/184 194/1/192 186/1/185
f 193/1/193 190/1/189 189/1/188
f 179/1/178 194/1/192 189/1/188
f 186/1/185 181/1/181 176/1/175
f 7/1/7 195/1/194 184/1/183
f 196/1/195 15/1/15 14/1/14
f 197/1/196 195/1/194 196/1/195
f 184/1/183 198/1/197 185/1/184
f 14/1/14 199/1/198 196/1/195
f 200/1/199 21/1/21 20/1/20
f 201/1/200 199/1/198 200/1/199
f 196/1/195 202/1/201 197/1/196
f 203/1/202 205/1/203 206/1/204
f 112/1/112 204/1/205 203/1/202
f 207/1/206 209/1/207 210/1/208
f 205/1/203 208/1/209 206/1/204
f 211/1/210 213/1/211 214/1/212
f 214/1/212 171/1/169 172/1/171
f 215/1/213 217/1/214 218/1/215
f 219/1/216 216/1/217 220/1/218
f 221/1/219 217/1/214 219/1/216
f 218/1/215 222/1/220 223/1/221
f 224/1/222 226/1/223 227/1/224
f 218/1/215 225/1/225 215/1/213
f 223/1/221 226/1/223 218/1/215
f 227/1/224 228/1/226 229/1/227
f 230/1/228 232/1/229 233/1/230
f 233/1/230 212/1/231 211/1/210
f 234/1/232 236/1/233 237/1/234
f 238/1/235 235/1/236 239/1/237
f 240/1/238 236/1/233 238/1/235
f 237/1/234 241/1/239 242/1/240
f 220/1/218 244/1/241 219/1/216
f 243/1/242 245/1/243 246/1/244
f 247/1/245 244/1/241 246/1/244
f 219/1/216 248/1/246 221/1/219
f 249/1/247 251/1/248 252/1/249
f 253/1/250 249/1/247 254/1/251
f 221/1/219 250/1/252 253/1/250
f 251/1/248 248/1/246 247/1/245
f 255/1/253 257/1/254 258/1/255
f 259/1/256 255/1/253 260/1/257
f 259/1/256 243/1/242 256/1/258
f 257/1/254 243/1/242 220/1/218
f 261/1/259 263/1/260 264/1/261
f 264/1/261 265/1/262 266/1/263
f 267/1/264 262/1/265 261/1/259
f 269/1/266 268/1/267 267/1/264
f 271/1/268 273/1/269 274/1/270
f 272/1/271 271/1/268 245/1/243
f 260/1/257 272/1/271 259/1/256
f 274/1/270 276/1/272 271/1/268
f 277/1/273 275/1/274 278/1/275
f 247/1/245 276/1/272 277/1/273
f 271/1/268 246/1/244 245/1/243
f 279/1/276 281/1/277 282/1/278
f 283/1/279 281/1/277 280/1/280
f 278/1/275 281/1/277 284/1/281
f 282/1/278 275/1/274 274/1/270
f 285/1/282 277/1/273 278/1/275
f 286/1/283 287/1/284 288/1/285
f 285/1/282 286/1/283 252/1/249
f 277/1/273 251/1/248 247/1/245
f 284/1/281 287/1/284 278/1/275
f 290/1/286 284/1/281 283/1/279
f 291/1/287 289/1/288 290/1/286
f 288/1/285 289/1/288 292/1/289
f 293/1/290 292/1/289 291/1/287
f 294/1/291 293/1/290 295/1/292
f 296/1/293 298/1/294 295/1/292
f 266/1/263 297/1/295 296/1/293
f 293/1/290 300/1/296 295/1/292
f 291/1/287 299/1/297 293/1/290
f 299/1/297 301/1/298 302/1/299
f 303/1/300 304/1/301 305/1/302
f 306/1/303 307/1/304 308/1/305
f 295/1/292 303/1/300 306/1/303
f 304/1/301 300/1/296 302/1/299
f 308/1/305 310/1/306 306/1/303
f 311/1/307 310/1/306 309/1/308
f 266/1/263 310/1/306 312/1/309
f 306/1/303 296/1/293 295/1/292
f 283/1/279 314/1/310 290/1/286
f 315/1/311 313/1/312 316/1/313
f 302/1/299 314/1/310 315/1/311
f 290/1/286 301/1/298 291/1/287
f 317/1/314 319/1/315 320/1/316
f 304/1/301 318/1/317 305/1/302
f 319/1/315 304/1/301 302/1/299
f 320/1/316 315/1/311 316/1/313
f 321/1/318 318/1/317 317/1/314
f 309/1/308 321/1/318 311/1/307
f 308/1/305 322/1/319 309/1/308
f 305/1/302 322/1/319 307/1/304
f 323/1/320 312/1/309 311/1/307
f 325/1/321 324/1/322 323/1/320
f 264/1/261 326/1/323 261/1/259
f 266/1/263 324/1/322 264/1/261
f 279/1/276 328/1/324 280/1/280
f 329/1/325 327/1/326 330/1/327
f 328/1/324 329/1/325 316/1/313
f 280/1/280 313/1/312 283/1/279
f 331/1/328 333/1/329 334/1/330
f 320/1/316 332/1/331 317/1/314
f 316/1/313 333/1/329 320/1/316
f 329/1/325 330/1/327 334/1/330
f 331/1/328 336/1/332 332/1/331
f 323/1/320 335/1/333 325/1/321
f 311/1/307 336/1/332 323/1/320
f 321/1/318 332/1/331 336/1/332
f 337/1/334 198/1/197 197/1/196
f 339/1/335 338/1/336 337/1/334
f 338/1/336 340/1/337 190/1/189
f 198/1/197 193/1/193 185/1/184
f 341/1/338 202/1/201 201/1/200
f 343/1/339 341/1/338 344/1/340
f 337/1/334 343/1/339 339/1/335
f 197/1/196 342/1/341 337/1/334
f 190/1/189 345/1/342 191/1/190
f 346/1/343 340/1/337 339/1/335
f 347/1/344 346/1/343 348/1/345
f 191/1/190 347/1/344 192/1/191
f 349/1/346 351/1/347 352/1/348
f 348/1/345 350/1/349 349/1/346
f 339/1/335 350/1/349 346/1/343
f 353/1/350 354/1/351 348/1/345
f 355/1/352 356/1/353 357/1/354
f 358/1/355 353/1/350 355/1/352
f 354/1/351 359/1/356 360/1/357
f 352/1/348 362/1/358 349/1/346
f 361/1/359 363/1/360 364/1/361
f 357/1/354 362/1/358 364/1/361
f 349/1/346 356/1/353 348/1/345
f 357/1/354 366/1/362 355/1/352
f 367/1/363 365/1/364 368/1/365
f 369/1/366 366/1/362 367/1/363
f 355/1/352 370/1/367 358/1/355
f 344/1/340 372/1/368 343/1/339
f 373/1/369 371/1/370 374/1/371
f 352/1/348 372/1/368 373/1/369
f 343/1/339 351/1/347 339/1/335
f 374/1/371 376/1/372 373/1/369
f 375/1/373 377/1/374 378/1/375
f 376/1/372 378/1/375 363/1/360
f 373/1/369 361/1/359 352/1/348
f 377/1/374 380/1/376 378/1/375
f 365/1/364 379/1/377 368/1/365
f 380/1/376 357/1/354 364/1/361
f 378/1/375 364/1/361 363/1/360
f 381/1/378 383/1/379 384/1/380
f 385/1/381 383/1/379 382/1/382
f 379/1/377 386/1/383 368/1/365
f 384/1/380 379/1/377 377/1/374
f 387/1/384 389/1/385 390/1/386
f 388/1/387 392/1/388 389/1/385
f 392/1/388 394/1/389 389/1/385
f 390/1/386 394/1/389 395/1/390
f 396/1/391 398/1/392 399/1/393
f 400/1/394 397/1/395 401/1/396
f 393/1/397 398/1/392 400/1/394
f 399/1/393 392/1/388 391/1/398
f 402/1/399 404/1/400 405/1/401
f 406/1/402 403/1/403 407/1/404
f 408/1/405 404/1/400 406/1/402
f 405/1/401 409/1/406 410/1/407
f 411/1/408 413/1/409 414/1/410
f 415/1/411 412/1/412 416/1/413
f 417/1/414 413/1/409 415/1/411
f 414/1/410 418/1/415 419/1/416
f 407/1/404 421/1/417 406/1/402
f 412/1/412 420/1/418 416/1/413
f 411/1/408 421/1/417 412/1/412
f 406/1/402 422/1/419 408/1/405
f 423/1/420 425/1/421 426/1/422
f 427/1/423 424/1/424 428/1/425
f 407/1/404 425/1/421 427/1/423
f 426/1/422 403/1/403 402/1/399
f 417/1/414 429/1/426 430/1/427
f 431/1/428 415/1/411 416/1/413
f 432/1/429 429/1/426 431/1/428
f 430/1/427 433/1/430 434/1/431
f 428/1/425 436/1/432 427/1/423
f 431/1/428 435/1/433 432/1/429
f 416/1/413 436/1/432 431/1/428
f 427/1/423 420/1/418 407/1/404
f 437/1/434 439/1/435 440/1/436
f 441/1/437 438/1/438 442/1/439
f 428/1/425 439/1/435 441/1/437
f 440/1/436 424/1/424 423/1/420
f 443/1/440 444/1/441 445/1/442
f 446/1/443 447/1/444 448/1/445
f 443/1/440 448/1/445 387/1/384
f 390/1/386 395/1/390 444/1/441
f 442/1/439 450/1/446 441/1/437
f 449/1/447 451/1/448 452/1/449
f 432/1/429 450/1/446 452/1/449
f 441/1/437 435/1/433 428/1/425
f 451/1/448 454/1/450 452/1/449
f 453/1/451 455/1/452 456/1/453
f 454/1/450 456/1/453 434/1/431
f 452/1/449 433/1/430 432/1/429
f 417/1/414 457/1/454 458/1/455
f 457/1/454 430/1/427 434/1/431
f 457/1/454 459/1/456 460/1/457
f 458/1/455 461/1/458 462/1/459
f 463/1/460 464/1/461 465/1/462
f 466/1/463 460/1/457 459/1/456
f 463/1/460 459/1/456 434/1/431
f 456/1/453 455/1/452 464/1/461
f 462/1/459 468/1/464 458/1/455
f 469/1/465 467/1/466 470/1/467
f 419/1/416 468/1/464 469/1/465
f 458/1/455 418/1/415 417/1/414
f 471/1/468 467/1/466 462/1/459
f 472/1/469 461/1/458 460/1/457
f 473/1/470 471/1/468 472/1/469
f 474/1/471 470/1/467 467/1/466
f 475/1/472 477/1/473 478/1/474
f 472/1/469 476/1/475 473/1/470
f 460/1/457 477/1/473 472/1/469
f 465/1/462 477/1/473 466/1/463
f 437/1/434 480/1/476 481/1/477
f 397/1/395 479/1/478 401/1/396
f 396/1/391 480/1/476 397/1/395
f 482/1/479 483/1/480 481/1/477
f 423/1/420 485/1/481 440/1/436
f 486/1/482 484/1/483 487/1/484
f 401/1/396 485/1/481 486/1/482
f 440/1/436 479/1/478 437/1/434
f 488/1/485 490/1/486 491/1/487
f 492/1/488 489/1/489 493/1/490
f 490/1/486 492/1/488 395/1/390
f 491/1/487 394/1/389 393/1/397
f 491/1/487 400/1/394 494/1/491
f 401/1/396 494/1/491 400/1/394
f 496/1/492 495/1/493 497/1/494
f 496/1/492 488/1/485 491/1/487
f 497/1/494 498/1/495 499/1/496
f 486/1/482 495/1/493 401/1/396
f 487/1/484 498/1/495 486/1/482
f 402/1/399 501/1/497 426/1/422
f 502/1/498 500/1/499 503/1/500
f 487/1/484 501/1/497 502/1/498
f 426/1/422 484/1/483 423/1/420
f 504/1/501 505/1/502 506/1/503
f 507/1/504 509/1/505 506/1/503
f 508/1/506 510/1/507 504/1/501
f 65/1/65 512/1/508 61/1/61
f 513/1/509 511/1/510 514/1/511
f 515/1/512 512/1/508 513/1/509
f 61/1/61 516/1/513 58/1/58
f 58/1/58 517/1/514 59/1/59
f 518/1/515 516/1/513 515/1/512
f 519/1/516 517/1/514 518/1/515
f 59/1/59 520/1/517 35/1/35
f 35/1/35 521/1/518 34/1/33
f 522/1/519 520/1/517 519/1/516
f 523/1/520 521/1/518 522/1/519
f 34/1/33 524/1/521 19/1/19
f 19/1/19 525/1/522 18/1/17
f 526/1/523 524/1/521 523/1/520
f 527/1/524 525/1/522 526/1/523
f 18/1/17 528/1/525 20/1/20
f 20/1/20 529/1/526 200/1/199
f 530/1/527 528/1/525 527/1/524
f 531/1/528 529/1/526 530/1/527
f 200/1/199 532/1/529 201/1/200
f 201/1/200 533/1/530 341/1/338
f 534/1/531 532/1/529 531/1/528
f 535/1/532 533/1/530 534/1/531
f 341/1/338 536/1/533 344/1/340
f 344/1/340 537/1/534 371/1/370
f 538/1/535 536/1/533 535/1/532
f 539/1/536 537/1/534 538/1/535
f 371/1/370 540/1/537 374/1/371
f 374/1/371 541/1/538 375/1/373
f 542/1/539 540/1/537 539/1/536
f 384/1/380 542/1/539 381/1/378
f 375/1/373 384/1/380 377/1/374
f 543/1/540 545/1/541 546/1/542
f 547/1/543 544/1/544 543/1/540
f 538/1/535 548/1/545 539/1/536
f 535/1/532 544/1/544 538/1/535
f 549/1/546 551/1/547 552/1/548
f 553/1/549 550/1/550 554/1/551
f 555/1/552 551/1/547 553/1/549
f 552/1/548 556/1/553 557/1/554
f 558/1/555 560/1/556 561/1/557
f 562/1/558 559/1/559 563/1/560
f 515/1/512 560/1/556 562/1/558
f 561/1/557 513/1/509 514/1/511
f 564/1/561 566/1/562 567/1/563
f 559/1/559 565/1/564 563/1/560
f 558/1/555 566/1/562 559/1/559
f 567/1/563 568/1/565 569/1/566
f 570/1/567 572/1/568 573/1/569
f 518/1/515 570/1/567 519/1/516
f 515/1/512 571/1/570 518/1/515
f 563/1/560 571/1/570 562/1/558
f 574/1/571 576/1/572 577/1/573
f 572/1/568 575/1/574 573/1/569
f 563/1/560 576/1/572 572/1/568
f 577/1/573 565/1/564 564/1/561
f 578/1/575 580/1/576 581/1/577
f 522/1/519 578/1/575 523/1/520
f 579/1/578 522/1/519 519/1/516
f 573/1/569 579/1/578 570/1/567
f 582/1/579 584/1/580 585/1/581
f 581/1/577 585/1/581 584/1/580
f 573/1/569 585/1/581 580/1/576
f 582/1/579 575/1/574 574/1/571
f 586/1/582 578/1/575 581/1/577
f 587/1/583 588/1/584 589/1/585
f 526/1/523 589/1/585 527/1/524
f 523/1/520 586/1/582 526/1/523
f 590/1/586 592/1/587 593/1/588
f 530/1/527 591/1/589 531/1/528
f 527/1/524 592/1/587 530/1/527
f 593/1/588 589/1/585 588/1/584
f 593/1/588 595/1/590 590/1/586
f 588/1/584 594/1/591 593/1/588
f 597/1/592 594/1/591 596/1/593
f 531/1/528 598/1/594 534/1/531
f 599/1/595 591/1/589 590/1/586
f 546/1/542 598/1/594 599/1/595
f 534/1/531 545/1/541 535/1/532
f 583/1/596 601/1/597 584/1/580
f 596/1/593 600/1/598 597/1/592
f 588/1/584 601/1/597 596/1/593
f 584/1/580 587/1/583 581/1/577
f 602/1/599 604/1/600 605/1/601
f 603/1/602 606/1/603 607/1/604
f 597/1/592 604/1/600 607/1/604
f 605/1/601 600/1/598 583/1/596
f 608/1/605 610/1/606 611/1/607
f 612/1/608 609/1/609 445/1/442
f 612/1/608 613/1/610 614/1/611
f 615/1/612 610/1/606 614/1/611
f 493/1/490 617/1/613 492/1/488
f 616/1/614 613/1/610 612/1/608
f 445/1/442 617/1/613 612/1/608
f 492/1/488 444/1/441 395/1/390
f 590/1/586 618/1/615 599/1/595
f 607/1/604 595/1/590 597/1/592
f 606/1/603 618/1/615 607/1/604
f 599/1/595 619/1/616 546/1/542
f 620/1/617 622/1/618 623/1/619
f 624/1/620 621/1/621 625/1/622
f 624/1/620 615/1/612 614/1/611
f 613/1/610 622/1/618 614/1/611
f 625/1/622 626/1/623 627/1/624
f 621/1/621 620/1/617 628/1/625
f 606/1/603 626/1/623 628/1/625
f 627/1/624 603/1/602 602/1/599
f 629/1/626 631/1/627 632/1/628
f 616/1/614 630/1/629 613/1/610
f 493/1/490 631/1/627 616/1/614
f 632/1/628 633/1/630 634/1/631
f 635/1/632 637/1/633 638/1/634
f 543/1/540 636/1/635 547/1/543
f 546/1/542 637/1/633 543/1/540
f 638/1/634 619/1/616 606/1/603
f 620/1/617 640/1/636 628/1/625
f 641/1/637 639/1/638 642/1/639
f 638/1/634 641/1/637 635/1/632
f 628/1/625 638/1/634 606/1/603
f 630/1/629 629/1/626 643/1/640
f 642/1/639 644/1/641 643/1/640
f 623/1/619 639/1/638 620/1/617
f 630/1/629 623/1/619 613/1/610
f 645/1/642 646/1/643 547/1/543
f 635/1/632 645/1/642 636/1/635
f 646/1/643 647/1/644 648/1/645
f 547/1/543 649/1/646 548/1/545
f 650/1/647 646/1/643 648/1/645
f 649/1/646 650/1/647 381/1/378
f 548/1/545 542/1/539 539/1/536
f 651/1/648 650/1/647 648/1/645
f 652/1/649 653/1/650 654/1/651
f 385/1/381 651/1/648 652/1/649
f 650/1/647 382/1/382 381/1/378
f 641/1/637 647/1/644 635/1/632
f 656/1/652 641/1/637 642/1/639
f 657/1/653 655/1/654 656/1/652
f 658/1/655 648/1/645 647/1/644
f 659/1/656 661/1/657 662/1/658
f 656/1/652 660/1/659 657/1/653
f 642/1/639 661/1/657 656/1/652
f 661/1/657 643/1/640 629/1/626
f 663/1/660 665/1/661 666/1/662
f 664/1/663 667/1/664 668/1/665
f 648/1/645 665/1/661 668/1/665
f 658/1/655 657/1/653 666/1/662
f 669/1/666 668/1/665 667/1/664
f 670/1/667 671/1/668 672/1/669
f 654/1/651 669/1/666 670/1/667
f 653/1/650 648/1/645 668/1/665
f 493/1/490 673/1/670 633/1/630
f 674/1/671 489/1/489 488/1/485
f 675/1/672 673/1/670 674/1/671
f 633/1/630 676/1/673 634/1/631
f 503/1/500 678/1/674 502/1/498
f 679/1/675 677/1/676 680/1/677
f 497/1/494 678/1/674 679/1/675
f 502/1/498 499/1/496 487/1/484
f 680/1/677 682/1/678 679/1/675
f 674/1/671 681/1/679 675/1/672
f 682/1/678 674/1/671 488/1/485
f 496/1/492 497/1/494 679/1/675
f 683/1/680 685/1/681 686/1/682
f 687/1/683 684/1/684 505/1/502
f 672/1/669 685/1/681 687/1/683
f 686/1/682 671/1/668 667/1/664
f 688/1/685 684/1/684 683/1/680
f 689/1/686 690/1/687 691/1/688
f 691/1/688 507/1/504 506/1/503
f 688/1/685 506/1/503 505/1/502
f 410/1/407 693/1/689 405/1/401
f 694/1/690 692/1/691 690/1/687
f 503/1/500 693/1/689 694/1/690
f 405/1/401 500/1/499 402/1/399
f 503/1/500 695/1/692 677/1/676
f 696/1/693 694/1/690 690/1/687
f 697/1/694 695/1/692 696/1/693
f 698/1/695 680/1/677 677/1/676
f 690/1/687 699/1/696 696/1/693
f 700/1/697 689/1/686 683/1/680
f 696/1/693 700/1/697 697/1/694
f 634/1/631 702/1/698 632/1/628
f 703/1/699 701/1/700 704/1/701
f 659/1/656 702/1/698 703/1/699
f 662/1/658 629/1/626 632/1/628
f 667/1/664 706/1/702 686/1/682
f 707/1/703 705/1/704 708/1/705
f 697/1/694 706/1/702 707/1/703
f 686/1/682 700/1/697 683/1/680
f 663/1/660 710/1/706 664/1/663
f 711/1/707 709/1/708 704/1/701
f 708/1/705 710/1/706 711/1/707
f 664/1/663 705/1/704 667/1/664
f 704/1/701 712/1/709 703/1/699
f 666/1/662 709/1/708 663/1/660
f 657/1/653 712/1/709 666/1/662
f 703/1/699 660/1/659 659/1/656
f 711/1/707 714/1/710 708/1/705
f 704/1/701 713/1/711 711/1/707
f 634/1/631 713/1/711 701/1/700
f 714/1/710 676/1/673 675/1/672
f 680/1/677 715/1/712 681/1/679
f 707/1/703 698/1/695 697/1/694
f 708/1/705 715/1/712 707/1/703
f 681/1/679 714/1/710 675/1/672
f 716/1/713 718/1/714 719/1/715
f 718/1/714 720/1/716 507/1/504
f 719/1/715 721/1/717 722/1/718
f 507/1/504 721/1/717 718/1/714
f 722/1/718 691/1/688 690/1/687
f 723/1/719 725/1/720 726/1/721
f 727/1/722 724/1/723 728/1/724
f 729/1/725 725/1/720 727/1/722
f 726/1/721 730/1/726 731/1/727
f 732/1/728 729/1/725 727/1/722
f 733/1/729 727/1/722 728/1/724
f 735/1/730 734/1/731 733/1/729
f 732/1/728 736/1/732 737/1/733
f 738/1/734 740/1/735 741/1/736
f 740/1/735 739/1/737 742/1/738
f 728/1/724 740/1/735 743/1/739
f 741/1/736 724/1/723 723/1/719
f 728/1/724 744/1/740 733/1/729
f 745/1/741 743/1/739 742/1/738
f 746/1/742 744/1/740 745/1/741
f 733/1/729 747/1/743 735/1/730
f 742/1/738 749/1/744 745/1/741
f 750/1/745 748/1/746 751/1/747
f 752/1/748 749/1/744 750/1/745
f 745/1/741 753/1/749 746/1/742
f 690/1/687 754/1/750 722/1/718
f 755/1/751 692/1/691 410/1/407
f 756/1/752 754/1/750 755/1/751
f 722/1/718 757/1/753 719/1/715
f 719/1/715 759/1/754 716/1/713
f 760/1/755 758/1/756 761/1/757
f 761/1/757 763/1/758 760/1/755
f 764/1/759 762/1/760 765/1/761
f 764/1/759 765/1/761 766/1/762
f 767/1/763 768/1/764 769/1/765
f 769/1/765 729/1/725 732/1/728
f 770/1/766 732/1/728 737/1/733
f 767/1/763 771/1/767 772/1/768
f 769/1/765 730/1/726 729/1/725
f 768/1/764 773/1/769 769/1/765
f 775/1/770 774/1/771 776/1/772
f 731/1/727 773/1/769 775/1/770
f 777/1/773 409/1/406 408/1/405
f 779/1/774 777/1/773 780/1/775
f 755/1/751 779/1/774 756/1/752
f 410/1/407 778/1/776 755/1/751
f 781/1/777 757/1/753 756/1/752
f 782/1/778 783/1/779 784/1/780
f 781/1/777 784/1/780 761/1/757
f 757/1/753 758/1/756 719/1/715
f 785/1/781 784/1/780 783/1/779
f 786/1/782 787/1/783 788/1/784
f 785/1/781 786/1/782 765/1/761
f 784/1/780 762/1/760 761/1/757
f 788/1/784 790/1/785 786/1/782
f 791/1/786 789/1/787 792/1/788
f 766/1/762 791/1/786 793/1/789
f 786/1/782 766/1/762 765/1/761
f 794/1/790 796/1/791 797/1/792
f 798/1/793 795/1/794 799/1/795
f 793/1/789 796/1/791 798/1/793
f 791/1/786 792/1/788 797/1/792
f 800/1/796 802/1/797 803/1/798
f 804/1/799 800/1/796 772/1/768
f 799/1/795 801/1/800 804/1/799
f 802/1/797 795/1/794 794/1/790
f 803/1/798 806/1/801 800/1/796
f 805/1/802 807/1/803 808/1/804
f 768/1/764 806/1/801 808/1/804
f 800/1/796 767/1/763 772/1/768
f 807/1/803 810/1/805 808/1/804
f 811/1/806 809/1/807 812/1/808
f 776/1/772 810/1/805 811/1/806
f 808/1/804 774/1/771 768/1/764
f 813/1/809 815/1/810 816/1/811
f 817/1/812 814/1/813 813/1/809
f 819/1/814 818/1/815 820/1/816
f 821/1/817 814/1/813 819/1/814
f 822/1/818 824/1/819 825/1/820
f 826/1/821 823/1/822 822/1/818
f 828/1/823 827/1/824 829/1/825
f 830/1/826 823/1/822 828/1/823
f 831/1/827 833/1/828 834/1/829
f 816/1/811 832/1/830 831/1/827
f 835/1/831 815/1/810 821/1/817
f 836/1/832 832/1/830 835/1/831
f 837/1/833 839/1/834 840/1/835
f 829/1/825 838/1/836 837/1/833
f 841/1/837 827/1/824 826/1/821
f 842/1/838 838/1/836 841/1/837
f 843/1/839 845/1/840 846/1/841
f 847/1/842 844/1/843 825/1/820
f 848/1/844 845/1/840 847/1/842
f 846/1/841 849/1/845 850/1/846
f 830/1/826 852/1/847 853/1/848
f 854/1/849 851/1/850 820/1/816
f 855/1/851 852/1/847 854/1/849
f 853/1/848 856/1/852 857/1/853
f 858/1/854 860/1/855 861/1/856
f 862/1/857 859/1/858 863/1/859
f 848/1/844 860/1/855 862/1/857
f 861/1/856 864/1/860 857/1/853
f 865/1/861 867/1/862 868/1/863
f 869/1/864 866/1/865 865/1/861
f 871/1/866 870/1/867 872/1/868
f 873/1/869 866/1/865 871/1/866
f 874/1/870 876/1/871 877/1/872
f 863/1/859 875/1/873 874/1/870
f 879/1/874 878/1/875 872/1/868
f 880/1/876 875/1/873 879/1/874
f 881/1/877 883/1/878 884/1/879
f 885/1/880 882/1/881 886/1/882
f 855/1/851 883/1/878 885/1/880
f 884/1/879 887/1/883 888/1/884
f 889/1/885 867/1/862 873/1/869
f 891/1/886 890/1/887 889/1/885
f 893/1/888 892/1/889 894/1/890
f 868/1/863 890/1/887 893/1/888
f 858/1/854 896/1/891 897/1/892
f 898/1/893 895/1/894 886/1/882
f 889/1/885 898/1/893 891/1/886
f 873/1/869 896/1/891 889/1/885
f 899/1/895 901/1/896 902/1/897
f 903/1/898 900/1/899 904/1/900
f 905/1/901 901/1/896 903/1/898
f 902/1/897 906/1/902 907/1/903
f 908/1/904 910/1/905 911/1/906
f 912/1/907 909/1/908 913/1/909
f 803/1/798 910/1/905 912/1/907
f 911/1/906 802/1/797 794/1/790
f 913/1/909 915/1/910 912/1/907
f 916/1/911 914/1/912 917/1/913
f 915/1/910 916/1/911 807/1/803
f 805/1/802 803/1/798 912/1/907
f 918/1/914 920/1/915 921/1/916
f 907/1/903 919/1/917 918/1/914
f 922/1/918 906/1/902 905/1/901
f 923/1/919 919/1/917 922/1/918
f 917/1/913 925/1/920 916/1/911
f 926/1/921 924/1/922 927/1/923
f 812/1/808 925/1/920 926/1/921
f 916/1/911 809/1/807 807/1/803
f 928/1/924 930/1/925 931/1/926
f 920/1/915 929/1/927 921/1/916
f 923/1/919 930/1/925 920/1/915
f 933/1/928 930/1/925 932/1/929
f 934/1/930 797/1/792 792/1/788
f 934/1/930 935/1/931 936/1/932
f 937/1/933 908/1/904 911/1/906
f 797/1/792 911/1/906 794/1/790
f 411/1/408 939/1/934 422/1/419
f 940/1/935 938/1/936 941/1/937
f 780/1/775 939/1/934 940/1/935
f 408/1/405 939/1/934 777/1/773
f 780/1/775 943/1/938 779/1/774
f 944/1/939 942/1/940 945/1/941
f 783/1/779 943/1/938 944/1/939
f 779/1/774 782/1/778 756/1/752
f 945/1/941 947/1/942 944/1/939
f 948/1/943 946/1/944 949/1/945
f 788/1/784 947/1/942 948/1/943
f 944/1/939 787/1/783 783/1/779
f 949/1/945 951/1/946 948/1/943
f 935/1/931 950/1/947 936/1/932
f 792/1/788 951/1/946 935/1/931
f 948/1/943 789/1/787 788/1/784
f 952/1/948 954/1/949 955/1/950
f 956/1/951 953/1/952 957/1/953
f 908/1/904 954/1/949 956/1/951
f 955/1/950 937/1/933 936/1/932
f 957/1/953 959/1/954 956/1/951
f 960/1/955 958/1/956 961/1/957
f 913/1/909 959/1/954 960/1/955
f 956/1/951 909/1/908 908/1/904
f 961/1/957 963/1/958 960/1/955
f 964/1/959 962/1/960 965/1/961
f 917/1/913 963/1/958 964/1/959
f 960/1/955 914/1/912 913/1/909
f 965/1/961 967/1/962 964/1/959
f 968/1/963 966/1/964 969/1/965
f 927/1/923 967/1/962 968/1/963
f 964/1/959 924/1/922 917/1/913
f 970/1/966 972/1/967 973/1/968
f 974/1/969 971/1/970 975/1/971
f 904/1/900 972/1/967 974/1/969
f 973/1/968 900/1/899 899/1/895
f 976/1/972 978/1/973 979/1/974
f 881/1/877 978/1/973 977/1/975
f 980/1/976 981/1/977 978/1/973
f 979/1/974 981/1/977 982/1/978
f 983/1/979 985/1/980 986/1/981
f 987/1/982 984/1/983 988/1/984
f 973/1/968 987/1/982 970/1/966
f 899/1/895 985/1/980 973/1/968
f 907/1/903 990/1/985 902/1/897
f 991/1/986 989/1/987 992/1/988
f 983/1/979 990/1/985 991/1/986
f 902/1/897 986/1/981 899/1/895
f 961/1/957 993/1/989 994/1/990
f 995/1/991 958/1/956 957/1/953
f 983/1/979 993/1/989 995/1/991
f 992/1/988 993/1/989 991/1/986
f 988/1/984 996/1/992 997/1/993
f 995/1/991 984/1/983 983/1/979
f 957/1/953 996/1/992 995/1/991
f 997/1/993 953/1/952 952/1/948
f 998/1/994 1000/1/995 1001/1/996
f 992/1/988 999/1/997 998/1/994
f 918/1/914 989/1/987 907/1/903
f 921/1/916 999/1/997 918/1/914
f 965/1/961 1002/1/998 1003/1/999
f 994/1/990 962/1/960 961/1/957
f 998/1/994 994/1/990 992/1/988
f 998/1/994 1003/1/999 1002/1/998
f 1004/1/1000 1006/1/1001 1007/1/1002
f 1000/1/995 1005/1/1003 1001/1/996
f 921/1/916 1006/1/1001 1000/1/995
f 1007/1/1002 929/1/927 928/1/924
f 969/1/965 1008/1/1004 1009/1/1005
f 1003/1/999 966/1/964 965/1/961
f 1001/1/996 1008/1/1004 1003/1/999
f 1009/1/1005 1005/1/1003 1004/1/1000
f 419/1/416 1011/1/1006 414/1/410
f 1012/1/1007 1010/1/1008 1013/1/1009
f 941/1/937 1011/1/1006 1012/1/1007
f 414/1/410 938/1/936 411/1/408
f 941/1/937 1015/1/1010 940/1/935
f 1016/1/1011 1014/1/1012 1017/1/1013
f 945/1/941 1015/1/1010 1016/1/1011
f 940/1/935 942/1/940 780/1/775
f 1017/1/1013 1019/1/1014 1016/1/1011
f 1020/1/1015 1018/1/1016 1021/1/1017
f 949/1/945 1019/1/1014 1020/1/1015
f 1016/1/1011 946/1/944 945/1/941
f 1022/1/1018 1020/1/1015 1021/1/1017
f 955/1/950 1023/1/1019 952/1/948
f 1022/1/1018 955/1/950 936/1/932
f 1020/1/1015 950/1/947 949/1/945
f 952/1/948 1024/1/1020 1025/1/1021
f 1023/1/1019 1021/1/1017 1026/1/1022
f 1024/1/1020 1026/1/1022 1027/1/1023
f 1028/1/1024 1030/1/1025 1031/1/1026
f 997/1/993 1028/1/1024 988/1/984
f 1025/1/1021 997/1/993 952/1/948
f 1027/1/1023 1029/1/1027 1025/1/1021
f 988/1/984 1032/1/1028 987/1/982
f 1031/1/1026 1032/1/1028 1028/1/1024
f 1034/1/1029 1033/1/1030 1035/1/1031
f 987/1/982 1034/1/1029 970/1/966
f 1036/1/1032 1038/1/1033 1039/1/1034
f 1040/1/1035 1037/1/1036 1036/1/1032
f 1041/1/1037 1042/1/1038 1037/1/1036
f 1038/1/1033 1042/1/1038 1035/1/1031
f 1013/1/1009 1044/1/1039 1012/1/1007
f 1043/1/1040 1045/1/1041 1046/1/1042
f 1017/1/1013 1044/1/1039 1046/1/1042
f 1012/1/1007 1014/1/1012 941/1/937
f 1045/1/1041 1048/1/1043 1046/1/1042
f 1049/1/1044 1047/1/1045 1050/1/1046
f 1021/1/1017 1048/1/1043 1049/1/1044
f 1046/1/1042 1018/1/1016 1017/1/1013
f 1050/1/1046 1052/1/1047 1049/1/1044
f 1053/1/1048 1051/1/1049 1054/1/1050
f 1052/1/1047 1053/1/1048 1027/1/1023
f 1026/1/1022 1021/1/1017 1049/1/1044
f 1055/1/1051 1057/1/1052 1058/1/1053
f 1055/1/1051 1039/1/1034 1038/1/1033
f 1035/1/1031 1056/1/1054 1038/1/1033
f 1033/1/1030 1031/1/1026 1057/1/1052
f 1059/1/1055 1060/1/1056 1058/1/1053
f 1030/1/1025 1057/1/1052 1031/1/1026
f 1030/1/1025 1053/1/1048 1059/1/1055
f 1054/1/1050 1059/1/1055 1053/1/1048
f 1058/1/1053 1062/1/1057 1055/1/1051
f 1063/1/1058 1061/1/1059 1064/1/1060
f 1065/1/1061 1062/1/1057 1063/1/1058
f 1055/1/1051 1066/1/1062 1039/1/1034
f 1064/1/1060 1068/1/1063 1063/1/1058
f 1069/1/1064 1067/1/1065 1070/1/1066
f 1071/1/1067 1068/1/1063 1069/1/1064
f 1063/1/1058 1072/1/1068 1065/1/1061
f 557/1/554 1074/1/1069 552/1/548
f 1075/1/1070 1073/1/1071 1076/1/1072
f 1077/1/1073 1074/1/1069 1075/1/1070
f 552/1/548 1078/1/1074 549/1/546
f 1079/1/1075 1060/1/1056 1054/1/1050
f 1067/1/1065 1079/1/1075 1070/1/1066
f 1064/1/1060 1080/1/1076 1067/1/1065
f 1060/1/1056 1061/1/1059 1058/1/1053
f 549/1/546 1081/1/1077 1082/1/1078
f 1083/1/1079 1078/1/1074 1077/1/1073
f 1084/1/1080 1081/1/1077 1083/1/1079
f 1082/1/1078 1085/1/1081 1086/1/1082
f 1087/1/1083 1089/1/1084 1090/1/1085
f 1091/1/1086 1088/1/1087 1087/1/1083
f 1092/1/1088 1077/1/1073 1075/1/1070
f 1076/1/1072 1088/1/1087 1075/1/1070
f 1069/1/1064 1094/1/1089 1071/1/1067
f 1095/1/1090 1069/1/1064 1070/1/1066
f 1091/1/1086 1093/1/1091 1095/1/1090
f 1090/1/1085 1093/1/1091 1087/1/1083
f 1096/1/1092 1097/1/1093 1098/1/1094
f 447/1/444 1099/1/1095 1098/1/1094
f 1099/1/1095 446/1/443 445/1/442
f 1096/1/1092 609/1/609 608/1/605
f 1100/1/1096 1101/1/1097 1102/1/1098
f 1101/1/1097 1103/1/1099 1104/1/1100
f 1104/1/1100 1105/1/1101 1106/1/1102
f 1107/1/1103 1102/1/1098 1106/1/1102
f 1109/1/1104 1110/1/1105 1111/1/1106
f 615/1/612 1112/1/1107 1111/1/1106
f 625/1/622 1112/1/1107 624/1/620
f 1110/1/1105 1114/1/1108 1111/1/1106
f 1096/1/1092 1113/1/1109 1097/1/1093
f 608/1/605 1114/1/1108 1096/1/1092
f 611/1/607 615/1/612 1111/1/1106
f 1110/1/1105 1116/1/1110 1113/1/1109
f 1117/1/1111 1115/1/1112 1118/1/1113
f 1119/1/1114 1116/1/1110 1117/1/1111
f 1120/1/1115 1097/1/1093 1113/1/1109
f 1121/1/1116 1122/1/1117 1119/1/1114
f 1123/1/1118 1117/1/1111 1118/1/1113
f 1103/1/1099 1121/1/1116 1123/1/1118
f 1101/1/1097 1100/1/1096 1122/1/1117
f 1086/1/1082 1125/1/1119 1082/1/1078
f 1126/1/1120 1124/1/1121 1127/1/1122
f 554/1/551 1125/1/1119 1126/1/1120
f 1082/1/1078 550/1/550 549/1/546
f 574/1/571 1129/1/1123 582/1/579
f 1130/1/1124 1128/1/1125 1131/1/1126
f 602/1/599 1129/1/1123 1130/1/1124
f 582/1/579 605/1/601 583/1/596
f 1132/1/1127 1130/1/1124 1131/1/1126
f 1133/1/1128 1132/1/1127 1110/1/1105
f 627/1/624 1109/1/1104 625/1/622
f 602/1/599 1133/1/1128 627/1/624
f 1127/1/1122 1134/1/1129 1135/1/1130
f 1136/1/1131 1124/1/1121 1086/1/1082
f 1105/1/1101 1134/1/1129 1136/1/1131
f 1135/1/1130 1104/1/1100 1103/1/1099
f 554/1/551 1138/1/1132 553/1/549
f 1139/1/1133 1137/1/1134 1140/1/1135
f 1141/1/1136 1138/1/1132 1139/1/1133
f 553/1/549 1142/1/1137 555/1/552
f 1118/1/1113 1144/1/1138 1123/1/1118
f 1145/1/1139 1143/1/1140 1146/1/1141
f 1127/1/1122 1144/1/1138 1145/1/1139
f 1123/1/1118 1135/1/1130 1103/1/1099
f 1146/1/1141 1148/1/1142 1149/1/1143
f 1131/1/1126 1148/1/1142 1147/1/1144
f 1150/1/1145 1140/1/1135 1149/1/1143
f 564/1/561 1152/1/1146 577/1/573
f 1150/1/1145 1151/1/1147 1140/1/1135
f 1128/1/1125 1150/1/1145 1131/1/1126
f 577/1/573 1128/1/1125 574/1/571
f 1146/1/1141 1153/1/1148 1145/1/1139
f 1137/1/1134 1149/1/1143 1140/1/1135
f 554/1/551 1153/1/1148 1137/1/1134
f 1145/1/1139 1126/1/1120 1127/1/1122
f 1151/1/1147 1139/1/1133 1140/1/1135
f 567/1/563 1151/1/1147 564/1/561
f 569/1/566 1154/1/1149 567/1/563
f 1155/1/1150 1139/1/1133 1154/1/1149
f 1131/1/1126 1156/1/1151 1132/1/1127
f 1143/1/1140 1147/1/1144 1146/1/1141
f 1118/1/1113 1156/1/1151 1143/1/1140
f 1132/1/1127 1115/1/1112 1110/1/1105
f 391/1/398 1158/1/1152 399/1/393
f 1159/1/1153 1157/1/1154 1160/1/1155
f 483/1/480 1158/1/1152 1159/1/1153
f 399/1/393 482/1/479 396/1/391
f 1161/1/1156 481/1/477 483/1/480
f 1162/1/1157 1164/1/1158 1161/1/1156
f 442/1/439 1161/1/1156 1164/1/1158
f 481/1/477 438/1/438 437/1/434
f 1163/1/1159 1166/1/1160 1164/1/1158
f 1167/1/1161 1166/1/1160 1165/1/1162
f 451/1/448 1166/1/1160 1168/1/1163
f 1164/1/1158 449/1/447 442/1/439
f 1169/1/1164 1171/1/1165 1172/1/1166
f 455/1/452 1171/1/1165 1170/1/1167
f 451/1/448 1171/1/1165 453/1/451
f 1172/1/1166 1168/1/1163 1167/1/1161
f 1173/1/1168 1175/1/1169 1176/1/1170
f 1174/1/1171 465/1/462 464/1/461
f 455/1/452 1175/1/1169 464/1/461
f 1176/1/1170 1170/1/1167 1169/1/1164
f 465/1/462 1177/1/1172 478/1/474
f 1178/1/1173 1174/1/1171 1173/1/1168
f 1179/1/1174 1177/1/1172 1178/1/1173
f 478/1/474 1180/1/1175 475/1/472
f 1181/1/1176 1183/1/1177 1184/1/1178
f 1185/1/1179 1181/1/1176 1186/1/1180
f 1187/1/1181 1185/1/1179 1188/1/1182
f 1183/1/1177 1187/1/1181 1179/1/1174
f 1173/1/1168 1190/1/1183 1178/1/1173
f 1191/1/1184 1189/1/1185 1192/1/1186
f 1184/1/1178 1190/1/1183 1191/1/1184
f 1178/1/1173 1183/1/1177 1179/1/1174
f 1193/1/1187 1195/1/1188 1196/1/1189
f 1192/1/1186 1194/1/1190 1193/1/1187
f 1173/1/1168 1194/1/1190 1189/1/1185
f 1169/1/1164 1194/1/1190 1176/1/1170
f 1167/1/1161 1198/1/1191 1172/1/1166
f 1199/1/1192 1197/1/1193 1200/1/1194
f 1198/1/1191 1199/1/1192 1196/1/1189
f 1172/1/1166 1195/1/1188 1169/1/1164
f 1163/1/1159 1202/1/1195 1165/1/1162
f 1203/1/1196 1201/1/1197 1204/1/1198
f 1200/1/1194 1202/1/1195 1203/1/1196
f 1165/1/1162 1197/1/1193 1167/1/1161
f 1205/1/1199 1206/1/1200 1204/1/1198
f 1162/1/1157 1201/1/1197 1163/1/1159
f 483/1/480 1205/1/1199 1162/1/1157
f 1159/1/1153 1160/1/1155 1206/1/1200
f 1207/1/1201 1209/1/1202 1210/1/1203
f 1157/1/1154 1208/1/1204 1160/1/1155
f 391/1/398 1209/1/1202 1157/1/1154
f 387/1/384 1209/1/1202 388/1/387
f 1211/1/1205 1187/1/1181 1188/1/1182
f 1212/1/1206 1213/1/1207 1214/1/1208
f 475/1/472 1211/1/1205 1212/1/1206
f 1180/1/1175 1179/1/1174 1187/1/1181
f 1214/1/1208 1216/1/1209 1212/1/1206
f 1217/1/1210 1215/1/1211 1218/1/1212
f 473/1/470 1216/1/1209 1217/1/1210
f 1212/1/1206 476/1/475 475/1/472
f 1219/1/1213 1213/1/1207 1188/1/1182
f 1219/1/1213 1222/1/1214 1220/1/1215
f 1222/1/1214 1223/1/1216 1224/1/1217
f 1224/1/1217 1213/1/1207 1220/1/1215
f 1225/1/1218 1227/1/1219 1228/1/1220
f 1219/1/1213 1226/1/1221 1221/1/1222
f 1188/1/1182 1227/1/1219 1219/1/1213
f 1228/1/1220 1185/1/1179 1186/1/1180
f 1229/1/1223 1231/1/1224 1232/1/1225
f 1230/1/1226 1233/1/1227 1234/1/1228
f 1225/1/1218 1231/1/1224 1234/1/1228
f 1232/1/1225 1228/1/1220 1186/1/1180
f 1232/1/1225 1186/1/1180 1235/1/1229
f 1236/1/1230 1235/1/1229 1238/1/1231
f 1239/1/1232 1237/1/1233 1236/1/1230
f 1232/1/1225 1240/1/1234 1229/1/1223
f 1184/1/1178 1242/1/1235 1181/1/1176
f 1243/1/1236 1241/1/1237 1244/1/1238
f 1238/1/1231 1242/1/1235 1243/1/1236
f 1181/1/1176 1235/1/1229 1186/1/1180
f 1192/1/1186 1246/1/1239 1191/1/1184
f 1247/1/1240 1245/1/1241 1248/1/1242
f 1244/1/1238 1246/1/1239 1247/1/1240
f 1191/1/1184 1241/1/1237 1184/1/1178
f 1196/1/1189 1250/1/1243 1193/1/1187
f 1251/1/1244 1249/1/1245 1252/1/1246
f 1248/1/1242 1250/1/1243 1251/1/1244
f 1193/1/1187 1245/1/1241 1192/1/1186
f 1253/1/1247 1199/1/1192 1200/1/1194
f 1255/1/1248 1254/1/1249 1253/1/1247
f 1252/1/1246 1254/1/1249 1256/1/1250
f 1199/1/1192 1249/1/1245 1196/1/1189
f 1257/1/1251 448/1/445 447/1/444
f 1258/1/1252 1259/1/1253 1260/1/1254
f 1207/1/1201 1257/1/1251 1258/1/1252
f 1210/1/1203 387/1/384 448/1/445
f 1160/1/1155 1261/1/1255 1206/1/1200
f 1208/1/1204 1207/1/1201 1262/1/1256
f 1262/1/1256 1264/1/1257 1261/1/1255
f 1206/1/1200 1264/1/1257 1204/1/1198
f 1200/1/1194 1265/1/1258 1253/1/1247
f 1264/1/1257 1203/1/1196 1204/1/1198
f 1263/1/1259 1265/1/1258 1264/1/1257
f 1253/1/1247 1266/1/1260 1255/1/1248
f 1260/1/1254 1268/1/1261 1258/1/1252
f 1269/1/1262 1267/1/1263 1270/1/1264
f 1263/1/1259 1268/1/1261 1269/1/1262
f 1258/1/1252 1262/1/1256 1207/1/1201
f 1120/1/1115 1119/1/1114 1122/1/1117
f 1122/1/1117 1100/1/1096 1271/1/1265
f 1272/1/1266 1274/1/1267 1271/1/1265
f 1120/1/1115 1273/1/1268 1097/1/1093
f 1270/1/1264 1276/1/1269 1269/1/1262
f 1277/1/1270 1275/1/1271 1278/1/1272
f 1255/1/1248 1276/1/1269 1277/1/1270
f 1269/1/1262 1266/1/1260 1263/1/1259
f 1273/1/1268 1098/1/1094 1097/1/1093
f 1280/1/1273 1273/1/1268 1272/1/1266
f 1260/1/1254 1279/1/1274 1280/1/1273
f 1098/1/1094 1259/1/1253 447/1/444
f 1260/1/1254 1281/1/1275 1267/1/1263
f 1282/1/1276 1280/1/1273 1272/1/1266
f 1278/1/1272 1281/1/1275 1282/1/1276
f 1267/1/1263 1275/1/1271 1270/1/1264
f 1100/1/1096 1283/1/1277 1271/1/1265
f 1284/1/1278 1108/1/1279 1107/1/1103
f 1285/1/1280 1283/1/1277 1284/1/1278
f 1271/1/1265 1286/1/1281 1272/1/1266
f 1287/1/1282 1289/1/1283 1290/1/1284
f 1291/1/1285 1288/1/1286 1292/1/1287
f 1251/1/1244 1291/1/1285 1248/1/1242
f 1290/1/1284 1251/1/1244 1252/1/1246
f 1278/1/1272 1294/1/1288 1277/1/1270
f 1290/1/1284 1293/1/1289 1287/1/1282
f 1252/1/1246 1294/1/1288 1290/1/1284
f 1277/1/1270 1256/1/1250 1255/1/1248
f 1272/1/1266 1295/1/1290 1282/1/1276
f 1296/1/1291 1286/1/1281 1285/1/1280
f 1287/1/1282 1295/1/1290 1296/1/1291
f 1282/1/1276 1293/1/1289 1278/1/1272
f 1248/1/1242 1297/1/1292 1247/1/1240
f 1292/1/1287 1297/1/1292 1291/1/1285
f 1299/1/1293 1298/1/1294 1300/1/1295
f 1247/1/1240 1299/1/1293 1244/1/1238
f 1285/1/1280 1302/1/1296 1296/1/1291
f 1303/1/1297 1301/1/1298 1304/1/1299
f 1292/1/1287 1302/1/1296 1303/1/1297
f 1296/1/1291 1288/1/1286 1287/1/1282
f 1244/1/1238 1305/1/1300 1243/1/1236
f 1300/1/1295 1305/1/1300 1299/1/1293
f 1307/1/1301 1306/1/1302 1308/1/1303
f 1243/1/1236 1307/1/1301 1238/1/1231
f 1238/1/1231 1309/1/1304 1236/1/1230
f 1310/1/1305 1307/1/1301 1308/1/1303
f 1311/1/1306 1309/1/1304 1310/1/1305
f 1312/1/1307 1239/1/1232 1236/1/1230
f 1313/1/1308 1315/1/1309 1316/1/1310
f 1317/1/1311 1314/1/1312 1318/1/1313
f 1225/1/1218 1315/1/1309 1317/1/1311
f 1316/1/1310 1234/1/1228 1233/1/1227
f 1225/1/1218 1319/1/1314 1226/1/1221
f 1320/1/1315 1317/1/1311 1318/1/1313
f 1321/1/1316 1319/1/1314 1320/1/1315
f 1226/1/1221 1322/1/1317 1221/1/1222
f 1322/1/1317 1222/1/1214 1221/1/1222
f 1323/1/1318 1322/1/1317 1321/1/1316
f 1324/1/1319 1325/1/1320 1326/1/1321
f 1323/1/1318 1326/1/1321 1223/1/1216
f 1107/1/1103 1328/1/1322 1284/1/1278
f 1329/1/1323 1327/1/1324 1330/1/1325
f 1304/1/1299 1328/1/1322 1329/1/1323
f 1284/1/1278 1301/1/1298 1285/1/1280
f 1304/1/1299 1332/1/1326 1303/1/1297
f 1333/1/1327 1331/1/1328 1334/1/1329
f 1300/1/1295 1332/1/1326 1333/1/1327
f 1303/1/1297 1298/1/1294 1292/1/1287
f 1330/1/1325 1336/1/1330 1329/1/1323
f 1337/1/1331 1335/1/1332 1338/1/1333
f 1334/1/1329 1336/1/1330 1337/1/1331
f 1329/1/1323 1331/1/1328 1304/1/1299
f 1339/1/1334 1341/1/1335 1342/1/1336
f 1343/1/1337 1341/1/1335 1340/1/1338
f 1344/1/1339 1334/1/1329 1337/1/1331
f 1338/1/1333 1341/1/1335 1337/1/1331
f 1339/1/1334 1346/1/1340 1347/1/1341
f 1324/1/1319 1345/1/1342 1325/1/1320
f 1321/1/1316 1346/1/1340 1324/1/1319
f 1347/1/1341 1348/1/1343 1349/1/1344
f 1334/1/1329 1350/1/1345 1333/1/1327
f 1351/1/1346 1344/1/1339 1343/1/1337
f 1308/1/1303 1350/1/1345 1351/1/1346
f 1333/1/1327 1306/1/1302 1300/1/1295
f 1313/1/1308 1353/1/1347 1314/1/1312
f 1354/1/1348 1353/1/1347 1352/1/1349
f 1356/1/1350 1353/1/1347 1355/1/1351
f 1314/1/1312 1357/1/1352 1318/1/1313
f 1318/1/1313 1358/1/1353 1320/1/1315
f 1359/1/1354 1357/1/1352 1356/1/1350
f 1349/1/1344 1358/1/1353 1359/1/1354
f 1320/1/1315 1348/1/1343 1321/1/1316
f 1349/1/1344 1360/1/1355 1347/1/1341
f 1361/1/1356 1359/1/1354 1356/1/1350
f 1340/1/1338 1361/1/1356 1343/1/1337
f 1347/1/1341 1340/1/1338 1339/1/1334
f 1356/1/1350 1362/1/1357 1361/1/1356
f 1363/1/1358 1355/1/1351 1354/1/1348
f 1364/1/1359 1362/1/1357 1363/1/1358
f 1365/1/1360 1343/1/1337 1361/1/1356
f 1343/1/1337 1366/1/1361 1351/1/1346
f 1367/1/1362 1365/1/1360 1364/1/1359
f 1310/1/1305 1367/1/1362 1311/1/1306
f 1351/1/1346 1310/1/1305 1308/1/1303
f 1363/1/1358 1369/1/1363 1364/1/1359
f 1354/1/1348 1368/1/1364 1363/1/1358
f 1371/1/1365 1368/1/1364 1370/1/1366
f 1372/1/1367 1374/1/1368 1375/1/1369
f 1370/1/1366 1372/1/1367 1371/1/1365
f 1370/1/1366 1352/1/1349 1373/1/1370
f 1313/1/1308 1373/1/1370 1352/1/1349
f 1086/1/1082 1376/1/1371 1136/1/1131
f 1377/1/1372 1085/1/1081 1084/1/1080
f 1376/1/1371 1377/1/1372 1378/1/1373
f 1136/1/1131 1379/1/1374 1105/1/1101
f 1380/1/1375 1106/1/1102 1105/1/1101
f 1381/1/1376 1379/1/1374 1378/1/1373
f 1330/1/1325 1380/1/1375 1381/1/1376
f 1106/1/1102 1327/1/1324 1107/1/1103
f 1092/1/1088 1382/1/1377 1383/1/1378
f 1384/1/1379 1382/1/1377 1385/1/1380
f 1083/1/1079 1384/1/1379 1084/1/1080
f 1077/1/1073 1383/1/1378 1083/1/1079
f 1084/1/1080 1386/1/1381 1377/1/1372
f 1387/1/1382 1384/1/1379 1385/1/1380
f 1388/1/1383 1386/1/1381 1387/1/1382
f 1377/1/1372 1389/1/1384 1378/1/1373
f 1390/1/1385 1095/1/1090 1070/1/1066
f 1392/1/1386 1390/1/1385 1393/1/1387
f 1385/1/1380 1391/1/1388 1392/1/1386
f 1095/1/1090 1382/1/1377 1091/1/1086
f 1394/1/1389 1396/1/1390 1397/1/1391
f 1398/1/1392 1395/1/1393 1393/1/1387
f 1050/1/1046 1396/1/1390 1398/1/1392
f 1397/1/1391 1047/1/1045 1045/1/1041
f 1393/1/1387 1399/1/1394 1398/1/1392
f 1079/1/1075 1390/1/1385 1070/1/1066
f 1054/1/1050 1399/1/1394 1079/1/1075
f 1398/1/1392 1051/1/1049 1050/1/1046
f 470/1/467 1401/1/1395 469/1/465
f 1402/1/1396 1400/1/1397 1403/1/1398
f 1013/1/1009 1401/1/1395 1402/1/1396
f 469/1/465 1010/1/1008 419/1/416
f 1338/1/1333 1405/1/1399 1342/1/1336
f 1404/1/1400 1407/1/1401 1405/1/1399
f 1325/1/1320 1405/1/1399 1407/1/1401
f 1342/1/1336 1345/1/1342 1339/1/1334
f 1381/1/1376 1335/1/1332 1330/1/1325
f 1378/1/1373 1409/1/1402 1408/1/1403
f 1409/1/1402 1406/1/1404 1404/1/1400
f 1338/1/1333 1408/1/1403 1404/1/1400
f 1388/1/1383 1411/1/1405 1389/1/1384
f 1412/1/1406 1411/1/1405 1410/1/1407
f 1411/1/1405 1413/1/1408 1406/1/1404
f 1409/1/1402 1378/1/1373 1389/1/1384
f 1392/1/1386 1387/1/1382 1385/1/1380
f 1393/1/1387 1414/1/1409 1392/1/1386
f 1410/1/1407 1415/1/1410 1412/1/1406
f 1388/1/1383 1414/1/1409 1410/1/1407
f 1403/1/1398 1417/1/1411 1402/1/1396
f 1397/1/1391 1416/1/1412 1394/1/1389
f 1045/1/1041 1417/1/1411 1397/1/1391
f 1402/1/1396 1043/1/1040 1013/1/1009
f 1418/1/1413 1217/1/1210 1218/1/1212
f 1400/1/1397 1419/1/1414 1403/1/1398
f 470/1/467 1418/1/1413 1400/1/1397
f 1217/1/1210 474/1/471 473/1/470
f 1420/1/1415 1403/1/1398 1419/1/1414
f 1421/1/1416 1419/1/1414 1218/1/1212
f 1423/1/1417 1422/1/1418 1421/1/1416
f 1394/1/1389 1424/1/1419 1395/1/1393
f 1425/1/1420 1416/1/1412 1403/1/1398
f 1412/1/1406 1424/1/1419 1425/1/1420
f 1395/1/1393 1415/1/1410 1393/1/1387
f 1413/1/1408 1412/1/1406 1425/1/1420
f 1426/1/1421 1425/1/1420 1403/1/1398
f 1427/1/1422 1420/1/1415 1423/1/1417
f 1426/1/1421 1427/1/1422 1406/1/1404
f 1428/1/1423 1423/1/1417 1421/1/1416
f 1218/1/1212 1429/1/1424 1421/1/1416
f 1224/1/1217 1215/1/1211 1214/1/1208
f 1429/1/1424 1224/1/1217 1223/1/1216
f 1325/1/1320 1430/1/1425 1326/1/1321
f 1427/1/1422 1407/1/1401 1406/1/1404
f 1423/1/1417 1430/1/1425 1427/1/1422
f 1428/1/1423 1223/1/1216 1326/1/1321
f 1431/1/1426 1433/1/1427 1434/1/1428
f 1435/1/1429 1432/1/1430 1436/1/1431
f 1437/1/1432 1433/1/1427 1435/1/1429
f 1434/1/1428 1438/1/1433 1439/1/1434
f 1438/1/1433 1441/1/1435 1439/1/1434
f 1437/1/1432 1440/1/1436 1438/1/1433
f 1443/1/1437 1442/1/1438 1444/1/1439
f 1445/1/1440 1440/1/1436 1443/1/1437
f 1446/1/1441 1448/1/1442 1449/1/1443
f 1450/1/1444 1447/1/1445 1451/1/1446
f 1452/1/1447 1448/1/1442 1450/1/1444
f 1449/1/1443 1453/1/1448 1454/1/1449
f 1455/1/1450 1457/1/1451 1458/1/1452
f 1459/1/1453 1456/1/1454 1460/1/1455
f 1451/1/1446 1457/1/1451 1459/1/1453
f 1458/1/1452 1447/1/1445 1446/1/1441
f 1451/1/1446 1462/1/1456 1450/1/1444
f 1463/1/1457 1461/1/1458 1464/1/1459
f 1465/1/1460 1462/1/1456 1463/1/1457
f 1450/1/1444 1466/1/1461 1452/1/1447
f 1467/1/1462 1469/1/1463 1470/1/1464
f 1464/1/1459 1468/1/1465 1467/1/1462
f 1459/1/1453 1461/1/1458 1451/1/1446
f 1460/1/1455 1468/1/1465 1459/1/1453
f 1471/1/1466 1473/1/1467 1474/1/1468
f 1475/1/1469 1471/1/1466 1476/1/1470
f 1464/1/1459 1472/1/1471 1475/1/1469
f 1473/1/1467 1467/1/1462 1470/1/1464
f 1477/1/1472 1479/1/1473 1480/1/1474
f 1481/1/1475 1478/1/1476 1477/1/1472
f 1483/1/1477 1482/1/1478 1484/1/1479
f 1485/1/1480 1478/1/1476 1483/1/1477
f 1486/1/1481 1475/1/1469 1476/1/1470
f 1488/1/1482 1486/1/1481 1489/1/1483
f 1463/1/1457 1488/1/1482 1465/1/1460
f 1463/1/1457 1475/1/1469 1487/1/1484
f 1490/1/1485 1492/1/1486 1493/1/1487
f 1494/1/1488 1491/1/1489 1490/1/1485
f 1477/1/1472 1495/1/1490 1481/1/1475
f 1480/1/1474 1491/1/1489 1477/1/1472
f 1496/1/1491 1498/1/1492 1499/1/1493
f 1500/1/1494 1497/1/1495 1501/1/1496
f 1500/1/1494 1431/1/1426 1434/1/1428
f 1498/1/1492 1434/1/1428 1439/1/1434
f 1501/1/1496 1502/1/1497 1503/1/1498
f 1504/1/1499 1497/1/1495 1496/1/1491
f 1489/1/1483 1502/1/1497 1504/1/1499
f 1503/1/1498 1486/1/1481 1476/1/1470
f 1490/1/1485 1506/1/1500 1494/1/1488
f 1493/1/1487 1505/1/1501 1490/1/1485
f 1476/1/1470 1505/1/1501 1507/1/1502
f 1474/1/1468 1505/1/1501 1471/1/1466
f 850/1/846 1509/1/1503 846/1/841
f 1510/1/1504 1508/1/1505 1436/1/1431
f 1511/1/1506 1509/1/1503 1510/1/1504
f 846/1/841 1512/1/1507 843/1/839
f 1513/1/1508 1500/1/1494 1501/1/1496
f 1515/1/1509 1514/1/1510 1513/1/1508
f 1517/1/1511 1516/1/1512 1518/1/1513
f 1431/1/1426 1514/1/1510 1517/1/1511
f 1519/1/1514 1521/1/1515 1518/1/1513
f 1480/1/1474 1520/1/1516 1519/1/1514
f 1522/1/1517 1479/1/1473 1485/1/1480
f 1511/1/1506 1520/1/1516 1522/1/1517
f 1519/1/1514 1492/1/1486 1480/1/1474
f 1518/1/1513 1523/1/1518 1519/1/1514
f 1515/1/1509 1523/1/1518 1516/1/1512
f 1492/1/1486 1524/1/1519 1493/1/1487
f 1493/1/1487 1525/1/1520 1507/1/1502
f 1513/1/1508 1524/1/1519 1515/1/1509
f 1501/1/1496 1525/1/1520 1513/1/1508
f 1507/1/1502 1503/1/1498 1476/1/1470
f 1526/1/1521 1528/1/1522 1529/1/1523
f 1439/1/1434 1527/1/1524 1526/1/1521
f 1530/1/1525 1441/1/1435 1445/1/1440
f 1531/1/1526 1527/1/1524 1530/1/1525
f 1532/1/1527 1534/1/1528 1535/1/1529
f 1499/1/1493 1533/1/1530 1496/1/1491
f 1526/1/1521 1499/1/1493 1439/1/1434
f 1535/1/1529 1526/1/1521 1529/1/1523
f 1536/1/1531 1533/1/1530 1532/1/1527
f 1536/1/1531 1539/1/1532 1537/1/1533
f 1504/1/1499 1539/1/1532 1489/1/1483
f 1496/1/1491 1537/1/1533 1504/1/1499
f 1538/1/1534 1541/1/1535 1539/1/1532
f 1542/1/1536 1540/1/1537 1543/1/1538
f 1465/1/1460 1541/1/1535 1542/1/1536
f 1539/1/1532 1488/1/1482 1489/1/1483
f 1543/1/1538 1545/1/1539 1542/1/1536
f 1546/1/1540 1544/1/1541 1547/1/1542
f 1452/1/1447 1545/1/1539 1546/1/1540
f 1542/1/1536 1466/1/1461 1465/1/1460
f 1547/1/1542 1549/1/1543 1546/1/1540
f 1550/1/1544 1548/1/1545 1551/1/1546
f 1454/1/1449 1549/1/1543 1550/1/1544
f 1546/1/1540 1453/1/1448 1452/1/1447
f 1552/1/1547 1554/1/1548 1555/1/1549
f 1552/1/1547 1557/1/1550 1553/1/1551
f 1557/1/1550 1559/1/1552 1553/1/1551
f 1560/1/1553 1553/1/1551 1559/1/1552
f 1561/1/1554 1557/1/1550 1556/1/1555
f 1562/1/1556 1563/1/1557 1564/1/1558
f 1565/1/1559 1561/1/1554 1562/1/1556
f 1557/1/1550 1566/1/1560 1558/1/1561
f 1564/1/1558 1568/1/1562 1562/1/1556
f 1569/1/1563 1567/1/1564 1570/1/1565
f 1571/1/1566 1568/1/1562 1569/1/1563
f 1562/1/1556 1572/1/1567 1565/1/1559
f 1570/1/1565 1574/1/1568 1569/1/1563
f 1575/1/1569 1573/1/1570 1576/1/1571
f 1577/1/1572 1574/1/1568 1575/1/1569
f 1569/1/1563 1578/1/1573 1571/1/1566
f 1579/1/1574 1581/1/1575 1582/1/1576
f 1583/1/1577 1580/1/1578 1584/1/1579
f 1576/1/1571 1581/1/1575 1583/1/1577
f 1582/1/1576 1573/1/1570 1570/1/1565
f 1576/1/1571 1586/1/1580 1575/1/1569
f 1587/1/1581 1585/1/1582 1588/1/1583
f 1589/1/1584 1587/1/1581 1590/1/1585
f 1575/1/1569 1589/1/1584 1577/1/1572
f 1591/1/1586 1593/1/1587 1594/1/1588
f 1595/1/1589 1592/1/1590 1596/1/1591
f 1590/1/1585 1593/1/1587 1595/1/1589
f 1594/1/1588 1587/1/1581 1588/1/1583
f 1597/1/1592 1599/1/1593 1600/1/1594
f 1601/1/1595 1598/1/1596 1602/1/1597
f 1596/1/1591 1599/1/1593 1601/1/1595
f 1600/1/1594 1592/1/1590 1591/1/1586
f 1603/1/1598 1605/1/1599 1606/1/1600
f 1582/1/1576 1604/1/1601 1579/1/1574
f 1570/1/1565 1605/1/1599 1582/1/1576
f 1606/1/1600 1567/1/1564 1564/1/1558
f 1584/1/1579 1608/1/1602 1583/1/1577
f 1607/1/1603 1609/1/1604 1610/1/1605
f 1588/1/1583 1608/1/1602 1610/1/1605
f 1583/1/1577 1585/1/1582 1576/1/1571
f 1611/1/1606 1613/1/1607 1614/1/1608
f 1606/1/1600 1612/1/1609 1603/1/1598
f 1564/1/1558 1613/1/1607 1606/1/1600
f 1614/1/1608 1563/1/1557 1556/1/1555
f 1604/1/1601 1580/1/1578 1579/1/1574
f 1616/1/1610 1604/1/1601 1603/1/1598
f 1609/1/1604 1615/1/1611 1616/1/1610
f 1584/1/1579 1615/1/1611 1607/1/1603
f 1603/1/1598 1617/1/1612 1616/1/1610
f 1618/1/1613 1612/1/1609 1611/1/1606
f 1619/1/1614 1617/1/1612 1618/1/1613
f 1616/1/1610 1620/1/1615 1609/1/1604
f 1619/1/1614 1622/1/1616 1620/1/1615
f 1594/1/1588 1621/1/1617 1591/1/1586
f 1588/1/1583 1622/1/1616 1594/1/1588
f 1622/1/1616 1610/1/1605 1609/1/1604
f 1623/1/1618 1625/1/1619 1626/1/1620
f 1555/1/1549 1624/1/1621 1623/1/1618
f 1628/1/1622 1624/1/1621 1627/1/1623
f 1626/1/1620 1630/1/1624 1623/1/1618
f 1614/1/1608 1629/1/1625 1611/1/1606
f 1556/1/1555 1630/1/1624 1614/1/1608
f 1623/1/1618 1552/1/1547 1555/1/1549
f 1631/1/1626 1633/1/1627 1634/1/1628
f 1627/1/1623 1632/1/1629 1628/1/1622
f 1555/1/1549 1633/1/1627 1627/1/1623
f 1634/1/1628 1554/1/1548 1560/1/1553
f 1635/1/1630 1637/1/1631 1638/1/1632
f 1639/1/1633 1636/1/1634 1640/1/1635
f 1602/1/1597 1637/1/1631 1639/1/1633
f 1638/1/1632 1598/1/1596 1597/1/1592
f 1638/1/1632 1642/1/1636 1635/1/1630
f 1597/1/1592 1641/1/1637 1638/1/1632
f 1644/1/1638 1641/1/1637 1643/1/1639
f 1640/1/1635 1645/1/1640 1646/1/1641
f 1647/1/1642 1636/1/1634 1635/1/1630
f 1628/1/1622 1645/1/1640 1647/1/1642
f 1646/1/1641 1632/1/1629 1631/1/1626
f 1635/1/1630 1648/1/1643 1647/1/1642
f 1649/1/1644 1642/1/1636 1644/1/1638
f 1626/1/1620 1648/1/1643 1649/1/1644
f 1647/1/1642 1625/1/1619 1628/1/1622
f 1644/1/1638 1650/1/1645 1651/1/1646
f 1600/1/1594 1643/1/1639 1597/1/1592
f 1591/1/1586 1650/1/1645 1600/1/1594
f 1651/1/1646 1621/1/1617 1619/1/1614
f 1611/1/1606 1652/1/1647 1618/1/1613
f 1649/1/1644 1629/1/1625 1626/1/1620
f 1644/1/1638 1652/1/1647 1649/1/1644
f 1618/1/1613 1651/1/1646 1619/1/1614
f 1653/1/1648 1655/1/1649 1656/1/1650
f 1657/1/1651 1654/1/1652 1658/1/1653
f 1551/1/1546 1655/1/1649 1657/1/1651
f 1548/1/1545 1547/1/1542 1656/1/1650
f 1551/1/1546 1660/1/1654 1550/1/1544
f 1661/1/1655 1659/1/1656 1662/1/1657
f 1663/1/1658 1660/1/1654 1661/1/1655
f 1550/1/1544 1664/1/1659 1454/1/1449
f 1665/1/1660 1664/1/1659 1663/1/1658
f 1667/1/1661 1665/1/1660 1668/1/1662
f 1449/1/1443 1667/1/1661 1446/1/1441
f 1454/1/1449 1666/1/1663 1449/1/1443
f 1669/1/1664 1667/1/1661 1668/1/1662
f 1671/1/1665 1670/1/1666 1669/1/1664
f 1458/1/1452 1672/1/1667 1455/1/1450
f 1446/1/1441 1670/1/1666 1458/1/1452
f 1673/1/1668 1675/1/1669 1676/1/1670
f 1677/1/1671 1675/1/1669 1674/1/1672
f 1675/1/1669 1678/1/1673 1679/1/1674
f 1676/1/1670 1680/1/1675 1681/1/1676
f 1682/1/1677 1684/1/1678 1685/1/1679
f 1686/1/1680 1683/1/1681 1687/1/1682
f 1671/1/1665 1684/1/1678 1686/1/1680
f 1685/1/1679 1669/1/1664 1668/1/1662
f 1688/1/1683 1690/1/1684 1691/1/1685
f 1692/1/1686 1689/1/1687 1693/1/1688
f 1687/1/1682 1690/1/1684 1692/1/1686
f 1691/1/1685 1683/1/1681 1682/1/1677
f 1694/1/1689 1696/1/1690 1697/1/1691
f 1698/1/1692 1695/1/1693 1699/1/1694
f 1693/1/1688 1696/1/1690 1698/1/1692
f 1697/1/1691 1689/1/1687 1688/1/1683
f 1700/1/1695 1702/1/1696 1703/1/1697
f 1704/1/1698 1701/1/1699 1700/1/1695
f 1699/1/1694 1701/1/1699 1705/1/1700
f 1702/1/1696 1695/1/1693 1694/1/1689
f 1703/1/1697 1707/1/1701 1700/1/1695
f 1706/1/1702 1708/1/1703 1709/1/1704
f 1710/1/1705 1707/1/1701 1709/1/1704
f 1700/1/1695 1711/1/1706 1704/1/1698
f 1712/1/1707 1709/1/1704 1708/1/1703
f 1713/1/1708 1679/1/1674 1678/1/1673
f 1712/1/1707 1678/1/1673 1677/1/1671
f 1709/1/1704 1714/1/1709 1710/1/1705
f 1663/1/1658 1716/1/1710 1665/1/1660
f 1717/1/1711 1715/1/1712 1718/1/1713
f 1719/1/1714 1716/1/1710 1717/1/1711
f 1665/1/1660 1720/1/1715 1668/1/1662
f 1719/1/1714 1722/1/1716 1720/1/1715
f 1721/1/1717 1723/1/1718 1724/1/1719
f 1682/1/1677 1722/1/1716 1724/1/1719
f 1720/1/1715 1685/1/1679 1668/1/1662
f 1662/1/1657 1726/1/1720 1661/1/1655
f 1727/1/1721 1725/1/1722 1728/1/1723
f 1726/1/1720 1727/1/1721 1718/1/1713
f 1661/1/1655 1715/1/1712 1663/1/1658
f 1729/1/1724 1731/1/1725 1732/1/1726
f 1733/1/1727 1730/1/1728 1734/1/1729
f 1728/1/1723 1731/1/1725 1733/1/1727
f 1732/1/1726 1725/1/1722 1662/1/1657
f 1735/1/1730 1737/1/1731 1738/1/1732
f 1739/1/1733 1736/1/1734 1740/1/1735
f 1734/1/1729 1737/1/1731 1739/1/1733
f 1738/1/1732 1730/1/1728 1729/1/1724
f 1694/1/1689 1742/1/1736 1702/1/1696
f 1743/1/1737 1742/1/1736 1741/1/1738
f 1744/1/1739 1746/1/1740 1742/1/1736
f 1746/1/1740 1702/1/1696 1742/1/1736
f 1747/1/1741 1746/1/1740 1745/1/1742
f 1747/1/1741 1749/1/1743 1750/1/1744
f 1748/1/1745 1750/1/1744 1708/1/1703
f 1706/1/1702 1703/1/1697 1746/1/1740
f 1751/1/1746 1750/1/1744 1749/1/1743
f 1752/1/1747 1754/1/1748 1751/1/1746
f 1679/1/1674 1751/1/1746 1754/1/1748
f 1713/1/1708 1708/1/1703 1750/1/1744
f 1680/1/1675 1679/1/1674 1754/1/1748
f 1755/1/1749 1754/1/1748 1753/1/1750
f 1757/1/1751 1756/1/1752 1755/1/1749
f 1681/1/1676 1756/1/1752 1758/1/1753
f 1757/1/1751 1760/1/1754 1758/1/1753
f 1761/1/1755 1760/1/1754 1759/1/1756
f 1763/1/1757 1760/1/1754 1762/1/1758
f 1758/1/1753 1764/1/1759 1681/1/1676
f 1765/1/1760 1767/1/1761 1768/1/1762
f 1769/1/1763 1766/1/1764 1770/1/1765
f 1767/1/1761 1769/1/1763 1771/1/1766
f 1768/1/1762 1772/1/1767 1773/1/1768
f 1774/1/1769 1776/1/1770 1777/1/1771
f 1778/1/1772 1775/1/1773 1779/1/1774
f 1780/1/1775 1776/1/1770 1778/1/1772
f 1777/1/1771 1781/1/1776 1782/1/1777
f 1783/1/1778 1785/1/1779 1786/1/1780
f 1787/1/1781 1784/1/1782 1788/1/1783
f 1789/1/1784 1785/1/1779 1787/1/1781
f 1786/1/1780 1790/1/1785 1791/1/1786
f 1792/1/1787 1778/1/1772 1779/1/1774
f 1793/1/1788 1783/1/1778 1786/1/1780
f 1791/1/1786 1792/1/1787 1786/1/1780
f 1778/1/1772 1794/1/1789 1780/1/1775
f 1795/1/1790 1797/1/1791 1798/1/1792
f 1799/1/1793 1796/1/1794 1800/1/1795
f 1801/1/1796 1799/1/1793 1802/1/1797
f 1803/1/1798 1797/1/1791 1801/1/1796
f 1800/1/1795 1804/1/1799 1805/1/1800
f 1806/1/1801 1796/1/1794 1795/1/1790
f 1779/1/1774 1804/1/1799 1806/1/1801
f 1805/1/1800 1775/1/1773 1774/1/1769
f 1788/1/1783 1808/1/1802 1787/1/1781
f 1809/1/1803 1807/1/1804 1810/1/1805
f 1811/1/1806 1808/1/1802 1809/1/1803
f 1787/1/1781 1812/1/1807 1789/1/1784
f 1811/1/1806 1813/1/1808 1814/1/1809
f 1813/1/1808 1809/1/1803 1810/1/1805
f 1813/1/1808 1815/1/1810 1816/1/1811
f 1814/1/1809 1817/1/1812 1818/1/1813
f 1819/1/1814 1821/1/1815 1822/1/1816
f 1823/1/1817 1820/1/1818 1819/1/1814
f 1820/1/1818 1824/1/1819 1773/1/1768
f 1771/1/1766 1820/1/1818 1772/1/1767
f 1822/1/1816 1826/1/1820 1819/1/1814
f 1825/1/1821 1803/1/1798 1801/1/1796
f 1802/1/1797 1826/1/1820 1801/1/1796
f 1819/1/1814 1827/1/1822 1823/1/1817
f 1828/1/1823 1830/1/1824 1831/1/1825
f 1810/1/1805 1830/1/1824 1829/1/1826
f 1807/1/1804 1788/1/1783 1784/1/1782
f 1831/1/1825 1784/1/1782 1783/1/1778
f 1829/1/1826 1815/1/1810 1810/1/1805
f 1833/1/1827 1829/1/1826 1828/1/1823
f 1834/1/1828 1833/1/1827 1770/1/1765
f 1815/1/1810 1834/1/1828 1816/1/1811
f 1816/1/1811 1835/1/1829 1817/1/1812
f 1770/1/1765 1835/1/1829 1834/1/1828
f 1765/1/1760 1835/1/1829 1766/1/1764
f 1817/1/1812 1836/1/1830 1818/1/1813
f 1837/1/1831 1769/1/1763 1770/1/1765
f 1833/1/1827 1828/1/1823 1838/1/1832
f 1837/1/1831 1838/1/1832 1822/1/1816
f 1821/1/1815 1771/1/1766 1769/1/1763
f 1795/1/1790 1840/1/1833 1806/1/1801
f 1831/1/1825 1839/1/1834 1828/1/1823
f 1783/1/1778 1840/1/1833 1831/1/1825
f 1806/1/1801 1793/1/1788 1779/1/1774
f 1841/1/1835 1798/1/1792 1803/1/1798
f 1825/1/1821 1822/1/1816 1838/1/1832
f 1828/1/1823 1841/1/1835 1838/1/1832
f 1798/1/1792 1839/1/1834 1795/1/1790
f 1789/1/1784 1842/1/1836 1843/1/1837
f 1844/1/1838 1812/1/1807 1811/1/1806
f 1845/1/1839 1842/1/1836 1844/1/1838
f 1843/1/1837 1846/1/1840 1847/1/1841
f 1811/1/1806 1848/1/1842 1844/1/1838
f 1849/1/1843 1814/1/1809 1818/1/1813
f 1850/1/1844 1848/1/1842 1849/1/1843
f 1844/1/1838 1851/1/1845 1845/1/1839
f 1852/1/1846 1854/1/1847 1855/1/1848
f 1849/1/1843 1853/1/1849 1850/1/1844
f 1818/1/1813 1854/1/1847 1849/1/1843
f 1855/1/1848 1836/1/1830 1765/1/1760
f 1856/1/1850 1843/1/1837 1847/1/1841
f 1857/1/1851 1858/1/1852 1859/1/1853
f 1791/1/1786 1856/1/1850 1857/1/1851
f 1843/1/1837 1790/1/1785 1789/1/1784
f 1859/1/1853 1861/1/1854 1857/1/1851
f 1862/1/1855 1861/1/1854 1860/1/1856
f 1780/1/1775 1861/1/1854 1863/1/1857
f 1857/1/1851 1794/1/1789 1791/1/1786
f 1864/1/1858 1866/1/1859 1867/1/1860
f 1741/1/1738 1865/1/1861 1743/1/1737
f 1741/1/1738 1697/1/1691 1866/1/1859
f 1697/1/1691 1867/1/1860 1866/1/1859
f 1868/1/1862 1870/1/1863 1871/1/1864
f 1782/1/1777 1870/1/1863 1869/1/1865
f 1781/1/1776 1863/1/1857 1870/1/1863
f 1871/1/1864 1863/1/1857 1862/1/1855
f 1682/1/1677 1872/1/1866 1691/1/1685
f 1723/1/1718 1872/1/1866 1724/1/1719
f 1867/1/1860 1873/1/1867 1864/1/1858
f 1691/1/1685 1867/1/1860 1688/1/1683
f 1765/1/1760 1874/1/1868 1855/1/1848
f 1875/1/1869 1768/1/1762 1773/1/1768
f 1876/1/1870 1874/1/1868 1875/1/1869
f 1855/1/1848 1877/1/1871 1852/1/1846
f 1773/1/1768 1878/1/1872 1875/1/1869
f 1879/1/1873 1824/1/1819 1823/1/1817
f 1880/1/1874 1878/1/1872 1879/1/1873
f 1875/1/1869 1881/1/1875 1876/1/1870
f 1823/1/1817 1882/1/1876 1879/1/1873
f 1883/1/1877 1827/1/1822 1802/1/1797
f 1882/1/1876 1883/1/1877 1884/1/1878
f 1879/1/1873 1885/1/1879 1880/1/1874
f 1802/1/1797 1886/1/1880 1883/1/1877
f 1887/1/1881 1799/1/1793 1800/1/1795
f 1888/1/1882 1886/1/1880 1887/1/1881
f 1889/1/1883 1884/1/1878 1883/1/1877
f 1774/1/1769 1891/1/1884 1805/1/1800
f 1892/1/1885 1890/1/1886 1893/1/1887
f 1892/1/1885 1887/1/1881 1891/1/1884
f 1805/1/1800 1887/1/1881 1800/1/1795
f 1894/1/1888 1763/1/1757 1762/1/1758
f 1895/1/1889 1762/1/1758 1761/1/1755
f 1896/1/1890 1895/1/1889 1897/1/1891
f 1898/1/1892 1894/1/1888 1896/1/1890
f 1782/1/1777 1901/1/1893 1777/1/1771
f 1902/1/1894 1900/1/1895 1903/1/1896
f 1893/1/1887 1901/1/1893 1902/1/1894
f 1777/1/1771 1890/1/1886 1774/1/1769
f 1903/1/1896 1904/1/1897 1905/1/1898
f 1869/1/1865 1900/1/1895 1782/1/1777
f 1868/1/1862 1904/1/1897 1869/1/1865
f 1905/1/1898 1906/1/1899 1907/1/1900
f 1899/1/1901 1908/1/1902 1909/1/1903
f 1910/1/1904 1898/1/1892 1897/1/1891
f 1740/1/1735 1908/1/1902 1910/1/1904
f 1909/1/1903 1736/1/1734 1735/1/1730
f 1911/1/1905 1913/1/1906 1914/1/1907
f 1905/1/1898 1912/1/1908 1903/1/1896
f 1907/1/1900 1913/1/1906 1905/1/1898
f 1914/1/1907 1915/1/1909 1916/1/1910
f 1728/1/1723 1918/1/1911 1727/1/1721
f 1919/1/1912 1917/1/1913 1920/1/1914
f 1918/1/1911 1919/1/1912 1921/1/1915
f 1727/1/1721 1922/1/1916 1718/1/1713
f 1718/1/1713 1923/1/1917 1717/1/1711
f 1924/1/1918 1922/1/1916 1921/1/1915
f 1925/1/1919 1923/1/1917 1924/1/1918
f 1717/1/1711 1926/1/1920 1719/1/1714
f 1921/1/1915 1928/1/1921 1924/1/1918
f 1846/1/1840 1927/1/1922 1847/1/1841
f 1845/1/1839 1928/1/1921 1846/1/1840
f 1924/1/1918 1929/1/1923 1925/1/1919
f 1847/1/1841 1930/1/1924 1858/1/1852
f 1919/1/1912 1927/1/1922 1921/1/1915
f 1920/1/1914 1930/1/1924 1919/1/1912
f 1858/1/1852 1931/1/1925 1859/1/1853
f 1925/1/1919 1933/1/1926 1926/1/1920
f 1932/1/1927 1934/1/1928 1935/1/1929
f 1723/1/1718 1933/1/1926 1935/1/1929
f 1926/1/1920 1721/1/1717 1719/1/1714
f 1934/1/1928 1936/1/1930 1937/1/1931
f 1929/1/1923 1932/1/1927 1925/1/1919
f 1845/1/1839 1936/1/1930 1929/1/1923
f 1851/1/1845 1850/1/1844 1937/1/1931
f 1934/1/1928 1939/1/1932 1935/1/1929
f 1940/1/1933 1938/1/1934 1941/1/1935
f 1864/1/1858 1939/1/1932 1940/1/1933
f 1935/1/1929 1873/1/1867 1723/1/1718
f 1941/1/1935 1942/1/1936 1943/1/1937
f 1937/1/1931 1938/1/1934 1934/1/1928
f 1850/1/1844 1942/1/1936 1937/1/1931
f 1943/1/1937 1853/1/1849 1852/1/1846
f 1734/1/1729 1945/1/1938 1733/1/1727
f 1946/1/1939 1944/1/1940 1947/1/1941
f 1920/1/1914 1945/1/1938 1946/1/1939
f 1733/1/1727 1917/1/1913 1728/1/1723
f 1859/1/1853 1948/1/1942 1860/1/1856
f 1946/1/1939 1931/1/1925 1920/1/1914
f 1947/1/1941 1948/1/1942 1946/1/1939
f 1860/1/1856 1949/1/1943 1862/1/1855
f 1740/1/1735 1951/1/1944 1739/1/1733
f 1952/1/1945 1950/1/1946 1953/1/1947
f 1947/1/1941 1951/1/1944 1952/1/1945
f 1739/1/1733 1944/1/1940 1734/1/1729
f 1862/1/1855 1954/1/1948 1871/1/1864
f 1952/1/1945 1949/1/1943 1947/1/1941
f 1953/1/1947 1954/1/1948 1952/1/1945
f 1871/1/1864 1955/1/1949 1868/1/1862
f 1897/1/1891 1957/1/1950 1910/1/1904
f 1958/1/1951 1956/1/1952 1916/1/1910
f 1953/1/1947 1957/1/1950 1958/1/1951
f 1910/1/1904 1950/1/1946 1740/1/1735
f 1868/1/1862 1959/1/1953 1906/1/1899
f 1958/1/1951 1955/1/1949 1953/1/1947
f 1916/1/1910 1959/1/1953 1958/1/1951
f 1906/1/1899 1915/1/1909 1907/1/1900
f 1960/1/1954 1962/1/1955 1963/1/1956
f 1943/1/1937 1961/1/1957 1941/1/1935
f 1852/1/1846 1962/1/1955 1943/1/1937
f 1963/1/1956 1877/1/1871 1876/1/1870
f 1964/1/1958 1965/1/1959 1743/1/1737
f 1940/1/1933 1865/1/1861 1864/1/1858
f 1941/1/1935 1964/1/1958 1940/1/1933
f 1961/1/1957 1960/1/1954 1965/1/1959
f 1960/1/1954 1967/1/1960 1965/1/1959
f 1966/1/1961 1968/1/1962 1969/1/1963
f 1967/1/1960 1969/1/1963 1745/1/1742
f 1744/1/1739 1743/1/1737 1965/1/1959
f 1968/1/1962 1970/1/1964 1971/1/1965
f 1966/1/1961 1960/1/1954 1963/1/1956
f 1970/1/1964 1963/1/1956 1876/1/1870
f 1881/1/1875 1880/1/1874 1971/1/1965
f 1969/1/1963 1747/1/1741 1745/1/1742
f 1968/1/1962 1972/1/1966 1969/1/1963
f 1974/1/1967 1972/1/1966 1973/1/1968
f 1975/1/1969 1749/1/1743 1747/1/1741
f 1973/1/1968 1977/1/1970 1974/1/1967
f 1971/1/1965 1973/1/1968 1968/1/1962
f 1880/1/1874 1976/1/1971 1971/1/1965
f 1977/1/1970 1885/1/1879 1884/1/1878
f 1978/1/1972 1752/1/1747 1749/1/1743
f 1975/1/1969 1974/1/1967 1979/1/1973
f 1980/1/1974 1978/1/1972 1979/1/1973
f 1752/1/1747 1981/1/1975 1753/1/1750
f 1974/1/1967 1982/1/1976 1979/1/1973
f 1982/1/1976 1977/1/1970 1884/1/1878
f 1888/1/1882 1982/1/1976 1889/1/1883
f 1979/1/1973 1983/1/1977 1980/1/1974
f 1753/1/1750 1984/1/1978 1755/1/1749
f 1985/1/1979 1981/1/1975 1980/1/1974
f 1986/1/1980 1984/1/1978 1985/1/1979
f 1755/1/1749 1987/1/1981 1757/1/1751
f 1980/1/1974 1988/1/1982 1985/1/1979
f 1892/1/1885 1983/1/1977 1888/1/1882
f 1893/1/1887 1988/1/1982 1892/1/1885
f 1985/1/1979 1989/1/1983 1986/1/1980
f 1987/1/1981 1759/1/1756 1757/1/1751
f 1991/1/1984 1987/1/1981 1986/1/1980
f 1911/1/1905 1990/1/1985 1991/1/1984
f 1759/1/1756 1992/1/1986 1761/1/1755
f 1986/1/1980 1993/1/1987 1991/1/1984
f 1902/1/1894 1989/1/1983 1893/1/1887
f 1903/1/1896 1993/1/1987 1902/1/1894
f 1991/1/1984 1912/1/1908 1911/1/1905
f 1761/1/1755 1994/1/1988 1895/1/1889
f 1992/1/1986 1911/1/1905 1914/1/1907
f 1916/1/1910 1994/1/1988 1914/1/1907
f 1895/1/1889 1956/1/1952 1897/1/1891
f 1995/1/1989 1997/1/1990 1998/1/1991
f 1676/1/1670 1996/1/1992 1673/1/1668
f 1681/1/1676 1997/1/1990 1676/1/1670
f 1998/1/1991 1764/1/1759 1763/1/1757
f 1999/1/1993 2001/1/1994 2002/1/1995
f 1996/1/1992 2000/1/1996 1673/1/1668
f 1995/1/1989 2001/1/1994 1996/1/1992
f 2003/1/1997 2005/1/1998 2006/1/1999
f 1998/1/1991 2004/1/2000 1995/1/1989
f 1763/1/1757 2005/1/1998 1998/1/1991
f 2006/1/1999 1894/1/1888 1899/1/1901
f 1995/1/1989 2007/1/2001 2002/1/1995
f 2008/1/2002 2004/1/2000 2003/1/1997
f 2009/1/2003 2007/1/2001 2008/1/2002
f 2002/1/1995 2010/1/2004 1999/1/1993
f 2011/1/2005 2013/1/2006 2014/1/2007
f 2006/1/1999 2011/1/2005 2003/1/1997
f 1899/1/1901 2012/1/2008 2006/1/1999
f 1735/1/1730 2012/1/2008 1909/1/1903
f 1658/1/1653 2016/1/2009 1657/1/1651
f 1732/1/1726 2015/1/2010 1729/1/1724
f 1662/1/1657 2016/1/2009 1732/1/1726
f 1657/1/1651 1659/1/1656 1551/1/1546
f 1729/1/1724 2017/1/2011 1738/1/1732
f 2015/1/2010 1658/1/1653 2018/1/2012
f 2014/1/2007 2017/1/2011 2018/1/2012
f 1738/1/1732 2013/1/2006 1735/1/1730
f 2003/1/1997 2019/1/2013 2008/1/2002
f 2020/1/2014 2011/1/2005 2014/1/2007
f 2021/1/2015 2019/1/2013 2020/1/2014
f 2008/1/2002 2022/1/2016 2009/1/2003
f 2023/1/2017 2025/1/2018 2026/1/2019
f 2020/1/2014 2024/1/2020 2021/1/2015
f 2014/1/2007 2025/1/2018 2020/1/2014
f 2018/1/2012 1658/1/1653 2026/1/2019
f 2027/1/2021 2028/1/2022 2029/1/2023
f 2030/1/2024 2031/1/2025 2032/1/2026
f 2027/1/2021 2032/1/2026 1658/1/1653
f 1654/1/1652 1653/1/1648 2028/1/2022
f 2033/1/2027 2032/1/2026 2031/1/2025
f 2034/1/2028 2035/1/2029 2036/1/2030
f 2023/1/2017 2033/1/2027 2034/1/2028
f 2026/1/2019 1658/1/1653 2032/1/2026
f 2037/1/2031 2039/1/2032 2040/1/2033
f 2038/1/2034 2037/1/2031 2031/1/2025
f 2030/1/2024 2029/1/2023 2041/1/2035
f 2042/1/2036 2038/1/2034 2041/1/2035
f 2040/1/2033 2044/1/2037 2037/1/2031
f 2045/1/2038 2043/1/2039 2046/1/2040
f 2036/1/2030 2044/1/2037 2045/1/2038
f 2037/1/2031 2035/1/2029 2031/1/2025
f 2047/1/2041 2048/1/2042 2049/1/2043
f 2039/1/2032 2050/1/2044 2040/1/2033
f 2047/1/2041 2039/1/2032 2042/1/2036
f 2048/1/2042 2051/1/2045 2052/1/2046
f 1531/1/1526 2053/1/2047 2054/1/2048
f 2055/1/2049 1530/1/1525 1445/1/1440
f 2049/1/2043 2053/1/2047 2055/1/2049
f 2054/1/2048 2048/1/2042 2052/1/2046
f 2050/1/2044 2043/1/2039 2040/1/2033
f 2049/1/2043 2056/1/2050 2050/1/2044
f 2058/1/2051 2057/1/2052 2059/1/2053
f 2046/1/2040 2056/1/2050 2058/1/2051
f 880/1/876 2061/1/2054 2062/1/2055
f 2063/1/2056 2060/1/2057 2064/1/2058
f 2065/1/2059 2061/1/2054 2063/1/2056
f 2062/1/2055 2066/1/2060 1444/1/1439
f 2067/1/2061 2069/1/2062 2070/1/2063
f 2059/1/2053 2068/1/2064 2067/1/2061
f 2055/1/2049 2057/1/2052 2049/1/2043
f 2068/1/2064 2055/1/2049 1445/1/1440
f 2071/1/2065 2073/1/2066 2074/1/2067
f 2073/1/2066 2072/1/2068 2075/1/2069
f 2073/1/2066 2076/1/2070 1529/1/1523
f 2074/1/2067 1528/1/1522 1531/1/1526
f 2077/1/2071 1535/1/1529 1529/1/1523
f 2078/1/2072 2076/1/2070 2075/1/2069
f 2079/1/2073 2077/1/2071 2078/1/2072
f 1535/1/1529 2080/1/2074 1532/1/1527
f 2081/1/2075 2080/1/2074 2079/1/2073
f 2083/1/2076 2081/1/2075 2084/1/2077
f 1538/1/1534 2082/1/2078 2083/1/2076
f 1532/1/1527 2082/1/2078 1536/1/1531
f 2084/1/2077 2086/1/2079 2083/1/2076
f 2087/1/2080 2085/1/2081 2088/1/2082
f 1543/1/1538 2086/1/2079 2087/1/2080
f 2083/1/2076 1540/1/1537 1538/1/1534
f 2087/1/2080 1544/1/1541 1543/1/1538
f 2088/1/2082 2089/1/2083 2087/1/2080
f 2091/1/2084 2090/1/2085 2092/1/2086
f 2091/1/2084 1544/1/1541 2089/1/2083
f 2052/1/2046 2094/1/2087 2054/1/2048
f 2095/1/2088 2094/1/2087 2093/1/2089
f 2074/1/2067 2096/1/2090 2071/1/2065
f 2074/1/2067 1531/1/1526 2054/1/2048
f 2097/1/2091 2099/1/2092 2100/1/2093
f 2093/1/2089 2098/1/2094 2095/1/2088
f 2052/1/2046 2099/1/2092 2093/1/2089
f 2100/1/2093 2051/1/2045 2042/1/2036
f 2101/1/2095 2103/1/2096 2104/1/2097
f 2097/1/2091 2102/1/2098 2101/1/2095
f 2041/1/2035 2100/1/2093 2042/1/2036
f 2029/1/2023 2102/1/2098 2041/1/2035
f 2092/1/2086 2106/1/2099 2091/1/2084
f 2107/1/2100 2105/1/2101 2108/1/2102
f 2107/1/2100 1653/1/1648 1656/1/1650
f 1547/1/1542 2106/1/2099 1656/1/1650
f 1653/1/1648 2109/1/2103 2028/1/2022
f 2110/1/2104 2107/1/2100 2108/1/2102
f 2104/1/2097 2109/1/2103 2110/1/2104
f 2028/1/2022 2103/1/2096 2029/1/2023
f 1590/1/1585 2112/1/2105 1589/1/1584
f 2113/1/2106 2111/1/2107 2114/1/2108
f 2115/1/2109 2112/1/2105 2113/1/2106
f 1589/1/1584 2116/1/2110 1577/1/1572
f 1631/1/1626 2118/1/2111 1646/1/1641
f 2119/1/2112 2117/1/2113 2120/1/2114
f 2121/1/2115 2118/1/2111 2119/1/2112
f 1646/1/1641 2122/1/2116 1640/1/1635
f 1640/1/1635 2123/1/2117 1639/1/1633
f 2124/1/2118 2122/1/2116 2121/1/2115
f 2125/1/2119 2123/1/2117 2124/1/2118
f 1639/1/1633 2126/1/2120 1602/1/1597
f 2121/1/2115 2128/1/2121 2124/1/2118
f 2096/1/2090 2127/1/2122 2071/1/2065
f 2129/1/2123 2096/1/2090 2095/1/2088
f 2125/1/2119 2128/1/2121 2129/1/2123
f 2071/1/2065 2130/1/2124 2072/1/2068
f 2119/1/2112 2127/1/2122 2121/1/2115
f 2120/1/2114 2130/1/2124 2119/1/2112
f 2072/1/2068 2131/1/2125 2075/1/2069
f 1560/1/1553 2133/1/2126 1634/1/1628
f 2134/1/2127 2132/1/2128 2135/1/2129
f 2120/1/2114 2133/1/2126 2134/1/2127
f 1634/1/1628 2117/1/2113 1631/1/1626
f 2075/1/2069 2136/1/2130 2078/1/2072
f 2134/1/2127 2131/1/2125 2120/1/2114
f 2136/1/2130 2134/1/2127 2135/1/2129
f 2078/1/2072 2137/1/2131 2079/1/2073
f 2138/1/2132 2140/1/2133 2141/1/2134
f 2140/1/2133 2139/1/2135 2135/1/2129
f 1559/1/1552 2132/1/2128 1560/1/1553
f 2141/1/2134 1559/1/1552 1558/1/1561
f 2084/1/2077 2142/1/2136 2143/1/2137
f 2079/1/2073 2142/1/2136 2081/1/2075
f 2139/1/2135 2137/1/2131 2135/1/2129
f 2143/1/2137 2139/1/2135 2138/1/2132
f 2144/1/2138 2146/1/2139 2147/1/2140
f 2141/1/2134 2145/1/2141 2138/1/2132
f 1558/1/1561 2146/1/2139 2141/1/2134
f 2147/1/2140 1566/1/1560 1565/1/1559
f 2088/1/2082 2148/1/2142 2149/1/2143
f 2143/1/2137 2085/1/2081 2084/1/2077
f 2138/1/2132 2148/1/2142 2143/1/2137
f 2149/1/2143 2145/1/2141 2144/1/2138
f 2150/1/2144 2152/1/2145 2153/1/2146
f 2147/1/2140 2151/1/2147 2144/1/2138
f 1565/1/1559 2152/1/2145 2147/1/2140
f 2153/1/2146 1572/1/1567 1571/1/1566
f 2092/1/2086 2154/1/2148 2155/1/2149
f 2149/1/2143 2090/1/2085 2088/1/2082
f 2144/1/2138 2154/1/2148 2149/1/2143
f 2155/1/2149 2151/1/2147 2150/1/2144
f 2115/1/2109 2157/1/2150 2116/1/2110
f 2153/1/2146 2156/1/2151 2150/1/2144
f 1571/1/1566 2157/1/2150 2153/1/2146
f 2116/1/2110 1578/1/1573 1577/1/1572
f 2108/1/2102 2158/1/2152 2159/1/2153
f 2155/1/2149 2105/1/2101 2092/1/2086
f 2150/1/2144 2158/1/2152 2155/1/2149
f 2159/1/2153 2156/1/2151 2115/1/2109
f 2125/1/2119 2161/1/2154 2126/1/2120
f 2162/1/2155 2160/1/2156 2163/1/2157
f 1601/1/1595 2162/1/2155 1596/1/1591
f 1602/1/1597 2161/1/2154 1601/1/1595
f 2163/1/2157 2164/1/2158 2165/1/2159
f 2129/1/2123 2160/1/2156 2125/1/2119
f 2095/1/2088 2164/1/2158 2129/1/2123
f 2165/1/2159 2098/1/2094 2097/1/2091
f 1596/1/1591 2166/1/2160 1595/1/1589
f 2163/1/2157 2166/1/2160 2162/1/2155
f 2114/1/2108 2166/1/2160 2167/1/2161
f 1595/1/1589 2111/1/2107 1590/1/1585
f 2165/1/2159 2167/1/2161 2163/1/2157
f 2097/1/2091 2168/1/2162 2165/1/2159
f 2104/1/2097 2168/1/2162 2101/1/2095
f 2167/1/2161 2169/1/2163 2114/1/2108
f 2114/1/2108 2170/1/2164 2113/1/2106
f 2110/1/2104 2169/1/2163 2104/1/2097
f 2108/1/2102 2170/1/2164 2110/1/2104
f 2113/1/2106 2159/1/2153 2115/1/2109
f 2171/1/2165 2173/1/2166 2174/1/2167
f 2175/1/2168 2172/1/2169 2171/1/2165
f 2177/1/2170 2172/1/2169 2176/1/2171
f 2173/1/2166 2178/1/2172 2179/1/2173
f 2180/1/2174 2181/1/2175 2174/1/2167
f 2179/1/2173 2180/1/2174 2173/1/2166
f 2183/1/2176 2180/1/2174 2182/1/2177
f 2184/1/2178 2185/1/2179 2181/1/2175
f 2185/1/2179 2186/1/2180 2187/1/2181
f 2188/1/2182 2184/1/2178 2183/1/2176
f 2189/1/2183 2186/1/2180 2188/1/2182
f 2187/1/2181 2190/1/2184 2191/1/2185
f 2192/1/2186 2194/1/2187 2195/1/2188
f 2196/1/2189 2193/1/2190 2197/1/2191
f 1239/1/1232 2194/1/2187 2196/1/2189
f 2195/1/2188 1312/1/1307 1311/1/1306
f 2189/1/2183 2199/1/2192 2200/1/2193
f 2201/1/2194 2199/1/2192 2198/1/2195
f 2193/1/2190 2202/1/2196 2197/1/2191
f 2200/1/2193 2193/1/2190 2192/1/2186
f 1240/1/1234 1239/1/1232 2196/1/2189
f 2203/1/2197 2196/1/2189 2197/1/2191
f 2205/1/2198 2204/1/2199 2203/1/2197
f 1240/1/1234 2206/1/2200 1229/1/1223
f 2207/1/2201 2209/1/2202 2210/1/2203
f 2203/1/2197 2208/1/2204 2205/1/2198
f 2197/1/2191 2209/1/2202 2203/1/2197
f 2210/1/2203 2202/1/2196 2201/1/2194
f 2183/1/2176 2212/1/2205 2188/1/2182
f 2211/1/2206 2213/1/2207 2214/1/2208
f 2201/1/2194 2212/1/2205 2214/1/2208
f 2188/1/2182 2198/1/2195 2189/1/2183
f 2213/1/2207 2216/1/2209 2214/1/2208
f 2217/1/2210 2216/1/2209 2215/1/2211
f 2210/1/2203 2218/1/2212 2207/1/2201
f 2214/1/2208 2210/1/2203 2201/1/2194
f 2207/1/2201 2219/1/2213 2208/1/2204
f 2220/1/2214 2218/1/2212 2217/1/2210
f 2221/1/2215 2219/1/2213 2220/1/2214
f 2208/1/2204 2222/1/2216 2205/1/2198
f 2223/1/2217 2225/1/2218 2226/1/2219
f 2211/1/2206 2224/1/2220 2213/1/2207
f 2183/1/2176 2225/1/2218 2211/1/2206
f 2226/1/2219 2182/1/2177 2179/1/2173
f 2227/1/2221 2228/1/2222 2229/1/2223
f 2215/1/2211 2230/1/2224 2217/1/2210
f 2215/1/2211 2224/1/2220 2227/1/2221
f 2228/1/2222 2224/1/2220 2223/1/2217
f 2179/1/2173 2231/1/2225 2226/1/2219
f 2232/1/2226 2178/1/2172 2177/1/2170
f 2233/1/2227 2231/1/2225 2232/1/2226
f 2226/1/2219 2234/1/2228 2223/1/2217
f 2235/1/2229 2237/1/2230 2238/1/2231
f 2228/1/2222 2236/1/2232 2229/1/2223
f 2223/1/2217 2237/1/2230 2228/1/2222
f 2238/1/2231 2234/1/2228 2233/1/2227
f 2239/1/2233 2220/1/2214 2217/1/2210
f 2240/1/2234 2230/1/2224 2229/1/2223
f 2241/1/2235 2239/1/2233 2240/1/2234
f 2220/1/2214 2242/1/2236 2221/1/2215
f 2243/1/2237 2245/1/2238 2246/1/2239
f 2171/1/2165 2244/1/2240 2175/1/2168
f 2174/1/2167 2245/1/2238 2171/1/2165
f 2246/1/2239 2247/1/2241 2248/1/2242
f 2249/1/2243 2250/1/2244 2251/1/2245
f 2252/1/2246 2253/1/2247 2254/1/2248
f 2249/1/2243 2252/1/2246 2175/1/2168
f 2244/1/2240 2243/1/2237 2250/1/2244
f 2252/1/2246 2176/1/2171 2175/1/2168
f 2256/1/2249 2252/1/2246 2254/1/2248
f 2257/1/2250 2256/1/2249 2258/1/2251
f 2176/1/2171 2257/1/2250 2177/1/2170
f 2177/1/2170 2259/1/2252 2232/1/2226
f 2258/1/2251 2259/1/2252 2257/1/2250
f 2261/1/2253 2259/1/2252 2260/1/2254
f 2232/1/2226 2262/1/2255 2233/1/2227
f 2263/1/2256 2265/1/2257 2266/1/2258
f 2238/1/2231 2264/1/2259 2235/1/2229
f 2233/1/2227 2265/1/2257 2238/1/2231
f 2266/1/2258 2262/1/2255 2261/1/2253
f 2263/1/2256 2268/1/2260 2264/1/2259
f 2269/1/2261 2268/1/2260 2267/1/2262
f 2271/1/2263 2268/1/2260 2270/1/2264
f 2264/1/2259 2272/1/2265 2235/1/2229
f 2185/1/2179 2274/1/2266 2181/1/2175
f 2275/1/2267 2273/1/2268 2276/1/2269
f 2248/1/2242 2274/1/2266 2275/1/2267
f 2247/1/2241 2174/1/2167 2181/1/2175
f 2277/1/2270 2279/1/2271 2280/1/2272
f 2195/1/2188 2278/1/2273 2192/1/2186
f 1311/1/1306 2279/1/2271 2195/1/2188
f 2280/1/2272 1367/1/1362 1364/1/1359
f 2192/1/2186 2281/1/2274 2200/1/2193
f 2282/1/2275 2278/1/2273 2277/1/2270
f 2191/1/2185 2281/1/2274 2282/1/2275
f 2200/1/2193 2190/1/2184 2189/1/2183
f 2191/1/2185 2283/1/2276 2187/1/2181
f 2284/1/2277 2282/1/2275 2277/1/2270
f 2283/1/2276 2284/1/2277 2276/1/2269
f 2187/1/2181 2273/1/2268 2185/1/2179
f 2285/1/2278 2286/1/2279 2287/1/2280
f 2280/1/2272 2288/1/2281 2277/1/2270
f 1364/1/1359 2285/1/2278 2280/1/2272
f 2286/1/2279 1369/1/1363 1371/1/1365
f 2289/1/2282 2291/1/2283 2292/1/2284
f 2293/1/2285 2290/1/2286 2294/1/2287
f 2277/1/2270 2291/1/2283 2293/1/2285
f 2292/1/2284 2288/1/2281 2287/1/2280
f 2295/1/2288 2284/1/2277 2277/1/2270
f 2296/1/2289 2293/1/2285 2294/1/2287
f 2297/1/2290 2295/1/2288 2296/1/2289
f 2298/1/2291 2276/1/2269 2284/1/2277
f 2299/1/2292 2301/1/2293 2302/1/2294
f 2290/1/2286 2300/1/2295 2294/1/2287
f 2289/1/2282 2301/1/2293 2290/1/2286
f 2302/1/2294 2303/1/2296 2304/1/2297
f 2294/1/2287 2305/1/2298 2296/1/2289
f 2300/1/2295 2299/1/2292 2306/1/2299
f 2307/1/2300 2305/1/2298 2306/1/2299
f 2296/1/2289 2308/1/2301 2297/1/2290
f 2299/1/2292 2310/1/2302 2306/1/2299
f 2311/1/2303 2310/1/2302 2309/1/2304
f 2312/1/2305 2313/1/2306 2314/1/2307
f 2314/1/2307 2307/1/2300 2306/1/2299
f 2304/1/2297 2316/1/2308 2302/1/2294
f 2317/1/2309 2315/1/2310 2318/1/2311
f 2311/1/2303 2316/1/2308 2317/1/2309
f 2302/1/2294 2309/1/2304 2299/1/2292
f 2319/1/2312 2321/1/2313 2322/1/2314
f 2323/1/2315 2320/1/2316 2324/1/2317
f 2267/1/2262 2323/1/2315 2269/1/2261
f 2322/1/2314 2267/1/2262 2263/1/2256
f 2325/1/2318 2266/1/2258 2261/1/2253
f 2325/1/2318 2326/1/2319 2327/1/2320
f 2319/1/2312 2325/1/2318 2328/1/2321
f 2322/1/2314 2263/1/2256 2266/1/2258
f 2329/1/2322 2260/1/2254 2258/1/2251
f 2331/1/2323 2329/1/2322 2332/1/2324
f 2326/1/2319 2331/1/2323 2327/1/2320
f 2260/1/2254 2326/1/2319 2261/1/2253
f 2254/1/2248 2334/1/2325 2256/1/2249
f 2335/1/2326 2334/1/2325 2333/1/2327
f 2332/1/2324 2334/1/2325 2336/1/2328
f 2258/1/2251 2334/1/2325 2329/1/2322
f 2333/1/2327 2338/1/2329 2335/1/2326
f 2253/1/2247 2333/1/2327 2254/1/2248
f 2253/1/2247 2251/1/2245 2339/1/2330
f 2338/1/2329 2339/1/2330 2340/1/2331
f 2243/1/2237 2342/1/2332 2250/1/2244
f 2343/1/2333 2341/1/2334 2344/1/2335
f 2340/1/2331 2342/1/2332 2343/1/2333
f 2251/1/2245 2342/1/2332 2339/1/2330
f 2340/1/2331 2345/1/2336 2338/1/2329
f 2343/1/2333 2346/1/2337 2345/1/2336
f 2347/1/2338 2346/1/2337 2348/1/2339
f 2335/1/2326 2345/1/2336 2347/1/2338
f 2248/1/2242 2350/1/2340 2246/1/2239
f 2351/1/2341 2349/1/2342 2352/1/2343
f 2344/1/2335 2350/1/2340 2351/1/2341
f 2246/1/2239 2341/1/2334 2243/1/2237
f 2276/1/2269 2354/1/2344 2275/1/2267
f 2355/1/2345 2353/1/2346 2356/1/2347
f 2352/1/2343 2354/1/2344 2355/1/2345
f 2275/1/2267 2349/1/2342 2248/1/2242
f 2271/1/2263 2358/1/2348 2272/1/2265
f 2240/1/2234 2357/1/2349 2241/1/2235
f 2229/1/2223 2358/1/2348 2240/1/2234
f 2272/1/2265 2236/1/2232 2235/1/2229
f 2359/1/2350 2361/1/2351 2362/1/2352
f 2270/1/2264 2360/1/2353 2271/1/2263
f 2269/1/2261 2361/1/2351 2270/1/2264
f 2362/1/2352 2323/1/2315 2324/1/2317
f 2363/1/2354 2365/1/2355 2366/1/2356
f 2357/1/2349 2364/1/2357 2241/1/2235
f 2357/1/2349 2360/1/2353 2365/1/2355
f 2366/1/2356 2360/1/2353 2359/1/2350
f 2367/1/2358 2369/1/2359 2370/1/2360
f 2241/1/2235 2368/1/2361 2367/1/2358
f 2363/1/2354 2368/1/2361 2364/1/2357
f 2324/1/2317 2371/1/2362 2362/1/2352
f 2372/1/2363 2320/1/2316 2319/1/2312
f 2373/1/2364 2371/1/2362 2372/1/2363
f 2362/1/2352 2374/1/2365 2359/1/2350
f 2375/1/2366 2377/1/2367 2378/1/2368
f 2366/1/2356 2376/1/2369 2363/1/2354
f 2359/1/2350 2377/1/2367 2366/1/2356
f 2378/1/2368 2374/1/2365 2373/1/2364
f 2319/1/2312 2379/1/2370 2372/1/2363
f 2328/1/2321 2327/1/2320 2380/1/2371
f 2381/1/2372 2379/1/2370 2380/1/2371
f 2372/1/2363 2382/1/2373 2373/1/2364
f 2327/1/2320 2383/1/2374 2380/1/2371
f 2332/1/2324 2383/1/2374 2331/1/2323
f 2385/1/2375 2383/1/2374 2384/1/2376
f 2380/1/2371 2386/1/2377 2381/1/2372
f 2348/1/2339 2388/1/2378 2347/1/2338
f 2384/1/2376 2387/1/2379 2385/1/2375
f 2332/1/2324 2388/1/2378 2384/1/2376
f 2347/1/2338 2336/1/2328 2335/1/2326
f 2351/1/2341 2346/1/2337 2344/1/2335
f 2389/1/2380 2351/1/2341 2352/1/2343
f 2390/1/2381 2389/1/2380 2392/1/2382
f 2346/1/2337 2391/1/2383 2348/1/2339
f 2393/1/2384 2382/1/2373 2381/1/2372
f 2393/1/2384 2396/1/2385 2394/1/2386
f 2378/1/2368 2396/1/2385 2375/1/2366
f 2373/1/2364 2394/1/2386 2378/1/2368
f 2381/1/2372 2397/1/2387 2393/1/2384
f 2385/1/2375 2397/1/2387 2386/1/2377
f 2399/1/2388 2398/1/2389 2400/1/2390
f 2399/1/2388 2393/1/2384 2397/1/2387
f 2401/1/2391 2387/1/2379 2348/1/2339
f 2402/1/2392 2391/1/2383 2390/1/2381
f 2400/1/2390 2401/1/2391 2402/1/2392
f 2387/1/2379 2398/1/2389 2385/1/2375
f 2403/1/2393 2402/1/2392 2390/1/2381
f 2404/1/2394 2405/1/2395 2406/1/2396
f 2407/1/2397 2403/1/2393 2404/1/2394
f 2402/1/2392 2408/1/2398 2400/1/2390
f 2355/1/2345 2392/1/2382 2352/1/2343
f 2356/1/2347 2409/1/2399 2355/1/2345
f 2409/1/2399 2410/1/2400 2406/1/2396
f 2405/1/2395 2390/1/2381 2392/1/2382
f 2411/1/2401 2298/1/2291 2297/1/2290
f 2412/1/2402 2413/1/2403 2414/1/2404
f 2411/1/2401 2414/1/2404 2356/1/2347
f 2353/1/2346 2276/1/2269 2298/1/2291
f 2415/1/2405 2308/1/2301 2307/1/2300
f 2415/1/2405 2314/1/2307 2313/1/2306
f 2415/1/2405 2416/1/2406 2413/1/2403
f 2412/1/2402 2297/1/2290 2308/1/2301
f 2414/1/2404 2410/1/2400 2356/1/2347
f 2414/1/2404 2413/1/2403 2418/1/2407
f 2419/1/2408 2417/1/2409 2418/1/2407
f 2410/1/2400 2420/1/2410 2406/1/2396
f 2421/1/2411 2399/1/2388 2400/1/2390
f 2422/1/2412 2408/1/2398 2407/1/2397
f 2423/1/2413 2421/1/2411 2422/1/2412
f 2399/1/2388 2424/1/2414 2395/1/2415
f 2425/1/2416 2427/1/2417 2428/1/2418
f 2404/1/2394 2426/1/2419 2407/1/2397
f 2427/1/2417 2404/1/2394 2406/1/2396
f 2428/1/2418 2420/1/2410 2419/1/2408
f 2429/1/2420 2431/1/2421 2432/1/2422
f 2318/1/2311 2430/1/2423 2429/1/2420
f 2304/1/2297 2430/1/2423 2315/1/2310
f 2431/1/2421 2303/1/2296 2289/1/2282
f 2313/1/2306 2433/1/2424 2416/1/2406
f 2434/1/2425 2312/1/2305 2311/1/2303
f 2435/1/2426 2433/1/2424 2434/1/2425
f 2436/1/2427 2413/1/2403 2416/1/2406
f 2437/1/2428 2436/1/2427 2435/1/2426
f 2428/1/2418 2438/1/2429 2425/1/2416
f 2419/1/2408 2437/1/2428 2428/1/2418
f 2413/1/2403 2436/1/2427 2437/1/2428
f 2318/1/2311 2439/1/2430 2317/1/2309
f 2440/1/2431 2429/1/2420 2432/1/2422
f 2434/1/2425 2440/1/2431 2435/1/2426
f 2317/1/2309 2434/1/2425 2311/1/2303
f 1229/1/1223 2441/1/2432 1230/1/1226
f 2442/1/2433 2206/1/2200 2205/1/2198
f 2443/1/2434 2441/1/2432 2442/1/2433
f 1230/1/1226 2444/1/2435 1233/1/1227
f 1233/1/1227 2445/1/2436 1316/1/1310
f 2446/1/2437 2444/1/2435 2443/1/2434
f 1375/1/1369 2445/1/2436 2446/1/2437
f 1316/1/1310 1374/1/1368 1313/1/1308
f 2447/1/2438 2449/1/2439 2450/1/2440
f 2286/1/2279 2448/1/2441 2287/1/2280
f 1371/1/1365 2449/1/2439 2286/1/2279
f 2450/1/2440 1372/1/1367 1375/1/1369
f 2287/1/2280 2451/1/2442 2292/1/2284
f 2452/1/2443 2448/1/2441 2447/1/2438
f 2431/1/2421 2452/1/2443 2432/1/2422
f 2292/1/2284 2431/1/2421 2289/1/2282
f 2453/1/2444 2446/1/2437 2443/1/2434
f 2454/1/2445 2455/1/2446 2456/1/2447
f 2456/1/2447 2447/1/2438 2450/1/2440
f 2450/1/2440 1375/1/1369 2446/1/2437
f 2457/1/2448 2458/1/2449 2435/1/2426
f 2432/1/2422 2457/1/2448 2440/1/2431
f 2459/1/2450 2460/1/2451 2458/1/2449
f 2461/1/2452 2463/1/2453 2464/1/2454
f 2442/1/2433 2462/1/2455 2443/1/2434
f 2205/1/2198 2463/1/2453 2442/1/2433
f 2464/1/2454 2222/1/2216 2221/1/2215
f 2370/1/2360 2466/1/2456 2367/1/2358
f 2464/1/2454 2465/1/2457 2461/1/2452
f 2221/1/2215 2466/1/2456 2464/1/2454
f 2367/1/2358 2242/1/2236 2241/1/2235
f 2460/1/2451 2467/1/2458 2468/1/2459
f 2432/1/2422 2467/1/2458 2459/1/2450
f 2468/1/2459 2452/1/2443 2447/1/2438
f 2423/1/2413 2470/1/2460 2424/1/2414
f 2469/1/2461 2471/1/2462 2472/1/2463
f 2375/1/2366 2470/1/2460 2472/1/2463
f 2424/1/2414 2396/1/2385 2395/1/2415
f 2473/1/2464 2474/1/2465 2471/1/2462
f 2475/1/2466 2477/1/2467 2473/1/2464
f 2461/1/2452 2473/1/2464 2477/1/2467
f 2474/1/2465 2465/1/2457 2370/1/2360
f 2472/1/2463 2376/1/2369 2375/1/2366
f 2472/1/2463 2471/1/2462 2474/1/2465
f 2370/1/2360 2478/1/2468 2474/1/2465
f 2369/1/2359 2363/1/2354 2376/1/2369
f 2479/1/2469 2481/1/2470 2482/1/2471
f 2480/1/2472 2476/1/2473 2475/1/2466
f 2481/1/2470 2475/1/2466 2471/1/2462
f 2469/1/2461 2423/1/2413 2482/1/2471
f 2407/1/2397 2483/1/2474 2422/1/2412
f 2484/1/2475 2426/1/2419 2425/1/2416
f 2482/1/2471 2484/1/2475 2479/1/2469
f 2422/1/2412 2482/1/2471 2423/1/2413
f 2485/1/2476 2458/1/2449 2460/1/2451
f 2486/1/2477 2479/1/2469 2484/1/2475
f 2425/1/2416 2485/1/2476 2484/1/2475
f 2458/1/2449 2438/1/2429 2435/1/2426
f 2487/1/2478 2480/1/2472 2479/1/2469
f 2488/1/2479 2486/1/2477 2460/1/2451
f 2476/1/2473 2487/1/2478 2488/1/2479
f 2477/1/2467 2462/1/2455 2461/1/2452
f 2490/1/2480 2477/1/2467 2476/1/2473
f 2455/1/2446 2489/1/2481 2490/1/2480
f 2462/1/2455 2454/1/2445 2443/1/2434
f 2455/1/2446 2491/1/2482 2456/1/2447
f 2488/1/2479 2490/1/2480 2476/1/2473
f 2468/1/2459 2488/1/2479 2460/1/2451
f 2456/1/2447 2468/1/2459 2447/1/2438
f 2492/1/2483 2493/1/2484 2494/1/2485
f 2495/1/2486 2497/1/2487 2494/1/2485
f 2496/1/2488 96/1/96 99/1/98
f 2497/1/2487 99/1/98 86/1/86
f 2498/1/2489 203/1/202 206/1/204
f 2500/1/2490 2498/1/2489 2493/1/2484
f 109/1/109 2499/1/2491 2500/1/2490
f 203/1/202 113/1/113 112/1/112
f 2500/1/2490 105/1/104 109/1/109
f 2493/1/2484 2501/1/2492 2500/1/2490
f 86/1/86 2501/1/2492 2492/1/2483
f 91/1/91 2501/1/2492 89/1/88
f 2495/1/2486 2502/1/2493 2503/1/2494
f 2494/1/2485 2493/1/2484 2504/1/2495
f 2505/1/2496 2504/1/2495 2506/1/2497
f 2503/1/2494 2505/1/2496 2507/1/2498
f 206/1/204 2508/1/2499 2498/1/2489
f 208/1/209 207/1/206 2509/1/2500
f 2510/1/2501 2508/1/2499 2509/1/2500
f 2511/1/2502 2493/1/2484 2498/1/2489
f 2506/1/2497 2513/1/2503 2505/1/2496
f 2514/1/2504 2515/1/2505 2513/1/2503
f 2516/1/2506 2513/1/2503 2515/1/2505
f 2505/1/2496 2517/1/2507 2507/1/2498
f 2518/1/2508 2511/1/2502 2510/1/2501
f 2518/1/2508 2514/1/2504 2512/1/2509
f 2506/1/2497 2519/1/2510 2512/1/2509
f 2504/1/2495 2493/1/2484 2511/1/2502
f 2514/1/2504 2521/1/2511 2515/1/2505
f 2522/1/2512 2520/1/2513 2523/1/2514
f 2524/1/2515 2521/1/2511 2522/1/2512
f 2515/1/2505 2525/1/2516 2516/1/2506
f 2526/1/2517 2528/1/2518 2529/1/2519
f 2523/1/2514 2527/1/2520 2526/1/2517
f 2527/1/2520 2520/1/2513 2514/1/2504
f 2510/1/2501 2527/1/2520 2518/1/2508
f 207/1/206 2531/1/2521 2509/1/2500
f 2532/1/2522 2530/1/2523 2533/1/2524
f 2529/1/2519 2531/1/2521 2532/1/2522
f 2509/1/2500 2528/1/2518 2510/1/2501
f 2533/1/2524 2534/1/2525 2535/1/2526
f 210/1/208 2530/1/2523 207/1/206
f 2536/1/2527 2538/1/2528 2539/1/2529
f 2535/1/2526 2537/1/2530 2533/1/2524
f 2540/1/2531 2541/1/2532 2542/1/2533
f 2543/1/2534 2536/1/2527 2539/1/2529
f 2544/1/2535 2546/1/2536 2547/1/2537
f 2544/1/2535 2542/1/2533 2541/1/2532
f 2548/1/2538 2550/1/2539 2551/1/2540
f 2552/1/2541 2549/1/2542 2553/1/2543
f 2554/1/2544 2552/1/2541 2555/1/2545
f 2551/1/2540 2554/1/2544 2556/1/2546
f 2557/1/2547 2559/1/2548 2560/1/2549
f 2558/1/2550 2555/1/2545 2552/1/2541
f 2553/1/2543 2559/1/2548 2552/1/2541
f 2561/1/2551 2560/1/2549 2559/1/2548
f 2563/1/2552 2565/1/2553 2566/1/2554
f 2567/1/2555 2564/1/2556 2555/1/2545
f 2568/1/2557 2565/1/2553 2567/1/2555
f 2566/1/2554 2569/1/2558 2570/1/2559
f 2571/1/2560 2558/1/2550 2557/1/2547
f 2573/1/2561 2572/1/2562 2571/1/2560
f 2567/1/2555 2574/1/2563 2568/1/2557
f 2555/1/2545 2572/1/2562 2567/1/2555
f 2570/1/2559 2575/1/2564 2576/1/2565
f 2577/1/2566 2569/1/2558 2568/1/2557
f 2578/1/2567 2575/1/2564 2577/1/2566
f 2576/1/2565 2579/1/2568 2580/1/2569
f 2581/1/2570 2574/1/2563 2573/1/2561
f 2583/1/2571 2582/1/2572 2581/1/2570
f 2577/1/2566 2584/1/2573 2578/1/2567
f 2568/1/2557 2582/1/2572 2577/1/2566
f 2585/1/2574 2587/1/2575 2588/1/2576
f 2589/1/2577 2586/1/2578 2590/1/2579
f 2587/1/2575 2589/1/2577 2591/1/2580
f 2592/1/2581 2593/1/2582 2588/1/2576
f 2594/1/2583 2596/1/2584 2597/1/2585
f 2598/1/2586 2595/1/2587 2599/1/2588
f 2590/1/2579 2596/1/2584 2598/1/2586
f 2597/1/2585 2586/1/2578 2585/1/2574
f 2600/1/2589 2602/1/2590 2603/1/2591
f 2604/1/2592 2601/1/2593 2605/1/2594
f 2599/1/2588 2602/1/2590 2604/1/2592
f 2603/1/2591 2595/1/2587 2594/1/2583
f 2580/1/2569 2606/1/2595 2607/1/2596
f 2608/1/2597 2579/1/2568 2578/1/2567
f 2609/1/2598 2606/1/2595 2608/1/2597
f 2607/1/2596 2610/1/2599 2611/1/2600
f 2612/1/2601 2613/1/2602 2614/1/2603
f 2611/1/2600 2615/1/2604 2614/1/2603
f 2612/1/2601 2610/1/2599 2609/1/2598
f 2616/1/2605 2584/1/2573 2583/1/2571
f 2618/1/2606 2617/1/2607 2616/1/2605
f 2608/1/2597 2619/1/2608 2609/1/2598
f 2578/1/2567 2617/1/2607 2608/1/2597
f 2620/1/2609 2622/1/2610 2623/1/2611
f 2612/1/2601 2621/1/2612 2613/1/2602
f 2609/1/2598 2622/1/2610 2612/1/2601
f 2623/1/2611 2619/1/2608 2618/1/2606
f 2613/1/2602 2624/1/2613 2625/1/2614
f 2626/1/2615 2621/1/2612 2620/1/2609
f 2605/1/2594 2624/1/2613 2626/1/2615
f 2625/1/2614 2601/1/2593 2600/1/2589
f 2627/1/2616 2629/1/2617 2630/1/2618
f 2631/1/2619 2628/1/2620 2632/1/2621
f 2629/1/2617 2631/1/2619 2633/1/2622
f 2630/1/2618 2634/1/2623 2635/1/2624
f 2636/1/2625 2638/1/2626 2639/1/2627
f 2632/1/2621 2638/1/2626 2637/1/2628
f 2639/1/2627 2628/1/2620 2627/1/2616
f 2632/1/2621 2640/1/2629 2641/1/2630
f 2642/1/2631 2637/1/2628 2636/1/2625
f 2640/1/2629 2642/1/2631 2643/1/2632
f 2644/1/2633 2645/1/2634 2641/1/2630
f 2642/1/2631 2636/1/2625 2646/1/2635
f 2646/1/2635 2647/1/2636 2648/1/2637
f 2649/1/2638 2648/1/2637 2650/1/2639
f 2651/1/2640 2643/1/2632 2642/1/2631
f 2650/1/2639 2652/1/2641 2653/1/2642
f 2647/1/2636 2652/1/2641 2648/1/2637
f 2654/1/2643 2655/1/2644 2653/1/2642
f 2656/1/2645 2658/1/2646 2659/1/2647
f 2660/1/2648 2657/1/2649 2661/1/2650
f 2658/1/2646 2660/1/2648 2593/1/2582
f 2659/1/2647 2592/1/2581 2591/1/2580
f 2662/1/2651 2664/1/2652 2665/1/2653
f 2666/1/2654 2663/1/2655 2667/1/2656
f 2664/1/2652 2666/1/2654 2643/1/2632
f 2665/1/2653 2651/1/2640 2650/1/2639
f 2650/1/2639 2668/1/2657 2665/1/2653
f 2669/1/2658 2653/1/2642 2655/1/2644
f 2670/1/2659 2668/1/2657 2669/1/2658
f 2665/1/2653 2671/1/2660 2662/1/2651
f 2672/1/2661 2674/1/2662 2661/1/2650
f 2675/1/2663 2673/1/2664 2672/1/2661
f 2677/1/2665 2676/1/2666 2678/1/2667
f 2679/1/2668 2673/1/2664 2677/1/2665
f 2661/1/2650 2680/1/2669 2672/1/2661
f 2681/1/2670 2657/1/2649 2656/1/2645
f 2682/1/2671 2680/1/2669 2681/1/2670
f 2672/1/2661 2683/1/2672 2675/1/2663
f 2655/1/2644 2685/1/2673 2669/1/2658
f 2686/1/2674 2684/1/2675 2687/1/2676
f 2688/1/2677 2685/1/2673 2686/1/2674
f 2669/1/2658 2689/1/2678 2670/1/2659
f 2678/1/2667 2691/1/2679 2677/1/2665
f 2686/1/2674 2690/1/2680 2688/1/2677
f 2687/1/2676 2691/1/2679 2686/1/2674
f 2677/1/2665 2692/1/2681 2679/1/2668
f 2693/1/2682 238/1/235 239/1/237
f 2695/1/2683 2693/1/2682 258/1/255
f 2696/1/2684 2694/1/2685 2695/1/2683
f 238/1/235 2697/1/2686 240/1/238
f 216/1/217 2698/1/2687 2699/1/2688
f 2698/1/2687 2696/1/2684 2695/1/2683
f 258/1/255 2699/1/2688 2695/1/2683
f 216/1/217 257/1/254 220/1/218
f 2700/1/2689 2701/1/2690 2702/1/2691
f 240/1/238 2703/1/2692 2702/1/2691
f 2700/1/2689 2697/1/2686 2696/1/2684
f 215/1/213 2704/1/2693 2698/1/2687
f 2705/1/2694 225/1/225 224/1/222
f 2705/1/2694 2706/1/2695 2707/1/2696
f 2696/1/2684 2704/1/2693 2707/1/2696
f 2708/1/2697 2710/1/2698 2711/1/2699
f 2712/1/2700 2709/1/2701 2706/1/2695
f 2712/1/2700 2713/1/2702 2714/1/2703
f 2711/1/2699 2714/1/2703 2715/1/2704
f 2706/1/2695 2716/1/2705 2707/1/2696
f 2717/1/2706 2709/1/2701 2708/1/2697
f 2701/1/2690 2716/1/2705 2717/1/2706
f 2700/1/2689 2696/1/2684 2707/1/2696
f 2701/1/2690 2719/1/2707 2702/1/2691
f 2718/1/2708 2720/1/2709 2721/1/2710
f 242/1/240 2719/1/2707 2721/1/2710
f 241/1/239 240/1/238 2702/1/2691
f 2722/1/2711 2724/1/2712 2725/1/2713
f 2726/1/2714 2723/1/2715 2715/1/2704
f 2724/1/2712 2726/1/2714 2635/1/2624
f 2634/1/2623 2633/1/2622 2725/1/2713
f 2708/1/2697 2728/1/2716 2717/1/2706
f 2729/1/2717 2727/1/2718 2730/1/2719
f 2720/1/2709 2728/1/2716 2729/1/2717
f 2717/1/2706 2718/1/2708 2701/1/2690
f 2731/1/2720 2723/1/2715 2722/1/2711
f 2732/1/2721 2731/1/2720 2730/1/2719
f 2711/1/2699 2727/1/2718 2708/1/2697
f 2715/1/2704 2732/1/2721 2711/1/2699
f 2733/1/2722 2714/1/2703 2713/1/2702
f 2734/1/2723 2715/1/2704 2714/1/2703
f 2735/1/2724 2630/1/2618 2635/1/2624
f 2736/1/2725 2627/1/2616 2630/1/2618
f 2715/1/2704 2737/1/2726 2726/1/2714
f 2726/1/2714 2738/1/2727 2635/1/2624
f 224/1/222 2740/1/2728 2705/1/2694
f 2741/1/2729 2739/1/2730 2742/1/2731
f 2713/1/2702 2740/1/2728 2741/1/2729
f 2705/1/2694 2712/1/2700 2706/1/2695
f 229/1/227 2744/1/2732 227/1/224
f 2745/1/2733 2743/1/2734 2746/1/2735
f 2742/1/2731 2744/1/2732 2745/1/2733
f 227/1/224 2739/1/2730 224/1/222
f 2747/1/2736 2748/1/2737 2749/1/2738
f 2749/1/2738 2647/1/2636 2646/1/2635
f 2750/1/2739 2646/1/2635 2636/1/2625
f 2639/1/2627 2627/1/2616 2747/1/2736
f 2751/1/2740 2752/1/2741 2748/1/2737
f 2736/1/2725 2747/1/2736 2627/1/2616
f 2753/1/2742 2749/1/2738 2748/1/2737
f 2754/1/2743 2755/1/2744 2756/1/2745
f 2654/1/2643 2756/1/2745 2655/1/2644
f 2749/1/2738 2654/1/2643 2647/1/2636
f 2754/1/2743 2748/1/2737 2752/1/2741
f 2757/1/2746 2756/1/2745 2755/1/2744
f 2756/1/2745 2684/1/2675 2655/1/2644
f 2758/1/2747 2759/1/2748 2760/1/2749
f 2554/1/2544 2761/1/2750 2556/1/2546
f 2758/1/2747 2554/1/2544 2555/1/2545
f 2564/1/2556 2563/1/2552 2759/1/2748
f 2762/1/2751 2760/1/2749 2759/1/2748
f 2763/1/2752 2761/1/2750 2760/1/2749
f 2765/1/2753 2766/1/2754 2767/1/2755
f 2762/1/2751 2763/1/2752 2760/1/2749
f 2768/1/2756 2770/1/2757 2771/1/2758
f 2772/1/2759 2769/1/2760 2773/1/2761
f 2746/1/2735 2770/1/2757 2772/1/2759
f 2771/1/2758 2743/1/2734 229/1/227
f 2774/1/2762 2776/1/2763 2777/1/2764
f 2778/1/2765 2775/1/2766 2779/1/2767
f 2773/1/2761 2776/1/2763 2778/1/2765
f 2777/1/2764 2769/1/2760 2768/1/2756
f 2780/1/2768 2781/1/2769 2782/1/2770
f 2783/1/2771 2785/1/2772 2786/1/2773
f 239/1/237 2785/1/2772 2784/1/2774
f 2786/1/2773 235/1/236 234/1/232
f 360/1/357 2788/1/2775 354/1/351
f 2789/1/2776 2787/1/2777 2790/1/2778
f 192/1/191 2788/1/2775 2789/1/2776
f 354/1/351 347/1/344 348/1/345
f 2791/1/2779 2793/1/2780 2794/1/2781
f 2693/1/2682 2792/1/2782 258/1/255
f 239/1/237 2793/1/2780 2693/1/2682
f 2794/1/2781 2784/1/2774 2783/1/2771
f 2791/1/2779 2796/1/2783 2792/1/2782
f 2797/1/2784 2796/1/2783 2795/1/2785
f 2796/1/2783 2798/1/2786 260/1/257
f 2792/1/2782 255/1/253 258/1/255
f 188/1/187 2789/1/2776 2799/1/2787
f 2800/1/2788 2789/1/2776 2790/1/2778
f 214/1/212 2800/1/2788 211/1/210
f 188/1/187 214/1/212 172/1/171
f 2790/1/2778 2802/1/2789 2800/1/2788
f 2803/1/2790 2801/1/2791 2804/1/2792
f 2805/1/2793 2802/1/2789 2803/1/2790
f 2800/1/2788 2806/1/2794 211/1/210
f 2807/1/2795 2795/1/2785 2791/1/2779
f 2803/1/2790 2808/1/2796 2805/1/2793
f 2804/1/2792 2807/1/2795 2803/1/2790
f 2795/1/2785 2809/1/2797 2797/1/2784
f 2810/1/2798 2812/1/2799 2813/1/2800
f 2547/1/2537 2811/1/2801 2810/1/2798
f 2814/1/2802 2816/1/2803 2817/1/2804
f 2813/1/2800 2815/1/2805 2814/1/2802
f 2818/1/2806 2820/1/2807 2821/1/2808
f 2817/1/2804 2820/1/2807 2819/1/2809
f 2822/1/2810 2819/1/2809 2818/1/2806
f 2824/1/2811 2822/1/2810 2825/1/2812
f 2826/1/2813 2823/1/2814 2824/1/2811
f 2819/1/2809 2827/1/2815 2817/1/2804
f 2824/1/2811 2829/1/2816 2826/1/2813
f 2825/1/2812 2828/1/2817 2824/1/2811
f 2830/1/2818 2633/1/2622 2631/1/2619
f 2632/1/2621 2828/1/2817 2631/1/2619
f 2831/1/2819 2832/1/2820 2833/1/2821
f 2834/1/2822 2818/1/2806 2821/1/2808
f 2818/1/2806 2835/1/2823 2822/1/2810
f 2834/1/2822 2833/1/2821 2836/1/2824
f 2837/1/2825 2836/1/2824 2838/1/2826
f 2825/1/2812 2835/1/2823 2837/1/2825
f 2837/1/2825 2830/1/2818 2825/1/2812
f 2839/1/2827 2837/1/2825 2838/1/2826
f 2725/1/2713 2840/1/2828 2722/1/2711
f 2633/1/2622 2839/1/2827 2725/1/2713
f 2841/1/2829 2843/1/2830 2844/1/2831
f 2845/1/2832 2841/1/2829 2846/1/2833
f 2845/1/2832 242/1/240 2721/1/2710
f 2843/1/2830 2721/1/2710 2720/1/2709
f 2847/1/2834 2849/1/2835 2850/1/2836
f 2851/1/2837 2848/1/2838 2852/1/2839
f 2853/1/2840 2852/1/2839 2848/1/2838
f 2854/1/2841 2848/1/2838 2847/1/2834
f 2846/1/2833 2855/1/2842 2854/1/2841
f 2844/1/2831 2855/1/2842 2841/1/2829
f 2856/1/2843 231/1/2844 230/1/228
f 2858/1/2845 2857/1/2846 2856/1/2843
f 2860/1/2847 2859/1/2848 2858/1/2845
f 2850/1/2836 2860/1/2847 2847/1/2834
f 2862/1/2849 2864/1/2850 2865/1/2851
f 2864/1/2850 2863/1/2852 274/1/270
f 273/1/269 260/1/257 2798/1/2786
f 2798/1/2786 2797/1/2784 2865/1/2851
f 2866/1/2853 2868/1/2854 2869/1/2855
f 2865/1/2851 2867/1/2856 2862/1/2849
f 2868/1/2854 2865/1/2851 2797/1/2784
f 2869/1/2855 2809/1/2797 2804/1/2792
f 360/1/357 2871/1/2857 2787/1/2777
f 2869/1/2855 2870/1/2858 2866/1/2853
f 2871/1/2857 2869/1/2855 2804/1/2792
f 2801/1/2791 2790/1/2778 2787/1/2777
f 510/1/507 2872/1/2859 2873/1/2860
f 720/1/716 508/1/506 507/1/504
f 2874/1/2861 2876/1/2862 2877/1/2863
f 2875/1/2864 2878/1/2865 2879/1/2866
f 2876/1/2862 2879/1/2866 331/1/328
f 2876/1/2862 334/1/330 330/1/327
f 672/1/669 2881/1/2867 670/1/667
f 2882/1/2868 2880/1/2869 2883/1/2870
f 2881/1/2867 2882/1/2868 2884/1/2871
f 670/1/667 2885/1/2872 654/1/651
f 2873/1/2860 2887/1/2873 510/1/507
f 2887/1/2873 2888/1/2874 2883/1/2870
f 2889/1/2875 2891/1/2876 2892/1/2877
f 2883/1/2870 2890/1/2878 2889/1/2875
f 2893/1/2879 504/1/501 510/1/507
f 2880/1/2869 2887/1/2873 2883/1/2870
f 2880/1/2869 687/1/683 2893/1/2879
f 687/1/683 505/1/502 504/1/501
f 261/1/259 2894/1/2880 267/1/264
f 2895/1/2881 326/1/323 325/1/321
f 2896/1/2882 2894/1/2880 2895/1/2881
f 267/1/264 2897/1/2883 269/1/266
f 2898/1/2884 270/1/2885 269/1/266
f 2892/1/2877 2899/1/2886 2898/1/2884
f 269/1/266 2900/1/2887 2898/1/2884
f 2897/1/2883 2896/1/2882 2901/1/2888
f 2902/1/2889 2900/1/2887 2901/1/2888
f 2903/1/2890 2892/1/2877 2898/1/2884
f 2904/1/2891 2879/1/2866 2878/1/2865
f 2895/1/2881 2905/1/2892 2896/1/2882
f 325/1/321 2904/1/2891 2895/1/2881
f 2879/1/2866 335/1/333 331/1/328
f 2906/1/2893 2908/1/2894 2909/1/2895
f 2908/1/2894 2907/1/2896 2910/1/2897
f 2911/1/2898 2912/1/2899 2913/1/2900
f 2908/1/2894 2911/1/2898 2874/1/2861
f 2914/1/2901 2889/1/2875 2892/1/2877
f 2915/1/2902 2903/1/2890 2902/1/2889
f 2884/1/2871 2914/1/2901 2915/1/2902
f 2889/1/2875 2882/1/2868 2883/1/2870
f 2913/1/2900 2916/1/2903 2917/1/2904
f 2912/1/2899 2910/1/2897 2918/1/2905
f 358/1/355 2916/1/2903 2918/1/2905
f 2917/1/2904 370/1/367 369/1/366
f 2906/1/2893 2920/1/2906 2921/1/2907
f 282/1/278 2919/1/2908 279/1/276
f 274/1/270 2920/1/2906 282/1/278
f 2863/1/2852 2862/1/2849 2921/1/2907
f 2910/1/2897 2922/1/2909 2923/1/2910
f 2907/1/2896 2906/1/2893 2921/1/2907
f 2862/1/2849 2922/1/2909 2921/1/2907
f 2867/1/2856 2866/1/2853 2923/1/2910
f 279/1/276 2924/1/2911 327/1/326
f 2909/1/2895 2919/1/2908 2906/1/2893
f 2924/1/2911 2909/1/2895 2874/1/2861
f 330/1/327 2924/1/2911 2877/1/2863
f 2902/1/2889 2926/1/2912 2915/1/2902
f 2925/1/2913 2927/1/2914 2928/1/2915
f 2929/1/2916 2926/1/2912 2928/1/2915
f 2930/1/2917 2884/1/2871 2915/1/2902
f 359/1/356 358/1/355 2918/1/2905
f 2910/1/2897 2931/1/2918 2918/1/2905
f 2866/1/2853 2931/1/2918 2923/1/2910
f 2931/1/2918 2870/1/2858 360/1/357
f 2932/1/2919 2933/1/2920 2927/1/2914
f 2925/1/2913 2902/1/2889 2901/1/2888
f 2896/1/2882 2932/1/2919 2901/1/2888
f 2933/1/2920 2905/1/2892 2878/1/2865
f 368/1/365 2934/1/2921 367/1/363
f 2935/1/2922 386/1/383 385/1/381
f 2929/1/2916 2934/1/2921 2935/1/2922
f 367/1/363 2936/1/2923 369/1/366
f 369/1/366 2937/1/2924 2917/1/2904
f 2928/1/2915 2936/1/2923 2929/1/2916
f 2927/1/2914 2937/1/2924 2928/1/2915
f 2917/1/2904 2938/1/2925 2913/1/2900
f 2884/1/2871 2930/1/2917 2939/1/2926
f 2935/1/2922 2930/1/2917 2929/1/2916
f 385/1/381 2939/1/2926 2935/1/2922
f 654/1/651 2939/1/2926 652/1/649
f 2940/1/2927 2911/1/2898 2913/1/2900
f 2933/1/2920 2938/1/2925 2927/1/2914
f 2940/1/2927 2933/1/2920 2878/1/2865
f 2911/1/2898 2875/1/2864 2874/1/2861
f 2941/1/2928 2943/1/2929 2944/1/2930
f 748/1/746 2942/1/2931 751/1/747
f 739/1/737 748/1/746 742/1/738
f 2944/1/2930 739/1/737 738/1/734
f 2945/1/2932 2946/1/2933 2947/1/2934
f 2948/1/2935 2949/1/2936 2950/1/2937
f 2951/1/2938 2945/1/2932 2948/1/2935
f 2946/1/2933 2952/1/2939 2953/1/2940
f 2954/1/2941 750/1/745 751/1/747
f 2954/1/2941 2955/1/2942 2950/1/2937
f 2947/1/2934 2954/1/2941 2949/1/2936
f 750/1/745 2956/1/2943 752/1/748
f 2953/1/2940 2957/1/2944 2958/1/2945
f 2959/1/2946 2952/1/2939 2951/1/2938
f 2553/1/2543 2957/1/2944 2959/1/2946
f 2958/1/2945 2549/1/2542 2548/1/2538
f 2562/1/2947 2960/1/2948 2961/1/2949
f 2959/1/2946 2561/1/2551 2553/1/2543
f 2951/1/2938 2960/1/2948 2959/1/2946
f 2961/1/2949 2962/1/2950 2963/1/2951
f 2963/1/2951 2964/1/2952 2965/1/2953
f 2948/1/2935 2962/1/2950 2951/1/2938
f 2964/1/2952 2948/1/2935 2950/1/2937
f 2965/1/2953 2966/1/2954 2967/1/2955
f 2967/1/2955 2968/1/2956 2969/1/2957
f 2955/1/2942 2966/1/2954 2950/1/2937
f 751/1/747 2968/1/2956 2955/1/2942
f 2969/1/2957 2942/1/2931 2941/1/2928
f 2533/1/2524 2971/1/2958 2532/1/2522
f 2970/1/2959 2972/1/2960 2973/1/2961
f 2974/1/2962 2971/1/2958 2973/1/2961
f 2532/1/2522 2975/1/2963 2529/1/2519
f 2976/1/2964 2973/1/2961 2972/1/2960
f 2977/1/2965 2978/1/2966 2979/1/2967
f 2976/1/2964 2977/1/2965 2980/1/2968
f 2981/1/2969 2974/1/2962 2973/1/2961
f 2982/1/2970 2984/1/2971 2985/1/2972
f 2986/1/2973 2983/1/2974 2982/1/2970
f 2522/1/2512 2987/1/2975 2524/1/2515
f 2523/1/2514 2983/1/2974 2522/1/2512
f 2982/1/2970 2989/1/2976 2986/1/2973
f 2985/1/2972 2988/1/2977 2982/1/2970
f 2991/1/2978 2990/1/2979 2992/1/2980
f 2991/1/2978 2989/1/2976 2988/1/2977
f 2990/1/2979 2995/1/2981 2992/1/2980
f 2985/1/2972 2994/1/2982 2990/1/2979
f 2994/1/2982 2996/1/2983 2974/1/2962
f 2981/1/2969 2980/1/2968 2995/1/2981
f 2997/1/2984 2526/1/2517 2529/1/2519
f 2975/1/2963 2974/1/2962 2996/1/2983
f 2984/1/2971 2996/1/2983 2985/1/2972
f 2984/1/2971 2523/1/2514 2526/1/2517
f 2998/1/2985 3000/1/2986 3001/1/2987
f 3002/1/2988 2999/1/2989 3003/1/2990
f 3000/1/2986 3002/1/2988 2979/1/2967
f 3001/1/2987 2978/1/2966 2972/1/2960
f 3004/1/2991 2543/1/2534 2542/1/2533
f 3006/1/2992 3005/1/2993 3004/1/2991
f 2998/1/2985 3005/1/2993 3007/1/2994
f 2543/1/2534 3008/1/2995 2536/1/2527
f 3009/1/2996 2537/1/2530 2536/1/2527
f 3008/1/2995 2998/1/2985 3001/1/2987
f 2972/1/2960 3009/1/2996 3001/1/2987
f 2537/1/2530 2970/1/2959 2533/1/2524
f 3010/1/2997 3007/1/2994 3006/1/2992
f 3012/1/2998 3011/1/2999 3010/1/2997
f 3003/1/2990 3011/1/2999 3013/1/3000
f 3007/1/2994 2999/1/2989 2998/1/2985
f 2667/1/2656 3015/1/3001 2666/1/2654
f 3016/1/3002 3014/1/3003 3017/1/3004
f 2645/1/2634 3015/1/3001 3016/1/3002
f 2666/1/2654 2644/1/2633 2643/1/2632
f 3018/1/3005 3020/1/3006 3021/1/3007
f 3022/1/3008 3019/1/3009 3023/1/3010
f 2852/1/2839 3020/1/3006 3022/1/3008
f 3021/1/3007 2853/1/2840 2844/1/2831
f 3024/1/3011 2731/1/2720 2722/1/2711
f 3025/1/3012 2840/1/2828 2838/1/2826
f 3018/1/3005 3024/1/3011 3025/1/3012
f 2731/1/2720 3026/1/3013 2730/1/2719
f 3027/1/3014 3029/1/3015 3023/1/3010
f 2833/1/2821 3028/1/3016 3027/1/3014
f 3023/1/3010 3030/1/3017 3027/1/3014
f 3025/1/3012 3019/1/3009 3018/1/3005
f 2838/1/2826 3030/1/3017 3025/1/3012
f 3027/1/3014 2836/1/2824 2833/1/2821
f 2852/1/2839 3031/1/3018 2851/1/2837
f 3023/1/3010 3031/1/3018 3022/1/3008
f 2730/1/2719 3032/1/3019 2729/1/2717
f 3021/1/3007 3026/1/3013 3018/1/3005
f 2844/1/2831 3032/1/3019 3021/1/3007
f 2843/1/2830 2720/1/2709 2729/1/2717
f 2783/1/2771 3034/1/3020 2794/1/2781
f 3033/1/3021 3035/1/3022 3036/1/3023
f 2805/1/2793 3034/1/3020 3036/1/3023
f 2794/1/2781 2808/1/2796 2791/1/2779
f 2847/1/2834 3037/1/3024 2854/1/2841
f 2858/1/2845 3037/1/3024 2860/1/2847
f 3039/1/3025 3038/1/3026 3040/1/3027
f 2854/1/2841 3039/1/3025 2846/1/2833
f 211/1/210 3041/1/3028 233/1/230
f 3036/1/3023 2806/1/2794 2805/1/2793
f 3035/1/3022 3041/1/3028 3036/1/3023
f 233/1/230 3042/1/3029 230/1/228
f 3043/1/3030 2856/1/2843 230/1/228
f 3044/1/3031 3042/1/3029 3035/1/3022
f 3043/1/3030 3044/1/3031 3040/1/3027
f 2856/1/2843 3038/1/3026 2858/1/2845
f 3045/1/3032 2786/1/2773 234/1/232
f 3044/1/3031 3046/1/3033 3040/1/3027
f 3035/1/3022 3045/1/3032 3044/1/3031
f 2786/1/2773 3033/1/3021 2783/1/2771
f 242/1/240 3047/1/3034 237/1/234
f 2846/1/2833 3047/1/3034 2845/1/2832
f 3040/1/3027 3047/1/3034 3039/1/3025
f 237/1/234 3046/1/3033 234/1/232
f 2826/1/2813 3049/1/3035 2827/1/2815
f 3050/1/3036 3048/1/3037 3051/1/3038
f 2814/1/2802 3050/1/3036 2813/1/2800
f 2827/1/2815 2814/1/2802 2817/1/2804
f 3006/1/2992 3053/1/3039 3010/1/2997
f 3054/1/3040 3052/1/3041 3055/1/3042
f 3017/1/3004 3053/1/3039 3054/1/3040
f 3010/1/2997 3056/1/3043 3012/1/2998
f 3055/1/3042 3058/1/3044 3054/1/3040
f 3057/1/3045 3051/1/3038 3059/1/3046
f 3059/1/3046 2645/1/2634 3016/1/3002
f 3017/1/3004 3058/1/3044 3016/1/3002
f 3051/1/3038 3060/1/3047 3059/1/3046
f 2829/1/2816 3048/1/3037 2826/1/2813
f 2641/1/2630 2829/1/2816 2632/1/2621
f 2641/1/2630 2645/1/2634 3059/1/3046
f 2813/1/2800 3061/1/3048 2810/1/2798
f 3061/1/3048 3050/1/3036 3051/1/3038
f 3057/1/3045 3055/1/3042 3062/1/3049
f 2810/1/2798 3062/1/3049 2547/1/2537
f 3055/1/3042 3063/1/3050 3062/1/3049
f 3004/1/2991 3052/1/3041 3006/1/2992
f 3063/1/3050 3004/1/2991 2542/1/2533
f 2544/1/2535 2547/1/2537 3062/1/3049
f 3064/1/3051 3066/1/3052 3067/1/3053
f 3068/1/3054 3065/1/3055 3069/1/3056
f 3070/1/3057 3066/1/3052 3068/1/3054
f 3067/1/3053 3071/1/3058 3072/1/3059
f 3072/1/3059 3073/1/3060 3074/1/3061
f 3075/1/3062 3071/1/3058 3070/1/3057
f 3076/1/3063 3073/1/3060 3075/1/3062
f 3074/1/3061 3077/1/3064 3078/1/3065
f 3078/1/3065 3079/1/3066 3080/1/3067
f 3081/1/3068 3077/1/3064 3076/1/3063
f 3082/1/3069 3079/1/3066 3081/1/3068
f 3080/1/3067 3083/1/3070 3084/1/3071
f 3085/1/3072 3087/1/3073 3088/1/3074
f 3067/1/3053 3086/1/3075 3064/1/3051
f 3072/1/3059 3087/1/3073 3067/1/3053
f 3088/1/3074 3089/1/3076 3090/1/3077
f 3090/1/3077 3091/1/3078 3092/1/3079
f 3074/1/3061 3089/1/3076 3072/1/3059
f 3078/1/3065 3091/1/3078 3074/1/3061
f 3092/1/3079 3093/1/3080 3094/1/3081
f 3094/1/3081 3095/1/3082 3096/1/3083
f 3080/1/3067 3093/1/3080 3078/1/3065
f 3084/1/3071 3095/1/3082 3080/1/3067
f 3096/1/3083 3097/1/3084 3098/1/3085
f 3099/1/3086 3101/1/3087 3102/1/3088
f 3103/1/3089 3100/1/3090 3104/1/3091
f 3105/1/3092 3101/1/3087 3103/1/3089
f 3064/1/3051 3106/1/3093 3107/1/3094
f 3108/1/3095 3086/1/3075 3085/1/3072
f 3104/1/3091 3106/1/3093 3108/1/3095
f 3107/1/3094 3100/1/3090 3099/1/3086
f 3102/1/3088 3110/1/3096 3099/1/3086
f 3111/1/3097 3102/1/3088 3105/1/3092
f 3112/1/3098 3109/1/3099 3111/1/3097
f 3114/1/3100 3109/1/3099 3113/1/3101
f 3099/1/3086 3115/1/3102 3107/1/3094
f 3116/1/3103 3110/1/3096 3114/1/3100
f 3069/1/3056 3115/1/3102 3116/1/3103
f 3107/1/3094 3065/1/3055 3064/1/3051
f 3117/1/3104 3119/1/3105 3120/1/3106
f 3096/1/3083 3118/1/3107 3094/1/3081
f 3098/1/3085 3119/1/3105 3096/1/3083
f 3121/1/3108 3122/1/3109 3120/1/3106
f 3122/1/3109 3124/1/3110 3120/1/3106
f 64/1/64 3123/1/3111 65/1/65
f 3124/1/3110 64/1/64 63/1/63
f 3120/1/3106 3125/1/3112 3117/1/3104
f 3126/1/3113 3127/1/3114 3128/1/3115
f 3092/1/3079 3129/1/3116 3090/1/3077
f 3094/1/3081 3126/1/3113 3092/1/3079
f 3127/1/3114 3118/1/3107 3117/1/3104
f 3117/1/3104 3130/1/3117 3127/1/3114
f 73/1/73 3125/1/3112 63/1/63
f 3130/1/3117 73/1/73 72/1/72
f 3127/1/3114 3131/1/3118 3128/1/3115
f 3132/1/3119 3134/1/3120 3135/1/3121
f 3088/1/3074 3133/1/3122 3085/1/3072
f 3134/1/3120 3088/1/3074 3090/1/3077
f 3135/1/3121 3129/1/3116 3128/1/3115
f 3128/1/3115 3136/1/3123 3135/1/3121
f 3131/1/3118 72/1/72 81/1/81
f 80/1/80 3136/1/3123 81/1/81
f 3135/1/3121 3137/1/3124 3132/1/3119
f 3138/1/3125 3140/1/3126 3141/1/3127
f 3139/1/3128 3104/1/3091 3108/1/3095
f 3085/1/3072 3140/1/3126 3108/1/3095
f 3141/1/3127 3133/1/3122 3132/1/3119
f 3142/1/3129 3144/1/3130 3145/1/3131
f 3146/1/3132 3143/1/3133 3142/1/3129
f 3139/1/3128 3147/1/3134 3104/1/3091
f 3139/1/3128 3144/1/3130 3143/1/3133
f 3132/1/3119 3148/1/3135 3141/1/3127
f 95/1/95 3137/1/3124 80/1/80
f 3149/1/3136 95/1/95 94/1/94
f 3141/1/3127 3149/1/3136 3138/1/3125
f 97/1/99 96/1/96 3150/1/3137
f 3145/1/3131 3151/1/3138 3150/1/3137
f 3138/1/3125 3151/1/3138 3144/1/3130
f 94/1/94 3151/1/3138 3149/1/3136
f 3105/1/3092 3152/1/3139 3153/1/3140
f 3147/1/3134 3103/1/3089 3104/1/3091
f 3146/1/3132 3152/1/3139 3147/1/3134
f 3154/1/3141 3155/1/3142 3153/1/3140
f 3146/1/3132 3157/1/3143 3154/1/3141
f 3157/1/3143 3156/1/3144 3158/1/3145
f 3159/1/3146 3160/1/3147 3161/1/3148
f 3155/1/3142 3157/1/3143 3161/1/3148
f 3162/1/3149 3163/1/3150 3160/1/3147
f 3164/1/3151 3159/1/3146 3158/1/3145
f 3162/1/3149 3164/1/3151 3165/1/3152
f 3112/1/3098 3166/1/3153 3167/1/3154
f 3111/1/3097 3105/1/3092 3153/1/3140
f 3155/1/3142 3166/1/3153 3153/1/3140
f 3167/1/3154 3168/1/3155 3169/1/3156
f 3170/1/3157 3171/1/3158 3160/1/3147
f 3170/1/3157 3163/1/3150 3165/1/3152
f 3172/1/3159 3170/1/3157 3174/1/3160
f 3171/1/3158 3173/1/3161 3175/1/3162
f 3168/1/3155 3155/1/3142 3161/1/3148
f 3161/1/3148 3160/1/3147 3171/1/3158
f 3175/1/3162 3177/1/3163 3171/1/3158
f 3177/1/3163 3176/1/3164 3169/1/3156
f 3172/1/3159 3179/1/3165 3173/1/3161
f 3179/1/3165 3178/1/3166 3180/1/3167
f 3181/1/3168 3182/1/3169 3183/1/3170
f 3181/1/3168 3173/1/3161 3179/1/3165
f 3184/1/3171 3185/1/3172 3186/1/3173
f 3187/1/3174 3169/1/3156 3176/1/3164
f 3175/1/3162 3184/1/3171 3176/1/3164
f 3185/1/3172 3181/1/3168 3183/1/3170
f 3167/1/3154 3189/1/3175 3112/1/3098
f 3169/1/3156 3188/1/3176 3167/1/3154
f 3187/1/3174 3186/1/3173 3190/1/3177
f 3191/1/3178 3188/1/3176 3190/1/3177
f 3192/1/3179 3193/1/3180 3183/1/3170
f 3194/1/3181 3182/1/3169 3180/1/3167
f 3192/1/3179 3194/1/3181 3195/1/3182
f 3196/1/3183 3197/1/3184 3193/1/3180
f 3198/1/3185 3190/1/3177 3186/1/3173
f 3193/1/3180 3185/1/3172 3183/1/3170
f 3198/1/3185 3193/1/3180 3197/1/3184
f 3199/1/3186 3191/1/3178 3190/1/3177
f 3200/1/3187 3113/1/3101 3201/1/3188
f 3189/1/3175 3113/1/3101 3112/1/3098
f 3202/1/3189 3189/1/3175 3191/1/3178
f 3203/1/3190 3201/1/3188 3202/1/3189
f 3204/1/3191 3205/1/3192 3197/1/3184
f 3206/1/3193 3196/1/3183 3195/1/3182
f 3204/1/3191 3206/1/3193 3207/1/3194
f 3205/1/3192 3208/1/3195 3209/1/3196
f 3202/1/3189 3211/1/3197 3203/1/3190
f 3191/1/3178 3210/1/3198 3202/1/3189
f 3205/1/3192 3199/1/3186 3197/1/3184
f 3210/1/3198 3205/1/3192 3209/1/3196
f 3114/1/3100 3212/1/3199 3116/1/3103
f 3213/1/3200 3200/1/3187 3203/1/3190
f 3214/1/3201 3212/1/3199 3213/1/3200
f 3116/1/3103 3215/1/3202 3069/1/3056
f 3208/1/3195 3207/1/3194 3216/1/3203
f 3217/1/3204 3216/1/3203 3218/1/3205
f 3219/1/3206 3217/1/3204 3221/1/3207
f 3217/1/3204 3220/1/3208 3209/1/3196
f 3213/1/3200 3223/1/3209 3214/1/3201
f 3203/1/3190 3222/1/3210 3213/1/3200
f 3220/1/3208 3211/1/3197 3209/1/3196
f 3222/1/3210 3220/1/3208 3219/1/3206
f 3069/1/3056 3224/1/3211 3068/1/3054
f 3225/1/3212 3215/1/3202 3214/1/3201
f 3226/1/3213 3224/1/3211 3225/1/3212
f 3068/1/3054 3227/1/3214 3070/1/3057
f 3228/1/3215 3221/1/3207 3218/1/3205
f 3228/1/3215 3231/1/3216 3229/1/3217
f 3229/1/3217 3231/1/3216 3232/1/3218
f 3233/1/3219 3219/1/3206 3221/1/3207
f 3226/1/3213 3234/1/3220 3235/1/3221
f 3214/1/3201 3234/1/3220 3225/1/3212
f 3223/1/3209 3219/1/3206 3233/1/3219
f 3233/1/3219 3232/1/3218 3235/1/3221
f 3070/1/3057 3236/1/3222 3075/1/3062
f 3237/1/3223 3227/1/3214 3226/1/3213
f 3238/1/3224 3236/1/3222 3237/1/3223
f 3075/1/3062 3239/1/3225 3076/1/3063
f 3076/1/3063 3240/1/3226 3081/1/3068
f 3241/1/3227 3239/1/3225 3238/1/3224
f 3242/1/3228 3240/1/3226 3241/1/3227
f 3081/1/3068 3243/1/3229 3082/1/3069
f 3244/1/3230 3246/1/3231 3247/1/3232
f 3248/1/3233 3245/1/3234 3249/1/3235
f 3250/1/3236 3246/1/3231 3248/1/3233
f 3252/1/3237 3246/1/3231 3251/1/3238
f 3253/1/3239 3255/1/3240 3256/1/3241
f 3257/1/3242 3254/1/3243 3258/1/3244
f 3249/1/3235 3255/1/3240 3257/1/3242
f 3256/1/3241 3245/1/3234 3244/1/3230
f 3259/1/3245 3261/1/3246 3262/1/3247
f 3263/1/3248 3260/1/3249 3264/1/3250
f 3265/1/3251 3261/1/3246 3263/1/3248
f 3262/1/3247 3266/1/3252 3267/1/3253
f 3252/1/3237 3268/1/3254 3269/1/3255
f 3270/1/3256 3251/1/3238 3250/1/3236
f 3271/1/3257 3268/1/3254 3270/1/3256
f 3272/1/3258 3273/1/3259 3269/1/3255
f 3274/1/3260 3276/1/3261 3277/1/3262
f 3269/1/3255 3276/1/3261 3252/1/3237
f 3269/1/3255 3278/1/3263 3277/1/3262
f 3274/1/3260 3278/1/3263 3279/1/3264
f 3280/1/3265 3282/1/3266 3283/1/3267
f 3284/1/3268 3281/1/3269 3285/1/3270
f 3283/1/3267 3287/1/3271 3280/1/3265
f 3288/1/3272 3286/1/3273 3289/1/3274
f 3290/1/3275 3292/1/3276 3293/1/3277
f 3279/1/3264 3291/1/3278 3290/1/3275
f 3291/1/3278 3278/1/3263 3273/1/3259
f 3293/1/3277 3294/1/3279 3295/1/3280
f 3272/1/3258 3292/1/3276 3273/1/3259
f 3271/1/3257 3294/1/3279 3272/1/3258
f 3295/1/3280 3296/1/3281 3297/1/3282
f 3298/1/3283 3300/1/3284 3301/1/3285
f 3295/1/3280 3299/1/3286 3293/1/3277
f 3297/1/3282 3300/1/3284 3295/1/3280
f 3303/1/3287 3300/1/3284 3302/1/3288
f 3304/1/3289 3302/1/3288 3297/1/3282
f 3306/1/3290 3305/1/3291 3304/1/3289
f 3308/1/3292 3305/1/3291 3307/1/3293
f 3302/1/3288 3309/1/3294 3303/1/3287
f 3310/1/3295 3311/1/3296 3312/1/3297
f 3307/1/3293 3313/1/3298 3308/1/3292
f 3285/1/3270 3315/1/3299 3284/1/3268
f 3311/1/3296 3314/1/3300 3312/1/3297
f 3316/1/3301 3313/1/3298 3312/1/3297
f 3317/1/3302 3316/1/3301 3318/1/3303
f 3308/1/3292 3317/1/3302 3319/1/3304
f 3320/1/3305 3321/1/3306 3322/1/3307
f 3316/1/3301 3323/1/3308 3318/1/3303
f 3312/1/3297 3320/1/3305 3316/1/3301
f 3321/1/3306 3324/1/3309 3325/1/3310
f 3325/1/3310 3326/1/3311 3327/1/3312
f 3314/1/3300 3324/1/3309 3312/1/3297
f 3285/1/3270 3326/1/3311 3314/1/3300
f 3329/1/3313 3326/1/3311 3328/1/3314
f 3303/1/3287 3330/1/3315 3331/1/3316
f 3319/1/3304 3309/1/3294 3308/1/3292
f 3318/1/3303 3330/1/3315 3319/1/3304
f 3331/1/3316 3332/1/3317 3333/1/3318
f 3334/1/3319 3336/1/3320 3337/1/3321
f 3332/1/3317 3335/1/3322 3333/1/3318
f 3336/1/3320 3332/1/3317 3318/1/3303
f 3337/1/3321 3323/1/3308 3322/1/3307
f 3337/1/3321 3339/1/3323 3334/1/3319
f 3322/1/3307 3338/1/3324 3337/1/3321
f 3325/1/3310 3338/1/3324 3321/1/3306
f 3339/1/3323 3327/1/3312 3329/1/3313
f 3328/1/3314 3341/1/3325 3329/1/3313
f 3285/1/3270 3340/1/3326 3328/1/3314
f 3342/1/3327 3281/1/3269 3280/1/3265
f 3343/1/3328 3340/1/3326 3342/1/3327
f 3298/1/3283 3344/1/3329 3345/1/3330
f 3331/1/3316 3301/1/3285 3303/1/3287
f 3331/1/3316 3333/1/3318 3346/1/3331
f 3347/1/3332 3344/1/3329 3346/1/3331
f 3348/1/3333 3350/1/3334 3351/1/3335
f 3349/1/3336 3347/1/3332 3346/1/3331
f 3333/1/3318 3350/1/3334 3346/1/3331
f 3351/1/3335 3335/1/3322 3334/1/3319
f 3348/1/3333 3352/1/3337 3353/1/3338
f 3351/1/3335 3339/1/3323 3352/1/3337
f 3329/1/3313 3352/1/3337 3339/1/3323
f 3353/1/3338 3341/1/3325 3343/1/3328
f 3237/1/3223 3355/1/3339 3238/1/3224
f 3235/1/3221 3237/1/3223 3226/1/3213
f 3354/1/3340 3235/1/3221 3232/1/3218
f 3355/1/3339 3356/1/3341 3357/1/3342
f 3241/1/3227 3359/1/3343 3242/1/3228
f 3238/1/3224 3358/1/3344 3241/1/3227
f 3357/1/3342 3358/1/3344 3355/1/3339
f 3360/1/3345 3361/1/3346 3359/1/3343
f 3362/1/3347 3356/1/3341 3232/1/3218
f 3363/1/3348 3231/1/3216 3230/1/3349
f 3364/1/3350 3363/1/3348 3365/1/3351
f 3356/1/3341 3364/1/3350 3357/1/3342
f 3366/1/3352 3368/1/3353 3369/1/3354
f 3357/1/3342 3367/1/3355 3366/1/3352
f 3365/1/3351 3367/1/3355 3364/1/3350
f 3365/1/3351 3371/1/3356 3372/1/3357
f 3373/1/3358 3370/1/3359 3374/1/3360
f 3375/1/3361 3371/1/3356 3373/1/3358
f 3372/1/3357 3376/1/3362 3377/1/3363
f 3369/1/3354 3378/1/3364 3379/1/3365
f 3372/1/3357 3368/1/3353 3365/1/3351
f 3377/1/3363 3378/1/3364 3372/1/3357
f 3379/1/3365 3380/1/3366 3381/1/3367
f 3377/1/3363 3382/1/3368 3383/1/3369
f 3384/1/3370 3376/1/3362 3375/1/3361
f 3385/1/3371 3382/1/3368 3384/1/3370
f 3383/1/3369 3386/1/3372 3387/1/3373
f 3361/1/3346 3388/1/3374 3389/1/3375
f 3366/1/3352 3360/1/3345 3357/1/3342
f 3369/1/3354 3388/1/3374 3366/1/3352
f 3389/1/3375 3390/1/3376 3391/1/3377
f 3391/1/3377 3392/1/3378 3393/1/3379
f 3379/1/3365 3390/1/3376 3369/1/3354
f 3392/1/3378 3379/1/3365 3381/1/3367
f 3394/1/3380 3395/1/3381 3393/1/3379
f 3395/1/3381 3396/1/3382 3397/1/3383
f 3380/1/3366 3394/1/3380 3381/1/3367
f 3383/1/3369 3380/1/3366 3377/1/3363
f 3397/1/3383 3383/1/3369 3387/1/3373
f 3398/1/3384 3400/1/3385 3401/1/3386
f 3397/1/3383 3399/1/3387 3395/1/3381
f 3402/1/3388 3397/1/3383 3387/1/3373
f 3403/1/3389 3400/1/3385 3402/1/3388
f 3404/1/3390 3406/1/3391 3407/1/3392
f 3408/1/3393 3405/1/3394 3409/1/3395
f 3410/1/3396 3408/1/3393 3411/1/3397
f 3412/1/3398 3406/1/3391 3410/1/3396
f 3413/1/3399 3415/1/3400 3416/1/3401
f 3410/1/3396 3414/1/3402 3412/1/3398
f 3411/1/3397 3415/1/3400 3410/1/3396
f 3416/1/3401 3417/1/3403 3418/1/3404
f 3419/1/3405 3421/1/3406 3422/1/3407
f 3423/1/3408 3420/1/3409 3424/1/3410
f 3425/1/3411 3421/1/3406 3423/1/3408
f 3422/1/3407 3426/1/3412 3427/1/3413
f 3428/1/3414 3430/1/3415 3431/1/3416
f 3432/1/3417 3429/1/3418 3428/1/3414
f 3433/1/3419 3435/1/3420 3429/1/3418
f 3436/1/3421 3429/1/3418 3435/1/3420
f 3427/1/3413 3437/1/3422 3438/1/3423
f 3439/1/3424 3426/1/3412 3425/1/3411
f 3431/1/3416 3437/1/3422 3439/1/3424
f 3438/1/3423 3430/1/3415 3436/1/3421
f 3440/1/3425 3442/1/3426 3443/1/3427
f 3422/1/3407 3441/1/3428 3419/1/3405
f 3427/1/3413 3442/1/3426 3422/1/3407
f 3443/1/3427 3444/1/3429 3445/1/3430
f 3434/1/3431 3447/1/3432 3435/1/3420
f 3448/1/3433 3446/1/3434 3449/1/3435
f 3450/1/3436 3447/1/3432 3448/1/3433
f 3435/1/3420 3451/1/3437 3436/1/3421
f 3445/1/3430 3452/1/3438 3453/1/3439
f 3438/1/3423 3444/1/3429 3427/1/3413
f 3436/1/3421 3452/1/3438 3438/1/3423
f 3453/1/3439 3451/1/3437 3450/1/3436
f 3454/1/3440 3456/1/3441 3457/1/3442
f 3443/1/3427 3455/1/3443 3440/1/3425
f 3445/1/3430 3456/1/3441 3443/1/3427
f 3457/1/3442 3458/1/3444 3459/1/3445
f 3460/1/3446 3461/1/3447 3462/1/3448
f 3462/1/3448 3409/1/3395 3405/1/3394
f 3463/1/3449 3405/1/3394 3404/1/3390
f 3464/1/3450 3465/1/3451 3460/1/3446
f 3459/1/3445 3466/1/3452 3467/1/3453
f 3453/1/3439 3458/1/3444 3445/1/3430
f 3450/1/3436 3466/1/3452 3453/1/3439
f 3468/1/3454 3469/1/3455 3467/1/3453
f 3468/1/3454 3471/1/3456 3469/1/3455
f 3448/1/3433 3468/1/3454 3450/1/3436
f 3449/1/3435 3470/1/3457 3448/1/3433
f 3473/1/3458 3470/1/3457 3472/1/3459
f 3474/1/3460 3446/1/3434 3434/1/3431
f 3476/1/3461 3474/1/3460 3477/1/3462
f 3475/1/3463 3476/1/3461 3478/1/3464
f 3449/1/3435 3475/1/3463 3479/1/3465
f 3480/1/3466 3481/1/3467 3482/1/3468
f 3483/1/3469 3473/1/3458 3472/1/3459
f 3480/1/3466 3472/1/3459 3449/1/3435
f 3479/1/3465 3478/1/3464 3481/1/3467
f 3477/1/3462 3484/1/3470 3485/1/3471
f 3474/1/3460 3433/1/3419 3484/1/3470
f 3486/1/3472 3433/1/3419 3432/1/3417
f 3487/1/3473 3484/1/3470 3486/1/3472
f 3488/1/3474 3476/1/3461 3477/1/3462
f 3485/1/3471 3487/1/3473 3489/1/3475
f 3490/1/3476 3488/1/3474 3489/1/3475
f 3491/1/3477 3478/1/3464 3476/1/3461
f 3492/1/3478 3494/1/3479 3495/1/3480
f 3481/1/3467 3493/1/3481 3482/1/3468
f 3478/1/3464 3494/1/3479 3481/1/3467
f 3495/1/3480 3491/1/3477 3490/1/3476
f 3496/1/3482 3497/1/3483 3454/1/3440
f 3498/1/3484 3499/1/3485 3500/1/3486
f 3413/1/3399 3496/1/3482 3500/1/3486
f 3416/1/3401 3418/1/3404 3497/1/3483
f 3440/1/3425 3501/1/3487 3502/1/3488
f 3455/1/3443 3454/1/3440 3497/1/3483
f 3418/1/3404 3501/1/3487 3497/1/3483
f 3502/1/3488 3503/1/3489 3504/1/3490
f 3505/1/3491 3507/1/3492 3508/1/3493
f 3411/1/3397 3506/1/3494 3505/1/3491
f 3506/1/3494 3408/1/3393 3409/1/3395
f 3507/1/3492 3509/1/3495 3510/1/3496
f 3505/1/3491 3417/1/3403 3411/1/3397
f 3511/1/3497 3505/1/3491 3508/1/3493
f 3512/1/3498 3513/1/3499 3514/1/3500
f 3418/1/3404 3511/1/3497 3512/1/3498
f 3514/1/3500 3516/1/3501 3512/1/3498
f 3504/1/3490 3516/1/3501 3515/1/3502
f 3512/1/3498 3503/1/3489 3418/1/3404
f 3419/1/3405 3517/1/3503 3518/1/3504
f 3502/1/3488 3441/1/3428 3440/1/3425
f 3504/1/3490 3517/1/3503 3502/1/3488
f 3518/1/3504 3519/1/3505 3520/1/3506
f 3521/1/3507 3522/1/3508 3523/1/3509
f 3523/1/3509 3524/1/3510 3525/1/3511
f 3526/1/3512 3527/1/3513 3525/1/3511
f 65/1/65 3528/1/3514 511/1/510
f 3529/1/3515 3123/1/3111 3122/1/3109
f 3530/1/3516 3528/1/3514 3529/1/3515
f 511/1/510 3531/1/3517 514/1/511
f 3122/1/3109 3532/1/3518 3529/1/3515
f 3121/1/3108 3098/1/3085 3533/1/3519
f 3534/1/3520 3532/1/3518 3533/1/3519
f 3529/1/3515 3535/1/3521 3530/1/3516
f 3098/1/3085 3536/1/3522 3533/1/3519
f 3537/1/3523 3097/1/3084 3084/1/3071
f 3538/1/3524 3536/1/3522 3537/1/3523
f 3533/1/3519 3539/1/3525 3534/1/3520
f 3084/1/3071 3540/1/3526 3537/1/3523
f 3541/1/3527 3083/1/3070 3082/1/3069
f 3542/1/3528 3540/1/3526 3541/1/3527
f 3537/1/3523 3543/1/3529 3538/1/3524
f 3082/1/3069 3544/1/3530 3541/1/3527
f 3545/1/3531 3243/1/3229 3242/1/3228
f 3546/1/3532 3544/1/3530 3545/1/3531
f 3541/1/3527 3547/1/3533 3542/1/3528
f 3548/1/3534 3545/1/3531 3242/1/3228
f 3549/1/3535 3359/1/3343 3361/1/3346
f 3550/1/3536 3548/1/3534 3549/1/3535
f 3545/1/3531 3551/1/3537 3546/1/3532
f 3361/1/3346 3552/1/3538 3549/1/3535
f 3553/1/3539 3389/1/3375 3391/1/3377
f 3554/1/3540 3552/1/3538 3553/1/3539
f 3549/1/3535 3555/1/3541 3550/1/3536
f 3391/1/3377 3556/1/3542 3553/1/3539
f 3399/1/3387 3393/1/3379 3395/1/3381
f 3557/1/3543 3399/1/3387 3398/1/3384
f 3553/1/3539 3557/1/3543 3554/1/3540
f 3558/1/3544 3560/1/3545 3561/1/3546
f 3550/1/3536 3559/1/3547 3558/1/3544
f 3562/1/3548 3555/1/3541 3554/1/3540
f 3560/1/3545 3562/1/3548 3563/1/3549
f 3564/1/3550 3566/1/3551 3567/1/3552
f 556/1/553 3565/1/3553 557/1/554
f 555/1/552 3566/1/3551 556/1/553
f 3567/1/3552 3568/1/3554 3569/1/3555
f 561/1/557 3571/1/3556 558/1/555
f 514/1/511 3570/1/3557 561/1/557
f 3572/1/3558 3531/1/3517 3530/1/3516
f 3573/1/3559 3570/1/3557 3572/1/3558
f 3574/1/3560 3576/1/3561 3577/1/3562
f 568/1/565 3575/1/3563 569/1/566
f 558/1/555 3576/1/3561 568/1/565
f 3577/1/3562 3571/1/3556 3573/1/3559
f 3578/1/3564 3580/1/3565 3581/1/3566
f 3572/1/3558 3579/1/3567 3573/1/3559
f 3530/1/3516 3580/1/3565 3572/1/3558
f 3581/1/3566 3535/1/3521 3534/1/3520
f 3582/1/3568 3584/1/3569 3585/1/3570
f 3577/1/3562 3583/1/3571 3574/1/3560
f 3573/1/3559 3584/1/3569 3577/1/3562
f 3585/1/3570 3579/1/3567 3578/1/3564
f 3586/1/3572 3588/1/3573 3589/1/3574
f 3581/1/3566 3587/1/3575 3578/1/3564
f 3588/1/3573 3581/1/3566 3534/1/3520
f 3589/1/3574 3539/1/3525 3538/1/3524
f 3590/1/3576 3592/1/3577 3593/1/3578
f 3585/1/3570 3591/1/3579 3582/1/3568
f 3578/1/3564 3592/1/3577 3585/1/3570
f 3593/1/3578 3587/1/3575 3586/1/3572
f 3594/1/3580 3586/1/3572 3589/1/3574
f 3538/1/3524 3595/1/3581 3589/1/3574
f 3596/1/3582 3543/1/3529 3542/1/3528
f 3597/1/3583 3595/1/3581 3596/1/3582
f 3598/1/3584 3600/1/3585 3601/1/3586
f 3599/1/3587 3597/1/3583 3596/1/3582
f 3542/1/3528 3600/1/3585 3596/1/3582
f 3601/1/3586 3547/1/3533 3546/1/3532
f 3602/1/3588 3599/1/3587 3598/1/3584
f 3604/1/3589 3603/1/3590 3602/1/3588
f 3597/1/3583 3603/1/3590 3605/1/3591
f 3546/1/3532 3606/1/3592 3601/1/3586
f 3558/1/3544 3551/1/3537 3550/1/3536
f 3561/1/3546 3606/1/3592 3558/1/3544
f 3601/1/3586 3607/1/3593 3598/1/3584
f 3593/1/3578 3609/1/3594 3590/1/3576
f 3586/1/3572 3608/1/3595 3593/1/3578
f 3605/1/3591 3594/1/3580 3597/1/3583
f 3609/1/3594 3605/1/3591 3604/1/3589
f 3610/1/3596 3611/1/3597 3612/1/3598
f 3613/1/3599 3590/1/3576 3609/1/3594
f 3610/1/3596 3609/1/3594 3604/1/3589
f 3614/1/3600 3615/1/3601 3611/1/3597
f 3616/1/3602 3618/1/3603 3619/1/3604
f 3620/1/3605 3618/1/3603 3617/1/3606
f 3621/1/3607 3622/1/3608 3623/1/3609
f 3619/1/3604 3623/1/3609 3461/1/3447
f 3510/1/3496 3624/1/3610 3625/1/3611
f 3462/1/3448 3509/1/3495 3409/1/3395
f 3624/1/3610 3462/1/3448 3461/1/3447
f 3623/1/3609 3622/1/3608 3625/1/3611
f 3598/1/3584 3626/1/3612 3602/1/3588
f 3607/1/3593 3561/1/3546 3627/1/3613
f 3615/1/3601 3626/1/3612 3627/1/3613
f 3602/1/3588 3614/1/3600 3604/1/3589
f 3628/1/3614 3629/1/3615 3630/1/3616
f 3622/1/3608 3631/1/3617 3630/1/3616
f 3632/1/3618 3621/1/3607 3620/1/3605
f 3631/1/3617 3632/1/3618 3633/1/3619
f 3628/1/3614 3633/1/3619 3634/1/3620
f 3634/1/3620 3612/1/3598 3611/1/3597
f 3611/1/3597 3615/1/3601 3635/1/3621
f 3636/1/3622 3635/1/3621 3629/1/3615
f 3637/1/3623 3639/1/3624 3640/1/3625
f 3641/1/3626 3639/1/3624 3638/1/3627
f 3625/1/3611 3642/1/3628 3510/1/3496
f 3622/1/3608 3639/1/3624 3625/1/3611
f 3643/1/3629 3645/1/3630 3646/1/3631
f 3627/1/3613 3644/1/3632 3615/1/3601
f 3561/1/3546 3645/1/3630 3627/1/3613
f 3646/1/3631 3560/1/3545 3563/1/3549
f 3647/1/3633 3629/1/3615 3635/1/3621
f 3615/1/3601 3648/1/3634 3635/1/3621
f 3649/1/3635 3644/1/3632 3643/1/3629
f 3650/1/3636 3648/1/3634 3649/1/3635
f 3651/1/3637 3652/1/3638 3637/1/3623
f 3630/1/3616 3640/1/3625 3622/1/3608
f 3651/1/3637 3630/1/3616 3629/1/3615
f 3652/1/3638 3647/1/3633 3650/1/3636
f 3653/1/3639 3646/1/3631 3563/1/3549
f 3654/1/3640 3655/1/3641 3656/1/3642
f 3643/1/3629 3653/1/3639 3654/1/3640
f 3563/1/3549 3657/1/3643 3655/1/3641
f 3557/1/3543 3562/1/3548 3554/1/3540
f 3657/1/3643 3557/1/3543 3398/1/3384
f 3655/1/3641 3658/1/3644 3656/1/3642
f 3659/1/3645 3660/1/3646 3656/1/3642
f 3401/1/3386 3658/1/3644 3398/1/3384
f 3403/1/3389 3659/1/3645 3401/1/3386
f 3660/1/3646 3661/1/3647 3662/1/3648
f 3663/1/3649 3649/1/3635 3643/1/3629
f 3654/1/3640 3656/1/3642 3664/1/3650
f 3665/1/3651 3663/1/3649 3664/1/3650
f 3649/1/3635 3666/1/3652 3650/1/3636
f 3667/1/3653 3669/1/3654 3670/1/3655
f 3668/1/3656 3637/1/3623 3652/1/3638
f 3650/1/3636 3669/1/3654 3652/1/3638
f 3670/1/3655 3666/1/3652 3665/1/3651
f 3671/1/3657 3673/1/3658 3674/1/3659
f 3672/1/3660 3665/1/3651 3664/1/3650
f 3656/1/3642 3673/1/3658 3664/1/3650
f 3675/1/3661 3676/1/3662 3674/1/3659
f 3677/1/3663 3678/1/3664 3676/1/3662
f 3675/1/3661 3656/1/3642 3660/1/3646
f 3662/1/3648 3677/1/3663 3660/1/3646
f 3678/1/3664 3679/1/3665 3680/1/3666
f 3510/1/3496 3681/1/3667 3507/1/3492
f 3682/1/3668 3642/1/3628 3641/1/3626
f 3683/1/3669 3681/1/3667 3682/1/3668
f 3507/1/3492 3684/1/3670 3508/1/3493
f 3520/1/3506 3685/1/3671 3686/1/3672
f 3515/1/3502 3519/1/3505 3504/1/3490
f 3687/1/3673 3515/1/3502 3514/1/3500
f 3688/1/3674 3685/1/3671 3687/1/3673
f 3687/1/3673 3690/1/3675 3688/1/3674
f 3689/1/3676 3687/1/3673 3514/1/3500
f 3689/1/3676 3513/1/3499 3508/1/3493
f 3684/1/3670 3690/1/3675 3689/1/3676
f 3691/1/3677 3693/1/3678 3694/1/3679
f 3678/1/3664 3692/1/3680 3676/1/3662
f 3680/1/3666 3693/1/3678 3678/1/3664
f 3695/1/3681 3522/1/3508 3694/1/3679
f 3696/1/3682 3697/1/3683 3691/1/3677
f 3696/1/3682 3694/1/3679 3522/1/3508
f 3521/1/3507 3526/1/3512 3698/1/3684
f 3698/1/3684 3699/1/3685 3697/1/3683
f 3424/1/3410 3700/1/3686 3701/1/3687
f 3518/1/3504 3420/1/3409 3419/1/3405
f 3520/1/3506 3700/1/3686 3518/1/3504
f 3701/1/3687 3702/1/3688 3699/1/3685
f 3520/1/3506 3703/1/3689 3702/1/3688
f 3686/1/3672 3688/1/3674 3704/1/3690
f 3705/1/3691 3703/1/3689 3704/1/3690
f 3702/1/3688 3706/1/3692 3699/1/3685
f 3699/1/3685 3707/1/3693 3697/1/3683
f 3708/1/3694 3706/1/3692 3705/1/3691
f 3708/1/3694 3697/1/3683 3707/1/3693
f 3638/1/3627 3710/1/3695 3641/1/3626
f 3709/1/3696 3638/1/3627 3637/1/3623
f 3709/1/3696 3668/1/3656 3667/1/3653
f 3710/1/3695 3711/1/3697 3712/1/3698
f 3676/1/3662 3713/1/3699 3714/1/3700
f 3708/1/3694 3692/1/3680 3691/1/3677
f 3705/1/3691 3713/1/3699 3708/1/3694
f 3714/1/3700 3715/1/3701 3716/1/3702
f 3671/1/3657 3717/1/3703 3718/1/3704
f 3714/1/3700 3674/1/3659 3676/1/3662
f 3716/1/3702 3717/1/3703 3714/1/3700
f 3718/1/3704 3719/1/3705 3712/1/3698
f 3720/1/3706 3718/1/3704 3712/1/3698
f 3670/1/3655 3711/1/3697 3667/1/3653
f 3665/1/3651 3720/1/3706 3670/1/3655
f 3718/1/3704 3672/1/3660 3671/1/3657
f 3721/1/3707 3719/1/3705 3716/1/3702
f 3722/1/3708 3683/1/3669 3682/1/3668
f 3641/1/3626 3722/1/3708 3682/1/3668
f 3712/1/3698 3722/1/3708 3710/1/3695
f 3688/1/3674 3723/1/3709 3704/1/3690
f 3721/1/3707 3690/1/3675 3683/1/3669
f 3716/1/3702 3723/1/3709 3721/1/3707
f 3704/1/3690 3715/1/3701 3705/1/3691
f 3724/1/3710 3726/1/3711 3727/1/3712
f 3728/1/3713 3724/1/3710 3526/1/3512
f 3727/1/3712 3730/1/3714 3724/1/3710
f 3698/1/3684 3729/1/3715 3699/1/3685
f 3526/1/3512 3730/1/3714 3698/1/3684
f 723/1/719 3731/1/3716 3732/1/3717
f 3733/1/3718 726/1/721 731/1/727
f 3734/1/3719 3731/1/3716 3733/1/3718
f 3732/1/3717 3735/1/3720 3736/1/3721
f 3737/1/3722 3735/1/3720 3734/1/3719
f 3738/1/3723 3739/1/3724 3740/1/3725
f 3741/1/3726 3737/1/3722 3738/1/3723
f 3735/1/3720 3742/1/3727 3736/1/3721
f 3743/1/3728 741/1/736 3744/1/3729
f 3732/1/3717 741/1/736 723/1/719
f 3736/1/3721 3744/1/3729 3732/1/3717
f 3744/1/3729 3745/1/3730 3746/1/3731
f 3736/1/3721 3747/1/3732 3745/1/3730
f 3748/1/3733 3742/1/3727 3741/1/3726
f 3749/1/3734 3747/1/3732 3748/1/3733
f 3745/1/3730 3750/1/3735 3746/1/3731
f 3746/1/3731 3751/1/3736 3752/1/3737
f 3753/1/3738 3750/1/3735 3749/1/3734
f 3754/1/3739 3751/1/3736 3753/1/3738
f 3752/1/3737 3755/1/3740 3756/1/3741
f 3699/1/3685 3757/1/3742 3701/1/3687
f 3758/1/3743 3729/1/3715 3727/1/3712
f 3759/1/3744 3757/1/3742 3758/1/3743
f 3701/1/3687 3760/1/3745 3424/1/3410
f 3727/1/3712 3761/1/3746 3762/1/3747
f 3762/1/3747 3763/1/3748 3764/1/3749
f 3764/1/3749 3765/1/3750 3766/1/3751
f 3766/1/3751 3767/1/3752 3768/1/3753
f 3769/1/3754 3770/1/3755 3771/1/3756
f 3772/1/3757 3773/1/3758 3774/1/3759
f 3769/1/3754 3772/1/3757 3740/1/3725
f 3739/1/3724 3734/1/3719 3770/1/3755
f 3734/1/3719 3775/1/3760 3770/1/3755
f 775/1/770 3733/1/3718 731/1/727
f 776/1/772 3775/1/3760 775/1/770
f 3770/1/3755 3776/1/3761 3771/1/3756
f 3425/1/3411 3777/1/3762 3778/1/3763
f 3424/1/3410 3777/1/3762 3423/1/3408
f 3759/1/3744 3777/1/3762 3760/1/3745
f 3778/1/3763 3779/1/3764 3780/1/3765
f 3759/1/3744 3781/1/3766 3782/1/3767
f 3762/1/3747 3758/1/3743 3727/1/3712
f 3764/1/3749 3781/1/3766 3762/1/3747
f 3782/1/3767 3783/1/3768 3784/1/3769
f 3784/1/3769 3785/1/3770 3786/1/3771
f 3766/1/3751 3783/1/3768 3764/1/3749
f 3768/1/3753 3785/1/3770 3766/1/3751
f 3786/1/3771 3787/1/3772 3788/1/3773
f 3788/1/3773 3789/1/3774 3790/1/3775
f 3791/1/3776 3787/1/3772 3768/1/3753
f 3792/1/3777 3789/1/3774 3791/1/3776
f 3790/1/3775 3793/1/3778 3794/1/3779
f 3795/1/3780 3797/1/3781 3798/1/3782
f 3793/1/3778 3796/1/3783 3794/1/3779
f 3792/1/3777 3797/1/3781 3793/1/3778
f 3798/1/3782 3799/1/3784 3800/1/3785
f 3801/1/3786 3803/1/3787 3804/1/3788
f 3802/1/3789 3795/1/3780 3798/1/3782
f 3800/1/3785 3803/1/3787 3798/1/3782
f 3804/1/3788 3805/1/3790 3774/1/3759
f 3804/1/3788 3807/1/3791 3801/1/3786
f 3774/1/3759 3806/1/3792 3804/1/3788
f 3771/1/3756 3806/1/3792 3773/1/3758
f 3808/1/3793 3809/1/3794 3807/1/3791
f 3809/1/3794 3810/1/3795 3811/1/3796
f 3776/1/3761 3808/1/3793 3771/1/3756
f 811/1/806 3776/1/3761 776/1/772
f 3811/1/3796 811/1/806 812/1/808
f 3812/1/3797 3814/1/3798 3815/1/3799
f 3816/1/3800 3813/1/3801 3817/1/3802
f 3818/1/3803 3814/1/3798 3816/1/3800
f 3815/1/3799 3819/1/3804 3820/1/3805
f 3821/1/3806 3823/1/3807 3824/1/3808
f 3825/1/3809 3822/1/3810 3826/1/3811
f 3827/1/3812 3823/1/3807 3825/1/3809
f 3824/1/3808 3828/1/3813 3829/1/3814
f 834/1/829 3830/1/3815 3831/1/3816
f 3832/1/3817 833/1/828 836/1/832
f 3817/1/3802 3830/1/3815 3832/1/3817
f 3831/1/3816 3813/1/3801 3812/1/3797
f 840/1/835 3833/1/3818 3834/1/3819
f 3835/1/3820 839/1/834 842/1/838
f 3826/1/3811 3833/1/3818 3835/1/3820
f 3834/1/3819 3822/1/3810 3821/1/3806
f 3836/1/3821 3838/1/3822 3839/1/3823
f 3840/1/3824 3836/1/3821 3841/1/3825
f 3842/1/3826 3837/1/3827 3840/1/3824
f 3827/1/3812 3837/1/3827 3843/1/3828
f 3844/1/3829 3845/1/3830 3846/1/3831
f 3847/1/3832 3845/1/3830 3848/1/3833
f 3849/1/3834 3846/1/3831 3847/1/3832
f 3818/1/3803 3846/1/3831 3850/1/3835
f 3851/1/3836 3853/1/3837 3854/1/3838
f 3855/1/3839 3852/1/3840 3848/1/3833
f 3842/1/3826 3853/1/3837 3855/1/3839
f 3854/1/3838 3856/1/3841 3857/1/3842
f 868/1/863 3859/1/3843 865/1/861
f 3860/1/3844 3858/1/3845 3861/1/3846
f 3862/1/3847 3859/1/3843 3860/1/3844
f 865/1/861 3863/1/3848 869/1/864
f 3864/1/3849 3866/1/3850 3867/1/3851
f 3868/1/3852 3865/1/3853 3869/1/3854
f 3862/1/3847 3866/1/3850 3868/1/3852
f 3867/1/3851 3870/1/3855 3857/1/3842
f 3871/1/3856 3873/1/3857 3874/1/3858
f 3875/1/3859 3872/1/3860 3876/1/3861
f 3849/1/3834 3873/1/3857 3875/1/3859
f 3874/1/3858 3877/1/3862 3878/1/3863
f 894/1/890 3880/1/3864 893/1/888
f 3881/1/3865 3879/1/3866 3882/1/3867
f 3861/1/3846 3880/1/3864 3881/1/3865
f 893/1/888 3858/1/3845 868/1/863
f 3851/1/3836 3884/1/3868 3885/1/3869
f 3881/1/3865 3883/1/3870 3861/1/3846
f 3882/1/3867 3884/1/3868 3881/1/3865
f 3885/1/3869 3886/1/3871 3878/1/3863
f 3887/1/3872 3889/1/3873 3890/1/3874
f 3891/1/3875 3888/1/3876 3892/1/3877
f 3893/1/3878 3889/1/3873 3891/1/3875
f 3890/1/3874 3894/1/3879 3895/1/3880
f 3896/1/3881 3898/1/3882 3899/1/3883
f 3795/1/3780 3898/1/3882 3897/1/3884
f 3801/1/3786 3898/1/3882 3802/1/3789
f 3899/1/3883 3900/1/3885 3901/1/3886
f 3901/1/3886 3902/1/3887 3903/1/3888
f 3807/1/3791 3900/1/3885 3801/1/3786
f 3809/1/3794 3902/1/3887 3807/1/3791
f 3903/1/3888 3904/1/3889 3905/1/3890
f 3906/1/3891 3908/1/3892 3909/1/3893
f 3910/1/3894 3907/1/3895 3911/1/3896
f 3893/1/3878 3908/1/3892 3910/1/3894
f 3909/1/3893 3891/1/3875 3892/1/3877
f 3905/1/3890 3912/1/3897 3913/1/3898
f 3811/1/3796 3904/1/3889 3809/1/3794
f 812/1/808 3912/1/3897 3811/1/3796
f 3913/1/3898 926/1/921 927/1/923
f 928/1/924 3914/1/3899 3915/1/3900
f 3916/1/3901 931/1/926 933/1/928
f 3911/1/3896 3914/1/3899 3916/1/3901
f 3915/1/3900 3907/1/3895 3906/1/3891
f 3794/1/3779 3917/1/3902 3918/1/3903
f 3897/1/3884 3796/1/3783 3795/1/3780
f 3919/1/3904 3897/1/3884 3896/1/3881
f 3920/1/3905 3917/1/3902 3919/1/3904
f 3439/1/3424 3922/1/3906 3431/1/3416
f 3425/1/3411 3921/1/3907 3439/1/3424
f 3780/1/3765 3921/1/3907 3778/1/3763
f 3922/1/3906 3923/1/3908 3924/1/3909
f 3780/1/3765 3925/1/3910 3926/1/3911
f 3782/1/3767 3779/1/3764 3759/1/3744
f 3784/1/3769 3925/1/3910 3782/1/3767
f 3926/1/3911 3927/1/3912 3928/1/3913
f 3928/1/3913 3929/1/3914 3930/1/3915
f 3786/1/3771 3927/1/3912 3784/1/3769
f 3788/1/3773 3929/1/3914 3786/1/3771
f 3930/1/3915 3931/1/3916 3932/1/3917
f 3932/1/3917 3933/1/3918 3934/1/3919
f 3790/1/3775 3931/1/3916 3788/1/3773
f 3794/1/3779 3933/1/3918 3790/1/3775
f 3934/1/3919 3918/1/3903 3920/1/3905
f 3935/1/3920 3937/1/3921 3938/1/3922
f 3919/1/3904 3936/1/3923 3920/1/3905
f 3896/1/3881 3937/1/3921 3919/1/3904
f 3938/1/3922 3939/1/3924 3940/1/3925
f 3940/1/3925 3941/1/3926 3942/1/3927
f 3899/1/3883 3939/1/3924 3896/1/3881
f 3901/1/3886 3941/1/3926 3899/1/3883
f 3942/1/3927 3943/1/3928 3944/1/3929
f 3944/1/3929 3945/1/3930 3946/1/3931
f 3903/1/3888 3943/1/3928 3901/1/3886
f 3905/1/3890 3945/1/3930 3903/1/3888
f 3946/1/3931 3947/1/3932 3948/1/3933
f 3948/1/3933 3949/1/3934 3950/1/3935
f 3913/1/3898 3947/1/3932 3905/1/3890
f 927/1/923 3949/1/3934 3913/1/3898
f 3950/1/3935 968/1/963 969/1/965
f 3951/1/3936 3953/1/3937 3954/1/3938
f 3890/1/3874 3951/1/3936 3887/1/3872
f 3895/1/3880 3952/1/3939 3890/1/3874
f 3953/1/3937 3955/1/3940 3956/1/3941
f 3957/1/3942 3959/1/3943 3960/1/3944
f 3961/1/3945 3958/1/3946 3957/1/3942
f 3963/1/3947 3962/1/3948 3956/1/3941
f 3871/1/3856 3958/1/3946 3963/1/3947
f 3964/1/3949 3966/1/3950 3967/1/3951
f 3951/1/3936 3965/1/3952 3887/1/3872
f 3954/1/3938 3966/1/3950 3951/1/3936
f 3967/1/3951 3968/1/3953 3969/1/3954
f 3892/1/3877 3970/1/3955 3971/1/3956
f 3965/1/3952 3888/1/3876 3887/1/3872
f 3972/1/3957 3965/1/3952 3964/1/3949
f 3971/1/3956 3972/1/3957 3973/1/3958
f 3944/1/3929 3975/1/3959 3942/1/3927
f 3972/1/3957 3974/1/3960 3973/1/3958
f 3964/1/3949 3975/1/3959 3972/1/3957
f 3942/1/3927 3976/1/3961 3940/1/3925
f 3969/1/3954 3978/1/3962 3967/1/3951
f 3938/1/3922 3977/1/3963 3935/1/3920
f 3940/1/3925 3978/1/3962 3938/1/3922
f 3967/1/3951 3976/1/3961 3964/1/3949
f 3979/1/3964 3981/1/3965 3982/1/3966
f 3909/1/3893 3980/1/3967 3906/1/3891
f 3892/1/3877 3981/1/3965 3909/1/3893
f 3982/1/3966 3971/1/3956 3973/1/3958
f 3948/1/3933 3984/1/3968 3946/1/3931
f 3982/1/3966 3983/1/3969 3979/1/3964
f 3973/1/3958 3984/1/3968 3982/1/3966
f 3946/1/3931 3974/1/3960 3944/1/3929
f 1004/1/1000 3985/1/3970 3986/1/3971
f 3915/1/3900 1007/1/1002 928/1/924
f 3906/1/3891 3985/1/3970 3915/1/3900
f 3986/1/3971 3980/1/3967 3979/1/3964
f 969/1/965 3987/1/3972 3950/1/3935
f 3986/1/3971 1009/1/1005 1004/1/1000
f 3979/1/3964 3987/1/3972 3986/1/3971
f 3950/1/3935 3983/1/3969 3948/1/3933
f 3428/1/3414 3989/1/3973 3432/1/3417
f 3431/1/3416 3988/1/3974 3428/1/3414
f 3990/1/3975 3922/1/3906 3924/1/3909
f 3991/1/3976 3988/1/3974 3990/1/3975
f 3924/1/3909 3992/1/3977 3993/1/3978
f 3926/1/3911 3923/1/3908 3780/1/3765
f 3928/1/3913 3992/1/3977 3926/1/3911
f 3993/1/3978 3994/1/3979 3995/1/3980
f 3995/1/3980 3996/1/3981 3997/1/3982
f 3930/1/3915 3994/1/3979 3928/1/3913
f 3932/1/3917 3996/1/3981 3930/1/3915
f 3997/1/3982 3998/1/3983 3999/1/3984
f 4000/1/3985 4001/1/3986 3999/1/3984
f 3934/1/3919 3998/1/3983 3932/1/3917
f 3920/1/3905 4000/1/3985 3934/1/3919
f 4001/1/3986 3936/1/3923 3935/1/3920
f 3935/1/3920 4003/1/3987 4001/1/3986
f 4004/1/3988 4003/1/3987 4002/1/3989
f 4001/1/3986 4005/1/3990 3999/1/3984
f 4006/1/3991 4008/1/3992 4009/1/3993
f 4002/1/3989 4007/1/3994 4004/1/3988
f 3935/1/3920 4008/1/3992 4002/1/3989
f 4009/1/3993 3977/1/3963 3969/1/3954
f 3969/1/3954 4010/1/3995 4009/1/3993
f 4011/1/3996 3968/1/3953 3954/1/3938
f 4012/1/3997 4010/1/3995 4011/1/3996
f 4009/1/3993 4013/1/3998 4006/1/3991
f 4014/1/3999 1036/1/1032 1039/1/1034
f 4016/1/4000 4014/1/3999 4012/1/3997
f 3961/1/3945 4015/1/4001 4016/1/4000
f 1036/1/1032 4017/1/4002 1040/1/1035
f 3990/1/3975 4019/1/4003 3991/1/3976
f 3924/1/3909 4018/1/4004 3990/1/3975
f 4020/1/4005 3993/1/3978 3995/1/3980
f 4021/1/4006 4018/1/4004 4020/1/4005
f 4020/1/4005 4023/1/4007 4021/1/4006
f 3995/1/3980 4022/1/4008 4020/1/4005
f 4024/1/4009 3997/1/3982 3999/1/3984
f 4025/1/4010 4022/1/4008 4024/1/4009
f 4024/1/4009 4027/1/4011 4025/1/4010
f 4005/1/3990 4024/1/4009 3999/1/3984
f 4028/1/4012 4005/1/3990 4004/1/3988
f 4029/1/4013 4026/1/4014 4028/1/4012
f 4030/1/4015 4032/1/4016 4033/1/4017
f 4006/1/3991 4031/1/4018 4030/1/4015
f 4012/1/3997 4031/1/4018 4013/1/3998
f 4014/1/3999 1039/1/1034 4032/1/4016
f 4033/1/4017 4035/1/4019 4030/1/4015
f 4028/1/4012 4034/1/4020 4029/1/4013
f 4004/1/3988 4035/1/4019 4028/1/4012
f 4030/1/4015 4007/1/3994 4006/1/3991
f 4033/1/4017 4036/1/4021 4037/1/4022
f 1066/1/1062 4032/1/4016 1039/1/1034
f 1065/1/1061 4036/1/4021 1066/1/1062
f 4037/1/4022 4038/1/4023 4039/1/4024
f 4039/1/4024 4040/1/4025 4041/1/4026
f 1072/1/1068 4038/1/4023 1065/1/1061
f 4042/1/4027 1072/1/1068 1071/1/1067
f 4041/1/4026 4042/1/4027 4043/1/4028
f 557/1/554 4044/1/4029 1073/1/1071
f 4045/1/4030 3565/1/3553 3564/1/3550
f 4046/1/4031 4044/1/4029 4045/1/4030
f 1073/1/1071 4047/1/4032 1076/1/1072
f 4029/1/4013 4048/1/4033 4049/1/4034
f 4037/1/4022 4034/1/4020 4033/1/4017
f 4039/1/4024 4048/1/4033 4037/1/4022
f 4049/1/4034 4041/1/4026 4043/1/4028
f 3564/1/3550 4051/1/4035 4045/1/4030
f 4050/1/4036 4052/1/4037 4053/1/4038
f 4054/1/4039 4051/1/4035 4053/1/4038
f 4045/1/4030 4055/1/4040 4046/1/4031
f 1090/1/1085 4056/1/4041 4057/1/4042
f 1076/1/1072 4056/1/4041 1089/1/1084
f 4047/1/4032 4046/1/4031 4058/1/4043
f 4059/1/4044 4056/1/4041 4058/1/4043
f 1071/1/1067 4060/1/4045 4042/1/4027
f 4057/1/4042 1094/1/1089 1090/1/1085
f 4059/1/4044 4060/1/4045 4057/1/4042
f 4042/1/4027 4061/1/4046 4043/1/4028
f 4062/1/4047 4063/1/4048 4064/1/4049
f 3619/1/3604 4065/1/4050 3616/1/3602
f 4062/1/4047 3619/1/3604 3461/1/3447
f 3460/1/3446 3465/1/3451 4063/1/4048
f 4066/1/4051 4067/1/4052 4068/1/4053
f 4069/1/4054 4071/1/4055 4068/1/4053
f 4070/1/4056 4072/1/4057 4073/1/4058
f 4071/1/4055 4073/1/4058 4074/1/4059
f 4075/1/4060 4077/1/4061 4078/1/4062
f 3633/1/3619 4076/1/4063 4075/1/4060
f 3620/1/3605 4076/1/4063 3632/1/3618
f 4078/1/4062 4079/1/4064 4080/1/4065
f 3617/1/3606 4077/1/4061 3620/1/3605
f 3616/1/3602 4079/1/4064 3617/1/3606
f 4080/1/4065 4065/1/4050 4064/1/4049
f 4078/1/4062 4081/1/4066 4082/1/4067
f 4083/1/4068 4080/1/4065 4064/1/4049
f 4084/1/4069 4081/1/4066 4083/1/4068
f 4082/1/4067 4085/1/4070 4086/1/4071
f 4085/1/4070 4084/1/4069 4087/1/4072
f 4088/1/4073 4087/1/4072 4067/1/4052
f 4089/1/4074 4066/1/4051 4074/1/4059
f 4086/1/4071 4088/1/4073 4089/1/4074
f 4052/1/4037 4090/1/4075 4091/1/4076
f 3567/1/3552 4050/1/4036 3564/1/3550
f 3569/1/3555 4090/1/4075 3567/1/3552
f 4091/1/4076 4092/1/4077 4093/1/4078
f 3582/1/3568 4094/1/4079 4095/1/4080
f 3613/1/3599 3591/1/3579 3590/1/3576
f 3612/1/3598 4094/1/4079 3613/1/3599
f 4096/1/4081 4097/1/4082 4095/1/4080
f 4098/1/4083 4097/1/4082 4096/1/4081
f 3634/1/3620 4096/1/4081 3612/1/3598
f 4075/1/4060 3634/1/3620 3633/1/3619
f 4078/1/4062 4099/1/4084 4075/1/4060
f 4093/1/4078 4101/1/4085 4091/1/4076
f 4073/1/4058 4100/1/4086 4074/1/4059
f 4072/1/4057 4101/1/4085 4073/1/4058
f 4091/1/4076 4102/1/4087 4052/1/4037
f 3569/1/3555 4103/1/4088 4104/1/4089
f 1142/1/1137 3568/1/3554 555/1/552
f 1141/1/1136 4103/1/4088 1142/1/1137
f 4104/1/4089 4105/1/4090 4106/1/4091
f 4089/1/4074 4108/1/4092 4086/1/4071
f 4074/1/4059 4107/1/4093 4089/1/4074
f 4109/1/4094 4100/1/4086 4093/1/4078
f 4110/1/4095 4107/1/4093 4109/1/4094
f 4110/1/4095 4112/1/4096 4113/1/4097
f 4112/1/4096 4111/1/4098 4106/1/4091
f 4113/1/4097 4114/1/4099 4097/1/4082
f 3574/1/3560 4115/1/4100 4116/1/4101
f 4095/1/4080 3583/1/3571 3582/1/3568
f 4097/1/4082 4115/1/4100 4095/1/4080
f 4116/1/4101 4114/1/4099 4106/1/4091
f 4110/1/4095 4117/1/4102 4111/1/4098
f 4093/1/4078 4117/1/4102 4109/1/4094
f 4104/1/4089 4092/1/4077 3569/1/3555
f 4111/1/4098 4104/1/4089 4106/1/4091
f 4106/1/4091 4118/1/4103 4116/1/4101
f 1155/1/1150 4105/1/4090 1141/1/1136
f 569/1/566 4118/1/4103 1155/1/1150
f 4116/1/4101 3575/1/3563 3574/1/3560
f 4097/1/4082 4119/1/4104 4113/1/4097
f 4082/1/4067 4098/1/4083 4078/1/4062
f 4086/1/4071 4119/1/4104 4082/1/4067
f 4113/1/4097 4108/1/4092 4110/1/4095
f 3412/1/3398 4120/1/4105 4121/1/4106
f 3500/1/3486 3414/1/3402 3413/1/3399
f 3499/1/3485 4120/1/4105 3500/1/3486
f 4121/1/4106 4122/1/4107 4123/1/4108
f 4124/1/4109 4125/1/4110 3499/1/3485
f 3498/1/3484 3454/1/3440 3457/1/3442
f 3457/1/3442 4126/1/4111 4124/1/4109
f 4127/1/4112 4124/1/4109 4126/1/4111
f 4126/1/4111 4129/1/4113 4127/1/4112
f 3467/1/3453 4126/1/4111 3459/1/3445
f 4130/1/4114 3467/1/3453 3469/1/3455
f 4131/1/4115 4128/1/4116 4130/1/4114
f 4132/1/4117 4134/1/4118 4135/1/4119
f 4130/1/4114 4133/1/4120 4131/1/4115
f 3469/1/3455 4134/1/4118 4130/1/4114
f 4135/1/4119 3471/1/3456 3473/1/3458
f 4136/1/4121 4138/1/4122 4139/1/4123
f 4135/1/4119 4137/1/4124 4132/1/4117
f 3473/1/3458 4138/1/4122 4135/1/4119
f 3483/1/3469 3482/1/3468 4139/1/4123
f 3482/1/3468 4140/1/4125 4139/1/4123
f 4141/1/4126 3493/1/3481 3492/1/3478
f 4142/1/4127 4140/1/4125 4141/1/4126
f 4139/1/4123 4143/1/4128 4136/1/4121
f 4144/1/4129 4146/1/4130 4147/1/4131
f 4142/1/4127 4145/1/4132 4144/1/4129
f 4149/1/4133 4148/1/4134 4150/1/4135
f 4151/1/4136 4145/1/4132 4149/1/4133
f 4136/1/4121 4152/1/4137 4153/1/4138
f 4144/1/4129 4143/1/4128 4142/1/4127
f 4147/1/4131 4152/1/4137 4144/1/4129
f 4153/1/4138 4154/1/4139 4155/1/4140
f 4156/1/4141 4158/1/4142 4159/1/4143
f 4132/1/4117 4157/1/4144 4156/1/4141
f 4153/1/4138 4137/1/4124 4136/1/4121
f 4155/1/4140 4157/1/4144 4153/1/4138
f 4131/1/4115 4160/1/4145 4161/1/4146
f 4156/1/4141 4133/1/4120 4132/1/4117
f 4160/1/4145 4156/1/4141 4159/1/4143
f 4161/1/4146 4162/1/4147 4163/1/4148
f 4127/1/4112 4164/1/4149 4165/1/4150
f 4161/1/4146 4129/1/4113 4131/1/4115
f 4163/1/4148 4164/1/4149 4161/1/4146
f 4165/1/4150 4166/1/4151 4167/1/4152
f 4168/1/4153 4165/1/4150 4167/1/4152
f 4169/1/4154 4123/1/4108 4122/1/4107
f 3499/1/3485 4168/1/4153 4122/1/4107
f 4125/1/4110 4127/1/4112 4165/1/4150
f 4170/1/4155 4172/1/4156 4173/1/4157
f 3407/1/3392 4171/1/4158 3404/1/3390
f 4121/1/4106 3407/1/3392 3412/1/3398
f 4123/1/4108 4172/1/4156 4121/1/4106
f 4174/1/4159 4175/1/4160 4150/1/4135
f 4148/1/4134 4142/1/4127 4141/1/4126
f 3492/1/3478 4174/1/4159 4141/1/4126
f 4175/1/4160 4176/1/4161 4177/1/4162
f 4177/1/4162 4178/1/4163 4179/1/4164
f 3495/1/3480 4176/1/4161 3492/1/3478
f 3490/1/3476 4178/1/4163 3495/1/3480
f 4179/1/4164 4180/1/4165 4181/1/4166
f 4175/1/4160 4183/1/4167 4150/1/4135
f 4177/1/4162 4182/1/4168 4175/1/4160
f 4185/1/4169 4184/1/4170 4186/1/4171
f 4187/1/4172 4182/1/4168 4185/1/4169
f 4188/1/4173 4190/1/4174 4191/1/4175
f 4149/1/4133 4189/1/4176 4151/1/4136
f 4150/1/4135 4190/1/4174 4149/1/4133
f 4191/1/4175 4183/1/4167 4187/1/4172
f 4192/1/4177 4193/1/4178 4194/1/4179
f 4189/1/4176 4195/1/4180 4151/1/4136
f 4196/1/4181 4189/1/4176 4188/1/4173
f 4192/1/4177 4196/1/4181 4197/1/4182
f 4198/1/4183 4151/1/4136 4195/1/4180
f 4195/1/4180 4199/1/4184 4200/1/4185
f 4199/1/4184 4201/1/4186 4202/1/4187
f 4203/1/4188 4200/1/4185 4202/1/4187
f 4147/1/4131 4204/1/4189 4205/1/4190
f 4198/1/4183 4146/1/4130 4151/1/4136
f 4203/1/4188 4204/1/4189 4198/1/4183
f 4205/1/4190 4206/1/4191 4207/1/4192
f 4155/1/4140 4208/1/4193 4209/1/4194
f 4205/1/4190 4154/1/4139 4147/1/4131
f 4207/1/4192 4208/1/4193 4205/1/4190
f 4209/1/4194 4210/1/4195 4211/1/4196
f 4159/1/4143 4212/1/4197 4213/1/4198
f 4209/1/4194 4158/1/4142 4155/1/4140
f 4211/1/4196 4212/1/4197 4209/1/4194
f 4213/1/4198 4214/1/4199 4215/1/4200
f 4162/1/4147 4217/1/4201 4163/1/4148
f 4213/1/4198 4162/1/4147 4159/1/4143
f 4215/1/4200 4216/1/4202 4213/1/4198
f 4219/1/4203 4216/1/4202 4218/1/4204
f 3465/1/3451 4220/1/4205 4221/1/4206
f 4171/1/4158 3464/1/3450 3404/1/3390
f 4170/1/4155 4220/1/4205 4171/1/4158
f 4221/1/4206 4222/1/4207 4223/1/4208
f 4123/1/4108 4224/1/4209 4173/1/4157
f 4225/1/4210 4169/1/4154 4167/1/4152
f 4226/1/4211 4225/1/4210 4227/1/4212
f 4224/1/4209 4226/1/4211 4170/1/4155
f 4163/1/4148 4228/1/4213 4166/1/4151
f 4229/1/4214 4217/1/4201 4219/1/4203
f 4227/1/4212 4228/1/4213 4229/1/4214
f 4166/1/4151 4225/1/4210 4167/1/4152
f 4223/1/4208 4230/1/4215 4231/1/4216
f 4226/1/4211 4222/1/4207 4170/1/4155
f 4227/1/4212 4230/1/4215 4226/1/4211
f 4231/1/4216 4232/1/4217 4233/1/4218
f 4234/1/4219 4087/1/4072 4084/1/4069
f 4064/1/4049 4234/1/4219 4083/1/4068
f 4236/1/4220 4234/1/4219 4235/1/4221
f 4237/1/4222 4067/1/4052 4087/1/4072
f 4233/1/4218 4238/1/4223 4239/1/4224
f 4229/1/4214 4232/1/4217 4227/1/4212
f 4219/1/4203 4238/1/4223 4229/1/4214
f 4239/1/4224 4240/1/4225 4241/1/4226
f 4063/1/4048 4235/1/4221 4064/1/4049
f 4221/1/4206 4063/1/4048 3465/1/3451
f 4223/1/4208 4242/1/4227 4221/1/4206
f 4235/1/4221 4243/1/4228 4236/1/4220
f 4223/1/4208 4244/1/4229 4243/1/4228
f 4239/1/4224 4231/1/4216 4233/1/4218
f 4241/1/4226 4244/1/4229 4239/1/4224
f 4243/1/4228 4245/1/4230 4236/1/4220
f 4067/1/4052 4246/1/4231 4068/1/4053
f 4247/1/4232 4237/1/4222 4236/1/4220
f 4248/1/4233 4246/1/4231 4247/1/4232
f 4068/1/4053 4249/1/4234 4069/1/4054
f 4250/1/4235 4252/1/4236 4253/1/4237
f 4214/1/4199 4251/1/4238 4215/1/4200
f 4211/1/4196 4252/1/4236 4214/1/4199
f 4253/1/4237 4254/1/4239 4255/1/4240
f 4241/1/4226 4256/1/4241 4257/1/4242
f 4218/1/4204 4240/1/4225 4219/1/4203
f 4215/1/4200 4256/1/4241 4218/1/4204
f 4257/1/4242 4251/1/4238 4250/1/4235
f 4236/1/4220 4258/1/4243 4247/1/4232
f 4257/1/4242 4245/1/4230 4241/1/4226
f 4250/1/4235 4258/1/4243 4257/1/4242
f 4247/1/4232 4259/1/4244 4248/1/4233
f 4211/1/4196 4260/1/4245 4254/1/4239
f 4261/1/4246 4210/1/4195 4207/1/4192
f 4262/1/4247 4261/1/4246 4263/1/4248
f 4255/1/4240 4260/1/4245 4262/1/4247
f 4248/1/4233 4264/1/4249 4265/1/4250
f 4253/1/4237 4259/1/4244 4250/1/4235
f 4255/1/4240 4264/1/4249 4253/1/4237
f 4265/1/4250 4266/1/4251 4267/1/4252
f 4207/1/4192 4268/1/4253 4261/1/4246
f 4269/1/4254 4206/1/4191 4203/1/4188
f 4270/1/4255 4269/1/4254 4271/1/4256
f 4263/1/4248 4268/1/4253 4270/1/4255
f 4203/1/4188 4272/1/4257 4269/1/4254
f 4273/1/4258 4202/1/4187 4201/1/4186
f 4274/1/4259 4272/1/4257 4273/1/4258
f 4271/1/4256 4272/1/4257 4275/1/4260
f 4276/1/4261 4278/1/4262 4279/1/4263
f 4196/1/4181 4277/1/4264 4197/1/4182
f 4188/1/4173 4278/1/4262 4196/1/4181
f 4278/1/4262 4281/1/4265 4279/1/4263
f 4188/1/4173 4282/1/4266 4280/1/4267
f 4283/1/4268 4191/1/4175 4187/1/4172
f 4284/1/4269 4282/1/4266 4283/1/4268
f 4280/1/4267 4285/1/4270 4281/1/4265
f 4185/1/4169 4283/1/4268 4187/1/4172
f 4286/1/4271 4185/1/4169 4186/1/4171
f 4286/1/4271 4287/1/4272 4288/1/4273
f 4289/1/4274 4284/1/4269 4283/1/4268
f 4069/1/4054 4290/1/4275 4291/1/4276
f 4265/1/4250 4249/1/4234 4248/1/4233
f 4267/1/4252 4290/1/4275 4265/1/4250
f 4291/1/4276 4292/1/4277 4293/1/4278
f 4267/1/4252 4294/1/4279 4295/1/4280
f 4262/1/4247 4266/1/4251 4255/1/4240
f 4263/1/4248 4294/1/4279 4262/1/4247
f 4295/1/4280 4296/1/4281 4297/1/4282
f 4293/1/4278 4298/1/4283 4299/1/4284
f 4295/1/4280 4292/1/4277 4267/1/4252
f 4297/1/4282 4298/1/4283 4295/1/4280
f 4299/1/4284 4300/1/4285 4301/1/4286
f 4302/1/4287 4304/1/4288 4305/1/4289
f 4301/1/4286 4304/1/4288 4303/1/4290
f 4306/1/4291 4300/1/4285 4297/1/4282
f 4305/1/4289 4306/1/4291 4307/1/4292
f 4302/1/4287 4309/1/4293 4310/1/4294
f 4311/1/4295 4308/1/4296 4312/1/4297
f 4284/1/4269 4309/1/4293 4311/1/4295
f 4310/1/4294 4289/1/4274 4288/1/4273
f 4297/1/4282 4313/1/4298 4306/1/4291
f 4270/1/4255 4296/1/4281 4263/1/4248
f 4271/1/4256 4313/1/4298 4270/1/4255
f 4306/1/4291 4314/1/4299 4307/1/4292
f 4276/1/4261 4315/1/4300 4316/1/4301
f 4317/1/4302 4279/1/4263 4281/1/4265
f 4318/1/4303 4315/1/4300 4317/1/4302
f 4316/1/4301 4319/1/4304 4320/1/4305
f 4281/1/4265 4321/1/4306 4317/1/4302
f 4311/1/4295 4285/1/4270 4284/1/4269
f 4312/1/4297 4321/1/4306 4311/1/4295
f 4317/1/4302 4322/1/4307 4318/1/4303
f 4312/1/4297 4323/1/4308 4322/1/4307
f 4305/1/4289 4308/1/4296 4302/1/4287
f 4324/1/4309 4305/1/4289 4307/1/4292
f 4322/1/4307 4324/1/4309 4318/1/4303
f 4318/1/4303 4325/1/4310 4319/1/4304
f 4324/1/4309 4307/1/4292 4326/1/4311
f 4327/1/4312 4325/1/4310 4326/1/4311
f 4319/1/4304 4328/1/4313 4320/1/4305
f 4307/1/4292 4329/1/4314 4326/1/4311
f 4275/1/4260 4314/1/4299 4271/1/4256
f 4330/1/4315 4275/1/4260 4274/1/4259
f 4326/1/4311 4330/1/4315 4327/1/4312
f 4331/1/4316 4328/1/4313 4327/1/4312
f 4333/1/4317 4332/1/4318 4331/1/4316
f 4320/1/4305 4332/1/4318 4334/1/4319
f 4335/1/4320 4337/1/4321 4338/1/4322
f 4316/1/4301 4335/1/4320 4276/1/4261
f 4320/1/4305 4336/1/4323 4316/1/4301
f 4337/1/4321 4334/1/4319 4333/1/4317
f 4052/1/4037 4339/1/4324 4053/1/4038
f 4340/1/4325 4102/1/4087 4072/1/4057
f 4341/1/4326 4339/1/4324 4340/1/4325
f 4342/1/4327 4054/1/4039 4053/1/4038
f 4072/1/4057 4343/1/4328 4340/1/4325
f 4291/1/4276 4070/1/4056 4069/1/4054
f 4293/1/4278 4343/1/4328 4291/1/4276
f 4340/1/4325 4344/1/4329 4341/1/4326
f 4345/1/4330 4059/1/4044 4058/1/4043
f 4046/1/4031 4346/1/4331 4058/1/4043
f 4347/1/4332 4055/1/4040 4054/1/4039
f 4348/1/4333 4346/1/4331 4347/1/4332
f 4054/1/4039 4349/1/4334 4347/1/4332
f 4350/1/4335 4342/1/4327 4341/1/4326
f 4351/1/4336 4349/1/4334 4350/1/4335
f 4347/1/4332 4352/1/4337 4348/1/4333
f 4061/1/4046 4354/1/4338 4043/1/4028
f 4059/1/4044 4353/1/4339 4061/1/4046
f 4355/1/4340 4345/1/4330 4348/1/4333
f 4356/1/4341 4353/1/4339 4355/1/4340
f 4357/1/4342 4359/1/4343 4360/1/4344
f 4021/1/4006 4358/1/4345 4357/1/4342
f 4361/1/4346 4023/1/4007 4025/1/4010
f 4356/1/4341 4358/1/4345 4361/1/4346
f 4361/1/4346 4354/1/4338 4356/1/4341
f 4025/1/4010 4362/1/4347 4361/1/4346
f 4049/1/4034 4027/1/4011 4029/1/4013
f 4043/1/4028 4362/1/4347 4049/1/4034
f 3486/1/3472 4364/1/4348 3487/1/3473
f 3432/1/3417 4363/1/4349 3486/1/3472
f 4365/1/4350 3989/1/3973 3991/1/3976
f 4366/1/4351 4363/1/4349 4365/1/4350
f 4301/1/4286 4367/1/4352 4368/1/4353
f 4310/1/4294 4303/1/4290 4302/1/4287
f 4288/1/4273 4367/1/4352 4310/1/4294
f 4368/1/4353 4369/1/4354 4370/1/4355
f 4299/1/4284 4344/1/4329 4293/1/4278
f 4301/1/4286 4371/1/4356 4299/1/4284
f 4368/1/4353 4370/1/4355 4372/1/4357
f 4371/1/4356 4372/1/4357 4341/1/4326
f 4351/1/4336 4373/1/4358 4374/1/4359
f 4350/1/4335 4341/1/4326 4372/1/4357
f 4373/1/4358 4372/1/4357 4370/1/4355
f 4374/1/4359 4375/1/4360 4376/1/4361
f 4348/1/4333 4377/1/4362 4355/1/4340
f 4374/1/4359 4352/1/4337 4351/1/4336
f 4376/1/4361 4377/1/4362 4374/1/4359
f 4355/1/4340 4378/1/4363 4356/1/4341
f 4365/1/4350 4380/1/4364 4366/1/4351
f 3991/1/3976 4379/1/4365 4365/1/4350
f 4357/1/4342 4019/1/4003 4021/1/4006
f 4360/1/4344 4379/1/4365 4357/1/4342
f 4381/1/4366 4382/1/4367 4181/1/4166
f 3489/1/3475 4180/1/4165 3490/1/3476
f 3487/1/3473 4381/1/4366 3489/1/3475
f 4364/1/4348 4366/1/4351 4382/1/4367
f 4383/1/4368 4382/1/4367 4366/1/4351
f 4384/1/4369 4385/1/4370 4386/1/4371
f 4382/1/4367 4384/1/4369 4181/1/4166
f 4360/1/4344 4387/1/4372 4380/1/4364
f 4378/1/4363 4359/1/4343 4356/1/4341
f 4376/1/4361 4387/1/4372 4378/1/4363
f 4380/1/4364 4388/1/4373 4366/1/4351
f 4388/1/4373 4376/1/4361 4375/1/4360
f 4375/1/4360 4370/1/4355 4389/1/4374
f 4386/1/4371 4390/1/4375 4389/1/4374
f 4390/1/4375 4385/1/4370 4366/1/4351
f 4391/1/4376 4384/1/4369 4386/1/4371
f 4391/1/4376 4392/1/4377 4186/1/4171
f 4179/1/4164 4184/1/4170 4177/1/4162
f 4181/1/4166 4391/1/4376 4179/1/4164
f 4369/1/4354 4288/1/4273 4287/1/4272
f 4287/1/4272 4186/1/4171 4392/1/4377
f 4393/1/4378 4392/1/4377 4386/1/4371
f 4369/1/4354 4389/1/4374 4370/1/4355
f 4394/1/4379 4396/1/4380 4397/1/4381
f 4395/1/4382 4398/1/4383 4399/1/4384
f 4400/1/4385 4396/1/4380 4399/1/4384
f 4397/1/4381 4401/1/4386 4402/1/4387
f 4398/1/4383 4404/1/4388 4399/1/4384
f 4405/1/4389 4403/1/4390 4406/1/4391
f 4407/1/4392 4404/1/4388 4405/1/4389
f 4399/1/4384 4408/1/4393 4400/1/4385
f 4409/1/4394 4411/1/4395 4412/1/4396
f 4413/1/4397 4410/1/4398 4414/1/4399
f 4415/1/4400 4411/1/4395 4413/1/4397
f 4412/1/4396 4416/1/4401 4417/1/4402
f 4418/1/4403 1456/1/1454 1455/1/1450
f 4412/1/4396 4418/1/4403 4409/1/4394
f 4417/1/4402 4419/1/4404 4412/1/4396
f 1456/1/1454 4420/1/4405 1460/1/1455
f 4417/1/4402 4421/1/4406 4422/1/4407
f 4423/1/4408 4416/1/4401 4415/1/4400
f 4423/1/4408 4425/1/4409 4421/1/4406
f 4426/1/4410 4421/1/4406 4425/1/4409
f 1470/1/1464 4427/1/4411 4428/1/4412
f 4420/1/4405 1469/1/1463 1460/1/1455
f 4417/1/4402 4427/1/4411 4420/1/4405
f 4428/1/4412 4422/1/4407 4426/1/4410
f 1474/1/1468 4429/1/4413 4430/1/4414
f 4428/1/4412 1473/1/1467 1470/1/1464
f 4426/1/4410 4429/1/4413 4428/1/4412
f 4430/1/4414 4431/1/4415 4432/1/4416
f 4433/1/4417 4435/1/4418 4436/1/4419
f 4437/1/4420 4434/1/4421 4438/1/4422
f 1484/1/1479 4435/1/4418 4437/1/4420
f 4436/1/4419 1482/1/1478 1481/1/1475
f 4432/1/4416 4439/1/4423 4440/1/4424
f 4425/1/4409 4431/1/4415 4426/1/4410
f 4424/1/4425 4439/1/4423 4425/1/4409
f 4440/1/4424 4441/1/4426 4442/1/4427
f 4443/1/4428 4445/1/4429 4446/1/4430
f 4436/1/4419 4444/1/4431 4433/1/4417
f 1481/1/1475 4445/1/4429 4436/1/4419
f 4446/1/4430 1495/1/1490 1494/1/1488
f 4447/1/4432 4449/1/4433 4450/1/4434
f 4395/1/4382 4448/1/4435 4398/1/4383
f 4394/1/4379 4449/1/4433 4395/1/4382
f 4450/1/4434 4451/1/4436 4452/1/4437
f 4452/1/4437 4454/1/4438 4450/1/4434
f 4440/1/4424 4453/1/4439 4432/1/4416
f 4442/1/4427 4454/1/4438 4440/1/4424
f 4450/1/4434 4455/1/4440 4447/1/4432
f 1494/1/1488 4456/1/4441 4446/1/4430
f 4430/1/4414 1506/1/1500 1474/1/1468
f 4432/1/4416 4456/1/4441 4430/1/4414
f 4446/1/4430 4457/1/4442 4443/1/4428
f 3841/1/3825 4458/1/4443 4459/1/4444
f 3839/1/3823 4458/1/4443 3836/1/3821
f 4461/1/4445 4460/1/4446 4462/1/4447
f 4459/1/4444 4461/1/4445 4402/1/4387
f 4452/1/4437 4463/1/4448 4464/1/4449
f 4465/1/4450 4451/1/4436 4394/1/4379
f 4466/1/4451 4463/1/4448 4465/1/4450
f 4464/1/4449 4467/1/4452 4468/1/4453
f 4466/1/4451 4470/1/4454 4471/1/4455
f 4472/1/4456 4469/1/4457 4462/1/4447
f 4438/1/4422 4470/1/4454 4472/1/4456
f 4471/1/4455 4434/1/4421 4433/1/4417
f 4433/1/4417 4473/1/4458 4471/1/4455
f 4474/1/4459 4444/1/4431 4443/1/4428
f 4468/1/4453 4473/1/4458 4474/1/4459
f 4471/1/4455 4467/1/4452 4466/1/4451
f 4443/1/4428 4475/1/4460 4474/1/4459
f 4453/1/4439 4457/1/4442 4432/1/4416
f 4452/1/4437 4475/1/4460 4453/1/4439
f 4474/1/4459 4464/1/4449 4468/1/4453
f 4476/1/4461 4478/1/4462 4479/1/4463
f 4477/1/4464 4480/1/4465 4481/1/4466
f 4406/1/4391 4478/1/4462 4481/1/4466
f 4479/1/4463 4403/1/4390 4398/1/4383
f 4482/1/4467 4484/1/4468 4485/1/4469
f 4476/1/4461 4483/1/4470 4482/1/4467
f 4448/1/4435 4479/1/4463 4398/1/4383
f 4447/1/4432 4483/1/4470 4448/1/4435
f 4485/1/4469 4486/1/4471 4487/1/4472
f 4455/1/4440 4484/1/4468 4447/1/4432
f 4455/1/4440 4488/1/4473 4486/1/4471
f 4487/1/4472 4488/1/4473 4489/1/4474
f 4489/1/4474 4490/1/4475 4491/1/4476
f 4488/1/4473 4441/1/4426 4490/1/4475
f 4424/1/4425 4490/1/4475 4441/1/4426
f 4491/1/4476 4492/1/4477 4493/1/4478
f 4493/1/4478 4494/1/4479 4495/1/4480
f 4423/1/4408 4492/1/4477 4424/1/4425
f 4415/1/4400 4494/1/4479 4423/1/4408
f 4495/1/4480 4496/1/4481 4497/1/4482
f 4497/1/4482 4498/1/4483 4499/1/4484
f 4413/1/4397 4496/1/4481 4415/1/4400
f 4414/1/4399 4498/1/4483 4413/1/4397
f 4499/1/4484 4500/1/4485 4501/1/4486
f 4502/1/4487 4504/1/4488 4505/1/4489
f 4506/1/4490 4503/1/4491 4502/1/4487
f 4503/1/4491 4507/1/4492 4508/1/4493
f 4504/1/4488 4509/1/4494 4510/1/4495
f 4510/1/4495 4511/1/4496 4512/1/4497
f 4513/1/4498 4509/1/4494 4508/1/4493
f 4514/1/4499 4511/1/4496 4513/1/4498
f 4512/1/4497 4515/1/4500 4516/1/4501
f 4516/1/4501 4517/1/4502 4518/1/4503
f 4519/1/4504 4515/1/4500 4514/1/4499
f 4520/1/4505 4517/1/4502 4519/1/4504
f 4518/1/4503 4521/1/4506 4522/1/4507
f 4522/1/4507 4523/1/4508 4524/1/4509
f 4525/1/4510 4521/1/4506 4520/1/4505
f 4526/1/4511 4523/1/4508 4525/1/4510
f 4524/1/4509 4527/1/4512 4528/1/4513
f 4529/1/4514 4531/1/4515 4532/1/4516
f 4524/1/4509 4530/1/4517 4522/1/4507
f 4528/1/4513 4531/1/4515 4524/1/4509
f 4533/1/4518 4532/1/4516 4531/1/4515
f 4528/1/4513 4535/1/4519 4536/1/4520
f 4537/1/4521 4527/1/4512 4526/1/4511
f 4538/1/4522 4537/1/4521 4539/1/4523
f 4536/1/4520 4538/1/4522 4540/1/4524
f 4541/1/4525 4543/1/4526 4544/1/4527
f 4538/1/4522 4542/1/4528 4540/1/4524
f 4539/1/4523 4543/1/4526 4538/1/4522
f 4544/1/4527 4545/1/4529 4546/1/4530
f 4547/1/4531 4549/1/4532 4550/1/4533
f 4544/1/4527 4548/1/4534 4541/1/4525
f 4546/1/4530 4549/1/4532 4544/1/4527
f 4550/1/4533 4551/1/4535 4552/1/4536
f 4553/1/4537 4555/1/4538 4556/1/4539
f 4518/1/4503 4554/1/4540 4516/1/4501
f 4522/1/4507 4555/1/4538 4518/1/4503
f 4556/1/4539 4530/1/4517 4529/1/4514
f 4534/1/4541 4557/1/4542 4558/1/4543
f 4536/1/4520 4533/1/4518 4528/1/4513
f 4540/1/4524 4557/1/4542 4536/1/4520
f 4559/1/4544 4560/1/4545 4558/1/4543
f 4561/1/4546 4563/1/4547 4564/1/4548
f 4512/1/4497 4562/1/4549 4510/1/4495
f 4516/1/4501 4563/1/4547 4512/1/4497
f 4564/1/4548 4554/1/4540 4553/1/4537
f 4532/1/4516 4556/1/4539 4529/1/4514
f 4558/1/4543 4532/1/4516 4534/1/4541
f 4560/1/4545 4565/1/4550 4558/1/4543
f 4556/1/4539 4566/1/4551 4553/1/4537
f 4567/1/4552 4564/1/4548 4553/1/4537
f 4568/1/4553 4566/1/4551 4560/1/4545
f 4569/1/4554 4567/1/4552 4568/1/4553
f 4570/1/4555 4561/1/4546 4564/1/4548
f 4569/1/4554 4571/1/4556 4572/1/4557
f 4560/1/4545 4571/1/4556 4568/1/4553
f 4542/1/4528 4559/1/4544 4540/1/4524
f 4572/1/4557 4542/1/4528 4541/1/4525
f 4573/1/4558 4575/1/4559 4576/1/4560
f 4577/1/4561 4574/1/4562 4573/1/4558
f 4505/1/4489 4574/1/4562 4578/1/4563
f 4576/1/4560 4579/1/4564 4580/1/4565
f 4504/1/4488 4575/1/4559 4505/1/4489
f 4510/1/4495 4579/1/4564 4504/1/4488
f 4580/1/4565 4562/1/4549 4561/1/4546
f 4581/1/4566 4583/1/4567 4584/1/4568
f 4502/1/4487 4582/1/4569 4506/1/4490
f 4505/1/4489 4583/1/4567 4502/1/4487
f 4584/1/4568 4578/1/4563 4577/1/4561
f 4585/1/4570 4587/1/4571 4588/1/4572
f 4550/1/4533 4586/1/4573 4547/1/4531
f 4552/1/4536 4587/1/4571 4550/1/4533
f 4588/1/4572 4589/1/4574 4590/1/4575
f 4591/1/4576 4586/1/4573 4585/1/4570
f 4593/1/4577 4592/1/4578 4591/1/4576
f 4547/1/4531 4592/1/4578 4594/1/4579
f 4590/1/4575 4596/1/4580 4588/1/4572
f 4584/1/4568 4595/1/4581 4581/1/4566
f 4596/1/4580 4584/1/4568 4577/1/4561
f 4588/1/4572 4597/1/4582 4585/1/4570
f 4585/1/4570 4598/1/4583 4591/1/4576
f 4573/1/4558 4597/1/4582 4577/1/4561
f 4576/1/4560 4598/1/4583 4573/1/4558
f 4591/1/4576 4599/1/4584 4593/1/4577
f 4593/1/4577 4601/1/4585 4594/1/4579
f 4572/1/4557 4600/1/4586 4569/1/4554
f 4541/1/4525 4601/1/4585 4572/1/4557
f 4594/1/4579 4548/1/4534 4547/1/4531
f 4561/1/4546 4602/1/4587 4580/1/4565
f 4600/1/4586 4570/1/4555 4569/1/4554
f 4593/1/4577 4602/1/4587 4600/1/4586
f 4580/1/4565 4599/1/4584 4576/1/4560
f 4603/1/4588 4605/1/4589 4606/1/4590
f 4604/1/4591 4497/1/4482 4499/1/4484
f 4501/1/4486 4605/1/4589 4499/1/4484
f 4607/1/4592 4608/1/4593 4606/1/4590
f 4501/1/4486 4609/1/4594 4610/1/4595
f 4611/1/4596 4500/1/4485 4414/1/4399
f 4612/1/4597 4609/1/4594 4611/1/4596
f 4610/1/4595 4613/1/4598 4614/1/4599
f 4611/1/4596 4616/1/4600 4612/1/4597
f 4414/1/4399 4615/1/4601 4611/1/4596
f 4409/1/4394 4615/1/4601 4410/1/4398
f 4616/1/4600 4617/1/4602 4618/1/4603
f 4618/1/4603 4619/1/4604 4620/1/4605
f 4418/1/4403 4617/1/4602 4409/1/4394
f 1455/1/1450 4619/1/4604 4418/1/4403
f 4620/1/4605 1672/1/1667 1671/1/1665
f 1673/1/1668 4622/1/4606 1674/1/1672
f 4623/1/4607 4621/1/4608 4624/1/4609
f 4622/1/4606 4623/1/4607 4625/1/4610
f 4622/1/4606 4626/1/4611 1677/1/1671
f 4627/1/4612 4629/1/4613 4630/1/4614
f 4620/1/4605 4628/1/4615 4618/1/4603
f 1671/1/1665 4629/1/4613 4620/1/4605
f 4630/1/4614 1686/1/1680 1687/1/1682
f 4631/1/4616 4633/1/4617 4634/1/4618
f 4630/1/4614 4632/1/4619 4627/1/4612
f 1687/1/1682 4633/1/4617 4630/1/4614
f 4634/1/4618 1692/1/1686 1693/1/1688
f 4635/1/4620 4637/1/4621 4638/1/4622
f 4634/1/4618 4636/1/4623 4631/1/4616
f 1693/1/1688 4637/1/4621 4634/1/4618
f 4638/1/4622 1698/1/1692 1699/1/1694
f 4639/1/4624 4641/1/4625 4642/1/4626
f 4638/1/4622 4639/1/4624 4635/1/4620
f 1699/1/1694 4640/1/4627 4638/1/4622
f 1704/1/1698 4640/1/4627 1705/1/1700
f 4642/1/4626 4643/1/4628 4644/1/4629
f 1711/1/1706 4641/1/4625 1704/1/1698
f 1710/1/1705 4643/1/4628 1711/1/1706
f 4645/1/4630 4646/1/4631 4644/1/4629
f 4646/1/4631 4647/1/4632 4648/1/4633
f 1714/1/1709 4645/1/4630 1710/1/1705
f 1677/1/1671 4647/1/4632 1714/1/1709
f 4626/1/4611 4625/1/4610 4648/1/4633
f 4612/1/4597 4649/1/4634 4650/1/4635
f 4616/1/4600 4618/1/4603 4651/1/4636
f 4652/1/4637 4649/1/4634 4651/1/4636
f 4650/1/4635 4653/1/4638 4654/1/4639
f 4655/1/4640 4656/1/4641 4652/1/4637
f 4628/1/4615 4651/1/4636 4618/1/4603
f 4628/1/4615 4657/1/4642 4655/1/4640
f 4656/1/4641 4657/1/4642 4658/1/4643
f 4614/1/4599 4659/1/4644 4660/1/4645
f 4650/1/4635 4613/1/4598 4612/1/4597
f 4659/1/4644 4650/1/4635 4654/1/4639
f 4660/1/4645 4661/1/4646 4662/1/4647
f 4663/1/4648 4665/1/4649 4666/1/4650
f 4660/1/4645 4664/1/4651 4614/1/4599
f 4662/1/4647 4665/1/4649 4660/1/4645
f 4666/1/4650 4667/1/4652 4668/1/4653
f 4669/1/4654 4671/1/4655 4672/1/4656
f 4666/1/4650 4670/1/4657 4663/1/4648
f 4668/1/4653 4671/1/4655 4666/1/4650
f 4672/1/4656 4673/1/4658 4674/1/4659
f 4635/1/4620 4675/1/4660 4676/1/4661
f 4639/1/4624 4677/1/4662 4675/1/4660
f 4678/1/4663 4675/1/4660 4677/1/4662
f 4675/1/4660 4679/1/4664 4680/1/4665
f 4681/1/4666 4677/1/4662 4682/1/4667
f 4677/1/4662 4642/1/4626 4644/1/4629
f 4682/1/4667 4644/1/4629 4646/1/4631
f 4683/1/4668 4684/1/4669 4681/1/4666
f 4685/1/4670 4686/1/4671 4684/1/4669
f 4683/1/4668 4646/1/4631 4648/1/4633
f 4625/1/4610 4685/1/4670 4648/1/4633
f 4688/1/4672 4685/1/4670 4687/1/4673
f 4687/1/4673 4625/1/4610 4623/1/4607
f 4689/1/4674 4623/1/4607 4624/1/4609
f 4690/1/4675 4689/1/4674 4692/1/4676
f 4687/1/4673 4691/1/4677 4688/1/4672
f 4690/1/4675 4693/1/4678 4694/1/4679
f 4695/1/4680 4692/1/4676 4624/1/4609
f 4693/1/4678 4695/1/4680 4696/1/4681
f 4697/1/4682 4693/1/4678 4698/1/4683
f 4699/1/4684 4701/1/4685 4702/1/4686
f 4703/1/4687 4700/1/4688 4704/1/4689
f 4701/1/4685 4703/1/4687 4705/1/4690
f 4702/1/4686 4706/1/4691 4707/1/4692
f 4708/1/4693 4710/1/4694 4711/1/4695
f 4712/1/4696 4709/1/4697 4713/1/4698
f 4714/1/4699 4710/1/4694 4712/1/4696
f 4711/1/4695 4715/1/4700 4716/1/4701
f 4717/1/4702 4719/1/4703 4720/1/4704
f 4721/1/4705 4718/1/4706 4722/1/4707
f 4723/1/4708 4719/1/4703 4721/1/4705
f 4720/1/4704 4724/1/4709 4725/1/4710
f 4726/1/4711 4727/1/4712 4716/1/4701
f 4728/1/4713 4715/1/4700 4714/1/4699
f 4722/1/4707 4726/1/4711 4728/1/4713
f 4718/1/4706 4717/1/4702 4727/1/4712
f 4729/1/4714 4731/1/4715 4732/1/4716
f 4733/1/4717 4731/1/4715 4730/1/4718
f 4735/1/4719 4734/1/4720 4736/1/4721
f 4732/1/4716 4735/1/4719 4737/1/4722
f 4737/1/4722 4739/1/4723 4732/1/4716
f 4711/1/4695 4738/1/4724 4708/1/4693
f 4716/1/4701 4739/1/4723 4711/1/4695
f 4732/1/4716 4740/1/4725 4729/1/4714
f 4725/1/4710 4741/1/4726 4742/1/4727
f 4743/1/4728 4724/1/4709 4723/1/4708
f 4744/1/4729 4741/1/4726 4743/1/4728
f 4742/1/4727 4745/1/4730 4746/1/4731
f 4744/1/4729 4748/1/4732 4745/1/4730
f 4749/1/4733 4747/1/4734 4750/1/4735
f 4748/1/4732 4749/1/4733 4751/1/4736
f 4748/1/4732 4752/1/4737 4746/1/4731
f 4753/1/4738 4755/1/4739 4756/1/4740
f 4705/1/4690 4754/1/4741 4753/1/4738
f 4754/1/4741 4703/1/4687 4704/1/4689
f 4757/1/4742 4754/1/4741 4758/1/4743
f 4759/1/4744 4760/1/4745 4756/1/4740
f 4761/1/4746 4755/1/4739 4757/1/4742
f 4736/1/4721 4759/1/4744 4761/1/4746
f 4733/1/4717 4759/1/4744 4734/1/4720
f 4762/1/4747 4764/1/4748 4765/1/4749
f 4720/1/4704 4763/1/4750 4717/1/4702
f 4720/1/4704 4725/1/4710 4742/1/4727
f 4746/1/4731 4764/1/4748 4742/1/4727
f 4746/1/4731 4766/1/4751 4765/1/4749
f 4767/1/4752 4752/1/4737 4751/1/4736
f 4768/1/4753 4767/1/4752 4707/1/4692
f 4765/1/4749 4768/1/4753 4762/1/4747
f 4751/1/4736 4769/1/4754 4767/1/4752
f 4770/1/4755 4749/1/4733 4750/1/4735
f 4699/1/4684 4769/1/4754 4770/1/4755
f 4707/1/4692 4769/1/4754 4702/1/4686
f 4771/1/4756 4768/1/4753 4707/1/4692
f 4706/1/4691 4705/1/4690 4753/1/4738
f 4771/1/4756 4753/1/4738 4756/1/4740
f 4772/1/4757 4762/1/4747 4768/1/4753
f 4729/1/4714 4773/1/4758 4774/1/4759
f 4727/1/4712 4740/1/4725 4716/1/4701
f 4717/1/4702 4773/1/4758 4727/1/4712
f 4774/1/4759 4763/1/4750 4762/1/4747
f 4760/1/4745 4733/1/4717 4730/1/4718
f 4774/1/4759 4730/1/4718 4729/1/4714
f 4762/1/4747 4775/1/4760 4774/1/4759
f 4772/1/4757 4756/1/4740 4760/1/4745
f 4723/1/4708 4777/1/4761 4743/1/4728
f 4778/1/4762 4776/1/4763 4779/1/4764
f 4780/1/4765 4777/1/4761 4778/1/4762
f 4743/1/4728 4781/1/4766 4744/1/4729
f 4744/1/4729 4782/1/4767 4747/1/4734
f 4783/1/4768 4781/1/4766 4780/1/4765
f 4784/1/4769 4782/1/4767 4783/1/4768
f 4747/1/4734 4785/1/4770 4750/1/4735
f 4786/1/4771 4788/1/4772 4789/1/4773
f 4770/1/4755 4787/1/4774 4699/1/4684
f 4750/1/4735 4788/1/4772 4770/1/4755
f 4789/1/4773 4785/1/4770 4784/1/4769
f 4790/1/4775 4791/1/4776 4779/1/4764
f 4721/1/4705 4776/1/4763 4723/1/4708
f 4722/1/4707 4790/1/4775 4721/1/4705
f 4791/1/4776 4792/1/4777 4793/1/4778
f 4793/1/4778 4794/1/4779 4795/1/4780
f 4728/1/4713 4792/1/4777 4722/1/4707
f 4714/1/4699 4794/1/4779 4728/1/4713
f 4797/1/4781 4794/1/4779 4796/1/4782
f 4798/1/4783 4800/1/4784 4801/1/4785
f 4631/1/4616 4800/1/4784 4799/1/4786
f 4636/1/4623 4676/1/4661 4800/1/4784
f 4801/1/4785 4676/1/4661 4680/1/4665
f 4802/1/4787 4804/1/4788 4805/1/4789
f 4796/1/4782 4803/1/4790 4797/1/4781
f 4796/1/4782 4712/1/4696 4804/1/4788
f 4713/1/4698 4804/1/4788 4712/1/4696
f 4627/1/4612 4806/1/4791 4657/1/4642
f 4799/1/4786 4632/1/4619 4631/1/4616
f 4807/1/4792 4799/1/4786 4798/1/4783
f 4658/1/4643 4806/1/4791 4807/1/4792
f 4699/1/4684 4808/1/4793 4700/1/4688
f 4809/1/4794 4787/1/4774 4786/1/4771
f 4810/1/4795 4808/1/4793 4809/1/4794
f 4700/1/4688 4811/1/4796 4704/1/4689
f 4704/1/4689 4812/1/4797 4758/1/4743
f 4813/1/4798 4811/1/4796 4810/1/4795
f 4814/1/4799 4812/1/4797 4813/1/4798
f 4758/1/4743 4815/1/4800 4757/1/4742
f 4757/1/4742 4816/1/4801 4761/1/4746
f 4817/1/4802 4815/1/4800 4814/1/4799
f 4818/1/4803 4816/1/4801 4817/1/4802
f 4761/1/4746 4819/1/4804 4736/1/4721
f 4736/1/4721 4820/1/4805 4735/1/4719
f 4821/1/4806 4819/1/4804 4818/1/4803
f 4822/1/4807 4821/1/4806 4823/1/4808
f 4737/1/4722 4820/1/4805 4822/1/4807
f 4708/1/4693 4824/1/4809 4825/1/4810
f 4822/1/4807 4738/1/4724 4737/1/4722
f 4823/1/4808 4824/1/4809 4822/1/4807
f 4825/1/4810 4826/1/4811 4827/1/4812
f 4828/1/4813 4698/1/4683 4696/1/4681
f 4829/1/4814 4828/1/4813 4830/1/4815
f 4831/1/4816 4829/1/4814 4833/1/4817
f 4698/1/4683 4832/1/4818 4697/1/4682
f 4713/1/4698 4834/1/4819 4835/1/4820
f 4825/1/4810 4709/1/4697 4708/1/4693
f 4827/1/4812 4834/1/4819 4825/1/4810
f 4835/1/4820 4836/1/4821 4837/1/4822
f 4837/1/4822 4839/1/4823 4835/1/4820
f 4840/1/4824 4838/1/4825 4841/1/4826
f 4802/1/4787 4839/1/4823 4840/1/4824
f 4835/1/4820 4805/1/4789 4713/1/4698
f 4830/1/4815 4843/1/4827 4833/1/4817
f 4672/1/4656 4842/1/4828 4669/1/4654
f 4674/1/4659 4843/1/4827 4672/1/4656
f 4833/1/4817 4844/1/4829 4831/1/4816
f 4845/1/4830 4847/1/4831 4848/1/4832
f 4849/1/4833 4846/1/4834 4850/1/4835
f 4841/1/4826 4847/1/4831 4849/1/4833
f 4848/1/4832 4838/1/4825 4837/1/4822
f 4662/1/4647 4851/1/4836 4852/1/4837
f 4853/1/4838 4661/1/4646 4654/1/4639
f 4851/1/4836 4853/1/4838 4854/1/4839
f 4852/1/4837 4855/1/4840 4856/1/4841
f 4654/1/4639 4857/1/4842 4853/1/4838
f 4858/1/4843 4653/1/4638 4652/1/4637
f 4859/1/4844 4857/1/4842 4858/1/4843
f 4853/1/4838 4860/1/4845 4854/1/4839
f 4854/1/4839 4861/1/4846 4862/1/4847
f 4863/1/4848 4860/1/4845 4859/1/4844
f 4780/1/4765 4861/1/4846 4863/1/4848
f 4862/1/4847 4778/1/4762 4779/1/4764
f 4779/1/4764 4864/1/4849 4862/1/4847
f 4865/1/4850 4791/1/4776 4793/1/4778
f 4856/1/4841 4864/1/4849 4865/1/4850
f 4862/1/4847 4855/1/4840 4854/1/4839
f 4859/1/4844 4866/1/4851 4867/1/4852
f 4656/1/4641 4858/1/4843 4652/1/4637
f 4658/1/4643 4866/1/4851 4656/1/4641
f 4868/1/4853 4869/1/4854 4867/1/4852
f 4869/1/4854 4871/1/4855 4867/1/4852
f 4870/1/4856 4784/1/4769 4783/1/4768
f 4780/1/4765 4871/1/4855 4783/1/4768
f 4867/1/4852 4863/1/4848 4859/1/4844
f 4869/1/4854 4872/1/4857 4873/1/4858
f 4807/1/4792 4868/1/4853 4658/1/4643
f 4798/1/4783 4872/1/4857 4807/1/4792
f 4873/1/4858 4874/1/4859 4875/1/4860
f 4875/1/4860 4877/1/4861 4873/1/4858
f 4789/1/4773 4876/1/4862 4786/1/4771
f 4784/1/4769 4877/1/4861 4789/1/4773
f 4873/1/4858 4870/1/4856 4869/1/4854
f 4668/1/4653 4878/1/4863 4879/1/4864
f 4852/1/4837 4667/1/4652 4662/1/4647
f 4856/1/4841 4878/1/4863 4852/1/4837
f 4879/1/4864 4880/1/4865 4881/1/4866
f 4793/1/4778 4882/1/4867 4865/1/4850
f 4883/1/4868 4795/1/4780 4797/1/4781
f 4881/1/4866 4882/1/4867 4883/1/4868
f 4865/1/4850 4880/1/4865 4856/1/4841
f 4674/1/4659 4884/1/4869 4885/1/4870
f 4879/1/4864 4673/1/4658 4668/1/4653
f 4881/1/4866 4884/1/4869 4879/1/4864
f 4885/1/4870 4886/1/4871 4887/1/4872
f 4797/1/4781 4888/1/4873 4883/1/4868
f 4889/1/4874 4803/1/4790 4802/1/4787
f 4887/1/4872 4888/1/4873 4889/1/4874
f 4883/1/4868 4886/1/4871 4881/1/4866
f 4831/1/4816 4890/1/4875 4891/1/4876
f 4885/1/4870 4844/1/4829 4674/1/4659
f 4887/1/4872 4890/1/4875 4885/1/4870
f 4891/1/4876 4892/1/4877 4850/1/4835
f 4802/1/4787 4893/1/4878 4889/1/4874
f 4849/1/4833 4840/1/4824 4841/1/4826
f 4850/1/4835 4893/1/4878 4849/1/4833
f 4889/1/4874 4892/1/4877 4887/1/4872
f 4894/1/4879 4896/1/4880 4897/1/4881
f 4809/1/4794 4895/1/4882 4810/1/4795
f 4786/1/4771 4896/1/4880 4809/1/4794
f 4897/1/4881 4876/1/4862 4875/1/4860
f 4898/1/4883 4801/1/4785 4680/1/4665
f 4899/1/4884 4894/1/4879 4897/1/4881
f 4875/1/4860 4898/1/4883 4897/1/4881
f 4801/1/4785 4874/1/4859 4798/1/4783
f 4894/1/4879 4900/1/4885 4901/1/4886
f 4899/1/4884 4680/1/4665 4679/1/4664
f 4900/1/4885 4679/1/4664 4678/1/4663
f 4902/1/4887 4903/1/4888 4901/1/4886
f 4903/1/4888 4905/1/4889 4901/1/4886
f 4904/1/4890 4814/1/4799 4813/1/4798
f 4810/1/4795 4905/1/4889 4813/1/4798
f 4895/1/4882 4894/1/4879 4901/1/4886
f 4902/1/4887 4681/1/4666 4906/1/4891
f 4684/1/4669 4907/1/4892 4906/1/4891
f 4908/1/4893 4906/1/4891 4907/1/4892
f 4906/1/4891 4909/1/4894 4903/1/4888
f 4910/1/4895 4909/1/4894 4908/1/4893
f 4911/1/4896 4818/1/4803 4817/1/4802
f 4814/1/4799 4910/1/4895 4817/1/4802
f 4909/1/4894 4904/1/4890 4903/1/4888
f 4684/1/4669 4912/1/4897 4907/1/4892
f 4913/1/4898 4686/1/4671 4688/1/4672
f 4914/1/4899 4912/1/4897 4913/1/4898
f 4912/1/4897 4915/1/4900 4908/1/4893
f 4915/1/4900 4911/1/4896 4908/1/4893
f 4917/1/4901 4915/1/4900 4914/1/4899
f 4823/1/4808 4916/1/4902 4917/1/4901
f 4818/1/4803 4916/1/4902 4821/1/4806
f 4688/1/4672 4918/1/4903 4913/1/4898
f 4919/1/4904 4691/1/4677 4690/1/4675
f 4920/1/4905 4918/1/4903 4919/1/4904
f 4913/1/4898 4921/1/4906 4914/1/4899
f 4914/1/4899 4922/1/4907 4917/1/4901
f 4923/1/4908 4921/1/4906 4920/1/4905
f 4827/1/4812 4922/1/4907 4923/1/4908
f 4917/1/4901 4826/1/4811 4823/1/4808
f 4694/1/4679 4919/1/4904 4690/1/4675
f 4925/1/4909 4694/1/4679 4697/1/4682
f 4845/1/4830 4924/1/4910 4925/1/4909
f 4919/1/4904 4926/1/4911 4920/1/4905
f 4920/1/4905 4927/1/4912 4923/1/4908
f 4848/1/4832 4926/1/4911 4845/1/4830
f 4837/1/4822 4927/1/4912 4848/1/4832
f 4923/1/4908 4836/1/4821 4827/1/4812
f 4697/1/4682 4928/1/4913 4925/1/4909
f 4891/1/4876 4832/1/4818 4831/1/4816
f 4850/1/4835 4928/1/4913 4891/1/4876
f 4846/1/4834 4845/1/4830 4925/1/4909
f 4929/1/4914 4931/1/4915 4932/1/4916
f 4695/1/4680 4930/1/4917 4696/1/4681
f 4624/1/4609 4931/1/4915 4695/1/4680
f 4932/1/4916 4621/1/4608 1673/1/1668
f 1999/1/1993 4934/1/4918 2000/1/1996
f 4929/1/4914 4934/1/4918 4933/1/4919
f 2000/1/1996 4932/1/4916 1673/1/1668
f 4935/1/4920 4937/1/4921 4938/1/4922
f 4828/1/4813 4936/1/4923 4830/1/4815
f 4696/1/4681 4937/1/4921 4828/1/4813
f 4938/1/4922 4930/1/4917 4929/1/4914
f 4929/1/4914 4939/1/4924 4938/1/4922
f 2010/1/2004 4933/1/4919 1999/1/1993
f 2009/1/2003 4939/1/4924 2010/1/2004
f 4938/1/4922 4940/1/4925 4935/1/4920
f 4941/1/4926 4943/1/4927 4944/1/4928
f 4669/1/4654 4942/1/4929 4941/1/4926
f 4830/1/4815 4942/1/4929 4842/1/4828
f 4943/1/4927 4936/1/4923 4935/1/4920
f 4608/1/4593 4945/1/4930 4946/1/4931
f 4610/1/4595 4607/1/4592 4501/1/4486
f 4614/1/4599 4945/1/4930 4610/1/4595
f 4946/1/4931 4664/1/4651 4663/1/4648
f 4663/1/4648 4947/1/4932 4946/1/4931
f 4941/1/4926 4670/1/4657 4669/1/4654
f 4944/1/4928 4947/1/4932 4941/1/4926
f 4948/1/4933 4608/1/4593 4946/1/4931
f 4935/1/4920 4949/1/4934 4943/1/4927
f 2022/1/2016 4940/1/4925 2009/1/2003
f 2021/1/2015 4949/1/4934 2022/1/2016
f 4943/1/4927 4950/1/4935 4944/1/4928
f 2023/1/2017 4952/1/4936 2024/1/2020
f 4951/1/4937 4608/1/4593 4948/1/4933
f 4944/1/4928 4952/1/4936 4948/1/4933
f 2024/1/2020 4950/1/4935 2021/1/2015
f 4953/1/4938 4954/1/4939 4955/1/4940
f 4956/1/4941 4603/1/4588 4606/1/4590
f 4953/1/4938 4606/1/4590 4608/1/4593
f 4957/1/4942 4958/1/4943 4954/1/4939
f 4959/1/4944 4960/1/4945 4958/1/4943
f 4957/1/4942 4608/1/4593 4951/1/4937
f 2034/1/2028 4951/1/4937 2023/1/2017
f 4960/1/4945 2034/1/2028 2036/1/2030
f 4961/1/4946 4963/1/4947 4964/1/4948
f 4965/1/4949 4962/1/4950 4966/1/4951
f 4963/1/4947 4965/1/4949 4955/1/4940
f 4954/1/4939 4958/1/4943 4964/1/4948
f 4964/1/4948 4968/1/4952 4961/1/4946
f 4964/1/4948 4958/1/4943 4960/1/4945
f 2045/1/2038 4960/1/4945 2036/1/2030
f 2046/1/2040 4967/1/4953 2045/1/2038
f 4969/1/4954 4970/1/4955 4971/1/4956
f 4972/1/4957 4973/1/4958 4974/1/4959
f 4969/1/4954 4972/1/4957 4966/1/4951
f 4970/1/4955 4962/1/4950 4961/1/4946
f 4975/1/4960 4481/1/4466 4480/1/4465
f 4976/1/4961 4974/1/4959 4973/1/4958
f 4973/1/4958 4971/1/4956 4977/1/4962
f 4977/1/4962 4406/1/4391 4481/1/4466
f 4961/1/4946 4978/1/4963 4970/1/4955
f 2058/1/2051 4968/1/4952 2046/1/2040
f 2059/1/2053 4978/1/4963 2058/1/2051
f 4970/1/4955 4979/1/4964 4971/1/4956
f 4980/1/4965 4982/1/4966 3869/1/3854
f 4407/1/4392 4981/1/4967 4980/1/4965
f 2063/1/2056 4983/1/4968 2065/1/2059
f 2064/1/2058 4981/1/4967 2063/1/2056
f 2070/1/2063 4985/1/4969 2067/1/2061
f 4984/1/4970 4406/1/4391 4977/1/4962
f 4971/1/4956 4985/1/4969 4977/1/4962
f 2067/1/2061 4979/1/4964 2059/1/2053
f 4986/1/4971 4987/1/4972 4988/1/4973
f 4480/1/4465 4989/1/4974 4988/1/4973
f 4477/1/4464 4476/1/4461 4990/1/4975
f 4989/1/4974 4990/1/4975 4991/1/4976
f 4482/1/4467 4990/1/4975 4476/1/4461
f 4485/1/4469 4992/1/4977 4482/1/4467
f 4994/1/4978 4992/1/4977 4993/1/4979
f 4995/1/4980 4991/1/4976 4990/1/4975
f 4994/1/4978 4996/1/4981 4997/1/4982
f 4487/1/4472 4993/1/4979 4485/1/4469
f 4489/1/4474 4996/1/4981 4487/1/4472
f 4997/1/4982 4998/1/4983 4999/1/4984
f 4999/1/4984 5000/1/4985 5001/1/4986
f 4491/1/4476 4998/1/4983 4489/1/4474
f 5000/1/4985 4491/1/4476 4493/1/4478
f 5001/1/4986 5002/1/4987 5003/1/4988
f 4495/1/4480 5002/1/4987 4493/1/4478
f 5005/1/4989 4495/1/4480 4497/1/4482
f 5006/1/4990 5005/1/4989 5007/1/4991
f 5003/1/4988 5004/1/4992 5006/1/4990
f 4974/1/4959 5008/1/4993 5009/1/4994
f 4976/1/4961 4480/1/4465 4988/1/4973
f 4987/1/4972 5008/1/4993 4988/1/4973
f 5010/1/4995 5011/1/4996 5009/1/4994
f 5012/1/4997 5014/1/4998 5015/1/4999
f 4972/1/4957 5012/1/4997 4966/1/4951
f 4974/1/4959 5013/1/5000 4972/1/4957
f 5011/1/4996 5013/1/5000 5009/1/4994
f 5016/1/5001 5018/1/5002 5019/1/5003
f 5017/1/5004 4955/1/4940 4965/1/4949
f 4966/1/4951 5018/1/5002 4965/1/4949
f 5019/1/5003 5012/1/4997 5015/1/4999
f 5007/1/4991 5020/1/5005 5021/1/5006
f 4497/1/4482 5020/1/5005 5005/1/4989
f 5022/1/5007 4604/1/4591 4603/1/4588
f 5021/1/5006 5022/1/5007 5023/1/5008
f 4603/1/4588 5024/1/5009 5022/1/5007
f 5017/1/5004 4956/1/4941 4955/1/4940
f 5016/1/5001 5024/1/5009 5017/1/5004
f 5025/1/5010 5022/1/5007 5024/1/5009
f 4539/1/4523 5026/1/5011 5027/1/5012
f 5028/1/5013 4537/1/4521 4526/1/4511
f 5029/1/5014 5026/1/5011 5028/1/5013
f 5027/1/5012 5030/1/5015 5031/1/5016
f 4581/1/4566 5032/1/5017 5033/1/5018
f 5034/1/5019 4595/1/4581 4590/1/4575
f 5035/1/5020 5032/1/5017 5034/1/5019
f 5033/1/5018 5036/1/5021 5037/1/5022
f 4590/1/4575 5038/1/5023 5034/1/5019
f 5039/1/5024 4589/1/4574 4552/1/4536
f 5040/1/5025 5038/1/5023 5039/1/5024
f 5034/1/5019 5041/1/5026 5035/1/5020
f 5035/1/5020 5042/1/5027 5043/1/5028
f 5044/1/5029 5041/1/5026 5040/1/5025
f 5011/1/4996 5042/1/5027 5044/1/5029
f 5043/1/5028 5010/1/4995 4987/1/4972
f 4987/1/4972 5045/1/5030 5043/1/5028
f 5046/1/5031 4986/1/4971 4991/1/4976
f 5037/1/5022 5045/1/5030 5046/1/5031
f 5043/1/5028 5036/1/5021 5035/1/5020
f 4506/1/4490 5047/1/5032 5048/1/5033
f 5033/1/5018 4582/1/4569 4581/1/4566
f 5037/1/5022 5047/1/5032 5033/1/5018
f 5048/1/5033 5049/1/5034 5050/1/5035
f 5051/1/5036 5046/1/5031 4991/1/4976
f 4995/1/4980 4994/1/4978 5052/1/5037
f 5051/1/5036 5052/1/5037 5050/1/5035
f 5046/1/5031 5049/1/5034 5037/1/5022
f 5053/1/5038 5055/1/5039 5056/1/5040
f 4507/1/4492 5054/1/5041 4508/1/4493
f 5048/1/5033 4507/1/4492 4506/1/4490
f 5055/1/5039 5048/1/5033 5050/1/5035
f 4999/1/4984 5058/1/5042 4997/1/4982
f 5056/1/5040 5057/1/5043 5053/1/5038
f 5056/1/5040 5050/1/5035 5052/1/5037
f 4994/1/4978 5058/1/5042 5052/1/5037
f 5059/1/5044 5061/1/5045 5062/1/5046
f 4513/1/4498 5060/1/5047 4514/1/4499
f 4508/1/4493 5061/1/5045 4513/1/4498
f 5062/1/5046 5054/1/5041 5053/1/5038
f 5003/1/4988 5064/1/5048 5001/1/4986
f 5062/1/5046 5063/1/5049 5059/1/5044
f 5053/1/5038 5064/1/5048 5062/1/5046
f 5001/1/4986 5057/1/5043 4999/1/4984
f 5065/1/5050 5067/1/5051 5068/1/5052
f 4519/1/4504 5066/1/5053 4520/1/4505
f 4514/1/4499 5067/1/5051 4519/1/4504
f 5068/1/5052 5060/1/5047 5059/1/5044
f 5007/1/4991 5070/1/5054 5006/1/4990
f 5068/1/5052 5069/1/5055 5065/1/5050
f 5059/1/5044 5070/1/5054 5068/1/5052
f 5006/1/4990 5063/1/5049 5003/1/4988
f 5029/1/5014 5071/1/5056 5072/1/5057
f 4525/1/4510 5028/1/5013 4526/1/4511
f 4520/1/4505 5071/1/5056 4525/1/4510
f 5072/1/5057 5066/1/5053 5065/1/5050
f 5023/1/5008 5074/1/5058 5021/1/5006
f 5072/1/5057 5073/1/5059 5029/1/5014
f 5065/1/5050 5074/1/5058 5072/1/5057
f 5021/1/5006 5069/1/5055 5007/1/4991
f 5039/1/5024 5076/1/5060 5040/1/5025
f 4552/1/4536 5075/1/5061 5039/1/5024
f 5077/1/5062 4551/1/4535 4546/1/4530
f 5076/1/5060 5077/1/5062 5078/1/5063
f 5079/1/5064 5076/1/5060 5078/1/5063
f 5015/1/4999 5080/1/5065 5079/1/5064
f 5044/1/5029 5014/1/4998 5011/1/4996
f 5040/1/5025 5080/1/5065 5044/1/5029
f 4546/1/4530 5081/1/5066 5077/1/5062
f 5027/1/5012 4545/1/4529 4539/1/4523
f 5031/1/5016 5081/1/5066 5027/1/5012
f 5077/1/5062 5082/1/5067 5078/1/5063
f 5079/1/5064 5082/1/5067 5083/1/5068
f 5084/1/5069 5082/1/5067 5031/1/5016
f 5084/1/5069 5019/1/5003 5083/1/5068
f 5015/1/4999 5083/1/5068 5019/1/5003
f 5031/1/5016 5085/1/5070 5084/1/5069
f 5073/1/5059 5030/1/5015 5029/1/5014
f 5023/1/5008 5085/1/5070 5073/1/5059
f 5084/1/5069 5025/1/5010 5016/1/5001
f 5086/1/5071 5088/1/5072 5089/1/5073
f 5090/1/5074 5086/1/5071 5091/1/5075
f 5092/1/5076 5087/1/5077 5090/1/5074
f 5094/1/5078 5087/1/5077 5093/1/5079
f 5095/1/5080 5086/1/5071 5089/1/5073
f 5096/1/5081 5097/1/5082 5098/1/5083
f 5099/1/5084 5095/1/5080 5098/1/5083
f 5091/1/5075 5095/1/5080 5100/1/5085
f 5101/1/5086 5098/1/5083 5097/1/5082
f 5102/1/5087 5103/1/5088 5104/1/5089
f 5101/1/5086 5102/1/5087 5105/1/5090
f 5098/1/5083 5106/1/5091 5099/1/5084
f 5107/1/5092 5109/1/5093 5110/1/5094
f 4273/1/4258 5108/1/5095 4274/1/4259
f 4201/1/4186 5109/1/5093 4273/1/4258
f 5112/1/5096 5109/1/5093 5111/1/5097
f 5105/1/5090 5114/1/5098 5115/1/5099
f 5110/1/5094 5113/1/5100 5107/1/5092
f 5116/1/5101 5110/1/5094 5112/1/5096
f 5117/1/5102 5114/1/5098 5116/1/5101
f 5118/1/5103 5111/1/5097 4201/1/4186
f 5119/1/5104 4199/1/4184 4194/1/4179
f 5120/1/5105 5118/1/5103 5119/1/5104
f 5111/1/5097 5121/1/5106 5112/1/5096
f 5122/1/5107 5124/1/5108 5125/1/5109
f 5116/1/5101 5123/1/5110 5117/1/5102
f 5112/1/5096 5124/1/5108 5116/1/5101
f 5125/1/5109 5121/1/5106 5120/1/5105
f 5099/1/5084 5126/1/5111 5127/1/5112
f 5115/1/5099 5106/1/5091 5105/1/5090
f 5117/1/5102 5126/1/5111 5115/1/5099
f 5127/1/5112 5128/1/5113 5129/1/5114
f 5129/1/5114 5130/1/5115 5131/1/5116
f 5117/1/5102 5130/1/5115 5128/1/5113
f 5132/1/5117 5123/1/5110 5122/1/5107
f 5133/1/5118 5130/1/5115 5132/1/5117
f 5122/1/5107 5134/1/5119 5132/1/5117
f 5135/1/5120 5125/1/5109 5120/1/5105
f 5136/1/5121 5134/1/5119 5135/1/5120
f 5132/1/5117 5137/1/5122 5133/1/5118
f 5138/1/5123 5140/1/5124 5141/1/5125
f 5100/1/5085 5139/1/5126 5091/1/5075
f 5099/1/5084 5140/1/5124 5100/1/5085
f 5141/1/5125 5127/1/5112 5129/1/5114
f 5142/1/5127 5143/1/5128 5144/1/5129
f 5141/1/5125 5145/1/5130 5138/1/5123
f 5141/1/5125 5131/1/5116 5142/1/5127
f 5143/1/5128 5131/1/5116 5133/1/5118
f 5091/1/5075 5146/1/5131 5090/1/5074
f 5147/1/5132 5139/1/5126 5138/1/5123
f 5148/1/5133 5146/1/5131 5147/1/5132
f 5090/1/5074 5149/1/5134 5092/1/5076
f 5150/1/5135 5152/1/5136 5153/1/5137
f 5147/1/5132 5151/1/5138 5148/1/5133
f 5138/1/5123 5152/1/5136 5147/1/5132
f 5153/1/5137 5145/1/5130 5144/1/5129
f 5154/1/5139 5143/1/5128 5133/1/5118
f 5155/1/5140 5137/1/5122 5136/1/5121
f 5156/1/5141 5154/1/5139 5155/1/5140
f 5143/1/5128 5157/1/5142 5144/1/5129
f 5158/1/5143 5160/1/5144 5161/1/5145
f 5162/1/5146 5159/1/5147 5163/1/5148
f 5089/1/5073 5160/1/5144 5162/1/5146
f 5161/1/5145 5088/1/5072 5094/1/5078
f 5164/1/5149 5165/1/5150 5166/1/5151
f 5167/1/5152 5158/1/5143 5161/1/5145
f 5164/1/5149 5161/1/5145 5094/1/5078
f 5168/1/5153 5165/1/5150 5164/1/5149
f 5093/1/5079 5168/1/5153 5094/1/5078
f 5171/1/5154 5093/1/5079 5092/1/5076
f 5172/1/5155 5171/1/5154 5173/1/5156
f 5168/1/5153 5172/1/5155 5169/1/5157
f 5092/1/5076 5174/1/5158 5171/1/5154
f 5175/1/5159 5149/1/5134 5148/1/5133
f 5176/1/5160 5174/1/5158 5175/1/5159
f 5173/1/5156 5174/1/5158 5177/1/5161
f 5178/1/5162 5180/1/5163 5181/1/5164
f 5175/1/5159 5179/1/5165 5176/1/5160
f 5148/1/5133 5180/1/5163 5175/1/5159
f 5181/1/5164 5151/1/5138 5150/1/5135
f 5182/1/5166 5181/1/5164 5183/1/5167
f 5184/1/5168 5181/1/5164 5150/1/5135
f 5185/1/5169 5183/1/5167 5184/1/5168
f 5187/1/5170 5183/1/5167 5186/1/5171
f 5188/1/5172 5189/1/5173 5097/1/5082
f 5096/1/5081 5089/1/5073 5162/1/5146
f 5163/1/5148 5188/1/5172 5162/1/5146
f 5189/1/5173 5190/1/5174 5191/1/5175
f 5192/1/5176 5194/1/5177 5195/1/5178
f 4330/1/4315 5193/1/5179 4327/1/4312
f 4274/1/4259 5194/1/5177 4330/1/4315
f 5195/1/5178 5108/1/5095 5107/1/5092
f 5107/1/5092 5196/1/5180 5195/1/5178
f 5102/1/5087 5113/1/5100 5105/1/5090
f 5104/1/5089 5196/1/5180 5102/1/5087
f 5195/1/5178 5197/1/5181 5192/1/5176
f 5104/1/5089 5198/1/5182 5197/1/5181
f 5189/1/5173 5103/1/5088 5097/1/5082
f 5191/1/5175 5198/1/5182 5189/1/5173
f 5197/1/5181 5199/1/5183 5192/1/5176
f 5200/1/5184 5201/1/5185 5202/1/5186
f 4331/1/4316 5203/1/5187 4333/1/4317
f 4327/1/4312 5200/1/5184 4331/1/4316
f 5201/1/5185 5193/1/5179 5192/1/5176
f 5204/1/5188 5206/1/5189 5207/1/5190
f 5201/1/5185 5205/1/5191 5202/1/5186
f 5192/1/5176 5206/1/5189 5201/1/5185
f 5207/1/5190 5208/1/5192 5209/1/5193
f 5210/1/5194 5208/1/5192 5192/1/5176
f 5199/1/5183 5191/1/5175 5211/1/5195
f 5210/1/5194 5211/1/5195 5212/1/5196
f 5209/1/5193 5208/1/5192 5210/1/5194
f 5213/1/5197 5215/1/5198 5216/1/5199
f 5217/1/5200 5214/1/5201 5218/1/5202
f 5204/1/5188 5215/1/5198 5217/1/5200
f 5216/1/5199 5207/1/5190 5209/1/5193
f 5209/1/5193 5220/1/5203 5216/1/5199
f 5221/1/5204 5219/1/5205 5212/1/5196
f 5222/1/5206 5220/1/5203 5221/1/5204
f 5223/1/5207 5213/1/5197 5216/1/5199
f 5213/1/5197 5224/1/5208 5225/1/5209
f 5223/1/5207 5222/1/5206 5226/1/5210
f 5226/1/5210 5227/1/5211 5228/1/5212
f 5229/1/5213 5224/1/5208 5228/1/5212
f 5218/1/5202 5230/1/5214 5231/1/5215
f 5225/1/5209 5214/1/5201 5213/1/5197
f 5229/1/5213 5230/1/5214 5225/1/5209
f 5231/1/5215 5232/1/5216 5233/1/5217
f 5234/1/5218 5236/1/5219 5237/1/5220
f 5182/1/5166 5235/1/5221 5178/1/5162
f 5238/1/5222 5182/1/5166 5187/1/5170
f 5237/1/5220 5238/1/5222 5239/1/5223
f 5240/1/5224 5241/1/5225 5176/1/5160
f 5179/1/5165 5178/1/5162 5235/1/5221
f 5234/1/5218 5240/1/5224 5235/1/5221
f 5240/1/5224 5242/1/5226 5243/1/5227
f 5177/1/5161 5245/1/5228 5173/1/5156
f 5241/1/5225 5177/1/5161 5176/1/5160
f 5246/1/5229 5241/1/5225 5243/1/5227
f 5245/1/5228 5246/1/5229 5247/1/5230
f 5169/1/5157 5248/1/5231 5249/1/5232
f 5173/1/5156 5248/1/5231 5172/1/5155
f 5247/1/5230 5248/1/5231 5245/1/5228
f 5251/1/5233 5248/1/5231 5250/1/5234
f 5252/1/5235 5249/1/5232 5251/1/5233
f 5254/1/5236 5252/1/5235 5255/1/5237
f 5254/1/5236 5166/1/5151 5165/1/5150
f 5249/1/5232 5165/1/5150 5169/1/5157
f 5158/1/5143 5256/1/5238 5257/1/5239
f 5166/1/5151 5256/1/5238 5167/1/5152
f 5255/1/5237 5256/1/5238 5254/1/5236
f 5257/1/5239 5258/1/5240 5259/1/5241
f 5255/1/5237 5260/1/5242 5258/1/5240
f 5251/1/5233 5260/1/5242 5252/1/5235
f 5262/1/5243 5261/1/5244 5263/1/5245
f 5259/1/5241 5260/1/5242 5262/1/5243
f 5163/1/5148 5264/1/5246 5265/1/5247
f 5257/1/5239 5159/1/5147 5158/1/5143
f 5259/1/5241 5264/1/5246 5257/1/5239
f 5265/1/5247 5266/1/5248 5267/1/5249
f 5191/1/5175 5268/1/5250 5269/1/5251
f 5265/1/5247 5190/1/5174 5163/1/5148
f 5267/1/5249 5268/1/5250 5265/1/5247
f 5269/1/5251 5270/1/5252 5271/1/5253
f 5185/1/5169 5272/1/5254 5273/1/5255
f 5153/1/5137 5184/1/5168 5150/1/5135
f 5144/1/5129 5272/1/5254 5153/1/5137
f 5273/1/5255 5157/1/5142 5156/1/5141
f 5274/1/5256 5276/1/5257 5277/1/5258
f 5239/1/5223 5276/1/5257 5275/1/5259
f 5187/1/5170 5276/1/5257 5238/1/5222
f 5277/1/5258 5186/1/5171 5185/1/5169
f 5278/1/5260 5280/1/5261 5281/1/5262
f 5277/1/5258 5279/1/5263 5274/1/5256
f 5185/1/5169 5280/1/5261 5277/1/5258
f 5281/1/5262 5273/1/5255 5156/1/5141
f 5282/1/5264 5284/1/5265 5285/1/5266
f 5278/1/5260 5283/1/5267 5282/1/5264
f 5156/1/5141 5283/1/5267 5281/1/5262
f 5239/1/5223 5286/1/5268 5237/1/5220
f 5287/1/5269 5275/1/5259 5274/1/5256
f 5288/1/5270 5286/1/5268 5287/1/5269
f 5237/1/5220 5289/1/5271 5234/1/5218
f 5290/1/5272 5292/1/5273 5293/1/5274
f 5287/1/5269 5291/1/5275 5288/1/5270
f 5274/1/5256 5292/1/5273 5287/1/5269
f 5293/1/5274 5279/1/5263 5278/1/5260
f 5234/1/5218 5294/1/5276 5242/1/5226
f 5295/1/5277 5289/1/5271 5288/1/5270
f 5296/1/5278 5294/1/5276 5295/1/5277
f 5242/1/5226 5297/1/5279 5243/1/5227
f 5243/1/5227 5298/1/5280 5246/1/5229
f 5299/1/5281 5297/1/5279 5296/1/5278
f 5300/1/5282 5298/1/5280 5299/1/5281
f 5247/1/5230 5298/1/5280 5301/1/5283
f 5263/1/5245 5302/1/5284 5303/1/5285
f 5250/1/5234 5261/1/5244 5251/1/5233
f 5247/1/5230 5302/1/5284 5250/1/5234
f 5303/1/5285 5301/1/5283 5300/1/5282
f 5262/1/5243 5266/1/5248 5259/1/5241
f 5305/1/5286 5262/1/5243 5263/1/5245
f 5306/1/5287 5304/1/5288 5305/1/5286
f 5304/1/5288 5307/1/5289 5267/1/5249
f 5295/1/5277 5309/1/5290 5296/1/5278
f 5288/1/5270 5308/1/5291 5295/1/5277
f 5310/1/5292 5291/1/5275 5290/1/5272
f 5310/1/5292 5309/1/5290 5308/1/5291
f 5296/1/5278 5312/1/5293 5299/1/5281
f 5309/1/5290 5313/1/5294 5312/1/5293
f 5314/1/5295 5313/1/5294 5315/1/5296
f 5300/1/5282 5312/1/5293 5314/1/5295
f 5316/1/5297 5305/1/5286 5263/1/5245
f 5314/1/5295 5303/1/5285 5300/1/5282
f 5315/1/5296 5316/1/5297 5314/1/5295
f 5305/1/5286 5317/1/5298 5306/1/5287
f 5318/1/5299 5319/1/5300 5306/1/5287
f 5320/1/5301 5317/1/5298 5315/1/5296
f 5321/1/5302 5318/1/5299 5320/1/5301
f 5319/1/5300 5322/1/5303 5323/1/5304
f 5307/1/5289 5270/1/5252 5267/1/5249
f 5307/1/5289 5306/1/5287 5319/1/5300
f 5324/1/5305 5319/1/5300 5323/1/5304
f 5271/1/5253 5324/1/5305 5325/1/5306
f 5326/1/5307 5327/1/5308 5212/1/5196
f 5269/1/5251 5211/1/5195 5191/1/5175
f 5326/1/5307 5269/1/5251 5271/1/5253
f 5328/1/5309 5329/1/5310 5327/1/5308
f 5330/1/5311 5226/1/5210 5222/1/5206
f 5221/1/5204 5212/1/5196 5327/1/5308
f 5330/1/5311 5327/1/5308 5329/1/5310
f 5227/1/5211 5330/1/5311 5331/1/5312
f 5325/1/5306 5328/1/5309 5271/1/5253
f 5333/1/5313 5325/1/5306 5323/1/5304
f 5334/1/5314 5332/1/5315 5333/1/5313
f 5335/1/5316 5329/1/5310 5328/1/5309
f 5336/1/5317 5320/1/5301 5315/1/5296
f 5337/1/5318 5313/1/5294 5311/1/5319
f 5338/1/5320 5336/1/5317 5337/1/5318
f 5320/1/5301 5339/1/5321 5321/1/5302
f 5340/1/5322 5342/1/5323 5343/1/5324
f 5333/1/5313 5341/1/5325 5334/1/5314
f 5342/1/5323 5333/1/5313 5323/1/5304
f 5343/1/5324 5322/1/5303 5321/1/5302
f 5344/1/5326 5346/1/5327 5347/1/5328
f 5204/1/5188 5345/1/5329 5344/1/5326
f 5218/1/5202 5345/1/5329 5217/1/5200
f 5233/1/5217 5345/1/5329 5231/1/5215
f 5227/1/5211 5348/1/5330 5228/1/5212
f 5331/1/5312 5329/1/5310 5349/1/5331
f 5350/1/5332 5348/1/5330 5349/1/5331
f 5228/1/5212 5351/1/5333 5229/1/5213
f 5352/1/5334 5353/1/5335 5350/1/5332
f 5349/1/5331 5329/1/5310 5335/1/5316
f 5334/1/5314 5352/1/5334 5335/1/5316
f 5353/1/5335 5341/1/5325 5340/1/5322
f 5233/1/5217 5354/1/5336 5346/1/5327
f 5351/1/5333 5232/1/5216 5229/1/5213
f 5355/1/5337 5351/1/5333 5350/1/5332
f 5346/1/5327 5355/1/5337 5347/1/5328
f 4194/1/4179 5356/1/5338 5119/1/5104
f 5357/1/5339 4193/1/4178 4197/1/4182
f 5358/1/5340 5356/1/5338 5357/1/5339
f 5119/1/5104 5359/1/5341 5120/1/5105
f 4197/1/4182 5360/1/5342 5357/1/5339
f 4335/1/4320 4277/1/4264 4276/1/4261
f 4338/1/4322 5360/1/5342 4335/1/4320
f 5357/1/5339 5361/1/5343 5358/1/5340
f 5362/1/5344 5364/1/5345 5365/1/5346
f 4337/1/4321 5363/1/5347 4338/1/4322
f 4333/1/4317 5364/1/5345 4337/1/4321
f 5365/1/5346 5203/1/5187 5202/1/5186
f 5202/1/5186 5366/1/5348 5365/1/5346
f 5344/1/5326 5205/1/5191 5204/1/5188
f 5367/1/5349 5344/1/5326 5347/1/5328
f 5365/1/5346 5367/1/5349 5362/1/5344
f 5368/1/5350 5358/1/5340 5361/1/5343
f 4338/1/4322 5363/1/5347 5369/1/5351
f 5363/1/5347 5362/1/5344 5370/1/5352
f 5370/1/5352 5371/1/5353 5368/1/5350
f 5372/1/5354 5355/1/5337 5350/1/5332
f 5373/1/5355 5374/1/5356 5375/1/5357
f 5347/1/5328 5372/1/5354 5375/1/5357
f 5376/1/5358 5378/1/5359 5379/1/5360
f 5135/1/5120 5377/1/5361 5136/1/5121
f 5120/1/5105 5378/1/5359 5135/1/5120
f 5379/1/5360 5359/1/5341 5358/1/5340
f 5285/1/5266 5380/1/5362 5381/1/5363
f 5155/1/5140 5284/1/5265 5156/1/5141
f 5136/1/5121 5380/1/5362 5155/1/5140
f 5381/1/5363 5377/1/5361 5376/1/5358
f 5374/1/5356 5383/1/5364 5375/1/5357
f 5367/1/5349 5382/1/5365 5362/1/5344
f 5347/1/5328 5383/1/5364 5367/1/5349
f 5338/1/5320 5384/1/5366 5385/1/5367
f 5310/1/5292 5337/1/5318 5311/1/5319
f 5290/1/5272 5384/1/5366 5310/1/5292
f 5386/1/5368 5387/1/5369 5385/1/5367
f 5387/1/5369 5388/1/5370 5389/1/5371
f 5381/1/5363 5388/1/5370 5285/1/5266
f 5376/1/5358 5389/1/5371 5381/1/5363
f 5390/1/5372 5392/1/5373 5389/1/5371
f 5293/1/5274 5386/1/5368 5290/1/5272
f 5293/1/5274 5278/1/5260 5282/1/5264
f 5285/1/5266 5393/1/5374 5282/1/5264
f 5388/1/5370 5387/1/5369 5386/1/5368
f 5394/1/5375 5396/1/5376 5397/1/5377
f 5395/1/5378 5338/1/5320 5385/1/5367
f 5396/1/5376 5385/1/5367 5387/1/5369
f 5392/1/5373 5391/1/5379 5397/1/5377
f 5398/1/5380 5343/1/5324 5321/1/5302
f 5395/1/5378 5339/1/5321 5338/1/5320
f 5399/1/5381 5395/1/5378 5394/1/5375
f 5343/1/5324 5399/1/5381 5340/1/5322
f 5400/1/5382 5401/1/5383 5374/1/5356
f 5353/1/5335 5373/1/5355 5350/1/5332
f 5340/1/5322 5400/1/5382 5353/1/5335
f 5401/1/5383 5399/1/5381 5394/1/5375
f 5402/1/5384 5401/1/5383 5394/1/5375
f 5391/1/5379 5402/1/5384 5397/1/5377
f 5401/1/5383 5403/1/5385 5374/1/5356
f 5379/1/5360 5390/1/5372 5376/1/5358
f 5368/1/5350 5379/1/5360 5358/1/5340
f 5371/1/5353 5404/1/5386 5368/1/5350
f 5390/1/5372 5405/1/5387 5391/1/5379
f 5371/1/5353 5406/1/5388 5405/1/5387
f 5382/1/5365 5370/1/5352 5362/1/5344
f 5403/1/5385 5382/1/5365 5374/1/5356
f 5405/1/5387 5403/1/5385 5391/1/5379
f 5407/1/5389 5408/1/5390 5409/1/5391
f 3150/1/3137 5410/1/5392 3145/1/3131
f 5407/1/5389 3150/1/3137 96/1/96
f 5408/1/5390 2496/1/2488 2495/1/2486
f 5411/1/5393 5413/1/5394 5414/1/5395
f 3164/1/3151 5411/1/5393 3165/1/3152
f 3158/1/3145 5412/1/5396 3164/1/3151
f 5413/1/5394 5415/1/5397 5409/1/5391
f 3156/1/3144 5415/1/5397 3158/1/3145
f 3142/1/3129 3156/1/3144 3146/1/3132
f 3145/1/3131 5416/1/5398 3142/1/3129
f 5415/1/5397 5410/1/5392 5409/1/5391
f 5417/1/5399 5408/1/5390 2495/1/2486
f 5418/1/5400 2503/1/2494 2507/1/2498
f 5419/1/5401 5418/1/5400 5420/1/5402
f 5417/1/5399 5419/1/5401 5409/1/5391
f 5414/1/5395 5421/1/5403 5422/1/5404
f 5413/1/5394 5409/1/5391 5423/1/5405
f 5424/1/5406 5421/1/5403 5423/1/5405
f 5425/1/5407 5426/1/5408 5422/1/5404
f 5420/1/5402 5427/1/5409 5428/1/5410
f 2507/1/2498 5427/1/5409 5418/1/5400
f 2516/1/2506 5427/1/5409 2517/1/2507
f 5427/1/5409 5429/1/5411 5430/1/5412
f 5423/1/5405 5432/1/5413 5424/1/5406
f 5423/1/5405 5409/1/5391 5419/1/5401
f 5420/1/5402 5431/1/5414 5419/1/5401
f 5428/1/5410 5430/1/5412 5432/1/5413
f 5433/1/5415 5434/1/5416 5430/1/5412
f 2525/1/2516 5429/1/5411 2516/1/2506
f 2524/1/2515 5433/1/5415 2525/1/2516
f 5434/1/5416 5435/1/5417 5436/1/5418
f 5437/1/5419 5438/1/5420 5439/1/5421
f 5424/1/5406 5440/1/5422 5439/1/5421
f 5440/1/5422 5432/1/5413 5430/1/5412
f 5436/1/5418 5440/1/5422 5434/1/5416
f 5426/1/5408 5441/1/5423 5442/1/5424
f 5439/1/5421 5425/1/5407 5424/1/5406
f 5441/1/5423 5439/1/5421 5438/1/5420
f 5442/1/5424 5443/1/5425 5444/1/5426
f 5445/1/5427 5447/1/5428 5448/1/5429
f 5449/1/5430 5446/1/5431 5450/1/5432
f 5451/1/5433 5449/1/5430 5452/1/5434
f 5448/1/5429 5451/1/5433 5453/1/5435
f 2557/1/2547 5454/1/5436 5455/1/5437
f 2562/1/2947 5454/1/5436 2560/1/2549
f 5453/1/5435 5454/1/5436 5456/1/5438
f 5451/1/5433 5452/1/5434 5455/1/5437
f 5457/1/5439 5459/1/5440 5460/1/5441
f 5461/1/5442 5458/1/5443 5462/1/5444
f 5463/1/5445 5459/1/5440 5461/1/5442
f 5460/1/5441 5464/1/5446 5452/1/5434
f 2571/1/2560 5455/1/5437 5465/1/5447
f 5452/1/5434 5465/1/5447 5455/1/5437
f 5466/1/5448 5464/1/5446 5463/1/5445
f 5466/1/5448 2571/1/2560 5465/1/5447
f 5462/1/5444 5468/1/5449 5461/1/5442
f 5469/1/5450 5467/1/5451 5470/1/5452
f 5471/1/5453 5468/1/5449 5469/1/5450
f 5461/1/5442 5472/1/5454 5463/1/5445
f 2573/1/2561 5473/1/5455 2581/1/2570
f 5463/1/5445 5473/1/5455 5466/1/5448
f 5472/1/5454 5474/1/5456 5473/1/5455
f 2581/1/2570 5474/1/5456 2583/1/2571
f 5475/1/5457 5477/1/5458 5478/1/5459
f 5476/1/5460 5479/1/5461 5480/1/5462
f 5480/1/5462 2591/1/2580 2589/1/2577
f 5477/1/5458 2589/1/2577 2590/1/2579
f 5481/1/5463 5483/1/5464 5484/1/5465
f 5475/1/5457 5482/1/5466 5481/1/5463
f 2598/1/2586 5478/1/5459 2590/1/2579
f 2599/1/2588 5482/1/5466 2598/1/2586
f 5485/1/5467 5487/1/5468 5488/1/5469
f 5484/1/5465 5486/1/5470 5485/1/5467
f 2604/1/2592 5483/1/5464 2599/1/2588
f 2605/1/2594 5486/1/5470 2604/1/2592
f 5470/1/5452 5490/1/5471 5469/1/5450
f 5491/1/5472 5489/1/5473 5492/1/5474
f 5493/1/5475 5490/1/5471 5491/1/5472
f 5469/1/5450 5494/1/5476 5471/1/5453
f 5495/1/5477 5496/1/5478 5497/1/5479
f 5493/1/5475 5498/1/5480 5497/1/5479
f 5492/1/5474 5498/1/5480 5491/1/5472
f 2583/1/2571 5499/1/5481 2616/1/2605
f 5494/1/5476 5474/1/5456 5471/1/5453
f 5493/1/5475 5499/1/5481 5494/1/5476
f 2616/1/2605 5500/1/5482 2618/1/2606
f 2620/1/2609 5501/1/5483 5502/1/5484
f 5500/1/5482 2623/1/2611 2618/1/2606
f 5493/1/5475 5501/1/5483 5500/1/5482
f 5502/1/5484 5497/1/5479 5496/1/5478
f 5503/1/5485 5502/1/5484 5496/1/5478
f 5488/1/5469 5504/1/5486 5503/1/5485
f 2626/1/2615 5487/1/5468 2605/1/2594
f 2620/1/2609 5504/1/5486 2626/1/2615
f 5505/1/5487 5507/1/5488 5508/1/5489
f 5506/1/5490 5509/1/5491 5510/1/5492
f 5507/1/5488 5510/1/5492 5511/1/5493
f 5508/1/5489 5512/1/5494 5513/1/5495
f 5514/1/5496 5516/1/5497 5517/1/5498
f 5508/1/5489 5515/1/5499 5505/1/5487
f 5513/1/5495 5516/1/5497 5508/1/5489
f 5513/1/5495 5519/1/5500 5517/1/5498
f 5518/1/5501 5520/1/5502 5521/1/5503
f 5519/1/5500 5521/1/5503 5522/1/5504
f 5517/1/5498 5523/1/5505 5514/1/5496
f 5524/1/5506 5514/1/5496 5523/1/5505
f 5523/1/5505 5522/1/5504 5525/1/5507
f 5526/1/5508 5525/1/5507 5528/1/5509
f 5526/1/5508 5529/1/5510 5524/1/5506
f 5530/1/5511 5526/1/5508 5528/1/5509
f 5531/1/5512 5532/1/5513 5533/1/5514
f 5529/1/5510 5530/1/5511 5533/1/5514
f 2659/1/2647 5535/1/5515 2656/1/2645
f 2591/1/2580 5534/1/5516 2659/1/2647
f 5534/1/5516 5480/1/5462 5479/1/5461
f 5536/1/5517 5534/1/5516 5537/1/5518
f 5538/1/5519 5540/1/5520 5541/1/5521
f 5525/1/5507 5539/1/5522 5528/1/5509
f 5540/1/5520 5525/1/5507 5522/1/5504
f 5542/1/5523 5540/1/5520 5543/1/5524
f 5528/1/5509 5544/1/5525 5531/1/5512
f 5545/1/5526 5539/1/5522 5538/1/5519
f 5546/1/5527 5544/1/5525 5545/1/5526
f 5547/1/5528 5532/1/5513 5531/1/5512
f 5536/1/5517 5549/1/5529 5550/1/5530
f 5551/1/5531 5548/1/5532 5552/1/5533
f 5553/1/5534 5549/1/5529 5551/1/5531
f 5550/1/5530 5554/1/5535 5555/1/5536
f 5550/1/5530 5535/1/5515 5536/1/5517
f 5555/1/5536 5556/1/5537 5550/1/5530
f 2681/1/2670 5557/1/5538 2682/1/2671
f 2656/1/2645 5556/1/5537 2681/1/2670
f 5532/1/5513 5558/1/5539 5559/1/5540
f 5560/1/5541 5547/1/5528 5546/1/5527
f 5561/1/5542 5558/1/5539 5560/1/5541
f 5562/1/5543 5563/1/5544 5559/1/5540
f 5551/1/5531 5565/1/5545 5553/1/5534
f 5552/1/5533 5564/1/5546 5551/1/5531
f 5563/1/5544 5564/1/5546 5566/1/5547
f 5565/1/5545 5562/1/5543 5561/1/5542
f 5567/1/5548 3266/1/3252 5568/1/5549
f 5569/1/5550 3266/1/3252 3265/1/3251
f 5570/1/5551 5568/1/5549 5569/1/5550
f 5567/1/5548 5571/1/5552 3275/1/5553
f 3244/1/3230 5572/1/5554 5573/1/5555
f 3276/1/3261 3247/1/3232 3252/1/3237
f 3275/1/5553 5572/1/5554 3276/1/3261
f 5571/1/5552 5570/1/5551 5573/1/5555
f 5574/1/5556 5575/1/5557 5576/1/5558
f 5569/1/5550 5576/1/5558 5570/1/5551
f 3265/1/3251 5577/1/5559 5569/1/5550
f 3244/1/3230 5578/1/5560 3256/1/3241
f 5570/1/5551 5578/1/5560 5573/1/5555
f 5580/1/5561 5579/1/5562 5581/1/5563
f 3256/1/3241 5580/1/5561 3253/1/3239
f 5582/1/5564 5584/1/5565 5585/1/5566
f 5586/1/5567 5583/1/5568 5587/1/5569
f 5588/1/5570 5586/1/5567 5589/1/5571
f 5585/1/5566 5588/1/5570 5581/1/5563
f 5581/1/5563 5590/1/5572 5585/1/5566
f 5579/1/5562 5570/1/5551 5576/1/5558
f 5575/1/5557 5590/1/5572 5576/1/5558
f 5585/1/5566 5591/1/5573 5582/1/5564
f 5575/1/5557 5592/1/5574 5593/1/5575
f 5574/1/5556 3265/1/3251 3263/1/3248
f 3264/1/3250 5592/1/5574 3263/1/3248
f 5594/1/5576 5595/1/5577 5593/1/5575
f 5596/1/5578 5598/1/5579 5599/1/5580
f 5597/1/5581 5511/1/5493 5510/1/5492
f 5598/1/5579 5510/1/5492 5509/1/5491
f 5599/1/5580 5600/1/5582 5587/1/5569
f 5582/1/5564 5601/1/5583 5602/1/5584
f 5593/1/5575 5591/1/5573 5575/1/5557
f 5595/1/5577 5601/1/5583 5593/1/5575
f 5602/1/5584 5603/1/5585 5604/1/5586
f 5596/1/5578 5605/1/5587 5606/1/5588
f 5583/1/5568 5599/1/5580 5587/1/5569
f 5602/1/5584 5583/1/5568 5582/1/5564
f 5604/1/5586 5605/1/5587 5602/1/5584
f 5607/1/5589 5608/1/5590 5589/1/5571
f 5609/1/5591 5586/1/5567 5587/1/5569
f 5607/1/5589 5609/1/5591 5610/1/5592
f 5611/1/5593 5612/1/5594 5608/1/5590
f 5612/1/5594 5613/1/5595 5614/1/5596
f 5611/1/5593 5610/1/5592 5615/1/5597
f 5610/1/5592 5617/1/5598 5615/1/5597
f 5618/1/5599 5616/1/5600 5619/1/5601
f 5620/1/5602 5621/1/5603 5509/1/5491
f 5506/1/5490 5505/1/5487 5622/1/5604
f 5623/1/5605 5620/1/5602 5622/1/5604
f 5621/1/5603 5624/1/5606 5619/1/5601
f 5587/1/5569 5625/1/5607 5609/1/5591
f 5621/1/5603 5600/1/5582 5509/1/5491
f 5619/1/5601 5625/1/5607 5621/1/5603
f 5609/1/5591 5616/1/5600 5610/1/5592
f 5619/1/5601 5626/1/5608 5618/1/5599
f 5627/1/5609 5624/1/5606 5623/1/5605
f 5628/1/5610 5630/1/5611 5631/1/5612
f 5632/1/5613 5629/1/5614 5633/1/5615
f 5634/1/5616 5630/1/5611 5632/1/5613
f 5631/1/5612 5635/1/5617 5636/1/5618
f 5637/1/5619 5629/1/5614 5628/1/5610
f 3253/1/3239 5639/1/5620 5640/1/5621
f 5588/1/5570 5580/1/5561 5581/1/5563
f 5589/1/5571 5639/1/5620 5588/1/5570
f 5640/1/5621 5641/1/5622 5636/1/5618
f 5636/1/5618 5642/1/5623 5631/1/5612
f 5608/1/5590 5641/1/5622 5589/1/5571
f 5612/1/5594 5642/1/5623 5608/1/5590
f 5631/1/5612 5643/1/5624 5628/1/5610
f 3258/1/3244 5644/1/5625 5645/1/5626
f 5640/1/5621 3254/1/3243 3253/1/3239
f 5636/1/5618 5644/1/5625 5640/1/5621
f 5645/1/5626 5635/1/5617 5634/1/5616
f 5646/1/5627 5647/1/5628 5648/1/5629
f 5648/1/5629 5505/1/5487 5515/1/5499
f 5649/1/5630 5515/1/5499 5514/1/5496
f 5524/1/5506 5529/1/5510 5646/1/5627
f 5650/1/5631 5652/1/5632 5614/1/5596
f 5628/1/5610 5652/1/5632 5637/1/5619
f 5643/1/5624 5612/1/5594 5614/1/5596
f 5653/1/5633 5654/1/5634 5623/1/5605
f 5648/1/5629 5622/1/5604 5505/1/5487
f 5653/1/5633 5648/1/5629 5647/1/5628
f 5654/1/5634 5655/1/5635 5656/1/5636
f 5656/1/5636 5658/1/5637 5654/1/5634
f 5654/1/5634 5627/1/5609 5623/1/5605
f 5659/1/5638 5660/1/5639 5647/1/5628
f 5533/1/5514 5646/1/5627 5529/1/5510
f 5661/1/5640 5533/1/5514 5532/1/5513
f 5661/1/5640 5662/1/5641 5660/1/5639
f 5656/1/5636 5663/1/5642 5664/1/5643
f 5655/1/5635 5647/1/5628 5660/1/5639
f 5662/1/5641 5663/1/5642 5660/1/5639
f 5664/1/5643 5665/1/5644 5666/1/5645
f 5667/1/5646 5669/1/5647 5670/1/5648
f 5667/1/5646 5671/1/5649 5666/1/5645
f 5666/1/5645 5672/1/5650 5664/1/5643
f 5664/1/5643 5657/1/5651 5656/1/5636
f 5662/1/5641 5673/1/5652 5674/1/5653
f 5559/1/5540 5661/1/5640 5532/1/5513
f 5673/1/5652 5559/1/5540 5563/1/5544
f 5674/1/5653 5675/1/5654 5676/1/5655
f 5666/1/5645 5677/1/5656 5667/1/5646
f 5674/1/5653 5665/1/5644 5662/1/5641
f 5678/1/5657 5674/1/5653 5676/1/5655
f 5678/1/5657 5667/1/5646 5677/1/5656
f 5548/1/5532 5536/1/5517 5537/1/5518
f 5679/1/5658 5537/1/5518 5479/1/5461
f 5680/1/5659 5681/1/5660 5682/1/5661
f 5679/1/5658 5682/1/5661 5552/1/5533
f 5676/1/5655 5683/1/5662 5684/1/5663
f 5566/1/5547 5675/1/5654 5563/1/5544
f 5682/1/5661 5566/1/5547 5552/1/5533
f 5681/1/5660 5683/1/5662 5682/1/5661
f 5668/1/5664 5685/1/5665 5686/1/5666
f 5684/1/5663 5678/1/5657 5676/1/5655
f 5687/1/5667 5684/1/5663 5681/1/5660
f 5688/1/5668 5685/1/5665 5687/1/5667
f 5688/1/5668 5690/1/5669 5691/1/5670
f 5692/1/5671 5689/1/5672 5693/1/5673
f 5691/1/5670 5686/1/5666 5688/1/5668
f 5668/1/5664 5694/1/5674 5669/1/5647
f 5695/1/5675 5697/1/5676 5698/1/5677
f 5680/1/5659 5696/1/5678 5681/1/5660
f 5479/1/5461 5697/1/5676 5680/1/5659
f 5698/1/5677 5476/1/5460 5475/1/5457
f 5693/1/5673 5699/1/5679 5700/1/5680
f 5687/1/5667 5689/1/5672 5688/1/5668
f 5699/1/5679 5687/1/5667 5681/1/5660
f 5700/1/5680 5696/1/5678 5695/1/5675
f 5693/1/5673 5702/1/5681 5692/1/5671
f 5703/1/5682 5701/1/5683 5704/1/5684
f 5705/1/5685 5707/1/5686 5708/1/5687
f 5706/1/5688 5695/1/5675 5698/1/5677
f 5475/1/5457 5707/1/5686 5698/1/5677
f 5708/1/5687 5481/1/5463 5484/1/5465
f 5704/1/5684 5709/1/5689 5710/1/5690
f 5700/1/5680 5701/1/5683 5693/1/5673
f 5695/1/5675 5709/1/5689 5700/1/5680
f 5706/1/5688 5705/1/5685 5710/1/5690
f 5704/1/5684 5712/1/5691 5703/1/5682
f 5711/1/5692 5713/1/5693 5714/1/5694
f 5715/1/5695 5716/1/5696 5717/1/5697
f 5708/1/5687 5718/1/5698 5705/1/5685
f 5484/1/5465 5715/1/5695 5708/1/5687
f 5488/1/5469 5715/1/5695 5485/1/5467
f 5713/1/5693 5719/1/5699 5720/1/5700
f 5711/1/5692 5704/1/5684 5710/1/5690
f 5719/1/5699 5710/1/5690 5705/1/5685
f 5720/1/5700 5718/1/5698 5717/1/5697
f 5713/1/5693 5722/1/5701 5714/1/5694
f 5723/1/5702 5721/1/5703 5724/1/5704
f 5717/1/5697 5725/1/5705 5726/1/5706
f 5725/1/5705 5716/1/5696 5488/1/5469
f 5496/1/5478 5725/1/5705 5503/1/5485
f 5726/1/5706 5727/1/5707 5728/1/5708
f 5724/1/5704 5729/1/5709 5730/1/5710
f 5720/1/5700 5721/1/5703 5713/1/5693
f 5717/1/5697 5729/1/5709 5720/1/5700
f 5728/1/5708 5729/1/5709 5726/1/5706
f 5724/1/5704 5732/1/5711 5723/1/5702
f 5733/1/5712 5731/1/5713 5734/1/5714
f 5728/1/5708 5735/1/5715 5736/1/5716
f 5495/1/5477 5727/1/5707 5496/1/5478
f 5492/1/5474 5735/1/5715 5495/1/5477
f 5736/1/5716 5737/1/5717 5738/1/5718
f 5731/1/5713 5724/1/5704 5730/1/5710
f 5736/1/5716 5730/1/5710 5728/1/5708
f 5739/1/5719 5736/1/5716 5738/1/5718
f 5734/1/5714 5739/1/5719 5740/1/5720
f 5734/1/5714 5742/1/5721 5733/1/5712
f 5743/1/5722 5741/1/5723 5744/1/5724
f 5745/1/5725 5747/1/5726 5748/1/5727
f 5737/1/5717 5746/1/5728 5738/1/5718
f 5492/1/5474 5747/1/5726 5737/1/5717
f 5748/1/5727 5489/1/5473 5470/1/5452
f 5744/1/5724 5749/1/5729 5750/1/5730
f 5740/1/5720 5741/1/5723 5734/1/5714
f 5738/1/5718 5749/1/5729 5740/1/5720
f 5750/1/5730 5746/1/5728 5745/1/5725
f 5751/1/5731 5753/1/5732 5754/1/5733
f 5744/1/5724 5752/1/5734 5743/1/5722
f 5755/1/5735 5757/1/5736 5758/1/5737
f 5748/1/5727 5756/1/5738 5745/1/5725
f 5470/1/5452 5757/1/5736 5748/1/5727
f 5758/1/5737 5467/1/5451 5462/1/5444
f 5754/1/5733 5759/1/5739 5760/1/5740
f 5750/1/5730 5753/1/5732 5744/1/5724
f 5745/1/5725 5759/1/5739 5750/1/5730
f 5760/1/5740 5756/1/5738 5755/1/5735
f 5754/1/5733 5762/1/5741 5751/1/5731
f 5763/1/5742 5761/1/5743 5764/1/5744
f 5765/1/5745 5767/1/5746 5768/1/5747
f 5758/1/5737 5766/1/5748 5755/1/5735
f 5462/1/5444 5767/1/5746 5758/1/5737
f 5458/1/5443 5457/1/5439 5768/1/5747
f 5764/1/5744 5769/1/5749 5770/1/5750
f 5760/1/5740 5761/1/5743 5754/1/5733
f 5755/1/5735 5769/1/5749 5760/1/5740
f 5770/1/5750 5766/1/5748 5765/1/5745
f 5771/1/5751 5773/1/5752 5774/1/5753
f 5774/1/5753 5763/1/5742 5764/1/5744
f 5764/1/5744 5775/1/5754 5774/1/5753
f 5765/1/5745 5775/1/5754 5770/1/5750
f 5777/1/5755 5775/1/5754 5776/1/5756
f 5774/1/5753 5778/1/5757 5771/1/5751
f 5779/1/5758 5780/1/5759 5781/1/5760
f 5782/1/5761 5457/1/5439 5460/1/5441
f 5779/1/5758 5460/1/5441 5452/1/5434
f 5780/1/5759 5449/1/5430 5450/1/5432
f 5776/1/5756 5784/1/5762 5777/1/5755
f 5768/1/5747 5776/1/5756 5765/1/5745
f 5457/1/5439 5783/1/5763 5768/1/5747
f 5782/1/5761 5781/1/5760 5784/1/5762
f 5780/1/5759 5786/1/5764 5781/1/5760
f 5785/1/5765 5780/1/5759 5450/1/5432
f 5787/1/5766 5789/1/5767 5790/1/5768
f 5790/1/5768 5772/1/5769 5771/1/5751
f 5791/1/5770 5792/1/5771 5777/1/5755
f 5786/1/5764 5784/1/5762 5781/1/5760
f 5793/1/5772 5791/1/5770 5786/1/5764
f 5792/1/5771 5794/1/5773 5795/1/5774
f 5771/1/5751 5796/1/5775 5790/1/5768
f 5792/1/5771 5778/1/5757 5777/1/5755
f 5795/1/5774 5796/1/5775 5792/1/5771
f 5790/1/5768 5797/1/5776 5787/1/5766
f 5798/1/5777 5800/1/5778 5801/1/5779
f 5798/1/5777 5802/1/5780 5803/1/5781
f 5803/1/5781 3249/1/3235 3257/1/3242
f 3258/1/3244 5799/1/5782 3257/1/3242
f 5801/1/5779 5805/1/5783 5798/1/5777
f 5804/1/5784 5806/1/5785 5807/1/5786
f 5801/1/5779 5808/1/5787 5809/1/5788
f 5645/1/5626 5800/1/5778 3258/1/3244
f 5634/1/5616 5808/1/5787 5645/1/5626
f 5809/1/5788 5810/1/5789 5811/1/5790
f 5811/1/5790 5812/1/5791 5813/1/5792
f 5632/1/5613 5810/1/5789 5634/1/5616
f 5633/1/5615 5812/1/5791 5632/1/5613
f 5813/1/5792 5814/1/5793 5815/1/5794
f 5806/1/5785 5816/1/5795 5817/1/5796
f 5809/1/5788 5804/1/5784 5801/1/5779
f 5811/1/5790 5816/1/5795 5809/1/5788
f 5817/1/5796 5818/1/5797 5819/1/5798
f 5811/1/5790 5820/1/5799 5818/1/5797
f 5821/1/5800 5813/1/5792 5815/1/5794
f 5822/1/5801 5820/1/5799 5821/1/5800
f 5818/1/5797 5823/1/5802 5819/1/5798
f 5824/1/5803 5826/1/5804 5827/1/5805
f 3262/1/3247 5825/1/5806 3259/1/3245
f 3267/1/3253 5826/1/5804 3262/1/3247
f 3374/1/3360 5828/1/5807 5829/1/5808
f 3363/1/3348 3370/1/3359 3365/1/3351
f 3230/1/3349 5828/1/5807 3363/1/3348
f 5829/1/5808 5830/1/5809 5831/1/5810
f 5832/1/5811 5834/1/5812 5835/1/5813
f 5827/1/5805 5833/1/5814 5824/1/5803
f 3267/1/3253 5834/1/5812 5827/1/5805
f 5835/1/5813 5567/1/5548 3275/1/5553
f 5832/1/5811 5836/1/5815 5837/1/5816
f 3274/1/3260 5835/1/5813 3275/1/5553
f 3279/1/3264 5836/1/5815 3274/1/3260
f 5839/1/5817 5836/1/5815 5838/1/5818
f 3230/1/3349 5840/1/5819 5830/1/5809
f 5841/1/5820 3228/1/3215 3218/1/3205
f 5842/1/5821 5841/1/5820 5843/1/5822
f 5830/1/5809 5842/1/5821 5831/1/5810
f 5831/1/5810 5844/1/5823 5845/1/5824
f 5846/1/5825 5842/1/5821 5843/1/5822
f 5847/1/5826 5844/1/5823 5846/1/5825
f 5845/1/5824 5848/1/5827 5849/1/5828
f 5850/1/5829 5851/1/5830 5832/1/5811
f 5852/1/5831 5837/1/5816 5839/1/5817
f 5849/1/5828 5850/1/5829 5852/1/5831
f 5851/1/5830 5848/1/5827 5847/1/5826
f 5853/1/5832 5855/1/5833 5856/1/5834
f 5857/1/5835 5853/1/5832 5858/1/5836
f 5859/1/5837 5854/1/5838 5857/1/5835
f 5855/1/5833 5860/1/5839 5861/1/5840
f 5862/1/5841 5860/1/5839 5859/1/5837
f 5513/1/5495 5863/1/5842 5862/1/5841
f 5864/1/5843 5512/1/5494 5511/1/5493
f 5860/1/5839 5864/1/5843 5861/1/5840
f 5856/1/5834 5865/1/5844 5866/1/5845
f 5867/1/5846 5855/1/5833 5861/1/5840
f 5865/1/5844 5867/1/5846 5868/1/5847
f 5869/1/5848 5870/1/5849 5866/1/5845
f 5861/1/5840 5871/1/5850 5867/1/5846
f 5597/1/5581 5864/1/5843 5511/1/5493
f 5871/1/5850 5597/1/5581 5596/1/5578
f 5872/1/5851 5868/1/5847 5867/1/5846
f 5873/1/5852 5875/1/5853 5876/1/5854
f 5594/1/5576 5874/1/5855 5595/1/5577
f 5594/1/5576 3264/1/3250 5877/1/5856
f 5876/1/5854 5877/1/5856 5878/1/5857
f 5879/1/5858 5880/1/5859 5881/1/5860
f 5873/1/5852 5882/1/5861 5881/1/5860
f 5878/1/5857 5882/1/5861 5876/1/5854
f 5879/1/5858 5883/1/5862 5884/1/5863
f 5885/1/5864 5887/1/5865 5888/1/5866
f 5886/1/5867 5839/1/5817 5838/1/5818
f 5838/1/5818 3279/1/3264 3290/1/3275
f 5887/1/5865 3290/1/3275 3293/1/3277
f 5889/1/5868 5891/1/5869 5892/1/5870
f 5852/1/5831 5890/1/5871 5849/1/5828
f 5891/1/5869 5852/1/5831 5839/1/5817
f 5892/1/5870 5886/1/5867 5885/1/5864
f 3374/1/3360 5893/1/5872 5894/1/5873
f 5829/1/5808 5831/1/5810 5845/1/5824
f 5893/1/5872 5845/1/5824 5849/1/5828
f 5894/1/5873 5890/1/5871 5889/1/5868
f 3525/1/3511 3728/1/3713 3526/1/3512
f 3524/1/3510 5895/1/5874 3525/1/3511
f 5897/1/5875 5898/1/5876 5899/1/5877
f 5897/1/5875 5900/1/5878 3347/1/3332
f 5897/1/5875 3349/1/3336 3348/1/3333
f 5898/1/5876 5901/1/5879 5902/1/5880
f 3680/1/3666 5903/1/5881 5904/1/5882
f 5905/1/5883 3679/1/3665 3662/1/3648
f 5903/1/5881 5905/1/5883 5906/1/5884
f 5904/1/5882 5907/1/5885 5908/1/5886
f 5909/1/5887 5896/1/5888 3524/1/3510
f 5911/1/5889 5909/1/5887 5908/1/5886
f 5908/1/5886 5913/1/5890 5911/1/5889
f 5914/1/5891 5912/1/5892 5915/1/5893
f 5916/1/5894 5909/1/5887 3524/1/3510
f 3523/1/3509 3522/1/3508 3695/1/3681
f 5904/1/5882 3695/1/3681 3680/1/3666
f 5909/1/5887 5904/1/5882 5908/1/5886
f 3280/1/3265 5917/1/5895 3342/1/3327
f 5918/1/5896 3287/1/3271 3288/1/3272
f 5919/1/5897 5917/1/5895 5918/1/5896
f 3342/1/3327 5920/1/5898 3343/1/3328
f 3289/1/3274 5922/1/5899 3288/1/3272
f 5915/1/5893 5921/1/5900 5914/1/5891
f 3288/1/3272 5923/1/5901 5918/1/5896
f 5922/1/5899 5915/1/5893 5924/1/5902
f 5925/1/5903 5923/1/5901 5924/1/5902
f 5926/1/5904 5919/1/5897 5918/1/5896
f 5927/1/5905 5928/1/5906 5902/1/5880
f 3353/1/3338 5901/1/5879 3348/1/3333
f 3343/1/3328 5927/1/5905 3353/1/3338
f 5928/1/5906 5920/1/5898 5919/1/5897
f 5929/1/5907 5931/1/5908 5932/1/5909
f 5930/1/5910 5899/1/5877 5933/1/5911
f 5934/1/5912 5933/1/5911 5935/1/5913
f 5936/1/5914 5931/1/5908 5934/1/5912
f 5937/1/5915 5924/1/5902 5915/1/5893
f 5907/1/5885 5912/1/5892 5908/1/5886
f 5906/1/5884 5937/1/5915 5907/1/5885
f 5924/1/5902 5938/1/5916 5925/1/5903
f 5935/1/5913 5940/1/5917 5934/1/5912
f 3384/1/3370 5939/1/5918 3385/1/3371
f 5940/1/5917 3384/1/3370 3375/1/3361
f 5941/1/5919 5936/1/5914 5934/1/5912
f 5929/1/5907 5943/1/5920 5944/1/5921
f 5942/1/5922 5885/1/5864 5888/1/5866
f 3293/1/3277 5943/1/5920 5888/1/5866
f 5944/1/5921 3299/1/3286 3298/1/3283
f 5936/1/5914 5946/1/5923 5932/1/5909
f 5892/1/5870 5945/1/5924 5889/1/5868
f 5885/1/5864 5946/1/5923 5892/1/5870
f 5942/1/5922 5929/1/5907 5932/1/5909
f 3298/1/3283 5947/1/5925 5944/1/5921
f 3347/1/3332 5947/1/5925 3345/1/3330
f 5947/1/5925 5900/1/5878 5899/1/5877
f 5944/1/5921 5930/1/5910 5929/1/5907
f 5925/1/5903 5948/1/5926 5949/1/5927
f 5938/1/5916 5906/1/5884 5950/1/5928
f 5951/1/5929 5948/1/5926 5950/1/5928
f 5949/1/5927 5952/1/5930 5953/1/5931
f 5941/1/5919 3375/1/3361 3373/1/3358
f 5954/1/5932 3373/1/3358 3374/1/3360
f 5889/1/5868 5954/1/5932 5894/1/5873
f 5941/1/5919 5945/1/5924 5936/1/5914
f 5955/1/5933 5949/1/5927 5953/1/5931
f 5928/1/5906 5956/1/5934 5902/1/5880
f 5919/1/5897 5955/1/5933 5928/1/5906
f 5926/1/5904 5925/1/5903 5949/1/5927
f 3387/1/3373 5957/1/5935 3402/1/3388
f 5958/1/5936 3386/1/3372 3385/1/3371
f 5951/1/5929 5957/1/5935 5958/1/5936
f 3402/1/3388 5959/1/5937 3403/1/3389
f 3385/1/3371 5960/1/5938 5958/1/5936
f 5961/1/5939 5939/1/5918 5935/1/5913
f 5953/1/5931 5960/1/5938 5961/1/5939
f 5958/1/5936 5952/1/5930 5951/1/5929
f 5962/1/5940 5906/1/5884 5905/1/5883
f 3662/1/3648 5962/1/5940 5905/1/5883
f 3403/1/3389 5962/1/5940 3661/1/3647
f 5950/1/5928 5959/1/5937 5951/1/5929
f 5963/1/5941 5961/1/5939 5935/1/5913
f 5898/1/5876 5933/1/5911 5899/1/5877
f 5963/1/5941 5898/1/5876 5902/1/5880
f 5961/1/5939 5956/1/5934 5953/1/5931
f 2941/1/2928 5964/1/5942 5965/1/5943
f 738/1/734 5964/1/5942 2944/1/2930
f 3752/1/3737 3743/1/3728 3746/1/3731
f 3756/1/3741 5964/1/5942 3752/1/3737
f 5966/1/5944 5967/1/5945 5968/1/5946
f 5969/1/5947 5970/1/5948 5971/1/5949
f 5972/1/5950 5966/1/5944 5969/1/5947
f 5967/1/5945 5973/1/5951 5974/1/5952
f 5975/1/5953 5976/1/5954 3756/1/3741
f 5977/1/5955 3755/1/3740 3754/1/3739
f 5968/1/5946 5975/1/5953 5977/1/5955
f 5974/1/5952 5975/1/5953 5967/1/5945
f 5971/1/5949 5979/1/5956 5969/1/5947
f 5448/1/5429 5978/1/5957 5445/1/5427
f 5453/1/5435 5979/1/5956 5448/1/5429
f 5969/1/5947 5980/1/5958 5972/1/5950
f 2562/1/2947 5981/1/5959 5456/1/5438
f 5982/1/5960 2961/1/2949 2963/1/2951
f 5972/1/5950 5981/1/5959 5982/1/5960
f 5456/1/5438 5980/1/5958 5453/1/5435
f 2963/1/2951 5983/1/5961 5982/1/5960
f 5984/1/5962 2965/1/2953 2967/1/2955
f 5983/1/5961 5984/1/5962 5974/1/5952
f 5982/1/5960 5973/1/5951 5972/1/5950
f 2967/1/2955 5985/1/5963 5984/1/5962
f 5965/1/5943 2969/1/2957 2941/1/2928
f 3756/1/3741 5985/1/5963 5965/1/5943
f 5984/1/5962 5976/1/5954 5974/1/5952
f 5444/1/5426 5986/1/5964 5987/1/5965
f 5988/1/5966 5443/1/5425 5438/1/5420
f 5989/1/5967 5986/1/5964 5988/1/5966
f 5990/1/5968 5991/1/5969 5987/1/5965
f 5992/1/5970 5993/1/5971 5991/1/5969
f 5990/1/5968 5989/1/5967 5994/1/5972
f 5992/1/5970 5994/1/5972 5995/1/5973
f 5993/1/5971 5996/1/5974 5997/1/5975
f 5998/1/5976 6000/1/5977 6001/1/5978
f 5436/1/5418 5999/1/5979 5998/1/5976
f 2524/1/2515 5999/1/5979 5435/1/5417
f 6000/1/5977 2987/1/2975 2986/1/2973
f 2986/1/2973 6002/1/5980 6000/1/5977
f 2993/1/5981 6002/1/5980 2989/1/2976
f 6004/1/5982 6003/1/5983 6005/1/5984
f 6001/1/5978 6002/1/5980 6004/1/5982
f 6006/1/5985 6004/1/5982 6005/1/5984
f 6006/1/5985 5995/1/5973 5994/1/5972
f 6007/1/5986 5994/1/5972 5989/1/5967
f 6001/1/5978 6007/1/5986 6008/1/5987
f 6009/1/5988 5988/1/5966 5438/1/5420
f 5437/1/5419 5436/1/5418 5998/1/5976
f 6008/1/5987 5998/1/5976 6001/1/5978
f 6008/1/5987 5989/1/5967 5988/1/5966
f 6010/1/5989 6012/1/5990 6013/1/5991
f 6011/1/5992 5991/1/5969 5993/1/5971
f 6012/1/5990 5993/1/5971 5997/1/5975
f 6014/1/5993 6015/1/5994 6013/1/5991
f 6016/1/5995 6018/1/5996 6019/1/5997
f 6020/1/5998 6017/1/5999 6021/1/6000
f 6018/1/5996 6020/1/5998 6010/1/5989
f 6019/1/5997 6022/1/6001 6023/1/6002
f 6024/1/6003 6020/1/5998 6021/1/6000
f 6025/1/6004 5444/1/5426 5987/1/5965
f 6024/1/6003 5987/1/5965 5991/1/5969
f 6011/1/5992 6010/1/5989 6020/1/5998
f 6023/1/6002 6026/1/6005 6027/1/6006
f 6013/1/5991 6022/1/6001 6010/1/5989
f 6015/1/5994 6026/1/6005 6013/1/5991
f 6027/1/6006 6028/1/6007 6029/1/6008
f 5542/1/5523 6030/1/6009 6031/1/6010
f 5521/1/5503 5543/1/5524 5522/1/5504
f 5520/1/5502 6030/1/6009 5521/1/5503
f 6031/1/6010 6032/1/6011 6033/1/6012
f 6034/1/6013 6036/1/6014 6037/1/6015
f 5881/1/5860 6035/1/6016 5873/1/5852
f 5880/1/5859 6036/1/6014 5881/1/5860
f 6037/1/6015 6038/1/6017 6039/1/6018
f 5596/1/5578 6040/1/6019 5872/1/5851
f 6041/1/6020 5606/1/5588 5604/1/5586
f 6034/1/6013 6040/1/6019 6041/1/6020
f 6042/1/6021 5868/1/5847 5872/1/5851
f 6039/1/6018 6044/1/6022 6037/1/6015
f 5869/1/5848 6043/1/6023 5870/1/5849
f 5868/1/5847 6044/1/6022 5869/1/5848
f 6037/1/6015 6042/1/6021 6034/1/6013
f 5604/1/5586 6045/1/6024 6041/1/6020
f 5603/1/5585 5595/1/5577 5874/1/5855
f 5873/1/5852 6045/1/6024 5874/1/5855
f 6041/1/6020 6035/1/6016 6034/1/6013
f 5824/1/5803 6046/1/6025 6047/1/6026
f 5851/1/5830 5833/1/5814 5832/1/5811
f 5847/1/5826 6046/1/6025 5851/1/5830
f 6047/1/6026 6048/1/6027 6049/1/6028
f 5884/1/5863 6050/1/6029 6051/1/6030
f 6052/1/6031 5883/1/5862 5878/1/5857
f 6053/1/6032 6052/1/6031 6054/1/6033
f 6051/1/6030 6053/1/6032 6055/1/6034
f 5843/1/5822 6057/1/6035 5846/1/5825
f 6058/1/6036 6056/1/6037 6059/1/6038
f 6049/1/6028 6057/1/6035 6058/1/6036
f 5846/1/5825 6048/1/6027 5847/1/5826
f 6060/1/6039 6058/1/6036 6059/1/6038
f 6053/1/6032 6061/1/6040 6055/1/6034
f 6060/1/6039 6053/1/6032 6054/1/6033
f 6058/1/6036 6062/1/6041 6049/1/6028
f 6063/1/6042 6064/1/6043 3259/1/3245
f 6047/1/6026 5825/1/5806 5824/1/5803
f 6049/1/6028 6063/1/6042 6047/1/6026
f 6064/1/6043 6062/1/6041 6054/1/6033
f 3264/1/3250 6065/1/6044 5877/1/5856
f 6064/1/6043 3260/1/3249 3259/1/3245
f 6054/1/6033 6065/1/6044 6064/1/6043
f 5878/1/5857 6065/1/6044 6052/1/6031
f 5857/1/5835 6067/1/6045 5859/1/5837
f 5858/1/5836 6066/1/6046 5857/1/5835
f 6069/1/6047 6068/1/6048 6070/1/6049
f 6067/1/6045 6069/1/6047 6071/1/6050
f 6027/1/6006 6073/1/6051 6023/1/6002
f 6029/1/6008 6072/1/6052 6027/1/6006
f 6075/1/6053 6074/1/6054 6033/1/6012
f 6076/1/6055 6072/1/6052 6075/1/6053
f 6075/1/6053 6078/1/6056 6076/1/6055
f 6033/1/6012 6077/1/6057 6075/1/6053
f 6032/1/6011 5520/1/5502 6079/1/6058
f 6077/1/6057 6079/1/6058 6071/1/6050
f 6071/1/6050 6080/1/6059 6067/1/6045
f 6080/1/6059 6079/1/6058 5520/1/5502
f 5862/1/5841 5518/1/5501 5513/1/5495
f 5859/1/5837 6080/1/6059 5862/1/5841
f 6070/1/6049 6082/1/6060 6069/1/6047
f 6083/1/6061 6081/1/6062 6084/1/6063
f 6082/1/6060 6083/1/6061 6076/1/6055
f 6078/1/6056 6071/1/6050 6069/1/6047
f 6083/1/6061 6073/1/6051 6076/1/6055
f 6085/1/6064 6083/1/6061 6084/1/6063
f 6086/1/6065 6016/1/5995 6019/1/5997
f 6023/1/6002 6085/1/6064 6019/1/5997
f 904/1/900 6088/1/6066 903/1/898
f 6089/1/6067 6087/1/6068 888/1/884
f 817/1/812 6088/1/6066 6089/1/6067
f 903/1/898 6090/1/6069 905/1/901
f 813/1/809 6090/1/6069 817/1/812
f 816/1/811 6091/1/6070 813/1/809
f 922/1/918 6092/1/6071 923/1/919
f 905/1/901 6091/1/6070 922/1/918
f 6092/1/6071 831/1/827 6093/1/6072
f 834/1/829 6093/1/6072 831/1/827
f 932/1/929 6094/1/6073 933/1/928
f 6092/1/6071 932/1/929 923/1/919
f 975/1/971 6095/1/6074 974/1/969
f 884/1/879 980/1/976 881/1/877
f 888/1/884 6095/1/6074 884/1/879
f 974/1/969 6087/1/6068 904/1/900
f 970/1/966 6096/1/6075 971/1/970
f 1042/1/1038 1034/1/1029 1035/1/1031
f 982/1/978 6096/1/6075 1042/1/1038
f 971/1/970 981/1/977 975/1/971
f 6097/1/6076 6099/1/6077 6100/1/6078
f 979/1/974 6098/1/6079 976/1/972
f 982/1/978 6099/1/6077 979/1/974
f 6100/1/6078 1041/1/1037 1040/1/1035
f 6101/1/6080 6103/1/6081 3820/1/3805
f 6104/1/6082 6101/1/6080 3876/1/3861
f 3895/1/3880 6102/1/6083 6104/1/6082
f 3894/1/3879 6103/1/6081 6102/1/6083
f 3911/1/3896 6106/1/6084 3910/1/3894
f 3815/1/3799 6105/1/6085 3812/1/3797
f 3820/1/3805 6106/1/6084 3815/1/3799
f 3910/1/3894 6103/1/6081 3893/1/3878
f 933/1/928 6107/1/6086 3916/1/3901
f 3831/1/3816 6094/1/6073 834/1/829
f 3812/1/3797 6107/1/6086 3831/1/3816
f 3916/1/3901 6105/1/6085 3911/1/3896
f 3876/1/3861 6108/1/6087 6104/1/6082
f 3963/1/3947 3872/1/3860 3871/1/3856
f 3956/1/3941 6108/1/6087 3963/1/3947
f 6104/1/6082 3955/1/3940 3895/1/3880
f 3961/1/3945 6109/1/6088 3962/1/3948
f 4011/1/3996 4016/1/4000 4012/1/3997
f 3954/1/3938 6109/1/6088 4011/1/3996
f 3962/1/3948 3953/1/3937 3956/1/3941
f 3957/1/3942 4017/1/4002 3961/1/3945
f 3960/1/3944 6110/1/6089 3957/1/3942
f 6100/1/6078 6111/1/6090 6097/1/6076
f 1040/1/1035 6110/1/6089 6100/1/6078
f 828/1/823 851/1/850 830/1/826
f 829/1/825 6112/1/6091 828/1/823
f 819/1/814 6113/1/6092 821/1/817
f 820/1/816 6112/1/6091 819/1/814
f 837/1/833 6113/1/6092 829/1/825
f 840/1/835 6114/1/6093 837/1/833
f 835/1/831 6115/1/6094 836/1/832
f 821/1/817 6114/1/6093 835/1/831
f 820/1/816 6116/1/6095 854/1/849
f 6089/1/6067 818/1/815 817/1/812
f 888/1/884 6116/1/6095 6089/1/6067
f 854/1/849 887/1/883 855/1/851
f 886/1/882 6117/1/6096 885/1/880
f 861/1/856 895/1/894 858/1/854
f 857/1/853 6117/1/6096 861/1/856
f 885/1/880 856/1/852 855/1/851
f 976/1/972 6118/1/6097 6119/1/6098
f 6120/1/6099 6098/1/6079 6097/1/6076
f 894/1/890 6118/1/6097 6120/1/6099
f 6119/1/6098 892/1/889 891/1/886
f 886/1/882 6121/1/6100 898/1/893
f 977/1/975 882/1/881 881/1/877
f 6119/1/6098 977/1/975 976/1/972
f 891/1/886 6121/1/6100 6119/1/6098
f 3817/1/3802 6123/1/6101 3816/1/3800
f 3824/1/3808 6122/1/6102 3821/1/3806
f 3829/1/3814 6123/1/6101 3824/1/3808
f 3816/1/3800 3844/1/3829 3818/1/3803
f 836/1/832 6124/1/6103 3832/1/3817
f 3834/1/3819 6115/1/6094 840/1/835
f 6124/1/6103 3834/1/3819 3821/1/3806
f 3832/1/3817 6122/1/6102 3817/1/3802
f 3876/1/3861 6125/1/6104 3875/1/3859
f 3820/1/3805 6125/1/6104 6101/1/6080
f 3850/1/3835 3819/1/3804 3818/1/3803
f 3875/1/3859 3850/1/3835 3849/1/3834
f 3848/1/3833 6126/1/6105 3847/1/3832
f 3885/1/3869 3852/1/3840 3851/1/3836
f 3878/1/3863 6126/1/6105 3885/1/3869
f 3847/1/3832 3877/1/3862 3849/1/3834
f 6120/1/6099 3879/1/3866 894/1/890
f 6097/1/6076 6127/1/6106 6120/1/6099
f 6128/1/6107 6111/1/6090 3960/1/3944
f 3882/1/3867 6127/1/6106 6128/1/6107
f 3960/1/3944 6129/1/6108 6128/1/6107
f 3874/1/3858 3959/1/3943 3871/1/3856
f 3878/1/3863 6129/1/6108 3874/1/3858
f 6128/1/6107 3886/1/3871 3882/1/3867
f 825/1/820 6130/1/6109 822/1/818
f 6131/1/6110 844/1/843 843/1/839
f 6132/1/6111 6130/1/6109 6131/1/6110
f 822/1/818 6133/1/6112 826/1/821
f 6134/1/6113 6133/1/6112 6132/1/6111
f 6136/1/6114 6135/1/6115 6134/1/6113
f 841/1/837 6137/1/6116 842/1/838
f 826/1/821 6135/1/6115 841/1/837
f 825/1/820 6138/1/6117 847/1/842
f 853/1/848 824/1/819 830/1/826
f 857/1/853 6138/1/6117 853/1/848
f 847/1/842 864/1/860 848/1/844
f 863/1/859 6139/1/6118 862/1/857
f 6140/1/6119 874/1/870 877/1/872
f 850/1/846 6139/1/6118 6140/1/6119
f 862/1/857 849/1/845 848/1/844
f 2064/1/2058 6141/1/6120 6142/1/6121
f 879/1/874 2060/1/2057 880/1/876
f 872/1/868 6141/1/6120 879/1/874
f 6142/1/6121 870/1/867 869/1/864
f 863/1/859 6143/1/6122 878/1/875
f 897/1/892 859/1/858 858/1/854
f 871/1/866 897/1/892 873/1/869
f 872/1/868 6143/1/6122 871/1/866
f 6144/1/6123 6146/1/6124 6147/1/6125
f 3839/1/3823 6145/1/6126 6144/1/6123
f 3825/1/3809 3838/1/3822 3827/1/3812
f 3826/1/3811 6145/1/6126 3825/1/3809
f 842/1/838 6148/1/6127 3835/1/3820
f 6149/1/6128 6137/1/6116 6136/1/6114
f 6147/1/6125 6148/1/6127 6149/1/6128
f 3835/1/3820 6146/1/6124 3826/1/3811
f 3848/1/3833 6150/1/6129 3855/1/3839
f 3829/1/3814 6150/1/6129 3845/1/3830
f 3843/1/3828 3828/1/3813 3827/1/3812
f 3855/1/3839 3843/1/3828 3842/1/3826
f 3841/1/3825 6152/1/6130 3840/1/3824
f 3867/1/3851 6151/1/6131 3864/1/3849
f 3857/1/3842 6152/1/6130 3867/1/3851
f 3840/1/3824 3856/1/3841 3842/1/3826
f 3868/1/3852 3863/1/3848 3862/1/3847
f 3869/1/3854 6153/1/6132 3868/1/3852
f 6142/1/6121 4982/1/4966 2064/1/2058
f 869/1/864 6153/1/6132 6142/1/6121
f 3861/1/3846 6154/1/6133 3860/1/3844
f 3854/1/3838 3883/1/3870 3851/1/3836
f 3857/1/3842 6154/1/6133 3854/1/3838
f 3860/1/3844 3870/1/3855 3862/1/3847
f 1436/1/1431 6155/1/6134 1435/1/1429
f 6140/1/6119 1508/1/1505 850/1/846
f 877/1/872 6155/1/6134 6140/1/6119
f 1435/1/1429 6156/1/6135 1437/1/1432
f 6156/1/6135 1442/1/1438 1437/1/1432
f 877/1/872 6157/1/6136 6156/1/6135
f 2062/1/2055 876/1/871 880/1/876
f 1444/1/1439 6157/1/6136 2062/1/2055
f 6134/1/6113 6159/1/6137 6136/1/6114
f 6132/1/6111 6158/1/6138 6134/1/6113
f 1483/1/1477 6160/1/6139 1485/1/1480
f 1484/1/1479 6158/1/6138 1483/1/1477
f 1517/1/1511 1432/1/1430 1431/1/1426
f 1518/1/1513 6161/1/6140 1517/1/1511
f 1510/1/1504 1521/1/1515 1511/1/1506
f 1436/1/1431 6161/1/6140 1510/1/1504
f 6131/1/6110 6160/1/6139 6132/1/6111
f 843/1/839 6162/1/6141 6131/1/6110
f 1522/1/1517 1512/1/1507 1511/1/1506
f 1485/1/1480 6162/1/6141 1522/1/1517
f 2070/1/2063 6163/1/6142 6164/1/6143
f 1443/1/1437 2069/1/2062 1445/1/1440
f 1444/1/1439 6163/1/6142 1443/1/1437
f 6164/1/6143 2066/1/2060 2065/1/2059
f 3864/1/3849 6165/1/6144 6166/1/6145
f 4459/1/4444 6151/1/6131 3841/1/3825
f 4402/1/4387 6165/1/6144 4459/1/4444
f 6166/1/6145 4401/1/4386 4400/1/4385
f 3869/1/3854 6167/1/6146 4980/1/4965
f 6166/1/6145 3865/1/3853 3864/1/3849
f 4400/1/4385 6167/1/6146 6166/1/6145
f 4980/1/4965 4408/1/4393 4407/1/4392
f 4438/1/4422 6169/1/6147 4437/1/4420
f 6149/1/6128 6168/1/6148 6147/1/6125
f 6136/1/6114 6169/1/6147 6149/1/6128
f 4437/1/4420 6159/1/6137 1484/1/1479
f 4462/1/4447 6170/1/6149 4461/1/4445
f 4465/1/4450 4469/1/4457 4466/1/4451
f 4394/1/4379 6170/1/6149 4465/1/4450
f 4402/1/4387 6170/1/6149 4397/1/4381
f 4462/1/4447 6171/1/6150 4472/1/4456
f 6144/1/6123 4460/1/4446 3839/1/3823
f 6147/1/6125 6171/1/6150 6144/1/6123
f 4472/1/4456 6168/1/6148 4438/1/4422
f 4405/1/4389 4983/1/4968 4407/1/4392
f 4406/1/4391 6172/1/6151 4405/1/4389
f 6164/1/6143 4984/1/4970 2070/1/2063
f 2065/1/2059 6172/1/6151 6164/1/6143
f 223/1/221 6173/1/6152 6174/1/6153
f 253/1/250 222/1/220 221/1/219
f 254/1/251 6173/1/6152 253/1/250
f 6175/1/6154 6176/1/6155 6174/1/6153
f 2771/1/2758 6178/1/6156 2768/1/2756
f 229/1/227 6177/1/6157 2771/1/2758
f 228/1/226 223/1/221 6174/1/6153
f 6177/1/6157 6174/1/6153 6176/1/6155
f 2781/1/2769 6179/1/6158 6180/1/6159
f 2780/1/2768 2779/1/2767 2775/1/2766
f 2774/1/2762 6179/1/6158 2775/1/2766
f 6182/1/6160 6179/1/6158 6181/1/6161
f 6181/1/6161 6184/1/6162 6182/1/6160
f 6181/1/6161 2774/1/2762 2777/1/2764
f 2768/1/2756 6183/1/6163 2777/1/2764
f 6178/1/6156 6176/1/6155 6184/1/6162
f 3304/1/3289 6186/1/6164 3306/1/3290
f 3297/1/3282 6185/1/6165 3304/1/3289
f 6187/1/6166 3296/1/3281 3271/1/3257
f 6185/1/6165 6187/1/6166 6188/1/6167
f 6189/1/6168 6191/1/6169 6192/1/6170
f 3248/1/3233 6190/1/6171 3250/1/3236
f 3249/1/3235 6191/1/6169 3248/1/3233
f 5803/1/5781 5802/1/5780 6192/1/6170
f 6187/1/6166 6194/1/6172 6188/1/6167
f 3271/1/3257 6193/1/6173 6187/1/6166
f 3250/1/3236 6193/1/6173 3270/1/3256
f 6194/1/6172 6190/1/6171 6189/1/6168
f 5806/1/5785 6195/1/6174 5807/1/5786
f 6195/1/6174 5817/1/5796 5819/1/5798
f 5819/1/5798 6196/1/6175 6197/1/6176
f 5823/1/5802 5822/1/5801 6198/1/6177
f 59/1/59 56/1/55 55/1/57
f 68/1/68 69/1/69 66/1/66
f 27/1/27 23/1/26 76/1/75
f 71/1/71 78/1/78 81/1/81
f 103/1/103 101/1/100 100/1/101
f 108/1/108 104/1/105 106/1/106
f 109/1/109 105/1/104 104/1/105
f 107/1/107 111/1/111 110/1/110
f 112/1/112 113/1/113 110/1/110
f 51/1/51 120/1/118 100/1/101
f 112/1/112 111/1/111 124/1/124
f 121/1/119 127/1/126 106/1/106
f 122/1/121 128/1/127 127/1/126
f 107/1/107 106/1/106 127/1/126
f 140/1/138 139/1/137 128/1/127
f 151/1/150 152/1/151 150/1/149
f 141/1/140 150/1/149 152/1/151
f 147/1/145 153/1/152 138/1/139
f 148/1/147 154/1/153 153/1/152
f 149/1/148 153/1/152 154/1/153
f 144/1/143 156/1/155 155/1/154
f 158/1/157 155/1/154 156/1/155
f 163/1/162 166/1/164 152/1/151
f 156/1/155 166/1/164 165/1/165
f 163/1/162 168/1/166 167/1/167
f 157/1/156 165/1/165 177/1/176
f 169/1/170 177/1/176 180/1/179
f 175/1/174 182/1/180 167/1/167
f 189/1/188 194/1/192 193/1/193
f 246/1/244 244/1/241 243/1/242
f 245/1/243 259/1/256 272/1/271
f 278/1/275 287/1/284 285/1/282
f 252/1/249 251/1/248 285/1/282
f 295/1/292 298/1/294 294/1/291
f 302/1/299 300/1/296 299/1/297
f 305/1/302 307/1/304 303/1/300
f 302/1/299 315/1/311 319/1/315
f 316/1/313 313/1/312 328/1/324
f 334/1/330 333/1/329 329/1/325
f 190/1/189 193/1/193 338/1/336
f 348/1/345 356/1/353 353/1/350
f 364/1/361 362/1/358 361/1/359
f 378/1/375 376/1/372 375/1/373
f 363/1/360 361/1/359 376/1/372
f 445/1/442 446/1/443 443/1/440
f 448/1/445 443/1/440 446/1/443
f 387/1/384 390/1/386 443/1/440
f 444/1/441 443/1/440 390/1/386
f 452/1/449 450/1/446 449/1/447
f 456/1/453 454/1/450 453/1/451
f 434/1/431 433/1/430 454/1/450
f 434/1/431 459/1/456 457/1/454
f 460/1/457 461/1/458 457/1/454
f 465/1/462 466/1/463 463/1/460
f 459/1/456 463/1/460 466/1/463
f 434/1/431 456/1/453 463/1/460
f 464/1/461 463/1/460 456/1/453
f 462/1/459 461/1/458 471/1/468
f 467/1/466 471/1/468 474/1/471
f 481/1/477 480/1/476 482/1/479
f 395/1/390 394/1/389 490/1/486
f 491/1/487 494/1/491 496/1/492
f 506/1/503 509/1/505 504/1/501
f 504/1/501 509/1/505 508/1/506
f 519/1/516 570/1/567 579/1/578
f 581/1/577 587/1/583 586/1/582
f 589/1/585 586/1/582 587/1/583
f 607/1/604 604/1/600 603/1/602
f 614/1/611 610/1/606 612/1/608
f 612/1/608 617/1/613 616/1/614
f 614/1/611 622/1/618 624/1/620
f 628/1/625 626/1/623 621/1/621
f 643/1/640 644/1/641 630/1/629
f 547/1/543 636/1/635 645/1/642
f 381/1/378 542/1/539 649/1/646
f 648/1/645 653/1/650 651/1/648
f 647/1/644 655/1/654 658/1/655
f 629/1/626 662/1/658 661/1/657
f 668/1/665 665/1/661 664/1/663
f 666/1/662 665/1/661 658/1/655
f 667/1/664 671/1/668 669/1/666
f 668/1/665 669/1/666 653/1/650
f 488/1/485 496/1/492 682/1/678
f 679/1/675 682/1/678 496/1/492
f 683/1/680 689/1/686 688/1/685
f 691/1/688 688/1/685 689/1/686
f 506/1/503 688/1/685 691/1/688
f 505/1/502 684/1/684 688/1/685
f 677/1/676 695/1/692 698/1/695
f 632/1/628 702/1/698 662/1/658
f 727/1/722 734/1/731 732/1/728
f 742/1/738 743/1/739 740/1/735
f 769/1/765 770/1/766 767/1/763
f 732/1/728 770/1/766 769/1/765
f 737/1/733 771/1/767 770/1/766
f 756/1/752 782/1/778 781/1/777
f 784/1/780 781/1/777 782/1/778
f 761/1/757 758/1/756 781/1/777
f 783/1/779 787/1/783 785/1/781
f 765/1/761 762/1/760 785/1/781
f 797/1/792 796/1/791 791/1/786
f 808/1/804 806/1/801 805/1/802
f 807/1/803 805/1/802 915/1/910
f 912/1/907 915/1/910 805/1/802
f 792/1/788 935/1/931 934/1/930
f 936/1/932 937/1/933 934/1/930
f 911/1/906 934/1/930 937/1/933
f 1021/1/1017 1023/1/1019 1022/1/1018
f 936/1/932 950/1/947 1022/1/1018
f 1026/1/1022 1024/1/1020 1023/1/1019
f 1027/1/1023 1025/1/1021 1024/1/1020
f 1046/1/1042 1044/1/1039 1043/1/1040
f 1027/1/1023 1026/1/1022 1052/1/1047
f 1049/1/1044 1052/1/1047 1026/1/1022
f 1038/1/1033 1056/1/1054 1055/1/1051
f 1057/1/1052 1056/1/1054 1033/1/1030
f 1058/1/1053 1057/1/1052 1059/1/1055
f 1075/1/1070 1088/1/1087 1092/1/1088
f 1098/1/1094 1099/1/1095 1096/1/1092
f 445/1/442 609/1/609 1099/1/1095
f 1102/1/1098 1108/1/1279 1100/1/1096
f 1104/1/1100 1102/1/1098 1101/1/1097
f 1106/1/1102 1102/1/1098 1104/1/1100
f 1111/1/1106 1112/1/1107 1109/1/1104
f 1111/1/1106 1114/1/1108 611/1/607
f 1113/1/1109 1116/1/1110 1120/1/1115
f 1119/1/1114 1117/1/1111 1121/1/1116
f 1122/1/1117 1121/1/1116 1101/1/1097
f 1110/1/1105 1109/1/1104 1133/1/1128
f 1149/1/1143 1148/1/1142 1150/1/1145
f 483/1/480 1162/1/1157 1161/1/1156
f 464/1/461 1175/1/1169 1174/1/1171
f 1196/1/1189 1195/1/1188 1198/1/1191
f 1204/1/1198 1201/1/1197 1205/1/1199
f 1206/1/1200 1205/1/1199 1159/1/1153
f 1188/1/1182 1213/1/1207 1211/1/1205
f 1187/1/1181 1211/1/1205 1180/1/1175
f 1224/1/1217 1220/1/1215 1222/1/1214
f 1234/1/1228 1231/1/1224 1230/1/1226
f 1235/1/1229 1237/1/1233 1232/1/1225
f 447/1/444 1259/1/1253 1257/1/1251
f 448/1/445 1257/1/1251 1210/1/1203
f 1262/1/1256 1261/1/1255 1208/1/1204
f 1122/1/1117 1274/1/1267 1120/1/1115
f 1271/1/1265 1274/1/1267 1122/1/1117
f 1236/1/1230 1309/1/1304 1312/1/1307
f 1321/1/1316 1324/1/1319 1323/1/1318
f 1326/1/1321 1323/1/1318 1324/1/1319
f 1223/1/1216 1222/1/1214 1323/1/1318
f 1337/1/1331 1341/1/1335 1344/1/1339
f 1361/1/1356 1362/1/1357 1365/1/1360
f 1378/1/1373 1379/1/1374 1376/1/1371
f 1105/1/1101 1379/1/1374 1380/1/1375
f 1408/1/1403 1381/1/1376 1378/1/1373
f 1404/1/1400 1408/1/1403 1409/1/1402
f 1406/1/1404 1409/1/1402 1411/1/1405
f 1389/1/1384 1411/1/1405 1409/1/1402
f 1218/1/1212 1419/1/1414 1418/1/1413
f 1419/1/1414 1422/1/1418 1420/1/1415
f 1425/1/1420 1426/1/1421 1413/1/1408
f 1403/1/1398 1420/1/1415 1426/1/1421
f 1406/1/1404 1413/1/1408 1426/1/1421
f 1421/1/1416 1429/1/1424 1428/1/1423
f 1223/1/1216 1428/1/1423 1429/1/1424
f 1326/1/1321 1430/1/1425 1428/1/1423
f 1434/1/1428 1498/1/1492 1500/1/1494
f 1439/1/1434 1499/1/1493 1498/1/1492
f 1556/1/1555 1563/1/1557 1561/1/1554
f 1610/1/1605 1608/1/1602 1607/1/1603
f 1609/1/1604 1620/1/1615 1622/1/1616
f 1656/1/1650 1655/1/1649 1548/1/1545
f 1679/1/1674 1680/1/1675 1675/1/1669
f 1709/1/1704 1707/1/1701 1706/1/1702
f 1708/1/1703 1713/1/1708 1712/1/1707
f 1678/1/1673 1712/1/1707 1713/1/1708
f 1677/1/1671 1714/1/1709 1712/1/1707
f 1724/1/1719 1722/1/1716 1721/1/1717
f 1718/1/1713 1715/1/1712 1726/1/1720
f 1750/1/1744 1748/1/1745 1747/1/1741
f 1708/1/1703 1706/1/1702 1748/1/1745
f 1746/1/1740 1748/1/1745 1706/1/1702
f 1749/1/1743 1752/1/1747 1751/1/1746
f 1750/1/1744 1751/1/1746 1713/1/1708
f 1754/1/1748 1756/1/1752 1680/1/1675
f 1771/1/1766 1772/1/1767 1767/1/1761
f 1779/1/1774 1793/1/1788 1792/1/1787
f 1786/1/1780 1792/1/1787 1793/1/1788
f 1810/1/1805 1815/1/1810 1813/1/1808
f 1816/1/1811 1817/1/1812 1813/1/1808
f 1773/1/1768 1772/1/1767 1820/1/1818
f 1801/1/1796 1826/1/1820 1825/1/1821
f 1784/1/1782 1830/1/1824 1807/1/1804
f 1770/1/1765 1833/1/1827 1837/1/1831
f 1838/1/1832 1837/1/1831 1833/1/1827
f 1822/1/1816 1821/1/1815 1837/1/1831
f 1769/1/1763 1837/1/1831 1821/1/1815
f 1803/1/1798 1825/1/1821 1841/1/1835
f 1838/1/1832 1841/1/1835 1825/1/1821
f 1847/1/1841 1858/1/1852 1856/1/1850
f 1884/1/1878 1885/1/1879 1882/1/1876
f 1883/1/1877 1886/1/1880 1889/1/1883
f 1762/1/1758 1896/1/1890 1894/1/1888
f 1897/1/1891 1898/1/1892 1896/1/1890
f 1921/1/1915 1922/1/1916 1918/1/1911
f 1935/1/1929 1933/1/1926 1932/1/1927
f 1937/1/1931 1936/1/1930 1851/1/1845
f 1743/1/1737 1865/1/1861 1964/1/1958
f 1965/1/1959 1964/1/1958 1961/1/1957
f 1969/1/1963 1967/1/1960 1966/1/1961
f 1745/1/1742 1744/1/1739 1967/1/1960
f 1965/1/1959 1967/1/1960 1744/1/1739
f 1963/1/1956 1970/1/1964 1966/1/1961
f 1876/1/1870 1881/1/1875 1970/1/1964
f 1971/1/1965 1970/1/1964 1881/1/1875
f 1747/1/1741 1972/1/1966 1975/1/1969
f 1749/1/1743 1975/1/1969 1978/1/1972
f 1979/1/1973 1978/1/1972 1975/1/1969
f 1884/1/1878 1889/1/1883 1982/1/1976
f 1914/1/1907 1994/1/1988 1992/1/1986
f 2018/1/2012 2017/1/2011 2015/1/2010
f 2026/1/2019 2025/1/2018 2018/1/2012
f 2029/1/2023 2030/1/2024 2027/1/2021
f 2032/1/2026 2027/1/2021 2030/1/2024
f 1658/1/1653 1654/1/1652 2027/1/2021
f 2028/1/2022 2027/1/2021 1654/1/1652
f 2031/1/2025 2035/1/2029 2033/1/2027
f 2032/1/2026 2033/1/2027 2026/1/2019
f 2031/1/2025 2030/1/2024 2038/1/2034
f 2041/1/2035 2038/1/2034 2030/1/2024
f 2049/1/2043 2050/1/2044 2047/1/2041
f 2042/1/2036 2051/1/2045 2047/1/2041
f 1445/1/1440 2069/1/2062 2068/1/2064
f 2075/1/2069 2076/1/2070 2073/1/2066
f 1529/1/1523 1528/1/1522 2073/1/2066
f 1529/1/1523 2076/1/2070 2077/1/2071
f 2054/1/2048 2094/1/2087 2074/1/2067
f 1656/1/1650 2106/1/2099 2107/1/2100
f 2135/1/2129 2137/1/2131 2136/1/2130
f 2135/1/2129 2132/1/2128 2140/1/2133
f 2174/1/2167 2173/1/2166 2180/1/2174
f 2181/1/2175 2180/1/2174 2184/1/2178
f 2196/1/2189 2204/1/2199 1240/1/1234
f 2214/1/2208 2212/1/2205 2211/1/2206
f 2229/1/2223 2230/1/2224 2227/1/2221
f 2217/1/2210 2230/1/2224 2239/1/2233
f 2251/1/2245 2253/1/2247 2249/1/2243
f 2175/1/2168 2244/1/2240 2249/1/2243
f 2250/1/2244 2249/1/2243 2244/1/2240
f 2181/1/2175 2274/1/2266 2247/1/2241
f 2276/1/2269 2273/1/2268 2283/1/2276
f 2287/1/2280 2288/1/2281 2285/1/2278
f 2277/1/2270 2293/1/2285 2295/1/2288
f 2284/1/2277 2295/1/2288 2298/1/2291
f 2306/1/2299 2305/1/2298 2300/1/2295
f 2314/1/2307 2310/1/2302 2312/1/2305
f 2306/1/2299 2310/1/2302 2314/1/2307
f 2261/1/2253 2326/1/2319 2325/1/2318
f 2327/1/2320 2328/1/2321 2325/1/2318
f 2266/1/2258 2325/1/2318 2322/1/2314
f 2339/1/2330 2337/1/6178 2253/1/2247
f 2380/1/2371 2379/1/2370 2328/1/2321
f 2352/1/2343 2392/1/2382 2389/1/2380
f 2348/1/2339 2391/1/2383 2401/1/2391
f 2390/1/2381 2405/1/2395 2403/1/2393
f 2406/1/2396 2405/1/2395 2409/1/2399
f 2392/1/2382 2409/1/2399 2405/1/2395
f 2297/1/2290 2412/1/2402 2411/1/2401
f 2414/1/2404 2411/1/2401 2412/1/2402
f 2356/1/2347 2353/1/2346 2411/1/2401
f 2298/1/2291 2411/1/2401 2353/1/2346
f 2307/1/2300 2314/1/2307 2415/1/2405
f 2313/1/2306 2416/1/2406 2415/1/2405
f 2413/1/2403 2412/1/2402 2415/1/2405
f 2308/1/2301 2415/1/2405 2412/1/2402
f 2418/1/2407 2417/1/2409 2414/1/2404
f 2400/1/2390 2408/1/2398 2421/1/2411
f 2406/1/2396 2420/1/2410 2427/1/2417
f 2416/1/2406 2433/1/2424 2436/1/2427
f 2435/1/2426 2438/1/2429 2437/1/2428
f 2437/1/2428 2418/1/2407 2413/1/2403
f 2443/1/2434 2454/1/2445 2453/1/2444
f 2456/1/2447 2453/1/2444 2454/1/2445
f 2450/1/2440 2453/1/2444 2456/1/2447
f 2446/1/2437 2453/1/2444 2450/1/2440
f 2435/1/2426 2440/1/2431 2457/1/2448
f 2458/1/2449 2457/1/2448 2459/1/2450
f 2472/1/2463 2470/1/2460 2469/1/2461
f 2471/1/2462 2475/1/2466 2473/1/2464
f 2474/1/2465 2478/1/2468 2472/1/2463
f 2376/1/2369 2478/1/2468 2369/1/2359
f 2475/1/2466 2481/1/2470 2480/1/2472
f 2471/1/2462 2469/1/2461 2481/1/2470
f 2482/1/2471 2481/1/2470 2469/1/2461
f 2460/1/2451 2486/1/2477 2485/1/2476
f 2484/1/2475 2485/1/2476 2486/1/2477
f 2479/1/2469 2486/1/2477 2487/1/2478
f 2494/1/2485 2497/1/2487 2492/1/2483
f 99/1/98 2497/1/2487 2496/1/2488
f 86/1/86 2492/1/2483 2497/1/2487
f 2504/1/2495 2502/1/2493 2494/1/2485
f 2509/1/2500 2508/1/2499 208/1/209
f 2498/1/2489 2508/1/2499 2511/1/2502
f 2513/1/2503 2512/1/2509 2514/1/2504
f 2512/1/2509 2519/1/2510 2518/1/2508
f 2511/1/2502 2519/1/2510 2504/1/2495
f 2514/1/2504 2518/1/2508 2527/1/2520
f 2542/1/2533 2543/1/2534 2540/1/2531
f 2539/1/2529 2540/1/2531 2543/1/2534
f 2541/1/2532 2545/1/6179 2544/1/2535
f 2552/1/2541 2559/1/2548 2558/1/2550
f 2591/1/2580 2592/1/2581 2587/1/2575
f 2588/1/2576 2587/1/2575 2592/1/2581
f 2614/1/2603 2615/1/2604 2612/1/2601
f 2633/1/2622 2634/1/2623 2629/1/2617
f 2643/1/2632 2644/1/2633 2640/1/2629
f 2641/1/2630 2640/1/2629 2644/1/2633
f 2646/1/2635 2649/1/2638 2642/1/2631
f 2648/1/2637 2649/1/2638 2646/1/2635
f 2650/1/2639 2651/1/2640 2649/1/2638
f 2642/1/2631 2649/1/2638 2651/1/2640
f 2653/1/2642 2652/1/2641 2654/1/2643
f 2593/1/2582 2592/1/2581 2658/1/2646
f 2643/1/2632 2651/1/2640 2664/1/2652
f 2695/1/2683 2699/1/2688 2698/1/2687
f 2702/1/2691 2703/1/2692 2700/1/2689
f 2707/1/2696 2704/1/2693 2705/1/2694
f 2714/1/2703 2710/1/2698 2712/1/2700
f 2707/1/2696 2716/1/2705 2700/1/2689
f 2721/1/2710 2719/1/2707 2718/1/2708
f 2702/1/2691 2719/1/2707 241/1/239
f 2635/1/2624 2634/1/2623 2724/1/2712
f 2725/1/2713 2724/1/2712 2634/1/2623
f 2730/1/2719 2727/1/2718 2732/1/2721
f 2714/1/2703 2733/1/2722 2734/1/2723
f 2635/1/2624 2738/1/2727 2735/1/2724
f 2630/1/2618 2735/1/2724 2736/1/2725
f 2749/1/2738 2750/1/2739 2747/1/2736
f 2646/1/2635 2750/1/2739 2749/1/2738
f 2636/1/2625 2639/1/2627 2750/1/2739
f 2747/1/2736 2750/1/2739 2639/1/2627
f 2748/1/2737 2747/1/2736 2751/1/2740
f 2748/1/2737 2754/1/2743 2753/1/2742
f 2756/1/2745 2753/1/2742 2754/1/2743
f 2687/1/2676 2684/1/2675 2757/1/2746
f 2760/1/2749 2761/1/2750 2758/1/2747
f 2555/1/2545 2564/1/2556 2758/1/2747
f 2759/1/2748 2758/1/2747 2564/1/2556
f 2556/1/2546 2761/1/2750 2764/1/6180
f 260/1/257 255/1/253 2796/1/2783
f 2791/1/2779 2808/1/2796 2807/1/2795
f 2631/1/2619 2828/1/2817 2830/1/2818
f 2833/1/2821 2834/1/2822 2831/1/2819
f 2821/1/2808 2831/1/2819 2834/1/2822
f 2836/1/2824 2835/1/2823 2834/1/2822
f 2838/1/2826 2840/1/2828 2839/1/2827
f 2721/1/2710 2842/1/6181 2845/1/2832
f 2848/1/2838 2855/1/2842 2853/1/2840
f 274/1/270 273/1/269 2864/1/2850
f 2798/1/2786 2864/1/2850 273/1/269
f 2865/1/2851 2864/1/2850 2798/1/2786
f 2797/1/2784 2809/1/2797 2868/1/2854
f 2804/1/2792 2801/1/2791 2871/1/2857
f 2787/1/2777 2871/1/2857 2801/1/2791
f 2879/1/2866 2876/1/2862 2875/1/2864
f 331/1/328 334/1/330 2876/1/2862
f 330/1/327 2877/1/2863 2876/1/2862
f 2884/1/2871 2885/1/2872 2881/1/2867
f 510/1/507 2887/1/2873 2893/1/2879
f 504/1/501 2893/1/2879 687/1/683
f 2901/1/2888 2900/1/2887 2897/1/2883
f 2898/1/2884 2900/1/2887 2903/1/2890
f 2878/1/2865 2905/1/2892 2904/1/2891
f 2910/1/2897 2912/1/2899 2908/1/2894
f 2874/1/2861 2909/1/2895 2908/1/2894
f 2892/1/2877 2903/1/2890 2914/1/2901
f 2918/1/2905 2916/1/2903 2912/1/2899
f 2921/1/2907 2920/1/2906 2863/1/2852
f 2921/1/2907 2922/1/2909 2907/1/2896
f 2923/1/2910 2922/1/2909 2867/1/2856
f 2874/1/2861 2877/1/2863 2924/1/2911
f 2928/1/2915 2926/1/2912 2925/1/2913
f 2915/1/2902 2926/1/2912 2930/1/2917
f 2918/1/2905 2931/1/2918 359/1/356
f 360/1/357 359/1/356 2931/1/2918
f 2927/1/2914 2925/1/2913 2932/1/2919
f 2901/1/2888 2932/1/2919 2925/1/2913
f 2939/1/2926 2885/1/2872 2884/1/2871
f 2913/1/2900 2938/1/2925 2940/1/2927
f 2878/1/2865 2875/1/2864 2940/1/2927
f 2947/1/2934 2949/1/2936 2945/1/2932
f 751/1/747 2955/1/2942 2954/1/2941
f 2950/1/2937 2949/1/2936 2954/1/2941
f 2950/1/2937 2966/1/2954 2964/1/2952
f 2973/1/2961 2971/1/2958 2970/1/2959
f 2972/1/2960 2978/1/2966 2976/1/2964
f 2980/1/2968 2981/1/2969 2976/1/2964
f 2973/1/2961 2976/1/2964 2981/1/2969
f 2974/1/2962 2981/1/2969 2994/1/2982
f 2995/1/2981 2994/1/2982 2981/1/2969
f 2529/1/2519 2975/1/2963 2997/1/2984
f 2996/1/2983 2997/1/2984 2975/1/2963
f 2526/1/2517 2997/1/2984 2984/1/2971
f 2979/1/2967 2978/1/2966 3000/1/2986
f 2536/1/2527 3008/1/2995 3009/1/2996
f 3001/1/2987 3009/1/2996 3008/1/2995
f 2722/1/2711 2840/1/2828 3024/1/3011
f 2729/1/2717 3032/1/3019 2843/1/2830
f 3036/1/3023 3034/1/3020 3033/1/3021
f 230/1/228 3042/1/3029 3043/1/3030
f 3040/1/3027 3038/1/3026 3043/1/3030
f 234/1/232 3046/1/3033 3045/1/3032
f 3059/1/3046 3058/1/3044 3057/1/3045
f 3016/1/3002 3058/1/3044 3059/1/3046
f 3059/1/3046 3060/1/3047 2641/1/2630
f 3051/1/3038 3057/1/3045 3061/1/3048
f 3062/1/3049 3061/1/3048 3057/1/3045
f 2542/1/2533 2544/1/2535 3063/1/3050
f 3062/1/3049 3063/1/3050 2544/1/2535
f 3120/1/3106 3119/1/3105 3121/1/3108
f 63/1/63 3125/1/3112 3124/1/3110
f 3128/1/3115 3129/1/3116 3126/1/3113
f 72/1/72 3131/1/3118 3130/1/3117
f 3090/1/3077 3129/1/3116 3134/1/3120
f 81/1/81 3136/1/3123 3131/1/3118
f 3108/1/3095 3140/1/3126 3139/1/3128
f 3150/1/3137 3151/1/3138 97/1/99
f 3153/1/3140 3152/1/3139 3154/1/3141
f 3158/1/3145 3159/1/3146 3157/1/3143
f 3161/1/3148 3157/1/3143 3159/1/3146
f 3160/1/3147 3159/1/3146 3162/1/3149
f 3165/1/3152 3163/1/3150 3162/1/3149
f 3153/1/3140 3166/1/3153 3111/1/3097
f 3160/1/3147 3163/1/3150 3170/1/3157
f 3165/1/3152 3174/1/3160 3170/1/3157
f 3161/1/3148 3177/1/3163 3168/1/3155
f 3171/1/3158 3177/1/3163 3161/1/3148
f 3169/1/3156 3168/1/3155 3177/1/3163
f 3180/1/3167 3182/1/3169 3179/1/3165
f 3186/1/3173 3187/1/3174 3184/1/3171
f 3176/1/3164 3184/1/3171 3187/1/3174
f 3190/1/3177 3188/1/3176 3187/1/3174
f 3183/1/3170 3182/1/3169 3192/1/3179
f 3195/1/3182 3196/1/3183 3192/1/3179
f 3193/1/3180 3192/1/3179 3196/1/3183
f 3186/1/3173 3185/1/3172 3198/1/3185
f 3197/1/3184 3199/1/3186 3198/1/3185
f 3190/1/3177 3198/1/3185 3199/1/3186
f 3197/1/3184 3196/1/3183 3204/1/3191
f 3207/1/3194 3208/1/3195 3204/1/3191
f 3209/1/3196 3211/1/3197 3210/1/3198
f 3216/1/3203 3217/1/3204 3208/1/3195
f 3218/1/3205 3221/1/3207 3217/1/3204
f 3209/1/3196 3208/1/3195 3217/1/3204
f 3219/1/3206 3223/1/3209 3222/1/3210
f 3232/1/3218 3233/1/3219 3229/1/3217
f 3221/1/3207 3229/1/3217 3233/1/3219
f 3233/1/3219 3234/1/3220 3223/1/3209
f 3235/1/3221 3234/1/3220 3233/1/3219
f 3269/1/3255 3268/1/3254 3272/1/3258
f 3273/1/3259 3292/1/3276 3291/1/3278
f 3312/1/3297 3313/1/3298 3310/1/3295
f 3318/1/3303 3319/1/3304 3317/1/3302
f 3322/1/3307 3323/1/3308 3320/1/3305
f 3318/1/3303 3323/1/3308 3336/1/3320
f 3346/1/3331 3344/1/3329 3331/1/3316
f 3346/1/3331 3350/1/3334 3349/1/3336
f 3232/1/3218 3356/1/3341 3354/1/3340
f 3359/1/3343 3358/1/3344 3360/1/3345
f 3232/1/3218 3231/1/3216 3362/1/3347
f 3381/1/3367 3394/1/3380 3392/1/3378
f 3393/1/3379 3392/1/3378 3394/1/3380
f 3462/1/3448 3463/1/3449 3460/1/3446
f 3405/1/3394 3463/1/3449 3462/1/3448
f 3404/1/3390 3464/1/3450 3463/1/3449
f 3460/1/3446 3463/1/3449 3464/1/3450
f 3467/1/3453 3466/1/3452 3468/1/3454
f 3478/1/3464 3479/1/3465 3475/1/3463
f 3482/1/3468 3483/1/3469 3480/1/3466
f 3472/1/3459 3480/1/3466 3483/1/3469
f 3449/1/3435 3479/1/3465 3480/1/3466
f 3481/1/3467 3480/1/3466 3479/1/3465
f 3477/1/3462 3485/1/3471 3488/1/3474
f 3489/1/3475 3488/1/3474 3485/1/3471
f 3476/1/3461 3488/1/3474 3491/1/3477
f 3454/1/3440 3498/1/3484 3496/1/3482
f 3500/1/3486 3496/1/3482 3498/1/3484
f 3497/1/3483 3496/1/3482 3416/1/3401
f 3497/1/3483 3501/1/3487 3455/1/3443
f 3409/1/3395 3509/1/3495 3506/1/3494
f 3508/1/3493 3513/1/3499 3511/1/3497
f 3523/1/3509 3527/1/3513 3521/1/3507
f 3525/1/3511 3527/1/3513 3523/1/3509
f 3533/1/3519 3532/1/3518 3121/1/3108
f 3242/1/3228 3359/1/3343 3548/1/3534
f 3534/1/3520 3539/1/3525 3588/1/3573
f 3589/1/3574 3595/1/3581 3594/1/3580
f 3596/1/3582 3600/1/3585 3599/1/3587
f 3612/1/3598 3613/1/3599 3610/1/3596
f 3609/1/3594 3610/1/3596 3613/1/3599
f 3604/1/3589 3614/1/3600 3610/1/3596
f 3611/1/3597 3610/1/3596 3614/1/3600
f 3623/1/3609 3618/1/3603 3621/1/3607
f 3461/1/3447 3623/1/3609 3624/1/3610
f 3625/1/3611 3624/1/3610 3623/1/3609
f 3627/1/3613 3626/1/3612 3607/1/3593
f 3630/1/3616 3631/1/3617 3628/1/3614
f 3633/1/3619 3628/1/3614 3631/1/3617
f 3634/1/3620 3636/1/3622 3628/1/3614
f 3611/1/3597 3636/1/3622 3634/1/3620
f 3635/1/3621 3636/1/3622 3611/1/3597
f 3629/1/3615 3628/1/3614 3636/1/3622
f 3635/1/3621 3648/1/3634 3647/1/3633
f 3637/1/3623 3640/1/3625 3651/1/3637
f 3629/1/3615 3647/1/3633 3651/1/3637
f 3563/1/3549 3655/1/3641 3653/1/3639
f 3398/1/3384 3658/1/3644 3657/1/3643
f 3656/1/3642 3658/1/3644 3659/1/3645
f 3643/1/3629 3654/1/3640 3663/1/3649
f 3664/1/3650 3663/1/3649 3654/1/3640
f 3652/1/3638 3669/1/3654 3668/1/3656
f 3664/1/3650 3673/1/3658 3672/1/3660
f 3674/1/3659 3673/1/3658 3675/1/3661
f 3676/1/3662 3675/1/3661 3677/1/3663
f 3660/1/3646 3677/1/3663 3675/1/3661
f 3514/1/3500 3513/1/3499 3689/1/3676
f 3508/1/3493 3684/1/3670 3689/1/3676
f 3694/1/3679 3693/1/3678 3695/1/3681
f 3691/1/3677 3694/1/3679 3696/1/3682
f 3522/1/3508 3521/1/3507 3696/1/3682
f 3698/1/3684 3696/1/3682 3521/1/3507
f 3697/1/3683 3696/1/3682 3698/1/3684
f 3704/1/3690 3703/1/3689 3686/1/3672
f 3637/1/3623 3668/1/3656 3709/1/3696
f 3667/1/3653 3711/1/3697 3709/1/3696
f 3712/1/3698 3711/1/3697 3720/1/3706
f 3734/1/3719 3739/1/3724 3737/1/3722
f 3746/1/3731 3743/1/3728 3744/1/3729
f 3771/1/3756 3773/1/3758 3769/1/3754
f 3740/1/3725 3739/1/3724 3769/1/3754
f 3770/1/3755 3769/1/3754 3739/1/3724
f 3798/1/3782 3803/1/3787 3802/1/3789
f 3807/1/3791 3806/1/3792 3808/1/3793
f 3999/1/3984 3998/1/3983 4000/1/3985
f 4032/1/4016 4031/1/4018 4014/1/3999
f 4053/1/4038 4051/1/4035 4050/1/4036
f 4058/1/4043 4056/1/4041 4047/1/4032
f 4064/1/4049 4065/1/4050 4062/1/4047
f 3461/1/3447 3460/1/3446 4062/1/4047
f 4063/1/4048 4062/1/4047 3460/1/3446
f 4068/1/4053 4071/1/4055 4066/1/4051
f 4073/1/4058 4071/1/4055 4070/1/4056
f 4074/1/4059 4066/1/4051 4071/1/4055
f 4087/1/4072 4088/1/4073 4085/1/4070
f 4067/1/4052 4066/1/4051 4088/1/4073
f 4095/1/4080 4094/1/4079 4096/1/4081
f 4096/1/4081 4099/1/4084 4098/1/4083
f 4106/1/4091 4114/1/4099 4112/1/4096
f 3499/1/3485 3498/1/3484 4124/1/4109
f 3457/1/3442 4124/1/4109 3498/1/3484
f 4139/1/4123 4138/1/4122 3483/1/3469
f 4159/1/4143 4162/1/4147 4160/1/4145
f 4167/1/4152 4169/1/4154 4168/1/4153
f 4122/1/4107 4168/1/4153 4169/1/4154
f 4165/1/4150 4168/1/4153 4125/1/4110
f 4150/1/4135 4148/1/4134 4174/1/4159
f 4141/1/4126 4174/1/4159 4148/1/4134
f 4194/1/4179 4195/1/4180 4192/1/4177
f 4197/1/4182 4193/1/4178 4192/1/4177
f 4195/1/4180 4200/1/4185 4198/1/4183
f 4202/1/4187 4200/1/4185 4199/1/4184
f 4170/1/4155 4173/1/4157 4224/1/4209
f 4084/1/4069 4083/1/4068 4234/1/4219
f 4087/1/4072 4234/1/4219 4237/1/4222
f 4186/1/4171 4287/1/4272 4286/1/4271
f 4288/1/4273 4289/1/4274 4286/1/4271
f 4283/1/4268 4286/1/4271 4289/1/4274
f 4326/1/4311 4325/1/4310 4324/1/4309
f 4053/1/4038 4339/1/4324 4342/1/4327
f 4058/1/4043 4346/1/4331 4345/1/4330
f 4372/1/4357 4371/1/4356 4368/1/4353
f 4341/1/4326 4344/1/4329 4371/1/4356
f 4372/1/4357 4373/1/4358 4350/1/4335
f 4370/1/4355 4375/1/4360 4373/1/4358
f 4181/1/4166 4180/1/4165 4381/1/4366
f 4382/1/4367 4381/1/4366 4364/1/4348
f 4366/1/4351 4385/1/4370 4383/1/4368
f 4375/1/4360 4390/1/4375 4388/1/4373
f 4389/1/4374 4390/1/4375 4375/1/4360
f 4366/1/4351 4388/1/4373 4390/1/4375
f 4386/1/4371 4392/1/4377 4391/1/4376
f 4186/1/4171 4184/1/4170 4391/1/4376
f 4287/1/4272 4393/1/4378 4369/1/4354
f 4392/1/4377 4393/1/4378 4287/1/4272
f 4386/1/4371 4389/1/4374 4393/1/4378
f 4399/1/4384 4396/1/4380 4395/1/4382
f 4481/1/4466 4478/1/4462 4477/1/4464
f 4508/1/4493 4509/1/4494 4503/1/4491
f 4558/1/4543 4557/1/4542 4559/1/4544
f 4553/1/4537 4566/1/4551 4567/1/4552
f 4564/1/4548 4567/1/4552 4570/1/4555
f 4577/1/4561 4597/1/4582 4596/1/4580
f 4499/1/4484 4605/1/4589 4604/1/4591
f 4606/1/4590 4605/1/4589 4607/1/4592
f 4625/1/4610 4626/1/4611 4622/1/4606
f 1677/1/1671 1674/1/1672 4622/1/4606
f 4644/1/4629 4643/1/4628 4645/1/4630
f 4648/1/4633 4647/1/4632 4626/1/4611
f 4651/1/4636 4649/1/4634 4616/1/4600
f 4652/1/4637 4651/1/4636 4655/1/4640
f 4654/1/4639 4661/1/4646 4659/1/4644
f 4680/1/4665 4676/1/4661 4675/1/4660
f 4644/1/4629 4682/1/4667 4677/1/4662
f 4646/1/4631 4683/1/4668 4682/1/4667
f 4681/1/4666 4682/1/4667 4683/1/4668
f 4684/1/4669 4683/1/4668 4685/1/4670
f 4648/1/4633 4685/1/4670 4683/1/4668
f 4623/1/4607 4689/1/4674 4687/1/4673
f 4624/1/4609 4692/1/4676 4689/1/4674
f 4696/1/4681 4698/1/4683 4693/1/4678
f 4705/1/4690 4706/1/4691 4701/1/4685
f 4716/1/4701 4715/1/4700 4726/1/4711
f 4727/1/4712 4726/1/4711 4718/1/4706
f 4751/1/4736 4752/1/4737 4748/1/4732
f 4746/1/4731 4745/1/4730 4748/1/4732
f 4704/1/4689 4758/1/4743 4754/1/4741
f 4756/1/4740 4755/1/4739 4759/1/4744
f 4742/1/4727 4764/1/4748 4720/1/4704
f 4707/1/4692 4706/1/4691 4771/1/4756
f 4753/1/4738 4771/1/4756 4706/1/4691
f 4756/1/4740 4772/1/4757 4771/1/4756
f 4768/1/4753 4771/1/4756 4772/1/4757
f 4730/1/4718 4775/1/4760 4760/1/4745
f 4760/1/4745 4775/1/4760 4772/1/4757
f 4779/1/4764 4776/1/4763 4790/1/4775
f 4830/1/4815 4833/1/4817 4829/1/4814
f 4854/1/4839 4855/1/4840 4851/1/4836
f 4867/1/4852 4866/1/4851 4868/1/4853
f 4783/1/4768 4871/1/4855 4870/1/4856
f 4680/1/4665 4899/1/4884 4898/1/4883
f 4897/1/4881 4898/1/4883 4899/1/4884
f 4679/1/4664 4900/1/4885 4899/1/4884
f 4678/1/4663 4902/1/4887 4900/1/4885
f 4901/1/4886 4900/1/4885 4902/1/4887
f 4813/1/4798 4905/1/4889 4904/1/4890
f 4901/1/4886 4905/1/4889 4895/1/4882
f 4906/1/4891 4681/1/4666 4684/1/4669
f 4903/1/4888 4902/1/4887 4906/1/4891
f 4908/1/4893 4911/1/4896 4910/1/4895
f 4817/1/4802 4910/1/4895 4911/1/4896
f 4908/1/4893 4907/1/4892 4912/1/4897
f 4925/1/4909 4928/1/4913 4846/1/4834
f 4946/1/4931 4947/1/4932 4948/1/4933
f 4948/1/4933 4952/1/4936 4951/1/4937
f 4955/1/4940 4956/1/4941 4953/1/4938
f 4606/1/4590 4953/1/4938 4956/1/4941
f 4608/1/4593 4957/1/4942 4953/1/4938
f 4954/1/4939 4953/1/4938 4957/1/4942
f 4958/1/4943 4957/1/4942 4959/1/4944
f 4951/1/4937 4959/1/4944 4957/1/4942
f 4955/1/4940 4954/1/4939 4963/1/4947
f 4964/1/4948 4963/1/4947 4954/1/4939
f 4960/1/4945 4967/1/4953 4964/1/4948
f 4971/1/4956 4973/1/4958 4969/1/4954
f 4966/1/4951 4962/1/4950 4969/1/4954
f 4480/1/4465 4976/1/4961 4975/1/4960
f 4973/1/4958 4975/1/4960 4976/1/4961
f 4977/1/4962 4975/1/4960 4973/1/4958
f 4481/1/4466 4975/1/4960 4977/1/4962
f 4977/1/4962 4985/1/4969 4984/1/4970
f 4988/1/4973 4989/1/4974 4986/1/4971
f 4990/1/4975 4989/1/4974 4477/1/4464
f 4991/1/4976 4986/1/4971 4989/1/4974
f 4990/1/4975 4992/1/4977 4995/1/4980
f 4493/1/4478 5002/1/4987 5000/1/4985
f 4988/1/4973 5008/1/4993 4976/1/4961
f 5009/1/4994 5008/1/4993 5010/1/4995
f 4965/1/4949 5018/1/5002 5017/1/5004
f 4991/1/4976 4995/1/4980 5051/1/5036
f 5052/1/5037 5051/1/5036 4995/1/4980
f 5050/1/5035 5049/1/5034 5051/1/5036
f 5050/1/5035 5056/1/5040 5055/1/5039
f 5052/1/5037 5058/1/5042 5056/1/5040
f 5089/1/5073 5096/1/5081 5095/1/5080
f 5098/1/5083 5095/1/5080 5096/1/5081
f 5097/1/5082 5103/1/5088 5101/1/5086
f 5105/1/5090 5106/1/5091 5101/1/5086
f 4201/1/4186 4199/1/4184 5118/1/5103
f 5144/1/5129 5145/1/5130 5142/1/5127
f 5133/1/5118 5137/1/5122 5154/1/5139
f 5166/1/5151 5167/1/5152 5164/1/5149
f 5161/1/5145 5164/1/5149 5167/1/5152
f 5094/1/5078 5168/1/5153 5164/1/5149
f 5097/1/5082 5096/1/5081 5188/1/5172
f 5162/1/5146 5188/1/5172 5096/1/5081
f 5202/1/5186 5203/1/5187 5200/1/5184
f 5192/1/5176 5199/1/5183 5210/1/5194
f 5211/1/5195 5210/1/5194 5199/1/5183
f 5212/1/5196 5219/1/5205 5210/1/5194
f 5210/1/5194 5219/1/5205 5209/1/5193
f 5216/1/5199 5220/1/5203 5223/1/5207
f 5226/1/5210 5224/1/5208 5223/1/5207
f 5228/1/5212 5224/1/5208 5226/1/5210
f 5176/1/5160 5179/1/5165 5240/1/5224
f 5235/1/5221 5240/1/5224 5179/1/5165
f 5243/1/5227 5241/1/5225 5240/1/5224
f 5165/1/5150 5253/1/6182 5254/1/5236
f 5267/1/5249 5266/1/5248 5304/1/5288
f 5263/1/5245 5303/1/5285 5316/1/5297
f 5306/1/5287 5317/1/5298 5318/1/5299
f 5319/1/5300 5324/1/5305 5307/1/5289
f 5323/1/5304 5325/1/5306 5324/1/5305
f 5212/1/5196 5211/1/5195 5326/1/5307
f 5271/1/5253 5328/1/5309 5326/1/5307
f 5327/1/5308 5326/1/5307 5328/1/5309
f 5222/1/5206 5221/1/5204 5330/1/5311
f 5327/1/5308 5330/1/5311 5221/1/5204
f 5329/1/5310 5331/1/5312 5330/1/5311
f 5328/1/5309 5332/1/5315 5335/1/5316
f 5315/1/5296 5313/1/5294 5336/1/5317
f 5323/1/5304 5322/1/5303 5342/1/5323
f 5349/1/5331 5348/1/5330 5331/1/5312
f 5350/1/5332 5349/1/5331 5352/1/5334
f 5335/1/5316 5352/1/5334 5349/1/5331
f 5361/1/5343 5369/1/5351 5368/1/5350
f 5369/1/5351 5361/1/5343 4338/1/4322
f 5370/1/5352 5369/1/5351 5363/1/5347
f 5368/1/5350 5369/1/5351 5370/1/5352
f 5350/1/5332 5373/1/5355 5372/1/5354
f 5375/1/5357 5372/1/5354 5373/1/5355
f 5385/1/5367 5384/1/5366 5386/1/5368
f 5389/1/5371 5392/1/5373 5387/1/5369
f 5282/1/5264 5393/1/5374 5293/1/5274
f 5386/1/5368 5393/1/5374 5388/1/5370
f 5385/1/5367 5396/1/5376 5395/1/5378
f 5387/1/5369 5392/1/5373 5396/1/5376
f 5397/1/5377 5396/1/5376 5392/1/5373
f 5321/1/5302 5339/1/5321 5398/1/5380
f 5374/1/5356 5373/1/5355 5400/1/5382
f 5394/1/5375 5397/1/5377 5402/1/5384
f 5409/1/5391 5410/1/5392 5407/1/5389
f 96/1/96 2496/1/2488 5407/1/5389
f 2495/1/2486 2503/1/2494 5417/1/5399
f 5409/1/5391 5408/1/5390 5417/1/5399
f 5423/1/5405 5421/1/5403 5413/1/5394
f 5422/1/5404 5421/1/5403 5425/1/5407
f 5430/1/5412 5428/1/5410 5427/1/5409
f 5419/1/5401 5431/1/5414 5423/1/5405
f 5432/1/5413 5431/1/5414 5428/1/5410
f 5430/1/5412 5429/1/5411 5433/1/5415
f 5439/1/5421 5440/1/5422 5437/1/5419
f 5430/1/5412 5434/1/5416 5440/1/5422
f 5438/1/5420 5443/1/5425 5441/1/5423
f 5455/1/5437 5454/1/5436 5451/1/5433
f 5480/1/5462 5477/1/5458 5476/1/5460
f 2589/1/2577 5477/1/5458 5480/1/5462
f 2590/1/2579 5478/1/5459 5477/1/5458
f 5497/1/5479 5498/1/5480 5495/1/5477
f 5510/1/5492 5507/1/5488 5506/1/5490
f 5511/1/5493 5512/1/5494 5507/1/5488
f 5521/1/5503 5519/1/5500 5518/1/5501
f 5522/1/5504 5523/1/5505 5519/1/5500
f 5523/1/5505 5527/1/6183 5524/1/5506
f 5525/1/5507 5527/1/6183 5523/1/5505
f 5524/1/5506 5527/1/6183 5526/1/5508
f 5528/1/5509 5531/1/5512 5530/1/5511
f 5533/1/5514 5530/1/5511 5531/1/5512
f 5479/1/5461 5537/1/5518 5534/1/5516
f 5522/1/5504 5543/1/5524 5540/1/5520
f 5531/1/5512 5544/1/5525 5547/1/5528
f 5559/1/5540 5558/1/5539 5562/1/5543
f 5573/1/5555 5572/1/5554 5571/1/5552
f 5576/1/5558 5577/1/5559 5574/1/5556
f 5576/1/5558 5590/1/5572 5579/1/5562
f 3263/1/3248 5592/1/5574 5574/1/5556
f 5593/1/5575 5592/1/5574 5594/1/5576
f 5510/1/5492 5598/1/5579 5597/1/5581
f 5509/1/5491 5600/1/5582 5598/1/5579
f 5589/1/5571 5586/1/5567 5607/1/5589
f 5610/1/5592 5611/1/5593 5607/1/5589
f 5608/1/5590 5607/1/5589 5611/1/5593
f 5615/1/5597 5613/1/5595 5611/1/5593
f 5509/1/5491 5506/1/5490 5620/1/5602
f 5622/1/5604 5620/1/5602 5506/1/5490
f 5648/1/5629 5649/1/5630 5646/1/5627
f 5515/1/5499 5649/1/5630 5648/1/5629
f 5514/1/5496 5524/1/5506 5649/1/5630
f 5646/1/5627 5649/1/5630 5524/1/5506
f 5614/1/5596 5652/1/5632 5643/1/5624
f 5623/1/5605 5622/1/5604 5653/1/5633
f 5647/1/5628 5655/1/5635 5653/1/5633
f 5647/1/5628 5646/1/5627 5659/1/5638
f 5660/1/5639 5659/1/5638 5661/1/5640
f 5660/1/5639 5663/1/5642 5655/1/5635
f 5563/1/5544 5675/1/5654 5673/1/5652
f 5537/1/5518 5679/1/5658 5548/1/5532
f 5479/1/5461 5680/1/5659 5679/1/5658
f 5682/1/5661 5679/1/5658 5680/1/5659
f 5552/1/5533 5548/1/5532 5679/1/5658
f 5681/1/5660 5696/1/5678 5699/1/5679
f 5698/1/5677 5707/1/5686 5706/1/5688
f 5710/1/5690 5709/1/5689 5706/1/5688
f 5714/1/5694 5712/1/5691 5711/1/5692
f 5717/1/5697 5718/1/5698 5715/1/5695
f 5710/1/5690 5719/1/5699 5711/1/5692
f 5705/1/5685 5718/1/5698 5719/1/5699
f 5488/1/5469 5503/1/5485 5725/1/5705
f 5730/1/5710 5739/1/5719 5731/1/5713
f 5738/1/5718 5740/1/5720 5739/1/5719
f 5768/1/5747 5767/1/5746 5458/1/5443
f 5781/1/5760 5782/1/5761 5779/1/5758
f 5460/1/5441 5779/1/5758 5782/1/5761
f 5452/1/5434 5449/1/5430 5779/1/5758
f 5784/1/5762 5783/1/5763 5782/1/5761
f 5777/1/5755 5784/1/5762 5791/1/5770
f 5803/1/5781 5799/1/5782 5798/1/5777
f 3257/1/3242 5799/1/5782 5803/1/5781
f 5807/1/5786 5805/1/5783 5804/1/5784
f 5832/1/5811 5837/1/5816 5850/1/5829
f 5868/1/5847 5869/1/5848 5865/1/5844
f 5866/1/5845 5865/1/5844 5869/1/5848
f 5596/1/5578 5872/1/5851 5871/1/5850
f 5867/1/5846 5871/1/5850 5872/1/5851
f 5877/1/5856 5875/1/5853 5594/1/5576
f 5881/1/5860 5882/1/5861 5879/1/5858
f 5838/1/5818 5887/1/5865 5886/1/5867
f 3290/1/3275 5887/1/5865 5838/1/5818
f 3293/1/3277 5888/1/5866 5887/1/5865
f 5839/1/5817 5886/1/5867 5891/1/5869
f 5845/1/5824 5893/1/5872 5829/1/5808
f 5849/1/5828 5890/1/5871 5893/1/5872
f 5899/1/5877 5900/1/5878 5897/1/5875
f 3347/1/3332 3349/1/3336 5897/1/5875
f 3348/1/3333 5901/1/5879 5897/1/5875
f 5906/1/5884 5907/1/5885 5903/1/5881
f 3524/1/3510 3523/1/3509 5916/1/5894
f 3695/1/3681 5916/1/5894 3523/1/3509
f 5924/1/5902 5923/1/5901 5922/1/5899
f 5918/1/5896 5923/1/5901 5926/1/5904
f 5902/1/5880 5901/1/5879 5927/1/5905
f 5933/1/5911 5931/1/5908 5930/1/5910
f 5915/1/5893 5912/1/5892 5937/1/5915
f 3375/1/3361 5941/1/5919 5940/1/5917
f 5934/1/5912 5940/1/5917 5941/1/5919
f 5888/1/5866 5943/1/5920 5942/1/5922
f 5932/1/5909 5946/1/5923 5942/1/5922
f 5899/1/5877 5930/1/5910 5947/1/5925
f 5950/1/5928 5948/1/5926 5938/1/5916
f 3373/1/3358 5954/1/5932 5941/1/5919
f 3374/1/3360 5894/1/5873 5954/1/5932
f 5953/1/5931 5956/1/5934 5955/1/5933
f 5949/1/5927 5955/1/5933 5926/1/5904
f 5935/1/5913 5933/1/5911 5963/1/5941
f 5902/1/5880 5956/1/5934 5963/1/5941
f 5968/1/5946 5970/1/5948 5966/1/5944
f 3756/1/3741 3755/1/3740 5975/1/5953
f 5974/1/5952 5973/1/5951 5983/1/5961
f 5987/1/5965 5986/1/5964 5990/1/5968
f 5991/1/5969 5990/1/5968 5992/1/5970
f 5994/1/5972 5992/1/5970 5990/1/5968
f 5995/1/5973 5996/1/5974 5992/1/5970
f 5994/1/5972 6007/1/5986 6006/1/5985
f 5989/1/5967 6008/1/5987 6007/1/5986
f 5438/1/5420 5437/1/5419 6009/1/5988
f 5998/1/5976 6009/1/5988 5437/1/5419
f 5988/1/5966 6009/1/5988 6008/1/5987
f 5993/1/5971 6012/1/5990 6011/1/5992
f 5997/1/5975 6014/1/5993 6012/1/5990
f 6013/1/5991 6012/1/5990 6014/1/5993
f 6010/1/5989 6022/1/6001 6018/1/5996
f 6021/1/6000 6025/1/6004 6024/1/6003
f 5987/1/5965 6024/1/6003 6025/1/6004
f 5991/1/5969 6011/1/5992 6024/1/6003
f 6020/1/5998 6024/1/6003 6011/1/5992
f 5872/1/5851 6040/1/6019 6042/1/6021
f 5874/1/5855 6045/1/6024 5603/1/5585
f 6059/1/6038 6061/1/6040 6060/1/6039
f 6054/1/6033 6062/1/6041 6060/1/6039
f 3259/1/3245 5825/1/5806 6063/1/6042
f 6079/1/6058 6077/1/6057 6032/1/6011
f 6071/1/6050 6078/1/6056 6077/1/6057
f 5520/1/5502 5518/1/5501 6080/1/6059
f 6076/1/6055 6078/1/6056 6082/1/6060
f 6069/1/6047 6082/1/6060 6078/1/6056
f 6084/1/6063 6086/1/6065 6085/1/6064
f 6019/1/5997 6085/1/6064 6086/1/6065
f 3821/1/3806 6122/1/6102 6124/1/6103
f 6174/1/6153 6173/1/6152 6175/1/6154
f 6174/1/6153 6177/1/6157 228/1/226
f 6176/1/6155 6178/1/6156 6177/1/6157
f 2775/1/2766 6179/1/6158 2780/1/2768
f 2777/1/2764 6183/1/6163 6181/1/6161
f 6184/1/6162 6183/1/6163 6178/1/6156
f 6188/1/6167 6186/1/6164 6185/1/6165
f 6192/1/6170 6191/1/6169 5803/1/5781
f 5819/1/5798 6197/1/6176 6195/1/6174
f 6198/1/6177 6196/1/6175 5823/1/5802
f 1/1/1 2/1/5 3/1/2
f 5/1/4 3/1/2 2/1/5
f 7/1/7 8/1/8 3/1/2
f 4/1/3 3/1/2 8/1/8
f 6/1/6 10/1/12 11/1/10
f 12/1/11 11/1/10 10/1/12
f 14/1/14 15/1/15 11/1/10
f 5/1/4 11/1/10 15/1/15
f 13/1/13 16/1/18 17/1/16
f 18/1/17 17/1/16 16/1/18
f 20/1/20 21/1/21 17/1/16
f 12/1/11 17/1/16 21/1/21
f 22/1/22 23/1/26 24/1/23
f 26/1/25 24/1/23 23/1/26
f 6/1/6 2/1/5 24/1/23
f 25/1/24 24/1/23 2/1/5
f 27/1/27 28/1/30 29/1/28
f 30/1/29 29/1/28 28/1/30
f 13/1/13 10/1/12 29/1/28
f 26/1/25 29/1/28 10/1/12
f 31/1/31 32/1/34 33/1/32
f 34/1/33 33/1/32 32/1/34
f 19/1/19 16/1/18 33/1/32
f 30/1/29 33/1/32 16/1/18
f 36/1/36 37/1/40 38/1/37
f 40/1/39 41/1/41 38/1/37
f 39/1/38 38/1/37 41/1/41
f 1/1/1 43/1/44 44/1/43
f 39/1/38 44/1/43 43/1/44
f 42/1/42 45/1/45 44/1/43
f 25/1/24 44/1/43 45/1/45
f 46/1/46 47/1/50 37/1/40
f 48/1/47 47/1/50 46/1/46
f 50/1/49 51/1/51 47/1/50
f 37/1/40 47/1/50 51/1/51
f 36/1/36 43/1/44 52/1/52
f 4/1/3 52/1/52 43/1/44
f 9/1/9 53/1/53 52/1/52
f 46/1/46 52/1/52 53/1/53
f 54/1/54 55/1/57 56/1/55
f 35/1/35 32/1/34 56/1/55
f 57/1/56 56/1/55 32/1/34
f 58/1/58 55/1/57 60/1/60
f 62/1/62 60/1/60 55/1/57
f 63/1/63 64/1/64 60/1/60
f 61/1/61 60/1/60 64/1/64
f 57/1/56 66/1/66 69/1/69
f 31/1/31 28/1/30 66/1/66
f 67/1/67 66/1/66 28/1/30
f 54/1/54 69/1/69 70/1/70
f 71/1/71 70/1/70 69/1/69
f 72/1/72 73/1/73 70/1/70
f 62/1/62 70/1/70 73/1/73
f 74/1/74 75/1/77 76/1/75
f 67/1/67 76/1/75 75/1/77
f 77/1/76 76/1/75 23/1/26
f 68/1/68 75/1/77 78/1/78
f 79/1/79 78/1/78 75/1/77
f 80/1/80 81/1/81 78/1/78
f 82/1/82 83/1/85 84/1/83
f 77/1/76 84/1/83 83/1/85
f 22/1/22 45/1/45 84/1/83
f 85/1/84 84/1/83 45/1/45
f 86/1/86 87/1/89 88/1/87
f 85/1/84 88/1/87 87/1/89
f 42/1/42 90/1/90 88/1/87
f 89/1/88 88/1/87 90/1/90
f 74/1/74 83/1/85 92/1/92
f 93/1/93 92/1/92 83/1/85
f 94/1/94 95/1/95 92/1/92
f 79/1/79 92/1/92 95/1/95
f 96/1/96 97/1/99 98/1/97
f 93/1/93 98/1/97 97/1/99
f 82/1/82 87/1/89 98/1/97
f 99/1/98 98/1/97 87/1/89
f 40/1/39 100/1/101 101/1/100
f 91/1/91 90/1/90 101/1/100
f 41/1/41 101/1/100 90/1/90
f 103/1/103 104/1/105 105/1/104
f 102/1/102 106/1/106 104/1/105
f 108/1/108 110/1/110 113/1/113
f 114/1/114 115/1/129 116/1/115
f 117/1/116 116/1/115 118/1/117
f 50/1/49 119/1/120 120/1/118
f 121/1/119 120/1/118 119/1/120
f 102/1/102 100/1/101 120/1/118
f 123/1/122 124/1/124 111/1/111
f 125/1/123 126/1/125 124/1/124
f 117/1/116 124/1/124 126/1/125
f 123/1/122 127/1/126 128/1/127
f 129/1/128 130/1/131 115/1/129
f 131/1/130 132/1/141 130/1/131
f 114/1/114 126/1/125 133/1/132
f 134/1/133 133/1/132 126/1/125
f 135/1/134 136/1/135 133/1/132
f 129/1/128 133/1/132 136/1/135
f 137/1/136 138/1/139 139/1/137
f 134/1/133 139/1/137 138/1/139
f 125/1/123 128/1/127 139/1/137
f 141/1/140 142/1/6184 132/1/141
f 143/1/142 142/1/6184 141/1/140
f 50/1/49 145/1/146 146/1/144
f 147/1/145 146/1/144 145/1/146
f 137/1/136 140/1/138 146/1/144
f 122/1/121 119/1/120 146/1/144
f 149/1/148 150/1/149 136/1/135
f 131/1/130 136/1/135 150/1/149
f 135/1/134 138/1/139 153/1/152
f 49/1/48 159/1/160 160/1/158
f 161/1/159 160/1/158 159/1/160
f 148/1/147 145/1/146 160/1/158
f 48/1/47 160/1/158 145/1/146
f 164/1/163 165/1/165 166/1/164
f 144/1/143 152/1/151 166/1/164
f 162/1/161 167/1/167 168/1/166
f 151/1/150 154/1/153 168/1/166
f 161/1/159 168/1/166 154/1/153
f 157/1/156 169/1/170 170/1/168
f 171/1/169 170/1/168 169/1/170
f 49/1/48 53/1/53 173/1/172
f 174/1/173 173/1/172 53/1/53
f 175/1/174 173/1/172 174/1/173
f 162/1/161 159/1/160 173/1/172
f 178/1/177 177/1/176 165/1/165
f 179/1/178 180/1/179 177/1/176
f 176/1/175 181/1/181 182/1/180
f 178/1/177 182/1/180 181/1/181
f 164/1/163 167/1/167 182/1/180
f 9/1/9 8/1/8 183/1/182
f 184/1/183 183/1/182 8/1/8
f 185/1/184 186/1/185 183/1/182
f 176/1/175 174/1/173 183/1/182
f 172/1/171 180/1/179 187/1/186
f 189/1/188 187/1/186 180/1/179
f 190/1/189 191/1/190 187/1/186
f 188/1/187 187/1/186 191/1/190
f 185/1/184 193/1/193 194/1/192
f 179/1/178 181/1/181 194/1/192
f 186/1/185 194/1/192 181/1/181
f 7/1/7 15/1/15 195/1/194
f 196/1/195 195/1/194 15/1/15
f 197/1/196 198/1/197 195/1/194
f 184/1/183 195/1/194 198/1/197
f 14/1/14 21/1/21 199/1/198
f 200/1/199 199/1/198 21/1/21
f 201/1/200 202/1/201 199/1/198
f 196/1/195 199/1/198 202/1/201
f 203/1/202 204/1/205 205/1/203
f 112/1/112 118/1/117 204/1/205
f 207/1/206 208/1/209 209/1/207
f 205/1/203 209/1/207 208/1/209
f 211/1/210 212/1/231 213/1/211
f 214/1/212 213/1/211 171/1/169
f 215/1/213 216/1/217 217/1/214
f 219/1/216 217/1/214 216/1/217
f 221/1/219 222/1/220 217/1/214
f 218/1/215 217/1/214 222/1/220
f 224/1/222 225/1/225 226/1/223
f 218/1/215 226/1/223 225/1/225
f 223/1/221 228/1/226 226/1/223
f 227/1/224 226/1/223 228/1/226
f 230/1/228 231/1/2844 232/1/229
f 233/1/230 232/1/229 212/1/231
f 234/1/232 235/1/236 236/1/233
f 238/1/235 236/1/233 235/1/236
f 240/1/238 241/1/239 236/1/233
f 237/1/234 236/1/233 241/1/239
f 220/1/218 243/1/242 244/1/241
f 247/1/245 248/1/246 244/1/241
f 219/1/216 244/1/241 248/1/246
f 249/1/247 250/1/252 251/1/248
f 253/1/250 250/1/252 249/1/247
f 221/1/219 248/1/246 250/1/252
f 251/1/248 250/1/252 248/1/246
f 255/1/253 256/1/258 257/1/254
f 259/1/256 256/1/258 255/1/253
f 259/1/256 245/1/243 243/1/242
f 257/1/254 256/1/258 243/1/242
f 261/1/259 262/1/265 263/1/260
f 264/1/261 263/1/260 265/1/262
f 267/1/264 268/1/267 262/1/265
f 269/1/266 270/1/2885 268/1/267
f 271/1/268 272/1/271 273/1/269
f 260/1/257 273/1/269 272/1/271
f 274/1/270 275/1/274 276/1/272
f 277/1/273 276/1/272 275/1/274
f 247/1/245 246/1/244 276/1/272
f 271/1/268 276/1/272 246/1/244
f 279/1/276 280/1/280 281/1/277
f 283/1/279 284/1/281 281/1/277
f 278/1/275 275/1/274 281/1/277
f 282/1/278 281/1/277 275/1/274
f 286/1/283 285/1/282 287/1/284
f 277/1/273 285/1/282 251/1/248
f 284/1/281 289/1/288 287/1/284
f 290/1/286 289/1/288 284/1/281
f 291/1/287 292/1/289 289/1/288
f 288/1/285 287/1/284 289/1/288
f 293/1/290 294/1/291 292/1/289
f 296/1/293 297/1/295 298/1/294
f 266/1/263 265/1/262 297/1/295
f 293/1/290 299/1/297 300/1/296
f 291/1/287 301/1/298 299/1/297
f 306/1/303 303/1/300 307/1/304
f 295/1/292 300/1/296 303/1/300
f 304/1/301 303/1/300 300/1/296
f 308/1/305 309/1/308 310/1/306
f 311/1/307 312/1/309 310/1/306
f 266/1/263 296/1/293 310/1/306
f 306/1/303 310/1/306 296/1/293
f 283/1/279 313/1/312 314/1/310
f 315/1/311 314/1/310 313/1/312
f 302/1/299 301/1/298 314/1/310
f 290/1/286 314/1/310 301/1/298
f 317/1/314 318/1/317 319/1/315
f 304/1/301 319/1/315 318/1/317
f 320/1/316 319/1/315 315/1/311
f 321/1/318 322/1/319 318/1/317
f 309/1/308 322/1/319 321/1/318
f 308/1/305 307/1/304 322/1/319
f 305/1/302 318/1/317 322/1/319
f 323/1/320 324/1/322 312/1/309
f 325/1/321 326/1/323 324/1/322
f 264/1/261 324/1/322 326/1/323
f 266/1/263 312/1/309 324/1/322
f 279/1/276 327/1/326 328/1/324
f 329/1/325 328/1/324 327/1/326
f 280/1/280 328/1/324 313/1/312
f 331/1/328 332/1/331 333/1/329
f 320/1/316 333/1/329 332/1/331
f 316/1/313 329/1/325 333/1/329
f 331/1/328 335/1/333 336/1/332
f 323/1/320 336/1/332 335/1/333
f 311/1/307 321/1/318 336/1/332
f 321/1/318 317/1/314 332/1/331
f 337/1/334 338/1/336 198/1/197
f 339/1/335 340/1/337 338/1/336
f 198/1/197 338/1/336 193/1/193
f 341/1/338 342/1/341 202/1/201
f 343/1/339 342/1/341 341/1/338
f 337/1/334 342/1/341 343/1/339
f 197/1/196 202/1/201 342/1/341
f 190/1/189 340/1/337 345/1/342
f 346/1/343 345/1/342 340/1/337
f 347/1/344 345/1/342 346/1/343
f 191/1/190 345/1/342 347/1/344
f 349/1/346 350/1/349 351/1/347
f 348/1/345 346/1/343 350/1/349
f 339/1/335 351/1/347 350/1/349
f 355/1/352 353/1/350 356/1/353
f 358/1/355 359/1/356 353/1/350
f 354/1/351 353/1/350 359/1/356
f 352/1/348 361/1/359 362/1/358
f 357/1/354 356/1/353 362/1/358
f 349/1/346 362/1/358 356/1/353
f 357/1/354 365/1/364 366/1/362
f 367/1/363 366/1/362 365/1/364
f 369/1/366 370/1/367 366/1/362
f 355/1/352 366/1/362 370/1/367
f 344/1/340 371/1/370 372/1/368
f 373/1/369 372/1/368 371/1/370
f 352/1/348 351/1/347 372/1/368
f 343/1/339 372/1/368 351/1/347
f 374/1/371 375/1/373 376/1/372
f 373/1/369 376/1/372 361/1/359
f 377/1/374 379/1/377 380/1/376
f 365/1/364 380/1/376 379/1/377
f 380/1/376 365/1/364 357/1/354
f 378/1/375 380/1/376 364/1/361
f 381/1/378 382/1/382 383/1/379
f 385/1/381 386/1/383 383/1/379
f 379/1/377 383/1/379 386/1/383
f 384/1/380 383/1/379 379/1/377
f 387/1/384 388/1/387 389/1/385
f 388/1/387 391/1/398 392/1/388
f 392/1/388 393/1/397 394/1/389
f 390/1/386 389/1/385 394/1/389
f 396/1/391 397/1/395 398/1/392
f 400/1/394 398/1/392 397/1/395
f 393/1/397 392/1/388 398/1/392
f 399/1/393 398/1/392 392/1/388
f 402/1/399 403/1/403 404/1/400
f 406/1/402 404/1/400 403/1/403
f 408/1/405 409/1/406 404/1/400
f 405/1/401 404/1/400 409/1/406
f 411/1/408 412/1/412 413/1/409
f 415/1/411 413/1/409 412/1/412
f 417/1/414 418/1/415 413/1/409
f 414/1/410 413/1/409 418/1/415
f 407/1/404 420/1/418 421/1/417
f 412/1/412 421/1/417 420/1/418
f 411/1/408 422/1/419 421/1/417
f 406/1/402 421/1/417 422/1/419
f 423/1/420 424/1/424 425/1/421
f 427/1/423 425/1/421 424/1/424
f 407/1/404 403/1/403 425/1/421
f 426/1/422 425/1/421 403/1/403
f 417/1/414 415/1/411 429/1/426
f 431/1/428 429/1/426 415/1/411
f 432/1/429 433/1/430 429/1/426
f 430/1/427 429/1/426 433/1/430
f 428/1/425 435/1/433 436/1/432
f 431/1/428 436/1/432 435/1/433
f 416/1/413 420/1/418 436/1/432
f 427/1/423 436/1/432 420/1/418
f 437/1/434 438/1/438 439/1/435
f 441/1/437 439/1/435 438/1/438
f 428/1/425 424/1/424 439/1/435
f 440/1/436 439/1/435 424/1/424
f 442/1/439 449/1/447 450/1/446
f 432/1/429 435/1/433 450/1/446
f 441/1/437 450/1/446 435/1/433
f 451/1/448 453/1/451 454/1/450
f 452/1/449 454/1/450 433/1/430
f 417/1/414 430/1/427 457/1/454
f 458/1/455 457/1/454 461/1/458
f 462/1/459 467/1/466 468/1/464
f 469/1/465 468/1/464 467/1/466
f 419/1/416 418/1/415 468/1/464
f 458/1/455 468/1/464 418/1/415
f 472/1/469 471/1/468 461/1/458
f 473/1/470 474/1/471 471/1/468
f 475/1/472 476/1/475 477/1/473
f 472/1/469 477/1/473 476/1/475
f 460/1/457 466/1/463 477/1/473
f 465/1/462 478/1/474 477/1/473
f 437/1/434 479/1/478 480/1/476
f 397/1/395 480/1/476 479/1/478
f 396/1/391 482/1/479 480/1/476
f 423/1/420 484/1/483 485/1/481
f 486/1/482 485/1/481 484/1/483
f 401/1/396 479/1/478 485/1/481
f 440/1/436 485/1/481 479/1/478
f 488/1/485 489/1/489 490/1/486
f 492/1/488 490/1/486 489/1/489
f 491/1/487 490/1/486 394/1/389
f 491/1/487 393/1/397 400/1/394
f 401/1/396 495/1/493 494/1/491
f 496/1/492 494/1/491 495/1/493
f 497/1/494 495/1/493 498/1/495
f 486/1/482 498/1/495 495/1/493
f 487/1/484 499/1/496 498/1/495
f 402/1/399 500/1/499 501/1/497
f 502/1/498 501/1/497 500/1/499
f 487/1/484 484/1/483 501/1/497
f 426/1/422 501/1/497 484/1/483
f 507/1/504 508/1/506 509/1/505
f 65/1/65 511/1/510 512/1/508
f 513/1/509 512/1/508 511/1/510
f 515/1/512 516/1/513 512/1/508
f 61/1/61 512/1/508 516/1/513
f 58/1/58 516/1/513 517/1/514
f 518/1/515 517/1/514 516/1/513
f 519/1/516 520/1/517 517/1/514
f 59/1/59 517/1/514 520/1/517
f 35/1/35 520/1/517 521/1/518
f 522/1/519 521/1/518 520/1/517
f 523/1/520 524/1/521 521/1/518
f 34/1/33 521/1/518 524/1/521
f 19/1/19 524/1/521 525/1/522
f 526/1/523 525/1/522 524/1/521
f 527/1/524 528/1/525 525/1/522
f 18/1/17 525/1/522 528/1/525
f 20/1/20 528/1/525 529/1/526
f 530/1/527 529/1/526 528/1/525
f 531/1/528 532/1/529 529/1/526
f 200/1/199 529/1/526 532/1/529
f 201/1/200 532/1/529 533/1/530
f 534/1/531 533/1/530 532/1/529
f 535/1/532 536/1/533 533/1/530
f 341/1/338 533/1/530 536/1/533
f 344/1/340 536/1/533 537/1/534
f 538/1/535 537/1/534 536/1/533
f 539/1/536 540/1/537 537/1/534
f 371/1/370 537/1/534 540/1/537
f 374/1/371 540/1/537 541/1/538
f 542/1/539 541/1/538 540/1/537
f 384/1/380 541/1/538 542/1/539
f 375/1/373 541/1/538 384/1/380
f 543/1/540 544/1/544 545/1/541
f 547/1/543 548/1/545 544/1/544
f 538/1/535 544/1/544 548/1/545
f 535/1/532 545/1/541 544/1/544
f 549/1/546 550/1/550 551/1/547
f 553/1/549 551/1/547 550/1/550
f 555/1/552 556/1/553 551/1/547
f 552/1/548 551/1/547 556/1/553
f 558/1/555 559/1/559 560/1/556
f 562/1/558 560/1/556 559/1/559
f 515/1/512 513/1/509 560/1/556
f 561/1/557 560/1/556 513/1/509
f 564/1/561 565/1/564 566/1/562
f 559/1/559 566/1/562 565/1/564
f 558/1/555 568/1/565 566/1/562
f 567/1/563 566/1/562 568/1/565
f 570/1/567 571/1/570 572/1/568
f 518/1/515 571/1/570 570/1/567
f 515/1/512 562/1/558 571/1/570
f 563/1/560 572/1/568 571/1/570
f 574/1/571 575/1/574 576/1/572
f 572/1/568 576/1/572 575/1/574
f 563/1/560 565/1/564 576/1/572
f 577/1/573 576/1/572 565/1/564
f 578/1/575 579/1/578 580/1/576
f 522/1/519 579/1/578 578/1/575
f 573/1/569 580/1/576 579/1/578
f 582/1/579 583/1/596 584/1/580
f 581/1/577 580/1/576 585/1/581
f 573/1/569 575/1/574 585/1/581
f 582/1/579 585/1/581 575/1/574
f 526/1/523 586/1/582 589/1/585
f 523/1/520 578/1/575 586/1/582
f 590/1/586 591/1/589 592/1/587
f 530/1/527 592/1/587 591/1/589
f 527/1/524 589/1/585 592/1/587
f 593/1/588 592/1/587 589/1/585
f 593/1/588 594/1/591 595/1/590
f 588/1/584 596/1/593 594/1/591
f 597/1/592 595/1/590 594/1/591
f 531/1/528 591/1/589 598/1/594
f 599/1/595 598/1/594 591/1/589
f 546/1/542 545/1/541 598/1/594
f 534/1/531 598/1/594 545/1/541
f 583/1/596 600/1/598 601/1/597
f 596/1/593 601/1/597 600/1/598
f 588/1/584 587/1/583 601/1/597
f 584/1/580 601/1/597 587/1/583
f 602/1/599 603/1/602 604/1/600
f 597/1/592 600/1/598 604/1/600
f 605/1/601 604/1/600 600/1/598
f 608/1/605 609/1/609 610/1/606
f 612/1/608 610/1/606 609/1/609
f 615/1/612 611/1/607 610/1/606
f 493/1/490 616/1/614 617/1/613
f 445/1/442 444/1/441 617/1/613
f 492/1/488 617/1/613 444/1/441
f 590/1/586 595/1/590 618/1/615
f 607/1/604 618/1/615 595/1/590
f 606/1/603 619/1/616 618/1/615
f 599/1/595 618/1/615 619/1/616
f 620/1/617 621/1/621 622/1/618
f 624/1/620 622/1/618 621/1/621
f 613/1/610 623/1/619 622/1/618
f 625/1/622 621/1/621 626/1/623
f 606/1/603 603/1/602 626/1/623
f 627/1/624 626/1/623 603/1/602
f 629/1/626 630/1/629 631/1/627
f 616/1/614 631/1/627 630/1/629
f 493/1/490 633/1/630 631/1/627
f 632/1/628 631/1/627 633/1/630
f 635/1/632 636/1/635 637/1/633
f 543/1/540 637/1/633 636/1/635
f 546/1/542 619/1/616 637/1/633
f 638/1/634 637/1/633 619/1/616
f 620/1/617 639/1/638 640/1/636
f 641/1/637 640/1/636 639/1/638
f 638/1/634 640/1/636 641/1/637
f 628/1/625 640/1/636 638/1/634
f 642/1/639 639/1/638 644/1/641
f 623/1/619 644/1/641 639/1/638
f 630/1/629 644/1/641 623/1/619
f 635/1/632 647/1/644 645/1/642
f 646/1/643 645/1/642 647/1/644
f 547/1/543 646/1/643 649/1/646
f 650/1/647 649/1/646 646/1/643
f 548/1/545 649/1/646 542/1/539
f 652/1/649 651/1/648 653/1/650
f 385/1/381 382/1/382 651/1/648
f 650/1/647 651/1/648 382/1/382
f 641/1/637 655/1/654 647/1/644
f 656/1/652 655/1/654 641/1/637
f 657/1/653 658/1/655 655/1/654
f 659/1/656 660/1/659 661/1/657
f 656/1/652 661/1/657 660/1/659
f 642/1/639 643/1/640 661/1/657
f 663/1/660 664/1/663 665/1/661
f 648/1/645 658/1/655 665/1/661
f 670/1/667 669/1/666 671/1/668
f 654/1/651 653/1/650 669/1/666
f 493/1/490 489/1/489 673/1/670
f 674/1/671 673/1/670 489/1/489
f 675/1/672 676/1/673 673/1/670
f 633/1/630 673/1/670 676/1/673
f 503/1/500 677/1/676 678/1/674
f 679/1/675 678/1/674 677/1/676
f 497/1/494 499/1/496 678/1/674
f 502/1/498 678/1/674 499/1/496
f 680/1/677 681/1/679 682/1/678
f 674/1/671 682/1/678 681/1/679
f 683/1/680 684/1/684 685/1/681
f 687/1/683 685/1/681 684/1/684
f 672/1/669 671/1/668 685/1/681
f 686/1/682 685/1/681 671/1/668
f 410/1/407 692/1/691 693/1/689
f 694/1/690 693/1/689 692/1/691
f 503/1/500 500/1/499 693/1/689
f 405/1/401 693/1/689 500/1/499
f 503/1/500 694/1/690 695/1/692
f 696/1/693 695/1/692 694/1/690
f 697/1/694 698/1/695 695/1/692
f 690/1/687 689/1/686 699/1/696
f 700/1/697 699/1/696 689/1/686
f 696/1/693 699/1/696 700/1/697
f 634/1/631 701/1/700 702/1/698
f 703/1/699 702/1/698 701/1/700
f 659/1/656 662/1/658 702/1/698
f 667/1/664 705/1/704 706/1/702
f 707/1/703 706/1/702 705/1/704
f 697/1/694 700/1/697 706/1/702
f 686/1/682 706/1/702 700/1/697
f 663/1/660 709/1/708 710/1/706
f 711/1/707 710/1/706 709/1/708
f 708/1/705 705/1/704 710/1/706
f 664/1/663 710/1/706 705/1/704
f 704/1/701 709/1/708 712/1/709
f 666/1/662 712/1/709 709/1/708
f 657/1/653 660/1/659 712/1/709
f 703/1/699 712/1/709 660/1/659
f 711/1/707 713/1/711 714/1/710
f 704/1/701 701/1/700 713/1/711
f 634/1/631 676/1/673 713/1/711
f 714/1/710 713/1/711 676/1/673
f 680/1/677 698/1/695 715/1/712
f 707/1/703 715/1/712 698/1/695
f 708/1/705 714/1/710 715/1/712
f 681/1/679 715/1/712 714/1/710
f 716/1/713 717/1/6185 718/1/714
f 718/1/714 717/1/6185 720/1/716
f 719/1/715 718/1/714 721/1/717
f 507/1/504 691/1/688 721/1/717
f 722/1/718 721/1/717 691/1/688
f 723/1/719 724/1/723 725/1/720
f 727/1/722 725/1/720 724/1/723
f 729/1/725 730/1/726 725/1/720
f 726/1/721 725/1/720 730/1/726
f 733/1/729 734/1/731 727/1/722
f 735/1/730 736/1/732 734/1/731
f 732/1/728 734/1/731 736/1/732
f 738/1/734 739/1/737 740/1/735
f 728/1/724 724/1/723 740/1/735
f 741/1/736 740/1/735 724/1/723
f 728/1/724 743/1/739 744/1/740
f 745/1/741 744/1/740 743/1/739
f 746/1/742 747/1/743 744/1/740
f 733/1/729 744/1/740 747/1/743
f 742/1/738 748/1/746 749/1/744
f 750/1/745 749/1/744 748/1/746
f 752/1/748 753/1/749 749/1/744
f 745/1/741 749/1/744 753/1/749
f 690/1/687 692/1/691 754/1/750
f 755/1/751 754/1/750 692/1/691
f 756/1/752 757/1/753 754/1/750
f 722/1/718 754/1/750 757/1/753
f 719/1/715 758/1/756 759/1/754
f 760/1/755 759/1/754 758/1/756
f 761/1/757 762/1/760 763/1/758
f 764/1/759 763/1/758 762/1/760
f 767/1/763 770/1/766 771/1/767
f 769/1/765 773/1/769 730/1/726
f 768/1/764 774/1/771 773/1/769
f 775/1/770 773/1/769 774/1/771
f 731/1/727 730/1/726 773/1/769
f 777/1/773 778/1/776 409/1/406
f 779/1/774 778/1/776 777/1/773
f 755/1/751 778/1/776 779/1/774
f 410/1/407 409/1/406 778/1/776
f 757/1/753 781/1/777 758/1/756
f 786/1/782 785/1/781 787/1/783
f 784/1/780 785/1/781 762/1/760
f 788/1/784 789/1/787 790/1/785
f 791/1/786 790/1/785 789/1/787
f 766/1/762 790/1/785 791/1/786
f 786/1/782 790/1/785 766/1/762
f 794/1/790 795/1/794 796/1/791
f 798/1/793 796/1/791 795/1/794
f 793/1/789 791/1/786 796/1/791
f 800/1/796 801/1/800 802/1/797
f 804/1/799 801/1/800 800/1/796
f 799/1/795 795/1/794 801/1/800
f 802/1/797 801/1/800 795/1/794
f 803/1/798 805/1/802 806/1/801
f 768/1/764 767/1/763 806/1/801
f 800/1/796 806/1/801 767/1/763
f 807/1/803 809/1/807 810/1/805
f 811/1/806 810/1/805 809/1/807
f 776/1/772 774/1/771 810/1/805
f 808/1/804 810/1/805 774/1/771
f 813/1/809 814/1/813 815/1/810
f 817/1/812 818/1/815 814/1/813
f 819/1/814 814/1/813 818/1/815
f 821/1/817 815/1/810 814/1/813
f 822/1/818 823/1/822 824/1/819
f 826/1/821 827/1/824 823/1/822
f 828/1/823 823/1/822 827/1/824
f 830/1/826 824/1/819 823/1/822
f 831/1/827 832/1/830 833/1/828
f 816/1/811 815/1/810 832/1/830
f 835/1/831 832/1/830 815/1/810
f 836/1/832 833/1/828 832/1/830
f 837/1/833 838/1/836 839/1/834
f 829/1/825 827/1/824 838/1/836
f 841/1/837 838/1/836 827/1/824
f 842/1/838 839/1/834 838/1/836
f 843/1/839 844/1/843 845/1/840
f 847/1/842 845/1/840 844/1/843
f 848/1/844 849/1/845 845/1/840
f 846/1/841 845/1/840 849/1/845
f 830/1/826 851/1/850 852/1/847
f 854/1/849 852/1/847 851/1/850
f 855/1/851 856/1/852 852/1/847
f 853/1/848 852/1/847 856/1/852
f 858/1/854 859/1/858 860/1/855
f 862/1/857 860/1/855 859/1/858
f 848/1/844 864/1/860 860/1/855
f 861/1/856 860/1/855 864/1/860
f 865/1/861 866/1/865 867/1/862
f 869/1/864 870/1/867 866/1/865
f 871/1/866 866/1/865 870/1/867
f 873/1/869 867/1/862 866/1/865
f 874/1/870 875/1/873 876/1/871
f 863/1/859 878/1/875 875/1/873
f 879/1/874 875/1/873 878/1/875
f 880/1/876 876/1/871 875/1/873
f 881/1/877 882/1/881 883/1/878
f 885/1/880 883/1/878 882/1/881
f 855/1/851 887/1/883 883/1/878
f 884/1/879 883/1/878 887/1/883
f 889/1/885 890/1/887 867/1/862
f 891/1/886 892/1/889 890/1/887
f 893/1/888 890/1/887 892/1/889
f 868/1/863 867/1/862 890/1/887
f 858/1/854 895/1/894 896/1/891
f 898/1/893 896/1/891 895/1/894
f 889/1/885 896/1/891 898/1/893
f 873/1/869 897/1/892 896/1/891
f 899/1/895 900/1/899 901/1/896
f 903/1/898 901/1/896 900/1/899
f 905/1/901 906/1/902 901/1/896
f 902/1/897 901/1/896 906/1/902
f 908/1/904 909/1/908 910/1/905
f 912/1/907 910/1/905 909/1/908
f 803/1/798 802/1/797 910/1/905
f 911/1/906 910/1/905 802/1/797
f 913/1/909 914/1/912 915/1/910
f 916/1/911 915/1/910 914/1/912
f 918/1/914 919/1/917 920/1/915
f 907/1/903 906/1/902 919/1/917
f 922/1/918 919/1/917 906/1/902
f 923/1/919 920/1/915 919/1/917
f 917/1/913 924/1/922 925/1/920
f 926/1/921 925/1/920 924/1/922
f 812/1/808 809/1/807 925/1/920
f 916/1/911 925/1/920 809/1/807
f 928/1/924 929/1/927 930/1/925
f 920/1/915 930/1/925 929/1/927
f 923/1/919 932/1/929 930/1/925
f 933/1/928 931/1/926 930/1/925
f 797/1/792 934/1/930 911/1/906
f 411/1/408 938/1/936 939/1/934
f 940/1/935 939/1/934 938/1/936
f 780/1/775 777/1/773 939/1/934
f 408/1/405 422/1/419 939/1/934
f 780/1/775 942/1/940 943/1/938
f 944/1/939 943/1/938 942/1/940
f 783/1/779 782/1/778 943/1/938
f 779/1/774 943/1/938 782/1/778
f 945/1/941 946/1/944 947/1/942
f 948/1/943 947/1/942 946/1/944
f 788/1/784 787/1/783 947/1/942
f 944/1/939 947/1/942 787/1/783
f 949/1/945 950/1/947 951/1/946
f 935/1/931 951/1/946 950/1/947
f 792/1/788 789/1/787 951/1/946
f 948/1/943 951/1/946 789/1/787
f 952/1/948 953/1/952 954/1/949
f 956/1/951 954/1/949 953/1/952
f 908/1/904 937/1/933 954/1/949
f 955/1/950 954/1/949 937/1/933
f 957/1/953 958/1/956 959/1/954
f 960/1/955 959/1/954 958/1/956
f 913/1/909 909/1/908 959/1/954
f 956/1/951 959/1/954 909/1/908
f 961/1/957 962/1/960 963/1/958
f 964/1/959 963/1/958 962/1/960
f 917/1/913 914/1/912 963/1/958
f 960/1/955 963/1/958 914/1/912
f 965/1/961 966/1/964 967/1/962
f 968/1/963 967/1/962 966/1/964
f 927/1/923 924/1/922 967/1/962
f 964/1/959 967/1/962 924/1/922
f 970/1/966 971/1/970 972/1/967
f 974/1/969 972/1/967 971/1/970
f 904/1/900 900/1/899 972/1/967
f 973/1/968 972/1/967 900/1/899
f 976/1/972 977/1/975 978/1/973
f 881/1/877 980/1/976 978/1/973
f 980/1/976 975/1/971 981/1/977
f 979/1/974 978/1/973 981/1/977
f 983/1/979 984/1/983 985/1/980
f 987/1/982 985/1/980 984/1/983
f 973/1/968 985/1/980 987/1/982
f 899/1/895 986/1/981 985/1/980
f 907/1/903 989/1/987 990/1/985
f 991/1/986 990/1/985 989/1/987
f 983/1/979 986/1/981 990/1/985
f 902/1/897 990/1/985 986/1/981
f 961/1/957 958/1/956 993/1/989
f 995/1/991 993/1/989 958/1/956
f 983/1/979 991/1/986 993/1/989
f 992/1/988 994/1/990 993/1/989
f 988/1/984 984/1/983 996/1/992
f 995/1/991 996/1/992 984/1/983
f 957/1/953 953/1/952 996/1/992
f 997/1/993 996/1/992 953/1/952
f 998/1/994 999/1/997 1000/1/995
f 992/1/988 989/1/987 999/1/997
f 918/1/914 999/1/997 989/1/987
f 921/1/916 1000/1/995 999/1/997
f 965/1/961 962/1/960 1002/1/998
f 994/1/990 1002/1/998 962/1/960
f 998/1/994 1002/1/998 994/1/990
f 998/1/994 1001/1/996 1003/1/999
f 1004/1/1000 1005/1/1003 1006/1/1001
f 1000/1/995 1006/1/1001 1005/1/1003
f 921/1/916 929/1/927 1006/1/1001
f 1007/1/1002 1006/1/1001 929/1/927
f 969/1/965 966/1/964 1008/1/1004
f 1003/1/999 1008/1/1004 966/1/964
f 1001/1/996 1005/1/1003 1008/1/1004
f 1009/1/1005 1008/1/1004 1005/1/1003
f 419/1/416 1010/1/1008 1011/1/1006
f 1012/1/1007 1011/1/1006 1010/1/1008
f 941/1/937 938/1/936 1011/1/1006
f 414/1/410 1011/1/1006 938/1/936
f 941/1/937 1014/1/1012 1015/1/1010
f 1016/1/1011 1015/1/1010 1014/1/1012
f 945/1/941 942/1/940 1015/1/1010
f 940/1/935 1015/1/1010 942/1/940
f 1017/1/1013 1018/1/1016 1019/1/1014
f 1020/1/1015 1019/1/1014 1018/1/1016
f 949/1/945 946/1/944 1019/1/1014
f 1016/1/1011 1019/1/1014 946/1/944
f 955/1/950 1022/1/1018 1023/1/1019
f 1020/1/1015 1022/1/1018 950/1/947
f 952/1/948 1023/1/1019 1024/1/1020
f 1028/1/1024 1029/1/1027 1030/1/1025
f 997/1/993 1029/1/1027 1028/1/1024
f 1025/1/1021 1029/1/1027 997/1/993
f 1027/1/1023 1030/1/1025 1029/1/1027
f 988/1/984 1028/1/1024 1032/1/1028
f 1031/1/1026 1033/1/1030 1032/1/1028
f 1034/1/1029 1032/1/1028 1033/1/1030
f 987/1/982 1032/1/1028 1034/1/1029
f 1036/1/1032 1037/1/1036 1038/1/1033
f 1040/1/1035 1041/1/1037 1037/1/1036
f 1041/1/1037 982/1/978 1042/1/1038
f 1038/1/1033 1037/1/1036 1042/1/1038
f 1013/1/1009 1043/1/1040 1044/1/1039
f 1017/1/1013 1014/1/1012 1044/1/1039
f 1012/1/1007 1044/1/1039 1014/1/1012
f 1045/1/1041 1047/1/1045 1048/1/1043
f 1049/1/1044 1048/1/1043 1047/1/1045
f 1021/1/1017 1018/1/1016 1048/1/1043
f 1046/1/1042 1048/1/1043 1018/1/1016
f 1050/1/1046 1051/1/1049 1052/1/1047
f 1053/1/1048 1052/1/1047 1051/1/1049
f 1055/1/1051 1056/1/1054 1057/1/1052
f 1035/1/1031 1033/1/1030 1056/1/1054
f 1030/1/1025 1059/1/1055 1057/1/1052
f 1030/1/1025 1027/1/1023 1053/1/1048
f 1054/1/1050 1060/1/1056 1059/1/1055
f 1058/1/1053 1061/1/1059 1062/1/1057
f 1063/1/1058 1062/1/1057 1061/1/1059
f 1065/1/1061 1066/1/1062 1062/1/1057
f 1055/1/1051 1062/1/1057 1066/1/1062
f 1064/1/1060 1067/1/1065 1068/1/1063
f 1069/1/1064 1068/1/1063 1067/1/1065
f 1071/1/1067 1072/1/1068 1068/1/1063
f 1063/1/1058 1068/1/1063 1072/1/1068
f 557/1/554 1073/1/1071 1074/1/1069
f 1075/1/1070 1074/1/1069 1073/1/1071
f 1077/1/1073 1078/1/1074 1074/1/1069
f 552/1/548 1074/1/1069 1078/1/1074
f 1079/1/1075 1080/1/1076 1060/1/1056
f 1067/1/1065 1080/1/1076 1079/1/1075
f 1064/1/1060 1061/1/1059 1080/1/1076
f 1060/1/1056 1080/1/1076 1061/1/1059
f 549/1/546 1078/1/1074 1081/1/1077
f 1083/1/1079 1081/1/1077 1078/1/1074
f 1084/1/1080 1085/1/1081 1081/1/1077
f 1082/1/1078 1081/1/1077 1085/1/1081
f 1087/1/1083 1088/1/1087 1089/1/1084
f 1091/1/1086 1092/1/1088 1088/1/1087
f 1076/1/1072 1089/1/1084 1088/1/1087
f 1069/1/1064 1093/1/1091 1094/1/1089
f 1095/1/1090 1093/1/1091 1069/1/1064
f 1091/1/1086 1087/1/1083 1093/1/1091
f 1090/1/1085 1094/1/1089 1093/1/1091
f 447/1/444 446/1/443 1099/1/1095
f 1096/1/1092 1099/1/1095 609/1/609
f 1107/1/1103 1108/1/1279 1102/1/1098
f 615/1/612 624/1/620 1112/1/1107
f 625/1/622 1109/1/1104 1112/1/1107
f 1110/1/1105 1113/1/1109 1114/1/1108
f 1096/1/1092 1114/1/1108 1113/1/1109
f 608/1/605 611/1/607 1114/1/1108
f 1110/1/1105 1115/1/1112 1116/1/1110
f 1117/1/1111 1116/1/1110 1115/1/1112
f 1119/1/1114 1120/1/1115 1116/1/1110
f 1123/1/1118 1121/1/1116 1117/1/1111
f 1103/1/1099 1101/1/1097 1121/1/1116
f 1086/1/1082 1124/1/1121 1125/1/1119
f 1126/1/1120 1125/1/1119 1124/1/1121
f 554/1/551 550/1/550 1125/1/1119
f 1082/1/1078 1125/1/1119 550/1/550
f 574/1/571 1128/1/1125 1129/1/1123
f 1130/1/1124 1129/1/1123 1128/1/1125
f 602/1/599 605/1/601 1129/1/1123
f 582/1/579 1129/1/1123 605/1/601
f 1132/1/1127 1133/1/1128 1130/1/1124
f 627/1/624 1133/1/1128 1109/1/1104
f 602/1/599 1130/1/1124 1133/1/1128
f 1127/1/1122 1124/1/1121 1134/1/1129
f 1136/1/1131 1134/1/1129 1124/1/1121
f 1105/1/1101 1104/1/1100 1134/1/1129
f 1135/1/1130 1134/1/1129 1104/1/1100
f 554/1/551 1137/1/1134 1138/1/1132
f 1139/1/1133 1138/1/1132 1137/1/1134
f 1141/1/1136 1142/1/1137 1138/1/1132
f 553/1/549 1138/1/1132 1142/1/1137
f 1118/1/1113 1143/1/1140 1144/1/1138
f 1145/1/1139 1144/1/1138 1143/1/1140
f 1127/1/1122 1135/1/1130 1144/1/1138
f 1123/1/1118 1144/1/1138 1135/1/1130
f 1146/1/1141 1147/1/1144 1148/1/1142
f 1131/1/1126 1150/1/1145 1148/1/1142
f 564/1/561 1151/1/1147 1152/1/1146
f 1150/1/1145 1152/1/1146 1151/1/1147
f 1128/1/1125 1152/1/1146 1150/1/1145
f 577/1/573 1152/1/1146 1128/1/1125
f 1146/1/1141 1149/1/1143 1153/1/1148
f 1137/1/1134 1153/1/1148 1149/1/1143
f 554/1/551 1126/1/1120 1153/1/1148
f 1145/1/1139 1153/1/1148 1126/1/1120
f 1151/1/1147 1154/1/1149 1139/1/1133
f 567/1/563 1154/1/1149 1151/1/1147
f 569/1/566 1155/1/1150 1154/1/1149
f 1155/1/1150 1141/1/1136 1139/1/1133
f 1131/1/1126 1147/1/1144 1156/1/1151
f 1143/1/1140 1156/1/1151 1147/1/1144
f 1118/1/1113 1115/1/1112 1156/1/1151
f 1132/1/1127 1156/1/1151 1115/1/1112
f 391/1/398 1157/1/1154 1158/1/1152
f 1159/1/1153 1158/1/1152 1157/1/1154
f 483/1/480 482/1/479 1158/1/1152
f 399/1/393 1158/1/1152 482/1/479
f 1162/1/1157 1163/1/1159 1164/1/1158
f 442/1/439 438/1/438 1161/1/1156
f 481/1/477 1161/1/1156 438/1/438
f 1163/1/1159 1165/1/1162 1166/1/1160
f 1167/1/1161 1168/1/1163 1166/1/1160
f 451/1/448 449/1/447 1166/1/1160
f 1164/1/1158 1166/1/1160 449/1/447
f 1169/1/1164 1170/1/1167 1171/1/1165
f 455/1/452 453/1/451 1171/1/1165
f 451/1/448 1168/1/1163 1171/1/1165
f 1172/1/1166 1171/1/1165 1168/1/1163
f 1173/1/1168 1174/1/1171 1175/1/1169
f 455/1/452 1170/1/1167 1175/1/1169
f 1176/1/1170 1175/1/1169 1170/1/1167
f 465/1/462 1174/1/1171 1177/1/1172
f 1178/1/1173 1177/1/1172 1174/1/1171
f 1179/1/1174 1180/1/1175 1177/1/1172
f 478/1/474 1177/1/1172 1180/1/1175
f 1181/1/1176 1182/1/6186 1183/1/1177
f 1185/1/1179 1182/1/6186 1181/1/1176
f 1187/1/1181 1182/1/6186 1185/1/1179
f 1183/1/1177 1182/1/6186 1187/1/1181
f 1173/1/1168 1189/1/1185 1190/1/1183
f 1191/1/1184 1190/1/1183 1189/1/1185
f 1184/1/1178 1183/1/1177 1190/1/1183
f 1178/1/1173 1190/1/1183 1183/1/1177
f 1193/1/1187 1194/1/1190 1195/1/1188
f 1192/1/1186 1189/1/1185 1194/1/1190
f 1173/1/1168 1176/1/1170 1194/1/1190
f 1169/1/1164 1195/1/1188 1194/1/1190
f 1167/1/1161 1197/1/1193 1198/1/1191
f 1199/1/1192 1198/1/1191 1197/1/1193
f 1172/1/1166 1198/1/1191 1195/1/1188
f 1163/1/1159 1201/1/1197 1202/1/1195
f 1203/1/1196 1202/1/1195 1201/1/1197
f 1200/1/1194 1197/1/1193 1202/1/1195
f 1165/1/1162 1202/1/1195 1197/1/1193
f 1162/1/1157 1205/1/1199 1201/1/1197
f 483/1/480 1159/1/1153 1205/1/1199
f 1207/1/1201 1208/1/1204 1209/1/1202
f 1157/1/1154 1209/1/1202 1208/1/1204
f 391/1/398 388/1/387 1209/1/1202
f 387/1/384 1210/1/1203 1209/1/1202
f 1212/1/1206 1211/1/1205 1213/1/1207
f 475/1/472 1180/1/1175 1211/1/1205
f 1214/1/1208 1215/1/1211 1216/1/1209
f 1217/1/1210 1216/1/1209 1215/1/1211
f 473/1/470 476/1/475 1216/1/1209
f 1212/1/1206 1216/1/1209 476/1/475
f 1219/1/1213 1220/1/1215 1213/1/1207
f 1219/1/1213 1221/1/1222 1222/1/1214
f 1224/1/1217 1214/1/1208 1213/1/1207
f 1225/1/1218 1226/1/1221 1227/1/1219
f 1219/1/1213 1227/1/1219 1226/1/1221
f 1188/1/1182 1185/1/1179 1227/1/1219
f 1228/1/1220 1227/1/1219 1185/1/1179
f 1229/1/1223 1230/1/1226 1231/1/1224
f 1225/1/1218 1228/1/1220 1231/1/1224
f 1232/1/1225 1231/1/1224 1228/1/1220
f 1236/1/1230 1237/1/1233 1235/1/1229
f 1239/1/1232 1240/1/1234 1237/1/1233
f 1232/1/1225 1237/1/1233 1240/1/1234
f 1184/1/1178 1241/1/1237 1242/1/1235
f 1243/1/1236 1242/1/1235 1241/1/1237
f 1238/1/1231 1235/1/1229 1242/1/1235
f 1181/1/1176 1242/1/1235 1235/1/1229
f 1192/1/1186 1245/1/1241 1246/1/1239
f 1247/1/1240 1246/1/1239 1245/1/1241
f 1244/1/1238 1241/1/1237 1246/1/1239
f 1191/1/1184 1246/1/1239 1241/1/1237
f 1196/1/1189 1249/1/1245 1250/1/1243
f 1251/1/1244 1250/1/1243 1249/1/1245
f 1248/1/1242 1245/1/1241 1250/1/1243
f 1193/1/1187 1250/1/1243 1245/1/1241
f 1253/1/1247 1254/1/1249 1199/1/1192
f 1255/1/1248 1256/1/1250 1254/1/1249
f 1252/1/1246 1249/1/1245 1254/1/1249
f 1199/1/1192 1254/1/1249 1249/1/1245
f 1258/1/1252 1257/1/1251 1259/1/1253
f 1207/1/1201 1210/1/1203 1257/1/1251
f 1160/1/1155 1208/1/1204 1261/1/1255
f 1262/1/1256 1263/1/1259 1264/1/1257
f 1206/1/1200 1261/1/1255 1264/1/1257
f 1200/1/1194 1203/1/1196 1265/1/1258
f 1264/1/1257 1265/1/1258 1203/1/1196
f 1263/1/1259 1266/1/1260 1265/1/1258
f 1253/1/1247 1265/1/1258 1266/1/1260
f 1260/1/1254 1267/1/1263 1268/1/1261
f 1269/1/1262 1268/1/1261 1267/1/1263
f 1263/1/1259 1262/1/1256 1268/1/1261
f 1258/1/1252 1268/1/1261 1262/1/1256
f 1272/1/1266 1273/1/1268 1274/1/1267
f 1120/1/1115 1274/1/1267 1273/1/1268
f 1270/1/1264 1275/1/1271 1276/1/1269
f 1277/1/1270 1276/1/1269 1275/1/1271
f 1255/1/1248 1266/1/1260 1276/1/1269
f 1269/1/1262 1276/1/1269 1266/1/1260
f 1273/1/1268 1279/1/1274 1098/1/1094
f 1280/1/1273 1279/1/1274 1273/1/1268
f 1260/1/1254 1259/1/1253 1279/1/1274
f 1098/1/1094 1279/1/1274 1259/1/1253
f 1260/1/1254 1280/1/1273 1281/1/1275
f 1282/1/1276 1281/1/1275 1280/1/1273
f 1278/1/1272 1275/1/1271 1281/1/1275
f 1267/1/1263 1281/1/1275 1275/1/1271
f 1100/1/1096 1108/1/1279 1283/1/1277
f 1284/1/1278 1283/1/1277 1108/1/1279
f 1285/1/1280 1286/1/1281 1283/1/1277
f 1271/1/1265 1283/1/1277 1286/1/1281
f 1287/1/1282 1288/1/1286 1289/1/1283
f 1291/1/1285 1289/1/1283 1288/1/1286
f 1251/1/1244 1289/1/1283 1291/1/1285
f 1290/1/1284 1289/1/1283 1251/1/1244
f 1278/1/1272 1293/1/1289 1294/1/1288
f 1290/1/1284 1294/1/1288 1293/1/1289
f 1252/1/1246 1256/1/1250 1294/1/1288
f 1277/1/1270 1294/1/1288 1256/1/1250
f 1272/1/1266 1286/1/1281 1295/1/1290
f 1296/1/1291 1295/1/1290 1286/1/1281
f 1287/1/1282 1293/1/1289 1295/1/1290
f 1282/1/1276 1295/1/1290 1293/1/1289
f 1248/1/1242 1291/1/1285 1297/1/1292
f 1292/1/1287 1298/1/1294 1297/1/1292
f 1299/1/1293 1297/1/1292 1298/1/1294
f 1247/1/1240 1297/1/1292 1299/1/1293
f 1285/1/1280 1301/1/1298 1302/1/1296
f 1303/1/1297 1302/1/1296 1301/1/1298
f 1292/1/1287 1288/1/1286 1302/1/1296
f 1296/1/1291 1302/1/1296 1288/1/1286
f 1244/1/1238 1299/1/1293 1305/1/1300
f 1300/1/1295 1306/1/1302 1305/1/1300
f 1307/1/1301 1305/1/1300 1306/1/1302
f 1243/1/1236 1305/1/1300 1307/1/1301
f 1238/1/1231 1307/1/1301 1309/1/1304
f 1310/1/1305 1309/1/1304 1307/1/1301
f 1311/1/1306 1312/1/1307 1309/1/1304
f 1313/1/1308 1314/1/1312 1315/1/1309
f 1317/1/1311 1315/1/1309 1314/1/1312
f 1225/1/1218 1234/1/1228 1315/1/1309
f 1316/1/1310 1315/1/1309 1234/1/1228
f 1225/1/1218 1317/1/1311 1319/1/1314
f 1320/1/1315 1319/1/1314 1317/1/1311
f 1321/1/1316 1322/1/1317 1319/1/1314
f 1226/1/1221 1319/1/1314 1322/1/1317
f 1322/1/1317 1323/1/1318 1222/1/1214
f 1107/1/1103 1327/1/1324 1328/1/1322
f 1329/1/1323 1328/1/1322 1327/1/1324
f 1304/1/1299 1301/1/1298 1328/1/1322
f 1284/1/1278 1328/1/1322 1301/1/1298
f 1304/1/1299 1331/1/1328 1332/1/1326
f 1333/1/1327 1332/1/1326 1331/1/1328
f 1300/1/1295 1298/1/1294 1332/1/1326
f 1303/1/1297 1332/1/1326 1298/1/1294
f 1330/1/1325 1335/1/1332 1336/1/1330
f 1337/1/1331 1336/1/1330 1335/1/1332
f 1334/1/1329 1331/1/1328 1336/1/1330
f 1329/1/1323 1336/1/1330 1331/1/1328
f 1339/1/1334 1340/1/1338 1341/1/1335
f 1343/1/1337 1344/1/1339 1341/1/1335
f 1338/1/1333 1342/1/1336 1341/1/1335
f 1339/1/1334 1345/1/1342 1346/1/1340
f 1324/1/1319 1346/1/1340 1345/1/1342
f 1321/1/1316 1348/1/1343 1346/1/1340
f 1347/1/1341 1346/1/1340 1348/1/1343
f 1334/1/1329 1344/1/1339 1350/1/1345
f 1351/1/1346 1350/1/1345 1344/1/1339
f 1308/1/1303 1306/1/1302 1350/1/1345
f 1333/1/1327 1350/1/1345 1306/1/1302
f 1313/1/1308 1352/1/1349 1353/1/1347
f 1354/1/1348 1355/1/1351 1353/1/1347
f 1356/1/1350 1357/1/1352 1353/1/1347
f 1314/1/1312 1353/1/1347 1357/1/1352
f 1318/1/1313 1357/1/1352 1358/1/1353
f 1359/1/1354 1358/1/1353 1357/1/1352
f 1349/1/1344 1348/1/1343 1358/1/1353
f 1320/1/1315 1358/1/1353 1348/1/1343
f 1349/1/1344 1359/1/1354 1360/1/1355
f 1361/1/1356 1360/1/1355 1359/1/1354
f 1340/1/1338 1360/1/1355 1361/1/1356
f 1347/1/1341 1360/1/1355 1340/1/1338
f 1356/1/1350 1355/1/1351 1362/1/1357
f 1363/1/1358 1362/1/1357 1355/1/1351
f 1364/1/1359 1365/1/1360 1362/1/1357
f 1343/1/1337 1365/1/1360 1366/1/1361
f 1367/1/1362 1366/1/1361 1365/1/1360
f 1310/1/1305 1366/1/1361 1367/1/1362
f 1351/1/1346 1366/1/1361 1310/1/1305
f 1363/1/1358 1368/1/1364 1369/1/1363
f 1354/1/1348 1370/1/1366 1368/1/1364
f 1371/1/1365 1369/1/1363 1368/1/1364
f 1372/1/1367 1373/1/1370 1374/1/1368
f 1370/1/1366 1373/1/1370 1372/1/1367
f 1370/1/1366 1354/1/1348 1352/1/1349
f 1313/1/1308 1374/1/1368 1373/1/1370
f 1086/1/1082 1085/1/1081 1376/1/1371
f 1377/1/1372 1376/1/1371 1085/1/1081
f 1136/1/1131 1376/1/1371 1379/1/1374
f 1381/1/1376 1380/1/1375 1379/1/1374
f 1330/1/1325 1327/1/1324 1380/1/1375
f 1106/1/1102 1380/1/1375 1327/1/1324
f 1092/1/1088 1091/1/1086 1382/1/1377
f 1384/1/1379 1383/1/1378 1382/1/1377
f 1083/1/1079 1383/1/1378 1384/1/1379
f 1077/1/1073 1092/1/1088 1383/1/1378
f 1084/1/1080 1384/1/1379 1386/1/1381
f 1387/1/1382 1386/1/1381 1384/1/1379
f 1388/1/1383 1389/1/1384 1386/1/1381
f 1377/1/1372 1386/1/1381 1389/1/1384
f 1390/1/1385 1391/1/1388 1095/1/1090
f 1392/1/1386 1391/1/1388 1390/1/1385
f 1385/1/1380 1382/1/1377 1391/1/1388
f 1095/1/1090 1391/1/1388 1382/1/1377
f 1394/1/1389 1395/1/1393 1396/1/1390
f 1398/1/1392 1396/1/1390 1395/1/1393
f 1050/1/1046 1047/1/1045 1396/1/1390
f 1397/1/1391 1396/1/1390 1047/1/1045
f 1393/1/1387 1390/1/1385 1399/1/1394
f 1079/1/1075 1399/1/1394 1390/1/1385
f 1054/1/1050 1051/1/1049 1399/1/1394
f 1398/1/1392 1399/1/1394 1051/1/1049
f 470/1/467 1400/1/1397 1401/1/1395
f 1402/1/1396 1401/1/1395 1400/1/1397
f 1013/1/1009 1010/1/1008 1401/1/1395
f 469/1/465 1401/1/1395 1010/1/1008
f 1338/1/1333 1404/1/1400 1405/1/1399
f 1404/1/1400 1406/1/1404 1407/1/1401
f 1325/1/1320 1345/1/1342 1405/1/1399
f 1342/1/1336 1405/1/1399 1345/1/1342
f 1381/1/1376 1408/1/1403 1335/1/1332
f 1338/1/1333 1335/1/1332 1408/1/1403
f 1388/1/1383 1410/1/1407 1411/1/1405
f 1412/1/1406 1413/1/1408 1411/1/1405
f 1392/1/1386 1414/1/1409 1387/1/1382
f 1393/1/1387 1415/1/1410 1414/1/1409
f 1410/1/1407 1414/1/1409 1415/1/1410
f 1388/1/1383 1387/1/1382 1414/1/1409
f 1403/1/1398 1416/1/1412 1417/1/1411
f 1397/1/1391 1417/1/1411 1416/1/1412
f 1045/1/1041 1043/1/1040 1417/1/1411
f 1402/1/1396 1417/1/1411 1043/1/1040
f 1400/1/1397 1418/1/1413 1419/1/1414
f 470/1/467 474/1/471 1418/1/1413
f 1217/1/1210 1418/1/1413 474/1/471
f 1421/1/1416 1422/1/1418 1419/1/1414
f 1423/1/1417 1420/1/1415 1422/1/1418
f 1394/1/1389 1416/1/1412 1424/1/1419
f 1425/1/1420 1424/1/1419 1416/1/1412
f 1412/1/1406 1415/1/1410 1424/1/1419
f 1395/1/1393 1424/1/1419 1415/1/1410
f 1427/1/1422 1426/1/1421 1420/1/1415
f 1218/1/1212 1215/1/1211 1429/1/1424
f 1224/1/1217 1429/1/1424 1215/1/1211
f 1325/1/1320 1407/1/1401 1430/1/1425
f 1427/1/1422 1430/1/1425 1407/1/1401
f 1423/1/1417 1428/1/1423 1430/1/1425
f 1431/1/1426 1432/1/1430 1433/1/1427
f 1435/1/1429 1433/1/1427 1432/1/1430
f 1437/1/1432 1438/1/1433 1433/1/1427
f 1434/1/1428 1433/1/1427 1438/1/1433
f 1438/1/1433 1440/1/1436 1441/1/1435
f 1437/1/1432 1442/1/1438 1440/1/1436
f 1443/1/1437 1440/1/1436 1442/1/1438
f 1445/1/1440 1441/1/1435 1440/1/1436
f 1446/1/1441 1447/1/1445 1448/1/1442
f 1450/1/1444 1448/1/1442 1447/1/1445
f 1452/1/1447 1453/1/1448 1448/1/1442
f 1449/1/1443 1448/1/1442 1453/1/1448
f 1455/1/1450 1456/1/1454 1457/1/1451
f 1459/1/1453 1457/1/1451 1456/1/1454
f 1451/1/1446 1447/1/1445 1457/1/1451
f 1458/1/1452 1457/1/1451 1447/1/1445
f 1451/1/1446 1461/1/1458 1462/1/1456
f 1463/1/1457 1462/1/1456 1461/1/1458
f 1465/1/1460 1466/1/1461 1462/1/1456
f 1450/1/1444 1462/1/1456 1466/1/1461
f 1467/1/1462 1468/1/1465 1469/1/1463
f 1464/1/1459 1461/1/1458 1468/1/1465
f 1459/1/1453 1468/1/1465 1461/1/1458
f 1460/1/1455 1469/1/1463 1468/1/1465
f 1471/1/1466 1472/1/1471 1473/1/1467
f 1475/1/1469 1472/1/1471 1471/1/1466
f 1464/1/1459 1467/1/1462 1472/1/1471
f 1473/1/1467 1472/1/1471 1467/1/1462
f 1477/1/1472 1478/1/1476 1479/1/1473
f 1481/1/1475 1482/1/1478 1478/1/1476
f 1483/1/1477 1478/1/1476 1482/1/1478
f 1485/1/1480 1479/1/1473 1478/1/1476
f 1486/1/1481 1487/1/1484 1475/1/1469
f 1488/1/1482 1487/1/1484 1486/1/1481
f 1463/1/1457 1487/1/1484 1488/1/1482
f 1463/1/1457 1464/1/1459 1475/1/1469
f 1490/1/1485 1491/1/1489 1492/1/1486
f 1494/1/1488 1495/1/1490 1491/1/1489
f 1477/1/1472 1491/1/1489 1495/1/1490
f 1480/1/1474 1492/1/1486 1491/1/1489
f 1496/1/1491 1497/1/1495 1498/1/1492
f 1500/1/1494 1498/1/1492 1497/1/1495
f 1501/1/1496 1497/1/1495 1502/1/1497
f 1504/1/1499 1502/1/1497 1497/1/1495
f 1489/1/1483 1486/1/1481 1502/1/1497
f 1503/1/1498 1502/1/1497 1486/1/1481
f 1490/1/1485 1505/1/1501 1506/1/1500
f 1493/1/1487 1507/1/1502 1505/1/1501
f 1476/1/1470 1471/1/1466 1505/1/1501
f 1474/1/1468 1506/1/1500 1505/1/1501
f 850/1/846 1508/1/1505 1509/1/1503
f 1510/1/1504 1509/1/1503 1508/1/1505
f 1511/1/1506 1512/1/1507 1509/1/1503
f 846/1/841 1509/1/1503 1512/1/1507
f 1513/1/1508 1514/1/1510 1500/1/1494
f 1515/1/1509 1516/1/1512 1514/1/1510
f 1517/1/1511 1514/1/1510 1516/1/1512
f 1431/1/1426 1500/1/1494 1514/1/1510
f 1519/1/1514 1520/1/1516 1521/1/1515
f 1480/1/1474 1479/1/1473 1520/1/1516
f 1522/1/1517 1520/1/1516 1479/1/1473
f 1511/1/1506 1521/1/1515 1520/1/1516
f 1519/1/1514 1523/1/1518 1492/1/1486
f 1518/1/1513 1516/1/1512 1523/1/1518
f 1515/1/1509 1524/1/1519 1523/1/1518
f 1492/1/1486 1523/1/1518 1524/1/1519
f 1493/1/1487 1524/1/1519 1525/1/1520
f 1513/1/1508 1525/1/1520 1524/1/1519
f 1501/1/1496 1503/1/1498 1525/1/1520
f 1507/1/1502 1525/1/1520 1503/1/1498
f 1526/1/1521 1527/1/1524 1528/1/1522
f 1439/1/1434 1441/1/1435 1527/1/1524
f 1530/1/1525 1527/1/1524 1441/1/1435
f 1531/1/1526 1528/1/1522 1527/1/1524
f 1532/1/1527 1533/1/1530 1534/1/1528
f 1499/1/1493 1534/1/1528 1533/1/1530
f 1526/1/1521 1534/1/1528 1499/1/1493
f 1535/1/1529 1534/1/1528 1526/1/1521
f 1536/1/1531 1537/1/1533 1533/1/1530
f 1536/1/1531 1538/1/1534 1539/1/1532
f 1504/1/1499 1537/1/1533 1539/1/1532
f 1496/1/1491 1533/1/1530 1537/1/1533
f 1538/1/1534 1540/1/1537 1541/1/1535
f 1542/1/1536 1541/1/1535 1540/1/1537
f 1465/1/1460 1488/1/1482 1541/1/1535
f 1539/1/1532 1541/1/1535 1488/1/1482
f 1543/1/1538 1544/1/1541 1545/1/1539
f 1546/1/1540 1545/1/1539 1544/1/1541
f 1452/1/1447 1466/1/1461 1545/1/1539
f 1542/1/1536 1545/1/1539 1466/1/1461
f 1547/1/1542 1548/1/1545 1549/1/1543
f 1550/1/1544 1549/1/1543 1548/1/1545
f 1454/1/1449 1453/1/1448 1549/1/1543
f 1546/1/1540 1549/1/1543 1453/1/1448
f 1552/1/1547 1553/1/1551 1554/1/1548
f 1552/1/1547 1556/1/1555 1557/1/1550
f 1557/1/1550 1558/1/1561 1559/1/1552
f 1560/1/1553 1554/1/1548 1553/1/1551
f 1562/1/1556 1561/1/1554 1563/1/1557
f 1565/1/1559 1566/1/1560 1561/1/1554
f 1557/1/1550 1561/1/1554 1566/1/1560
f 1564/1/1558 1567/1/1564 1568/1/1562
f 1569/1/1563 1568/1/1562 1567/1/1564
f 1571/1/1566 1572/1/1567 1568/1/1562
f 1562/1/1556 1568/1/1562 1572/1/1567
f 1570/1/1565 1573/1/1570 1574/1/1568
f 1575/1/1569 1574/1/1568 1573/1/1570
f 1577/1/1572 1578/1/1573 1574/1/1568
f 1569/1/1563 1574/1/1568 1578/1/1573
f 1579/1/1574 1580/1/1578 1581/1/1575
f 1583/1/1577 1581/1/1575 1580/1/1578
f 1576/1/1571 1573/1/1570 1581/1/1575
f 1582/1/1576 1581/1/1575 1573/1/1570
f 1576/1/1571 1585/1/1582 1586/1/1580
f 1587/1/1581 1586/1/1580 1585/1/1582
f 1589/1/1584 1586/1/1580 1587/1/1581
f 1575/1/1569 1586/1/1580 1589/1/1584
f 1591/1/1586 1592/1/1590 1593/1/1587
f 1595/1/1589 1593/1/1587 1592/1/1590
f 1590/1/1585 1587/1/1581 1593/1/1587
f 1594/1/1588 1593/1/1587 1587/1/1581
f 1597/1/1592 1598/1/1596 1599/1/1593
f 1601/1/1595 1599/1/1593 1598/1/1596
f 1596/1/1591 1592/1/1590 1599/1/1593
f 1600/1/1594 1599/1/1593 1592/1/1590
f 1603/1/1598 1604/1/1601 1605/1/1599
f 1582/1/1576 1605/1/1599 1604/1/1601
f 1570/1/1565 1567/1/1564 1605/1/1599
f 1606/1/1600 1605/1/1599 1567/1/1564
f 1584/1/1579 1607/1/1603 1608/1/1602
f 1588/1/1583 1585/1/1582 1608/1/1602
f 1583/1/1577 1608/1/1602 1585/1/1582
f 1611/1/1606 1612/1/1609 1613/1/1607
f 1606/1/1600 1613/1/1607 1612/1/1609
f 1564/1/1558 1563/1/1557 1613/1/1607
f 1614/1/1608 1613/1/1607 1563/1/1557
f 1604/1/1601 1615/1/1611 1580/1/1578
f 1616/1/1610 1615/1/1611 1604/1/1601
f 1609/1/1604 1607/1/1603 1615/1/1611
f 1584/1/1579 1580/1/1578 1615/1/1611
f 1603/1/1598 1612/1/1609 1617/1/1612
f 1618/1/1613 1617/1/1612 1612/1/1609
f 1619/1/1614 1620/1/1615 1617/1/1612
f 1616/1/1610 1617/1/1612 1620/1/1615
f 1619/1/1614 1621/1/1617 1622/1/1616
f 1594/1/1588 1622/1/1616 1621/1/1617
f 1588/1/1583 1610/1/1605 1622/1/1616
f 1623/1/1618 1624/1/1621 1625/1/1619
f 1555/1/1549 1627/1/1623 1624/1/1621
f 1628/1/1622 1625/1/1619 1624/1/1621
f 1626/1/1620 1629/1/1625 1630/1/1624
f 1614/1/1608 1630/1/1624 1629/1/1625
f 1556/1/1555 1552/1/1547 1630/1/1624
f 1623/1/1618 1630/1/1624 1552/1/1547
f 1631/1/1626 1632/1/1629 1633/1/1627
f 1627/1/1623 1633/1/1627 1632/1/1629
f 1555/1/1549 1554/1/1548 1633/1/1627
f 1634/1/1628 1633/1/1627 1554/1/1548
f 1635/1/1630 1636/1/1634 1637/1/1631
f 1639/1/1633 1637/1/1631 1636/1/1634
f 1602/1/1597 1598/1/1596 1637/1/1631
f 1638/1/1632 1637/1/1631 1598/1/1596
f 1638/1/1632 1641/1/1637 1642/1/1636
f 1597/1/1592 1643/1/1639 1641/1/1637
f 1644/1/1638 1642/1/1636 1641/1/1637
f 1640/1/1635 1636/1/1634 1645/1/1640
f 1647/1/1642 1645/1/1640 1636/1/1634
f 1628/1/1622 1632/1/1629 1645/1/1640
f 1646/1/1641 1645/1/1640 1632/1/1629
f 1635/1/1630 1642/1/1636 1648/1/1643
f 1649/1/1644 1648/1/1643 1642/1/1636
f 1626/1/1620 1625/1/1619 1648/1/1643
f 1647/1/1642 1648/1/1643 1625/1/1619
f 1644/1/1638 1643/1/1639 1650/1/1645
f 1600/1/1594 1650/1/1645 1643/1/1639
f 1591/1/1586 1621/1/1617 1650/1/1645
f 1651/1/1646 1650/1/1645 1621/1/1617
f 1611/1/1606 1629/1/1625 1652/1/1647
f 1649/1/1644 1652/1/1647 1629/1/1625
f 1644/1/1638 1651/1/1646 1652/1/1647
f 1618/1/1613 1652/1/1647 1651/1/1646
f 1653/1/1648 1654/1/1652 1655/1/1649
f 1657/1/1651 1655/1/1649 1654/1/1652
f 1551/1/1546 1548/1/1545 1655/1/1649
f 1551/1/1546 1659/1/1656 1660/1/1654
f 1661/1/1655 1660/1/1654 1659/1/1656
f 1663/1/1658 1664/1/1659 1660/1/1654
f 1550/1/1544 1660/1/1654 1664/1/1659
f 1665/1/1660 1666/1/1663 1664/1/1659
f 1667/1/1661 1666/1/1663 1665/1/1660
f 1449/1/1443 1666/1/1663 1667/1/1661
f 1454/1/1449 1664/1/1659 1666/1/1663
f 1669/1/1664 1670/1/1666 1667/1/1661
f 1671/1/1665 1672/1/1667 1670/1/1666
f 1458/1/1452 1670/1/1666 1672/1/1667
f 1446/1/1441 1667/1/1661 1670/1/1666
f 1673/1/1668 1674/1/1672 1675/1/1669
f 1677/1/1671 1678/1/1673 1675/1/1669
f 1676/1/1670 1675/1/1669 1680/1/1675
f 1682/1/1677 1683/1/1681 1684/1/1678
f 1686/1/1680 1684/1/1678 1683/1/1681
f 1671/1/1665 1669/1/1664 1684/1/1678
f 1685/1/1679 1684/1/1678 1669/1/1664
f 1688/1/1683 1689/1/1687 1690/1/1684
f 1692/1/1686 1690/1/1684 1689/1/1687
f 1687/1/1682 1683/1/1681 1690/1/1684
f 1691/1/1685 1690/1/1684 1683/1/1681
f 1694/1/1689 1695/1/1693 1696/1/1690
f 1698/1/1692 1696/1/1690 1695/1/1693
f 1693/1/1688 1689/1/1687 1696/1/1690
f 1697/1/1691 1696/1/1690 1689/1/1687
f 1700/1/1695 1701/1/1699 1702/1/1696
f 1704/1/1698 1705/1/1700 1701/1/1699
f 1699/1/1694 1695/1/1693 1701/1/1699
f 1702/1/1696 1701/1/1699 1695/1/1693
f 1703/1/1697 1706/1/1702 1707/1/1701
f 1710/1/1705 1711/1/1706 1707/1/1701
f 1700/1/1695 1707/1/1701 1711/1/1706
f 1709/1/1704 1712/1/1707 1714/1/1709
f 1663/1/1658 1715/1/1712 1716/1/1710
f 1717/1/1711 1716/1/1710 1715/1/1712
f 1719/1/1714 1720/1/1715 1716/1/1710
f 1665/1/1660 1716/1/1710 1720/1/1715
f 1719/1/1714 1721/1/1717 1722/1/1716
f 1682/1/1677 1685/1/1679 1722/1/1716
f 1720/1/1715 1722/1/1716 1685/1/1679
f 1662/1/1657 1725/1/1722 1726/1/1720
f 1727/1/1721 1726/1/1720 1725/1/1722
f 1661/1/1655 1726/1/1720 1715/1/1712
f 1729/1/1724 1730/1/1728 1731/1/1725
f 1733/1/1727 1731/1/1725 1730/1/1728
f 1728/1/1723 1725/1/1722 1731/1/1725
f 1732/1/1726 1731/1/1725 1725/1/1722
f 1735/1/1730 1736/1/1734 1737/1/1731
f 1739/1/1733 1737/1/1731 1736/1/1734
f 1734/1/1729 1730/1/1728 1737/1/1731
f 1738/1/1732 1737/1/1731 1730/1/1728
f 1694/1/1689 1741/1/1738 1742/1/1736
f 1743/1/1737 1744/1/1739 1742/1/1736
f 1744/1/1739 1745/1/1742 1746/1/1740
f 1746/1/1740 1703/1/1697 1702/1/1696
f 1747/1/1741 1748/1/1745 1746/1/1740
f 1752/1/1747 1753/1/1750 1754/1/1748
f 1679/1/1674 1713/1/1708 1751/1/1746
f 1755/1/1749 1756/1/1752 1754/1/1748
f 1757/1/1751 1758/1/1753 1756/1/1752
f 1681/1/1676 1680/1/1675 1756/1/1752
f 1757/1/1751 1759/1/1756 1760/1/1754
f 1761/1/1755 1762/1/1758 1760/1/1754
f 1763/1/1757 1764/1/1759 1760/1/1754
f 1758/1/1753 1760/1/1754 1764/1/1759
f 1765/1/1760 1766/1/1764 1767/1/1761
f 1769/1/1763 1767/1/1761 1766/1/1764
f 1768/1/1762 1767/1/1761 1772/1/1767
f 1774/1/1769 1775/1/1773 1776/1/1770
f 1778/1/1772 1776/1/1770 1775/1/1773
f 1780/1/1775 1781/1/1776 1776/1/1770
f 1777/1/1771 1776/1/1770 1781/1/1776
f 1783/1/1778 1784/1/1782 1785/1/1779
f 1787/1/1781 1785/1/1779 1784/1/1782
f 1789/1/1784 1790/1/1785 1785/1/1779
f 1786/1/1780 1785/1/1779 1790/1/1785
f 1791/1/1786 1794/1/1789 1792/1/1787
f 1778/1/1772 1792/1/1787 1794/1/1789
f 1795/1/1790 1796/1/1794 1797/1/1791
f 1799/1/1793 1797/1/1791 1796/1/1794
f 1801/1/1796 1797/1/1791 1799/1/1793
f 1803/1/1798 1798/1/1792 1797/1/1791
f 1800/1/1795 1796/1/1794 1804/1/1799
f 1806/1/1801 1804/1/1799 1796/1/1794
f 1779/1/1774 1775/1/1773 1804/1/1799
f 1805/1/1800 1804/1/1799 1775/1/1773
f 1788/1/1783 1807/1/1804 1808/1/1802
f 1809/1/1803 1808/1/1802 1807/1/1804
f 1811/1/1806 1812/1/1807 1808/1/1802
f 1787/1/1781 1808/1/1802 1812/1/1807
f 1811/1/1806 1809/1/1803 1813/1/1808
f 1814/1/1809 1813/1/1808 1817/1/1812
f 1819/1/1814 1820/1/1818 1821/1/1815
f 1823/1/1817 1824/1/1819 1820/1/1818
f 1771/1/1766 1821/1/1815 1820/1/1818
f 1822/1/1816 1825/1/1821 1826/1/1820
f 1802/1/1797 1827/1/1822 1826/1/1820
f 1819/1/1814 1826/1/1820 1827/1/1822
f 1828/1/1823 1829/1/1826 1830/1/1824
f 1810/1/1805 1807/1/1804 1830/1/1824
f 1831/1/1825 1830/1/1824 1784/1/1782
f 1829/1/1826 1832/1/6187 1815/1/1810
f 1833/1/1827 1832/1/6187 1829/1/1826
f 1834/1/1828 1832/1/6187 1833/1/1827
f 1815/1/1810 1832/1/6187 1834/1/1828
f 1816/1/1811 1834/1/1828 1835/1/1829
f 1770/1/1765 1766/1/1764 1835/1/1829
f 1765/1/1760 1836/1/1830 1835/1/1829
f 1817/1/1812 1835/1/1829 1836/1/1830
f 1795/1/1790 1839/1/1834 1840/1/1833
f 1831/1/1825 1840/1/1833 1839/1/1834
f 1783/1/1778 1793/1/1788 1840/1/1833
f 1806/1/1801 1840/1/1833 1793/1/1788
f 1828/1/1823 1839/1/1834 1841/1/1835
f 1798/1/1792 1841/1/1835 1839/1/1834
f 1789/1/1784 1812/1/1807 1842/1/1836
f 1844/1/1838 1842/1/1836 1812/1/1807
f 1845/1/1839 1846/1/1840 1842/1/1836
f 1843/1/1837 1842/1/1836 1846/1/1840
f 1811/1/1806 1814/1/1809 1848/1/1842
f 1849/1/1843 1848/1/1842 1814/1/1809
f 1850/1/1844 1851/1/1845 1848/1/1842
f 1844/1/1838 1848/1/1842 1851/1/1845
f 1852/1/1846 1853/1/1849 1854/1/1847
f 1849/1/1843 1854/1/1847 1853/1/1849
f 1818/1/1813 1836/1/1830 1854/1/1847
f 1855/1/1848 1854/1/1847 1836/1/1830
f 1857/1/1851 1856/1/1850 1858/1/1852
f 1791/1/1786 1790/1/1785 1856/1/1850
f 1843/1/1837 1856/1/1850 1790/1/1785
f 1859/1/1853 1860/1/1856 1861/1/1854
f 1862/1/1855 1863/1/1857 1861/1/1854
f 1780/1/1775 1794/1/1789 1861/1/1854
f 1857/1/1851 1861/1/1854 1794/1/1789
f 1864/1/1858 1865/1/1861 1866/1/1859
f 1741/1/1738 1866/1/1859 1865/1/1861
f 1741/1/1738 1694/1/1689 1697/1/1691
f 1697/1/1691 1688/1/1683 1867/1/1860
f 1868/1/1862 1869/1/1865 1870/1/1863
f 1782/1/1777 1781/1/1776 1870/1/1863
f 1781/1/1776 1780/1/1775 1863/1/1857
f 1871/1/1864 1870/1/1863 1863/1/1857
f 1682/1/1677 1724/1/1719 1872/1/1866
f 1723/1/1718 1873/1/1867 1872/1/1866
f 1867/1/1860 1872/1/1866 1873/1/1867
f 1691/1/1685 1872/1/1866 1867/1/1860
f 1765/1/1760 1768/1/1762 1874/1/1868
f 1875/1/1869 1874/1/1868 1768/1/1762
f 1876/1/1870 1877/1/1871 1874/1/1868
f 1855/1/1848 1874/1/1868 1877/1/1871
f 1773/1/1768 1824/1/1819 1878/1/1872
f 1879/1/1873 1878/1/1872 1824/1/1819
f 1880/1/1874 1881/1/1875 1878/1/1872
f 1875/1/1869 1878/1/1872 1881/1/1875
f 1823/1/1817 1827/1/1822 1882/1/1876
f 1883/1/1877 1882/1/1876 1827/1/1822
f 1879/1/1873 1882/1/1876 1885/1/1879
f 1802/1/1797 1799/1/1793 1886/1/1880
f 1887/1/1881 1886/1/1880 1799/1/1793
f 1888/1/1882 1889/1/1883 1886/1/1880
f 1774/1/1769 1890/1/1886 1891/1/1884
f 1892/1/1885 1891/1/1884 1890/1/1886
f 1892/1/1885 1888/1/1882 1887/1/1881
f 1805/1/1800 1891/1/1884 1887/1/1881
f 1895/1/1889 1896/1/1890 1762/1/1758
f 1898/1/1892 1899/1/1901 1894/1/1888
f 1782/1/1777 1900/1/1895 1901/1/1893
f 1902/1/1894 1901/1/1893 1900/1/1895
f 1893/1/1887 1890/1/1886 1901/1/1893
f 1777/1/1771 1901/1/1893 1890/1/1886
f 1903/1/1896 1900/1/1895 1904/1/1897
f 1869/1/1865 1904/1/1897 1900/1/1895
f 1868/1/1862 1906/1/1899 1904/1/1897
f 1905/1/1898 1904/1/1897 1906/1/1899
f 1899/1/1901 1898/1/1892 1908/1/1902
f 1910/1/1904 1908/1/1902 1898/1/1892
f 1740/1/1735 1736/1/1734 1908/1/1902
f 1909/1/1903 1908/1/1902 1736/1/1734
f 1911/1/1905 1912/1/1908 1913/1/1906
f 1905/1/1898 1913/1/1906 1912/1/1908
f 1907/1/1900 1915/1/1909 1913/1/1906
f 1914/1/1907 1913/1/1906 1915/1/1909
f 1728/1/1723 1917/1/1913 1918/1/1911
f 1919/1/1912 1918/1/1911 1917/1/1913
f 1727/1/1721 1918/1/1911 1922/1/1916
f 1718/1/1713 1922/1/1916 1923/1/1917
f 1924/1/1918 1923/1/1917 1922/1/1916
f 1925/1/1919 1926/1/1920 1923/1/1917
f 1717/1/1711 1923/1/1917 1926/1/1920
f 1921/1/1915 1927/1/1922 1928/1/1921
f 1846/1/1840 1928/1/1921 1927/1/1922
f 1845/1/1839 1929/1/1923 1928/1/1921
f 1924/1/1918 1928/1/1921 1929/1/1923
f 1847/1/1841 1927/1/1922 1930/1/1924
f 1919/1/1912 1930/1/1924 1927/1/1922
f 1920/1/1914 1931/1/1925 1930/1/1924
f 1858/1/1852 1930/1/1924 1931/1/1925
f 1925/1/1919 1932/1/1927 1933/1/1926
f 1723/1/1718 1721/1/1717 1933/1/1926
f 1926/1/1920 1933/1/1926 1721/1/1717
f 1934/1/1928 1932/1/1927 1936/1/1930
f 1929/1/1923 1936/1/1930 1932/1/1927
f 1845/1/1839 1851/1/1845 1936/1/1930
f 1934/1/1928 1938/1/1934 1939/1/1932
f 1940/1/1933 1939/1/1932 1938/1/1934
f 1864/1/1858 1873/1/1867 1939/1/1932
f 1935/1/1929 1939/1/1932 1873/1/1867
f 1941/1/1935 1938/1/1934 1942/1/1936
f 1937/1/1931 1942/1/1936 1938/1/1934
f 1850/1/1844 1853/1/1849 1942/1/1936
f 1943/1/1937 1942/1/1936 1853/1/1849
f 1734/1/1729 1944/1/1940 1945/1/1938
f 1946/1/1939 1945/1/1938 1944/1/1940
f 1920/1/1914 1917/1/1913 1945/1/1938
f 1733/1/1727 1945/1/1938 1917/1/1913
f 1859/1/1853 1931/1/1925 1948/1/1942
f 1946/1/1939 1948/1/1942 1931/1/1925
f 1947/1/1941 1949/1/1943 1948/1/1942
f 1860/1/1856 1948/1/1942 1949/1/1943
f 1740/1/1735 1950/1/1946 1951/1/1944
f 1952/1/1945 1951/1/1944 1950/1/1946
f 1947/1/1941 1944/1/1940 1951/1/1944
f 1739/1/1733 1951/1/1944 1944/1/1940
f 1862/1/1855 1949/1/1943 1954/1/1948
f 1952/1/1945 1954/1/1948 1949/1/1943
f 1953/1/1947 1955/1/1949 1954/1/1948
f 1871/1/1864 1954/1/1948 1955/1/1949
f 1897/1/1891 1956/1/1952 1957/1/1950
f 1958/1/1951 1957/1/1950 1956/1/1952
f 1953/1/1947 1950/1/1946 1957/1/1950
f 1910/1/1904 1957/1/1950 1950/1/1946
f 1868/1/1862 1955/1/1949 1959/1/1953
f 1958/1/1951 1959/1/1953 1955/1/1949
f 1916/1/1910 1915/1/1909 1959/1/1953
f 1906/1/1899 1959/1/1953 1915/1/1909
f 1960/1/1954 1961/1/1957 1962/1/1955
f 1943/1/1937 1962/1/1955 1961/1/1957
f 1852/1/1846 1877/1/1871 1962/1/1955
f 1963/1/1956 1962/1/1955 1877/1/1871
f 1940/1/1933 1964/1/1958 1865/1/1861
f 1941/1/1935 1961/1/1957 1964/1/1958
f 1960/1/1954 1966/1/1961 1967/1/1960
f 1968/1/1962 1966/1/1961 1970/1/1964
f 1969/1/1963 1972/1/1966 1747/1/1741
f 1968/1/1962 1973/1/1968 1972/1/1966
f 1974/1/1967 1975/1/1969 1972/1/1966
f 1973/1/1968 1976/1/1971 1977/1/1970
f 1971/1/1965 1976/1/1971 1973/1/1968
f 1880/1/1874 1885/1/1879 1976/1/1971
f 1977/1/1970 1976/1/1971 1885/1/1879
f 1980/1/1974 1981/1/1975 1978/1/1972
f 1752/1/1747 1978/1/1972 1981/1/1975
f 1974/1/1967 1977/1/1970 1982/1/1976
f 1888/1/1882 1983/1/1977 1982/1/1976
f 1979/1/1973 1982/1/1976 1983/1/1977
f 1753/1/1750 1981/1/1975 1984/1/1978
f 1985/1/1979 1984/1/1978 1981/1/1975
f 1986/1/1980 1987/1/1981 1984/1/1978
f 1755/1/1749 1984/1/1978 1987/1/1981
f 1980/1/1974 1983/1/1977 1988/1/1982
f 1892/1/1885 1988/1/1982 1983/1/1977
f 1893/1/1887 1989/1/1983 1988/1/1982
f 1985/1/1979 1988/1/1982 1989/1/1983
f 1987/1/1981 1990/1/1985 1759/1/1756
f 1991/1/1984 1990/1/1985 1987/1/1981
f 1911/1/1905 1992/1/1986 1990/1/1985
f 1759/1/1756 1990/1/1985 1992/1/1986
f 1986/1/1980 1989/1/1983 1993/1/1987
f 1902/1/1894 1993/1/1987 1989/1/1983
f 1903/1/1896 1912/1/1908 1993/1/1987
f 1991/1/1984 1993/1/1987 1912/1/1908
f 1761/1/1755 1992/1/1986 1994/1/1988
f 1916/1/1910 1956/1/1952 1994/1/1988
f 1895/1/1889 1994/1/1988 1956/1/1952
f 1995/1/1989 1996/1/1992 1997/1/1990
f 1676/1/1670 1997/1/1990 1996/1/1992
f 1681/1/1676 1764/1/1759 1997/1/1990
f 1998/1/1991 1997/1/1990 1764/1/1759
f 1999/1/1993 2000/1/1996 2001/1/1994
f 1996/1/1992 2001/1/1994 2000/1/1996
f 1995/1/1989 2002/1/1995 2001/1/1994
f 2003/1/1997 2004/1/2000 2005/1/1998
f 1998/1/1991 2005/1/1998 2004/1/2000
f 1763/1/1757 1894/1/1888 2005/1/1998
f 2006/1/1999 2005/1/1998 1894/1/1888
f 1995/1/1989 2004/1/2000 2007/1/2001
f 2008/1/2002 2007/1/2001 2004/1/2000
f 2009/1/2003 2010/1/2004 2007/1/2001
f 2002/1/1995 2007/1/2001 2010/1/2004
f 2011/1/2005 2012/1/2008 2013/1/2006
f 2006/1/1999 2012/1/2008 2011/1/2005
f 1899/1/1901 1909/1/1903 2012/1/2008
f 1735/1/1730 2013/1/2006 2012/1/2008
f 1658/1/1653 2015/1/2010 2016/1/2009
f 1732/1/1726 2016/1/2009 2015/1/2010
f 1662/1/1657 1659/1/1656 2016/1/2009
f 1657/1/1651 2016/1/2009 1659/1/1656
f 1729/1/1724 2015/1/2010 2017/1/2011
f 2014/1/2007 2013/1/2006 2017/1/2011
f 1738/1/1732 2017/1/2011 2013/1/2006
f 2003/1/1997 2011/1/2005 2019/1/2013
f 2020/1/2014 2019/1/2013 2011/1/2005
f 2021/1/2015 2022/1/2016 2019/1/2013
f 2008/1/2002 2019/1/2013 2022/1/2016
f 2023/1/2017 2024/1/2020 2025/1/2018
f 2020/1/2014 2025/1/2018 2024/1/2020
f 2014/1/2007 2018/1/2012 2025/1/2018
f 2034/1/2028 2033/1/2027 2035/1/2029
f 2023/1/2017 2026/1/2019 2033/1/2027
f 2037/1/2031 2038/1/2034 2039/1/2032
f 2042/1/2036 2039/1/2032 2038/1/2034
f 2040/1/2033 2043/1/2039 2044/1/2037
f 2045/1/2038 2044/1/2037 2043/1/2039
f 2036/1/2030 2035/1/2029 2044/1/2037
f 2037/1/2031 2044/1/2037 2035/1/2029
f 2039/1/2032 2047/1/2041 2050/1/2044
f 2048/1/2042 2047/1/2041 2051/1/2045
f 1531/1/1526 1530/1/1525 2053/1/2047
f 2055/1/2049 2053/1/2047 1530/1/1525
f 2049/1/2043 2048/1/2042 2053/1/2047
f 2054/1/2048 2053/1/2047 2048/1/2042
f 2050/1/2044 2056/1/2050 2043/1/2039
f 2049/1/2043 2057/1/2052 2056/1/2050
f 2058/1/2051 2056/1/2050 2057/1/2052
f 2046/1/2040 2043/1/2039 2056/1/2050
f 880/1/876 2060/1/2057 2061/1/2054
f 2063/1/2056 2061/1/2054 2060/1/2057
f 2065/1/2059 2066/1/2060 2061/1/2054
f 2062/1/2055 2061/1/2054 2066/1/2060
f 2067/1/2061 2068/1/2064 2069/1/2062
f 2059/1/2053 2057/1/2052 2068/1/2064
f 2055/1/2049 2068/1/2064 2057/1/2052
f 2071/1/2065 2072/1/2068 2073/1/2066
f 2074/1/2067 2073/1/2066 1528/1/1522
f 2078/1/2072 2077/1/2071 2076/1/2070
f 2079/1/2073 2080/1/2074 2077/1/2071
f 1535/1/1529 2077/1/2071 2080/1/2074
f 2081/1/2075 2082/1/2078 2080/1/2074
f 2083/1/2076 2082/1/2078 2081/1/2075
f 1538/1/1534 1536/1/1531 2082/1/2078
f 1532/1/1527 2080/1/2074 2082/1/2078
f 2084/1/2077 2085/1/2081 2086/1/2079
f 2087/1/2080 2086/1/2079 2085/1/2081
f 1543/1/1538 1540/1/1537 2086/1/2079
f 2083/1/2076 2086/1/2079 1540/1/1537
f 2087/1/2080 2089/1/2083 1544/1/1541
f 2088/1/2082 2090/1/2085 2089/1/2083
f 2091/1/2084 2089/1/2083 2090/1/2085
f 2091/1/2084 1547/1/1542 1544/1/1541
f 2052/1/2046 2093/1/2089 2094/1/2087
f 2095/1/2088 2096/1/2090 2094/1/2087
f 2074/1/2067 2094/1/2087 2096/1/2090
f 2097/1/2091 2098/1/2094 2099/1/2092
f 2093/1/2089 2099/1/2092 2098/1/2094
f 2052/1/2046 2051/1/2045 2099/1/2092
f 2100/1/2093 2099/1/2092 2051/1/2045
f 2101/1/2095 2102/1/2098 2103/1/2096
f 2097/1/2091 2100/1/2093 2102/1/2098
f 2041/1/2035 2102/1/2098 2100/1/2093
f 2029/1/2023 2103/1/2096 2102/1/2098
f 2092/1/2086 2105/1/2101 2106/1/2099
f 2107/1/2100 2106/1/2099 2105/1/2101
f 1547/1/1542 2091/1/2084 2106/1/2099
f 1653/1/1648 2107/1/2100 2109/1/2103
f 2110/1/2104 2109/1/2103 2107/1/2100
f 2104/1/2097 2103/1/2096 2109/1/2103
f 2028/1/2022 2109/1/2103 2103/1/2096
f 1590/1/1585 2111/1/2107 2112/1/2105
f 2113/1/2106 2112/1/2105 2111/1/2107
f 2115/1/2109 2116/1/2110 2112/1/2105
f 1589/1/1584 2112/1/2105 2116/1/2110
f 1631/1/1626 2117/1/2113 2118/1/2111
f 2119/1/2112 2118/1/2111 2117/1/2113
f 2121/1/2115 2122/1/2116 2118/1/2111
f 1646/1/1641 2118/1/2111 2122/1/2116
f 1640/1/1635 2122/1/2116 2123/1/2117
f 2124/1/2118 2123/1/2117 2122/1/2116
f 2125/1/2119 2126/1/2120 2123/1/2117
f 1639/1/1633 2123/1/2117 2126/1/2120
f 2121/1/2115 2127/1/2122 2128/1/2121
f 2096/1/2090 2128/1/2121 2127/1/2122
f 2129/1/2123 2128/1/2121 2096/1/2090
f 2125/1/2119 2124/1/2118 2128/1/2121
f 2071/1/2065 2127/1/2122 2130/1/2124
f 2119/1/2112 2130/1/2124 2127/1/2122
f 2120/1/2114 2131/1/2125 2130/1/2124
f 2072/1/2068 2130/1/2124 2131/1/2125
f 1560/1/1553 2132/1/2128 2133/1/2126
f 2134/1/2127 2133/1/2126 2132/1/2128
f 2120/1/2114 2117/1/2113 2133/1/2126
f 1634/1/1628 2133/1/2126 2117/1/2113
f 2075/1/2069 2131/1/2125 2136/1/2130
f 2134/1/2127 2136/1/2130 2131/1/2125
f 2078/1/2072 2136/1/2130 2137/1/2131
f 2138/1/2132 2139/1/2135 2140/1/2133
f 1559/1/1552 2140/1/2133 2132/1/2128
f 2141/1/2134 2140/1/2133 1559/1/1552
f 2084/1/2077 2081/1/2075 2142/1/2136
f 2079/1/2073 2137/1/2131 2142/1/2136
f 2139/1/2135 2142/1/2136 2137/1/2131
f 2143/1/2137 2142/1/2136 2139/1/2135
f 2144/1/2138 2145/1/2141 2146/1/2139
f 2141/1/2134 2146/1/2139 2145/1/2141
f 1558/1/1561 1566/1/1560 2146/1/2139
f 2147/1/2140 2146/1/2139 1566/1/1560
f 2088/1/2082 2085/1/2081 2148/1/2142
f 2143/1/2137 2148/1/2142 2085/1/2081
f 2138/1/2132 2145/1/2141 2148/1/2142
f 2149/1/2143 2148/1/2142 2145/1/2141
f 2150/1/2144 2151/1/2147 2152/1/2145
f 2147/1/2140 2152/1/2145 2151/1/2147
f 1565/1/1559 1572/1/1567 2152/1/2145
f 2153/1/2146 2152/1/2145 1572/1/1567
f 2092/1/2086 2090/1/2085 2154/1/2148
f 2149/1/2143 2154/1/2148 2090/1/2085
f 2144/1/2138 2151/1/2147 2154/1/2148
f 2155/1/2149 2154/1/2148 2151/1/2147
f 2115/1/2109 2156/1/2151 2157/1/2150
f 2153/1/2146 2157/1/2150 2156/1/2151
f 1571/1/1566 1578/1/1573 2157/1/2150
f 2116/1/2110 2157/1/2150 1578/1/1573
f 2108/1/2102 2105/1/2101 2158/1/2152
f 2155/1/2149 2158/1/2152 2105/1/2101
f 2150/1/2144 2156/1/2151 2158/1/2152
f 2159/1/2153 2158/1/2152 2156/1/2151
f 2125/1/2119 2160/1/2156 2161/1/2154
f 2162/1/2155 2161/1/2154 2160/1/2156
f 1601/1/1595 2161/1/2154 2162/1/2155
f 1602/1/1597 2126/1/2120 2161/1/2154
f 2163/1/2157 2160/1/2156 2164/1/2158
f 2129/1/2123 2164/1/2158 2160/1/2156
f 2095/1/2088 2098/1/2094 2164/1/2158
f 2165/1/2159 2164/1/2158 2098/1/2094
f 1596/1/1591 2162/1/2155 2166/1/2160
f 2163/1/2157 2167/1/2161 2166/1/2160
f 2114/1/2108 2111/1/2107 2166/1/2160
f 1595/1/1589 2166/1/2160 2111/1/2107
f 2165/1/2159 2168/1/2162 2167/1/2161
f 2097/1/2091 2101/1/2095 2168/1/2162
f 2104/1/2097 2169/1/2163 2168/1/2162
f 2167/1/2161 2168/1/2162 2169/1/2163
f 2114/1/2108 2169/1/2163 2170/1/2164
f 2110/1/2104 2170/1/2164 2169/1/2163
f 2108/1/2102 2159/1/2153 2170/1/2164
f 2113/1/2106 2170/1/2164 2159/1/2153
f 2171/1/2165 2172/1/2169 2173/1/2166
f 2175/1/2168 2176/1/2171 2172/1/2169
f 2177/1/2170 2178/1/2172 2172/1/2169
f 2173/1/2166 2172/1/2169 2178/1/2172
f 2179/1/2173 2182/1/2177 2180/1/2174
f 2183/1/2176 2184/1/2178 2180/1/2174
f 2185/1/2179 2184/1/2178 2186/1/2180
f 2188/1/2182 2186/1/2180 2184/1/2178
f 2189/1/2183 2190/1/2184 2186/1/2180
f 2187/1/2181 2186/1/2180 2190/1/2184
f 2192/1/2186 2193/1/2190 2194/1/2187
f 2196/1/2189 2194/1/2187 2193/1/2190
f 1239/1/1232 1312/1/1307 2194/1/2187
f 2195/1/2188 2194/1/2187 1312/1/1307
f 2189/1/2183 2198/1/2195 2199/1/2192
f 2201/1/2194 2202/1/2196 2199/1/2192
f 2193/1/2190 2199/1/2192 2202/1/2196
f 2200/1/2193 2199/1/2192 2193/1/2190
f 2203/1/2197 2204/1/2199 2196/1/2189
f 2205/1/2198 2206/1/2200 2204/1/2199
f 1240/1/1234 2204/1/2199 2206/1/2200
f 2207/1/2201 2208/1/2204 2209/1/2202
f 2203/1/2197 2209/1/2202 2208/1/2204
f 2197/1/2191 2202/1/2196 2209/1/2202
f 2210/1/2203 2209/1/2202 2202/1/2196
f 2183/1/2176 2211/1/2206 2212/1/2205
f 2201/1/2194 2198/1/2195 2212/1/2205
f 2188/1/2182 2212/1/2205 2198/1/2195
f 2213/1/2207 2215/1/2211 2216/1/2209
f 2217/1/2210 2218/1/2212 2216/1/2209
f 2210/1/2203 2216/1/2209 2218/1/2212
f 2214/1/2208 2216/1/2209 2210/1/2203
f 2207/1/2201 2218/1/2212 2219/1/2213
f 2220/1/2214 2219/1/2213 2218/1/2212
f 2221/1/2215 2222/1/2216 2219/1/2213
f 2208/1/2204 2219/1/2213 2222/1/2216
f 2223/1/2217 2224/1/2220 2225/1/2218
f 2211/1/2206 2225/1/2218 2224/1/2220
f 2183/1/2176 2182/1/2177 2225/1/2218
f 2226/1/2219 2225/1/2218 2182/1/2177
f 2215/1/2211 2227/1/2221 2230/1/2224
f 2215/1/2211 2213/1/2207 2224/1/2220
f 2228/1/2222 2227/1/2221 2224/1/2220
f 2179/1/2173 2178/1/2172 2231/1/2225
f 2232/1/2226 2231/1/2225 2178/1/2172
f 2233/1/2227 2234/1/2228 2231/1/2225
f 2226/1/2219 2231/1/2225 2234/1/2228
f 2235/1/2229 2236/1/2232 2237/1/2230
f 2228/1/2222 2237/1/2230 2236/1/2232
f 2223/1/2217 2234/1/2228 2237/1/2230
f 2238/1/2231 2237/1/2230 2234/1/2228
f 2240/1/2234 2239/1/2233 2230/1/2224
f 2241/1/2235 2242/1/2236 2239/1/2233
f 2220/1/2214 2239/1/2233 2242/1/2236
f 2243/1/2237 2244/1/2240 2245/1/2238
f 2171/1/2165 2245/1/2238 2244/1/2240
f 2174/1/2167 2247/1/2241 2245/1/2238
f 2246/1/2239 2245/1/2238 2247/1/2241
f 2252/1/2246 2249/1/2243 2253/1/2247
f 2252/1/2246 2255/1/6188 2176/1/2171
f 2256/1/2249 2255/1/6188 2252/1/2246
f 2257/1/2250 2255/1/6188 2256/1/2249
f 2176/1/2171 2255/1/6188 2257/1/2250
f 2177/1/2170 2257/1/2250 2259/1/2252
f 2258/1/2251 2260/1/2254 2259/1/2252
f 2261/1/2253 2262/1/2255 2259/1/2252
f 2232/1/2226 2259/1/2252 2262/1/2255
f 2263/1/2256 2264/1/2259 2265/1/2257
f 2238/1/2231 2265/1/2257 2264/1/2259
f 2233/1/2227 2262/1/2255 2265/1/2257
f 2266/1/2258 2265/1/2257 2262/1/2255
f 2263/1/2256 2267/1/2262 2268/1/2260
f 2269/1/2261 2270/1/2264 2268/1/2260
f 2271/1/2263 2272/1/2265 2268/1/2260
f 2264/1/2259 2268/1/2260 2272/1/2265
f 2185/1/2179 2273/1/2268 2274/1/2266
f 2275/1/2267 2274/1/2266 2273/1/2268
f 2248/1/2242 2247/1/2241 2274/1/2266
f 2277/1/2270 2278/1/2273 2279/1/2271
f 2195/1/2188 2279/1/2271 2278/1/2273
f 1311/1/1306 1367/1/1362 2279/1/2271
f 2280/1/2272 2279/1/2271 1367/1/1362
f 2192/1/2186 2278/1/2273 2281/1/2274
f 2282/1/2275 2281/1/2274 2278/1/2273
f 2191/1/2185 2190/1/2184 2281/1/2274
f 2200/1/2193 2281/1/2274 2190/1/2184
f 2191/1/2185 2282/1/2275 2283/1/2276
f 2284/1/2277 2283/1/2276 2282/1/2275
f 2187/1/2181 2283/1/2276 2273/1/2268
f 2280/1/2272 2285/1/2278 2288/1/2281
f 1364/1/1359 1369/1/1363 2285/1/2278
f 2286/1/2279 2285/1/2278 1369/1/1363
f 2289/1/2282 2290/1/2286 2291/1/2283
f 2293/1/2285 2291/1/2283 2290/1/2286
f 2277/1/2270 2288/1/2281 2291/1/2283
f 2292/1/2284 2291/1/2283 2288/1/2281
f 2296/1/2289 2295/1/2288 2293/1/2285
f 2297/1/2290 2298/1/2291 2295/1/2288
f 2299/1/2292 2300/1/2295 2301/1/2293
f 2290/1/2286 2301/1/2293 2300/1/2295
f 2289/1/2282 2303/1/2296 2301/1/2293
f 2302/1/2294 2301/1/2293 2303/1/2296
f 2294/1/2287 2300/1/2295 2305/1/2298
f 2307/1/2300 2308/1/2301 2305/1/2298
f 2296/1/2289 2305/1/2298 2308/1/2301
f 2299/1/2292 2309/1/2304 2310/1/2302
f 2311/1/2303 2312/1/2305 2310/1/2302
f 2304/1/2297 2315/1/2310 2316/1/2308
f 2317/1/2309 2316/1/2308 2315/1/2310
f 2311/1/2303 2309/1/2304 2316/1/2308
f 2302/1/2294 2316/1/2308 2309/1/2304
f 2319/1/2312 2320/1/2316 2321/1/2313
f 2323/1/2315 2321/1/2313 2320/1/2316
f 2267/1/2262 2321/1/2313 2323/1/2315
f 2322/1/2314 2321/1/2313 2267/1/2262
f 2319/1/2312 2322/1/2314 2325/1/2318
f 2329/1/2322 2330/1/6189 2260/1/2254
f 2331/1/2323 2330/1/6189 2329/1/2322
f 2326/1/2319 2330/1/6189 2331/1/2323
f 2260/1/2254 2330/1/6189 2326/1/2319
f 2254/1/2248 2333/1/2327 2334/1/2325
f 2335/1/2326 2336/1/2328 2334/1/2325
f 2332/1/2324 2329/1/2322 2334/1/2325
f 2258/1/2251 2256/1/2249 2334/1/2325
f 2333/1/2327 2337/1/6178 2338/1/2329
f 2253/1/2247 2337/1/6178 2333/1/2327
f 2338/1/2329 2337/1/6178 2339/1/2330
f 2243/1/2237 2341/1/2334 2342/1/2332
f 2343/1/2333 2342/1/2332 2341/1/2334
f 2340/1/2331 2339/1/2330 2342/1/2332
f 2251/1/2245 2250/1/2244 2342/1/2332
f 2340/1/2331 2343/1/2333 2345/1/2336
f 2343/1/2333 2344/1/2335 2346/1/2337
f 2347/1/2338 2345/1/2336 2346/1/2337
f 2335/1/2326 2338/1/2329 2345/1/2336
f 2248/1/2242 2349/1/2342 2350/1/2340
f 2351/1/2341 2350/1/2340 2349/1/2342
f 2344/1/2335 2341/1/2334 2350/1/2340
f 2246/1/2239 2350/1/2340 2341/1/2334
f 2276/1/2269 2353/1/2346 2354/1/2344
f 2355/1/2345 2354/1/2344 2353/1/2346
f 2352/1/2343 2349/1/2342 2354/1/2344
f 2275/1/2267 2354/1/2344 2349/1/2342
f 2271/1/2263 2357/1/2349 2358/1/2348
f 2240/1/2234 2358/1/2348 2357/1/2349
f 2229/1/2223 2236/1/2232 2358/1/2348
f 2272/1/2265 2358/1/2348 2236/1/2232
f 2359/1/2350 2360/1/2353 2361/1/2351
f 2270/1/2264 2361/1/2351 2360/1/2353
f 2269/1/2261 2323/1/2315 2361/1/2351
f 2362/1/2352 2361/1/2351 2323/1/2315
f 2363/1/2354 2364/1/2357 2365/1/2355
f 2357/1/2349 2365/1/2355 2364/1/2357
f 2357/1/2349 2271/1/2263 2360/1/2353
f 2366/1/2356 2365/1/2355 2360/1/2353
f 2367/1/2358 2368/1/2361 2369/1/2359
f 2241/1/2235 2364/1/2357 2368/1/2361
f 2363/1/2354 2369/1/2359 2368/1/2361
f 2324/1/2317 2320/1/2316 2371/1/2362
f 2372/1/2363 2371/1/2362 2320/1/2316
f 2373/1/2364 2374/1/2365 2371/1/2362
f 2362/1/2352 2371/1/2362 2374/1/2365
f 2375/1/2366 2376/1/2369 2377/1/2367
f 2366/1/2356 2377/1/2367 2376/1/2369
f 2359/1/2350 2374/1/2365 2377/1/2367
f 2378/1/2368 2377/1/2367 2374/1/2365
f 2319/1/2312 2328/1/2321 2379/1/2370
f 2381/1/2372 2382/1/2373 2379/1/2370
f 2372/1/2363 2379/1/2370 2382/1/2373
f 2327/1/2320 2331/1/2323 2383/1/2374
f 2332/1/2324 2384/1/2376 2383/1/2374
f 2385/1/2375 2386/1/2377 2383/1/2374
f 2380/1/2371 2383/1/2374 2386/1/2377
f 2348/1/2339 2387/1/2379 2388/1/2378
f 2384/1/2376 2388/1/2378 2387/1/2379
f 2332/1/2324 2336/1/2328 2388/1/2378
f 2347/1/2338 2388/1/2378 2336/1/2328
f 2351/1/2341 2389/1/2380 2346/1/2337
f 2390/1/2381 2391/1/2383 2389/1/2380
f 2346/1/2337 2389/1/2380 2391/1/2383
f 2393/1/2384 2394/1/2386 2382/1/2373
f 2393/1/2384 2395/1/2415 2396/1/2385
f 2378/1/2368 2394/1/2386 2396/1/2385
f 2373/1/2364 2382/1/2373 2394/1/2386
f 2381/1/2372 2386/1/2377 2397/1/2387
f 2385/1/2375 2398/1/2389 2397/1/2387
f 2399/1/2388 2397/1/2387 2398/1/2389
f 2399/1/2388 2395/1/2415 2393/1/2384
f 2402/1/2392 2401/1/2391 2391/1/2383
f 2400/1/2390 2398/1/2389 2401/1/2391
f 2387/1/2379 2401/1/2391 2398/1/2389
f 2404/1/2394 2403/1/2393 2405/1/2395
f 2407/1/2397 2408/1/2398 2403/1/2393
f 2402/1/2392 2403/1/2393 2408/1/2398
f 2355/1/2345 2409/1/2399 2392/1/2382
f 2356/1/2347 2410/1/2400 2409/1/2399
f 2414/1/2404 2417/1/2409 2410/1/2400
f 2419/1/2408 2420/1/2410 2417/1/2409
f 2410/1/2400 2417/1/2409 2420/1/2410
f 2422/1/2412 2421/1/2411 2408/1/2398
f 2423/1/2413 2424/1/2414 2421/1/2411
f 2399/1/2388 2421/1/2411 2424/1/2414
f 2425/1/2416 2426/1/2419 2427/1/2417
f 2404/1/2394 2427/1/2417 2426/1/2419
f 2428/1/2418 2427/1/2417 2420/1/2410
f 2429/1/2420 2430/1/2423 2431/1/2421
f 2318/1/2311 2315/1/2310 2430/1/2423
f 2304/1/2297 2303/1/2296 2430/1/2423
f 2431/1/2421 2430/1/2423 2303/1/2296
f 2313/1/2306 2312/1/2305 2433/1/2424
f 2434/1/2425 2433/1/2424 2312/1/2305
f 2435/1/2426 2436/1/2427 2433/1/2424
f 2428/1/2418 2437/1/2428 2438/1/2429
f 2419/1/2408 2418/1/2407 2437/1/2428
f 2318/1/2311 2429/1/2420 2439/1/2430
f 2440/1/2431 2439/1/2430 2429/1/2420
f 2434/1/2425 2439/1/2430 2440/1/2431
f 2317/1/2309 2439/1/2430 2434/1/2425
f 1229/1/1223 2206/1/2200 2441/1/2432
f 2442/1/2433 2441/1/2432 2206/1/2200
f 2443/1/2434 2444/1/2435 2441/1/2432
f 1230/1/1226 2441/1/2432 2444/1/2435
f 1233/1/1227 2444/1/2435 2445/1/2436
f 2446/1/2437 2445/1/2436 2444/1/2435
f 1375/1/1369 1374/1/1368 2445/1/2436
f 1316/1/1310 2445/1/2436 1374/1/1368
f 2447/1/2438 2448/1/2441 2449/1/2439
f 2286/1/2279 2449/1/2439 2448/1/2441
f 1371/1/1365 1372/1/1367 2449/1/2439
f 2450/1/2440 2449/1/2439 1372/1/1367
f 2287/1/2280 2448/1/2441 2451/1/2442
f 2452/1/2443 2451/1/2442 2448/1/2441
f 2431/1/2421 2451/1/2442 2452/1/2443
f 2292/1/2284 2451/1/2442 2431/1/2421
f 2432/1/2422 2459/1/2450 2457/1/2448
f 2461/1/2452 2462/1/2455 2463/1/2453
f 2442/1/2433 2463/1/2453 2462/1/2455
f 2205/1/2198 2222/1/2216 2463/1/2453
f 2464/1/2454 2463/1/2453 2222/1/2216
f 2370/1/2360 2465/1/2457 2466/1/2456
f 2464/1/2454 2466/1/2456 2465/1/2457
f 2221/1/2215 2242/1/2236 2466/1/2456
f 2367/1/2358 2466/1/2456 2242/1/2236
f 2460/1/2451 2459/1/2450 2467/1/2458
f 2432/1/2422 2452/1/2443 2467/1/2458
f 2468/1/2459 2467/1/2458 2452/1/2443
f 2423/1/2413 2469/1/2461 2470/1/2460
f 2375/1/2366 2396/1/2385 2470/1/2460
f 2424/1/2414 2470/1/2460 2396/1/2385
f 2475/1/2466 2476/1/2473 2477/1/2467
f 2461/1/2452 2465/1/2457 2473/1/2464
f 2474/1/2465 2473/1/2464 2465/1/2457
f 2472/1/2463 2478/1/2468 2376/1/2369
f 2370/1/2360 2369/1/2359 2478/1/2468
f 2479/1/2469 2480/1/2472 2481/1/2470
f 2407/1/2397 2426/1/2419 2483/1/2474
f 2484/1/2475 2483/1/2474 2426/1/2419
f 2482/1/2471 2483/1/2474 2484/1/2475
f 2422/1/2412 2483/1/2474 2482/1/2471
f 2425/1/2416 2438/1/2429 2485/1/2476
f 2458/1/2449 2485/1/2476 2438/1/2429
f 2488/1/2479 2487/1/2478 2486/1/2477
f 2476/1/2473 2480/1/2472 2487/1/2478
f 2477/1/2467 2489/1/2481 2462/1/2455
f 2490/1/2480 2489/1/2481 2477/1/2467
f 2455/1/2446 2454/1/2445 2489/1/2481
f 2462/1/2455 2489/1/2481 2454/1/2445
f 2455/1/2446 2490/1/2480 2491/1/2482
f 2488/1/2479 2491/1/2482 2490/1/2480
f 2468/1/2459 2491/1/2482 2488/1/2479
f 2456/1/2447 2491/1/2482 2468/1/2459
f 2495/1/2486 2496/1/2488 2497/1/2487
f 2498/1/2489 2499/1/2491 203/1/202
f 2500/1/2490 2499/1/2491 2498/1/2489
f 109/1/109 113/1/113 2499/1/2491
f 203/1/202 2499/1/2491 113/1/113
f 2500/1/2490 2501/1/2492 105/1/104
f 2493/1/2484 2492/1/2483 2501/1/2492
f 86/1/86 89/1/88 2501/1/2492
f 91/1/91 105/1/104 2501/1/2492
f 2495/1/2486 2494/1/2485 2502/1/2493
f 2505/1/2496 2502/1/2493 2504/1/2495
f 2503/1/2494 2502/1/2493 2505/1/2496
f 206/1/204 208/1/209 2508/1/2499
f 2510/1/2501 2511/1/2502 2508/1/2499
f 2506/1/2497 2512/1/2509 2513/1/2503
f 2516/1/2506 2517/1/2507 2513/1/2503
f 2505/1/2496 2513/1/2503 2517/1/2507
f 2518/1/2508 2519/1/2510 2511/1/2502
f 2506/1/2497 2504/1/2495 2519/1/2510
f 2514/1/2504 2520/1/2513 2521/1/2511
f 2522/1/2512 2521/1/2511 2520/1/2513
f 2524/1/2515 2525/1/2516 2521/1/2511
f 2515/1/2505 2521/1/2511 2525/1/2516
f 2526/1/2517 2527/1/2520 2528/1/2518
f 2523/1/2514 2520/1/2513 2527/1/2520
f 2510/1/2501 2528/1/2518 2527/1/2520
f 207/1/206 2530/1/2523 2531/1/2521
f 2532/1/2522 2531/1/2521 2530/1/2523
f 2529/1/2519 2528/1/2518 2531/1/2521
f 2509/1/2500 2531/1/2521 2528/1/2518
f 2533/1/2524 2530/1/2523 2534/1/2525
f 210/1/208 2534/1/2525 2530/1/2523
f 2536/1/2527 2537/1/2530 2538/1/2528
f 2535/1/2526 2538/1/2528 2537/1/2530
f 2544/1/2535 2545/1/6179 2546/1/2536
f 2548/1/2538 2549/1/2542 2550/1/2539
f 2552/1/2541 2550/1/2539 2549/1/2542
f 2554/1/2544 2550/1/2539 2552/1/2541
f 2551/1/2540 2550/1/2539 2554/1/2544
f 2557/1/2547 2558/1/2550 2559/1/2548
f 2553/1/2543 2561/1/2551 2559/1/2548
f 2561/1/2551 2562/1/2947 2560/1/2549
f 2563/1/2552 2564/1/2556 2565/1/2553
f 2567/1/2555 2565/1/2553 2564/1/2556
f 2568/1/2557 2569/1/2558 2565/1/2553
f 2566/1/2554 2565/1/2553 2569/1/2558
f 2571/1/2560 2572/1/2562 2558/1/2550
f 2573/1/2561 2574/1/2563 2572/1/2562
f 2567/1/2555 2572/1/2562 2574/1/2563
f 2555/1/2545 2558/1/2550 2572/1/2562
f 2570/1/2559 2569/1/2558 2575/1/2564
f 2577/1/2566 2575/1/2564 2569/1/2558
f 2578/1/2567 2579/1/2568 2575/1/2564
f 2576/1/2565 2575/1/2564 2579/1/2568
f 2581/1/2570 2582/1/2572 2574/1/2563
f 2583/1/2571 2584/1/2573 2582/1/2572
f 2577/1/2566 2582/1/2572 2584/1/2573
f 2568/1/2557 2574/1/2563 2582/1/2572
f 2585/1/2574 2586/1/2578 2587/1/2575
f 2589/1/2577 2587/1/2575 2586/1/2578
f 2594/1/2583 2595/1/2587 2596/1/2584
f 2598/1/2586 2596/1/2584 2595/1/2587
f 2590/1/2579 2586/1/2578 2596/1/2584
f 2597/1/2585 2596/1/2584 2586/1/2578
f 2600/1/2589 2601/1/2593 2602/1/2590
f 2604/1/2592 2602/1/2590 2601/1/2593
f 2599/1/2588 2595/1/2587 2602/1/2590
f 2603/1/2591 2602/1/2590 2595/1/2587
f 2580/1/2569 2579/1/2568 2606/1/2595
f 2608/1/2597 2606/1/2595 2579/1/2568
f 2609/1/2598 2610/1/2599 2606/1/2595
f 2607/1/2596 2606/1/2595 2610/1/2599
f 2611/1/2600 2610/1/2599 2615/1/2604
f 2612/1/2601 2615/1/2604 2610/1/2599
f 2616/1/2605 2617/1/2607 2584/1/2573
f 2618/1/2606 2619/1/2608 2617/1/2607
f 2608/1/2597 2617/1/2607 2619/1/2608
f 2578/1/2567 2584/1/2573 2617/1/2607
f 2620/1/2609 2621/1/2612 2622/1/2610
f 2612/1/2601 2622/1/2610 2621/1/2612
f 2609/1/2598 2619/1/2608 2622/1/2610
f 2623/1/2611 2622/1/2610 2619/1/2608
f 2613/1/2602 2621/1/2612 2624/1/2613
f 2626/1/2615 2624/1/2613 2621/1/2612
f 2605/1/2594 2601/1/2593 2624/1/2613
f 2625/1/2614 2624/1/2613 2601/1/2593
f 2627/1/2616 2628/1/2620 2629/1/2617
f 2631/1/2619 2629/1/2617 2628/1/2620
f 2630/1/2618 2629/1/2617 2634/1/2623
f 2636/1/2625 2637/1/2628 2638/1/2626
f 2632/1/2621 2628/1/2620 2638/1/2626
f 2639/1/2627 2638/1/2626 2628/1/2620
f 2632/1/2621 2637/1/2628 2640/1/2629
f 2642/1/2631 2640/1/2629 2637/1/2628
f 2650/1/2639 2648/1/2637 2652/1/2641
f 2647/1/2636 2654/1/2643 2652/1/2641
f 2656/1/2645 2657/1/2649 2658/1/2646
f 2660/1/2648 2658/1/2646 2657/1/2649
f 2659/1/2647 2658/1/2646 2592/1/2581
f 2662/1/2651 2663/1/2655 2664/1/2652
f 2666/1/2654 2664/1/2652 2663/1/2655
f 2665/1/2653 2664/1/2652 2651/1/2640
f 2650/1/2639 2653/1/2642 2668/1/2657
f 2669/1/2658 2668/1/2657 2653/1/2642
f 2670/1/2659 2671/1/2660 2668/1/2657
f 2665/1/2653 2668/1/2657 2671/1/2660
f 2672/1/2661 2673/1/2664 2674/1/2662
f 2675/1/2663 2676/1/2666 2673/1/2664
f 2677/1/2665 2673/1/2664 2676/1/2666
f 2679/1/2668 2674/1/2662 2673/1/2664
f 2661/1/2650 2657/1/2649 2680/1/2669
f 2681/1/2670 2680/1/2669 2657/1/2649
f 2682/1/2671 2683/1/2672 2680/1/2669
f 2672/1/2661 2680/1/2669 2683/1/2672
f 2655/1/2644 2684/1/2675 2685/1/2673
f 2686/1/2674 2685/1/2673 2684/1/2675
f 2688/1/2677 2689/1/2678 2685/1/2673
f 2669/1/2658 2685/1/2673 2689/1/2678
f 2678/1/2667 2690/1/2680 2691/1/2679
f 2686/1/2674 2691/1/2679 2690/1/2680
f 2687/1/2676 2692/1/2681 2691/1/2679
f 2677/1/2665 2691/1/2679 2692/1/2681
f 2693/1/2682 2694/1/2685 238/1/235
f 2695/1/2683 2694/1/2685 2693/1/2682
f 2696/1/2684 2697/1/2686 2694/1/2685
f 238/1/235 2694/1/2685 2697/1/2686
f 216/1/217 215/1/213 2698/1/2687
f 258/1/255 257/1/254 2699/1/2688
f 216/1/217 2699/1/2688 257/1/254
f 240/1/238 2697/1/2686 2703/1/2692
f 2700/1/2689 2703/1/2692 2697/1/2686
f 215/1/213 225/1/225 2704/1/2693
f 2705/1/2694 2704/1/2693 225/1/225
f 2696/1/2684 2698/1/2687 2704/1/2693
f 2708/1/2697 2709/1/2701 2710/1/2698
f 2712/1/2700 2710/1/2698 2709/1/2701
f 2711/1/2699 2710/1/2698 2714/1/2703
f 2706/1/2695 2709/1/2701 2716/1/2705
f 2717/1/2706 2716/1/2705 2709/1/2701
f 2701/1/2690 2700/1/2689 2716/1/2705
f 2701/1/2690 2718/1/2708 2719/1/2707
f 242/1/240 241/1/239 2719/1/2707
f 2722/1/2711 2723/1/2715 2724/1/2712
f 2726/1/2714 2724/1/2712 2723/1/2715
f 2708/1/2697 2727/1/2718 2728/1/2716
f 2729/1/2717 2728/1/2716 2727/1/2718
f 2720/1/2709 2718/1/2708 2728/1/2716
f 2717/1/2706 2728/1/2716 2718/1/2708
f 2731/1/2720 2732/1/2721 2723/1/2715
f 2711/1/2699 2732/1/2721 2727/1/2718
f 2715/1/2704 2723/1/2715 2732/1/2721
f 2715/1/2704 2734/1/2723 2737/1/2726
f 2726/1/2714 2737/1/2726 2738/1/2727
f 224/1/222 2739/1/2730 2740/1/2728
f 2741/1/2729 2740/1/2728 2739/1/2730
f 2713/1/2702 2712/1/2700 2740/1/2728
f 2705/1/2694 2740/1/2728 2712/1/2700
f 229/1/227 2743/1/2734 2744/1/2732
f 2745/1/2733 2744/1/2732 2743/1/2734
f 2742/1/2731 2739/1/2730 2744/1/2732
f 227/1/224 2744/1/2732 2739/1/2730
f 2736/1/2725 2751/1/2740 2747/1/2736
f 2654/1/2643 2753/1/2742 2756/1/2745
f 2749/1/2738 2753/1/2742 2654/1/2643
f 2756/1/2745 2757/1/2746 2684/1/2675
f 2554/1/2544 2758/1/2747 2761/1/2750
f 2763/1/2752 2764/1/6180 2761/1/2750
f 2765/1/2753 2763/1/2752 2766/1/2754
f 2762/1/2751 2766/1/2754 2763/1/2752
f 2768/1/2756 2769/1/2760 2770/1/2757
f 2772/1/2759 2770/1/2757 2769/1/2760
f 2746/1/2735 2743/1/2734 2770/1/2757
f 2771/1/2758 2770/1/2757 2743/1/2734
f 2774/1/2762 2775/1/2766 2776/1/2763
f 2778/1/2765 2776/1/2763 2775/1/2766
f 2773/1/2761 2769/1/2760 2776/1/2763
f 2777/1/2764 2776/1/2763 2769/1/2760
f 2783/1/2771 2784/1/2774 2785/1/2772
f 239/1/237 235/1/236 2785/1/2772
f 2786/1/2773 2785/1/2772 235/1/236
f 360/1/357 2787/1/2777 2788/1/2775
f 2789/1/2776 2788/1/2775 2787/1/2777
f 192/1/191 347/1/344 2788/1/2775
f 354/1/351 2788/1/2775 347/1/344
f 2791/1/2779 2792/1/2782 2793/1/2780
f 2693/1/2682 2793/1/2780 2792/1/2782
f 239/1/237 2784/1/2774 2793/1/2780
f 2794/1/2781 2793/1/2780 2784/1/2774
f 2791/1/2779 2795/1/2785 2796/1/2783
f 2797/1/2784 2798/1/2786 2796/1/2783
f 2792/1/2782 2796/1/2783 255/1/253
f 188/1/187 192/1/191 2789/1/2776
f 2800/1/2788 2799/1/2787 2789/1/2776
f 214/1/212 2799/1/2787 2800/1/2788
f 188/1/187 2799/1/2787 214/1/212
f 2790/1/2778 2801/1/2791 2802/1/2789
f 2803/1/2790 2802/1/2789 2801/1/2791
f 2805/1/2793 2806/1/2794 2802/1/2789
f 2800/1/2788 2802/1/2789 2806/1/2794
f 2803/1/2790 2807/1/2795 2808/1/2796
f 2804/1/2792 2809/1/2797 2807/1/2795
f 2795/1/2785 2807/1/2795 2809/1/2797
f 2810/1/2798 2811/1/2801 2812/1/2799
f 2547/1/2537 2546/1/2536 2811/1/2801
f 2814/1/2802 2815/1/2805 2816/1/2803
f 2813/1/2800 2812/1/2799 2815/1/2805
f 2818/1/2806 2819/1/2809 2820/1/2807
f 2817/1/2804 2816/1/2803 2820/1/2807
f 2822/1/2810 2823/1/2814 2819/1/2809
f 2824/1/2811 2823/1/2814 2822/1/2810
f 2826/1/2813 2827/1/2815 2823/1/2814
f 2819/1/2809 2823/1/2814 2827/1/2815
f 2824/1/2811 2828/1/2817 2829/1/2816
f 2825/1/2812 2830/1/2818 2828/1/2817
f 2632/1/2621 2829/1/2816 2828/1/2817
f 2818/1/2806 2834/1/2822 2835/1/2823
f 2837/1/2825 2835/1/2823 2836/1/2824
f 2825/1/2812 2822/1/2810 2835/1/2823
f 2837/1/2825 2839/1/2827 2830/1/2818
f 2725/1/2713 2839/1/2827 2840/1/2828
f 2633/1/2622 2830/1/2818 2839/1/2827
f 2841/1/2829 2842/1/6181 2843/1/2830
f 2845/1/2832 2842/1/6181 2841/1/2829
f 2843/1/2830 2842/1/6181 2721/1/2710
f 2847/1/2834 2848/1/2838 2849/1/2835
f 2851/1/2837 2849/1/2835 2848/1/2838
f 2854/1/2841 2855/1/2842 2848/1/2838
f 2846/1/2833 2841/1/2829 2855/1/2842
f 2844/1/2831 2853/1/2840 2855/1/2842
f 2856/1/2843 2857/1/2846 231/1/2844
f 2858/1/2845 2859/1/2848 2857/1/2846
f 2860/1/2847 2861/1/6190 2859/1/2848
f 2850/1/2836 2861/1/6190 2860/1/2847
f 2862/1/2849 2863/1/2852 2864/1/2850
f 2866/1/2853 2867/1/2856 2868/1/2854
f 2865/1/2851 2868/1/2854 2867/1/2856
f 2869/1/2855 2868/1/2854 2809/1/2797
f 360/1/357 2870/1/2858 2871/1/2857
f 2869/1/2855 2871/1/2857 2870/1/2858
f 510/1/507 508/1/506 2872/1/2859
f 720/1/716 2872/1/2859 508/1/506
f 2874/1/2861 2875/1/2864 2876/1/2862
f 672/1/669 2880/1/2869 2881/1/2867
f 2882/1/2868 2881/1/2867 2880/1/2869
f 670/1/667 2881/1/2867 2885/1/2872
f 2873/1/2860 2886/1/6191 2887/1/2873
f 2887/1/2873 2886/1/6191 2888/1/2874
f 2889/1/2875 2890/1/2878 2891/1/2876
f 2883/1/2870 2888/1/2874 2890/1/2878
f 2880/1/2869 2893/1/2879 2887/1/2873
f 2880/1/2869 672/1/669 687/1/683
f 261/1/259 326/1/323 2894/1/2880
f 2895/1/2881 2894/1/2880 326/1/323
f 2896/1/2882 2897/1/2883 2894/1/2880
f 267/1/264 2894/1/2880 2897/1/2883
f 2898/1/2884 2899/1/2886 270/1/2885
f 2892/1/2877 2891/1/2876 2899/1/2886
f 269/1/266 2897/1/2883 2900/1/2887
f 2902/1/2889 2903/1/2890 2900/1/2887
f 2895/1/2881 2904/1/2891 2905/1/2892
f 325/1/321 335/1/333 2904/1/2891
f 2879/1/2866 2904/1/2891 335/1/333
f 2906/1/2893 2907/1/2896 2908/1/2894
f 2911/1/2898 2908/1/2894 2912/1/2899
f 2915/1/2902 2914/1/2901 2903/1/2890
f 2884/1/2871 2882/1/2868 2914/1/2901
f 2889/1/2875 2914/1/2901 2882/1/2868
f 2913/1/2900 2912/1/2899 2916/1/2903
f 358/1/355 370/1/367 2916/1/2903
f 2917/1/2904 2916/1/2903 370/1/367
f 2906/1/2893 2919/1/2908 2920/1/2906
f 282/1/278 2920/1/2906 2919/1/2908
f 274/1/270 2863/1/2852 2920/1/2906
f 2910/1/2897 2907/1/2896 2922/1/2909
f 2862/1/2849 2867/1/2856 2922/1/2909
f 279/1/276 2919/1/2908 2924/1/2911
f 2909/1/2895 2924/1/2911 2919/1/2908
f 330/1/327 327/1/326 2924/1/2911
f 2902/1/2889 2925/1/2913 2926/1/2912
f 2929/1/2916 2930/1/2917 2926/1/2912
f 2910/1/2897 2923/1/2910 2931/1/2918
f 2866/1/2853 2870/1/2858 2931/1/2918
f 2896/1/2882 2905/1/2892 2932/1/2919
f 2933/1/2920 2932/1/2919 2905/1/2892
f 368/1/365 386/1/383 2934/1/2921
f 2935/1/2922 2934/1/2921 386/1/383
f 2929/1/2916 2936/1/2923 2934/1/2921
f 367/1/363 2934/1/2921 2936/1/2923
f 369/1/366 2936/1/2923 2937/1/2924
f 2928/1/2915 2937/1/2924 2936/1/2923
f 2927/1/2914 2938/1/2925 2937/1/2924
f 2917/1/2904 2937/1/2924 2938/1/2925
f 2935/1/2922 2939/1/2926 2930/1/2917
f 385/1/381 652/1/649 2939/1/2926
f 654/1/651 2885/1/2872 2939/1/2926
f 2933/1/2920 2940/1/2927 2938/1/2925
f 2911/1/2898 2940/1/2927 2875/1/2864
f 2941/1/2928 2942/1/2931 2943/1/2929
f 748/1/746 2943/1/2929 2942/1/2931
f 739/1/737 2943/1/2929 748/1/746
f 2944/1/2930 2943/1/2929 739/1/737
f 2948/1/2935 2945/1/2932 2949/1/2936
f 2951/1/2938 2952/1/2939 2945/1/2932
f 2946/1/2933 2945/1/2932 2952/1/2939
f 2947/1/2934 2956/1/2943 2954/1/2941
f 750/1/745 2954/1/2941 2956/1/2943
f 2953/1/2940 2952/1/2939 2957/1/2944
f 2959/1/2946 2957/1/2944 2952/1/2939
f 2553/1/2543 2549/1/2542 2957/1/2944
f 2958/1/2945 2957/1/2944 2549/1/2542
f 2562/1/2947 2561/1/2551 2960/1/2948
f 2959/1/2946 2960/1/2948 2561/1/2551
f 2951/1/2938 2962/1/2950 2960/1/2948
f 2961/1/2949 2960/1/2948 2962/1/2950
f 2963/1/2951 2962/1/2950 2964/1/2952
f 2948/1/2935 2964/1/2952 2962/1/2950
f 2965/1/2953 2964/1/2952 2966/1/2954
f 2967/1/2955 2966/1/2954 2968/1/2956
f 2955/1/2942 2968/1/2956 2966/1/2954
f 751/1/747 2942/1/2931 2968/1/2956
f 2969/1/2957 2968/1/2956 2942/1/2931
f 2533/1/2524 2970/1/2959 2971/1/2958
f 2974/1/2962 2975/1/2963 2971/1/2958
f 2532/1/2522 2971/1/2958 2975/1/2963
f 2977/1/2965 2976/1/2964 2978/1/2966
f 2982/1/2970 2983/1/2974 2984/1/2971
f 2986/1/2973 2987/1/2975 2983/1/2974
f 2522/1/2512 2983/1/2974 2987/1/2975
f 2523/1/2514 2984/1/2971 2983/1/2974
f 2982/1/2970 2988/1/2977 2989/1/2976
f 2985/1/2972 2990/1/2979 2988/1/2977
f 2991/1/2978 2988/1/2977 2990/1/2979
f 2991/1/2978 2993/1/5981 2989/1/2976
f 2990/1/2979 2994/1/2982 2995/1/2981
f 2985/1/2972 2996/1/2983 2994/1/2982
f 2984/1/2971 2997/1/2984 2996/1/2983
f 2998/1/2985 2999/1/2989 3000/1/2986
f 3002/1/2988 3000/1/2986 2999/1/2989
f 3001/1/2987 3000/1/2986 2978/1/2966
f 3004/1/2991 3005/1/2993 2543/1/2534
f 3006/1/2992 3007/1/2994 3005/1/2993
f 2998/1/2985 3008/1/2995 3005/1/2993
f 2543/1/2534 3005/1/2993 3008/1/2995
f 2972/1/2960 2970/1/2959 3009/1/2996
f 2537/1/2530 3009/1/2996 2970/1/2959
f 3010/1/2997 3011/1/2999 3007/1/2994
f 3012/1/2998 3013/1/3000 3011/1/2999
f 3003/1/2990 2999/1/2989 3011/1/2999
f 3007/1/2994 3011/1/2999 2999/1/2989
f 2667/1/2656 3014/1/3003 3015/1/3001
f 3016/1/3002 3015/1/3001 3014/1/3003
f 2645/1/2634 2644/1/2633 3015/1/3001
f 2666/1/2654 3015/1/3001 2644/1/2633
f 3018/1/3005 3019/1/3009 3020/1/3006
f 3022/1/3008 3020/1/3006 3019/1/3009
f 2852/1/2839 2853/1/2840 3020/1/3006
f 3021/1/3007 3020/1/3006 2853/1/2840
f 3025/1/3012 3024/1/3011 2840/1/2828
f 3018/1/3005 3026/1/3013 3024/1/3011
f 2731/1/2720 3024/1/3011 3026/1/3013
f 3027/1/3014 3028/1/3016 3029/1/3015
f 2833/1/2821 2832/1/2820 3028/1/3016
f 3023/1/3010 3019/1/3009 3030/1/3017
f 3025/1/3012 3030/1/3017 3019/1/3009
f 2838/1/2826 2836/1/2824 3030/1/3017
f 3027/1/3014 3030/1/3017 2836/1/2824
f 2852/1/2839 3022/1/3008 3031/1/3018
f 3023/1/3010 3029/1/3015 3031/1/3018
f 2730/1/2719 3026/1/3013 3032/1/3019
f 3021/1/3007 3032/1/3019 3026/1/3013
f 2844/1/2831 2843/1/2830 3032/1/3019
f 2783/1/2771 3033/1/3021 3034/1/3020
f 2805/1/2793 2808/1/2796 3034/1/3020
f 2794/1/2781 3034/1/3020 2808/1/2796
f 2847/1/2834 2860/1/2847 3037/1/3024
f 2858/1/2845 3038/1/3026 3037/1/3024
f 3039/1/3025 3037/1/3024 3038/1/3026
f 2854/1/2841 3037/1/3024 3039/1/3025
f 211/1/210 2806/1/2794 3041/1/3028
f 3036/1/3023 3041/1/3028 2806/1/2794
f 3035/1/3022 3042/1/3029 3041/1/3028
f 233/1/230 3041/1/3028 3042/1/3029
f 3044/1/3031 3043/1/3030 3042/1/3029
f 2856/1/2843 3043/1/3030 3038/1/3026
f 3044/1/3031 3045/1/3032 3046/1/3033
f 3035/1/3022 3033/1/3021 3045/1/3032
f 2786/1/2773 3045/1/3032 3033/1/3021
f 242/1/240 2845/1/2832 3047/1/3034
f 2846/1/2833 3039/1/3025 3047/1/3034
f 3040/1/3027 3046/1/3033 3047/1/3034
f 237/1/234 3047/1/3034 3046/1/3033
f 2826/1/2813 3048/1/3037 3049/1/3035
f 3050/1/3036 3049/1/3035 3048/1/3037
f 2814/1/2802 3049/1/3035 3050/1/3036
f 2827/1/2815 3049/1/3035 2814/1/2802
f 3006/1/2992 3052/1/3041 3053/1/3039
f 3054/1/3040 3053/1/3039 3052/1/3041
f 3017/1/3004 3056/1/3043 3053/1/3039
f 3010/1/2997 3053/1/3039 3056/1/3043
f 3055/1/3042 3057/1/3045 3058/1/3044
f 3017/1/3004 3054/1/3040 3058/1/3044
f 3051/1/3038 3048/1/3037 3060/1/3047
f 2829/1/2816 3060/1/3047 3048/1/3037
f 2641/1/2630 3060/1/3047 2829/1/2816
f 2813/1/2800 3050/1/3036 3061/1/3048
f 2810/1/2798 3061/1/3048 3062/1/3049
f 3055/1/3042 3052/1/3041 3063/1/3050
f 3004/1/2991 3063/1/3050 3052/1/3041
f 3064/1/3051 3065/1/3055 3066/1/3052
f 3068/1/3054 3066/1/3052 3065/1/3055
f 3070/1/3057 3071/1/3058 3066/1/3052
f 3067/1/3053 3066/1/3052 3071/1/3058
f 3072/1/3059 3071/1/3058 3073/1/3060
f 3075/1/3062 3073/1/3060 3071/1/3058
f 3076/1/3063 3077/1/3064 3073/1/3060
f 3074/1/3061 3073/1/3060 3077/1/3064
f 3078/1/3065 3077/1/3064 3079/1/3066
f 3081/1/3068 3079/1/3066 3077/1/3064
f 3082/1/3069 3083/1/3070 3079/1/3066
f 3080/1/3067 3079/1/3066 3083/1/3070
f 3085/1/3072 3086/1/3075 3087/1/3073
f 3067/1/3053 3087/1/3073 3086/1/3075
f 3072/1/3059 3089/1/3076 3087/1/3073
f 3088/1/3074 3087/1/3073 3089/1/3076
f 3090/1/3077 3089/1/3076 3091/1/3078
f 3074/1/3061 3091/1/3078 3089/1/3076
f 3078/1/3065 3093/1/3080 3091/1/3078
f 3092/1/3079 3091/1/3078 3093/1/3080
f 3094/1/3081 3093/1/3080 3095/1/3082
f 3080/1/3067 3095/1/3082 3093/1/3080
f 3084/1/3071 3097/1/3084 3095/1/3082
f 3096/1/3083 3095/1/3082 3097/1/3084
f 3099/1/3086 3100/1/3090 3101/1/3087
f 3103/1/3089 3101/1/3087 3100/1/3090
f 3105/1/3092 3102/1/3088 3101/1/3087
f 3064/1/3051 3086/1/3075 3106/1/3093
f 3108/1/3095 3106/1/3093 3086/1/3075
f 3104/1/3091 3100/1/3090 3106/1/3093
f 3107/1/3094 3106/1/3093 3100/1/3090
f 3102/1/3088 3109/1/3099 3110/1/3096
f 3111/1/3097 3109/1/3099 3102/1/3088
f 3112/1/3098 3113/1/3101 3109/1/3099
f 3114/1/3100 3110/1/3096 3109/1/3099
f 3099/1/3086 3110/1/3096 3115/1/3102
f 3116/1/3103 3115/1/3102 3110/1/3096
f 3069/1/3056 3065/1/3055 3115/1/3102
f 3107/1/3094 3115/1/3102 3065/1/3055
f 3117/1/3104 3118/1/3107 3119/1/3105
f 3096/1/3083 3119/1/3105 3118/1/3107
f 3098/1/3085 3121/1/3108 3119/1/3105
f 3122/1/3109 3123/1/3111 3124/1/3110
f 64/1/64 3124/1/3110 3123/1/3111
f 3120/1/3106 3124/1/3110 3125/1/3112
f 3092/1/3079 3126/1/3113 3129/1/3116
f 3094/1/3081 3118/1/3107 3126/1/3113
f 3127/1/3114 3126/1/3113 3118/1/3107
f 3117/1/3104 3125/1/3112 3130/1/3117
f 73/1/73 3130/1/3117 3125/1/3112
f 3127/1/3114 3130/1/3117 3131/1/3118
f 3132/1/3119 3133/1/3122 3134/1/3120
f 3088/1/3074 3134/1/3120 3133/1/3122
f 3135/1/3121 3134/1/3120 3129/1/3116
f 3128/1/3115 3131/1/3118 3136/1/3123
f 80/1/80 3137/1/3124 3136/1/3123
f 3135/1/3121 3136/1/3123 3137/1/3124
f 3138/1/3125 3139/1/3128 3140/1/3126
f 3085/1/3072 3133/1/3122 3140/1/3126
f 3141/1/3127 3140/1/3126 3133/1/3122
f 3142/1/3129 3143/1/3133 3144/1/3130
f 3146/1/3132 3147/1/3134 3143/1/3133
f 3139/1/3128 3143/1/3133 3147/1/3134
f 3139/1/3128 3138/1/3125 3144/1/3130
f 3132/1/3119 3137/1/3124 3148/1/3135
f 95/1/95 3148/1/3135 3137/1/3124
f 3149/1/3136 3148/1/3135 95/1/95
f 3141/1/3127 3148/1/3135 3149/1/3136
f 3145/1/3131 3144/1/3130 3151/1/3138
f 3138/1/3125 3149/1/3136 3151/1/3138
f 94/1/94 97/1/99 3151/1/3138
f 3105/1/3092 3103/1/3089 3152/1/3139
f 3147/1/3134 3152/1/3139 3103/1/3089
f 3146/1/3132 3154/1/3141 3152/1/3139
f 3146/1/3132 3156/1/3144 3157/1/3143
f 3155/1/3142 3154/1/3141 3157/1/3143
f 3164/1/3151 3162/1/3149 3159/1/3146
f 3112/1/3098 3111/1/3097 3166/1/3153
f 3155/1/3142 3168/1/3155 3166/1/3153
f 3167/1/3154 3166/1/3153 3168/1/3155
f 3172/1/3159 3173/1/3161 3170/1/3157
f 3171/1/3158 3170/1/3157 3173/1/3161
f 3175/1/3162 3176/1/3164 3177/1/3163
f 3172/1/3159 3178/1/3166 3179/1/3165
f 3181/1/3168 3179/1/3165 3182/1/3169
f 3181/1/3168 3175/1/3162 3173/1/3161
f 3175/1/3162 3181/1/3168 3184/1/3171
f 3185/1/3172 3184/1/3171 3181/1/3168
f 3167/1/3154 3188/1/3176 3189/1/3175
f 3169/1/3156 3187/1/3174 3188/1/3176
f 3191/1/3178 3189/1/3175 3188/1/3176
f 3194/1/3181 3192/1/3179 3182/1/3169
f 3193/1/3180 3198/1/3185 3185/1/3172
f 3200/1/3187 3114/1/3100 3113/1/3101
f 3189/1/3175 3201/1/3188 3113/1/3101
f 3202/1/3189 3201/1/3188 3189/1/3175
f 3203/1/3190 3200/1/3187 3201/1/3188
f 3206/1/3193 3204/1/3191 3196/1/3183
f 3205/1/3192 3204/1/3191 3208/1/3195
f 3202/1/3189 3210/1/3198 3211/1/3197
f 3191/1/3178 3199/1/3186 3210/1/3198
f 3205/1/3192 3210/1/3198 3199/1/3186
f 3114/1/3100 3200/1/3187 3212/1/3199
f 3213/1/3200 3212/1/3199 3200/1/3187
f 3214/1/3201 3215/1/3202 3212/1/3199
f 3116/1/3103 3212/1/3199 3215/1/3202
f 3219/1/3206 3220/1/3208 3217/1/3204
f 3213/1/3200 3222/1/3210 3223/1/3209
f 3203/1/3190 3211/1/3197 3222/1/3210
f 3220/1/3208 3222/1/3210 3211/1/3197
f 3069/1/3056 3215/1/3202 3224/1/3211
f 3225/1/3212 3224/1/3211 3215/1/3202
f 3226/1/3213 3227/1/3214 3224/1/3211
f 3068/1/3054 3224/1/3211 3227/1/3214
f 3228/1/3215 3229/1/3217 3221/1/3207
f 3228/1/3215 3230/1/3349 3231/1/3216
f 3226/1/3213 3225/1/3212 3234/1/3220
f 3214/1/3201 3223/1/3209 3234/1/3220
f 3070/1/3057 3227/1/3214 3236/1/3222
f 3237/1/3223 3236/1/3222 3227/1/3214
f 3238/1/3224 3239/1/3225 3236/1/3222
f 3075/1/3062 3236/1/3222 3239/1/3225
f 3076/1/3063 3239/1/3225 3240/1/3226
f 3241/1/3227 3240/1/3226 3239/1/3225
f 3242/1/3228 3243/1/3229 3240/1/3226
f 3081/1/3068 3240/1/3226 3243/1/3229
f 3244/1/3230 3245/1/3234 3246/1/3231
f 3248/1/3233 3246/1/3231 3245/1/3234
f 3250/1/3236 3251/1/3238 3246/1/3231
f 3252/1/3237 3247/1/3232 3246/1/3231
f 3253/1/3239 3254/1/3243 3255/1/3240
f 3257/1/3242 3255/1/3240 3254/1/3243
f 3249/1/3235 3245/1/3234 3255/1/3240
f 3256/1/3241 3255/1/3240 3245/1/3234
f 3259/1/3245 3260/1/3249 3261/1/3246
f 3263/1/3248 3261/1/3246 3260/1/3249
f 3265/1/3251 3266/1/3252 3261/1/3246
f 3262/1/3247 3261/1/3246 3266/1/3252
f 3252/1/3237 3251/1/3238 3268/1/3254
f 3270/1/3256 3268/1/3254 3251/1/3238
f 3271/1/3257 3272/1/3258 3268/1/3254
f 3274/1/3260 3275/1/5553 3276/1/3261
f 3269/1/3255 3277/1/3262 3276/1/3261
f 3269/1/3255 3273/1/3259 3278/1/3263
f 3274/1/3260 3277/1/3262 3278/1/3263
f 3280/1/3265 3281/1/3269 3282/1/3266
f 3284/1/3268 3282/1/3266 3281/1/3269
f 3283/1/3267 3286/1/3273 3287/1/3271
f 3288/1/3272 3287/1/3271 3286/1/3273
f 3290/1/3275 3291/1/3278 3292/1/3276
f 3279/1/3264 3278/1/3263 3291/1/3278
f 3293/1/3277 3292/1/3276 3294/1/3279
f 3272/1/3258 3294/1/3279 3292/1/3276
f 3271/1/3257 3296/1/3281 3294/1/3279
f 3295/1/3280 3294/1/3279 3296/1/3281
f 3298/1/3283 3299/1/3286 3300/1/3284
f 3295/1/3280 3300/1/3284 3299/1/3286
f 3297/1/3282 3302/1/3288 3300/1/3284
f 3303/1/3287 3301/1/3285 3300/1/3284
f 3304/1/3289 3305/1/3291 3302/1/3288
f 3306/1/3290 3307/1/3293 3305/1/3291
f 3308/1/3292 3309/1/3294 3305/1/3291
f 3302/1/3288 3305/1/3291 3309/1/3294
f 3307/1/3293 3310/1/3295 3313/1/3298
f 3285/1/3270 3314/1/3300 3315/1/3299
f 3311/1/3296 3315/1/3299 3314/1/3300
f 3316/1/3301 3317/1/3302 3313/1/3298
f 3308/1/3292 3313/1/3298 3317/1/3302
f 3316/1/3301 3320/1/3305 3323/1/3308
f 3312/1/3297 3324/1/3309 3320/1/3305
f 3321/1/3306 3320/1/3305 3324/1/3309
f 3325/1/3310 3324/1/3309 3326/1/3311
f 3314/1/3300 3326/1/3311 3324/1/3309
f 3285/1/3270 3328/1/3314 3326/1/3311
f 3329/1/3313 3327/1/3312 3326/1/3311
f 3303/1/3287 3309/1/3294 3330/1/3315
f 3319/1/3304 3330/1/3315 3309/1/3294
f 3318/1/3303 3332/1/3317 3330/1/3315
f 3331/1/3316 3330/1/3315 3332/1/3317
f 3334/1/3319 3335/1/3322 3336/1/3320
f 3332/1/3317 3336/1/3320 3335/1/3322
f 3337/1/3321 3336/1/3320 3323/1/3308
f 3337/1/3321 3338/1/3324 3339/1/3323
f 3322/1/3307 3321/1/3306 3338/1/3324
f 3325/1/3310 3327/1/3312 3338/1/3324
f 3339/1/3323 3338/1/3324 3327/1/3312
f 3328/1/3314 3340/1/3326 3341/1/3325
f 3285/1/3270 3281/1/3269 3340/1/3326
f 3342/1/3327 3340/1/3326 3281/1/3269
f 3343/1/3328 3341/1/3325 3340/1/3326
f 3298/1/3283 3301/1/3285 3344/1/3329
f 3331/1/3316 3344/1/3329 3301/1/3285
f 3347/1/3332 3345/1/3330 3344/1/3329
f 3348/1/3333 3349/1/3336 3350/1/3334
f 3333/1/3318 3335/1/3322 3350/1/3334
f 3351/1/3335 3350/1/3334 3335/1/3322
f 3348/1/3333 3351/1/3335 3352/1/3337
f 3351/1/3335 3334/1/3319 3339/1/3323
f 3329/1/3313 3341/1/3325 3352/1/3337
f 3353/1/3338 3352/1/3337 3341/1/3325
f 3237/1/3223 3354/1/3340 3355/1/3339
f 3235/1/3221 3354/1/3340 3237/1/3223
f 3355/1/3339 3354/1/3340 3356/1/3341
f 3241/1/3227 3358/1/3344 3359/1/3343
f 3238/1/3224 3355/1/3339 3358/1/3344
f 3357/1/3342 3360/1/3345 3358/1/3344
f 3363/1/3348 3362/1/3347 3231/1/3216
f 3364/1/3350 3362/1/3347 3363/1/3348
f 3356/1/3341 3362/1/3347 3364/1/3350
f 3366/1/3352 3367/1/3355 3368/1/3353
f 3357/1/3342 3364/1/3350 3367/1/3355
f 3365/1/3351 3368/1/3353 3367/1/3355
f 3365/1/3351 3370/1/3359 3371/1/3356
f 3373/1/3358 3371/1/3356 3370/1/3359
f 3375/1/3361 3376/1/3362 3371/1/3356
f 3372/1/3357 3371/1/3356 3376/1/3362
f 3369/1/3354 3368/1/3353 3378/1/3364
f 3372/1/3357 3378/1/3364 3368/1/3353
f 3377/1/3363 3380/1/3366 3378/1/3364
f 3379/1/3365 3378/1/3364 3380/1/3366
f 3377/1/3363 3376/1/3362 3382/1/3368
f 3384/1/3370 3382/1/3368 3376/1/3362
f 3385/1/3371 3386/1/3372 3382/1/3368
f 3383/1/3369 3382/1/3368 3386/1/3372
f 3361/1/3346 3360/1/3345 3388/1/3374
f 3366/1/3352 3388/1/3374 3360/1/3345
f 3369/1/3354 3390/1/3376 3388/1/3374
f 3389/1/3375 3388/1/3374 3390/1/3376
f 3391/1/3377 3390/1/3376 3392/1/3378
f 3379/1/3365 3392/1/3378 3390/1/3376
f 3395/1/3381 3394/1/3380 3396/1/3382
f 3380/1/3366 3396/1/3382 3394/1/3380
f 3383/1/3369 3396/1/3382 3380/1/3366
f 3397/1/3383 3396/1/3382 3383/1/3369
f 3398/1/3384 3399/1/3387 3400/1/3385
f 3397/1/3383 3400/1/3385 3399/1/3387
f 3402/1/3388 3400/1/3385 3397/1/3383
f 3403/1/3389 3401/1/3386 3400/1/3385
f 3404/1/3390 3405/1/3394 3406/1/3391
f 3408/1/3393 3406/1/3391 3405/1/3394
f 3410/1/3396 3406/1/3391 3408/1/3393
f 3412/1/3398 3407/1/3392 3406/1/3391
f 3413/1/3399 3414/1/3402 3415/1/3400
f 3410/1/3396 3415/1/3400 3414/1/3402
f 3411/1/3397 3417/1/3403 3415/1/3400
f 3416/1/3401 3415/1/3400 3417/1/3403
f 3419/1/3405 3420/1/3409 3421/1/3406
f 3423/1/3408 3421/1/3406 3420/1/3409
f 3425/1/3411 3426/1/3412 3421/1/3406
f 3422/1/3407 3421/1/3406 3426/1/3412
f 3428/1/3414 3429/1/3418 3430/1/3415
f 3432/1/3417 3433/1/3419 3429/1/3418
f 3433/1/3419 3434/1/3431 3435/1/3420
f 3436/1/3421 3430/1/3415 3429/1/3418
f 3427/1/3413 3426/1/3412 3437/1/3422
f 3439/1/3424 3437/1/3422 3426/1/3412
f 3431/1/3416 3430/1/3415 3437/1/3422
f 3438/1/3423 3437/1/3422 3430/1/3415
f 3440/1/3425 3441/1/3428 3442/1/3426
f 3422/1/3407 3442/1/3426 3441/1/3428
f 3427/1/3413 3444/1/3429 3442/1/3426
f 3443/1/3427 3442/1/3426 3444/1/3429
f 3434/1/3431 3446/1/3434 3447/1/3432
f 3448/1/3433 3447/1/3432 3446/1/3434
f 3450/1/3436 3451/1/3437 3447/1/3432
f 3435/1/3420 3447/1/3432 3451/1/3437
f 3445/1/3430 3444/1/3429 3452/1/3438
f 3438/1/3423 3452/1/3438 3444/1/3429
f 3436/1/3421 3451/1/3437 3452/1/3438
f 3453/1/3439 3452/1/3438 3451/1/3437
f 3454/1/3440 3455/1/3443 3456/1/3441
f 3443/1/3427 3456/1/3441 3455/1/3443
f 3445/1/3430 3458/1/3444 3456/1/3441
f 3457/1/3442 3456/1/3441 3458/1/3444
f 3459/1/3445 3458/1/3444 3466/1/3452
f 3453/1/3439 3466/1/3452 3458/1/3444
f 3450/1/3436 3468/1/3454 3466/1/3452
f 3468/1/3454 3470/1/3457 3471/1/3456
f 3448/1/3433 3470/1/3457 3468/1/3454
f 3449/1/3435 3472/1/3459 3470/1/3457
f 3473/1/3458 3471/1/3456 3470/1/3457
f 3474/1/3460 3475/1/3463 3446/1/3434
f 3476/1/3461 3475/1/3463 3474/1/3460
f 3449/1/3435 3446/1/3434 3475/1/3463
f 3477/1/3462 3474/1/3460 3484/1/3470
f 3474/1/3460 3434/1/3431 3433/1/3419
f 3486/1/3472 3484/1/3470 3433/1/3419
f 3487/1/3473 3485/1/3471 3484/1/3470
f 3490/1/3476 3491/1/3477 3488/1/3474
f 3492/1/3478 3493/1/3481 3494/1/3479
f 3481/1/3467 3494/1/3479 3493/1/3481
f 3478/1/3464 3491/1/3477 3494/1/3479
f 3495/1/3480 3494/1/3479 3491/1/3477
f 3413/1/3399 3416/1/3401 3496/1/3482
f 3440/1/3425 3455/1/3443 3501/1/3487
f 3418/1/3404 3503/1/3489 3501/1/3487
f 3502/1/3488 3501/1/3487 3503/1/3489
f 3505/1/3491 3506/1/3494 3507/1/3492
f 3411/1/3397 3408/1/3393 3506/1/3494
f 3507/1/3492 3506/1/3494 3509/1/3495
f 3505/1/3491 3511/1/3497 3417/1/3403
f 3512/1/3498 3511/1/3497 3513/1/3499
f 3418/1/3404 3417/1/3403 3511/1/3497
f 3514/1/3500 3515/1/3502 3516/1/3501
f 3504/1/3490 3503/1/3489 3516/1/3501
f 3512/1/3498 3516/1/3501 3503/1/3489
f 3419/1/3405 3441/1/3428 3517/1/3503
f 3502/1/3488 3517/1/3503 3441/1/3428
f 3504/1/3490 3519/1/3505 3517/1/3503
f 3518/1/3504 3517/1/3503 3519/1/3505
f 3526/1/3512 3521/1/3507 3527/1/3513
f 65/1/65 3123/1/3111 3528/1/3514
f 3529/1/3515 3528/1/3514 3123/1/3111
f 3530/1/3516 3531/1/3517 3528/1/3514
f 511/1/510 3528/1/3514 3531/1/3517
f 3122/1/3109 3121/1/3108 3532/1/3518
f 3534/1/3520 3535/1/3521 3532/1/3518
f 3529/1/3515 3532/1/3518 3535/1/3521
f 3098/1/3085 3097/1/3084 3536/1/3522
f 3537/1/3523 3536/1/3522 3097/1/3084
f 3538/1/3524 3539/1/3525 3536/1/3522
f 3533/1/3519 3536/1/3522 3539/1/3525
f 3084/1/3071 3083/1/3070 3540/1/3526
f 3541/1/3527 3540/1/3526 3083/1/3070
f 3542/1/3528 3543/1/3529 3540/1/3526
f 3537/1/3523 3540/1/3526 3543/1/3529
f 3082/1/3069 3243/1/3229 3544/1/3530
f 3545/1/3531 3544/1/3530 3243/1/3229
f 3546/1/3532 3547/1/3533 3544/1/3530
f 3541/1/3527 3544/1/3530 3547/1/3533
f 3549/1/3535 3548/1/3534 3359/1/3343
f 3550/1/3536 3551/1/3537 3548/1/3534
f 3545/1/3531 3548/1/3534 3551/1/3537
f 3361/1/3346 3389/1/3375 3552/1/3538
f 3553/1/3539 3552/1/3538 3389/1/3375
f 3554/1/3540 3555/1/3541 3552/1/3538
f 3549/1/3535 3552/1/3538 3555/1/3541
f 3391/1/3377 3393/1/3379 3556/1/3542
f 3399/1/3387 3556/1/3542 3393/1/3379
f 3557/1/3543 3556/1/3542 3399/1/3387
f 3553/1/3539 3556/1/3542 3557/1/3543
f 3558/1/3544 3559/1/3547 3560/1/3545
f 3550/1/3536 3555/1/3541 3559/1/3547
f 3562/1/3548 3559/1/3547 3555/1/3541
f 3560/1/3545 3559/1/3547 3562/1/3548
f 3564/1/3550 3565/1/3553 3566/1/3551
f 556/1/553 3566/1/3551 3565/1/3553
f 555/1/552 3568/1/3554 3566/1/3551
f 3567/1/3552 3566/1/3551 3568/1/3554
f 561/1/557 3570/1/3557 3571/1/3556
f 514/1/511 3531/1/3517 3570/1/3557
f 3572/1/3558 3570/1/3557 3531/1/3517
f 3573/1/3559 3571/1/3556 3570/1/3557
f 3574/1/3560 3575/1/3563 3576/1/3561
f 568/1/565 3576/1/3561 3575/1/3563
f 558/1/555 3571/1/3556 3576/1/3561
f 3577/1/3562 3576/1/3561 3571/1/3556
f 3578/1/3564 3579/1/3567 3580/1/3565
f 3572/1/3558 3580/1/3565 3579/1/3567
f 3530/1/3516 3535/1/3521 3580/1/3565
f 3581/1/3566 3580/1/3565 3535/1/3521
f 3582/1/3568 3583/1/3571 3584/1/3569
f 3577/1/3562 3584/1/3569 3583/1/3571
f 3573/1/3559 3579/1/3567 3584/1/3569
f 3585/1/3570 3584/1/3569 3579/1/3567
f 3586/1/3572 3587/1/3575 3588/1/3573
f 3581/1/3566 3588/1/3573 3587/1/3575
f 3589/1/3574 3588/1/3573 3539/1/3525
f 3590/1/3576 3591/1/3579 3592/1/3577
f 3585/1/3570 3592/1/3577 3591/1/3579
f 3578/1/3564 3587/1/3575 3592/1/3577
f 3593/1/3578 3592/1/3577 3587/1/3575
f 3538/1/3524 3543/1/3529 3595/1/3581
f 3596/1/3582 3595/1/3581 3543/1/3529
f 3597/1/3583 3594/1/3580 3595/1/3581
f 3598/1/3584 3599/1/3587 3600/1/3585
f 3542/1/3528 3547/1/3533 3600/1/3585
f 3601/1/3586 3600/1/3585 3547/1/3533
f 3602/1/3588 3603/1/3590 3599/1/3587
f 3604/1/3589 3605/1/3591 3603/1/3590
f 3597/1/3583 3599/1/3587 3603/1/3590
f 3546/1/3532 3551/1/3537 3606/1/3592
f 3558/1/3544 3606/1/3592 3551/1/3537
f 3561/1/3546 3607/1/3593 3606/1/3592
f 3601/1/3586 3606/1/3592 3607/1/3593
f 3593/1/3578 3608/1/3595 3609/1/3594
f 3586/1/3572 3594/1/3580 3608/1/3595
f 3605/1/3591 3608/1/3595 3594/1/3580
f 3609/1/3594 3608/1/3595 3605/1/3591
f 3616/1/3602 3617/1/3606 3618/1/3603
f 3620/1/3605 3621/1/3607 3618/1/3603
f 3619/1/3604 3618/1/3603 3623/1/3609
f 3510/1/3496 3509/1/3495 3624/1/3610
f 3462/1/3448 3624/1/3610 3509/1/3495
f 3598/1/3584 3607/1/3593 3626/1/3612
f 3615/1/3601 3614/1/3600 3626/1/3612
f 3602/1/3588 3626/1/3612 3614/1/3600
f 3622/1/3608 3621/1/3607 3631/1/3617
f 3632/1/3618 3631/1/3617 3621/1/3607
f 3637/1/3623 3638/1/3627 3639/1/3624
f 3641/1/3626 3642/1/3628 3639/1/3624
f 3625/1/3611 3639/1/3624 3642/1/3628
f 3622/1/3608 3640/1/3625 3639/1/3624
f 3643/1/3629 3644/1/3632 3645/1/3630
f 3627/1/3613 3645/1/3630 3644/1/3632
f 3561/1/3546 3560/1/3545 3645/1/3630
f 3646/1/3631 3645/1/3630 3560/1/3545
f 3615/1/3601 3644/1/3632 3648/1/3634
f 3649/1/3635 3648/1/3634 3644/1/3632
f 3650/1/3636 3647/1/3633 3648/1/3634
f 3630/1/3616 3651/1/3637 3640/1/3625
f 3652/1/3638 3651/1/3637 3647/1/3633
f 3654/1/3640 3653/1/3639 3655/1/3641
f 3643/1/3629 3646/1/3631 3653/1/3639
f 3563/1/3549 3562/1/3548 3657/1/3643
f 3557/1/3543 3657/1/3643 3562/1/3548
f 3655/1/3641 3657/1/3643 3658/1/3644
f 3401/1/3386 3659/1/3645 3658/1/3644
f 3403/1/3389 3661/1/3647 3659/1/3645
f 3660/1/3646 3659/1/3645 3661/1/3647
f 3665/1/3651 3666/1/3652 3663/1/3649
f 3649/1/3635 3663/1/3649 3666/1/3652
f 3667/1/3653 3668/1/3656 3669/1/3654
f 3650/1/3636 3666/1/3652 3669/1/3654
f 3670/1/3655 3669/1/3654 3666/1/3652
f 3671/1/3657 3672/1/3660 3673/1/3658
f 3656/1/3642 3675/1/3661 3673/1/3658
f 3662/1/3648 3679/1/3665 3677/1/3663
f 3678/1/3664 3677/1/3663 3679/1/3665
f 3510/1/3496 3642/1/3628 3681/1/3667
f 3682/1/3668 3681/1/3667 3642/1/3628
f 3683/1/3669 3684/1/3670 3681/1/3667
f 3507/1/3492 3681/1/3667 3684/1/3670
f 3520/1/3506 3519/1/3505 3685/1/3671
f 3515/1/3502 3685/1/3671 3519/1/3505
f 3687/1/3673 3685/1/3671 3515/1/3502
f 3688/1/3674 3686/1/3672 3685/1/3671
f 3687/1/3673 3689/1/3676 3690/1/3675
f 3684/1/3670 3683/1/3669 3690/1/3675
f 3691/1/3677 3692/1/3680 3693/1/3678
f 3678/1/3664 3693/1/3678 3692/1/3680
f 3680/1/3666 3695/1/3681 3693/1/3678
f 3424/1/3410 3420/1/3409 3700/1/3686
f 3518/1/3504 3700/1/3686 3420/1/3409
f 3520/1/3506 3702/1/3688 3700/1/3686
f 3701/1/3687 3700/1/3686 3702/1/3688
f 3520/1/3506 3686/1/3672 3703/1/3689
f 3705/1/3691 3706/1/3692 3703/1/3689
f 3702/1/3688 3703/1/3689 3706/1/3692
f 3699/1/3685 3706/1/3692 3707/1/3693
f 3708/1/3694 3707/1/3693 3706/1/3692
f 3708/1/3694 3691/1/3677 3697/1/3683
f 3638/1/3627 3709/1/3696 3710/1/3695
f 3710/1/3695 3709/1/3696 3711/1/3697
f 3676/1/3662 3692/1/3680 3713/1/3699
f 3708/1/3694 3713/1/3699 3692/1/3680
f 3705/1/3691 3715/1/3701 3713/1/3699
f 3714/1/3700 3713/1/3699 3715/1/3701
f 3671/1/3657 3674/1/3659 3717/1/3703
f 3714/1/3700 3717/1/3703 3674/1/3659
f 3716/1/3702 3719/1/3705 3717/1/3703
f 3718/1/3704 3717/1/3703 3719/1/3705
f 3670/1/3655 3720/1/3706 3711/1/3697
f 3665/1/3651 3672/1/3660 3720/1/3706
f 3718/1/3704 3720/1/3706 3672/1/3660
f 3721/1/3707 3722/1/3708 3719/1/3705
f 3722/1/3708 3721/1/3707 3683/1/3669
f 3641/1/3626 3710/1/3695 3722/1/3708
f 3712/1/3698 3719/1/3705 3722/1/3708
f 3688/1/3674 3690/1/3675 3723/1/3709
f 3721/1/3707 3723/1/3709 3690/1/3675
f 3716/1/3702 3715/1/3701 3723/1/3709
f 3704/1/3690 3723/1/3709 3715/1/3701
f 3724/1/3710 3725/1/6192 3726/1/3711
f 3728/1/3713 3725/1/6192 3724/1/3710
f 3727/1/3712 3729/1/3715 3730/1/3714
f 3698/1/3684 3730/1/3714 3729/1/3715
f 3526/1/3512 3724/1/3710 3730/1/3714
f 723/1/719 726/1/721 3731/1/3716
f 3733/1/3718 3731/1/3716 726/1/721
f 3734/1/3719 3735/1/3720 3731/1/3716
f 3732/1/3717 3731/1/3716 3735/1/3720
f 3738/1/3723 3737/1/3722 3739/1/3724
f 3741/1/3726 3742/1/3727 3737/1/3722
f 3735/1/3720 3737/1/3722 3742/1/3727
f 3743/1/3728 738/1/734 741/1/736
f 3732/1/3717 3744/1/3729 741/1/736
f 3736/1/3721 3745/1/3730 3744/1/3729
f 3736/1/3721 3742/1/3727 3747/1/3732
f 3748/1/3733 3747/1/3732 3742/1/3727
f 3749/1/3734 3750/1/3735 3747/1/3732
f 3745/1/3730 3747/1/3732 3750/1/3735
f 3746/1/3731 3750/1/3735 3751/1/3736
f 3753/1/3738 3751/1/3736 3750/1/3735
f 3754/1/3739 3755/1/3740 3751/1/3736
f 3752/1/3737 3751/1/3736 3755/1/3740
f 3699/1/3685 3729/1/3715 3757/1/3742
f 3758/1/3743 3757/1/3742 3729/1/3715
f 3759/1/3744 3760/1/3745 3757/1/3742
f 3701/1/3687 3757/1/3742 3760/1/3745
f 3727/1/3712 3726/1/3711 3761/1/3746
f 3762/1/3747 3761/1/3746 3763/1/3748
f 3764/1/3749 3763/1/3748 3765/1/3750
f 3766/1/3751 3765/1/3750 3767/1/3752
f 3772/1/3757 3769/1/3754 3773/1/3758
f 3734/1/3719 3733/1/3718 3775/1/3760
f 775/1/770 3775/1/3760 3733/1/3718
f 776/1/772 3776/1/3761 3775/1/3760
f 3770/1/3755 3775/1/3760 3776/1/3761
f 3425/1/3411 3423/1/3408 3777/1/3762
f 3424/1/3410 3760/1/3745 3777/1/3762
f 3759/1/3744 3779/1/3764 3777/1/3762
f 3778/1/3763 3777/1/3762 3779/1/3764
f 3759/1/3744 3758/1/3743 3781/1/3766
f 3762/1/3747 3781/1/3766 3758/1/3743
f 3764/1/3749 3783/1/3768 3781/1/3766
f 3782/1/3767 3781/1/3766 3783/1/3768
f 3784/1/3769 3783/1/3768 3785/1/3770
f 3766/1/3751 3785/1/3770 3783/1/3768
f 3768/1/3753 3787/1/3772 3785/1/3770
f 3786/1/3771 3785/1/3770 3787/1/3772
f 3788/1/3773 3787/1/3772 3789/1/3774
f 3791/1/3776 3789/1/3774 3787/1/3772
f 3792/1/3777 3793/1/3778 3789/1/3774
f 3790/1/3775 3789/1/3774 3793/1/3778
f 3795/1/3780 3796/1/3783 3797/1/3781
f 3793/1/3778 3797/1/3781 3796/1/3783
f 3792/1/3777 3799/1/3784 3797/1/3781
f 3798/1/3782 3797/1/3781 3799/1/3784
f 3801/1/3786 3802/1/3789 3803/1/3787
f 3800/1/3785 3805/1/3790 3803/1/3787
f 3804/1/3788 3803/1/3787 3805/1/3790
f 3804/1/3788 3806/1/3792 3807/1/3791
f 3774/1/3759 3773/1/3758 3806/1/3792
f 3771/1/3756 3808/1/3793 3806/1/3792
f 3809/1/3794 3808/1/3793 3810/1/3795
f 3776/1/3761 3810/1/3795 3808/1/3793
f 811/1/806 3810/1/3795 3776/1/3761
f 3811/1/3796 3810/1/3795 811/1/806
f 3812/1/3797 3813/1/3801 3814/1/3798
f 3816/1/3800 3814/1/3798 3813/1/3801
f 3818/1/3803 3819/1/3804 3814/1/3798
f 3815/1/3799 3814/1/3798 3819/1/3804
f 3821/1/3806 3822/1/3810 3823/1/3807
f 3825/1/3809 3823/1/3807 3822/1/3810
f 3827/1/3812 3828/1/3813 3823/1/3807
f 3824/1/3808 3823/1/3807 3828/1/3813
f 834/1/829 833/1/828 3830/1/3815
f 3832/1/3817 3830/1/3815 833/1/828
f 3817/1/3802 3813/1/3801 3830/1/3815
f 3831/1/3816 3830/1/3815 3813/1/3801
f 840/1/835 839/1/834 3833/1/3818
f 3835/1/3820 3833/1/3818 839/1/834
f 3826/1/3811 3822/1/3810 3833/1/3818
f 3834/1/3819 3833/1/3818 3822/1/3810
f 3836/1/3821 3837/1/3827 3838/1/3822
f 3840/1/3824 3837/1/3827 3836/1/3821
f 3842/1/3826 3843/1/3828 3837/1/3827
f 3827/1/3812 3838/1/3822 3837/1/3827
f 3844/1/3829 3829/1/3814 3845/1/3830
f 3847/1/3832 3846/1/3831 3845/1/3830
f 3849/1/3834 3850/1/3835 3846/1/3831
f 3818/1/3803 3844/1/3829 3846/1/3831
f 3851/1/3836 3852/1/3840 3853/1/3837
f 3855/1/3839 3853/1/3837 3852/1/3840
f 3842/1/3826 3856/1/3841 3853/1/3837
f 3854/1/3838 3853/1/3837 3856/1/3841
f 868/1/863 3858/1/3845 3859/1/3843
f 3860/1/3844 3859/1/3843 3858/1/3845
f 3862/1/3847 3863/1/3848 3859/1/3843
f 865/1/861 3859/1/3843 3863/1/3848
f 3864/1/3849 3865/1/3853 3866/1/3850
f 3868/1/3852 3866/1/3850 3865/1/3853
f 3862/1/3847 3870/1/3855 3866/1/3850
f 3867/1/3851 3866/1/3850 3870/1/3855
f 3871/1/3856 3872/1/3860 3873/1/3857
f 3875/1/3859 3873/1/3857 3872/1/3860
f 3849/1/3834 3877/1/3862 3873/1/3857
f 3874/1/3858 3873/1/3857 3877/1/3862
f 894/1/890 3879/1/3866 3880/1/3864
f 3881/1/3865 3880/1/3864 3879/1/3866
f 3861/1/3846 3858/1/3845 3880/1/3864
f 893/1/888 3880/1/3864 3858/1/3845
f 3851/1/3836 3883/1/3870 3884/1/3868
f 3881/1/3865 3884/1/3868 3883/1/3870
f 3882/1/3867 3886/1/3871 3884/1/3868
f 3885/1/3869 3884/1/3868 3886/1/3871
f 3887/1/3872 3888/1/3876 3889/1/3873
f 3891/1/3875 3889/1/3873 3888/1/3876
f 3893/1/3878 3894/1/3879 3889/1/3873
f 3890/1/3874 3889/1/3873 3894/1/3879
f 3896/1/3881 3897/1/3884 3898/1/3882
f 3795/1/3780 3802/1/3789 3898/1/3882
f 3801/1/3786 3900/1/3885 3898/1/3882
f 3899/1/3883 3898/1/3882 3900/1/3885
f 3901/1/3886 3900/1/3885 3902/1/3887
f 3807/1/3791 3902/1/3887 3900/1/3885
f 3809/1/3794 3904/1/3889 3902/1/3887
f 3903/1/3888 3902/1/3887 3904/1/3889
f 3906/1/3891 3907/1/3895 3908/1/3892
f 3910/1/3894 3908/1/3892 3907/1/3895
f 3893/1/3878 3891/1/3875 3908/1/3892
f 3909/1/3893 3908/1/3892 3891/1/3875
f 3905/1/3890 3904/1/3889 3912/1/3897
f 3811/1/3796 3912/1/3897 3904/1/3889
f 812/1/808 926/1/921 3912/1/3897
f 3913/1/3898 3912/1/3897 926/1/921
f 928/1/924 931/1/926 3914/1/3899
f 3916/1/3901 3914/1/3899 931/1/926
f 3911/1/3896 3907/1/3895 3914/1/3899
f 3915/1/3900 3914/1/3899 3907/1/3895
f 3794/1/3779 3796/1/3783 3917/1/3902
f 3897/1/3884 3917/1/3902 3796/1/3783
f 3919/1/3904 3917/1/3902 3897/1/3884
f 3920/1/3905 3918/1/3903 3917/1/3902
f 3439/1/3424 3921/1/3907 3922/1/3906
f 3425/1/3411 3778/1/3763 3921/1/3907
f 3780/1/3765 3923/1/3908 3921/1/3907
f 3922/1/3906 3921/1/3907 3923/1/3908
f 3780/1/3765 3779/1/3764 3925/1/3910
f 3782/1/3767 3925/1/3910 3779/1/3764
f 3784/1/3769 3927/1/3912 3925/1/3910
f 3926/1/3911 3925/1/3910 3927/1/3912
f 3928/1/3913 3927/1/3912 3929/1/3914
f 3786/1/3771 3929/1/3914 3927/1/3912
f 3788/1/3773 3931/1/3916 3929/1/3914
f 3930/1/3915 3929/1/3914 3931/1/3916
f 3932/1/3917 3931/1/3916 3933/1/3918
f 3790/1/3775 3933/1/3918 3931/1/3916
f 3794/1/3779 3918/1/3903 3933/1/3918
f 3934/1/3919 3933/1/3918 3918/1/3903
f 3935/1/3920 3936/1/3923 3937/1/3921
f 3919/1/3904 3937/1/3921 3936/1/3923
f 3896/1/3881 3939/1/3924 3937/1/3921
f 3938/1/3922 3937/1/3921 3939/1/3924
f 3940/1/3925 3939/1/3924 3941/1/3926
f 3899/1/3883 3941/1/3926 3939/1/3924
f 3901/1/3886 3943/1/3928 3941/1/3926
f 3942/1/3927 3941/1/3926 3943/1/3928
f 3944/1/3929 3943/1/3928 3945/1/3930
f 3903/1/3888 3945/1/3930 3943/1/3928
f 3905/1/3890 3947/1/3932 3945/1/3930
f 3946/1/3931 3945/1/3930 3947/1/3932
f 3948/1/3933 3947/1/3932 3949/1/3934
f 3913/1/3898 3949/1/3934 3947/1/3932
f 927/1/923 968/1/963 3949/1/3934
f 3950/1/3935 3949/1/3934 968/1/963
f 3951/1/3936 3952/1/3939 3953/1/3937
f 3890/1/3874 3952/1/3939 3951/1/3936
f 3895/1/3880 3955/1/3940 3952/1/3939
f 3953/1/3937 3952/1/3939 3955/1/3940
f 3957/1/3942 3958/1/3946 3959/1/3943
f 3961/1/3945 3962/1/3948 3958/1/3946
f 3963/1/3947 3958/1/3946 3962/1/3948
f 3871/1/3856 3959/1/3943 3958/1/3946
f 3964/1/3949 3965/1/3952 3966/1/3950
f 3951/1/3936 3966/1/3950 3965/1/3952
f 3954/1/3938 3968/1/3953 3966/1/3950
f 3967/1/3951 3966/1/3950 3968/1/3953
f 3892/1/3877 3888/1/3876 3970/1/3955
f 3965/1/3952 3970/1/3955 3888/1/3876
f 3972/1/3957 3970/1/3955 3965/1/3952
f 3971/1/3956 3970/1/3955 3972/1/3957
f 3944/1/3929 3974/1/3960 3975/1/3959
f 3972/1/3957 3975/1/3959 3974/1/3960
f 3964/1/3949 3976/1/3961 3975/1/3959
f 3942/1/3927 3975/1/3959 3976/1/3961
f 3969/1/3954 3977/1/3963 3978/1/3962
f 3938/1/3922 3978/1/3962 3977/1/3963
f 3940/1/3925 3976/1/3961 3978/1/3962
f 3967/1/3951 3978/1/3962 3976/1/3961
f 3979/1/3964 3980/1/3967 3981/1/3965
f 3909/1/3893 3981/1/3965 3980/1/3967
f 3892/1/3877 3971/1/3956 3981/1/3965
f 3982/1/3966 3981/1/3965 3971/1/3956
f 3948/1/3933 3983/1/3969 3984/1/3968
f 3982/1/3966 3984/1/3968 3983/1/3969
f 3973/1/3958 3974/1/3960 3984/1/3968
f 3946/1/3931 3984/1/3968 3974/1/3960
f 1004/1/1000 1007/1/1002 3985/1/3970
f 3915/1/3900 3985/1/3970 1007/1/1002
f 3906/1/3891 3980/1/3967 3985/1/3970
f 3986/1/3971 3985/1/3970 3980/1/3967
f 969/1/965 1009/1/1005 3987/1/3972
f 3986/1/3971 3987/1/3972 1009/1/1005
f 3979/1/3964 3983/1/3969 3987/1/3972
f 3950/1/3935 3987/1/3972 3983/1/3969
f 3428/1/3414 3988/1/3974 3989/1/3973
f 3431/1/3416 3922/1/3906 3988/1/3974
f 3990/1/3975 3988/1/3974 3922/1/3906
f 3991/1/3976 3989/1/3973 3988/1/3974
f 3924/1/3909 3923/1/3908 3992/1/3977
f 3926/1/3911 3992/1/3977 3923/1/3908
f 3928/1/3913 3994/1/3979 3992/1/3977
f 3993/1/3978 3992/1/3977 3994/1/3979
f 3995/1/3980 3994/1/3979 3996/1/3981
f 3930/1/3915 3996/1/3981 3994/1/3979
f 3932/1/3917 3998/1/3983 3996/1/3981
f 3997/1/3982 3996/1/3981 3998/1/3983
f 3934/1/3919 4000/1/3985 3998/1/3983
f 3920/1/3905 3936/1/3923 4000/1/3985
f 4001/1/3986 4000/1/3985 3936/1/3923
f 3935/1/3920 4002/1/3989 4003/1/3987
f 4004/1/3988 4005/1/3990 4003/1/3987
f 4001/1/3986 4003/1/3987 4005/1/3990
f 4006/1/3991 4007/1/3994 4008/1/3992
f 4002/1/3989 4008/1/3992 4007/1/3994
f 3935/1/3920 3977/1/3963 4008/1/3992
f 4009/1/3993 4008/1/3992 3977/1/3963
f 3969/1/3954 3968/1/3953 4010/1/3995
f 4011/1/3996 4010/1/3995 3968/1/3953
f 4012/1/3997 4013/1/3998 4010/1/3995
f 4009/1/3993 4010/1/3995 4013/1/3998
f 4014/1/3999 4015/1/4001 1036/1/1032
f 4016/1/4000 4015/1/4001 4014/1/3999
f 3961/1/3945 4017/1/4002 4015/1/4001
f 1036/1/1032 4015/1/4001 4017/1/4002
f 3990/1/3975 4018/1/4004 4019/1/4003
f 3924/1/3909 3993/1/3978 4018/1/4004
f 4020/1/4005 4018/1/4004 3993/1/3978
f 4021/1/4006 4019/1/4003 4018/1/4004
f 4020/1/4005 4022/1/4008 4023/1/4007
f 3995/1/3980 3997/1/3982 4022/1/4008
f 4024/1/4009 4022/1/4008 3997/1/3982
f 4025/1/4010 4023/1/4007 4022/1/4008
f 4024/1/4009 4026/1/4014 4027/1/4011
f 4005/1/3990 4026/1/4014 4024/1/4009
f 4028/1/4012 4026/1/4014 4005/1/3990
f 4029/1/4013 4027/1/4011 4026/1/4014
f 4030/1/4015 4031/1/4018 4032/1/4016
f 4006/1/3991 4013/1/3998 4031/1/4018
f 4012/1/3997 4014/1/3999 4031/1/4018
f 4033/1/4017 4034/1/4020 4035/1/4019
f 4028/1/4012 4035/1/4019 4034/1/4020
f 4004/1/3988 4007/1/3994 4035/1/4019
f 4030/1/4015 4035/1/4019 4007/1/3994
f 4033/1/4017 4032/1/4016 4036/1/4021
f 1066/1/1062 4036/1/4021 4032/1/4016
f 1065/1/1061 4038/1/4023 4036/1/4021
f 4037/1/4022 4036/1/4021 4038/1/4023
f 4039/1/4024 4038/1/4023 4040/1/4025
f 1072/1/1068 4040/1/4025 4038/1/4023
f 4042/1/4027 4040/1/4025 1072/1/1068
f 4041/1/4026 4040/1/4025 4042/1/4027
f 557/1/554 3565/1/3553 4044/1/4029
f 4045/1/4030 4044/1/4029 3565/1/3553
f 4046/1/4031 4047/1/4032 4044/1/4029
f 1073/1/1071 4044/1/4029 4047/1/4032
f 4029/1/4013 4034/1/4020 4048/1/4033
f 4037/1/4022 4048/1/4033 4034/1/4020
f 4039/1/4024 4041/1/4026 4048/1/4033
f 4049/1/4034 4048/1/4033 4041/1/4026
f 3564/1/3550 4050/1/4036 4051/1/4035
f 4054/1/4039 4055/1/4040 4051/1/4035
f 4045/1/4030 4051/1/4035 4055/1/4040
f 1090/1/1085 1089/1/1084 4056/1/4041
f 1076/1/1072 4047/1/4032 4056/1/4041
f 4059/1/4044 4057/1/4042 4056/1/4041
f 1071/1/1067 1094/1/1089 4060/1/4045
f 4057/1/4042 4060/1/4045 1094/1/1089
f 4059/1/4044 4061/1/4046 4060/1/4045
f 4042/1/4027 4060/1/4045 4061/1/4046
f 3619/1/3604 4062/1/4047 4065/1/4050
f 4069/1/4054 4070/1/4056 4071/1/4055
f 4075/1/4060 4076/1/4063 4077/1/4061
f 3633/1/3619 3632/1/3618 4076/1/4063
f 3620/1/3605 4077/1/4061 4076/1/4063
f 4078/1/4062 4077/1/4061 4079/1/4064
f 3617/1/3606 4079/1/4064 4077/1/4061
f 3616/1/3602 4065/1/4050 4079/1/4064
f 4080/1/4065 4079/1/4064 4065/1/4050
f 4078/1/4062 4080/1/4065 4081/1/4066
f 4083/1/4068 4081/1/4066 4080/1/4065
f 4084/1/4069 4085/1/4070 4081/1/4066
f 4082/1/4067 4081/1/4066 4085/1/4070
f 4089/1/4074 4088/1/4073 4066/1/4051
f 4086/1/4071 4085/1/4070 4088/1/4073
f 4052/1/4037 4050/1/4036 4090/1/4075
f 3567/1/3552 4090/1/4075 4050/1/4036
f 3569/1/3555 4092/1/4077 4090/1/4075
f 4091/1/4076 4090/1/4075 4092/1/4077
f 3582/1/3568 3591/1/3579 4094/1/4079
f 3613/1/3599 4094/1/4079 3591/1/3579
f 3612/1/3598 4096/1/4081 4094/1/4079
f 3634/1/3620 4099/1/4084 4096/1/4081
f 4075/1/4060 4099/1/4084 3634/1/3620
f 4078/1/4062 4098/1/4083 4099/1/4084
f 4093/1/4078 4100/1/4086 4101/1/4085
f 4073/1/4058 4101/1/4085 4100/1/4086
f 4072/1/4057 4102/1/4087 4101/1/4085
f 4091/1/4076 4101/1/4085 4102/1/4087
f 3569/1/3555 3568/1/3554 4103/1/4088
f 1142/1/1137 4103/1/4088 3568/1/3554
f 1141/1/1136 4105/1/4090 4103/1/4088
f 4104/1/4089 4103/1/4088 4105/1/4090
f 4089/1/4074 4107/1/4093 4108/1/4092
f 4074/1/4059 4100/1/4086 4107/1/4093
f 4109/1/4094 4107/1/4093 4100/1/4086
f 4110/1/4095 4108/1/4092 4107/1/4093
f 4110/1/4095 4111/1/4098 4112/1/4096
f 4113/1/4097 4112/1/4096 4114/1/4099
f 3574/1/3560 3583/1/3571 4115/1/4100
f 4095/1/4080 4115/1/4100 3583/1/3571
f 4097/1/4082 4114/1/4099 4115/1/4100
f 4116/1/4101 4115/1/4100 4114/1/4099
f 4110/1/4095 4109/1/4094 4117/1/4102
f 4093/1/4078 4092/1/4077 4117/1/4102
f 4104/1/4089 4117/1/4102 4092/1/4077
f 4111/1/4098 4117/1/4102 4104/1/4089
f 4106/1/4091 4105/1/4090 4118/1/4103
f 1155/1/1150 4118/1/4103 4105/1/4090
f 569/1/566 3575/1/3563 4118/1/4103
f 4116/1/4101 4118/1/4103 3575/1/3563
f 4097/1/4082 4098/1/4083 4119/1/4104
f 4082/1/4067 4119/1/4104 4098/1/4083
f 4086/1/4071 4108/1/4092 4119/1/4104
f 4113/1/4097 4119/1/4104 4108/1/4092
f 3412/1/3398 3414/1/3402 4120/1/4105
f 3500/1/3486 4120/1/4105 3414/1/3402
f 3499/1/3485 4122/1/4107 4120/1/4105
f 4121/1/4106 4120/1/4105 4122/1/4107
f 3457/1/3442 3459/1/3445 4126/1/4111
f 4127/1/4112 4125/1/4110 4124/1/4109
f 4126/1/4111 4128/1/4116 4129/1/4113
f 3467/1/3453 4128/1/4116 4126/1/4111
f 4130/1/4114 4128/1/4116 3467/1/3453
f 4131/1/4115 4129/1/4113 4128/1/4116
f 4132/1/4117 4133/1/4120 4134/1/4118
f 4130/1/4114 4134/1/4118 4133/1/4120
f 3469/1/3455 3471/1/3456 4134/1/4118
f 4135/1/4119 4134/1/4118 3471/1/3456
f 4136/1/4121 4137/1/4124 4138/1/4122
f 4135/1/4119 4138/1/4122 4137/1/4124
f 3473/1/3458 3483/1/3469 4138/1/4122
f 3482/1/3468 3493/1/3481 4140/1/4125
f 4141/1/4126 4140/1/4125 3493/1/3481
f 4142/1/4127 4143/1/4128 4140/1/4125
f 4139/1/4123 4140/1/4125 4143/1/4128
f 4144/1/4129 4145/1/4132 4146/1/4130
f 4142/1/4127 4148/1/4134 4145/1/4132
f 4149/1/4133 4145/1/4132 4148/1/4134
f 4151/1/4136 4146/1/4130 4145/1/4132
f 4136/1/4121 4143/1/4128 4152/1/4137
f 4144/1/4129 4152/1/4137 4143/1/4128
f 4147/1/4131 4154/1/4139 4152/1/4137
f 4153/1/4138 4152/1/4137 4154/1/4139
f 4156/1/4141 4157/1/4144 4158/1/4142
f 4132/1/4117 4137/1/4124 4157/1/4144
f 4153/1/4138 4157/1/4144 4137/1/4124
f 4155/1/4140 4158/1/4142 4157/1/4144
f 4131/1/4115 4133/1/4120 4160/1/4145
f 4156/1/4141 4160/1/4145 4133/1/4120
f 4161/1/4146 4160/1/4145 4162/1/4147
f 4127/1/4112 4129/1/4113 4164/1/4149
f 4161/1/4146 4164/1/4149 4129/1/4113
f 4163/1/4148 4166/1/4151 4164/1/4149
f 4165/1/4150 4164/1/4149 4166/1/4151
f 3499/1/3485 4125/1/4110 4168/1/4153
f 4170/1/4155 4171/1/4158 4172/1/4156
f 3407/1/3392 4172/1/4156 4171/1/4158
f 4121/1/4106 4172/1/4156 3407/1/3392
f 4123/1/4108 4173/1/4157 4172/1/4156
f 3492/1/3478 4176/1/4161 4174/1/4159
f 4175/1/4160 4174/1/4159 4176/1/4161
f 4177/1/4162 4176/1/4161 4178/1/4163
f 3495/1/3480 4178/1/4163 4176/1/4161
f 3490/1/3476 4180/1/4165 4178/1/4163
f 4179/1/4164 4178/1/4163 4180/1/4165
f 4175/1/4160 4182/1/4168 4183/1/4167
f 4177/1/4162 4184/1/4170 4182/1/4168
f 4185/1/4169 4182/1/4168 4184/1/4170
f 4187/1/4172 4183/1/4167 4182/1/4168
f 4188/1/4173 4189/1/4176 4190/1/4174
f 4149/1/4133 4190/1/4174 4189/1/4176
f 4150/1/4135 4183/1/4167 4190/1/4174
f 4191/1/4175 4190/1/4174 4183/1/4167
f 4189/1/4176 4192/1/4177 4195/1/4180
f 4196/1/4181 4192/1/4177 4189/1/4176
f 4195/1/4180 4194/1/4179 4199/1/4184
f 4203/1/4188 4198/1/4183 4200/1/4185
f 4147/1/4131 4146/1/4130 4204/1/4189
f 4198/1/4183 4204/1/4189 4146/1/4130
f 4203/1/4188 4206/1/4191 4204/1/4189
f 4205/1/4190 4204/1/4189 4206/1/4191
f 4155/1/4140 4154/1/4139 4208/1/4193
f 4205/1/4190 4208/1/4193 4154/1/4139
f 4207/1/4192 4210/1/4195 4208/1/4193
f 4209/1/4194 4208/1/4193 4210/1/4195
f 4159/1/4143 4158/1/4142 4212/1/4197
f 4209/1/4194 4212/1/4197 4158/1/4142
f 4211/1/4196 4214/1/4199 4212/1/4197
f 4213/1/4198 4212/1/4197 4214/1/4199
f 4162/1/4147 4216/1/4202 4217/1/4201
f 4213/1/4198 4216/1/4202 4162/1/4147
f 4215/1/4200 4218/1/4204 4216/1/4202
f 4219/1/4203 4217/1/4201 4216/1/4202
f 3465/1/3451 3464/1/3450 4220/1/4205
f 4171/1/4158 4220/1/4205 3464/1/3450
f 4170/1/4155 4222/1/4207 4220/1/4205
f 4221/1/4206 4220/1/4205 4222/1/4207
f 4123/1/4108 4169/1/4154 4224/1/4209
f 4225/1/4210 4224/1/4209 4169/1/4154
f 4226/1/4211 4224/1/4209 4225/1/4210
f 4163/1/4148 4217/1/4201 4228/1/4213
f 4229/1/4214 4228/1/4213 4217/1/4201
f 4227/1/4212 4225/1/4210 4228/1/4213
f 4166/1/4151 4228/1/4213 4225/1/4210
f 4223/1/4208 4222/1/4207 4230/1/4215
f 4226/1/4211 4230/1/4215 4222/1/4207
f 4227/1/4212 4232/1/4217 4230/1/4215
f 4231/1/4216 4230/1/4215 4232/1/4217
f 4064/1/4049 4235/1/4221 4234/1/4219
f 4236/1/4220 4237/1/4222 4234/1/4219
f 4233/1/4218 4232/1/4217 4238/1/4223
f 4229/1/4214 4238/1/4223 4232/1/4217
f 4219/1/4203 4240/1/4225 4238/1/4223
f 4239/1/4224 4238/1/4223 4240/1/4225
f 4063/1/4048 4242/1/4227 4235/1/4221
f 4221/1/4206 4242/1/4227 4063/1/4048
f 4223/1/4208 4243/1/4228 4242/1/4227
f 4235/1/4221 4242/1/4227 4243/1/4228
f 4223/1/4208 4231/1/4216 4244/1/4229
f 4239/1/4224 4244/1/4229 4231/1/4216
f 4241/1/4226 4245/1/4230 4244/1/4229
f 4243/1/4228 4244/1/4229 4245/1/4230
f 4067/1/4052 4237/1/4222 4246/1/4231
f 4247/1/4232 4246/1/4231 4237/1/4222
f 4248/1/4233 4249/1/4234 4246/1/4231
f 4068/1/4053 4246/1/4231 4249/1/4234
f 4250/1/4235 4251/1/4238 4252/1/4236
f 4214/1/4199 4252/1/4236 4251/1/4238
f 4211/1/4196 4254/1/4239 4252/1/4236
f 4253/1/4237 4252/1/4236 4254/1/4239
f 4241/1/4226 4240/1/4225 4256/1/4241
f 4218/1/4204 4256/1/4241 4240/1/4225
f 4215/1/4200 4251/1/4238 4256/1/4241
f 4257/1/4242 4256/1/4241 4251/1/4238
f 4236/1/4220 4245/1/4230 4258/1/4243
f 4257/1/4242 4258/1/4243 4245/1/4230
f 4250/1/4235 4259/1/4244 4258/1/4243
f 4247/1/4232 4258/1/4243 4259/1/4244
f 4211/1/4196 4210/1/4195 4260/1/4245
f 4261/1/4246 4260/1/4245 4210/1/4195
f 4262/1/4247 4260/1/4245 4261/1/4246
f 4255/1/4240 4254/1/4239 4260/1/4245
f 4248/1/4233 4259/1/4244 4264/1/4249
f 4253/1/4237 4264/1/4249 4259/1/4244
f 4255/1/4240 4266/1/4251 4264/1/4249
f 4265/1/4250 4264/1/4249 4266/1/4251
f 4207/1/4192 4206/1/4191 4268/1/4253
f 4269/1/4254 4268/1/4253 4206/1/4191
f 4270/1/4255 4268/1/4253 4269/1/4254
f 4263/1/4248 4261/1/4246 4268/1/4253
f 4203/1/4188 4202/1/4187 4272/1/4257
f 4273/1/4258 4272/1/4257 4202/1/4187
f 4274/1/4259 4275/1/4260 4272/1/4257
f 4271/1/4256 4269/1/4254 4272/1/4257
f 4276/1/4261 4277/1/4264 4278/1/4262
f 4196/1/4181 4278/1/4262 4277/1/4264
f 4188/1/4173 4280/1/4267 4278/1/4262
f 4278/1/4262 4280/1/4267 4281/1/4265
f 4188/1/4173 4191/1/4175 4282/1/4266
f 4283/1/4268 4282/1/4266 4191/1/4175
f 4284/1/4269 4285/1/4270 4282/1/4266
f 4280/1/4267 4282/1/4266 4285/1/4270
f 4185/1/4169 4286/1/4271 4283/1/4268
f 4069/1/4054 4249/1/4234 4290/1/4275
f 4265/1/4250 4290/1/4275 4249/1/4234
f 4267/1/4252 4292/1/4277 4290/1/4275
f 4291/1/4276 4290/1/4275 4292/1/4277
f 4267/1/4252 4266/1/4251 4294/1/4279
f 4262/1/4247 4294/1/4279 4266/1/4251
f 4263/1/4248 4296/1/4281 4294/1/4279
f 4295/1/4280 4294/1/4279 4296/1/4281
f 4293/1/4278 4292/1/4277 4298/1/4283
f 4295/1/4280 4298/1/4283 4292/1/4277
f 4297/1/4282 4300/1/4285 4298/1/4283
f 4299/1/4284 4298/1/4283 4300/1/4285
f 4302/1/4287 4303/1/4290 4304/1/4288
f 4301/1/4286 4300/1/4285 4304/1/4288
f 4306/1/4291 4304/1/4288 4300/1/4285
f 4305/1/4289 4304/1/4288 4306/1/4291
f 4302/1/4287 4308/1/4296 4309/1/4293
f 4311/1/4295 4309/1/4293 4308/1/4296
f 4284/1/4269 4289/1/4274 4309/1/4293
f 4310/1/4294 4309/1/4293 4289/1/4274
f 4297/1/4282 4296/1/4281 4313/1/4298
f 4270/1/4255 4313/1/4298 4296/1/4281
f 4271/1/4256 4314/1/4299 4313/1/4298
f 4306/1/4291 4313/1/4298 4314/1/4299
f 4276/1/4261 4279/1/4263 4315/1/4300
f 4317/1/4302 4315/1/4300 4279/1/4263
f 4318/1/4303 4319/1/4304 4315/1/4300
f 4316/1/4301 4315/1/4300 4319/1/4304
f 4281/1/4265 4285/1/4270 4321/1/4306
f 4311/1/4295 4321/1/4306 4285/1/4270
f 4312/1/4297 4322/1/4307 4321/1/4306
f 4317/1/4302 4321/1/4306 4322/1/4307
f 4312/1/4297 4308/1/4296 4323/1/4308
f 4305/1/4289 4323/1/4308 4308/1/4296
f 4324/1/4309 4323/1/4308 4305/1/4289
f 4322/1/4307 4323/1/4308 4324/1/4309
f 4318/1/4303 4324/1/4309 4325/1/4310
f 4327/1/4312 4328/1/4313 4325/1/4310
f 4319/1/4304 4325/1/4310 4328/1/4313
f 4307/1/4292 4314/1/4299 4329/1/4314
f 4275/1/4260 4329/1/4314 4314/1/4299
f 4330/1/4315 4329/1/4314 4275/1/4260
f 4326/1/4311 4329/1/4314 4330/1/4315
f 4331/1/4316 4332/1/4318 4328/1/4313
f 4333/1/4317 4334/1/4319 4332/1/4318
f 4320/1/4305 4328/1/4313 4332/1/4318
f 4335/1/4320 4336/1/4323 4337/1/4321
f 4316/1/4301 4336/1/4323 4335/1/4320
f 4320/1/4305 4334/1/4319 4336/1/4323
f 4337/1/4321 4336/1/4323 4334/1/4319
f 4052/1/4037 4102/1/4087 4339/1/4324
f 4340/1/4325 4339/1/4324 4102/1/4087
f 4341/1/4326 4342/1/4327 4339/1/4324
f 4072/1/4057 4070/1/4056 4343/1/4328
f 4291/1/4276 4343/1/4328 4070/1/4056
f 4293/1/4278 4344/1/4329 4343/1/4328
f 4340/1/4325 4343/1/4328 4344/1/4329
f 4046/1/4031 4055/1/4040 4346/1/4331
f 4347/1/4332 4346/1/4331 4055/1/4040
f 4348/1/4333 4345/1/4330 4346/1/4331
f 4054/1/4039 4342/1/4327 4349/1/4334
f 4350/1/4335 4349/1/4334 4342/1/4327
f 4351/1/4336 4352/1/4337 4349/1/4334
f 4347/1/4332 4349/1/4334 4352/1/4337
f 4061/1/4046 4353/1/4339 4354/1/4338
f 4059/1/4044 4345/1/4330 4353/1/4339
f 4355/1/4340 4353/1/4339 4345/1/4330
f 4356/1/4341 4354/1/4338 4353/1/4339
f 4357/1/4342 4358/1/4345 4359/1/4343
f 4021/1/4006 4023/1/4007 4358/1/4345
f 4361/1/4346 4358/1/4345 4023/1/4007
f 4356/1/4341 4359/1/4343 4358/1/4345
f 4361/1/4346 4362/1/4347 4354/1/4338
f 4025/1/4010 4027/1/4011 4362/1/4347
f 4049/1/4034 4362/1/4347 4027/1/4011
f 4043/1/4028 4354/1/4338 4362/1/4347
f 3486/1/3472 4363/1/4349 4364/1/4348
f 3432/1/3417 3989/1/3973 4363/1/4349
f 4365/1/4350 4363/1/4349 3989/1/3973
f 4366/1/4351 4364/1/4348 4363/1/4349
f 4301/1/4286 4303/1/4290 4367/1/4352
f 4310/1/4294 4367/1/4352 4303/1/4290
f 4288/1/4273 4369/1/4354 4367/1/4352
f 4368/1/4353 4367/1/4352 4369/1/4354
f 4299/1/4284 4371/1/4356 4344/1/4329
f 4301/1/4286 4368/1/4353 4371/1/4356
f 4351/1/4336 4350/1/4335 4373/1/4358
f 4374/1/4359 4373/1/4358 4375/1/4360
f 4348/1/4333 4352/1/4337 4377/1/4362
f 4374/1/4359 4377/1/4362 4352/1/4337
f 4376/1/4361 4378/1/4363 4377/1/4362
f 4355/1/4340 4377/1/4362 4378/1/4363
f 4365/1/4350 4379/1/4365 4380/1/4364
f 3991/1/3976 4019/1/4003 4379/1/4365
f 4357/1/4342 4379/1/4365 4019/1/4003
f 4360/1/4344 4380/1/4364 4379/1/4365
f 3489/1/3475 4381/1/4366 4180/1/4165
f 3487/1/3473 4364/1/4348 4381/1/4366
f 4384/1/4369 4383/1/4368 4385/1/4370
f 4382/1/4367 4383/1/4368 4384/1/4369
f 4360/1/4344 4359/1/4343 4387/1/4372
f 4378/1/4363 4387/1/4372 4359/1/4343
f 4376/1/4361 4388/1/4373 4387/1/4372
f 4380/1/4364 4387/1/4372 4388/1/4373
f 4386/1/4371 4385/1/4370 4390/1/4375
f 4179/1/4164 4391/1/4376 4184/1/4170
f 4181/1/4166 4384/1/4369 4391/1/4376
f 4369/1/4354 4393/1/4378 4389/1/4374
f 4394/1/4379 4395/1/4382 4396/1/4380
f 4400/1/4385 4401/1/4386 4396/1/4380
f 4397/1/4381 4396/1/4380 4401/1/4386
f 4398/1/4383 4403/1/4390 4404/1/4388
f 4405/1/4389 4404/1/4388 4403/1/4390
f 4407/1/4392 4408/1/4393 4404/1/4388
f 4399/1/4384 4404/1/4388 4408/1/4393
f 4409/1/4394 4410/1/4398 4411/1/4395
f 4413/1/4397 4411/1/4395 4410/1/4398
f 4415/1/4400 4416/1/4401 4411/1/4395
f 4412/1/4396 4411/1/4395 4416/1/4401
f 4418/1/4403 4419/1/4404 1456/1/1454
f 4412/1/4396 4419/1/4404 4418/1/4403
f 4417/1/4402 4420/1/4405 4419/1/4404
f 1456/1/1454 4419/1/4404 4420/1/4405
f 4417/1/4402 4416/1/4401 4421/1/4406
f 4423/1/4408 4421/1/4406 4416/1/4401
f 4423/1/4408 4424/1/4425 4425/1/4409
f 4426/1/4410 4422/1/4407 4421/1/4406
f 1470/1/1464 1469/1/1463 4427/1/4411
f 4420/1/4405 4427/1/4411 1469/1/1463
f 4417/1/4402 4422/1/4407 4427/1/4411
f 4428/1/4412 4427/1/4411 4422/1/4407
f 1474/1/1468 1473/1/1467 4429/1/4413
f 4428/1/4412 4429/1/4413 1473/1/1467
f 4426/1/4410 4431/1/4415 4429/1/4413
f 4430/1/4414 4429/1/4413 4431/1/4415
f 4433/1/4417 4434/1/4421 4435/1/4418
f 4437/1/4420 4435/1/4418 4434/1/4421
f 1484/1/1479 1482/1/1478 4435/1/4418
f 4436/1/4419 4435/1/4418 1482/1/1478
f 4432/1/4416 4431/1/4415 4439/1/4423
f 4425/1/4409 4439/1/4423 4431/1/4415
f 4424/1/4425 4441/1/4426 4439/1/4423
f 4440/1/4424 4439/1/4423 4441/1/4426
f 4443/1/4428 4444/1/4431 4445/1/4429
f 4436/1/4419 4445/1/4429 4444/1/4431
f 1481/1/1475 1495/1/1490 4445/1/4429
f 4446/1/4430 4445/1/4429 1495/1/1490
f 4447/1/4432 4448/1/4435 4449/1/4433
f 4395/1/4382 4449/1/4433 4448/1/4435
f 4394/1/4379 4451/1/4436 4449/1/4433
f 4450/1/4434 4449/1/4433 4451/1/4436
f 4452/1/4437 4453/1/4439 4454/1/4438
f 4440/1/4424 4454/1/4438 4453/1/4439
f 4442/1/4427 4455/1/4440 4454/1/4438
f 4450/1/4434 4454/1/4438 4455/1/4440
f 1494/1/1488 1506/1/1500 4456/1/4441
f 4430/1/4414 4456/1/4441 1506/1/1500
f 4432/1/4416 4457/1/4442 4456/1/4441
f 4446/1/4430 4456/1/4441 4457/1/4442
f 3841/1/3825 3836/1/3821 4458/1/4443
f 3839/1/3823 4460/1/4446 4458/1/4443
f 4461/1/4445 4458/1/4443 4460/1/4446
f 4459/1/4444 4458/1/4443 4461/1/4445
f 4452/1/4437 4451/1/4436 4463/1/4448
f 4465/1/4450 4463/1/4448 4451/1/4436
f 4466/1/4451 4467/1/4452 4463/1/4448
f 4464/1/4449 4463/1/4448 4467/1/4452
f 4466/1/4451 4469/1/4457 4470/1/4454
f 4472/1/4456 4470/1/4454 4469/1/4457
f 4438/1/4422 4434/1/4421 4470/1/4454
f 4471/1/4455 4470/1/4454 4434/1/4421
f 4433/1/4417 4444/1/4431 4473/1/4458
f 4474/1/4459 4473/1/4458 4444/1/4431
f 4468/1/4453 4467/1/4452 4473/1/4458
f 4471/1/4455 4473/1/4458 4467/1/4452
f 4443/1/4428 4457/1/4442 4475/1/4460
f 4453/1/4439 4475/1/4460 4457/1/4442
f 4452/1/4437 4464/1/4449 4475/1/4460
f 4474/1/4459 4475/1/4460 4464/1/4449
f 4476/1/4461 4477/1/4464 4478/1/4462
f 4406/1/4391 4403/1/4390 4478/1/4462
f 4479/1/4463 4478/1/4462 4403/1/4390
f 4482/1/4467 4483/1/4470 4484/1/4468
f 4476/1/4461 4479/1/4463 4483/1/4470
f 4448/1/4435 4483/1/4470 4479/1/4463
f 4447/1/4432 4484/1/4468 4483/1/4470
f 4485/1/4469 4484/1/4468 4486/1/4471
f 4455/1/4440 4486/1/4471 4484/1/4468
f 4455/1/4440 4442/1/4427 4488/1/4473
f 4487/1/4472 4486/1/4471 4488/1/4473
f 4489/1/4474 4488/1/4473 4490/1/4475
f 4488/1/4473 4442/1/4427 4441/1/4426
f 4424/1/4425 4492/1/4477 4490/1/4475
f 4491/1/4476 4490/1/4475 4492/1/4477
f 4493/1/4478 4492/1/4477 4494/1/4479
f 4423/1/4408 4494/1/4479 4492/1/4477
f 4415/1/4400 4496/1/4481 4494/1/4479
f 4495/1/4480 4494/1/4479 4496/1/4481
f 4497/1/4482 4496/1/4481 4498/1/4483
f 4413/1/4397 4498/1/4483 4496/1/4481
f 4414/1/4399 4500/1/4485 4498/1/4483
f 4499/1/4484 4498/1/4483 4500/1/4485
f 4502/1/4487 4503/1/4491 4504/1/4488
f 4506/1/4490 4507/1/4492 4503/1/4491
f 4504/1/4488 4503/1/4491 4509/1/4494
f 4510/1/4495 4509/1/4494 4511/1/4496
f 4513/1/4498 4511/1/4496 4509/1/4494
f 4514/1/4499 4515/1/4500 4511/1/4496
f 4512/1/4497 4511/1/4496 4515/1/4500
f 4516/1/4501 4515/1/4500 4517/1/4502
f 4519/1/4504 4517/1/4502 4515/1/4500
f 4520/1/4505 4521/1/4506 4517/1/4502
f 4518/1/4503 4517/1/4502 4521/1/4506
f 4522/1/4507 4521/1/4506 4523/1/4508
f 4525/1/4510 4523/1/4508 4521/1/4506
f 4526/1/4511 4527/1/4512 4523/1/4508
f 4524/1/4509 4523/1/4508 4527/1/4512
f 4529/1/4514 4530/1/4517 4531/1/4515
f 4524/1/4509 4531/1/4515 4530/1/4517
f 4528/1/4513 4533/1/4518 4531/1/4515
f 4533/1/4518 4534/1/4541 4532/1/4516
f 4528/1/4513 4527/1/4512 4535/1/4519
f 4537/1/4521 4535/1/4519 4527/1/4512
f 4538/1/4522 4535/1/4519 4537/1/4521
f 4536/1/4520 4535/1/4519 4538/1/4522
f 4541/1/4525 4542/1/4528 4543/1/4526
f 4538/1/4522 4543/1/4526 4542/1/4528
f 4539/1/4523 4545/1/4529 4543/1/4526
f 4544/1/4527 4543/1/4526 4545/1/4529
f 4547/1/4531 4548/1/4534 4549/1/4532
f 4544/1/4527 4549/1/4532 4548/1/4534
f 4546/1/4530 4551/1/4535 4549/1/4532
f 4550/1/4533 4549/1/4532 4551/1/4535
f 4553/1/4537 4554/1/4540 4555/1/4538
f 4518/1/4503 4555/1/4538 4554/1/4540
f 4522/1/4507 4530/1/4517 4555/1/4538
f 4556/1/4539 4555/1/4538 4530/1/4517
f 4534/1/4541 4533/1/4518 4557/1/4542
f 4536/1/4520 4557/1/4542 4533/1/4518
f 4540/1/4524 4559/1/4544 4557/1/4542
f 4561/1/4546 4562/1/4549 4563/1/4547
f 4512/1/4497 4563/1/4547 4562/1/4549
f 4516/1/4501 4554/1/4540 4563/1/4547
f 4564/1/4548 4563/1/4547 4554/1/4540
f 4532/1/4516 4565/1/4550 4556/1/4539
f 4558/1/4543 4565/1/4550 4532/1/4516
f 4560/1/4545 4566/1/4551 4565/1/4550
f 4556/1/4539 4565/1/4550 4566/1/4551
f 4568/1/4553 4567/1/4552 4566/1/4551
f 4569/1/4554 4570/1/4555 4567/1/4552
f 4569/1/4554 4568/1/4553 4571/1/4556
f 4560/1/4545 4559/1/4544 4571/1/4556
f 4542/1/4528 4571/1/4556 4559/1/4544
f 4572/1/4557 4571/1/4556 4542/1/4528
f 4573/1/4558 4574/1/4562 4575/1/4559
f 4577/1/4561 4578/1/4563 4574/1/4562
f 4505/1/4489 4575/1/4559 4574/1/4562
f 4576/1/4560 4575/1/4559 4579/1/4564
f 4504/1/4488 4579/1/4564 4575/1/4559
f 4510/1/4495 4562/1/4549 4579/1/4564
f 4580/1/4565 4579/1/4564 4562/1/4549
f 4581/1/4566 4582/1/4569 4583/1/4567
f 4502/1/4487 4583/1/4567 4582/1/4569
f 4505/1/4489 4578/1/4563 4583/1/4567
f 4584/1/4568 4583/1/4567 4578/1/4563
f 4585/1/4570 4586/1/4573 4587/1/4571
f 4550/1/4533 4587/1/4571 4586/1/4573
f 4552/1/4536 4589/1/4574 4587/1/4571
f 4588/1/4572 4587/1/4571 4589/1/4574
f 4591/1/4576 4592/1/4578 4586/1/4573
f 4593/1/4577 4594/1/4579 4592/1/4578
f 4547/1/4531 4586/1/4573 4592/1/4578
f 4590/1/4575 4595/1/4581 4596/1/4580
f 4584/1/4568 4596/1/4580 4595/1/4581
f 4588/1/4572 4596/1/4580 4597/1/4582
f 4585/1/4570 4597/1/4582 4598/1/4583
f 4573/1/4558 4598/1/4583 4597/1/4582
f 4576/1/4560 4599/1/4584 4598/1/4583
f 4591/1/4576 4598/1/4583 4599/1/4584
f 4593/1/4577 4600/1/4586 4601/1/4585
f 4572/1/4557 4601/1/4585 4600/1/4586
f 4541/1/4525 4548/1/4534 4601/1/4585
f 4594/1/4579 4601/1/4585 4548/1/4534
f 4561/1/4546 4570/1/4555 4602/1/4587
f 4600/1/4586 4602/1/4587 4570/1/4555
f 4593/1/4577 4599/1/4584 4602/1/4587
f 4580/1/4565 4602/1/4587 4599/1/4584
f 4603/1/4588 4604/1/4591 4605/1/4589
f 4501/1/4486 4607/1/4592 4605/1/4589
f 4501/1/4486 4500/1/4485 4609/1/4594
f 4611/1/4596 4609/1/4594 4500/1/4485
f 4612/1/4597 4613/1/4598 4609/1/4594
f 4610/1/4595 4609/1/4594 4613/1/4598
f 4611/1/4596 4615/1/4601 4616/1/4600
f 4414/1/4399 4410/1/4398 4615/1/4601
f 4409/1/4394 4617/1/4602 4615/1/4601
f 4616/1/4600 4615/1/4601 4617/1/4602
f 4618/1/4603 4617/1/4602 4619/1/4604
f 4418/1/4403 4619/1/4604 4617/1/4602
f 1455/1/1450 1672/1/1667 4619/1/4604
f 4620/1/4605 4619/1/4604 1672/1/1667
f 1673/1/1668 4621/1/4608 4622/1/4606
f 4623/1/4607 4622/1/4606 4621/1/4608
f 4627/1/4612 4628/1/4615 4629/1/4613
f 4620/1/4605 4629/1/4613 4628/1/4615
f 1671/1/1665 1686/1/1680 4629/1/4613
f 4630/1/4614 4629/1/4613 1686/1/1680
f 4631/1/4616 4632/1/4619 4633/1/4617
f 4630/1/4614 4633/1/4617 4632/1/4619
f 1687/1/1682 1692/1/1686 4633/1/4617
f 4634/1/4618 4633/1/4617 1692/1/1686
f 4635/1/4620 4636/1/4623 4637/1/4621
f 4634/1/4618 4637/1/4621 4636/1/4623
f 1693/1/1688 1698/1/1692 4637/1/4621
f 4638/1/4622 4637/1/4621 1698/1/1692
f 4639/1/4624 4640/1/4627 4641/1/4625
f 4638/1/4622 4640/1/4627 4639/1/4624
f 1699/1/1694 1705/1/1700 4640/1/4627
f 1704/1/1698 4641/1/4625 4640/1/4627
f 4642/1/4626 4641/1/4625 4643/1/4628
f 1711/1/1706 4643/1/4628 4641/1/4625
f 1710/1/1705 4645/1/4630 4643/1/4628
f 4646/1/4631 4645/1/4630 4647/1/4632
f 1714/1/1709 4647/1/4632 4645/1/4630
f 1677/1/1671 4626/1/4611 4647/1/4632
f 4612/1/4597 4616/1/4600 4649/1/4634
f 4652/1/4637 4653/1/4638 4649/1/4634
f 4650/1/4635 4649/1/4634 4653/1/4638
f 4628/1/4615 4655/1/4640 4651/1/4636
f 4628/1/4615 4627/1/4612 4657/1/4642
f 4656/1/4641 4655/1/4640 4657/1/4642
f 4614/1/4599 4613/1/4598 4659/1/4644
f 4650/1/4635 4659/1/4644 4613/1/4598
f 4660/1/4645 4659/1/4644 4661/1/4646
f 4663/1/4648 4664/1/4651 4665/1/4649
f 4660/1/4645 4665/1/4649 4664/1/4651
f 4662/1/4647 4667/1/4652 4665/1/4649
f 4666/1/4650 4665/1/4649 4667/1/4652
f 4669/1/4654 4670/1/4657 4671/1/4655
f 4666/1/4650 4671/1/4655 4670/1/4657
f 4668/1/4653 4673/1/4658 4671/1/4655
f 4672/1/4656 4671/1/4655 4673/1/4658
f 4635/1/4620 4639/1/4624 4675/1/4660
f 4639/1/4624 4642/1/4626 4677/1/4662
f 4678/1/4663 4679/1/4664 4675/1/4660
f 4681/1/4666 4678/1/4663 4677/1/4662
f 4625/1/4610 4687/1/4673 4685/1/4670
f 4688/1/4672 4686/1/4671 4685/1/4670
f 4690/1/4675 4691/1/4677 4689/1/4674
f 4687/1/4673 4689/1/4674 4691/1/4677
f 4690/1/4675 4692/1/4676 4693/1/4678
f 4695/1/4680 4693/1/4678 4692/1/4676
f 4697/1/4682 4694/1/4679 4693/1/4678
f 4699/1/4684 4700/1/4688 4701/1/4685
f 4703/1/4687 4701/1/4685 4700/1/4688
f 4702/1/4686 4701/1/4685 4706/1/4691
f 4708/1/4693 4709/1/4697 4710/1/4694
f 4712/1/4696 4710/1/4694 4709/1/4697
f 4714/1/4699 4715/1/4700 4710/1/4694
f 4711/1/4695 4710/1/4694 4715/1/4700
f 4717/1/4702 4718/1/4706 4719/1/4703
f 4721/1/4705 4719/1/4703 4718/1/4706
f 4723/1/4708 4724/1/4709 4719/1/4703
f 4720/1/4704 4719/1/4703 4724/1/4709
f 4728/1/4713 4726/1/4711 4715/1/4700
f 4722/1/4707 4718/1/4706 4726/1/4711
f 4729/1/4714 4730/1/4718 4731/1/4715
f 4733/1/4717 4734/1/4720 4731/1/4715
f 4735/1/4719 4731/1/4715 4734/1/4720
f 4732/1/4716 4731/1/4715 4735/1/4719
f 4737/1/4722 4738/1/4724 4739/1/4723
f 4711/1/4695 4739/1/4723 4738/1/4724
f 4716/1/4701 4740/1/4725 4739/1/4723
f 4732/1/4716 4739/1/4723 4740/1/4725
f 4725/1/4710 4724/1/4709 4741/1/4726
f 4743/1/4728 4741/1/4726 4724/1/4709
f 4744/1/4729 4745/1/4730 4741/1/4726
f 4742/1/4727 4741/1/4726 4745/1/4730
f 4744/1/4729 4747/1/4734 4748/1/4732
f 4749/1/4733 4748/1/4732 4747/1/4734
f 4753/1/4738 4754/1/4741 4755/1/4739
f 4705/1/4690 4703/1/4687 4754/1/4741
f 4757/1/4742 4755/1/4739 4754/1/4741
f 4761/1/4746 4759/1/4744 4755/1/4739
f 4736/1/4721 4734/1/4720 4759/1/4744
f 4733/1/4717 4760/1/4745 4759/1/4744
f 4762/1/4747 4763/1/4750 4764/1/4748
f 4720/1/4704 4764/1/4748 4763/1/4750
f 4746/1/4731 4765/1/4749 4764/1/4748
f 4746/1/4731 4752/1/4737 4766/1/4751
f 4767/1/4752 4766/1/4751 4752/1/4737
f 4768/1/4753 4766/1/4751 4767/1/4752
f 4765/1/4749 4766/1/4751 4768/1/4753
f 4751/1/4736 4749/1/4733 4769/1/4754
f 4770/1/4755 4769/1/4754 4749/1/4733
f 4699/1/4684 4702/1/4686 4769/1/4754
f 4707/1/4692 4767/1/4752 4769/1/4754
f 4729/1/4714 4740/1/4725 4773/1/4758
f 4727/1/4712 4773/1/4758 4740/1/4725
f 4717/1/4702 4763/1/4750 4773/1/4758
f 4774/1/4759 4773/1/4758 4763/1/4750
f 4774/1/4759 4775/1/4760 4730/1/4718
f 4762/1/4747 4772/1/4757 4775/1/4760
f 4723/1/4708 4776/1/4763 4777/1/4761
f 4778/1/4762 4777/1/4761 4776/1/4763
f 4780/1/4765 4781/1/4766 4777/1/4761
f 4743/1/4728 4777/1/4761 4781/1/4766
f 4744/1/4729 4781/1/4766 4782/1/4767
f 4783/1/4768 4782/1/4767 4781/1/4766
f 4784/1/4769 4785/1/4770 4782/1/4767
f 4747/1/4734 4782/1/4767 4785/1/4770
f 4786/1/4771 4787/1/4774 4788/1/4772
f 4770/1/4755 4788/1/4772 4787/1/4774
f 4750/1/4735 4785/1/4770 4788/1/4772
f 4789/1/4773 4788/1/4772 4785/1/4770
f 4721/1/4705 4790/1/4775 4776/1/4763
f 4722/1/4707 4792/1/4777 4790/1/4775
f 4791/1/4776 4790/1/4775 4792/1/4777
f 4793/1/4778 4792/1/4777 4794/1/4779
f 4728/1/4713 4794/1/4779 4792/1/4777
f 4714/1/4699 4796/1/4782 4794/1/4779
f 4797/1/4781 4795/1/4780 4794/1/4779
f 4798/1/4783 4799/1/4786 4800/1/4784
f 4631/1/4616 4636/1/4623 4800/1/4784
f 4636/1/4623 4635/1/4620 4676/1/4661
f 4801/1/4785 4800/1/4784 4676/1/4661
f 4802/1/4787 4803/1/4790 4804/1/4788
f 4796/1/4782 4804/1/4788 4803/1/4790
f 4796/1/4782 4714/1/4699 4712/1/4696
f 4713/1/4698 4805/1/4789 4804/1/4788
f 4627/1/4612 4632/1/4619 4806/1/4791
f 4799/1/4786 4806/1/4791 4632/1/4619
f 4807/1/4792 4806/1/4791 4799/1/4786
f 4658/1/4643 4657/1/4642 4806/1/4791
f 4699/1/4684 4787/1/4774 4808/1/4793
f 4809/1/4794 4808/1/4793 4787/1/4774
f 4810/1/4795 4811/1/4796 4808/1/4793
f 4700/1/4688 4808/1/4793 4811/1/4796
f 4704/1/4689 4811/1/4796 4812/1/4797
f 4813/1/4798 4812/1/4797 4811/1/4796
f 4814/1/4799 4815/1/4800 4812/1/4797
f 4758/1/4743 4812/1/4797 4815/1/4800
f 4757/1/4742 4815/1/4800 4816/1/4801
f 4817/1/4802 4816/1/4801 4815/1/4800
f 4818/1/4803 4819/1/4804 4816/1/4801
f 4761/1/4746 4816/1/4801 4819/1/4804
f 4736/1/4721 4819/1/4804 4820/1/4805
f 4821/1/4806 4820/1/4805 4819/1/4804
f 4822/1/4807 4820/1/4805 4821/1/4806
f 4737/1/4722 4735/1/4719 4820/1/4805
f 4708/1/4693 4738/1/4724 4824/1/4809
f 4822/1/4807 4824/1/4809 4738/1/4724
f 4823/1/4808 4826/1/4811 4824/1/4809
f 4825/1/4810 4824/1/4809 4826/1/4811
f 4828/1/4813 4829/1/4814 4698/1/4683
f 4831/1/4816 4832/1/4818 4829/1/4814
f 4698/1/4683 4829/1/4814 4832/1/4818
f 4713/1/4698 4709/1/4697 4834/1/4819
f 4825/1/4810 4834/1/4819 4709/1/4697
f 4827/1/4812 4836/1/4821 4834/1/4819
f 4835/1/4820 4834/1/4819 4836/1/4821
f 4837/1/4822 4838/1/4825 4839/1/4823
f 4840/1/4824 4839/1/4823 4838/1/4825
f 4802/1/4787 4805/1/4789 4839/1/4823
f 4835/1/4820 4839/1/4823 4805/1/4789
f 4830/1/4815 4842/1/4828 4843/1/4827
f 4672/1/4656 4843/1/4827 4842/1/4828
f 4674/1/4659 4844/1/4829 4843/1/4827
f 4833/1/4817 4843/1/4827 4844/1/4829
f 4845/1/4830 4846/1/4834 4847/1/4831
f 4849/1/4833 4847/1/4831 4846/1/4834
f 4841/1/4826 4838/1/4825 4847/1/4831
f 4848/1/4832 4847/1/4831 4838/1/4825
f 4662/1/4647 4661/1/4646 4851/1/4836
f 4853/1/4838 4851/1/4836 4661/1/4646
f 4852/1/4837 4851/1/4836 4855/1/4840
f 4654/1/4639 4653/1/4638 4857/1/4842
f 4858/1/4843 4857/1/4842 4653/1/4638
f 4859/1/4844 4860/1/4845 4857/1/4842
f 4853/1/4838 4857/1/4842 4860/1/4845
f 4854/1/4839 4860/1/4845 4861/1/4846
f 4863/1/4848 4861/1/4846 4860/1/4845
f 4780/1/4765 4778/1/4762 4861/1/4846
f 4862/1/4847 4861/1/4846 4778/1/4762
f 4779/1/4764 4791/1/4776 4864/1/4849
f 4865/1/4850 4864/1/4849 4791/1/4776
f 4856/1/4841 4855/1/4840 4864/1/4849
f 4862/1/4847 4864/1/4849 4855/1/4840
f 4859/1/4844 4858/1/4843 4866/1/4851
f 4656/1/4641 4866/1/4851 4858/1/4843
f 4658/1/4643 4868/1/4853 4866/1/4851
f 4869/1/4854 4870/1/4856 4871/1/4855
f 4780/1/4765 4863/1/4848 4871/1/4855
f 4867/1/4852 4871/1/4855 4863/1/4848
f 4869/1/4854 4868/1/4853 4872/1/4857
f 4807/1/4792 4872/1/4857 4868/1/4853
f 4798/1/4783 4874/1/4859 4872/1/4857
f 4873/1/4858 4872/1/4857 4874/1/4859
f 4875/1/4860 4876/1/4862 4877/1/4861
f 4789/1/4773 4877/1/4861 4876/1/4862
f 4784/1/4769 4870/1/4856 4877/1/4861
f 4873/1/4858 4877/1/4861 4870/1/4856
f 4668/1/4653 4667/1/4652 4878/1/4863
f 4852/1/4837 4878/1/4863 4667/1/4652
f 4856/1/4841 4880/1/4865 4878/1/4863
f 4879/1/4864 4878/1/4863 4880/1/4865
f 4793/1/4778 4795/1/4780 4882/1/4867
f 4883/1/4868 4882/1/4867 4795/1/4780
f 4881/1/4866 4880/1/4865 4882/1/4867
f 4865/1/4850 4882/1/4867 4880/1/4865
f 4674/1/4659 4673/1/4658 4884/1/4869
f 4879/1/4864 4884/1/4869 4673/1/4658
f 4881/1/4866 4886/1/4871 4884/1/4869
f 4885/1/4870 4884/1/4869 4886/1/4871
f 4797/1/4781 4803/1/4790 4888/1/4873
f 4889/1/4874 4888/1/4873 4803/1/4790
f 4887/1/4872 4886/1/4871 4888/1/4873
f 4883/1/4868 4888/1/4873 4886/1/4871
f 4831/1/4816 4844/1/4829 4890/1/4875
f 4885/1/4870 4890/1/4875 4844/1/4829
f 4887/1/4872 4892/1/4877 4890/1/4875
f 4891/1/4876 4890/1/4875 4892/1/4877
f 4802/1/4787 4840/1/4824 4893/1/4878
f 4849/1/4833 4893/1/4878 4840/1/4824
f 4850/1/4835 4892/1/4877 4893/1/4878
f 4889/1/4874 4893/1/4878 4892/1/4877
f 4894/1/4879 4895/1/4882 4896/1/4880
f 4809/1/4794 4896/1/4880 4895/1/4882
f 4786/1/4771 4876/1/4862 4896/1/4880
f 4897/1/4881 4896/1/4880 4876/1/4862
f 4875/1/4860 4874/1/4859 4898/1/4883
f 4801/1/4785 4898/1/4883 4874/1/4859
f 4894/1/4879 4899/1/4884 4900/1/4885
f 4903/1/4888 4904/1/4890 4905/1/4889
f 4810/1/4795 4895/1/4882 4905/1/4889
f 4902/1/4887 4678/1/4663 4681/1/4666
f 4908/1/4893 4909/1/4894 4906/1/4891
f 4814/1/4799 4904/1/4890 4910/1/4895
f 4909/1/4894 4910/1/4895 4904/1/4890
f 4684/1/4669 4686/1/4671 4912/1/4897
f 4913/1/4898 4912/1/4897 4686/1/4671
f 4914/1/4899 4915/1/4900 4912/1/4897
f 4915/1/4900 4916/1/4902 4911/1/4896
f 4917/1/4901 4916/1/4902 4915/1/4900
f 4823/1/4808 4821/1/4806 4916/1/4902
f 4818/1/4803 4911/1/4896 4916/1/4902
f 4688/1/4672 4691/1/4677 4918/1/4903
f 4919/1/4904 4918/1/4903 4691/1/4677
f 4920/1/4905 4921/1/4906 4918/1/4903
f 4913/1/4898 4918/1/4903 4921/1/4906
f 4914/1/4899 4921/1/4906 4922/1/4907
f 4923/1/4908 4922/1/4907 4921/1/4906
f 4827/1/4812 4826/1/4811 4922/1/4907
f 4917/1/4901 4922/1/4907 4826/1/4811
f 4694/1/4679 4924/1/4910 4919/1/4904
f 4925/1/4909 4924/1/4910 4694/1/4679
f 4845/1/4830 4926/1/4911 4924/1/4910
f 4919/1/4904 4924/1/4910 4926/1/4911
f 4920/1/4905 4926/1/4911 4927/1/4912
f 4848/1/4832 4927/1/4912 4926/1/4911
f 4837/1/4822 4836/1/4821 4927/1/4912
f 4923/1/4908 4927/1/4912 4836/1/4821
f 4697/1/4682 4832/1/4818 4928/1/4913
f 4891/1/4876 4928/1/4913 4832/1/4818
f 4850/1/4835 4846/1/4834 4928/1/4913
f 4929/1/4914 4930/1/4917 4931/1/4915
f 4695/1/4680 4931/1/4915 4930/1/4917
f 4624/1/4609 4621/1/4608 4931/1/4915
f 4932/1/4916 4931/1/4915 4621/1/4608
f 1999/1/1993 4933/1/4919 4934/1/4918
f 4929/1/4914 4932/1/4916 4934/1/4918
f 2000/1/1996 4934/1/4918 4932/1/4916
f 4935/1/4920 4936/1/4923 4937/1/4921
f 4828/1/4813 4937/1/4921 4936/1/4923
f 4696/1/4681 4930/1/4917 4937/1/4921
f 4938/1/4922 4937/1/4921 4930/1/4917
f 4929/1/4914 4933/1/4919 4939/1/4924
f 2010/1/2004 4939/1/4924 4933/1/4919
f 2009/1/2003 4940/1/4925 4939/1/4924
f 4938/1/4922 4939/1/4924 4940/1/4925
f 4941/1/4926 4942/1/4929 4943/1/4927
f 4669/1/4654 4842/1/4828 4942/1/4929
f 4830/1/4815 4936/1/4923 4942/1/4929
f 4943/1/4927 4942/1/4929 4936/1/4923
f 4608/1/4593 4607/1/4592 4945/1/4930
f 4610/1/4595 4945/1/4930 4607/1/4592
f 4614/1/4599 4664/1/4651 4945/1/4930
f 4946/1/4931 4945/1/4930 4664/1/4651
f 4663/1/4648 4670/1/4657 4947/1/4932
f 4941/1/4926 4947/1/4932 4670/1/4657
f 4944/1/4928 4948/1/4933 4947/1/4932
f 4935/1/4920 4940/1/4925 4949/1/4934
f 2022/1/2016 4949/1/4934 4940/1/4925
f 2021/1/2015 4950/1/4935 4949/1/4934
f 4943/1/4927 4949/1/4934 4950/1/4935
f 2023/1/2017 4951/1/4937 4952/1/4936
f 4944/1/4928 4950/1/4935 4952/1/4936
f 2024/1/2020 4952/1/4936 4950/1/4935
f 2034/1/2028 4959/1/4944 4951/1/4937
f 4960/1/4945 4959/1/4944 2034/1/2028
f 4961/1/4946 4962/1/4950 4963/1/4947
f 4965/1/4949 4963/1/4947 4962/1/4950
f 4964/1/4948 4967/1/4953 4968/1/4952
f 2045/1/2038 4967/1/4953 4960/1/4945
f 2046/1/2040 4968/1/4952 4967/1/4953
f 4972/1/4957 4969/1/4954 4973/1/4958
f 4970/1/4955 4969/1/4954 4962/1/4950
f 4961/1/4946 4968/1/4952 4978/1/4963
f 2058/1/2051 4978/1/4963 4968/1/4952
f 2059/1/2053 4979/1/4964 4978/1/4963
f 4970/1/4955 4978/1/4963 4979/1/4964
f 4980/1/4965 4981/1/4967 4982/1/4966
f 4407/1/4392 4983/1/4968 4981/1/4967
f 2063/1/2056 4981/1/4967 4983/1/4968
f 2064/1/2058 4982/1/4966 4981/1/4967
f 2070/1/2063 4984/1/4970 4985/1/4969
f 4971/1/4956 4979/1/4964 4985/1/4969
f 2067/1/2061 4985/1/4969 4979/1/4964
f 4480/1/4465 4477/1/4464 4989/1/4974
f 4482/1/4467 4992/1/4977 4990/1/4975
f 4485/1/4469 4993/1/4979 4992/1/4977
f 4994/1/4978 4995/1/4980 4992/1/4977
f 4994/1/4978 4993/1/4979 4996/1/4981
f 4487/1/4472 4996/1/4981 4993/1/4979
f 4489/1/4474 4998/1/4983 4996/1/4981
f 4997/1/4982 4996/1/4981 4998/1/4983
f 4999/1/4984 4998/1/4983 5000/1/4985
f 4491/1/4476 5000/1/4985 4998/1/4983
f 5001/1/4986 5000/1/4985 5002/1/4987
f 4495/1/4480 5004/1/4992 5002/1/4987
f 5005/1/4989 5004/1/4992 4495/1/4480
f 5006/1/4990 5004/1/4992 5005/1/4989
f 5003/1/4988 5002/1/4987 5004/1/4992
f 4974/1/4959 4976/1/4961 5008/1/4993
f 4987/1/4972 5010/1/4995 5008/1/4993
f 5012/1/4997 5013/1/5000 5014/1/4998
f 4972/1/4957 5013/1/5000 5012/1/4997
f 4974/1/4959 5009/1/4994 5013/1/5000
f 5011/1/4996 5014/1/4998 5013/1/5000
f 5016/1/5001 5017/1/5004 5018/1/5002
f 4966/1/4951 5012/1/4997 5018/1/5002
f 5019/1/5003 5018/1/5002 5012/1/4997
f 5007/1/4991 5005/1/4989 5020/1/5005
f 4497/1/4482 4604/1/4591 5020/1/5005
f 5022/1/5007 5020/1/5005 4604/1/4591
f 5021/1/5006 5020/1/5005 5022/1/5007
f 4603/1/4588 4956/1/4941 5024/1/5009
f 5017/1/5004 5024/1/5009 4956/1/4941
f 5016/1/5001 5025/1/5010 5024/1/5009
f 5025/1/5010 5023/1/5008 5022/1/5007
f 4539/1/4523 4537/1/4521 5026/1/5011
f 5028/1/5013 5026/1/5011 4537/1/4521
f 5029/1/5014 5030/1/5015 5026/1/5011
f 5027/1/5012 5026/1/5011 5030/1/5015
f 4581/1/4566 4595/1/4581 5032/1/5017
f 5034/1/5019 5032/1/5017 4595/1/4581
f 5035/1/5020 5036/1/5021 5032/1/5017
f 5033/1/5018 5032/1/5017 5036/1/5021
f 4590/1/4575 4589/1/4574 5038/1/5023
f 5039/1/5024 5038/1/5023 4589/1/4574
f 5040/1/5025 5041/1/5026 5038/1/5023
f 5034/1/5019 5038/1/5023 5041/1/5026
f 5035/1/5020 5041/1/5026 5042/1/5027
f 5044/1/5029 5042/1/5027 5041/1/5026
f 5011/1/4996 5010/1/4995 5042/1/5027
f 5043/1/5028 5042/1/5027 5010/1/4995
f 4987/1/4972 4986/1/4971 5045/1/5030
f 5046/1/5031 5045/1/5030 4986/1/4971
f 5037/1/5022 5036/1/5021 5045/1/5030
f 5043/1/5028 5045/1/5030 5036/1/5021
f 4506/1/4490 4582/1/4569 5047/1/5032
f 5033/1/5018 5047/1/5032 4582/1/4569
f 5037/1/5022 5049/1/5034 5047/1/5032
f 5048/1/5033 5047/1/5032 5049/1/5034
f 5046/1/5031 5051/1/5036 5049/1/5034
f 5053/1/5038 5054/1/5041 5055/1/5039
f 4507/1/4492 5055/1/5039 5054/1/5041
f 5048/1/5033 5055/1/5039 4507/1/4492
f 4999/1/4984 5057/1/5043 5058/1/5042
f 5056/1/5040 5058/1/5042 5057/1/5043
f 4994/1/4978 4997/1/4982 5058/1/5042
f 5059/1/5044 5060/1/5047 5061/1/5045
f 4513/1/4498 5061/1/5045 5060/1/5047
f 4508/1/4493 5054/1/5041 5061/1/5045
f 5062/1/5046 5061/1/5045 5054/1/5041
f 5003/1/4988 5063/1/5049 5064/1/5048
f 5062/1/5046 5064/1/5048 5063/1/5049
f 5053/1/5038 5057/1/5043 5064/1/5048
f 5001/1/4986 5064/1/5048 5057/1/5043
f 5065/1/5050 5066/1/5053 5067/1/5051
f 4519/1/4504 5067/1/5051 5066/1/5053
f 4514/1/4499 5060/1/5047 5067/1/5051
f 5068/1/5052 5067/1/5051 5060/1/5047
f 5007/1/4991 5069/1/5055 5070/1/5054
f 5068/1/5052 5070/1/5054 5069/1/5055
f 5059/1/5044 5063/1/5049 5070/1/5054
f 5006/1/4990 5070/1/5054 5063/1/5049
f 5029/1/5014 5028/1/5013 5071/1/5056
f 4525/1/4510 5071/1/5056 5028/1/5013
f 4520/1/4505 5066/1/5053 5071/1/5056
f 5072/1/5057 5071/1/5056 5066/1/5053
f 5023/1/5008 5073/1/5059 5074/1/5058
f 5072/1/5057 5074/1/5058 5073/1/5059
f 5065/1/5050 5069/1/5055 5074/1/5058
f 5021/1/5006 5074/1/5058 5069/1/5055
f 5039/1/5024 5075/1/5061 5076/1/5060
f 4552/1/4536 4551/1/4535 5075/1/5061
f 5077/1/5062 5075/1/5061 4551/1/4535
f 5076/1/5060 5075/1/5061 5077/1/5062
f 5079/1/5064 5080/1/5065 5076/1/5060
f 5015/1/4999 5014/1/4998 5080/1/5065
f 5044/1/5029 5080/1/5065 5014/1/4998
f 5040/1/5025 5076/1/5060 5080/1/5065
f 4546/1/4530 4545/1/4529 5081/1/5066
f 5027/1/5012 5081/1/5066 4545/1/4529
f 5031/1/5016 5082/1/5067 5081/1/5066
f 5077/1/5062 5081/1/5066 5082/1/5067
f 5079/1/5064 5078/1/5063 5082/1/5067
f 5084/1/5069 5083/1/5068 5082/1/5067
f 5084/1/5069 5016/1/5001 5019/1/5003
f 5015/1/4999 5079/1/5064 5083/1/5068
f 5031/1/5016 5030/1/5015 5085/1/5070
f 5073/1/5059 5085/1/5070 5030/1/5015
f 5023/1/5008 5025/1/5010 5085/1/5070
f 5084/1/5069 5085/1/5070 5025/1/5010
f 5086/1/5071 5087/1/5077 5088/1/5072
f 5090/1/5074 5087/1/5077 5086/1/5071
f 5092/1/5076 5093/1/5079 5087/1/5077
f 5094/1/5078 5088/1/5072 5087/1/5077
f 5099/1/5084 5100/1/5085 5095/1/5080
f 5091/1/5075 5086/1/5071 5095/1/5080
f 5102/1/5087 5101/1/5086 5103/1/5088
f 5098/1/5083 5101/1/5086 5106/1/5091
f 5107/1/5092 5108/1/5095 5109/1/5093
f 4273/1/4258 5109/1/5093 5108/1/5095
f 4201/1/4186 5111/1/5097 5109/1/5093
f 5112/1/5096 5110/1/5094 5109/1/5093
f 5105/1/5090 5113/1/5100 5114/1/5098
f 5110/1/5094 5114/1/5098 5113/1/5100
f 5116/1/5101 5114/1/5098 5110/1/5094
f 5117/1/5102 5115/1/5099 5114/1/5098
f 5119/1/5104 5118/1/5103 4199/1/4184
f 5120/1/5105 5121/1/5106 5118/1/5103
f 5111/1/5097 5118/1/5103 5121/1/5106
f 5122/1/5107 5123/1/5110 5124/1/5108
f 5116/1/5101 5124/1/5108 5123/1/5110
f 5112/1/5096 5121/1/5106 5124/1/5108
f 5125/1/5109 5124/1/5108 5121/1/5106
f 5099/1/5084 5106/1/5091 5126/1/5111
f 5115/1/5099 5126/1/5111 5106/1/5091
f 5117/1/5102 5128/1/5113 5126/1/5111
f 5127/1/5112 5126/1/5111 5128/1/5113
f 5129/1/5114 5128/1/5113 5130/1/5115
f 5117/1/5102 5123/1/5110 5130/1/5115
f 5132/1/5117 5130/1/5115 5123/1/5110
f 5133/1/5118 5131/1/5116 5130/1/5115
f 5122/1/5107 5125/1/5109 5134/1/5119
f 5135/1/5120 5134/1/5119 5125/1/5109
f 5136/1/5121 5137/1/5122 5134/1/5119
f 5132/1/5117 5134/1/5119 5137/1/5122
f 5138/1/5123 5139/1/5126 5140/1/5124
f 5100/1/5085 5140/1/5124 5139/1/5126
f 5099/1/5084 5127/1/5112 5140/1/5124
f 5141/1/5125 5140/1/5124 5127/1/5112
f 5141/1/5125 5142/1/5127 5145/1/5130
f 5141/1/5125 5129/1/5114 5131/1/5116
f 5143/1/5128 5142/1/5127 5131/1/5116
f 5091/1/5075 5139/1/5126 5146/1/5131
f 5147/1/5132 5146/1/5131 5139/1/5126
f 5148/1/5133 5149/1/5134 5146/1/5131
f 5090/1/5074 5146/1/5131 5149/1/5134
f 5150/1/5135 5151/1/5138 5152/1/5136
f 5147/1/5132 5152/1/5136 5151/1/5138
f 5138/1/5123 5145/1/5130 5152/1/5136
f 5153/1/5137 5152/1/5136 5145/1/5130
f 5155/1/5140 5154/1/5139 5137/1/5122
f 5156/1/5141 5157/1/5142 5154/1/5139
f 5143/1/5128 5154/1/5139 5157/1/5142
f 5158/1/5143 5159/1/5147 5160/1/5144
f 5162/1/5146 5160/1/5144 5159/1/5147
f 5089/1/5073 5088/1/5072 5160/1/5144
f 5161/1/5145 5160/1/5144 5088/1/5072
f 5168/1/5153 5169/1/5157 5165/1/5150
f 5093/1/5079 5170/1/6193 5168/1/5153
f 5171/1/5154 5170/1/6193 5093/1/5079
f 5172/1/5155 5170/1/6193 5171/1/5154
f 5168/1/5153 5170/1/6193 5172/1/5155
f 5092/1/5076 5149/1/5134 5174/1/5158
f 5175/1/5159 5174/1/5158 5149/1/5134
f 5176/1/5160 5177/1/5161 5174/1/5158
f 5173/1/5156 5171/1/5154 5174/1/5158
f 5178/1/5162 5179/1/5165 5180/1/5163
f 5175/1/5159 5180/1/5163 5179/1/5165
f 5148/1/5133 5151/1/5138 5180/1/5163
f 5181/1/5164 5180/1/5163 5151/1/5138
f 5182/1/5166 5178/1/5162 5181/1/5164
f 5184/1/5168 5183/1/5167 5181/1/5164
f 5185/1/5169 5186/1/5171 5183/1/5167
f 5187/1/5170 5182/1/5166 5183/1/5167
f 5163/1/5148 5190/1/5174 5188/1/5172
f 5189/1/5173 5188/1/5172 5190/1/5174
f 5192/1/5176 5193/1/5179 5194/1/5177
f 4330/1/4315 5194/1/5177 5193/1/5179
f 4274/1/4259 5108/1/5095 5194/1/5177
f 5195/1/5178 5194/1/5177 5108/1/5095
f 5107/1/5092 5113/1/5100 5196/1/5180
f 5102/1/5087 5196/1/5180 5113/1/5100
f 5104/1/5089 5197/1/5181 5196/1/5180
f 5195/1/5178 5196/1/5180 5197/1/5181
f 5104/1/5089 5103/1/5088 5198/1/5182
f 5189/1/5173 5198/1/5182 5103/1/5088
f 5191/1/5175 5199/1/5183 5198/1/5182
f 5197/1/5181 5198/1/5182 5199/1/5183
f 4331/1/4316 5200/1/5184 5203/1/5187
f 4327/1/4312 5193/1/5179 5200/1/5184
f 5201/1/5185 5200/1/5184 5193/1/5179
f 5204/1/5188 5205/1/5191 5206/1/5189
f 5201/1/5185 5206/1/5189 5205/1/5191
f 5192/1/5176 5208/1/5192 5206/1/5189
f 5207/1/5190 5206/1/5189 5208/1/5192
f 5213/1/5197 5214/1/5201 5215/1/5198
f 5217/1/5200 5215/1/5198 5214/1/5201
f 5204/1/5188 5207/1/5190 5215/1/5198
f 5216/1/5199 5215/1/5198 5207/1/5190
f 5209/1/5193 5219/1/5205 5220/1/5203
f 5221/1/5204 5220/1/5203 5219/1/5205
f 5222/1/5206 5223/1/5207 5220/1/5203
f 5213/1/5197 5223/1/5207 5224/1/5208
f 5229/1/5213 5225/1/5209 5224/1/5208
f 5218/1/5202 5214/1/5201 5230/1/5214
f 5225/1/5209 5230/1/5214 5214/1/5201
f 5229/1/5213 5232/1/5216 5230/1/5214
f 5231/1/5215 5230/1/5214 5232/1/5216
f 5234/1/5218 5235/1/5221 5236/1/5219
f 5182/1/5166 5236/1/5219 5235/1/5221
f 5238/1/5222 5236/1/5219 5182/1/5166
f 5237/1/5220 5236/1/5219 5238/1/5222
f 5234/1/5218 5242/1/5226 5240/1/5224
f 5177/1/5161 5244/1/6194 5245/1/5228
f 5241/1/5225 5244/1/6194 5177/1/5161
f 5246/1/5229 5244/1/6194 5241/1/5225
f 5245/1/5228 5244/1/6194 5246/1/5229
f 5169/1/5157 5172/1/5155 5248/1/5231
f 5173/1/5156 5245/1/5228 5248/1/5231
f 5247/1/5230 5250/1/5234 5248/1/5231
f 5251/1/5233 5249/1/5232 5248/1/5231
f 5252/1/5235 5253/1/6182 5249/1/5232
f 5254/1/5236 5253/1/6182 5252/1/5235
f 5249/1/5232 5253/1/6182 5165/1/5150
f 5158/1/5143 5167/1/5152 5256/1/5238
f 5166/1/5151 5254/1/5236 5256/1/5238
f 5255/1/5237 5258/1/5240 5256/1/5238
f 5257/1/5239 5256/1/5238 5258/1/5240
f 5255/1/5237 5252/1/5235 5260/1/5242
f 5251/1/5233 5261/1/5244 5260/1/5242
f 5262/1/5243 5260/1/5242 5261/1/5244
f 5259/1/5241 5258/1/5240 5260/1/5242
f 5163/1/5148 5159/1/5147 5264/1/5246
f 5257/1/5239 5264/1/5246 5159/1/5147
f 5259/1/5241 5266/1/5248 5264/1/5246
f 5265/1/5247 5264/1/5246 5266/1/5248
f 5191/1/5175 5190/1/5174 5268/1/5250
f 5265/1/5247 5268/1/5250 5190/1/5174
f 5267/1/5249 5270/1/5252 5268/1/5250
f 5269/1/5251 5268/1/5250 5270/1/5252
f 5185/1/5169 5184/1/5168 5272/1/5254
f 5153/1/5137 5272/1/5254 5184/1/5168
f 5144/1/5129 5157/1/5142 5272/1/5254
f 5273/1/5255 5272/1/5254 5157/1/5142
f 5274/1/5256 5275/1/5259 5276/1/5257
f 5239/1/5223 5238/1/5222 5276/1/5257
f 5187/1/5170 5186/1/5171 5276/1/5257
f 5277/1/5258 5276/1/5257 5186/1/5171
f 5278/1/5260 5279/1/5263 5280/1/5261
f 5277/1/5258 5280/1/5261 5279/1/5263
f 5185/1/5169 5273/1/5255 5280/1/5261
f 5281/1/5262 5280/1/5261 5273/1/5255
f 5282/1/5264 5283/1/5267 5284/1/5265
f 5278/1/5260 5281/1/5262 5283/1/5267
f 5156/1/5141 5284/1/5265 5283/1/5267
f 5239/1/5223 5275/1/5259 5286/1/5268
f 5287/1/5269 5286/1/5268 5275/1/5259
f 5288/1/5270 5289/1/5271 5286/1/5268
f 5237/1/5220 5286/1/5268 5289/1/5271
f 5290/1/5272 5291/1/5275 5292/1/5273
f 5287/1/5269 5292/1/5273 5291/1/5275
f 5274/1/5256 5279/1/5263 5292/1/5273
f 5293/1/5274 5292/1/5273 5279/1/5263
f 5234/1/5218 5289/1/5271 5294/1/5276
f 5295/1/5277 5294/1/5276 5289/1/5271
f 5296/1/5278 5297/1/5279 5294/1/5276
f 5242/1/5226 5294/1/5276 5297/1/5279
f 5243/1/5227 5297/1/5279 5298/1/5280
f 5299/1/5281 5298/1/5280 5297/1/5279
f 5300/1/5282 5301/1/5283 5298/1/5280
f 5247/1/5230 5246/1/5229 5298/1/5280
f 5263/1/5245 5261/1/5244 5302/1/5284
f 5250/1/5234 5302/1/5284 5261/1/5244
f 5247/1/5230 5301/1/5283 5302/1/5284
f 5303/1/5285 5302/1/5284 5301/1/5283
f 5262/1/5243 5304/1/5288 5266/1/5248
f 5305/1/5286 5304/1/5288 5262/1/5243
f 5306/1/5287 5307/1/5289 5304/1/5288
f 5295/1/5277 5308/1/5291 5309/1/5290
f 5288/1/5270 5291/1/5275 5308/1/5291
f 5310/1/5292 5308/1/5291 5291/1/5275
f 5310/1/5292 5311/1/5319 5309/1/5290
f 5296/1/5278 5309/1/5290 5312/1/5293
f 5309/1/5290 5311/1/5319 5313/1/5294
f 5314/1/5295 5312/1/5293 5313/1/5294
f 5300/1/5282 5299/1/5281 5312/1/5293
f 5314/1/5295 5316/1/5297 5303/1/5285
f 5315/1/5296 5317/1/5298 5316/1/5297
f 5305/1/5286 5316/1/5297 5317/1/5298
f 5320/1/5301 5318/1/5299 5317/1/5298
f 5321/1/5302 5322/1/5303 5318/1/5299
f 5319/1/5300 5318/1/5299 5322/1/5303
f 5307/1/5289 5324/1/5305 5270/1/5252
f 5271/1/5253 5270/1/5252 5324/1/5305
f 5269/1/5251 5326/1/5307 5211/1/5195
f 5227/1/5211 5226/1/5210 5330/1/5311
f 5325/1/5306 5332/1/5315 5328/1/5309
f 5333/1/5313 5332/1/5315 5325/1/5306
f 5334/1/5314 5335/1/5316 5332/1/5315
f 5337/1/5318 5336/1/5317 5313/1/5294
f 5338/1/5320 5339/1/5321 5336/1/5317
f 5320/1/5301 5336/1/5317 5339/1/5321
f 5340/1/5322 5341/1/5325 5342/1/5323
f 5333/1/5313 5342/1/5323 5341/1/5325
f 5343/1/5324 5342/1/5323 5322/1/5303
f 5344/1/5326 5345/1/5329 5346/1/5327
f 5204/1/5188 5217/1/5200 5345/1/5329
f 5218/1/5202 5231/1/5215 5345/1/5329
f 5233/1/5217 5346/1/5327 5345/1/5329
f 5227/1/5211 5331/1/5312 5348/1/5330
f 5350/1/5332 5351/1/5333 5348/1/5330
f 5228/1/5212 5348/1/5330 5351/1/5333
f 5334/1/5314 5341/1/5325 5352/1/5334
f 5353/1/5335 5352/1/5334 5341/1/5325
f 5233/1/5217 5232/1/5216 5354/1/5336
f 5351/1/5333 5354/1/5336 5232/1/5216
f 5355/1/5337 5354/1/5336 5351/1/5333
f 5346/1/5327 5354/1/5336 5355/1/5337
f 4194/1/4179 4193/1/4178 5356/1/5338
f 5357/1/5339 5356/1/5338 4193/1/4178
f 5358/1/5340 5359/1/5341 5356/1/5338
f 5119/1/5104 5356/1/5338 5359/1/5341
f 4197/1/4182 4277/1/4264 5360/1/5342
f 4335/1/4320 5360/1/5342 4277/1/4264
f 4338/1/4322 5361/1/5343 5360/1/5342
f 5357/1/5339 5360/1/5342 5361/1/5343
f 5362/1/5344 5363/1/5347 5364/1/5345
f 4337/1/4321 5364/1/5345 5363/1/5347
f 4333/1/4317 5203/1/5187 5364/1/5345
f 5365/1/5346 5364/1/5345 5203/1/5187
f 5202/1/5186 5205/1/5191 5366/1/5348
f 5344/1/5326 5366/1/5348 5205/1/5191
f 5367/1/5349 5366/1/5348 5344/1/5326
f 5365/1/5346 5366/1/5348 5367/1/5349
f 5347/1/5328 5355/1/5337 5372/1/5354
f 5376/1/5358 5377/1/5361 5378/1/5359
f 5135/1/5120 5378/1/5359 5377/1/5361
f 5120/1/5105 5359/1/5341 5378/1/5359
f 5379/1/5360 5378/1/5359 5359/1/5341
f 5285/1/5266 5284/1/5265 5380/1/5362
f 5155/1/5140 5380/1/5362 5284/1/5265
f 5136/1/5121 5377/1/5361 5380/1/5362
f 5381/1/5363 5380/1/5362 5377/1/5361
f 5374/1/5356 5382/1/5365 5383/1/5364
f 5367/1/5349 5383/1/5364 5382/1/5365
f 5347/1/5328 5375/1/5357 5383/1/5364
f 5338/1/5320 5337/1/5318 5384/1/5366
f 5310/1/5292 5384/1/5366 5337/1/5318
f 5290/1/5272 5386/1/5368 5384/1/5366
f 5381/1/5363 5389/1/5371 5388/1/5370
f 5376/1/5358 5390/1/5372 5389/1/5371
f 5390/1/5372 5391/1/5379 5392/1/5373
f 5293/1/5274 5393/1/5374 5386/1/5368
f 5285/1/5266 5388/1/5370 5393/1/5374
f 5394/1/5375 5395/1/5378 5396/1/5376
f 5395/1/5378 5398/1/5380 5339/1/5321
f 5399/1/5381 5398/1/5380 5395/1/5378
f 5343/1/5324 5398/1/5380 5399/1/5381
f 5353/1/5335 5400/1/5382 5373/1/5355
f 5340/1/5322 5399/1/5381 5400/1/5382
f 5401/1/5383 5400/1/5382 5399/1/5381
f 5391/1/5379 5403/1/5385 5402/1/5384
f 5401/1/5383 5402/1/5384 5403/1/5385
f 5379/1/5360 5404/1/5386 5390/1/5372
f 5368/1/5350 5404/1/5386 5379/1/5360
f 5371/1/5353 5405/1/5387 5404/1/5386
f 5390/1/5372 5404/1/5386 5405/1/5387
f 5371/1/5353 5370/1/5352 5406/1/5388
f 5382/1/5365 5406/1/5388 5370/1/5352
f 5403/1/5385 5406/1/5388 5382/1/5365
f 5405/1/5387 5406/1/5388 5403/1/5385
f 3150/1/3137 5407/1/5389 5410/1/5392
f 5408/1/5390 5407/1/5389 2496/1/2488
f 5411/1/5393 5412/1/5396 5413/1/5394
f 3164/1/3151 5412/1/5396 5411/1/5393
f 3158/1/3145 5415/1/5397 5412/1/5396
f 5413/1/5394 5412/1/5396 5415/1/5397
f 3156/1/3144 5416/1/5398 5415/1/5397
f 3142/1/3129 5416/1/5398 3156/1/3144
f 3145/1/3131 5410/1/5392 5416/1/5398
f 5415/1/5397 5416/1/5398 5410/1/5392
f 5418/1/5400 5417/1/5399 2503/1/2494
f 5419/1/5401 5417/1/5399 5418/1/5400
f 5414/1/5395 5413/1/5394 5421/1/5403
f 5424/1/5406 5425/1/5407 5421/1/5403
f 5420/1/5402 5418/1/5400 5427/1/5409
f 2507/1/2498 2517/1/2507 5427/1/5409
f 2516/1/2506 5429/1/5411 5427/1/5409
f 5423/1/5405 5431/1/5414 5432/1/5413
f 5420/1/5402 5428/1/5410 5431/1/5414
f 2525/1/2516 5433/1/5415 5429/1/5411
f 2524/1/2515 5435/1/5417 5433/1/5415
f 5434/1/5416 5433/1/5415 5435/1/5417
f 5424/1/5406 5432/1/5413 5440/1/5422
f 5436/1/5418 5437/1/5419 5440/1/5422
f 5426/1/5408 5425/1/5407 5441/1/5423
f 5439/1/5421 5441/1/5423 5425/1/5407
f 5442/1/5424 5441/1/5423 5443/1/5425
f 5445/1/5427 5446/1/5431 5447/1/5428
f 5449/1/5430 5447/1/5428 5446/1/5431
f 5451/1/5433 5447/1/5428 5449/1/5430
f 5448/1/5429 5447/1/5428 5451/1/5433
f 2557/1/2547 2560/1/2549 5454/1/5436
f 2562/1/2947 5456/1/5438 5454/1/5436
f 5453/1/5435 5451/1/5433 5454/1/5436
f 5457/1/5439 5458/1/5443 5459/1/5440
f 5461/1/5442 5459/1/5440 5458/1/5443
f 5463/1/5445 5464/1/5446 5459/1/5440
f 5460/1/5441 5459/1/5440 5464/1/5446
f 2571/1/2560 2557/1/2547 5455/1/5437
f 5452/1/5434 5464/1/5446 5465/1/5447
f 5466/1/5448 5465/1/5447 5464/1/5446
f 5466/1/5448 2573/1/2561 2571/1/2560
f 5462/1/5444 5467/1/5451 5468/1/5449
f 5469/1/5450 5468/1/5449 5467/1/5451
f 5471/1/5453 5472/1/5454 5468/1/5449
f 5461/1/5442 5468/1/5449 5472/1/5454
f 2573/1/2561 5466/1/5448 5473/1/5455
f 5463/1/5445 5472/1/5454 5473/1/5455
f 5472/1/5454 5471/1/5453 5474/1/5456
f 2581/1/2570 5473/1/5455 5474/1/5456
f 5475/1/5457 5476/1/5460 5477/1/5458
f 5481/1/5463 5482/1/5466 5483/1/5464
f 5475/1/5457 5478/1/5459 5482/1/5466
f 2598/1/2586 5482/1/5466 5478/1/5459
f 2599/1/2588 5483/1/5464 5482/1/5466
f 5485/1/5467 5486/1/5470 5487/1/5468
f 5484/1/5465 5483/1/5464 5486/1/5470
f 2604/1/2592 5486/1/5470 5483/1/5464
f 2605/1/2594 5487/1/5468 5486/1/5470
f 5470/1/5452 5489/1/5473 5490/1/5471
f 5491/1/5472 5490/1/5471 5489/1/5473
f 5493/1/5475 5494/1/5476 5490/1/5471
f 5469/1/5450 5490/1/5471 5494/1/5476
f 5493/1/5475 5491/1/5472 5498/1/5480
f 5492/1/5474 5495/1/5477 5498/1/5480
f 2583/1/2571 5474/1/5456 5499/1/5481
f 5494/1/5476 5499/1/5481 5474/1/5456
f 5493/1/5475 5500/1/5482 5499/1/5481
f 2616/1/2605 5499/1/5481 5500/1/5482
f 2620/1/2609 2623/1/2611 5501/1/5483
f 5500/1/5482 5501/1/5483 2623/1/2611
f 5493/1/5475 5497/1/5479 5501/1/5483
f 5502/1/5484 5501/1/5483 5497/1/5479
f 5503/1/5485 5504/1/5486 5502/1/5484
f 5488/1/5469 5487/1/5468 5504/1/5486
f 2626/1/2615 5504/1/5486 5487/1/5468
f 2620/1/2609 5502/1/5484 5504/1/5486
f 5505/1/5487 5506/1/5490 5507/1/5488
f 5508/1/5489 5507/1/5488 5512/1/5494
f 5514/1/5496 5515/1/5499 5516/1/5497
f 5508/1/5489 5516/1/5497 5515/1/5499
f 5513/1/5495 5517/1/5498 5516/1/5497
f 5513/1/5495 5518/1/5501 5519/1/5500
f 5517/1/5498 5519/1/5500 5523/1/5505
f 5526/1/5508 5527/1/6183 5525/1/5507
f 5529/1/5510 5526/1/5508 5530/1/5511
f 2659/1/2647 5534/1/5516 5535/1/5515
f 2591/1/2580 5480/1/5462 5534/1/5516
f 5536/1/5517 5535/1/5515 5534/1/5516
f 5538/1/5519 5539/1/5522 5540/1/5520
f 5525/1/5507 5540/1/5520 5539/1/5522
f 5542/1/5523 5541/1/5521 5540/1/5520
f 5528/1/5509 5539/1/5522 5544/1/5525
f 5545/1/5526 5544/1/5525 5539/1/5522
f 5546/1/5527 5547/1/5528 5544/1/5525
f 5536/1/5517 5548/1/5532 5549/1/5529
f 5551/1/5531 5549/1/5529 5548/1/5532
f 5553/1/5534 5554/1/5535 5549/1/5529
f 5550/1/5530 5549/1/5529 5554/1/5535
f 5550/1/5530 5556/1/5537 5535/1/5515
f 5555/1/5536 5557/1/5538 5556/1/5537
f 2681/1/2670 5556/1/5537 5557/1/5538
f 2656/1/2645 5535/1/5515 5556/1/5537
f 5532/1/5513 5547/1/5528 5558/1/5539
f 5560/1/5541 5558/1/5539 5547/1/5528
f 5561/1/5542 5562/1/5543 5558/1/5539
f 5551/1/5531 5564/1/5546 5565/1/5545
f 5552/1/5533 5566/1/5547 5564/1/5546
f 5563/1/5544 5562/1/5543 5564/1/5546
f 5565/1/5545 5564/1/5546 5562/1/5543
f 5567/1/5548 3267/1/3253 3266/1/3252
f 5569/1/5550 5568/1/5549 3266/1/3252
f 5570/1/5551 5571/1/5552 5568/1/5549
f 5567/1/5548 5568/1/5549 5571/1/5552
f 3244/1/3230 3247/1/3232 5572/1/5554
f 3276/1/3261 5572/1/5554 3247/1/3232
f 3275/1/5553 5571/1/5552 5572/1/5554
f 5569/1/5550 5577/1/5559 5576/1/5558
f 3265/1/3251 5574/1/5556 5577/1/5559
f 3244/1/3230 5573/1/5555 5578/1/5560
f 5570/1/5551 5579/1/5562 5578/1/5560
f 5580/1/5561 5578/1/5560 5579/1/5562
f 3256/1/3241 5578/1/5560 5580/1/5561
f 5582/1/5564 5583/1/5568 5584/1/5565
f 5586/1/5567 5584/1/5565 5583/1/5568
f 5588/1/5570 5584/1/5565 5586/1/5567
f 5585/1/5566 5584/1/5565 5588/1/5570
f 5581/1/5563 5579/1/5562 5590/1/5572
f 5575/1/5557 5591/1/5573 5590/1/5572
f 5585/1/5566 5590/1/5572 5591/1/5573
f 5575/1/5557 5574/1/5556 5592/1/5574
f 3264/1/3250 5594/1/5576 5592/1/5574
f 5596/1/5578 5597/1/5581 5598/1/5579
f 5599/1/5580 5598/1/5579 5600/1/5582
f 5582/1/5564 5591/1/5573 5601/1/5583
f 5593/1/5575 5601/1/5583 5591/1/5573
f 5595/1/5577 5603/1/5585 5601/1/5583
f 5602/1/5584 5601/1/5583 5603/1/5585
f 5596/1/5578 5599/1/5580 5605/1/5587
f 5583/1/5568 5605/1/5587 5599/1/5580
f 5602/1/5584 5605/1/5587 5583/1/5568
f 5604/1/5586 5606/1/5588 5605/1/5587
f 5609/1/5591 5607/1/5589 5586/1/5567
f 5612/1/5594 5611/1/5593 5613/1/5595
f 5610/1/5592 5616/1/5600 5617/1/5598
f 5618/1/5599 5617/1/5598 5616/1/5600
f 5623/1/5605 5624/1/5606 5620/1/5602
f 5621/1/5603 5620/1/5602 5624/1/5606
f 5587/1/5569 5600/1/5582 5625/1/5607
f 5621/1/5603 5625/1/5607 5600/1/5582
f 5619/1/5601 5616/1/5600 5625/1/5607
f 5609/1/5591 5625/1/5607 5616/1/5600
f 5619/1/5601 5624/1/5606 5626/1/5608
f 5627/1/5609 5626/1/5608 5624/1/5606
f 5628/1/5610 5629/1/5614 5630/1/5611
f 5632/1/5613 5630/1/5611 5629/1/5614
f 5634/1/5616 5635/1/5617 5630/1/5611
f 5631/1/5612 5630/1/5611 5635/1/5617
f 5637/1/5619 5638/1/6195 5629/1/5614
f 3253/1/3239 5580/1/5561 5639/1/5620
f 5588/1/5570 5639/1/5620 5580/1/5561
f 5589/1/5571 5641/1/5622 5639/1/5620
f 5640/1/5621 5639/1/5620 5641/1/5622
f 5636/1/5618 5641/1/5622 5642/1/5623
f 5608/1/5590 5642/1/5623 5641/1/5622
f 5612/1/5594 5643/1/5624 5642/1/5623
f 5631/1/5612 5642/1/5623 5643/1/5624
f 3258/1/3244 3254/1/3243 5644/1/5625
f 5640/1/5621 5644/1/5625 3254/1/3243
f 5636/1/5618 5635/1/5617 5644/1/5625
f 5645/1/5626 5644/1/5625 5635/1/5617
f 5650/1/5631 5651/1/6196 5652/1/5632
f 5628/1/5610 5643/1/5624 5652/1/5632
f 5648/1/5629 5653/1/5633 5622/1/5604
f 5654/1/5634 5653/1/5633 5655/1/5635
f 5656/1/5636 5657/1/5651 5658/1/5637
f 5654/1/5634 5658/1/5637 5627/1/5609
f 5533/1/5514 5659/1/5638 5646/1/5627
f 5661/1/5640 5659/1/5638 5533/1/5514
f 5656/1/5636 5655/1/5635 5663/1/5642
f 5662/1/5641 5665/1/5644 5663/1/5642
f 5664/1/5643 5663/1/5642 5665/1/5644
f 5667/1/5646 5668/1/5664 5669/1/5647
f 5667/1/5646 5670/1/5648 5671/1/5649
f 5666/1/5645 5671/1/5649 5672/1/5650
f 5664/1/5643 5672/1/5650 5657/1/5651
f 5662/1/5641 5661/1/5640 5673/1/5652
f 5559/1/5540 5673/1/5652 5661/1/5640
f 5674/1/5653 5673/1/5652 5675/1/5654
f 5666/1/5645 5665/1/5644 5677/1/5656
f 5674/1/5653 5677/1/5656 5665/1/5644
f 5678/1/5657 5677/1/5656 5674/1/5653
f 5678/1/5657 5668/1/5664 5667/1/5646
f 5676/1/5655 5675/1/5654 5683/1/5662
f 5566/1/5547 5683/1/5662 5675/1/5654
f 5682/1/5661 5683/1/5662 5566/1/5547
f 5681/1/5660 5684/1/5663 5683/1/5662
f 5668/1/5664 5678/1/5657 5685/1/5665
f 5684/1/5663 5685/1/5665 5678/1/5657
f 5687/1/5667 5685/1/5665 5684/1/5663
f 5688/1/5668 5686/1/5666 5685/1/5665
f 5688/1/5668 5689/1/5672 5690/1/5669
f 5692/1/5671 5690/1/5669 5689/1/5672
f 5691/1/5670 5694/1/5674 5686/1/5666
f 5668/1/5664 5686/1/5666 5694/1/5674
f 5695/1/5675 5696/1/5678 5697/1/5676
f 5680/1/5659 5697/1/5676 5696/1/5678
f 5479/1/5461 5476/1/5460 5697/1/5676
f 5698/1/5677 5697/1/5676 5476/1/5460
f 5693/1/5673 5689/1/5672 5699/1/5679
f 5687/1/5667 5699/1/5679 5689/1/5672
f 5700/1/5680 5699/1/5679 5696/1/5678
f 5693/1/5673 5701/1/5683 5702/1/5681
f 5703/1/5682 5702/1/5681 5701/1/5683
f 5705/1/5685 5706/1/5688 5707/1/5686
f 5475/1/5457 5481/1/5463 5707/1/5686
f 5708/1/5687 5707/1/5686 5481/1/5463
f 5704/1/5684 5701/1/5683 5709/1/5689
f 5700/1/5680 5709/1/5689 5701/1/5683
f 5695/1/5675 5706/1/5688 5709/1/5689
f 5704/1/5684 5711/1/5692 5712/1/5691
f 5708/1/5687 5715/1/5695 5718/1/5698
f 5484/1/5465 5485/1/5467 5715/1/5695
f 5488/1/5469 5716/1/5696 5715/1/5695
f 5713/1/5693 5711/1/5692 5719/1/5699
f 5720/1/5700 5719/1/5699 5718/1/5698
f 5713/1/5693 5721/1/5703 5722/1/5701
f 5723/1/5702 5722/1/5701 5721/1/5703
f 5717/1/5697 5716/1/5696 5725/1/5705
f 5496/1/5478 5727/1/5707 5725/1/5705
f 5726/1/5706 5725/1/5705 5727/1/5707
f 5724/1/5704 5721/1/5703 5729/1/5709
f 5720/1/5700 5729/1/5709 5721/1/5703
f 5717/1/5697 5726/1/5706 5729/1/5709
f 5728/1/5708 5730/1/5710 5729/1/5709
f 5724/1/5704 5731/1/5713 5732/1/5711
f 5733/1/5712 5732/1/5711 5731/1/5713
f 5728/1/5708 5727/1/5707 5735/1/5715
f 5495/1/5477 5735/1/5715 5727/1/5707
f 5492/1/5474 5737/1/5717 5735/1/5715
f 5736/1/5716 5735/1/5715 5737/1/5717
f 5736/1/5716 5739/1/5719 5730/1/5710
f 5734/1/5714 5731/1/5713 5739/1/5719
f 5734/1/5714 5741/1/5723 5742/1/5721
f 5743/1/5722 5742/1/5721 5741/1/5723
f 5745/1/5725 5746/1/5728 5747/1/5726
f 5737/1/5717 5747/1/5726 5746/1/5728
f 5492/1/5474 5489/1/5473 5747/1/5726
f 5748/1/5727 5747/1/5726 5489/1/5473
f 5744/1/5724 5741/1/5723 5749/1/5729
f 5740/1/5720 5749/1/5729 5741/1/5723
f 5738/1/5718 5746/1/5728 5749/1/5729
f 5750/1/5730 5749/1/5729 5746/1/5728
f 5751/1/5731 5752/1/5734 5753/1/5732
f 5744/1/5724 5753/1/5732 5752/1/5734
f 5755/1/5735 5756/1/5738 5757/1/5736
f 5748/1/5727 5757/1/5736 5756/1/5738
f 5470/1/5452 5467/1/5451 5757/1/5736
f 5758/1/5737 5757/1/5736 5467/1/5451
f 5754/1/5733 5753/1/5732 5759/1/5739
f 5750/1/5730 5759/1/5739 5753/1/5732
f 5745/1/5725 5756/1/5738 5759/1/5739
f 5760/1/5740 5759/1/5739 5756/1/5738
f 5754/1/5733 5761/1/5743 5762/1/5741
f 5763/1/5742 5762/1/5741 5761/1/5743
f 5765/1/5745 5766/1/5748 5767/1/5746
f 5758/1/5737 5767/1/5746 5766/1/5748
f 5462/1/5444 5458/1/5443 5767/1/5746
f 5764/1/5744 5761/1/5743 5769/1/5749
f 5760/1/5740 5769/1/5749 5761/1/5743
f 5755/1/5735 5766/1/5748 5769/1/5749
f 5770/1/5750 5769/1/5749 5766/1/5748
f 5771/1/5751 5772/1/5769 5773/1/5752
f 5774/1/5753 5773/1/5752 5763/1/5742
f 5764/1/5744 5770/1/5750 5775/1/5754
f 5765/1/5745 5776/1/5756 5775/1/5754
f 5777/1/5755 5778/1/5757 5775/1/5754
f 5774/1/5753 5775/1/5754 5778/1/5757
f 5780/1/5759 5779/1/5758 5449/1/5430
f 5776/1/5756 5783/1/5763 5784/1/5762
f 5768/1/5747 5783/1/5763 5776/1/5756
f 5457/1/5439 5782/1/5761 5783/1/5763
f 5780/1/5759 5785/1/5765 5786/1/5764
f 5787/1/5766 5788/1/6197 5789/1/5767
f 5790/1/5768 5789/1/5767 5772/1/5769
f 5786/1/5764 5791/1/5770 5784/1/5762
f 5793/1/5772 5794/1/5773 5791/1/5770
f 5792/1/5771 5791/1/5770 5794/1/5773
f 5771/1/5751 5778/1/5757 5796/1/5775
f 5792/1/5771 5796/1/5775 5778/1/5757
f 5795/1/5774 5797/1/5776 5796/1/5775
f 5790/1/5768 5796/1/5775 5797/1/5776
f 5798/1/5777 5799/1/5782 5800/1/5778
f 3258/1/3244 5800/1/5778 5799/1/5782
f 5801/1/5779 5804/1/5784 5805/1/5783
f 5801/1/5779 5800/1/5778 5808/1/5787
f 5645/1/5626 5808/1/5787 5800/1/5778
f 5634/1/5616 5810/1/5789 5808/1/5787
f 5809/1/5788 5808/1/5787 5810/1/5789
f 5811/1/5790 5810/1/5789 5812/1/5791
f 5632/1/5613 5812/1/5791 5810/1/5789
f 5633/1/5615 5814/1/5793 5812/1/5791
f 5813/1/5792 5812/1/5791 5814/1/5793
f 5806/1/5785 5804/1/5784 5816/1/5795
f 5809/1/5788 5816/1/5795 5804/1/5784
f 5811/1/5790 5818/1/5797 5816/1/5795
f 5817/1/5796 5816/1/5795 5818/1/5797
f 5811/1/5790 5813/1/5792 5820/1/5799
f 5821/1/5800 5820/1/5799 5813/1/5792
f 5822/1/5801 5823/1/5802 5820/1/5799
f 5818/1/5797 5820/1/5799 5823/1/5802
f 5824/1/5803 5825/1/5806 5826/1/5804
f 3262/1/3247 5826/1/5804 5825/1/5806
f 3267/1/3253 5827/1/5805 5826/1/5804
f 3374/1/3360 3370/1/3359 5828/1/5807
f 3363/1/3348 5828/1/5807 3370/1/3359
f 3230/1/3349 5830/1/5809 5828/1/5807
f 5829/1/5808 5828/1/5807 5830/1/5809
f 5832/1/5811 5833/1/5814 5834/1/5812
f 5827/1/5805 5834/1/5812 5833/1/5814
f 3267/1/3253 5567/1/5548 5834/1/5812
f 5835/1/5813 5834/1/5812 5567/1/5548
f 5832/1/5811 5835/1/5813 5836/1/5815
f 3274/1/3260 5836/1/5815 5835/1/5813
f 3279/1/3264 5838/1/5818 5836/1/5815
f 5839/1/5817 5837/1/5816 5836/1/5815
f 3230/1/3349 3228/1/3215 5840/1/5819
f 5841/1/5820 5840/1/5819 3228/1/3215
f 5842/1/5821 5840/1/5819 5841/1/5820
f 5830/1/5809 5840/1/5819 5842/1/5821
f 5831/1/5810 5842/1/5821 5844/1/5823
f 5846/1/5825 5844/1/5823 5842/1/5821
f 5847/1/5826 5848/1/5827 5844/1/5823
f 5845/1/5824 5844/1/5823 5848/1/5827
f 5852/1/5831 5850/1/5829 5837/1/5816
f 5849/1/5828 5848/1/5827 5850/1/5829
f 5851/1/5830 5850/1/5829 5848/1/5827
f 5853/1/5832 5854/1/5838 5855/1/5833
f 5857/1/5835 5854/1/5838 5853/1/5832
f 5859/1/5837 5860/1/5839 5854/1/5838
f 5855/1/5833 5854/1/5838 5860/1/5839
f 5862/1/5841 5863/1/5842 5860/1/5839
f 5513/1/5495 5512/1/5494 5863/1/5842
f 5864/1/5843 5863/1/5842 5512/1/5494
f 5860/1/5839 5863/1/5842 5864/1/5843
f 5856/1/5834 5855/1/5833 5865/1/5844
f 5867/1/5846 5865/1/5844 5855/1/5833
f 5861/1/5840 5864/1/5843 5871/1/5850
f 5597/1/5581 5871/1/5850 5864/1/5843
f 5873/1/5852 5874/1/5855 5875/1/5853
f 5594/1/5576 5875/1/5853 5874/1/5855
f 5876/1/5854 5875/1/5853 5877/1/5856
f 5873/1/5852 5876/1/5854 5882/1/5861
f 5878/1/5857 5883/1/5862 5882/1/5861
f 5879/1/5858 5882/1/5861 5883/1/5862
f 5885/1/5864 5886/1/5867 5887/1/5865
f 5889/1/5868 5890/1/5871 5891/1/5869
f 5852/1/5831 5891/1/5869 5890/1/5871
f 5892/1/5870 5891/1/5869 5886/1/5867
f 3374/1/3360 5829/1/5808 5893/1/5872
f 5894/1/5873 5893/1/5872 5890/1/5871
f 3525/1/3511 5895/1/5874 3728/1/3713
f 3524/1/3510 5896/1/5888 5895/1/5874
f 5898/1/5876 5897/1/5875 5901/1/5879
f 3680/1/3666 3679/1/3665 5903/1/5881
f 5905/1/5883 5903/1/5881 3679/1/3665
f 5904/1/5882 5903/1/5881 5907/1/5885
f 5909/1/5887 5910/1/6198 5896/1/5888
f 5911/1/5889 5910/1/6198 5909/1/5887
f 5908/1/5886 5912/1/5892 5913/1/5890
f 5914/1/5891 5913/1/5890 5912/1/5892
f 5904/1/5882 5916/1/5894 3695/1/3681
f 5909/1/5887 5916/1/5894 5904/1/5882
f 3280/1/3265 3287/1/3271 5917/1/5895
f 5918/1/5896 5917/1/5895 3287/1/3271
f 5919/1/5897 5920/1/5898 5917/1/5895
f 3342/1/3327 5917/1/5895 5920/1/5898
f 3289/1/3274 5921/1/5900 5922/1/5899
f 5915/1/5893 5922/1/5899 5921/1/5900
f 3288/1/3272 5922/1/5899 5923/1/5901
f 5925/1/5903 5926/1/5904 5923/1/5901
f 3353/1/3338 5927/1/5905 5901/1/5879
f 3343/1/3328 5920/1/5898 5927/1/5905
f 5928/1/5906 5927/1/5905 5920/1/5898
f 5929/1/5907 5930/1/5910 5931/1/5908
f 5934/1/5912 5931/1/5908 5933/1/5911
f 5936/1/5914 5932/1/5909 5931/1/5908
f 5907/1/5885 5937/1/5915 5912/1/5892
f 5906/1/5884 5938/1/5916 5937/1/5915
f 5924/1/5902 5937/1/5915 5938/1/5916
f 5935/1/5913 5939/1/5918 5940/1/5917
f 3384/1/3370 5940/1/5917 5939/1/5918
f 5929/1/5907 5942/1/5922 5943/1/5920
f 3293/1/3277 3299/1/3286 5943/1/5920
f 5944/1/5921 5943/1/5920 3299/1/3286
f 5936/1/5914 5945/1/5924 5946/1/5923
f 5892/1/5870 5946/1/5923 5945/1/5924
f 5885/1/5864 5942/1/5922 5946/1/5923
f 3298/1/3283 3345/1/3330 5947/1/5925
f 3347/1/3332 5900/1/5878 5947/1/5925
f 5944/1/5921 5947/1/5925 5930/1/5910
f 5925/1/5903 5938/1/5916 5948/1/5926
f 5951/1/5929 5952/1/5930 5948/1/5926
f 5949/1/5927 5948/1/5926 5952/1/5930
f 5889/1/5868 5945/1/5924 5954/1/5932
f 5941/1/5919 5954/1/5932 5945/1/5924
f 5928/1/5906 5955/1/5933 5956/1/5934
f 5919/1/5897 5926/1/5904 5955/1/5933
f 3387/1/3373 3386/1/3372 5957/1/5935
f 5958/1/5936 5957/1/5935 3386/1/3372
f 5951/1/5929 5959/1/5937 5957/1/5935
f 3402/1/3388 5957/1/5935 5959/1/5937
f 3385/1/3371 5939/1/5918 5960/1/5938
f 5961/1/5939 5960/1/5938 5939/1/5918
f 5953/1/5931 5952/1/5930 5960/1/5938
f 5958/1/5936 5960/1/5938 5952/1/5930
f 5962/1/5940 5950/1/5928 5906/1/5884
f 3662/1/3648 3661/1/3647 5962/1/5940
f 3403/1/3389 5959/1/5937 5962/1/5940
f 5950/1/5928 5962/1/5940 5959/1/5937
f 5898/1/5876 5963/1/5941 5933/1/5911
f 5961/1/5939 5963/1/5941 5956/1/5934
f 2941/1/2928 2944/1/2930 5964/1/5942
f 738/1/734 3743/1/3728 5964/1/5942
f 3752/1/3737 5964/1/5942 3743/1/3728
f 3756/1/3741 5965/1/5943 5964/1/5942
f 5969/1/5947 5966/1/5944 5970/1/5948
f 5972/1/5950 5973/1/5951 5966/1/5944
f 5967/1/5945 5966/1/5944 5973/1/5951
f 5977/1/5955 5975/1/5953 3755/1/3740
f 5968/1/5946 5967/1/5945 5975/1/5953
f 5974/1/5952 5976/1/5954 5975/1/5953
f 5971/1/5949 5978/1/5957 5979/1/5956
f 5448/1/5429 5979/1/5956 5978/1/5957
f 5453/1/5435 5980/1/5958 5979/1/5956
f 5969/1/5947 5979/1/5956 5980/1/5958
f 2562/1/2947 2961/1/2949 5981/1/5959
f 5982/1/5960 5981/1/5959 2961/1/2949
f 5972/1/5950 5980/1/5958 5981/1/5959
f 5456/1/5438 5981/1/5959 5980/1/5958
f 2963/1/2951 2965/1/2953 5983/1/5961
f 5984/1/5962 5983/1/5961 2965/1/2953
f 5982/1/5960 5983/1/5961 5973/1/5951
f 2967/1/2955 2969/1/2957 5985/1/5963
f 5965/1/5943 5985/1/5963 2969/1/2957
f 3756/1/3741 5976/1/5954 5985/1/5963
f 5984/1/5962 5985/1/5963 5976/1/5954
f 5444/1/5426 5443/1/5425 5986/1/5964
f 5988/1/5966 5986/1/5964 5443/1/5425
f 5989/1/5967 5990/1/5968 5986/1/5964
f 5993/1/5971 5992/1/5970 5996/1/5974
f 5998/1/5976 5999/1/5979 6000/1/5977
f 5436/1/5418 5435/1/5417 5999/1/5979
f 2524/1/2515 2987/1/2975 5999/1/5979
f 6000/1/5977 5999/1/5979 2987/1/2975
f 2986/1/2973 2989/1/2976 6002/1/5980
f 2993/1/5981 6003/1/5983 6002/1/5980
f 6004/1/5982 6002/1/5980 6003/1/5983
f 6001/1/5978 6000/1/5977 6002/1/5980
f 6006/1/5985 6007/1/5986 6004/1/5982
f 6001/1/5978 6004/1/5982 6007/1/5986
f 6008/1/5987 6009/1/5988 5998/1/5976
f 6010/1/5989 6011/1/5992 6012/1/5990
f 6016/1/5995 6017/1/5999 6018/1/5996
f 6020/1/5998 6018/1/5996 6017/1/5999
f 6019/1/5997 6018/1/5996 6022/1/6001
f 6023/1/6002 6022/1/6001 6026/1/6005
f 6013/1/5991 6026/1/6005 6022/1/6001
f 6015/1/5994 6028/1/6007 6026/1/6005
f 6027/1/6006 6026/1/6005 6028/1/6007
f 5542/1/5523 5543/1/5524 6030/1/6009
f 5521/1/5503 6030/1/6009 5543/1/5524
f 5520/1/5502 6032/1/6011 6030/1/6009
f 6031/1/6010 6030/1/6009 6032/1/6011
f 6034/1/6013 6035/1/6016 6036/1/6014
f 5881/1/5860 6036/1/6014 6035/1/6016
f 5880/1/5859 6038/1/6017 6036/1/6014
f 6037/1/6015 6036/1/6014 6038/1/6017
f 5596/1/5578 5606/1/5588 6040/1/6019
f 6041/1/6020 6040/1/6019 5606/1/5588
f 6034/1/6013 6042/1/6021 6040/1/6019
f 6039/1/6018 6043/1/6023 6044/1/6022
f 5869/1/5848 6044/1/6022 6043/1/6023
f 5868/1/5847 6042/1/6021 6044/1/6022
f 6037/1/6015 6044/1/6022 6042/1/6021
f 5604/1/5586 5603/1/5585 6045/1/6024
f 5873/1/5852 6035/1/6016 6045/1/6024
f 6041/1/6020 6045/1/6024 6035/1/6016
f 5824/1/5803 5833/1/5814 6046/1/6025
f 5851/1/5830 6046/1/6025 5833/1/5814
f 5847/1/5826 6048/1/6027 6046/1/6025
f 6047/1/6026 6046/1/6025 6048/1/6027
f 5884/1/5863 5883/1/5862 6050/1/6029
f 6052/1/6031 6050/1/6029 5883/1/5862
f 6053/1/6032 6050/1/6029 6052/1/6031
f 6051/1/6030 6050/1/6029 6053/1/6032
f 5843/1/5822 6056/1/6037 6057/1/6035
f 6058/1/6036 6057/1/6035 6056/1/6037
f 6049/1/6028 6048/1/6027 6057/1/6035
f 5846/1/5825 6057/1/6035 6048/1/6027
f 6053/1/6032 6060/1/6039 6061/1/6040
f 6058/1/6036 6060/1/6039 6062/1/6041
f 6047/1/6026 6063/1/6042 5825/1/5806
f 6049/1/6028 6062/1/6041 6063/1/6042
f 6064/1/6043 6063/1/6042 6062/1/6041
f 3264/1/3250 3260/1/3249 6065/1/6044
f 6064/1/6043 6065/1/6044 3260/1/3249
f 6054/1/6033 6052/1/6031 6065/1/6044
f 5878/1/5857 5877/1/5856 6065/1/6044
f 5857/1/5835 6066/1/6046 6067/1/6045
f 5858/1/5836 6068/1/6048 6066/1/6046
f 6069/1/6047 6066/1/6046 6068/1/6048
f 6067/1/6045 6066/1/6046 6069/1/6047
f 6027/1/6006 6072/1/6052 6073/1/6051
f 6029/1/6008 6074/1/6054 6072/1/6052
f 6075/1/6053 6072/1/6052 6074/1/6054
f 6076/1/6055 6073/1/6051 6072/1/6052
f 6075/1/6053 6077/1/6057 6078/1/6056
f 6033/1/6012 6032/1/6011 6077/1/6057
f 6071/1/6050 6079/1/6058 6080/1/6059
f 5862/1/5841 6080/1/6059 5518/1/5501
f 5859/1/5837 6067/1/6045 6080/1/6059
f 6070/1/6049 6081/1/6062 6082/1/6060
f 6083/1/6061 6082/1/6060 6081/1/6062
f 6083/1/6061 6085/1/6064 6073/1/6051
f 6023/1/6002 6073/1/6051 6085/1/6064
f 904/1/900 6087/1/6068 6088/1/6066
f 6089/1/6067 6088/1/6066 6087/1/6068
f 817/1/812 6090/1/6069 6088/1/6066
f 903/1/898 6088/1/6066 6090/1/6069
f 813/1/809 6091/1/6070 6090/1/6069
f 816/1/811 6092/1/6071 6091/1/6070
f 922/1/918 6091/1/6070 6092/1/6071
f 905/1/901 6090/1/6069 6091/1/6070
f 6092/1/6071 816/1/811 831/1/827
f 834/1/829 6094/1/6073 6093/1/6072
f 932/1/929 6093/1/6072 6094/1/6073
f 6092/1/6071 6093/1/6072 932/1/929
f 975/1/971 980/1/976 6095/1/6074
f 884/1/879 6095/1/6074 980/1/976
f 888/1/884 6087/1/6068 6095/1/6074
f 974/1/969 6095/1/6074 6087/1/6068
f 970/1/966 1034/1/1029 6096/1/6075
f 1042/1/1038 6096/1/6075 1034/1/1029
f 982/1/978 981/1/977 6096/1/6075
f 971/1/970 6096/1/6075 981/1/977
f 6097/1/6076 6098/1/6079 6099/1/6077
f 979/1/974 6099/1/6077 6098/1/6079
f 982/1/978 1041/1/1037 6099/1/6077
f 6100/1/6078 6099/1/6077 1041/1/1037
f 6101/1/6080 6102/1/6083 6103/1/6081
f 6104/1/6082 6102/1/6083 6101/1/6080
f 3895/1/3880 3894/1/3879 6102/1/6083
f 3894/1/3879 3893/1/3878 6103/1/6081
f 3911/1/3896 6105/1/6085 6106/1/6084
f 3815/1/3799 6106/1/6084 6105/1/6085
f 3820/1/3805 6103/1/6081 6106/1/6084
f 3910/1/3894 6106/1/6084 6103/1/6081
f 933/1/928 6094/1/6073 6107/1/6086
f 3831/1/3816 6107/1/6086 6094/1/6073
f 3812/1/3797 6105/1/6085 6107/1/6086
f 3916/1/3901 6107/1/6086 6105/1/6085
f 3876/1/3861 3872/1/3860 6108/1/6087
f 3963/1/3947 6108/1/6087 3872/1/3860
f 3956/1/3941 3955/1/3940 6108/1/6087
f 6104/1/6082 6108/1/6087 3955/1/3940
f 3961/1/3945 4016/1/4000 6109/1/6088
f 4011/1/3996 6109/1/6088 4016/1/4000
f 3954/1/3938 3953/1/3937 6109/1/6088
f 3962/1/3948 6109/1/6088 3953/1/3937
f 3957/1/3942 6110/1/6089 4017/1/4002
f 3960/1/3944 6111/1/6090 6110/1/6089
f 6100/1/6078 6110/1/6089 6111/1/6090
f 1040/1/1035 4017/1/4002 6110/1/6089
f 828/1/823 6112/1/6091 851/1/850
f 829/1/825 6113/1/6092 6112/1/6091
f 819/1/814 6112/1/6091 6113/1/6092
f 820/1/816 851/1/850 6112/1/6091
f 837/1/833 6114/1/6093 6113/1/6092
f 840/1/835 6115/1/6094 6114/1/6093
f 835/1/831 6114/1/6093 6115/1/6094
f 821/1/817 6113/1/6092 6114/1/6093
f 820/1/816 818/1/815 6116/1/6095
f 6089/1/6067 6116/1/6095 818/1/815
f 888/1/884 887/1/883 6116/1/6095
f 854/1/849 6116/1/6095 887/1/883
f 886/1/882 895/1/894 6117/1/6096
f 861/1/856 6117/1/6096 895/1/894
f 857/1/853 856/1/852 6117/1/6096
f 885/1/880 6117/1/6096 856/1/852
f 976/1/972 6098/1/6079 6118/1/6097
f 6120/1/6099 6118/1/6097 6098/1/6079
f 894/1/890 892/1/889 6118/1/6097
f 6119/1/6098 6118/1/6097 892/1/889
f 886/1/882 882/1/881 6121/1/6100
f 977/1/975 6121/1/6100 882/1/881
f 6119/1/6098 6121/1/6100 977/1/975
f 891/1/886 898/1/893 6121/1/6100
f 3817/1/3802 6122/1/6102 6123/1/6101
f 3824/1/3808 6123/1/6101 6122/1/6102
f 3829/1/3814 3844/1/3829 6123/1/6101
f 3816/1/3800 6123/1/6101 3844/1/3829
f 836/1/832 6115/1/6094 6124/1/6103
f 3834/1/3819 6124/1/6103 6115/1/6094
f 3832/1/3817 6124/1/6103 6122/1/6102
f 3876/1/3861 6101/1/6080 6125/1/6104
f 3820/1/3805 3819/1/3804 6125/1/6104
f 3850/1/3835 6125/1/6104 3819/1/3804
f 3875/1/3859 6125/1/6104 3850/1/3835
f 3848/1/3833 3852/1/3840 6126/1/6105
f 3885/1/3869 6126/1/6105 3852/1/3840
f 3878/1/3863 3877/1/3862 6126/1/6105
f 3847/1/3832 6126/1/6105 3877/1/3862
f 6120/1/6099 6127/1/6106 3879/1/3866
f 6097/1/6076 6111/1/6090 6127/1/6106
f 6128/1/6107 6127/1/6106 6111/1/6090
f 3882/1/3867 3879/1/3866 6127/1/6106
f 3960/1/3944 3959/1/3943 6129/1/6108
f 3874/1/3858 6129/1/6108 3959/1/3943
f 3878/1/3863 3886/1/3871 6129/1/6108
f 6128/1/6107 6129/1/6108 3886/1/3871
f 825/1/820 844/1/843 6130/1/6109
f 6131/1/6110 6130/1/6109 844/1/843
f 6132/1/6111 6133/1/6112 6130/1/6109
f 822/1/818 6130/1/6109 6133/1/6112
f 6134/1/6113 6135/1/6115 6133/1/6112
f 6136/1/6114 6137/1/6116 6135/1/6115
f 841/1/837 6135/1/6115 6137/1/6116
f 826/1/821 6133/1/6112 6135/1/6115
f 825/1/820 824/1/819 6138/1/6117
f 853/1/848 6138/1/6117 824/1/819
f 857/1/853 864/1/860 6138/1/6117
f 847/1/842 6138/1/6117 864/1/860
f 863/1/859 874/1/870 6139/1/6118
f 6140/1/6119 6139/1/6118 874/1/870
f 850/1/846 849/1/845 6139/1/6118
f 862/1/857 6139/1/6118 849/1/845
f 2064/1/2058 2060/1/2057 6141/1/6120
f 879/1/874 6141/1/6120 2060/1/2057
f 872/1/868 870/1/867 6141/1/6120
f 6142/1/6121 6141/1/6120 870/1/867
f 863/1/859 859/1/858 6143/1/6122
f 897/1/892 6143/1/6122 859/1/858
f 871/1/866 6143/1/6122 897/1/892
f 872/1/868 878/1/875 6143/1/6122
f 6144/1/6123 6145/1/6126 6146/1/6124
f 3839/1/3823 3838/1/3822 6145/1/6126
f 3825/1/3809 6145/1/6126 3838/1/3822
f 3826/1/3811 6146/1/6124 6145/1/6126
f 842/1/838 6137/1/6116 6148/1/6127
f 6149/1/6128 6148/1/6127 6137/1/6116
f 6147/1/6125 6146/1/6124 6148/1/6127
f 3835/1/3820 6148/1/6127 6146/1/6124
f 3848/1/3833 3845/1/3830 6150/1/6129
f 3829/1/3814 3828/1/3813 6150/1/6129
f 3843/1/3828 6150/1/6129 3828/1/3813
f 3855/1/3839 6150/1/6129 3843/1/3828
f 3841/1/3825 6151/1/6131 6152/1/6130
f 3867/1/3851 6152/1/6130 6151/1/6131
f 3857/1/3842 3856/1/3841 6152/1/6130
f 3840/1/3824 6152/1/6130 3856/1/3841
f 3868/1/3852 6153/1/6132 3863/1/3848
f 3869/1/3854 4982/1/4966 6153/1/6132
f 6142/1/6121 6153/1/6132 4982/1/4966
f 869/1/864 3863/1/3848 6153/1/6132
f 3861/1/3846 3883/1/3870 6154/1/6133
f 3854/1/3838 6154/1/6133 3883/1/3870
f 3857/1/3842 3870/1/3855 6154/1/6133
f 3860/1/3844 6154/1/6133 3870/1/3855
f 1436/1/1431 1508/1/1505 6155/1/6134
f 6140/1/6119 6155/1/6134 1508/1/1505
f 877/1/872 6156/1/6135 6155/1/6134
f 1435/1/1429 6155/1/6134 6156/1/6135
f 6156/1/6135 6157/1/6136 1442/1/1438
f 877/1/872 876/1/871 6157/1/6136
f 2062/1/2055 6157/1/6136 876/1/871
f 1444/1/1439 1442/1/1438 6157/1/6136
f 6134/1/6113 6158/1/6138 6159/1/6137
f 6132/1/6111 6160/1/6139 6158/1/6138
f 1483/1/1477 6158/1/6138 6160/1/6139
f 1484/1/1479 6159/1/6137 6158/1/6138
f 1517/1/1511 6161/1/6140 1432/1/1430
f 1518/1/1513 1521/1/1515 6161/1/6140
f 1510/1/1504 6161/1/6140 1521/1/1515
f 1436/1/1431 1432/1/1430 6161/1/6140
f 6131/1/6110 6162/1/6141 6160/1/6139
f 843/1/839 1512/1/1507 6162/1/6141
f 1522/1/1517 6162/1/6141 1512/1/1507
f 1485/1/1480 6160/1/6139 6162/1/6141
f 2070/1/2063 2069/1/2062 6163/1/6142
f 1443/1/1437 6163/1/6142 2069/1/2062
f 1444/1/1439 2066/1/2060 6163/1/6142
f 6164/1/6143 6163/1/6142 2066/1/2060
f 3864/1/3849 6151/1/6131 6165/1/6144
f 4459/1/4444 6165/1/6144 6151/1/6131
f 4402/1/4387 4401/1/4386 6165/1/6144
f 6166/1/6145 6165/1/6144 4401/1/4386
f 3869/1/3854 3865/1/3853 6167/1/6146
f 6166/1/6145 6167/1/6146 3865/1/3853
f 4400/1/4385 4408/1/4393 6167/1/6146
f 4980/1/4965 6167/1/6146 4408/1/4393
f 4438/1/4422 6168/1/6148 6169/1/6147
f 6149/1/6128 6169/1/6147 6168/1/6148
f 6136/1/6114 6159/1/6137 6169/1/6147
f 4437/1/4420 6169/1/6147 6159/1/6137
f 4462/1/4447 4469/1/4457 6170/1/6149
f 4465/1/4450 6170/1/6149 4469/1/4457
f 4394/1/4379 4397/1/4381 6170/1/6149
f 4402/1/4387 4461/1/4445 6170/1/6149
f 4462/1/4447 4460/1/4446 6171/1/6150
f 6144/1/6123 6171/1/6150 4460/1/4446
f 6147/1/6125 6168/1/6148 6171/1/6150
f 4472/1/4456 6171/1/6150 6168/1/6148
f 4405/1/4389 6172/1/6151 4983/1/4968
f 4406/1/4391 4984/1/4970 6172/1/6151
f 6164/1/6143 6172/1/6151 4984/1/4970
f 2065/1/2059 4983/1/4968 6172/1/6151
f 223/1/221 222/1/220 6173/1/6152
f 253/1/250 6173/1/6152 222/1/220
f 254/1/251 6175/1/6154 6173/1/6152
f 2771/1/2758 6177/1/6157 6178/1/6156
f 229/1/227 228/1/226 6177/1/6157
f 2781/1/2769 2780/1/2768 6179/1/6158
f 2774/1/2762 6181/1/6161 6179/1/6158
f 6182/1/6160 6180/1/6159 6179/1/6158
f 6181/1/6161 6183/1/6163 6184/1/6162
f 2768/1/2756 6178/1/6156 6183/1/6163
f 3304/1/3289 6185/1/6165 6186/1/6164
f 3297/1/3282 3296/1/3281 6185/1/6165
f 6187/1/6166 6185/1/6165 3296/1/3281
f 6189/1/6168 6190/1/6171 6191/1/6169
f 3248/1/3233 6191/1/6169 6190/1/6171
f 3249/1/3235 5803/1/5781 6191/1/6169
f 6187/1/6166 6193/1/6173 6194/1/6172
f 3271/1/3257 3270/1/3256 6193/1/6173
f 3250/1/3236 6190/1/6171 6193/1/6173
f 6194/1/6172 6193/1/6173 6190/1/6171
f 5806/1/5785 5817/1/5796 6195/1/6174
f 5819/1/5798 5823/1/5802 6196/1/6175
