# Blender 4.2.1 LTS
# www.blender.org
mtllib reptileCuerpo.mtl
o MK-X_iOS_OUTWORLD_Syzoth_Reptile_Nimble-Noxious
v 0.613578 0.185861 0.094020
v 0.608660 0.148842 0.102363
v 0.632411 0.166193 0.105378
v 0.608572 0.191609 0.094410
v 0.658125 0.193624 -0.004354
v 0.659675 0.177452 -0.009383
v 0.609931 0.200557 0.099727
v 0.662670 0.194688 -0.008782
v 0.651605 0.167991 -0.027342
v 0.676402 0.168600 -0.007313
v 0.651605 0.167991 -0.027342
v 0.671411 0.166242 -0.003404
v 0.706802 0.224648 0.078715
v 0.740896 0.122701 0.055766
v 0.744812 0.124536 0.052962
v 0.611682 0.175246 0.104630
v 0.632411 0.166193 0.105378
v 0.618447 0.176330 0.113268
v 0.634949 0.169414 0.113047
v 0.702842 0.133002 0.133660
v 0.702094 0.129057 0.131791
v 0.585888 0.178690 0.110974
v 0.586201 0.176477 0.107200
v 0.611682 0.175246 0.104630
v 0.632411 0.166193 0.105378
v 0.613578 0.185861 0.094020
v 0.659675 0.177452 -0.009383
v 0.755259 0.165216 0.105511
v 0.814486 0.090693 0.139501
v 0.814486 0.090693 0.139501
v 0.669428 0.125816 0.005449
v 0.657390 0.106160 0.004992
v 0.669744 0.123411 -0.002022
v 0.654231 0.106670 0.012304
v 0.627403 0.119132 -0.006465
v 0.642322 0.140246 -0.013484
v 0.645273 0.134394 -0.017793
v 0.631611 0.116326 -0.010934
v 0.619685 0.101503 0.037278
v 0.671411 0.166242 -0.003404
v 0.659675 0.177452 -0.009383
v 0.674042 0.157205 -0.029386
v 0.669744 0.123411 -0.002022
v 0.645273 0.134394 -0.017793
v 0.688166 0.151962 -0.018160
v 0.690646 0.112836 0.134324
v 0.702094 0.129057 0.131791
v 0.604562 0.113851 0.076167
v 0.686141 0.083124 0.111093
v 0.701071 0.073240 0.076738
v 0.706277 0.089938 0.046296
v 0.710788 0.086100 0.040762
v 0.734060 0.073442 0.055646
v 0.747791 0.092312 0.049170
v 0.722622 0.107337 0.040845
v 0.740896 0.122701 0.055766
v 0.725691 0.102730 0.035753
v 0.701071 0.073240 0.076738
v 0.619685 0.101503 0.037278
v 0.642322 0.140246 -0.013484
v 0.674193 0.159506 -0.028120
v 0.669428 0.125816 0.005449
v 0.688098 0.153798 -0.016681
v 0.642322 0.140246 -0.013484
v 0.669428 0.125816 0.005449
v 0.748061 0.115664 0.031218
v 0.762185 0.107115 0.039932
v 0.747330 0.113425 0.029209
v 0.761722 0.105400 0.038172
v 0.722622 0.107337 0.040845
v 0.725691 0.102730 0.035753
v 0.748061 0.115664 0.031218
v 0.747791 0.092312 0.049170
v 0.722622 0.107337 0.040845
v 0.762185 0.107115 0.039932
v 0.951177 -0.037684 0.174900
v 0.941727 -0.022327 0.169155
v 0.947566 -0.016983 0.174414
v 0.941322 -0.021901 0.179726
v 0.941322 -0.021901 0.179726
v 0.941727 -0.022327 0.169155
v 0.951177 -0.037684 0.174900
v 0.934070 -0.013588 0.165176
v 0.934393 -0.003792 0.173049
v 0.931020 -0.013058 0.181073
v 0.934070 -0.013588 0.165176
v 0.931020 -0.013058 0.181073
v 0.911663 -0.003110 0.129125
v 0.918582 -0.008865 0.120606
v 0.917821 -0.007969 0.130150
v 0.913005 -0.005526 0.118264
v 0.925839 -0.020380 0.129675
v 0.922927 -0.004696 0.124889
v 0.917821 -0.007969 0.130150
v 0.909249 0.007288 0.120205
v 0.911663 -0.003110 0.129125
v 0.763206 -0.000166 0.247041
v 0.762103 -0.015061 0.253475
v 0.751455 -0.005148 0.244351
v 0.753200 0.008674 0.246917
v 0.762103 -0.015061 0.253475
v 0.763206 -0.000166 0.247041
v 0.751455 -0.005148 0.244351
v 0.751351 -0.004575 0.237041
v 0.752881 0.013072 0.232707
v 0.766258 0.005862 0.240874
v 0.944871 -0.013043 0.149639
v 0.937404 -0.014853 0.143860
v 0.934874 -0.002769 0.147629
v 0.942017 -0.018980 0.145665
v 0.935900 -0.013674 0.154080
v 0.942017 -0.018980 0.145665
v 0.941433 -0.017477 0.154921
v 0.937404 -0.014853 0.143860
v 0.935900 -0.013674 0.154080
v 0.941433 -0.017477 0.154921
v 0.951691 -0.033660 0.152309
v 0.951691 -0.033660 0.152309
v 0.915865 -0.000249 0.155972
v 0.922035 0.004813 0.147016
v 0.745969 0.014738 0.213532
v 0.750884 0.022364 0.225023
v 0.750305 0.025884 0.221608
v 0.746074 0.012750 0.216303
v 0.745969 0.014738 0.213532
v 0.757507 0.005388 0.206051
v 0.746074 0.012750 0.216303
v 0.764818 0.026093 0.217574
v 0.764877 0.024304 0.219889
v 0.770672 0.013554 0.211058
v 0.750313 0.028746 0.217509
v 0.745887 0.016301 0.211353
v 0.746896 0.024883 0.199714
v 0.750707 0.034893 0.206449
v 0.764330 0.034773 0.205764
v 0.757998 0.014166 0.193299
v 0.746896 0.024883 0.199714
v 0.767884 -0.000017 0.234901
v 0.759379 -0.006153 0.231479
v 0.767884 -0.000017 0.234901
v 0.751351 -0.004575 0.237041
v 0.764927 0.022780 0.221861
v 0.770672 0.013554 0.211058
v 0.745887 0.016301 0.211353
v 0.874232 0.012252 0.121688
v 0.880628 0.021327 0.121513
v 0.875689 0.024522 0.121006
v 0.867859 0.015890 0.120652
v 0.879123 0.018332 0.100363
v 0.876702 0.007493 0.105938
v 0.870914 0.011033 0.103361
v 0.883371 0.016195 0.103114
v 0.867859 0.015890 0.120652
v 0.874232 0.012252 0.121688
v 0.867433 0.037460 0.105453
v 0.864758 0.026135 0.096144
v 0.861546 0.032588 0.115917
v 0.876001 0.029751 0.118132
v 0.883416 0.028123 0.110670
v 0.879547 0.030612 0.109377
v 0.859022 0.015896 0.099860
v 0.856852 0.021538 0.116259
v 0.856852 0.021538 0.116259
v 0.873770 0.025715 0.120478
v 0.877366 0.019381 0.099722
v 0.874053 0.021359 0.098512
v 0.870502 0.027747 0.119580
v 0.875077 0.032947 0.107984
v 0.886882 0.025125 0.112026
v 0.899778 -0.005017 0.114890
v 0.897084 -0.002153 0.127200
v 0.891464 0.021875 0.113724
v 0.888645 0.013211 0.105666
v 0.880111 0.008544 0.122801
v 0.880111 0.008544 0.122801
v 0.871991 0.036993 0.136561
v 0.870521 0.026902 0.125544
v 0.918679 0.000296 0.136130
v 0.929127 -0.018782 0.143164
v 0.910428 -0.007590 0.135633
v 0.937404 -0.014853 0.143860
v 0.918679 0.000296 0.136130
v 0.914150 0.003036 0.135229
v 0.905338 0.015923 0.143479
v 0.915733 0.009870 0.145705
v 0.902761 0.009142 0.132306
v 0.899652 0.009952 0.153488
v 0.911508 0.003028 0.155303
v 0.892899 -0.000634 0.150096
v 0.896746 -0.000208 0.131972
v 0.907213 -0.008596 0.152213
v 0.867080 0.039980 0.163950
v 0.861278 0.031351 0.172292
v 0.865045 0.032297 0.150737
v 0.913656 0.003233 0.160245
v 0.902278 0.017767 0.169194
v 0.915294 0.009748 0.171337
v 0.900219 0.011051 0.156832
v 0.910549 0.002318 0.179438
v 0.896825 0.010991 0.177960
v 0.893531 0.000493 0.156180
v 0.905914 -0.009994 0.175814
v 0.888440 -0.001506 0.174531
v 0.909826 -0.008461 0.159549
v 0.860649 0.017416 0.150255
v 0.865045 0.032297 0.150737
v 0.855360 0.017983 0.169642
v 0.876517 0.020704 0.245094
v 0.863452 0.015410 0.236053
v 0.870338 0.010017 0.242115
v 0.870397 0.024854 0.240903
v 0.880783 0.007001 0.229259
v 0.863452 0.015410 0.236053
v 0.875113 0.011101 0.221740
v 0.870338 0.010017 0.242115
v 0.886542 0.018135 0.231298
v 0.882849 0.020655 0.226155
v 0.881084 0.029130 0.235645
v 0.883108 0.026558 0.238085
v 0.886542 0.018135 0.231298
v 0.882849 0.020655 0.226155
v 0.878350 0.023315 0.221547
v 0.874604 0.033263 0.229159
v 0.866073 0.027995 0.236758
v 0.853863 0.020044 0.228066
v 0.853863 0.020044 0.228066
v 0.866782 0.015411 0.213185
v 0.878350 0.023315 0.221547
v 0.840954 0.062567 0.099994
v 0.905914 -0.009994 0.175814
v 0.888440 -0.001506 0.174531
v 0.913656 0.003233 0.160245
v 0.900219 0.011051 0.156832
v 0.907213 -0.008596 0.152213
v 0.892899 -0.000634 0.150096
v 0.914150 0.003036 0.135229
v 0.902761 0.009142 0.132306
v 0.889142 0.011839 0.254878
v 0.892297 0.003577 0.244641
v 0.897713 0.010253 0.245692
v 0.886676 0.005840 0.251206
v 0.921723 0.005038 0.172203
v 0.918684 0.000036 0.161252
v 0.915528 -0.001012 0.180207
v 0.929028 -0.019336 0.175498
v 0.930693 -0.018987 0.168340
v 0.927238 -0.019183 0.152146
v 0.927238 -0.019183 0.152146
v 0.897084 -0.002153 0.127200
v 0.908471 -0.008306 0.127467
v 0.909393 -0.009397 0.121145
v 0.897713 0.010253 0.245692
v 0.886676 0.005840 0.251206
v 0.889142 0.011839 0.254878
v 0.929028 -0.019336 0.175498
v 0.918684 0.000036 0.161252
v 0.934070 -0.013588 0.165176
v 0.908471 -0.008306 0.127467
v 0.870521 0.026902 0.125544
v 0.866328 0.014951 0.125869
v 0.863636 0.014824 0.144179
v 0.863636 0.014824 0.144179
v 0.919095 0.007749 0.146310
v 0.914105 0.001075 0.155702
v 0.917174 0.001207 0.135831
v 0.917174 0.001207 0.135831
v 0.918633 0.007679 0.171840
v 0.912701 0.000879 0.179770
v 0.916452 0.001456 0.160805
v 0.916452 0.001456 0.160805
v 0.877836 0.031360 0.232281
v 0.868429 0.026284 0.239017
v 0.881109 0.021684 0.224373
v 0.881109 0.021684 0.224373
v 0.905631 -0.002985 0.260796
v 0.896074 0.006113 0.259082
v 0.902878 0.005622 0.251663
v 0.905631 -0.002985 0.260796
v 0.901857 0.015667 0.256967
v 0.896074 0.006113 0.259082
v 0.902878 0.005622 0.251663
v 0.897713 0.010253 0.245692
v 0.894782 0.023321 0.250587
v 0.835455 0.070815 0.127938
v 0.824442 0.072821 0.156088
v 0.855360 0.017983 0.169642
v 0.829559 0.020185 0.115880
v 0.824345 0.029190 0.090350
v 0.800008 0.085847 0.088787
v 0.795962 0.097044 0.112085
v 0.755225 0.049684 0.099498
v 0.811523 0.027045 0.125965
v 0.832567 0.030950 0.207157
v 0.845518 0.025433 0.192965
v 0.832567 0.030950 0.207157
v 0.829891 0.067429 0.097347
v 0.793127 0.070567 0.076388
v 0.825878 0.053979 0.084381
v 0.792519 0.037366 0.082337
v 0.814716 0.078641 0.151520
v 0.825247 0.076834 0.124412
v 0.816061 0.072725 0.174964
v 0.807570 0.078256 0.171837
v 0.787727 0.098045 0.138467
v 0.367628 0.409527 -0.002959
v 0.392478 0.426257 -0.036970
v 0.371019 0.430424 -0.017861
v 0.403585 0.385964 -0.036497
v 0.367628 0.409527 -0.002959
v 0.379032 0.409616 0.018436
v 0.383086 0.383068 0.010291
v 0.368990 0.417789 0.009109
v 0.356728 0.393178 0.027890
v 0.365179 0.410234 0.027023
v 0.370913 0.434975 0.026963
v 0.362855 0.407384 -0.067918
v 0.369213 0.426356 -0.056715
v 0.371263 0.470220 -0.035395
v 0.369051 0.409096 -0.096755
v 0.362855 0.407384 -0.067918
v 0.377092 0.389463 -0.082665
v 0.362874 0.419229 -0.087587
v 0.345171 0.389130 -0.098222
v 0.352496 0.411687 -0.102924
v 0.356597 0.433571 -0.106017
v 0.369213 0.426356 -0.056715
v 0.362855 0.407384 -0.067918
v 0.366458 0.414469 -0.035800
v 0.368990 0.417789 0.009109
v 0.367628 0.409527 -0.002959
v 0.345171 0.389130 -0.098222
v 0.352496 0.411687 -0.102924
v 0.160247 -1.247287 0.181844
v 0.170159 -1.211891 0.151868
v 0.154018 -1.214000 0.146562
v 0.149064 -1.235750 0.140762
v 0.174414 -1.238529 0.140732
v 0.160247 -1.247287 0.181844
v 0.174414 -1.238529 0.140732
v 0.149064 -1.235750 0.140762
v 0.151344 -1.206495 0.109175
v 0.184213 -1.207635 0.101810
v 0.187496 -1.240028 0.104753
v 0.149435 -1.237485 0.101757
v 0.187496 -1.240028 0.104753
v 0.149435 -1.237485 0.101757
v 0.216105 -1.247913 0.182673
v 0.222702 -1.217928 0.152939
v 0.209751 -1.213874 0.149197
v 0.201834 -1.226568 0.149780
v 0.220654 -1.227453 0.139776
v 0.216105 -1.247913 0.182673
v 0.220654 -1.227453 0.139776
v 0.201834 -1.226568 0.149780
v 0.221460 -1.209002 0.096486
v 0.225430 -1.240997 0.099178
v 0.225430 -1.240997 0.099178
v 0.259970 -1.247345 0.164052
v 0.257454 -1.215108 0.132049
v 0.244592 -1.216273 0.132869
v 0.239397 -1.233188 0.132039
v 0.253706 -1.235215 0.124256
v 0.259970 -1.247345 0.164052
v 0.253706 -1.235215 0.124256
v 0.239397 -1.233188 0.132039
v 0.253654 -1.212639 0.089618
v 0.254158 -1.245818 0.088249
v 0.254158 -1.245818 0.088249
v 0.293440 -1.248917 0.144709
v 0.290523 -1.224058 0.124258
v 0.281338 -1.223580 0.129441
v 0.272973 -1.238385 0.122096
v 0.285782 -1.236908 0.116853
v 0.293440 -1.248917 0.144709
v 0.285782 -1.236908 0.116853
v 0.272973 -1.238385 0.122096
v 0.279356 -1.216884 0.090516
v 0.279330 -1.236469 0.088094
v 0.279330 -1.236469 0.088094
v 0.270768 -1.213902 0.044682
v 0.279160 -1.236656 0.045842
v 0.151344 -1.206495 0.109175
v 0.222658 -1.188725 0.154665
v 0.152735 -1.197396 0.112025
v 0.224870 -1.183555 0.151610
v 0.222658 -1.188725 0.154665
v 0.278237 -1.212087 0.090009
v 0.279356 -1.216884 0.090516
v 0.265044 -1.198731 0.064739
v 0.270768 -1.213902 0.044682
v 0.223828 -1.182159 0.082459
v 0.158890 -1.187815 0.074737
v 0.265044 -1.198731 0.064739
v 0.223699 -1.157145 0.122794
v 0.223828 -1.182159 0.082459
v 0.158890 -1.187815 0.074737
v 0.139461 -1.189769 0.052442
v 0.158355 -1.181506 0.072343
v 0.148489 -1.199637 0.051826
v 0.223813 -1.151480 0.119007
v 0.268178 -1.190279 0.065005
v 0.286904 -1.207881 0.031497
v 0.285354 -1.214099 0.033179
v 0.269790 -1.198007 0.021803
v 0.263536 -1.208218 0.023007
v 0.260827 -1.234429 -0.004007
v 0.211115 -1.245970 0.072903
v 0.279160 -1.236656 0.045842
v 0.148505 -1.237669 0.075139
v 0.263536 -1.208218 0.023007
v 0.263536 -1.208218 0.023007
v 0.148505 -1.237669 0.075139
v 0.159526 -1.199943 0.071334
v 0.159526 -1.199943 0.071334
v 0.152235 -1.227005 0.013133
v 0.204394 -1.246739 0.002981
v 0.260827 -1.234429 -0.004007
v 0.155537 -1.180548 0.013708
v 0.150251 -1.168006 0.018104
v 0.152235 -1.227005 0.013133
v 0.176984 -1.161603 0.035607
v 0.213536 -1.149837 0.038628
v 0.240254 -1.169956 0.031962
v 0.236266 -1.225182 -0.048349
v 0.236266 -1.225182 -0.048349
v 0.199684 -1.247641 -0.045371
v 0.153384 -1.227751 -0.030225
v 0.153384 -1.227751 -0.030225
v 0.150402 -1.230513 -0.075890
v 0.150402 -1.230513 -0.075890
v 0.189567 -1.247150 -0.079352
v 0.155748 -1.235378 -0.115515
v 0.173947 -1.231555 -0.136371
v 0.200139 -1.230301 -0.125351
v 0.218975 -1.233360 -0.091070
v 0.218975 -1.233360 -0.091070
v 0.200139 -1.230301 -0.125351
v 0.173947 -1.231555 -0.136371
v 0.173947 -1.231555 -0.136371
v 0.155748 -1.235378 -0.115515
v 0.239754 -0.761230 -0.022044
v 0.270935 -0.747716 0.001126
v 0.192944 -0.843729 0.011642
v 0.195491 -0.838702 0.041313
v 0.102934 -0.762632 0.019215
v 0.261623 -0.889177 -0.052823
v 0.256503 -0.801632 -0.034196
v 0.190294 -0.937217 0.006992
v 0.118506 -0.896376 -0.030049
v 0.109234 -0.800087 -0.033231
v 0.271647 -0.892302 -0.071736
v 0.254015 -0.914831 -0.049291
v 0.124439 -0.919040 -0.037373
v 0.107355 -0.896201 -0.045294
v 0.274881 -0.750524 -0.069588
v 0.089717 -0.768001 -0.041592
v 0.250499 -0.756920 -0.058289
v 0.104772 -0.728590 -0.083618
v 0.137895 -0.730419 -0.136198
v 0.104772 -0.728590 -0.083618
v 0.244797 -0.814146 -0.150512
v 0.204591 -0.816332 -0.172808
v 0.232790 -0.744100 -0.103519
v 0.101600 -0.776285 -0.102246
v 0.131936 -0.770258 -0.150956
v 0.101546 -0.766700 -0.056506
v 0.101600 -0.776285 -0.102246
v 0.255006 -0.780732 -0.056832
v 0.198608 -0.904410 -0.170315
v 0.238815 -0.906718 -0.147114
v 0.107589 -0.898003 -0.099394
v 0.116245 -0.898747 -0.054135
v 0.263627 -0.813493 -0.111833
v 0.259383 -0.907027 -0.107235
v 0.185561 -0.899203 -0.151581
v 0.186003 -0.775147 -0.158972
v 0.199516 -0.739256 -0.143992
v 0.253260 -0.899042 -0.071310
v 0.253260 -0.899042 -0.071310
v 0.261623 -0.889177 -0.052823
v 0.271647 -0.892302 -0.071736
v 0.113793 -0.041178 -0.130253
v 0.057128 -0.382075 0.068543
v 0.162712 -0.575442 0.090649
v 0.145686 -0.341324 0.117435
v 0.069621 -0.598273 0.056023
v 0.238251 -0.321566 -0.043722
v 0.229089 -0.318154 0.063649
v 0.176497 -0.332707 -0.115423
v 0.072659 -0.373120 -0.124053
v 0.028181 -0.381355 -0.030785
v 0.056896 -0.040580 -0.133804
v 0.000000 -0.060838 0.127688
v 0.109352 -0.052201 0.101224
v 0.028181 -0.381355 -0.030785
v 0.044209 0.015730 0.194686
v 0.038772 0.056298 0.195172
v 0.015087 0.043247 0.200855
v 0.054768 0.054313 0.180476
v 0.113793 -0.041178 -0.130253
v 0.095144 0.025672 0.137683
v 0.137699 -0.901380 -0.142567
v 0.107589 -0.898003 -0.099394
v 0.109352 -0.052201 0.101224
v 0.113793 -0.041178 -0.130253
v 0.056896 -0.040580 -0.133804
v 0.000000 -0.116047 0.133196
v 0.113793 -0.041178 -0.130253
v 0.115340 -0.038221 -0.134319
v 0.041608 -0.062182 0.148805
v 0.110905 -0.058311 0.110833
v 0.037047 -0.060719 0.142977
v 0.115340 -0.038221 -0.134319
v 0.054823 -0.030810 -0.151989
v 0.093345 0.019891 0.160803
v 0.092702 0.052411 0.164233
v 0.095144 0.025672 0.137683
v 0.121667 0.043492 0.143799
v 0.000000 -0.020856 0.203119
v 0.019393 -0.066574 0.186794
v 0.038422 -0.022988 0.186806
v 0.033068 -0.071616 0.172738
v 0.050523 -0.040832 0.160114
v 0.041608 -0.062182 0.148805
v 0.000000 -0.027083 -0.158059
v 0.027645 -0.086772 0.169156
v 0.017350 -0.101361 0.172487
v 0.085067 0.058813 0.152300
v 0.049372 0.060027 0.165926
v 0.000000 0.012887 0.212220
v 0.074538 -0.026532 0.156286
v 0.116258 0.056309 0.149825
v 0.047253 -0.034367 0.177269
v 0.050555 -0.088064 0.173165
v 0.042109 -0.095739 0.172059
v 0.032682 -0.084349 0.150307
v 0.045699 -0.099587 0.162248
v 0.053278 -0.090164 0.162597
v 0.076172 -0.102439 0.188659
v 0.045699 -0.099587 0.162248
v 0.032682 -0.084349 0.150307
v 0.005139 -0.113946 0.172450
v 0.009434 -0.104651 0.177044
v 0.000000 -0.106232 0.176775
v 0.009896 -0.114025 0.174453
v 0.000000 -0.111191 0.165696
v 0.007492 -0.111385 0.166270
v 0.013242 -0.109943 0.159219
v 0.012733 -0.110866 0.165787
v 0.012733 -0.110866 0.165787
v 0.024504 -0.103305 0.173302
v 0.018527 -0.105435 0.170952
v 0.017350 -0.101361 0.172487
v 0.017698 -0.097060 0.163965
v 0.024593 -0.095882 0.162508
v 0.018527 -0.105435 0.170952
v 0.024593 -0.095882 0.162508
v 0.025058 -0.091160 0.160680
v 0.028423 -0.102024 0.167751
v 0.005994 -0.128298 0.165507
v 0.022434 -0.123151 0.166750
v 0.022434 -0.123151 0.166750
v 0.013242 -0.109943 0.159219
v 0.012733 -0.110866 0.165787
v 0.000000 -0.067243 0.185219
v 0.000000 -0.111191 0.165696
v 0.000000 -0.063419 0.150649
v 0.025058 -0.091160 0.160680
v 0.037047 -0.060719 0.142977
v 0.117008 0.051559 0.133462
v 0.110056 0.062195 0.141451
v 0.134999 0.070155 0.127717
v 0.117008 0.051559 0.133462
v 0.015087 0.043247 0.200855
v 0.006853 0.070222 0.200665
v 0.013121 0.055344 0.185803
v 0.009211 0.071573 0.205140
v 0.038772 0.056298 0.195172
v 0.012805 0.075353 0.204762
v 0.034558 0.057420 0.184493
v 0.011416 0.076767 0.198396
v 0.013121 0.055344 0.185803
v 0.006853 0.070222 0.200665
v -0.005050 0.081229 0.196945
v 0.034558 0.057420 0.184493
v 0.000000 0.053142 0.176211
v 0.013121 0.055344 0.185803
v 0.000000 0.050346 0.194976
v 0.000000 0.292144 0.176762
v 0.255257 0.511979 -0.069343
v 0.273408 0.513686 -0.073475
v 0.283349 0.511344 -0.066463
v 0.273178 0.508918 -0.081925
v 0.318075 0.375363 -0.103974
v 0.309155 0.321430 0.053461
v 0.335097 0.377667 0.041725
v 0.350322 0.396485 0.029402
v 0.342704 0.392441 0.023530
v 0.343991 0.381007 0.045757
v 0.361242 0.412060 -0.001509
v 0.363125 0.417151 -0.034763
v 0.352959 0.407265 -0.005238
v 0.355720 0.412429 -0.033017
v 0.349150 0.405712 -0.063224
v 0.354950 0.410691 -0.065714
v 0.341380 0.395142 -0.096048
v 0.336862 0.391265 -0.090079
v 0.327217 0.376730 -0.102146
v 0.331071 0.380498 -0.107854
v 0.354103 0.382072 0.002230
v 0.341612 0.353994 0.028232
v 0.363117 0.391216 -0.033685
v 0.355156 0.388185 -0.070229
v 0.327217 0.376730 -0.102146
v 0.355156 0.388185 -0.070229
v 0.363117 0.391216 -0.033685
v 0.354103 0.382072 0.002230
v 0.341612 0.353994 0.028232
v 0.379948 0.321886 0.052907
v 0.341612 0.353994 0.028232
v 0.372696 0.315775 0.051544
v 0.372696 0.315775 0.051544
v 0.358031 0.282765 0.058957
v 0.346693 0.251784 0.039559
v 0.349136 0.246695 -0.021245
v 0.339328 0.257478 -0.101558
v 0.349136 0.246695 -0.021245
v 0.338423 0.261069 -0.089045
v 0.356066 0.287909 -0.118885
v 0.354252 0.308770 -0.118743
v 0.401894 0.286548 -0.104715
v 0.389041 0.329016 -0.114981
v 0.400013 0.348833 0.029733
v 0.356728 0.393178 0.027890
v 0.345171 0.389130 -0.098222
v 0.392415 0.339141 -0.118119
v 0.327217 0.376730 -0.102146
v 0.389041 0.329016 -0.114981
v 0.466937 0.302591 0.029255
v 0.464641 0.314460 0.032940
v 0.472950 0.321245 -0.006728
v 0.466937 0.302591 0.029255
v 0.473283 0.333707 -0.004886
v 0.466278 0.309914 -0.096634
v 0.466788 0.299140 -0.091620
v 0.428736 0.368455 -0.034075
v 0.475362 0.335896 -0.048596
v 0.412561 0.357216 -0.087706
v 0.426164 0.257559 0.053472
v 0.419160 0.226400 0.036294
v 0.420215 0.220849 -0.016732
v 0.370860 0.247521 -0.089266
v 0.367300 0.242609 -0.100610
v 0.381705 0.278485 -0.116476
v 0.502203 0.295325 0.000695
v 0.488598 0.273667 0.027073
v 0.449328 0.324168 -0.006216
v 0.431011 0.304471 0.029263
v 0.439222 0.307229 -0.083118
v 0.431011 0.304471 0.029263
v 0.431011 0.304471 0.029263
v 0.483538 0.236260 0.039024
v 0.472762 0.204830 0.026457
v 0.455442 0.198935 -0.013290
v 0.455442 0.198935 -0.013290
v 0.465212 0.207805 -0.062774
v 0.483637 0.240511 -0.079463
v 0.500938 0.273248 -0.061194
v 0.438943 0.270628 -0.090882
v 0.439222 0.307229 -0.083118
v 0.449328 0.324168 -0.006216
v 0.420215 0.220849 -0.016732
v 0.418511 0.229440 -0.072324
v 0.506730 0.292931 -0.034056
v 0.454890 0.326958 -0.047587
v 0.454890 0.326958 -0.047587
v 0.466788 0.299140 -0.091620
v 0.473945 0.323147 -0.047248
v 0.439222 0.307229 -0.083118
v 0.335097 0.377667 0.041725
v 0.362855 0.407384 -0.067918
v 0.371209 0.296165 -0.142555
v 0.377839 0.268563 -0.121003
v 0.355594 0.281271 -0.122970
v 0.389458 0.287824 -0.142160
v 0.381705 0.278485 -0.116476
v 0.390595 0.289631 -0.140564
v 0.371604 0.297979 -0.141811
v 0.356066 0.287909 -0.118885
v 0.356066 0.287909 -0.118885
v 0.381705 0.278485 -0.116476
v 0.377839 0.268563 -0.121003
v 0.355594 0.281271 -0.122970
v 0.383086 0.383068 0.010291
v 0.403585 0.385964 -0.036497
v 0.367628 0.409527 -0.002959
v 0.377092 0.389463 -0.082665
v 0.366458 0.414469 -0.035800
v 0.367628 0.409527 -0.002959
v 0.362855 0.407384 -0.067918
v 0.000000 0.375271 0.140056
v 0.000000 0.450408 -0.139716
v 0.041088 0.587548 0.070599
v 0.023759 0.571762 0.085347
v 0.000000 0.568271 0.089041
v 0.039371 0.679065 -0.070936
v 0.000000 0.683178 -0.083974
v 0.071411 0.674612 -0.038746
v 0.075481 0.667691 0.006467
v 0.071976 0.658836 0.067853
v 0.081520 0.706379 0.011808
v 0.078963 0.703772 0.074284
v 0.073454 0.718864 -0.045322
v 0.039043 0.726455 -0.074993
v 0.000000 0.728238 -0.088168
v 0.034525 0.767351 -0.071299
v 0.060522 0.804817 -0.042087
v 0.066910 0.763996 -0.046405
v 0.030322 0.804208 -0.067111
v 0.000000 0.768875 -0.082770
v 0.000000 0.803644 -0.077122
v 0.079074 0.801140 0.029257
v 0.082160 0.752587 0.019677
v 0.078861 0.734511 0.077913
v 0.075200 0.756888 0.082964
v 0.000000 0.816892 -0.039197
v 0.029068 0.815425 -0.029251
v 0.030322 0.804208 -0.067111
v 0.000000 0.803644 -0.077122
v 0.000000 0.825370 0.020241
v 0.041290 0.816293 0.024389
v 0.000000 0.813046 0.079340
v 0.040313 0.801887 0.076985
v 0.072975 0.785050 0.082573
v 0.028668 0.772941 0.118508
v 0.000000 0.813046 0.079340
v 0.000000 0.780648 0.123406
v 0.040313 0.801887 0.076985
v 0.052108 0.755859 0.120835
v 0.013684 0.711239 0.152703
v 0.033688 0.729789 0.141736
v 0.000000 0.742083 0.146166
v 0.000000 0.713716 0.154121
v 0.055077 0.721135 0.118866
v 0.053166 0.740065 0.120967
v 0.043804 0.714754 0.126538
v 0.045551 0.697050 0.119575
v 0.024612 0.686795 0.137083
v 0.046886 0.684766 0.119522
v 0.028845 0.700323 0.133097
v 0.060780 0.686665 0.103646
v 0.057444 0.701847 0.107743
v 0.062986 0.710957 0.094132
v 0.072027 0.703275 0.074706
v 0.070506 0.719324 0.090758
v 0.073351 0.733265 0.077178
v 0.038142 0.702969 0.122834
v 0.045204 0.711259 0.120844
v 0.053718 0.716514 0.114638
v 0.059083 0.717080 0.107303
v 0.067571 0.724692 0.102246
v 0.046811 0.703739 0.118735
v 0.056609 0.707533 0.111776
v 0.044814 0.710693 0.104507
v 0.059669 0.711835 0.104608
v 0.060844 0.715999 0.099411
v 0.014320 0.697422 0.150840
v 0.000000 0.684610 0.157477
v 0.060901 0.660916 0.066885
v 0.054806 0.663144 0.089989
v 0.042842 0.664122 0.116046
v 0.021500 0.665663 0.138963
v 0.000000 0.664427 0.151459
v 0.022020 0.643302 0.133285
v 0.000000 0.640879 0.140145
v 0.038350 0.645124 0.110166
v 0.047698 0.645157 0.082965
v 0.057556 0.616914 0.065363
v 0.047030 0.620571 0.086543
v 0.047022 0.602406 0.080374
v 0.035165 0.605101 0.110480
v 0.035600 0.585922 0.096683
v 0.020796 0.591283 0.127706
v 0.022300 0.569921 0.116388
v 0.000000 0.586137 0.134739
v 0.000000 0.560499 0.126749
v 0.000000 0.555023 0.115784
v 0.020784 0.564565 0.105010
v 0.000000 0.568271 0.089041
v 0.023759 0.571762 0.085347
v 0.034252 0.582323 0.086445
v 0.041088 0.587548 0.070599
v 0.062073 0.747228 0.101449
v 0.071785 0.753119 0.081359
v 0.063446 0.750778 0.105375
v 0.032149 0.707776 0.136122
v 0.000000 0.640967 0.130215
v 0.018929 0.640752 0.123201
v 0.031781 0.642738 0.103416
v 0.042138 0.644137 0.079376
v 0.042623 0.624243 0.087082
v 0.031043 0.608342 0.110035
v 0.015219 0.597187 0.126243
v 0.000000 0.593652 0.131427
v 0.015786 0.637059 0.122511
v 0.000000 0.636834 0.127162
v 0.030836 0.640532 0.103292
v 0.040719 0.642883 0.079511
v 0.043779 0.628705 0.080085
v 0.039862 0.622456 0.087706
v 0.029908 0.608226 0.107875
v 0.014651 0.597142 0.120779
v 0.000000 0.593104 0.125540
v 0.010799 0.601338 0.117923
v 0.000000 0.598645 0.110531
v 0.000000 0.598827 0.120316
v 0.009024 0.600756 0.105444
v 0.024465 0.610831 0.105789
v 0.020939 0.606497 0.094484
v 0.029551 0.617638 0.077177
v 0.033438 0.623403 0.089409
v 0.039220 0.632963 0.075146
v 0.035575 0.628254 0.066522
v 0.035558 0.642230 0.078240
v 0.025420 0.649552 0.098524
v 0.026150 0.641483 0.100683
v 0.014034 0.648383 0.109978
v 0.015059 0.641013 0.115664
v 0.000000 0.646635 0.115167
v 0.000000 0.640070 0.121256
v 0.010799 0.601338 0.117923
v 0.000000 0.598827 0.120316
v 0.024465 0.610831 0.105789
v 0.033438 0.623403 0.089409
v 0.039220 0.632963 0.075146
v 0.035558 0.642230 0.078240
v 0.026150 0.641483 0.100683
v 0.015059 0.641013 0.115664
v 0.000000 0.640070 0.121256
v 0.000000 0.605792 0.090852
v 0.018715 0.619849 0.062639
v 0.000000 0.617215 0.065997
v 0.000000 0.668587 0.047202
v 0.016752 0.663987 0.051122
v 0.000000 0.661438 0.076016
v 0.013476 0.659059 0.078864
v 0.184213 -1.207635 0.101810
v 0.221460 -1.209002 0.096486
v 0.221460 -1.209002 0.096486
v 0.253654 -1.212639 0.089618
v 0.049880 0.605115 0.105389
v 0.055794 0.612536 0.101568
v 0.052051 0.615776 0.115412
v 0.024717 0.573888 0.128317
v 0.038883 0.574887 0.112317
v 0.037673 0.587454 0.117649
v 0.013623 0.546144 0.127642
v 0.019003 0.552774 0.118530
v 0.023924 0.555134 0.120548
v 0.016623 0.545365 0.131928
v 0.012592 0.543212 0.136728
v 0.018051 0.549330 0.132104
v 0.010662 0.545464 0.133111
v 0.031254 0.570800 0.102473
v 0.033749 0.568878 0.104118
v 0.065472 0.602354 0.086270
v 0.052121 0.586030 0.077672
v 0.048322 0.586293 0.074533
v 0.055398 0.614894 0.095796
v 0.060717 0.620610 0.086164
v 0.077003 0.622539 0.062429
v 0.068016 0.629913 0.075078
v 0.065806 0.609717 0.055785
v 0.061771 0.609945 0.055327
v 0.033402 0.606346 0.128841
v 0.023457 0.582412 0.134000
v 0.036531 0.605016 0.129791
v 0.020603 0.583163 0.132219
v 0.015647 0.571310 0.137502
v 0.010928 0.570562 0.136402
v 0.018809 0.569869 0.135618
v 0.025474 0.580750 0.133764
v 0.049336 0.611139 0.101165
v 0.020603 0.583163 0.132219
v 0.033402 0.606346 0.128841
v 0.048322 0.586293 0.074533
v 0.031254 0.570800 0.102473
v 0.027850 0.583452 0.153128
v 0.018809 0.569869 0.135618
v 0.026497 0.572167 0.129532
v 0.025474 0.580750 0.133764
v 0.018809 0.569869 0.135618
v 0.016487 0.560613 0.133772
v 0.019838 0.548138 0.134942
v 0.019003 0.552774 0.118530
v 0.021671 0.563573 0.122500
v 0.009159 0.553719 0.129400
v 0.016487 0.560613 0.133772
v 0.009594 0.567841 0.147401
v 0.019708 0.579200 0.142107
v 0.010662 0.545464 0.133111
v 0.019708 0.579200 0.142107
v 0.012668 0.565529 0.150142
v 0.023323 0.575186 0.147148
v 0.009594 0.567841 0.147401
v 0.010928 0.570562 0.136402
v 0.015647 0.571310 0.137502
v 0.051831 0.621329 0.112425
v 0.055683 0.619631 0.092474
v 0.049336 0.611139 0.101165
v 0.051831 0.621329 0.112425
v 0.055398 0.614894 0.095796
v 0.055683 0.619631 0.092474
v 0.018269 0.703526 0.149358
v 0.000000 0.713335 0.157261
v 0.021606 0.704956 0.153127
v 0.000000 0.710785 0.153394
v 0.023081 0.695493 0.154336
v 0.019383 0.694269 0.150537
v 0.028352 0.686365 0.144818
v 0.032146 0.688186 0.148927
v 0.021013 0.681686 0.161631
v 0.032302 0.678977 0.150062
v 0.000000 0.683743 0.168766
v 0.000000 0.660500 0.171151
v 0.017739 0.658528 0.165260
v 0.033032 0.684158 0.144367
v 0.035942 0.657027 0.143866
v 0.029671 0.683647 0.141334
v 0.027013 0.679161 0.143240
v 0.000000 0.639289 0.169864
v 0.012325 0.616298 0.161989
v 0.015081 0.640041 0.165587
v 0.000000 0.612465 0.163714
v 0.012440 0.609657 0.161388
v 0.009336 0.616058 0.159480
v 0.009564 0.610729 0.157895
v 0.049658 0.681300 0.126972
v 0.054313 0.653482 0.133029
v 0.065692 0.652639 0.123773
v 0.055223 0.644186 0.115351
v 0.046625 0.643648 0.123810
v 0.037203 0.645478 0.146762
v 0.031848 0.638530 0.150930
v 0.044764 0.650316 0.137030
v 0.034582 0.643033 0.142677
v 0.030070 0.641798 0.147777
v 0.029634 0.637989 0.143761
v 0.057280 0.647743 0.111764
v 0.088812 0.684736 0.066762
v 0.076483 0.704460 0.085615
v 0.078822 0.672158 0.100630
v 0.066629 0.696214 0.105653
v 0.068193 0.663753 0.092362
v 0.077497 0.673768 0.067548
v 0.084050 0.686263 0.065553
v 0.074265 0.678184 0.067028
v 0.079725 0.666099 0.074738
v 0.071785 0.658706 0.093165
v 0.076472 0.649599 0.075088
v 0.070674 0.646008 0.090899
v 0.054437 0.637739 0.101541
v 0.064215 0.641105 0.103754
v 0.059236 0.642407 0.082981
v 0.070999 0.647510 0.069919
v 0.051838 0.646280 0.113006
v 0.044134 0.647274 0.121544
v 0.063336 0.647858 0.109566
v 0.043233 0.643622 0.128912
v 0.026608 0.633726 0.141276
v 0.023145 0.636569 0.139328
v 0.023145 0.636569 0.139328
v 0.030070 0.641798 0.147777
v 0.027142 0.644041 0.145823
v 0.046752 0.681728 0.122634
v 0.062262 0.694792 0.101856
v 0.071097 0.704103 0.083684
v 0.000000 0.612578 0.161256
v 0.035614 0.634156 0.144842
v 0.044764 0.650316 0.137030
v 0.034582 0.643033 0.142677
v 0.027143 0.622513 0.145909
v 0.043233 0.643622 0.128912
v 0.029634 0.637989 0.143761
v 0.029634 0.637989 0.143761
v 0.062436 0.645894 0.069284
v 0.019687 0.619859 0.149503
v 0.027142 0.644041 0.145823
v 0.024189 0.618679 0.154469
v 0.062436 0.645894 0.069284
v 0.027142 0.644041 0.145823
v 0.044134 0.647274 0.121544
v 0.023145 0.636569 0.139328
v 0.054274 0.654717 0.123599
v 0.051838 0.646280 0.113006
v 0.073930 0.677703 0.080239
v 0.074265 0.678184 0.067028
v 0.084050 0.686263 0.065553
v 0.062436 0.645894 0.069284
v 0.059236 0.642407 0.082981
v 0.000000 0.671834 0.161528
v 0.000000 0.710785 0.153394
v 0.019383 0.694269 0.150537
v 0.018269 0.703526 0.149358
v 0.019597 0.641662 0.149802
v 0.019687 0.619859 0.149503
v 0.019824 0.671527 0.150145
v 0.027013 0.679161 0.143240
v 0.028352 0.686365 0.144818
v 0.071097 0.704103 0.083684
v 0.046752 0.681728 0.122634
v 0.062262 0.694792 0.101856
v 0.000000 0.640228 0.166000
v 0.009336 0.616058 0.159480
v 0.000000 0.612578 0.161256
v 0.024717 0.573888 0.128317
v 0.019708 0.579200 0.142107
v 0.013623 0.546144 0.127642
v 0.062174 0.621312 0.064889
v 0.061771 0.609945 0.055327
v 0.056876 0.622030 0.084353
v 0.056876 0.622030 0.084353
v 0.009564 0.610729 0.157895
v 0.029671 0.683647 0.141334
v 0.054437 0.637739 0.101541
v 0.014633 0.617609 0.111147
v 0.000000 0.609976 0.115708
v 0.000000 0.609474 0.111930
v 0.012423 0.615744 0.106859
v 0.017574 0.620163 0.097918
v 0.020233 0.623770 0.099974
v 0.000000 0.619424 0.096395
v 0.000000 0.618948 0.083333
v 0.019572 0.619754 0.083880
v 0.000000 0.622522 0.059512
v 0.022321 0.622730 0.059424
v 0.000000 0.635291 0.035968
v 0.024553 0.634817 0.036135
v 0.020330 0.632338 0.061453
v 0.000000 0.645503 0.039641
v 0.000000 0.634125 0.061904
v 0.022695 0.639945 0.036731
v 0.017509 0.628947 0.085956
v 0.000000 0.630034 0.086749
v 0.015110 0.628102 0.101465
v 0.000000 0.627894 0.102644
v 0.011374 0.621490 0.113143
v 0.000000 0.618226 0.114034
v 0.023162 0.623849 0.084641
v 0.026415 0.626749 0.060348
v 0.028559 0.636075 0.036343
v 0.004448 0.609698 0.121262
v 0.000000 0.611984 0.115823
v 0.002709 0.605095 0.123483
v 0.005456 0.608879 0.120674
v 0.001029 0.607017 0.119824
v 0.001029 0.607017 0.119824
v 0.000000 0.609976 0.115708
v 0.046012 0.692556 0.108190
v 0.056996 0.705203 0.108108
v 0.050291 0.700233 0.113506
v 0.057896 0.701364 0.098623
v 0.043586 0.705203 0.118904
v 0.034127 0.701364 0.117757
v 0.046012 0.727794 0.108190
v 0.043586 0.715142 0.118904
v 0.050291 0.720112 0.113506
v 0.034127 0.718981 0.117757
v 0.057896 0.718981 0.098623
v 0.056996 0.715142 0.108108
v 0.052923 0.720766 0.087515
v 0.052923 0.699579 0.087515
v 0.038630 0.688985 0.099021
v 0.024337 0.699579 0.110527
v 0.024337 0.720766 0.110527
v 0.038630 0.731410 0.099021
v 0.051916 0.710173 0.115525
v -0.613578 0.185861 0.094020
v -0.632411 0.166193 0.105378
v -0.608660 0.148842 0.102363
v -0.633556 0.236430 0.064625
v -0.556567 0.215468 0.078022
v -0.549509 0.279263 0.035737
v -0.608572 0.191609 0.094410
v -0.640542 0.264049 0.045857
v -0.565036 0.314141 0.007773
v -0.653060 0.224665 0.023344
v -0.658125 0.193624 -0.004354
v -0.659675 0.177452 -0.009383
v -0.504142 0.221639 0.072636
v -0.536028 0.220629 0.076283
v -0.535800 0.216695 0.070550
v -0.504909 0.218684 0.068628
v -0.527861 0.242001 0.059541
v -0.548521 0.275267 0.030855
v -0.528025 0.237751 0.054659
v -0.609931 0.200557 0.099727
v -0.635714 0.243455 0.072735
v -0.661363 0.232056 0.018303
v -0.662670 0.194688 -0.008782
v -0.651605 0.167991 -0.027342
v -0.654417 0.169541 -0.030743
v -0.676402 0.168600 -0.007313
v -0.651605 0.167991 -0.027342
v -0.671411 0.166242 -0.003404
v -0.706802 0.224648 0.078715
v -0.740896 0.122701 0.055766
v -0.744812 0.124536 0.052962
v -0.645771 0.272379 0.046535
v -0.618447 0.176330 0.113268
v -0.634949 0.169414 0.113047
v -0.632411 0.166193 0.105378
v -0.611682 0.175246 0.104630
v -0.702842 0.133002 0.133660
v -0.702094 0.129057 0.131791
v -0.585888 0.178690 0.110974
v -0.586201 0.176477 0.107200
v -0.611682 0.175246 0.104630
v -0.632411 0.166193 0.105378
v -0.613578 0.185861 0.094020
v -0.659675 0.177452 -0.009383
v -0.755259 0.165216 0.105511
v -0.814486 0.090693 0.139501
v -0.814486 0.090693 0.139501
v -0.558109 0.211965 0.070638
v -0.504909 0.218684 0.068628
v -0.535800 0.216695 0.070550
v -0.542762 0.226099 0.065106
v -0.564434 0.264680 0.039774
v -0.577202 0.253651 0.045304
v -0.558109 0.211965 0.070638
v -0.583737 0.260015 0.026540
v -0.669428 0.125816 0.005449
v -0.657390 0.106160 0.004992
v -0.654231 0.106670 0.012304
v -0.669744 0.123411 -0.002022
v -0.642322 0.140246 -0.013484
v -0.627403 0.119132 -0.006465
v -0.645273 0.134394 -0.017793
v -0.631611 0.116326 -0.010934
v -0.619685 0.101503 0.037278
v -0.671411 0.166242 -0.003404
v -0.659675 0.177452 -0.009383
v -0.674042 0.157205 -0.029386
v -0.645273 0.134394 -0.017793
v -0.669744 0.123411 -0.002022
v -0.688166 0.151962 -0.018160
v -0.690646 0.112836 0.134324
v -0.702094 0.129057 0.131791
v -0.604562 0.113851 0.076167
v -0.686141 0.083124 0.111093
v -0.701071 0.073240 0.076738
v -0.706277 0.089938 0.046296
v -0.734060 0.073442 0.055646
v -0.710788 0.086100 0.040762
v -0.747791 0.092312 0.049170
v -0.740896 0.122701 0.055766
v -0.722622 0.107337 0.040845
v -0.725691 0.102730 0.035753
v -0.701071 0.073240 0.076738
v -0.619685 0.101503 0.037278
v -0.674193 0.159506 -0.028120
v -0.642322 0.140246 -0.013484
v -0.669428 0.125816 0.005449
v -0.688098 0.153798 -0.016681
v -0.669428 0.125816 0.005449
v -0.642322 0.140246 -0.013484
v -0.747330 0.113425 0.029209
v -0.762185 0.107115 0.039932
v -0.748061 0.115664 0.031218
v -0.761722 0.105400 0.038172
v -0.722622 0.107337 0.040845
v -0.725691 0.102730 0.035753
v -0.748061 0.115664 0.031218
v -0.747791 0.092312 0.049170
v -0.722622 0.107337 0.040845
v -0.762185 0.107115 0.039932
v -0.558109 0.211965 0.070638
v -0.544146 0.192482 0.065706
v -0.540945 0.137103 0.008658
v -0.540945 0.137103 0.008658
v -0.533709 0.152667 0.043733
v -0.583737 0.260015 0.026540
v -0.577202 0.253651 0.045304
v -0.952905 -0.035986 0.172706
v -0.949058 -0.015531 0.169770
v -0.942567 -0.021511 0.166245
v -0.943704 -0.019561 0.176589
v -0.943704 -0.019561 0.176589
v -0.952905 -0.035986 0.172706
v -0.942567 -0.021511 0.166245
v -0.934325 -0.013350 0.162206
v -0.935696 -0.002526 0.168451
v -0.933621 -0.010500 0.178133
v -0.934325 -0.013350 0.162206
v -0.933621 -0.010500 0.178133
v -0.913017 -0.001512 0.129173
v -0.920662 -0.006369 0.120714
v -0.915015 -0.003222 0.118278
v -0.919396 -0.006068 0.130242
v -0.928147 -0.017960 0.129499
v -0.924544 -0.002215 0.125434
v -0.919396 -0.006068 0.130242
v -0.910421 0.009229 0.120722
v -0.913017 -0.001512 0.129173
v -0.763206 -0.000166 0.247041
v -0.751455 -0.005148 0.244351
v -0.762103 -0.015061 0.253475
v -0.753200 0.008674 0.246917
v -0.763206 -0.000166 0.247041
v -0.762103 -0.015061 0.253475
v -0.751455 -0.005148 0.244351
v -0.751351 -0.004575 0.237041
v -0.752881 0.013072 0.232707
v -0.766258 0.005862 0.240874
v -0.937404 -0.014853 0.143860
v -0.944871 -0.013043 0.149639
v -0.934874 -0.002769 0.147629
v -0.942017 -0.018980 0.145665
v -0.935900 -0.013674 0.154080
v -0.942017 -0.018980 0.145665
v -0.937404 -0.014853 0.143860
v -0.941433 -0.017477 0.154921
v -0.941433 -0.017477 0.154921
v -0.935900 -0.013674 0.154080
v -0.951691 -0.033660 0.152309
v -0.951691 -0.033660 0.152309
v -0.915865 -0.000249 0.155972
v -0.922035 0.004813 0.147016
v -0.745969 0.014738 0.213532
v -0.750884 0.022364 0.225023
v -0.746074 0.012750 0.216303
v -0.750305 0.025884 0.221608
v -0.745969 0.014738 0.213532
v -0.746074 0.012750 0.216303
v -0.757507 0.005388 0.206051
v -0.764818 0.026093 0.217574
v -0.770672 0.013554 0.211058
v -0.764877 0.024304 0.219889
v -0.750313 0.028746 0.217509
v -0.745887 0.016301 0.211353
v -0.746896 0.024883 0.199714
v -0.750707 0.034893 0.206449
v -0.764330 0.034773 0.205764
v -0.757998 0.014166 0.193299
v -0.746896 0.024883 0.199714
v -0.771499 0.020529 0.197479
v -0.771499 0.020529 0.197479
v -0.767884 -0.000017 0.234901
v -0.759379 -0.006153 0.231479
v -0.767884 -0.000017 0.234901
v -0.751351 -0.004575 0.237041
v -0.764927 0.022780 0.221861
v -0.770672 0.013554 0.211058
v -0.745887 0.016301 0.211353
v -0.875141 0.012118 0.120693
v -0.875900 0.024469 0.120756
v -0.880990 0.021534 0.121339
v -0.868620 0.015445 0.119534
v -0.880673 0.019679 0.100007
v -0.872775 0.011768 0.102182
v -0.878634 0.008419 0.104852
v -0.884904 0.017631 0.102850
v -0.868620 0.015445 0.119534
v -0.875141 0.012118 0.120693
v -0.867643 0.037794 0.105533
v -0.866088 0.026890 0.095496
v -0.861563 0.032005 0.115403
v -0.876039 0.029865 0.118191
v -0.883884 0.029088 0.111039
v -0.879941 0.031426 0.109688
v -0.860798 0.016147 0.098352
v -0.857520 0.020707 0.114903
v -0.857520 0.020707 0.114903
v -0.873942 0.025581 0.120198
v -0.878889 0.020663 0.099336
v -0.875526 0.022517 0.098069
v -0.870606 0.027474 0.119247
v -0.875411 0.033581 0.108200
v -0.887452 0.026217 0.112403
v -0.901957 -0.003265 0.114269
v -0.898515 -0.001270 0.126564
v -0.892133 0.023139 0.114152
v -0.890217 0.014806 0.105500
v -0.881168 0.008690 0.121898
v -0.881168 0.008690 0.121898
v -0.871991 0.036993 0.136561
v -0.870521 0.026902 0.125544
v -0.918679 0.000296 0.136130
v -0.929127 -0.018782 0.143164
v -0.937404 -0.014853 0.143860
v -0.910428 -0.007590 0.135633
v -0.918679 0.000296 0.136130
v -0.905338 0.015923 0.143479
v -0.914150 0.003036 0.135229
v -0.915733 0.009870 0.145705
v -0.902761 0.009142 0.132306
v -0.911508 0.003028 0.155303
v -0.899652 0.009952 0.153488
v -0.892899 -0.000634 0.150096
v -0.907213 -0.008596 0.152213
v -0.896746 -0.000208 0.131972
v -0.867346 0.040239 0.163044
v -0.862909 0.032969 0.173299
v -0.863481 0.030755 0.151517
v -0.903151 0.018615 0.166250
v -0.899377 0.010211 0.155420
v -0.916418 0.010842 0.167607
v -0.913245 0.002815 0.157929
v -0.912980 0.004711 0.177300
v -0.899102 0.013236 0.176602
v -0.907988 -0.007941 0.176204
v -0.892770 -0.000254 0.157280
v -0.890431 0.000471 0.176271
v -0.909470 -0.008814 0.159494
v -0.863481 0.030755 0.151517
v -0.859210 0.016011 0.153833
v -0.856800 0.019427 0.173497
v -0.863452 0.015410 0.236053
v -0.876517 0.020704 0.245094
v -0.870338 0.010017 0.242115
v -0.870397 0.024854 0.240903
v -0.863452 0.015410 0.236053
v -0.880783 0.007001 0.229259
v -0.875113 0.011101 0.221740
v -0.870338 0.010017 0.242115
v -0.886542 0.018135 0.231298
v -0.882849 0.020655 0.226155
v -0.881084 0.029130 0.235645
v -0.883108 0.026558 0.238085
v -0.886542 0.018135 0.231298
v -0.882849 0.020655 0.226155
v -0.878350 0.023315 0.221547
v -0.874604 0.033263 0.229159
v -0.866073 0.027995 0.236758
v -0.853863 0.020044 0.228066
v -0.853863 0.020044 0.228066
v -0.866782 0.015411 0.213185
v -0.878350 0.023315 0.221547
v -0.840954 0.062567 0.099994
v -0.907988 -0.007941 0.176204
v -0.890431 0.000471 0.176271
v -0.913245 0.002815 0.157929
v -0.899377 0.010211 0.155420
v -0.907213 -0.008596 0.152213
v -0.892899 -0.000634 0.150096
v -0.914150 0.003036 0.135229
v -0.902761 0.009142 0.132306
v -0.892297 0.003577 0.244641
v -0.889142 0.011839 0.254878
v -0.897713 0.010253 0.245692
v -0.886676 0.005840 0.251206
v -0.918397 -0.000261 0.158643
v -0.922952 0.006233 0.168196
v -0.918051 0.001470 0.177806
v -0.930900 -0.017493 0.173873
v -0.931499 -0.018199 0.166574
v -0.927238 -0.019183 0.152146
v -0.927238 -0.019183 0.152146
v -0.898515 -0.001270 0.126564
v -0.910220 -0.006776 0.127073
v -0.911505 -0.007449 0.120756
v -0.897713 0.010253 0.245692
v -0.886676 0.005840 0.251206
v -0.889142 0.011839 0.254878
v -0.930900 -0.017493 0.173873
v -0.918397 -0.000261 0.158643
v -0.934325 -0.013350 0.162206
v -0.910220 -0.006776 0.127073
v -0.870521 0.026902 0.125544
v -0.866328 0.014951 0.125869
v -0.863636 0.014824 0.144179
v -0.863636 0.014824 0.144179
v -0.919095 0.007749 0.146310
v -0.914105 0.001075 0.155702
v -0.917174 0.001207 0.135831
v -0.917174 0.001207 0.135831
v -0.919815 0.008829 0.167911
v -0.915171 0.003311 0.177518
v -0.916110 0.001105 0.158326
v -0.916110 0.001105 0.158326
v -0.877836 0.031360 0.232281
v -0.868429 0.026284 0.239017
v -0.881109 0.021684 0.224373
v -0.881109 0.021684 0.224373
v -0.905631 -0.002985 0.260796
v -0.902878 0.005622 0.251663
v -0.896074 0.006113 0.259082
v -0.905631 -0.002985 0.260796
v -0.896074 0.006113 0.259082
v -0.901857 0.015667 0.256967
v -0.902878 0.005622 0.251663
v -0.897713 0.010253 0.245692
v -0.894782 0.023321 0.250587
v -0.835455 0.070815 0.127938
v -0.824442 0.072821 0.156088
v -0.856800 0.019427 0.173497
v -0.829559 0.020185 0.115880
v -0.824345 0.029190 0.090350
v -0.800008 0.085847 0.088787
v -0.795962 0.097044 0.112085
v -0.755225 0.049684 0.099498
v -0.811523 0.027045 0.125965
v -0.832567 0.030950 0.207157
v -0.845518 0.025433 0.192965
v -0.832567 0.030950 0.207157
v -0.793127 0.070567 0.076388
v -0.829891 0.067429 0.097347
v -0.825878 0.053979 0.084381
v -0.792519 0.037366 0.082337
v -0.814716 0.078641 0.151520
v -0.825247 0.076834 0.124412
v -0.807570 0.078256 0.171837
v -0.816061 0.072725 0.174964
v -0.787727 0.098045 0.138467
v -0.392478 0.426257 -0.036970
v -0.367628 0.409527 -0.002959
v -0.371019 0.430424 -0.017861
v -0.403585 0.385964 -0.036497
v -0.367628 0.409527 -0.002959
v -0.379032 0.409616 0.018436
v -0.368990 0.417789 0.009109
v -0.383086 0.383068 0.010291
v -0.356728 0.393178 0.027890
v -0.365179 0.410234 0.027023
v -0.370913 0.434975 0.026963
v -0.362855 0.407384 -0.067918
v -0.369213 0.426356 -0.056715
v -0.371263 0.470220 -0.035395
v -0.369051 0.409096 -0.096755
v -0.362855 0.407384 -0.067918
v -0.362874 0.419229 -0.087587
v -0.377092 0.389463 -0.082665
v -0.345171 0.389130 -0.098222
v -0.352496 0.411687 -0.102924
v -0.356597 0.433571 -0.106017
v -0.369213 0.426356 -0.056715
v -0.366458 0.414469 -0.035800
v -0.362855 0.407384 -0.067918
v -0.367628 0.409527 -0.002959
v -0.368990 0.417789 0.009109
v -0.345171 0.389130 -0.098222
v -0.352496 0.411687 -0.102924
v -0.152735 -1.197396 0.112025
v -0.151344 -1.206495 0.109175
v -0.265044 -1.198731 0.064739
v -0.270768 -1.213902 0.044682
v -0.158890 -1.187815 0.074737
v -0.263536 -1.208218 0.023007
v -0.159526 -1.199943 0.071334
v -0.253260 -0.899042 -0.071310
v -0.271647 -0.892302 -0.071736
v -0.261623 -0.889177 -0.052823
v -0.044209 0.015730 0.194686
v -0.038772 0.056298 0.195172
v -0.054768 0.054313 0.180476
v -0.015087 0.043247 0.200855
v -0.113793 -0.041178 -0.130253
v -0.095144 0.025672 0.137683
v -0.109352 -0.052201 0.101224
v 0.000000 -0.039983 -0.137356
v -0.056896 -0.040580 -0.133804
v 0.000000 -0.116047 0.133196
v -0.113793 -0.041178 -0.130253
v -0.115340 -0.038221 -0.134319
v -0.054823 -0.030810 -0.151989
v 0.000000 -0.027083 -0.158059
v -0.110905 -0.058311 0.110833
v -0.041608 -0.062182 0.148805
v -0.037047 -0.060719 0.142977
v -0.115340 -0.038221 -0.134319
v -0.054823 -0.030810 -0.151989
v -0.093345 0.019891 0.160803
v -0.092702 0.052411 0.164233
v -0.121667 0.043492 0.143799
v -0.095144 0.025672 0.137683
v -0.038422 -0.022988 0.186806
v -0.019393 -0.066574 0.186794
v 0.000000 -0.020856 0.203119
v -0.033068 -0.071616 0.172738
v -0.041608 -0.062182 0.148805
v -0.050523 -0.040832 0.160114
v 0.000000 -0.027083 -0.158059
v -0.027645 -0.086772 0.169156
v -0.017350 -0.101361 0.172487
v -0.085067 0.058813 0.152300
v -0.049372 0.060027 0.165926
v 0.000000 0.012887 0.212220
v -0.074538 -0.026532 0.156286
v -0.116258 0.056309 0.149825
v -0.047253 -0.034367 0.177269
v -0.050555 -0.088064 0.173165
v -0.042109 -0.095739 0.172059
v -0.032682 -0.084349 0.150307
v -0.045699 -0.099587 0.162248
v -0.053278 -0.090164 0.162597
v -0.076172 -0.102439 0.188659
v -0.045699 -0.099587 0.162248
v -0.032682 -0.084349 0.150307
v -0.005139 -0.113946 0.172450
v 0.000000 -0.106232 0.176775
v -0.009434 -0.104651 0.177044
v -0.009896 -0.114025 0.174453
v 0.000000 -0.111191 0.165696
v -0.007492 -0.111385 0.166270
v -0.013242 -0.109943 0.159219
v -0.012733 -0.110866 0.165787
v -0.012733 -0.110866 0.165787
v -0.024504 -0.103305 0.173302
v -0.018527 -0.105435 0.170952
v -0.018527 -0.105435 0.170952
v -0.024593 -0.095882 0.162508
v -0.017350 -0.101361 0.172487
v -0.017698 -0.097060 0.163965
v -0.024593 -0.095882 0.162508
v -0.028423 -0.102024 0.167751
v -0.025058 -0.091160 0.160680
v -0.005994 -0.128298 0.165507
v -0.022434 -0.123151 0.166750
v -0.022434 -0.123151 0.166750
v -0.013242 -0.109943 0.159219
v -0.012733 -0.110866 0.165787
v 0.000000 -0.067243 0.185219
v 0.000000 -0.063419 0.150649
v 0.000000 -0.111191 0.165696
v -0.025058 -0.091160 0.160680
v -0.037047 -0.060719 0.142977
v -0.117008 0.051559 0.133462
v -0.110056 0.062195 0.141451
v -0.134999 0.070155 0.127717
v -0.117008 0.051559 0.133462
v -0.015087 0.043247 0.200855
v -0.006853 0.070222 0.200665
v -0.009211 0.071573 0.205140
v -0.013121 0.055344 0.185803
v -0.038772 0.056298 0.195172
v -0.012805 0.075353 0.204762
v -0.011416 0.076767 0.198396
v -0.034558 0.057420 0.184493
v -0.013121 0.055344 0.185803
v -0.006853 0.070222 0.200665
v 0.005050 0.081229 0.196945
v -0.034558 0.057420 0.184493
v 0.000000 0.053142 0.176211
v -0.013121 0.055344 0.185803
v 0.000000 0.050346 0.194976
v 0.000000 0.292144 0.176762
v -0.255257 0.511979 -0.069343
v -0.273408 0.513686 -0.073475
v -0.283349 0.511344 -0.066463
v -0.273178 0.508918 -0.081925
v -0.318075 0.375363 -0.103974
v -0.309155 0.321430 0.053461
v -0.335097 0.377667 0.041725
v -0.342704 0.392441 0.023530
v -0.350322 0.396485 0.029402
v -0.343991 0.381007 0.045757
v -0.363125 0.417151 -0.034763
v -0.361242 0.412060 -0.001509
v -0.352959 0.407265 -0.005238
v -0.355720 0.412429 -0.033017
v -0.349150 0.405712 -0.063224
v -0.354950 0.410691 -0.065714
v -0.336862 0.391265 -0.090079
v -0.341380 0.395142 -0.096048
v -0.327217 0.376730 -0.102146
v -0.331071 0.380498 -0.107854
v -0.341612 0.353994 0.028232
v -0.354103 0.382072 0.002230
v -0.363117 0.391216 -0.033685
v -0.355156 0.388185 -0.070229
v -0.327217 0.376730 -0.102146
v -0.355156 0.388185 -0.070229
v -0.363117 0.391216 -0.033685
v -0.354103 0.382072 0.002230
v -0.341612 0.353994 0.028232
v -0.341612 0.353994 0.028232
v -0.379948 0.321886 0.052907
v -0.372696 0.315775 0.051544
v -0.372696 0.315775 0.051544
v -0.358031 0.282765 0.058957
v -0.346693 0.251784 0.039559
v -0.349136 0.246695 -0.021245
v -0.339328 0.257478 -0.101558
v -0.338423 0.261069 -0.089045
v -0.349136 0.246695 -0.021245
v -0.356066 0.287909 -0.118885
v -0.354252 0.308770 -0.118743
v -0.401894 0.286548 -0.104715
v -0.389041 0.329016 -0.114981
v -0.400013 0.348833 0.029733
v -0.356728 0.393178 0.027890
v -0.345171 0.389130 -0.098222
v -0.392415 0.339141 -0.118119
v -0.327217 0.376730 -0.102146
v -0.389041 0.329016 -0.114981
v -0.466937 0.302591 0.029255
v -0.464641 0.314460 0.032940
v -0.472950 0.321245 -0.006728
v -0.466937 0.302591 0.029255
v -0.473283 0.333707 -0.004886
v -0.466788 0.299140 -0.091620
v -0.466278 0.309914 -0.096634
v -0.428736 0.368455 -0.034075
v -0.412561 0.357216 -0.087706
v -0.475362 0.335896 -0.048596
v -0.426164 0.257559 0.053472
v -0.419160 0.226400 0.036294
v -0.420215 0.220849 -0.016732
v -0.370860 0.247521 -0.089266
v -0.367300 0.242609 -0.100610
v -0.381705 0.278485 -0.116476
v -0.449328 0.324168 -0.006216
v -0.431011 0.304471 0.029263
v -0.439222 0.307229 -0.083118
v -0.431011 0.304471 0.029263
v -0.431011 0.304471 0.029263
v -0.438943 0.270628 -0.090882
v -0.439222 0.307229 -0.083118
v -0.449328 0.324168 -0.006216
v -0.420215 0.220849 -0.016732
v -0.418511 0.229440 -0.072324
v -0.454890 0.326958 -0.047587
v -0.466788 0.299140 -0.091620
v -0.454890 0.326958 -0.047587
v -0.473945 0.323147 -0.047248
v -0.439222 0.307229 -0.083118
v -0.335097 0.377667 0.041725
v -0.362855 0.407384 -0.067918
v -0.371209 0.296165 -0.142555
v -0.377839 0.268563 -0.121003
v -0.389458 0.287824 -0.142160
v -0.355594 0.281271 -0.122970
v -0.381705 0.278485 -0.116476
v -0.390595 0.289631 -0.140564
v -0.371604 0.297979 -0.141811
v -0.356066 0.287909 -0.118885
v -0.356066 0.287909 -0.118885
v -0.381705 0.278485 -0.116476
v -0.377839 0.268563 -0.121003
v -0.355594 0.281271 -0.122970
v -0.383086 0.383068 0.010291
v -0.403585 0.385964 -0.036497
v -0.367628 0.409527 -0.002959
v -0.377092 0.389463 -0.082665
v -0.366458 0.414469 -0.035800
v -0.367628 0.409527 -0.002959
v -0.362855 0.407384 -0.067918
v 0.000000 0.375271 0.140056
v 0.000000 0.450408 -0.139716
v -0.041088 0.587548 0.070599
v -0.023759 0.571762 0.085347
v 0.000000 0.568271 0.089041
v -0.039371 0.679065 -0.070936
v 0.000000 0.683178 -0.083974
v -0.071411 0.674612 -0.038746
v -0.075481 0.667691 0.006467
v -0.071976 0.658836 0.067853
v -0.078963 0.703772 0.074284
v -0.081520 0.706379 0.011808
v -0.073454 0.718864 -0.045322
v -0.039043 0.726455 -0.074993
v 0.000000 0.728238 -0.088168
v -0.034525 0.767351 -0.071299
v -0.060522 0.804817 -0.042087
v -0.030322 0.804208 -0.067111
v -0.066910 0.763996 -0.046405
v 0.000000 0.768875 -0.082770
v 0.000000 0.803644 -0.077122
v -0.079074 0.801140 0.029257
v -0.082160 0.752587 0.019677
v -0.078861 0.734511 0.077913
v -0.075200 0.756888 0.082964
v 0.000000 0.816892 -0.039197
v -0.030322 0.804208 -0.067111
v -0.029068 0.815425 -0.029251
v 0.000000 0.803644 -0.077122
v 0.000000 0.825370 0.020241
v -0.041290 0.816293 0.024389
v 0.000000 0.813046 0.079340
v -0.040313 0.801887 0.076985
v -0.072975 0.785050 0.082573
v -0.028668 0.772941 0.118508
v -0.040313 0.801887 0.076985
v -0.052108 0.755859 0.120835
v -0.013684 0.711239 0.152703
v -0.033688 0.729789 0.141736
v -0.055077 0.721135 0.118866
v -0.043804 0.714754 0.126538
v -0.053166 0.740065 0.120967
v -0.045551 0.697050 0.119575
v -0.024612 0.686795 0.137083
v -0.028845 0.700323 0.133097
v -0.046886 0.684766 0.119522
v -0.060780 0.686665 0.103646
v -0.057444 0.701847 0.107743
v -0.062986 0.710957 0.094132
v -0.070506 0.719324 0.090758
v -0.072027 0.703275 0.074706
v -0.073351 0.733265 0.077178
v -0.038142 0.702969 0.122834
v -0.045204 0.711259 0.120844
v -0.053718 0.716514 0.114638
v -0.059083 0.717080 0.107303
v -0.067571 0.724692 0.102246
v -0.046811 0.703739 0.118735
v -0.056609 0.707533 0.111776
v -0.044814 0.710693 0.104507
v -0.060844 0.715999 0.099411
v -0.059669 0.711835 0.104608
v -0.014320 0.697422 0.150840
v -0.060901 0.660916 0.066885
v -0.054806 0.663144 0.089989
v -0.042842 0.664122 0.116046
v -0.021500 0.665663 0.138963
v -0.022020 0.643302 0.133285
v -0.038350 0.645124 0.110166
v -0.047698 0.645157 0.082965
v -0.047030 0.620571 0.086543
v -0.047022 0.602406 0.080374
v -0.035165 0.605101 0.110480
v -0.035600 0.585922 0.096683
v -0.020796 0.591283 0.127706
v -0.022300 0.569921 0.116388
v 0.000000 0.555023 0.115784
v -0.020784 0.564565 0.105010
v 0.000000 0.568271 0.089041
v -0.023759 0.571762 0.085347
v -0.034252 0.582323 0.086445
v -0.041088 0.587548 0.070599
v -0.062073 0.747228 0.101449
v -0.071785 0.753119 0.081359
v -0.063446 0.750778 0.105375
v -0.032149 0.707776 0.136122
v -0.018929 0.640752 0.123201
v -0.031781 0.642738 0.103416
v -0.042138 0.644137 0.079376
v -0.042623 0.624243 0.087082
v -0.031043 0.608342 0.110035
v -0.015219 0.597187 0.126243
v -0.015786 0.637059 0.122511
v -0.030836 0.640532 0.103292
v -0.040719 0.642883 0.079511
v -0.039862 0.622456 0.087706
v -0.029908 0.608226 0.107875
v -0.014651 0.597142 0.120779
v -0.010799 0.601338 0.117923
v 0.000000 0.598645 0.110531
v -0.009024 0.600756 0.105444
v 0.000000 0.598827 0.120316
v -0.024465 0.610831 0.105789
v -0.020939 0.606497 0.094484
v -0.029551 0.617638 0.077177
v -0.033438 0.623403 0.089409
v -0.035602 0.650674 0.069410
v -0.035558 0.642230 0.078240
v -0.025420 0.649552 0.098524
v -0.026150 0.641483 0.100683
v -0.014034 0.648383 0.109978
v -0.015059 0.641013 0.115664
v 0.000000 0.646635 0.115167
v 0.000000 0.640070 0.121256
v -0.010799 0.601338 0.117923
v -0.024465 0.610831 0.105789
v -0.033438 0.623403 0.089409
v -0.035558 0.642230 0.078240
v -0.026150 0.641483 0.100683
v -0.015059 0.641013 0.115664
v 0.000000 0.605792 0.090852
v 0.000000 0.617215 0.065997
v 0.000000 0.668587 0.047202
v -0.016752 0.663987 0.051122
v 0.000000 0.661438 0.076016
v -0.013476 0.659059 0.078864
v -0.049880 0.605115 0.105389
v -0.052051 0.615776 0.115412
v -0.055794 0.612536 0.101568
v -0.024717 0.573888 0.128317
v -0.037673 0.587454 0.117649
v -0.038883 0.574887 0.112317
v -0.013623 0.546144 0.127642
v -0.023924 0.555134 0.120548
v -0.019003 0.552774 0.118530
v -0.016623 0.545365 0.131928
v -0.012592 0.543212 0.136728
v -0.018051 0.549330 0.132104
v -0.010662 0.545464 0.133111
v -0.031254 0.570800 0.102473
v -0.033749 0.568878 0.104118
v -0.065472 0.602354 0.086270
v -0.052121 0.586030 0.077672
v -0.048322 0.586293 0.074533
v -0.055398 0.614894 0.095796
v -0.060717 0.620610 0.086164
v -0.068016 0.629913 0.075078
v -0.065806 0.609717 0.055785
v -0.023457 0.582412 0.134000
v -0.033402 0.606346 0.128841
v -0.036531 0.605016 0.129791
v -0.020603 0.583163 0.132219
v -0.010928 0.570562 0.136402
v -0.015647 0.571310 0.137502
v -0.018809 0.569869 0.135618
v -0.025474 0.580750 0.133764
v -0.049336 0.611139 0.101165
v -0.033402 0.606346 0.128841
v -0.020603 0.583163 0.132219
v -0.048322 0.586293 0.074533
v -0.031254 0.570800 0.102473
v -0.027850 0.583452 0.153128
v -0.026497 0.572167 0.129532
v -0.018809 0.569869 0.135618
v -0.025474 0.580750 0.133764
v -0.018809 0.569869 0.135618
v -0.016487 0.560613 0.133772
v -0.019838 0.548138 0.134942
v -0.021671 0.563573 0.122500
v -0.019003 0.552774 0.118530
v -0.009159 0.553719 0.129400
v -0.016487 0.560613 0.133772
v -0.009594 0.567841 0.147401
v -0.010662 0.545464 0.133111
v -0.019708 0.579200 0.142107
v -0.019708 0.579200 0.142107
v -0.012668 0.565529 0.150142
v -0.009594 0.567841 0.147401
v -0.023323 0.575186 0.147148
v -0.010928 0.570562 0.136402
v -0.015647 0.571310 0.137502
v -0.051831 0.621329 0.112425
v -0.049336 0.611139 0.101165
v -0.055683 0.619631 0.092474
v -0.051831 0.621329 0.112425
v -0.055398 0.614894 0.095796
v -0.055683 0.619631 0.092474
v -0.018269 0.703526 0.149358
v -0.021606 0.704956 0.153127
v -0.023081 0.695493 0.154336
v -0.019383 0.694269 0.150537
v -0.028352 0.686365 0.144818
v -0.032146 0.688186 0.148927
v -0.032302 0.678977 0.150062
v -0.021013 0.681686 0.161631
v -0.017739 0.658528 0.165260
v -0.033032 0.684158 0.144367
v -0.035942 0.657027 0.143866
v -0.027013 0.679161 0.143240
v -0.029671 0.683647 0.141334
v -0.015081 0.640041 0.165587
v -0.012325 0.616298 0.161989
v -0.009564 0.610729 0.157895
v -0.009336 0.616058 0.159480
v -0.012440 0.609657 0.161388
v -0.049658 0.681300 0.126972
v -0.065692 0.652639 0.123773
v -0.054313 0.653482 0.133029
v -0.055223 0.644186 0.115351
v -0.046625 0.643648 0.123810
v -0.037203 0.645478 0.146762
v -0.031848 0.638530 0.150930
v -0.044764 0.650316 0.137030
v -0.034582 0.643033 0.142677
v -0.030070 0.641798 0.147777
v -0.029634 0.637989 0.143761
v -0.057280 0.647743 0.111764
v -0.088812 0.684736 0.066762
v -0.078822 0.672158 0.100630
v -0.076483 0.704460 0.085615
v -0.066629 0.696214 0.105653
v -0.077497 0.673768 0.067548
v -0.068193 0.663753 0.092362
v -0.084050 0.686263 0.065553
v -0.074265 0.678184 0.067028
v -0.079725 0.666099 0.074738
v -0.071785 0.658706 0.093165
v -0.076472 0.649599 0.075088
v -0.070674 0.646008 0.090899
v -0.054437 0.637739 0.101541
v -0.059236 0.642407 0.082981
v -0.064215 0.641105 0.103754
v -0.070999 0.647510 0.069919
v -0.051838 0.646280 0.113006
v -0.044134 0.647274 0.121544
v -0.063336 0.647858 0.109566
v -0.043233 0.643622 0.128912
v -0.026608 0.633726 0.141276
v -0.023145 0.636569 0.139328
v -0.030070 0.641798 0.147777
v -0.023145 0.636569 0.139328
v -0.027142 0.644041 0.145823
v -0.046752 0.681728 0.122634
v -0.062262 0.694792 0.101856
v -0.071097 0.704103 0.083684
v -0.035614 0.634156 0.144842
v -0.034582 0.643033 0.142677
v -0.044764 0.650316 0.137030
v -0.043233 0.643622 0.128912
v -0.027143 0.622513 0.145909
v -0.029634 0.637989 0.143761
v -0.029634 0.637989 0.143761
v -0.062436 0.645894 0.069284
v -0.024189 0.618679 0.154469
v -0.019687 0.619859 0.149503
v -0.027142 0.644041 0.145823
v -0.062436 0.645894 0.069284
v -0.027142 0.644041 0.145823
v -0.044134 0.647274 0.121544
v -0.054274 0.654717 0.123599
v -0.023145 0.636569 0.139328
v -0.051838 0.646280 0.113006
v -0.073930 0.677703 0.080239
v -0.074265 0.678184 0.067028
v -0.084050 0.686263 0.065553
v -0.062436 0.645894 0.069284
v -0.059236 0.642407 0.082981
v 0.000000 0.671834 0.161528
v -0.019383 0.694269 0.150537
v 0.000000 0.710785 0.153394
v -0.018269 0.703526 0.149358
v -0.019597 0.641662 0.149802
v -0.019687 0.619859 0.149503
v -0.019824 0.671527 0.150145
v -0.027013 0.679161 0.143240
v -0.028352 0.686365 0.144818
v -0.071097 0.704103 0.083684
v -0.046752 0.681728 0.122634
v -0.062262 0.694792 0.101856
v 0.000000 0.640228 0.166000
v -0.009336 0.616058 0.159480
v 0.000000 0.612578 0.161256
v -0.024717 0.573888 0.128317
v -0.019708 0.579200 0.142107
v -0.013623 0.546144 0.127642
v -0.056876 0.622030 0.084353
v -0.056876 0.622030 0.084353
v -0.009564 0.610729 0.157895
v -0.029671 0.683647 0.141334
v -0.054437 0.637739 0.101541
v -0.014633 0.617609 0.111147
v 0.000000 0.609474 0.111930
v 0.000000 0.609976 0.115708
v -0.012423 0.615744 0.106859
v -0.020233 0.623770 0.099974
v -0.017574 0.620163 0.097918
v 0.000000 0.619424 0.096395
v 0.000000 0.618948 0.083333
v -0.019572 0.619754 0.083880
v 0.000000 0.622522 0.059512
v -0.022321 0.622730 0.059424
v 0.000000 0.635291 0.035968
v -0.024553 0.634817 0.036135
v -0.020330 0.632338 0.061453
v 0.000000 0.634125 0.061904
v 0.000000 0.645503 0.039641
v -0.022695 0.639945 0.036731
v -0.017509 0.628947 0.085956
v 0.000000 0.630034 0.086749
v -0.015110 0.628102 0.101465
v 0.000000 0.627894 0.102644
v -0.011374 0.621490 0.113143
v 0.000000 0.618226 0.114034
v -0.023162 0.623849 0.084641
v -0.026415 0.626749 0.060348
v -0.028559 0.636075 0.036343
v -0.004448 0.609698 0.121262
v -0.002709 0.605095 0.123483
v 0.000000 0.611984 0.115823
v -0.005456 0.608879 0.120674
v -0.001029 0.607017 0.119824
v -0.001029 0.607017 0.119824
v 0.000000 0.609976 0.115708
v -0.046012 0.692556 0.108190
v -0.056996 0.705203 0.108108
v -0.057896 0.701364 0.098623
v -0.050291 0.700233 0.113506
v -0.043586 0.705203 0.118904
v -0.034127 0.701364 0.117757
v -0.043586 0.715142 0.118904
v -0.046012 0.727794 0.108190
v -0.050291 0.720112 0.113506
v -0.034127 0.718981 0.117757
v -0.057896 0.718981 0.098623
v -0.056996 0.715142 0.108108
v -0.052923 0.720766 0.087515
v -0.052923 0.699579 0.087515
v -0.038630 0.688985 0.099021
v -0.024337 0.699579 0.110527
v -0.024337 0.720766 0.110527
v -0.038630 0.731410 0.099021
v -0.051916 0.710173 0.115525
v 0.008636 0.629070 0.119313
v 0.004692 0.633567 0.120774
v 0.008240 0.634277 0.120530
v 0.005778 0.637880 0.125561
v 0.000129 0.644378 0.118783
v 0.004692 0.633567 0.120774
v 0.006798 0.634223 0.123682
v 0.007101 0.641952 0.119041
v 0.028856 0.618911 0.107868
v 0.024732 0.617708 0.107640
v 0.026360 0.621385 0.110385
v 0.030396 0.607336 0.105586
v 0.024732 0.617708 0.107640
v 0.025959 0.611427 0.099901
v 0.027732 0.616779 0.110174
v 0.032006 0.613955 0.098604
v 0.025959 0.611427 0.099901
v 0.033979 0.623414 0.097763
v 0.035373 0.615502 0.096401
v 0.036014 0.622923 0.087887
v 0.030809 0.625905 0.102093
v 0.029445 0.621715 0.097620
v 0.032418 0.621625 0.100860
v 0.029445 0.621715 0.097620
v 0.030968 0.619118 0.090156
v 0.043891 0.633873 0.070416
v 0.043399 0.639540 0.070109
v 0.043841 0.638451 0.072300
v 0.042098 0.639530 0.074791
v 0.039945 0.637499 0.072552
v 0.042145 0.633678 0.071537
v 0.039945 0.637499 0.072552
v 0.039258 0.632540 0.069589
v 0.039258 0.632540 0.069589
v 0.038227 0.632908 0.088698
v 0.039854 0.631573 0.083589
v 0.035940 0.626970 0.080543
v 0.040222 0.626650 0.082202
v 0.040260 0.635357 0.083147
v 0.035940 0.626970 0.080543
v 0.039653 0.624944 0.084333
v 0.021339 0.614967 0.119140
v 0.023347 0.613107 0.117005
v 0.019304 0.612495 0.116561
v 0.019304 0.612495 0.116561
v 0.021976 0.611107 0.118271
v 0.023105 0.603372 0.112600
v 0.025635 0.609875 0.105258
v 0.019901 0.606780 0.107984
v 0.019901 0.606780 0.107984
v 0.011796 0.616972 0.127503
v 0.017306 0.605836 0.121191
v 0.011757 0.605935 0.120243
v 0.017762 0.605261 0.110961
v 0.013497 0.602851 0.110105
v 0.013497 0.602851 0.110105
v 0.017394 0.597709 0.119137
v 0.011757 0.605935 0.120243
v 0.015779 0.601302 0.123606
v 0.045734 0.642262 0.065193
v 0.045000 0.640770 0.065831
v 0.045960 0.645804 0.066346
v 0.046040 0.639185 0.061915
v 0.042944 0.641991 0.064355
v 0.042944 0.641991 0.064355
v 0.014274 0.634157 0.115720
v 0.018950 0.629738 0.113935
v 0.016274 0.634592 0.119547
v 0.014274 0.634157 0.115720
v 0.017547 0.636705 0.115982
v 0.016608 0.640689 0.116782
v 0.007907 0.645354 0.117427
v 0.007907 0.645354 0.117427
v 0.014813 0.637630 0.122629
v 0.020958 0.634655 0.107912
v 0.026385 0.630032 0.105240
v 0.023292 0.636294 0.112156
v 0.020958 0.634655 0.107912
v 0.024632 0.637436 0.108005
v 0.023208 0.641939 0.108745
v 0.017317 0.643552 0.111554
v 0.017317 0.643552 0.111554
v 0.021311 0.640869 0.115677
v 0.001928 0.606313 0.130625
v 0.003532 0.609625 0.132326
v 0.005477 0.605758 0.130914
v 0.002356 0.597732 0.119875
v 0.008251 0.598253 0.119513
v 0.003603 0.604456 0.132480
v 0.002356 0.597732 0.119875
v 0.005658 0.593488 0.123142
v 0.001928 0.606313 0.130625
v 0.041114 0.636502 0.071316
v 0.041016 0.638719 0.074480
v 0.040015 0.637586 0.075159
v 0.038218 0.638576 0.073734
v 0.038218 0.638576 0.073734
v 0.040179 0.644151 0.077167
v 0.035172 0.644103 0.077155
v 0.036883 0.643367 0.083248
v 0.035172 0.644103 0.077155
v 0.037505 0.634380 0.083010
v 0.036670 0.640010 0.088881
v 0.034236 0.639445 0.093070
v 0.035854 0.644064 0.089496
v 0.032348 0.641984 0.095851
v 0.031101 0.643509 0.088976
v 0.031713 0.642042 0.088476
v 0.031713 0.642042 0.088476
v 0.037378 0.640712 0.087374
v 0.031101 0.643509 0.088976
v 0.029229 0.632734 0.093599
v 0.025703 0.639394 0.099500
v 0.030343 0.639638 0.099125
v 0.028212 0.636094 0.103114
v 0.025703 0.639394 0.099500
v 0.027030 0.640970 0.106841
v 0.030623 0.642578 0.099785
v 0.025994 0.643622 0.101856
v 0.025994 0.643622 0.101856
v 0.030968 0.619118 0.090156
v 0.000129 0.644378 0.118783
v -0.008636 0.629070 0.119313
v -0.008240 0.634277 0.120530
v -0.004692 0.633567 0.120774
v -0.004692 0.633567 0.120774
v -0.005778 0.637880 0.125561
v -0.006798 0.634223 0.123682
v -0.000129 0.644378 0.118783
v -0.007101 0.641952 0.119041
v -0.028856 0.618911 0.107868
v -0.026360 0.621385 0.110385
v -0.024732 0.617708 0.107640
v -0.030396 0.607336 0.105586
v -0.024732 0.617708 0.107640
v -0.027732 0.616779 0.110174
v -0.025959 0.611427 0.099901
v -0.032006 0.613955 0.098604
v -0.025959 0.611427 0.099901
v -0.033979 0.623414 0.097763
v -0.036014 0.622923 0.087887
v -0.035373 0.615502 0.096401
v -0.030809 0.625905 0.102093
v -0.032418 0.621625 0.100860
v -0.029445 0.621715 0.097620
v -0.029445 0.621715 0.097620
v -0.030968 0.619118 0.090156
v -0.043891 0.633873 0.070416
v -0.043399 0.639540 0.070109
v -0.043841 0.638451 0.072300
v -0.042098 0.639530 0.074791
v -0.039945 0.637499 0.072552
v -0.042145 0.633678 0.071537
v -0.039945 0.637499 0.072552
v -0.038227 0.632908 0.088698
v -0.039854 0.631573 0.083589
v -0.040260 0.635357 0.083147
v -0.040222 0.626650 0.082202
v -0.021339 0.614967 0.119140
v -0.019304 0.612495 0.116561
v -0.023347 0.613107 0.117005
v -0.019304 0.612495 0.116561
v -0.021976 0.611107 0.118271
v -0.023105 0.603372 0.112600
v -0.025635 0.609875 0.105258
v -0.019901 0.606780 0.107984
v -0.019901 0.606780 0.107984
v -0.011796 0.616972 0.127503
v -0.011757 0.605935 0.120243
v -0.017306 0.605836 0.121191
v -0.017762 0.605261 0.110961
v -0.013497 0.602851 0.110105
v -0.013497 0.602851 0.110105
v -0.011757 0.605935 0.120243
v -0.017394 0.597709 0.119137
v -0.015779 0.601302 0.123606
v -0.045734 0.642262 0.065193
v -0.045000 0.640770 0.065831
v -0.045960 0.645804 0.066346
v -0.046040 0.639185 0.061915
v -0.042944 0.641991 0.064355
v -0.042944 0.641991 0.064355
v -0.014274 0.634157 0.115720
v -0.016274 0.634592 0.119547
v -0.018950 0.629738 0.113935
v -0.017547 0.636705 0.115982
v -0.014274 0.634157 0.115720
v -0.016608 0.640689 0.116782
v -0.007907 0.645354 0.117427
v -0.007907 0.645354 0.117427
v -0.014813 0.637630 0.122629
v -0.020958 0.634655 0.107912
v -0.023292 0.636294 0.112156
v -0.026385 0.630032 0.105240
v -0.024632 0.637436 0.108005
v -0.020958 0.634655 0.107912
v -0.023208 0.641939 0.108745
v -0.017317 0.643552 0.111554
v -0.017317 0.643552 0.111554
v -0.021311 0.640869 0.115677
v -0.001928 0.606313 0.130625
v -0.005477 0.605758 0.130914
v -0.003532 0.609625 0.132326
v -0.002356 0.597732 0.119875
v -0.008251 0.598253 0.119513
v -0.003603 0.604456 0.132480
v -0.002356 0.597732 0.119875
v -0.001928 0.606313 0.130625
v -0.005658 0.593488 0.123142
v -0.041114 0.636502 0.071316
v -0.040015 0.637586 0.075159
v -0.041016 0.638719 0.074480
v -0.038218 0.638576 0.073734
v -0.038218 0.638576 0.073734
v -0.040179 0.644151 0.077167
v -0.035172 0.644103 0.077155
v -0.036883 0.643367 0.083248
v -0.035172 0.644103 0.077155
v -0.037505 0.634380 0.083010
v -0.034236 0.639445 0.093070
v -0.036670 0.640010 0.088881
v -0.035854 0.644064 0.089496
v -0.032348 0.641984 0.095851
v -0.031101 0.643509 0.088976
v -0.031713 0.642042 0.088476
v -0.031713 0.642042 0.088476
v -0.037378 0.640712 0.087374
v -0.031101 0.643509 0.088976
v -0.029229 0.632734 0.093599
v -0.030343 0.639638 0.099125
v -0.025703 0.639394 0.099500
v -0.028212 0.636094 0.103114
v -0.025703 0.639394 0.099500
v -0.027030 0.640970 0.106841
v -0.030623 0.642578 0.099785
v -0.025994 0.643622 0.101856
v -0.025994 0.643622 0.101856
v -0.030968 0.619118 0.090156
v -0.000129 0.644378 0.118783
v 0.054823 -0.030810 -0.151989
v 0.000000 -0.027083 -0.158059
v -0.113793 -0.041178 -0.130253
v 0.000000 -0.039983 -0.137356
v 0.000000 -0.039983 -0.137356
v 0.068016 0.629913 0.075078
v 0.062174 0.621312 0.064889
v -0.062474 0.629913 0.075078
v -0.062474 0.629913 0.075078
v -0.062474 0.629913 0.075078
v -0.068016 0.629913 0.075078
v -0.110905 -0.058311 0.110833
v -0.109352 -0.052201 0.101224
v 0.000000 -0.060838 0.127688
v 0.000000 -0.060838 0.127688
v 0.110905 -0.058311 0.110833
v 0.109352 -0.052201 0.101224
v 0.037047 -0.060719 0.142977
v 0.000000 -0.063419 0.150649
v -0.037047 -0.060719 0.142977
v 0.000000 -0.063419 0.150649
v -0.109352 -0.052201 0.101224
v 0.109352 -0.052201 0.101224
v -0.119758 -0.683079 0.030379
v -0.108151 -0.661692 0.038620
v -0.108152 -0.669991 0.069556
v -0.231294 -0.646855 0.010081
v -0.228475 -0.672295 0.012292
v -0.252250 -0.652525 0.035457
v 0.132038 -0.667139 0.046353
v 0.108152 -0.669991 0.069556
v 0.119758 -0.683079 0.030379
v 0.119758 -0.683079 0.030379
v 0.108152 -0.669991 0.069556
v 0.108151 -0.661692 0.038620
v 0.108151 -0.661692 0.038620
v 0.108152 -0.669991 0.069556
v 0.132038 -0.667139 0.046353
v 0.231294 -0.646855 0.010081
v 0.252250 -0.652525 0.035457
v 0.228475 -0.672295 0.012292
v 0.228475 -0.672295 0.012292
v 0.252250 -0.652525 0.035457
v 0.217507 -0.656617 0.029437
v 0.217507 -0.656617 0.029437
v 0.252250 -0.652525 0.035457
v 0.231294 -0.646855 0.010081
v 0.633556 0.236430 0.064625
v 0.556567 0.215468 0.078022
v 0.549509 0.279263 0.035737
v 0.640542 0.264049 0.045857
v 0.565036 0.314141 0.007773
v 0.582001 0.266572 -0.028470
v 0.653060 0.224665 0.023344
v 0.612761 0.215792 -0.039680
v 0.591466 0.229536 -0.051823
v 0.597403 0.215188 -0.052524
v 0.572196 0.213130 -0.075539
v 0.578531 0.235884 -0.052082
v 0.575030 0.215512 -0.077431
v 0.575893 0.232194 -0.048361
v 0.606580 0.211409 -0.032610
v 0.591928 0.211768 -0.049141
v 0.572196 0.213130 -0.075539
v 0.504909 0.218684 0.068628
v 0.535800 0.216695 0.070550
v 0.504142 0.221639 0.072636
v 0.536028 0.220629 0.076283
v 0.527861 0.242001 0.059541
v 0.548521 0.275267 0.030855
v 0.528025 0.237751 0.054659
v 0.555420 0.307768 0.003130
v 0.575805 0.263173 -0.025708
v 0.635714 0.243455 0.072735
v 0.661363 0.232056 0.018303
v 0.654417 0.169541 -0.030743
v 0.645771 0.272379 0.046535
v 0.739950 0.110311 0.149927
v 0.726563 0.111412 0.141172
v 0.777359 0.103531 0.074494
v 0.772517 0.125677 0.087433
v 0.769354 0.122797 0.090921
v 0.772720 0.100281 0.076097
v 0.756527 0.154308 0.106769
v 0.748071 0.126156 0.128943
v 0.757546 0.123291 0.109344
v 0.757546 0.123291 0.109344
v 0.745778 0.131211 0.133019
v 0.761397 0.117377 0.097367
v 0.739130 0.117798 0.129049
v 0.738248 0.105157 0.146285
v 0.726563 0.111412 0.141172
v 0.558109 0.211965 0.070638
v 0.760857 0.101848 0.075606
v 0.764909 0.105033 0.070707
v 0.535800 0.216695 0.070550
v 0.504909 0.218684 0.068628
v 0.542762 0.226099 0.065106
v 0.591928 0.211768 -0.049141
v 0.593866 0.223475 -0.043065
v 0.576060 0.283790 0.017880
v 0.564434 0.264680 0.039774
v 0.577202 0.253651 0.045304
v 0.558109 0.211965 0.070638
v 0.583737 0.260015 0.026540
v 0.590434 0.252050 -0.018675
v 0.600848 0.239629 -0.007281
v 0.606580 0.211409 -0.032610
v 0.734333 0.077428 0.065519
v 0.747588 0.093951 0.055895
v 0.747588 0.093951 0.055895
v 0.747588 0.093951 0.055895
v 0.719614 0.100568 0.142081
v 0.726563 0.111412 0.141172
v 0.716796 0.076331 0.126623
v 0.732515 0.066991 0.092534
v 0.746372 0.072778 0.071629
v 0.762029 0.093869 0.066084
v 0.760857 0.101848 0.075606
v 0.757453 0.089994 0.070206
v 0.764909 0.105033 0.070707
v 0.747058 0.076850 0.076601
v 0.736262 0.069724 0.091532
v 0.719615 0.081186 0.128120
v 0.726430 0.104079 0.137392
v 0.739130 0.117798 0.129049
v 0.736262 0.069724 0.091532
v 0.732515 0.066991 0.092534
v 0.522317 0.216748 -0.081176
v 0.596280 0.220177 -0.037431
v 0.589324 0.177820 -0.049986
v 0.538371 0.252626 -0.054630
v 0.558109 0.211965 0.070638
v 0.508053 0.221230 0.044908
v 0.544146 0.192482 0.065706
v 0.522742 0.252308 0.042076
v 0.490654 0.171979 -0.008580
v 0.501340 0.185652 -0.058392
v 0.540945 0.137103 0.008658
v 0.564833 0.141380 -0.033730
v 0.495926 0.188423 0.028361
v 0.540945 0.137103 0.008658
v 0.533709 0.152667 0.043733
v 0.490654 0.171979 -0.008580
v 0.595910 0.245427 -0.011528
v 0.544609 0.278870 -0.029456
v 0.539578 0.284505 0.009238
v 0.583737 0.260015 0.026540
v 0.577202 0.253651 0.045304
v 0.595910 0.245427 -0.011528
v 0.596280 0.220177 -0.037431
v 0.606580 0.211409 -0.032610
v 0.789449 0.033308 0.177589
v 0.769914 0.049585 0.188821
v 0.778449 0.030637 0.181903
v 0.773511 0.054413 0.184537
v 0.749996 0.044047 0.196121
v 0.766051 0.043223 0.194458
v 0.745172 0.032874 0.186357
v 0.762108 0.022556 0.170983
v 0.789449 0.033308 0.177589
v 0.778449 0.030637 0.181903
v 0.760647 0.031160 0.153397
v 0.742042 0.037453 0.176105
v 0.748196 0.060687 0.178061
v 0.740007 0.044421 0.163011
v 0.749092 0.054205 0.186004
v 0.745172 0.032874 0.186357
v 0.759593 0.020763 0.179563
v 0.774958 0.028365 0.187307
v 0.771499 0.020529 0.197479
v 0.774958 0.028365 0.187307
v 0.771499 0.020529 0.197479
v 0.731655 0.052375 0.155170
v 0.741708 0.077201 0.166661
v 0.781428 0.066508 0.183491
v 0.742042 0.037453 0.176105
v 0.740007 0.044421 0.163011
v 0.858638 0.044012 0.102270
v 0.852543 0.033285 0.091101
v 0.856501 0.034798 0.112748
v 0.845939 0.022712 0.093665
v 0.847281 0.021313 0.111757
v 0.847281 0.021313 0.111757
v 0.886970 0.004557 0.125373
v 0.890128 0.000490 0.110002
v 0.885930 0.017922 0.122730
v 0.882457 0.004094 0.108052
v 0.896055 0.019913 0.115039
v 0.894000 0.009970 0.106751
v 0.891533 0.015300 0.125304
v 0.886970 0.004557 0.125373
v 0.879392 0.006889 0.148095
v 0.887796 0.016875 0.151673
v 0.885105 0.018790 0.151302
v 0.888737 0.016927 0.128750
v 0.883771 0.006719 0.128503
v 0.886104 0.018606 0.128116
v 0.853500 0.036422 0.142646
v 0.867957 0.028564 0.146788
v 0.857371 0.046699 0.133327
v 0.854938 0.035197 0.122972
v 0.886610 0.027287 0.139795
v 0.888737 0.016927 0.128750
v 0.886104 0.018606 0.128116
v 0.890949 0.024616 0.140594
v 0.871614 0.006538 0.173342
v 0.880403 0.022124 0.176519
v 0.876986 0.023371 0.175662
v 0.877833 0.009080 0.152964
v 0.881686 0.022103 0.152610
v 0.884583 0.021157 0.152415
v 0.851206 0.050081 0.161641
v 0.843933 0.041643 0.170371
v 0.850186 0.039409 0.150975
v 0.882953 0.029879 0.166259
v 0.884583 0.021157 0.152415
v 0.881686 0.022103 0.152610
v 0.886199 0.029047 0.166610
v 0.851511 0.046079 0.145691
v 0.847933 0.053270 0.159776
v 0.850186 0.039409 0.150975
v 0.841333 0.024887 0.151437
v 0.835649 0.030701 0.168323
v 0.833788 0.045118 0.207989
v 0.834980 0.057232 0.191585
v 0.823793 0.049773 0.197922
v 0.843809 0.052014 0.199880
v 0.850408 0.040597 0.190339
v 0.840113 0.042982 0.178441
v 0.858451 0.019722 0.204630
v 0.861724 0.033083 0.201419
v 0.864794 0.031310 0.204721
v 0.854954 0.045428 0.210350
v 0.864794 0.031310 0.204721
v 0.861724 0.033083 0.201419
v 0.859929 0.044071 0.214641
v 0.872414 0.026827 0.214039
v 0.869123 0.037304 0.223768
v 0.858509 0.032391 0.230723
v 0.872414 0.026827 0.214039
v 0.856292 0.046474 0.101968
v 0.834336 0.049204 0.086300
v 0.851061 0.034582 0.090710
v 0.898729 0.007215 0.108428
v 0.902371 0.015728 0.117178
v 0.895943 0.013086 0.126470
v 0.850945 0.036787 0.224689
v 0.863643 0.041346 0.218377
v 0.848980 0.037819 0.222911
v 0.844274 0.024678 0.220078
v 0.894943 0.021975 0.141253
v 0.845257 0.039776 0.219540
v 0.848885 0.023183 0.123235
v 0.854938 0.035197 0.122972
v 0.847881 0.022758 0.140264
v 0.847881 0.022758 0.140264
v 0.899429 0.018194 0.116108
v 0.896728 0.008381 0.107719
v 0.893999 0.014062 0.125956
v 0.838635 0.047624 0.172916
v 0.835649 0.030701 0.168323
v 0.761397 0.117377 0.097367
v 0.760857 0.101848 0.075606
v 0.747058 0.076850 0.076601
v 0.736262 0.069724 0.091532
v 0.764536 0.057103 0.077176
v 0.798909 0.045751 0.190775
v 0.801930 0.033243 0.177899
v 0.746587 0.039165 0.136560
v 0.802215 0.030412 0.158120
v 0.798039 0.061105 0.190316
v 0.801930 0.033243 0.177899
v 0.819251 0.036195 0.194458
v 0.840113 0.042982 0.178441
v 0.830457 0.029260 0.179292
v 0.850408 0.040597 0.190339
v 0.819251 0.036195 0.194458
v 0.802560 0.059291 0.193440
v 0.777818 0.093996 0.156469
v 0.731655 0.052375 0.155170
v 0.832587 0.059671 0.188045
v 0.843933 0.041643 0.170371
v 0.822320 0.050459 0.196438
v 0.855797 0.048595 0.132690
v 0.848885 0.023183 0.123235
v 0.856501 0.034798 0.112748
v 0.854938 0.035197 0.122972
v 0.856501 0.034798 0.112748
v 0.857321 0.046136 0.116366
v 0.739130 0.117798 0.129049
v 0.726430 0.104079 0.137392
v 0.719615 0.081186 0.128120
v 0.757453 0.089994 0.070206
v 0.757546 0.123291 0.109344
v 0.764909 0.105033 0.070707
v 0.772720 0.100281 0.076097
v 0.891371 0.015247 0.129384
v 0.891371 0.015247 0.129384
v 0.882414 0.020705 0.150931
v 0.866477 0.030338 0.206530
v 0.866477 0.030338 0.206530
v 0.889263 0.025785 0.167052
v 0.883100 0.019664 0.176482
v 0.871614 0.006538 0.173342
v 0.886782 0.018869 0.153419
v 0.886782 0.018869 0.153419
v 0.844274 0.024678 0.220078
v 0.879392 0.006889 0.148095
v 0.853500 0.036422 0.142646
v 0.719615 0.081186 0.128120
v 0.749995 0.121283 0.117489
v 0.738248 0.105157 0.146285
v 0.749995 0.121283 0.117489
v 0.230590 -1.146933 -0.000766
v 0.252153 -1.167165 -0.036103
v 0.206883 -1.135358 0.015299
v 0.175811 -1.140571 0.006581
v 0.144524 -1.151670 -0.014895
v 0.242843 -1.179669 -0.043140
v 0.224617 -1.119461 -0.070588
v 0.241381 -1.142093 -0.085775
v 0.240523 -1.165425 -0.097258
v 0.231217 -1.164138 -0.093477
v 0.217125 -1.102802 -0.045191
v 0.221856 -1.093628 -0.067577
v 0.196629 -1.112003 -0.013598
v 0.163115 -1.113524 -0.037603
v 0.144981 -1.133582 -0.063364
v 0.200264 -1.153928 -0.115367
v 0.177099 -1.150328 -0.130009
v 0.156452 -1.160357 -0.101775
v 0.177099 -1.150328 -0.130009
v 0.247796 -1.131105 -0.123137
v 0.227745 -1.123837 -0.090085
v 0.243260 -1.111943 -0.111483
v 0.232927 -1.153820 -0.100666
v 0.251167 -1.132817 -0.121891
v 0.233678 -1.124870 -0.082524
v 0.239566 -1.154926 -0.094526
v 0.247771 -1.111479 -0.111344
v 0.243260 -1.111943 -0.111483
v 0.227745 -1.123837 -0.090085
v 0.232927 -1.153820 -0.100666
v 0.247796 -1.131105 -0.123137
v 0.233678 -1.124870 -0.082524
v 0.239566 -1.154926 -0.094526
v 0.232927 -1.153820 -0.100666
v 0.145292 -1.101757 -0.085505
v 0.175009 -1.105994 -0.125538
v 0.212234 -1.115276 -0.109997
v 0.175009 -1.105994 -0.125538
v 0.227745 -1.123837 -0.090085
v 0.183714 -0.678797 0.068622
v 0.142469 -0.724632 0.021762
v 0.190895 -0.751591 0.046353
v 0.095799 -0.687068 0.016632
v 0.221906 -0.720096 0.024490
v 0.249273 -0.672784 -0.011262
v 0.226913 -0.666033 -0.020155
v 0.122148 -0.751533 -0.017780
v 0.241303 -1.015349 -0.051339
v 0.236107 -1.036472 -0.061819
v 0.247685 -1.020024 -0.079171
v 0.197670 -1.039008 -0.008587
v 0.137382 -1.016827 -0.044112
v 0.145904 -1.041136 -0.042373
v 0.133675 -1.022545 -0.051279
v 0.222351 -0.665471 -0.064089
v 0.095581 -0.656373 -0.070311
v 0.136373 -0.654452 -0.111576
v 0.104084 -0.670249 0.004548
v 0.095581 -0.656373 -0.070311
v 0.184865 -0.998479 -0.147378
v 0.220740 -1.000073 -0.134557
v 0.137115 -0.999022 -0.094725
v 0.145415 -1.023057 -0.063620
v 0.165383 -1.085596 -0.137443
v 0.209343 -1.101979 -0.134954
v 0.167936 -1.084269 -0.118820
v 0.147387 -0.991174 -0.117816
v 0.175445 -0.985897 -0.133119
v 0.142182 -1.078784 -0.100353
v 0.142182 -1.078784 -0.100353
v 0.145583 -1.094181 -0.047971
v 0.239009 -1.011203 -0.096905
v 0.227542 -1.093705 -0.106121
v 0.185257 -0.660046 -0.110321
v 0.217395 -0.662190 -0.075642
v 0.227393 -1.017359 -0.076673
v 0.225157 -1.083581 -0.070188
v 0.140983 -1.091773 -0.033702
v 0.201167 -1.107618 -0.004704
v 0.243142 -1.088913 -0.059612
v 0.097561 -1.107275 -0.068977
v 0.136027 -1.075588 -0.048890
v 0.123461 -1.063245 -0.072124
v 0.126896 -1.110015 -0.043292
v 0.134229 -1.077219 -0.099484
v 0.120686 -1.106506 -0.104301
v 0.106468 -1.130566 -0.059922
v 0.099075 -1.128693 -0.070600
v 0.109446 -1.127806 -0.078384
v 0.135720 -1.127488 -0.071906
v 0.120779 -1.126881 -0.066849
v 0.145292 -1.101757 -0.085505
v 0.120779 -1.126881 -0.066849
v 0.147043 -1.117305 -0.043966
v 0.110650 -1.159605 -0.066011
v 0.145583 -1.094181 -0.047971
v 0.135720 -1.127488 -0.071906
v 0.144981 -1.133582 -0.063364
v 0.167936 -1.084269 -0.118820
v 0.142182 -1.078784 -0.100353
v 0.199323 -1.089900 -0.116850
v 0.214894 -1.095697 -0.099498
v 0.221856 -1.093628 -0.067577
v 0.217125 -1.102802 -0.045191
v 0.196629 -1.112003 -0.013598
v 0.145583 -1.094181 -0.047971
v 0.142182 -1.078784 -0.100353
v 0.134229 -1.077219 -0.099484
v 0.144981 -1.133582 -0.063364
v 0.147043 -1.117305 -0.043966
v 0.145583 -1.094181 -0.047971
v 0.214894 -1.095697 -0.099498
v 0.199323 -1.089900 -0.116850
v 0.167936 -1.084269 -0.118820
v 0.090480 -0.648407 0.040699
v 0.172065 -0.625454 0.057758
v 0.098529 -0.642382 0.011703
v 0.178020 -0.626044 0.085956
v 0.246096 -0.621435 0.004265
v 0.223816 -0.633769 -0.019429
v 0.172771 -0.106069 0.059382
v 0.182780 -0.042570 -0.009019
v 0.156061 -0.052108 0.062408
v 0.195704 -0.113754 -0.040105
v 0.161788 -0.039520 -0.078917
v 0.138866 -0.125994 -0.133174
v 0.055424 -0.151443 -0.148283
v 0.227230 -0.570354 0.042457
v 0.259077 -0.567127 -0.044880
v 0.193247 -0.560329 -0.121440
v 0.097498 -0.569601 -0.130748
v 0.196382 -0.193653 0.062537
v 0.206262 -0.187650 -0.041645
v 0.149460 -0.200128 -0.126427
v 0.061841 -0.229872 -0.132822
v 0.007331 -0.275023 -0.006546
v 0.020742 -0.242596 -0.078569
v 0.000000 -0.248309 -0.010976
v 0.000000 -0.221790 -0.060225
v 0.105607 -0.179908 0.111259
v 0.000000 -0.183313 0.129702
v 0.052067 -0.594557 -0.048441
v 0.022254 -0.282619 0.066917
v 0.052801 -0.259911 0.103888
v 0.007331 -0.275023 -0.006546
v 0.000000 -0.288213 0.081392
v 0.000000 -0.248309 -0.010976
v 0.000000 -0.163305 -0.136395
v 0.052067 -0.594557 -0.048441
v 0.000000 -0.239327 0.116084
v 0.215428 -0.634035 -0.067308
v 0.181900 -0.631813 -0.102141
v 0.096102 -0.631670 -0.064027
v 0.137414 -0.630259 -0.097629
v 0.198956 -0.027108 -0.012747
v 0.163348 0.010593 0.074667
v 0.169569 -0.038276 0.074525
v 0.187490 0.027111 -0.007471
v 0.058860 0.026502 -0.143443
v 0.000000 0.079397 -0.144199
v 0.063209 0.076845 -0.139553
v 0.000000 0.029154 -0.150062
v 0.182780 -0.042570 -0.009019
v 0.156061 -0.052108 0.062408
v 0.172626 -0.021914 -0.082086
v 0.122496 -0.018249 -0.130761
v 0.161788 -0.039520 -0.078917
v 0.198956 -0.027108 -0.012747
v 0.182780 -0.042570 -0.009019
v 0.113446 0.009064 0.123322
v 0.111818 0.044932 0.125672
v 0.137115 -0.999022 -0.094725
v 0.096102 -0.631670 -0.064027
v 0.158616 0.057028 0.075853
v 0.116248 -0.053138 0.120161
v 0.114468 -0.216104 0.115230
v 0.163908 0.016128 -0.076896
v 0.187490 0.027111 -0.007471
v 0.117749 0.024518 -0.123636
v 0.179902 0.063310 -0.002914
v 0.179902 0.063310 -0.002914
v 0.159294 0.069277 -0.071877
v 0.058689 -0.283708 -0.218117
v 0.000000 -0.344063 -0.210972
v 0.000000 -0.283861 -0.225022
v 0.109034 -0.118479 0.122864
v 0.057254 -0.203132 0.151012
v 0.106070 -0.208581 0.132045
v 0.044869 -0.113204 0.149396
v 0.085802 -0.423633 0.135268
v 0.052975 -0.514600 0.151718
v 0.079430 -0.515972 0.125859
v 0.054579 -0.415434 0.150151
v 0.033724 -0.595827 0.130121
v 0.098853 -0.287288 -0.198899
v 0.049426 -0.283981 -0.200139
v 0.084370 -0.337761 -0.196024
v 0.042185 -0.342756 -0.200291
v 0.110319 -0.085177 -0.156611
v 0.055159 -0.086112 -0.158381
v 0.000000 -0.202982 0.132730
v 0.049977 -0.204101 0.123822
v 0.052857 -0.115854 0.121429
v 0.000000 -0.428031 0.124461
v 0.000000 -0.318964 0.129417
v 0.043194 -0.424812 0.119681
v 0.047144 -0.318467 0.122703
v 0.000000 -0.515972 0.125189
v 0.038568 -0.515725 0.119765
v 0.000000 -0.598641 0.125806
v 0.038382 -0.598641 0.122153
v 0.000000 -0.629936 0.126135
v 0.042185 -0.342756 -0.200291
v 0.000000 -0.347750 -0.204559
v 0.045274 -0.339889 -0.207025
v 0.090549 -0.335714 -0.203077
v 0.098853 -0.287288 -0.198899
v 0.084370 -0.337761 -0.196024
v 0.099680 -0.286429 -0.205499
v 0.109963 -0.080879 -0.161232
v 0.110319 -0.085177 -0.156611
v 0.102476 -0.214734 -0.193574
v 0.101611 -0.211398 -0.199521
v 0.099954 -0.205220 0.114915
v 0.105715 -0.115661 0.109662
v 0.077137 -0.515479 0.114341
v 0.086387 -0.421592 0.114901
v 0.000000 -0.629936 0.126135
v 0.000000 -0.621268 0.136421
v 0.038382 -0.598641 0.122153
v 0.000000 -0.199342 0.162641
v 0.000000 -0.111807 0.158494
v 0.000000 -0.422944 0.158667
v 0.000000 -0.523497 0.151498
v 0.089801 -0.318264 0.128813
v 0.094287 -0.317971 0.115990
v 0.053175 -0.317874 0.150226
v 0.000000 -0.313934 0.158647
v 0.000000 -0.596985 0.140166
v 0.062817 -0.209298 -0.212194
v 0.081396 0.015689 0.138817
v 0.067668 -0.026625 0.140585
v 0.067668 -0.026625 0.140585
v 0.116236 0.074856 -0.119850
v 0.081396 0.015689 0.138817
v 0.047753 0.041189 0.148613
v 0.000000 0.039877 0.155877
v 0.095925 0.045465 0.132539
v 0.095925 0.045465 0.132539
v 0.095925 0.045465 0.132539
v 0.138708 0.242312 -0.150860
v 0.228826 0.288235 -0.078723
v 0.199857 0.218103 -0.079667
v 0.186222 0.319102 -0.145793
v 0.223667 0.278597 -0.002169
v 0.203460 0.211633 -0.007799
v 0.078336 0.247184 -0.169031
v 0.089857 0.324118 -0.179491
v 0.205684 0.285415 0.064283
v 0.180464 0.205526 0.064632
v 0.223667 0.278597 -0.002169
v 0.203460 0.211633 -0.007799
v 0.184709 0.281013 0.114514
v 0.164970 0.236765 0.100153
v 0.060550 0.235245 0.177644
v 0.068151 0.288071 0.177081
v 0.000000 0.234337 0.176090
v 0.153984 0.231273 0.158332
v 0.159910 0.283855 0.147990
v 0.166596 0.237972 0.117206
v 0.186921 0.283941 0.123361
v 0.000000 0.061578 0.158688
v 0.012631 0.043797 0.154881
v 0.016370 0.065604 0.159268
v 0.000000 0.039877 0.155877
v 0.096470 0.057731 0.109107
v 0.047753 0.041189 0.148613
v 0.029734 0.042726 0.125284
v 0.126850 0.057027 0.096521
v 0.161602 0.131020 0.045477
v 0.176599 0.133902 -0.003994
v 0.148819 0.057686 0.050390
v 0.176599 0.133902 -0.003994
v 0.154439 0.139374 -0.069385
v 0.114927 0.128342 -0.122691
v 0.069902 0.144231 -0.149922
v 0.000000 0.144694 -0.159375
v 0.056987 0.173504 0.166794
v 0.000000 0.170695 0.168636
v 0.135912 0.180059 0.121481
v 0.159743 0.180523 0.093390
v 0.000000 0.241040 -0.161280
v 0.147256 0.130234 0.075283
v 0.124121 0.126306 0.126847
v 0.045187 0.074796 0.152945
v 0.051687 0.126207 0.156563
v 0.000000 0.129155 0.166527
v 0.012631 0.043797 0.154881
v 0.000000 0.369133 0.158289
v 0.070274 0.376366 0.169951
v 0.149663 0.350305 0.160320
v 0.197355 0.325440 0.127382
v 0.203789 0.372797 0.100633
v 0.153425 0.406103 0.112169
v 0.227087 0.354460 -0.120395
v 0.205228 0.368196 -0.138996
v 0.229921 0.304432 0.051741
v 0.195840 0.323240 0.105609
v 0.234209 0.349732 0.075083
v 0.206845 0.363995 0.087970
v 0.102562 0.417037 0.127775
v 0.049161 0.415584 0.131143
v 0.083671 0.473211 0.087723
v 0.156603 0.454845 0.097840
v 0.104762 0.515574 0.031132
v 0.170851 0.515149 0.042430
v 0.113315 0.540195 -0.014177
v 0.174083 0.530754 -0.015855
v 0.109918 0.542013 -0.072760
v 0.178628 0.535880 -0.070767
v 0.109918 0.542013 -0.072760
v 0.178628 0.535880 -0.070767
v 0.169933 0.522963 -0.104416
v 0.098662 0.516727 -0.114301
v 0.068910 0.448742 -0.158624
v 0.085859 0.491334 -0.137332
v 0.146715 0.455105 -0.152523
v 0.157424 0.483771 -0.132601
v 0.110568 0.384703 -0.179867
v 0.046211 0.395071 -0.175491
v 0.130067 0.427351 -0.161524
v 0.026265 0.338969 -0.175503
v 0.203338 0.454055 0.093691
v 0.198323 0.486941 0.035079
v 0.227776 0.499673 0.008716
v 0.224874 0.506644 -0.052355
v 0.230451 0.515544 -0.026548
v 0.200050 0.519511 -0.096103
v 0.193939 0.498341 -0.107326
v 0.175706 0.451258 -0.145373
v 0.188763 0.458723 -0.140810
v 0.168621 0.404875 -0.148375
v 0.160994 0.365957 -0.171611
v 0.247073 0.411882 -0.110519
v 0.223943 0.421784 -0.112842
v 0.240845 0.462914 -0.062811
v 0.266914 0.451550 -0.063164
v 0.270606 0.450414 -0.001162
v 0.240845 0.462914 -0.062811
v 0.235164 0.461297 0.001947
v 0.266914 0.451550 -0.063164
v 0.252822 0.408838 0.053957
v 0.225618 0.421761 0.056289
v 0.222384 0.431264 0.070272
v 0.231367 0.477304 0.011549
v 0.224683 0.477821 -0.077069
v 0.234408 0.480576 -0.045133
v 0.222264 0.431279 -0.121725
v 0.209918 0.449045 -0.121722
v 0.281410 0.465183 -0.131578
v 0.275970 0.453187 -0.137424
v 0.275900 0.457024 -0.144058
v 0.280117 0.469396 -0.136443
v 0.222384 0.431264 0.070272
v 0.203338 0.454055 0.093691
v 0.266063 0.422703 0.109625
v 0.194082 0.417510 0.112570
v 0.199206 0.397324 0.095241
v 0.222384 0.431264 0.070272
v 0.194082 0.417510 0.112570
v 0.199206 0.397324 0.095241
v 0.215124 0.450369 0.056403
v 0.219592 0.475118 0.023232
v 0.198323 0.486941 0.035079
v 0.213842 0.466215 0.065835
v 0.263040 0.488108 0.066917
v 0.215124 0.450369 0.056403
v 0.213842 0.466215 0.065835
v 0.219592 0.475118 0.023232
v 0.215124 0.450369 0.056403
v 0.234408 0.480576 -0.045133
v 0.231506 0.485728 -0.040034
v 0.238905 0.489173 0.003445
v 0.208209 0.499150 -0.093416
v 0.224874 0.506644 -0.052355
v 0.259774 0.508898 -0.060389
v 0.227472 0.486794 -0.050449
v 0.259859 0.499675 -0.056922
v 0.224683 0.477821 -0.077069
v 0.263369 0.496185 -0.075940
v 0.218089 0.510289 -0.081719
v 0.263369 0.496185 -0.075940
v 0.224683 0.477821 -0.077069
v 0.251597 0.505442 -0.084405
v 0.208209 0.499150 -0.093416
v 0.279915 0.499393 -0.009113
v 0.238905 0.489173 0.003445
v 0.277239 0.499019 -0.029441
v 0.231506 0.485728 -0.040034
v 0.278060 0.511912 -0.007088
v 0.230451 0.515544 -0.026548
v 0.227776 0.499673 0.008716
v 0.273302 0.521204 -0.025193
v 0.231506 0.485728 -0.040034
v 0.270983 0.515395 -0.045922
v 0.277239 0.499019 -0.029441
v 0.224874 0.506644 -0.052355
v 0.218089 0.510289 -0.081719
v 0.224874 0.506644 -0.052355
v 0.312729 0.522752 -0.022295
v 0.311968 0.523967 -0.027737
v 0.315620 0.526962 -0.027360
v 0.311968 0.523967 -0.027737
v 0.309573 0.528716 -0.032706
v 0.278485 0.502881 -0.073372
v 0.278485 0.502881 -0.073372
v 0.227472 0.486794 -0.050449
v 0.227472 0.486794 -0.050449
v 0.224874 0.506644 -0.052355
v 0.193939 0.498341 -0.107326
v 0.188763 0.458723 -0.140810
v 0.219663 0.472749 -0.099872
v 0.281410 0.465183 -0.131578
v 0.209918 0.449045 -0.121722
v 0.219663 0.472749 -0.099872
v 0.281410 0.465183 -0.131578
v 0.219663 0.472749 -0.099872
v 0.323149 0.363148 0.033457
v 0.339490 0.402838 -0.008317
v 0.295774 0.383934 0.045194
v 0.314160 0.425602 -0.003843
v 0.333765 0.400946 -0.063670
v 0.309850 0.425891 -0.065039
v 0.280996 0.392834 -0.106831
v 0.258442 0.345874 -0.111420
v 0.299732 0.325819 -0.112815
v 0.247607 0.307610 -0.076703
v 0.286620 0.287165 -0.085384
v 0.289326 0.287742 -0.020016
v 0.246627 0.299656 -0.013930
v 0.262961 0.304842 0.042451
v 0.289326 0.287742 -0.020016
v 0.293524 0.289670 0.037878
v 0.246627 0.299656 -0.013930
v 0.276657 0.340252 0.057414
v 0.234209 0.349732 0.075083
v 0.252822 0.408838 0.053957
v 0.229921 0.304432 0.051741
v 0.223667 0.278597 -0.002169
v 0.223667 0.278597 -0.002169
v 0.228826 0.288235 -0.078723
v 0.227087 0.354460 -0.120395
v 0.247073 0.411882 -0.110519
v 0.266914 0.451550 -0.063164
v 0.270606 0.450414 -0.001162
v 0.000000 0.275759 -0.160915
v 0.044854 0.415087 0.115957
v 0.074512 0.466760 0.076760
v 0.088868 0.507601 0.021281
v 0.093471 0.531516 -0.018808
v 0.090867 0.536051 -0.071147
v 0.090867 0.536051 -0.071147
v 0.079166 0.514554 -0.107479
v 0.071122 0.491113 -0.132529
v 0.058283 0.448166 -0.147688
v 0.043677 0.401021 -0.155992
v 0.024938 0.343316 -0.158322
v 0.000000 0.284858 -0.150140
v 0.000000 0.347002 -0.157658
v 0.000000 0.399384 -0.149871
v 0.054366 0.515400 -0.110667
v 0.000000 0.513629 -0.115659
v 0.000000 0.562455 -0.095862
v 0.041365 0.590571 -0.067974
v 0.045298 0.558449 -0.081144
v 0.000000 0.593439 -0.082512
v 0.000000 0.593439 -0.082512
v 0.037485 0.636030 -0.058094
v 0.041365 0.590571 -0.067974
v 0.000000 0.637953 -0.073963
v 0.060162 0.631692 -0.031250
v 0.066052 0.636050 -0.031629
v 0.064891 0.627713 -0.007190
v 0.072779 0.631922 -0.006120
v 0.077183 0.575656 0.004432
v 0.069174 0.605278 0.050208
v 0.069159 0.573276 0.043588
v 0.074530 0.627000 0.007072
v 0.057060 0.607912 0.053602
v 0.060895 0.568478 0.040290
v 0.087646 0.535976 0.046230
v 0.094219 0.540705 0.047825
v 0.092636 0.553095 0.019842
v 0.087646 0.535976 0.046230
v 0.085210 0.547039 0.018861
v 0.085210 0.547039 0.018861
v 0.068260 0.573822 -0.002188
v 0.060895 0.568478 0.040290
v 0.042400 0.559334 0.053109
v 0.057060 0.607912 0.053602
v 0.021150 0.552213 0.063126
v 0.000000 0.548838 0.068894
v 0.028191 0.517096 0.059146
v 0.000000 0.511375 0.064010
v 0.052149 0.527569 0.047621
v 0.071855 0.538270 0.030034
v 0.077226 0.547516 -0.004860
v 0.072540 0.558190 -0.052639
v 0.065820 0.585595 -0.040416
v 0.068260 0.573822 -0.002188
v 0.072540 0.558190 -0.052639
v 0.065820 0.585595 -0.040416
v 0.038183 0.460670 0.083404
v 0.000000 0.452362 0.084223
v 0.060895 0.568478 0.040290
v 0.068260 0.573822 -0.002188
v 0.065820 0.585595 -0.040416
v 0.058459 0.638070 0.060234
v 0.055283 0.643372 0.062517
v 0.056394 0.637598 0.063337
v 0.050155 0.643671 0.063023
v 0.050270 0.639290 0.065020
v 0.048342 0.644188 0.062173
v 0.048588 0.639420 0.063594
v 0.045380 0.640404 0.061137
v 0.039108 0.638168 0.055449
v 0.044305 0.644220 0.061043
v 0.039571 0.647022 0.055751
v 0.035602 0.650674 0.069410
v 0.045380 0.640404 0.061137
v 0.044305 0.644220 0.061043
v 0.000000 0.629499 0.044894
v 0.018222 0.630863 0.045837
v 0.016564 0.645145 0.042227
v 0.000000 0.645137 0.040583
v 0.142182 -1.078784 -0.100353
v -0.582001 0.266572 -0.028470
v -0.591466 0.229536 -0.051823
v -0.612761 0.215792 -0.039680
v -0.597403 0.215188 -0.052524
v -0.578531 0.235884 -0.052082
v -0.572196 0.213130 -0.075539
v -0.575030 0.215512 -0.077431
v -0.575893 0.232194 -0.048361
v -0.606580 0.211409 -0.032610
v -0.591928 0.211768 -0.049141
v -0.572196 0.213130 -0.075539
v -0.555420 0.307768 0.003130
v -0.575805 0.263173 -0.025708
v -0.739950 0.110311 0.149927
v -0.726563 0.111412 0.141172
v -0.772517 0.125677 0.087433
v -0.777359 0.103531 0.074494
v -0.769354 0.122797 0.090921
v -0.772720 0.100281 0.076097
v -0.756527 0.154308 0.106769
v -0.748071 0.126156 0.128943
v -0.757546 0.123291 0.109344
v -0.757546 0.123291 0.109344
v -0.745778 0.131211 0.133019
v -0.761397 0.117377 0.097367
v -0.739130 0.117798 0.129049
v -0.726563 0.111412 0.141172
v -0.738248 0.105157 0.146285
v -0.760857 0.101848 0.075606
v -0.764909 0.105033 0.070707
v -0.591928 0.211768 -0.049141
v -0.593866 0.223475 -0.043065
v -0.576060 0.283790 0.017880
v -0.590434 0.252050 -0.018675
v -0.600848 0.239629 -0.007281
v -0.606580 0.211409 -0.032610
v -0.734333 0.077428 0.065519
v -0.747588 0.093951 0.055895
v -0.747588 0.093951 0.055895
v -0.747588 0.093951 0.055895
v -0.719614 0.100568 0.142081
v -0.726563 0.111412 0.141172
v -0.716796 0.076331 0.126623
v -0.732515 0.066991 0.092534
v -0.746372 0.072778 0.071629
v -0.757453 0.089994 0.070206
v -0.760857 0.101848 0.075606
v -0.762029 0.093869 0.066084
v -0.764909 0.105033 0.070707
v -0.747058 0.076850 0.076601
v -0.736262 0.069724 0.091532
v -0.719615 0.081186 0.128120
v -0.726430 0.104079 0.137392
v -0.739130 0.117798 0.129049
v -0.736262 0.069724 0.091532
v -0.732515 0.066991 0.092534
v -0.522317 0.216748 -0.081176
v -0.596280 0.220177 -0.037431
v -0.538371 0.252626 -0.054630
v -0.589324 0.177820 -0.049986
v -0.508053 0.221230 0.044908
v -0.522742 0.252308 0.042076
v -0.501340 0.185652 -0.058392
v -0.490654 0.171979 -0.008580
v -0.564833 0.141380 -0.033730
v -0.495926 0.188423 0.028361
v -0.490654 0.171979 -0.008580
v -0.595910 0.245427 -0.011528
v -0.544609 0.278870 -0.029456
v -0.539578 0.284505 0.009238
v -0.595910 0.245427 -0.011528
v -0.596280 0.220177 -0.037431
v -0.606580 0.211409 -0.032610
v -0.789449 0.033308 0.177589
v -0.769914 0.049585 0.188821
v -0.773511 0.054413 0.184537
v -0.778449 0.030637 0.181903
v -0.749996 0.044047 0.196121
v -0.766051 0.043223 0.194458
v -0.745172 0.032874 0.186357
v -0.789449 0.033308 0.177589
v -0.762108 0.022556 0.170983
v -0.778449 0.030637 0.181903
v -0.760647 0.031160 0.153397
v -0.740007 0.044421 0.163011
v -0.748196 0.060687 0.178061
v -0.742042 0.037453 0.176105
v -0.749092 0.054205 0.186004
v -0.745172 0.032874 0.186357
v -0.759593 0.020763 0.179563
v -0.774958 0.028365 0.187307
v -0.774958 0.028365 0.187307
v -0.731655 0.052375 0.155170
v -0.741708 0.077201 0.166661
v -0.781428 0.066508 0.183491
v -0.742042 0.037453 0.176105
v -0.740007 0.044421 0.163011
v -0.858638 0.044012 0.102270
v -0.852543 0.033285 0.091101
v -0.856501 0.034798 0.112748
v -0.845939 0.022712 0.093665
v -0.847281 0.021313 0.111757
v -0.847281 0.021313 0.111757
v -0.888120 0.004954 0.124595
v -0.892241 0.001961 0.109205
v -0.886420 0.018369 0.122636
v -0.884472 0.005233 0.107067
v -0.896764 0.021366 0.115590
v -0.895696 0.011815 0.106677
v -0.892039 0.015923 0.125344
v -0.888120 0.004954 0.124595
v -0.879392 0.006889 0.148095
v -0.885105 0.018790 0.151302
v -0.887796 0.016875 0.151673
v -0.888737 0.016927 0.128750
v -0.886104 0.018606 0.128116
v -0.883771 0.006719 0.128503
v -0.853500 0.036422 0.142646
v -0.857371 0.046699 0.133327
v -0.867957 0.028564 0.146788
v -0.854938 0.035197 0.122972
v -0.886610 0.027287 0.139795
v -0.888737 0.016927 0.128750
v -0.890949 0.024616 0.140594
v -0.886104 0.018606 0.128116
v -0.873533 0.008451 0.176400
v -0.879019 0.025381 0.175459
v -0.882536 0.024231 0.175979
v -0.876687 0.007957 0.155182
v -0.883164 0.019751 0.151919
v -0.880318 0.020748 0.152395
v -0.851206 0.050081 0.161641
v -0.843933 0.041643 0.170371
v -0.850186 0.039409 0.150975
v -0.883486 0.030396 0.164447
v -0.883164 0.019751 0.151919
v -0.886756 0.029587 0.164438
v -0.880318 0.020748 0.152395
v -0.851511 0.046079 0.145691
v -0.847933 0.053270 0.159776
v -0.850186 0.039409 0.150975
v -0.841333 0.024887 0.151437
v -0.835649 0.030701 0.168323
v -0.833788 0.045118 0.207989
v -0.834980 0.057232 0.191585
v -0.843809 0.052014 0.199880
v -0.823793 0.049773 0.197922
v -0.850408 0.040597 0.190339
v -0.840113 0.042982 0.178441
v -0.858451 0.019722 0.204630
v -0.864794 0.031310 0.204721
v -0.861724 0.033083 0.201419
v -0.864794 0.031310 0.204721
v -0.854954 0.045428 0.210350
v -0.861724 0.033083 0.201419
v -0.859929 0.044071 0.214641
v -0.869123 0.037304 0.223768
v -0.872414 0.026827 0.214039
v -0.858509 0.032391 0.230723
v -0.872414 0.026827 0.214039
v -0.834336 0.049204 0.086300
v -0.856292 0.046474 0.101968
v -0.851061 0.034582 0.090710
v -0.900495 0.009240 0.108439
v -0.903207 0.017428 0.117815
v -0.896512 0.013898 0.126611
v -0.863643 0.041346 0.218377
v -0.850945 0.036787 0.224689
v -0.848980 0.037819 0.222911
v -0.844274 0.024678 0.220078
v -0.894943 0.021975 0.141253
v -0.845257 0.039776 0.219540
v -0.848885 0.023183 0.123235
v -0.854938 0.035197 0.122972
v -0.847881 0.022758 0.140264
v -0.847881 0.022758 0.140264
v -0.898465 0.010329 0.107694
v -0.900178 0.019780 0.116733
v -0.894540 0.014791 0.126052
v -0.838635 0.047624 0.172916
v -0.835649 0.030701 0.168323
v -0.761397 0.117377 0.097367
v -0.760857 0.101848 0.075606
v -0.747058 0.076850 0.076601
v -0.736262 0.069724 0.091532
v -0.764536 0.057103 0.077176
v -0.798909 0.045751 0.190775
v -0.801930 0.033243 0.177899
v -0.746587 0.039165 0.136560
v -0.802215 0.030412 0.158120
v -0.798039 0.061105 0.190316
v -0.801930 0.033243 0.177899
v -0.819251 0.036195 0.194458
v -0.840113 0.042982 0.178441
v -0.830457 0.029260 0.179292
v -0.850408 0.040597 0.190339
v -0.819251 0.036195 0.194458
v -0.802560 0.059291 0.193440
v -0.777818 0.093996 0.156469
v -0.731655 0.052375 0.155170
v -0.832587 0.059671 0.188045
v -0.843933 0.041643 0.170371
v -0.822320 0.050459 0.196438
v -0.855797 0.048595 0.132690
v -0.856501 0.034798 0.112748
v -0.856501 0.034798 0.112748
v -0.848885 0.023183 0.123235
v -0.854938 0.035197 0.122972
v -0.857321 0.046136 0.116366
v -0.739130 0.117798 0.129049
v -0.726430 0.104079 0.137392
v -0.719615 0.081186 0.128120
v -0.757453 0.089994 0.070206
v -0.757546 0.123291 0.109344
v -0.764909 0.105033 0.070707
v -0.772720 0.100281 0.076097
v -0.891371 0.015247 0.129384
v -0.891371 0.015247 0.129384
v -0.882414 0.020705 0.150931
v -0.866477 0.030338 0.206530
v -0.866477 0.030338 0.206530
v -0.885224 0.021760 0.175905
v -0.889884 0.026388 0.164893
v -0.873533 0.008451 0.176400
v -0.885508 0.017607 0.152910
v -0.885508 0.017607 0.152910
v -0.844274 0.024678 0.220078
v -0.879392 0.006889 0.148095
v -0.853500 0.036422 0.142646
v -0.719615 0.081186 0.128120
v -0.749995 0.121283 0.117489
v -0.738248 0.105157 0.146285
v -0.749995 0.121283 0.117489
v -0.136027 -1.075588 -0.048890
v -0.123461 -1.063245 -0.072124
v -0.145583 -1.094181 -0.047971
v -0.163348 0.010593 0.074667
v -0.198956 -0.027108 -0.012747
v -0.169569 -0.038276 0.074525
v -0.187490 0.027111 -0.007471
v -0.058860 0.026502 -0.143443
v 0.000000 0.079397 -0.144199
v 0.000000 0.029154 -0.150062
v -0.063209 0.076845 -0.139553
v -0.182780 -0.042570 -0.009019
v -0.156061 -0.052108 0.062408
v -0.172626 -0.021914 -0.082086
v -0.161788 -0.039520 -0.078917
v -0.122496 -0.018249 -0.130761
v -0.198956 -0.027108 -0.012747
v -0.182780 -0.042570 -0.009019
v -0.111818 0.044932 0.125672
v -0.113446 0.009064 0.123322
v -0.158616 0.057028 0.075853
v -0.116248 -0.053138 0.120161
v -0.117749 0.024518 -0.123636
v -0.163908 0.016128 -0.076896
v -0.179902 0.063310 -0.002914
v -0.187490 0.027111 -0.007471
v -0.058689 -0.283708 -0.218117
v 0.000000 -0.283861 -0.225022
v 0.000000 -0.344063 -0.210972
v 0.000000 -0.209218 -0.217075
v -0.062817 -0.209298 -0.212194
v -0.109034 -0.118479 0.122864
v -0.057254 -0.203132 0.151012
v -0.044869 -0.113204 0.149396
v -0.106070 -0.208581 0.132045
v -0.085802 -0.423633 0.135268
v -0.052975 -0.514600 0.151718
v -0.054579 -0.415434 0.150151
v -0.079430 -0.515972 0.125859
v -0.033724 -0.595827 0.130121
v -0.042185 -0.342756 -0.200291
v 0.000000 -0.280674 -0.201379
v -0.049426 -0.283981 -0.200139
v 0.000000 -0.347750 -0.204559
v -0.055159 -0.086112 -0.158381
v 0.000000 -0.087046 -0.160151
v 0.000000 -0.214086 -0.194497
v -0.051238 -0.214410 -0.194036
v -0.049977 -0.204101 0.123822
v 0.000000 -0.202982 0.132730
v -0.059332 -0.115830 0.119988
v -0.043194 -0.424812 0.119681
v 0.000000 -0.318964 0.129417
v 0.000000 -0.428031 0.124461
v -0.047144 -0.318467 0.122703
v -0.038568 -0.515725 0.119765
v 0.000000 -0.515972 0.125189
v 0.000000 -0.598641 0.125806
v 0.000000 -0.629936 0.126135
v -0.038382 -0.598641 0.122153
v -0.084370 -0.337761 -0.196024
v -0.045274 -0.339889 -0.207025
v -0.042185 -0.342756 -0.200291
v -0.090549 -0.335714 -0.203077
v -0.098853 -0.287288 -0.198899
v -0.099680 -0.286429 -0.205499
v -0.109963 -0.080879 -0.161232
v -0.110319 -0.085177 -0.156611
v -0.102476 -0.214734 -0.193574
v -0.101611 -0.211398 -0.199521
v -0.099954 -0.205220 0.114915
v -0.105715 -0.115661 0.109662
v -0.077137 -0.515479 0.114341
v -0.086387 -0.421592 0.114901
v 0.000000 -0.629936 0.126135
v 0.000000 -0.621268 0.136421
v -0.038382 -0.598641 0.122153
v 0.000000 -0.199342 0.162641
v 0.000000 -0.111807 0.158494
v 0.000000 -0.422944 0.158667
v 0.000000 -0.523497 0.151498
v -0.089801 -0.318264 0.128813
v -0.094287 -0.317971 0.115990
v -0.053175 -0.317874 0.150226
v 0.000000 -0.313934 0.158647
v 0.000000 -0.596985 0.140166
v 0.000000 -0.074026 -0.181210
v -0.060430 -0.076193 -0.176639
v -0.081396 0.015689 0.138817
v -0.067668 -0.026625 0.140585
v -0.067668 -0.026625 0.140585
v -0.179902 0.063310 -0.002914
v -0.159294 0.069277 -0.071877
v -0.116236 0.074856 -0.119850
v -0.081396 0.015689 0.138817
v -0.047753 0.041189 0.148613
v 0.000000 0.039877 0.155877
v -0.095925 0.045465 0.132539
v -0.095925 0.045465 0.132539
v -0.095925 0.045465 0.132539
v -0.228826 0.288235 -0.078723
v -0.138708 0.242312 -0.150860
v -0.199857 0.218103 -0.079667
v -0.186222 0.319102 -0.145793
v -0.223667 0.278597 -0.002169
v -0.203460 0.211633 -0.007799
v -0.089857 0.324118 -0.179491
v -0.078336 0.247184 -0.169031
v -0.223667 0.278597 -0.002169
v -0.180464 0.205526 0.064632
v -0.205684 0.285415 0.064283
v -0.203460 0.211633 -0.007799
v -0.184709 0.281013 0.114514
v -0.164970 0.236765 0.100153
v -0.060550 0.235245 0.177644
v 0.000000 0.234337 0.176090
v -0.068151 0.288071 0.177081
v -0.153984 0.231273 0.158332
v -0.159910 0.283855 0.147990
v -0.166596 0.237972 0.117206
v -0.186921 0.283941 0.123361
v 0.000000 0.061578 0.158688
v -0.012631 0.043797 0.154881
v 0.000000 0.039877 0.155877
v -0.016370 0.065604 0.159268
v -0.047753 0.041189 0.148613
v -0.096470 0.057731 0.109107
v -0.029734 0.042726 0.125284
v -0.126850 0.057027 0.096521
v -0.161602 0.131020 0.045477
v -0.148819 0.057686 0.050390
v -0.176599 0.133902 -0.003994
v -0.176599 0.133902 -0.003994
v -0.154439 0.139374 -0.069385
v -0.114927 0.128342 -0.122691
v -0.069902 0.144231 -0.149922
v 0.000000 0.144694 -0.159375
v -0.056987 0.173504 0.166794
v 0.000000 0.170695 0.168636
v -0.135912 0.180059 0.121481
v -0.159743 0.180523 0.093390
v 0.000000 0.241040 -0.161280
v -0.147256 0.130234 0.075283
v -0.124121 0.126306 0.126847
v -0.045187 0.074796 0.152945
v -0.051687 0.126207 0.156563
v 0.000000 0.129155 0.166527
v -0.012631 0.043797 0.154881
v 0.000000 0.369133 0.158289
v -0.070274 0.376366 0.169951
v -0.149663 0.350305 0.160320
v -0.197355 0.325440 0.127382
v -0.203789 0.372797 0.100633
v -0.153425 0.406103 0.112169
v -0.227087 0.354460 -0.120395
v -0.205228 0.368196 -0.138996
v -0.229921 0.304432 0.051741
v -0.195840 0.323240 0.105609
v -0.206845 0.363995 0.087970
v -0.234209 0.349732 0.075083
v -0.049161 0.415584 0.131143
v -0.102562 0.417037 0.127775
v -0.083671 0.473211 0.087723
v -0.104762 0.515574 0.031132
v -0.156603 0.454845 0.097840
v -0.170851 0.515149 0.042430
v -0.113315 0.540195 -0.014177
v -0.174083 0.530754 -0.015855
v -0.109918 0.542013 -0.072760
v -0.178628 0.535880 -0.070767
v -0.109918 0.542013 -0.072760
v -0.169933 0.522963 -0.104416
v -0.178628 0.535880 -0.070767
v -0.098662 0.516727 -0.114301
v -0.068910 0.448742 -0.158624
v -0.146715 0.455105 -0.152523
v -0.085859 0.491334 -0.137332
v -0.157424 0.483771 -0.132601
v -0.046211 0.395071 -0.175491
v -0.110568 0.384703 -0.179867
v -0.130067 0.427351 -0.161524
v -0.026265 0.338969 -0.175503
v -0.203338 0.454055 0.093691
v -0.198323 0.486941 0.035079
v -0.227776 0.499673 0.008716
v -0.230451 0.515544 -0.026548
v -0.224874 0.506644 -0.052355
v -0.200050 0.519511 -0.096103
v -0.193939 0.498341 -0.107326
v -0.175706 0.451258 -0.145373
v -0.188763 0.458723 -0.140810
v -0.168621 0.404875 -0.148375
v -0.160994 0.365957 -0.171611
v -0.247073 0.411882 -0.110519
v -0.223943 0.421784 -0.112842
v -0.240845 0.462914 -0.062811
v -0.266914 0.451550 -0.063164
v -0.235164 0.461297 0.001947
v -0.240845 0.462914 -0.062811
v -0.270606 0.450414 -0.001162
v -0.266914 0.451550 -0.063164
v -0.225618 0.421761 0.056289
v -0.252822 0.408838 0.053957
v -0.222384 0.431264 0.070272
v -0.231367 0.477304 0.011549
v -0.234408 0.480576 -0.045133
v -0.224683 0.477821 -0.077069
v -0.222264 0.431279 -0.121725
v -0.209918 0.449045 -0.121722
v -0.275970 0.453187 -0.137424
v -0.281410 0.465183 -0.131578
v -0.275900 0.457024 -0.144058
v -0.280117 0.469396 -0.136443
v -0.222384 0.431264 0.070272
v -0.266063 0.422703 0.109625
v -0.203338 0.454055 0.093691
v -0.194082 0.417510 0.112570
v -0.199206 0.397324 0.095241
v -0.222384 0.431264 0.070272
v -0.194082 0.417510 0.112570
v -0.199206 0.397324 0.095241
v -0.215124 0.450369 0.056403
v -0.219592 0.475118 0.023232
v -0.198323 0.486941 0.035079
v -0.263040 0.488108 0.066917
v -0.213842 0.466215 0.065835
v -0.215124 0.450369 0.056403
v -0.213842 0.466215 0.065835
v -0.219592 0.475118 0.023232
v -0.215124 0.450369 0.056403
v -0.234408 0.480576 -0.045133
v -0.231506 0.485728 -0.040034
v -0.238905 0.489173 0.003445
v -0.208209 0.499150 -0.093416
v -0.224874 0.506644 -0.052355
v -0.259774 0.508898 -0.060389
v -0.259859 0.499675 -0.056922
v -0.227472 0.486794 -0.050449
v -0.224683 0.477821 -0.077069
v -0.263369 0.496185 -0.075940
v -0.218089 0.510289 -0.081719
v -0.251597 0.505442 -0.084405
v -0.224683 0.477821 -0.077069
v -0.263369 0.496185 -0.075940
v -0.208209 0.499150 -0.093416
v -0.277239 0.499019 -0.029441
v -0.238905 0.489173 0.003445
v -0.279915 0.499393 -0.009113
v -0.231506 0.485728 -0.040034
v -0.278060 0.511912 -0.007088
v -0.227776 0.499673 0.008716
v -0.230451 0.515544 -0.026548
v -0.273302 0.521204 -0.025193
v -0.270983 0.515395 -0.045922
v -0.231506 0.485728 -0.040034
v -0.277239 0.499019 -0.029441
v -0.224874 0.506644 -0.052355
v -0.218089 0.510289 -0.081719
v -0.224874 0.506644 -0.052355
v -0.312729 0.522752 -0.022295
v -0.311968 0.523967 -0.027737
v -0.315620 0.526962 -0.027360
v -0.311968 0.523967 -0.027737
v -0.309573 0.528716 -0.032706
v -0.278485 0.502881 -0.073372
v -0.278485 0.502881 -0.073372
v -0.227472 0.486794 -0.050449
v -0.227472 0.486794 -0.050449
v -0.224874 0.506644 -0.052355
v -0.193939 0.498341 -0.107326
v -0.188763 0.458723 -0.140810
v -0.219663 0.472749 -0.099872
v -0.281410 0.465183 -0.131578
v -0.219663 0.472749 -0.099872
v -0.281410 0.465183 -0.131578
v -0.209918 0.449045 -0.121722
v -0.219663 0.472749 -0.099872
v -0.323149 0.363148 0.033457
v -0.295774 0.383934 0.045194
v -0.339490 0.402838 -0.008317
v -0.314160 0.425602 -0.003843
v -0.333765 0.400946 -0.063670
v -0.309850 0.425891 -0.065039
v -0.280996 0.392834 -0.106831
v -0.258442 0.345874 -0.111420
v -0.299732 0.325819 -0.112815
v -0.247607 0.307610 -0.076703
v -0.286620 0.287165 -0.085384
v -0.289326 0.287742 -0.020016
v -0.246627 0.299656 -0.013930
v -0.289326 0.287742 -0.020016
v -0.262961 0.304842 0.042451
v -0.293524 0.289670 0.037878
v -0.246627 0.299656 -0.013930
v -0.276657 0.340252 0.057414
v -0.234209 0.349732 0.075083
v -0.252822 0.408838 0.053957
v -0.229921 0.304432 0.051741
v -0.223667 0.278597 -0.002169
v -0.228826 0.288235 -0.078723
v -0.223667 0.278597 -0.002169
v -0.227087 0.354460 -0.120395
v -0.247073 0.411882 -0.110519
v -0.266914 0.451550 -0.063164
v -0.270606 0.450414 -0.001162
v -0.502203 0.295325 0.000695
v -0.488598 0.273667 0.027073
v -0.483538 0.236260 0.039024
v -0.472762 0.204830 0.026457
v -0.455442 0.198935 -0.013290
v -0.465212 0.207805 -0.062774
v -0.455442 0.198935 -0.013290
v -0.483637 0.240511 -0.079463
v -0.500938 0.273248 -0.061194
v -0.506730 0.292931 -0.034056
v 0.000000 0.275759 -0.160915
v -0.044854 0.415087 0.115957
v -0.074512 0.466760 0.076760
v -0.088868 0.507601 0.021281
v -0.093471 0.531516 -0.018808
v -0.090867 0.536051 -0.071147
v -0.090867 0.536051 -0.071147
v -0.079166 0.514554 -0.107479
v -0.071122 0.491113 -0.132529
v -0.058283 0.448166 -0.147688
v -0.043677 0.401021 -0.155992
v -0.024938 0.343316 -0.158322
v 0.000000 0.284858 -0.150140
v 0.000000 0.399384 -0.149871
v 0.000000 0.347002 -0.157658
v -0.054366 0.515400 -0.110667
v 0.000000 0.513629 -0.115659
v 0.000000 0.562455 -0.095862
v -0.041365 0.590571 -0.067974
v 0.000000 0.593439 -0.082512
v -0.045298 0.558449 -0.081144
v 0.000000 0.593439 -0.082512
v -0.037485 0.636030 -0.058094
v 0.000000 0.637953 -0.073963
v -0.041365 0.590571 -0.067974
v -0.060162 0.631692 -0.031250
v -0.066052 0.636050 -0.031629
v -0.072779 0.631922 -0.006120
v -0.064891 0.627713 -0.007190
v -0.069174 0.605278 0.050208
v -0.077183 0.575656 0.004432
v -0.069159 0.573276 0.043588
v -0.074530 0.627000 0.007072
v -0.057060 0.607912 0.053602
v -0.060895 0.568478 0.040290
v -0.087646 0.535976 0.046230
v -0.094219 0.540705 0.047825
v -0.092636 0.553095 0.019842
v -0.087646 0.535976 0.046230
v -0.085210 0.547039 0.018861
v -0.085210 0.547039 0.018861
v -0.068260 0.573822 -0.002188
v -0.060895 0.568478 0.040290
v -0.042400 0.559334 0.053109
v -0.057060 0.607912 0.053602
v -0.021150 0.552213 0.063126
v 0.000000 0.548838 0.068894
v -0.028191 0.517096 0.059146
v 0.000000 0.511375 0.064010
v -0.052149 0.527569 0.047621
v -0.071855 0.538270 0.030034
v -0.077226 0.547516 -0.004860
v -0.065820 0.585595 -0.040416
v -0.072540 0.558190 -0.052639
v -0.068260 0.573822 -0.002188
v -0.072540 0.558190 -0.052639
v -0.065820 0.585595 -0.040416
v -0.038183 0.460670 0.083404
v 0.000000 0.452362 0.084223
v -0.060895 0.568478 0.040290
v -0.068260 0.573822 -0.002188
v -0.065820 0.585595 -0.040416
v -0.058459 0.638070 0.060234
v -0.055283 0.643372 0.062517
v -0.056394 0.637598 0.063337
v -0.057556 0.616914 0.065363
v -0.050155 0.643671 0.063023
v -0.050270 0.639290 0.065020
v -0.048342 0.644188 0.062173
v -0.048588 0.639420 0.063594
v -0.043779 0.628705 0.080085
v -0.039220 0.632963 0.075146
v -0.035575 0.628254 0.066522
v -0.045380 0.640404 0.061137
v -0.039108 0.638168 0.055449
v -0.044305 0.644220 0.061043
v -0.039571 0.647022 0.055751
v -0.039220 0.632963 0.075146
v -0.045380 0.640404 0.061137
v -0.044305 0.644220 0.061043
v -0.018715 0.619849 0.062639
v 0.000000 0.629499 0.044894
v -0.018222 0.630863 0.045837
v -0.016564 0.645145 0.042227
v 0.000000 0.645137 0.040583
v -0.077003 0.622539 0.062429
v -0.061771 0.609945 0.055327
v -0.062174 0.621312 0.064889
v -0.062174 0.621312 0.064889
v -0.061771 0.609945 0.055327
v 0.044676 0.637040 0.064989
v 0.043739 0.632590 0.072387
v 0.041212 0.631484 0.074941
v 0.042590 0.644711 0.070345
v 0.040419 0.646705 0.065525
v 0.040419 0.646705 0.065525
v -0.044676 0.637040 0.064989
v -0.043739 0.632590 0.072387
v -0.039258 0.632540 0.069589
v -0.039258 0.632540 0.069589
v -0.035940 0.626970 0.080543
v -0.041212 0.631484 0.074941
v -0.035940 0.626970 0.080543
v -0.039653 0.624944 0.084333
v -0.042590 0.644711 0.070345
v -0.040419 0.646705 0.065525
v -0.040419 0.646705 0.065525
v 0.000000 -0.209218 -0.217075
v 0.000000 -0.074026 -0.181210
v 0.060430 -0.076193 -0.176639
v 0.000000 -0.347750 -0.204559
v 0.051238 -0.214410 -0.194036
v 0.102476 -0.214734 -0.193574
v -0.110319 -0.085177 -0.156611
v -0.098853 -0.287288 -0.198899
v -0.102476 -0.214734 -0.193574
v -0.084370 -0.337761 -0.196024
v 0.000000 -0.087046 -0.160151
v 0.000000 -0.280674 -0.201379
v 0.000000 -0.214086 -0.194497
v 0.000000 -0.347750 -0.204559
v -0.103600 -0.134132 -0.183674
v -0.067067 -0.132671 -0.196403
v 0.000000 -0.132350 -0.199199
v 0.000000 -0.132350 -0.199199
v 0.067067 -0.132671 -0.196403
v 0.103600 -0.134132 -0.183674
v 0.106207 -0.140018 -0.178398
v 0.053104 -0.142766 -0.178058
v 0.106207 -0.140018 -0.178398
v 0.000000 -0.145515 -0.177719
v 0.000000 -0.145515 -0.177719
v -0.053104 -0.142766 -0.178058
v -0.106207 -0.140018 -0.178398
v -0.106207 -0.140018 -0.178398
v 0.062453 0.629913 0.075078
v 0.062453 0.629913 0.075078
v 0.062453 0.629913 0.075078
v -0.077137 -0.515479 0.114341
v -0.086387 -0.421592 0.114901
v -0.094287 -0.317971 0.115990
v -0.099954 -0.205220 0.114915
v -0.105715 -0.115661 0.109662
v 0.105715 -0.115661 0.109662
v 0.099954 -0.205220 0.114915
v 0.094287 -0.317971 0.115990
v 0.086387 -0.421592 0.114901
v 0.077137 -0.515479 0.114341
vn 0.8840 -0.4420 0.1524
vn -0.0013 -0.3816 0.9243
vn 0.1747 0.2427 0.9542
vn 0.3650 0.4467 0.8168
vn 0.5850 -0.0172 0.8109
vn 0.4867 0.5437 0.6837
vn 0.8318 0.2179 0.5106
vn -0.5206 0.6005 0.6069
vn -0.5782 0.3857 0.7189
vn -0.1366 0.4159 0.8991
vn -0.4110 -0.3406 0.8456
vn -0.2051 -0.7257 0.6568
vn -0.5029 -0.1772 0.8460
vn -0.5421 0.4163 0.7300
vn -0.5355 0.4641 0.7056
vn -0.8616 0.0762 0.5018
vn -0.8279 0.0104 0.5607
vn -0.8718 -0.0141 0.4896
vn -0.9286 0.2024 0.3110
vn -0.9389 0.1858 0.2897
vn -0.5531 0.5910 0.5872
vn 0.5363 0.6453 0.5441
vn 0.9069 0.2574 0.3335
vn -0.9535 0.2394 0.1828
vn -0.5264 0.6315 0.5693
vn -0.9538 0.2529 0.1622
vn -0.9471 0.2328 0.2211
vn -0.5207 0.7289 0.4444
vn -0.5718 0.6541 0.4952
vn 0.6010 0.6546 0.4586
vn 0.9246 0.2991 0.2358
vn 0.6153 0.6328 0.4700
vn 0.6037 0.6018 0.5229
vn -0.5079 0.5248 0.6831
vn -0.5737 0.5883 0.5699
vn 0.7674 0.4342 0.4718
vn -0.4347 0.6298 0.6438
vn 0.9707 0.1174 0.2095
vn 0.4885 0.3558 0.7967
vn -0.2711 0.1605 0.9491
vn -0.8954 0.0306 0.4443
vn -0.9833 0.1285 0.1291
vn -0.9316 0.2090 0.2973
vn -0.4658 0.5152 -0.7195
vn -0.4440 0.6743 -0.5900
vn 0.0612 0.1353 -0.9889
vn -0.3139 0.0551 -0.9479
vn 0.5548 -0.7854 -0.2746
vn 0.0043 0.7507 0.6606
vn 0.0210 0.7504 0.6607
vn 0.4729 0.8788 0.0647
vn 0.4595 0.8822 0.1033
vn 0.7818 -0.3709 -0.5013
vn 0.7708 -0.5605 0.3028
vn 0.7584 -0.6277 0.1759
vn -0.1088 0.7093 0.6964
vn -0.1536 0.7083 0.6890
vn 0.0023 0.9513 -0.3081
vn 0.6928 0.6248 0.3601
vn 0.7067 -0.6477 -0.2847
vn -0.2555 -0.1622 -0.9531
vn 0.0874 0.0504 -0.9949
vn -0.5516 0.3030 -0.7771
vn 0.8943 -0.2111 -0.3946
vn 0.8718 -0.4498 0.1939
vn 0.3587 -0.1842 -0.9151
vn -0.1237 -0.7779 -0.6161
vn 0.1243 -0.0499 -0.9910
vn -0.2890 -0.7548 -0.5889
vn 0.1939 -0.1866 -0.9631
vn -0.2510 -0.1728 -0.9524
vn -0.4530 -0.6033 -0.6564
vn 0.6239 -0.4409 -0.6452
vn 0.4611 -0.1411 -0.8761
vn 0.2914 -0.0349 -0.9560
vn 0.4524 -0.0544 -0.8902
vn 0.5096 0.1741 -0.8426
vn 0.5213 0.3478 -0.7793
vn 0.4398 0.4805 -0.7588
vn 0.1289 -0.0446 -0.9907
vn 0.4339 0.4773 -0.7641
vn 0.5580 0.7241 -0.4053
vn 0.4919 0.2761 -0.8257
vn 0.5739 0.7685 -0.2829
vn 0.4611 0.8358 -0.2979
vn 0.4908 0.7788 -0.3906
vn 0.2740 0.9135 0.3008
vn 0.4392 0.8880 0.1361
vn 0.0693 0.7308 0.6790
vn -0.1287 0.5052 0.8534
vn 0.3199 0.8760 0.3610
vn 0.1884 0.5518 0.8124
vn 0.4522 0.8088 0.3758
vn 0.3188 0.4915 0.8104
vn -0.3357 0.1970 0.9211
vn 0.2074 0.2185 0.9535
vn 0.3259 0.4649 0.8232
vn 0.0161 0.0358 0.9992
vn -0.0412 -0.1485 0.9881
vn 0.1174 -0.0489 0.9919
vn -0.0611 -0.0297 0.9977
vn -0.3889 -0.0144 0.9211
vn -0.5128 -0.0808 0.8547
vn 0.2625 -0.1151 0.9580
vn 0.0359 -0.7703 0.6367
vn -0.4161 -0.7204 0.5549
vn -0.3886 -0.7664 0.5115
vn -0.2290 -0.7726 0.5922
vn -0.3549 -0.6299 0.6908
vn -0.5712 -0.5288 0.6278
vn -0.4956 -0.8295 0.2574
vn -0.5947 -0.7048 0.3867
vn -0.4407 -0.8937 0.0848
vn -0.4536 -0.8887 0.0665
vn -0.4441 -0.8906 0.0978
vn 0.2272 -0.9736 0.0237
vn 0.5035 -0.8617 0.0635
vn 0.2002 -0.7045 0.6809
vn 0.3224 -0.1494 0.9347
vn 0.3247 0.3578 -0.8755
vn 0.2525 0.3413 -0.9054
vn 0.0190 -0.2973 -0.9546
vn 0.4740 0.7942 -0.3803
vn 0.5534 0.7410 -0.3804
vn 0.4882 0.8125 0.3186
vn 0.5879 0.7426 0.3207
vn 0.3976 0.4385 0.8060
vn 0.4777 0.3340 0.8126
vn 0.5363 0.7742 -0.3361
vn 0.6084 0.7205 0.3329
vn 0.4613 0.3573 0.8121
vn 0.2036 0.3791 -0.9027
vn 0.0573 0.5741 -0.8168
vn 0.3942 0.8457 -0.3597
vn 0.4916 0.8708 0.0120
vn 0.4896 0.6245 0.6085
vn 0.2630 -0.1051 -0.9591
vn 0.3866 -0.2006 -0.9002
vn 0.2095 -0.0004 -0.9778
vn -0.1003 -0.0441 -0.9940
vn -0.1653 -0.1953 -0.9667
vn -0.4476 -0.7603 -0.4708
vn 0.1474 -0.8201 -0.5528
vn 0.2552 -0.2657 -0.9297
vn 0.3130 -0.9448 -0.0963
vn -0.4337 -0.8996 -0.0515
vn -0.8323 -0.4886 -0.2618
vn -0.4402 -0.8935 -0.0891
vn -0.8276 -0.3677 -0.4241
vn 0.2411 -0.8984 -0.3671
vn 0.6833 -0.6477 -0.3369
vn 0.6612 -0.7486 -0.0497
vn -0.1785 -0.7937 -0.5816
vn -0.3960 -0.9033 -0.1649
vn 0.4508 -0.8614 -0.2341
vn 0.5636 -0.6270 -0.5378
vn -0.7194 -0.1234 -0.6836
vn -0.6140 0.0665 -0.7865
vn 0.6559 -0.2205 -0.7219
vn 0.3847 -0.9043 -0.1851
vn 0.0762 -0.9334 -0.3507
vn -0.1855 -0.9018 -0.3903
vn -0.3576 -0.8789 -0.3158
vn -0.3119 -0.6933 -0.6496
vn -0.3077 -0.7061 -0.6377
vn -0.0339 -0.8995 -0.4356
vn -0.5318 -0.8092 -0.2500
vn -0.4891 -0.8161 -0.3078
vn 0.6703 -0.6357 -0.3829
vn -0.1712 -0.7540 -0.6341
vn 0.0933 -0.9459 -0.3108
vn 0.1696 -0.9637 -0.2060
vn 0.4771 -0.8368 -0.2685
vn 0.1912 -0.9718 -0.1379
vn -0.2007 -0.1015 -0.9744
vn -0.5109 -0.5212 -0.6837
vn 0.6592 -0.6238 -0.4200
vn 0.7250 -0.3132 -0.6134
vn 0.8875 -0.3246 -0.3271
vn 0.6343 -0.7446 0.2079
vn 0.8015 -0.5120 0.3088
vn 0.7806 -0.4583 0.4251
vn 0.8061 -0.4010 0.4352
vn 0.9237 -0.1046 -0.3686
vn 0.5990 0.0801 -0.7968
vn -0.5655 0.6958 0.4428
vn -0.9962 -0.0609 0.0628
vn -0.8193 -0.0104 0.5732
vn -0.6430 0.6010 0.4747
vn -0.5241 0.6331 0.5696
vn -0.3934 0.9106 -0.1269
vn -0.1332 0.9821 -0.1329
vn 0.0126 0.9998 -0.0160
vn -0.5821 0.6156 0.5312
vn -0.2470 -0.2087 0.9463
vn -0.3535 -0.8670 0.3512
vn -0.6037 -0.6325 -0.4853
vn -0.1642 -0.8224 0.5447
vn -0.8392 0.0473 0.5418
vn -0.0882 -0.8097 0.5801
vn -0.0928 -0.0862 0.9919
vn -0.5881 0.7250 0.3585
vn -0.7266 -0.2498 -0.6400
vn -0.8100 0.4300 -0.3988
vn 0.1378 0.6214 -0.7713
vn -0.4721 -0.1643 -0.8661
vn -0.5996 0.1513 -0.7858
vn 0.0051 -0.5390 -0.8423
vn 0.5556 0.5076 -0.6586
vn -0.3733 0.6528 -0.6591
vn -0.9687 -0.1289 -0.2123
vn -0.6778 -0.6472 -0.3488
vn -0.1828 -0.6326 -0.7526
vn 0.0030 -0.5233 -0.8521
vn -0.1119 -0.4652 -0.8781
vn -0.2572 -0.6446 -0.7200
vn -0.7614 -0.5178 -0.3901
vn -0.7654 -0.5487 0.3362
vn -0.9464 -0.1674 0.2761
vn -0.9669 0.2415 -0.0827
vn 0.0032 0.0125 -0.9999
vn -0.6448 -0.3913 0.6566
vn -0.6367 -0.4278 0.6415
vn -0.4422 0.0710 -0.8941
vn 0.8131 0.5475 -0.1979
vn 0.7099 0.5379 -0.4546
vn -0.8748 -0.1732 0.4525
vn 0.1934 -0.8502 -0.4897
vn 0.3518 -0.8769 -0.3276
vn 0.6410 -0.3955 -0.6578
vn 0.4398 -0.8179 -0.3709
vn 0.6389 -0.2111 -0.7398
vn -0.1320 0.5761 -0.8067
vn -0.9708 -0.1510 0.1865
vn -0.8496 0.4696 -0.2401
vn 0.1229 0.6224 -0.7729
vn -0.1033 -0.1473 -0.9837
vn 0.6330 -0.2994 -0.7139
vn -0.0026 -0.9978 -0.0655
vn -0.0698 -0.9604 -0.2697
vn -0.7058 -0.4448 0.5514
vn -0.0751 -0.7837 -0.6166
vn -0.0347 0.5827 -0.8120
vn 0.1066 0.5667 -0.8170
vn 0.6204 0.7379 0.2655
vn 0.4795 -0.2288 -0.8472
vn 0.1628 -0.5736 -0.8028
vn 0.8980 -0.3789 -0.2239
vn 0.1615 -0.6123 -0.7739
vn 0.7385 0.5969 0.3134
vn -0.2514 0.1511 0.9560
vn 0.5592 0.4160 0.7171
vn 0.8394 0.2793 0.4664
vn 0.7766 -0.3054 0.5510
vn 0.6355 0.7210 0.2760
vn 0.8481 -0.3653 0.3837
vn 0.9611 0.2686 0.0638
vn -0.0949 -0.5573 0.8249
vn 0.1135 -0.7586 0.6417
vn 0.7711 -0.5488 0.3228
vn 0.7217 -0.5301 0.4451
vn -0.1440 -0.9874 -0.0658
vn -0.4250 -0.8909 -0.1606
vn -0.2560 -0.1824 0.9493
vn -0.4249 -0.7773 0.4640
vn -0.0930 -0.2148 0.9722
vn -0.1760 -0.9444 0.2777
vn -0.2416 -0.6046 -0.7590
vn -0.2621 -0.6584 -0.7056
vn -0.7967 -0.5345 -0.2819
vn 0.8654 0.5002 -0.0290
vn 0.4917 -0.4555 -0.7421
vn 0.7765 0.6279 -0.0530
vn 0.0236 -0.5494 -0.8352
vn 0.2447 -0.9478 0.2043
vn 0.2346 -0.9638 -0.1267
vn 0.0409 -0.9812 0.1887
vn -0.7356 -0.6774 0.0049
vn 0.4070 -0.8686 0.2826
vn 0.4596 0.4821 0.7459
vn 0.2267 0.4073 0.8847
vn 0.1628 0.4841 0.8597
vn -0.2206 0.0847 0.9717
vn -0.1387 -0.0000 0.9903
vn -0.1419 -0.2207 0.9650
vn 0.7210 0.6887 -0.0767
vn 0.4531 0.0192 -0.8913
vn -0.1954 -0.8485 -0.4919
vn 0.0404 0.5291 0.8476
vn 0.5703 0.8122 -0.1229
vn 0.3701 0.0603 -0.9270
vn -0.2374 -0.8001 -0.5508
vn -0.5390 -0.8361 0.1021
vn -0.5220 -0.8491 0.0808
vn -0.2713 -0.8260 -0.4941
vn -0.5290 -0.8354 0.1492
vn -0.5269 -0.8330 0.1685
vn 0.3038 0.0795 -0.9494
vn 0.3734 0.0849 -0.9238
vn 0.4854 0.0039 -0.8743
vn -0.2787 -0.8325 -0.4788
vn -0.5106 -0.8454 0.1572
vn -0.2577 -0.8321 -0.4912
vn -0.3247 -0.9135 0.2451
vn 0.5088 0.8521 -0.1229
vn 0.4589 0.8750 -0.1542
vn 0.4214 -0.0221 -0.9066
vn 0.6368 0.7669 -0.0800
vn 0.0127 0.5492 0.8356
vn -0.0167 0.5529 0.8331
vn 0.3570 0.0269 -0.9337
vn 0.6646 0.7377 -0.1190
vn 0.1641 0.4698 0.8674
vn -0.2159 0.1298 0.9678
vn -0.1119 0.0851 0.9901
vn 0.5477 0.7986 -0.2496
vn 0.3337 0.0617 -0.9407
vn 0.1422 0.3504 0.9257
vn -0.0670 0.3115 0.9479
vn -0.2055 0.1136 0.9720
vn 0.2688 0.7468 0.6083
vn 0.4730 0.8593 -0.1946
vn 0.3490 0.0515 -0.9357
vn 0.5370 0.8372 -0.1039
vn -0.1024 0.5097 0.8542
vn -0.3693 0.1908 0.9095
vn -0.1202 0.5912 0.7975
vn 0.4831 0.4528 0.7494
vn -0.4193 0.2220 0.8803
vn 0.8034 0.5771 0.1466
vn 0.9392 0.1751 -0.2954
vn 0.9497 0.3123 0.0224
vn 0.7593 0.5753 -0.3039
vn 0.3586 0.0386 -0.9327
vn -0.1840 -0.8672 -0.4627
vn 0.6888 0.6038 -0.4013
vn 0.3399 0.0978 -0.9354
vn 0.3356 0.1575 -0.9287
vn 0.5966 0.6865 -0.4157
vn 0.6291 0.7751 0.0585
vn 0.7226 0.6733 0.1563
vn -0.0444 -0.7268 -0.6855
vn -0.0943 -0.7132 -0.6946
vn 0.3250 0.1825 -0.9279
vn 0.4966 0.7118 -0.4967
vn 0.5360 0.8441 -0.0135
vn 0.4604 0.8709 0.1720
vn 0.1211 -0.9904 0.0673
vn -0.1990 -0.9796 -0.0265
vn -0.2379 -0.9711 -0.0187
vn -0.1444 -0.7162 -0.6828
vn 0.2784 0.1468 -0.9492
vn 0.0284 -0.9810 0.1921
vn 0.5221 0.6329 -0.5718
vn 0.5689 0.8191 -0.0740
vn 0.4432 0.8512 0.2811
vn 0.1343 0.8090 0.5722
vn 0.1681 0.0592 -0.9840
vn 0.4546 0.5120 -0.7288
vn 0.5389 0.7766 -0.3263
vn 0.4510 0.8764 0.1688
vn 0.2508 0.8584 0.4474
vn 0.0232 0.7914 0.6109
vn 0.2588 0.8463 0.4657
vn 0.5822 0.7821 0.2221
vn 0.9037 0.3616 0.2294
vn 0.7721 0.5517 0.3153
vn 0.4422 0.7833 0.4369
vn 0.4920 0.8267 0.2730
vn -0.2743 0.4271 0.8616
vn -0.1901 0.3730 0.9081
vn -0.2957 0.4325 0.8518
vn 0.8307 0.5526 -0.0680
vn 0.3702 0.3856 0.8452
vn 0.6276 0.7416 0.2369
vn 0.0969 0.3657 0.9257
vn -0.0398 0.3618 0.9314
vn -0.1921 -0.0882 0.9774
vn -0.2056 -0.0949 0.9740
vn 0.0023 0.2759 0.9612
vn -0.1500 -0.0939 0.9842
vn 0.5619 0.7585 0.3301
vn 0.4878 0.8553 0.1744
vn 0.3768 0.9196 0.1110
vn 0.4926 0.8634 0.1093
vn 0.6260 0.7663 0.1443
vn 0.5192 0.7140 -0.4698
vn 0.3688 0.7889 -0.4916
vn 0.4658 0.7056 -0.5340
vn 0.9201 0.3211 -0.2244
vn 0.4326 0.3017 0.8496
vn 0.5269 0.7092 -0.4685
vn 0.6483 0.6249 -0.4350
vn 0.5290 0.6978 -0.4830
vn 0.5115 0.8477 0.1408
vn 0.0752 0.2942 0.9528
vn 0.1564 0.2525 0.9549
vn 0.5332 0.6897 -0.4899
vn 0.5031 0.8498 0.1570
vn 0.0457 0.2568 0.9654
vn -0.1708 -0.1497 0.9739
vn -0.1683 -0.2542 0.9524
vn 0.0148 0.2482 0.9686
vn 0.5591 0.8130 0.1627
vn 0.0722 0.1789 0.9812
vn 0.6239 0.7667 0.1515
vn 0.6321 0.7738 0.0404
vn 0.1154 0.1531 0.9815
vn -0.3272 -0.4540 0.8288
vn 0.6012 0.1206 -0.7900
vn 0.9029 0.4274 0.0453
vn 0.9848 0.1723 0.0209
vn 0.5022 0.2549 0.8263
vn 0.5712 0.4746 -0.6697
vn 0.5981 0.6459 -0.4744
vn 0.0222 -0.4027 0.9151
vn 0.0328 -0.4354 0.8996
vn -0.0083 -0.2793 0.9602
vn -0.0113 -0.2649 0.9642
vn 0.0044 -0.1439 0.9896
vn 0.0112 -0.1557 0.9877
vn 0.0216 -0.0139 0.9997
vn 0.0359 -0.0328 0.9988
vn 0.0666 0.0330 0.9972
vn 0.0819 -0.0121 0.9966
vn 0.0370 -0.0574 0.9977
vn 0.0099 -0.1708 0.9853
vn -0.0137 -0.2559 0.9666
vn 0.0124 -0.3722 0.9281
vn 0.0399 -0.4535 0.8904
vn 0.0489 -0.4822 0.8747
vn 0.0589 -0.5096 0.8584
vn 0.0950 -0.0471 0.9944
vn 0.0951 0.3789 -0.9205
vn 0.1283 0.4387 -0.8895
vn 0.1968 0.4755 -0.8574
vn 0.1884 0.4098 -0.8925
vn 0.8880 0.1608 -0.4309
vn 0.0592 0.2626 -0.9631
vn 0.1410 -0.5999 -0.7875
vn 0.1168 -0.0607 -0.9913
vn 0.1831 -0.0502 -0.9818
vn 0.0851 0.1567 -0.9840
vn 0.1933 0.1338 -0.9720
vn 0.1909 0.2639 -0.9455
vn 0.7715 0.2349 -0.5913
vn 0.9599 -0.2241 0.1685
vn 0.9910 -0.0393 -0.1282
vn 0.1344 -0.6578 -0.7411
vn 0.7389 -0.5981 -0.3102
vn 0.8274 -0.0806 -0.5558
vn 0.7509 0.0659 -0.6571
vn 0.6695 0.1864 -0.7191
vn 0.9238 0.0620 -0.3778
vn 0.9893 -0.0165 -0.1449
vn 0.9828 -0.1243 0.1364
vn 0.4250 -0.8999 0.0980
vn 0.1288 -0.9289 -0.3471
vn 0.1513 -0.8570 -0.4927
vn -0.8673 0.1581 -0.4719
vn 0.1590 0.5057 -0.8479
vn -0.1204 -0.6326 -0.7650
vn -0.6992 0.2475 -0.6708
vn 0.3826 -0.4825 0.7879
vn -0.0809 -0.7821 0.6179
vn 0.9136 -0.3698 0.1692
vn 0.9821 -0.0356 0.1852
vn 0.2644 0.4833 -0.8346
vn 0.5748 -0.5183 0.6332
vn 0.6757 -0.3739 0.6354
vn 0.0977 -0.3030 0.9480
vn -0.3348 0.2249 0.9151
vn -0.4595 -0.1225 0.8797
vn -0.2784 0.2314 0.9322
vn -0.3532 -0.1293 0.9266
vn -0.1824 0.2662 0.9465
vn 0.3960 -0.1288 0.9092
vn 0.7370 -0.3202 0.5953
vn -0.6435 -0.5895 0.4883
vn -0.5259 -0.7339 0.4299
vn -0.4338 -0.7798 0.4513
vn 0.0434 -0.7863 0.6163
vn 0.6108 -0.6444 0.4601
vn 0.2424 -0.8994 0.3637
vn -0.3271 -0.9355 0.1332
vn -0.4404 -0.8874 0.1360
vn -0.5756 -0.7729 0.2670
vn -0.1225 -0.7184 0.6847
vn -0.9909 -0.1167 0.0664
vn -0.3133 -0.6263 -0.7139
vn -0.0787 0.4116 -0.9080
vn -0.7104 -0.2535 -0.6565
vn -0.8051 0.5185 -0.2880
vn 0.1286 -0.7743 0.6196
vn 0.8492 -0.5072 0.1468
vn 0.8345 -0.5271 0.1603
vn -0.0621 0.3451 -0.9365
vn -0.1208 -0.8258 0.5508
vn -0.9724 0.2127 -0.0959
vn -0.3435 -0.4673 -0.8147
vn 0.6281 -0.7219 0.2904
vn 0.7608 -0.6220 0.1849
vn 0.1158 -0.8288 0.5475
vn -0.9170 0.2852 -0.2788
vn -0.1217 0.6234 -0.7724
vn 0.0030 0.5251 -0.8510
vn -0.1686 0.9232 0.3455
vn -0.3095 -0.4479 0.8388
vn -0.4365 -0.7558 -0.4881
vn 0.5116 -0.6687 0.5396
vn 0.7124 -0.5504 0.4353
vn 0.2553 -0.6567 0.7096
vn -0.4703 0.4028 -0.7852
vn -0.7730 0.3334 -0.5398
vn 0.2203 0.2427 -0.9447
vn 0.3708 0.2178 -0.9028
vn -0.0273 -0.7463 0.6650
vn -0.5545 0.2556 -0.7919
vn -0.7914 0.2843 -0.5411
vn 0.3037 -0.7334 0.6082
vn -0.2238 -0.5789 0.7841
vn 0.7768 -0.5402 0.3236
vn 0.6618 -0.6232 0.4167
vn -0.4344 -0.7840 -0.4434
vn 0.0716 0.2128 -0.9745
vn -0.0108 0.1567 -0.9876
vn 0.7480 -0.1393 -0.6489
vn 0.7950 0.5722 -0.2014
vn -0.5957 0.5461 0.5890
vn 0.0857 0.6066 0.7903
vn -0.1606 0.8870 0.4329
vn -0.1640 0.9177 -0.3618
vn -0.9760 0.0117 0.2174
vn -0.2019 -0.4576 0.8659
vn 0.7508 -0.4158 0.5133
vn 0.1351 0.9570 0.2567
vn -0.0502 0.9980 -0.0393
vn -0.3569 -0.6785 0.6421
vn -0.6028 0.7973 0.0297
vn -0.1756 -0.3657 0.9140
vn 0.6682 -0.6227 0.4072
vn 0.2418 0.7364 0.6318
vn 0.2952 0.8279 -0.4769
vn 0.5553 0.7988 -0.2313
vn 0.7104 -0.6970 0.0975
vn -0.8911 -0.4383 -0.1176
vn 0.1963 0.8677 0.4568
vn 0.1687 0.7083 -0.6855
vn -0.6816 0.7218 -0.1200
vn 0.3658 0.7410 -0.5631
vn -0.4826 0.8299 -0.2799
vn -0.2090 -0.5217 0.8271
vn -0.1565 -0.2353 0.9592
vn 0.7169 -0.3990 0.5717
vn 0.8189 -0.5022 0.2778
vn 0.4841 -0.7767 0.4029
vn -0.8703 0.0575 -0.4892
vn 0.0610 -0.0410 -0.9973
vn -0.3444 -0.8576 -0.3819
vn -0.3941 -0.1174 -0.9115
vn 0.0491 -0.2641 0.9632
vn -0.2349 -0.4605 0.8560
vn 0.6872 -0.5002 0.5269
vn 0.0311 -0.1937 -0.9806
vn 0.8520 -0.2779 0.4437
vn -0.0150 0.9661 0.2579
vn 0.9114 0.4063 0.0647
vn 0.1595 0.6204 -0.7679
vn -0.0624 0.8155 -0.5753
vn 0.8042 0.5672 -0.1777
vn 0.1132 -0.6734 0.7306
vn -0.1161 -0.3945 0.9115
vn -0.8496 -0.4258 0.3112
vn -0.8253 -0.2286 0.5163
vn 0.4365 -0.7558 -0.4881
vn 0.3095 -0.4479 0.8388
vn -0.5116 -0.6687 0.5396
vn -0.7124 -0.5504 0.4353
vn -0.2553 -0.6567 0.7096
vn 0.4703 0.4028 -0.7852
vn 0.7730 0.3334 -0.5398
vn -0.2203 0.2427 -0.9447
vn -0.3708 0.2178 -0.9028
vn -0.0716 0.2128 -0.9745
vn 0.7914 0.2843 -0.5411
vn 0.4344 -0.7840 -0.4434
vn 0.2238 -0.5789 0.7841
vn -0.6618 -0.6232 0.4167
vn -0.7768 -0.5402 0.3236
vn -0.3037 -0.7334 0.6082
vn 0.5545 0.2556 -0.7919
vn 0.0108 0.1567 -0.9876
vn 0.1887 0.4849 -0.8540
vn 0.1908 0.3315 -0.9239
vn 0.9348 0.0800 -0.3460
vn 0.9619 0.1820 -0.2041
vn -0.2754 -0.7375 0.6167
vn 0.2148 -0.7954 0.5667
vn 0.3353 -0.5726 -0.7481
vn -0.6902 -0.6896 0.2192
vn -0.8489 -0.4984 0.1761
vn -0.7480 -0.1393 -0.6489
vn 0.8636 0.4939 0.1011
vn 0.0240 0.8526 -0.5220
vn -0.2155 0.8802 0.4228
vn 0.1705 0.9544 -0.2449
vn 0.1825 -0.8985 0.3991
vn 0.0516 -0.5830 0.8108
vn -0.8329 -0.4594 0.3086
vn -0.8225 -0.5679 0.0316
vn -0.4136 0.8489 -0.3292
vn 0.2323 0.9496 -0.2105
vn 0.7670 0.5867 0.2597
vn 0.9966 0.0320 0.0761
vn 0.5258 -0.3233 0.7868
vn 0.0748 0.9033 -0.4224
vn -0.7277 0.4678 -0.5016
vn -0.5425 0.7143 -0.4421
vn -0.0740 0.7099 0.7004
vn -0.5018 -0.4168 0.7580
vn -0.4001 -0.4434 0.8020
vn -0.3793 -0.4353 0.8165
vn 0.8911 -0.4383 -0.1176
vn 0.3569 -0.6785 0.6421
vn 0.0502 0.9980 -0.0393
vn 0.6028 0.7973 0.0297
vn -0.5553 0.7988 -0.2313
vn -0.2952 0.8279 -0.4769
vn -0.2419 0.7364 0.6319
vn 0.1756 -0.3657 0.9140
vn -0.6682 -0.6227 0.4072
vn -0.7104 -0.6970 0.0975
vn -0.1687 0.7083 -0.6855
vn -0.1963 0.8677 0.4568
vn 0.6816 0.7218 -0.1200
vn -0.3658 0.7410 -0.5631
vn 0.4826 0.8299 -0.2799
vn 0.2090 -0.5217 0.8271
vn 0.1565 -0.2353 0.9592
vn -0.7169 -0.3990 0.5717
vn -0.8189 -0.5022 0.2778
vn -0.1775 0.2634 0.9482
vn -0.1775 -0.2635 0.9482
vn 0.2678 -0.4322 0.8611
vn -0.3154 -0.8644 0.3917
vn -0.5330 -0.5269 0.6620
vn -0.8884 -0.2635 0.3759
vn -0.6271 -0.0000 0.7789
vn -0.8884 0.2634 0.3759
vn -0.5330 0.5268 0.6621
vn -0.3164 0.8634 0.3930
vn -0.8987 0.4317 -0.0776
vn -0.8984 -0.4322 -0.0777
vn -0.1820 -0.9569 0.2261
vn -0.8276 -0.4785 -0.2936
vn -0.8279 0.4777 -0.2939
vn -0.1834 0.9562 0.2279
vn 0.2677 0.4317 0.8614
vn 0.4639 0.4777 0.7461
vn 0.4635 -0.4785 0.7458
vn 0.9723 -0.0134 0.2335
vn 0.7828 0.2038 0.5879
vn 0.8492 0.2132 0.4831
vn 0.0888 -0.7304 0.6772
vn -0.4094 -0.9044 -0.1202
vn -0.4189 -0.8651 -0.2758
vn -0.8401 -0.3345 0.4269
vn -0.8375 -0.4907 0.2402
vn -0.4074 -0.7021 -0.5840
vn -0.0567 0.4217 0.9050
vn 0.2466 0.6239 0.7416
vn -0.3407 0.5850 0.7360
vn 0.0349 0.9278 0.3715
vn -0.3640 0.8683 0.3369
vn -0.9509 0.0944 0.2948
vn -0.4049 0.9031 0.1430
vn -0.9872 0.0113 0.1594
vn -0.4363 0.8608 0.2619
vn -0.9959 -0.0466 0.0777
vn -0.4171 -0.9088 0.0071
vn -0.3638 -0.9025 -0.2304
vn -0.5061 -0.8624 0.0133
vn -0.4425 -0.8803 -0.1714
vn -0.1523 -0.8831 -0.4437
vn 0.0049 -0.8835 -0.4685
vn -0.0156 -0.9510 -0.3088
vn -0.0423 -0.9974 -0.0580
vn -0.0937 -0.9714 -0.2180
vn -0.0495 0.9903 0.1297
vn -0.0858 0.9477 0.3075
vn -0.1898 0.9088 0.3716
vn -0.4246 0.8449 0.3254
vn -0.9990 0.0434 0.0075
vn 0.6719 0.0308 -0.7400
vn 0.5459 -0.0154 -0.8377
vn 0.5680 0.1047 -0.8164
vn 0.7156 0.1708 -0.6773
vn 0.6102 0.2121 -0.7633
vn 0.5788 -0.0125 -0.8153
vn 0.4904 -0.0640 -0.8691
vn 0.5917 -0.0473 -0.8048
vn 0.2430 0.1640 -0.9561
vn 0.8676 -0.0283 -0.4965
vn 0.8544 0.0683 -0.5152
vn 0.9205 0.2226 -0.3211
vn 0.7896 -0.1853 -0.5850
vn 0.7999 0.2790 -0.5314
vn 0.6365 -0.1125 -0.7630
vn 0.5723 -0.0086 -0.8200
vn 0.4049 -0.0815 -0.9107
vn 0.2948 -0.1838 -0.9377
vn 0.2710 -0.1536 -0.9502
vn 0.3445 0.2615 -0.9016
vn 0.6499 0.6660 -0.3662
vn 0.5212 0.7754 -0.3566
vn 0.8111 0.4792 -0.3354
vn 0.9107 0.2847 -0.2992
vn 0.9184 0.3719 -0.1349
vn 0.9245 0.3681 -0.0988
vn 0.8027 0.5964 0.0014
vn 0.8556 0.3362 -0.3936
vn 0.7422 0.0265 -0.6697
vn 0.4386 -0.8593 0.2633
vn -0.8304 -0.5551 -0.0467
vn -0.5922 -0.2420 0.7686
vn 0.0512 0.1963 0.9792
vn -0.2217 0.2553 0.9411
vn -0.8665 -0.2966 0.4014
vn -0.9618 0.0165 0.2734
vn -0.9739 -0.0838 -0.2107
vn -0.9632 -0.0800 -0.2567
vn -0.2953 0.1091 0.9491
vn -0.2900 0.1614 0.9433
vn -0.8923 0.0319 0.4504
vn -0.9379 -0.0598 -0.3417
vn -0.1984 0.0996 0.9751
vn -0.1893 0.1571 0.9693
vn -0.1992 0.0074 0.9799
vn -0.2944 0.0090 0.9557
vn -0.8989 -0.0415 0.4361
vn -0.9494 -0.1093 0.2946
vn -0.7661 -0.0657 0.6393
vn -0.9971 -0.0671 0.0347
vn -0.1620 -0.0093 0.9867
vn -0.8424 -0.0343 0.5378
vn -0.9476 -0.2768 -0.1598
vn -0.9269 -0.2798 0.2502
vn -0.5326 -0.3881 0.7521
vn -0.3781 -0.1853 0.9070
vn -0.0609 -0.1638 0.9846
vn -0.1293 -0.0068 0.9916
vn -0.3041 0.0139 0.9525
vn -0.3336 -0.0070 0.9427
vn -0.6882 -0.4568 0.5636
vn -0.5704 -0.6261 0.5316
vn -0.5023 -0.4893 0.7129
vn -0.2870 -0.1460 0.9467
vn -0.2890 0.3109 -0.9054
vn 0.0044 -0.1201 -0.9927
vn -0.5287 -0.3481 -0.7742
vn -0.0875 -0.1090 -0.9902
vn -0.4167 -0.6266 -0.6586
vn -0.1960 -0.9603 -0.1987
vn -0.3433 -0.9323 -0.1139
vn -0.7748 -0.6147 0.1480
vn -0.2979 -0.9152 0.2716
vn -0.8360 -0.5171 -0.1836
vn -0.9837 0.1687 0.0626
vn -0.9395 -0.1802 0.2913
vn -0.8315 0.2230 0.5088
vn -0.5728 0.0287 0.8192
vn -0.4908 0.8671 0.0854
vn 0.0326 0.9951 -0.0930
vn -0.8672 0.0207 -0.4976
vn -0.9194 -0.2368 0.3141
vn -0.5948 -0.7683 0.2364
vn -0.5739 -0.7332 0.3648
vn -0.2385 0.7886 0.5667
vn -0.4244 0.6936 0.5821
vn -0.7815 -0.4159 0.4651
vn 0.0432 -0.9837 -0.1746
vn -0.2675 -0.9432 -0.1973
vn -0.6132 -0.2735 0.7410
vn -0.6853 0.1665 0.7090
vn -0.1927 0.8278 0.5269
vn -0.8926 0.1523 0.4243
vn -0.5262 0.0140 0.8503
vn -0.7695 -0.4031 0.4953
vn -0.5227 0.1907 0.8309
vn -0.8830 0.4583 -0.1017
vn -0.0000 0.0351 0.9994
vn -0.4628 -0.1098 0.8796
vn -0.9118 -0.4032 0.0780
vn -0.8130 -0.5777 0.0724
vn -0.2444 -0.2938 0.9241
vn -0.0208 -0.8370 0.5468
vn -0.0000 -0.1288 0.9917
vn 0.4628 -0.1098 0.8796
vn 0.5262 0.0140 0.8503
vn -0.5429 -0.6903 -0.4783
vn -0.5048 -0.5942 -0.6262
vn 0.3927 -0.9187 0.0414
vn 0.2541 -0.9146 0.3146
vn -0.0000 -0.8191 0.5736
vn 0.2444 -0.2938 0.9241
vn -0.2541 -0.9146 0.3146
vn -0.0000 -0.9989 -0.0459
vn 0.8130 -0.5777 0.0724
vn 0.0208 -0.8370 0.5468
vn -0.3927 -0.9187 0.0414
vn 0.5048 -0.5942 -0.6262
vn 0.5429 -0.6903 -0.4783
vn 0.9118 -0.4032 0.0780
vn 0.7695 -0.4031 0.4953
vn 0.3935 -0.2557 -0.8831
vn 0.7815 -0.4159 0.4651
vn 0.5948 -0.7683 0.2364
vn 0.9194 -0.2368 0.3141
vn 0.2675 -0.9432 -0.1973
vn 0.6132 -0.2735 0.7410
vn 0.4244 0.6936 0.5821
vn 0.6853 0.1665 0.7090
vn 0.2979 -0.9152 0.2716
vn 0.5739 -0.7332 0.3648
vn -0.0432 -0.9837 -0.1746
vn 0.0917 -0.9894 -0.1128
vn 0.6110 -0.6633 0.4321
vn 0.3400 -0.9404 -0.0048
vn 0.5822 -0.7809 0.2265
vn 0.5767 -0.6553 0.4878
vn -0.1714 -0.9578 0.2307
vn -0.4491 -0.6797 -0.5799
vn -0.5858 -0.8005 -0.1268
vn -0.0399 -0.4535 0.8904
vn -0.0222 -0.4027 0.9151
vn -0.0489 -0.4822 0.8747
vn -0.0124 -0.3722 0.9281
vn 0.0113 -0.2649 0.9642
vn 0.0137 -0.2559 0.9666
vn -0.0112 -0.1557 0.9877
vn -0.0099 -0.1708 0.9853
vn -0.0370 -0.0574 0.9977
vn -0.0359 -0.0328 0.9988
vn -0.0328 -0.4354 0.8996
vn -0.0589 -0.5096 0.8584
vn 0.0083 -0.2793 0.9602
vn -0.0044 -0.1439 0.9896
vn -0.0216 -0.0139 0.9997
vn -0.0666 0.0330 0.9972
vn -0.0819 -0.0121 0.9966
vn -0.0950 -0.0471 0.9944
vn -0.9114 0.4063 0.0647
vn 0.0150 0.9661 0.2579
vn -0.1595 0.6204 -0.7679
vn 0.1161 -0.3945 0.9115
vn 0.8253 -0.2286 0.5163
vn 0.8496 -0.4258 0.3112
vn -0.1132 -0.6734 0.7306
vn -0.8042 0.5672 -0.1777
vn 0.0624 0.8155 -0.5753
vn -0.9619 0.1820 -0.2041
vn -0.1887 0.4849 -0.8540
vn -0.3353 -0.5726 -0.7481
vn -0.9348 0.0800 -0.3460
vn -0.1908 0.3315 -0.9239
vn 0.2754 -0.7375 0.6167
vn -0.2148 -0.7954 0.5667
vn 0.6902 -0.6896 0.2192
vn 0.8489 -0.4984 0.1761
vn -0.3400 -0.9404 -0.0048
vn -0.6110 -0.6633 0.4321
vn -0.0917 -0.9894 -0.1128
vn 0.1714 -0.9578 0.2307
vn -0.5767 -0.6553 0.4878
vn 0.4491 -0.6797 -0.5799
vn 0.5858 -0.8005 -0.1268
vn -0.5822 -0.7809 0.2265
vn -0.3935 -0.2557 -0.8831
vn -0.5269 0.5154 -0.6758
vn -0.5744 0.4288 -0.6973
vn -0.8095 0.5107 0.2898
vn -0.6408 0.3285 -0.6938
vn 0.5269 0.5154 -0.6758
vn -0.0000 0.8348 -0.5505
vn -0.0000 0.9450 0.3272
vn -0.7995 0.5952 0.0809
vn -0.0000 0.2339 0.9722
vn 0.1927 0.8278 0.5269
vn 0.8926 0.1523 0.4243
vn 0.5227 0.1907 0.8309
vn 0.8830 0.4583 -0.1017
vn -0.3551 0.8964 0.2653
vn 0.0989 0.9951 0.0022
vn 0.6408 0.3285 -0.6938
vn 0.8095 0.5107 0.2898
vn 0.7995 0.5952 0.0809
vn 0.5744 0.4288 -0.6973
vn 0.8329 -0.4594 0.3086
vn -0.1825 -0.8985 0.3991
vn 0.8225 -0.5679 0.0316
vn -0.0240 0.8526 -0.5220
vn -0.8636 0.4939 0.1011
vn 0.2155 0.8802 0.4228
vn -0.1705 0.9544 -0.2449
vn -0.0516 -0.5830 0.8108
vn 0.4136 0.8489 -0.3292
vn -0.3624 0.5204 0.7732
vn -0.5893 0.5254 0.6138
vn -0.7445 0.2934 0.5997
vn -0.5554 0.5625 0.6125
vn -0.0750 0.8557 0.5120
vn 0.0029 0.7662 0.6425
vn -0.6331 0.3349 0.6979
vn -0.8154 0.3741 -0.4418
vn -0.9067 -0.2773 0.3179
vn -0.8239 -0.2855 0.4895
vn -0.9623 -0.2716 -0.0126
vn -0.7824 0.0262 0.6222
vn -0.8482 0.3032 0.4343
vn -0.8256 -0.4343 0.3602
vn -0.3701 -0.8398 -0.3972
vn -0.6949 -0.7035 -0.1489
vn 0.1275 0.6990 -0.7037
vn 0.0746 0.7827 -0.6179
vn -0.0000 0.7641 -0.6450
vn -0.4822 -0.2144 -0.8494
vn -0.5697 -0.7818 -0.2536
vn 0.0939 -0.7720 -0.6287
vn -0.5164 -0.7857 -0.3405
vn -0.2694 -0.9057 -0.3272
vn -0.3409 -0.8081 -0.4803
vn -0.1267 -0.1343 -0.9828
vn 0.0855 -0.9319 -0.3526
vn 0.2003 -0.9056 0.3739
vn -0.5971 -0.7996 0.0646
vn -0.9537 -0.2987 0.0355
vn -0.9887 0.0056 0.1495
vn -0.8642 -0.5022 -0.0314
vn -0.7315 0.4458 0.5160
vn 0.1699 -0.1367 0.9759
vn 0.3220 0.5975 0.7344
vn 0.2504 0.5832 0.7728
vn -0.8425 0.0921 -0.5308
vn 0.7273 0.3818 -0.5703
vn 0.9886 0.0663 -0.1350
vn 0.9868 -0.1581 0.0344
vn 0.9896 0.0985 -0.1050
vn 0.1629 -0.3362 0.9276
vn 0.9934 0.0445 0.1053
vn 0.5679 -0.8119 -0.1355
vn 0.8528 0.2318 -0.4679
vn 0.8125 0.3019 -0.4987
vn 0.8674 0.3174 -0.3831
vn 0.8934 0.3249 -0.3104
vn 0.8722 0.3268 -0.3639
vn 0.8131 0.4287 -0.3939
vn 0.8113 0.4625 -0.3575
vn 0.8977 0.3370 -0.2839
vn 0.9364 0.3025 -0.1778
vn 0.9416 0.2848 -0.1796
vn 0.9146 0.2993 -0.2719
vn 0.9048 0.3381 -0.2588
vn 0.9136 0.2802 -0.2946
vn 0.7445 0.5687 -0.3497
vn 0.7070 0.5952 -0.3820
vn -0.1548 -0.7169 0.6798
vn 0.8509 -0.4626 0.2490
vn 0.6950 -0.4200 0.5836
vn 0.0552 0.7990 -0.5988
vn -0.7909 0.6099 0.0502
vn 0.0875 0.8125 0.5763
vn 0.4723 0.7963 -0.3781
vn -0.3450 0.9200 -0.1859
vn -0.1159 -0.4324 0.8942
vn -0.7670 0.5867 0.2597
vn -0.9966 0.0320 0.0761
vn -0.5258 -0.3233 0.7868
vn -0.2323 0.9496 -0.2105
vn -0.0748 0.9033 -0.4224
vn 0.7277 0.4678 -0.5016
vn 0.5425 0.7143 -0.4421
vn 0.0740 0.7099 0.7004
vn 0.5018 -0.4168 0.7580
vn 0.4001 -0.4434 0.8020
vn 0.3793 -0.4353 0.8165
vn -0.0610 -0.0410 -0.9973
vn -0.0311 -0.1937 -0.9806
vn 0.3941 -0.1174 -0.9115
vn 0.8703 0.0575 -0.4892
vn 0.3444 -0.8576 -0.3819
vn -0.0491 -0.2641 0.9632
vn 0.2349 -0.4605 0.8560
vn -0.6872 -0.5002 0.5269
vn -0.8520 -0.2779 0.4437
vn 0.2578 0.8394 0.4785
vn 0.2913 0.5390 0.7903
vn 0.6146 0.3713 0.6960
vn 0.6634 0.6891 0.2915
vn 0.2302 0.9730 -0.0181
vn 0.1677 0.9802 0.1050
vn 0.3628 0.9318 0.0065
vn 0.2706 0.9489 0.1621
vn 0.0782 0.9203 0.3833
vn 0.4830 0.8609 0.1601
vn 0.6374 0.7341 0.2340
vn 0.8196 0.5725 0.0213
vn 0.7558 0.3145 0.5743
vn 0.6593 0.7508 -0.0403
vn 0.8211 0.5708 0.0010
vn 0.0437 0.8897 0.4544
vn 0.0778 0.5971 0.7984
vn 0.2708 -0.1005 0.9574
vn 0.6878 -0.4619 0.5600
vn 0.3994 -0.8205 0.4089
vn 0.1444 -0.0474 0.9884
vn 0.3356 -0.8039 0.4910
vn 0.1226 -0.9583 -0.2583
vn 0.7959 -0.4712 0.3800
vn 0.6579 -0.7199 -0.2209
vn 0.2455 -0.9387 -0.2420
vn 0.3373 -0.7614 -0.5536
vn 0.1436 -0.7844 -0.6034
vn 0.4127 -0.6016 -0.6839
vn 0.2239 -0.6628 -0.7146
vn 0.7934 -0.2693 -0.5459
vn 0.6413 -0.6189 -0.4535
vn 0.8639 -0.3502 -0.3622
vn -0.7717 -0.2831 0.5695
vn -0.6883 -0.0970 0.7189
vn -0.8764 -0.1782 0.4474
vn -0.8728 -0.3867 0.2980
vn -0.5826 0.3705 0.7234
vn -0.8380 -0.0739 0.5406
vn -0.4378 0.4714 0.7656
vn -0.6434 0.0586 0.7633
vn -0.6829 -0.0772 0.7264
vn -0.6319 -0.1300 0.7640
vn -0.0000 -0.1379 0.9904
vn -0.5800 -0.1055 0.8078
vn -0.6983 -0.1970 0.6882
vn -0.7470 -0.0121 0.6647
vn -0.6616 0.0126 0.7498
vn -0.6392 0.4883 0.5942
vn -0.8637 -0.1592 0.4782
vn -0.7108 -0.6410 0.2897
vn -0.5967 -0.7413 0.3072
vn -0.6879 -0.3992 0.6061
vn -0.7507 -0.2995 0.5888
vn -0.5894 -0.7439 0.3151
vn -0.7833 -0.3619 0.5055
vn -0.9020 -0.2357 0.3616
vn -0.8869 -0.1720 0.4288
vn -0.5356 -0.0750 0.8411
vn -0.5798 -0.1846 0.7936
vn -0.9162 -0.1228 0.3815
vn -0.9964 0.0628 -0.0575
vn -0.6786 -0.0747 0.7307
vn -0.5231 -0.4268 0.7377
vn -0.9156 -0.2207 0.3362
vn -0.7841 0.0406 0.6193
vn -0.5146 0.1276 0.8479
vn -0.6500 -0.4010 0.6456
vn -0.3593 -0.0036 0.9332
vn -0.8825 -0.2050 0.4234
vn -0.5866 0.3631 0.7239
vn -0.3272 0.6298 0.7045
vn -0.0000 0.4187 0.9081
vn -0.0000 0.1492 0.9888
vn 0.3593 -0.0036 0.9332
vn 0.5800 -0.1055 0.8078
vn 0.6983 -0.1970 0.6882
vn 0.6500 -0.4010 0.6455
vn 0.5146 0.1276 0.8479
vn -0.2772 0.7306 0.6240
vn -0.7360 0.5104 0.4447
vn 0.6879 -0.3992 0.6061
vn 0.7507 -0.2995 0.5888
vn 0.7841 0.0406 0.6193
vn 0.8869 -0.1720 0.4288
vn 0.9156 -0.2207 0.3362
vn 0.5356 -0.0750 0.8411
vn 0.5231 -0.4268 0.7377
vn 0.5894 -0.7439 0.3151
vn 0.7833 -0.3619 0.5055
vn 0.9020 -0.2357 0.3616
vn 0.5798 -0.1846 0.7936
vn 0.8637 -0.1592 0.4782
vn 0.6392 0.4883 0.5942
vn 0.6616 0.0126 0.7498
vn 0.5967 -0.7413 0.3072
vn 0.7108 -0.6410 0.2897
vn 0.7470 -0.0121 0.6647
vn 0.6434 0.0586 0.7633
vn 0.4378 0.4714 0.7656
vn 0.5826 0.3705 0.7234
vn 0.8380 -0.0739 0.5406
vn 0.8764 -0.1782 0.4474
vn 0.8728 -0.3867 0.2980
vn 0.4894 -0.3567 0.7958
vn 0.7717 -0.2831 0.5695
vn 0.6319 -0.1300 0.7640
vn 0.4757 -0.6695 0.5705
vn 0.6829 -0.0772 0.7264
vn 0.6883 -0.0970 0.7189
vn 0.6303 -0.7127 0.3079
vn 0.3838 -0.8470 0.3677
vn 0.5922 -0.7652 0.2527
vn 0.4748 -0.8578 0.1970
vn 0.4188 -0.9021 0.1036
vn 0.2208 -0.9366 0.2721
vn -0.0000 -0.9148 0.4040
vn -0.0000 -0.8158 0.5784
vn -0.3671 0.6340 0.6807
vn -0.3359 0.4508 0.8270
vn 0.1197 0.8058 0.5800
vn -0.3740 -0.6703 0.6410
vn -0.1351 -0.8439 0.5193
vn 0.1165 -0.9921 -0.0469
vn -0.1382 -0.9842 -0.1106
vn -0.2644 -0.8602 -0.4361
vn -0.0000 -0.8756 -0.4830
vn -0.2590 -0.5917 0.7634
vn 0.4081 -0.9007 0.1491
vn 0.5702 -0.7967 0.2004
vn 0.4386 -0.2914 0.8501
vn -0.0381 0.6358 0.7709
vn -0.0926 0.8214 0.5629
vn -0.1124 0.8389 0.5326
vn 0.2612 0.7305 0.6310
vn -0.2656 0.8430 0.4677
vn 0.0923 0.7906 0.6053
vn -0.0000 -0.0305 0.9995
vn 0.5616 0.0436 0.8263
vn 0.0039 0.8142 0.5805
vn -0.0197 0.8309 0.5561
vn -0.2096 0.8906 0.4036
vn 0.7841 0.2576 0.5646
vn 0.6917 0.2715 0.6692
vn 0.7406 0.1988 0.6419
vn -0.7073 -0.5031 0.4966
vn -0.0000 -0.6507 0.7593
vn 0.7073 -0.5031 0.4966
vn 0.8791 -0.4046 0.2519
vn 0.8933 -0.3248 0.3107
vn 0.9586 -0.1197 0.2583
vn 0.4310 -0.1342 0.8923
vn 0.7929 -0.6057 0.0661
vn 0.5456 -0.8364 -0.0529
vn 0.4317 -0.8979 0.0863
vn 0.1347 -0.9122 -0.3870
vn 0.5338 -0.8260 -0.1809
vn 0.8319 -0.5209 0.1916
vn 0.6007 -0.3094 0.7372
vn 0.6043 -0.2376 0.7605
vn 0.7228 -0.1295 0.6788
vn 0.6786 -0.0747 0.7307
vn 0.9162 -0.1228 0.3815
vn 0.3621 0.2029 -0.9098
vn 0.3668 -0.0441 -0.9292
vn 0.5718 -0.0488 -0.8189
vn 0.5003 -0.1658 -0.8498
vn 0.7778 -0.4591 -0.4291
vn 0.8834 -0.1612 -0.4401
vn 0.9935 -0.1011 -0.0521
vn 0.9963 -0.0712 -0.0482
vn 0.9964 0.0628 -0.0575
vn 0.8747 0.0003 -0.4846
vn 0.8096 -0.3560 -0.4668
vn 0.7333 -0.1515 0.6627
vn 0.9854 -0.0669 -0.1567
vn 0.8505 -0.4382 -0.2911
vn 0.8456 -0.3861 -0.3686
vn 0.9238 0.1496 -0.3524
vn 0.5685 0.2208 -0.7925
vn 0.9261 -0.0058 -0.3773
vn 0.8829 0.0391 -0.4680
vn 0.4346 0.0229 0.9003
vn 0.4267 -0.3089 -0.8500
vn 0.7989 -0.0582 -0.5986
vn -0.2614 -0.1990 0.9445
vn -0.2276 -0.0439 0.9728
vn 0.7532 -0.2612 0.6037
vn 0.0827 -0.9195 -0.3843
vn -0.2729 -0.8978 -0.3458
vn -0.7420 -0.6390 -0.2026
vn -0.7438 -0.6349 -0.2088
vn -0.3826 -0.4825 0.7879
vn -0.9821 -0.0356 0.1852
vn -0.9136 -0.3698 0.1692
vn -0.1590 0.5057 -0.8479
vn 0.8673 0.1581 -0.4719
vn 0.1204 -0.6326 -0.7650
vn 0.6992 0.2475 -0.6708
vn 0.0809 -0.7821 0.6179
vn -0.2644 0.4833 -0.8346
vn -0.1952 0.9664 -0.1674
vn -0.1440 0.9443 -0.2958
vn -0.6750 0.6114 -0.4130
vn -0.2897 0.9531 0.0872
vn -0.8092 0.5855 0.0484
vn -0.8399 0.1554 -0.5201
vn -0.1121 0.9653 -0.2359
vn -0.0909 0.9401 -0.3284
vn -0.1881 0.9811 0.0459
vn -0.2383 0.9424 0.2348
vn -0.3250 0.9051 0.2743
vn -0.4755 0.1554 -0.8659
vn -0.4743 0.1451 -0.8683
vn -0.4893 0.0235 -0.8718
vn -0.8747 0.0003 -0.4846
vn -0.9963 -0.0712 -0.0482
vn -0.7228 -0.1295 0.6788
vn -0.5003 -0.1658 -0.8498
vn -0.6043 -0.2376 0.7605
vn -0.9935 -0.1011 -0.0521
vn -0.8834 -0.1612 -0.4401
vn -0.7778 -0.4591 -0.4291
vn -0.5718 -0.0488 -0.8189
vn -0.8096 -0.3560 -0.4668
vn -0.8505 -0.4382 -0.2911
vn -0.9854 -0.0669 -0.1567
vn -0.8456 -0.3861 -0.3686
vn -0.9238 0.1496 -0.3524
vn -0.5685 0.2208 -0.7925
vn -0.3621 0.2029 -0.9098
vn -0.3668 -0.0441 -0.9292
vn -0.8829 0.0391 -0.4680
vn -0.7333 -0.1515 0.6627
vn -0.4346 0.0229 0.9003
vn -0.9261 -0.0058 -0.3773
vn -0.4267 -0.3089 -0.8500
vn -0.7989 -0.0582 -0.5986
vn -0.6007 -0.3094 0.7372
vn 0.2614 -0.1990 0.9445
vn 0.2276 -0.0439 0.9728
vn -0.7532 -0.2612 0.6037
vn -0.0827 -0.9195 -0.3843
vn 0.2729 -0.8978 -0.3458
vn 0.7420 -0.6390 -0.2026
vn 0.7438 -0.6349 -0.2088
vn -0.8319 -0.5209 0.1916
vn -0.8933 -0.3248 0.3107
vn 0.0197 0.8309 0.5561
vn -0.7406 0.1988 0.6419
vn -0.5616 0.0436 0.8263
vn -0.7841 0.2576 0.5646
vn -0.9586 -0.1197 0.2583
vn -0.4309 -0.1342 0.8923
vn -0.6917 0.2715 0.6692
vn -0.4894 -0.3567 0.7958
vn -0.4386 -0.2914 0.8501
vn 0.0381 0.6358 0.7709
vn -0.0923 0.7906 0.6053
vn 0.1124 0.8389 0.5326
vn -0.5702 -0.7967 0.2004
vn 0.2590 -0.5917 0.7634
vn 0.3740 -0.6703 0.6410
vn 0.3670 0.6340 0.6807
vn 0.0926 0.8214 0.5629
vn -0.1197 0.8058 0.5800
vn -0.2612 0.7305 0.6310
vn 0.3359 0.4508 0.8270
vn 0.1351 -0.8439 0.5193
vn -0.4188 -0.9021 0.1036
vn -0.1165 -0.9921 -0.0469
vn -0.4748 -0.8578 0.1970
vn 0.1382 -0.9842 -0.1105
vn 0.2644 -0.8602 -0.4361
vn -0.2208 -0.9366 0.2721
vn -0.0000 -0.9472 0.3205
vn -0.3838 -0.8470 0.3677
vn -0.5922 -0.7652 0.2527
vn -0.4081 -0.9007 0.1491
vn -0.6303 -0.7127 0.3079
vn -0.4757 -0.6695 0.5705
vn -0.0000 -0.3115 0.9503
vn 0.0787 0.4116 -0.9080
vn 0.9909 -0.1167 0.0664
vn 0.3133 -0.6263 -0.7139
vn 0.1225 -0.7184 0.6847
vn -0.8345 -0.5271 0.1603
vn -0.8492 -0.5072 0.1468
vn -0.1286 -0.7743 0.6196
vn 0.8051 0.5185 -0.2880
vn 0.7104 -0.2535 -0.6565
vn 0.0621 0.3451 -0.9365
vn 0.1208 -0.8258 0.5508
vn 0.9724 0.2127 -0.0959
vn 0.9170 0.2852 -0.2788
vn -0.1158 -0.8288 0.5475
vn -0.7608 -0.6220 0.1849
vn -0.6281 -0.7219 0.2904
vn 0.3435 -0.4673 -0.8147
vn 0.1217 0.6234 -0.7724
vn -0.0030 0.5251 -0.8510
vn -0.6950 -0.4200 0.5836
vn -0.8509 -0.4626 0.2490
vn 0.1548 -0.7169 0.6798
vn 0.7909 0.6099 0.0502
vn -0.0552 0.7990 -0.5988
vn -0.0875 0.8125 0.5763
vn -0.4723 0.7963 -0.3781
vn 0.3450 0.9200 -0.1859
vn 0.1159 -0.4324 0.8942
vn -0.4020 -0.3996 0.8238
vn -0.6042 -0.2385 0.7603
vn -0.5276 0.2326 0.8170
vn -0.2295 0.2145 0.9494
vn 0.3408 0.7060 0.6209
vn -0.7579 -0.2576 0.5994
vn -0.7930 -0.1242 0.5964
vn -0.7888 -0.0437 0.6131
vn -0.4779 -0.6126 0.6296
vn -0.2626 -0.4292 0.8642
vn -0.1066 0.1645 0.9806
vn -0.0077 0.4824 0.8759
vn 0.4642 0.7148 0.5231
vn -0.2090 -0.7039 0.6789
vn 0.0774 0.4699 0.8793
vn 0.4842 0.7679 0.4194
vn 0.3673 0.7536 0.5451
vn 0.2912 0.5009 0.8151
vn -0.0145 0.4067 0.9135
vn -0.0975 0.0496 0.9940
vn 0.0027 0.1214 0.9926
vn -0.1349 -0.1393 0.9810
vn -0.6272 -0.2904 0.7227
vn 0.3460 0.7500 0.5638
vn -0.1658 0.5764 0.8002
vn -0.4108 0.2437 0.8786
vn -0.5537 -0.1084 0.8256
vn -0.9342 -0.3012 0.1914
vn -0.6342 -0.2719 0.7237
vn -0.8832 -0.3377 0.3256
vn -0.8802 -0.0524 0.4716
vn -0.9319 -0.3537 0.0807
vn -0.9362 -0.2104 0.2816
vn -0.8048 0.1348 0.5780
vn -0.3193 0.3624 0.8756
vn -0.0936 0.5304 0.8426
vn 0.3186 0.8142 0.4853
vn -0.3960 0.5738 0.7169
vn 0.0122 0.0082 0.9999
vn -0.4180 0.1039 0.9025
vn -0.9226 0.1930 0.3339
vn -0.7759 0.0484 0.6290
vn -0.7802 0.2893 0.5547
vn -0.8766 0.1600 0.4539
vn -0.8751 -0.2924 0.3857
vn -0.9208 0.3755 -0.1051
vn -0.5267 0.5499 0.6482
vn -0.7944 0.5393 0.2795
vn -0.3516 0.5351 0.7682
vn -0.9129 0.4082 -0.0039
vn -0.9102 0.2549 -0.3265
vn -0.9319 0.0882 -0.3519
vn -0.3189 0.8858 0.3370
vn -0.6205 0.7831 0.0420
vn -0.3995 0.9167 -0.0070
vn -0.8712 0.4910 0.0038
vn -0.1665 0.9830 0.0769
vn -0.2192 0.9367 0.2730
vn 0.1057 0.9916 0.0742
vn 0.1616 0.9603 0.2274
vn -0.2629 0.9505 0.1655
vn -0.2371 0.8053 0.5434
vn -0.6327 0.4898 0.5998
vn -0.5343 0.5504 0.6415
vn -0.7465 0.4778 0.4632
vn -0.2781 0.9540 0.1121
vn -0.3379 0.9301 -0.1441
vn -0.2614 0.9652 0.0048
vn -0.6586 0.5663 0.4955
vn -0.1104 0.8056 0.5821
vn -0.8850 0.4287 0.1818
vn -0.8145 0.2218 0.5361
vn -0.9451 0.3041 0.1200
vn -0.9613 0.2751 -0.0137
vn 0.5957 0.5461 0.5890
vn -0.7950 0.5722 -0.2014
vn -0.0857 0.6066 0.7903
vn 0.1606 0.8870 0.4330
vn 0.1640 0.9177 -0.3618
vn 0.9760 0.0117 0.2174
vn 0.2019 -0.4576 0.8659
vn -0.7508 -0.4158 0.5133
vn -0.1261 0.4158 -0.9007
vn -0.0808 0.6190 -0.7812
vn -0.4140 0.4943 -0.7644
vn -0.3205 0.3688 -0.8725
vn -0.5244 0.3933 -0.7552
vn -0.3305 0.3735 -0.8668
vn 0.1020 0.3142 -0.9439
vn 0.2121 0.5943 -0.7757
vn 0.0807 0.8114 -0.5789
vn -0.0856 0.8296 -0.5517
vn -0.6071 0.5825 -0.5405
vn -0.7141 0.4237 -0.5572
vn 0.0898 0.6018 -0.7936
vn 0.3342 0.4139 -0.8468
vn 0.1029 0.7694 -0.6305
vn 0.1120 0.8774 -0.4665
vn -0.1834 0.7309 -0.6574
vn -0.2767 0.9166 -0.2886
vn -0.1875 0.5443 -0.8177
vn -0.1941 0.3271 -0.9248
vn -0.2280 0.2354 -0.9448
vn -0.1197 0.1674 -0.9786
vn -0.4085 0.1939 -0.8919
vn -0.3937 0.0637 -0.9170
vn -0.8202 0.4138 -0.3951
vn -0.8078 0.1215 -0.5768
vn -0.7538 0.2606 -0.6033
vn -0.5603 0.0273 -0.8278
vn -0.3122 0.1678 -0.9351
vn -0.6473 -0.1910 -0.7379
vn -0.3598 0.4681 -0.8071
vn -0.6367 0.5582 -0.5320
vn -0.7621 0.5827 -0.2823
vn -0.7509 0.5980 -0.2802
vn -0.2841 0.6730 -0.6828
vn -0.5136 0.6347 -0.5774
vn -0.4883 0.4054 -0.7728
vn -0.3842 0.0552 -0.9216
vn -0.5713 0.3441 -0.7451
vn -0.8543 0.4040 -0.3270
vn -0.6885 0.0869 -0.7200
vn -0.6374 0.7184 -0.2786
vn -0.5400 0.8414 -0.0203
vn -0.7338 -0.6339 0.2442
vn 0.0917 -0.8529 0.5140
vn 0.1681 -0.9553 0.2431
vn -0.6889 -0.7168 0.1082
vn -0.7224 -0.6856 -0.0902
vn 0.1053 -0.9406 -0.3229
vn -0.6676 0.0740 -0.7408
vn 0.0453 -0.8633 -0.5027
vn -0.6695 -0.6901 -0.2747
vn -0.6189 0.2470 0.7456
vn -0.8307 0.4902 0.2640
vn -0.8774 0.4524 -0.1596
vn -0.4947 0.6926 -0.5249
vn -0.1371 0.1716 -0.9756
vn -0.3420 0.5551 -0.7582
vn 0.5299 0.2782 -0.8012
vn 0.4715 -0.5129 -0.7174
vn 0.0929 -0.3476 -0.9330
vn 0.0407 -0.6790 -0.7330
vn 0.3183 -0.9376 -0.1399
vn 0.1260 0.8311 -0.5417
vn 0.8560 0.5085 0.0933
vn 0.8859 0.3646 0.2869
vn 0.7948 -0.3985 0.4577
vn 0.9454 0.2759 0.1732
vn 0.9536 -0.3003 0.0194
vn 0.9058 0.4207 0.0504
vn -0.0790 0.9960 -0.0428
vn 0.8922 0.4484 -0.0545
vn 0.9165 -0.1085 -0.3851
vn 0.8942 0.4401 -0.0814
vn 0.9021 -0.0271 -0.4307
vn 0.9183 0.3954 -0.0167
vn 0.0356 0.9464 0.3212
vn 0.0725 0.8340 0.5470
vn 0.1633 0.3466 0.9237
vn -0.4960 0.6040 0.6238
vn -0.4434 0.5924 0.6727
vn -0.6408 0.6201 0.4527
vn -0.5510 0.8333 0.0439
vn -0.6062 0.7953 0.0041
vn -0.5179 0.6655 -0.5374
vn -0.6137 0.7317 -0.2967
vn -0.7203 0.5974 0.3526
vn -0.0565 0.0469 0.9973
vn 0.6228 -0.3394 0.7049
vn 0.1957 -0.0398 0.9799
vn 0.1805 -0.5241 0.8323
vn -0.1664 -0.4048 0.8992
vn 0.0489 -0.9366 0.3471
vn -0.8079 -0.2376 0.5393
vn -0.5034 -0.1364 0.8532
vn -0.4433 0.2098 0.8715
vn -0.7733 -0.2760 0.5708
vn 0.0413 0.4954 0.8677
vn 0.0918 0.2533 0.9630
vn -0.5883 -0.2242 0.7769
vn -0.1013 0.1848 0.9775
vn 0.3827 0.4364 0.8143
vn 0.2707 0.4841 0.8321
vn 0.6644 -0.2553 0.7025
vn -0.1970 0.9054 -0.3760
vn 0.0337 0.1565 -0.9871
vn -0.4116 -0.2437 -0.8782
vn -0.0731 -0.9972 0.0147
vn -0.5078 -0.8588 0.0677
vn -0.2241 -0.6852 0.6930
vn -0.3346 -0.5311 0.7784
vn -0.9378 -0.1712 -0.3021
vn -0.6407 0.6944 -0.3274
vn -0.4279 0.6283 0.6497
vn -0.3734 0.7481 0.5486
vn -0.2510 -0.5298 -0.8101
vn -0.7044 -0.2953 -0.6455
vn -0.3711 0.2540 -0.8931
vn -0.8749 0.3333 0.3515
vn -0.1200 0.9763 -0.1801
vn 0.0311 0.9995 -0.0067
vn -0.1779 0.3022 -0.9365
vn -0.2445 -0.4643 -0.8512
vn -0.1964 0.0480 -0.9793
vn -0.0114 0.8910 -0.4539
vn -0.0510 0.7075 0.7049
vn -0.1086 0.7119 0.6938
vn -0.4123 -0.3796 0.8282
vn -0.3697 -0.5551 0.7451
vn -0.4043 -0.8801 0.2489
vn -0.3859 -0.8921 0.2349
vn -0.4816 -0.7835 0.3926
vn -0.6558 -0.5688 -0.4963
vn -0.4406 -0.8680 0.2288
vn -0.1900 0.3914 0.9004
vn -0.4303 -0.1795 -0.8847
vn -0.5478 0.7983 -0.2502
vn 0.8500 0.5259 0.0309
vn -0.8713 0.3253 0.3675
vn -0.6049 0.3620 -0.7093
vn -0.6173 -0.6681 -0.4153
vn 0.0310 0.9992 0.0264
vn 0.0703 0.1089 0.9916
vn -0.1991 -0.4893 0.8491
vn -0.8684 0.4345 -0.2388
vn -0.0000 0.7798 0.6260
vn -0.0000 0.9586 0.2848
vn -0.0039 0.8142 0.5805
vn 0.2096 0.8906 0.4036
vn 0.2656 0.8430 0.4677
vn -0.1031 0.7309 0.6747
vn -0.1223 0.6469 0.7527
vn -0.0000 0.6742 0.7386
vn 0.1223 0.6469 0.7527
vn 0.1031 0.7309 0.6747
vn -0.8791 -0.4046 0.2519
vn -0.7929 -0.6057 0.0661
vn -0.5456 -0.8364 -0.0529
vn -0.5338 -0.8260 -0.1809
vn -0.1347 -0.9122 -0.3870
vn -0.4317 -0.8979 0.0863
vn -0.8779 -0.3933 0.2732
vn -0.9164 -0.3001 0.2648
vn -0.8857 -0.2615 0.3836
vn -0.8165 -0.4121 0.4045
vn -0.9410 -0.2573 0.2199
vn -0.7016 -0.5540 0.4481
vn -0.6035 -0.0117 0.7973
vn -0.8831 -0.2434 0.4012
vn -0.9097 -0.1973 0.3653
vn -0.6332 0.6713 0.3852
vn -0.9269 0.1360 0.3497
vn -0.9494 -0.1431 0.2795
vn -0.8442 -0.2668 0.4649
vn -0.6602 -0.2081 0.7217
vn -0.5912 0.4575 0.6642
vn -0.6191 0.6766 0.3986
vn -0.9434 0.1539 0.2937
vn -0.8472 0.0903 0.5235
vn -0.9352 -0.2245 0.2740
vn -0.4586 0.3795 0.8036
vn -0.2688 -0.2740 0.9234
vn -0.3478 -0.3928 0.8513
vn -0.3972 0.2737 0.8760
vn -0.5021 0.4650 0.7291
vn -0.5738 -0.0470 0.8176
vn -0.7854 -0.3830 0.4862
vn -0.5526 -0.5774 0.6010
vn -0.6939 -0.7051 0.1460
vn -0.5327 -0.7888 0.3066
vn -0.4034 -0.9103 -0.0928
vn -0.7159 -0.6966 -0.0468
vn -0.1208 -0.9642 0.2360
vn 0.0559 -0.9778 -0.2017
vn 0.0503 0.9849 0.1656
vn -0.5004 0.0445 0.8646
vn -0.2451 0.7031 0.6675
vn -0.4602 -0.1502 0.8750
vn -0.3944 -0.1932 0.8984
vn -0.3763 -0.0531 0.9250
vn 0.8639 0.2821 -0.4171
vn 0.4081 0.0471 -0.9117
vn 0.6231 0.1530 -0.7670
vn 0.6510 0.2417 -0.7196
vn 0.0227 0.0261 -0.9994
vn 0.1247 0.1474 -0.9812
vn -0.0765 -0.1557 -0.9848
vn -0.0750 -0.1134 -0.9907
vn 0.5668 0.3092 -0.7636
vn 0.6101 0.3213 -0.7242
vn 0.4271 0.3534 -0.8322
vn -0.5610 -0.2731 -0.7815
vn -0.4796 -0.2505 -0.8410
vn -0.2525 -0.1824 -0.9503
vn -0.5991 -0.1888 -0.7781
vn -0.8249 -0.3770 -0.4211
vn -0.8410 -0.3881 -0.3770
vn -0.8809 -0.2240 -0.4169
vn -0.8677 0.0893 -0.4889
vn -0.9393 -0.1274 -0.3186
vn -0.9420 -0.3343 -0.0285
vn -0.9219 -0.3636 -0.1341
vn -0.9520 0.1397 -0.2724
vn -0.9272 0.2029 -0.3149
vn -0.8344 0.1952 -0.5154
vn -0.9043 -0.2652 -0.3347
vn -0.8409 -0.1296 -0.5255
vn -0.7016 -0.5410 -0.4637
vn -0.8399 -0.3594 -0.4066
vn -0.5519 0.0183 -0.8337
vn -0.8301 -0.2050 -0.5186
vn -0.1987 0.1258 -0.9719
vn -0.6455 -0.7297 -0.2257
vn -0.2379 -0.0498 -0.9700
vn -0.5641 0.0197 -0.8255
vn -0.2101 0.1102 -0.9714
vn -0.5332 0.1486 -0.8329
vn -0.1176 0.1391 -0.9833
vn -0.1165 0.1272 -0.9850
vn -0.0808 -0.0708 -0.9942
vn -0.1169 -0.1057 -0.9875
vn 0.0481 -0.0570 -0.9972
vn -0.4508 -0.8614 -0.2341
vn -0.6559 -0.2205 -0.7219
vn -0.5636 -0.6270 -0.5378
vn -0.1289 -0.0446 -0.9907
vn -0.2630 -0.1051 -0.9591
vn 0.1785 -0.7937 -0.5816
vn -0.3866 -0.2006 -0.9002
vn 0.1003 -0.0441 -0.9940
vn 0.6140 0.0665 -0.7865
vn -0.4339 0.4773 -0.7641
vn -0.4919 0.2761 -0.8257
vn -0.2095 -0.0004 -0.9778
vn -0.0573 0.5741 -0.8168
vn 0.1653 -0.1953 -0.9667
vn 0.4476 -0.7603 -0.4708
vn -0.1474 -0.8201 -0.5528
vn 0.4337 -0.8996 -0.0515
vn -0.3130 -0.9448 -0.0963
vn -0.5739 0.7685 -0.2829
vn -0.6084 0.7205 0.3329
vn -0.4916 0.8708 0.0120
vn -0.4896 0.6245 0.6085
vn -0.5363 0.7742 -0.3361
vn -0.3942 0.8457 -0.3597
vn -0.2036 0.3791 -0.9027
vn -0.0190 -0.2973 -0.9546
vn -0.2552 -0.2657 -0.9297
vn -0.6833 -0.6477 -0.3369
vn -0.6612 -0.7486 -0.0497
vn -0.5534 0.7410 -0.3804
vn -0.2525 0.3413 -0.9054
vn -0.3247 0.3578 -0.8755
vn 0.4441 -0.8906 0.0978
vn -0.2272 -0.9736 0.0237
vn -0.0359 -0.7703 0.6367
vn -0.5035 -0.8617 0.0635
vn -0.2002 -0.7045 0.6809
vn -0.3224 -0.1494 0.9347
vn -0.2625 -0.1151 0.9580
vn -0.4777 0.3340 0.8126
vn -0.3976 0.4385 0.8060
vn -0.5879 0.7426 0.3207
vn -0.4882 0.8125 0.3186
vn -0.4740 0.7942 -0.3803
vn 0.4536 -0.8887 0.0665
vn 0.4161 -0.7204 0.5549
vn -0.0161 0.0358 0.9992
vn -0.4613 0.3573 0.8121
vn 0.2290 -0.7726 0.5922
vn 0.4407 -0.8937 0.0848
vn 0.3886 -0.7664 0.5115
vn 0.0412 -0.1485 0.9881
vn -0.2074 0.2185 0.9535
vn -0.3259 0.4649 0.8232
vn 0.1287 0.5052 0.8534
vn -0.2740 0.9135 0.3008
vn -0.0693 0.7308 0.6790
vn 0.3357 0.1970 0.9211
vn 0.3889 -0.0144 0.9211
vn 0.5128 -0.0808 0.8547
vn 0.5712 -0.5288 0.6278
vn 0.3549 -0.6299 0.6908
vn 0.0611 -0.0297 0.9977
vn -0.1174 -0.0489 0.9919
vn -0.3188 0.4915 0.8104
vn 0.2784 0.2314 0.9322
vn 0.4595 -0.1225 0.8797
vn 0.3348 0.2249 0.9151
vn 0.6435 -0.5895 0.4883
vn 0.5756 -0.7729 0.2670
vn 0.5948 -0.7048 0.3867
vn 0.4956 -0.8295 0.2574
vn 0.3532 -0.1293 0.9266
vn 0.5259 -0.7339 0.4299
vn 0.4404 -0.8874 0.1360
vn 0.4338 -0.7798 0.4513
vn 0.3271 -0.9355 0.1332
vn -0.2424 -0.8994 0.3637
vn 0.1824 0.2662 0.9465
vn -0.0977 -0.3030 0.9480
vn -0.0434 -0.7863 0.6163
vn -0.6108 -0.6444 0.4601
vn -0.5748 -0.5183 0.6332
vn -0.6757 -0.3739 0.6354
vn -0.3960 -0.1288 0.9092
vn -0.7370 -0.3202 0.5953
vn 0.3187 -0.1007 0.9425
vn -0.3229 0.5864 0.7429
vn -0.6436 0.5989 0.4765
vn 0.4298 -0.2859 0.8565
vn 0.9505 -0.2909 -0.1096
vn 0.8114 -0.4038 0.4226
vn 0.8543 0.4419 -0.2736
vn -0.1578 0.8406 -0.5182
vn -0.3856 0.7962 -0.4662
vn 0.2186 0.4815 -0.8487
vn 0.4792 0.0300 -0.8772
vn 0.1419 0.9264 -0.3488
vn -0.2791 0.8116 0.5132
vn -0.2494 0.8130 0.5261
vn -0.9034 0.4071 -0.1346
vn -0.3330 -0.7855 -0.5216
vn -0.5150 -0.3269 -0.7924
vn 0.4234 0.0280 -0.9055
vn -0.9006 -0.4177 0.1200
vn 0.8441 0.3244 -0.4269
vn 0.6989 -0.1780 -0.6927
vn 0.7946 -0.0314 -0.6063
vn 0.3167 -0.4248 -0.8481
vn 0.7993 -0.0232 -0.6005
vn -0.0918 -0.6060 -0.7901
vn -0.4749 -0.4724 -0.7424
vn -0.4922 -0.3627 -0.7914
vn 0.1413 -0.3392 -0.9301
vn 0.4014 -0.2752 -0.8736
vn -0.8974 -0.4412 0.0075
vn -0.2961 -0.3325 -0.8954
vn -0.0784 -0.4010 -0.9127
vn -0.9415 -0.2822 -0.1842
vn 0.2148 -0.4786 -0.8514
vn -0.3012 -0.0076 0.9535
vn -0.4823 -0.0722 0.8730
vn -0.5007 -0.2280 0.8350
vn -0.8005 -0.5745 0.1710
vn -0.6527 -0.3440 0.6750
vn -0.7557 -0.5931 0.2778
vn -0.6695 -0.1433 0.7289
vn -0.8098 0.1691 -0.5618
vn -0.4897 -0.3645 -0.7921
vn -0.7732 -0.2597 0.5785
vn -0.7732 -0.4092 0.4845
vn -0.4562 -0.5206 0.7217
vn -0.2522 0.7037 0.6642
vn 0.4543 -0.5601 0.6928
vn 0.4811 -0.8741 0.0667
vn 0.2649 -0.9449 -0.1923
vn -0.9045 -0.3878 -0.1774
vn -0.9865 -0.1528 -0.0586
vn -0.5544 -0.3127 -0.7713
vn -0.7333 -0.4291 0.5273
vn -0.3538 -0.1240 0.9271
vn 0.2407 -0.3311 0.9124
vn -0.4150 -0.2704 0.8687
vn -0.3334 -0.3037 0.8925
vn 0.1663 -0.9486 -0.2691
vn -0.3668 -0.4910 0.7902
vn -0.8910 -0.4339 0.1335
vn -0.0200 -0.7818 -0.6232
vn 0.2428 -0.7515 -0.6134
vn 0.6364 -0.5757 0.5134
vn -0.2440 -0.2940 0.9241
vn -0.3226 -0.2337 0.9172
vn 0.0613 -0.2917 0.9546
vn 0.1654 -0.4494 0.8779
vn 0.3335 -0.9392 -0.0815
vn -0.0458 -0.9854 -0.1642
vn 0.2821 0.6595 -0.6967
vn 0.0991 0.9821 -0.1601
vn 0.1956 0.6939 -0.6930
vn 0.0429 0.9735 -0.2248
vn 0.1977 0.8464 -0.4945
vn 0.2208 0.9515 -0.2142
vn -0.0176 0.9972 0.0728
vn 0.0989 0.9867 0.1290
vn 0.0884 0.7800 0.6195
vn -0.1274 0.3438 0.9304
vn -0.4739 0.4522 0.7556
vn -0.4408 0.6377 0.6316
vn -0.1523 -0.2478 0.9568
vn -0.3877 0.4560 0.8011
vn 0.1825 0.9659 -0.1835
vn -0.4801 0.3946 0.7834
vn -0.8482 -0.5112 0.1387
vn -0.6606 0.5772 -0.4800
vn 0.3469 0.4077 -0.8447
vn -0.4132 -0.5454 -0.7292
vn -0.5398 -0.7524 -0.3776
vn -0.7891 -0.5218 -0.3242
vn -0.7804 -0.5902 -0.2068
vn -0.1155 -0.2541 -0.9603
vn -0.4611 0.8358 -0.2979
vn -0.4908 0.7788 -0.3906
vn -0.3199 0.8760 0.3610
vn -0.1884 0.5518 0.8124
vn -0.4522 0.8088 0.3758
vn -0.4398 0.4805 -0.7588
vn -0.5580 0.7241 -0.4053
vn -0.4392 0.8880 0.1361
vn -0.5213 0.3478 -0.7793
vn -0.4611 -0.1411 -0.8761
vn -0.6239 -0.4409 -0.6452
vn -0.2914 -0.0349 -0.9560
vn -0.1939 -0.1866 -0.9631
vn -0.4524 -0.0544 -0.8902
vn -0.3587 -0.1842 -0.9151
vn -0.5096 0.1741 -0.8426
vn -0.1243 -0.0499 -0.9910
vn 0.2890 -0.7548 -0.5889
vn 0.2510 -0.1728 -0.9524
vn 0.1237 -0.7779 -0.6161
vn 0.3119 -0.6933 -0.6496
vn 0.3077 -0.7061 -0.6377
vn 0.3960 -0.9033 -0.1649
vn 0.4402 -0.8935 -0.0891
vn 0.5317 -0.8092 -0.2500
vn 0.4891 -0.8161 -0.3078
vn 0.3576 -0.8789 -0.3158
vn 0.1855 -0.9018 -0.3903
vn -0.0762 -0.9334 -0.3507
vn -0.3847 -0.9043 -0.1851
vn 0.4530 -0.6033 -0.6564
vn 0.0339 -0.8995 -0.4356
vn -0.6703 -0.6357 -0.3829
vn 0.1712 -0.7540 -0.6341
vn -0.0933 -0.9459 -0.3108
vn -0.1696 -0.9637 -0.2060
vn -0.4771 -0.8368 -0.2685
vn -0.1912 -0.9718 -0.1379
vn 0.5109 -0.5212 -0.6837
vn 0.2007 -0.1015 -0.9744
vn -0.6592 -0.6238 -0.4200
vn -0.7250 -0.3132 -0.6134
vn -0.8875 -0.3246 -0.3271
vn -0.6343 -0.7446 0.2079
vn -0.8015 -0.5120 0.3088
vn -0.7806 -0.4583 0.4251
vn -0.8061 -0.4010 0.4352
vn -0.9237 -0.1046 -0.3686
vn -0.5990 0.0801 -0.7968
vn 0.1416 0.0238 -0.9896
vn 0.1156 0.0237 -0.9930
vn 0.1159 0.0238 -0.9930
vn 0.1346 -0.0059 -0.9909
vn 0.1370 -0.0138 -0.9905
vn 0.1092 -0.0150 -0.9939
vn 0.1330 -0.0154 -0.9910
vn 0.0947 -0.0089 -0.9955
vn 0.0947 -0.0105 -0.9954
vn 0.1776 -0.0026 -0.9841
vn 0.1711 0.0113 -0.9852
vn 0.1378 0.0323 -0.9899
vn 0.1156 0.0223 -0.9930
vn 0.2098 -0.0537 -0.9763
vn 0.2155 -0.0684 -0.9741
vn 0.2208 -0.1024 -0.9699
vn 0.2213 -0.1117 -0.9688
vn 0.2163 -0.0819 -0.9729
vn 0.1823 -0.0157 -0.9831
vn 0.1459 0.0151 -0.9892
vn 0.1942 0.9430 -0.2702
vn -0.2444 0.8698 -0.4285
vn -0.5788 0.8052 -0.1290
vn -0.4238 0.8447 0.3269
vn -0.9910 -0.0393 -0.1282
vn -0.7715 0.2349 -0.5913
vn -0.6695 0.1864 -0.7191
vn -0.9238 0.0620 -0.3778
vn -0.7509 0.0659 -0.6571
vn -0.9893 -0.0165 -0.1449
vn -0.8274 -0.0806 -0.5558
vn -0.9828 -0.1243 0.1364
vn -0.7389 -0.5981 -0.3102
vn -0.4250 -0.8999 0.0980
vn -0.1344 -0.6578 -0.7411
vn -0.1288 -0.9289 -0.3471
vn -0.1410 -0.5999 -0.7875
vn -0.1513 -0.8570 -0.4927
vn -0.1909 0.2639 -0.9455
vn -0.1933 0.1338 -0.9720
vn -0.1831 -0.0502 -0.9818
vn -0.1168 -0.0607 -0.9913
vn -0.0851 0.1567 -0.9840
vn -0.0592 0.2626 -0.9631
vn -0.1884 0.4098 -0.8925
vn -0.8880 0.1608 -0.4309
vn -0.9599 -0.2241 0.1685
vn -0.1968 0.4755 -0.8574
vn -0.0951 0.3789 -0.9205
vn -0.1283 0.4387 -0.8895
vn -0.4486 0.6527 -0.6105
vn -0.4581 -0.5243 -0.7178
vn -0.9232 0.3842 -0.0095
vn -0.3787 -0.5817 0.7199
vn -0.4845 -0.6802 0.5501
vn -0.3921 -0.9195 -0.0290
vn -0.7889 -0.0258 0.6140
vn -0.6005 -0.7584 -0.2533
vn 0.1513 0.9766 0.1530
vn -0.1891 0.3152 -0.9300
vn -0.3881 -0.5759 -0.7195
vn -0.2469 -0.4940 -0.8337
vn -0.2726 -0.9617 0.0298
vn -0.0763 0.2974 -0.9517
vn 0.1273 0.9904 0.0537
vn -0.1789 0.4737 0.8623
vn -0.1216 0.5593 0.8200
vn -0.9509 -0.0565 0.3044
vn -0.2931 0.8287 0.4767
vn -0.4889 0.7896 -0.3708
vn -0.0507 -0.1428 0.9885
vn -0.2854 -0.9144 0.2870
vn -0.3943 -0.7039 -0.5908
vn -0.1173 -0.1276 0.9849
vn -0.0255 -0.1503 0.9883
vn -0.2514 -0.1765 0.9517
vn -0.2617 -0.1486 0.9536
vn -0.1766 -0.0663 0.9820
vn 0.0097 -0.0796 0.9968
vn -0.0798 -0.1228 0.9892
vn -0.8452 0.5137 -0.1473
vn 0.9762 0.1848 -0.1136
vn 0.9795 0.1515 -0.1325
vn 0.9800 0.0347 -0.1959
vn 0.9777 0.0077 -0.2101
vn 0.3324 0.8863 -0.3226
vn -0.9522 0.1462 0.2683
vn -0.7764 0.4481 -0.4432
vn -0.8233 0.3582 -0.4403
vn -0.9258 0.0256 0.3773
vn 0.1206 0.0905 0.9886
vn 0.4063 0.1971 0.8922
vn 0.9401 0.3235 -0.1076
vn -0.0078 0.9293 0.3692
vn 0.9246 0.3549 -0.1386
vn 0.2514 0.1511 0.9560
vn -0.5592 0.4160 0.7171
vn -0.3884 -0.1665 0.9063
vn -0.7766 -0.3054 0.5510
vn -0.5892 -0.7381 -0.3288
vn 0.2654 -0.9640 0.0126
vn 0.4250 -0.8909 -0.1606
vn -0.6148 -0.6832 0.3939
vn -0.5292 -0.7881 -0.3145
vn 0.1659 -0.7911 -0.5887
vn -0.6355 0.7210 0.2760
vn -0.8394 0.2793 0.4664
vn -0.7385 0.5969 0.3134
vn -0.6204 0.7379 0.2655
vn 0.2560 -0.1824 0.9493
vn 0.5241 0.6331 0.5696
vn 0.5655 0.6958 0.4428
vn 0.6430 0.6010 0.4747
vn 0.9962 -0.0609 0.0628
vn 0.2470 -0.2087 0.9463
vn 0.8193 -0.0104 0.5732
vn 0.0930 -0.2148 0.9722
vn 0.2416 -0.6046 -0.7590
vn 0.7967 -0.5345 -0.2819
vn 0.1760 -0.9444 0.2777
vn 0.4249 -0.7773 0.4640
vn 0.4973 -0.2926 0.8167
vn 0.5353 -0.3235 0.7803
vn 0.5303 -0.3654 0.7650
vn 0.3535 -0.8670 0.3512
vn 0.6037 -0.6325 -0.4853
vn 0.2621 -0.6584 -0.7056
vn -0.0030 -0.5233 -0.8521
vn 0.1119 -0.4652 -0.8781
vn 0.2572 -0.6446 -0.7200
vn -0.0051 -0.5390 -0.8423
vn 0.4721 -0.1643 -0.8661
vn 0.5997 0.1513 -0.7858
vn 0.8392 0.0473 0.5418
vn 0.5881 0.7250 0.3585
vn 0.0928 -0.0862 0.9919
vn 0.1642 -0.8224 0.5447
vn 0.0882 -0.8097 0.5801
vn 0.1828 -0.6326 -0.7526
vn 0.7266 -0.2498 -0.6400
vn 0.5821 0.6156 0.5312
vn -0.0126 0.9998 -0.0160
vn 0.8100 0.4300 -0.3988
vn -0.1378 0.6214 -0.7713
vn 0.3934 0.9106 -0.1269
vn 0.6778 -0.6472 -0.3488
vn 0.7614 -0.5178 -0.3901
vn 0.1332 0.9821 -0.1329
vn -0.1066 0.5667 -0.8170
vn -0.1229 0.6224 -0.7729
vn 0.1320 0.5761 -0.8067
vn 0.8496 0.4696 -0.2401
vn 0.9708 -0.1510 0.1865
vn -0.9611 0.2686 0.0638
vn -0.4795 -0.2288 -0.8472
vn -0.6330 -0.2994 -0.7139
vn 0.1033 -0.1473 -0.9837
vn 0.0026 -0.9978 -0.0655
vn 0.7058 -0.4448 0.5514
vn 0.0698 -0.9604 -0.2697
vn 0.0751 -0.7837 -0.6166
vn -0.1628 -0.5736 -0.8028
vn -0.8980 -0.3788 -0.2239
vn -0.8481 -0.3653 0.3837
vn -0.1615 -0.6123 -0.7739
vn 0.1440 -0.9874 -0.0658
vn -0.7217 -0.5301 0.4451
vn -0.7711 -0.5488 0.3228
vn -0.1135 -0.7586 0.6417
vn 0.0949 -0.5573 0.8249
vn 0.1366 0.4159 0.8991
vn 0.5421 0.4163 0.7300
vn -0.1343 0.8090 0.5722
vn -0.2588 0.8463 0.4657
vn 0.8616 0.0762 0.5018
vn 0.8279 0.0104 0.5607
vn 0.5355 0.4641 0.7056
vn -0.0232 0.7914 0.6109
vn -0.2508 0.8584 0.4474
vn -0.3745 0.8984 0.2294
vn -0.8307 0.5526 -0.0680
vn -0.6862 0.6455 -0.3354
vn -0.4920 0.8267 0.2730
vn -0.7721 0.5517 0.3153
vn -0.4422 0.7833 0.4369
vn -0.5822 0.7821 0.2221
vn -0.4604 0.8709 0.1720
vn -0.4432 0.8512 0.2811
vn -0.6276 0.7416 0.2369
vn -0.3199 0.4249 0.8468
vn -0.5360 0.8441 -0.0135
vn -0.5689 0.8191 -0.0740
vn -0.6291 0.7751 0.0585
vn -0.9037 0.3616 0.2294
vn -0.5628 0.7676 0.3066
vn -0.0876 0.4187 0.9039
vn 0.1344 0.0608 0.9891
vn 0.2383 -0.0014 0.9712
vn -0.4326 0.3017 0.8496
vn -0.9350 0.2900 -0.2043
vn -0.5034 0.8636 -0.0275
vn -0.0930 0.4927 0.8652
vn -0.3750 0.9232 -0.0834
vn -0.4294 0.6273 -0.6497
vn -0.2807 0.7119 -0.6437
vn -0.4380 0.6328 -0.6385
vn 0.0466 0.0558 0.9974
vn -0.2288 0.4944 0.8386
vn -0.4953 0.8642 -0.0885
vn -0.6301 0.7743 -0.0582
vn -0.5683 0.5482 -0.6136
vn -0.5177 0.8538 -0.0551
vn -0.4443 0.6233 -0.6435
vn -0.1836 0.3926 0.9012
vn -0.2105 0.4276 0.8791
vn -0.2914 0.3871 0.8748
vn 0.0254 -0.0058 0.9997
vn 0.0250 -0.1123 0.9934
vn -0.5132 0.8574 -0.0384
vn -0.1536 0.3850 0.9101
vn -0.2216 0.3172 0.9221
vn 0.1982 -0.3260 0.9243
vn -0.2523 0.3003 0.9199
vn -0.5727 0.8187 -0.0409
vn -0.6077 0.7937 -0.0277
vn -0.6569 0.7468 -0.1043
vn -0.8956 0.4192 -0.1489
vn -0.6148 0.3657 0.6988
vn -0.9756 0.1623 -0.1479
vn -0.4783 -0.0015 -0.8782
vn -0.4798 0.3267 -0.8142
vn -0.4637 0.5797 -0.6700
vn -0.4605 0.6040 -0.6505
vn -0.4455 0.6091 -0.6562
vn 0.2968 -0.0973 0.9500
vn 0.2911 -0.0657 0.9544
vn 0.0591 0.3676 0.9281
vn -0.8034 0.5771 0.1466
vn -0.4810 0.8761 0.0320
vn -0.0585 0.3668 0.9285
vn 0.2600 -0.1415 0.9552
vn -0.1026 0.3354 0.9365
vn -0.0757 0.3276 0.9418
vn -0.5350 0.8439 0.0401
vn -0.5245 0.8508 0.0328
vn -0.5383 0.8418 0.0390
vn -0.5265 0.6558 -0.5410
vn -0.5411 0.6589 -0.5225
vn -0.4414 0.6316 -0.6374
vn -0.9392 0.1751 -0.2954
vn -0.9497 0.3123 0.0224
vn -0.7226 0.6733 0.1563
vn -0.5225 0.3708 0.7677
vn -0.7515 0.5846 -0.3058
vn 0.2847 0.1248 0.9505
vn 0.3337 0.1029 0.9370
vn 0.2579 0.0458 0.9651
vn 0.1729 0.4533 0.8744
vn 0.1366 0.5087 0.8500
vn -0.4964 0.8663 -0.0561
vn -0.3323 0.0635 -0.9410
vn -0.3399 0.0978 -0.9354
vn 0.0693 -0.7307 -0.6792
vn 0.0943 -0.7132 -0.6946
vn -0.3356 0.1575 -0.9287
vn 0.1357 -0.8357 -0.5321
vn -0.3536 0.1461 -0.9239
vn -0.4300 0.8944 -0.1231
vn -0.3738 0.1344 -0.9177
vn 0.1844 -0.8158 -0.5482
vn 0.1301 0.2523 0.9589
vn -0.1950 0.7246 0.6610
vn -0.5108 0.8412 -0.1775
vn -0.3987 0.1006 -0.9115
vn -0.4646 0.0538 -0.8839
vn 0.2059 -0.8180 -0.5372
vn -0.5254 0.0815 -0.8469
vn -0.6248 0.7795 -0.0446
vn -0.5934 0.8049 -0.0056
vn -0.4628 0.8850 -0.0501
vn -0.4067 0.1709 -0.8974
vn -0.4134 0.9068 -0.0826
vn -0.0771 0.3041 0.9495
vn -0.0945 0.4277 0.8990
vn 0.0596 0.5001 0.8639
vn 0.0890 0.5023 0.8601
vn 0.0315 0.4811 0.8761
vn -0.5265 0.8487 -0.0493
vn 0.2712 0.0163 0.9624
vn -0.0926 0.4424 0.8920
vn 0.1854 -0.0648 0.9805
vn 0.2690 0.0616 0.9612
vn 0.1637 0.0216 0.9863
vn 0.1744 -0.2835 0.9430
vn -0.1599 0.3679 0.9160
vn -0.5525 -0.3839 -0.7399
vn -0.2903 -0.9427 0.1645
vn -0.0897 -0.9865 0.1367
vn -0.0958 -0.4982 -0.8618
vn 0.6937 -0.7169 -0.0695
vn -0.4437 -0.8591 0.2551
vn -0.8347 0.5490 0.0424
vn -0.3943 0.4635 0.7936
vn -0.7397 0.6726 0.0208
vn -0.6817 0.7317 -0.0023
vn -0.4930 0.0960 -0.8647
vn 0.1213 -0.8285 -0.5468
vn -0.2969 -0.9402 -0.1670
vn 0.4741 -0.8804 0.0076
vn 0.2082 -0.8097 -0.5487
vn -0.3573 0.1568 -0.9207
vn -0.4094 0.1342 -0.9024
vn 0.1586 -0.7857 -0.5980
vn 0.4929 -0.8696 0.0288
vn 0.4852 -0.8711 0.0763
vn 0.4842 -0.8697 0.0958
vn 0.4666 -0.8804 0.0847
vn 0.2904 -0.9403 0.1775
vn -0.1351 -0.9898 0.0459
vn 0.1990 -0.9796 -0.0265
vn 0.2379 -0.9711 -0.0187
vn 0.1444 -0.7162 -0.6828
vn -0.3250 0.1825 -0.9279
vn -0.2784 0.1468 -0.9492
vn -0.4966 0.7118 -0.4967
vn -0.5221 0.6329 -0.5718
vn -0.4510 0.8764 0.1688
vn -0.5389 0.7766 -0.3263
vn -0.4546 0.5120 -0.7288
vn -0.1681 0.0592 -0.9840
vn 0.3229 -0.5055 -0.8001
vn 0.4774 -0.7968 -0.3703
vn 0.5196 -0.8311 -0.1984
vn 0.0954 -0.9925 0.0767
vn 0.1876 -0.9339 -0.3043
vn 0.6246 -0.7709 -0.1249
vn 0.7501 -0.6456 -0.1435
vn 0.8037 -0.5576 -0.2078
vn 0.6042 -0.6597 -0.4470
vn 0.4118 -0.4585 -0.7875
vn 0.1562 -0.8467 -0.5087
vn 0.1325 -0.9404 -0.3132
vn 0.6996 -0.6814 -0.2151
vn 0.6359 -0.7317 -0.2456
vn 0.0432 -0.9503 -0.3082
vn -0.1037 -0.9925 0.0654
vn 0.0906 -0.9803 0.1757
vn -0.1556 -0.9877 -0.0170
vn 0.2705 -0.9423 0.1971
vn -0.8261 -0.5631 -0.0237
vn -0.1702 -0.9434 -0.2848
vn -0.0284 -0.9810 0.1921
vn 0.0318 -0.9995 -0.0066
vn -0.1107 -0.9766 0.1846
vn -0.7495 -0.5471 0.3728
vn -0.8241 -0.5413 -0.1669
vn 0.1731 -0.6436 -0.7455
vn 0.4515 -0.8874 -0.0932
vn 0.4589 -0.8807 -0.1172
vn 0.4291 -0.9002 -0.0744
vn 0.2059 -0.6631 -0.7197
vn -0.2005 -0.0816 -0.9763
vn 0.1624 -0.6606 -0.7329
vn -0.1914 -0.0694 -0.9790
vn -0.1504 -0.0647 -0.9865
vn -0.1216 -0.0723 -0.9899
vn -0.1197 -0.0820 -0.9894
vn -0.2000 -0.0938 -0.9753
vn -0.1759 -0.0960 -0.9797
vn 0.1496 -0.6612 -0.7352
vn -0.1431 -0.0875 -0.9858
vn -0.2002 -0.1607 -0.9665
vn -0.1055 -0.8562 -0.5058
vn -0.1954 -0.2433 -0.9501
vn 0.7057 -0.7050 0.0700
vn 0.8416 -0.5390 0.0344
vn 0.7355 -0.6769 0.0310
vn 0.0974 -0.9900 0.1023
vn 0.1316 -0.9868 0.0945
vn -0.0027 -0.9990 -0.0456
vn 0.4640 -0.8742 -0.1430
vn -0.5154 0.8292 0.2163
vn -0.7616 0.5438 -0.3526
vn -0.7913 0.5360 -0.2943
vn -0.5246 0.8110 0.2591
vn -0.7927 0.3871 -0.4710
vn -0.3069 0.9223 0.2348
vn -0.7282 0.5656 -0.3871
vn -0.4462 0.8871 0.1181
vn 0.3451 0.4585 0.8189
vn 0.2949 0.4375 0.8495
vn 0.4522 0.3108 0.8360
vn -0.6232 0.6098 0.4896
vn -0.9296 0.2415 -0.2784
vn -0.7294 0.2761 0.6259
vn 0.0994 0.2720 0.9571
vn 0.6132 -0.0968 0.7840
vn 0.5489 0.0856 0.8315
vn 0.6096 0.0824 0.7884
vn 0.3723 0.5162 0.7713
vn -0.4678 0.8746 0.1273
vn -0.7428 0.5614 -0.3647
vn -0.4851 0.8612 0.1518
vn 0.3410 0.5232 0.7810
vn 0.6146 0.0680 0.7859
vn 0.3479 0.4975 0.7947
vn 0.6652 0.0630 0.7440
vn 0.3760 0.5042 0.7775
vn 0.4085 0.5316 0.7420
vn 0.4251 0.5361 0.7293
vn 0.7016 0.0312 0.7119
vn -0.3804 0.9120 0.1532
vn 0.4836 0.4843 0.7291
vn -0.3767 0.9243 0.0609
vn -0.3827 0.9221 0.0581
vn -0.4785 0.8639 0.1574
vn 0.5059 0.4674 0.7249
vn -0.7576 0.5568 -0.3406
vn -0.7459 0.5640 -0.3543
vn -0.7101 0.5973 -0.3729
vn -0.7067 0.6308 -0.3205
vn 0.2957 0.4325 0.8518
vn 0.4110 -0.3406 0.8456
vn 0.0013 -0.3816 0.9243
vn 0.2051 -0.7257 0.6568
vn 0.5029 -0.1772 0.8460
vn 0.2743 0.4271 0.8616
vn 0.1901 0.3730 0.9081
vn 0.5531 0.5910 0.5872
vn -0.4867 0.5437 0.6837
vn -0.5363 0.6453 0.5441
vn -0.8318 0.2179 0.5106
vn -0.5850 -0.0172 0.8109
vn -0.3650 0.4467 0.8168
vn -0.1747 0.2427 0.9542
vn 0.5782 0.3857 0.7189
vn 0.9535 0.2394 0.1828
vn 0.9389 0.1858 0.2897
vn 0.5206 0.6005 0.6069
vn 0.8718 -0.0141 0.4896
vn 0.9286 0.2024 0.3110
vn 0.9316 0.2090 0.2973
vn 0.5737 0.5883 0.5699
vn 0.9833 0.1285 0.1291
vn 0.5079 0.5248 0.6831
vn 0.9471 0.2328 0.2211
vn 0.5264 0.6315 0.5693
vn 0.9538 0.2529 0.1622
vn 0.5207 0.7289 0.4444
vn 0.5718 0.6541 0.4952
vn 0.4347 0.6298 0.6438
vn -0.7674 0.4342 0.4718
vn -0.6037 0.6018 0.5229
vn -0.6153 0.6328 0.4700
vn -0.6010 0.6546 0.4586
vn -0.9069 0.2574 0.3335
vn -0.9246 0.2991 0.2358
vn -0.9707 0.1174 0.2095
vn -0.4885 0.3558 0.7967
vn 0.2711 0.1605 0.9491
vn 0.8954 0.0306 0.4443
vn 0.4212 -0.9070 0.0062
vn 0.2095 -0.7269 -0.6540
vn 0.2602 -0.7166 -0.6471
vn 0.4355 -0.8998 -0.0266
vn 0.2757 -0.7082 -0.6500
vn 0.4606 -0.8876 -0.0101
vn 0.3191 -0.7164 -0.6204
vn 0.5140 -0.8525 0.0951
vn -0.0533 -0.1627 -0.9852
vn -0.0629 -0.2130 -0.9750
vn -0.0656 -0.2711 -0.9603
vn 0.0607 -0.2351 -0.9701
vn 0.1125 -0.1677 -0.9794
vn -0.0052 -0.1256 -0.9921
vn -0.7232 -0.4573 -0.5175
vn -0.7600 -0.4304 0.4871
vn 0.3389 0.5236 0.7816
vn 0.9783 0.2037 0.0381
vn 0.1370 0.9903 0.0240
vn 0.9671 0.2519 0.0353
vn 0.9545 0.2951 0.0420
vn -0.2058 0.4833 0.8509
vn -0.9319 0.3584 -0.0560
vn -0.6250 0.2624 -0.7352
vn -0.6463 0.1952 -0.7377
vn -0.9618 0.2643 -0.0717
vn -0.2028 0.8655 0.4580
vn -0.1112 0.8326 0.5426
vn -0.8458 0.0707 -0.5288
vn 0.8615 0.3931 0.3215
vn 0.8514 0.3078 0.4247
vn 0.1793 0.8781 -0.4436
vn -0.3059 -0.2394 -0.9215
vn -0.3561 -0.3627 -0.8612
vn -0.9191 0.1035 -0.3802
vn -0.5468 0.3273 -0.7707
vn -0.6944 0.7194 0.0152
vn -0.5287 0.6760 -0.5133
vn -0.8261 0.5635 -0.0079
vn -0.6323 0.1975 -0.7492
vn -0.9496 0.3135 -0.0048
vn -0.5109 0.4651 0.7230
vn -0.2695 0.3567 0.8945
vn -0.1119 0.2243 0.9681
vn -0.5854 0.7993 0.1355
vn -0.6028 0.7928 0.0901
vn -0.5382 0.6836 -0.4931
vn -0.0508 0.3425 0.9381
vn -0.4974 0.8658 0.0544
vn -0.0732 0.3280 0.9418
vn -0.5069 0.8581 0.0819
vn -0.0700 0.2952 0.9529
vn 0.2029 -0.2111 0.9562
vn 0.0877 -0.2476 0.9649
vn 0.2345 -0.1576 0.9593
vn -0.0023 0.9513 -0.3081
vn -0.6928 0.6248 0.3601
vn 0.1536 0.7083 0.6890
vn 0.1088 0.7093 0.6964
vn 0.2555 -0.1622 -0.9531
vn -0.7067 -0.6477 -0.2847
vn -0.0874 0.0504 -0.9949
vn 0.5516 0.3030 -0.7771
vn -0.8943 -0.2111 -0.3946
vn -0.8719 -0.4498 0.1939
vn -0.8840 -0.4420 0.1524
vn -0.2411 -0.8984 -0.3671
vn 0.8276 -0.3677 -0.4241
vn 0.7194 -0.1234 -0.6836
vn 0.8323 -0.4886 -0.2618
vn -0.3083 -0.9105 -0.2754
vn 0.2754 -0.5498 -0.7886
vn -0.0805 -0.2557 -0.9634
vn 0.8370 -0.5135 0.1888
vn 0.7551 -0.6349 0.1637
vn 0.7291 -0.6535 0.2033
vn 0.0576 -0.9741 0.2185
vn 0.0462 -0.9837 0.1738
vn -0.4395 -0.8898 0.1224
vn -0.0482 -0.1486 -0.9877
vn -0.5966 0.6865 -0.4157
vn -0.6888 0.6038 -0.4013
vn -0.3783 -0.9192 0.1095
vn -0.4972 -0.8437 -0.2025
vn -0.5143 -0.7497 -0.4165
vn 0.1071 -0.8698 -0.4817
vn -0.5925 -0.7254 -0.3503
vn -0.1229 -0.9665 -0.2252
vn -0.6032 -0.7940 -0.0756
vn -0.4787 -0.8364 -0.2671
vn -0.2863 -0.9204 -0.2663
vn -0.3601 -0.3923 -0.8464
vn 0.3478 -0.9049 -0.2452
vn 0.6777 -0.6476 -0.3483
vn 0.7189 -0.5774 -0.3871
vn 0.7254 -0.5538 -0.4087
vn 0.7474 -0.5631 -0.3527
vn 0.0347 0.5827 -0.8120
vn -0.6389 -0.2111 -0.7398
vn -0.5556 0.5076 -0.6586
vn 0.3733 0.6528 -0.6591
vn 0.9687 -0.1289 -0.2123
vn 0.9464 -0.1674 0.2761
vn 0.7654 -0.5487 0.3362
vn 0.6367 -0.4278 0.6415
vn 0.4422 0.0710 -0.8941
vn -0.1934 -0.8502 -0.4897
vn -0.6410 -0.3955 -0.6578
vn -0.0032 0.0125 -0.9999
vn 0.9669 0.2415 -0.0827
vn 0.6448 -0.3913 0.6566
vn -0.3518 -0.8769 -0.3276
vn -0.4398 -0.8179 -0.3709
vn 0.8748 -0.1732 0.4525
vn -0.7099 0.5379 -0.4546
vn -0.8131 0.5475 -0.1979
vn 0.8665 -0.2966 0.4014
vn 0.2217 0.2553 0.9411
vn 0.5922 -0.2420 0.7686
vn -0.0512 0.1963 0.9792
vn -0.4386 -0.8593 0.2633
vn 0.8304 -0.5551 -0.0467
vn -0.7422 0.0265 -0.6697
vn 0.9623 -0.2716 -0.0126
vn 0.8482 0.3032 0.4343
vn 0.7824 0.0262 0.6222
vn -0.0413 0.4954 0.8677
vn 0.7445 0.2934 0.5997
vn 0.8239 -0.2855 0.4895
vn 0.4433 0.2098 0.8715
vn -0.0918 0.2533 0.9630
vn -0.3827 0.4364 0.8143
vn 0.1013 0.1848 0.9775
vn 0.5883 -0.2242 0.7769
vn 0.9887 0.0056 0.1495
vn -0.2707 0.4841 0.8321
vn 0.8079 -0.2376 0.5393
vn 0.5034 -0.1364 0.8532
vn 0.7733 -0.2760 0.5708
vn 0.8256 -0.4343 0.3602
vn 0.9537 -0.2987 0.0355
vn 0.6949 -0.7035 -0.1489
vn 0.5971 -0.7996 0.0646
vn 0.2694 -0.9057 -0.3272
vn -0.0855 -0.9319 -0.3526
vn -0.2003 -0.9056 0.3739
vn 0.8642 -0.5022 -0.0314
vn 0.7315 0.4458 0.5160
vn 0.8425 0.0921 -0.5308
vn -0.1699 -0.1367 0.9759
vn -0.3220 0.5975 0.7344
vn -0.2505 0.5832 0.7728
vn -0.8528 0.2318 -0.4679
vn -0.5679 -0.8119 -0.1355
vn -0.9934 0.0445 0.1053
vn -0.8125 0.3019 -0.4987
vn -0.8674 0.3174 -0.3831
vn -0.8934 0.3249 -0.3104
vn -0.9868 -0.1581 0.0344
vn -0.8722 0.3268 -0.3639
vn -0.9896 0.0985 -0.1050
vn -0.9886 0.0663 -0.1350
vn -0.7273 0.3818 -0.5703
vn -0.1629 -0.3362 0.9276
vn -0.5105 0.6816 -0.5242
vn -0.5036 0.6809 -0.5317
vn -0.5229 0.6664 -0.5315
vn -0.0612 0.1353 -0.9889
vn 0.4440 0.6743 -0.5900
vn 0.4658 0.5152 -0.7195
vn 0.3139 0.0551 -0.9479
vn -0.5548 -0.7854 -0.2746
vn -0.7708 -0.5605 0.3028
vn -0.7584 -0.6277 0.1759
vn -0.7818 -0.3709 -0.5013
vn -0.4595 0.8822 0.1033
vn -0.4729 0.8788 0.0647
vn -0.0210 0.7504 0.6607
vn -0.0043 0.7507 0.6606
vn 0.8884 0.2634 0.3759
vn 0.5330 0.5268 0.6621
vn 0.6271 -0.0000 0.7789
vn 0.3164 0.8634 0.3930
vn 0.1775 0.2634 0.9482
vn 0.1775 -0.2635 0.9482
vn -0.2678 -0.4322 0.8611
vn -0.2677 0.4317 0.8614
vn 0.3154 -0.8644 0.3917
vn 0.5330 -0.5269 0.6620
vn 0.8884 -0.2635 0.3759
vn 0.8984 -0.4322 -0.0777
vn 0.8987 0.4317 -0.0776
vn 0.1820 -0.9569 0.2261
vn 0.8276 -0.4785 -0.2936
vn 0.8279 0.4777 -0.2939
vn 0.1834 0.9562 0.2279
vn -0.4635 -0.4785 0.7458
vn -0.4639 0.4777 0.7461
vn -0.9148 0.2987 -0.2720
vn -0.9136 0.2802 -0.2946
vn -0.8977 0.3370 -0.2839
vn -0.9417 0.2844 -0.1796
vn -0.9056 0.3361 -0.2589
vn -0.9364 0.3025 -0.1778
vn -0.8113 0.4625 -0.3575
vn -0.8131 0.4287 -0.3939
vn -0.7445 0.5687 -0.3497
vn -0.7070 0.5952 -0.3820
vn -0.5680 0.1047 -0.8164
vn -0.2430 0.1640 -0.9561
vn -0.5917 -0.0473 -0.8048
vn -0.6719 0.0308 -0.7400
vn -0.7156 0.1708 -0.6773
vn -0.5459 -0.0154 -0.8377
vn -0.4905 -0.0640 -0.8691
vn -0.5788 -0.0125 -0.8153
vn -0.4049 -0.0815 -0.9107
vn -0.5723 -0.0086 -0.8200
vn -0.3445 0.2615 -0.9016
vn -0.2948 -0.1838 -0.9377
vn -0.2710 -0.1536 -0.9502
vn -0.7999 0.2790 -0.5314
vn -0.6102 0.2121 -0.7633
vn -0.6365 -0.1125 -0.7630
vn -0.8111 0.4792 -0.3354
vn -0.9205 0.2226 -0.3211
vn -0.5212 0.7754 -0.3566
vn -0.6499 0.6660 -0.3662
vn -0.7896 -0.1853 -0.5850
vn -0.8544 0.0683 -0.5152
vn -0.8676 -0.0283 -0.4965
vn -0.8556 0.3362 -0.3936
vn -0.8027 0.5964 0.0014
vn -0.9245 0.3681 -0.0988
vn -0.9184 0.3719 -0.1349
vn -0.9107 0.2847 -0.2992
vn 0.1960 -0.9603 -0.1987
vn 0.4167 -0.6266 -0.6586
vn 0.3433 -0.9323 -0.1139
vn 0.8360 -0.5171 -0.1836
vn 0.9837 0.1687 0.0626
vn 0.7748 -0.6147 0.1480
vn 0.5728 0.0286 0.8192
vn 0.9395 -0.1802 0.2913
vn 0.5287 -0.3481 -0.7742
vn -0.0044 -0.1201 -0.9927
vn 0.2890 0.3109 -0.9054
vn 0.0875 -0.1090 -0.9902
vn 0.8315 0.2230 0.5088
vn 0.8672 0.0207 -0.4976
vn 0.4908 0.8671 0.0854
vn -0.0326 0.9951 -0.0930
vn -0.4263 0.8832 0.1954
vn 0.2385 0.7886 0.5667
vn -0.1728 0.9647 0.1987
vn -0.6644 -0.2553 0.7025
vn 0.5554 0.5625 0.6125
vn 0.9067 -0.2773 0.3179
vn 0.8154 0.3741 -0.4418
vn 0.4822 -0.2144 -0.8494
vn 0.6331 0.3349 0.6979
vn -0.0029 0.7662 0.6426
vn 0.0749 0.8557 0.5120
vn 0.5893 0.5254 0.6138
vn 0.3624 0.5204 0.7732
vn 0.3701 -0.8398 -0.3972
vn 0.5697 -0.7818 -0.2536
vn 0.1267 -0.1343 -0.9828
vn -0.1274 0.6990 -0.7036
vn -0.0746 0.7827 -0.6179
vn -0.0000 0.7641 -0.6451
vn 0.5164 -0.7857 -0.3405
vn -0.0939 -0.7720 -0.6287
vn 0.3409 -0.8081 -0.4803
vn 0.4406 -0.8680 0.2288
vn 0.6558 -0.5688 -0.4963
vn 0.1900 0.3914 0.9004
vn 0.4303 -0.1795 -0.8847
vn 0.5478 0.7983 -0.2502
vn -0.8500 0.5259 0.0309
vn -0.3682 0.0180 -0.9296
vn -0.1970 -0.5509 -0.8110
vn 0.4156 -0.5386 -0.7329
vn 0.4522 -0.5719 -0.6844
vn 0.0241 -0.4741 -0.8801
vn 0.3537 -0.5365 -0.7662
vn 0.5071 0.8517 -0.1325
vn 0.1330 0.9029 -0.4088
vn -0.2240 0.9731 0.0534
vn 0.8203 0.5716 -0.0192
vn 0.2929 0.7348 0.6118
vn -0.9791 0.1840 0.0865
vn -0.1853 -0.2614 -0.9473
vn -0.1458 -0.4946 -0.8568
vn 0.0486 -0.9956 0.0801
vn -0.9580 -0.2018 -0.2038
vn -0.3749 -0.2947 0.8790
vn -0.3017 -0.1720 0.9378
vn 0.1272 0.1401 0.9819
vn -0.1767 -0.4766 0.8612
vn 0.2738 -0.7389 0.6157
vn -0.2473 -0.8738 0.4187
vn -0.7454 -0.4695 0.4732
vn -0.6146 0.3713 0.6960
vn -0.6878 -0.4619 0.5600
vn -0.2708 -0.1005 0.9574
vn -0.3994 -0.8205 0.4089
vn -0.4127 -0.6016 -0.6839
vn -0.2239 -0.6628 -0.7146
vn -0.1436 -0.7844 -0.6034
vn -0.3373 -0.7614 -0.5536
vn -0.1226 -0.9583 -0.2583
vn -0.2455 -0.9387 -0.2420
vn -0.6579 -0.7199 -0.2209
vn -0.7959 -0.4712 0.3800
vn -0.7558 0.3145 0.5743
vn -0.8639 -0.3502 -0.3622
vn -0.6413 -0.6189 -0.4535
vn -0.7934 -0.2693 -0.5459
vn -0.6634 0.6891 0.2915
vn -0.8196 0.5725 0.0213
vn -0.6374 0.7341 0.2340
vn -0.8211 0.5708 0.0010
vn -0.4830 0.8609 0.1601
vn -0.6593 0.7508 -0.0403
vn -0.2706 0.9489 0.1621
vn -0.3628 0.9318 0.0065
vn -0.1677 0.9802 0.1050
vn -0.2302 0.9730 -0.0181
vn -0.0782 0.9203 0.3833
vn -0.2578 0.8394 0.4785
vn -0.2913 0.5390 0.7903
vn -0.0778 0.5971 0.7984
vn -0.1444 -0.0474 0.9884
vn -0.3356 -0.8039 0.4910
vn -0.0437 0.8897 0.4544
vn 0.7360 0.5104 0.4447
vn 0.8092 0.5855 0.0484
vn 0.3250 0.9051 0.2743
vn 0.8825 -0.2050 0.4234
vn 0.5866 0.3631 0.7239
vn 0.2772 0.7306 0.6240
vn 0.3272 0.6298 0.7045
vn -0.0000 0.7925 0.6099
vn -0.0000 0.6778 0.7352
vn 0.3194 0.0199 -0.9474
vn 0.3154 0.1360 -0.9392
vn 0.4743 0.1451 -0.8683
vn 0.4893 0.0235 -0.8718
vn 0.3006 -0.1395 -0.9435
vn 0.8399 0.1554 -0.5201
vn 0.6750 0.6114 -0.4130
vn 0.4755 0.1554 -0.8659
vn 0.3073 0.1526 -0.9393
vn 0.2897 0.9531 0.0872
vn 0.2383 0.9424 0.2348
vn 0.1881 0.9811 0.0459
vn 0.1952 0.9664 -0.1674
vn 0.1121 0.9653 -0.2359
vn 0.1440 0.9443 -0.2958
vn 0.0909 0.9401 -0.3284
vn 0.2626 -0.4292 0.8642
vn 0.4779 -0.6126 0.6296
vn 0.2090 -0.7039 0.6789
vn 0.6042 -0.2385 0.7603
vn 0.7579 -0.2576 0.5994
vn 0.4020 -0.3996 0.8238
vn 0.2295 0.2145 0.9494
vn 0.1066 0.1645 0.9806
vn 0.0077 0.4824 0.8759
vn -0.0774 0.4699 0.8793
vn -0.4642 0.7148 0.5231
vn -0.4842 0.7679 0.4194
vn -0.3673 0.7536 0.5451
vn 0.7888 -0.0437 0.6131
vn 0.7930 -0.1242 0.5964
vn -0.1616 0.9603 0.2274
vn 0.2192 0.9367 0.2730
vn 0.1104 0.8056 0.5821
vn 0.8850 0.4287 0.1818
vn 0.8145 0.2218 0.5361
vn 0.5276 0.2326 0.8170
vn -0.3408 0.7060 0.6209
vn -0.1057 0.9916 0.0742
vn 0.1665 0.9830 0.0769
vn 0.8712 0.4910 0.0038
vn 0.9613 0.2751 -0.0137
vn 0.9451 0.3041 0.1200
vn 0.9006 -0.4177 0.1200
vn 0.3330 -0.7855 -0.5216
vn 0.5150 -0.3269 -0.7924
vn -0.4234 0.0280 -0.9055
vn -0.6989 -0.1780 -0.6927
vn -0.8441 0.3244 -0.4269
vn -0.1419 0.9264 -0.3488
vn 0.9034 0.4071 -0.1346
vn 0.2791 0.8116 0.5132
vn 0.2494 0.8130 0.5261
vn -0.9671 0.2519 0.0353
vn 0.2058 0.4833 0.8509
vn -0.3389 0.5236 0.7816
vn 0.9319 0.3584 -0.0560
vn 0.9618 0.2643 -0.0717
vn 0.6463 0.1952 -0.7377
vn 0.6250 0.2624 -0.7352
vn -0.1370 0.9903 0.0240
vn -0.9783 0.2037 0.0381
vn -0.9545 0.2951 0.0420
vn 0.6062 0.7953 0.0041
vn 0.7203 0.5974 0.3526
vn 0.6408 0.6201 0.4527
vn 0.5179 0.6655 -0.5374
vn 0.6137 0.7317 -0.2967
vn 0.5510 0.8333 0.0439
vn 0.4434 0.5924 0.6727
vn 0.4960 0.6040 0.6239
vn -0.1633 0.3466 0.9237
vn -0.0725 0.8340 0.5470
vn -0.9183 0.3954 -0.0167
vn -0.8942 0.4401 -0.0814
vn -0.0356 0.9464 0.3212
vn 0.3420 0.5551 -0.7582
vn 0.4947 0.6926 -0.5249
vn 0.8774 0.4524 -0.1596
vn 0.8307 0.4902 0.2640
vn 0.6189 0.2470 0.7456
vn 0.0565 0.0469 0.9973
vn -0.6228 -0.3394 0.7049
vn -0.1957 -0.0398 0.9799
vn -0.1805 -0.5241 0.8323
vn 0.1664 -0.4048 0.8992
vn -0.0489 -0.9366 0.3471
vn -0.1260 0.8311 -0.5417
vn -0.5299 0.2782 -0.8012
vn 0.1371 0.1716 -0.9756
vn 0.6676 0.0740 -0.7408
vn 0.6889 -0.7168 0.1082
vn 0.7224 -0.6856 -0.0902
vn 0.6695 -0.6901 -0.2747
vn -0.1053 -0.9406 -0.3229
vn -0.0453 -0.8633 -0.5027
vn 0.7338 -0.6339 0.2442
vn -0.1681 -0.9553 0.2431
vn -0.0917 -0.8529 0.5140
vn -0.8922 0.4484 -0.0545
vn 0.0790 0.9960 -0.0428
vn -0.9058 0.4207 0.0504
vn -0.9454 0.2759 0.1732
vn -0.9536 -0.3003 0.0194
vn -0.7948 -0.3985 0.4577
vn -0.8859 0.3646 0.2869
vn -0.8560 0.5085 0.0933
vn -0.9021 -0.0271 -0.4307
vn -0.9165 -0.1085 -0.3851
vn -0.1942 0.9430 -0.2702
vn 0.2444 0.8698 -0.4285
vn 0.5788 0.8052 -0.1290
vn 0.4238 0.8447 0.3269
vn -0.3183 -0.9376 -0.1399
vn -0.0929 -0.3476 -0.9330
vn -0.0407 -0.6790 -0.7330
vn -0.4715 -0.5129 -0.7174
vn 0.2510 -0.5298 -0.8101
vn 0.3711 0.2540 -0.8931
vn 0.7044 -0.2953 -0.6455
vn 0.8749 0.3333 0.3515
vn 0.1200 0.9763 -0.1801
vn -0.0311 0.9995 -0.0067
vn 0.1779 0.3022 -0.9365
vn 0.2445 -0.4643 -0.8512
vn 0.1964 0.0480 -0.9793
vn 0.0114 0.8910 -0.4539
vn 0.0510 0.7075 0.7049
vn 0.1086 0.7119 0.6938
vn 0.4123 -0.3796 0.8282
vn 0.3697 -0.5551 0.7451
vn 0.4043 -0.8801 0.2489
vn 0.3859 -0.8921 0.2349
vn 0.4816 -0.7835 0.3926
vn 0.2469 -0.4940 -0.8337
vn 0.0763 0.2974 -0.9517
vn 0.1891 0.3152 -0.9300
vn -0.1273 0.9904 0.0537
vn -0.1513 0.9766 0.1530
vn 0.1789 0.4737 0.8623
vn 0.7889 -0.0258 0.6140
vn 0.4845 -0.6802 0.5501
vn 0.3787 -0.5817 0.7199
vn 0.1216 0.5593 0.8200
vn 0.3921 -0.9195 -0.0290
vn 0.6005 -0.7584 -0.2533
vn 0.9232 0.3842 -0.0095
vn 0.4486 0.6527 -0.6105
vn 0.4581 -0.5243 -0.7178
vn 0.3881 -0.5759 -0.7195
vn 0.2726 -0.9617 0.0298
vn 0.1991 -0.4893 0.8491
vn 0.8713 0.3253 0.3675
vn -0.0703 0.1089 0.9916
vn -0.0310 0.9992 0.0264
vn 0.6049 0.3620 -0.7093
vn 0.6173 -0.6681 -0.4153
vn 0.4116 -0.2437 -0.8782
vn -0.0337 0.1565 -0.9871
vn 0.1970 0.9054 -0.3760
vn 0.0731 -0.9972 0.0147
vn 0.5078 -0.8588 0.0677
vn 0.2241 -0.6852 0.6930
vn 0.3346 -0.5311 0.7784
vn 0.9378 -0.1712 -0.3021
vn 0.6407 0.6944 -0.3274
vn 0.4279 0.6283 0.6497
vn 0.3734 0.7481 0.5486
vn 0.2767 0.9166 -0.2886
vn 0.5400 0.8414 -0.0203
vn 0.6374 0.7184 -0.2786
vn 0.1834 0.7309 -0.6574
vn 0.5136 0.6347 -0.5774
vn 0.6885 0.0869 -0.7200
vn 0.4883 0.4054 -0.7728
vn 0.8202 0.4138 -0.3951
vn 0.8543 0.4040 -0.3270
vn 0.8078 0.1215 -0.5768
vn 0.5713 0.3441 -0.7451
vn 0.3122 0.1678 -0.9351
vn 0.3842 0.0552 -0.9216
vn 0.1875 0.5443 -0.8177
vn -0.3342 0.4139 -0.8468
vn 0.2280 0.2354 -0.9448
vn 0.1197 0.1674 -0.9786
vn 0.1941 0.3271 -0.9248
vn -0.0898 0.6018 -0.7936
vn 0.4085 0.1939 -0.8919
vn 0.5603 0.0273 -0.8278
vn 0.7538 0.2606 -0.6033
vn 0.6367 0.5582 -0.5320
vn 0.7621 0.5827 -0.2823
vn 0.7509 0.5980 -0.2802
vn 0.3937 0.0637 -0.9170
vn 0.3598 0.4681 -0.8071
vn 0.6473 -0.1910 -0.7379
vn 0.5610 -0.2731 -0.7815
vn 0.0750 -0.1134 -0.9907
vn -0.5668 0.3092 -0.7636
vn -0.6101 0.3213 -0.7242
vn 0.8249 -0.3770 -0.4211
vn 0.0808 -0.0708 -0.9942
vn 0.2379 -0.0498 -0.9700
vn 0.2101 0.1102 -0.9714
vn 0.1169 -0.1057 -0.9875
vn 0.2525 -0.1824 -0.9503
vn -0.0481 -0.0570 -0.9972
vn 0.0765 -0.1557 -0.9848
vn -0.4081 0.0471 -0.9117
vn -0.6231 0.1530 -0.7670
vn -0.6510 0.2417 -0.7196
vn -0.1247 0.1474 -0.9812
vn -0.1020 0.3142 -0.9439
vn -0.0227 0.0261 -0.9994
vn -0.8639 0.2821 -0.4171
vn -0.4271 0.3534 -0.8322
vn -0.2121 0.5943 -0.7757
vn 0.0808 0.6190 -0.7812
vn -0.0807 0.8114 -0.5789
vn 0.0856 0.8296 -0.5517
vn -0.1029 0.7694 -0.6305
vn -0.1120 0.8774 -0.4665
vn 0.1261 0.4158 -0.9007
vn 0.4140 0.4943 -0.7644
vn 0.6071 0.5825 -0.5405
vn 0.5244 0.3933 -0.7552
vn 0.7141 0.4237 -0.5572
vn 0.3205 0.3688 -0.8725
vn 0.3305 0.3735 -0.8668
vn 0.8751 -0.2924 0.3857
vn 0.8766 0.1600 0.4539
vn 0.9208 0.3755 -0.1051
vn 0.5267 0.5499 0.6482
vn 0.7465 0.4778 0.4632
vn 0.6586 0.5663 0.4955
vn 0.3960 0.5738 0.7169
vn 0.9226 0.1930 0.3339
vn 0.5343 0.5504 0.6415
vn 0.6327 0.4898 0.5998
vn 0.2371 0.8053 0.5434
vn 0.2629 0.9505 0.1655
vn 0.2781 0.9540 0.1121
vn 0.3379 0.9301 -0.1441
vn 0.2614 0.9652 0.0048
vn 0.4108 0.2437 0.8786
vn 0.8802 -0.0524 0.4716
vn 0.8048 0.1348 0.5780
vn 0.3193 0.3624 0.8756
vn 0.4180 0.1039 0.9025
vn -0.0122 0.0082 0.9999
vn 0.0936 0.5304 0.8426
vn -0.3186 0.8142 0.4853
vn 0.9362 -0.2104 0.2816
vn 0.7759 0.0484 0.6290
vn 0.7802 0.2893 0.5547
vn 0.9102 0.2549 -0.3265
vn 0.9319 0.0882 -0.3519
vn 0.9129 0.4082 -0.0039
vn 0.7944 0.5393 0.2795
vn 0.3516 0.5351 0.7682
vn 0.6035 -0.0117 0.7973
vn 0.7016 -0.5540 0.4481
vn 0.3189 0.8858 0.3370
vn 0.3995 0.9167 -0.0070
vn 0.6205 0.7831 0.0420
vn -0.2912 0.5009 0.8151
vn 0.0145 0.4067 0.9135
vn 0.0975 0.0496 0.9940
vn 0.5537 -0.1084 0.8256
vn 0.8832 -0.3377 0.3256
vn 0.9319 -0.3537 0.0807
vn 0.8165 -0.4121 0.4045
vn 0.1349 -0.1393 0.9810
vn 0.6272 -0.2904 0.7227
vn 0.9342 -0.3012 0.1914
vn 0.9410 -0.2573 0.2199
vn 0.8442 -0.2668 0.4649
vn 0.6342 -0.2719 0.7237
vn 0.6602 -0.2081 0.7217
vn 0.8831 -0.2434 0.4012
vn 0.5912 0.4575 0.6642
vn 0.3972 0.2737 0.8760
vn 0.5021 0.4650 0.7291
vn 0.8857 -0.2615 0.3836
vn 0.9097 -0.1973 0.3653
vn 0.6332 0.6713 0.3852
vn 0.6191 0.6766 0.3986
vn 0.8472 0.0903 0.5235
vn 0.8779 -0.3933 0.2732
vn 0.9164 -0.3001 0.2648
vn 0.9494 -0.1431 0.2795
vn 0.9269 0.1360 0.3497
vn 0.9434 0.1539 0.2937
vn 0.9352 -0.2245 0.2740
vn 0.7854 -0.3830 0.4862
vn 0.6939 -0.7051 0.1460
vn 0.5327 -0.7888 0.3066
vn 0.4034 -0.9103 -0.0928
vn 0.5738 -0.0470 0.8176
vn 0.5526 -0.5774 0.6010
vn 0.7159 -0.6966 -0.0468
vn 0.1208 -0.9642 0.2360
vn -0.0559 -0.9778 -0.2017
vn 0.3763 -0.0531 0.9250
vn 0.3944 -0.1932 0.8984
vn 0.4602 -0.1502 0.8750
vn 0.2451 0.7031 0.6675
vn -0.0503 0.9849 0.1656
vn 0.4586 0.3795 0.8036
vn 0.5004 0.0445 0.8646
vn 0.2687 -0.2740 0.9234
vn 0.3478 -0.3928 0.8513
vn 0.0255 -0.1503 0.9883
vn 0.1766 -0.0663 0.9820
vn 0.2617 -0.1486 0.9536
vn 0.2514 -0.1765 0.9517
vn 0.0798 -0.1228 0.9892
vn -0.0097 -0.0796 0.9968
vn -0.0027 0.1214 0.9926
vn 0.2931 0.8287 0.4767
vn 0.9509 -0.0565 0.3044
vn 0.4889 0.7896 -0.3708
vn 0.0507 -0.1428 0.9885
vn 0.2854 -0.9144 0.2870
vn 0.3943 -0.7039 -0.5908
vn -0.8114 -0.4038 0.4226
vn -0.9505 -0.2909 -0.1096
vn -0.4298 -0.2859 0.8565
vn -0.3187 -0.1007 0.9425
vn 0.6436 0.5989 0.4765
vn 0.3229 0.5864 0.7429
vn 0.1578 0.8406 -0.5182
vn -0.8543 0.4419 -0.2736
vn -0.4792 0.0300 -0.8772
vn -0.2186 0.4815 -0.8487
vn 0.3856 0.7962 -0.4662
vn 0.2841 0.6730 -0.6828
vn 0.5398 -0.7524 -0.3776
vn 0.1155 -0.2541 -0.9603
vn 0.4132 -0.5454 -0.7292
vn 0.8482 -0.5112 0.1387
vn 0.6606 0.5772 -0.4800
vn 0.4801 0.3946 0.7834
vn -0.1825 0.9659 -0.1835
vn 0.3877 0.4560 0.8011
vn 0.7732 -0.4092 0.4845
vn 0.7891 -0.5218 -0.3242
vn 0.8005 -0.5745 0.1710
vn 0.7804 -0.5902 -0.2068
vn 0.7557 -0.5931 0.2778
vn 0.9415 -0.2822 -0.1842
vn 0.6527 -0.3440 0.6750
vn 0.5007 -0.2280 0.8350
vn 0.4823 -0.0722 0.8730
vn 0.4408 0.6377 0.6316
vn -0.0991 0.9821 -0.1601
vn -0.2821 0.6595 -0.6967
vn -0.3469 0.4077 -0.8447
vn -0.0429 0.9735 -0.2248
vn -0.1956 0.6939 -0.6930
vn 0.3012 -0.0076 0.9535
vn 0.1274 0.3438 0.9303
vn 0.4739 0.4522 0.7556
vn 0.0176 0.9972 0.0728
vn -0.2208 0.9515 -0.2142
vn -0.1977 0.8464 -0.4945
vn 0.1523 -0.2478 0.9568
vn -0.0989 0.9867 0.1290
vn -0.0884 0.7800 0.6195
vn 0.3226 -0.2337 0.9172
vn 0.3334 -0.3037 0.8925
vn 0.6695 -0.1433 0.7289
vn 0.4562 -0.5206 0.7217
vn 0.2522 0.7037 0.6642
vn -0.4543 -0.5601 0.6928
vn 0.7732 -0.2597 0.5785
vn -0.4811 -0.8741 0.0667
vn -0.2649 -0.9449 -0.1923
vn -0.0613 -0.2917 0.9546
vn 0.3538 -0.1240 0.9271
vn 0.9865 -0.1528 -0.0586
vn 0.9045 -0.3878 -0.1774
vn 0.5544 -0.3127 -0.7713
vn 0.7333 -0.4291 0.5273
vn -0.2407 -0.3311 0.9124
vn 0.4150 -0.2704 0.8687
vn 0.2440 -0.2940 0.9241
vn -0.6364 -0.5757 0.5134
vn 0.3668 -0.4910 0.7902
vn 0.8910 -0.4339 0.1335
vn -0.1663 -0.9486 -0.2691
vn -0.1654 -0.4494 0.8779
vn -0.3335 -0.9392 -0.0815
vn -0.2428 -0.7515 -0.6134
vn 0.0458 -0.9854 -0.1642
vn 0.0200 -0.7818 -0.6232
vn -0.3460 0.7500 0.5638
vn 0.1658 0.5764 0.8002
vn -0.1711 0.0113 -0.9852
vn -0.1771 -0.0018 -0.9842
vn -0.1416 0.0238 -0.9896
vn -0.1378 0.0323 -0.9899
vn -0.1156 0.0237 -0.9930
vn -0.1156 0.0223 -0.9930
vn -0.1370 -0.0138 -0.9905
vn -0.1330 -0.0154 -0.9910
vn -0.1159 0.0238 -0.9930
vn -0.1346 -0.0059 -0.9909
vn -0.1092 -0.0150 -0.9939
vn -0.0947 -0.0089 -0.9955
vn -0.0947 -0.0105 -0.9954
vn -0.2098 -0.0537 -0.9763
vn -0.2156 -0.0674 -0.9742
vn -0.2212 -0.1022 -0.9699
vn -0.2210 -0.1114 -0.9689
vn -0.2163 -0.0819 -0.9729
vn -0.1830 -0.0150 -0.9830
vn -0.1459 0.0151 -0.9892
vn 0.1173 -0.1276 0.9849
vn 0.9971 -0.0671 0.0347
vn 0.9494 -0.1093 0.2946
vn 0.7661 -0.0657 0.6393
vn 0.8989 -0.0415 0.4361
vn 0.9379 -0.0598 -0.3417
vn 0.8923 0.0319 0.4504
vn 0.9632 -0.0800 -0.2567
vn 0.9618 0.0165 0.2734
vn 0.9739 -0.0838 -0.2107
vn 0.9476 -0.2768 -0.1598
vn 0.8424 -0.0343 0.5378
vn 0.2870 -0.1460 0.9467
vn 0.5023 -0.4893 0.7129
vn 0.5326 -0.3881 0.7521
vn 0.5704 -0.6261 0.5316
vn 0.6882 -0.4568 0.5636
vn 0.9269 -0.2798 0.2502
vn 0.3781 -0.1853 0.9070
vn 0.3041 0.0139 0.9525
vn 0.2944 0.0090 0.9557
vn 0.3336 -0.0070 0.9427
vn 0.1620 -0.0093 0.9867
vn 0.1293 -0.0068 0.9916
vn 0.0609 -0.1638 0.9846
vn 0.1893 0.1571 0.9693
vn 0.1984 0.0996 0.9751
vn 0.2900 0.1614 0.9433
vn 0.2953 0.1091 0.9491
vn 0.1992 0.0074 0.9799
vn 0.8677 0.0893 -0.4889
vn 0.8344 0.1952 -0.5154
vn 0.5332 0.1486 -0.8329
vn 0.5641 0.0197 -0.8255
vn 0.5991 -0.1888 -0.7781
vn 0.8809 -0.2240 -0.4169
vn 0.8410 -0.3881 -0.3770
vn 0.4796 -0.2505 -0.8410
vn 0.9272 0.2029 -0.3149
vn 0.9043 -0.2652 -0.3347
vn 0.9520 0.1397 -0.2724
vn 0.9393 -0.1274 -0.3186
vn 0.9219 -0.3636 -0.1341
vn 0.9420 -0.3343 -0.0285
vn 0.5519 0.0183 -0.8337
vn 0.8409 -0.1296 -0.5255
vn 0.6455 -0.7297 -0.2257
vn 0.7016 -0.5410 -0.4637
vn 0.8399 -0.3594 -0.4066
vn 0.8301 -0.2050 -0.5186
vn 0.1987 0.1258 -0.9719
vn 0.1176 0.1391 -0.9833
vn 0.1165 0.1272 -0.9850
vn -0.8489 0.2624 0.4587
vn -0.9771 -0.0785 -0.1976
vn -0.9376 -0.3209 0.1340
vn -0.9438 -0.2958 0.1477
vn 0.2017 -0.2963 0.9336
vn -0.5625 -0.1374 0.8153
vn -0.9610 -0.0878 0.2623
vn -0.9909 -0.0195 0.1334
vn -0.9922 -0.0757 0.0987
vn -0.9156 -0.4020 0.0096
vn -0.8899 -0.4494 0.0781
vn -0.6450 -0.4512 0.6168
vn -0.9548 -0.1782 0.2378
vn -0.9874 0.1558 -0.0270
vn -0.9804 0.1958 0.0221
vn -0.8137 -0.1501 0.5616
vn -0.9989 -0.0358 0.0295
vn -0.9888 -0.1495 -0.0011
vn -0.7642 -0.1116 0.6352
vn -0.8920 0.4256 -0.1523
vn -0.9730 -0.1919 0.1286
vn -0.9713 -0.1514 0.1833
vn 0.1270 -0.5514 0.8245
vn 0.0701 -0.1269 0.9894
vn -0.8190 -0.3258 0.4723
vn -0.9178 -0.0418 0.3948
vn -0.9871 -0.1288 -0.0955
vn -0.9722 0.0734 -0.2222
vn -0.8768 -0.0730 0.4753
vn -0.9941 -0.0133 0.1077
vn -0.9305 -0.3572 -0.0809
vn -0.8565 -0.3754 0.3543
vn 0.1756 -0.0349 0.9838
vn 0.2417 -0.4966 0.8337
vn 0.0095 -0.9141 0.4055
vn 0.4777 -0.8785 0.0094
vn 0.9121 -0.3625 -0.1913
vn 0.6241 -0.6243 -0.4699
vn 0.8376 -0.2427 -0.4894
vn 0.2238 -0.9737 -0.0430
vn 0.9586 -0.2810 -0.0470
vn 0.9507 -0.1113 0.2894
vn 0.6913 0.1272 -0.7113
vn 0.9832 -0.0759 -0.1659
vn 0.7342 -0.6701 -0.1089
vn -0.2686 -0.9193 0.2877
vn 0.2339 -0.8278 -0.5098
vn -0.7198 -0.4520 -0.5269
vn 0.6333 -0.1888 -0.7505
vn -0.3449 -0.1428 -0.9277
vn 0.9828 -0.1844 0.0052
vn 0.9056 -0.2340 0.3538
vn 0.9361 -0.3123 -0.1618
vn 0.9804 -0.1339 -0.1444
vn 0.9328 -0.0846 0.3503
vn 0.8750 -0.1618 -0.4562
vn 0.9935 0.0628 0.0948
vn 0.9646 0.0137 -0.2633
vn 0.7474 0.0619 0.6615
vn 0.8089 0.1409 -0.5708
vn 0.6815 0.5995 -0.4197
vn 0.6307 0.5177 -0.5781
vn 0.8790 -0.0209 0.4764
vn 0.7607 -0.6470 -0.0518
vn 0.9575 0.2777 -0.0785
vn 0.0998 -0.0745 0.9922
vn -0.9631 -0.0526 0.2638
vn 0.1227 -0.7325 0.6696
vn -0.7293 -0.2032 0.6534
vn 0.1398 -0.3030 0.9427
vn -0.0154 0.6364 0.7712
vn 0.0955 0.4956 0.8633
vn 0.7214 0.6925 -0.0067
vn 0.9615 0.0539 -0.2696
vn 0.4478 -0.1220 -0.8858
vn 0.9743 -0.1471 -0.1705
vn 0.8736 -0.0775 -0.4805
vn 0.7986 -0.2172 0.5613
vn 0.1267 -0.0702 0.9895
vn -0.1413 -0.2983 0.9440
vn -0.3683 -0.8614 0.3499
vn 0.9519 0.1228 -0.2808
vn 0.8545 0.0954 0.5106
vn 0.4689 0.0369 -0.8825
vn 0.8108 0.2132 0.5451
vn 0.1592 0.1066 0.9815
vn 0.9536 0.1785 -0.2425
vn 0.5083 0.0094 -0.8611
vn 0.5376 0.0782 -0.8395
vn 0.9669 0.1674 -0.1927
vn 0.8064 0.1754 0.5648
vn 0.2956 0.0589 0.9535
vn -0.3818 -0.1475 -0.9124
vn -0.0754 -0.1493 -0.9859
vn 0.3869 0.1723 -0.9059
vn 0.8413 0.2055 -0.5001
vn 0.9768 0.2062 0.0577
vn 0.7737 0.2060 0.5992
vn 0.4354 0.0808 0.8966
vn 0.2039 0.0459 0.9779
vn 0.1661 -0.1012 0.9809
vn 0.0708 -0.3678 0.9272
vn 0.0826 -0.9362 0.3417
vn -0.9420 -0.3355 0.0056
vn -0.9519 -0.2814 -0.1216
vn -0.5447 -0.1518 -0.8248
vn -0.8211 -0.1407 -0.5532
vn -0.8405 0.1093 -0.5307
vn 0.7148 -0.1456 -0.6840
vn -0.2109 -0.0919 -0.9732
vn -0.0293 0.1536 -0.9877
vn -0.5492 -0.0586 -0.8337
vn 0.1306 0.2529 -0.9586
vn -0.5349 0.1523 -0.8310
vn -0.4763 0.3362 -0.8125
vn -0.8026 0.1708 -0.5715
vn 0.8208 0.3461 -0.4544
vn 0.6873 0.2272 -0.6899
vn 0.4577 0.2859 -0.8419
vn 0.4025 0.3411 -0.8495
vn -0.3783 0.3138 -0.8709
vn 0.3669 0.0251 -0.9299
vn -0.3154 -0.0178 -0.9488
vn 0.9721 0.1443 -0.1850
vn 0.8258 0.2649 -0.4978
vn 0.9479 0.2283 -0.2221
vn 0.0631 0.1284 -0.9897
vn -0.0179 0.0887 -0.9959
vn -0.0730 -0.5148 -0.8542
vn -0.7242 -0.4826 -0.4926
vn -0.8366 -0.2253 -0.4994
vn -0.8852 -0.3543 -0.3016
vn -0.9439 -0.1975 -0.2647
vn -0.9009 -0.1358 -0.4122
vn -0.4118 -0.2630 -0.8725
vn -0.6741 -0.2983 -0.6757
vn -0.7994 -0.2864 -0.5281
vn -0.4871 -0.0839 -0.8693
vn -0.7087 0.1220 -0.6949
vn -0.9996 -0.0211 -0.0165
vn -0.8314 -0.1708 -0.5287
vn -0.9033 0.0117 -0.4288
vn -0.9974 -0.0165 -0.0707
vn -0.9972 -0.0538 0.0511
vn -0.8978 0.0875 -0.4315
vn -0.7754 0.1115 -0.6215
vn -0.8139 0.0449 -0.5792
vn -0.8057 -0.0204 -0.5919
vn -0.7535 -0.2106 -0.6227
vn -0.5728 -0.4982 -0.6509
vn -0.9241 0.2740 0.2666
vn -0.9805 -0.1715 -0.0961
vn -0.9267 0.3303 0.1795
vn -0.4370 0.7054 0.5581
vn -0.6331 0.2041 0.7467
vn 0.0345 0.7566 0.6530
vn -0.4741 0.0417 0.8795
vn -0.2375 -0.4442 0.8639
vn -0.9965 0.0450 -0.0710
vn 0.1795 0.8277 0.5316
vn -0.3931 0.8186 0.4187
vn -0.9848 -0.0246 0.1717
vn -0.9624 -0.2428 0.1218
vn -0.9903 0.1368 0.0228
vn -0.7124 -0.0844 0.6967
vn -0.6586 0.5761 0.4841
vn 0.1802 0.9455 0.2713
vn 0.6554 0.7464 0.1160
vn 0.7003 0.6622 0.2666
vn 0.8549 0.2572 -0.4505
vn 0.9761 0.1331 -0.1717
vn 0.8982 -0.2416 -0.3672
vn 0.8878 0.3424 -0.3075
vn 0.9107 0.4064 0.0742
vn 0.5773 -0.8141 -0.0633
vn 0.8548 -0.0651 -0.5148
vn 0.6735 0.0500 -0.7375
vn 0.7355 0.6522 0.1835
vn 0.8011 0.4184 -0.4280
vn 0.8715 0.2344 -0.4308
vn 0.9943 0.1062 0.0007
vn 0.8934 0.3818 0.2370
vn 0.4096 -0.4434 -0.7973
vn 0.4413 -0.4731 -0.7625
vn 0.4507 -0.2636 -0.8528
vn 0.5456 0.0252 -0.8377
vn 0.6696 0.0478 -0.7412
vn 0.4364 0.1176 -0.8920
vn 0.2981 0.1538 -0.9421
vn 0.1177 0.3281 -0.9373
vn 0.9032 -0.0823 -0.4212
vn 0.9003 -0.1557 -0.4064
vn 0.6038 0.0223 -0.7968
vn 0.4174 0.1028 -0.9029
vn 0.5028 0.0386 -0.8636
vn 0.8143 0.5708 0.1056
vn -0.2492 0.6784 0.6911
vn 0.3322 0.3106 0.8906
vn 0.9420 -0.1212 -0.3129
vn 0.8589 0.5038 -0.0920
vn 0.9821 0.0759 -0.1725
vn 0.9419 0.2991 -0.1529
vn 0.9386 0.3181 -0.1333
vn 0.9367 0.1221 -0.3282
vn 0.2535 0.8911 0.3763
vn 0.1641 0.9329 0.3205
vn -0.4266 0.7303 0.5335
vn 0.6702 0.6971 0.2547
vn -0.0589 0.0764 0.9953
vn -0.8224 0.1550 0.5474
vn 0.4136 0.5064 0.7567
vn 0.9896 -0.0944 -0.1087
vn 0.0966 -0.0396 0.9945
vn -0.7902 0.0839 0.6071
vn 0.4621 0.7030 0.5406
vn 0.0861 0.9023 0.4225
vn -0.8193 0.5724 0.0336
vn 0.9501 0.0469 0.3083
vn 0.1457 0.1041 0.9838
vn -0.7655 0.3889 0.5126
vn -0.2572 0.8458 0.4674
vn 0.2857 0.5444 0.7887
vn 0.7512 0.5336 0.3887
vn 0.9931 -0.1165 -0.0102
vn 0.0502 0.4614 0.8858
vn -0.6731 0.6440 0.3637
vn -0.9763 0.1391 0.1660
vn -0.9982 0.0579 0.0150
vn -0.9396 0.1072 0.3251
vn 0.1023 -0.0344 0.9942
vn -0.0580 -0.8485 0.5260
vn 0.5530 -0.5197 0.6512
vn 0.1378 0.8319 0.5376
vn 0.8727 0.3108 0.3766
vn 0.9354 0.1309 -0.3284
vn -0.3481 -0.9113 0.2198
vn -0.3324 0.8863 -0.3226
vn -0.2532 0.9118 0.3232
vn 0.6307 0.5494 0.5481
vn -0.1257 0.9207 0.3694
vn 0.6195 0.7764 -0.1156
vn -0.2069 0.3883 -0.8980
vn -0.8506 0.0380 -0.5244
vn -0.8457 0.0719 -0.5288
vn -0.5236 0.3488 -0.7773
vn 0.7932 -0.2845 -0.5385
vn 0.8650 -0.5004 -0.0376
vn 0.3091 -0.7954 -0.5214
vn -0.0730 -0.6768 -0.7325
vn -0.6423 -0.1101 -0.7585
vn -0.6880 -0.1878 -0.7010
vn -0.8880 -0.1330 -0.4402
vn -0.6557 -0.1099 -0.7470
vn -0.8151 -0.4837 -0.3189
vn 0.8452 0.5137 -0.1473
vn 0.7244 0.6892 0.0152
vn 0.8493 0.5084 -0.1422
vn 0.9657 -0.0519 0.2546
vn 0.8728 0.4774 0.1013
vn 0.1798 0.9804 0.0807
vn 0.0123 -0.9443 0.3289
vn -0.4832 0.0483 0.8742
vn 0.0281 -0.9475 0.3185
vn -0.8719 -0.2979 0.3887
vn -0.7434 0.4722 0.4737
vn -0.7304 0.6825 0.0261
vn 0.2711 0.7510 0.6021
vn 0.6093 -0.3980 0.6858
vn -0.1257 -0.9490 0.2890
vn -0.0363 -0.9434 0.3296
vn -0.9777 0.0077 -0.2101
vn 0.1788 -0.9814 -0.0702
vn 0.3191 -0.9477 0.0018
vn 0.1284 -0.9910 0.0366
vn 0.0989 -0.9790 -0.1782
vn 0.0325 -0.9799 -0.1966
vn -0.0507 -0.9221 -0.3836
vn -0.0494 -0.9982 0.0344
vn -0.0568 -0.9976 -0.0391
vn -0.0280 -0.9678 0.2503
vn -0.1219 -0.9902 0.0677
vn -0.1428 -0.9897 -0.0048
vn -0.2643 -0.9333 -0.2429
vn -0.0469 -0.9901 0.1324
vn -0.0500 -0.9976 0.0484
vn -0.1138 -0.9854 -0.1268
vn -0.2729 -0.8568 -0.4376
vn -0.0968 -0.9922 -0.0785
vn -0.1060 -0.9645 -0.2420
vn -0.1087 -0.9903 -0.0869
vn -0.0752 -0.9970 0.0177
vn -0.1149 -0.9913 -0.0635
vn -0.2962 -0.9546 -0.0303
vn -0.3674 -0.9288 0.0493
vn 0.0890 -0.9960 0.0040
vn -0.3799 -0.9219 0.0758
vn -0.0076 -0.9965 -0.0829
vn -0.1912 -0.9719 -0.1376
vn 0.0470 -0.9602 -0.2755
vn 0.2194 -0.9313 -0.2907
vn 0.3964 -0.9026 -0.1679
vn 0.4128 -0.9019 -0.1272
vn 0.1870 -0.9641 -0.1885
vn 0.2028 0.8655 0.4580
vn 0.9191 0.1035 -0.3802
vn 0.8458 0.0707 -0.5288
vn 0.3561 -0.3627 -0.8612
vn 0.3059 -0.2394 -0.9215
vn -0.1793 0.8781 -0.4436
vn 0.1112 0.8326 0.5426
vn -0.8514 0.3078 0.4247
vn -0.8615 0.3931 0.3215
vn 0.5292 -0.7881 -0.3145
vn 0.6148 -0.6832 0.3939
vn -0.2654 -0.9640 0.0126
vn 0.5892 -0.7381 -0.3288
vn -0.1659 -0.7911 -0.5887
vn 0.3884 -0.1665 0.9063
vn -0.5353 -0.3235 0.7803
vn -0.4973 -0.2926 0.8167
vn -0.5303 -0.3654 0.7650
vn -0.9401 0.3235 -0.1076
vn -0.9246 0.3549 -0.1386
vn -0.1206 0.0905 0.9886
vn 0.9522 0.1462 0.2683
vn 0.9258 0.0256 0.3773
vn 0.8233 0.3582 -0.4403
vn -0.4063 0.1971 0.8922
vn 0.0078 0.9293 0.3692
vn 0.7764 0.4481 -0.4432
vn 0.5036 0.6809 -0.5317
vn 0.5229 0.6664 -0.5315
vn 0.5245 0.8508 0.0328
vn 0.5350 0.8439 0.0402
vn 0.5411 0.6589 -0.5225
vn 0.5105 0.6816 -0.5242
vn 0.4974 0.8658 0.0544
vn 0.0508 0.3425 0.9381
vn 0.0757 0.3276 0.9418
vn 0.1026 0.3353 0.9365
vn 0.5383 0.8418 0.0390
vn 0.5265 0.6558 -0.5410
vn -0.2345 -0.1576 0.9593
vn 0.0732 0.3280 0.9418
vn 0.5069 0.8581 0.0819
vn 0.5382 0.6836 -0.4931
vn 0.6028 0.7928 0.0901
vn 0.5854 0.7993 0.1355
vn 0.1119 0.2243 0.9681
vn 0.6944 0.7194 0.0152
vn -0.2029 -0.2111 0.9562
vn 0.0700 0.2952 0.9529
vn -0.0877 -0.2476 0.9649
vn 0.2695 0.3567 0.8945
vn 0.8261 0.5635 -0.0079
vn 0.5109 0.4651 0.7230
vn 0.9496 0.3135 -0.0048
vn 0.6323 0.1975 -0.7492
vn 0.5468 0.3273 -0.7707
vn 0.5287 0.6760 -0.5133
vn 0.4810 0.8761 0.0320
vn -0.0591 0.3676 0.9281
vn 0.0585 0.3668 0.9285
vn -0.2911 -0.0657 0.9544
vn -0.2968 -0.0973 0.9500
vn -0.2600 -0.1415 0.9552
vn 0.4414 0.6316 -0.6374
vn -0.3229 -0.5055 -0.8001
vn -0.4118 -0.4585 -0.7875
vn -0.4774 -0.7968 -0.3703
vn -0.6042 -0.6597 -0.4470
vn -0.6246 -0.7709 -0.1249
vn -0.7501 -0.6456 -0.1435
vn -0.5196 -0.8311 -0.1984
vn -0.8037 -0.5576 -0.2078
vn -0.6996 -0.6814 -0.2151
vn -0.1325 -0.9404 -0.3132
vn -0.1562 -0.8467 -0.5087
vn -0.6359 -0.7317 -0.2456
vn -0.0432 -0.9503 -0.3082
vn -0.1876 -0.9339 -0.3043
vn -0.0954 -0.9925 0.0767
vn -0.0660 -0.9976 -0.0199
vn 0.1037 -0.9925 0.0654
vn 0.3783 -0.9192 0.1095
vn 0.4972 -0.8437 -0.2025
vn 0.5143 -0.7497 -0.4165
vn -0.1071 -0.8698 -0.4817
vn 0.5925 -0.7254 -0.3503
vn 0.1229 -0.9665 -0.2252
vn 0.6032 -0.7940 -0.0756
vn 0.4787 -0.8364 -0.2671
vn 0.3601 -0.3923 -0.8464
vn 0.2863 -0.9204 -0.2663
vn -0.3478 -0.9049 -0.2452
vn -0.6777 -0.6476 -0.3483
vn -0.7189 -0.5774 -0.3871
vn -0.7254 -0.5538 -0.4087
vn -0.7474 -0.5631 -0.3527
vn -0.3479 0.4975 0.7947
vn -0.3760 0.5042 0.7775
vn -0.6652 0.0630 0.7440
vn -0.6146 0.0680 0.7859
vn -0.3410 0.5232 0.7810
vn -0.6096 0.0824 0.7884
vn -0.3723 0.5162 0.7713
vn -0.3451 0.4585 0.8189
vn -0.2949 0.4375 0.8495
vn -0.5489 0.0856 0.8315
vn -0.6132 -0.0968 0.7840
vn -0.4522 0.3109 0.8360
vn 0.4785 0.8639 0.1574
vn 0.4851 0.8612 0.1518
vn 0.4678 0.8746 0.1273
vn 0.4462 0.8871 0.1181
vn 0.5154 0.8292 0.2163
vn 0.5246 0.8110 0.2591
vn 0.3069 0.9223 0.2348
vn 0.7616 0.5438 -0.3526
vn 0.7913 0.5360 -0.2943
vn 0.7927 0.3871 -0.4710
vn 0.6232 0.6098 0.4896
vn -0.0994 0.2720 0.9571
vn 0.7294 0.2761 0.6259
vn 0.9296 0.2415 -0.2784
vn 0.3768 0.9243 0.0609
vn 0.3827 0.9221 0.0581
vn 0.7101 0.5973 -0.3729
vn 0.7459 0.5640 -0.3543
vn 0.7576 0.5568 -0.3406
vn 0.7428 0.5614 -0.3647
vn 0.7282 0.5656 -0.3871
vn -0.4836 0.4843 0.7291
vn 0.3804 0.9120 0.1532
vn 0.3745 0.8984 0.2294
vn -0.5059 0.4674 0.7249
vn -0.7016 0.0312 0.7119
vn -0.4251 0.5361 0.7293
vn -0.4085 0.5316 0.7420
vn 0.6862 0.6455 -0.3354
vn 0.7067 0.6308 -0.3205
vn -0.7636 -0.6443 -0.0414
vn -0.8497 -0.5271 -0.0113
vn -0.7435 -0.6688 -0.0015
vn -0.0778 -0.9948 0.0650
vn -0.0599 -0.9980 0.0216
vn 0.4213 -0.9059 0.0439
vn 0.3476 -0.8685 -0.3535
vn -0.1020 -0.6251 -0.7738
vn -0.4028 -0.8955 -0.1891
vn -0.1550 -0.6132 -0.7746
vn -0.4167 -0.8822 -0.2193
vn -0.1700 -0.6042 -0.7785
vn 0.2067 -0.0707 -0.9758
vn 0.1982 -0.0194 -0.9800
vn 0.1934 -0.0049 -0.9811
vn 0.2230 -0.1148 -0.9680
vn -0.1513 -0.4276 -0.8912
vn 0.7600 -0.4304 0.4871
vn 0.6819 -0.4078 -0.6072
vn -0.2386 -0.5736 -0.7836
vn 0.0479 0.0182 -0.9987
vn 0.0333 -0.0235 -0.9992
vn 0.0841 -0.0921 -0.9922
vn 0.2081 -0.1305 -0.9694
vn -0.4440 -0.8722 -0.2051
vn -0.4993 -0.8647 -0.0544
vn 0.1181 -0.9765 0.1805
vn 0.1556 -0.9877 -0.0170
vn 0.7495 -0.5471 0.3728
vn 0.8241 -0.5413 -0.1669
vn 0.1414 -0.8628 -0.4854
vn -0.3981 -0.9156 -0.0571
vn 0.1738 -0.8228 -0.5410
vn 0.1971 -0.7855 -0.5867
vn -0.3999 -0.9138 -0.0705
vn 0.1310 -0.8243 -0.5509
vn -0.3898 -0.9208 -0.0152
vn -0.2705 -0.9423 0.1971
vn -0.0906 -0.9803 0.1757
vn 0.6260 -0.3246 -0.7091
vn 0.5705 -0.3191 -0.7568
vn 0.6003 -0.3228 -0.7317
vn 0.6228 -0.3112 -0.7179
vn 0.6820 -0.2861 -0.6730
vn 0.6611 -0.2138 -0.7192
vn 0.6483 -0.1835 -0.7389
vn 0.6879 -0.2405 -0.6848
vn 0.7043 -0.2502 -0.6644
vn 0.1967 -0.8367 -0.5112
vn 0.6831 -0.3677 -0.6310
vn 0.4372 -0.8993 -0.0050
vn -0.5001 -0.7792 -0.3779
vn -0.4769 -0.7901 -0.3851
vn -0.5625 -0.6796 -0.4709
vn 0.0284 -0.9861 0.1640
vn 0.0326 -0.9747 0.2209
vn 0.1375 -0.8942 0.4260
vn -0.4009 -0.9106 -0.1000
vn -0.4413 -0.8908 -0.1085
vn 0.1702 -0.9434 -0.2848
vn 0.8261 -0.5631 -0.0237
vn -0.2059 -0.6631 -0.7197
vn -0.4291 -0.9002 -0.0744
vn -0.1731 -0.6436 -0.7455
vn -0.4515 -0.8874 -0.0932
vn -0.4589 -0.8807 -0.1172
vn -0.1624 -0.6606 -0.7329
vn -0.1496 -0.6612 -0.7352
vn 0.1954 -0.2433 -0.9501
vn 0.1055 -0.8562 -0.5058
vn 0.2002 -0.1607 -0.9665
vn 0.1431 -0.0875 -0.9858
vn 0.1759 -0.0960 -0.9797
vn 0.2000 -0.0938 -0.9753
vn 0.2005 -0.0816 -0.9763
vn 0.1914 -0.0694 -0.9790
vn 0.1504 -0.0647 -0.9865
vn 0.1216 -0.0723 -0.9899
vn 0.1197 -0.0820 -0.9894
vn 0.0918 -0.6060 -0.7901
vn 0.8974 -0.4412 0.0075
vn 0.4922 -0.3627 -0.7914
vn 0.4749 -0.4724 -0.7424
vn -0.1413 -0.3392 -0.9301
vn -0.4014 -0.2752 -0.8736
vn -0.2148 -0.4786 -0.8514
vn -0.3167 -0.4248 -0.8481
vn -0.7993 -0.0232 -0.6005
vn -0.7946 -0.0314 -0.6063
vn 0.8098 0.1691 -0.5618
vn 0.4897 -0.3645 -0.7921
vn 0.0784 -0.4010 -0.9127
vn 0.2961 -0.3325 -0.8954
vn 0.0567 0.4217 0.9050
vn 0.8375 -0.4907 0.2402
vn 0.8401 -0.3345 0.4269
vn 0.3407 0.5850 0.7360
vn 0.4189 -0.8651 -0.2758
vn 0.4094 -0.9044 -0.1202
vn 0.4074 -0.7021 -0.5840
vn -0.0888 -0.7304 0.6772
vn -0.7828 0.2038 0.5879
vn -0.2466 0.6239 0.7416
vn -0.0349 0.9278 0.3715
vn 0.3640 0.8683 0.3369
vn -0.8492 0.2132 0.4831
vn -0.9723 -0.0134 0.2335
vn 0.9509 0.0944 0.2948
vn 0.4049 0.9031 0.1430
vn 0.9872 0.0113 0.1594
vn 0.4363 0.8608 0.2619
vn 0.9959 -0.0466 0.0778
vn 0.4171 -0.9088 0.0071
vn 0.3638 -0.9025 -0.2304
vn 0.5061 -0.8624 0.0133
vn 0.4425 -0.8803 -0.1714
vn -0.0049 -0.8835 -0.4685
vn 0.1523 -0.8831 -0.4437
vn 0.0156 -0.9510 -0.3088
vn 0.0423 -0.9974 -0.0580
vn 0.0937 -0.9714 -0.2180
vn 0.0495 0.9903 0.1297
vn 0.0858 0.9477 0.3075
vn 0.1898 0.9088 0.3716
vn 0.4246 0.8449 0.3254
vn 0.9990 0.0434 0.0075
vn -0.1414 -0.8628 -0.4854
vn -0.6260 -0.3246 -0.7091
vn -0.5705 -0.3191 -0.7568
vn -0.1310 -0.8243 -0.5509
vn -0.6003 -0.3228 -0.7317
vn -0.6228 -0.3112 -0.7179
vn -0.1738 -0.8228 -0.5410
vn -0.6820 -0.2861 -0.6730
vn -0.6611 -0.2138 -0.7192
vn -0.1971 -0.7855 -0.5867
vn 0.3898 -0.9208 -0.0152
vn 0.3999 -0.9138 -0.0705
vn 0.3981 -0.9156 -0.0571
vn 0.4413 -0.8908 -0.1085
vn -0.1967 -0.8367 -0.5112
vn 0.4009 -0.9106 -0.1000
vn -0.6483 -0.1835 -0.7389
vn -0.6879 -0.2405 -0.6848
vn -0.7043 -0.2502 -0.6644
vn -0.6831 -0.3677 -0.6310
vn -0.4372 -0.8993 -0.0050
vn -0.1375 -0.8942 0.4260
vn -0.0326 -0.9747 0.2209
vn -0.0284 -0.9861 0.1640
vn 0.5001 -0.7792 -0.3779
vn 0.4769 -0.7901 -0.3851
vn 0.5625 -0.6796 -0.4709
vn -0.3006 -0.1395 -0.9435
vn -0.3194 0.0199 -0.9474
vn -0.3154 0.1360 -0.9392
vn -0.3073 0.1526 -0.9393
vn -0.4640 -0.8742 -0.1430
vn 0.0027 -0.9990 -0.0456
vn -0.0974 -0.9900 0.1023
vn -0.1316 -0.9868 0.0945
vn -0.7355 -0.6769 0.0310
vn -0.7057 -0.7050 0.0700
vn -0.8416 -0.5390 0.0344
vn -0.0989 0.9951 0.0022
vn 0.3551 0.8964 0.2653
vn 0.1728 0.9647 0.1987
vn 0.4263 0.8832 0.1954
vt 0.607422 0.886841
vt 0.604492 0.890442
vt 0.602051 0.895996
vt 0.594238 0.757568
vt 0.580566 0.754028
vt 0.583008 0.749023
vt 0.594238 0.751953
vt 0.586914 0.743164
vt 0.594727 0.748779
vt 0.572266 0.736572
vt 0.564453 0.739502
vt 0.577148 0.764404
vt 0.591797 0.766479
vt 0.596680 0.761597
vt 0.599121 0.766846
vt 0.547852 0.744385
vt 0.507813 0.749023
vt 0.507813 0.720215
vt 0.552246 0.720215
vt 0.561035 0.720215
vt 0.570801 0.720215
vt 0.578613 0.720215
vt 0.582031 0.732178
vt 0.594238 0.737549
vt 0.600098 0.744873
vt 0.589355 0.720215
vt 0.601563 0.727051
vt 0.599121 0.720215
vt 0.600586 0.720215
vt 0.599121 0.727539
vt 0.591309 0.729004
vt 0.602539 0.734375
vt 0.606445 0.740479
vt 0.604004 0.733887
vt 0.605469 0.733398
vt 0.604492 0.726807
vt 0.610840 0.725830
vt 0.618164 0.730225
vt 0.617676 0.725830
vt 0.619629 0.733887
vt 0.622070 0.728027
vt 0.627441 0.724854
vt 0.621094 0.722168
vt 0.618164 0.720215
vt 0.603027 0.720215
vt 0.902344 0.148926
vt 0.909180 0.135254
vt 0.910156 0.136230
vt 0.906250 0.148926
vt 0.920898 0.147461
vt 0.903809 0.124023
vt 0.918457 0.121582
vt 0.910645 0.134766
vt 0.919922 0.133301
vt 0.919922 0.134766
vt 0.921387 0.134277
vt 0.924316 0.148926
vt 0.603516 0.162598
vt 0.616699 0.161133
vt 0.607910 0.177246
vt 0.615723 0.176270
vt 0.616699 0.190430
vt 0.606934 0.190918
vt 0.608398 0.177734
vt 0.604004 0.190918
vt 0.615234 0.176758
vt 0.619629 0.190430
vt 0.851074 0.192871
vt 0.854004 0.217773
vt 0.808105 0.194824
vt 0.893555 0.210449
vt 0.892090 0.195801
vt 0.895508 0.196777
vt 0.895508 0.208008
vt 0.913574 0.195313
vt 0.901367 0.174316
vt 0.951172 0.189941
vt 0.891113 0.172363
vt 0.853027 0.170410
vt 0.844727 0.169922
vt 0.808594 0.171387
vt 0.784668 0.194824
vt 0.785156 0.171387
vt 0.840332 0.151367
vt 0.745117 0.176270
vt 0.750000 0.153320
vt 0.785156 0.151367
vt 0.807617 0.152344
vt 0.808594 0.131348
vt 0.836426 0.130371
vt 0.837891 0.120117
vt 0.812988 0.104004
vt 0.786133 0.130859
vt 0.786621 0.107910
vt 0.750977 0.130859
vt 0.748047 0.106445
vt 0.845215 0.094727
vt 0.715820 0.091309
vt 0.687500 0.102051
vt 0.684570 0.072266
vt 0.718750 0.071777
vt 0.757813 0.078613
vt 0.795410 0.083496
vt 0.814453 0.083008
vt 0.844238 0.081543
vt 0.662598 0.070801
vt 0.667480 0.047363
vt 0.687988 0.049805
vt 0.723145 0.052734
vt 0.763672 0.059082
vt 0.798828 0.060547
vt 0.816895 0.058594
vt 0.792480 0.035645
vt 0.815430 0.035156
vt 0.770020 0.030762
vt 0.729980 0.021484
vt 0.691895 0.018066
vt 0.669922 0.016113
vt 0.654297 0.016113
vt 0.650879 0.043945
vt 0.640137 0.063965
vt 0.636719 0.190430
vt 0.654785 0.187988
vt 0.659180 0.213379
vt 0.632324 0.159668
vt 0.656250 0.158691
vt 0.632324 0.129395
vt 0.656250 0.129395
vt 0.633789 0.094727
vt 0.658203 0.096680
vt 0.672852 0.158691
vt 0.673340 0.129883
vt 0.676758 0.099121
vt 0.674316 0.184082
vt 0.677734 0.180664
vt 0.686035 0.160645
vt 0.687500 0.141602
vt 0.685059 0.122559
vt 0.754395 0.193848
vt 0.732910 0.196289
vt 0.714844 0.182617
vt 0.707031 0.200195
vt 0.681641 0.208984
vt 0.688477 0.231445
vt 0.666992 0.239746
vt 0.644043 0.217285
vt 0.677734 0.267578
vt 0.695801 0.260254
vt 0.714355 0.224609
vt 0.728027 0.252930
vt 0.715820 0.219727
vt 0.727051 0.217285
vt 0.657715 0.248047
vt 0.668945 0.277832
vt 0.757324 0.220215
vt 0.766113 0.248535
vt 0.730957 0.220215
vt 0.723145 0.207031
vt 0.715332 0.207520
vt 0.713379 0.206543
vt 0.725098 0.204102
vt 0.910645 0.206543
vt 0.913086 0.209473
vt 0.907715 0.234863
vt 0.854492 0.245605
vt 0.810547 0.217285
vt 0.786621 0.218262
vt 0.962891 0.220215
vt 0.790039 0.247559
vt 0.816406 0.246582
vt 0.909668 0.195801
vt 0.950684 0.203613
vt 0.969727 0.202148
vt 0.981445 0.212402
vt 0.977051 0.200195
vt 0.966309 0.199707
vt 0.954102 0.190918
vt 0.953125 0.201172
vt 0.966309 0.189941
vt 0.969238 0.190430
vt 0.977539 0.187500
vt 0.982422 0.209961
vt 0.980469 0.199707
vt 0.979004 0.190430
vt 0.981934 0.183105
vt 0.978027 0.180664
vt 0.959961 0.176758
vt 0.140869 0.061523
vt 0.135498 0.056641
vt 0.142090 0.044922
vt 0.125000 0.096191
vt 0.130859 0.098633
vt 0.116455 0.118652
vt 0.119812 0.119141
vt 0.057343 0.117188
vt 0.057953 0.093750
vt 0.094177 0.049805
vt 0.096375 0.044434
vt 0.130859 0.052734
vt 0.083313 0.040039
vt 0.066040 0.027344
vt 0.068787 0.024902
vt 0.080627 0.043457
vt 0.061462 0.054199
vt 0.052643 0.094238
vt 0.054077 0.117188
vt 0.060120 0.151367
vt 0.055664 0.052246
vt 0.062683 0.026367
vt 0.040710 0.033203
vt 0.070740 0.184082
vt 0.060028 0.183105
vt 0.053619 0.151367
vt 0.038635 0.115723
vt 0.034180 0.090332
vt 0.037750 0.043457
vt 0.019699 0.032715
vt 0.015945 0.083984
vt 0.012505 0.114258
vt 0.036499 0.157227
vt 0.055359 0.184570
vt 0.063049 0.208008
vt 0.065552 0.206543
vt 0.041595 0.200195
vt 0.039307 0.189941
vt 0.018402 0.161621
vt 0.009422 0.160645
vt 0.009491 0.194824
vt 0.022598 0.197754
vt 0.092285 0.189453
vt 0.081726 0.194336
vt 0.079468 0.190430
vt 0.067322 0.208496
vt 0.090149 0.183594
vt 0.133179 0.178223
vt 0.135010 0.188965
vt 0.141357 0.199219
vt 0.138428 0.178223
vt 0.143433 0.198730
vt 0.156982 0.187500
vt 0.145142 0.200684
vt 0.158325 0.191895
vt 0.156250 0.200195
vt 0.226563 0.173340
vt 0.126343 0.149414
vt 0.132813 0.146973
vt 0.171021 0.119629
vt 0.225952 0.169434
vt 0.250488 0.167480
vt 0.256836 0.161133
vt 0.257568 0.164551
vt 0.225708 0.121582
vt 0.225586 0.070801
vt 0.247559 0.097168
vt 0.233643 0.121582
vt 0.251953 0.100098
vt 0.302979 0.125000
vt 0.251465 0.145020
vt 0.248291 0.146973
vt 0.259033 0.159668
vt 0.261963 0.155762
vt 0.262939 0.153320
vt 0.256348 0.146973
vt 0.266602 0.147461
vt 0.168945 0.056152
vt 0.168823 0.049805
vt 0.156738 0.052246
vt 0.154907 0.046387
vt 0.134033 0.051758
vt 0.133057 0.049805
vt 0.141479 0.044434
vt 0.649902 0.863281
vt 0.644531 0.867310
vt 0.638672 0.861816
vt 0.648926 0.866455
vt 0.645508 0.872192
vt 0.643555 0.870117
vt 0.647949 0.871582
vt 0.651855 0.869995
vt 0.658203 0.865601
vt 0.652344 0.860229
vt 0.647949 0.857422
vt 0.631348 0.856079
vt 0.631836 0.849731
vt 0.640137 0.851196
vt 0.650391 0.852539
vt 0.631348 0.861206
vt 0.630859 0.866821
vt 0.636719 0.871582
vt 0.630371 0.855835
vt 0.628906 0.861084
vt 0.629395 0.866943
vt 0.629395 0.871826
vt 0.631836 0.879822
vt 0.639160 0.879272
vt 0.624023 0.872437
vt 0.626465 0.879944
vt 0.622070 0.880188
vt 0.627441 0.866943
vt 0.623047 0.866821
vt 0.618652 0.867065
vt 0.619629 0.872559
vt 0.618164 0.880554
vt 0.614746 0.872681
vt 0.609375 0.881104
vt 0.623535 0.860840
vt 0.626953 0.860962
vt 0.615234 0.867310
vt 0.619629 0.860718
vt 0.624023 0.855347
vt 0.628418 0.855591
vt 0.613770 0.867310
vt 0.616211 0.860474
vt 0.619629 0.855103
vt 0.625000 0.849854
vt 0.620117 0.849854
vt 0.613281 0.860229
vt 0.611328 0.867310
vt 0.615723 0.854736
vt 0.613770 0.854614
vt 0.614258 0.849854
vt 0.613281 0.856445
vt 0.609375 0.859985
vt 0.603516 0.867432
vt 0.603027 0.859131
vt 0.611328 0.854492
vt 0.604980 0.849854
vt 0.604492 0.853760
vt 0.599121 0.852539
vt 0.602051 0.849854
vt 0.599609 0.834473
vt 0.602051 0.844238
vt 0.595215 0.846436
vt 0.595215 0.856567
vt 0.594727 0.868042
vt 0.604980 0.874023
vt 0.592773 0.855957
vt 0.592773 0.867920
vt 0.576660 0.866943
vt 0.578613 0.851807
vt 0.579102 0.828857
vt 0.597656 0.834229
vt 0.594238 0.876343
vt 0.577637 0.884460
vt 0.569824 0.867432
vt 0.570313 0.851929
vt 0.571289 0.828247
vt 0.573730 0.804077
vt 0.598633 0.882263
vt 0.588379 0.898804
vt 0.579102 0.916321
vt 0.555176 0.894104
vt 0.542969 0.871094
vt 0.602051 0.913086
vt 0.544434 0.851929
vt 0.543945 0.827759
vt 0.548340 0.801636
vt 0.552734 0.782227
vt 0.507813 0.872437
vt 0.507813 0.859009
vt 0.507813 0.830688
vt 0.507813 0.812378
vt 0.507813 0.796509
vt 0.507813 0.773804
vt 0.577637 0.787720
vt 0.581543 0.804688
vt 0.599121 0.822998
vt 0.600098 0.797363
vt 0.583984 0.789063
vt 0.598633 0.785400
vt 0.599121 0.775146
vt 0.588867 0.772339
vt 0.585938 0.771240
vt 0.602539 0.791138
vt 0.602539 0.803589
vt 0.598633 0.810669
vt 0.630859 0.803711
vt 0.627930 0.803467
vt 0.630371 0.794800
vt 0.615723 0.794800
vt 0.615723 0.803101
vt 0.605469 0.794800
vt 0.602051 0.810791
vt 0.615234 0.810181
vt 0.628418 0.810059
vt 0.630859 0.810181
vt 0.633789 0.810181
vt 0.631836 0.817993
vt 0.629395 0.817993
vt 0.616699 0.817993
vt 0.603027 0.817993
vt 0.602051 0.829224
vt 0.645020 0.817993
vt 0.633789 0.817993
vt 0.656738 0.817993
vt 0.645020 0.810181
vt 0.645020 0.803345
vt 0.633301 0.803467
vt 0.659180 0.817993
vt 0.656250 0.810303
vt 0.656738 0.803223
vt 0.644043 0.794800
vt 0.658691 0.794800
vt 0.658691 0.803345
vt 0.658691 0.810425
vt 0.661133 0.803345
vt 0.661621 0.810425
vt 0.672852 0.811157
vt 0.675781 0.804443
vt 0.677246 0.794800
vt 0.686035 0.816284
vt 0.684082 0.811279
vt 0.698242 0.811157
vt 0.685547 0.806152
vt 0.676758 0.817993
vt 0.661621 0.817993
vt 0.799316 0.396973
vt 0.771484 0.397461
vt 0.776367 0.369141
vt 0.801758 0.367188
vt 0.777344 0.331055
vt 0.802246 0.331543
vt 0.777832 0.294434
vt 0.802734 0.296387
vt 0.786133 0.273438
vt 0.806641 0.270508
vt 0.827148 0.298828
vt 0.827148 0.331543
vt 0.827148 0.365723
vt 0.827148 0.396484
vt 0.827148 0.422852
vt 0.797363 0.422363
vt 0.767090 0.421875
vt 0.827148 0.267090
vt 0.827148 0.398438
vt 0.799805 0.422852
vt 0.797852 0.398438
vt 0.827148 0.369629
vt 0.827148 0.295898
vt 0.800781 0.296387
vt 0.827148 0.332520
vt 0.798340 0.332031
vt 0.795410 0.368652
vt 0.764648 0.420898
vt 0.768555 0.395996
vt 0.772949 0.366699
vt 0.774902 0.329590
vt 0.776367 0.293945
vt 0.786621 0.270020
vt 0.806641 0.267090
vt 0.827148 0.264160
vt 0.724609 0.137695
vt 0.731445 0.135254
vt 0.722168 0.125488
vt 0.726074 0.142090
vt 0.714355 0.145020
vt 0.716797 0.136719
vt 0.710938 0.133301
vt 0.706543 0.140625
vt 0.733887 0.142578
vt 0.967773 0.079102
vt 0.968750 0.094238
vt 0.964355 0.092285
vt 0.880859 0.103516
vt 0.892578 0.085449
vt 0.898438 0.101074
vt 0.945801 0.091797
vt 0.946777 0.103516
vt 0.965820 0.099609
vt 0.977539 0.105469
vt 0.848145 0.055664
vt 0.896484 0.061523
vt 0.947754 0.070801
vt 0.965820 0.076660
vt 0.975098 0.057129
vt 0.972656 0.057129
vt 0.954102 0.050293
vt 0.901855 0.037598
vt 0.850586 0.034180
vt 0.867188 0.139160
vt 0.880371 0.134766
vt 0.876465 0.114746
vt 0.893066 0.129883
vt 0.885742 0.136230
vt 0.886230 0.145020
vt 0.862793 0.148438
vt 0.852051 0.129883
vt 0.855469 0.128418
vt 0.895020 0.130371
vt 0.512695 0.567139
vt 0.516113 0.567383
vt 0.514160 0.560303
vt 0.508301 0.564941
vt 0.498291 0.575928
vt 0.505859 0.587402
vt 0.518555 0.580078
vt 0.521973 0.565430
vt 0.529297 0.579346
vt 0.826660 0.505127
vt 0.772949 0.490234
vt 0.774414 0.503906
vt 0.254395 0.255371
vt 0.258301 0.242676
vt 0.250977 0.249023
vt 0.243530 0.262695
vt 0.252686 0.263672
vt 0.262207 0.259277
vt 0.260010 0.253418
vt 0.264893 0.250000
vt 0.270508 0.261230
vt 0.775879 0.517334
vt 0.472412 0.729492
vt 0.468262 0.721680
vt 0.456055 0.733154
vt 0.459229 0.723145
vt 0.425537 0.731689
vt 0.455811 0.712891
vt 0.465576 0.708008
vt 0.473389 0.715820
vt 0.491455 0.732178
vt 0.777344 0.531006
vt 0.174805 0.697510
vt 0.167603 0.692383
vt 0.161621 0.702637
vt 0.170532 0.691895
vt 0.175903 0.685791
vt 0.165527 0.689209
vt 0.160400 0.686523
vt 0.150513 0.688232
vt 0.216919 0.970779
vt 0.202271 0.970795
vt 0.208008 0.980042
vt 0.203369 0.981247
vt 0.197754 0.981720
vt 0.204102 0.986786
vt 0.211914 0.984734
vt 0.218872 0.979218
vt 0.190063 0.972778
vt 0.671875 0.731445
vt 0.680664 0.728271
vt 0.673828 0.723877
vt 0.689453 0.714355
vt 0.680664 0.708008
vt 0.664551 0.708008
vt 0.668945 0.724121
vt 0.664063 0.727539
vt 0.653320 0.715576
vt 0.816406 0.977829
vt 0.821777 0.975296
vt 0.814941 0.969910
vt 0.822266 0.989243
vt 0.810059 0.986382
vt 0.811523 0.979797
vt 0.807129 0.976044
vt 0.833984 0.989243
vt 0.791992 0.988655
vt 0.955078 0.152344
vt 0.957031 0.144531
vt 0.962402 0.148926
vt 0.972656 0.125488
vt 0.962891 0.121094
vt 0.951172 0.120117
vt 0.953125 0.144531
vt 0.940918 0.124023
vt 0.948730 0.146973
vt 0.471924 0.572021
vt 0.477051 0.577148
vt 0.469482 0.578613
vt 0.468018 0.574219
vt 0.461426 0.584961
vt 0.464844 0.573486
vt 0.465820 0.566406
vt 0.459473 0.572510
vt 0.450684 0.579834
vt 0.255127 0.199707
vt 0.262695 0.203613
vt 0.251953 0.219238
vt 0.265137 0.186523
vt 0.246948 0.188965
vt 0.248169 0.197266
vt 0.240723 0.204102
vt 0.228882 0.190430
vt 0.272461 0.189453
vt 0.636230 0.522705
vt 0.633789 0.523193
vt 0.633789 0.515869
vt 0.628418 0.515381
vt 0.642090 0.518799
vt 0.643066 0.529053
vt 0.636230 0.528076
vt 0.631348 0.527100
vt 0.625977 0.517578
vt 0.625977 0.524658
vt 0.620605 0.517334
vt 0.680664 0.515625
vt 0.681152 0.487305
vt 0.670898 0.480957
vt 0.706055 0.459473
vt 0.705566 0.472168
vt 0.729980 0.487793
vt 0.705566 0.501221
vt 0.729492 0.516113
vt 0.705078 0.531006
vt 0.705078 0.543213
vt 0.739746 0.521973
vt 0.740234 0.481445
vt 0.706055 0.455566
vt 0.743652 0.479980
vt 0.743164 0.523926
vt 0.705078 0.547119
vt 0.670410 0.520996
vt 0.666992 0.522949
vt 0.667480 0.479004
vt 0.269775 0.656250
vt 0.265625 0.655029
vt 0.270752 0.659180
vt 0.272705 0.662842
vt 0.270264 0.674561
vt 0.270996 0.670898
vt 0.257080 0.669678
vt 0.268066 0.663574
vt 0.272217 0.666016
vt 0.267822 0.662109
vt 0.260742 0.655029
vt 0.257080 0.665527
vt 0.247681 0.655518
vt 0.246582 0.667969
vt 0.246582 0.673340
vt 0.235840 0.670410
vt 0.235718 0.676758
vt 0.216187 0.673096
vt 0.216064 0.679932
vt 0.236694 0.681152
vt 0.216675 0.685059
vt 0.247314 0.677246
vt 0.257568 0.674561
vt 0.196045 0.685303
vt 0.195313 0.706299
vt 0.220215 0.704346
vt 0.243530 0.697266
vt 0.255127 0.690186
vt 0.236206 0.655762
vt 0.215576 0.656250
vt 0.194824 0.656738
vt 0.195679 0.674316
vt 0.195923 0.680420
vt 0.757324 0.700439
vt 0.757813 0.689453
vt 0.750977 0.702393
vt 0.751465 0.705078
vt 0.761719 0.687988
vt 0.759766 0.674072
vt 0.746094 0.674561
vt 0.746094 0.690186
vt 0.746094 0.704102
vt 0.795410 0.655273
vt 0.786133 0.659912
vt 0.798340 0.670166
vt 0.773926 0.667236
vt 0.776855 0.680908
vt 0.762207 0.667725
vt 0.761230 0.670166
vt 0.755859 0.663086
vt 0.746094 0.655762
vt 0.754883 0.658447
vt 0.760742 0.666504
vt 0.763184 0.693115
vt 0.774902 0.686523
vt 0.780762 0.686768
vt 0.786133 0.691406
vt 0.795410 0.689697
vt 0.801758 0.688232
vt 0.804199 0.670654
vt 0.805176 0.664307
vt 0.471680 0.956116
vt 0.487305 0.952057
vt 0.466797 0.977020
vt 0.484131 0.966370
vt 0.491211 0.968689
vt 0.486084 0.975800
vt 0.474854 0.984833
vt 0.767090 0.987259
vt 0.771484 0.990547
vt 0.771484 0.961487
vt 0.731445 0.958649
vt 0.728027 0.985382
vt 0.765137 0.958954
vt 0.770996 0.915466
vt 0.708984 0.958405
vt 0.708984 0.983963
vt 0.708984 0.917969
vt 0.736816 0.916321
vt 0.762207 0.914124
vt 0.763672 0.860352
vt 0.756836 0.860474
vt 0.759277 0.808716
vt 0.708984 0.862549
vt 0.752441 0.808472
vt 0.755859 0.761841
vt 0.750488 0.763672
vt 0.726563 0.726318
vt 0.733398 0.766113
vt 0.708984 0.761353
vt 0.708984 0.809814
vt 0.735840 0.812988
vt 0.735840 0.860718
vt 0.730469 0.723877
vt 0.711426 0.708740
vt 0.708984 0.714844
vt 0.708984 0.726563
vt 0.289551 0.663818
vt 0.289307 0.648438
vt 0.293701 0.646729
vt 0.289063 0.616943
vt 0.296387 0.619629
vt 0.300049 0.609375
vt 0.312012 0.609131
vt 0.315918 0.622559
vt 0.333496 0.610840
vt 0.301514 0.624756
vt 0.300049 0.639404
vt 0.317383 0.639648
vt 0.316650 0.634033
vt 0.331787 0.625488
vt 0.310303 0.682373
vt 0.309814 0.687500
vt 0.292236 0.661621
vt 0.322021 0.653320
vt 0.336670 0.626221
vt 0.328613 0.619873
vt 0.329346 0.677979
vt 0.353760 0.666016
vt 0.343262 0.637939
vt 0.340088 0.621338
vt 0.341309 0.625244
vt 0.354248 0.638428
vt 0.372803 0.642334
vt 0.374268 0.668701
vt 0.379883 0.664795
vt 0.397949 0.643555
vt 0.373291 0.629883
vt 0.394775 0.665771
vt 0.382813 0.673096
vt 0.413330 0.644043
vt 0.400391 0.627441
vt 0.380615 0.622559
vt 0.391113 0.607422
vt 0.403320 0.607422
vt 0.402100 0.602295
vt 0.413330 0.627686
vt 0.426270 0.627441
vt 0.428955 0.643555
vt 0.376465 0.621338
vt 0.386963 0.602783
vt 0.401611 0.598877
vt 0.405762 0.604980
vt 0.413330 0.608398
vt 0.423584 0.607422
vt 0.421143 0.604980
vt 0.413330 0.606201
vt 0.435791 0.607422
vt 0.424805 0.602295
vt 0.425293 0.598877
vt 0.439941 0.602783
vt 0.450195 0.621338
vt 0.446045 0.622559
vt 0.453369 0.629883
vt 0.451172 0.619385
vt 0.483643 0.637939
vt 0.490234 0.626221
vt 0.504883 0.653320
vt 0.485352 0.625244
vt 0.472412 0.638428
vt 0.472900 0.666016
vt 0.454102 0.642334
vt 0.493408 0.610840
vt 0.498047 0.619873
vt 0.486572 0.621338
vt 0.474854 0.623779
vt 0.470215 0.624268
vt 0.465088 0.632568
vt 0.456543 0.624512
vt 0.454346 0.618896
vt 0.454834 0.614502
vt 0.476318 0.619385
vt 0.454590 0.610840
vt 0.361816 0.632568
vt 0.356689 0.624268
vt 0.351807 0.623779
vt 0.372070 0.614502
vt 0.372559 0.618896
vt 0.350342 0.619385
vt 0.372070 0.610840
vt 0.370361 0.624512
vt 0.375488 0.619385
vt 0.392334 0.693604
vt 0.387939 0.684814
vt 0.391602 0.681152
vt 0.379883 0.675049
vt 0.434570 0.693604
vt 0.413330 0.704590
vt 0.413330 0.702148
vt 0.393799 0.689941
vt 0.413330 0.665771
vt 0.452637 0.668701
vt 0.446777 0.664795
vt 0.432129 0.665771
vt 0.444092 0.673096
vt 0.453125 0.672363
vt 0.449707 0.670410
vt 0.447021 0.675049
vt 0.435303 0.681152
vt 0.433105 0.689941
vt 0.438965 0.684814
vt 0.317871 0.583496
vt 0.323486 0.583740
vt 0.322021 0.578613
vt 0.331055 0.583496
vt 0.330322 0.586914
vt 0.337646 0.592529
vt 0.341064 0.589355
vt 0.352051 0.582764
vt 0.332764 0.568115
vt 0.312744 0.571777
vt 0.317383 0.578369
vt 0.306885 0.583984
vt 0.309570 0.589355
vt 0.302734 0.544434
vt 0.308350 0.534424
vt 0.288818 0.525146
vt 0.363037 0.579102
vt 0.362305 0.589600
vt 0.374512 0.592529
vt 0.356445 0.570313
vt 0.337402 0.548340
vt 0.310547 0.531982
vt 0.289307 0.520020
vt 0.280518 0.514404
vt 0.340576 0.544678
vt 0.358643 0.568359
vt 0.276123 0.510010
vt 0.270996 0.513428
vt 0.276123 0.517090
vt 0.276367 0.521240
vt 0.274170 0.532471
vt 0.273193 0.520508
vt 0.256836 0.542236
vt 0.253418 0.528076
vt 0.250000 0.544922
vt 0.248779 0.529053
vt 0.261230 0.547607
vt 0.237427 0.516602
vt 0.250488 0.524658
vt 0.255859 0.509521
vt 0.268555 0.510742
vt 0.251465 0.510010
vt 0.251709 0.508301
vt 0.255615 0.508545
vt 0.256348 0.503418
vt 0.246704 0.502686
vt 0.258057 0.492676
vt 0.262207 0.502930
vt 0.266357 0.507324
vt 0.238037 0.493652
vt 0.242798 0.479004
vt 0.259277 0.476074
vt 0.242188 0.472656
vt 0.243896 0.468750
vt 0.249512 0.461914
vt 0.240479 0.457520
vt 0.256104 0.461914
vt 0.235474 0.479980
vt 0.242432 0.474609
vt 0.283936 0.966095
vt 0.273193 0.969223
vt 0.282227 0.984467
vt 0.298096 0.986549
vt 0.291992 0.982437
vt 0.290527 0.989441
vt 0.309082 0.972748
vt 0.301025 0.963654
vt 0.287354 0.981674
vt 0.568359 0.617188
vt 0.565918 0.627930
vt 0.579102 0.632568
vt 0.580078 0.621338
vt 0.557129 0.576416
vt 0.557129 0.583008
vt 0.564941 0.577881
vt 0.563477 0.586426
vt 0.557129 0.596191
vt 0.571289 0.595215
vt 0.576660 0.609619
vt 0.588379 0.618408
vt 0.585938 0.634277
vt 0.576660 0.587891
vt 0.585449 0.603271
vt 0.557129 0.613281
vt 0.557129 0.626709
vt 0.564453 0.634521
vt 0.578613 0.638672
vt 0.563965 0.643799
vt 0.557129 0.634033
vt 0.557129 0.643311
vt 0.557129 0.658203
vt 0.584473 0.638916
vt 0.579102 0.649170
vt 0.565430 0.658936
vt 0.567383 0.680908
vt 0.557129 0.685547
vt 0.569336 0.687988
vt 0.557129 0.691895
vt 0.580078 0.675781
vt 0.575195 0.671875
vt 0.585449 0.656494
vt 0.216797 0.836548
vt 0.214355 0.850708
vt 0.200317 0.849976
vt 0.197266 0.830078
vt 0.204102 0.864990
vt 0.202271 0.860596
vt 0.212402 0.863281
vt 0.214111 0.858887
vt 0.232178 0.854614
vt 0.236328 0.841675
vt 0.250488 0.855713
vt 0.241577 0.863037
vt 0.227783 0.862793
vt 0.218872 0.863647
vt 0.208740 0.866211
vt 0.198608 0.866821
vt 0.191895 0.865479
vt 0.214966 0.868652
vt 0.207764 0.870972
vt 0.218018 0.871704
vt 0.209106 0.875061
vt 0.200928 0.870728
vt 0.195557 0.868896
vt 0.187256 0.871948
vt 0.194946 0.876343
vt 0.177124 0.881470
vt 0.177124 0.858276
vt 0.177856 0.900696
vt 0.128906 0.893188
vt 0.173462 0.882690
vt 0.179199 0.896729
vt 0.195190 0.892517
vt 0.210693 0.887756
vt 0.229126 0.881836
vt 0.227417 0.868164
vt 0.242310 0.871704
vt 0.197388 0.895691
vt 0.212036 0.898010
vt 0.227539 0.912781
vt 0.250488 0.892517
vt 0.250488 0.874268
vt 0.258545 0.871704
vt 0.259277 0.863037
vt 0.273193 0.862793
vt 0.273438 0.868164
vt 0.271729 0.881836
vt 0.206299 0.948761
vt 0.177490 0.925354
vt 0.282959 0.871704
vt 0.291748 0.875061
vt 0.290283 0.887756
vt 0.305908 0.876343
vt 0.305664 0.892517
vt 0.323730 0.881470
vt 0.321777 0.896729
vt 0.299805 0.870728
vt 0.305420 0.868896
vt 0.313477 0.871948
vt 0.323730 0.858276
vt 0.309082 0.865479
vt 0.302246 0.866821
vt 0.291992 0.866211
vt 0.292969 0.870972
vt 0.285889 0.868652
vt 0.281982 0.863647
vt 0.286865 0.858887
vt 0.288330 0.863281
vt 0.296631 0.864990
vt 0.298584 0.860596
vt 0.300537 0.849976
vt 0.303467 0.830078
vt 0.320557 0.823242
vt 0.283936 0.836548
vt 0.264404 0.841675
vt 0.263672 0.827393
vt 0.268555 0.854614
vt 0.286377 0.850708
vt 0.281982 0.822510
vt 0.264648 0.820679
vt 0.281982 0.815308
vt 0.281006 0.813599
vt 0.300293 0.808960
vt 0.262451 0.817871
vt 0.250488 0.821655
vt 0.250488 0.827393
vt 0.312256 0.802002
vt 0.310059 0.802124
vt 0.301025 0.797241
vt 0.312256 0.804443
vt 0.310059 0.803589
vt 0.298828 0.805542
vt 0.280273 0.809448
vt 0.264648 0.812256
vt 0.250488 0.814453
vt 0.313477 0.805054
vt 0.301270 0.809937
vt 0.302002 0.814819
vt 0.318115 0.806519
vt 0.313477 0.801270
vt 0.300537 0.790771
vt 0.292969 0.785767
vt 0.287598 0.788574
vt 0.274902 0.772583
vt 0.295898 0.785278
vt 0.250488 0.755005
vt 0.262939 0.758301
vt 0.260254 0.762817
vt 0.275146 0.770630
vt 0.260498 0.766479
vt 0.298828 0.781250
vt 0.319336 0.799927
vt 0.277344 0.767212
vt 0.233398 0.742920
vt 0.250488 0.736084
vt 0.267578 0.742920
vt 0.286377 0.751709
vt 0.304443 0.765625
vt 0.320557 0.781494
vt 0.322998 0.801270
vt 0.293457 0.745850
vt 0.271973 0.736572
vt 0.256348 0.728516
vt 0.275635 0.718750
vt 0.288330 0.733154
vt 0.311523 0.748535
vt 0.332764 0.774658
vt 0.329590 0.823120
vt 0.328613 0.859253
vt 0.327393 0.882690
vt 0.322998 0.900696
vt 0.482422 0.757446
vt 0.482422 0.795654
vt 0.445068 0.796265
vt 0.450195 0.834106
vt 0.411133 0.800171
vt 0.415039 0.832275
vt 0.379639 0.826904
vt 0.376221 0.858032
vt 0.372070 0.893188
vt 0.419189 0.866577
vt 0.413330 0.794189
vt 0.342041 0.776001
vt 0.378418 0.792725
vt 0.389648 0.797607
vt 0.392578 0.791626
vt 0.414795 0.754761
vt 0.445313 0.756226
vt 0.363525 0.732910
vt 0.375732 0.751343
vt 0.345459 0.752563
vt 0.368652 0.729248
vt 0.384033 0.750000
vt 0.339844 0.750854
vt 0.339600 0.726318
vt 0.344971 0.725830
vt 0.346924 0.720703
vt 0.365479 0.727295
vt 0.368408 0.708496
vt 0.390869 0.720459
vt 0.085693 0.962799
vt 0.053314 0.959656
vt 0.078430 0.934509
vt 0.127197 0.956665
vt 0.133545 0.928711
vt 0.078003 0.901428
vt 0.076355 0.986389
vt 0.045441 0.986389
vt 0.121582 0.986389
vt 0.167480 0.986389
vt 0.168945 0.955872
vt 0.046509 0.936096
vt 0.046997 0.905640
vt 0.048584 0.872437
vt 0.081665 0.866577
vt 0.124634 0.858032
vt 0.172119 0.859253
vt 0.050690 0.834106
vt 0.171265 0.823120
vt 0.121338 0.826904
vt 0.085938 0.832275
vt 0.089722 0.800171
vt 0.055939 0.796265
vt 0.087463 0.794189
vt 0.111267 0.797607
vt 0.122437 0.792725
vt 0.108276 0.791626
vt 0.086060 0.754761
vt 0.055695 0.756226
vt 0.018585 0.757446
vt 0.018585 0.795654
vt 0.125122 0.751343
vt 0.158813 0.776001
vt 0.155396 0.752563
vt 0.137207 0.732910
vt 0.132080 0.729248
vt 0.116882 0.750000
vt 0.167969 0.774658
vt 0.161011 0.750854
vt 0.161377 0.726318
vt 0.155884 0.725830
vt 0.153809 0.720703
vt 0.135254 0.727295
vt 0.132446 0.708496
vt 0.110046 0.720459
vt 0.189331 0.748535
vt 0.196289 0.765625
vt 0.225586 0.770630
vt 0.223511 0.767212
vt 0.237915 0.758301
vt 0.202026 0.781250
vt 0.180176 0.781494
vt 0.177856 0.801270
vt 0.181641 0.799927
vt 0.180298 0.823242
vt 0.182739 0.806519
vt 0.187256 0.801270
vt 0.204956 0.785278
vt 0.207764 0.785767
vt 0.198730 0.814819
vt 0.187378 0.805054
vt 0.188721 0.804443
vt 0.188599 0.802002
vt 0.200195 0.790771
vt 0.199829 0.797241
vt 0.213135 0.788574
vt 0.190674 0.802124
vt 0.190796 0.803589
vt 0.200439 0.808960
vt 0.202026 0.805542
vt 0.219849 0.813599
vt 0.220581 0.809448
vt 0.236206 0.812256
vt 0.238403 0.817871
vt 0.250488 0.818481
vt 0.236084 0.820679
vt 0.218872 0.815308
vt 0.199585 0.809937
vt 0.218994 0.822510
vt 0.237183 0.827393
vt 0.250488 0.843018
vt 0.028427 0.632568
vt 0.041687 0.638428
vt 0.052673 0.620605
vt 0.035095 0.610352
vt 0.066528 0.570313
vt 0.034821 0.653564
vt 0.044464 0.664307
vt 0.052521 0.646240
vt 0.024658 0.647217
vt 0.014938 0.629639
vt 0.014938 0.605957
vt 0.040649 0.565186
vt 0.041687 0.527100
vt 0.014938 0.645996
vt 0.014938 0.556396
vt 0.014938 0.503174
vt 0.047089 0.520264
vt 0.014938 0.493652
vt 0.055389 0.490234
vt 0.051605 0.440430
vt 0.014938 0.444824
vt 0.047729 0.409668
vt 0.095642 0.410645
vt 0.075745 0.565918
vt 0.079407 0.520264
vt 0.096130 0.475098
vt 0.102051 0.438477
vt 0.116028 0.409668
vt 0.096741 0.375000
vt 0.122131 0.438965
vt 0.126099 0.463379
vt 0.126465 0.436035
vt 0.138306 0.461914
vt 0.141235 0.493652
vt 0.112427 0.515869
vt 0.118896 0.547119
vt 0.101318 0.611328
vt 0.145996 0.543213
vt 0.136597 0.521484
vt 0.140503 0.510498
vt 0.164673 0.537842
vt 0.150513 0.489258
vt 0.175537 0.533691
vt 0.189819 0.583496
vt 0.189819 0.594482
vt 0.213745 0.611816
vt 0.182373 0.597656
vt 0.202393 0.576904
vt 0.193359 0.520996
vt 0.219360 0.610352
vt 0.218750 0.622070
vt 0.200928 0.636230
vt 0.225220 0.561523
vt 0.237671 0.609619
vt 0.252930 0.596191
vt 0.099121 0.678955
vt 0.119568 0.678955
vt 0.104187 0.648438
vt 0.130859 0.674316
vt 0.117981 0.641846
vt 0.154541 0.629395
vt 0.139404 0.594971
vt 0.159912 0.581787
vt 0.179077 0.579102
vt 0.165894 0.553955
vt 0.169189 0.660156
vt 0.195679 0.637451
vt 0.190918 0.620850
vt 0.158936 0.557861
vt 0.088501 0.617676
vt 0.085327 0.651611
vt 0.068298 0.633057
vt 0.072205 0.663086
vt 0.081909 0.684570
vt 0.992676 0.926392
vt 0.956055 0.932922
vt 0.964844 0.965637
vt 0.992676 0.960022
vt 0.970215 0.984718
vt 0.992676 0.981171
vt 0.992676 0.883667
vt 0.945801 0.910095
vt 0.939941 0.933533
vt 0.932129 0.961731
vt 0.946289 0.979385
vt 0.953613 0.994015
vt 0.936035 0.908020
vt 0.946289 0.877197
vt 0.926758 0.930054
vt 0.917969 0.962311
vt 0.880371 0.934265
vt 0.871582 0.957520
vt 0.890625 0.903503
vt 0.898438 0.881653
vt 0.909180 0.863647
vt 0.921875 0.836304
vt 0.883789 0.850586
vt 0.893555 0.825195
vt 0.828613 0.908875
vt 0.847168 0.868042
vt 0.840332 0.862671
vt 0.861328 0.826416
vt 0.879883 0.880127
vt 0.843750 0.815796
vt 0.826172 0.853027
vt 0.812012 0.900452
vt 0.806641 0.917847
vt 0.812988 0.921753
vt 0.796875 0.887634
vt 0.860352 0.934631
vt 0.864258 0.918701
vt 0.871582 0.885437
vt 0.854492 0.879944
vt 0.843262 0.899536
vt 0.849609 0.922852
vt 0.843750 0.937653
vt 0.831055 0.955566
vt 0.713867 0.661377
vt 0.729492 0.655518
vt 0.721191 0.632568
vt 0.710449 0.632568
vt 0.710938 0.608887
vt 0.724609 0.609131
vt 0.707031 0.661865
vt 0.735352 0.586182
vt 0.714844 0.585449
vt 0.707520 0.585449
vt 0.704102 0.608887
vt 0.703125 0.632080
vt 0.667969 0.654541
vt 0.664551 0.676270
vt 0.627930 0.664063
vt 0.624023 0.674316
vt 0.622559 0.678467
vt 0.666504 0.681885
vt 0.711914 0.666504
vt 0.701660 0.679443
vt 0.624023 0.662354
vt 0.618652 0.675049
vt 0.619629 0.661865
vt 0.607910 0.649170
vt 0.618652 0.642822
vt 0.605957 0.622314
vt 0.620605 0.623047
vt 0.625488 0.624023
vt 0.621094 0.605713
vt 0.608887 0.595703
vt 0.623047 0.586670
vt 0.605957 0.570068
vt 0.623535 0.572021
vt 0.625977 0.605713
vt 0.628906 0.586670
vt 0.629883 0.573975
vt 0.632324 0.587402
vt 0.666504 0.582764
vt 0.647461 0.597412
vt 0.672363 0.623291
vt 0.655762 0.624268
vt 0.642090 0.650391
vt 0.630371 0.641357
vt 0.632324 0.606201
vt 0.666504 0.559814
vt 0.635254 0.556641
vt 0.665527 0.554443
vt 0.626465 0.569336
vt 0.712891 0.581055
vt 0.698242 0.567383
vt 0.297363 0.556641
vt 0.278320 0.551514
vt 0.286621 0.574951
vt 0.282959 0.543945
vt 0.283447 0.577148
vt 0.276367 0.552979
vt 0.274658 0.540527
vt 0.271729 0.541016
vt 0.273682 0.553467
vt 0.266602 0.545654
vt 0.760254 0.575195
vt 0.752441 0.605469
vt 0.804199 0.614990
vt 0.762207 0.621094
vt 0.803711 0.619141
vt 0.766602 0.641357
vt 0.807129 0.627441
vt 0.811523 0.611328
vt 0.808105 0.607422
vt 0.782715 0.573242
vt 0.810547 0.604492
vt 0.215698 0.256348
vt 0.221680 0.246582
vt 0.215698 0.247070
vt 0.221313 0.238281
vt 0.215332 0.242676
vt 0.204834 0.242676
vt 0.205078 0.252930
vt 0.197266 0.276855
vt 0.179688 0.266602
vt 0.183228 0.254883
vt 0.183472 0.234863
vt 0.206421 0.236816
vt 0.205811 0.229980
vt 0.184937 0.221680
vt 0.191650 0.204590
vt 0.214355 0.220703
vt 0.221680 0.229980
vt 0.199219 0.460938
vt 0.190674 0.466797
vt 0.201904 0.481934
vt 0.199585 0.457031
vt 0.206543 0.469238
vt 0.218018 0.471680
vt 0.631348 0.042480
vt 0.587891 0.060059
vt 0.609375 0.083008
vt 0.577637 0.042480
vt 0.597168 0.020508
vt 0.600586 0.007324
vt 0.318359 0.063477
vt 0.307617 0.056152
vt 0.291260 0.061035
vt 0.250488 0.760742
vt 0.250488 0.764893
vt 0.240601 0.762817
vt 0.240356 0.766479
vt 0.225952 0.772583
vt 0.228516 0.776733
vt 0.241821 0.770752
vt 0.250488 0.769897
vt 0.259033 0.770752
vt 0.272461 0.776733
vt 0.214355 0.751709
vt 0.207275 0.745850
vt 0.228882 0.736572
vt 0.212524 0.733154
vt 0.225098 0.718750
vt 0.244507 0.728516
vt 0.201660 0.417969
vt 0.187622 0.374023
vt 0.142578 0.382813
vt 0.160522 0.433594
vt 0.124512 0.405762
vt 0.177368 0.447754
vt 0.170776 0.478516
vt 0.119324 0.341309
vt 0.137817 0.338379
vt 0.125122 0.303223
vt 0.155884 0.298340
vt 0.166138 0.332520
vt 0.118896 0.373047
vt 0.087158 0.344727
vt 0.096191 0.301270
vt 0.115845 0.295410
vt 0.159302 0.281250
vt 0.117126 0.273438
vt 0.162964 0.255371
vt 0.041534 0.295410
vt 0.025543 0.305664
vt 0.041809 0.315430
vt 0.076050 0.303711
vt 0.079407 0.291504
vt 0.080261 0.272949
vt 0.119507 0.250000
vt 0.084778 0.241699
vt 0.159180 0.245117
vt 0.121948 0.239746
vt 0.090576 0.233887
vt 0.085510 0.235352
vt 0.045105 0.234375
vt 0.043701 0.229980
vt 0.046356 0.284180
vt 0.026138 0.291992
vt 0.072083 0.291016
vt 0.067017 0.282227
vt 0.059113 0.275391
vt 0.054443 0.251465
vt 0.992676 0.781616
vt 0.992676 0.770264
vt 0.970215 0.810303
vt 0.978516 0.815552
vt 0.992676 0.817505
vt 0.992676 0.852295
vt 0.942871 0.753052
vt 0.934082 0.800537
vt 0.958008 0.842773
vt 0.966309 0.850952
vt 0.955566 0.880066
vt 0.875000 0.796143
vt 0.904297 0.749512
vt 0.946777 0.686279
vt 0.914063 0.673584
vt 0.831543 0.769043
vt 0.849609 0.727051
vt 0.870605 0.673340
vt 0.877441 0.630127
vt 0.830566 0.660156
vt 0.792969 0.745361
vt 0.813477 0.707031
vt 0.837402 0.619873
vt 0.841797 0.599609
vt 0.881836 0.598145
vt 0.845703 0.569580
vt 0.883789 0.576660
vt 0.886719 0.565918
vt 0.923828 0.572021
vt 0.920898 0.581543
vt 0.925293 0.574707
vt 0.960449 0.578857
vt 0.848633 0.557617
vt 0.952148 0.642334
vt 0.916504 0.638428
vt 0.956543 0.610596
vt 0.919434 0.606934
vt 0.992676 0.580078
vt 0.992676 0.613281
vt 0.992676 0.644775
vt 0.992676 0.687012
vt 0.992676 0.747803
vt 0.622070 0.272949
vt 0.624512 0.272949
vt 0.629395 0.255371
vt 0.614258 0.259277
vt 0.608887 0.268555
vt 0.619629 0.274414
vt 0.623535 0.282715
vt 0.627441 0.274414
vt 0.635742 0.257813
vt 0.640625 0.269043
vt 0.631348 0.277344
vt 0.615234 0.228027
vt 0.621094 0.216797
vt 0.610352 0.217773
vt 0.624023 0.227539
vt 0.623047 0.239746
vt 0.623047 0.228027
vt 0.615234 0.228516
vt 0.627441 0.238281
vt 0.610352 0.238770
vt 0.613281 0.239746
vt 0.700684 0.316895
vt 0.705566 0.325684
vt 0.706055 0.320313
vt 0.707520 0.320313
vt 0.708984 0.324707
vt 0.714844 0.319336
vt 0.714355 0.345215
vt 0.722656 0.319824
vt 0.712402 0.317383
vt 0.695801 0.342285
vt 0.698730 0.333008
vt 0.690430 0.341309
vt 0.704590 0.327637
vt 0.651367 0.391113
vt 0.677734 0.393066
vt 0.676270 0.369629
vt 0.704102 0.367188
vt 0.683594 0.362305
vt 0.692383 0.355469
vt 0.677734 0.338379
vt 0.692383 0.327148
vt 0.698242 0.327637
vt 0.695801 0.304199
vt 0.713867 0.396484
vt 0.673340 0.328125
vt 0.686523 0.324707
vt 0.681152 0.324707
vt 0.678223 0.322754
vt 0.675781 0.325195
vt 0.673828 0.325684
vt 0.671387 0.320313
vt 0.673828 0.322754
vt 0.669434 0.308105
vt 0.667480 0.319336
vt 0.664551 0.317383
vt 0.663574 0.320801
vt 0.664551 0.343262
vt 0.659180 0.306641
vt 0.658203 0.314453
vt 0.663086 0.313965
vt 0.651855 0.309082
vt 0.652832 0.310547
vt 0.655273 0.313477
vt 0.657715 0.319824
vt 0.651367 0.371582
vt 0.651367 0.342285
vt 0.651367 0.318848
vt 0.651367 0.312012
vt 0.651367 0.309082
vt 0.718262 0.440918
vt 0.708496 0.427246
vt 0.684570 0.441895
vt 0.684570 0.425781
vt 0.651367 0.438477
vt 0.651367 0.423828
vt 0.674316 0.417480
vt 0.660645 0.417480
vt 0.651367 0.413086
vt 0.661621 0.408203
vt 0.674805 0.414551
vt 0.686035 0.416016
vt 0.660645 0.441895
vt 0.710449 0.417480
vt 0.725586 0.428711
vt 0.727051 0.421387
vt 0.732422 0.414063
vt 0.742188 0.431152
vt 0.729492 0.436035
vt 0.740234 0.414551
vt 0.729492 0.394043
vt 0.725098 0.384766
vt 0.711426 0.360840
vt 0.742188 0.399414
vt 0.732910 0.861572
vt 0.730957 0.809204
vt 0.729980 0.762451
vt 0.708984 0.731201
vt 0.735840 0.916016
vt 0.740723 0.958710
vt 0.623047 0.642578
vt 0.627441 0.643555
vt 0.627930 0.624756
vt 0.629883 0.606445
vt 0.828613 0.508789
vt 0.833008 0.510986
vt 0.832031 0.504883
vt 0.774414 0.478027
vt 0.804688 0.487305
vt 0.812500 0.475586
vt 0.828613 0.501465
vt 0.832031 0.499512
vt 0.803223 0.509766
vt 0.804199 0.524414
vt 0.815918 0.536865
vt 0.784180 0.553711
vt 0.788574 0.448242
vt 0.772949 0.538574
vt 0.771973 0.517578
vt 0.803223 0.495605
vt 0.761719 0.489258
vt 0.994141 0.518311
vt 0.967285 0.561035
vt 0.993652 0.560059
vt 0.947754 0.538574
vt 0.942871 0.520264
vt 0.961914 0.492188
vt 0.014938 0.286621
vt 0.014938 0.299805
vt 0.046387 0.372559
vt 0.044769 0.344238
vt 0.014938 0.342285
vt 0.014938 0.407715
vt 0.014938 0.367676
vt 0.917480 0.528320
vt 0.924316 0.549561
vt 0.927246 0.537598
vt 0.855469 0.509033
vt 0.851074 0.507813
vt 0.859863 0.528076
vt 0.852539 0.529541
vt 0.467773 0.120117
vt 0.463135 0.122070
vt 0.469971 0.117188
vt 0.022110 0.256836
vt 0.015808 0.264648
vt 0.021545 0.271973
vt 0.039429 0.260742
vt 0.031616 0.241211
vt 0.020325 0.246582
vt 0.010147 0.238281
vt 0.004940 0.252930
vt 0.011330 0.228516
vt 0.262939 0.079590
vt 0.267822 0.082031
vt 0.269531 0.103516
vt 0.266602 0.100098
vt 0.263428 0.099609
vt 0.275391 0.090820
vt 0.226807 0.067871
vt 0.253418 0.070801
vt 0.264160 0.074707
vt 0.601563 0.784058
vt 0.613281 0.791138
vt 0.613281 0.822144
vt 0.605469 0.822144
vt 0.612793 0.829346
vt 0.611328 0.836182
vt 0.624512 0.829468
vt 0.626465 0.822144
vt 0.626465 0.829468
vt 0.628906 0.829346
vt 0.626465 0.836548
vt 0.629883 0.836670
vt 0.623047 0.836548
vt 0.624512 0.844238
vt 0.626465 0.844238
vt 0.612793 0.844238
vt 0.530762 0.899048
vt 0.532715 0.925110
vt 0.543945 0.960480
vt 0.581543 0.944092
vt 0.558105 0.964020
vt 0.544922 0.988098
vt 0.538574 0.988098
vt 0.507324 0.988098
vt 0.507324 0.929199
vt 0.507324 0.899048
vt 0.576660 0.979706
vt 0.569824 0.976105
vt 0.562988 0.988098
vt 0.554688 0.988098
vt 0.566895 0.972031
vt 0.580078 0.960785
vt 0.584473 0.957367
vt 0.602051 0.949402
vt 0.599121 0.964081
vt 0.602539 0.924255
vt 0.601074 0.940094
vt 0.606934 0.941345
vt 0.607422 0.945465
vt 0.627441 0.897156
vt 0.627930 0.909119
vt 0.638184 0.909119
vt 0.616211 0.909119
vt 0.613770 0.897583
vt 0.629395 0.890503
vt 0.638184 0.897461
vt 0.626953 0.890503
vt 0.624023 0.890503
vt 0.611328 0.890442
vt 0.639160 0.890442
vt 0.649414 0.890442
vt 0.649902 0.897888
vt 0.651855 0.890381
vt 0.653320 0.890381
vt 0.666992 0.901001
vt 0.672852 0.896667
vt 0.677734 0.906311
vt 0.688477 0.902039
vt 0.676758 0.901489
vt 0.673340 0.906799
vt 0.673340 0.901184
vt 0.666992 0.906677
vt 0.649414 0.909119
vt 0.649902 0.783203
vt 0.649414 0.791138
vt 0.654785 0.791138
vt 0.653320 0.783203
vt 0.666992 0.789307
vt 0.663574 0.783081
vt 0.647461 0.791138
vt 0.646484 0.783081
vt 0.648926 0.775146
vt 0.654785 0.775513
vt 0.666992 0.777954
vt 0.668945 0.783569
vt 0.672363 0.787231
vt 0.678223 0.783936
vt 0.672852 0.780151
vt 0.666504 0.766846
vt 0.654785 0.766846
vt 0.646973 0.766846
vt 0.646484 0.775146
vt 0.643066 0.782959
vt 0.644531 0.791138
vt 0.636719 0.782837
vt 0.644043 0.775146
vt 0.637207 0.766846
vt 0.636230 0.774902
vt 0.626465 0.766846
vt 0.628906 0.774780
vt 0.626465 0.774780
vt 0.623047 0.774780
vt 0.612305 0.766846
vt 0.610840 0.783081
vt 0.610840 0.774902
vt 0.622070 0.782715
vt 0.626465 0.782593
vt 0.630859 0.782715
vt 0.600586 0.775146
vt 0.637207 0.791138
vt 0.629883 0.791138
vt 0.627930 0.791138
vt 0.624512 0.791138
vt 0.657715 0.939758
vt 0.658203 0.927551
vt 0.645020 0.927185
vt 0.645508 0.939758
vt 0.632324 0.926880
vt 0.633301 0.939758
vt 0.619141 0.927124
vt 0.619141 0.939758
vt 0.657227 0.918884
vt 0.645020 0.918884
vt 0.633301 0.918884
vt 0.630859 0.918884
vt 0.628906 0.918884
vt 0.616699 0.918884
vt 0.606445 0.917847
vt 0.606934 0.915466
vt 0.801758 0.803955
vt 0.790039 0.785522
vt 0.778320 0.808838
vt 0.802246 0.790161
vt 0.794922 0.774170
vt 0.816406 0.800781
vt 0.801270 0.819702
vt 0.790527 0.831543
vt 0.794434 0.843384
vt 0.820801 0.829712
vt 0.033325 0.698975
vt 0.020248 0.703369
vt 0.022202 0.711914
vt 0.017181 0.681641
vt 0.011551 0.694824
vt 0.006180 0.707275
vt 0.014008 0.718018
vt 0.022141 0.729736
vt 0.036560 0.714844
vt 0.670410 0.844116
vt 0.663574 0.838135
vt 0.651855 0.844238
vt 0.673340 0.838379
vt 0.675293 0.842529
vt 0.688965 0.839111
vt 0.675781 0.834229
vt 0.669922 0.832764
vt 0.652344 0.829590
vt 0.653320 0.836914
vt 0.650391 0.836914
vt 0.650879 0.844238
vt 0.638672 0.829468
vt 0.638672 0.836792
vt 0.648926 0.829712
vt 0.647461 0.836914
vt 0.650879 0.829590
vt 0.651367 0.822144
vt 0.668457 0.822021
vt 0.638672 0.822144
vt 0.678223 0.930603
vt 0.679688 0.925415
vt 0.662598 0.918884
vt 0.698730 0.930054
vt 0.688965 0.929626
vt 0.689941 0.934387
vt 0.683105 0.937134
vt 0.682129 0.928955
vt 0.678223 0.935303
vt 0.660156 0.918884
vt 0.577637 0.967255
vt 0.578125 0.970367
vt 0.579590 0.973923
vt 0.584473 0.980988
vt 0.586426 0.974030
vt 0.600586 0.982880
vt 0.602539 0.977280
vt 0.612305 0.980164
vt 0.608887 0.988785
vt 0.624512 0.987717
vt 0.602539 0.987968
vt 0.585449 0.988098
vt 0.583008 0.988098
vt 0.581055 0.988098
vt 0.572266 0.988098
vt 0.073608 0.737549
vt 0.062347 0.728516
vt 0.064331 0.718994
vt 0.057373 0.721436
vt 0.061157 0.704590
vt 0.081787 0.729736
vt 0.076843 0.708740
vt 0.647949 0.844238
vt 0.638184 0.844238
vt 0.628906 0.844238
vt 0.240356 0.457031
vt 0.526855 0.609375
vt 0.530273 0.619629
vt 0.514648 0.609131
vt 0.525391 0.624756
vt 0.526855 0.639404
vt 0.510742 0.622559
vt 0.495117 0.625488
vt 0.509277 0.639648
vt 0.532715 0.646729
vt 0.537598 0.648438
vt 0.537109 0.663818
vt 0.537598 0.616943
vt 0.510254 0.634033
vt 0.534180 0.661621
vt 0.516602 0.682373
vt 0.517090 0.687500
vt 0.496094 0.683838
vt 0.497559 0.677979
vt 0.473145 0.670898
vt 0.374756 0.592529
vt 0.274902 0.055176
vt 0.270508 0.056152
vt 0.263916 0.041504
vt 0.274658 0.023438
vt 0.266113 0.025391
vt 0.259277 0.020996
vt 0.293213 0.086426
vt 0.290283 0.083008
vt 0.291504 0.035156
vt 0.276367 0.041016
vt 0.282715 0.027832
vt 0.289307 0.008301
vt 0.290039 0.026855
vt 0.297119 0.024414
vt 0.310059 0.037598
vt 0.316650 0.048828
vt 0.321533 0.036133
vt 0.306152 0.021484
vt 0.315186 0.018555
vt 0.323242 0.020996
vt 0.323242 0.925354
vt 0.367432 0.928711
vt 0.331787 0.955872
vt 0.303467 0.895691
vt 0.288818 0.898010
vt 0.294678 0.948761
vt 0.273193 0.912781
vt 0.250488 0.956207
vt 0.250488 0.917725
vt 0.482422 0.874390
vt 0.482422 0.909302
vt 0.453857 0.905640
vt 0.452393 0.872437
vt 0.482422 0.835205
vt 0.422852 0.901428
vt 0.422363 0.934509
vt 0.454346 0.936096
vt 0.482422 0.937195
vt 0.373535 0.956665
vt 0.333496 0.986389
vt 0.379395 0.986389
vt 0.415283 0.962799
vt 0.424561 0.986389
vt 0.447510 0.959656
vt 0.455322 0.986389
vt 0.737305 0.958679
vt 0.351807 0.280273
vt 0.337402 0.262207
vt 0.346924 0.254883
vt 0.342041 0.285645
vt 0.408203 0.259277
vt 0.373779 0.220703
vt 0.335449 0.192871
vt 0.284424 0.194824
vt 0.285889 0.255371
vt 0.289063 0.275391
vt 0.296143 0.311523
vt 0.348389 0.317383
vt 0.291260 0.412598
vt 0.320313 0.172363
vt 0.327637 0.172363
vt 0.339355 0.160156
vt 0.298828 0.161133
vt 0.348389 0.105469
vt 0.359375 0.109863
vt 0.352539 0.104980
vt 0.340576 0.055176
vt 0.325439 0.099121
vt 0.411133 0.143555
vt 0.406738 0.095703
vt 0.359863 0.097656
vt 0.367920 0.051758
vt 0.358398 0.046387
vt 0.365479 0.048828
vt 0.370850 0.040039
vt 0.337891 0.010742
vt 0.366455 0.009766
vt 0.370361 0.015137
vt 0.409668 0.044434
vt 0.408203 0.009766
vt 0.406250 0.005371
vt 0.434814 0.007324
vt 0.448975 0.020508
vt 0.455811 0.011230
vt 0.460205 0.020020
vt 0.483643 0.007324
vt 0.452148 0.046387
vt 0.448975 0.058105
vt 0.457764 0.053711
vt 0.463623 0.055664
vt 0.485840 0.017090
vt 0.503906 0.004883
vt 0.501465 0.014648
vt 0.520508 0.017090
vt 0.502930 0.064453
vt 0.524414 0.062500
vt 0.478027 0.060059
vt 0.457275 0.109863
vt 0.487549 0.113281
vt 0.488281 0.174805
vt 0.478271 0.188965
vt 0.467773 0.254883
vt 0.436279 0.221191
vt 0.474854 0.257813
vt 0.499268 0.186035
vt 0.494873 0.184570
vt 0.473877 0.166992
vt 0.459229 0.194336
vt 0.409424 0.206543
vt 0.354980 0.195313
vt 0.411621 0.149902
vt 0.345947 0.414551
vt 0.398438 0.330078
vt 0.406494 0.309082
vt 0.406494 0.293945
vt 0.462402 0.282227
vt 0.467773 0.289063
vt 0.524902 0.313477
vt 0.478516 0.315918
vt 0.496338 0.272949
vt 0.436523 0.325195
vt 0.396240 0.428223
vt 0.363037 0.477051
vt 0.337158 0.468262
vt 0.485596 0.419434
vt 0.440430 0.428711
vt 0.527832 0.414551
vt 0.444092 0.483398
vt 0.398682 0.486816
vt 0.491211 0.479980
vt 0.537109 0.474121
vt 0.540039 0.506836
vt 0.492920 0.512939
vt 0.448242 0.523682
vt 0.400879 0.503662
vt 0.578613 0.462891
vt 0.577148 0.499512
vt 0.544922 0.547119
vt 0.515137 0.544922
vt 0.483398 0.546631
vt 0.449219 0.549072
vt 0.421387 0.554199
vt 0.375000 0.557617
vt 0.355713 0.519775
vt 0.347168 0.497559
vt 0.338623 0.478027
vt 0.300293 0.467773
vt 0.296875 0.478516
vt 0.562012 0.112305
vt 0.589844 0.110840
vt 0.587402 0.178223
vt 0.507813 0.112793
vt 0.528320 0.112793
vt 0.530273 0.152832
vt 0.539063 0.113770
vt 0.537598 0.173828
vt 0.560059 0.179199
vt 0.559082 0.203613
vt 0.589355 0.217285
vt 0.512695 0.192383
vt 0.514648 0.153320
vt 0.532715 0.193359
vt 0.529297 0.249023
vt 0.557129 0.253906
vt 0.528320 0.270996
vt 0.557617 0.272949
vt 0.500488 0.155762
vt 0.502441 0.251465
vt 0.495605 0.250977
vt 0.568848 0.549316
vt 0.592773 0.551270
vt 0.602051 0.499023
vt 0.623047 0.462402
vt 0.609863 0.454590
vt 0.640137 0.447266
vt 0.639648 0.435547
vt 0.621582 0.391113
vt 0.567383 0.310547
vt 0.588379 0.275879
vt 0.606934 0.296387
vt 0.575684 0.397461
vt 0.590332 0.261719
vt 0.898926 0.420898
vt 0.913086 0.432617
vt 0.883789 0.438477
vt 0.851563 0.420410
vt 0.855469 0.398438
vt 0.846191 0.439941
vt 0.847168 0.453613
vt 0.887207 0.456055
vt 0.909180 0.455566
vt 0.919922 0.451660
vt 0.920898 0.437988
vt 0.894043 0.396973
vt 0.883301 0.379395
vt 0.890625 0.378418
vt 0.908691 0.385742
vt 0.912109 0.410156
vt 0.920898 0.395996
vt 0.916016 0.420898
vt 0.909668 0.417480
vt 0.858887 0.375488
vt 0.923340 0.380859
vt 0.905273 0.368652
vt 0.883789 0.358887
vt 0.878418 0.357422
vt 0.858398 0.338867
vt 0.888672 0.348145
vt 0.892578 0.349609
vt 0.925293 0.365723
vt 0.942871 0.364746
vt 0.937500 0.384766
vt 0.963867 0.362793
vt 0.955566 0.396484
vt 0.962891 0.400391
vt 0.948730 0.419434
vt 0.936523 0.416992
vt 0.968750 0.355469
vt 0.970215 0.362793
vt 0.953613 0.422363
vt 0.941895 0.420898
vt 0.940430 0.424805
vt 0.928223 0.432129
vt 0.925293 0.418457
vt 0.926758 0.409180
vt 0.956543 0.422852
vt 0.959473 0.423828
vt 0.954102 0.425293
vt 0.955078 0.440918
vt 0.937500 0.436523
vt 0.925781 0.443359
vt 0.934082 0.455078
vt 0.923340 0.458008
vt 0.985352 0.401367
vt 0.990723 0.422363
vt 0.990723 0.440918
vt 0.991699 0.454102
vt 0.954102 0.453125
vt 0.979492 0.289063
vt 0.974609 0.288086
vt 0.977051 0.261719
vt 0.988281 0.289551
vt 0.971680 0.308105
vt 0.986328 0.310547
vt 0.972656 0.346191
vt 0.987793 0.342773
vt 0.987305 0.375488
vt 0.954590 0.303223
vt 0.929688 0.302246
vt 0.943848 0.290039
vt 0.948730 0.289063
vt 0.932129 0.291016
vt 0.938965 0.287598
vt 0.950684 0.261719
vt 0.957031 0.287598
vt 0.958008 0.293945
vt 0.966797 0.288086
vt 0.877930 0.291504
vt 0.902344 0.305176
vt 0.880371 0.315918
vt 0.887695 0.286621
vt 0.898438 0.293457
vt 0.905762 0.282227
vt 0.911621 0.284180
vt 0.910156 0.261719
vt 0.915527 0.281250
vt 0.922363 0.283203
vt 0.869629 0.261719
vt 0.871582 0.295410
vt 0.858398 0.294434
vt 0.858887 0.321289
vt 0.883301 0.344238
vt 0.924316 0.322754
vt 0.925293 0.309082
vt 0.956055 0.340820
vt 0.924316 0.327148
vt 0.954590 0.345215
vt 0.965332 0.354980
vt 0.960938 0.331543
vt 0.959473 0.026855
vt 0.957520 0.023926
vt 0.970703 0.024902
vt 0.971191 0.022949
vt 0.973145 0.013672
vt 0.987305 0.011230
vt 0.985352 0.023926
vt 0.973145 0.022949
vt 0.971680 0.013184
vt 0.957031 0.010742
vt 0.958496 0.007324
vt 0.972168 0.011719
vt 0.536621 0.066895
vt 0.553711 0.060059
vt 0.566895 0.051270
vt 0.545898 0.008789
vt 0.526855 0.012207
vt 0.927246 0.512939
vt 0.924805 0.513916
vt 0.893066 0.520996
vt 0.858398 0.471680
vt 0.888184 0.482910
vt 0.854004 0.490723
vt 0.890625 0.485352
vt 0.892090 0.482422
vt 0.927246 0.499512
vt 0.923828 0.482422
vt 0.203369 0.352539
vt 0.203613 0.331543
vt 0.216919 0.331543
vt 0.207275 0.314941
vt 0.200928 0.317383
vt 0.197632 0.302246
vt 0.238159 0.340332
vt 0.240479 0.375488
vt 0.231445 0.326660
vt 0.217896 0.313477
vt 0.224976 0.309570
vt 0.214233 0.293457
vt 0.250244 0.324219
vt 0.234619 0.305664
vt 0.243774 0.301758
vt 0.236450 0.283691
vt 0.257324 0.306152
vt 0.264648 0.285156
vt 0.270020 0.306152
vt 0.269531 0.326172
vt 0.269775 0.339355
vt 0.268311 0.370605
vt 0.267578 0.392090
vt 0.242676 0.399414
vt 0.268066 0.415039
vt 0.247192 0.416016
vt 0.263672 0.434570
vt 0.254150 0.444824
vt 0.241089 0.439453
vt 0.231689 0.422363
vt 0.221680 0.401367
vt 0.211426 0.377930
vt 0.615723 0.952484
vt 0.637207 0.964233
vt 0.637695 0.952728
vt 0.647461 0.952911
vt 0.626953 0.964264
vt 0.628418 0.952545
vt 0.613281 0.964172
vt 0.614746 0.945465
vt 0.625488 0.945496
vt 0.628906 0.945465
vt 0.630859 0.945465
vt 0.638672 0.945465
vt 0.646484 0.945496
vt 0.649902 0.945496
vt 0.651855 0.945496
vt 0.657227 0.945526
vt 0.654297 0.953705
vt 0.671387 0.950500
vt 0.667969 0.955322
vt 0.677734 0.960907
vt 0.678223 0.956207
vt 0.684570 0.958923
vt 0.673340 0.955261
vt 0.671875 0.961487
vt 0.667969 0.960419
vt 0.655273 0.964142
vt 0.647461 0.964203
vt 0.018585 0.835205
vt 0.018585 0.874390
vt 0.018585 0.909302
vt 0.018585 0.937195
vt 0.377197 0.670410
vt 0.373779 0.672363
vt 0.353760 0.670898
vt 0.330811 0.683838
s 1
usemtl MKX_iOS_OUT_SYZ_NNO_B
f 2516/1/1 2517/2/1 2515/3/1
f 2382/4/2 2385/5/3 2383/6/4
f 2383/6/4 2384/7/5 2382/4/2
f 2387/8/6 2401/9/7 2384/7/5
f 2384/7/5 2383/6/4 2387/8/6
f 2396/10/8 2387/8/6 2383/6/4
f 2394/11/9 2396/10/8 2383/6/4
f 2383/6/4 2385/5/3 2394/11/9
f 2394/11/9 2385/5/3 2405/12/10
f 2382/4/2 2405/12/10 2385/5/3
f 2405/12/10 2382/4/2 2497/13/11
f 2498/14/12 2497/13/11 2382/4/2
f 2497/13/11 2498/14/12 2503/15/13
f 2404/16/14 2521/17/15 2522/18/16
f 2403/19/17 2404/16/14 2522/18/16
f 2403/19/17 2394/11/9 2404/16/14
f 2394/11/9 2403/19/17 2395/20/18
f 2394/11/9 2395/20/18 2393/21/19
f 2393/21/19 2396/10/8 2394/11/9
f 2396/10/8 2393/21/19 2388/22/20
f 2388/22/20 2386/23/21 2396/10/8
f 2396/10/8 2386/23/21 2387/8/6
f 135/24/22 2387/8/6 2386/23/21
f 2401/9/7 2387/8/6 135/24/22
f 135/24/22 2402/25/23 2401/9/7
f 2386/23/21 2388/22/20 133/26/24
f 123/27/25 132/28/26 121/29/27
f 131/30/28 132/28/26 123/27/25
f 131/30/28 133/26/24 132/28/26
f 131/30/28 134/31/29 133/26/24
f 133/26/24 134/31/29 2386/23/21
f 2386/23/21 134/31/29 135/24/22
f 128/32/30 135/24/22 134/31/29
f 2402/25/23 135/24/22 128/32/30
f 128/32/30 130/33/31 2402/25/23
f 129/34/32 130/33/31 128/32/30
f 134/31/29 131/30/28 128/32/30
f 129/34/32 128/32/30 131/30/28
f 131/30/28 123/27/25 129/34/32
f 129/34/32 142/35/33 130/33/31
f 123/27/25 142/35/33 129/34/32
f 142/35/33 123/27/25 122/36/34
f 142/35/33 122/36/34 105/37/35
f 105/37/35 106/38/36 142/35/33
f 106/38/36 105/37/35 100/39/37
f 130/33/31 142/35/33 138/40/38
f 106/38/36 138/40/38 142/35/33
f 138/40/38 106/38/36 102/41/39
f 100/39/37 102/41/39 106/38/36
f 101/42/40 102/41/39 100/39/37
f 101/42/40 100/39/37 103/43/41
f 104/44/42 103/43/41 100/39/37
f 100/39/37 105/37/35 104/44/42
f 105/37/35 124/45/43 104/44/42
f 105/37/35 122/36/34 124/45/43
f 121/29/27 124/45/43 122/36/34
f 122/36/34 123/27/25 121/29/27
f 70/46/44 72/47/45 68/48/46
f 68/48/46 71/49/47 70/46/44
f 73/50/48 71/49/47 68/48/46
f 74/51/49 2340/52/50 66/53/51
f 2340/52/50 67/54/52 66/53/51
f 67/54/52 68/48/46 66/53/51
f 67/54/52 69/55/53 68/48/46
f 68/48/46 69/55/53 73/50/48
f 73/50/48 69/55/53 75/56/54
f 75/56/54 2341/57/55 73/50/48
f 64/58/56 65/59/57 61/60/58
f 65/59/57 63/61/59 61/60/58
f 43/62/60 44/63/61 42/64/62
f 42/64/62 44/63/61 60/65/63
f 60/65/63 61/60/58 42/64/62
f 42/64/62 61/60/58 45/66/64
f 61/60/58 63/61/59 45/66/64
f 45/66/64 63/61/59 62/67/65
f 62/67/65 43/62/60 45/66/64
f 42/64/62 45/66/64 43/62/60
f 2360/68/66 2369/69/67 2358/70/68
f 35/71/69 2369/69/67 2360/68/66
f 2360/68/66 36/72/70 35/71/69
f 36/72/70 37/73/71 35/71/69
f 37/73/71 38/74/72 35/71/69
f 31/75/73 40/76/74 55/77/75
f 36/72/70 40/76/74 31/75/73
f 36/72/70 41/78/76 40/76/74
f 41/78/76 36/72/70 2360/68/66
f 2360/68/66 2381/79/77 41/78/76
f 2360/68/66 2359/80/78 2381/79/77
f 2359/80/78 2360/68/66 2358/70/68
f 2358/70/68 2361/81/79 2359/80/78
f 2361/81/79 2358/70/68 667/82/80
f 668/83/81 2361/81/79 667/82/80
f 2374/84/82 2359/80/78 2361/81/79
f 668/83/81 670/85/83 675/86/84
f 674/87/85 668/83/81 675/86/84
f 668/83/81 674/87/85 2375/88/86
f 2375/88/86 2361/81/79 668/83/81
f 2374/84/82 2361/81/79 2375/88/86
f 2374/84/82 2375/88/86 2376/89/87
f 2376/89/87 2377/90/88 2374/84/82
f 2376/89/87 2378/91/89 2377/90/88
f 2378/91/89 2376/89/87 2365/92/90
f 2365/92/90 2376/89/87 655/93/91
f 655/93/91 656/94/92 2365/92/90
f 655/93/91 671/95/93 656/94/92
f 656/94/92 671/95/93 661/96/94
f 2375/88/86 655/93/91 2376/89/87
f 2375/88/86 674/87/85 655/93/91
f 655/93/91 674/87/85 671/95/93
f 674/87/85 675/86/84 671/95/93
f 2365/92/90 2362/97/95 2378/91/89
f 622/98/96 618/99/97 595/100/98
f 595/100/98 623/101/99 622/98/96
f 661/96/94 622/98/96 623/101/99
f 623/101/99 649/102/100 661/96/94
f 656/94/92 661/96/94 649/102/100
f 649/102/100 662/103/101 656/94/92
f 2365/92/90 656/94/92 662/103/101
f 662/103/101 2363/104/102 2365/92/90
f 2362/97/95 2365/92/90 2363/104/102
f 2363/104/102 2364/105/103 2362/97/95
f 595/100/98 2988/106/104 2984/107/105
f 2984/107/105 2986/108/106 595/100/98
f 623/101/99 595/100/98 2986/108/106
f 2986/108/106 624/109/107 623/101/99
f 649/102/100 623/101/99 624/109/107
f 624/109/107 650/110/108 649/102/100
f 662/103/101 649/102/100 650/110/108
f 650/110/108 663/111/109 662/103/101
f 2363/104/102 662/103/101 663/111/109
f 663/111/109 2370/112/110 2363/104/102
f 663/111/109 664/113/111 2373/114/112
f 664/113/111 663/111/109 650/110/108
f 650/110/108 651/115/113 664/113/111
f 625/116/114 651/115/113 650/110/108
f 650/110/108 624/109/107 625/116/114
f 625/116/114 624/109/107 2986/108/106
f 2986/108/106 2985/117/115 625/116/114
f 2985/117/115 2986/108/106 2984/107/105
f 2984/107/105 2987/118/116 2985/117/115
f 2992/119/117 2987/118/116 2984/107/105
f 2984/107/105 2991/120/118 2992/119/117
f 2991/120/118 2984/107/105 2989/121/119
f 2996/122/120 2977/123/121 2978/124/122
f 2977/123/121 2996/122/120 2997/125/123
f 2997/125/123 2976/126/124 2977/123/121
f 2976/126/124 2997/125/123 2998/127/125
f 2998/127/125 2974/128/126 2976/126/124
f 2974/128/126 2998/127/125 2990/129/127
f 2990/129/127 2973/130/128 2974/128/126
f 2973/130/128 2990/129/127 2989/121/119
f 2989/121/119 2988/106/104 2973/130/128
f 2989/121/119 2984/107/105 2988/106/104
f 2975/131/129 2976/126/124 2974/128/126
f 2975/131/129 2974/128/126 2972/132/130
f 2974/128/126 2973/130/128 2972/132/130
f 2972/132/130 2973/130/128 2971/133/131
f 2971/133/131 2973/130/128 2988/106/104
f 2988/106/104 595/100/98 2971/133/131
f 594/134/132 2977/123/121 2976/126/124
f 2976/126/124 2975/131/129 594/134/132
f 614/135/133 594/134/132 2975/131/129
f 2975/131/129 615/136/134 614/135/133
f 615/136/134 2975/131/129 616/137/135
f 2975/131/129 2972/132/130 616/137/135
f 616/137/135 2972/132/130 617/138/136
f 617/138/136 2972/132/130 2971/133/131
f 2971/133/131 618/99/97 617/138/136
f 2971/133/131 595/100/98 618/99/97
f 668/83/81 667/82/80 669/139/137
f 670/85/83 668/83/81 669/139/137
f 670/85/83 669/139/137 631/140/138
f 631/140/138 632/141/139 670/85/83
f 630/142/140 632/141/139 631/140/138
f 614/135/133 632/141/139 630/142/140
f 630/142/140 2979/143/141 614/135/133
f 594/134/132 614/135/133 2979/143/141
f 594/134/132 2979/143/141 2978/124/122
f 594/134/132 2978/124/122 2977/123/121
f 2981/144/142 2979/143/141 630/142/140
f 2979/143/141 2981/144/142 2980/145/143
f 2979/143/141 2980/145/143 2978/124/122
f 2995/146/144 2978/124/122 2980/145/143
f 2978/124/122 2995/146/144 2996/122/120
f 2983/147/145 2980/145/143 2982/148/146
f 2980/145/143 2981/144/142 2982/148/146
f 2982/148/146 2981/144/142 628/149/147
f 628/149/147 627/150/148 2982/148/146
f 627/150/148 628/149/147 626/151/149
f 627/150/148 626/151/149 653/152/150
f 2994/153/151 2983/147/145 2993/154/152
f 2994/153/151 2980/145/143 2983/147/145
f 2980/145/143 2994/153/151 2995/146/144
f 673/155/153 672/156/154 627/150/148
f 627/150/148 652/157/155 673/155/153
f 627/150/148 653/152/150 652/157/155
f 652/157/155 653/152/150 692/158/156
f 692/158/156 653/152/150 626/151/149
f 626/151/149 693/159/157 692/158/156
f 629/160/158 693/159/157 626/151/149
f 626/151/149 628/149/147 629/160/158
f 628/149/147 630/142/140 629/160/158
f 630/142/140 628/149/147 2981/144/142
f 692/158/156 654/161/159 652/157/155
f 654/161/159 629/160/158 630/142/140
f 631/140/138 654/161/159 630/142/140
f 654/161/159 631/140/138 652/157/155
f 673/155/153 652/157/155 631/140/138
f 631/140/138 669/139/137 673/155/153
f 669/139/137 667/82/80 673/155/153
f 32/162/160 34/163/161 35/71/69
f 34/163/161 39/164/162 35/71/69
f 35/71/69 39/164/162 2368/165/163
f 2368/165/163 2369/69/67 35/71/69
f 2369/69/67 2368/165/163 2367/166/164
f 2358/70/68 2369/69/67 2367/166/164
f 667/82/80 2358/70/68 2367/166/164
f 2367/166/164 666/167/165 667/82/80
f 667/82/80 666/167/165 673/155/153
f 672/156/154 673/155/153 666/167/165
f 39/164/162 34/163/161 50/168/166
f 666/167/165 665/169/167 672/156/154
f 666/167/165 2366/170/168 665/169/167
f 2367/166/164 2366/170/168 666/167/165
f 2367/166/164 2368/165/163 2366/170/168
f 35/71/69 38/74/72 32/162/160
f 32/162/160 38/74/72 37/73/71
f 37/73/71 33/171/169 32/162/160
f 32/162/160 33/171/169 31/75/73
f 31/75/73 34/163/161 32/162/160
f 51/172/170 34/163/161 31/75/73
f 34/163/161 51/172/170 50/168/166
f 51/172/170 2338/173/171 50/168/166
f 2345/174/172 50/168/166 2338/173/171
f 2338/173/171 2346/175/173 2345/174/172
f 2338/173/171 51/172/170 53/176/174
f 31/75/73 55/77/75 51/172/170
f 51/172/170 55/77/75 57/177/175
f 57/177/175 52/178/176 51/172/170
f 53/176/174 51/172/170 52/178/176
f 53/176/174 52/178/176 57/177/175
f 57/177/175 54/179/177 53/176/174
f 53/176/174 54/179/177 2339/180/178
f 2339/180/178 2338/173/171 53/176/174
f 2339/180/178 2346/175/173 2338/173/171
f 2346/175/173 2339/180/178 2347/181/179
f 2352/182/180 2345/174/172 2346/175/173
f 2346/175/173 2351/183/181 2352/182/180
f 2349/184/182 2351/183/181 2346/175/173
f 2346/175/173 2347/181/179 2349/184/182
f 2348/185/183 2349/184/182 2347/181/179
f 2347/181/179 2350/186/184 2348/185/183
f 2350/186/184 2347/181/179 2339/180/178
f 2339/180/178 56/187/185 2350/186/184
f 55/77/75 56/187/185 2339/180/178
f 56/187/185 55/77/75 40/76/74
f 7/188/186 4/189/187 22/190/188
f 4/189/187 7/188/186 2277/191/189
f 7/188/186 2303/192/190 2277/191/189
f 2277/191/189 2303/192/190 2280/193/191
f 2306/194/192 2280/193/191 2303/192/190
f 2280/193/191 2281/195/193 2279/196/194
f 2279/196/194 2277/191/189 2280/193/191
f 2279/196/194 2278/197/195 2277/191/189
f 2278/197/195 4/189/187 2277/191/189
f 4/189/187 2278/197/195 2322/198/196
f 2322/198/196 26/199/197 4/189/187
f 2295/200/198 2322/198/196 2278/197/195
f 2295/200/198 2296/201/199 2294/202/200
f 2296/201/199 2295/200/198 2297/203/201
f 2278/197/195 2297/203/201 2295/200/198
f 2298/204/202 2297/203/201 2278/197/195
f 2279/196/194 2298/204/202 2278/197/195
f 2298/204/202 2279/196/194 2299/205/203
f 2301/206/204 2299/205/203 2279/196/194
f 2279/196/194 2281/195/193 2301/206/204
f 2282/207/205 2301/206/204 2281/195/193
f 2282/207/205 2281/195/193 2280/193/191
f 2297/203/201 2298/204/202 2296/201/199
f 2296/201/199 2298/204/202 2300/208/206
f 2299/205/203 2300/208/206 2298/204/202
f 2300/208/206 2326/209/207 2296/201/199
f 2325/210/208 2326/209/207 2300/208/206
f 2285/211/209 2288/212/210 2282/207/205
f 2302/213/211 2282/207/205 2288/212/210
f 2301/206/204 2282/207/205 2302/213/211
f 2330/214/212 2301/206/204 2302/213/211
f 2330/214/212 2299/205/203 2301/206/204
f 2330/214/212 2331/215/213 2299/205/203
f 2300/208/206 2299/205/203 2331/215/213
f 2331/215/213 2327/216/214 2300/208/206
f 2300/208/206 2327/216/214 2325/210/208
f 2333/217/215 2325/210/208 2327/216/214
f 2332/218/216 2333/217/215 2327/216/214
f 2327/216/214 2331/215/213 2332/218/216
f 2334/219/217 2332/218/216 2331/215/213
f 2331/215/213 2330/214/212 2334/219/217
f 2334/219/217 2330/214/212 2335/220/218
f 2302/213/211 2335/220/218 2330/214/212
f 2290/221/219 2335/220/218 2302/213/211
f 2288/212/210 2290/221/219 2302/213/211
f 2287/222/220 2290/221/219 2288/212/210
f 2288/212/210 2289/223/221 2287/222/220
f 2328/224/222 2290/221/219 2287/222/220
f 2328/224/222 2329/225/223 2290/221/219
f 2335/220/218 2290/221/219 2329/225/223
f 2336/226/224 2335/220/218 2329/225/223
f 2335/220/218 2336/226/224 2334/219/217
f 2379/227/225 2334/219/217 2336/226/224
f 2380/228/226 2379/227/225 2336/226/224
f 2336/226/224 2337/229/227 2380/228/226
f 2329/225/223 2337/229/227 2336/226/224
f 2337/229/227 2329/225/223 2328/224/222
f 2291/230/228 2292/231/229 2286/232/230
f 2289/223/221 2286/232/230 2292/231/229
f 2292/231/229 2293/233/231 2289/223/221
f 2289/223/221 2288/212/210 2285/211/209
f 2289/223/221 2285/211/209 2286/232/230
f 2284/234/232 2286/232/230 2285/211/209
f 2286/232/230 2284/234/232 2291/230/228
f 2291/230/228 2284/234/232 5/235/233
f 2291/230/228 5/235/233 6/236/234
f 9/237/235 6/236/234 5/235/233
f 9/237/235 5/235/233 8/238/236
f 8/238/236 2305/239/237 9/237/235
f 8/238/236 10/240/238 2305/239/237
f 11/241/239 2305/239/237 10/240/238
f 10/240/238 12/242/240 11/241/239
f 12/242/240 27/243/241 11/241/239
f 14/244/242 12/242/240 10/240/238
f 2283/245/243 5/235/233 2284/234/232
f 5/235/233 2283/245/243 2304/246/244
f 2304/246/244 8/238/236 5/235/233
f 8/238/236 2304/246/244 13/247/245
f 10/240/238 8/238/236 13/247/245
f 15/248/246 10/240/238 13/247/245
f 10/240/238 15/248/246 14/244/242
f 2525/249/247 14/244/242 15/248/246
f 15/248/246 2309/250/248 2525/249/247
f 2309/250/248 2526/251/249 2525/249/247
f 13/247/245 2306/194/192 2303/192/190
f 13/247/245 2304/246/244 2306/194/192
f 2304/246/244 2280/193/191 2306/194/192
f 2280/193/191 2304/246/244 2283/245/243
f 2280/193/191 2283/245/243 2282/207/205
f 2284/234/232 2282/207/205 2283/245/243
f 2285/211/209 2282/207/205 2284/234/232
f 28/252/250 20/253/251 2317/254/252
f 2313/255/253 28/252/250 2317/254/252
f 2317/254/252 2314/256/254 2313/255/253
f 2314/256/254 29/257/255 2313/255/253
f 2311/258/256 2313/255/253 29/257/255
f 2311/258/256 2310/259/257 2313/255/253
f 2310/259/257 2311/258/256 2309/250/248
f 2309/250/248 15/248/246 2310/259/257
f 15/248/246 28/252/250 2310/259/257
f 13/247/245 28/252/250 15/248/246
f 28/252/250 2313/255/253 2310/259/257
f 2312/260/258 2309/250/248 2311/258/256
f 2312/260/258 2311/258/256 2324/261/259
f 2323/262/260 2324/261/259 2311/258/256
f 2311/258/256 2318/263/261 2323/262/260
f 2318/263/261 2311/258/256 2316/264/262
f 30/257/263 2316/264/262 2311/258/256
f 20/253/251 28/252/250 13/247/245
f 13/247/245 19/265/264 20/253/251
f 20/253/251 19/265/264 17/266/265
f 18/267/266 17/266/265 19/265/264
f 17/266/265 18/267/266 16/268/267
f 24/269/268 26/199/197 25/270/269
f 4/189/187 26/199/197 24/269/268
f 4/189/187 24/269/268 23/271/270
f 23/271/270 22/190/188 4/189/187
f 22/190/188 23/271/270 16/268/267
f 16/268/267 18/267/266 22/190/188
f 18/267/266 7/188/186 22/190/188
f 7/188/186 18/267/266 19/265/264
f 2303/192/190 7/188/186 19/265/264
f 13/247/245 2303/192/190 19/265/264
f 93/272/271 91/273/272 95/274/273
f 93/272/271 89/275/274 91/273/272
f 250/276/275 251/277/276 91/273/272
f 88/278/277 250/276/275 91/273/272
f 88/278/277 91/273/272 89/275/274
f 89/275/274 90/279/278 88/278/277
f 92/280/279 90/279/278 89/275/274
f 89/275/274 93/272/271 92/280/279
f 93/272/271 94/281/280 92/280/279
f 94/281/280 93/272/271 96/282/281
f 95/274/273 96/282/281 93/272/271
f 96/282/281 95/274/273 2476/283/282
f 2476/283/282 2421/284/283 249/285/284
f 2476/283/282 249/285/284 96/282/281
f 249/285/284 258/286/285 96/282/281
f 2476/283/282 95/274/273 2475/287/286
f 2474/288/287 2475/287/286 95/274/273
f 95/274/273 91/273/272 2474/288/287
f 91/273/272 170/289/288 2474/288/287
f 170/289/288 91/273/272 251/277/276
f 2489/290/289 2476/283/282 2487/291/290
f 2476/283/282 2475/287/286 2487/291/290
f 2488/292/291 2487/291/290 2475/287/286
f 2475/287/286 2474/288/287 2488/292/291
f 2488/292/291 2474/288/287 2415/293/292
f 2474/288/287 170/289/288 2415/293/292
f 2414/294/293 2415/293/292 170/289/288
f 170/289/288 171/295/294 2414/294/293
f 171/295/294 170/289/288 251/277/276
f 251/277/276 250/276/275 171/295/294
f 2417/296/295 175/297/296 154/298/297
f 2417/296/295 2415/293/292 175/297/296
f 2415/293/292 2414/294/293 175/297/296
f 2487/291/290 2488/292/291 2419/299/298
f 2419/299/298 2488/292/291 2415/293/292
f 173/300/299 2419/299/298 2415/293/292
f 2415/293/292 2417/296/295 173/300/299
f 152/301/300 173/300/299 2417/296/295
f 2417/296/295 150/302/301 152/301/300
f 150/302/301 2417/296/295 154/298/297
f 150/302/301 154/298/297 153/303/302
f 153/303/302 151/304/303 150/302/301
f 151/304/303 153/303/302 162/305/304
f 172/306/305 173/300/299 152/301/300
f 173/300/299 172/306/305 2418/307/306
f 2418/307/306 2419/299/298 173/300/299
f 150/302/301 151/304/303 149/308/307
f 149/308/307 152/301/300 150/302/301
f 169/309/308 152/301/300 149/308/307
f 152/301/300 169/309/308 172/306/305
f 2416/310/309 172/306/305 169/309/308
f 2416/310/309 2420/311/310 172/306/305
f 2418/307/306 172/306/305 2420/311/310
f 2418/307/306 2420/311/310 2489/290/289
f 2489/290/289 2487/291/290 2418/307/306
f 2418/307/306 2487/291/290 2419/299/298
f 151/304/303 165/312/311 149/308/307
f 159/313/312 149/308/307 165/312/311
f 149/308/307 159/313/312 169/309/308
f 146/314/313 169/309/308 159/313/312
f 146/314/313 2416/310/309 169/309/308
f 174/315/314 2416/310/309 146/314/313
f 2416/310/309 174/315/314 2420/311/310
f 2420/311/310 174/315/314 2421/284/283
f 2421/284/283 2489/290/289 2420/311/310
f 2421/284/283 2476/283/282 2489/290/289
f 146/314/313 145/316/315 174/315/314
f 160/317/316 165/312/311 166/318/317
f 165/312/311 160/317/316 159/313/312
f 147/319/318 164/320/319 148/321/320
f 147/319/318 148/321/320 145/316/315
f 146/314/313 147/319/318 145/316/315
f 147/319/318 146/314/313 159/313/312
f 158/322/321 147/319/318 159/313/312
f 159/313/312 160/317/316 158/322/321
f 158/322/321 160/317/316 168/323/322
f 168/323/322 160/317/316 166/318/317
f 168/323/322 166/318/317 156/324/323
f 155/325/324 168/323/322 156/324/323
f 147/319/318 158/322/321 164/320/319
f 164/320/319 158/322/321 167/326/325
f 168/323/322 167/326/325 158/322/321
f 164/320/319 167/326/325 148/321/320
f 163/327/326 148/321/320 167/326/325
f 167/326/325 168/323/322 155/325/324
f 155/325/324 157/328/327 167/326/325
f 167/326/325 157/328/327 163/327/326
f 163/327/326 157/328/327 2410/329/328
f 2410/329/328 2413/330/329 163/327/326
f 2410/329/328 157/328/327 155/325/324
f 2430/331/330 2431/332/331 2519/333/332
f 2519/333/332 2431/332/331 2410/329/328
f 2408/334/333 2519/333/332 2410/329/328
f 155/325/324 2408/334/333 2410/329/328
f 155/325/324 2409/335/334 2408/334/333
f 155/325/324 156/324/323 2409/335/334
f 2409/335/334 156/324/323 161/336/335
f 156/324/323 166/318/317 161/336/335
f 166/318/317 151/304/303 161/336/335
f 151/304/303 166/318/317 165/312/311
f 2408/334/333 2471/337/336 2519/333/332
f 2408/334/333 2409/335/334 2473/338/337
f 2471/337/336 2408/334/333 2473/338/337
f 2473/338/337 2472/339/338 2471/337/336
f 2471/337/336 2472/339/338 229/340/339
f 2519/333/332 2471/337/336 229/340/339
f 229/340/339 284/341/340 2519/333/332
f 284/341/340 2514/342/341 2519/333/332
f 161/336/335 2411/343/342 2409/335/334
f 2411/343/342 2473/338/337 2409/335/334
f 2473/338/337 2411/343/342 288/344/343
f 2472/339/338 2473/338/337 288/344/343
f 288/344/343 298/345/344 2472/339/338
f 229/340/339 2472/339/338 298/345/344
f 298/345/344 296/346/345 229/340/339
f 229/340/339 296/346/345 301/347/346
f 301/347/346 284/341/340 229/340/339
f 284/341/340 301/347/346 300/348/347
f 162/305/304 161/336/335 151/304/303
f 161/336/335 162/305/304 2412/349/348
f 2412/349/348 2411/343/342 161/336/335
f 2411/343/342 2412/349/348 287/350/349
f 287/350/349 288/344/343 2411/343/342
f 287/350/349 292/351/350 288/344/343
f 288/344/343 292/351/350 299/352/351
f 299/352/351 298/345/344 288/344/343
f 298/345/344 299/352/351 297/353/352
f 296/346/345 298/345/344 297/353/352
f 2485/354/353 292/351/350 287/350/349
f 296/346/345 297/353/352 289/355/354
f 296/346/345 289/355/354 290/356/355
f 290/356/355 301/347/346 296/346/345
f 304/357/356 301/347/346 290/356/355
f 300/348/347 301/347/346 304/357/356
f 2509/358/357 300/348/347 304/357/356
f 2523/359/358 2493/360/359 289/355/354
f 289/355/354 2493/360/359 2492/361/360
f 2492/361/360 290/356/355 289/355/354
f 290/356/355 2492/361/360 2524/362/361
f 304/357/356 290/356/355 2524/362/361
f 304/357/356 2524/362/361 2541/363/362
f 2509/358/357 304/357/356 2541/363/362
f 2541/363/362 2520/364/363 2509/358/357
f 2404/16/14 2509/358/357 2520/364/363
f 2520/364/363 2521/17/15 2404/16/14
f 2404/16/14 2394/11/9 2405/12/10
f 2404/16/14 2405/12/10 2509/358/357
f 303/365/364 2509/358/357 2405/12/10
f 303/365/364 300/348/347 2509/358/357
f 303/365/364 285/366/365 300/348/347
f 300/348/347 285/366/365 284/341/340
f 285/366/365 2449/367/366 284/341/340
f 2449/367/366 2514/342/341 284/341/340
f 2514/342/341 2449/367/366 2430/331/330
f 2519/333/332 2514/342/341 2430/331/330
f 2490/368/367 285/366/365 302/369/368
f 302/369/368 2511/370/369 2490/368/367
f 2513/371/370 2511/370/369 302/369/368
f 302/369/368 2508/372/371 2513/371/370
f 2513/371/370 2508/372/371 2497/13/11
f 2508/372/371 2501/373/372 2497/13/11
f 2501/373/372 2405/12/10 2497/13/11
f 2405/12/10 2501/373/372 303/365/364
f 303/365/364 2501/373/372 2508/372/371
f 2508/372/371 302/369/368 303/365/364
f 285/366/365 303/365/364 302/369/368
f 2459/374/373 2490/368/367 2511/370/369
f 2459/374/373 2443/375/374 2490/368/367
f 2450/376/375 2490/368/367 2443/375/374
f 2437/377/376 2438/378/377 2436/379/378
f 286/380/379 2436/379/378 2438/378/377
f 2438/378/377 193/381/380 286/380/379
f 2491/382/381 286/380/379 193/381/380
f 193/381/380 2443/375/374 2491/382/381
f 2442/383/382 2443/375/374 193/381/380
f 2443/375/374 2442/383/382 2450/376/375
f 2450/376/375 2442/383/382 2449/367/366
f 2450/376/375 2449/367/366 285/366/365
f 2490/368/367 2450/376/375 285/366/365
f 2442/383/382 193/381/380 192/384/383
f 192/384/383 193/381/380 2438/378/377
f 2438/378/377 2445/385/384 192/384/383
f 2438/378/377 2437/377/376 2445/385/384
f 2448/386/385 2445/385/384 2437/377/376
f 2448/386/385 2532/387/386 2446/388/387
f 2445/385/384 2448/386/385 2446/388/387
f 2446/388/387 2447/389/388 2445/385/384
f 192/384/383 2445/385/384 2447/389/388
f 2447/389/388 194/390/389 192/384/383
f 2442/383/382 192/384/383 194/390/389
f 194/390/389 2444/391/390 2442/383/382
f 2442/383/382 2444/391/390 2449/367/366
f 2428/392/391 2449/367/366 2444/391/390
f 2430/331/330 2449/367/366 2428/392/391
f 198/393/392 2536/394/393 2532/387/386
f 2532/387/386 2536/394/393 2446/388/387
f 195/395/394 198/393/392 196/396/395
f 198/393/392 2532/387/386 196/396/395
f 2532/387/386 200/397/396 196/396/395
f 2532/387/386 2533/398/397 200/397/396
f 270/399/398 195/395/394 197/400/399
f 196/396/395 197/400/399 195/395/394
f 196/396/395 199/401/400 197/400/399
f 196/396/395 200/397/396 199/401/400
f 200/397/396 231/402/401 199/401/400
f 2533/398/397 231/402/401 200/397/396
f 2533/398/397 2436/379/378 231/402/401
f 2533/398/397 2437/377/376 2436/379/378
f 2437/377/376 2533/398/397 2532/387/386
f 2532/387/386 2448/386/385 2437/377/376
f 199/401/400 231/402/401 230/403/402
f 230/403/402 268/404/403 199/401/400
f 197/400/399 199/401/400 268/404/403
f 268/404/403 267/405/404 197/400/399
f 267/405/404 268/404/403 244/406/405
f 244/406/405 242/407/406 267/405/404
f 242/407/406 244/406/405 84/408/407
f 87/409/408 84/408/407 244/406/405
f 255/410/409 87/409/408 244/406/405
f 244/406/405 230/403/402 255/410/409
f 230/403/402 244/406/405 268/404/403
f 77/411/410 78/412/411 76/413/412
f 78/412/411 79/414/413 76/413/412
f 87/409/408 79/414/413 78/412/411
f 78/412/411 84/408/407 87/409/408
f 83/415/414 84/408/407 78/412/411
f 84/408/407 83/415/414 242/407/406
f 243/416/415 242/407/406 83/415/414
f 243/416/415 267/405/404 242/407/406
f 270/399/398 267/405/404 243/416/415
f 197/400/399 267/405/404 270/399/398
f 78/412/411 77/411/410 83/415/414
f 3357/417/416 3741/418/417 3761/419/418
f 3761/419/418 3760/420/419 3357/417/416
f 3760/420/419 3761/419/418 3743/421/420
f 3743/421/420 3360/422/421 3760/420/419
f 3360/422/421 3743/421/420 3742/423/422
f 3742/423/422 3355/424/423 3360/422/421
f 3355/424/423 3742/423/422 3744/425/424
f 3744/425/424 3353/426/425 3355/424/423
f 3354/427/426 3355/424/423 3353/426/425
f 3355/424/423 3354/427/426 3360/422/421
f 3360/422/421 3354/427/426 3359/428/427
f 3360/422/421 3359/428/427 3759/429/428
f 3759/429/428 3760/420/419 3360/422/421
f 3760/420/419 3759/429/428 3358/430/429
f 3760/420/419 3358/430/429 3357/417/416
f 3357/417/416 3358/430/429 1461/431/430
f 1461/431/430 1462/432/431 3357/417/416
f 3741/418/417 3357/417/416 1462/432/431
f 1462/432/431 2232/433/432 3741/418/417
f 3353/426/425 3356/434/433 3354/427/426
f 3736/435/434 2231/431/435 2230/436/436
f 2230/436/436 3737/437/437 3736/435/434
f 3737/437/437 2230/436/436 509/433/438
f 3752/438/439 3736/435/434 3737/437/437
f 2727/434/440 2728/439/441 2726/440/442
f 3735/441/443 2726/440/442 2728/439/441
f 3735/441/443 2783/442/444 2726/440/442
f 3752/438/439 2783/442/444 3735/441/443
f 3752/438/439 3753/443/445 2783/442/444
f 3737/437/437 3753/443/445 3752/438/439
f 3753/443/445 3737/437/437 2763/418/446
f 509/433/438 2763/418/446 3737/437/437
f 2763/418/446 509/433/438 508/444/447
f 508/444/447 2764/445/448 2763/418/446
f 2758/426/449 2727/434/440 2726/440/442
f 2759/425/450 2758/426/449 2726/440/442
f 2759/425/450 2726/440/442 2762/423/451
f 2726/440/442 2766/421/452 2762/423/451
f 2783/442/444 2766/421/452 2726/440/442
f 3754/419/453 2766/421/452 2783/442/444
f 2783/442/444 3753/443/445 3754/419/453
f 2763/418/446 3754/419/453 3753/443/445
f 3754/419/453 2763/418/446 2764/445/448
f 2764/445/448 3755/446/454 3754/419/453
f 2766/421/452 3754/419/453 3755/446/454
f 3755/446/454 2765/447/455 2766/421/452
f 2762/423/451 2766/421/452 2765/447/455
f 2765/447/455 2760/448/456 2762/423/451
f 2759/425/450 2762/423/451 2760/448/456
f 2760/448/456 2761/449/457 2759/425/450
f 2758/426/449 2759/425/450 2761/449/457
f 2761/449/457 2756/450/458 2758/426/449
f 2727/434/440 2758/426/449 2756/450/458
f 2756/450/458 2757/451/459 2727/434/440
f 2220/452/460 2221/453/461 2219/454/462
f 2221/453/461 2220/452/460 2225/455/463
f 2224/456/464 2225/455/463 2220/452/460
f 2220/452/460 2222/457/465 2224/456/464
f 2224/456/464 2222/457/465 2223/458/466
f 2223/458/466 2222/457/465 2219/454/462
f 2222/457/465 2220/452/460 2219/454/462
f 2227/459/467 2224/456/464 2223/458/466
f 2225/455/463 2226/460/468 2221/453/461
f 2353/461/469 2354/462/470 2342/463/471
f 1/464/472 2362/97/95 2364/105/103
f 2/465/473 1/464/472 2364/105/103
f 3/466/474 1/464/472 2/465/473
f 3/466/474 2/465/473 46/467/475
f 46/467/475 47/468/476 3/466/474
f 47/468/476 46/467/475 2342/463/471
f 2342/463/471 2343/469/477 47/468/476
f 2343/469/477 2342/463/471 2354/462/470
f 2343/469/477 2354/462/470 2355/470/478
f 2364/105/103 2363/104/102 2370/112/110
f 2370/112/110 2372/471/479 2364/105/103
f 2364/105/103 2372/471/479 2/465/473
f 48/472/480 2/465/473 2372/471/479
f 46/467/475 2/465/473 48/472/480
f 48/472/480 49/473/481 46/467/475
f 2342/463/471 46/467/475 49/473/481
f 49/473/481 2344/474/482 2342/463/471
f 2342/463/471 2344/474/482 2353/461/469
f 2353/461/469 2344/474/482 2356/475/483
f 2344/474/482 2357/476/484 2356/475/483
f 2357/476/484 2344/474/482 49/473/481
f 49/473/481 58/477/485 2357/476/484
f 58/477/485 49/473/481 48/472/480
f 48/472/480 59/478/486 58/477/485
f 59/478/486 48/472/480 2372/471/479
f 2372/471/479 2371/479/487 59/478/486
f 2371/479/487 2372/471/479 2370/112/110
f 2370/112/110 2373/114/112 2371/479/487
f 2373/114/112 2370/112/110 663/111/109
f 2210/480/488 2211/481/489 2209/482/490
f 2211/481/489 2216/483/491 2209/482/490
f 2211/481/489 2217/484/492 2216/483/491
f 2216/483/491 2217/484/492 2212/485/493
f 2211/481/489 2212/485/493 2217/484/492
f 2212/485/493 2211/481/489 2210/480/488
f 2210/480/488 2213/486/494 2212/485/493
f 2214/487/495 2213/486/494 2210/480/488
f 2210/480/488 2215/488/496 2214/487/495
f 2215/488/496 2210/480/488 2209/482/490
f 2212/485/493 2218/489/497 2216/483/491
f 2201/490/498 2202/491/499 2200/492/500
f 2203/493/501 2201/490/498 2200/492/500
f 2201/490/498 2203/493/501 2208/494/502
f 2208/494/502 2207/495/503 2201/490/498
f 2201/490/498 2207/495/503 2205/496/504
f 2205/496/504 2202/491/499 2201/490/498
f 2205/496/504 2204/497/505 2202/491/499
f 2202/491/499 2204/497/505 2200/492/500
f 2205/496/504 2206/498/506 2204/497/505
f 2275/499/507 2276/500/507 2274/501/507
f 2183/502/508 2184/503/509 2182/504/510
f 2183/502/508 2182/504/510 2189/505/511
f 2190/506/512 2183/502/508 2189/505/511
f 2183/502/508 2190/506/512 2187/507/513
f 2187/507/513 2185/508/514 2183/502/508
f 2186/509/515 2185/508/514 2187/507/513
f 2185/508/514 2186/509/515 2184/503/509
f 2183/502/508 2185/508/514 2184/503/509
f 2187/507/513 2188/510/516 2186/509/515
f 2272/499/517 2273/501/517 2271/511/517
f 2178/512/518 2176/513/519 2181/514/520
f 2176/513/519 2174/515/521 2181/514/520
f 2181/514/520 2174/515/521 2180/516/522
f 2174/515/521 2173/517/523 2180/516/522
f 2174/515/521 2175/518/524 2173/517/523
f 2174/515/521 2176/513/519 2175/518/524
f 2176/513/519 2177/519/525 2175/518/524
f 2177/519/525 2176/513/519 2178/512/518
f 2178/512/518 2179/520/526 2177/519/525
f 2269/499/527 2270/511/527 2268/521/527
f 3728/522/528 2146/523/529 2145/524/530
f 2146/523/529 3728/522/528 2147/525/531
f 2147/525/531 3728/522/528 3729/526/532
f 2146/523/529 2147/525/531 3729/526/532
f 3729/526/532 2148/527/533 2146/523/529
f 2146/523/529 2148/527/533 3731/528/534
f 2145/524/530 2146/523/529 3731/528/534
f 2145/524/530 3731/528/534 3730/529/535
f 2266/499/536 2267/500/536 2265/501/536
f 2131/530/537 2132/531/538 2130/532/539
f 2132/531/538 2134/533/540 2130/532/539
f 2134/533/540 2132/531/538 2135/534/541
f 2134/533/540 2135/534/541 2133/535/542
f 2130/532/539 2134/533/540 2133/535/542
f 2136/536/543 2130/532/539 2133/535/542
f 2130/532/539 2136/536/543 2137/537/544
f 2137/537/544 2131/530/537 2130/532/539
f 2132/531/538 2228/538/545 2135/534/541
f 2263/499/546 2264/501/546 2262/511/546
f 2122/539/547 2123/540/548 2121/541/549
f 2121/541/549 2123/540/548 2129/542/550
f 2129/542/550 2128/543/551 2121/541/549
f 2121/541/549 2128/543/551 2124/544/552
f 2124/544/552 2126/545/553 2121/541/549
f 2125/546/554 2126/545/553 2124/544/552
f 2126/545/553 2125/546/554 2122/539/547
f 2121/541/549 2126/545/553 2122/539/547
f 2124/544/552 2127/547/555 2125/546/554
f 2260/499/556 2261/511/556 2259/521/556
f 2114/548/557 2115/549/558 2113/550/559
f 2120/551/560 2115/549/558 2114/548/557
f 2117/552/561 2120/551/560 2114/548/557
f 2114/548/557 2118/553/562 2117/552/561
f 2117/552/561 2118/553/562 2116/554/563
f 2116/554/563 2118/553/562 2113/550/559
f 2118/553/562 2114/548/557 2113/550/559
f 2229/555/564 2115/549/558 2120/551/560
f 2116/554/563 2119/556/565 2117/552/561
f 2075/557/566 2076/558/567 2074/559/568
f 2077/560/569 2074/559/568 2076/558/567
f 2076/558/567 2078/561/570 2077/560/569
f 2081/562/571 2078/561/570 2076/558/567
f 2076/558/567 2079/563/572 2081/562/571
f 2080/564/573 2081/562/571 2079/563/572
f 2079/563/572 2082/565/574 2080/564/573
f 2075/557/566 2082/565/574 2079/563/572
f 2076/558/567 2075/557/566 2079/563/572
f 2066/503/575 2067/502/576 2065/504/577
f 2065/504/577 2067/502/576 2072/505/578
f 2067/502/576 2073/506/579 2072/505/578
f 2073/506/579 2067/502/576 2070/507/580
f 2067/502/576 2069/508/581 2070/507/580
f 2070/507/580 2069/508/581 2068/509/582
f 2068/509/582 2069/508/581 2066/503/575
f 2069/508/581 2067/502/576 2066/503/575
f 2068/509/582 2071/510/583 2070/507/580
f 2059/519/584 2060/513/585 2057/518/586
f 2060/513/585 2058/515/587 2057/518/586
f 2057/518/586 2058/515/587 2056/517/588
f 2063/516/589 2056/517/588 2058/515/587
f 2058/515/587 2064/514/590 2063/516/589
f 2064/514/590 2058/515/587 2060/513/585
f 2060/513/585 2061/512/591 2064/514/590
f 2061/512/591 2060/513/585 2059/519/584
f 2059/519/584 2062/520/592 2061/512/591
f 2055/566/593 3722/567/594 2052/568/595
f 2052/568/595 2050/569/596 2055/566/593
f 2050/569/596 2052/568/595 3721/570/597
f 3721/570/597 2051/571/598 2050/569/596
f 2050/569/596 2051/571/598 2053/572/599
f 2051/571/598 2054/573/600 2053/572/599
f 2054/573/600 2051/571/598 3721/570/597
f 2054/573/600 3721/570/597 3723/574/601
f 2055/566/593 2050/569/596 2053/572/599
f 2257/511/602 2258/499/602 2256/521/602
f 2042/575/603 2043/576/604 2041/577/605
f 2043/576/604 2042/575/603 2044/578/606
f 2042/575/603 2047/579/607 2044/578/606
f 2049/580/608 2047/579/607 2042/575/603
f 2047/579/607 2049/580/608 2048/581/609
f 2041/577/605 2048/581/609 2049/580/608
f 2042/575/603 2041/577/605 2049/580/608
f 2047/579/607 2048/581/609 2046/582/610
f 2044/578/606 2045/583/611 2043/576/604
f 2017/584/612 2018/585/613 2016/586/614
f 3719/587/615 2016/586/614 2018/585/613
f 3718/588/616 2017/584/612 2016/586/614
f 2017/584/612 3718/588/616 2024/589/617
f 2024/589/617 2020/590/618 2017/584/612
f 2018/585/613 2017/584/612 2020/590/618
f 2018/585/613 2020/590/618 2019/591/619
f 3719/587/615 2018/585/613 2019/591/619
f 2021/592/620 3719/587/615 2019/591/619
f 2019/591/619 2022/593/621 2021/592/620
f 2022/593/621 2023/594/622 2021/592/620
f 2254/501/623 2255/499/623 2253/511/623
f 2009/531/624 2010/530/625 2008/532/626
f 2008/532/626 2010/530/625 2015/537/627
f 2015/537/627 2014/536/628 2008/532/626
f 2008/532/626 2014/536/628 2011/535/629
f 2013/533/630 2008/532/626 2011/535/629
f 2012/534/631 2013/533/630 2011/535/629
f 2009/531/624 2013/533/630 2012/534/631
f 2111/538/632 2009/531/624 2012/534/631
f 2013/533/630 2009/531/624 2008/532/626
f 2000/540/633 2001/539/634 1999/541/635
f 2007/542/636 2000/540/633 1999/541/635
f 1999/541/635 2006/543/637 2007/542/636
f 2002/544/638 2006/543/637 1999/541/635
f 1999/541/635 2005/545/639 2002/544/638
f 2002/544/638 2005/545/639 2003/546/640
f 2003/546/640 2005/545/639 2001/539/634
f 2005/545/639 1999/541/635 2001/539/634
f 2003/546/640 2004/547/641 2002/544/638
f 1978/595/642 1976/596/643 1977/597/644
f 1977/597/644 1976/596/643 1972/598/645
f 1976/596/643 1975/599/646 1972/598/645
f 1972/598/645 1975/599/646 1973/600/647
f 1990/601/648 1973/600/647 1975/599/646
f 1990/601/648 1983/602/649 1973/600/647
f 1980/603/650 1983/602/649 1990/601/648
f 1983/602/649 1980/603/650 1979/604/651
f 1979/604/651 1980/603/650 1978/595/642
f 1990/601/648 1978/595/642 1980/603/650
f 1990/601/648 1976/596/643 1978/595/642
f 1975/599/646 1976/596/643 1990/601/648
f 1982/605/652 1983/602/649 1979/604/651
f 1983/602/649 1982/605/652 1974/606/653
f 1974/606/653 1973/600/647 1983/602/649
f 1973/600/647 1974/606/653 1972/598/645
f 1986/607/654 1972/598/645 1974/606/653
f 1986/607/654 1974/606/653 1985/608/655
f 1984/609/656 1985/608/655 1974/606/653
f 1974/606/653 1982/605/652 1984/609/656
f 1984/609/656 1982/605/652 1989/610/657
f 1979/604/651 1989/610/657 1982/605/652
f 1989/610/657 1979/604/651 1981/611/658
f 1978/595/642 1981/611/658 1979/604/651
f 1978/595/642 1977/597/644 1981/611/658
f 1981/611/658 1988/612/659 1989/610/657
f 1977/597/644 1988/612/659 1981/611/658
f 1977/597/644 1987/613/660 1988/612/659
f 1987/613/660 1977/597/644 1986/607/654
f 1977/597/644 1972/598/645 1986/607/654
f 1971/614/661 1967/615/662 1970/616/663
f 1970/616/663 1967/615/662 1966/617/664
f 1940/618/665 1941/619/666 1939/620/667
f 1968/621/668 1939/620/667 1941/619/666
f 1941/619/666 1969/622/669 1968/621/668
f 1968/621/668 1969/622/669 1966/617/664
f 1966/617/664 1965/623/670 1968/621/668
f 1966/617/664 1967/615/662 1965/623/670
f 1965/623/670 1967/615/662 1961/624/671
f 1961/624/671 1960/625/672 1965/623/670
f 1961/624/671 1959/626/673 1960/625/672
f 1958/627/674 1960/625/672 1959/626/673
f 1939/620/667 1968/621/668 1965/623/670
f 1965/623/670 1960/625/672 1939/620/667
f 1943/628/675 1939/620/667 1960/625/672
f 1960/625/672 1958/627/674 1943/628/675
f 1943/628/675 1958/627/674 1956/629/676
f 1956/629/676 1962/630/677 1943/628/675
f 1952/631/678 1962/630/677 1956/629/676
f 1952/631/678 1963/632/679 1962/630/677
f 1947/633/680 1962/630/677 1963/632/679
f 1963/632/679 1949/634/681 1947/633/680
f 1943/628/675 1944/635/682 1942/636/683
f 1962/630/677 1944/635/682 1943/628/675
f 1962/630/677 1947/633/680 1944/635/682
f 1949/634/681 1951/637/684 1950/638/685
f 1950/638/685 1948/639/686 1949/634/681
f 1947/633/680 1949/634/681 1948/639/686
f 1948/639/686 1946/640/687 1947/633/680
f 1944/635/682 1947/633/680 1946/640/687
f 1946/640/687 1945/641/688 1944/635/682
f 1942/636/683 1944/635/682 1945/641/688
f 1945/641/688 1940/618/665 1942/636/683
f 1940/618/665 1939/620/667 1942/636/683
f 1942/636/683 1939/620/667 1943/628/675
f 1959/626/673 1957/642/689 1958/627/674
f 1956/629/676 1958/627/674 1957/642/689
f 1957/642/689 1953/643/690 1956/629/676
f 1953/643/690 1952/631/678 1956/629/676
f 1953/643/690 1954/644/691 1952/631/678
f 1954/644/691 1955/645/692 1952/631/678
f 1955/645/692 1963/632/679 1952/631/678
f 1955/645/692 1964/646/693 1963/632/679
f 1949/634/681 1963/632/679 1964/646/693
f 1964/646/693 1951/637/684 1949/634/681
f 1921/647/694 1920/648/695 1929/649/696
f 1929/649/696 1936/650/697 1921/647/694
f 1921/647/694 1906/651/698 1920/648/695
f 1922/652/699 1920/648/695 1906/651/698
f 1920/648/695 1922/652/699 1916/653/700
f 1916/653/700 1928/654/701 1920/648/695
f 1929/649/696 1920/648/695 1928/654/701
f 1928/654/701 1930/655/702 1929/649/696
f 1925/656/703 1927/657/704 1911/658/705
f 1911/658/705 1927/657/704 1926/659/706
f 1911/658/705 1926/659/706 1908/660/707
f 1908/660/707 1926/659/706 1937/661/708
f 1937/661/708 1906/651/698 1908/660/707
f 1937/661/708 1923/662/709 1906/651/698
f 1906/651/698 1923/662/709 1922/652/699
f 1922/652/699 1923/662/709 1917/663/710
f 1916/653/700 1922/652/699 1917/663/710
f 1917/663/710 1918/664/711 1916/653/700
f 1917/663/710 1919/665/712 1918/664/711
f 1923/662/709 1924/666/713 1917/663/710
f 1906/651/698 1909/667/714 1907/668/715
f 1907/668/715 1908/660/707 1906/651/698
f 1907/668/715 1910/669/716 1908/660/707
f 1908/660/707 1910/669/716 1911/658/705
f 1910/669/716 1938/670/717 1911/658/705
f 1938/670/717 1915/671/718 1911/658/705
f 1915/671/718 1914/672/719 1911/658/705
f 1914/672/719 1912/673/720 1911/658/705
f 1913/674/721 1911/658/705 1912/673/720
f 1925/656/703 1911/658/705 1913/674/721
f 1900/675/722 1898/676/723 1897/677/724
f 1898/676/723 1894/678/725 1897/677/724
f 1899/679/726 1894/678/725 1898/676/723
f 1895/680/727 1894/678/725 1899/679/726
f 1895/680/727 1896/681/728 1894/678/725
f 1894/678/725 1896/681/728 1897/677/724
f 2241/682/729 2242/683/730 3384/684/731
f 3346/685/732 2249/686/733 2241/682/729
f 2241/682/729 3344/687/734 3346/685/732
f 3384/684/731 3344/687/734 2241/682/729
f 3344/687/734 3384/684/731 3383/688/735
f 3391/689/736 2250/690/737 2249/686/733
f 2249/686/733 3346/685/732 3391/689/736
f 3390/691/738 3391/689/736 3346/685/732
f 3346/685/732 3345/692/739 3390/691/738
f 3345/692/739 3346/685/732 3344/687/734
f 3344/687/734 3347/693/740 3345/692/739
f 3383/688/735 3347/693/740 3344/687/734
f 3347/693/740 3383/688/735 3395/694/741
f 3395/694/741 3394/695/742 3347/693/740
f 3394/695/742 3395/694/741 3386/696/743
f 3397/697/744 3390/691/738 3345/692/739
f 3386/696/743 3348/698/745 3394/695/742
f 3348/698/745 3386/696/743 3385/699/746
f 3385/699/746 3351/700/747 3348/698/745
f 3351/700/747 3385/699/746 3352/701/748
f 3349/702/749 3351/700/747 3352/701/748
f 3352/701/748 3393/703/750 3349/702/749
f 3349/702/749 3393/703/750 3392/704/751
f 3350/705/752 3349/702/749 3392/704/751
f 3350/705/752 3392/704/751 3397/697/744
f 3397/697/744 3396/706/753 3350/705/752
f 3345/692/739 3396/706/753 3397/697/744
f 3394/695/742 3396/706/753 3345/692/739
f 3345/692/739 3347/693/740 3394/695/742
f 3348/698/745 3351/700/747 3349/702/749
f 3349/702/749 3350/705/752 3348/698/745
f 3394/695/742 3348/698/745 3350/705/752
f 3350/705/752 3396/706/753 3394/695/742
f 3389/707/754 3352/701/748 3385/699/746
f 3352/701/748 3389/707/754 3387/708/755
f 3387/708/755 3388/709/756 3352/701/748
f 3388/709/756 3398/710/757 3352/701/748
f 3352/701/748 3398/710/757 3393/703/750
f 1872/711/758 1873/712/759 1870/713/760
f 1901/714/761 1870/713/760 1873/712/759
f 1870/713/760 1901/714/761 1881/715/762
f 1881/715/762 1905/716/763 1879/717/764
f 1877/718/765 1879/717/764 1878/719/766
f 1877/718/765 1876/720/767 1879/717/764
f 1879/717/764 1876/720/767 1881/715/762
f 1881/715/762 1876/720/767 1874/721/768
f 1881/715/762 1874/721/768 1870/713/760
f 1871/722/769 1870/713/760 1874/721/768
f 1874/721/768 1875/723/770 1871/722/769
f 1871/722/769 1875/723/770 1884/724/771
f 1884/724/771 1875/723/770 1877/718/765
f 1876/720/767 1877/718/765 1875/723/770
f 1875/723/770 1874/721/768 1876/720/767
f 1872/711/758 1868/725/772 1893/726/773
f 1868/725/772 1872/711/758 1866/727/774
f 1870/713/760 1866/727/774 1872/711/758
f 1867/728/775 1866/727/774 1870/713/760
f 1870/713/760 1871/722/769 1867/728/775
f 1867/728/775 1871/722/769 1865/729/776
f 1884/724/771 1865/729/776 1871/722/769
f 1865/729/776 1884/724/771 1880/730/777
f 1877/718/765 1880/730/777 1884/724/771
f 1878/719/766 1880/730/777 1877/718/765
f 1867/728/775 1868/725/772 1866/727/774
f 1869/731/778 1868/725/772 1867/728/775
f 1869/731/778 1867/728/775 1854/732/779
f 1855/733/780 1854/732/779 1867/728/775
f 1865/729/776 1855/733/780 1867/728/775
f 1880/730/777 1878/719/766 1865/729/776
f 1882/734/781 1865/729/776 1878/719/766
f 1865/729/776 1882/734/781 1857/735/782
f 1857/735/782 1855/733/780 1865/729/776
f 1856/736/783 1855/733/780 1857/735/782
f 1855/733/780 1856/736/783 1854/732/779
f 1856/736/783 1846/737/784 1854/732/779
f 1845/738/785 1854/732/779 1846/737/784
f 1846/737/784 1842/739/786 1845/738/785
f 1844/740/787 1842/739/786 1846/737/784
f 1859/741/788 1846/737/784 1856/736/783
f 1842/739/786 1843/742/789 1841/743/790
f 1843/742/789 1842/739/786 1844/740/787
f 1843/742/789 1844/740/787 925/744/791
f 1844/740/787 1849/745/792 925/744/791
f 1860/746/793 1849/745/792 1844/740/787
f 1902/747/794 1849/745/792 1860/746/793
f 1850/748/795 1902/747/794 1853/749/796
f 1902/747/794 1850/748/795 1849/745/792
f 1849/745/792 1850/748/795 931/750/797
f 1849/745/792 931/750/797 925/744/791
f 925/744/791 931/750/797 933/751/798
f 933/751/798 926/752/799 925/744/791
f 1846/737/784 1859/741/788 1844/740/787
f 1859/741/788 1860/746/793 1844/740/787
f 1860/746/793 1859/741/788 1863/753/800
f 1860/746/793 1863/753/800 1902/747/794
f 1863/753/800 1903/754/801 1902/747/794
f 1853/749/796 1902/747/794 1903/754/801
f 1903/754/801 1851/755/802 1853/749/796
f 1852/756/803 1853/749/796 1851/755/802
f 1853/749/796 1852/756/803 1850/748/795
f 1850/748/795 1852/756/803 934/757/804
f 1850/748/795 934/757/804 931/750/797
f 931/750/797 934/757/804 932/758/805
f 932/758/805 933/751/798 931/750/797
f 934/757/804 936/759/806 932/758/805
f 934/757/804 978/760/807 936/759/806
f 1852/756/803 978/760/807 934/757/804
f 933/751/798 932/758/805 989/761/808
f 989/761/808 932/758/805 935/762/809
f 932/758/805 936/759/806 935/762/809
f 936/759/806 937/763/810 935/762/809
f 935/762/809 937/763/810 987/764/811
f 935/762/809 987/764/811 989/761/808
f 947/765/812 989/761/808 987/764/811
f 947/765/812 944/766/813 989/761/808
f 943/767/814 944/766/813 947/765/812
f 988/768/815 947/765/812 987/764/811
f 940/769/816 949/770/817 952/771/818
f 940/769/816 941/772/819 949/770/817
f 941/772/819 940/769/816 939/773/820
f 939/773/820 940/769/816 938/774/821
f 928/775/822 939/773/820 938/774/821
f 928/775/822 943/767/814 939/773/820
f 943/767/814 928/775/822 926/752/799
f 926/752/799 944/766/813 943/767/814
f 926/752/799 933/751/798 944/766/813
f 989/761/808 944/766/813 933/751/798
f 949/770/817 962/776/823 963/777/824
f 949/770/817 966/778/825 962/776/823
f 966/778/825 949/770/817 941/772/819
f 942/779/826 966/778/825 941/772/819
f 939/773/820 942/779/826 941/772/819
f 969/780/827 942/779/826 939/773/820
f 939/773/820 945/781/828 969/780/827
f 945/781/828 939/773/820 943/767/814
f 943/767/814 946/782/829 945/781/828
f 947/765/812 946/782/829 943/767/814
f 948/783/830 946/782/829 947/765/812
f 948/783/830 947/765/812 970/784/831
f 969/780/827 948/783/830 970/784/831
f 970/784/831 942/779/826 969/780/827
f 967/785/832 942/779/826 970/784/831
f 942/779/826 967/785/832 966/778/825
f 970/784/831 971/786/833 967/785/832
f 971/786/833 970/784/831 947/765/812
f 2234/431/834 2743/417/835 506/432/836
f 3745/430/837 2743/417/835 2234/431/834
f 3756/420/838 2743/417/835 3745/430/837
f 3745/430/837 3758/429/839 3756/420/838
f 3739/422/840 3756/420/838 3758/429/839
f 3758/429/839 3747/428/841 3739/422/840
f 3739/422/840 3747/428/841 3746/427/842
f 3746/427/842 2739/424/843 3739/422/840
f 506/432/836 2742/418/844 505/433/845
f 2743/417/835 2742/418/844 506/432/836
f 3757/419/846 2742/418/844 2743/417/835
f 2743/417/835 3756/420/838 3757/419/846
f 3740/421/847 3757/419/846 3756/420/838
f 3756/420/838 3739/422/840 3740/421/847
f 2738/423/848 3740/421/847 3739/422/840
f 3739/422/840 2739/424/843 2738/423/848
f 2739/424/843 2740/425/849 2738/423/848
f 2741/426/850 2740/425/849 2739/424/843
f 3746/427/842 2741/426/850 2739/424/843
f 3748/434/851 2741/426/850 3746/427/842
f 2192/558/852 2193/557/853 2191/559/854
f 2193/557/853 2192/558/852 2196/563/855
f 2198/565/856 2193/557/853 2196/563/855
f 2197/564/857 2198/565/856 2196/563/855
f 2196/563/855 2199/562/858 2197/564/857
f 2199/562/858 2196/563/855 2192/558/852
f 2192/558/852 2195/561/859 2199/562/858
f 2194/560/860 2195/561/859 2192/558/852
f 2192/558/852 2191/559/854 2194/560/860
f 2167/569/861 2172/566/862 2170/572/863
f 2169/568/864 3733/567/865 2172/566/862
f 2172/566/862 2167/569/861 2169/568/864
f 3732/570/866 2169/568/864 2167/569/861
f 2167/569/861 2168/571/867 3732/570/866
f 2168/571/867 2167/569/861 2170/572/863
f 2171/573/868 2168/571/867 2170/572/863
f 2168/571/867 2171/573/868 3732/570/866
f 3732/570/866 2171/573/868 3734/574/869
f 1856/736/783 1861/787/870 1859/741/788
f 1885/788/871 1861/787/870 1856/736/783
f 1856/736/783 1858/789/872 1885/788/871
f 1886/790/873 1885/788/871 1858/789/872
f 1886/790/873 1864/791/874 1885/788/871
f 1857/735/782 1858/789/872 1856/736/783
f 1858/789/872 1857/735/782 1882/734/781
f 1883/792/875 1858/789/872 1882/734/781
f 1886/790/873 1858/789/872 1883/792/875
f 1883/792/875 1887/793/876 1886/790/873
f 1863/753/800 1886/790/873 1887/793/876
f 1863/753/800 1864/791/874 1886/790/873
f 1862/794/877 1864/791/874 1863/753/800
f 1863/753/800 1859/741/788 1862/794/877
f 1862/794/877 1859/741/788 1861/787/870
f 1863/753/800 1904/795/878 1903/754/801
f 1836/796/879 1839/797/880 1838/798/881
f 1838/798/881 1839/797/880 1840/799/882
f 914/800/883 917/801/884 915/802/885
f 915/802/885 917/801/884 1836/796/879
f 1836/796/879 1837/803/886 915/802/885
f 1838/798/881 1837/803/886 1836/796/879
f 1837/803/886 1838/798/881 924/804/887
f 924/804/887 915/802/885 1837/803/886
f 928/775/822 938/774/821 927/805/888
f 923/806/889 928/775/822 927/805/888
f 923/806/889 926/752/799 928/775/822
f 923/806/889 922/807/890 926/752/799
f 925/744/791 926/752/799 922/807/890
f 924/804/887 925/744/791 922/807/890
f 925/744/791 924/804/887 1843/742/789
f 924/804/887 1838/798/881 1843/742/789
f 1843/742/789 1838/798/881 1841/743/790
f 1841/743/790 1838/798/881 1840/799/882
f 922/807/890 923/806/889 921/808/891
f 929/809/892 930/810/893 927/805/888
f 923/806/889 927/805/888 930/810/893
f 930/810/893 920/811/894 923/806/889
f 920/811/894 921/808/891 923/806/889
f 918/812/895 921/808/891 920/811/894
f 922/807/890 921/808/891 918/812/895
f 918/812/895 924/804/887 922/807/890
f 918/812/895 916/813/896 924/804/887
f 915/802/885 924/804/887 916/813/896
f 915/802/885 916/813/896 914/800/883
f 920/811/894 919/814/897 918/812/895
f 918/812/895 919/814/897 914/800/883
f 914/800/883 916/813/896 918/812/895
f 2164/581/898 2165/579/899 2163/582/900
f 2159/576/901 2160/575/902 2158/577/903
f 2161/578/904 2160/575/902 2159/576/901
f 2165/579/899 2160/575/902 2161/578/904
f 2165/579/899 2166/580/905 2160/575/902
f 2166/580/905 2165/579/899 2164/581/898
f 2164/581/898 2158/577/903 2166/580/905
f 2158/577/903 2160/575/902 2166/580/905
f 2159/576/901 2162/583/906 2161/578/904
f 1831/815/907 1832/816/908 1793/817/909
f 1793/817/909 1832/816/908 1794/818/910
f 1935/819/911 1794/818/910 1832/816/908
f 2237/820/912 1794/818/910 1935/819/911
f 1794/818/910 2237/820/912 1795/821/913
f 1794/818/910 1795/821/913 3713/822/914
f 3713/822/914 1790/823/915 1794/818/910
f 1794/818/910 1790/823/915 1793/817/909
f 1775/824/916 1793/817/909 1790/823/915
f 1793/817/909 1775/824/916 1777/825/917
f 1776/826/918 1777/825/917 1775/824/916
f 1777/825/917 1776/826/918 1830/827/919
f 1793/817/909 1777/825/917 1830/827/919
f 1780/828/920 1789/829/921 1782/830/922
f 1789/829/921 1780/828/920 1790/823/915
f 1780/828/920 1775/824/916 1790/823/915
f 3715/831/923 2240/832/924 2239/833/925
f 3713/822/914 2240/832/924 3715/831/923
f 1796/834/926 3713/822/914 3715/831/923
f 1790/823/915 3713/822/914 1796/834/926
f 1796/834/926 1791/835/927 1790/823/915
f 1790/823/915 1791/835/927 1789/829/921
f 1788/836/928 1789/829/921 1791/835/927
f 1782/830/922 1789/829/921 1788/836/928
f 1788/836/928 1783/837/929 1782/830/922
f 1782/830/922 1783/837/929 1781/838/930
f 1791/835/927 1792/839/931 1788/836/928
f 1792/839/931 1791/835/927 3714/840/932
f 1791/835/927 1796/834/926 3714/840/932
f 3715/831/923 3714/840/932 1796/834/926
f 1787/841/933 1785/842/934 1784/843/935
f 1784/843/935 1781/838/930 1787/841/933
f 1781/838/930 1784/843/935 1782/830/922
f 1784/843/935 1786/844/936 1782/830/922
f 1780/828/920 1782/830/922 1786/844/936
f 1786/844/936 1815/845/937 1780/828/920
f 1786/844/936 1816/846/938 1815/845/937
f 1815/845/937 1816/846/938 1827/847/939
f 1816/846/938 1825/848/940 1827/847/939
f 1824/849/941 1827/847/939 1825/848/940
f 1825/848/940 1826/850/942 1824/849/941
f 1827/847/939 1932/851/943 1815/845/937
f 1823/852/944 1821/853/945 1820/854/946
f 1822/855/947 1820/854/946 1821/853/945
f 1821/853/945 1825/848/940 1822/855/947
f 1785/842/934 1822/855/947 1825/848/940
f 1825/848/940 1816/846/938 1785/842/934
f 1816/846/938 1786/844/936 1785/842/934
f 1786/844/936 1784/843/935 1785/842/934
f 1829/856/948 1820/854/946 1828/857/949
f 1819/858/950 1828/857/949 1820/854/946
f 1820/854/946 1817/859/951 1819/858/950
f 1828/857/949 1819/858/950 1817/859/951
f 1817/859/951 1807/860/952 1828/857/949
f 1809/861/953 1807/860/952 1817/859/951
f 1817/859/951 1818/862/954 1809/861/953
f 1818/862/954 1817/859/951 1820/854/946
f 1820/854/946 1933/863/955 1818/862/954
f 1933/863/955 1820/854/946 1822/855/947
f 1806/864/956 1807/860/952 1805/865/957
f 1805/865/957 1807/860/952 1809/861/953
f 1805/865/957 1809/861/953 1808/866/958
f 1808/866/958 1835/867/959 1805/865/957
f 1934/868/960 1835/867/959 1808/866/958
f 3716/869/961 1934/868/960 1808/866/958
f 2238/870/962 1934/868/960 3716/869/961
f 1808/866/958 3717/871/963 3716/869/961
f 1805/865/957 1833/872/964 1806/864/956
f 1805/865/957 1834/873/965 1833/872/964
f 2154/874/966 2157/875/967 2152/876/968
f 2150/877/969 2151/878/970 2149/879/971
f 2151/878/970 2150/877/969 2156/880/972
f 2151/878/970 2156/880/972 2155/881/973
f 2151/878/970 2155/881/973 2154/874/966
f 2154/874/966 2153/882/974 2151/878/970
f 2152/876/968 2153/882/974 2154/874/966
f 2149/879/971 2153/882/974 2152/876/968
f 2151/878/970 2153/882/974 2149/879/971
f 2140/585/975 2138/586/976 3725/587/977
f 2140/585/975 2139/584/978 2138/586/976
f 2139/584/978 3724/588/979 2138/586/976
f 3724/588/979 2139/584/978 3727/589/980
f 2142/590/981 3727/589/980 2139/584/978
f 2139/584/978 2140/585/975 2142/590/981
f 2142/590/981 2140/585/975 2141/591/982
f 2141/591/982 2140/585/975 3725/587/977
f 2141/591/982 3725/587/977 2143/592/983
f 2143/592/983 2144/593/984 2141/591/982
f 3726/594/985 2144/593/984 2143/592/983
f 1992/549/986 2112/555/987 1998/551/988
f 1992/549/986 1993/548/989 1991/550/990
f 1998/551/988 1993/548/989 1992/549/986
f 1993/548/989 1998/551/988 1994/552/991
f 1994/552/991 1997/553/992 1993/548/989
f 1996/554/993 1997/553/992 1994/552/991
f 1997/553/992 1996/554/993 1991/550/990
f 1993/548/989 1997/553/992 1991/550/990
f 1995/556/994 1996/554/993 1994/552/991
f 3708/883/995 3710/884/996 3702/885/997
f 3702/885/997 3700/886/998 3708/883/995
f 1750/887/999 1748/888/1000 1747/889/1001
f 1748/888/1000 1749/890/1002 1747/889/1001
f 1769/891/1003 1749/890/1002 1748/888/1000
f 1769/891/1003 1752/892/1004 1749/890/1002
f 1769/891/1003 3708/883/995 1752/892/1004
f 1752/892/1004 3708/883/995 1753/893/1005
f 1753/893/1005 3708/883/995 3700/886/998
f 1753/893/1005 3700/886/998 3699/894/1006
f 3701/895/1007 3699/894/1006 3700/886/998
f 3700/886/998 3702/885/997 3701/895/1007
f 1751/896/1008 1747/889/1001 1749/890/1002
f 1749/890/1002 1752/892/1004 1751/896/1008
f 1754/897/1009 1751/896/1008 1752/892/1004
f 1754/897/1009 1752/892/1004 1753/893/1005
f 3699/894/1006 1754/897/1009 1753/893/1005
f 1770/898/1010 3708/883/995 1769/891/1003
f 3709/899/1011 3708/883/995 1770/898/1010
f 3709/899/1011 3710/884/996 3708/883/995
f 3711/900/1012 3710/884/996 3709/899/1011
f 3702/885/997 3710/884/996 3711/900/1012
f 3704/901/1013 3702/885/997 3711/900/1012
f 3704/901/1013 3711/900/1012 1772/902/1014
f 3711/900/1012 3712/903/1015 1772/902/1014
f 1772/902/1014 3712/903/1015 1771/904/1016
f 1772/902/1014 1771/904/1016 1773/905/1017
f 3709/899/1011 3712/903/1015 3711/900/1012
f 3703/906/1018 3701/895/1007 3702/885/997
f 3702/885/997 3704/901/1013 3703/906/1018
f 3703/906/1018 3704/901/1013 1755/907/1019
f 1772/902/1014 1755/907/1019 3704/901/1013
f 1772/902/1014 1774/908/1020 1755/907/1019
f 1773/905/1017 1774/908/1020 1772/902/1014
f 1774/908/1020 1773/905/1017 1759/909/1021
f 1761/910/1022 1759/909/1021 1773/905/1017
f 1760/911/1023 1759/909/1021 1761/910/1022
f 1761/910/1022 1762/912/1024 1760/911/1023
f 1759/909/1021 1760/911/1023 1758/913/1025
f 1758/913/1025 1757/914/1026 1759/909/1021
f 1759/909/1021 1757/914/1026 1774/908/1020
f 1755/907/1019 1774/908/1020 1757/914/1026
f 1756/915/1027 1755/907/1019 1757/914/1026
f 1755/907/1019 1756/915/1027 3703/906/1018
f 1757/914/1026 1758/913/1025 1756/915/1027
f 1714/916/1028 1694/917/1029 1695/918/1030
f 1695/918/1030 1713/919/1031 1714/916/1028
f 1707/920/1032 1696/921/1033 1706/922/1034
f 1696/921/1033 1691/923/1035 1706/922/1034
f 1696/921/1033 1695/918/1030 1691/923/1035
f 1691/923/1035 1695/918/1030 1694/917/1029
f 1691/923/1035 1694/917/1029 1692/924/1036
f 1694/917/1029 1714/916/1028 1692/924/1036
f 1714/916/1028 1715/925/1037 1692/924/1036
f 1692/924/1036 1715/925/1037 768/926/1038
f 1711/927/1039 1692/924/1036 768/926/1038
f 1693/928/1040 1692/924/1036 1711/927/1039
f 1692/924/1036 1693/928/1040 1691/923/1035
f 1693/928/1040 1701/929/1041 1691/923/1035
f 1691/923/1035 1701/929/1041 1706/922/1034
f 1708/930/1042 1706/922/1034 1701/929/1041
f 1708/930/1042 1707/920/1032 1706/922/1034
f 1710/931/1043 1707/920/1032 1708/930/1042
f 1696/921/1033 1707/920/1032 1710/931/1043
f 1710/931/1043 1697/932/1044 1696/921/1033
f 1708/930/1042 1702/933/1045 1703/934/1046
f 1708/930/1042 1701/929/1041 1702/933/1045
f 1701/929/1041 1693/928/1040 1689/935/1047
f 1689/935/1047 1702/933/1045 1701/929/1041
f 1702/933/1045 1689/935/1047 1688/936/1048
f 1688/936/1048 1703/934/1046 1702/933/1045
f 1704/937/1049 1703/934/1046 1688/936/1048
f 1704/937/1049 1708/930/1042 1703/934/1046
f 1709/938/1050 1708/930/1042 1704/937/1049
f 1709/938/1050 1710/931/1043 1708/930/1042
f 1697/932/1044 1710/931/1043 1709/938/1050
f 1709/938/1050 1698/939/1051 1697/932/1044
f 1709/938/1050 1704/937/1049 1705/940/1052
f 1688/936/1048 1705/940/1052 1704/937/1049
f 1705/940/1052 1698/939/1051 1709/938/1050
f 1700/941/1053 1698/939/1051 1705/940/1052
f 1700/941/1053 1699/942/1054 1698/939/1051
f 1698/939/1051 1699/942/1054 1697/932/1044
f 1673/943/1055 1671/944/1056 1672/945/1057
f 1732/946/1058 1673/943/1055 1672/945/1057
f 1672/945/1057 1700/941/1053 1732/946/1058
f 1732/946/1058 1700/941/1053 1731/947/1059
f 1731/947/1059 1700/941/1053 1705/940/1052
f 1690/948/1060 1731/947/1059 1705/940/1052
f 1705/940/1052 1688/936/1048 1690/948/1060
f 1687/949/1061 1690/948/1060 1688/936/1048
f 1688/936/1048 1689/935/1047 1687/949/1061
f 1687/949/1061 1689/935/1047 1734/950/1062
f 1734/950/1062 1686/951/1063 1687/949/1061
f 1690/948/1060 1733/952/1064 1731/947/1059
f 1685/953/1065 1733/952/1064 1690/948/1060
f 1690/948/1060 1687/949/1061 1685/953/1065
f 1683/954/1066 1685/953/1065 1687/949/1061
f 1687/949/1061 742/955/1067 1683/954/1066
f 742/955/1067 1687/949/1061 1686/951/1063
f 1686/951/1063 743/956/1068 742/955/1067
f 743/956/1068 740/957/1069 742/955/1067
f 767/958/1070 740/957/1069 743/956/1068
f 750/959/1071 740/957/1069 767/958/1070
f 740/957/1069 796/960/1072 741/961/1073
f 741/961/1073 742/955/1067 740/957/1069
f 1685/953/1065 1683/954/1066 1684/962/1074
f 1684/962/1074 1682/963/1075 1685/953/1065
f 1682/963/1075 1733/952/1064 1685/953/1065
f 1682/963/1075 1673/943/1055 1733/952/1064
f 1673/943/1055 1731/947/1059 1733/952/1064
f 1731/947/1059 1673/943/1055 1732/946/1058
f 740/957/1069 750/959/1071 796/960/1072
f 750/959/1071 746/964/1076 796/960/1072
f 746/964/1076 741/961/1073 796/960/1072
f 741/961/1073 746/964/1076 744/965/1077
f 744/965/1077 745/966/1078 741/961/1073
f 745/966/1078 744/965/1077 761/967/1079
f 761/967/1079 793/968/1080 745/966/1078
f 756/969/1081 793/968/1080 761/967/1079
f 756/969/1081 794/970/1082 793/968/1080
f 760/971/1083 761/967/1079 744/965/1077
f 761/967/1079 760/971/1083 766/972/1084
f 766/972/1084 755/973/1085 761/967/1079
f 755/973/1085 756/969/1081 761/967/1079
f 754/974/1086 756/969/1081 755/973/1085
f 754/974/1086 755/973/1085 753/975/1087
f 766/972/1084 753/975/1087 755/973/1085
f 753/975/1087 766/972/1084 765/976/1088
f 765/976/1088 766/972/1084 764/977/1089
f 764/977/1089 766/972/1084 760/971/1083
f 764/977/1089 760/971/1083 759/978/1090
f 744/965/1077 759/978/1090 760/971/1083
f 758/979/1091 759/978/1090 744/965/1077
f 744/965/1077 746/964/1076 758/979/1091
f 757/980/1092 758/979/1091 746/964/1076
f 746/964/1076 750/959/1071 757/980/1092
f 757/980/1092 764/977/1089 758/979/1091
f 758/979/1091 764/977/1089 759/978/1090
f 757/980/1092 747/981/1093 762/982/1094
f 762/982/1094 764/977/1089 757/980/1092
f 763/983/1095 764/977/1089 762/982/1094
f 763/983/1095 765/976/1088 764/977/1089
f 765/976/1088 763/983/1095 752/984/1096
f 752/984/1096 753/975/1087 765/976/1088
f 753/975/1087 752/984/1096 751/985/1097
f 751/985/1097 754/974/1086 753/975/1087
f 754/974/1086 751/985/1097 770/986/1098
f 754/974/1086 770/986/1098 769/987/1099
f 771/988/1100 772/989/1101 774/990/1102
f 748/991/1103 772/989/1101 771/988/1100
f 771/988/1100 749/992/1104 748/991/1103
f 748/991/1103 749/992/1104 747/981/1093
f 751/985/1097 747/981/1093 749/992/1104
f 751/985/1097 752/984/1096 747/981/1093
f 752/984/1096 762/982/1094 747/981/1093
f 762/982/1094 752/984/1096 763/983/1095
f 774/990/1102 776/993/1105 771/988/1100
f 776/993/1105 774/990/1102 798/994/1106
f 798/994/1106 799/995/1107 776/993/1105
f 799/995/1107 798/994/1106 807/996/1108
f 808/997/1109 799/995/1107 807/996/1108
f 807/996/1108 798/994/1106 805/998/1110
f 797/999/1111 805/998/1110 798/994/1106
f 797/999/1111 798/994/1106 774/990/1102
f 774/990/1102 775/1000/1112 797/999/1111
f 3067/1001/1113 3073/1002/1114 835/1003/1115
f 3073/1002/1114 3067/1001/1113 3066/1004/1116
f 3066/1004/1116 3074/1005/1117 3073/1002/1114
f 3074/1005/1117 3066/1004/1116 808/997/1109
f 808/997/1109 836/1006/1118 3074/1005/1117
f 836/1006/1118 808/997/1109 807/996/1108
f 807/996/1108 837/1007/1119 836/1006/1118
f 838/1008/1120 837/1007/1119 807/996/1108
f 805/998/1110 838/1008/1120 807/996/1108
f 839/1009/1121 838/1008/1120 805/998/1110
f 3067/1001/1113 3064/1010/1122 3066/1004/1116
f 800/1011/1123 3066/1004/1116 3064/1010/1122
f 3066/1004/1116 800/1011/1123 808/997/1109
f 800/1011/1123 799/995/1107 808/997/1109
f 799/995/1107 800/1011/1123 777/1012/1124
f 777/1012/1124 776/993/1105 799/995/1107
f 776/993/1105 777/1012/1124 770/986/1098
f 770/986/1098 771/988/1100 776/993/1105
f 771/988/1100 770/986/1098 751/985/1097
f 751/985/1097 749/992/1104 771/988/1100
f 3064/1010/1122 777/1012/1124 800/1011/1123
f 769/987/1099 770/986/1098 777/1012/1124
f 777/1012/1124 3062/1013/1125 769/987/1099
f 777/1012/1124 3064/1010/1122 3062/1013/1125
f 3062/1013/1125 3064/1010/1122 3065/1014/1126
f 3067/1001/1113 3065/1014/1126 3064/1010/1122
f 809/1015/1127 3065/1014/1126 3067/1001/1113
f 835/1003/1115 809/1015/1127 3067/1001/1113
f 810/1016/1128 809/1015/1127 835/1003/1115
f 834/1017/1129 810/1016/1128 835/1003/1115
f 811/1018/1130 810/1016/1128 834/1017/1129
f 3065/1014/1126 809/1015/1127 801/1019/1131
f 810/1016/1128 801/1019/1131 809/1015/1127
f 785/1020/1132 783/1021/1133 803/1022/1134
f 802/1023/1135 803/1022/1134 783/1021/1133
f 802/1023/1135 812/1024/1136 803/1022/1134
f 812/1024/1136 802/1023/1135 811/1018/1130
f 810/1016/1128 811/1018/1130 802/1023/1135
f 802/1023/1135 801/1019/1131 810/1016/1128
f 779/1025/1137 801/1019/1131 802/1023/1135
f 3065/1014/1126 801/1019/1131 779/1025/1137
f 779/1025/1137 3063/1026/1138 3065/1014/1126
f 3065/1014/1126 3063/1026/1138 3062/1013/1125
f 802/1023/1135 781/1027/1139 779/1025/1137
f 783/1021/1133 781/1027/1139 802/1023/1135
f 1724/1028/1140 786/1029/1141 785/1020/1132
f 785/1020/1132 786/1029/1141 784/1030/1142
f 784/1030/1142 783/1021/1133 785/1020/1132
f 783/1021/1133 784/1030/1142 782/1031/1143
f 782/1031/1143 781/1027/1139 783/1021/1133
f 781/1027/1139 782/1031/1143 780/1032/1144
f 780/1032/1144 779/1025/1137 781/1027/1139
f 779/1025/1137 780/1032/1144 778/1033/1145
f 778/1033/1145 3063/1026/1138 779/1025/1137
f 3061/1034/1146 3063/1026/1138 778/1033/1145
f 780/1032/1144 782/1031/1143 791/1035/1147
f 788/1036/1148 791/1035/1147 782/1031/1143
f 782/1031/1143 784/1030/1142 788/1036/1148
f 784/1030/1142 786/1029/1141 787/1037/1149
f 787/1037/1149 788/1036/1148 784/1030/1142
f 788/1036/1148 787/1037/1149 789/1038/1150
f 789/1038/1150 790/1039/1151 788/1036/1148
f 788/1036/1148 790/1039/1151 791/1035/1147
f 792/1040/1152 791/1035/1147 790/1039/1151
f 791/1035/1147 792/1040/1152 780/1032/1144
f 780/1032/1144 792/1040/1152 3032/1041/1153
f 3032/1041/1153 778/1033/1145 780/1032/1144
f 778/1033/1145 3032/1041/1153 3061/1034/1146
f 3062/1013/1125 3063/1026/1138 3061/1034/1146
f 3061/1034/1146 769/987/1099 3062/1013/1125
f 3061/1034/1146 710/1042/1154 769/987/1099
f 754/974/1086 769/987/1099 710/1042/1154
f 710/1042/1154 712/1043/1155 754/974/1086
f 756/969/1081 754/974/1086 712/1043/1155
f 712/1043/1155 724/1044/1156 756/969/1081
f 794/970/1082 756/969/1081 724/1044/1156
f 724/1044/1156 725/1045/1157 794/970/1082
f 794/970/1082 725/1045/1157 793/968/1080
f 3020/1046/1158 3023/1047/1159 3021/1048/1160
f 706/1049/1161 3021/1048/1160 3023/1047/1159
f 706/1049/1161 3025/1050/1162 3021/1048/1160
f 706/1049/1161 708/1051/1163 3025/1050/1162
f 3025/1050/1162 708/1051/1163 709/1052/1164
f 709/1052/1164 708/1051/1163 711/1053/1165
f 710/1042/1154 709/1052/1164 711/1053/1165
f 711/1053/1165 712/1043/1155 710/1042/1154
f 724/1044/1156 712/1043/1155 711/1053/1165
f 711/1053/1165 723/1054/1166 724/1044/1156
f 713/1055/1167 708/1051/1163 706/1049/1161
f 713/1055/1167 711/1053/1165 708/1051/1163
f 723/1054/1166 711/1053/1165 713/1055/1167
f 3021/1048/1160 3025/1050/1162 3024/1056/1168
f 3061/1034/1146 3032/1041/1153 3029/1057/1169
f 710/1042/1154 3061/1034/1146 3029/1057/1169
f 710/1042/1154 3029/1057/1169 3031/1058/1170
f 3031/1058/1170 709/1052/1164 710/1042/1154
f 3031/1058/1170 3027/1059/1171 709/1052/1164
f 709/1052/1164 3027/1059/1171 3025/1050/1162
f 3025/1050/1162 3027/1059/1171 3026/1060/1172
f 3026/1060/1172 3024/1056/1168 3025/1050/1162
f 3060/1061/1173 3024/1056/1168 3026/1060/1172
f 3060/1061/1173 3021/1048/1160 3024/1056/1168
f 3021/1048/1160 3060/1061/1173 3022/1062/1174
f 3021/1048/1160 3022/1062/1174 3020/1046/1158
f 3036/1063/1175 3028/1064/1176 3030/1065/1177
f 3028/1064/1176 3036/1063/1175 3039/1066/1178
f 3039/1066/1178 3040/1067/1179 3028/1064/1176
f 3028/1064/1176 3040/1067/1179 3026/1060/1172
f 3026/1060/1172 3040/1067/1179 3060/1061/1173
f 3031/1058/1170 3026/1060/1172 3027/1059/1171
f 3026/1060/1172 3031/1058/1170 3028/1064/1176
f 3028/1064/1176 3031/1058/1170 3029/1057/1169
f 3029/1057/1169 3030/1065/1177 3028/1064/1176
f 3030/1065/1177 3029/1057/1169 3032/1041/1153
f 3032/1041/1153 3033/1068/1180 3030/1065/1177
f 3030/1065/1177 3033/1068/1180 3034/1069/1181
f 3034/1069/1181 3035/1070/1182 3030/1065/1177
f 3035/1070/1182 3036/1063/1175 3030/1065/1177
f 3036/1063/1175 3035/1070/1182 3037/1071/1183
f 3037/1071/1183 3038/1072/1184 3036/1063/1175
f 3038/1072/1184 3037/1071/1183 3058/1073/1185
f 3058/1073/1185 3059/1074/1186 3038/1072/1184
f 2107/456/1187 2110/459/1188 2106/458/1189
f 2103/453/1190 2104/452/1191 2102/454/1192
f 2108/455/1193 2104/452/1191 2103/453/1190
f 2104/452/1191 2108/455/1193 2107/456/1187
f 2107/456/1187 2105/457/1194 2104/452/1191
f 2107/456/1187 2106/458/1189 2105/457/1194
f 2105/457/1194 2106/458/1189 2102/454/1192
f 2104/452/1191 2105/457/1194 2102/454/1192
f 2103/453/1190 2109/460/1195 2108/455/1193
f 1676/1075/1196 1675/1076/1197 1665/1077/1198
f 1679/1078/1199 1676/1075/1196 1665/1077/1198
f 1665/1077/1198 1670/1079/1200 1679/1078/1199
f 1665/1077/1198 1671/944/1056 1670/1079/1200
f 1665/1077/1198 1667/1080/1201 1671/944/1056
f 1674/1081/1202 1677/1082/1203 1675/1076/1197
f 1675/1076/1197 1676/1075/1196 1674/1081/1202
f 1678/1083/1204 1674/1081/1202 1676/1075/1196
f 1676/1075/1196 1679/1078/1199 1678/1083/1204
f 1680/1084/1205 1678/1083/1204 1679/1078/1199
f 1679/1078/1199 1681/1085/1206 1680/1084/1205
f 1681/1085/1206 1679/1078/1199 1670/1079/1200
f 1670/1079/1200 1682/963/1075 1681/1085/1206
f 1682/963/1075 1670/1079/1200 1671/944/1056
f 1671/944/1056 1673/943/1055 1682/963/1075
f 1665/1077/1198 1666/1086/1207 1664/1087/1208
f 1664/1087/1208 1667/1080/1201 1665/1077/1198
f 1667/1080/1201 1664/1087/1208 1662/1088/1209
f 1662/1088/1209 1661/1089/1210 1667/1080/1201
f 1671/944/1056 1667/1080/1201 1661/1089/1210
f 1661/1089/1210 1660/1090/1211 1671/944/1056
f 1672/945/1057 1671/944/1056 1660/1090/1211
f 1660/1090/1211 1659/1091/1212 1672/945/1057
f 1700/941/1053 1672/945/1057 1659/1091/1212
f 1659/1091/1212 1699/942/1054 1700/941/1053
f 1661/1089/1210 1662/1088/1209 1654/1092/1213
f 1659/1091/1212 1660/1090/1211 1658/1093/1214
f 1660/1090/1211 1657/1094/1215 1658/1093/1214
f 1656/1095/1216 1657/1094/1215 1660/1090/1211
f 1660/1090/1211 1661/1089/1210 1656/1095/1216
f 1656/1095/1216 1661/1089/1210 1654/1092/1213
f 1656/1095/1216 1654/1092/1213 3654/1096/1217
f 3654/1096/1217 1654/1092/1213 3650/1097/1218
f 3654/1096/1217 3650/1097/1218 3653/1098/1219
f 1657/1094/1215 1656/1095/1216 3654/1096/1217
f 3655/1099/1220 3660/1100/1221 1657/1094/1215
f 3654/1096/1217 3655/1099/1220 1657/1094/1215
f 3654/1096/1217 3656/1101/1222 3655/1099/1220
f 3653/1098/1219 3656/1101/1222 3654/1096/1217
f 3656/1101/1222 3653/1098/1219 3689/1102/1223
f 3653/1098/1219 3650/1097/1218 3689/1102/1223
f 3650/1097/1218 3652/1103/1224 3689/1102/1223
f 3649/1104/1225 3652/1103/1224 3650/1097/1218
f 3650/1097/1218 3651/1105/1226 3649/1104/1225
f 3651/1105/1226 3650/1097/1218 1654/1092/1213
f 3656/1101/1222 3660/1100/1221 3655/1099/1220
f 3660/1100/1221 3656/1101/1222 3658/1106/1227
f 3657/1107/1228 3660/1100/1221 3658/1106/1227
f 3658/1106/1227 3659/1108/1229 3657/1107/1228
f 3658/1106/1227 3665/1109/1230 3659/1108/1229
f 3668/1110/1231 3665/1109/1230 3658/1106/1227
f 3658/1106/1227 3669/1111/1232 3668/1110/1231
f 3669/1111/1232 3658/1106/1227 3656/1101/1222
f 3689/1102/1223 3669/1111/1232 3656/1101/1222
f 3661/1112/1233 3657/1107/1228 3659/1108/1229
f 3659/1108/1229 3662/1113/1234 3661/1112/1233
f 3662/1113/1234 3659/1108/1229 3663/1114/1235
f 3659/1108/1229 3664/1115/1236 3663/1114/1235
f 3659/1108/1229 3665/1109/1230 3664/1115/1236
f 3666/1116/1237 3664/1115/1236 3665/1109/1230
f 3665/1109/1230 3667/1117/1238 3666/1116/1237
f 3687/1118/1239 3666/1116/1237 3667/1117/1238
f 3667/1117/1238 3688/1119/1240 3687/1118/1239
f 3661/1112/1233 1730/1120/1241 1720/1121/1242
f 1739/1122/1243 1721/1123/1244 1723/1124/1245
f 1721/1123/1244 1739/1122/1243 1719/1125/1246
f 1721/1123/1244 1719/1125/1246 1720/1121/1242
f 3693/1126/1247 1720/1121/1242 1719/1125/1246
f 1720/1121/1242 3693/1126/1247 3661/1112/1233
f 3690/1127/1248 3661/1112/1233 3693/1126/1247
f 3661/1112/1233 3690/1127/1248 3657/1107/1228
f 3657/1107/1228 3690/1127/1248 1658/1093/1214
f 3660/1100/1221 3657/1107/1228 1658/1093/1214
f 1658/1093/1214 1657/1094/1215 3660/1100/1221
f 3693/1126/1247 3692/1128/1249 3690/1127/1248
f 1719/1125/1246 3692/1128/1249 3693/1126/1247
f 1699/942/1054 1659/1091/1212 1658/1093/1214
f 1658/1093/1214 1712/1129/1250 1699/942/1054
f 3690/1127/1248 1712/1129/1250 1658/1093/1214
f 3691/1130/1251 1712/1129/1250 3690/1127/1248
f 3690/1127/1248 3692/1128/1249 3691/1130/1251
f 3691/1130/1251 3692/1128/1249 3695/1131/1252
f 3695/1131/1252 3692/1128/1249 1719/1125/1246
f 1719/1125/1246 1738/1132/1253 3695/1131/1252
f 1739/1122/1243 1738/1132/1253 1719/1125/1246
f 1744/1133/1254 1738/1132/1253 1739/1122/1243
f 1695/918/1030 1696/921/1033 1697/932/1044
f 1697/932/1044 1699/942/1054 1695/918/1030
f 1695/918/1030 1699/942/1054 1713/919/1031
f 1699/942/1054 1712/1129/1250 1713/919/1031
f 1713/919/1031 1712/1129/1250 1718/1134/1255
f 1712/1129/1250 3691/1130/1251 1718/1134/1255
f 1718/1134/1255 3691/1130/1251 3694/1135/1256
f 3695/1131/1252 3694/1135/1256 3691/1130/1251
f 3696/1136/1257 3694/1135/1256 3697/1137/1258
f 3695/1131/1252 3697/1137/1258 3694/1135/1256
f 3697/1137/1258 3695/1131/1252 3698/1138/1259
f 1738/1132/1253 3698/1138/1259 3695/1131/1252
f 1738/1132/1253 1744/1133/1254 3698/1138/1259
f 3705/1139/1260 3698/1138/1259 1744/1133/1254
f 3705/1139/1260 1744/1133/1254 1765/1140/1261
f 3697/1137/1258 3698/1138/1259 3705/1139/1260
f 3705/1139/1260 3706/1141/1262 3697/1137/1258
f 3696/1136/1257 3697/1137/1258 3706/1141/1262
f 3706/1141/1262 3707/1142/1263 3696/1136/1257
f 3696/1136/1257 3707/1142/1263 1743/1143/1264
f 1766/1144/1265 1743/1143/1264 3707/1142/1263
f 1743/1143/1264 1766/1144/1265 1742/1145/1266
f 1767/1146/1267 1742/1145/1266 1766/1144/1265
f 1768/1147/1268 1742/1145/1266 1767/1146/1267
f 1742/1145/1266 1768/1147/1268 1741/1148/1269
f 1741/1148/1269 1768/1147/1268 839/1009/1121
f 839/1009/1121 806/1149/1270 1741/1148/1269
f 805/998/1110 806/1149/1270 839/1009/1121
f 797/999/1111 806/1149/1270 805/998/1110
f 1741/1148/1269 806/1149/1270 797/999/1111
f 1735/1150/1271 1741/1148/1269 797/999/1111
f 1742/1145/1266 1741/1148/1269 1735/1150/1271
f 1735/1150/1271 1736/1151/1272 1742/1145/1266
f 1743/1143/1264 1742/1145/1266 1736/1151/1272
f 1736/1151/1272 1737/1152/1273 1743/1143/1264
f 3696/1136/1257 1743/1143/1264 1737/1152/1273
f 1737/1152/1273 3694/1135/1256 3696/1136/1257
f 3694/1135/1256 1737/1152/1273 1718/1134/1255
f 1718/1134/1255 1737/1152/1273 1736/1151/1272
f 1736/1151/1272 1717/1153/1274 1718/1134/1255
f 1717/1153/1274 1736/1151/1272 1735/1150/1271
f 1735/1150/1271 1716/1154/1275 1717/1153/1274
f 1716/1154/1275 1735/1150/1271 797/999/1111
f 797/999/1111 775/1000/1112 1716/1154/1275
f 1716/1154/1275 775/1000/1112 773/1155/1276
f 773/1155/1276 775/1000/1112 774/990/1102
f 774/990/1102 772/989/1101 773/1155/1276
f 1713/919/1031 1718/1134/1255 1717/1153/1274
f 1717/1153/1274 1714/916/1028 1713/919/1031
f 1714/916/1028 1717/1153/1274 1716/1154/1275
f 1716/1154/1275 1715/925/1037 1714/916/1028
f 773/1155/1276 1715/925/1037 1716/1154/1275
f 1715/925/1037 773/1155/1276 768/926/1038
f 768/926/1038 773/1155/1276 772/989/1101
f 772/989/1101 748/991/1103 768/926/1038
f 1689/935/1047 1693/928/1040 1734/950/1062
f 1693/928/1040 1686/951/1063 1734/950/1062
f 1711/927/1039 1686/951/1063 1693/928/1040
f 743/956/1068 1686/951/1063 1711/927/1039
f 1711/927/1039 768/926/1038 743/956/1068
f 743/956/1068 768/926/1038 767/958/1070
f 748/991/1103 767/958/1070 768/926/1038
f 767/958/1070 748/991/1103 750/959/1071
f 747/981/1093 750/959/1071 748/991/1103
f 750/959/1071 747/981/1093 757/980/1092
f 2099/483/1277 2093/481/1278 2092/482/1279
f 2093/481/1278 2094/480/1280 2092/482/1279
f 2094/480/1280 2098/488/1281 2092/482/1279
f 2097/487/1282 2098/488/1281 2094/480/1280
f 2094/480/1280 2096/486/1283 2097/487/1282
f 2095/485/1284 2096/486/1283 2094/480/1280
f 2094/480/1280 2093/481/1278 2095/485/1284
f 2095/485/1284 2093/481/1278 2100/484/1285
f 2100/484/1285 2093/481/1278 2099/483/1277
f 2095/485/1284 2100/484/1285 2099/483/1277
f 2099/483/1277 2101/489/1286 2095/485/1284
f 2085/490/1287 2084/491/1288 2088/496/1289
f 2088/496/1289 2090/495/1290 2085/490/1287
f 2085/490/1287 2090/495/1290 2091/494/1291
f 2091/494/1291 2086/493/1292 2085/490/1287
f 2085/490/1287 2086/493/1292 2083/492/1293
f 2084/491/1288 2085/490/1287 2083/492/1293
f 2087/497/1294 2084/491/1288 2083/492/1293
f 2084/491/1288 2087/497/1294 2088/496/1289
f 2089/498/1295 2088/496/1289 2087/497/1294
f 2035/876/1296 2040/875/1297 2037/874/1298
f 2033/878/1299 2034/877/1300 2032/879/1301
f 2034/877/1300 2033/878/1299 2039/880/1302
f 2038/881/1303 2039/880/1302 2033/878/1299
f 2037/874/1298 2038/881/1303 2033/878/1299
f 2033/878/1299 2036/882/1304 2037/874/1298
f 2037/874/1298 2036/882/1304 2035/876/1296
f 2036/882/1304 2032/879/1301 2035/876/1296
f 2036/882/1304 2033/878/1299 2032/879/1301
f 3673/1156/1305 3671/1157/1306 3677/1158/1307
f 3677/1158/1307 3675/1159/1308 3673/1156/1305
f 3675/1159/1308 3677/1158/1307 3630/1160/1309
f 1651/1161/1310 3672/1162/1311 3670/1163/1312
f 3670/1163/1312 3671/1157/1306 1651/1161/1310
f 1652/1164/1313 1651/1161/1310 3671/1157/1306
f 3671/1157/1306 3673/1156/1305 1652/1164/1313
f 3673/1156/1305 3674/1165/1314 1652/1164/1313
f 3674/1165/1314 3673/1156/1305 3675/1159/1308
f 3675/1159/1308 3676/1166/1315 3674/1165/1314
f 3676/1166/1315 3675/1159/1308 3685/1167/1316
f 3630/1160/1309 3685/1167/1316 3675/1159/1308
f 3629/1168/1317 3685/1167/1316 3630/1160/1309
f 1652/1164/1313 3674/1165/1314 1653/1169/1318
f 3685/1167/1316 3686/1170/1319 3676/1166/1315
f 3686/1170/1319 3685/1167/1316 3629/1168/1317
f 3629/1168/1317 1649/1171/1320 3686/1170/1319
f 1649/1171/1320 3629/1168/1317 3473/1172/1321
f 3461/1173/1322 1649/1171/1320 3473/1172/1321
f 3461/1173/1322 3473/1172/1321 3462/1174/1323
f 3461/1173/1322 3462/1174/1323 3429/1175/1324
f 3429/1175/1324 1547/1176/1325 3461/1173/1322
f 1547/1176/1325 3429/1175/1324 3427/1177/1326
f 3430/1178/1327 3427/1177/1326 3429/1175/1324
f 3629/1168/1317 3630/1160/1309 3475/1179/1328
f 3473/1172/1321 3629/1168/1317 3475/1179/1328
f 3475/1179/1328 3474/1180/1329 3473/1172/1321
f 3473/1172/1321 3474/1180/1329 3462/1174/1323
f 3462/1174/1323 3474/1180/1329 3463/1181/1330
f 3429/1175/1324 3462/1174/1323 3463/1181/1330
f 3463/1181/1330 3431/1182/1331 3429/1175/1324
f 3429/1175/1324 3431/1182/1331 3430/1178/1327
f 3432/1183/1332 3430/1178/1327 3431/1182/1331
f 3430/1178/1327 3432/1183/1332 3452/1184/1333
f 3431/1182/1331 3433/1185/1334 3432/1183/1332
f 3433/1185/1334 3431/1182/1331 3464/1186/1335
f 3464/1186/1335 3431/1182/1331 3463/1181/1330
f 3425/1187/1336 3433/1185/1334 3470/1188/1337
f 3464/1186/1335 3470/1188/1337 3433/1185/1334
f 3470/1188/1337 3464/1186/1335 3465/1189/1338
f 3465/1189/1338 3464/1186/1335 3463/1181/1330
f 3463/1181/1330 3466/1190/1339 3465/1189/1338
f 3466/1190/1339 3463/1181/1330 3474/1180/1329
f 3474/1180/1329 3477/1191/1340 3466/1190/1339
f 3477/1191/1340 3474/1180/1329 3475/1179/1328
f 3477/1191/1340 3475/1179/1328 3476/1192/1341
f 3476/1192/1341 3475/1179/1328 3630/1160/1309
f 3466/1190/1339 3477/1191/1340 3495/1193/1342
f 3532/1194/1343 3466/1190/1339 3495/1193/1342
f 3532/1194/1343 3533/1195/1344 3466/1190/1339
f 3533/1195/1344 3465/1189/1338 3466/1190/1339
f 3533/1195/1344 3516/1196/1345 3465/1189/1338
f 3465/1189/1338 3471/1197/1346 3470/1188/1337
f 3471/1197/1346 3465/1189/1338 3514/1198/1347
f 3516/1196/1345 3514/1198/1347 3465/1189/1338
f 3514/1198/1347 3516/1196/1345 3517/1199/1348
f 3517/1199/1348 3545/1200/1349 3544/1201/1350
f 3497/1202/1351 3545/1200/1349 3517/1199/1348
f 3510/1203/1352 3515/1204/1353 3514/1198/1347
f 3517/1199/1348 3510/1203/1352 3514/1198/1347
f 3510/1203/1352 3517/1199/1348 3543/1205/1354
f 3517/1199/1348 3544/1201/1350 3543/1205/1354
f 3544/1201/1350 3579/1206/1355 3543/1205/1354
f 3581/1207/1356 3579/1206/1355 3544/1201/1350
f 3512/1208/1357 3515/1204/1353 3510/1203/1352
f 3543/1205/1354 3511/1209/1358 3510/1203/1352
f 3511/1209/1358 3512/1208/1357 3510/1203/1352
f 3511/1209/1358 3513/1210/1359 3512/1208/1357
f 3681/1211/1360 3633/1212/1361 3632/1213/1362
f 3632/1213/1362 3633/1212/1361 3481/1214/1363
f 3481/1214/1363 3479/1215/1364 3632/1213/1362
f 3480/1216/1365 3479/1215/1364 3481/1214/1363
f 3479/1215/1364 3480/1216/1365 3478/1217/1366
f 3497/1202/1351 3478/1217/1366 3480/1216/1365
f 3496/1218/1367 3478/1217/1366 3497/1202/1351
f 3517/1199/1348 3496/1218/1367 3497/1202/1351
f 3535/1219/1368 3496/1218/1367 3517/1199/1348
f 3535/1219/1368 3517/1199/1348 3534/1220/1369
f 3481/1214/1363 3482/1221/1370 3480/1216/1365
f 3482/1221/1370 3499/1222/1371 3480/1216/1365
f 3480/1216/1365 3499/1222/1371 3498/1223/1372
f 3480/1216/1365 3498/1223/1372 3497/1202/1351
f 3534/1220/1369 3517/1199/1348 3516/1196/1345
f 3534/1220/1369 3516/1196/1345 3495/1193/1342
f 3495/1193/1342 3540/1224/1373 3534/1220/1369
f 3540/1224/1373 3495/1193/1342 3496/1218/1367
f 3478/1217/1366 3496/1218/1367 3495/1193/1342
f 3495/1193/1342 3477/1191/1340 3478/1217/1366
f 3476/1192/1341 3478/1217/1366 3477/1191/1340
f 3478/1217/1366 3476/1192/1341 3479/1215/1364
f 3479/1215/1364 3476/1192/1341 3631/1225/1374
f 3632/1213/1362 3479/1215/1364 3631/1225/1374
f 3679/1226/1375 3632/1213/1362 3631/1225/1374
f 3631/1225/1374 3678/1227/1376 3679/1226/1375
f 3631/1225/1374 3476/1192/1341 3630/1160/1309
f 3677/1158/1307 3631/1225/1374 3630/1160/1309
f 3677/1158/1307 3678/1227/1376 3631/1225/1374
f 3678/1227/1376 3677/1158/1307 3671/1157/1306
f 3671/1157/1306 3670/1163/1312 3678/1227/1376
f 3678/1227/1376 3670/1163/1312 3682/1228/1377
f 3682/1228/1377 3679/1226/1375 3678/1227/1376
f 3679/1226/1375 3682/1228/1377 3680/1229/1378
f 3680/1229/1378 3681/1211/1360 3679/1226/1375
f 3632/1213/1362 3679/1226/1375 3681/1211/1360
f 2026/523/1379 2027/522/1380 2025/524/1381
f 2027/522/1380 2026/523/1379 2029/525/1382
f 2027/522/1380 2029/525/1382 3720/526/1383
f 3720/526/1383 2029/525/1382 2026/523/1379
f 2026/523/1379 2028/527/1384 3720/526/1383
f 2031/528/1385 2028/527/1384 2026/523/1379
f 2026/523/1379 2025/524/1381 2031/528/1385
f 2031/528/1385 2025/524/1381 2030/529/1386
f 3644/1230/1387 3643/1231/1388 3648/1232/1389
f 3648/1232/1389 3645/1233/1390 3644/1230/1387
f 3645/1233/1390 3648/1232/1389 3646/1234/1391
f 3646/1234/1391 3647/1235/1392 3645/1233/1390
f 3643/1231/1388 3644/1230/1387 1650/1236/1393
f 1650/1236/1393 3636/1237/1394 3643/1231/1388
f 3636/1237/1394 3635/1238/1395 3643/1231/1388
f 3643/1231/1388 3635/1238/1395 3634/1239/1396
f 3648/1232/1389 3643/1231/1388 3634/1239/1396
f 3634/1239/1396 3683/1240/1397 3648/1232/1389
f 3646/1234/1391 3648/1232/1389 3683/1240/1397
f 3683/1240/1397 3684/1241/1398 3646/1234/1391
f 3489/1242/1399 3636/1237/1394 3487/1243/1400
f 3636/1237/1394 3489/1242/1399 3635/1238/1395
f 3486/1244/1401 3635/1238/1395 3489/1242/1399
f 3635/1238/1395 3486/1244/1401 3634/1239/1396
f 3483/1245/1402 3634/1239/1396 3486/1244/1401
f 3484/1246/1403 3485/1247/1404 3483/1245/1402
f 3483/1245/1402 3486/1244/1401 3484/1246/1403
f 3486/1244/1401 3490/1248/1405 3484/1246/1403
f 3490/1248/1405 3486/1244/1401 3489/1242/1399
f 3490/1248/1405 3489/1242/1399 3488/1249/1406
f 3488/1249/1406 3489/1242/1399 3487/1243/1400
f 3488/1249/1406 3487/1243/1400 3493/1250/1407
f 3493/1250/1407 3487/1243/1400 3492/1251/1408
f 3504/1252/1409 3493/1250/1407 3492/1251/1408
f 3492/1251/1408 3505/1253/1410 3504/1252/1409
f 3493/1250/1407 3504/1252/1409 3488/1249/1406
f 3519/1254/1411 3520/1255/1412 3507/1256/1413
f 3468/1257/1414 3507/1256/1413 3520/1255/1412
f 3468/1257/1414 3520/1255/1412 3504/1252/1409
f 3504/1252/1409 3520/1255/1412 3502/1258/1415
f 3502/1258/1415 3488/1249/1406 3504/1252/1409
f 3490/1248/1405 3488/1249/1406 3502/1258/1415
f 3468/1257/1414 3467/1259/1416 3506/1260/1417
f 3506/1260/1417 3507/1256/1413 3468/1257/1414
f 3508/1261/1418 3507/1256/1413 3506/1260/1417
f 3507/1256/1413 3508/1261/1418 3519/1254/1411
f 3518/1262/1419 3519/1254/1411 3508/1261/1418
f 3580/1263/1420 3519/1254/1411 3518/1262/1419
f 3506/1260/1417 3509/1264/1421 3508/1261/1418
f 3500/1265/1422 3485/1247/1404 3484/1246/1403
f 3484/1246/1403 3501/1266/1423 3500/1265/1422
f 3501/1266/1423 3484/1246/1403 3490/1248/1405
f 3490/1248/1405 3503/1267/1424 3501/1266/1423
f 3503/1267/1424 3490/1248/1405 3502/1258/1415
f 3521/1268/1425 3503/1267/1424 3502/1258/1415
f 3502/1258/1415 3520/1255/1412 3521/1268/1425
f 3589/1269/1426 3521/1268/1425 3520/1255/1412
f 3520/1255/1412 3519/1254/1411 3589/1269/1426
f 3589/1269/1426 3519/1254/1411 3501/1266/1423
f 3546/1270/1427 3501/1266/1423 3519/1254/1411
f 3546/1270/1427 3500/1265/1422 3501/1266/1423
f 3570/1271/1428 3500/1265/1422 3546/1270/1427
f 3570/1271/1428 3485/1247/1404 3500/1265/1422
f 3571/1272/1429 3485/1247/1404 3570/1271/1428
f 1624/1273/1430 1627/1274/1431 1625/1275/1432
f 1625/1275/1432 1626/1276/1433 1624/1273/1430
f 1599/1277/1434 1626/1276/1433 1625/1275/1432
f 1625/1275/1432 1613/1278/1435 1599/1277/1434
f 1603/1279/1436 1624/1273/1430 1626/1276/1433
f 1613/1278/1435 1614/1280/1437 1600/1281/1438
f 1600/1281/1438 1599/1277/1434 1613/1278/1435
f 1600/1281/1438 1598/1282/1439 1599/1277/1434
f 1601/1283/1440 1599/1277/1434 1598/1282/1439
f 1626/1276/1433 1599/1277/1434 1601/1283/1440
f 1601/1283/1440 1606/1284/1441 1626/1276/1433
f 1626/1276/1433 1606/1284/1441 1603/1279/1436
f 1603/1279/1436 1606/1284/1441 1605/1285/1442
f 1605/1285/1442 1594/1286/1443 1603/1279/1436
f 1594/1286/1443 1605/1285/1442 1593/1287/1444
f 1567/1288/1445 1595/1289/1446 1594/1286/1443
f 1596/1290/1447 1594/1286/1443 1595/1289/1446
f 1603/1279/1436 1594/1286/1443 1596/1290/1447
f 1602/1291/1448 1603/1279/1436 1596/1290/1447
f 1596/1290/1447 1615/1292/1449 1602/1291/1448
f 1593/1287/1444 1567/1288/1445 1594/1286/1443
f 1593/1287/1444 1565/1293/1450 1567/1288/1445
f 1566/1294/1451 1567/1288/1445 1565/1293/1450
f 1565/1293/1450 1564/1295/1452 1566/1294/1451
f 1571/1296/1453 1566/1294/1451 1564/1295/1452
f 1564/1295/1452 1562/1297/1454 1571/1296/1453
f 1571/1296/1453 1562/1297/1454 1570/1298/1455
f 1562/1297/1454 1561/1299/1456 1570/1298/1455
f 1558/1300/1457 1561/1299/1456 1562/1297/1454
f 1561/1299/1456 1558/1300/1457 1560/1301/1458
f 1570/1298/1455 1561/1299/1456 1560/1301/1458
f 1569/1302/1459 1570/1298/1455 1560/1301/1458
f 1555/1303/1460 1569/1302/1459 1560/1301/1458
f 1569/1302/1459 1555/1303/1460 1568/1304/1461
f 1555/1303/1460 1554/1305/1462 1568/1304/1461
f 1559/1306/1463 1560/1301/1458 1558/1300/1457
f 1555/1303/1460 1560/1301/1458 1559/1306/1463
f 1559/1306/1463 1556/1307/1464 1555/1303/1460
f 1555/1303/1460 1556/1307/1464 1554/1305/1462
f 1556/1307/1464 1557/1308/1465 1554/1305/1462
f 1592/1309/1466 1557/1308/1465 1556/1307/1464
f 1557/1308/1465 1592/1309/1466 1591/1310/1467
f 1642/1311/1468 1591/1310/1467 1592/1309/1466
f 1591/1310/1467 1642/1311/1468 1604/1312/1469
f 1643/1313/1470 1604/1312/1469 1642/1311/1468
f 1604/1312/1469 1643/1313/1470 1645/1314/1471
f 1643/1313/1470 1648/1315/1472 1645/1314/1471
f 1642/1311/1468 1644/1316/1473 1643/1313/1470
f 1645/1314/1471 1593/1287/1444 1605/1285/1442
f 1645/1314/1471 1605/1285/1442 1604/1312/1469
f 1605/1285/1442 1606/1284/1441 1604/1312/1469
f 1606/1284/1441 1601/1283/1440 1604/1312/1469
f 1604/1312/1469 1601/1283/1440 1591/1310/1467
f 1601/1283/1440 1598/1282/1439 1591/1310/1467
f 1578/1317/1474 1591/1310/1467 1598/1282/1439
f 1591/1310/1467 1578/1317/1474 1557/1308/1465
f 1577/1318/1475 1557/1308/1465 1578/1317/1474
f 1578/1317/1474 1579/1319/1476 1577/1318/1475
f 1628/1320/1477 1557/1308/1465 1577/1318/1475
f 1579/1319/1476 1597/1321/1478 1616/1322/1479
f 1597/1321/1478 1579/1319/1476 1578/1317/1474
f 1578/1317/1474 1598/1282/1439 1597/1321/1478
f 1779/1323/1480 1804/1324/1481 1799/1325/1482
f 1778/1326/1483 1804/1324/1481 1779/1323/1480
f 1830/827/919 1776/826/918 1798/1327/1484
f 1799/1325/1482 1798/1327/1484 1776/826/918
f 1798/1327/1484 1799/1325/1482 1797/1328/1485
f 1797/1328/1485 1799/1325/1482 1804/1324/1481
f 1797/1328/1485 1804/1324/1481 1803/1329/1486
f 1803/1329/1486 1802/1330/1487 1797/1328/1485
f 1803/1329/1486 1815/845/937 1802/1330/1487
f 1803/1329/1486 1778/1326/1483 1815/845/937
f 1815/845/937 1778/1326/1483 1780/828/920
f 1779/1323/1480 1780/828/920 1778/1326/1483
f 1780/828/920 1779/1323/1480 1775/824/916
f 1799/1325/1482 1775/824/916 1779/1323/1480
f 1799/1325/1482 1776/826/918 1775/824/916
f 1797/1328/1485 1800/1331/1488 1798/1327/1484
f 1802/1330/1487 1800/1331/1488 1797/1328/1485
f 1800/1331/1488 1802/1330/1487 1801/1332/1489
f 1889/793/1490 1890/795/1490 1888/753/1490
f 3582/1333/1491 3583/1334/1492 3524/1335/1493
f 3524/1335/1493 3583/1334/1492 3588/1336/1494
f 3588/1336/1494 3522/1337/1495 3524/1335/1493
f 3522/1337/1495 3588/1336/1494 3586/1338/1496
f 3586/1338/1496 3587/1339/1497 3522/1337/1495
f 3523/1340/1498 3524/1335/1493 3522/1337/1495
f 3523/1340/1498 3525/1341/1499 3524/1335/1493
f 3524/1335/1493 3525/1341/1499 3582/1333/1491
f 3525/1341/1499 3584/1342/1500 3582/1333/1491
f 3584/1342/1500 3525/1341/1499 3585/1343/1501
f 3556/1344/1502 3578/1345/1503 1551/1346/1504
f 1550/1347/1505 1551/1346/1504 3578/1345/1503
f 1550/1347/1505 1549/1348/1506 1551/1346/1504
f 1551/1346/1504 1549/1348/1506 1548/1349/1507
f 1548/1349/1507 3554/1350/1508 1551/1346/1504
f 1551/1346/1504 3554/1350/1508 3556/1344/1502
f 3555/1351/1509 3556/1344/1502 3554/1350/1508
f 3554/1350/1508 3557/1352/1510 3555/1351/1509
f 3553/1353/1511 3557/1352/1510 3554/1350/1508
f 3554/1350/1508 1548/1349/1507 3553/1353/1511
f 1548/1349/1507 3547/1354/1512 3553/1353/1511
f 1548/1349/1507 3548/1355/1513 3547/1354/1512
f 3548/1355/1513 3549/1356/1514 3547/1354/1512
f 3549/1356/1514 3550/1357/1515 3547/1354/1512
f 3551/1358/1516 3550/1357/1515 3549/1356/1514
f 3549/1356/1514 3552/1359/1517 3551/1358/1516
f 3577/1360/1518 3552/1359/1517 3549/1356/1514
f 3549/1356/1514 1550/1347/1505 3577/1360/1518
f 1550/1347/1505 3549/1356/1514 3548/1355/1513
f 1549/1348/1506 1550/1347/1505 3548/1355/1513
f 3548/1355/1513 1548/1349/1507 1549/1348/1506
f 1811/1361/1519 1812/1362/1520 1810/1363/1521
f 1811/1361/1519 1931/1364/1522 1812/1362/1520
f 1813/1365/1523 1931/1364/1522 1811/1361/1519
f 1810/1363/1521 1813/1365/1523 1811/1361/1519
f 1810/1363/1521 1814/1366/1524 1813/1365/1523
f 3537/1367/1525 3541/1368/1526 3542/1369/1527
f 3537/1367/1525 3536/1370/1528 3541/1368/1526
f 3537/1367/1525 3538/1371/1529 3536/1370/1528
f 3537/1367/1525 3539/1372/1530 3538/1371/1529
f 3315/1373/1531 3313/1374/1531 3314/1375/1531
f 804/1376/1532 813/1377/1533 1740/1378/1534
f 813/1377/1533 1746/1379/1535 1740/1378/1534
f 1740/1378/1534 1746/1379/1535 1739/1122/1243
f 1746/1379/1535 1745/1380/1536 1739/1122/1243
f 1739/1122/1243 1745/1380/1536 1744/1133/1254
f 1745/1380/1536 1765/1140/1261 1744/1133/1254
f 1765/1140/1261 1745/1380/1536 1764/1381/1537
f 1764/1381/1537 1745/1380/1536 1746/1379/1535
f 1764/1381/1537 1746/1379/1535 1763/1382/1538
f 1763/1382/1538 1746/1379/1535 813/1377/1533
f 813/1377/1533 832/1383/1539 1763/1382/1538
f 831/1384/1540 832/1383/1539 813/1377/1533
f 833/1385/1541 811/1018/1130 834/1017/1129
f 811/1018/1130 833/1385/1541 812/1024/1136
f 833/1385/1541 831/1384/1540 812/1024/1136
f 813/1377/1533 812/1024/1136 831/1384/1540
f 813/1377/1533 803/1022/1134 812/1024/1136
f 803/1022/1134 813/1377/1533 804/1376/1532
f 803/1022/1134 804/1376/1532 785/1020/1132
f 785/1020/1132 804/1376/1532 1740/1378/1534
f 1740/1378/1534 1723/1124/1245 785/1020/1132
f 1723/1124/1245 1740/1378/1534 1739/1122/1243
f 1722/1386/1542 1729/1387/1543 1726/1388/1544
f 1726/1388/1544 1724/1028/1140 1722/1386/1542
f 1722/1386/1542 1724/1028/1140 1723/1124/1245
f 785/1020/1132 1723/1124/1245 1724/1028/1140
f 1723/1124/1245 1721/1123/1244 1722/1386/1542
f 1720/1121/1242 1722/1386/1542 1721/1123/1244
f 1729/1387/1543 1722/1386/1542 1720/1121/1242
f 1720/1121/1242 1730/1120/1241 1729/1387/1543
f 1730/1120/1241 1728/1389/1545 1729/1387/1543
f 1726/1388/1544 1729/1387/1543 1728/1389/1545
f 1726/1388/1544 1728/1389/1545 1727/1390/1546
f 1727/1390/1546 1725/1391/1547 1726/1388/1544
f 1724/1028/1140 1726/1388/1544 1725/1391/1547
f 1725/1391/1547 786/1029/1141 1724/1028/1140
f 3421/1392/1548 3424/1393/1549 3422/1394/1550
f 3422/1394/1550 3423/1395/1551 3421/1392/1548
f 3423/1395/1551 3422/1394/1550 3426/1396/1552
f 3423/1395/1551 3426/1396/1552 3425/1187/1336
f 3425/1187/1336 3470/1188/1337 3423/1395/1551
f 3469/1397/1553 3423/1395/1551 3470/1188/1337
f 3470/1188/1337 3472/1398/1554 3469/1397/1553
f 3471/1197/1346 3472/1398/1554 3470/1188/1337
f 3515/1204/1353 3472/1398/1554 3471/1197/1346
f 3471/1197/1346 3514/1198/1347 3515/1204/1353
f 3421/1392/1548 3423/1395/1551 3469/1397/1553
f 3455/1399/1555 3442/1400/1556 3443/1401/1557
f 3337/1402/1558 3443/1401/1557 3442/1400/1556
f 3442/1400/1556 3444/1403/1559 3337/1402/1558
f 3424/1393/1549 3444/1403/1559 3442/1400/1556
f 3424/1393/1549 3442/1400/1556 3422/1394/1550
f 3422/1394/1550 3442/1400/1556 3453/1404/1560
f 3426/1396/1552 3422/1394/1550 3453/1404/1560
f 3432/1183/1332 3426/1396/1552 3453/1404/1560
f 3425/1187/1336 3426/1396/1552 3432/1183/1332
f 3433/1185/1334 3425/1187/1336 3432/1183/1332
f 3453/1404/1560 3442/1400/1556 3455/1399/1555
f 3432/1183/1332 3453/1404/1560 3452/1184/1333
f 3456/1405/1561 3452/1184/1333 3453/1404/1560
f 3453/1404/1560 3455/1399/1555 3456/1405/1561
f 3456/1405/1561 3455/1399/1555 3441/1406/1562
f 3443/1401/1557 3441/1406/1562 3455/1399/1555
f 3443/1401/1557 3333/1407/1563 3441/1406/1562
f 3443/1401/1557 3337/1402/1558 3333/1407/1563
f 3333/1407/1563 3337/1402/1558 3319/1408/1564
f 3319/1408/1564 3316/1409/1565 3333/1407/1563
f 3316/1409/1565 3319/1408/1564 3317/1410/1566
f 3440/1411/1567 3437/1412/1568 3457/1413/1569
f 3439/1414/1570 3440/1411/1567 3457/1413/1569
f 3457/1413/1569 3456/1405/1561 3439/1414/1570
f 3441/1406/1562 3439/1414/1570 3456/1405/1561
f 3441/1406/1562 3331/1415/1571 3439/1414/1570
f 3441/1406/1562 3333/1407/1563 3331/1415/1571
f 3331/1415/1571 3333/1407/1563 3316/1409/1565
f 3316/1409/1565 3332/1416/1572 3331/1415/1571
f 3316/1409/1565 3318/1417/1573 3332/1416/1572
f 3318/1417/1573 3334/1418/1574 3332/1416/1572
f 3317/1410/1566 3318/1417/1573 3316/1409/1565
f 3318/1417/1573 3317/1410/1566 3324/1419/1575
f 3324/1419/1575 3325/1420/1576 3318/1417/1573
f 3318/1417/1573 3325/1420/1576 1460/1421/1577
f 1460/1421/1577 3334/1418/1574 3318/1417/1573
f 1460/1421/1577 1468/1422/1578 3334/1418/1574
f 1469/1423/1579 3334/1418/1574 1468/1422/1578
f 1468/1422/1578 1470/1424/1580 1469/1423/1579
f 3440/1411/1567 3438/1425/1581 3435/1426/1582
f 3440/1411/1567 3439/1414/1570 3438/1425/1581
f 3438/1425/1581 3439/1414/1570 3412/1427/1583
f 3439/1414/1570 3331/1415/1571 3412/1427/1583
f 3412/1427/1583 3331/1415/1571 1459/1428/1584
f 3331/1415/1571 3332/1416/1572 1459/1428/1584
f 1459/1428/1584 3332/1416/1572 3407/1429/1585
f 3403/1430/1586 3407/1429/1585 3332/1416/1572
f 3334/1418/1574 3403/1430/1586 3332/1416/1572
f 1469/1423/1579 3403/1430/1586 3334/1418/1574
f 3640/1431/1587 3628/1432/1588 3494/1433/1589
f 3494/1433/1589 3639/1434/1590 3640/1431/1587
f 3640/1431/1587 3639/1434/1590 3642/1435/1591
f 3641/1436/1592 3642/1435/1591 3639/1434/1590
f 3420/1437/1593 3419/1438/1594 3628/1432/1588
f 3419/1438/1594 3494/1433/1589 3628/1432/1588
f 3491/1439/1595 3494/1433/1589 3419/1438/1594
f 3639/1434/1590 3494/1433/1589 3491/1439/1595
f 3491/1439/1595 3638/1440/1596 3639/1434/1590
f 3639/1434/1590 3638/1440/1596 3641/1436/1592
f 1650/1236/1393 3641/1436/1592 3638/1440/1596
f 3638/1440/1596 3637/1441/1597 1650/1236/1393
f 3637/1441/1597 3636/1237/1394 1650/1236/1393
f 3637/1441/1597 3487/1243/1400 3636/1237/1394
f 3487/1243/1400 3637/1441/1597 3638/1440/1596
f 3638/1440/1596 3491/1439/1595 3487/1243/1400
f 3492/1251/1408 3487/1243/1400 3491/1439/1595
f 3419/1438/1594 3492/1251/1408 3491/1439/1595
f 3505/1253/1410 3492/1251/1408 3419/1438/1594
f 3419/1438/1594 3416/1442/1598 3505/1253/1410
f 3416/1442/1598 3419/1438/1594 3414/1443/1599
f 3420/1437/1593 3414/1443/1599 3419/1438/1594
f 3414/1443/1599 3420/1437/1593 3448/1444/1600
f 3448/1444/1600 3447/1445/1601 3414/1443/1599
f 3468/1257/1414 3504/1252/1409 3505/1253/1410
f 3505/1253/1410 3416/1442/1598 3468/1257/1414
f 3467/1259/1416 3468/1257/1414 3416/1442/1598
f 3413/1446/1602 3467/1259/1416 3416/1442/1598
f 3413/1446/1602 3416/1442/1598 3414/1443/1599
f 3414/1443/1599 3415/1447/1603 3413/1446/1602
f 3415/1447/1603 3414/1443/1599 3447/1445/1601
f 3447/1445/1601 3446/1448/1604 3415/1447/1603
f 3447/1445/1601 3405/1449/1605 3446/1448/1604
f 3445/1450/1606 3446/1448/1604 3405/1449/1605
f 3417/1451/1607 3413/1446/1602 3415/1447/1603
f 3415/1447/1603 3418/1452/1608 3417/1451/1607
f 3418/1452/1608 3415/1447/1603 3446/1448/1604
f 3446/1448/1604 3445/1450/1606 3418/1452/1608
f 3405/1449/1605 3404/1453/1609 3445/1450/1606
f 3405/1449/1605 3338/1454/1610 3404/1453/1609
f 3405/1449/1605 3336/1455/1611 3338/1454/1610
f 3329/1456/1612 3338/1454/1610 3336/1455/1611
f 3336/1455/1611 3326/1457/1613 3329/1456/1612
f 3329/1456/1612 3326/1457/1613 3327/1458/1614
f 1458/1459/1615 3327/1458/1614 3326/1457/1613
f 3326/1457/1613 3328/1460/1616 1458/1459/1615
f 1458/1459/1615 3328/1460/1616 1471/1461/1617
f 1471/1461/1617 3328/1460/1616 1472/1462/1618
f 3327/1458/1614 3330/1463/1619 3329/1456/1612
f 3447/1445/1601 3448/1444/1600 3323/1464/1620
f 3323/1464/1620 3406/1465/1621 3447/1445/1601
f 3406/1465/1621 3323/1464/1620 3320/1466/1622
f 3335/1467/1623 3406/1465/1621 3320/1466/1622
f 3328/1460/1616 3335/1467/1623 3320/1466/1622
f 3335/1467/1623 3328/1460/1616 3326/1457/1613
f 3326/1457/1613 3336/1455/1611 3335/1467/1623
f 3335/1467/1623 3336/1455/1611 3405/1449/1605
f 3405/1449/1605 3406/1465/1621 3335/1467/1623
f 3447/1445/1601 3406/1465/1621 3405/1449/1605
f 3320/1466/1622 1472/1462/1618 3328/1460/1616
f 3320/1466/1622 1483/1468/1624 1472/1462/1618
f 3320/1466/1622 3322/1469/1625 1483/1468/1624
f 3321/1470/1626 3322/1469/1625 3320/1466/1622
f 3320/1466/1622 3323/1464/1620 3321/1470/1626
f 3323/1464/1620 3449/1471/1627 3321/1470/1626
f 3448/1444/1600 3449/1471/1627 3323/1464/1620
f 3454/1472/1628 3449/1471/1627 3448/1444/1600
f 3448/1444/1600 3420/1437/1593 3454/1472/1628
f 3628/1432/1588 3454/1472/1628 3420/1437/1593
f 1610/157/1629 1612/161/1630 1640/158/1631
f 3625/82/1632 1618/139/1633 1622/155/1634
f 1622/155/1634 1618/139/1633 1589/140/1635
f 1589/140/1635 1610/157/1629 1622/155/1634
f 1589/140/1635 1612/161/1630 1610/157/1629
f 1589/140/1635 1588/142/1636 1612/161/1630
f 1612/161/1630 1588/142/1636 1587/160/1637
f 1618/139/1633 3625/82/1632 3626/83/1638
f 3626/83/1638 1619/85/1639 1618/139/1633
f 1618/139/1633 1619/85/1639 1589/140/1635
f 1590/141/1640 1589/140/1635 1619/85/1639
f 1590/141/1640 1588/142/1636 1589/140/1635
f 1588/142/1636 1590/141/1640 1572/135/1641
f 1572/135/1641 3598/143/1642 1588/142/1636
f 1588/142/1636 3598/143/1642 3600/144/1643
f 3600/144/1643 3598/143/1642 3599/145/1644
f 3601/148/1645 3600/144/1643 3599/145/1644
f 3599/145/1644 3602/147/1646 3601/148/1645
f 3626/83/1638 1623/86/1647 1619/85/1639
f 3592/132/1648 1574/137/1649 1575/138/1650
f 3594/131/1651 1574/137/1649 3592/132/1648
f 3594/131/1651 1573/136/1652 1574/137/1649
f 1572/135/1641 1573/136/1652 3594/131/1651
f 3594/131/1651 1552/134/1653 1572/135/1641
f 1572/135/1641 1552/134/1653 3598/143/1642
f 3598/143/1642 1552/134/1653 3597/124/1654
f 3599/145/1644 3598/143/1642 3597/124/1654
f 3599/145/1644 3597/124/1654 3614/146/1655
f 3614/146/1655 3612/153/1656 3599/145/1644
f 3602/147/1646 3599/145/1644 3612/153/1656
f 3612/153/1656 3613/154/1657 3602/147/1646
f 1552/134/1653 3594/131/1651 3595/126/1658
f 3595/126/1658 3596/123/1659 1552/134/1653
f 3597/124/1654 1552/134/1653 3596/123/1659
f 3597/124/1654 3596/123/1659 3615/122/1660
f 3615/122/1660 3614/146/1655 3597/124/1654
f 3603/117/1661 3606/118/1662 3604/107/1663
f 3606/118/1662 3611/119/1664 3604/107/1663
f 3611/119/1664 3610/120/1665 3604/107/1663
f 3604/107/1663 3610/120/1665 3608/121/1666
f 3608/121/1666 3607/106/1667 3604/107/1663
f 3591/130/1668 3607/106/1667 3608/121/1666
f 3608/121/1666 3609/129/1669 3591/130/1668
f 3593/128/1670 3591/130/1668 3609/129/1669
f 3609/129/1669 3617/127/1671 3593/128/1670
f 3595/126/1658 3593/128/1670 3617/127/1671
f 3617/127/1671 3616/125/1672 3595/126/1658
f 3596/123/1659 3595/126/1658 3616/125/1672
f 3616/125/1672 3615/122/1660 3596/123/1659
f 1583/116/1673 3603/117/1661 3605/108/1674
f 3604/107/1663 3605/108/1674 3603/117/1661
f 1553/100/1675 3605/108/1674 3604/107/1663
f 3604/107/1663 3607/106/1667 1553/100/1675
f 3590/133/1676 1553/100/1675 3607/106/1667
f 3607/106/1667 3591/130/1668 3590/133/1676
f 3591/130/1668 3592/132/1648 3590/133/1676
f 3591/130/1668 3593/128/1670 3592/132/1648
f 3594/131/1651 3592/132/1648 3593/128/1670
f 3593/128/1670 3595/126/1658 3594/131/1651
f 1608/110/1677 1609/115/1678 1583/116/1673
f 1583/116/1673 1582/109/1679 1608/110/1677
f 1582/109/1679 1583/116/1673 3605/108/1674
f 1581/101/1680 1582/109/1679 3605/108/1674
f 3605/108/1674 1553/100/1675 1581/101/1680
f 1580/98/1681 1581/101/1680 1553/100/1675
f 1553/100/1675 1576/99/1682 1580/98/1681
f 1553/100/1675 3590/133/1676 1576/99/1682
f 1575/138/1650 1576/99/1682 3590/133/1676
f 3590/133/1676 3592/132/1648 1575/138/1650
f 3141/92/1683 3149/89/1684 1184/91/1685
f 1184/91/1685 1178/97/1686 3141/92/1683
f 3140/104/1687 3141/92/1683 1178/97/1686
f 1178/97/1686 1179/105/1688 3140/104/1687
f 3145/112/1689 3140/104/1687 1179/105/1688
f 3140/104/1687 3145/112/1689 3621/111/1690
f 3621/111/1690 3620/103/1691 3140/104/1687
f 3620/103/1691 3621/111/1690 1608/110/1677
f 1608/110/1677 1607/102/1692 3620/103/1691
f 1607/102/1692 1608/110/1677 1582/109/1679
f 1582/109/1679 1581/101/1680 1607/102/1692
f 1617/96/1693 1607/102/1692 1581/101/1680
f 1581/101/1680 1580/98/1681 1617/96/1693
f 1079/466/1694 1080/465/1695 1078/464/1696
f 1078/464/1696 1080/465/1695 1179/105/1688
f 1182/471/1697 1179/105/1688 1080/465/1695
f 1179/105/1688 1182/471/1697 3145/112/1689
f 3145/112/1689 1182/471/1697 1181/479/1698
f 1181/479/1698 3146/114/1699 3145/112/1689
f 3146/114/1699 3621/111/1690 3145/112/1689
f 3622/113/1700 3621/111/1690 3146/114/1699
f 3621/111/1690 3622/113/1700 1608/110/1677
f 3622/113/1700 1609/115/1678 1608/110/1677
f 1148/467/1701 1080/465/1695 1079/466/1694
f 1150/472/1702 1080/465/1695 1148/467/1701
f 1182/471/1697 1080/465/1695 1150/472/1702
f 1182/471/1697 1150/472/1702 1161/478/1703
f 1161/478/1703 1181/479/1698 1182/471/1697
f 1148/467/1701 1151/473/1704 1150/472/1702
f 1150/472/1702 1151/473/1704 1160/477/1705
f 1160/477/1705 1161/478/1703 1150/472/1702
f 3135/476/1706 1160/477/1705 1151/473/1704
f 1079/466/1694 1149/468/1707 1148/467/1701
f 3120/463/1708 1148/467/1701 1149/468/1707
f 1151/473/1704 1148/467/1701 3120/463/1708
f 3120/463/1708 3122/474/1709 1151/473/1704
f 1151/473/1704 3122/474/1709 3135/476/1706
f 3134/475/1710 3135/476/1706 3122/474/1709
f 3134/475/1710 3122/474/1709 3131/461/1711
f 3120/463/1708 3131/461/1711 3122/474/1709
f 3120/463/1708 3132/462/1712 3131/461/1711
f 3120/463/1708 3121/469/1713 3132/462/1712
f 3132/462/1712 3121/469/1713 3133/470/1714
f 1149/468/1707 3121/469/1713 3120/463/1708
f 1534/1473/1715 1537/1474/1716 1536/1475/1717
f 1536/1475/1717 1532/1476/1718 1534/1473/1715
f 1532/1476/1718 1535/1477/1719 1533/1478/1720
f 1533/1478/1720 1534/1473/1715 1532/1476/1718
f 1542/1479/1721 1534/1473/1715 1533/1478/1720
f 1542/1479/1721 1537/1474/1716 1534/1473/1715
f 1542/1479/1721 1538/1480/1722 1537/1474/1716
f 1537/1474/1716 1538/1480/1722 1536/1475/1717
f 1539/1481/1723 1536/1475/1717 1538/1480/1722
f 1540/1482/1724 1539/1481/1723 1538/1480/1722
f 1538/1480/1722 1541/1483/1725 1540/1482/1724
f 1542/1479/1721 1541/1483/1725 1538/1480/1722
f 1636/1484/1726 1639/1485/1727 1638/1486/1728
f 1635/1487/1729 1639/1485/1727 1636/1484/1726
f 1631/1488/1730 1632/1489/1731 1630/1490/1732
f 1632/1489/1731 1631/1488/1730 1634/1491/1733
f 1634/1491/1733 1635/1487/1729 1632/1489/1731
f 1630/1490/1732 1632/1489/1731 1635/1487/1729
f 1635/1487/1729 1636/1484/1726 1630/1490/1732
f 1637/1492/1734 1630/1490/1732 1636/1484/1726
f 1630/1490/1732 1637/1492/1734 1633/1493/1735
f 1630/1490/1732 1633/1493/1735 1631/1488/1730
f 1520/1494/1736 1512/1495/1737 1511/1496/1738
f 1512/1495/1737 1513/1497/1739 1511/1496/1738
f 1512/1495/1737 1514/1498/1740 1513/1497/1739
f 1514/1498/1740 1521/1499/1741 1513/1497/1739
f 1524/1500/1742 1521/1499/1741 1514/1498/1740
f 1524/1500/1742 1525/1501/1743 1521/1499/1741
f 1522/1502/1744 1513/1497/1739 1521/1499/1741
f 1527/1503/1745 1499/1504/1746 1481/1505/1747
f 1524/1500/1742 1499/1504/1746 1527/1503/1745
f 1524/1500/1742 1526/1506/1748 1499/1504/1746
f 1524/1500/1742 1514/1498/1740 1526/1506/1748
f 1512/1495/1737 1526/1506/1748 1514/1498/1740
f 1488/1507/1749 1454/1508/1750 1477/1509/1751
f 1489/1510/1752 1477/1509/1751 1454/1508/1750
f 1489/1510/1752 1491/1511/1753 1477/1509/1751
f 1482/1512/1754 1491/1511/1753 1489/1510/1752
f 1491/1511/1753 1482/1512/1754 1480/1513/1755
f 1480/1513/1755 1482/1512/1754 1481/1505/1747
f 1480/1513/1755 1481/1505/1747 1496/1514/1756
f 1481/1505/1747 1499/1504/1746 1496/1514/1756
f 1498/1515/1757 1496/1514/1756 1499/1504/1746
f 1497/1516/1758 1496/1514/1756 1498/1515/1757
f 1454/1508/1750 1473/1517/1759 1489/1510/1752
f 1484/1518/1760 1480/1513/1755 1492/1519/1761
f 1496/1514/1756 1492/1519/1761 1480/1513/1755
f 1497/1516/1758 1492/1519/1761 1496/1514/1756
f 1497/1516/1758 1493/1520/1762 1492/1519/1761
f 1492/1519/1761 1493/1520/1762 1484/1518/1760
f 1493/1520/1762 1495/1521/1763 1484/1518/1760
f 1484/1518/1760 1495/1521/1763 1494/1522/1764
f 1517/1523/1765 1484/1518/1760 1494/1522/1764
f 1516/1524/1766 1484/1518/1760 1517/1523/1765
f 1516/1524/1766 1517/1523/1765 1515/1525/1767
f 1519/1526/1768 1516/1524/1766 1515/1525/1767
f 1519/1526/1768 1509/1527/1769 1516/1524/1766
f 1509/1527/1769 1484/1518/1760 1516/1524/1766
f 1497/1516/1758 1495/1521/1763 1493/1520/1762
f 1519/1526/1768 1510/1528/1770 1509/1527/1769
f 1509/1527/1769 1510/1528/1770 1485/1529/1771
f 1485/1529/1771 1484/1518/1760 1509/1527/1769
f 1478/1530/1772 1484/1518/1760 1485/1529/1771
f 1484/1518/1760 1478/1530/1772 1480/1513/1755
f 1477/1509/1751 1480/1513/1755 1478/1530/1772
f 1477/1509/1751 1491/1511/1753 1480/1513/1755
f 1518/1531/1773 1503/1532/1774 1508/1533/1775
f 1503/1532/1774 1485/1529/1771 1508/1533/1775
f 1518/1531/1773 1507/1534/1776 1505/1535/1777
f 1518/1531/1773 1505/1535/1777 1500/1536/1778
f 1518/1531/1773 1500/1536/1778 1503/1532/1774
f 1503/1532/1774 1500/1536/1778 1502/1537/1779
f 1503/1532/1774 1502/1537/1779 1485/1529/1771
f 1502/1537/1779 1478/1530/1772 1485/1529/1771
f 1477/1509/1751 1479/1538/1780 1488/1507/1749
f 1478/1530/1772 1479/1538/1780 1477/1509/1751
f 1479/1538/1780 1478/1530/1772 1523/1539/1781
f 1502/1537/1779 1523/1539/1781 1478/1530/1772
f 1502/1537/1779 1501/1540/1782 1523/1539/1781
f 1501/1540/1782 1502/1537/1779 1500/1536/1778
f 1504/1541/1783 1501/1540/1782 1500/1536/1778
f 1500/1536/1778 1505/1535/1777 1504/1541/1783
f 1504/1541/1783 1505/1535/1777 1506/1542/1784
f 1506/1542/1784 1505/1535/1777 1507/1534/1776
f 3410/1543/1785 1486/1544/1786 3408/1545/1787
f 3408/1545/1787 1486/1544/1786 1487/1546/1788
f 3409/1547/1789 3408/1545/1787 1487/1546/1788
f 1487/1546/1788 1544/1548/1790 3409/1547/1789
f 1544/1548/1790 1487/1546/1788 1543/1549/1791
f 1543/1549/1791 1545/1550/1792 1544/1548/1790
f 1546/1551/1793 1544/1548/1790 1545/1550/1792
f 1545/1550/1792 1457/1552/1794 1546/1551/1793
f 1546/1551/1793 1457/1552/1794 1488/1507/1749
f 1454/1508/1750 1488/1507/1749 1457/1552/1794
f 1454/1508/1750 1457/1552/1794 1455/1553/1795
f 1455/1553/1795 1543/1549/1791 1456/1554/1796
f 3460/1555/1797 3408/1545/1787 3409/1547/1789
f 1487/1546/1788 1456/1554/1796 1543/1549/1791
f 1456/1554/1796 1487/1546/1788 1486/1544/1786
f 1486/1544/1786 1474/1556/1798 1456/1554/1796
f 1474/1556/1798 1486/1544/1786 1529/1557/1799
f 1529/1557/1799 1490/1558/1800 1474/1556/1798
f 1455/1553/1795 1456/1554/1796 1454/1508/1750
f 1473/1517/1759 1454/1508/1750 1456/1554/1796
f 1456/1554/1796 1474/1556/1798 1473/1517/1759
f 1474/1556/1798 1475/1559/1801 1473/1517/1759
f 1490/1558/1800 1475/1559/1801 1474/1556/1798
f 1530/1560/1802 1475/1559/1801 1490/1558/1800
f 1530/1560/1802 1490/1558/1800 1529/1557/1799
f 1530/1560/1802 1529/1557/1799 1531/1561/1803
f 1531/1561/1803 1529/1557/1799 3410/1543/1785
f 1529/1557/1799 1486/1544/1786 3410/1543/1785
f 1530/1560/1802 1528/1562/1804 1475/1559/1801
f 1528/1562/1804 1476/1563/1805 1475/1559/1801
f 1475/1559/1801 1476/1563/1805 1473/1517/1759
f 3401/1564/1806 1473/1517/1759 1476/1563/1805
f 1473/1517/1759 3401/1564/1806 1489/1510/1752
f 3401/1564/1806 3402/1565/1807 1489/1510/1752
f 1489/1510/1752 3402/1565/1807 1482/1512/1754
f 1481/1505/1747 1482/1512/1754 3402/1565/1807
f 3411/1566/1808 1476/1563/1805 1528/1562/1804
f 3141/92/1683 3140/104/1687 3620/103/1691
f 3627/87/1809 3148/88/1810 3618/93/1811
f 3618/93/1811 3148/88/1810 3149/89/1684
f 3618/93/1811 3149/89/1684 3141/92/1683
f 3141/92/1683 3619/94/1812 3618/93/1811
f 3620/103/1691 3619/94/1812 3141/92/1683
f 3619/94/1812 3620/103/1691 1607/102/1692
f 1607/102/1692 1617/96/1693 3619/94/1812
f 1620/95/1813 3619/94/1812 1617/96/1693
f 1620/95/1813 3618/93/1811 3619/94/1812
f 1620/95/1813 3627/87/1809 3618/93/1811
f 3627/87/1809 1620/95/1813 1623/86/1647
f 1623/86/1647 3626/83/1638 3627/87/1809
f 3148/88/1810 3627/87/1809 3626/83/1638
f 3626/83/1638 3138/81/1814 3148/88/1810
f 3147/84/1815 3148/88/1810 3138/81/1814
f 3149/89/1684 3148/88/1810 3147/84/1815
f 3147/84/1815 1183/90/1816 3149/89/1684
f 1184/91/1685 3149/89/1684 1183/90/1816
f 3137/80/1817 3147/84/1815 3138/81/1814
f 1142/76/1818 1133/75/1819 1158/77/1820
f 1142/76/1818 1137/72/1821 1133/75/1819
f 1143/78/1822 1137/72/1821 1142/76/1818
f 3139/68/1823 1137/72/1821 1143/78/1822
f 1143/78/1822 3152/79/1824 3139/68/1823
f 3137/80/1817 3139/68/1823 3152/79/1824
f 3136/70/1825 3139/68/1823 3137/80/1817
f 3137/80/1817 3138/81/1814 3136/70/1825
f 3625/82/1632 3136/70/1825 3138/81/1814
f 3138/81/1814 3626/83/1638 3625/82/1632
f 1138/71/1826 1139/73/1827 1137/72/1821
f 1138/71/1826 1137/72/1821 3139/68/1823
f 1138/71/1826 3139/68/1823 3144/69/1828
f 3144/69/1828 3139/68/1823 3136/70/1825
f 3144/69/1828 3136/70/1825 3142/166/1829
f 3142/166/1829 3136/70/1825 3625/82/1632
f 3625/82/1632 3623/167/1830 3142/166/1829
f 1622/155/1634 3623/167/1830 3625/82/1632
f 3623/167/1830 1622/155/1634 1621/156/1831
f 1621/156/1831 1622/155/1634 1586/150/1832
f 1621/156/1831 3624/169/1833 3623/167/1830
f 3623/167/1830 3624/169/1833 3143/170/1834
f 3143/170/1834 3142/166/1829 3623/167/1830
f 3142/166/1829 3143/170/1834 1180/165/1835
f 1180/165/1835 3144/69/1828 3142/166/1829
f 1138/71/1826 3144/69/1828 1180/165/1835
f 1180/165/1835 1141/164/1836 1138/71/1826
f 1141/164/1836 1135/163/1837 1138/71/1826
f 1138/71/1826 1135/163/1837 1134/162/1838
f 1134/162/1838 1140/74/1839 1138/71/1826
f 1152/168/1840 1135/163/1837 1141/164/1836
f 1138/71/1826 1140/74/1839 1139/73/1827
f 1140/74/1839 1134/162/1838 1139/73/1827
f 1134/162/1838 1136/171/1841 1139/73/1827
f 1133/75/1819 1136/171/1841 1134/162/1838
f 1134/162/1838 1135/163/1837 1133/75/1819
f 1133/75/1819 1135/163/1837 1153/172/1842
f 1152/168/1840 1153/172/1842 1135/163/1837
f 3116/173/1843 1153/172/1842 1152/168/1840
f 3116/173/1843 1152/168/1840 3123/174/1844
f 3123/174/1844 3124/175/1845 3116/173/1843
f 3116/173/1843 1154/176/1846 1153/172/1842
f 1154/176/1846 1155/178/1847 1153/172/1842
f 1159/177/1848 1155/178/1847 1154/176/1846
f 1154/176/1846 1156/179/1849 1159/177/1848
f 3117/180/1850 1156/179/1849 1154/176/1846
f 1154/176/1846 3116/173/1843 3117/180/1850
f 3116/173/1843 3124/175/1845 3117/180/1850
f 3124/175/1845 3127/181/1851 3117/180/1850
f 1159/177/1848 1153/172/1842 1155/178/1847
f 1153/172/1842 1159/177/1848 1158/77/1820
f 1153/172/1842 1158/77/1820 1133/75/1819
f 3124/175/1845 3123/174/1844 3130/182/1852
f 3130/182/1852 3129/183/1853 3124/175/1845
f 3124/175/1845 3129/183/1853 3125/184/1854
f 3125/184/1854 3127/181/1851 3124/175/1845
f 3126/185/1855 3127/181/1851 3125/184/1854
f 3128/186/1856 3127/181/1851 3126/185/1855
f 3117/180/1850 3127/181/1851 3128/186/1856
f 3128/186/1856 1157/187/1857 3117/180/1850
f 1157/187/1857 1158/77/1820 3117/180/1850
f 1142/76/1818 1158/77/1820 1157/187/1857
f 3367/1567/1858 3364/1568/1859 3767/698/1860
f 3766/700/1861 3767/698/1860 3364/1568/1859
f 3364/1568/1859 3368/1569/1862 3766/700/1861
f 3372/701/1863 3766/700/1861 3368/1569/1862
f 3372/701/1863 3368/1569/1862 3369/703/1864
f 3369/703/1864 3370/1570/1865 3372/701/1863
f 3371/709/1866 3372/701/1863 3370/1570/1865
f 3367/1567/1858 3361/1571/1867 3362/691/1868
f 3362/691/1868 3365/697/1869 3367/1567/1858
f 3364/1568/1859 3367/1567/1858 3365/697/1869
f 3365/697/1869 3366/704/1870 3364/1568/1859
f 3368/1569/1862 3364/1568/1859 3366/704/1870
f 3366/704/1870 3369/703/1864 3368/1569/1862
f 1463/689/1871 3362/691/1868 3361/1571/1867
f 3361/1571/1867 3363/1572/1872 1463/689/1871
f 1463/689/1871 3363/1572/1872 2243/690/1873
f 3363/1572/1872 2251/682/1874 2243/690/1873
f 3363/1572/1872 3770/687/1875 2251/682/1874
f 3769/693/1876 3770/687/1875 3363/1572/1872
f 3363/1572/1872 3361/1571/1867 3769/693/1876
f 3768/695/1877 3769/693/1876 3361/1571/1867
f 3361/1571/1867 3367/1567/1858 3768/695/1877
f 3767/698/1860 3768/695/1877 3367/1567/1858
f 1562/1297/1454 1563/1573/1878 1558/1300/1457
f 1563/1573/1878 1562/1297/1454 1564/1295/1452
f 1564/1295/1452 1565/1293/1450 1563/1573/1878
f 1563/1573/1878 1565/1293/1450 1593/1287/1444
f 1629/1574/1879 1563/1573/1878 1593/1287/1444
f 1563/1573/1878 1629/1574/1879 1646/1575/1880
f 1563/1573/1878 1646/1575/1880 1558/1300/1457
f 1558/1300/1457 1646/1575/1880 1647/1576/1881
f 1558/1300/1457 1647/1576/1881 1559/1306/1463
f 1559/1306/1463 1647/1576/1881 1592/1309/1466
f 1592/1309/1466 1556/1307/1464 1559/1306/1463
f 3380/445/1882 3379/418/1883 3749/419/1884
f 3749/419/1884 3762/446/1885 3380/445/1882
f 3762/446/1885 3749/419/1884 3382/421/1886
f 3762/446/1885 3382/421/1886 3381/447/1887
f 3381/447/1887 3382/421/1886 3378/423/1888
f 3378/423/1888 3377/448/1889 3381/447/1887
f 3377/448/1889 3378/423/1888 3376/425/1890
f 3376/425/1890 3373/449/1891 3377/448/1889
f 3373/449/1891 3376/425/1890 3374/426/1892
f 3374/426/1892 3375/450/1893 3373/449/1891
f 3375/450/1893 3374/426/1892 3341/434/1894
f 3341/434/1894 3738/451/1895 3375/450/1893
f 3749/419/1884 3379/418/1883 3750/443/1896
f 3749/419/1884 3750/443/1896 3343/442/1897
f 3749/419/1884 3343/442/1897 3382/421/1886
f 3382/421/1886 3343/442/1897 3339/440/1898
f 3382/421/1886 3339/440/1898 3378/423/1888
f 3339/440/1898 3376/425/1890 3378/423/1888
f 3374/426/1892 3376/425/1890 3339/440/1898
f 3341/434/1894 3374/426/1892 3339/440/1898
f 3340/439/1899 3341/434/1894 3339/440/1898
f 3339/440/1898 3342/441/1900 3340/439/1899
f 3343/442/1897 3342/441/1900 3339/440/1898
f 3751/438/1901 3342/441/1900 3343/442/1897
f 3343/442/1897 3750/443/1896 3751/438/1901
f 3751/438/1901 3750/443/1896 3400/437/1902
f 3379/418/1883 3400/437/1902 3750/443/1896
f 3379/418/1883 1465/433/1903 3400/437/1902
f 1464/444/1904 1465/433/1903 3379/418/1883
f 3379/418/1883 3380/445/1882 1464/444/1904
f 1465/433/1903 1466/436/1905 3400/437/1902
f 3400/437/1902 3399/435/1906 3751/438/1901
f 3399/435/1906 3400/437/1902 1466/436/1905
f 1466/436/1905 1467/431/1907 3399/435/1906
f 3576/1577/1908 3575/1578/1909 3574/1579/1910
f 3559/1580/1911 3560/1581/1912 3558/1582/1913
f 3558/1582/1913 3560/1581/1912 3572/1583/1914
f 3572/1583/1914 3573/1584/1915 3558/1582/1913
f 3574/1579/1910 3573/1584/1915 3572/1583/1914
f 3574/1579/1910 3572/1583/1914 3565/1585/1916
f 3565/1585/1916 3576/1577/1908 3574/1579/1910
f 3565/1585/1916 3566/1586/1917 3576/1577/1908
f 3575/1578/1909 3576/1577/1908 3566/1586/1917
f 3566/1586/1917 3568/1587/1918 3575/1578/1909
f 3567/1588/1919 3568/1587/1918 3566/1586/1917
f 3558/1582/1913 3561/1589/1920 3559/1580/1911
f 3566/1586/1917 3569/1590/1921 3567/1588/1919
f 3564/1591/1922 3569/1590/1921 3566/1586/1917
f 3566/1586/1917 3565/1585/1916 3564/1591/1922
f 3564/1591/1922 3565/1585/1916 3562/1592/1923
f 3572/1583/1914 3562/1592/1923 3565/1585/1916
f 3572/1583/1914 3560/1581/1912 3562/1592/1923
f 3560/1581/1912 3559/1580/1911 3562/1592/1923
f 3562/1592/1923 3559/1580/1911 3563/1593/1924
f 3563/1593/1924 3564/1591/1922 3562/1592/1923
f 3527/1594/1925 3528/1595/1926 3526/1596/1927
f 3527/1594/1925 3529/1597/1928 3528/1595/1926
f 3527/1594/1925 3530/1598/1929 3529/1597/1928
f 3527/1594/1925 3531/1599/1930 3530/1598/1929
f 3435/1426/1582 3436/1600/1931 3434/1601/1932
f 3427/1177/1326 3430/1178/1327 3452/1184/1333
f 3452/1184/1333 3450/1602/1933 3427/1177/1326
f 3450/1602/1933 3452/1184/1333 3456/1405/1561
f 3456/1405/1561 3458/1603/1934 3450/1602/1933
f 3458/1603/1934 3456/1405/1561 3457/1413/1569
f 3459/1604/1935 3458/1603/1934 3457/1413/1569
f 3457/1413/1569 3437/1412/1568 3459/1604/1935
f 3459/1604/1935 3437/1412/1568 3434/1601/1932
f 3434/1601/1932 3437/1412/1568 3435/1426/1582
f 3437/1412/1568 3440/1411/1567 3435/1426/1582
f 3427/1177/1326 3428/1605/1936 1547/1176/1325
f 3428/1605/1936 3427/1177/1326 3450/1602/1933
f 3450/1602/1933 3451/1606/1937 3428/1605/1936
f 3451/1606/1937 3450/1602/1933 3458/1603/1934
f 3458/1603/1934 3459/1604/1935 3451/1606/1937
f 1446/1607/1938 1449/1608/1938 1447/1609/1938
f 1444/1610/1939 1445/1611/1940 1448/1612/1941
f 1450/1613/1942 1448/1612/1941 1445/1611/1940
f 1452/1614/1943 1453/1615/1943 1451/1616/1943
f 1421/1617/1944 1422/1618/1945 1420/1619/1946
f 1420/1619/1946 1423/1620/1947 1421/1617/1944
f 1421/1617/1944 1423/1620/1947 1424/1621/1948
f 1424/1621/1948 1425/1622/1949 1421/1617/1944
f 1441/1623/1950 1425/1622/1949 1424/1621/1948
f 1425/1622/1949 1441/1623/1950 1426/1624/1951
f 1421/1617/1944 1425/1622/1949 1426/1624/1951
f 1426/1624/1951 1422/1618/1945 1421/1617/1944
f 1440/1625/1952 1441/1623/1950 1424/1621/1948
f 1114/253/1953 3103/254/1954 3093/1626/1955
f 3103/254/1954 3100/256/1956 3093/1626/1955
f 3107/1627/1957 3093/1626/1955 3100/256/1956
f 3101/1628/1958 3100/256/1956 1124/257/1959
f 3312/1629/1960 3100/256/1956 3101/1628/1958
f 3312/1629/1960 3105/1630/1961 3100/256/1956
f 3100/256/1956 3105/1630/1961 3107/1627/1957
f 3106/1631/1962 3107/1627/1957 3105/1630/1961
f 1123/257/1963 3100/256/1956 3099/255/1964
f 3099/255/1964 3100/256/1956 3103/254/1954
f 3103/254/1954 1122/252/1965 3099/255/1964
f 1114/253/1953 1122/252/1965 3103/254/1954
f 1106/247/1966 1122/252/1965 1114/253/1953
f 1114/253/1953 1111/265/1967 1106/247/1966
f 1098/192/1968 1106/247/1966 1111/265/1967
f 1111/265/1967 1097/188/1969 1098/192/1968
f 1097/188/1969 1081/191/1970 1098/192/1968
f 1097/188/1969 1084/189/1971 1081/191/1970
f 1084/189/1971 1082/197/1972 1081/191/1970
f 1116/190/1973 1084/189/1971 1097/188/1969
f 1097/188/1969 1110/267/1974 1116/190/1973
f 1110/267/1974 1097/188/1969 1111/265/1967
f 1118/269/1975 1084/189/1971 1117/271/1976
f 1116/190/1973 1117/271/1976 1084/189/1971
f 1113/268/1977 1117/271/1976 1116/190/1973
f 1116/190/1973 1110/267/1974 1113/268/1977
f 1112/266/1978 1113/268/1977 1110/267/1974
f 1111/265/1967 1112/266/1978 1110/267/1974
f 1112/266/1978 1111/265/1967 1114/253/1953
f 1114/253/1953 1115/1632/1979 1112/266/1978
f 3094/1633/1980 1115/1632/1979 1114/253/1953
f 3093/1626/1955 3094/1633/1980 1114/253/1953
f 3311/1634/1981 3094/1633/1980 3093/1626/1955
f 1125/198/1982 1082/197/1972 1084/189/1971
f 1084/189/1971 1120/199/1983 1125/198/1982
f 1120/199/1983 1084/189/1971 1118/269/1975
f 1120/199/1983 1118/269/1975 1119/270/1984
f 1128/216/1985 1131/217/1986 1130/218/1987
f 1127/210/1988 1131/217/1986 1128/216/1985
f 1127/210/1988 1128/216/1985 1096/208/1989
f 1126/209/1990 1127/210/1988 1096/208/1989
f 1090/201/1991 1126/209/1990 1096/208/1989
f 1090/201/1991 1096/208/1989 1094/204/1992
f 1094/204/1992 1091/203/1993 1090/201/1991
f 1082/197/1972 1091/203/1993 1094/204/1992
f 1082/197/1972 1092/200/1994 1091/203/1993
f 1092/200/1994 1082/197/1972 1125/198/1982
f 1091/203/1993 1092/200/1994 1090/201/1991
f 1092/200/1994 1093/202/1995 1090/201/1991
f 1096/208/1989 1128/216/1985 1129/215/1996
f 1129/215/1996 1095/205/1997 1096/208/1989
f 1094/204/1992 1096/208/1989 1095/205/1997
f 1094/204/1992 1095/205/1997 1083/196/1998
f 1094/204/1992 1083/196/1998 1082/197/1972
f 1086/195/1999 3091/206/2000 3080/207/2001
f 1085/193/2002 1086/195/1999 3080/207/2001
f 1083/196/1998 1086/195/1999 1085/193/2002
f 3091/206/2000 1086/195/1999 1083/196/1998
f 1083/196/1998 1095/205/1997 3091/206/2000
f 1095/205/1997 3112/214/2003 3091/206/2000
f 1129/215/1996 3112/214/2003 1095/205/1997
f 1132/219/2004 3112/214/2003 1129/215/1996
f 1129/215/1996 1130/218/1987 1132/219/2004
f 1130/218/1987 1129/215/1996 1128/216/1985
f 1109/194/2005 1085/193/2002 1099/246/2006
f 1082/197/1972 1083/196/1998 1081/191/1970
f 1085/193/2002 1081/191/1970 1083/196/1998
f 1098/192/1968 1081/191/1970 1085/193/2002
f 1098/192/1968 1085/193/2002 1109/194/2005
f 1109/194/2005 1106/247/1966 1098/192/1968
f 1099/246/2006 1106/247/1966 1109/194/2005
f 1106/247/1966 1099/246/2006 1100/238/2007
f 1088/235/2008 1100/238/2007 1099/246/2006
f 1101/237/2009 1100/238/2007 1088/235/2008
f 1089/236/2010 1101/237/2009 1088/235/2008
f 3095/259/2011 3099/255/1964 1122/252/1965
f 1122/252/1965 1108/248/2012 3095/259/2011
f 1108/248/2012 1122/252/1965 1106/247/1966
f 1103/240/2013 1108/248/2012 1106/247/1966
f 1100/238/2007 1103/240/2013 1106/247/1966
f 1103/240/2013 1100/238/2007 1102/239/2014
f 1100/238/2007 1101/237/2009 1102/239/2014
f 1103/240/2013 1102/239/2014 1104/241/2015
f 1121/243/2016 1105/242/2017 1104/241/2015
f 1104/241/2015 1105/242/2017 1103/240/2013
f 1103/240/2013 1105/242/2017 1107/244/2018
f 1107/244/2018 1108/248/2012 1103/240/2013
f 1108/248/2012 1107/244/2018 3294/249/2019
f 3294/249/2019 3096/250/2020 1108/248/2012
f 1108/248/2012 3096/250/2020 3095/259/2011
f 3096/250/2020 3097/258/2021 3095/259/2011
f 3099/255/1964 3095/259/2011 3097/258/2021
f 3099/255/1964 3097/258/2021 1123/257/1963
f 3295/251/2022 3096/250/2020 3294/249/2019
f 3102/264/2023 1124/257/1959 3097/258/2021
f 3097/258/2021 3104/263/2024 3102/264/2023
f 3108/262/2025 3104/263/2024 3097/258/2021
f 3097/258/2021 3109/261/2026 3108/262/2025
f 3097/258/2021 3098/260/2027 3109/261/2026
f 3097/258/2021 3096/250/2020 3098/260/2027
f 3174/12/2028 3173/16/2029 3278/358/2030
f 3278/358/2030 1413/365/2031 3174/12/2028
f 3291/18/2032 3173/16/2029 3172/19/2033
f 3173/16/2029 3291/18/2032 3290/17/2034
f 3173/16/2029 3290/17/2034 3289/364/2035
f 3289/364/2035 3278/358/2030 3173/16/2029
f 3278/358/2030 3289/364/2035 3310/363/2036
f 3224/1635/2037 3228/374/2038 3227/1636/2039
f 3224/1635/2037 3280/370/2040 3228/374/2038
f 3259/368/2041 3228/374/2038 3280/370/2040
f 3259/368/2041 3280/370/2040 1414/369/2042
f 1414/369/2042 1396/366/2043 3259/368/2041
f 1396/366/2043 1414/369/2042 1413/365/2031
f 1411/348/2044 1396/366/2043 1413/365/2031
f 1411/348/2044 1413/365/2031 3278/358/2030
f 1411/348/2044 3278/358/2030 1415/357/2045
f 3310/363/2036 1415/357/2045 3278/358/2030
f 3219/376/2046 3259/368/2041 1396/366/2043
f 3259/368/2041 3219/376/2046 3212/375/2047
f 3212/375/2047 3228/374/2038 3259/368/2041
f 1412/347/2048 1415/357/2045 1401/356/2049
f 1412/347/2048 1411/348/2044 1415/357/2045
f 1412/347/2048 1395/341/2050 1411/348/2044
f 1395/341/2050 1396/366/2043 1411/348/2044
f 3218/367/2051 1396/366/2043 1395/341/2050
f 3218/367/2051 3219/376/2046 1396/366/2043
f 3211/383/2052 3219/376/2046 3218/367/2051
f 3219/376/2046 3211/383/2052 3212/375/2047
f 3212/375/2047 3211/383/2052 1304/381/2053
f 3212/375/2047 1304/381/2053 1397/380/2054
f 1397/380/2054 3260/382/2055 3212/375/2047
f 3218/367/2051 3197/392/2056 3213/391/2057
f 3218/367/2051 3213/391/2057 3211/383/2052
f 3213/391/2057 1303/384/2058 3211/383/2052
f 1303/384/2058 1304/381/2053 3211/383/2052
f 3206/378/2059 1304/381/2053 1303/384/2058
f 1303/384/2058 3214/385/2060 3206/378/2059
f 1303/384/2058 1305/390/2061 3214/385/2060
f 3217/389/2062 3214/385/2060 1305/390/2061
f 3214/385/2060 3217/389/2062 3215/388/2063
f 1305/390/2061 1303/384/2058 3213/391/2057
f 1397/380/2054 1304/381/2053 3206/378/2059
f 3206/378/2059 3205/379/2064 1397/380/2054
f 3206/378/2059 3207/377/2065 3205/379/2064
f 3207/377/2065 3206/378/2059 3214/385/2060
f 3214/385/2060 3216/386/2066 3207/377/2065
f 3215/388/2063 3216/386/2066 3214/385/2060
f 3302/387/2067 3216/386/2066 3215/388/2063
f 3215/388/2063 3305/394/2068 3302/387/2067
f 1306/396/2069 3302/387/2067 3305/394/2068
f 3305/394/2068 1307/393/2070 1306/396/2069
f 1310/401/2071 1311/397/2072 1306/396/2069
f 3302/387/2067 1306/396/2069 1311/397/2072
f 3302/387/2067 1311/397/2072 3301/398/2073
f 3216/386/2066 3302/387/2067 3301/398/2073
f 3216/386/2066 3301/398/2073 3207/377/2065
f 3207/377/2065 3301/398/2073 3205/379/2064
f 3205/379/2064 3301/398/2073 1342/402/2074
f 1342/402/2074 3301/398/2073 1311/397/2072
f 1342/402/2074 1311/397/2072 1310/401/2071
f 1342/402/2074 1310/401/2071 1341/403/2075
f 1307/393/2070 1308/400/2076 1306/396/2069
f 1306/396/2069 1308/400/2076 1310/401/2071
f 1379/404/2077 1310/401/2071 1308/400/2076
f 1379/404/2077 1341/403/2075 1310/401/2071
f 1355/406/2078 1341/403/2075 1379/404/2077
f 1366/410/2079 1341/403/2075 1355/406/2078
f 1355/406/2078 1196/409/2080 1366/410/2079
f 1308/400/2076 1378/405/2081 1379/404/2077
f 1378/405/2081 1355/406/2078 1379/404/2077
f 1355/406/2078 1378/405/2081 1354/407/2082
f 1196/409/2080 1355/406/2078 1354/407/2082
f 1354/407/2082 1193/408/2083 1196/409/2080
f 1193/408/2083 1186/412/2084 1196/409/2080
f 1196/409/2080 1186/412/2084 1188/414/2085
f 1188/414/2085 1186/412/2084 1185/413/2086
f 1186/412/2084 1187/411/2087 1185/413/2086
f 1192/415/2088 1187/411/2087 1186/412/2084
f 1186/412/2084 1193/408/2083 1192/415/2088
f 1353/416/2089 1192/415/2088 1193/408/2083
f 1193/408/2083 1354/407/2082 1353/416/2089
f 1381/399/2090 1353/416/2089 1354/407/2082
f 1354/407/2082 1378/405/2081 1381/399/2090
f 1309/395/2091 1381/399/2090 1378/405/2081
f 1378/405/2081 1308/400/2076 1309/395/2091
f 1309/395/2091 1308/400/2076 1307/393/2070
f 1373/1637/2092 3255/1638/2093 3199/1639/2094
f 3255/1638/2093 3197/392/2056 3199/1639/2094
f 3218/367/2051 3198/331/2095 3197/392/2056
f 3197/392/2056 3198/331/2095 1287/1640/2096
f 1287/1640/2096 3199/1639/2094 3197/392/2056
f 3298/1641/2097 3199/1639/2094 1287/1640/2096
f 1373/1637/2092 3199/1639/2094 3298/1641/2097
f 3298/1641/2097 3191/1642/2098 1373/1637/2092
f 3298/1641/2097 3192/1643/2099 3191/1642/2098
f 3192/1643/2099 3193/1644/2100 3191/1642/2098
f 3203/1645/2101 3193/1644/2100 3192/1643/2099
f 3193/1644/2100 3203/1645/2101 3250/1646/2102
f 3201/1647/2103 3203/1645/2101 3192/1643/2099
f 3192/1643/2099 3298/1641/2097 3201/1647/2103
f 1287/1640/2096 3201/1647/2103 3298/1641/2097
f 3201/1647/2103 3204/1648/2104 3202/1649/2105
f 3204/1648/2104 3201/1647/2103 1287/1640/2096
f 1287/1640/2096 1288/1650/2106 3204/1648/2104
f 1288/1650/2106 1287/1640/2096 3200/332/2107
f 3200/332/2107 1287/1640/2096 3198/331/2095
f 3198/331/2095 3288/333/2108 3200/332/2107
f 3288/333/2108 3198/331/2095 3283/342/2109
f 3283/342/2109 1395/341/2050 3288/333/2108
f 3283/342/2109 3218/367/2051 1395/341/2050
f 3218/367/2051 3283/342/2109 3198/331/2095
f 3200/332/2107 3288/333/2108 3179/329/2110
f 3288/333/2108 3177/334/2111 3179/329/2110
f 3182/330/2112 3179/329/2110 1274/327/2113
f 1259/321/2114 1274/327/2113 1278/326/2115
f 1274/327/2113 1268/328/2116 1278/326/2115
f 1274/327/2113 3179/329/2110 1268/328/2116
f 1266/325/2117 1268/328/2116 3179/329/2110
f 3179/329/2110 3177/334/2111 1266/325/2117
f 3178/335/2118 1266/325/2117 3177/334/2111
f 3242/338/2119 3178/335/2118 3177/334/2111
f 3242/338/2119 3180/343/2120 3178/335/2118
f 1399/344/2121 3180/343/2120 3242/338/2119
f 3242/338/2119 3240/339/2122 1399/344/2121
f 3178/335/2118 3180/343/2120 1272/336/2123
f 1272/336/2123 1267/324/2124 3178/335/2118
f 1267/324/2124 1266/325/2117 3178/335/2118
f 1279/323/2125 1266/325/2117 1267/324/2124
f 1266/325/2117 1279/323/2125 1278/326/2115
f 1278/326/2115 1268/328/2116 1266/325/2117
f 1277/318/2126 1279/323/2125 1267/324/2124
f 1277/318/2126 1267/324/2124 1272/336/2123
f 1272/336/2123 1261/304/2127 1277/318/2126
f 1278/326/2115 1275/320/2128 1259/321/2114
f 1269/322/2129 1275/320/2128 1278/326/2115
f 1269/322/2129 1278/326/2115 1279/323/2125
f 1279/323/2125 1271/317/2130 1269/322/2129
f 1271/317/2130 1279/323/2125 1277/318/2126
f 1271/317/2130 1277/318/2126 1276/312/2131
f 1277/318/2126 1261/304/2127 1276/312/2131
f 1276/312/2131 1261/304/2127 1260/308/2132
f 1261/304/2127 1262/302/2133 1260/308/2132
f 1262/302/2133 1263/301/2134 1260/308/2132
f 1269/322/2129 1271/317/2130 1270/313/2135
f 1270/313/2135 1271/317/2130 1276/312/2131
f 1276/312/2131 1260/308/2132 1270/313/2135
f 1280/309/2136 1270/313/2135 1260/308/2132
f 1260/308/2132 1263/301/2134 1280/309/2136
f 1283/306/2137 1280/309/2136 1263/301/2134
f 1263/301/2134 1284/300/2138 1283/306/2137
f 3187/307/2139 1283/306/2137 1284/300/2138
f 1269/322/2129 1257/319/2140 1275/320/2128
f 1270/313/2135 1257/319/2140 1269/322/2129
f 1270/313/2135 1258/314/2141 1257/319/2140
f 1270/313/2135 1280/309/2136 1258/314/2141
f 1280/309/2136 3185/310/2142 1258/314/2141
f 3185/310/2142 1280/309/2136 1283/306/2137
f 3189/311/2143 3185/310/2142 1283/306/2137
f 1283/306/2137 3187/307/2139 3189/311/2143
f 3258/290/2144 3189/311/2143 3187/307/2139
f 3187/307/2139 3257/291/2145 3258/290/2144
f 3190/284/2146 3245/283/2147 1360/285/2148
f 3245/283/2147 3190/284/2146 3258/290/2144
f 3258/290/2144 3190/284/2146 3189/311/2143
f 3190/284/2146 1285/315/2149 3189/311/2143
f 1285/315/2149 3185/310/2142 3189/311/2143
f 1258/314/2141 3185/310/2142 1285/315/2149
f 1285/315/2149 1256/316/2150 1258/314/2141
f 1257/319/2140 1258/314/2141 1256/316/2150
f 1256/316/2150 1259/321/2114 1257/319/2140
f 1275/320/2128 1257/319/2140 1259/321/2114
f 1369/286/2151 1360/285/2148 1205/282/2152
f 1199/273/2153 1361/276/2154 1197/278/2155
f 1198/275/2156 1199/273/2153 1197/278/2155
f 1197/278/2155 1200/279/2157 1198/275/2156
f 1200/279/2157 1201/280/2158 1198/275/2156
f 1202/272/2159 1198/275/2156 1201/280/2158
f 1203/281/2160 1202/272/2159 1201/280/2158
f 1202/272/2159 1203/281/2160 1205/282/2152
f 1202/272/2159 1205/282/2152 1204/274/2161
f 3245/283/2147 1204/274/2161 1205/282/2152
f 3245/283/2147 1205/282/2152 1360/285/2148
f 1199/273/2153 1202/272/2159 1204/274/2161
f 1198/275/2156 1202/272/2159 1199/273/2153
f 3257/291/2145 3245/283/2147 3258/290/2144
f 3245/283/2147 3257/291/2145 3244/287/2162
f 3244/287/2162 1204/274/2161 3245/283/2147
f 1204/274/2161 3244/287/2162 3243/288/2163
f 3243/288/2163 1199/273/2153 1204/274/2161
f 3243/288/2163 1281/289/2164 1199/273/2153
f 1199/273/2153 1281/289/2164 1362/277/2165
f 1362/277/2165 1281/289/2164 1282/295/2166
f 1282/295/2166 1361/276/2154 1362/277/2165
f 1199/273/2153 1362/277/2165 1361/276/2154
f 1262/302/2133 3186/296/2167 1263/301/2134
f 3186/296/2167 1284/300/2138 1263/301/2134
f 3188/299/2168 1284/300/2138 3186/296/2167
f 1284/300/2138 3188/299/2168 3187/307/2139
f 3257/291/2145 3187/307/2139 3188/299/2168
f 3257/291/2145 3188/299/2168 3256/292/2169
f 3244/287/2162 3257/291/2145 3256/292/2169
f 3256/292/2169 3243/288/2163 3244/287/2162
f 3243/288/2163 3256/292/2169 3184/293/2170
f 1281/289/2164 3243/288/2163 3184/293/2170
f 1281/289/2164 3184/293/2170 3183/294/2171
f 3183/294/2171 1282/295/2166 1281/289/2164
f 3186/296/2167 3184/293/2170 3188/299/2168
f 3256/292/2169 3188/299/2168 3184/293/2170
f 3184/293/2170 1286/297/2172 3183/294/2171
f 3184/293/2170 3186/296/2167 1286/297/2172
f 3186/296/2167 1265/298/2173 1286/297/2172
f 1265/298/2173 3186/296/2167 1262/302/2133
f 1264/303/2174 1265/298/2173 1262/302/2133
f 1262/302/2133 1261/304/2127 1264/303/2174
f 1273/305/2175 1264/303/2174 1261/304/2127
f 1261/304/2127 1272/336/2123 1273/305/2175
f 3181/349/2176 1273/305/2175 1272/336/2123
f 1272/336/2123 3180/343/2120 3181/349/2176
f 1398/350/2177 3181/349/2176 3180/343/2120
f 3180/343/2120 1399/344/2121 1398/350/2177
f 1403/351/2178 1398/350/2177 1399/344/2121
f 1403/351/2178 1399/344/2121 1410/352/2179
f 1399/344/2121 1409/345/2180 1410/352/2179
f 1410/352/2179 1409/345/2180 1407/353/2181
f 1407/353/2181 1409/345/2180 1408/346/2182
f 1408/346/2182 1400/355/2183 1407/353/2181
f 1401/356/2049 1400/355/2183 1408/346/2182
f 1408/346/2182 1412/347/2048 1401/356/2049
f 3293/362/2184 1415/357/2045 3310/363/2036
f 1401/356/2049 1415/357/2045 3293/362/2184
f 3261/361/2185 1401/356/2049 3293/362/2184
f 1400/355/2183 1401/356/2049 3261/361/2185
f 3261/361/2185 3262/360/2186 1400/355/2183
f 1400/355/2183 3262/360/2186 3292/359/2187
f 3292/359/2187 1407/353/2181 1400/355/2183
f 3265/1651/2188 1407/353/2181 3292/359/2187
f 1407/353/2181 3265/1651/2188 1410/352/2179
f 1410/352/2179 3265/1651/2188 1402/1652/2189
f 1402/1652/2189 1403/351/2178 1410/352/2179
f 1403/351/2178 1402/1652/2189 3268/1653/2190
f 3268/1653/2190 3269/1654/2191 1403/351/2178
f 3269/1654/2191 3268/1653/2190 3163/1655/2192
f 3176/1656/2193 3163/1655/2192 3268/1653/2190
f 3268/1653/2190 3279/1657/2194 3176/1656/2193
f 3309/1658/2195 3279/1657/2194 3268/1653/2190
f 3268/1653/2190 3264/1659/2196 3309/1658/2195
f 3268/1653/2190 1402/1652/2189 3264/1659/2196
f 3263/1660/2197 3264/1659/2196 1402/1652/2189
f 1402/1652/2189 3265/1651/2188 3263/1660/2197
f 3292/359/2187 3263/1660/2197 3265/1651/2188
f 1245/1661/2198 3169/1662/2199 3168/1663/2200
f 3175/1664/2201 3168/1663/2200 3169/1662/2199
f 3169/1662/2199 3161/1665/2202 3175/1664/2201
f 3176/1656/2193 3175/1664/2201 3161/1665/2202
f 3161/1665/2202 3163/1655/2192 3176/1656/2193
f 3160/1666/2203 3163/1655/2192 3161/1665/2202
f 3160/1666/2203 3269/1654/2191 3163/1655/2192
f 3160/1666/2203 3271/1667/2204 3269/1654/2191
f 3269/1654/2191 3271/1667/2204 3274/1668/2205
f 3276/1669/2206 3274/1668/2205 3271/1667/2204
f 3284/1/2207 3181/349/2176 3252/3/2208
f 1398/350/2177 3252/3/2208 3181/349/2176
f 3254/354/2209 3252/3/2208 1398/350/2177
f 1398/350/2177 1403/351/2178 3254/354/2209
f 1403/351/2178 3221/1670/2210 3254/354/2209
f 3221/1670/2210 1403/351/2178 3269/1654/2191
f 3269/1654/2191 3222/1671/2211 3221/1670/2210
f 3274/1668/2205 3222/1671/2211 3269/1654/2191
f 3281/1672/2212 3222/1671/2211 3274/1668/2205
f 3274/1668/2205 3273/1673/2213 3281/1672/2212
f 3196/1674/2214 3307/1675/2215 1300/1676/2216
f 3196/1674/2214 1372/1677/2217 3307/1675/2215
f 3196/1674/2214 1371/1678/2218 1372/1677/2217
f 3254/354/2209 1372/1677/2217 1371/1678/2218
f 1371/1678/2218 3252/3/2208 3254/354/2209
f 3297/1679/2219 3196/1674/2214 1302/1680/2220
f 3194/1681/2221 3196/1674/2214 3297/1679/2219
f 3195/1682/2222 3196/1674/2214 3194/1681/2221
f 3196/1674/2214 3195/1682/2222 1371/1678/2218
f 1371/1678/2218 3195/1682/2222 1370/1683/2223
f 3252/3/2208 1371/1678/2218 1370/1683/2223
f 1370/1683/2223 3253/2/2224 3252/3/2208
f 1302/1680/2220 1348/1684/2225 3297/1679/2219
f 1347/1685/2226 1348/1684/2225 1302/1680/2220
f 1302/1680/2220 1292/1686/2227 1347/1685/2226
f 1376/1687/2228 1347/1685/2226 1292/1686/2227
f 1289/1688/2229 1376/1687/2228 1292/1686/2227
f 1292/1686/2227 1290/1689/2230 1289/1688/2229
f 1290/1689/2230 1291/1690/2231 1289/1688/2229
f 1223/1691/2232 1227/1692/2233 1221/1693/2234
f 1220/1694/2235 1223/1691/2232 1221/1693/2234
f 1221/1693/2234 1222/1695/2236 1220/1694/2235
f 1220/1694/2235 1222/1695/2236 1290/1689/2230
f 1290/1689/2230 1358/1696/2237 1220/1694/2235
f 1358/1696/2237 1290/1689/2230 1292/1686/2227
f 1292/1686/2227 1301/1697/2238 1358/1696/2237
f 1300/1676/2216 1301/1697/2238 1292/1686/2227
f 1292/1686/2227 1302/1680/2220 1300/1676/2216
f 1300/1676/2216 1302/1680/2220 3196/1674/2214
f 1329/1698/2239 1332/1699/2240 1331/1700/2241
f 1331/1700/2241 1330/1701/2242 1329/1698/2239
f 1393/1702/2243 1330/1701/2242 1331/1700/2241
f 1394/1703/2244 1330/1701/2242 1393/1702/2243
f 1385/1704/2245 1332/1699/2240 1382/1705/2246
f 1329/1698/2239 1382/1705/2246 1332/1699/2240
f 1322/1706/2247 1382/1705/2246 1329/1698/2239
f 1320/1707/2248 1322/1706/2247 1329/1698/2239
f 1329/1698/2239 1330/1701/2242 1320/1707/2248
f 1365/1708/2249 1320/1707/2248 1330/1701/2242
f 1330/1701/2242 1394/1703/2244 1365/1708/2249
f 1365/1708/2249 1394/1703/2244 1391/1709/2250
f 1391/1709/2250 1394/1703/2244 1393/1702/2243
f 1391/1709/2250 1393/1702/2243 1392/1710/2251
f 1389/1711/2252 1391/1709/2250 1392/1710/2251
f 1390/1712/2253 1391/1709/2250 1389/1711/2252
f 1391/1709/2250 1390/1712/2253 1365/1708/2249
f 1320/1707/2248 1365/1708/2249 1364/1713/2254
f 1364/1713/2254 1321/1714/2255 1320/1707/2248
f 1320/1707/2248 1321/1714/2255 1319/1715/2256
f 1319/1715/2256 1322/1706/2247 1320/1707/2248
f 1319/1715/2256 1383/1716/2257 1322/1706/2247
f 1322/1706/2247 1383/1716/2257 1382/1705/2246
f 1334/1717/2258 1382/1705/2246 1383/1716/2257
f 1385/1704/2245 1382/1705/2246 1334/1717/2258
f 1334/1717/2258 1333/1718/2259 1385/1704/2245
f 1333/1718/2259 1334/1717/2258 3236/1719/2260
f 1335/1720/2261 3236/1719/2260 1334/1717/2258
f 1383/1716/2257 1335/1720/2261 1334/1717/2258
f 1335/1720/2261 1383/1716/2257 1319/1715/2256
f 1319/1715/2256 1336/1721/2262 1335/1720/2261
f 1336/1721/2262 3238/1722/2263 1335/1720/2261
f 1336/1721/2262 3249/1723/2264 3238/1722/2263
f 3249/1723/2264 3247/1724/2265 3238/1722/2263
f 3249/1723/2264 3248/1725/2266 3247/1724/2265
f 3251/1726/2267 3248/1725/2266 3249/1723/2264
f 3251/1726/2267 3249/1723/2264 1404/1727/2268
f 3224/1635/2037 3225/1728/2269 3223/1729/2270
f 3251/1726/2267 3223/1729/2270 3225/1728/2269
f 3225/1728/2269 3233/1730/2271 3251/1726/2267
f 3248/1725/2266 3251/1726/2267 3233/1730/2271
f 3233/1730/2271 3235/1731/2272 3248/1725/2266
f 3247/1724/2265 3248/1725/2266 3235/1731/2272
f 3247/1724/2265 3235/1731/2272 3246/1732/2273
f 3238/1722/2263 3247/1724/2265 3246/1732/2273
f 3246/1732/2273 3236/1719/2260 3238/1722/2263
f 1335/1720/2261 3238/1722/2263 3236/1719/2260
f 3223/1729/2270 3226/1733/2274 3224/1635/2037
f 3226/1733/2274 3280/370/2040 3224/1635/2037
f 3236/1719/2260 3237/1734/2275 1333/1718/2259
f 3237/1734/2275 3236/1719/2260 3246/1732/2273
f 3246/1732/2273 3299/1735/2276 3237/1734/2275
f 3246/1732/2273 3235/1731/2272 3299/1735/2276
f 3232/1736/2277 3299/1735/2276 3235/1731/2272
f 3232/1736/2277 3235/1731/2272 3233/1730/2271
f 3233/1730/2271 3234/1737/2278 3232/1736/2277
f 3234/1737/2278 3233/1730/2271 3225/1728/2269
f 3225/1728/2269 3227/1636/2039 3234/1737/2278
f 3227/1636/2039 3225/1728/2269 3224/1635/2037
f 3174/12/2028 3270/373/2279 3266/13/2280
f 3174/12/2028 3266/13/2280 3153/4/2281
f 3266/13/2280 3267/14/2282 3153/4/2281
f 3267/14/2282 3266/13/2280 3272/15/2283
f 3282/371/2284 3272/15/2283 3266/13/2280
f 3266/13/2280 3277/372/2285 3282/371/2284
f 3270/373/2279 3277/372/2285 3266/13/2280
f 1404/1727/2268 3223/1729/2270 3251/1726/2267
f 3223/1729/2270 1404/1727/2268 3272/15/2283
f 3272/15/2283 3226/1733/2274 3223/1729/2270
f 3226/1733/2274 3272/15/2283 3282/371/2284
f 3226/1733/2274 3282/371/2284 3280/370/2040
f 1414/369/2042 3280/370/2040 3282/371/2284
f 3282/371/2284 3277/372/2285 1414/369/2042
f 3277/372/2285 1413/365/2031 1414/369/2042
f 1413/365/2031 3277/372/2285 3270/373/2279
f 1413/365/2031 3270/373/2279 3174/12/2028
f 3157/23/2286 3158/8/2287 1244/24/2288
f 1244/24/2288 3158/8/2287 3171/9/2289
f 3156/7/2290 3171/9/2289 3158/8/2287
f 3158/8/2287 3154/6/2291 3156/7/2290
f 3153/4/2281 3156/7/2290 3154/6/2291
f 3154/6/2291 3155/5/2292 3153/4/2281
f 3174/12/2028 3153/4/2281 3155/5/2292
f 3174/12/2028 3155/5/2292 3165/11/2293
f 3165/11/2293 3173/16/2029 3174/12/2028
f 3173/16/2029 3165/11/2293 3172/19/2033
f 1242/26/2294 3159/22/2295 3157/23/2286
f 3157/23/2286 3159/22/2295 3167/10/2296
f 3158/8/2287 3157/23/2286 3167/10/2296
f 3154/6/2291 3158/8/2287 3167/10/2296
f 3154/6/2291 3167/10/2296 3165/11/2293
f 3165/11/2293 3155/5/2292 3154/6/2291
f 3165/11/2293 3164/20/2297 3172/19/2033
f 3165/11/2293 3166/21/2298 3164/20/2297
f 3165/11/2293 3167/10/2296 3166/21/2298
f 3166/21/2298 3167/10/2296 3159/22/2295
f 1232/45/2299 1214/37/2300 1213/44/2301
f 1231/36/2302 1214/37/2300 1232/45/2299
f 1231/36/2302 1232/45/2299 1230/29/2303
f 1230/29/2303 1233/27/2304 1231/36/2302
f 1233/27/2304 1230/29/2303 1241/28/2305
f 1241/28/2305 1240/30/2306 1233/27/2304
f 1242/26/2294 1240/30/2306 1241/28/2305
f 1243/31/2307 1240/30/2306 1242/26/2294
f 3157/23/2286 1243/31/2307 1242/26/2294
f 1244/24/2288 1243/31/2307 3157/23/2286
f 1209/39/2308 1214/37/2300 1215/38/2309
f 1253/35/2310 1215/38/2309 1214/37/2300
f 1214/37/2300 1231/36/2302 1253/35/2310
f 1231/36/2302 1233/27/2304 1253/35/2310
f 1233/27/2304 1239/34/2311 1253/35/2310
f 1239/34/2311 1233/27/2304 1240/30/2306
f 1240/30/2306 1237/32/2312 1239/34/2311
f 1240/30/2306 1243/31/2307 1237/32/2312
f 1243/31/2307 1244/24/2288 1237/32/2312
f 1237/32/2312 1244/24/2288 1248/25/2313
f 3171/9/2289 1248/25/2313 1244/24/2288
f 1248/25/2313 1238/33/2314 1237/32/2312
f 1238/33/2314 1239/34/2311 1237/32/2312
f 1253/35/2310 1239/34/2311 1238/33/2314
f 1253/35/2310 1238/33/2314 1249/40/2315
f 1249/40/2315 1215/38/2309 1253/35/2310
f 1215/38/2309 1249/40/2315 1210/41/2316
f 1215/38/2309 1210/41/2316 1209/39/2308
f 1210/41/2316 1211/42/2317 1209/39/2308
f 1209/39/2308 1211/42/2317 1212/43/2318
f 1212/43/2318 1213/44/2301 1209/39/2308
f 1214/37/2300 1209/39/2308 1213/44/2301
f 1312/1738/2319 1315/1739/2320 1313/1740/2321
f 1313/1740/2321 1314/1741/2322 1312/1738/2319
f 1314/1741/2322 1313/1740/2321 3208/1742/2323
f 3208/1742/2323 3303/1743/2324 1314/1741/2322
f 3303/1743/2324 3208/1742/2323 1317/1744/2325
f 1317/1744/2325 1318/1745/2326 3303/1743/2324
f 1318/1745/2326 1317/1744/2325 3221/1670/2210
f 3221/1670/2210 3222/1671/2211 1318/1745/2326
f 1313/1740/2321 1315/1739/2320 1343/1746/2327
f 1343/1746/2327 1344/1747/2328 1313/1740/2321
f 1313/1740/2321 1344/1747/2328 3304/1748/2329
f 3304/1748/2329 3208/1742/2323 1313/1740/2321
f 3304/1748/2329 3209/1749/2330 3208/1742/2323
f 3209/1749/2330 3210/1750/2331 3208/1742/2323
f 3208/1742/2323 3210/1750/2331 1317/1744/2325
f 1317/1744/2325 3210/1750/2331 1316/1751/2332
f 1317/1744/2325 1316/1751/2332 3221/1670/2210
f 3221/1670/2210 1316/1751/2332 3220/1752/2333
f 3221/1670/2210 3220/1752/2333 3308/1753/2334
f 3308/1753/2334 3254/354/2209 3221/1670/2210
f 1418/1754/2335 1437/1755/2336 1429/1756/2337
f 1438/1757/2338 1439/1758/2339 1437/1755/2336
f 1438/1757/2338 1437/1755/2336 1418/1754/2335
f 1418/1754/2335 1417/1759/2340 1438/1757/2338
f 1417/1759/2340 1418/1754/2335 1416/1760/2341
f 1418/1754/2335 1429/1756/2337 1416/1760/2341
f 1428/1761/2342 1416/1760/2341 1429/1756/2337
f 1416/1760/2341 1428/1761/2342 1427/1762/2343
f 1427/1762/2343 1419/1763/2344 1416/1760/2341
f 1416/1760/2341 1419/1763/2344 1417/1759/2340
f 1431/1764/2345 1432/1765/2346 1430/1766/2347
f 1432/1765/2346 1431/1764/2345 1442/1767/2348
f 1442/1767/2348 1443/1768/2349 1432/1765/2346
f 1432/1765/2346 1443/1768/2349 1436/1769/2350
f 1430/1766/2347 1432/1765/2346 1436/1769/2350
f 1435/1770/2351 1430/1766/2347 1436/1769/2350
f 1430/1766/2347 1435/1770/2351 1434/1771/2352
f 1433/1772/2353 1430/1766/2347 1434/1771/2352
f 1430/1766/2347 1433/1772/2353 1431/1764/2345
f 1216/1773/2354 1218/1774/2355 1293/1775/2356
f 1217/1776/2357 1218/1774/2355 1216/1773/2354
f 1216/1773/2354 1219/1777/2358 1217/1776/2357
f 1217/1776/2357 1219/1777/2358 1226/1778/2359
f 1224/1779/2360 1217/1776/2357 1226/1778/2359
f 1224/1779/2360 1225/1780/2361 1217/1776/2357
f 1218/1774/2355 1217/1776/2357 1225/1780/2361
f 1218/1774/2355 1225/1780/2361 1228/1781/2362
f 1228/1781/2362 1229/1782/2363 1218/1774/2355
f 1374/1783/2364 1229/1782/2363 1228/1781/2362
f 1229/1782/2363 1293/1775/2356 1218/1774/2355
f 1377/1784/2365 1293/1775/2356 1229/1782/2363
f 1299/1785/2366 3193/1644/2100 3250/1646/2102
f 3250/1646/2102 1294/1786/2367 1299/1785/2366
f 1298/1787/2368 1299/1785/2366 1294/1786/2367
f 1294/1786/2367 1296/1788/2369 1298/1787/2368
f 1375/1789/2370 1298/1787/2368 1296/1788/2369
f 1296/1788/2369 1374/1783/2364 1375/1789/2370
f 1228/1781/2362 1375/1789/2370 1374/1783/2364
f 1375/1789/2370 1228/1781/2362 1345/1790/2371
f 1359/1791/2372 1345/1790/2371 1228/1781/2362
f 1228/1781/2362 1225/1780/2361 1359/1791/2372
f 3191/1642/2098 3193/1644/2100 1346/1792/2373
f 1346/1792/2373 3193/1644/2100 1299/1785/2366
f 1346/1792/2373 1299/1785/2366 1298/1787/2368
f 1346/1792/2373 1298/1787/2368 1345/1790/2371
f 1298/1787/2368 1375/1789/2370 1345/1790/2371
f 1179/105/1688 1178/97/1686 1078/464/1696
f 1162/60/2374 1165/61/2375 1166/59/2376
f 1166/59/2376 1167/58/2377 1162/60/2374
f 1145/63/2378 1146/62/2379 1144/64/2380
f 1145/63/2378 1144/64/2380 1163/65/2381
f 1163/65/2381 1144/64/2380 1162/60/2374
f 1162/60/2374 1144/64/2380 1147/66/2382
f 1147/66/2382 1165/61/2375 1162/60/2374
f 1164/67/2383 1165/61/2375 1147/66/2382
f 1147/66/2382 1146/62/2379 1164/67/2383
f 1146/62/2379 1147/66/2382 1144/64/2380
f 3286/3/2384 3287/2/2384 3285/1/2384
f 1622/155/1634 1610/157/1629 1586/150/1832
f 1611/152/2385 1586/150/1832 1610/157/1629
f 1640/158/1631 1611/152/2385 1610/157/1629
f 1584/151/2386 1611/152/2385 1640/158/1631
f 1640/158/1631 1641/159/2387 1584/151/2386
f 1641/159/2387 1587/160/1637 1584/151/2386
f 1585/149/2388 1584/151/2386 1587/160/1637
f 1588/142/1636 1585/149/2388 1587/160/1637
f 3600/144/1643 1585/149/2388 1588/142/1636
f 1585/149/2388 3600/144/1643 3601/148/1645
f 1586/150/1832 1585/149/2388 3601/148/1645
f 1585/149/2388 1586/150/1832 1584/151/2386
f 1584/151/2386 1586/150/1832 1611/152/2385
f 1357/1793/2389 1368/1794/2390 1367/1795/2391
f 1190/1796/2392 1191/1797/2393 1189/1798/2394
f 1189/1798/2394 1191/1797/2393 1194/1799/2395
f 1191/1797/2393 1195/1800/2396 1194/1799/2395
f 1195/1800/2396 1356/1801/2397 1194/1799/2395
f 1195/1800/2396 1357/1793/2389 1356/1801/2397
f 1312/1738/2319 1356/1801/2397 1357/1793/2389
f 1357/1793/2389 1315/1739/2320 1312/1738/2319
f 1367/1795/2391 1315/1739/2320 1357/1793/2389
f 1367/1795/2391 1380/1802/2398 1315/1739/2320
f 1315/1739/2320 1380/1802/2398 1343/1746/2327
f 1409/345/2180 1399/344/2121 3240/339/2122
f 1409/345/2180 3240/339/2122 1340/340/2399
f 1340/340/2399 1408/346/2182 1409/345/2180
f 1412/347/2048 1408/346/2182 1340/340/2399
f 1340/340/2399 1395/341/2050 1412/347/2048
f 3288/333/2108 1395/341/2050 1340/340/2399
f 1340/340/2399 3241/337/2400 3288/333/2108
f 3288/333/2108 3241/337/2400 3177/334/2111
f 3177/334/2111 3241/337/2400 3242/338/2119
f 3240/339/2122 3242/338/2119 3241/337/2400
f 3241/337/2400 1340/340/2399 3240/339/2122
f 3161/1665/2202 3162/1803/2401 3160/1666/2203
f 3162/1803/2401 3161/1665/2202 3169/1662/2199
f 3169/1662/2199 3170/1804/2402 3162/1803/2401
f 1245/1661/2198 3170/1804/2402 3169/1662/2199
f 1247/1805/2403 3170/1804/2402 1245/1661/2198
f 1247/1805/2403 1245/1661/2198 1236/1806/2404
f 1254/1807/2405 1247/1805/2403 1236/1806/2404
f 1254/1807/2405 1236/1806/2404 1250/1808/2406
f 1254/1807/2405 1250/1808/2406 1251/1809/2407
f 1206/1810/2408 1251/1809/2407 1250/1808/2406
f 1207/1811/2409 1208/1812/2410 1206/1810/2408
f 1250/1808/2406 1207/1811/2409 1206/1810/2408
f 1207/1811/2409 1250/1808/2406 1252/1813/2411
f 1235/1814/2412 1252/1813/2411 1250/1808/2406
f 1250/1808/2406 1236/1806/2404 1235/1814/2412
f 1235/1814/2412 1236/1806/2404 1234/1815/2413
f 1234/1815/2413 1236/1806/2404 1255/1816/2414
f 1245/1661/2198 1255/1816/2414 1236/1806/2404
f 1246/1817/2415 1255/1816/2414 1245/1661/2198
f 3168/1663/2200 1246/1817/2415 1245/1661/2198
f 3080/207/2001 1087/245/2416 1085/193/2002
f 1085/193/2002 1087/245/2416 1099/246/2006
f 1099/246/2006 1087/245/2416 1088/235/2008
f 3082/234/2417 1088/235/2008 1087/245/2416
f 3080/207/2001 3082/234/2417 1087/245/2416
f 3082/234/2417 3080/207/2001 3081/211/2418
f 3084/212/2419 3081/211/2418 3080/207/2001
f 3084/212/2419 3080/207/2001 3092/213/2420
f 3092/213/2420 3087/221/2421 3084/212/2419
f 3113/220/2422 3087/221/2421 3092/213/2420
f 3111/225/2423 3087/221/2421 3113/220/2422
f 3111/225/2423 3113/220/2422 3114/226/2424
f 1089/236/2010 1088/235/2008 3088/230/2425
f 3082/234/2417 3088/230/2425 1088/235/2008
f 3088/230/2425 3082/234/2417 3083/232/2426
f 3081/211/2418 3083/232/2426 3082/234/2417
f 3081/211/2418 3086/223/2427 3083/232/2426
f 3084/212/2419 3086/223/2427 3081/211/2418
f 3085/222/2428 3086/223/2427 3084/212/2419
f 3084/212/2419 3087/221/2421 3085/222/2428
f 3087/221/2421 3110/224/2429 3085/222/2428
f 3111/225/2423 3110/224/2429 3087/221/2421
f 3083/232/2426 3089/231/2430 3088/230/2425
f 3089/231/2430 3083/232/2426 3086/223/2427
f 3086/223/2427 3090/233/2431 3089/231/2430
f 3111/225/2423 3115/229/2432 3110/224/2429
f 3114/226/2424 3115/229/2432 3111/225/2423
f 3151/228/2433 3115/229/2432 3114/226/2424
f 3114/226/2424 3150/227/2434 3151/228/2433
f 1132/219/2004 3150/227/2434 3114/226/2424
f 1132/219/2004 3114/226/2424 3113/220/2422
f 3112/214/2003 1132/219/2004 3113/220/2422
f 3112/214/2003 3113/220/2422 3092/213/2420
f 3091/206/2000 3112/214/2003 3092/213/2420
f 3091/206/2000 3092/213/2420 3080/207/2001
f 980/1818/2435 981/1819/2436 979/1820/2437
f 979/1820/2437 981/1819/2436 984/1821/2438
f 979/1820/2437 984/1821/2438 982/1822/2439
f 983/1823/2440 979/1820/2437 982/1822/2439
f 982/1822/2439 985/1824/2441 983/1823/2440
f 980/1818/2435 979/1820/2437 983/1823/2440
f 852/825/2442 908/827/2443 853/826/2444
f 875/1327/2445 853/826/2444 908/827/2443
f 908/827/2443 852/825/2442 869/817/2446
f 851/824/2447 869/817/2446 852/825/2442
f 852/825/2442 853/826/2444 851/824/2447
f 853/826/2444 877/1325/2448 851/824/2447
f 875/1327/2445 877/1325/2448 853/826/2444
f 876/1328/2449 877/1325/2448 875/1327/2445
f 875/1327/2445 878/1331/2450 876/1328/2449
f 876/1328/2449 878/1331/2450 879/1330/2451
f 876/1328/2449 879/1330/2451 881/1329/2452
f 893/845/2453 881/1329/2452 879/1330/2451
f 878/1331/2450 880/1332/2454 879/1330/2451
f 851/824/2447 877/1325/2448 856/1323/2455
f 856/1323/2455 882/1324/2456 854/1326/2457
f 882/1324/2456 856/1323/2455 877/1325/2448
f 877/1325/2448 876/1328/2449 882/1324/2456
f 881/1329/2452 882/1324/2456 876/1328/2449
f 854/1326/2457 881/1329/2452 893/845/2453
f 893/845/2453 855/828/2458 854/1326/2457
f 893/845/2453 862/844/2459 855/828/2458
f 862/844/2459 859/830/2460 855/828/2458
f 859/830/2460 862/844/2459 860/843/2461
f 860/843/2461 857/838/2462 859/830/2460
f 863/841/2463 857/838/2462 860/843/2461
f 860/843/2461 861/842/2464 863/841/2463
f 860/843/2461 862/844/2459 861/842/2464
f 862/844/2459 894/846/2465 861/842/2464
f 894/846/2465 862/844/2459 893/845/2453
f 904/847/2466 894/846/2465 893/845/2453
f 893/845/2453 1017/851/2467 904/847/2466
f 861/842/2464 894/846/2465 903/848/2468
f 904/847/2466 903/848/2468 894/846/2465
f 903/848/2468 904/847/2466 902/849/2469
f 902/849/2469 905/850/2470 903/848/2468
f 896/859/2471 897/858/2472 906/857/2473
f 906/857/2473 884/860/2474 896/859/2471
f 887/861/2475 896/859/2471 884/860/2474
f 895/862/2476 896/859/2471 887/861/2475
f 896/859/2471 895/862/2476 898/854/2477
f 1018/863/2478 898/854/2477 895/862/2476
f 898/854/2477 1018/863/2478 901/855/2479
f 898/854/2477 901/855/2479 899/853/2480
f 903/848/2468 899/853/2480 901/855/2479
f 903/848/2468 901/855/2479 861/842/2464
f 899/853/2480 900/852/2481 898/854/2477
f 896/859/2471 898/854/2477 897/858/2472
f 897/858/2472 898/854/2477 906/857/2473
f 898/854/2477 907/856/2482 906/857/2473
f 1229/1782/2363 1374/1783/2364 1377/1784/2365
f 1377/1784/2365 1374/1783/2364 1296/1788/2369
f 1296/1788/2369 1295/1825/2483 1377/1784/2365
f 1295/1825/2483 1296/1788/2369 1294/1786/2367
f 1294/1786/2367 1297/1826/2484 1295/1825/2483
f 3250/1646/2102 1297/1826/2484 1294/1786/2367
f 3296/1827/2485 1297/1826/2484 3250/1646/2102
f 3296/1827/2485 3250/1646/2102 3203/1645/2101
f 3203/1645/2101 3202/1649/2105 3296/1827/2485
f 3202/1649/2105 3203/1645/2101 3201/1647/2103
f 1168/48/2486 1174/47/2487 1172/46/2488
f 1172/46/2488 1173/49/2489 1168/48/2486
f 1173/49/2489 1175/50/2490 1168/48/2486
f 1177/56/2491 1175/50/2490 3119/57/2492
f 1175/50/2490 1177/56/2491 1171/55/2493
f 1175/50/2490 1171/55/2493 1168/48/2486
f 1168/48/2486 1171/55/2493 1169/54/2494
f 1169/54/2494 1170/53/2495 1168/48/2486
f 1170/53/2495 1169/54/2494 3118/52/2496
f 1176/51/2497 1170/53/2495 3118/52/2496
f 1070/602/2498 1067/603/2499 1077/601/2500
f 1065/604/2501 1067/603/2499 1070/602/2498
f 1066/595/2502 1067/603/2499 1065/604/2501
f 1066/595/2502 1077/601/2500 1067/603/2499
f 1063/596/2503 1077/601/2500 1066/595/2502
f 1064/597/2504 1066/595/2502 1068/611/2505
f 1064/597/2504 1063/596/2503 1066/595/2502
f 1063/596/2503 1064/597/2504 1059/598/2506
f 1061/599/2507 1063/596/2503 1059/598/2506
f 1063/596/2503 1061/599/2507 1077/601/2500
f 1060/600/2508 1077/601/2500 1061/599/2507
f 1070/602/2498 1077/601/2500 1060/600/2508
f 1070/602/2498 1060/600/2508 1062/606/2509
f 1062/606/2509 1069/605/2510 1070/602/2498
f 1065/604/2501 1070/602/2498 1069/605/2510
f 1060/600/2508 1061/599/2507 1059/598/2506
f 1059/598/2506 1062/606/2509 1060/600/2508
f 1059/598/2506 1073/607/2511 1062/606/2509
f 1072/608/2512 1062/606/2509 1073/607/2511
f 1062/606/2509 1072/608/2512 1071/609/2513
f 1071/609/2513 1069/605/2510 1062/606/2509
f 1076/610/2514 1069/605/2510 1071/609/2513
f 1076/610/2514 1065/604/2501 1069/605/2510
f 1068/611/2505 1065/604/2501 1076/610/2514
f 1065/604/2501 1068/611/2505 1066/595/2502
f 1073/607/2511 1059/598/2506 1064/597/2504
f 1064/597/2504 1074/613/2515 1073/607/2511
f 1075/612/2516 1074/613/2515 1064/597/2504
f 1064/597/2504 1068/611/2505 1075/612/2516
f 1075/612/2516 1068/611/2505 1076/610/2514
f 1019/869/2517 1020/871/2518 886/866/2519
f 1021/868/2520 3764/1828/2521 1019/869/2517
f 886/866/2519 1021/868/2520 1019/869/2517
f 913/867/2522 1021/868/2520 886/866/2519
f 913/867/2522 886/866/2519 883/865/2523
f 887/861/2475 883/865/2523 886/866/2519
f 884/860/2474 883/865/2523 887/861/2475
f 884/860/2474 885/864/2524 883/865/2523
f 911/872/2525 883/865/2523 885/864/2524
f 912/873/2526 883/865/2523 911/872/2525
f 1014/649/2527 1015/655/2528 1013/654/2529
f 1006/647/2530 1023/650/2531 1014/649/2527
f 1014/649/2527 1005/648/2532 1006/647/2530
f 1013/654/2529 1005/648/2532 1014/649/2527
f 1005/648/2532 1013/654/2529 1001/653/2533
f 1001/653/2533 1007/652/2534 1005/648/2532
f 1007/652/2534 1001/653/2533 1003/663/2535
f 1003/663/2535 1008/662/2536 1007/652/2534
f 1003/663/2535 1009/666/2537 1008/662/2536
f 1002/664/2538 1003/663/2535 1001/653/2533
f 1002/664/2538 1004/665/2539 1003/663/2535
f 994/660/2540 991/651/2541 1024/661/2542
f 1008/662/2536 1024/661/2542 991/651/2541
f 1008/662/2536 991/651/2541 1007/652/2534
f 1005/648/2532 1007/652/2534 991/651/2541
f 991/651/2541 1006/647/2530 1005/648/2532
f 995/669/2543 994/660/2540 996/658/2544
f 995/669/2543 992/668/2545 994/660/2540
f 991/651/2541 994/660/2540 992/668/2545
f 992/668/2545 993/667/2546 991/651/2541
f 1024/661/2542 1011/659/2547 994/660/2540
f 994/660/2540 1011/659/2547 996/658/2544
f 1011/659/2547 1012/657/2548 996/658/2544
f 1012/657/2548 1010/656/2549 996/658/2544
f 996/658/2544 1010/656/2549 998/674/2550
f 996/658/2544 998/674/2550 997/673/2551
f 997/673/2551 999/672/2552 996/658/2544
f 999/672/2552 1000/671/2553 996/658/2544
f 1000/671/2553 1025/670/2554 996/658/2544
f 1025/670/2554 995/669/2543 996/658/2544
f 990/1829/2555 965/1830/2556 964/1831/2557
f 960/1832/2558 965/1830/2556 958/1833/2559
f 964/1831/2557 965/1830/2556 960/1832/2558
f 960/1832/2558 961/1834/2560 964/1831/2557
f 962/776/823 964/1831/2557 961/1834/2560
f 961/1834/2560 963/777/824 962/776/823
f 968/1835/2561 963/777/824 961/1834/2560
f 963/777/824 968/1835/2561 949/770/817
f 949/770/817 968/1835/2561 954/1836/2562
f 954/1836/2562 952/771/818 949/770/817
f 955/1837/2563 952/771/818 954/1836/2562
f 955/1837/2563 957/1838/2564 956/1839/2565
f 957/1838/2564 955/1837/2563 986/1840/2566
f 955/1837/2563 965/1830/2556 986/1840/2566
f 965/1830/2556 955/1837/2563 958/1833/2559
f 958/1833/2559 955/1837/2563 954/1836/2562
f 954/1836/2562 959/1841/2567 958/1833/2559
f 968/1835/2561 959/1841/2567 954/1836/2562
f 961/1834/2560 959/1841/2567 968/1835/2561
f 959/1841/2567 961/1834/2560 960/1832/2558
f 960/1832/2558 958/1833/2559 959/1841/2567
f 950/1842/2568 952/771/818 955/1837/2563
f 956/1839/2565 950/1842/2568 955/1837/2563
f 951/1843/2569 950/1842/2568 956/1839/2565
f 977/1844/2570 951/1843/2569 956/1839/2565
f 951/1843/2569 977/1844/2570 976/1845/2571
f 976/1845/2571 953/1846/2572 951/1843/2569
f 953/1846/2572 976/1845/2571 975/1847/2573
f 975/1847/2573 938/774/821 953/1846/2572
f 938/774/821 975/1847/2573 929/809/892
f 929/809/892 927/805/888 938/774/821
f 951/1843/2569 952/771/818 950/1842/2568
f 951/1843/2569 953/1846/2572 952/771/818
f 952/771/818 953/1846/2572 938/774/821
f 938/774/821 940/769/816 952/771/818
f 973/765/2574 974/768/2574 972/786/2574
f 870/818/2575 866/823/2576 871/822/2577
f 873/834/2578 871/822/2577 866/823/2576
f 871/822/2577 872/821/2579 870/818/2575
f 870/818/2575 872/821/2579 3765/820/2580
f 1022/819/2581 870/818/2575 3765/820/2580
f 909/816/2582 870/818/2575 1022/819/2581
f 870/818/2575 909/816/2582 869/817/2446
f 866/823/2576 870/818/2575 869/817/2446
f 866/823/2576 869/817/2446 851/824/2447
f 866/823/2576 851/824/2447 855/828/2458
f 856/1323/2455 855/828/2458 851/824/2447
f 855/828/2458 856/1323/2455 854/1326/2457
f 909/816/2582 910/815/2583 869/817/2446
f 865/829/2584 855/828/2458 859/830/2460
f 866/823/2576 855/828/2458 865/829/2584
f 865/829/2584 867/835/2585 866/823/2576
f 866/823/2576 867/835/2585 873/834/2578
f 867/835/2585 874/840/2586 873/834/2578
f 2236/831/2587 873/834/2578 874/840/2586
f 871/822/2577 873/834/2578 2236/831/2587
f 2235/832/2588 871/822/2577 2236/831/2587
f 2236/831/2587 3763/1848/2589 2235/832/2588
f 858/837/2590 859/830/2460 857/838/2462
f 859/830/2460 858/837/2590 864/836/2591
f 864/836/2591 865/829/2584 859/830/2460
f 867/835/2585 865/829/2584 864/836/2591
f 864/836/2591 868/839/2592 867/835/2585
f 874/840/2586 867/835/2585 868/839/2592
f 889/1362/2593 890/1361/2594 888/1363/2595
f 1016/1364/2596 890/1361/2594 889/1362/2593
f 1016/1364/2596 891/1365/2597 890/1361/2594
f 891/1365/2597 888/1363/2595 890/1361/2594
f 892/1366/2598 888/1363/2595 891/1365/2597
f 2628/1849/2599 3079/1850/2600 2635/1851/2601
f 2634/1852/2602 2635/1851/2601 2633/1853/2603
f 2635/1851/2601 2641/1854/2604 2633/1853/2603
f 2650/1855/2605 2651/1856/2606 2626/1375/2607
f 2650/1855/2605 2626/1375/2607 2649/1373/2608
f 2625/1374/2609 2649/1373/2608 2626/1375/2607
f 2625/1374/2609 2626/1375/2607 2624/1857/2610
f 2624/1857/2610 2626/1375/2607 2628/1849/2599
f 2628/1849/2599 2629/1858/2611 2624/1857/2610
f 2635/1851/2601 2629/1858/2611 2628/1849/2599
f 2629/1858/2611 2635/1851/2601 2632/1859/2612
f 2634/1852/2602 2632/1859/2612 2635/1851/2601
f 2634/1852/2602 2638/1860/2613 2632/1859/2612
f 2629/1858/2611 2632/1859/2612 2624/1857/2610
f 2632/1859/2612 2631/1861/2614 2624/1857/2610
f 2632/1859/2612 2638/1860/2613 2631/1861/2614
f 2631/1861/2614 2638/1860/2613 2630/1862/2615
f 2624/1857/2610 2631/1861/2614 2630/1862/2615
f 2630/1862/2615 2627/1863/2616 2624/1857/2610
f 2624/1857/2610 2627/1863/2616 2625/1374/2609
f 2639/1864/2617 2625/1374/2609 2627/1863/2616
f 2627/1863/2616 2637/1865/2618 2639/1864/2617
f 2636/1866/2619 2637/1865/2618 2627/1863/2616
f 2636/1866/2619 2640/1867/2620 2637/1865/2618
f 2640/1867/2620 2652/1868/2621 2637/1865/2618
f 2627/1863/2616 2630/1862/2615 2636/1866/2619
f 2630/1862/2615 2638/1860/2613 2636/1866/2619
f 3069/885/2622 3071/901/2623 3077/900/2624
f 3071/901/2623 844/902/2625 3077/900/2624
f 828/911/2626 830/912/2627 829/910/2628
f 829/910/2628 827/909/2629 828/911/2626
f 845/905/2630 827/909/2629 829/910/2628
f 845/905/2630 846/908/2631 827/909/2629
f 844/902/2625 846/908/2631 845/905/2630
f 846/908/2631 844/902/2625 3072/907/2632
f 3072/907/2632 844/902/2625 3071/901/2623
f 3072/907/2632 3071/901/2623 3070/906/2633
f 3070/906/2633 3071/901/2623 3069/885/2622
f 3069/885/2622 3068/895/2634 3070/906/2633
f 3070/906/2633 824/915/2635 3072/907/2632
f 825/914/2636 3072/907/2632 824/915/2635
f 825/914/2636 846/908/2631 3072/907/2632
f 846/908/2631 825/914/2636 827/909/2629
f 827/909/2629 825/914/2636 826/913/2637
f 826/913/2637 828/911/2626 827/909/2629
f 824/915/2635 826/913/2637 825/914/2636
f 3068/895/2634 3069/885/2622 823/886/2638
f 823/886/2638 822/894/2639 3068/895/2634
f 822/894/2639 823/886/2638 820/893/2640
f 820/893/2640 821/897/2641 822/894/2639
f 819/892/2642 821/897/2641 820/893/2640
f 818/896/2643 821/897/2641 819/892/2642
f 819/892/2642 817/890/2644 818/896/2643
f 814/889/2645 818/896/2643 817/890/2644
f 817/890/2644 815/888/2646 814/889/2645
f 815/888/2646 816/887/2647 814/889/2645
f 815/888/2646 817/890/2644 840/891/2648
f 819/892/2642 840/891/2648 817/890/2644
f 841/883/2649 840/891/2648 819/892/2642
f 841/883/2649 819/892/2642 820/893/2640
f 841/883/2649 820/893/2640 823/886/2638
f 841/883/2649 823/886/2638 3069/885/2622
f 3069/885/2622 3076/884/2650 841/883/2649
f 3077/900/2624 3076/884/2650 3069/885/2622
f 3075/899/2651 3076/884/2650 3077/900/2624
f 3077/900/2624 3078/903/2652 3075/899/2651
f 3078/903/2652 3077/900/2624 844/902/2625
f 3078/903/2652 844/902/2625 843/904/2653
f 845/905/2630 843/904/2653 844/902/2625
f 841/883/2649 842/898/2654 840/891/2648
f 841/883/2649 3075/899/2651 842/898/2654
f 3076/884/2650 3075/899/2651 841/883/2649
f 734/1869/2655 722/1870/2656 733/1871/2657
f 723/1054/1166 722/1870/2656 734/1869/2655
f 723/1054/1166 725/1045/1157 724/1044/1156
f 734/1869/2655 725/1045/1157 723/1054/1166
f 725/1045/1157 734/1869/2655 795/1872/2658
f 734/1869/2655 739/1873/2659 795/1872/2658
f 739/1873/2659 734/1869/2655 738/1874/2660
f 738/1874/2660 735/1875/2661 739/1873/2659
f 735/1875/2661 738/1874/2660 736/1876/2662
f 736/1876/2662 737/1877/2663 735/1875/2661
f 795/1872/2658 793/968/1080 725/1045/1157
f 795/1872/2658 745/966/1078 793/968/1080
f 795/1872/2658 739/1873/2659 745/966/1078
f 741/961/1073 745/966/1078 739/1873/2659
f 741/961/1073 739/1873/2659 735/1875/2661
f 735/1875/2661 742/955/1067 741/961/1073
f 737/1877/2663 742/955/1067 735/1875/2661
f 742/955/1067 737/1877/2663 1683/954/1066
f 1683/954/1066 737/1877/2663 736/1876/2662
f 736/1876/2662 1684/962/1074 1683/954/1066
f 715/1878/2664 720/1879/2665 716/1880/2666
f 715/1878/2664 714/1881/2667 707/1882/2668
f 716/1880/2666 714/1881/2667 715/1878/2664
f 714/1881/2667 716/1880/2666 718/1883/2669
f 717/1884/2670 718/1883/2669 716/1880/2666
f 716/1880/2666 719/1885/2671 717/1884/2670
f 719/1885/2671 716/1880/2666 720/1879/2665
f 720/1879/2665 721/1886/2672 719/1885/2671
f 3023/1047/1159 707/1882/2668 706/1049/1161
f 707/1882/2668 714/1881/2667 706/1049/1161
f 706/1049/1161 714/1881/2667 713/1055/1167
f 718/1883/2669 713/1055/1167 714/1881/2667
f 713/1055/1167 718/1883/2669 723/1054/1166
f 718/1883/2669 717/1884/2670 723/1054/1166
f 723/1054/1166 717/1884/2670 722/1870/2656
f 731/1887/2673 722/1870/2656 717/1884/2670
f 722/1870/2656 731/1887/2673 733/1871/2657
f 733/1871/2657 731/1887/2673 732/1888/2674
f 731/1887/2673 730/1889/2675 732/1888/2674
f 731/1887/2673 727/1890/2676 730/1889/2675
f 727/1890/2676 726/1891/2677 730/1889/2675
f 727/1890/2676 728/1892/2678 726/1891/2677
f 728/1892/2678 729/1893/2679 726/1891/2677
f 728/1892/2678 727/1890/2676 717/1884/2670
f 717/1884/2670 727/1890/2676 731/1887/2673
f 3045/1165/2680 704/1164/2681 705/1169/2682
f 3042/1157/2683 703/1161/2684 704/1164/2681
f 704/1164/2681 3044/1156/2685 3042/1157/2683
f 3045/1165/2680 3044/1156/2685 704/1164/2681
f 3046/1159/2686 3044/1156/2685 3045/1165/2680
f 3045/1165/2680 3047/1166/2687 3046/1159/2686
f 3056/1167/2688 3046/1159/2686 3047/1166/2687
f 3047/1166/2687 3057/1170/2689 3056/1167/2688
f 3000/1168/2690 3056/1167/2688 3057/1170/2689
f 701/1171/2691 3000/1168/2690 3057/1170/2689
f 701/1171/2691 2855/1172/2692 3000/1168/2690
f 3041/1163/2693 3043/1162/2694 703/1161/2684
f 2860/1215/2695 3003/1213/2696 3002/1225/2697
f 3002/1225/2697 3003/1213/2696 3050/1226/2698
f 3050/1226/2698 3049/1227/2699 3002/1225/2697
f 3049/1227/2699 3048/1158/2700 3002/1225/2697
f 3042/1157/2683 3048/1158/2700 3049/1227/2699
f 3048/1158/2700 3042/1157/2683 3044/1156/2685
f 3044/1156/2685 3046/1159/2686 3048/1158/2700
f 3001/1160/2701 3048/1158/2700 3046/1159/2686
f 3046/1159/2686 3056/1167/2688 3001/1160/2701
f 3056/1167/2688 3000/1168/2690 3001/1160/2701
f 2862/1214/2702 3003/1213/2696 2860/1215/2695
f 2862/1214/2702 3004/1212/2703 3003/1213/2696
f 3003/1213/2696 3004/1212/2703 3051/1211/2704
f 3051/1211/2704 3050/1226/2698 3003/1213/2696
f 3051/1211/2704 3052/1229/2705 3050/1226/2698
f 3052/1229/2705 3053/1228/2706 3050/1226/2698
f 3049/1227/2699 3050/1226/2698 3053/1228/2706
f 3053/1228/2706 3041/1163/2693 3049/1227/2699
f 3049/1227/2699 3041/1163/2693 3042/1157/2683
f 703/1161/2684 3042/1157/2683 3041/1163/2693
f 686/1491/2707 683/1488/2708 685/1489/2709
f 682/1490/2710 685/1489/2709 683/1488/2708
f 683/1488/2708 684/1493/2711 682/1490/2710
f 684/1493/2711 689/1492/2712 682/1490/2710
f 689/1492/2712 688/1484/2713 682/1490/2710
f 682/1490/2710 688/1484/2713 687/1487/2714
f 691/1485/2715 687/1487/2714 688/1484/2713
f 691/1485/2715 688/1484/2713 690/1486/2716
f 685/1489/2709 687/1487/2714 686/1491/2707
f 687/1487/2714 685/1489/2709 682/1490/2710
f 328/1757/2717 305/1759/2718 307/1754/2719
f 306/1760/2720 307/1754/2719 305/1759/2718
f 305/1759/2718 308/1763/2721 306/1760/2720
f 306/1760/2720 308/1763/2721 316/1762/2722
f 316/1762/2722 317/1761/2723 306/1760/2720
f 306/1760/2720 317/1761/2723 318/1756/2724
f 318/1756/2724 307/1754/2719 306/1760/2720
f 326/1755/2725 307/1754/2719 318/1756/2724
f 307/1754/2719 326/1755/2725 328/1757/2717
f 327/1758/2726 328/1757/2717 326/1755/2725
f 695/1313/2727 696/1316/2728 694/1311/2729
f 695/1313/2727 697/1314/2730 700/1315/2731
f 697/1314/2730 695/1313/2727 646/1312/2732
f 646/1312/2732 695/1313/2727 694/1311/2729
f 694/1311/2729 633/1310/2733 646/1312/2732
f 633/1310/2733 694/1311/2729 634/1309/2734
f 633/1310/2733 634/1309/2734 599/1308/2735
f 599/1308/2735 634/1309/2734 597/1307/2736
f 596/1305/2737 599/1308/2735 597/1307/2736
f 597/1307/2736 598/1303/2738 596/1305/2737
f 598/1303/2738 597/1307/2736 600/1306/2739
f 635/1287/2740 697/1314/2730 648/1285/2741
f 648/1285/2741 697/1314/2730 646/1312/2732
f 647/1284/2742 648/1285/2741 646/1312/2732
f 643/1283/2743 647/1284/2742 646/1312/2732
f 643/1283/2743 646/1312/2732 633/1310/2733
f 640/1282/2744 643/1283/2743 633/1310/2733
f 633/1310/2733 619/1317/2745 640/1282/2744
f 599/1308/2735 619/1317/2745 633/1310/2733
f 619/1317/2745 599/1308/2735 620/1318/2746
f 620/1318/2746 621/1319/2747 619/1317/2745
f 599/1308/2735 680/1320/2748 620/1318/2746
f 639/1321/2749 621/1319/2747 660/1322/2750
f 639/1321/2749 619/1317/2745 621/1319/2747
f 619/1317/2745 639/1321/2749 640/1282/2744
f 606/1293/2751 635/1287/2740 609/1288/2752
f 636/1286/2753 609/1288/2752 635/1287/2740
f 635/1287/2740 648/1285/2741 636/1286/2753
f 636/1286/2753 648/1285/2741 644/1279/2754
f 647/1284/2742 644/1279/2754 648/1285/2741
f 644/1279/2754 647/1284/2742 678/1276/2755
f 678/1276/2755 647/1284/2742 643/1283/2743
f 643/1283/2743 641/1277/2756 678/1276/2755
f 641/1277/2756 643/1283/2743 640/1282/2744
f 640/1282/2744 642/1281/2757 641/1277/2756
f 657/1278/2758 641/1277/2756 642/1281/2757
f 642/1281/2757 658/1280/2759 657/1278/2758
f 678/1276/2755 677/1273/2760 644/1279/2754
f 676/1275/2761 679/1274/2762 677/1273/2760
f 677/1273/2760 678/1276/2755 676/1275/2761
f 676/1275/2761 678/1276/2755 641/1277/2756
f 641/1277/2756 657/1278/2758 676/1275/2761
f 600/1306/2739 602/1301/2763 598/1303/2738
f 601/1300/2764 602/1301/2763 600/1306/2739
f 601/1300/2764 603/1299/2765 602/1301/2763
f 604/1297/2766 603/1299/2765 601/1300/2764
f 604/1297/2766 612/1298/2767 603/1299/2765
f 604/1297/2766 613/1296/2768 612/1298/2767
f 604/1297/2766 607/1295/2769 613/1296/2768
f 608/1294/2770 613/1296/2768 607/1295/2769
f 608/1294/2770 607/1295/2769 606/1293/2751
f 606/1293/2751 609/1288/2752 608/1294/2770
f 611/1304/2771 596/1305/2737 598/1303/2738
f 611/1304/2771 598/1303/2738 610/1302/2772
f 610/1302/2772 598/1303/2738 602/1301/2763
f 612/1298/2767 610/1302/2772 602/1301/2763
f 603/1299/2765 612/1298/2767 602/1301/2763
f 601/1300/2764 605/1573/2773 604/1297/2766
f 607/1295/2769 604/1297/2766 605/1573/2773
f 606/1293/2751 607/1295/2769 605/1573/2773
f 605/1573/2773 635/1287/2740 606/1293/2751
f 635/1287/2740 605/1573/2773 681/1574/2774
f 681/1574/2774 605/1573/2773 698/1575/2775
f 601/1300/2764 698/1575/2775 605/1573/2773
f 698/1575/2775 601/1300/2764 699/1576/2776
f 601/1300/2764 600/1306/2739 699/1576/2776
f 634/1309/2734 699/1576/2776 600/1306/2739
f 600/1306/2739 597/1307/2736 634/1309/2734
f 659/1292/2777 638/1290/2778 645/1291/2779
f 644/1279/2754 645/1291/2779 638/1290/2778
f 644/1279/2754 638/1290/2778 636/1286/2753
f 636/1286/2753 638/1290/2778 637/1289/2780
f 637/1289/2780 609/1288/2752 636/1286/2753
f 2935/1344/2781 593/1346/2782 2959/1345/2783
f 593/1346/2782 592/1347/2784 2959/1345/2783
f 591/1348/2785 592/1347/2784 593/1346/2782
f 590/1349/2786 591/1348/2785 593/1346/2782
f 593/1346/2782 2937/1350/2787 590/1349/2786
f 2937/1350/2787 593/1346/2782 2935/1344/2781
f 2936/1351/2788 2937/1350/2787 2935/1344/2781
f 2938/1352/2789 2937/1350/2787 2936/1351/2788
f 2937/1350/2787 2938/1352/2789 2934/1353/2790
f 2934/1353/2790 590/1349/2786 2937/1350/2787
f 2928/1354/2791 590/1349/2786 2934/1353/2790
f 2929/1355/2792 590/1349/2786 2928/1354/2791
f 2928/1354/2791 2931/1356/2793 2929/1355/2792
f 2931/1356/2793 2928/1354/2791 2930/1357/2794
f 2931/1356/2793 2930/1357/2794 2932/1358/2795
f 2932/1358/2795 2933/1359/2796 2931/1356/2793
f 2933/1359/2796 2958/1360/2797 2931/1356/2793
f 2931/1356/2793 2958/1360/2797 592/1347/2784
f 2931/1356/2793 592/1347/2784 2929/1355/2792
f 2929/1355/2792 592/1347/2784 591/1348/2785
f 591/1348/2785 590/1349/2786 2929/1355/2792
f 2947/1588/2798 2950/1590/2799 2948/1586/2800
f 2950/1590/2799 2944/1591/2801 2948/1586/2800
f 2946/1585/2802 2948/1586/2800 2944/1591/2801
f 2943/1592/2803 2946/1585/2802 2944/1591/2801
f 2946/1585/2802 2943/1592/2803 2953/1583/2804
f 2939/1581/2805 2953/1583/2804 2943/1592/2803
f 2940/1580/2806 2939/1581/2805 2943/1592/2803
f 2943/1592/2803 2945/1593/2807 2940/1580/2806
f 2944/1591/2801 2945/1593/2807 2943/1592/2803
f 2940/1580/2806 2941/1582/2808 2939/1581/2805
f 2953/1583/2804 2939/1581/2805 2941/1582/2808
f 2941/1582/2808 2954/1584/2809 2953/1583/2804
f 2954/1584/2809 2955/1579/2810 2953/1583/2804
f 2953/1583/2804 2955/1579/2810 2946/1585/2802
f 2946/1585/2802 2955/1579/2810 2957/1577/2811
f 2957/1577/2811 2948/1586/2800 2946/1585/2802
f 2948/1586/2800 2957/1577/2811 2956/1578/2812
f 2956/1578/2812 2949/1587/2813 2948/1586/2800
f 2948/1586/2800 2949/1587/2813 2947/1588/2798
f 2956/1578/2812 2957/1577/2811 2955/1579/2810
f 2942/1589/2814 2941/1582/2808 2940/1580/2806
f 2920/1372/2815 2919/1367/2816 2918/1371/2817
f 2918/1371/2817 2919/1367/2816 2917/1370/2818
f 2917/1370/2818 2919/1367/2816 2922/1368/2819
f 2922/1368/2819 2919/1367/2816 2923/1369/2820
f 2905/1335/2821 2964/1334/2822 2963/1333/2823
f 2905/1335/2821 2967/1336/2824 2964/1334/2822
f 2967/1336/2824 2905/1335/2821 2904/1337/2825
f 2904/1337/2825 2968/1338/2826 2967/1336/2824
f 2968/1338/2826 2904/1337/2825 2969/1339/2827
f 2904/1337/2825 2905/1335/2821 2903/1340/2828
f 2906/1341/2829 2903/1340/2828 2905/1335/2821
f 2963/1333/2823 2906/1341/2829 2905/1335/2821
f 2963/1333/2823 2965/1342/2830 2906/1341/2829
f 2965/1342/2830 2966/1343/2831 2906/1341/2829
f 2865/1247/2832 2952/1272/2833 2951/1271/2834
f 2866/1246/2835 2865/1247/2832 2881/1265/2836
f 2865/1247/2832 2951/1271/2834 2881/1265/2836
f 2881/1265/2836 2951/1271/2834 2927/1270/2837
f 2881/1265/2836 2927/1270/2837 2882/1266/2838
f 2882/1266/2838 2927/1270/2837 2899/1254/2839
f 2899/1254/2839 2970/1269/2840 2882/1266/2838
f 2970/1269/2840 2899/1254/2839 2901/1255/2841
f 2901/1255/2841 2902/1268/2842 2970/1269/2840
f 2902/1268/2842 2901/1255/2841 2883/1258/2843
f 2883/1258/2843 2884/1267/2844 2902/1268/2842
f 2871/1248/2845 2884/1267/2844 2883/1258/2843
f 2882/1266/2838 2884/1267/2844 2871/1248/2845
f 2871/1248/2845 2866/1246/2835 2882/1266/2838
f 2881/1265/2836 2882/1266/2838 2866/1246/2835
f 2868/1243/2846 2874/1250/2847 2872/1251/2848
f 2868/1243/2846 2870/1249/2849 2874/1250/2847
f 2869/1242/2850 2870/1249/2849 2868/1243/2846
f 2869/1242/2850 2871/1248/2845 2870/1249/2849
f 2870/1249/2849 2871/1248/2845 2883/1258/2843
f 2870/1249/2849 2883/1258/2843 2885/1252/2851
f 2901/1255/2841 2885/1252/2851 2883/1258/2843
f 2901/1255/2841 2849/1257/2852 2885/1252/2851
f 2888/1256/2853 2849/1257/2852 2901/1255/2841
f 2899/1254/2839 2888/1256/2853 2901/1255/2841
f 2888/1256/2853 2899/1254/2839 2889/1261/2854
f 2899/1254/2839 2900/1262/2855 2889/1261/2854
f 2899/1254/2839 2961/1263/2856 2900/1262/2855
f 2885/1252/2851 2874/1250/2847 2870/1249/2849
f 2872/1251/2848 2874/1250/2847 2885/1252/2851
f 2885/1252/2851 2886/1253/2857 2872/1251/2848
f 2886/1253/2857 2885/1252/2851 2849/1257/2852
f 2889/1261/2854 2887/1260/2858 2888/1256/2853
f 2849/1257/2852 2888/1256/2853 2887/1260/2858
f 2887/1260/2858 2848/1259/2859 2849/1257/2852
f 2849/1257/2852 2848/1259/2859 2797/1442/2860
f 2849/1257/2852 2797/1442/2860 2886/1253/2857
f 2886/1253/2857 2797/1442/2860 2801/1438/2861
f 2801/1438/2861 2872/1251/2848 2886/1253/2857
f 2872/1251/2848 2801/1438/2861 2873/1439/2862
f 2872/1251/2848 2873/1439/2862 2868/1243/2846
f 2868/1243/2846 2873/1439/2862 3009/1440/2863
f 2795/1446/2864 2797/1442/2860 2848/1259/2859
f 2703/1470/2865 2704/1464/2866 2702/1466/2867
f 2704/1464/2866 2703/1470/2865 2830/1471/2868
f 2830/1471/2868 2829/1444/2869 2704/1464/2866
f 2829/1444/2869 2830/1471/2868 2835/1472/2870
f 2835/1472/2870 2800/1437/2871 2829/1444/2869
f 2835/1472/2870 2999/1432/2872 2800/1437/2871
f 2999/1432/2872 2801/1438/2861 2800/1437/2871
f 2801/1438/2861 2999/1432/2872 2875/1433/2873
f 2875/1433/2873 2873/1439/2862 2801/1438/2861
f 2873/1439/2862 2875/1433/2873 3010/1434/2874
f 3010/1434/2874 3009/1440/2863 2873/1439/2862
f 3009/1440/2863 3010/1434/2874 3013/1436/2875
f 3009/1440/2863 3013/1436/2875 702/1236/2876
f 3013/1436/2875 3010/1434/2874 3012/1435/2877
f 3010/1434/2874 3011/1431/2878 3012/1435/2877
f 3011/1431/2878 3010/1434/2874 2875/1433/2873
f 2875/1433/2873 2999/1432/2872 3011/1431/2878
f 3009/1440/2863 3008/1441/2879 2868/1243/2846
f 702/1236/2876 3008/1441/2879 3009/1440/2863
f 3007/1237/2880 3008/1441/2879 702/1236/2876
f 702/1236/2876 3014/1231/2881 3007/1237/2880
f 3006/1238/2882 3007/1237/2880 3014/1231/2881
f 3006/1238/2882 3014/1231/2881 3005/1239/2883
f 2867/1244/2884 3006/1238/2882 3005/1239/2883
f 3005/1239/2883 2864/1245/2885 2867/1244/2884
f 2867/1244/2884 2864/1245/2885 2866/1246/2835
f 2865/1247/2832 2866/1246/2835 2864/1245/2885
f 2867/1244/2884 2866/1246/2835 2871/1248/2845
f 2871/1248/2845 2869/1242/2850 2867/1244/2884
f 3006/1238/2882 2867/1244/2884 2869/1242/2850
f 2869/1242/2850 3007/1237/2880 3006/1238/2882
f 3007/1237/2880 2869/1242/2850 2868/1243/2846
f 3007/1237/2880 2868/1243/2846 3008/1441/2879
f 3015/1230/2886 3014/1231/2881 702/1236/2876
f 3018/1232/2887 3014/1231/2881 3015/1230/2886
f 3005/1239/2883 3014/1231/2881 3018/1232/2887
f 3018/1232/2887 3054/1240/2888 3005/1239/2883
f 3054/1240/2888 3018/1232/2887 3017/1234/2889
f 3017/1234/2889 3055/1241/2890 3054/1240/2888
f 3016/1233/2891 3019/1235/2892 3017/1234/2889
f 3017/1234/2889 3018/1232/2887 3016/1233/2891
f 3015/1230/2886 3016/1233/2891 3018/1232/2887
f 2926/1200/2893 2898/1199/2894 2925/1201/2895
f 2898/1199/2894 2926/1200/2893 2878/1202/2896
f 2915/1220/2897 2921/1224/2898 2876/1193/2899
f 2876/1193/2899 2897/1196/2900 2915/1220/2897
f 2898/1199/2894 2915/1220/2897 2897/1196/2900
f 2898/1199/2894 2916/1219/2901 2915/1220/2897
f 2877/1218/2902 2916/1219/2901 2898/1199/2894
f 2878/1202/2896 2877/1218/2902 2898/1199/2894
f 2859/1217/2903 2877/1218/2902 2878/1202/2896
f 2861/1216/2904 2859/1217/2903 2878/1202/2896
f 2859/1217/2903 2861/1216/2904 2860/1215/2695
f 2862/1214/2702 2860/1215/2695 2861/1216/2904
f 2876/1193/2899 2877/1218/2902 2859/1217/2903
f 2876/1193/2899 2921/1224/2898 2877/1218/2902
f 2861/1216/2904 2863/1221/2905 2862/1214/2702
f 2879/1222/2906 2863/1221/2905 2861/1216/2904
f 2861/1216/2904 2880/1223/2907 2879/1222/2906
f 2878/1202/2896 2880/1223/2907 2861/1216/2904
f 2844/1181/2908 2845/1186/2909 2846/1189/2910
f 2846/1189/2910 2847/1190/2911 2844/1181/2908
f 2846/1189/2910 2914/1195/2912 2847/1190/2911
f 2914/1195/2912 2913/1194/2913 2847/1190/2911
f 2847/1190/2911 2913/1194/2913 2876/1193/2899
f 2857/1191/2914 2847/1190/2911 2876/1193/2899
f 2859/1217/2903 2857/1191/2914 2876/1193/2899
f 2857/1191/2914 2859/1217/2903 2858/1192/2915
f 2860/1215/2695 2858/1192/2915 2859/1217/2903
f 2860/1215/2695 3002/1225/2697 2858/1192/2915
f 2897/1196/2900 2914/1195/2912 2846/1189/2910
f 2851/1188/2916 2853/1197/2917 2846/1189/2910
f 2846/1189/2910 2853/1197/2917 2896/1198/2918
f 2846/1189/2910 2896/1198/2918 2897/1196/2900
f 2898/1199/2894 2897/1196/2900 2896/1198/2918
f 2846/1189/2910 2845/1186/2909 2851/1188/2916
f 2960/1206/2919 2962/1207/2920 2925/1201/2895
f 2960/1206/2919 2925/1201/2895 2924/1205/2921
f 2924/1205/2921 2925/1201/2895 2898/1199/2894
f 2924/1205/2921 2898/1199/2894 2893/1203/2922
f 2896/1198/2918 2893/1203/2922 2898/1199/2894
f 2893/1203/2922 2896/1198/2918 2895/1204/2923
f 2895/1204/2923 2896/1198/2918 2853/1197/2917
f 2853/1197/2917 2852/1398/2924 2895/1204/2923
f 2852/1398/2924 2853/1197/2917 2851/1188/2916
f 2850/1397/2925 2852/1398/2924 2851/1188/2916
f 2895/1204/2923 2891/1208/2926 2893/1203/2922
f 2891/1208/2926 2894/1210/2927 2892/1209/2928
f 2892/1209/2928 2893/1203/2922 2891/1208/2926
f 2893/1203/2922 2892/1209/2928 2924/1205/2921
f 701/1171/2691 2842/1173/2929 2855/1172/2692
f 2855/1172/2692 2842/1173/2929 2843/1174/2930
f 2809/1175/2931 2843/1174/2930 2842/1173/2929
f 2844/1181/2908 2843/1174/2930 2809/1175/2931
f 2809/1175/2931 2812/1182/2932 2844/1181/2908
f 2812/1182/2932 2845/1186/2909 2844/1181/2908
f 2812/1182/2932 2814/1185/2933 2845/1186/2909
f 2851/1188/2916 2845/1186/2909 2814/1185/2933
f 2814/1185/2933 2806/1187/2934 2851/1188/2916
f 2851/1188/2916 2806/1187/2934 2802/1395/2935
f 2809/1175/2931 2808/1177/2936 2811/1178/2937
f 2811/1178/2937 2812/1182/2932 2809/1175/2931
f 2812/1182/2932 2811/1178/2937 2813/1183/2938
f 2813/1183/2938 2814/1185/2933 2812/1182/2932
f 2813/1183/2938 2806/1187/2934 2814/1185/2933
f 2806/1187/2934 2813/1183/2938 2807/1396/2939
f 2807/1396/2939 2813/1183/2938 2834/1404/2940
f 2813/1183/2938 2833/1184/2941 2834/1404/2940
f 2837/1405/2942 2834/1404/2940 2833/1184/2941
f 2834/1404/2940 2837/1405/2942 2836/1399/2943
f 2822/1406/2944 2836/1399/2943 2837/1405/2942
f 2837/1405/2942 2819/1414/2945 2822/1406/2944
f 2714/1415/2946 2822/1406/2944 2819/1414/2945
f 2813/1183/2938 2811/1178/2937 2833/1184/2941
f 2807/1396/2939 2802/1395/2935 2806/1187/2934
f 2803/1394/2947 2802/1395/2935 2807/1396/2939
f 2803/1394/2947 2807/1396/2939 2834/1404/2940
f 2823/1400/2948 2803/1394/2947 2834/1404/2940
f 2823/1400/2948 2834/1404/2940 2836/1399/2943
f 2825/1401/2949 2823/1400/2948 2836/1399/2943
f 2836/1399/2943 2822/1406/2944 2825/1401/2949
f 2717/1407/2950 2825/1401/2949 2822/1406/2944
f 2717/1407/2950 2822/1406/2944 2714/1415/2946
f 2699/1409/2951 2717/1407/2950 2714/1415/2946
f 2851/1188/2916 2802/1395/2935 2850/1397/2925
f 2802/1395/2935 2804/1392/2952 2850/1397/2925
f 2803/1394/2947 2804/1392/2952 2802/1395/2935
f 2805/1393/2953 2804/1392/2952 2803/1394/2947
f 2823/1400/2948 2805/1393/2953 2803/1394/2947
f 2824/1403/2954 2805/1393/2953 2823/1400/2948
f 2723/1402/2955 2824/1403/2954 2823/1400/2948
f 2823/1400/2948 2825/1401/2949 2723/1402/2955
f 2723/1402/2955 2825/1401/2949 2717/1407/2950
f 2701/1408/2956 2723/1402/2955 2717/1407/2950
f 2717/1407/2950 2699/1409/2951 2701/1408/2956
f 2698/1410/2957 2701/1408/2956 2699/1409/2951
f 2699/1409/2951 2700/1417/2958 2698/1410/2957
f 2706/1419/2959 2698/1410/2957 2700/1417/2958
f 2700/1417/2958 2707/1420/2960 2706/1419/2959
f 504/1421/2961 2707/1420/2960 2700/1417/2958
f 2714/1415/2946 2713/1416/2962 2699/1409/2951
f 2700/1417/2958 2699/1409/2951 2713/1416/2962
f 2713/1416/2962 2718/1418/2963 2700/1417/2958
f 2700/1417/2958 2718/1418/2963 504/1421/2961
f 511/1422/2964 504/1421/2961 2718/1418/2963
f 511/1422/2964 2718/1418/2963 510/1423/2965
f 510/1423/2965 512/1424/2966 511/1422/2964
f 2786/1430/2967 510/1423/2965 2718/1418/2963
f 2786/1430/2967 2718/1418/2963 2713/1416/2962
f 2788/1429/2968 2786/1430/2967 2713/1416/2962
f 2713/1416/2962 501/1428/2969 2788/1429/2968
f 2713/1416/2962 2714/1415/2946 501/1428/2969
f 2714/1415/2946 2793/1427/2970 501/1428/2969
f 2714/1415/2946 2819/1414/2945 2793/1427/2970
f 2820/1425/2971 2793/1427/2970 2819/1414/2945
f 2819/1414/2945 2821/1411/2972 2820/1425/2971
f 2820/1425/2971 2821/1411/2972 2816/1426/2973
f 2817/1412/2974 2821/1411/2972 2838/1413/2975
f 2838/1413/2975 2821/1411/2972 2819/1414/2945
f 2819/1414/2945 2837/1405/2942 2838/1413/2975
f 2821/1411/2972 2817/1412/2974 2816/1426/2973
f 2816/1426/2973 2817/1412/2974 2815/1601/2976
f 2817/1412/2974 2840/1604/2977 2815/1601/2976
f 2817/1412/2974 2838/1413/2975 2840/1604/2977
f 2840/1604/2977 2838/1413/2975 2839/1603/2978
f 2837/1405/2942 2839/1603/2978 2838/1413/2975
f 2831/1602/2979 2839/1603/2978 2837/1405/2942
f 2837/1405/2942 2833/1184/2941 2831/1602/2979
f 2808/1177/2936 2831/1602/2979 2833/1184/2941
f 2833/1184/2941 2811/1178/2937 2808/1177/2936
f 2832/1606/2980 2840/1604/2977 2839/1603/2978
f 2839/1603/2978 2831/1602/2979 2832/1606/2980
f 2810/1605/2981 2832/1606/2980 2831/1602/2979
f 2831/1602/2979 2808/1177/2936 2810/1605/2981
f 589/1176/2982 2810/1605/2981 2808/1177/2936
f 2808/1177/2936 2809/1175/2931 589/1176/2982
f 2842/1173/2929 589/1176/2982 2809/1175/2931
f 2908/1595/2983 2909/1594/2984 2907/1596/2985
f 2910/1597/2986 2909/1594/2984 2908/1595/2983
f 2911/1598/2987 2909/1594/2984 2910/1597/2986
f 2912/1599/2988 2909/1594/2984 2911/1598/2987
f 575/1478/2989 576/1477/2990 574/1476/2991
f 574/1476/2991 577/1473/2992 575/1478/2989
f 577/1473/2992 574/1476/2991 578/1475/2993
f 578/1475/2993 579/1474/2994 577/1473/2992
f 581/1480/2995 579/1474/2994 578/1475/2993
f 581/1480/2995 584/1479/2996 579/1474/2994
f 583/1483/2997 584/1479/2996 581/1480/2995
f 582/1482/2998 583/1483/2997 581/1480/2995
f 581/1480/2995 580/1481/2999 582/1482/2998
f 581/1480/2995 578/1475/2993 580/1481/2999
f 577/1473/2992 584/1479/2996 575/1478/2989
f 579/1474/2994 584/1479/2996 577/1473/2992
f 2890/1264/3000 2887/1260/2858 2889/1261/2854
f 517/1563/3001 2792/1566/3002 570/1562/3003
f 517/1563/3001 570/1562/3003 518/1559/3004
f 570/1562/3003 572/1560/3005 518/1559/3004
f 532/1558/3006 572/1560/3005 571/1557/3007
f 518/1559/3004 572/1560/3005 532/1558/3006
f 518/1559/3004 532/1558/3006 516/1556/3008
f 518/1559/3004 516/1556/3008 515/1517/3009
f 517/1563/3001 518/1559/3004 515/1517/3009
f 515/1517/3009 2784/1564/3010 517/1563/3001
f 531/1510/3011 2784/1564/3010 515/1517/3009
f 2784/1564/3010 531/1510/3011 2785/1565/3012
f 523/1512/3013 2785/1565/3012 531/1510/3011
f 523/1512/3013 524/1505/3014 2785/1565/3012
f 516/1556/3008 532/1558/3006 571/1557/3007
f 533/1511/3015 531/1510/3011 521/1509/3016
f 496/1508/3017 521/1509/3016 531/1510/3011
f 531/1510/3011 515/1517/3009 496/1508/3017
f 499/1554/3018 496/1508/3017 515/1517/3009
f 515/1517/3009 516/1556/3008 499/1554/3018
f 499/1554/3018 516/1556/3008 528/1544/3019
f 571/1557/3007 528/1544/3019 516/1556/3008
f 528/1544/3019 571/1557/3007 2791/1543/3020
f 571/1557/3007 573/1561/3021 2791/1543/3020
f 571/1557/3007 572/1560/3005 573/1561/3021
f 528/1544/3019 529/1546/3022 499/1554/3018
f 528/1544/3019 2789/1545/3023 529/1546/3022
f 2789/1545/3023 528/1544/3019 2791/1543/3020
f 521/1509/3016 496/1508/3017 530/1507/3024
f 530/1507/3024 496/1508/3017 498/1552/3025
f 497/1553/3026 498/1552/3025 496/1508/3017
f 496/1508/3017 499/1554/3018 497/1553/3026
f 585/1549/3027 497/1553/3026 499/1554/3018
f 585/1549/3027 499/1554/3018 529/1546/3022
f 585/1549/3027 529/1546/3022 586/1548/3028
f 2790/1547/3029 586/1548/3028 529/1546/3022
f 529/1546/3022 2789/1545/3023 2790/1547/3029
f 2789/1545/3023 2841/1555/3030 2790/1547/3029
f 586/1548/3028 587/1550/3031 585/1549/3027
f 587/1550/3031 586/1548/3028 588/1551/3032
f 588/1551/3032 498/1552/3025 587/1550/3031
f 498/1552/3025 588/1551/3032 530/1507/3024
f 530/1507/3024 519/1538/3033 521/1509/3016
f 520/1530/3034 521/1509/3016 519/1538/3033
f 520/1530/3034 522/1513/3035 521/1509/3016
f 526/1518/3036 522/1513/3035 520/1530/3034
f 534/1519/3037 522/1513/3035 526/1518/3036
f 526/1518/3036 535/1520/3038 534/1519/3037
f 535/1520/3038 539/1516/3039 534/1519/3037
f 537/1521/3040 539/1516/3039 535/1520/3038
f 537/1521/3040 535/1520/3038 526/1518/3036
f 537/1521/3040 526/1518/3036 536/1522/3041
f 520/1530/3034 519/1538/3033 565/1539/3042
f 526/1518/3036 551/1527/3043 559/1524/3044
f 526/1518/3036 558/1523/3045 536/1522/3041
f 526/1518/3036 559/1524/3044 558/1523/3045
f 558/1523/3045 559/1524/3044 557/1525/3046
f 559/1524/3044 561/1526/3047 557/1525/3046
f 551/1527/3043 561/1526/3047 559/1524/3044
f 552/1528/3048 561/1526/3047 551/1527/3043
f 527/1529/3049 552/1528/3048 551/1527/3043
f 551/1527/3043 526/1518/3036 527/1529/3049
f 527/1529/3049 526/1518/3036 520/1530/3034
f 520/1530/3034 543/1537/3050 527/1529/3049
f 542/1536/3051 545/1532/3052 543/1537/3050
f 543/1537/3050 545/1532/3052 527/1529/3049
f 527/1529/3049 545/1532/3052 550/1533/3053
f 545/1532/3052 560/1531/3054 550/1533/3053
f 520/1530/3034 565/1539/3042 543/1537/3050
f 544/1540/3055 543/1537/3050 565/1539/3042
f 543/1537/3050 544/1540/3055 542/1536/3051
f 542/1536/3051 544/1540/3055 546/1541/3056
f 546/1541/3056 547/1535/3057 542/1536/3051
f 547/1535/3057 546/1541/3056 548/1542/3058
f 548/1542/3058 549/1534/3059 547/1535/3057
f 549/1534/3059 560/1531/3054 547/1535/3057
f 547/1535/3057 560/1531/3054 542/1536/3051
f 542/1536/3051 560/1531/3054 545/1532/3052
f 3000/1168/2690 2856/1179/3060 3001/1160/2701
f 2855/1172/2692 2856/1179/3060 3000/1168/2690
f 2854/1180/3061 2856/1179/3060 2855/1172/2692
f 2854/1180/3061 2855/1172/2692 2843/1174/2930
f 2854/1180/3061 2843/1174/2930 2844/1181/2908
f 2844/1181/2908 2847/1190/2911 2854/1180/3061
f 2857/1191/2914 2854/1180/3061 2847/1190/2911
f 2854/1180/3061 2857/1191/2914 2856/1179/3060
f 2858/1192/2915 2856/1179/3060 2857/1191/2914
f 2858/1192/2915 3001/1160/2701 2856/1179/3060
f 3001/1160/2701 2858/1192/2915 3002/1225/2697
f 3001/1160/2701 3002/1225/2697 3048/1158/2700
f 2744/691/3062 2745/1571/3063 2750/1567/3064
f 2744/691/3062 2750/1567/3064 2748/697/3065
f 2748/697/3065 2750/1567/3064 2749/1568/3066
f 2748/697/3065 2749/1568/3066 2747/704/3067
f 2747/704/3067 2749/1568/3066 2752/1569/3068
f 2747/704/3067 2752/1569/3068 2751/703/3069
f 3774/698/3070 2749/1568/3066 2750/1567/3064
f 2749/1568/3066 3774/698/3070 3775/700/3071
f 3775/700/3071 2752/1569/3068 2749/1568/3066
f 2752/1569/3068 3775/700/3071 2754/701/3072
f 2751/703/3069 2752/1569/3068 2754/701/3072
f 2751/703/3069 2754/701/3072 2753/1570/3073
f 2754/701/3072 2755/709/3074 2753/1570/3073
f 507/689/3075 2745/1571/3063 2744/691/3062
f 507/689/3075 2746/1894/3076 2745/1571/3063
f 2746/1894/3076 507/689/3075 2244/690/3077
f 2252/682/3078 2746/1894/3076 2244/690/3077
f 2252/682/3078 3771/687/3079 2746/1894/3076
f 2746/1894/3076 3771/687/3079 3772/693/3080
f 3772/693/3080 2745/1571/3063 2746/1894/3076
f 2745/1571/3063 3772/693/3080 3773/695/3081
f 3773/695/3081 2750/1567/3064 2745/1571/3063
f 2750/1567/3064 3773/695/3081 3774/698/3070
f 2815/1601/2976 2818/1600/3082 2816/1426/2973
f 2770/696/3083 2779/694/3084 2778/695/3085
f 2731/693/3086 2778/695/3085 2779/694/3084
f 2779/694/3084 2767/688/3087 2731/693/3086
f 2729/687/3088 2731/693/3086 2767/688/3087
f 2767/688/3087 2768/684/3089 2729/687/3088
f 2245/682/3090 2729/687/3088 2768/684/3089
f 2768/684/3089 2246/683/3091 2245/682/3090
f 2769/699/3092 2770/696/3083 2733/698/3093
f 2782/710/3094 2772/709/3095 2737/701/3096
f 2737/701/3096 2772/709/3095 2771/708/3097
f 2771/708/3097 2773/707/3098 2737/701/3096
f 2737/701/3096 2773/707/3098 2769/699/3092
f 2769/699/3092 2735/700/3099 2737/701/3096
f 2733/698/3093 2735/700/3099 2769/699/3092
f 2734/702/3100 2735/700/3099 2733/698/3093
f 2733/698/3093 2736/705/3101 2734/702/3100
f 2736/705/3101 2733/698/3093 2778/695/3085
f 2778/695/3085 2733/698/3093 2770/696/3083
f 2735/700/3099 2734/702/3100 2737/701/3096
f 2730/692/3102 2731/693/3086 2729/687/3088
f 2778/695/3085 2731/693/3086 2730/692/3102
f 2730/692/3102 2780/706/3103 2778/695/3085
f 2736/705/3101 2778/695/3085 2780/706/3103
f 2780/706/3103 2781/697/3104 2736/705/3101
f 2776/704/3105 2736/705/3101 2781/697/3104
f 2734/702/3100 2736/705/3101 2776/704/3105
f 2776/704/3105 2777/703/3106 2734/702/3100
f 2737/701/3096 2734/702/3100 2777/703/3106
f 2777/703/3106 2782/710/3094 2737/701/3096
f 2248/690/3107 2775/689/3108 2247/686/3109
f 2732/685/3110 2247/686/3109 2775/689/3108
f 2247/686/3109 2732/685/3110 2245/682/3090
f 2732/685/3110 2729/687/3088 2245/682/3090
f 2729/687/3088 2732/685/3110 2730/692/3102
f 2774/691/3111 2730/692/3102 2732/685/3110
f 2781/697/3104 2730/692/3102 2774/691/3111
f 2781/697/3104 2780/706/3103 2730/692/3102
f 2732/685/3110 2775/689/3108 2774/691/3111
f 2725/1449/3112 2720/1455/3113 2722/1467/3114
f 2722/1467/3114 2787/1465/3115 2725/1449/3112
f 2787/1465/3115 2828/1445/3116 2725/1449/3112
f 2725/1449/3112 2828/1445/3116 2827/1448/3117
f 2796/1447/3118 2827/1448/3117 2828/1445/3116
f 2828/1445/3116 2794/1443/3119 2796/1447/3118
f 2720/1455/3113 2721/1454/3120 2711/1456/3121
f 2720/1455/3113 2725/1449/3112 2721/1454/3120
f 2721/1454/3120 2725/1449/3112 2724/1453/3122
f 2826/1450/3123 2724/1453/3122 2725/1449/3112
f 2725/1449/3112 2827/1448/3117 2826/1450/3123
f 2799/1452/3124 2826/1450/3123 2827/1448/3117
f 2827/1448/3117 2796/1447/3118 2799/1452/3124
f 2798/1451/3125 2799/1452/3124 2796/1447/3118
f 2796/1447/3118 2795/1446/2864 2798/1451/3125
f 2795/1446/2864 2796/1447/3118 2794/1443/3119
f 2794/1443/3119 2797/1442/2860 2795/1446/2864
f 2801/1438/2861 2797/1442/2860 2794/1443/3119
f 2801/1438/2861 2794/1443/3119 2800/1437/2871
f 2829/1444/2869 2800/1437/2871 2794/1443/3119
f 2794/1443/3119 2828/1445/3116 2829/1444/2869
f 2704/1464/2866 2829/1444/2869 2828/1445/3116
f 2828/1445/3116 2787/1465/3115 2704/1464/2866
f 2702/1466/2867 2704/1464/2866 2787/1465/3115
f 2787/1465/3115 2722/1467/3114 2702/1466/2867
f 2702/1466/2867 2722/1467/3114 2709/1460/3126
f 2708/1457/3127 2709/1460/3126 2722/1467/3114
f 2722/1467/3114 2720/1455/3113 2708/1457/3127
f 2711/1456/3121 2708/1457/3127 2720/1455/3113
f 2711/1456/3121 2712/1463/3128 2710/1458/3129
f 2710/1458/3129 2708/1457/3127 2711/1456/3121
f 2708/1457/3127 2710/1458/3129 500/1459/3130
f 500/1459/3130 2709/1460/3126 2708/1457/3127
f 2709/1460/3126 500/1459/3130 513/1461/3131
f 2709/1460/3126 513/1461/3131 514/1462/3132
f 514/1462/3132 2702/1466/2867 2709/1460/3126
f 525/1468/3133 2702/1466/2867 514/1462/3132
f 2705/1469/3134 2702/1466/2867 525/1468/3133
f 2702/1466/2867 2705/1469/3134 2703/1470/2865
f 2658/1895/3135 2601/1896/3136 2586/1897/3137
f 2660/1898/3138 2601/1896/3136 2658/1895/3135
f 2658/1895/3135 2586/1897/3137 2583/1899/3139
f 2583/1899/3139 2586/1897/3137 2584/1900/3140
f 2586/1897/3137 2590/1901/3141 2584/1900/3140
f 2586/1897/3137 2601/1896/3136 2590/1901/3141
f 460/1902/3142 2590/1901/3141 2601/1896/3136
f 2601/1896/3136 2602/1903/3143 460/1902/3142
f 2716/1904/3144 2602/1903/3143 2601/1896/3136
f 2601/1896/3136 2660/1898/3138 2716/1904/3144
f 2716/1904/3144 2660/1898/3138 2685/1905/3145
f 2685/1905/3145 2660/1898/3138 486/1906/3146
f 495/1907/3147 2685/1905/3145 486/1906/3146
f 466/1908/3148 2590/1901/3141 460/1902/3142
f 456/1909/3149 466/1908/3148 450/1910/3150
f 460/1902/3142 467/1911/3151 466/1908/3148
f 472/1912/3152 466/1908/3148 467/1911/3151
f 472/1912/3152 450/1910/3150 466/1908/3148
f 450/1910/3150 472/1912/3152 449/1913/3153
f 472/1912/3152 454/1914/3154 449/1913/3153
f 2605/1915/3155 472/1912/3152 471/1916/3156
f 467/1911/3151 471/1916/3156 472/1912/3152
f 2590/1901/3141 466/1908/3148 456/1909/3149
f 2590/1901/3141 456/1909/3149 450/1910/3150
f 450/1910/3150 443/1917/3157 2590/1901/3141
f 443/1917/3157 450/1910/3150 449/1913/3153
f 449/1913/3153 448/1918/3158 443/1917/3157
f 449/1913/3153 453/1919/3159 448/1918/3158
f 453/1919/3159 2595/1920/3160 448/1918/3158
f 2606/1921/3161 2595/1920/3160 453/1919/3159
f 2606/1921/3161 2597/1922/3162 2595/1920/3160
f 2597/1922/3162 2606/1921/3161 2596/1923/3163
f 454/1914/3154 453/1919/3159 449/1913/3153
f 453/1919/3159 454/1914/3154 472/1912/3152
f 453/1919/3159 472/1912/3152 2606/1921/3161
f 472/1912/3152 2605/1915/3155 2606/1921/3161
f 2606/1921/3161 2605/1915/3155 2613/1924/3164
f 2613/1924/3164 2614/1925/3165 2606/1921/3161
f 2596/1923/3163 2606/1921/3161 2614/1925/3165
f 2614/1925/3165 2621/1926/3166 2596/1923/3163
f 2594/1927/3167 2596/1923/3163 2621/1926/3166
f 2621/1926/3166 2622/1928/3168 2594/1927/3167
f 2622/1928/3168 2648/1929/3169 2647/1930/3170
f 2648/1929/3169 2622/1928/3168 2621/1926/3166
f 2621/1926/3166 2614/1925/3165 2648/1929/3169
f 2594/1927/3167 2622/1928/3168 2623/1931/3171
f 2623/1931/3171 2622/1928/3168 2647/1930/3170
f 2646/1932/3172 2623/1931/3171 2647/1930/3170
f 2623/1931/3171 2646/1932/3172 2620/1933/3173
f 2645/1934/3174 2620/1933/3173 2646/1932/3172
f 2623/1931/3171 2620/1933/3173 2592/1935/3175
f 2623/1931/3171 2592/1935/3175 2594/1927/3167
f 2592/1935/3175 2591/1936/3176 2594/1927/3167
f 2593/1937/3177 2619/1938/3178 2591/1936/3176
f 2592/1935/3175 2593/1937/3177 2591/1936/3176
f 2619/1938/3178 2593/1937/3177 2592/1935/3175
f 2619/1938/3178 2592/1935/3175 2620/1933/3173
f 2619/1938/3178 2620/1933/3173 2616/1939/3179
f 2616/1939/3179 2620/1933/3173 2645/1934/3174
f 2616/1939/3179 2645/1934/3174 2644/1940/3180
f 2644/1940/3180 2608/1941/3181 2616/1939/3179
f 2608/1941/3181 2644/1940/3180 2607/1942/3182
f 2604/1943/3183 2608/1941/3181 2607/1942/3182
f 2607/1942/3182 2603/1944/3184 2604/1943/3183
f 2615/1945/3185 2619/1938/3178 2616/1939/3179
f 2604/1943/3183 2615/1945/3185 2616/1939/3179
f 2616/1939/3179 2608/1941/3181 2604/1943/3183
f 2596/1923/3163 2595/1920/3160 2597/1922/3162
f 2595/1920/3160 2596/1923/3163 2594/1927/3167
f 2595/1920/3160 2594/1927/3167 448/1918/3158
f 448/1918/3158 2594/1927/3167 2591/1936/3176
f 2591/1936/3176 452/1946/3186 448/1918/3158
f 2591/1936/3176 2619/1938/3178 452/1946/3186
f 478/1616/3187 452/1946/3186 2619/1938/3178
f 2619/1938/3178 2615/1945/3185 478/1616/3187
f 2615/1945/3185 474/1947/3188 478/1616/3187
f 2615/1945/3185 2604/1943/3183 474/1947/3188
f 446/1615/3189 478/1616/3187 468/1948/3190
f 441/1949/3191 2588/1950/3192 2587/1951/3193
f 441/1949/3191 2589/1952/3194 2588/1950/3192
f 2589/1952/3194 441/1949/3191 457/1953/3195
f 441/1949/3191 455/1954/3196 457/1953/3195
f 457/1953/3195 455/1954/3196 468/1948/3190
f 455/1954/3196 447/1955/3197 468/1948/3190
f 468/1948/3190 447/1955/3197 446/1615/3189
f 446/1615/3189 447/1955/3197 443/1917/3157
f 443/1917/3157 448/1918/3158 446/1615/3189
f 448/1918/3158 452/1946/3186 446/1615/3189
f 446/1615/3189 452/1946/3186 451/1614/3198
f 478/1616/3187 451/1614/3198 452/1946/3186
f 441/1949/3191 447/1955/3197 455/1954/3196
f 441/1949/3191 443/1917/3157 447/1955/3197
f 443/1917/3157 441/1949/3191 442/1956/3199
f 2587/1951/3193 442/1956/3199 441/1949/3191
f 2584/1900/3140 2585/1957/3200 2583/1899/3139
f 2585/1957/3200 2584/1900/3140 445/1958/3201
f 2590/1901/3141 445/1958/3201 2584/1900/3140
f 445/1958/3201 2590/1901/3141 443/1917/3157
f 443/1917/3157 444/1959/3202 445/1958/3201
f 442/1956/3199 444/1959/3202 443/1917/3157
f 442/1956/3199 2585/1957/3200 444/1959/3202
f 2587/1951/3193 2585/1957/3200 442/1956/3199
f 2585/1957/3200 2587/1951/3193 2583/1899/3139
f 2587/1951/3193 2588/1950/3192 2583/1899/3139
f 445/1958/3201 444/1959/3202 2585/1957/3200
f 483/1960/3203 486/1906/3146 484/1961/3204
f 484/1961/3204 486/1906/3146 2660/1898/3138
f 2660/1898/3138 2659/1962/3205 484/1961/3204
f 2659/1962/3205 2660/1898/3138 2658/1895/3135
f 2658/1895/3135 2661/1963/3206 2659/1962/3205
f 2583/1899/3139 2661/1963/3206 2658/1895/3135
f 2583/1899/3139 2662/1964/3207 2661/1963/3206
f 2588/1950/3192 2662/1964/3207 2583/1899/3139
f 2663/1965/3208 2662/1964/3207 2588/1950/3192
f 2589/1952/3194 2663/1965/3208 2588/1950/3192
f 2659/1962/3205 2661/1963/3206 2662/1964/3207
f 2662/1964/3207 2663/1965/3208 2659/1962/3205
f 2673/1966/3209 2672/1967/3210 2694/1968/3211
f 2672/1967/3210 2663/1965/3208 2694/1968/3211
f 2671/1969/3212 2663/1965/3208 2672/1967/3210
f 2659/1962/3205 2663/1965/3208 2671/1969/3212
f 2671/1969/3212 484/1961/3204 2659/1962/3205
f 485/1970/3213 484/1961/3204 2671/1969/3212
f 484/1961/3204 485/1970/3213 483/1960/3203
f 2687/1971/3214 483/1960/3203 485/1970/3213
f 2687/1971/3214 2686/1972/3215 483/1960/3203
f 487/1973/3216 488/1974/3217 2671/1969/3212
f 2671/1969/3212 2672/1967/3210 487/1973/3216
f 489/1975/3218 487/1973/3216 2672/1967/3210
f 2672/1967/3210 2673/1966/3209 489/1975/3218
f 488/1974/3217 2675/1976/3219 2719/1977/3220
f 2675/1976/3219 488/1974/3217 487/1973/3216
f 487/1973/3216 2676/1978/3221 2675/1976/3219
f 2677/1979/3222 2676/1978/3221 487/1973/3216
f 487/1973/3216 489/1975/3218 2677/1979/3222
f 2676/1978/3221 2677/1979/3222 2669/1980/3223
f 2669/1980/3223 2667/1981/3224 2676/1978/3221
f 2675/1976/3219 2676/1978/3221 2667/1981/3224
f 2667/1981/3224 2664/1982/3225 2675/1976/3219
f 2664/1982/3225 2683/1983/3226 2675/1976/3219
f 2683/1983/3226 2719/1977/3220 2675/1976/3219
f 2683/1983/3226 2687/1971/3214 2719/1977/3220
f 485/1970/3213 2719/1977/3220 2687/1971/3214
f 2719/1977/3220 485/1970/3213 488/1974/3217
f 2671/1969/3212 488/1974/3217 485/1970/3213
f 2677/1979/3222 2678/1984/3227 2670/1985/3228
f 2670/1985/3228 2669/1980/3223 2677/1979/3222
f 482/1986/3229 2669/1980/3223 2670/1985/3228
f 2669/1980/3223 482/1986/3229 2668/1987/3230
f 2668/1987/3230 2667/1981/3224 2669/1980/3223
f 2668/1987/3230 2665/1988/3231 2667/1981/3224
f 2664/1982/3225 2667/1981/3224 2665/1988/3231
f 2665/1988/3231 2666/1989/3232 2664/1982/3225
f 2664/1982/3225 2666/1989/3232 494/1990/3233
f 2683/1983/3226 2664/1982/3225 494/1990/3233
f 2683/1983/3226 494/1990/3233 493/1991/3234
f 493/1991/3234 2684/1992/3235 2683/1983/3226
f 2684/1992/3235 2687/1971/3214 2683/1983/3226
f 2693/1993/3236 2687/1971/3214 2684/1992/3235
f 2687/1971/3214 2693/1993/3236 2689/1994/3237
f 2689/1994/3237 2686/1972/3215 2687/1971/3214
f 2686/1972/3215 2689/1994/3237 2688/1995/3238
f 2686/1972/3215 2688/1995/3238 495/1907/3147
f 2686/1972/3215 495/1907/3147 483/1960/3203
f 486/1906/3146 483/1960/3203 495/1907/3147
f 2690/1996/3239 2688/1995/3238 2689/1994/3237
f 502/1997/3240 503/1998/3241 464/1999/3242
f 2604/1943/3183 470/2000/3243 474/1947/3188
f 470/2000/3243 2604/1943/3183 469/2001/3244
f 462/2002/3245 470/2000/3243 469/2001/3244
f 469/2001/3244 475/2003/3246 462/2002/3245
f 476/2004/3247 462/2002/3245 475/2003/3246
f 475/2003/3246 502/1997/3240 476/2004/3247
f 465/2005/3248 476/2004/3247 502/1997/3240
f 464/1999/3242 465/2005/3248 502/1997/3240
f 459/2006/3249 465/2005/3248 464/1999/3242
f 464/1999/3242 458/2007/3250 459/2006/3249
f 476/2004/3247 465/2005/3248 459/2006/3249
f 462/2002/3245 463/2008/3251 461/2009/3252
f 462/2002/3245 476/2004/3247 463/2008/3251
f 476/2004/3247 477/2010/3253 463/2008/3251
f 459/2006/3249 477/2010/3253 476/2004/3247
f 459/2006/3249 2617/2011/3254 477/2010/3253
f 2600/2012/3255 2617/2011/3254 459/2006/3249
f 2695/2013/3256 2617/2011/3254 2600/2012/3255
f 2600/2012/3255 2697/2014/3257 2695/2013/3256
f 2697/2014/3257 2673/1966/3209 2695/2013/3256
f 2695/2013/3256 2673/1966/3209 2694/1968/3211
f 463/2008/3251 477/2010/3253 2617/2011/3254
f 461/2009/3252 463/2008/3251 473/2015/3258
f 2618/2016/3259 2598/2017/3260 463/2008/3251
f 2617/2011/3254 2618/2016/3259 463/2008/3251
f 2618/2016/3259 2617/2011/3254 2695/2013/3256
f 2695/2013/3256 2694/1968/3211 2618/2016/3259
f 2598/2017/3260 2618/2016/3259 2694/1968/3211
f 2598/2017/3260 2694/1968/3211 2663/1965/3208
f 2589/1952/3194 2598/2017/3260 2663/1965/3208
f 457/1953/3195 2598/2017/3260 2589/1952/3194
f 457/1953/3195 463/2008/3251 2598/2017/3260
f 463/2008/3251 457/1953/3195 468/1948/3190
f 473/2015/3258 463/2008/3251 468/1948/3190
f 473/2015/3258 468/1948/3190 478/1616/3187
f 478/1616/3187 474/1947/3188 473/2015/3258
f 474/1947/3188 470/2000/3243 473/2015/3258
f 470/2000/3243 461/2009/3252 473/2015/3258
f 462/2002/3245 461/2009/3252 470/2000/3243
f 492/2018/3261 482/1986/3229 2670/1985/3228
f 2233/2019/3262 492/2018/3261 2670/1985/3228
f 2670/1985/3228 2691/2020/3263 2233/2019/3262
f 2691/2020/3263 2670/1985/3228 2682/2021/3264
f 2670/1985/3228 2680/2022/3265 2682/2021/3264
f 2681/2023/3266 2682/2021/3264 2680/2022/3265
f 2679/2024/3267 2681/2023/3266 2680/2022/3265
f 2680/2022/3265 491/2025/3268 2679/2024/3267
f 2674/2026/3269 2696/2027/3270 2692/2028/3271
f 2674/2026/3269 2692/2028/3271 491/2025/3268
f 491/2025/3268 490/2029/3272 2674/2026/3269
f 490/2029/3272 491/2025/3268 2680/2022/3265
f 2680/2022/3265 2678/1984/3227 490/2029/3272
f 2680/2022/3265 2670/1985/3228 2678/1984/3227
f 2600/2012/3255 459/2006/3249 458/2007/3250
f 2599/2030/3273 2600/2012/3255 458/2007/3250
f 2600/2012/3255 2599/2030/3273 2696/2027/3270
f 2696/2027/3270 2697/2014/3257 2600/2012/3255
f 2674/2026/3269 2697/2014/3257 2696/2027/3270
f 2674/2026/3269 2673/1966/3209 2697/2014/3257
f 2673/1966/3209 2674/2026/3269 490/2029/3272
f 490/2029/3272 489/1975/3218 2673/1966/3209
f 489/1975/3218 490/2029/3272 2678/1984/3227
f 2678/1984/3227 2677/1979/3222 489/1975/3218
f 2558/2031/3274 2578/2032/3275 2561/2033/3276
f 2558/2031/3274 429/2034/3277 428/2035/3278
f 429/2034/3277 2558/2031/3274 2561/2033/3276
f 2561/2033/3276 440/2036/3279 429/2034/3277
f 439/2037/3280 440/2036/3279 2561/2033/3276
f 2561/2033/3276 2562/2038/3281 439/2037/3280
f 2579/2039/3282 2562/2038/3281 2561/2033/3276
f 2578/2032/3275 2579/2039/3282 2561/2033/3276
f 2642/2040/3283 2579/2039/3282 2578/2032/3275
f 2578/2032/3275 2643/2041/3284 2642/2040/3283
f 2548/2042/3285 418/2043/3286 419/2044/3287
f 2548/2042/3285 419/2044/3287 2547/2045/3288
f 2557/2046/3289 2548/2042/3285 2547/2045/3288
f 2547/2045/3288 2556/2047/3290 2557/2046/3289
f 2556/2047/3290 2654/2048/3291 2557/2046/3289
f 2654/2048/3291 2653/2049/3292 2557/2046/3289
f 2557/2046/3289 2653/2049/3292 2558/2031/3274
f 2548/2042/3285 2557/2046/3289 2558/2031/3274
f 428/2035/3278 2548/2042/3285 2558/2031/3274
f 418/2043/3286 2548/2042/3285 428/2035/3278
f 428/2035/3278 420/2050/3293 418/2043/3286
f 2546/2051/3294 2547/2045/3288 421/2052/3295
f 421/2052/3295 2547/2045/3288 419/2044/3287
f 397/2053/3296 421/2052/3295 419/2044/3287
f 397/2053/3296 419/2044/3287 418/2043/3286
f 418/2043/3286 399/2054/3297 397/2053/3296
f 399/2054/3297 418/2043/3286 420/2050/3293
f 420/2050/3293 412/2055/3298 399/2054/3297
f 396/2056/3299 398/2057/3300 397/2053/3296
f 398/2057/3300 421/2052/3295 397/2053/3296
f 422/2058/3301 421/2052/3295 398/2057/3300
f 422/2058/3301 2546/2051/3294 421/2052/3295
f 2546/2051/3294 422/2058/3301 423/2059/3302
f 423/2059/3302 2544/2060/3303 2546/2051/3294
f 2544/2060/3303 423/2059/3302 404/2061/3304
f 404/2061/3304 2545/2062/3305 2544/2060/3303
f 2549/2063/3306 2545/2062/3305 404/2061/3304
f 2551/2064/3307 2545/2062/3305 2549/2063/3306
f 2550/2065/3308 2544/2060/3303 2545/2062/3305
f 2545/2062/3305 2551/2064/3307 2550/2065/3308
f 403/2066/3309 405/2067/3310 404/2061/3304
f 2549/2063/3306 404/2061/3304 405/2067/3310
f 2551/2064/3307 2576/2068/3311 2575/2069/3312
f 2575/2069/3312 2550/2065/3308 2551/2064/3307
f 2582/2070/3313 2550/2065/3308 2575/2069/3312
f 2655/2071/3314 2550/2065/3308 2582/2070/3313
f 2555/2072/3315 2550/2065/3308 2655/2071/3314
f 2555/2072/3315 2554/2073/3316 2550/2065/3308
f 2550/2065/3308 2554/2073/3316 2544/2060/3303
f 2544/2060/3303 2554/2073/3316 2556/2047/3290
f 2556/2047/3290 2546/2051/3294 2544/2060/3303
f 2556/2047/3290 2547/2045/3288 2546/2051/3294
f 2549/2063/3306 2552/2074/3317 2551/2064/3307
f 2551/2064/3307 2552/2074/3317 2576/2068/3311
f 2576/2068/3311 2552/2074/3317 2553/2075/3318
f 2553/2075/3318 2577/2076/3319 2576/2068/3311
f 2553/2075/3318 2559/2077/3320 2577/2076/3319
f 2559/2077/3320 2582/2070/3313 2577/2076/3319
f 2559/2077/3320 2580/2078/3321 2582/2070/3313
f 2655/2071/3314 2582/2070/3313 2580/2078/3321
f 2656/2079/3322 2655/2071/3314 2580/2078/3321
f 2580/2078/3321 2581/2080/3323 2656/2079/3322
f 2581/2080/3323 2657/2081/3324 2656/2079/3322
f 2549/2063/3306 424/2082/3325 436/2083/3326
f 436/2083/3326 2553/2075/3318 2549/2063/3306
f 2553/2075/3318 436/2083/3326 437/2084/3327
f 437/2084/3327 2559/2077/3320 2553/2075/3318
f 2559/2077/3320 437/2084/3327 438/2085/3328
f 438/2085/3328 2560/2086/3329 2559/2077/3320
f 2580/2078/3321 2559/2077/3320 2560/2086/3329
f 2560/2086/3329 2581/2080/3323 2580/2078/3321
f 2552/2074/3317 2549/2063/3306 2553/2075/3318
f 370/2087/3330 371/2088/3331 369/2089/3332
f 375/2090/3333 370/2087/3330 369/2089/3332
f 377/2091/3334 370/2087/3330 375/2090/3333
f 375/2090/3333 378/2092/3335 377/2091/3334
f 380/2093/3336 377/2091/3334 378/2092/3335
f 378/2092/3335 381/2094/3337 380/2093/3336
f 405/2067/3310 380/2093/3336 381/2094/3337
f 406/2095/3338 405/2067/3310 381/2094/3337
f 2549/2063/3306 405/2067/3310 406/2095/3338
f 406/2095/3338 424/2082/3325 2549/2063/3306
f 377/2091/3334 366/2096/3339 371/2088/3331
f 371/2088/3331 370/2087/3330 377/2091/3334
f 366/2096/3339 355/2097/3340 360/2098/3341
f 366/2096/3339 360/2098/3341 359/2099/3342
f 355/2097/3340 356/2100/3343 365/2101/3344
f 355/2097/3340 365/2101/3344 360/2098/3341
f 358/2102/3345 360/2098/3341 365/2101/3344
f 359/2099/3342 360/2098/3341 358/2102/3345
f 364/2103/3346 359/2099/3342 358/2102/3345
f 366/2096/3339 359/2099/3342 364/2103/3346
f 364/2103/3346 367/2104/3347 366/2096/3339
f 366/2096/3339 367/2104/3347 376/2105/3348
f 366/2096/3339 376/2105/3348 371/2088/3331
f 369/2089/3332 371/2088/3331 376/2105/3348
f 334/2106/3349 342/2107/3350 341/2108/3351
f 342/2107/3350 334/2106/3349 339/2109/3352
f 339/2109/3352 343/2110/3353 342/2107/3350
f 342/2107/3350 343/2110/3353 354/2111/3354
f 354/2111/3354 349/2112/3355 342/2107/3350
f 347/2113/3356 349/2112/3355 354/2111/3354
f 348/2114/3357 349/2112/3355 347/2113/3356
f 353/2115/3358 348/2114/3357 347/2113/3356
f 348/2114/3357 353/2115/3358 355/2097/3340
f 356/2100/3343 355/2097/3340 353/2115/3358
f 355/2097/3340 342/2107/3350 349/2112/3355
f 355/2097/3340 349/2112/3355 348/2114/3357
f 339/2109/3352 334/2106/3349 333/2116/3359
f 334/2106/3349 335/2117/3360 333/2116/3359
f 341/2108/3351 335/2117/3360 334/2106/3349
f 341/2108/3351 340/2118/3361 335/2117/3360
f 341/2108/3351 346/2119/3362 340/2118/3361
f 412/2055/3298 346/2119/3362 341/2108/3351
f 341/2108/3351 413/2120/3363 412/2055/3298
f 413/2120/3363 399/2054/3297 412/2055/3298
f 399/2054/3297 413/2120/3363 396/2056/3299
f 397/2053/3296 399/2054/3297 396/2056/3299
f 333/2116/3359 335/2117/3360 340/2118/3361
f 394/2121/3364 395/2122/3365 393/2123/3366
f 394/2121/3364 396/2056/3299 395/2122/3365
f 394/2121/3364 398/2057/3300 396/2056/3299
f 398/2057/3300 394/2121/3364 400/2124/3367
f 398/2057/3300 400/2124/3367 422/2058/3301
f 422/2058/3301 400/2124/3367 401/2125/3368
f 401/2125/3368 423/2059/3302 422/2058/3301
f 404/2061/3304 423/2059/3302 401/2125/3368
f 401/2125/3368 402/2126/3369 404/2061/3304
f 404/2061/3304 402/2126/3369 403/2066/3309
f 393/2123/3366 403/2066/3309 402/2126/3369
f 393/2123/3366 410/2127/3370 403/2066/3309
f 402/2126/3369 401/2125/3368 393/2123/3366
f 394/2121/3364 393/2123/3366 401/2125/3368
f 401/2125/3368 400/2124/3367 394/2121/3364
f 480/1615/3371 481/1614/3371 479/1616/3371
f 2572/2128/3372 2568/2129/3373 2571/2130/3374
f 2568/2129/3373 2570/2131/3375 2571/2130/3374
f 2563/2132/3376 2566/2133/3377 2564/2134/3378
f 2564/2134/3378 2565/2135/3379 2563/2132/3376
f 2565/2135/3379 2570/2131/3375 2563/2132/3376
f 2567/2136/3380 2563/2132/3376 2570/2131/3375
f 2567/2136/3380 2570/2131/3375 2568/2129/3373
f 2568/2129/3373 2569/2137/3381 2567/2136/3380
f 2567/2136/3380 2569/2137/3381 2573/2138/3382
f 2573/2138/3382 2574/2139/3383 2567/2136/3380
f 469/2001/3244 2604/1943/3183 2603/1944/3184
f 469/2001/3244 2603/1944/3184 2611/2140/3384
f 2611/2140/3384 475/2003/3246 469/2001/3244
f 502/1997/3240 475/2003/3246 2611/2140/3384
f 2611/2140/3384 2610/2141/3385 502/1997/3240
f 503/1998/3241 502/1997/3240 2610/2141/3385
f 2610/2141/3385 2715/2142/3386 503/1998/3241
f 2610/2141/3385 2612/2143/3387 2715/2142/3386
f 2609/2144/3388 2612/2143/3387 2610/2141/3385
f 2610/2141/3385 2611/2140/3384 2609/2144/3388
f 2609/2144/3388 2611/2140/3384 2603/1944/3184
f 2603/1944/3184 2607/1942/3182 2609/2144/3388
f 2609/2144/3388 2607/1942/3182 2644/1940/3180
f 411/1608/3389 389/1607/3390 390/1609/3391
f 388/2145/3392 390/1609/3391 389/1607/3390
f 389/1607/3390 387/2146/3393 388/2145/3392
f 389/1607/3390 391/2147/3394 387/2146/3393
f 848/2148/3395 383/2149/3396 847/2150/3397
f 847/2150/3397 383/2149/3396 382/1611/3398
f 383/2149/3396 384/1610/3399 382/1611/3398
f 392/1612/3400 382/1611/3398 384/1610/3399
f 391/2147/3394 392/1612/3400 384/1610/3399
f 385/2151/3401 391/2147/3394 384/1610/3399
f 385/2151/3401 387/2146/3393 391/2147/3394
f 387/2146/3393 385/2151/3401 386/2152/3402
f 386/2152/3402 388/2145/3392 387/2146/3393
f 388/2145/3392 386/2152/3402 850/2153/3403
f 850/2153/3403 386/2152/3402 849/2154/3404
f 384/1610/3399 383/2149/3396 385/2151/3401
f 392/1612/3400 414/1613/3405 382/1611/3398
f 408/2155/3406 379/2156/3407 368/2157/3408
f 372/2158/3409 368/2157/3408 379/2156/3407
f 379/2156/3407 373/2159/3410 372/2158/3409
f 373/2159/3410 374/2160/3411 372/2158/3409
f 407/2161/3412 416/2162/3413 408/2155/3406
f 408/2155/3406 368/2157/3408 407/2161/3412
f 407/2161/3412 368/2157/3408 357/2163/3414
f 357/2163/3414 368/2157/3408 362/2164/3415
f 357/2163/3414 362/2164/3415 361/2165/3416
f 362/2164/3415 363/2166/3417 361/2165/3416
f 407/2161/3412 357/2163/3414 345/2167/3418
f 345/2167/3418 357/2163/3414 351/2168/3419
f 345/2167/3418 351/2168/3419 350/2169/3420
f 351/2168/3419 352/2170/3421 350/2169/3420
f 337/2171/3422 338/2172/3423 336/2173/3424
f 344/2174/3425 337/2171/3422 336/2173/3424
f 344/2174/3425 345/2167/3418 337/2171/3422
f 345/2167/3418 344/2174/3425 409/2175/3426
f 409/2175/3426 407/2161/3412 345/2167/3418
f 407/2161/3412 409/2175/3426 415/2176/3427
f 415/2176/3427 416/2162/3413 407/2161/3412
f 416/2162/3413 415/2176/3427 427/2177/3428
f 427/2177/3428 426/2178/3429 416/2162/3413
f 426/2178/3429 427/2177/3428 430/2179/3430
f 430/2179/3430 431/2180/3431 426/2178/3429
f 431/2180/3431 430/2179/3430 432/2181/3432
f 432/2181/3432 433/2182/3433 431/2180/3431
f 431/2180/3431 433/2182/3433 434/2183/3434
f 434/2183/3434 435/2184/3435 431/2180/3431
f 426/2178/3429 431/2180/3431 435/2184/3435
f 435/2184/3435 425/2185/3436 426/2178/3429
f 416/2162/3413 426/2178/3429 425/2185/3436
f 425/2185/3436 417/2186/3437 416/2162/3413
f 416/2162/3413 417/2186/3437 408/2155/3406
f 320/1764/3438 321/1772/3439 319/1766/3440
f 319/1766/3440 321/1772/3439 323/1771/3441
f 323/1771/3441 324/1770/3442 319/1766/3440
f 319/1766/3440 324/1770/3442 325/1769/3443
f 322/1765/3444 319/1766/3440 325/1769/3443
f 332/1768/3445 322/1765/3444 325/1769/3443
f 322/1765/3444 332/1768/3445 331/1767/3446
f 331/1767/3446 320/1764/3438 322/1765/3444
f 319/1766/3440 322/1765/3444 320/1764/3438
f 2319/1630/3447 2543/1629/3448 2314/256/254
f 2314/256/254 2543/1629/3448 2315/1628/3449
f 2314/256/254 2315/1628/3449 30/257/263
f 2320/1627/3450 2321/1631/3451 2319/1630/3447
f 2319/1630/3447 2314/256/254 2320/1627/3450
f 2314/256/254 2307/1626/3452 2320/1627/3450
f 2307/1626/3452 2314/256/254 2317/254/252
f 2317/254/252 20/253/251 2307/1626/3452
f 20/253/251 2308/1633/3453 2307/1626/3452
f 20/253/251 21/1632/3454 2308/1633/3453
f 17/266/265 21/1632/3454 20/253/251
f 2308/1633/3453 2542/1634/3455 2307/1626/3452
f 329/1623/3456 330/1625/3457 313/1621/3458
f 310/1617/3459 311/1620/3460 309/1619/3461
f 313/1621/3458 311/1620/3460 310/1617/3459
f 310/1617/3459 314/1622/3462 313/1621/3458
f 313/1621/3458 314/1622/3462 329/1623/3456
f 329/1623/3456 314/1622/3462 315/1624/3463
f 314/1622/3462 310/1617/3459 315/1624/3463
f 312/1618/3464 315/1624/3463 310/1617/3459
f 309/1619/3461 312/1618/3464 310/1617/3459
f 186/1826/3465 2527/1827/3466 2481/1646/3467
f 2527/1827/3466 2435/1645/3468 2481/1646/3467
f 2433/1649/3469 2435/1645/3468 2527/1827/3466
f 183/1825/3470 186/1826/3465 184/1786/3471
f 186/1826/3465 2481/1646/3467 184/1786/3471
f 184/1786/3471 2481/1646/3467 187/1785/3472
f 2423/1644/3473 187/1785/3472 2481/1646/3467
f 2423/1644/3473 2481/1646/3467 2435/1645/3468
f 2424/1643/3474 2423/1644/3473 2435/1645/3468
f 2424/1643/3474 2435/1645/3468 2432/1647/3475
f 2432/1647/3475 2435/1645/3468 2433/1649/3469
f 2433/1649/3469 2434/1648/3476 2432/1647/3475
f 2423/1644/3473 235/1792/3477 187/1785/3472
f 187/1785/3472 235/1792/3477 188/1787/3478
f 187/1785/3472 188/1787/3478 184/1786/3471
f 185/1788/3479 184/1786/3471 188/1787/3478
f 184/1786/3471 185/1788/3479 183/1825/3470
f 266/1784/3480 183/1825/3470 185/1788/3479
f 185/1788/3479 263/1783/3481 266/1784/3480
f 266/1784/3480 263/1783/3481 120/1782/3482
f 119/1781/3483 120/1782/3482 263/1783/3481
f 109/1774/3484 120/1782/3482 119/1781/3483
f 188/1787/3478 235/1792/3477 234/1790/3485
f 264/1789/3486 188/1787/3478 234/1790/3485
f 185/1788/3479 188/1787/3478 264/1789/3486
f 264/1789/3486 263/1783/3481 185/1788/3479
f 263/1783/3481 264/1789/3486 119/1781/3483
f 119/1781/3483 264/1789/3486 234/1790/3485
f 119/1781/3483 234/1790/3485 248/1791/3487
f 248/1791/3487 115/1780/3488 119/1781/3483
f 119/1781/3483 115/1780/3488 109/1774/3484
f 109/1774/3484 115/1780/3488 107/1776/3489
f 115/1780/3488 116/1779/3490 107/1776/3489
f 107/1776/3489 116/1779/3490 117/1778/3491
f 110/1777/3492 107/1776/3489 117/1778/3491
f 107/1776/3489 110/1777/3492 108/1773/3493
f 108/1773/3493 109/1774/3484 107/1776/3489
f 182/1775/3494 109/1774/3484 108/1773/3493
f 182/1775/3494 120/1782/3482 109/1774/3484
f 120/1782/3482 182/1775/3494 266/1784/3480
f 176/1640/3495 2429/1639/3496 2529/1641/3497
f 2428/392/391 2429/1639/3496 176/1640/3495
f 2429/1639/3496 2428/392/391 2486/1638/3498
f 2486/1638/3498 262/1637/3499 2429/1639/3496
f 2529/1641/3497 2429/1639/3496 262/1637/3499
f 262/1637/3499 2422/1642/3500 2529/1641/3497
f 176/1640/3495 2430/331/330 2428/392/391
f 176/1640/3495 2431/332/331 2430/331/330
f 2431/332/331 176/1640/3495 177/1650/3501
f 2434/1648/3476 177/1650/3501 176/1640/3495
f 176/1640/3495 2432/1647/3475 2434/1648/3476
f 2529/1641/3497 2432/1647/3475 176/1640/3495
f 2432/1647/3475 2529/1641/3497 2424/1643/3474
f 2424/1643/3474 2529/1641/3497 2422/1642/3500
f 2423/1644/3473 2424/1643/3474 2422/1642/3500
f 2423/1644/3473 2422/1642/3500 235/1792/3477
f 2496/1651/3502 2494/1660/3503 2523/359/358
f 2494/1660/3503 2496/1651/3502 291/1652/3504
f 291/1652/3504 2495/1659/3505 2494/1660/3503
f 2407/1656/3506 2510/1657/3507 2499/1653/3508
f 2510/1657/3507 2540/1658/3509 2499/1653/3508
f 2499/1653/3508 2540/1658/3509 2495/1659/3505
f 291/1652/3504 2499/1653/3508 2495/1659/3505
f 2499/1653/3508 291/1652/3504 292/351/350
f 299/352/351 292/351/350 291/1652/3504
f 291/1652/3504 2496/1651/3502 299/352/351
f 2496/1651/3502 297/353/352 299/352/351
f 297/353/352 2496/1651/3502 2523/359/358
f 289/355/354 297/353/352 2523/359/358
f 2397/1663/3510 2398/1662/3511 136/1661/3512
f 2398/1662/3511 2397/1663/3510 2406/1664/3513
f 2406/1664/3513 2389/1665/3514 2398/1662/3511
f 2389/1665/3514 2406/1664/3513 2407/1656/3506
f 2407/1656/3506 2392/1655/3515 2389/1665/3514
f 2499/1653/3508 2392/1655/3515 2407/1656/3506
f 2499/1653/3508 2500/1654/3516 2392/1655/3515
f 292/351/350 2500/1654/3516 2499/1653/3508
f 2500/1654/3516 292/351/350 2452/1670/3517
f 2452/1670/3517 292/351/350 2485/354/353
f 2500/1654/3516 2390/1666/3518 2392/1655/3515
f 2389/1665/3514 2392/1655/3515 2390/1666/3518
f 2390/1666/3518 2391/1803/3519 2389/1665/3514
f 2391/1803/3519 2398/1662/3511 2389/1665/3514
f 2391/1803/3519 2399/1804/3520 2398/1662/3511
f 2399/1804/3520 136/1661/3512 2398/1662/3511
f 2399/1804/3520 2400/1805/3521 136/1661/3512
f 126/1806/3522 136/1661/3512 2400/1805/3521
f 2400/1805/3521 143/1807/3523 126/1806/3522
f 126/1806/3522 143/1807/3523 139/1808/3524
f 143/1807/3523 140/1809/3525 139/1808/3524
f 139/1808/3524 140/1809/3525 97/1810/3526
f 98/1812/3527 99/1811/3528 97/1810/3526
f 97/1810/3526 99/1811/3528 139/1808/3524
f 139/1808/3524 99/1811/3528 141/1813/3529
f 139/1808/3524 141/1813/3529 127/1814/3530
f 127/1814/3530 126/1806/3522 139/1808/3524
f 126/1806/3522 127/1814/3530 125/1815/3531
f 126/1806/3522 125/1815/3531 144/1816/3532
f 144/1816/3532 136/1661/3512 126/1806/3522
f 144/1816/3532 137/1817/3533 136/1661/3512
f 136/1661/3512 137/1817/3533 2397/1663/3510
f 2469/1722/3534 2477/1724/3535 2480/1723/3536
f 2480/1723/3536 225/1721/3537 2469/1722/3534
f 224/1720/3538 2469/1722/3534 225/1721/3537
f 225/1721/3537 209/1715/3539 224/1720/3538
f 272/1716/3540 224/1720/3538 209/1715/3539
f 272/1716/3540 209/1715/3539 211/1706/3541
f 208/1707/3542 211/1706/3541 209/1715/3539
f 209/1715/3539 210/1714/3543 208/1707/3542
f 208/1707/3542 210/1714/3543 253/1713/3544
f 253/1713/3544 254/1708/3545 208/1707/3542
f 2478/1732/3546 2477/1724/3535 2469/1722/3534
f 2469/1722/3534 2468/1719/3547 2478/1732/3546
f 2469/1722/3534 224/1720/3538 2468/1719/3547
f 224/1720/3538 223/1717/3548 2468/1719/3547
f 223/1717/3548 224/1720/3538 272/1716/3540
f 272/1716/3540 271/1705/3549 223/1717/3548
f 272/1716/3540 211/1706/3541 271/1705/3549
f 218/1698/3550 271/1705/3549 211/1706/3541
f 218/1698/3550 211/1706/3541 208/1707/3542
f 208/1707/3542 219/1701/3551 218/1698/3550
f 219/1701/3551 208/1707/3542 254/1708/3545
f 254/1708/3545 283/1703/3552 219/1701/3551
f 271/1705/3549 218/1698/3550 221/1699/3553
f 220/1700/3554 221/1699/3553 218/1698/3550
f 218/1698/3550 219/1701/3551 220/1700/3554
f 219/1701/3551 282/1702/3555 220/1700/3554
f 219/1701/3551 283/1703/3552 282/1702/3555
f 283/1703/3552 279/1709/3556 282/1702/3555
f 279/1709/3556 283/1703/3552 254/1708/3545
f 254/1708/3545 280/1712/3557 279/1709/3556
f 279/1709/3556 280/1712/3557 278/1711/3558
f 279/1709/3556 278/1711/3558 281/1710/3559
f 282/1702/3555 279/1709/3556 281/1710/3559
f 2463/1730/3560 2466/1731/3561 2464/1736/3562
f 2466/1731/3561 2530/1735/3563 2464/1736/3562
f 2466/1731/3561 2478/1732/3546 2530/1735/3563
f 2478/1732/3546 2467/1734/3564 2530/1735/3563
f 2468/1719/3547 2467/1734/3564 2478/1732/3546
f 2468/1719/3547 222/1718/3565 2467/1734/3564
f 223/1717/3548 222/1718/3565 2468/1719/3547
f 274/1704/3566 222/1718/3565 223/1717/3548
f 223/1717/3548 271/1705/3549 274/1704/3566
f 271/1705/3549 221/1699/3553 274/1704/3566
f 2454/1729/3567 2457/1728/3568 2455/1635/3569
f 2455/1635/3569 2456/1733/3570 2454/1729/3567
f 2454/1729/3567 2456/1733/3570 2503/15/13
f 2503/15/13 293/1727/3571 2454/1729/3567
f 2482/1726/3572 2454/1729/3567 293/1727/3571
f 293/1727/3571 2480/1723/3536 2482/1726/3572
f 2479/1725/3573 2482/1726/3572 2480/1723/3536
f 2479/1725/3573 2480/1723/3536 2477/1724/3535
f 2479/1725/3573 2477/1724/3535 2466/1731/3561
f 2478/1732/3546 2466/1731/3561 2477/1724/3535
f 2457/1728/3568 2454/1729/3567 2482/1726/3572
f 2482/1726/3572 2463/1730/3560 2457/1728/3568
f 2463/1730/3560 2482/1726/3572 2479/1725/3573
f 2479/1725/3573 2466/1731/3561 2463/1730/3560
f 2497/13/11 2503/15/13 2513/371/370
f 2503/15/13 2456/1733/3570 2513/371/370
f 2511/370/369 2513/371/370 2456/1733/3570
f 2456/1733/3570 2455/1635/3569 2511/370/369
f 2511/370/369 2455/1635/3569 2459/374/373
f 2458/1636/3574 2459/374/373 2455/1635/3569
f 2455/1635/3569 2457/1728/3568 2458/1636/3574
f 2465/1737/3575 2458/1636/3574 2457/1728/3568
f 2457/1728/3568 2463/1730/3560 2465/1737/3575
f 2464/1736/3562 2465/1737/3575 2463/1730/3560
f 81/1797/3576 82/1796/3577 80/1798/3578
f 81/1797/3576 80/1798/3578 85/1799/3579
f 86/1800/3580 81/1797/3576 85/1799/3579
f 85/1799/3579 245/1801/3581 86/1800/3580
f 245/1801/3581 246/1793/3582 86/1800/3580
f 246/1793/3582 245/1801/3581 204/1739/3583
f 202/1738/3584 204/1739/3583 245/1801/3581
f 201/1740/3585 204/1739/3583 202/1738/3584
f 202/1738/3584 203/1741/3586 201/1740/3585
f 2439/1742/3587 201/1740/3585 203/1741/3586
f 201/1740/3585 233/1747/3588 232/1746/3589
f 232/1746/3589 204/1739/3583 201/1740/3585
f 269/1802/3590 204/1739/3583 232/1746/3589
f 269/1802/3590 256/1795/3591 204/1739/3583
f 246/1793/3582 204/1739/3583 256/1795/3591
f 256/1795/3591 257/1794/3592 246/1793/3582
f 2452/1670/3517 2485/354/353 2539/1753/3593
f 2539/1753/3593 2451/1752/3594 2452/1670/3517
f 205/1744/3595 2452/1670/3517 2451/1752/3594
f 2451/1752/3594 206/1751/3596 205/1744/3595
f 2440/1750/3597 205/1744/3595 206/1751/3596
f 2440/1750/3597 2439/1742/3587 205/1744/3595
f 2440/1750/3597 2441/1749/3598 2439/1742/3587
f 2441/1749/3598 2535/1748/3599 2439/1742/3587
f 201/1740/3585 2439/1742/3587 2535/1748/3599
f 2535/1748/3599 233/1747/3588 201/1740/3585
f 203/1741/3586 2534/1743/3600 2439/1742/3587
f 205/1744/3595 2439/1742/3587 2534/1743/3600
f 2534/1743/3600 207/1745/3601 205/1744/3595
f 2452/1670/3517 205/1744/3595 207/1745/3601
f 207/1745/3601 2453/1671/3602 2452/1670/3517
f 2452/1670/3517 2453/1671/3602 2500/1654/3516
f 2453/1671/3602 2505/1668/3603 2500/1654/3516
f 2505/1668/3603 2453/1671/3602 2512/1672/3604
f 2512/1672/3604 2504/1673/3605 2505/1668/3603
f 294/2187/3606 2505/1668/3603 2504/1673/3605
f 226/2188/3607 227/2189/3608 214/2190/3609
f 227/2189/3608 226/2188/3607 2537/2191/3610
f 2537/2191/3610 2460/2192/3611 227/2189/3608
f 2460/2192/3611 2537/2191/3610 295/2193/3612
f 295/2193/3612 294/2187/3606 2460/2192/3611
f 294/2187/3606 295/2193/3612 2507/1669/3613
f 2507/1669/3613 2505/1668/3603 294/2187/3606
f 2505/1668/3603 2507/1669/3613 2502/1667/3614
f 2505/1668/3603 2502/1667/3614 2500/1654/3516
f 2502/1667/3614 2390/1666/3518 2500/1654/3516
f 2504/1673/3605 2506/2194/3615 294/2187/3606
f 2461/2195/3616 294/2187/3606 2506/2194/3615
f 2461/2195/3616 2460/2192/3611 294/2187/3606
f 2461/2195/3616 2462/2196/3617 2460/2192/3611
f 2462/2196/3617 2531/2197/3618 2460/2192/3611
f 2531/2197/3618 227/2189/3608 2460/2192/3611
f 2470/2198/3619 227/2189/3608 2531/2197/3618
f 227/2189/3608 2470/2198/3619 228/2199/3620
f 228/2199/3620 214/2190/3609 227/2189/3608
f 273/2200/3621 214/2190/3609 228/2199/3620
f 273/2200/3621 217/2201/3622 214/2190/3609
f 214/2190/3609 217/2201/3622 216/2202/3623
f 216/2202/3623 212/2203/3624 214/2190/3609
f 212/2203/3624 216/2202/3623 252/2204/3625
f 252/2204/3625 239/2205/3626 212/2203/3624
f 276/2206/3627 277/2207/3628 275/2208/3629
f 276/2206/3627 240/2209/3630 277/2207/3628
f 240/2209/3630 276/2206/3627 238/2210/3631
f 239/2205/3626 240/2209/3630 238/2210/3631
f 238/2210/3631 241/2211/3632 239/2205/3626
f 239/2205/3626 241/2211/3632 215/2212/3633
f 215/2212/3633 212/2203/3624 239/2205/3626
f 212/2203/3624 215/2212/3633 213/2213/3634
f 213/2213/3634 214/2190/3609 212/2203/3624
f 214/2190/3609 213/2213/3634 226/2188/3607
f 2483/3/3635 2412/349/348 2518/1/3636
f 2483/3/3635 287/350/349 2412/349/348
f 287/350/349 2483/3/3635 2485/354/353
f 2485/354/353 2483/3/3635 260/1678/3637
f 260/1678/3637 261/1677/3638 2485/354/353
f 260/1678/3637 2426/1674/3639 261/1677/3638
f 2426/1674/3639 2538/1675/3640 261/1677/3638
f 189/1676/3641 2538/1675/3640 2426/1674/3639
f 2426/1674/3639 190/1680/3642 189/1676/3641
f 189/1676/3641 190/1680/3642 180/1686/3643
f 181/1690/3644 179/1689/3645 178/1688/3646
f 179/1689/3645 180/1686/3643 178/1688/3646
f 265/1687/3647 178/1688/3646 180/1686/3643
f 236/1685/3648 265/1687/3647 180/1686/3643
f 236/1685/3648 180/1686/3643 190/1680/3642
f 190/1680/3642 237/1684/3649 236/1685/3648
f 2528/1679/3650 237/1684/3649 190/1680/3642
f 190/1680/3642 2426/1674/3639 2528/1679/3650
f 2426/1674/3639 2425/1681/3651 2528/1679/3650
f 2426/1674/3639 2427/1682/3652 2425/1681/3651
f 2427/1682/3652 2426/1674/3639 260/1678/3637
f 2427/1682/3652 260/1678/3637 259/1683/3653
f 259/1683/3653 260/1678/3637 2483/3/3635
f 2483/3/3635 2484/2/3654 259/1683/3653
f 553/1497/3655 564/1502/3656 563/1499/3657
f 563/1499/3657 554/1498/3658 553/1497/3655
f 563/1499/3657 567/1500/3659 554/1498/3658
f 566/1501/3660 567/1500/3659 563/1499/3657
f 554/1498/3658 567/1500/3659 568/1506/3661
f 568/1506/3661 555/1495/3662 554/1498/3658
f 554/1498/3658 555/1495/3662 553/1497/3655
f 555/1495/3662 556/1496/3663 553/1497/3655
f 555/1495/3662 562/1494/3664 556/1496/3663
f 523/1512/3013 522/1513/3035 524/1505/3014
f 538/1514/3665 524/1505/3014 522/1513/3035
f 522/1513/3035 534/1519/3037 538/1514/3665
f 534/1519/3037 539/1516/3039 538/1514/3665
f 538/1514/3665 539/1516/3039 540/1515/3666
f 538/1514/3665 540/1515/3666 541/1504/3667
f 538/1514/3665 541/1504/3667 524/1505/3014
f 541/1504/3667 569/1503/3668 524/1505/3014
f 541/1504/3667 567/1500/3659 569/1503/3668
f 568/1506/3661 567/1500/3659 541/1504/3667
f 531/1510/3011 533/1511/3015 523/1512/3013
f 522/1513/3035 523/1512/3013 533/1511/3015
f 533/1511/3015 521/1509/3016 522/1513/3035
f 1052/623/3669 1055/621/3670 1026/620/3671
f 1026/620/3671 1047/625/3672 1052/623/3669
f 1027/619/3673 1028/618/3674 1026/620/3671
f 1027/619/3673 1026/620/3671 1055/621/3670
f 1055/621/3670 1056/622/3675 1027/619/3673
f 1056/622/3675 1055/621/3670 1054/617/3676
f 1052/623/3669 1054/617/3676 1055/621/3670
f 1053/615/3677 1054/617/3676 1052/623/3669
f 1048/624/3678 1053/615/3677 1052/623/3669
f 1052/623/3669 1047/625/3672 1048/624/3678
f 1046/626/3679 1048/624/3678 1047/625/3672
f 1047/625/3672 1045/627/3680 1046/626/3679
f 1053/615/3677 1057/616/3681 1054/617/3676
f 1053/615/3677 1058/614/3682 1057/616/3681
f 1047/625/3672 1026/620/3671 1031/628/3683
f 1031/628/3683 1045/627/3680 1047/625/3672
f 1043/629/3684 1045/627/3680 1031/628/3683
f 1031/628/3683 1049/630/3685 1043/629/3684
f 1043/629/3684 1049/630/3685 1039/631/3686
f 1050/632/3687 1039/631/3686 1049/630/3685
f 1050/632/3687 1049/630/3685 1034/633/3688
f 1034/633/3688 1036/634/3689 1050/632/3687
f 1030/635/3690 1031/628/3683 1029/636/3691
f 1049/630/3685 1031/628/3683 1030/635/3690
f 1030/635/3690 1034/633/3688 1049/630/3685
f 1037/638/3692 1038/637/3693 1036/634/3689
f 1035/639/3694 1037/638/3692 1036/634/3689
f 1035/639/3694 1036/634/3689 1034/633/3688
f 1034/633/3688 1033/640/3695 1035/639/3694
f 1033/640/3695 1034/633/3688 1030/635/3690
f 1030/635/3690 1032/641/3696 1033/640/3695
f 1032/641/3696 1030/635/3690 1029/636/3691
f 1029/636/3691 1028/618/3674 1032/641/3696
f 1028/618/3674 1029/636/3691 1026/620/3671
f 1026/620/3671 1029/636/3691 1031/628/3683
f 1044/642/3697 1046/626/3679 1045/627/3680
f 1045/627/3680 1043/629/3684 1044/642/3697
f 1041/643/3698 1044/642/3697 1043/629/3684
f 1043/629/3684 1039/631/3686 1041/643/3698
f 1040/644/3699 1041/643/3698 1039/631/3686
f 1039/631/3686 1042/645/3700 1040/644/3699
f 1039/631/3686 1050/632/3687 1042/645/3700
f 1051/646/3701 1042/645/3700 1050/632/3687
f 1051/646/3701 1050/632/3687 1036/634/3689
f 1036/634/3689 1038/637/3693 1051/646/3701
f 3273/1673/2213 3274/1668/2205 1405/2187/3702
f 1405/2187/3702 3275/2194/3703 3273/1673/2213
f 1405/2187/3702 3231/2195/3704 3275/2194/3703
f 3229/2192/3705 3231/2195/3704 1405/2187/3702
f 3230/2196/3706 3231/2195/3704 3229/2192/3705
f 3300/2197/3707 3230/2196/3706 3229/2192/3705
f 1338/2189/3708 3300/2197/3707 3229/2192/3705
f 1338/2189/3708 3239/2198/3709 3300/2197/3707
f 1339/2199/3710 3239/2198/3709 1338/2189/3708
f 1338/2189/3708 1325/2190/3711 1339/2199/3710
f 1405/2187/3702 3274/1668/2205 3276/1669/2206
f 3276/1669/2206 1406/2193/3712 1405/2187/3702
f 1406/2193/3712 3229/2192/3705 1405/2187/3702
f 3306/2191/3713 3229/2192/3705 1406/2193/3712
f 1338/2189/3708 3229/2192/3705 3306/2191/3713
f 3306/2191/3713 1337/2188/3714 1338/2189/3708
f 1325/2190/3711 1338/2189/3708 1337/2188/3714
f 1337/2188/3714 1323/2213/3715 1325/2190/3711
f 1324/2203/3716 1325/2190/3711 1323/2213/3715
f 1323/2213/3715 1326/2212/3717 1324/2203/3716
f 1325/2190/3711 1384/2200/3718 1339/2199/3710
f 1328/2201/3719 1384/2200/3718 1325/2190/3711
f 1327/2202/3720 1328/2201/3719 1325/2190/3711
f 1325/2190/3711 1324/2203/3716 1327/2202/3720
f 1363/2204/3721 1327/2202/3720 1324/2203/3716
f 1324/2203/3716 1349/2205/3722 1363/2204/3721
f 1349/2205/3722 1324/2203/3716 1326/2212/3717
f 1326/2212/3717 1352/2211/3723 1349/2205/3722
f 1349/2205/3722 1352/2211/3723 1350/2210/3724
f 1350/2210/3724 1351/2209/3725 1349/2205/3722
f 1350/2210/3724 1388/2206/3726 1351/2209/3725
f 1388/2206/3726 1387/2207/3727 1351/2209/3725
f 1387/2207/3727 1388/2206/3726 1386/2208/3728
f 1654/1092/1213 1655/2214/3729 3651/1105/1226
f 1662/1088/1209 1655/2214/3729 1654/1092/1213
f 1662/1088/1209 1663/2215/3730 1655/2214/3729
f 1663/2215/3730 1662/1088/1209 1664/1087/1208
f 1664/1087/1208 1668/2216/3731 1663/2215/3730
f 1668/2216/3731 1664/1087/1208 1666/1086/1207
f 1666/1086/1207 1669/2217/3732 1668/2216/3731
f 180/1686/3643 191/1697/3733 189/1676/3641
f 247/1696/3734 191/1697/3733 180/1686/3643
f 180/1686/3643 179/1689/3645 247/1696/3734
f 111/1694/3735 247/1696/3734 179/1689/3645
f 179/1689/3645 114/1695/3736 111/1694/3735
f 111/1694/3735 114/1695/3736 112/1693/3737
f 112/1693/3737 113/1691/3738 111/1694/3735
f 118/1692/3739 113/1691/3738 112/1693/3737
f 1841/743/790 1840/799/882 1842/739/786
f 1840/799/882 1847/2218/3740 1842/739/786
f 1847/2218/3740 1845/738/785 1842/739/786
f 1847/2218/3740 1848/2219/3741 1845/738/785
f 1854/732/779 1845/738/785 1848/2219/3741
f 1891/2220/3742 1854/732/779 1848/2219/3741
f 1854/732/779 1891/2220/3742 1869/731/778
f 1892/2221/3743 1869/731/778 1891/2220/3742
f 1868/725/772 1869/731/778 1892/2221/3743
f 1893/726/773 1868/725/772 1892/2221/3743
